0.21875  0.238395
-0.3125  -0.44844
0.0625  -0.305752
-0.0625  -0.237514
0.03125  -0.349287
0.09375  -0.490132
-0.1875  -0.412265
-0.1875  -0.31275
-0.09375  -0.417142
0.1875  -0.372004
0.125  -0.328158
0  -0.309059
-0.0625  -0.404918
0  -0.422364
0.125  -0.444542
-0.125  -0.295185
0.0625  -0.210474
-0.09375  -0.56261
0  -0.314895
-0.15625  -0.330952
-0.15625  -0.277061
-0.0625  -0.228147
0.09375  -0.461269
-0.03125  -0.395562
-0.21875  -0.351203
-0.21875  -0.332243
0  -0.288897
0.15625  -0.363289
0.15625  -0.363614
0.03125  -0.247524
-0.1875  -0.421831
-0.03125  -0.18463
0.0625  -0.420981
0.0625  -0.503346
0.03125  -0.394389
0.125  -0.41487
0.46875  -0.29672
-0.0625  -0.201977
0.15625  -0.357603
-0.03125  -0.259377
0.25  -0.211784
0  -0.092425
-0.125  -0.246611
0.125  -0.515682
-0.21875  -0.149355
0.0625  -0.550428
0  -0.356682
-0.0625  -0.29692
0  -0.418276
0.15625  -0.346442
-0.1875  -0.37061
0  -0.262078
0.09375  -0.536887
-0.15625  -0.332485
0.0625  -0.316046
0.03125  -0.362382
0  -0.36774
-0.21875  -0.580431
0.09375  -0.341427
0.15625  -0.124368
-0.03125  -0.400786
-0.125  -0.26893
-0.03125  -0.281043
0.09375  -0.409966
0.03125  -0.430729
-0.03125  -0.407411
0  -0.31416
0.09375  -0.247172
-0.15625  -0.284266
0.1875  -0.198618
-0.1875  -0.342911
-0.125  -0.191905
0.03125  -0.418977
0  -0.290695
-0.09375  -0.339644
-0.0625  -0.173862
-0.09375  -0.173873
-0.25  -0.319703
0  -0.410197
0.125  -0.247111
-0.03125  -0.205855
-0.03125  -0.125748
0.0625  -0.31231
0.0625  -0.315797
-0.15625  -0.231081
0  -0.366046
-0.1875  -0.433803
-0.1875  -0.489588
0  -0.382339
-0.21875  -0.175574
-0.125  -0.230852
0.25  -0.461245
-0.125  -0.362162
-0.125  -0.360888
-0.03125  -0.0598965
-0.0625  -0.398353
-0.0625  -0.293691
0.09375  -0.357441
0.34375  -0.391203
-0.03125  -0.0787459
-0.03125  -0.30245
0  -0.324112
0.0625  -0.297691
-0.0625  -0.202104
-0.0625  -0.321367
0.0625  -0.386455
0.09375  -0.473481
-0.09375  -0.247564
0.03125  -0.36478
0.0625  -0.167913
0.1875  -0.252263
-0.15625  -0.240201
0.25  -0.140066
0.21875  -0.177176
-0.0625  -0.360684
-0.09375  -0.544546
-0.0625  -0.46489
-0.125  -0.30495
0.28125  -0.297502
0.125  -0.274707
-0.0625  -0.323886
-0.0625  -0.413677
-0.3125  -0.383433
0.03125  -0.27647
0.03125  -0.275325
0.03125  -0.4046
0  -0.513021
-0.03125  -0.227453
0.25  -0.361816
0.03125  -0.380566
-0.125  -0.321979
0.0625  -0.420443
-0.09375  -0.157151
0.03125  -0.365241
-0.0625  -0.149535
0.03125  -0.357919
-0.09375  -0.191339
-0.21875  -0.433404
0  -0.158954
-0.15625  -0.268883
0.09375  -0.396109
-0.1875  -0.107028
0.09375  -0.251474
0.15625  -0.235624
-0.0625  -0.578898
0.25  -0.444662
0.0625  -0.222457
0  -0.20823
-0.25  -0.369836
0  -0.322865
0.1875  0.0649591
0  -0.350074
0.03125  -0.733635
0.1875  -0.193807
-0.03125  -0.190438
-0.25  -0.353699
0.1875  -0.302177
-0.03125  -0.296861
-0.03125  -0.429787
0.15625  -0.141605
-0.0625  -0.446963
-0.25  -0.399439
0.25  -0.220442
0.25  -0.144014
-0.3125  -0.523497
-0.125  -0.314607
0.0625  -0.172816
0.0625  -0.284
-0.21875  -0.232594
-0.125  -0.318769
0.21875  -0.325996
-0.125  -0.320322
-0.03125  -0.308705
-0.125  -0.275901
-0.125  -0.495648
-0.0625  -0.178683
-0.0625  -0.157825
-0.1875  -0.136176
-0.03125  -0.28704
-0.15625  -0.298169
0.09375  -0.444298
-0.0625  -0.201273
0.09375  -0.411033
-0.0625  -0.244614
0.09375  -0.233775
-0.15625  -0.191302
0.125  -0.332376
0.09375  -0.530415
-0.0625  -0.0972759
0.25  -0.382833
-0.3125  -0.359919
-0.03125  -0.408516
-0.09375  -0.364021
-0.15625  -0.259694
0.40625  -0.245372
0.03125  -0.377403
-0.0625  -0.288956
0.25  -0.445477
-0.125  -0.328917
0.15625  -0.157232
0  -0.341591
-0.09375  -0.506377
-0.09375  -0.422613
-0.25  -0.45519
0  -0.593181
-0.28125  -0.334358
0  -0.489393
0.03125  -0.477185
-0.21875  -0.371585
0.0625  -0.292152
0.09375  -0.203352
-0.1875  -0.460856
0.0625  -0.19251
-0.3125  -0.171403
-0.15625  -0.314915
0.21875  -0.3399
0.125  -0.375554
0  -0.277837
-0.03125  -0.345494
0.125  -0.319913
0.03125  -0.0705887
0  -0.454604
-0.1875  -0.345547
0.1875  -0.36112
-0.03125  -0.224095
0.1875  -0.311952
-0.03125  -0.275874
0.15625  -0.316206
0.125  -0.453404
0.125  -0.2057
-0.125  -0.294212
0.0625  -0.395067
-0.09375  -0.387232
-0.03125  -0.230544
0  -0.17272
0.0625  -0.387113
-0.09375  -0.228421
0.09375  -0.346213
-0.03125  -0.316605
0.0625  -0.2397
-0.0625  -0.165037
0  -0.476854
-0.09375  -0.422254
0  -0.470202
-0.09375  -0.41851
0.0625  -0.314226
0.03125  -0.204207
0  -0.430046
-0.03125  -0.296708
0.25  -0.37754
-0.09375  -0.349718
-0.125  -0.276901
0.09375  -0.360505
0  -0.488683
0  -0.343693
-0.15625  -0.225288
0.25  -0.324353
0.09375  -0.319101
0.09375  -0.225563
0.03125  -0.449741
-0.15625  -0.29186
0.125  -0.281392
-0.03125  -0.359585
0.0625  -0.380332
-0.09375  -0.425273
-0.0625  -0.509762
0.09375  -0.264803
-0.1875  -0.207869
0.03125  -0.354403
-0.15625  -0.379583
0.1875  -0.380078
0  -0.519713
0.03125  -0.262894
0.03125  -0.313892
0.25  -0.488331
0.0625  -0.460282
0.21875  -0.193262
-0.15625  -0.219874
0.0625  -0.422679
-0.03125  -0.425161
0.03125  -0.305914
0.125  -0.188321
-0.25  -0.339135
0.0625  -0.324127
0.0625  -0.432653
0  -0.382072
-0.0625  -0.4672
0.1875  -0.536871
0.0625  -0.197071
-0.09375  -0.308761
0.1875  -0.380138
0  -0.372565
0.34375  -0.317903
-0.15625  -0.279322
0.15625  -0.277252
0.09375  -0.386553
0.03125  -0.335429
-0.0625  -0.399469
-0.0625  -0.446577
0.0625  -0.217267
0.0625  -0.0846058
-0.15625  -0.22099
-0.1875  -0.497972
0  -0.198279
0.25  0.0025224
-0.125  -0.342582
0  -0.331592
0.03125  -0.535651
0.15625  -0.438028
-0.09375  -0.362711
0.0625  -0.146559
-0.0625  -0.232088
0.0625  -0.380741
0  -0.30245
-0.21875  -0.457016
-0.3125  -0.355364
-0.09375  -0.40609
0.1875  -0.35407
-0.03125  -0.313662
-0.28125  -0.140711
-0.0625  -0.387474
0.03125  -0.591429
0  -0.184957
-0.15625  -0.166515
-0.125  -0.345477
0.03125  -0.22321
-0.15625  -0.4626
0.0625  -0.571231
0.0625  -0.311677
-0.125  -0.43345
0  -0.312391
0.15625  -0.250888
0.25  -0.26851
0.125  -0.531137
0.1875  -0.214418
0.125  -0.444526
-0.125  -0.276693
0.28125  -0.401668
-0.15625  -0.208093
-0.0625  -0.111962
-0.3125  -0.251046
0  -0.378403
0.125  -0.200788
-0.125  -0.391758
-0.0625  -0.294446
-0.15625  -0.330235
-0.0625  -0.396831
0.125  -0.11609
0.1875  -0.342192
-0.0625  -0.360077
-0.09375  -0.21552
-0.03125  -0.125221
0.25  -0.420232
0.09375  -0.218995
-0.15625  -0.409273
-0.0625  -0.296354
0.09375  -0.19938
-0.09375  -0.472811
-0.09375  -0.588504
0.09375  -0.188762
0.09375  -0.275981
-0.21875  -0.438306
0  -0.168158
-0.0625  -0.339588
-0.0625  -0.314354
0.125  -0.193372
0  -0.362049
0.03125  -0.295924
0  -0.378972
0.09375  -0.197495
0  -0.22929
-0.09375  -0.492721
0.0625  -0.305208
-0.15625  -0.205937
-0.03125  -0.384364
-0.15625  -0.251093
-0.0625  -0.380271
0.0625  -0.267318
-0.25  -0.298052
0.1875  -0.272632
-0.125  -0.220024
-0.03125  -0.238359
-0.3125  -0.195759
-0.125  -0.133567
-0.09375  -0.0931785
0.125  -0.258282
-0.0625  -0.161451
0.1875  -0.447083
0.0625  -0.423918
-0.03125  -0.423566
0.1875  -0.31809
-0.15625  -0.217983
-0.125  -0.00949127
0  -0.299185
0.125  -0.214166
-0.15625  -0.326261
0.09375  -0.442695
-0.09375  -0.444562
-0.15625  -0.209634
-0.03125  -0.343135
-0.25  -0.312525
0.21875  -0.095798
0.1875  -0.101689
-0.03125  -0.31391
0.03125  -0.391278
-0.15625  -0.400114
0.125  -0.273291
0.03125  -0.235212
-0.28125  -0.297845
0.0625  -0.24845
-0.09375  -0.500517
0.03125  -0.154739
0  -0.238694
0  -0.422581
0.0625  -0.440102
0.0625  -0.344509
-0.3125  -0.509006
0  -0.368153
-0.125  -0.598143
-0.28125  -0.274583
-0.25  -0.388039
0.0625  -0.299719
0.28125  -0.371828
0.0625  -0.102954
-0.09375  -0.489313
0.09375  -0.213471
0.15625  -0.386843
0.21875  -0.346538
-0.21875  -0.161207
0.0625  -0.408468
-0.09375  -0.383071
0.09375  -0.373542
0.1875  -0.332378
-0.125  -0.360423
0.0625  -0.382826
0.15625  -0.423155
-0.15625  -0.252536
0.25  -0.401693
-0.25  -0.353913
0.03125  -0.532427
0.25  -0.236639
0.15625  -0.352279
0  -0.257864
-0.21875  -0.291218
-0.125  -0.348902
0.1875  -0.383982
-0.0625  -0.426406
0.0625  -0.360687
0.1875  -0.609481
-0.21875  -0.294891
0.09375  -0.314305
-0.15625  -0.427784
0.0625  -0.272412
0  -0.201843
0.15625  -0.316558
-0.09375  -0.137018
-0.09375  -0.245974
0.15625  -0.343319
0.21875  -0.267079
0.125  -0.125061
0.09375  -0.402691
0.21875  -0.269122
0  -0.509989
-0.03125  -0.445675
-0.15625  -0.228489
0.03125  -0.2613
0.0625  -0.389512
-0.21875  -0.382518
0.03125  -0.462257
0.03125  -0.500303
-0.125  -0.391414
-0.0625  -0.248322
-0.03125  -0.457902
0  -0.113135
0.09375  -0.25341
0.03125  -0.415374
0.0625  -0.466306
0.03125  -0.294413
-0.03125  -0.298773
-0.09375  -0.221798
-0.15625  -0.430426
-0.0625  -0.650678
-0.15625  -0.225605
-0.125  -0.288974
0.09375  -0.264007
0.03125  -0.355023
0.0625  -0.265258
0.0625  -0.183678
-0.125  -0.416348
0.03125  -0.244398
0  -0.370527
-0.03125  -0.195943
-0.21875  -0.27861
0.15625  -0.300676
0.125  -0.112045
0.0625  -0.458333
0.0625  -0.444075
-0.1875  -0.386134
0  -0.311378
-0.125  -0.355086
0.34375  -0.524584
-0.03125  -0.201283
-0.125  -0.466659
0.03125  -0.210915
-0.15625  -0.0246895
0  -0.248933
-0.03125  -0.201901
0.03125  -0.292992
0.15625  -0.440522
-0.0625  -0.368055
-0.09375  -0.474458
0  -0.304759
-0.1875  -0.23805
0.125  -0.363121
0.125  -0.503393
0.0625  -0.423211
0.25  -0.298263
-0.03125  -0.149443
-0.0625  -0.0708999
0.0625  -0.431672
0.25  -0.179876
0.15625  -0.272285
0.09375  -0.390266
-0.03125  -0.307633
0  -0.695155
-0.125  -0.443433
0.0625  -0.396554
0.125  -0.42773
-0.21875  -0.361374
-0.09375  -0.212462
0.09375  -0.324908
-0.34375  -0.198123
-0.03125  -0.249244
0.125  -0.375911
0.03125  -0.470766
-0.0625  -0.285845
0  -0.509315
0.1875  -0.159573
0.09375  -0.432377
0.0625  -0.333421
-0.03125  -0.37896
-0.375  -0.36238
0  -0.12383
-0.15625  -0.0257049
-0.03125  -0.371536
-0.03125  -0.328462
-0.21875  -0.312061
-0.03125  -0.239849
-0.09375  -0.285063
0  -0.37157
0.125  -0.361193
-0.15625  -0.139141
0.1875  -0.37593
0  -0.414268
0.0625  -0.47297
-0.125  -0.216072
-0.1875  -0.375882
-0.09375  -0.321832
-0.1875  -0.314132
-0.0625  -0.399481
-0.15625  -0.357438
-0.09375  -0.348306
0.03125  -0.305815
0.09375  -0.402116
-0.09375  -0.233024
-0.0625  -0.265504
0.15625  -0.175879
0  -0.370137
0.125  -0.283
-0.15625  -0.39741
0  -0.302648
-0.03125  -0.506822
0.21875  -0.404674
-0.21875  -0.396523
-0.1875  -0.469975
-0.21875  -0.430755
0  -0.310038
-0.03125  -0.44904
-0.03125  -0.35576
0  -0.418491
0  -0.44741
-0.21875  -0.344812
0.125  -0.270353
0.3125  -0.406534
-0.0625  -0.543672
0.0625  -0.530168
-0.0625  -0.289789
-0.09375  -0.317428
0.15625  -0.192892
-0.09375  -0.239042
-0.03125  -0.279114
-0.15625  -0.341249
0.28125  -0.347049
0  -0.448154
-0.0625  -0.296233
0.0625  -0.464851
0.15625  -0.394794
0.1875  -0.273477
0.1875  -0.269156
0.1875  -0.427014
-0.09375  -0.444309
-0.0625  -0.10666
0.25  -0.332222
0.125  -0.472051
0.0625  -0.344257
0.09375  -0.236165
0.15625  -0.299928
-0.15625  -0.327666
-0.09375  -0.22944
0  -0.42534
-0.15625  -0.186265
0.15625  -0.379595
0.03125  -0.280766
0.09375  -0.489026
-0.0625  -0.185719
0.09375  -0.306202
-0.125  -0.139517
0.21875  -0.283296
0.125  -0.261413
0.09375  -0.271026
-0.03125  -0.272389
0  -0.333315
-0.125  -0.278717
0.1875  -0.387625
-0.09375  -0.330309
0.1875  -0.431744
-0.03125  -0.33454
0  -0.171935
0.0625  -0.378568
-0.1875  -0.463192
-0.0625  -0.450745
0.03125  -0.205135
-0.03125  -0.295618
-0.03125  -0.26315
-0.09375  -0.222628
0.125  -0.375367
0  -0.260058
-0.21875  -0.234507
-0.21875  -0.374998
-0.15625  -0.128336
-0.125  -0.248363
0.1875  -0.287466
0.1875  -0.521075
0.3125  -0.303154
-0.03125  -0.424526
-0.125  -0.155927
0.1875  -0.296044
-0.03125  -0.121066
0.0625  -0.496712
0  -0.439192
-0.25  -0.366435
-0.3125  -0.52501
0.15625  -0.217743
0.0625  -0.381636
-0.1875  -0.529533
0.0625  -0.24763
0  -0.336459
-0.09375  -0.415596
-0.09375  -0.433298
0  -0.330617
-0.21875  -0.428851
-0.03125  -0.259268
0.0625  -0.291468
-0.15625  -0.300404
0.03125  0.0215699
-0.1875  -0.318563
0.25  -0.410992
0.09375  -0.27219
-0.03125  -0.24734
-0.125  -0.513171
-0.0625  -0.277882
0.09375  -0.0889445
-0.0625  -0.295309
0.0625  -0.151333
0.0625  -0.384133
-0.0625  -0.202679
-0.0625  -0.322718
0.0625  -0.282148
0.1875  -0.395961
0.03125  -0.283226
-0.03125  -0.342845
0.03125  -0.249487
-0.15625  -0.330611
0.09375  -0.252816
0  -0.313093
0  -0.339587
0.15625  -0.415694
-0.0625  -0.323991
-0.25  -0.530431
-0.0625  -0.485577
-0.21875  -0.34689
0  -0.367564
0  -0.395594
0  -0.46143
-0.15625  -0.500577
0.09375  -0.642503
-0.1875  -0.407595
-0.125  -0.33812
0.09375  -0.259772
0.0625  -0.473995
-0.15625  -0.0947963
0  -0.187443
-0.25  -0.361867
0.0625  -0.463816
0.25  -0.184301
0  -0.495383
-0.125  -0.422526
0.0625  -0.386674
-0.25  -0.454233
0.125  -0.412731
0.03125  -0.387096
-0.03125  -0.238342
0.125  -0.449133
0.09375  -0.372153
-0.40625  -0.361915
0.03125  -0.182589
-0.0625  -0.308521
0.15625  -0.235381
-0.25  -0.138171
0.09375  -0.189653
-0.09375  -0.439405
0.09375  -0.159294
0.125  -0.40011
-0.15625  -0.304038
0.03125  -0.270825
0.03125  -0.391477
-0.0625  -0.341327
0.0625  -0.266041
-0.21875  -0.416708
-0.09375  -0.39909
-0.0625  -0.309199
-0.15625  -0.495336
-0.09375  -0.431636
-0.0625  -0.515448
0.09375  -0.285591
0.15625  -0.277589
-0.09375  -0.332118
0.09375  -0.51474
-0.125  -0.416817
0.0625  -0.398419
0.15625  -0.38898
0.1875  -0.1858
-0.09375  -0.504256
0.0625  -0.189085
0.0625  -0.181317
0.15625  -0.523622
0.0625  -0.0750032
-0.125  -0.3153
-0.03125  -0.244436
-0.1875  -0.392225
0.25  -0.469946
0.0625  -0.433368
0  -0.356438
-0.21875  -0.432737
-0.15625  -0.491503
-0.125  -0.563222
0.03125  -0.230232
0.03125  -0.262762
0.25  -0.419632
0.21875  -0.374185
0.03125  -0.248978
-0.25  -0.224442
0.0625  -0.29756
0.0625  -0.332092
0.1875  -0.322638
0.0625  -0.106567
0.03125  -0.428849
-0.28125  -0.453153
0.09375  -0.320621
0.25  -0.240455
-0.125  -0.313427
0.03125  -0.367899
0.0625  -0.359514
0.1875  -0.362034
0.125  -0.423142
-0.03125  -0.312654
-0.125  -0.267088
-0.125  -0.34469
-0.03125  -0.21476
0.1875  -0.345963
-0.1875  -0.240368
-0.1875  -0.217735
-0.0625  -0.399963
0.0625  -0.444029
-0.0625  -0.204419
0.25  -0.405026
-0.03125  -0.359853
0.3125  -0.454931
-0.09375  -0.188388
0.03125  -0.412565
-0.03125  -0.246666
0  -0.224085
-0.15625  -0.27282
0.09375  -0.353425
0.03125  -0.461857
0.09375  -0.443655
0.0625  -0.222541
0.09375  -0.185217
0.1875  -0.414077
0.0625  -0.270488
-0.03125  -0.220799
0.09375  -0.266177
0.03125  -0.169229
0.125  -0.455268
0.0625  -0.297546
0.09375  -0.248912
0.125  -0.259687
-0.09375  -0.485465
-0.15625  -0.295904
-0.03125  -0.205989
-0.0625  -0.288658
0.125  -0.544006
0.0625  -0.447237
-0.125  -0.440901
0.0625  -0.342967
0.15625  -0.197255
0.0625  -0.0879755
0.09375  -0.379082
-0.0625  -0.204336
-0.09375  -0.127571
-0.0625  -0.287766
0.0625  -0.250761
-0.125  -0.529887
-0.09375  -0.395576
0.125  -0.43832
-0.15625  -0.420345
-0.03125  -0.356099
0.125  -0.206472
-0.1875  -0.533756
0.03125  -0.0172826
-0.03125  -0.436684
-0.0625  -0.292352
0  -0.236854
-0.03125  -0.460366
0.15625  -0.120039
-0.125  -0.266678
-0.25  -0.320853
0.09375  -0.185185
0.0625  -0.52056
-0.03125  -0.220678
0.1875  -0.380664
0.03125  -0.383299
0  -0.375057
0.03125  -0.185011
0.0625  -0.477672
0.0625  -0.35607
-0.21875  -0.224319
0.21875  -0.289984
0.1875  -0.444469
-0.03125  -0.528459
-0.03125  -0.259109
0.125  -0.276648
0.03125  -0.341932
0.0625  -0.488855
0.125  -0.552406
-0.15625  -0.405231
0.21875  -0.482209
0  -0.165644
0.125  -0.357872
-0.21875  -0.227646
0.15625  -0.47209
-0.21875  -0.37071
-0.09375  -0.348478
-0.125  -0.305742
0.25  -0.462465
-0.09375  -0.327212
0.125  -0.488532
-0.03125  -0.266142
-0.03125  -0.273959
-0.03125  -0.342551
0.125  -0.258336
0.0625  -0.250783
0  -0.384174
0.125  -0.473609
0.125  -0.447074
-0.21875  -0.0427069
-0.125  -0.446853
0.21875  -0.425106
-0.0625  -0.326105
-0.03125  -0.320962
0.03125  -0.377592
0.09375  -0.125632
-0.03125  -0.353588
-0.125  -0.298989
-0.03125  -0.639876
0.0625  -0.303087
0.125  -0.446649
0.03125  -0.460826
0.125  -0.297498
0.0625  -0.283471
0  -0.314492
0.125  -0.211672
0.03125  -0.471689
-0.15625  -0.332558
0  -0.427315
-0.09375  -0.260332
0  -0.208907
0.0625  -0.547603
-0.28125  -0.265342
0.09375  -0.264761
0  -0.59513
-0.09375  -0.465091
0.125  -0.170955
-0.03125  -0.251849
-0.1875  -0.350936
-0.03125  -0.110472
0  -0.159567
-0.09375  -0.362741
-0.0625  -0.0397204
0.15625  -0.271813
-0.03125  -0.550315
-0.03125  -0.177243
-0.09375  -0.225181
-0.125  -0.339055
-0.03125  -0.0892363
-0.125  -0.212231
0.0625  -0.463434
-0.09375  -0.325917
0.1875  -0.382255
-0.0625  -0.252048
0  -0.15461
-0.15625  -0.255278
0.0625  -0.398566
0.1875  -0.188831
0.03125  -0.328742
-0.03125  -0.416512
0.09375  -0.335728
0  -0.103079
0.03125  -0.338995
0.15625  -0.14045
-0.03125  -0.3437
-0.09375  -0.349414
0  -0.309169
0.1875  -0.368938
-0.03125  -0.37454
0.28125  -0.318052
0.125  -0.13367
-0.09375  -0.197669
0.125  -0.307677
0.09375  -0.48747
-0.34375  -0.467864
0.09375  -0.388183
0  -0.26131
-0.0625  -0.320032
-0.1875  -0.424086
0.21875  -0.334635
-0.21875  -0.375382
-0.125  -0.260893
-0.0625  -0.267626
-0.1875  -0.152257
0.0625  -0.339929
-0.1875  -0.589796
-0.0625  -0.718085
0.125  -0.277925
0  -0.213867
0.0625  -0.299277
0.125  -0.108528
-0.4375  -0.417751
-0.0625  -0.455007
0.09375  -0.439652
0.21875  -0.429804
0.03125  -0.483751
0.125  -0.107187
-0.09375  -0.210721
0.15625  -0.4353
-0.09375  -0.519212
0.125  -0.387297
-0.09375  -0.320443
-0.15625  -0.384739
0.0625  -0.308945
0.0625  -0.429327
0.0625  -0.411623
-0.125  -0.2738
0  -0.327334
0.0625  -0.31009
0.0625  -0.450328
0  -0.369319
0  -0.356289
-0.125  -0.219101
0.03125  -0.45255
-0.03125  -0.305058
0.09375  -0.329346
-0.15625  -0.415805
0.0625  -0.586194
-0.0625  -0.366203
-0.03125  -0.313559
-0.03125  -0.184188
0  -0.347233
0.03125  -0.331642
-0.28125  -0.354184
0.125  -0.313632
0.03125  -0.133872
0.25  -0.312333
-0.40625  -0.518204
0.03125  -0.345629
-0.125  -0.335778
-0.03125  -0.143797
0.09375  -0.272162
-0.03125  -0.193869
0.15625  -0.489143
0.0625  -0.255083
-0.125  -0.199423
0.0625  -0.187502
0.09375  -0.41915
0.09375  -0.37196
-0.15625  -0.306396
0.03125  -0.251105
0.15625  -0.449723
-0.21875  -0.289182
0.0625  -0.206054
-0.15625  -0.406457
0  -0.483281
-0.15625  -0.173972
-0.0625  -0.188021
0.0625  -0.195863
0.09375  -0.135697
0.03125  -0.0847869
0.03125  -0.323857
0.09375  -0.205301
0.09375  -0.101374
0.25  -0.374357
-0.125  -0.451858
0.1875  -0.53524
0.0625  -0.538239
0.0625  -0.376929
-0.03125  -0.375232
0.15625  -0.38219
0.03125  -0.288014
0.03125  -0.387492
0.15625  -0.351485
0  0.00535372
0.03125  -0.375467
-0.125  -0.129071
-0.1875  -0.421638
-0.3125  -0.369448
0.09375  -0.296753
-0.03125  -0.1213
0.25  -0.349977
-0.125  -0.364162
-0.28125  -0.370117
-0.25  -0.3583
-0.21875  -0.329137
0.125  -0.24341
-0.03125  -0.355653
-0.25  -0.410177
-0.15625  -0.478307
-0.1875  -0.480562
0.03125  -0.173058
-0.0625  -0.300289
0.15625  -0.507533
-0.1875  -0.434078
-0.09375  -0.157528
-0.09375  -0.443164
0.1875  -0.268804
-0.09375  -0.556917
0.03125  -0.410338
0.03125  -0.381795
0.03125  -0.327246
0.125  -0.18952
-0.0625  -0.330026
-0.0625  -0.0585624
-0.0625  -0.392273
0.15625  -0.448799
-0.09375  -0.470207
0  -0.284055
-0.125  -0.588982
0.1875  -0.199052
-0.09375  -0.287437
0  -0.389474
-0.1875  -0.426118
0.09375  -0.335735
0.125  -0.176066
-0.03125  -0.45989
-0.03125  -0.160424
0.0625  -0.330438
-0.09375  -0.295383
0.03125  -0.330903
0.03125  -0.297746
-0.03125  -0.183152
0.125  -0.433685
-0.09375  -0.3091
-0.21875  -0.296712
-0.0625  -0.457961
0.03125  -0.3236
-0.0625  -0.324445
0.1875  -0.291617
-0.1875  -0.184992
0  -0.51074
-0.21875  -0.464914
-0.09375  -0.571312
-0.125  -0.31952
0  -0.383802
-0.09375  -0.145625
0.03125  -0.473081
0  -0.332643
-0.125  -0.545757
0.09375  -0.479762
0.03125  -0.346413
0.1875  -0.425797
-0.15625  -0.177772
0.0625  -0.4354
-0.03125  -0.316649
-0.0625  -0.260357
0.09375  -0.247993
0  -0.316669
0.09375  -0.0417334
-0.0625  -0.269979
0.03125  -0.423541
-0.09375  -0.0917449
0  -0.173482
-0.03125  -0.282252
0  -0.337299
0.03125  -0.249827
0.25  -0.238494
-0.03125  -0.288537
0.0625  -0.457415
0.09375  -0.382841
0.25  -0.307094
0  -0.555963
0.34375  -0.432493
-0.0625  -0.330204
0.1875  -0.158121
0  -0.555901
-0.28125  -0.371853
0.09375  -0.508254
0.0625  -0.243611
-0.03125  -0.303257
0.0625  -0.313748
0.15625  -0.494021
0.15625  -0.517802
-0.09375  -0.33186
-0.0625  -0.370348
0.125  -0.34669
-0.3125  -0.317063
0  -0.474778
0  -0.346227
0  -0.245232
0.15625  -0.463528
-0.15625  -0.410508
-0.03125  -0.485002
0.1875  -0.335672
-0.03125  -0.235524
0.0625  -0.00597351
0.03125  -0.565152
0.09375  -0.218161
0.1875  -0.335786
0.09375  -0.569364
0.03125  -0.382243
-0.1875  -0.276159
-0.125  -0.305095
0.0625  -0.395275
-0.3125  -0.444653
-0.1875  -0.392414
0.03125  -0.262075
-0.125  -0.414721
-0.0625  -0.440392
0.0625  -0.302252
-0.09375  -0.180566
0.03125  -0.457186
0.15625  -0.321255
-0.3125  -0.446905
-0.0625  -0.22535
0.1875  -0.205244
0.0625  -0.492067
-0.0625  -0.483349
0.0625  -0.472197
0.03125  -0.321851
-0.21875  -0.251005
-0.0625  -0.272276
0.09375  -0.673889
-0.03125  -0.517297
-0.03125  -0.314659
0.0625  -0.329675
-0.03125  -0.0736569
0.09375  -0.235508
0.09375  -0.421431
-0.1875  -0.362092
-0.125  -0.318413
-0.09375  -0.309866
0  -0.403652
0.09375  -0.468522
-0.125  -0.453541
-0.125  -0.448693
-0.09375  -0.230109
-0.125  -0.315564
-0.1875  -0.312805
-0.21875  -0.198668
0  -0.25318
-0.03125  -0.350592
0.09375  -0.267241
0  -0.248315
-0.09375  -0.344133
-0.03125  -0.226528
0  -0.272624
-0.125  -0.23044
-0.0625  -0.372219
0  -0.473227
-0.1875  -0.27061
-0.125  -0.478628
0.09375  -0.390599
-0.15625  -0.329041
0  -0.255464
-0.03125  -0.470826
0  -0.353763
-0.0625  -0.406632
-0.09375  -0.631004
-0.03125  -0.307885
-0.125  -0.370798
-0.09375  -0.282587
0  -0.103635
-0.125  -0.27578
0  -0.337045
0.0625  -0.341465
-0.0625  -0.277853
0.09375  -0.285957
0.15625  -0.430668
0.15625  -0.431818
0.09375  -0.452818
0.15625  -0.202016
0.03125  -0.150839
0.03125  -0.273161
0.1875  -0.299696
0.03125  -0.138682
-0.125  -0.296319
-0.0625  -0.387513
0.375  -0.272255
-0.09375  -0.258235
-0.1875  -0.542164
-0.15625  -0.274926
-0.0625  -0.372685
0.09375  -0.372409
0.09375  -0.40823
0.0625  -0.38266
-0.03125  -0.287967
-0.0625  -0.309133
0.09375  -0.464585
-0.03125  -0.305436
0.25  -0.0808461
0.09375  -0.243885
-0.03125  -0.380973
0.09375  -0.620968
-0.125  -0.443085
0.0625  -0.318616
0.09375  -0.467976
-0.0625  -0.351191
0  -0.187068
0.15625  -0.269745
0.21875  -0.273943
0.0625  -0.383861
-0.28125  -0.310724
0.03125  -0.176456
0  -0.316546
-0.125  -0.282868
0.09375  -0.43752
-0.03125  -0.547314
-0.21875  -0.253444
0.15625  -0.241281
-0.03125  -0.505241
0.09375  -0.335123
-0.09375  -0.107127
0.09375  -0.452713
-0.03125  -0.34357
-0.21875  -0.241915
0.1875  -0.302675
0.09375  -0.398952
-0.125  -0.342654
0.0625  -0.436029
-0.25  -0.470632
-0.09375  -0.41427
0.09375  -0.136232
0.21875  -0.389689
0.0625  -0.339737
0.21875  -0.276738
0.03125  -0.228345
-0.125  -0.179713
0.0625  -0.378903
-0.125  -0.259269
-0.03125  -0.480978
-0.125  -0.295876
-0.09375  -0.489595
0  -0.282466
0.1875  -0.346161
0.15625  -0.472166
0.21875  -0.13838
0.15625  -0.294034
0.09375  -0.381715
0  -0.185168
0.125  -0.353763
0.09375  -0.485417
0.1875  -0.317441
0.21875  -0.441934
-0.0625  -0.380899
0  -0.346967
-0.0625  -0.375444
0  -0.0339746
0.03125  -0.4795
0  -0.273111
-0.0625  -0.410223
-0.0625  -0.252673
-0.25  -0.0625448
-0.21875  -0.20425
-0.0625  -0.327408
0.09375  -0.393414
0.0625  -0.208719
0.09375  -0.228246
-0.0625  -0.42051
0.15625  -0.379029
-0.0625  -0.301845
0.125  -0.214028
0.125  -0.354973
0.25  -0.276241
0.0625  -0.353622
-0.1875  -0.43168
0.15625  -0.387502
0  -0.429947
0.21875  -0.271604
0.0625  -0.349483
0.03125  -0.331483
0.0625  -0.479265
0.03125  -0.296115
-0.03125  -0.380978
-0.03125  -0.528158
0  -0.37283
0.09375  -0.587901
0.0625  -0.221968
0.125  -0.31261
0  -0.412074
-0.1875  -0.426016
0.0625  -0.222219
0.0625  -0.192964
-0.15625  -0.339441
-0.0625  -0.45995
-0.09375  -0.479386
0.125  -0.372644
0.125  -0.275899
0.15625  -0.35394
-0.03125  -0.353722
-0.03125  -0.404384
-0.125  -0.303093
0  -0.307588
-0.15625  -0.448016
0.03125  -0.257528
0.125  -0.379397
-0.03125  -0.426513
-0.09375  -0.48924
-0.125  -0.467981
-0.09375  -0.406044
-0.0625  -0.0575722
-0.21875  -0.376479
0.125  -0.59811
-0.0625  -0.208234
-0.09375  -0.315268
0.125  -0.265693
-0.0625  -0.318088
0.125  -0.445252
0.03125  -0.239629
0.125  -0.177687
0.125  -0.351035
-0.03125  -0.225504
0.25  -0.330635
0.03125  -0.305573
0  -0.316018
0.03125  -0.247007
0.03125  -0.43714
-0.15625  -0.276084
0  -0.265478
0  -0.403209
-0.1875  -0.431
-0.25  -0.136815
0.15625  -0.392193
-0.21875  -0.299075
-0.03125  -0.239809
0  -0.298693
-0.0625  -0.230489
-0.15625  -0.239794
-0.09375  -0.0507904
-0.125  -0.405875
0  -0.466449
-0.03125  -0.397561
0.1875  -0.32242
0.03125  -0.225069
-0.28125  -0.255848
-0.0625  -0.167312
-0.09375  -0.0842726
0.125  -0.43746
0.09375  -0.333976
0.0625  -0.29258
0.09375  -0.391542
0.28125  -0.434033
-0.0625  -0.276032
0.0625  -0.446779
0.0625  -0.287691
0.125  -0.351128
0.09375  -0.271623
-0.0625  -0.213394
0.15625  -0.402939
0.09375  -0.275449
-0.03125  -0.327593
-0.03125  -0.369635
0.21875  -0.368302
0  -0.0809131
0.0625  -0.211659
-0.125  -0.377284
-0.0625  -0.251054
-0.15625  -0.345555
-0.0625  -0.321128
0.0625  -0.51241
-0.03125  -0.27727
-0.0625  -0.33828
-0.0625  -0.357747
0.03125  -0.581762
-0.0625  -0.577238
0.25  -0.155196
-0.15625  -0.297769
-0.09375  -0.397855
0.09375  -0.216886
-0.03125  -0.210109
0.1875  -0.384642
-0.15625  -0.174353
0.21875  -0.103267
-0.09375  -0.292686
-0.03125  -0.520172
0.0625  -0.336701
0.15625  -0.237179
0  -0.459947
-0.3125  -0.514505
0.3125  -0.338879
-0.03125  -0.3814
0.15625  -0.362594
-0.21875  -0.418779
-0.125  -0.289736
-0.15625  -0.219724
-0.09375  -0.443806
-0.0625  -0.466775
0.15625  -0.216385
-0.21875  -0.280672
0.0625  -0.499558
-0.28125  -0.387146
-0.03125  -0.381997
0.15625  -0.237599
-0.03125  -0.326915
-0.21875  -0.30005
0.0625  -0.279442
-0.125  -0.111525
-0.0625  -0.178992
0.15625  -0.203458
-0.03125  -0.198474
-0.0625  -0.355539
0.1875  -0.296861
0.15625  -0.236823
0.0625  -0.298878
0.09375  -0.514262
0.03125  -0.277997
-0.09375  -0.19295
0.15625  -0.412965
-0.0625  -0.273775
-0.21875  -0.371519
0.0625  -0.401067
0.03125  -0.309957
-0.0625  -0.510194
0.09375  -0.234197
-0.0625  -0.387147
-0.09375  -0.265565
0.125  -0.386885
0.03125  -0.420857
0.25  -0.172855
0.03125  -0.334216
0.0625  -0.314947
-0.03125  -0.509992
0.09375  -0.244599
0.03125  -0.364733
0.15625  -0.406367
0.1875  -0.474007
0.03125  -0.361015
0.03125  -0.399842
0  -0.438168
0.21875  -0.384543
0.125  -0.310664
0.0625  -0.202547
-0.03125  -0.45802
0.0625  -0.242591
-0.03125  -0.200396
0.15625  -0.51982
-0.1875  -0.437668
0.28125  -0.473938
0.15625  -0.100416
-0.125  -0.528861
-0.1875  -0.256394
0.03125  -0.187256
-0.15625  -0.228334
0.03125  -0.238638
0  -0.449156
-0.03125  -0.371354
-0.1875  -0.541092
0.1875  -0.169758
0.03125  -0.355515
0.09375  -0.20123
0.15625  -0.283508
0.15625  -0.42753
0.125  -0.383731
0.28125  -0.313986
-0.3125  -0.349791
-0.15625  -0.203512
-0.0625  -0.406181
0.15625  -0.226201
-0.09375  -0.420321
-0.09375  -0.508414
0.0625  -0.367606
0  -0.286052
0.125  -0.48521
0.09375  -0.385855
0.125  -0.60454
-0.0625  -0.376322
0.0625  -0.357613
0.09375  -0.231462
0.09375  -0.274529
-0.03125  -0.326033
0.0625  -0.140795
0.0625  -0.260461
0  -0.372508
0.0625  -0.453389
0  -0.324514
-0.25  -0.377671
-0.15625  -0.313336
-0.09375  -0.262446
0.09375  -0.278417
-0.28125  -0.447793
0.15625  -0.401732
0.0625  -0.115844
0.03125  -0.231877
-0.1875  -0.332848
0.28125  -0.392449
0.1875  -0.344639
-0.0625  -0.207025
0.03125  -0.354441
0.09375  -0.50564
0.15625  -0.287501
0.0625  -0.315287
-0.03125  -0.313325
-0.125  -0.39997
-0.03125  -0.491869
-0.0625  -0.260363
0.125  -0.354267
0.3125  -0.1257
-0.03125  -0.0799436
0.15625  -0.324669
0.0625  -0.326383
-0.3125  -0.292322
0.09375  -0.412799
0.09375  -0.163101
0.25  -0.147854
0.0625  -0.457291
0.09375  -0.242693
-0.03125  -0.269958
0.03125  -0.505832
0  -0.429006
0  -0.194863
0.125  -0.431009
0.0625  -0.166887
0.125  -0.2295
-0.0625  -0.340103
0.125  -0.457638
-0.0625  -0.374452
0.125  -0.287618
0.0625  -0.270887
0.0625  -0.442287
-0.0625  -0.238372
-0.34375  -0.46228
0.21875  -0.414958
0.03125  -0.211478
-0.03125  -0.281689
-0.0625  -0.24016
0.03125  -0.198424
0.09375  -0.368741
-0.0625  -0.38252
0  -0.305293
-0.125  -0.46391
-0.15625  -0.309669
-0.09375  -0.617649
0.03125  -0.480385
-0.0625  -0.36852
0.1875  -0.417033
-0.0625  -0.414573
-0.1875  -0.457166
-0.0625  -0.228959
-0.25  -0.529315
0.0625  -0.548675
-0.1875  -0.151224
-0.15625  -0.502217
0  -0.296246
-0.25  -0.310149
0.25  -0.311739
0.1875  -0.228749
0.09375  -0.458232
-0.09375  -0.268489
0.0625  -0.421359
-0.21875  -0.340637
-0.15625  -0.427212
-0.0625  -0.291031
-0.34375  -0.23251
0.09375  -0.139178
0.09375  -0.325685
0.09375  -0.238212
0.1875  -0.29074
-0.09375  -0.328133
-0.1875  -0.375049
0.0625  -0.242151
-0.1875  -0.517752
-0.125  -0.267012
0  -0.369271
-0.03125  -0.277248
0.0625  -0.343931
0.15625  -0.329027
-0.09375  -0.31168
-0.03125  -0.0770095
-0.03125  -0.443734
-0.15625  -0.279076
-0.0625  -0.403509
-0.21875  -0.0996374
0.09375  -0.195507
0.03125  -0.328861
-0.125  -0.163653
-0.15625  -0.268842
-0.03125  -0.213666
-0.25  -0.162754
-0.0625  -0.138755
0.15625  -0.294292
0.0625  -0.286763
-0.03125  -0.336053
0  -0.482603
0.03125  -0.332478
0.25  -0.39071
0.03125  -0.444249
-0.125  -0.329127
0.125  -0.159657
0.09375  -0.362119
-0.125  -0.454661
-0.0625  -0.275746
0.03125  -0.209314
-0.03125  -0.145982
-0.0625  -0.409206
-0.03125  -0.372738
0.03125  -0.230924
-0.03125  -0.17121
0.15625  -0.249282
0.03125  -0.349597
0.0625  -0.429251
-0.21875  -0.398085
0  -0.15313
-0.125  -0.266208
-0.0625  -0.145591
0.1875  -0.297827
0  -0.228878
0.03125  -0.354645
-0.0625  -0.432661
-0.21875  -0.294762
-0.09375  -0.345762
-0.25  -0.282699
0.03125  -0.283913
0.0625  -0.367283
-0.03125  -0.131824
0.28125  -0.381923
0  -0.411821
-0.03125  -0.159888
0.0625  -0.254521
-0.15625  -0.131731
0.21875  -0.468569
-0.03125  -0.163773
0.375  -0.489202
0.0625  -0.446338
0  -0.23984
0.15625  -0.468283
-0.15625  -0.565391
0.125  -0.300053
-0.0625  -0.162894
-0.125  -0.2799
0.15625  -0.207087
-0.03125  -0.333603
-0.15625  -0.399885
0.0625  -0.296499
0.03125  -0.306901
0.15625  -0.196434
0.09375  -0.41109
-0.0625  -0.213762
0.21875  -0.475936
-0.0625  -0.508541
0.15625  -0.363138
0.125  -0.30276
-0.0625  -0.361636
-0.03125  -0.250024
-0.0625  -0.462469
0.15625  -0.520514
-0.25  -0.442532
0.0625  -0.365637
0.03125  -0.350325
-0.09375  -0.423079
-0.0625  -0.135977
0.15625  -0.378024
0  -0.343213
-0.15625  -0.17867
0.125  -0.37223
-0.0625  -0.203782
0.125  -0.492168
-0.03125  -0.253667
0.03125  -0.439834
0.0625  -0.347945
0.09375  -0.514743
-0.09375  -0.263781
0.125  -0.31887
-0.03125  -0.396637
-0.1875  -0.396677
0.09375  -0.307696
0.09375  -0.261893
-0.03125  -0.506113
-0.125  -0.479061
-0.09375  -0.336611
0.03125  -0.0296059
0  -0.311295
0.125  -0.44906
0.09375  -0.236693
-0.03125  -0.442845
0  -0.371315
-0.0625  -0.24135
-0.0625  -0.259587
-0.0625  -0.251028
0.0625  -0.280263
0.0625  -0.337094
-0.03125  -0.48605
-0.21875  -0.198042
0.09375  -0.459267
-0.03125  -0.248815
-0.15625  -0.331177
0.09375  -0.380376
-0.0625  -0.343493
0  -0.399384
0.0625  -0.347576
-0.125  -0.387124
0.28125  -0.41095
0  -0.186043
0.09375  -0.34804
0.125  -0.314082
-0.09375  -0.362279
0.28125  -0.171845
0.15625  -0.611108
-0.15625  -0.391916
0  -0.232149
0.09375  -0.377565
0.0625  -0.323821
0.03125  -0.315941
-0.0625  -0.227604
-0.03125  -0.58004
0.09375  -0.377679
-0.125  -0.283511
-0.09375  -0.48548
0.1875  -0.526244
0  -0.37566
-0.125  -0.396924
0.09375  -0.528722
-0.15625  -0.207666
0.03125  -0.277647
-0.0625  -0.281025
-0.125  -0.356155
0.03125  -0.271816
-0.125  -0.17623
-0.09375  -0.409829
0.1875  -0.404848
0.21875  -0.293474
-0.0625  -0.261672
-0.34375  -0.553403
0.03125  -0.286769
0.125  -0.406101
0.125  -0.352948
-0.0625  -0.067824
0  -0.162006
-0.03125  -0.515869
-0.09375  -0.382812
-0.5  -0.235554
-0.09375  -0.267458
0.03125  -0.276346
0.03125  -0.454627
0.125  -0.286306
0.03125  -0.267722
-0.03125  -0.474419
0.0625  -0.654824
0.0625  -0.260345
0.125  -0.358597
-0.09375  -0.314923
0.09375  -0.226288
0.15625  -0.208829
-0.1875  -0.262094
0.1875  -0.347881
-0.1875  -0.348654
0.0625  0.00301078
0.09375  -0.391637
0.03125  -0.367982
-0.1875  -0.302596
0.25  -0.298374
-0.15625  -0.284494
0.0625  -0.340978
0  -0.34673
0.28125  -0.329995
-0.125  -0.148773
-0.0625  -0.249241
-0.21875  -0.0861572
0.28125  -0.381052
0.0625  -0.375535
-0.15625  -0.39672
-0.03125  -0.376445
0  -0.329214
-0.03125  -0.536454
0.125  -0.310198
-0.0625  -0.483709
-0.03125  -0.108378
-0.21875  -0.498774
-0.125  -0.244964
0.09375  -0.406217
-0.21875  -0.308815
0.0625  -0.361365
0.0625  -0.295307
-0.25  -0.472905
0  -0.358862
-0.09375  -0.172935
-0.09375  -0.246259
0.09375  -0.569086
-0.25  -0.312196
0.15625  -0.250079
-0.09375  -0.502635
-0.1875  -0.307888
0.0625  -0.46704
-0.21875  -0.46043
-0.09375  -0.154739
0.1875  -0.232464
0.09375  -0.321554
-0.03125  -0.467187
-0.0625  -0.355008
0.09375  -0.293552
0.0625  -0.381064
-0.28125  -0.5329
0  -0.327704
0.09375  -0.103236
-0.0625  -0.453335
0.125  -0.486742
-0.125  -0.137418
-0.03125  -0.562546
0.09375  -0.175727
0.21875  -0.474302
-0.09375  -0.240011
0  -0.394497
-0.09375  -0.268871
0.0625  -0.303236
0.03125  -0.388605
0.03125  -0.293759
-0.1875  -0.277476
-0.125  -0.271498
0.0625  -0.52213
-0.03125  -0.430612
0.09375  -0.315173
-0.125  -0.257327
-0.15625  -0.420671
0.03125  -0.297748
-0.1875  -0.35857
0.0625  -0.229021
0  -0.323264
-0.03125  -0.293492
0.03125  -0.274406
0.09375  -0.394046
0.0625  -0.353252
-0.1875  -0.384915
-0.1875  -0.0717026
0.03125  -0.353354
0.28125  -0.344584
0.25  -0.23564
0.125  -0.233583
-0.09375  -0.243274
-0.03125  -0.223669
0.03125  -0.31126
0.15625  -0.449523
0.09375  -0.111761
-0.1875  -0.354181
-0.03125  -0.318935
0.09375  -0.175223
0  -0.35783
-0.03125  -0.553882
0.15625  -0.390771
0.0625  -0.435826
-0.125  -0.386045
-0.03125  -0.468436
0.0625  -0.26852
-0.0625  -0.529358
0.03125  -0.203866
0.21875  -0.411825
-0.28125  -0.43839
0.03125  -0.144743
0.1875  -0.382772
-0.09375  -0.488278
0.0625  -0.47363
0  -0.291167
0  -0.257674
-0.0625  -0.410872
0.03125  -0.251677
0.15625  -0.453381
0.09375  -0.204647
0.1875  -0.205303
0  -0.348911
0.28125  -0.364429
-0.21875  -0.274902
-0.03125  -0.0641789
0  -0.174069
0.09375  -0.358371
0.03125  -0.498396
0  -0.487913
0  -0.35668
0.0625  -0.405473
-0.15625  -0.330714
-0.0625  -0.408633
0.09375  -0.383312
-0.0625  -0.276205
-0.15625  -0.390256
0.09375  -0.124801
-0.03125  -0.258032
-0.25  -0.494773
-0.0625  -0.391518
-0.03125  -0.441848
0.03125  -0.15799
0.125  -0.436087
0.03125  -0.340023
-0.0625  -0.0349914
-0.125  -0.299344
0.34375  -0.323676
0  -0.228507
-0.03125  -0.430492
0.0625  -0.306717
-0.21875  -0.254164
-0.15625  -0.422313
0.28125  -0.526849
-0.09375  -0.126957
0.0625  -0.217345
0.03125  -0.495696
-0.15625  -0.421847
0.15625  -0.369469
0  -0.228456
0.09375  -0.418985
-0.03125  -0.296739
0.03125  -0.329098
0.09375  -0.348507
0  -0.423468
0.375  -0.180882
-0.03125  -0.544187
0.125  -0.491802
0  -0.325467
-0.03125  -0.354873
0.15625  -0.203846
0.125  -0.411586
0.0625  -0.365177
-0.25  -0.101897
-0.03125  -0.155694
0.03125  -0.371671
0.15625  -0.241171
0  -0.384394
0.25  -0.469194
0.0625  -0.154755
-0.09375  -0.356343
-0.15625  -0.470275
-0.0625  -0.341776
-0.28125  -0.322888
0.0625  -0.373354
-0.09375  -0.241874
-0.09375  -0.227152
0.03125  -0.453319
0.25  -0.228124
0.15625  -0.216896
0  -0.236527
0  -0.467984
-0.09375  -0.212414
-0.15625  -0.336011
0.03125  -0.259647
-0.125  -0.195504
-0.125  -0.377248
0.0625  -0.360763
-0.0625  -0.376854
0  0.0728454
-0.125  -0.30922
0.0625  -0.46225
0.15625  -0.447976
-0.03125  -0.401852
-0.0625  -0.221863
-0.15625  -0.325356
-0.15625  -0.323993
0.0625  -0.279091
-0.15625  -0.109915
-0.09375  -0.288503
0.03125  -0.238424
-0.0625  -0.662525
0.21875  -0.582107
0.0625  -0.187091
0.1875  -0.584081
0.15625  -0.394242
0.125  -0.336921
-0.25  0.154002
0.03125  -0.484737
0  -0.353657
0.03125  -0.246303
0.09375  -0.136634
0.09375  -0.353172
-0.25  -0.327303
0.1875  -0.430218
0.09375  -0.335954
0.0625  -0.344926
0.0625  -0.342417
0.03125  -0.393933
0.03125  -0.353714
-0.0625  -0.285812
0.125  -0.129478
-0.3125  -0.430802
-0.03125  -0.320632
0.03125  -0.240138
0.15625  -0.258887
-0.28125  -0.227174
0.21875  -0.230119
0.03125  -0.234059
0.15625  -0.344405
-0.09375  -0.134697
-0.0625  -0.251392
0.0625  -0.365135
0.03125  -0.351301
0.09375  -0.244985
-0.125  -0.165273
-0.03125  -0.329639
0.0625  -0.429146
0.0625  -0.30532
0.09375  -0.414561
0.28125  -0.321986
-0.0625  -0.453162
-0.125  -0.489099
0.09375  -0.564751
0.125  -0.358751
-0.03125  -0.111582
0.03125  -0.359176
0.09375  -0.255057
0.0625  -0.0648443
-0.0625  -0.57438
-0.03125  -0.403542
-0.15625  -0.139263
0.03125  -0.266282
0.09375  -0.378258
0.03125  -0.397886
0.28125  -0.262101
0.21875  -0.436588
-0.1875  -0.14338
-0.09375  -0.194407
0  -0.337789
0.03125  -0.524657
-0.125  -0.241256
0.15625  -0.366439
0.25  -0.340594
-0.125  -0.373954
-0.09375  -0.131753
-0.03125  -0.333481
-0.125  -0.243142
-0.09375  -0.363507
0.03125  -0.552642
0  -0.42544
0.125  -0.190738
-0.09375  -0.268031
-0.09375  -0.367099
0  -0.404512
0.34375  -0.369129
0.125  -0.163862
0.28125  -0.35436
-0.09375  -0.334405
0.125  -0.321805
0.0625  -0.477791
-0.0625  -0.550087
-0.0625  -0.341475
0.0625  -0.443031
0.15625  -0.355367
-0.0625  -0.310732
0.21875  -0.3043
0.03125  -0.242199
0.03125  -0.374906
0.125  -0.294812
0.1875  -0.149626
-0.1875  -0.466144
0.0625  -0.512659
0.15625  -0.541603
-0.09375  -0.318615
-0.0625  -0.274367
-0.03125  -0.213669
-0.0625  -0.331507
-0.25  -0.434168
-0.0625  -0.559378
-0.09375  -0.275005
-0.125  -0.323564
0.03125  -0.201859
-0.03125  -0.317063
0  -0.512753
0  -0.340432
-0.1875  -0.361279
-0.09375  -0.342849
-0.15625  -0.376633
0  -0.416978
0.21875  -0.313599
0.0625  -0.287675
0.09375  -0.407174
-0.1875  -0.235591
-0.03125  -0.3859
-0.125  -0.284364
0.03125  -0.385623
-0.09375  -0.196967
0.21875  -0.375558
-0.1875  -0.290371
-0.0625  -0.257326
-0.0625  -0.366753
0.03125  -0.341471
0  -0.204478
-0.03125  -0.383448
-0.15625  -0.213455
-0.21875  -0.268033
0  -0.35058
0  -0.261467
-0.21875  -0.245101
0.4375  -0.232397
0.15625  -0.201724
-0.3125  -0.410857
0  -0.184372
-0.03125  -0.464004
-0.1875  -0.354833
0.03125  -0.123102
0.03125  -0.368846
0.09375  -0.441409
-0.0625  -0.42726
0.09375  -0.379891
0  -0.354284
-0.1875  -0.319783
0.3125  -0.218765
-0.0625  -0.306844
0.0625  -0.234627
0.03125  -0.334666
0  -0.43947
-0.1875  -0.258911
-0.03125  -0.328771
-0.125  -0.415309
0.03125  -0.561469
0.1875  -0.255907
0  -0.292701
0.25  -0.0822732
0  -0.482134
-0.25  -0.326516
-0.3125  -0.435321
0  -0.19583
0.125  -0.387062
-0.03125  -0.436953
0.125  -0.282755
0.09375  -0.413617
0.125  -0.418341
-0.09375  -0.631551
-0.15625  -0.319883
0.125  -0.316371
0.03125  -0.212649
0.03125  -0.147759
-0.15625  -0.220393
0.15625  -0.326596
-0.03125  -0.511211
0  -0.320942
-0.09375  -0.342916
-0.09375  -0.301013
-0.03125  -0.28153
-0.15625  -0.4586
0.28125  -0.338553
0.25  -0.0805279
-0.15625  -0.189456
0.125  -0.125683
-0.0625  -0.396338
0.03125  -0.307885
0.0625  -0.230993
-0.0625  -0.367417
-0.125  -0.432348
-0.0625  -0.506844
0.15625  -0.294087
0.15625  -0.307438
-0.1875  -0.487083
-0.15625  -0.478351
-0.03125  -0.486421
0.28125  -0.593786
0.34375  -0.170646
-0.1875  -0.257281
-0.0625  -0.367868
-0.09375  -0.46253
0.0625  -0.341264
-0.1875  -0.184126
0.0625  -0.275124
0.03125  -0.193488
0.21875  -0.384535
-0.03125  -0.400448
0.15625  -0.119048
0.0625  -0.389787
-0.0625  -0.46805
-0.09375  -0.559049
0.09375  -0.531217
0.25  -0.294443
0.21875  -0.588687
0.1875  -0.226665
-0.09375  -0.388185
-0.125  -0.319975
-0.03125  -0.43937
0.1875  -0.41006
0  -0.124364
0.0625  -0.359586
0  -0.439746
0.0625  -0.167249
-0.25  -0.328548
-0.21875  -0.438506
-0.03125  -0.271095
-0.125  -0.243207
-0.0625  -0.224372
0  -0.223114
0.21875  -0.477791
0.0625  -0.599055
0.25  -0.315409
0.125  -0.363575
-0.09375  -0.127886
0  -0.309124
0  -0.195862
0.125  -0.148223
-0.09375  -0.423903
0.0625  -0.312327
-0.0625  -0.150936
0.03125  -0.400821
0.09375  -0.245786
0.0625  -0.433879
-0.03125  -0.238785
0.1875  -0.38216
-0.125  -0.313159
0.0625  -0.367436
0.0625  -0.362914
0.3125  -0.300965
-0.03125  -0.377091
-0.0625  -0.313685
-0.0625  -0.358216
0.125  -0.446421
-0.125  -0.301124
0.09375  -0.293835
-0.1875  -0.376639
-0.15625  -0.372203
0.125  -0.370046
0.09375  -0.338172
0  -0.531714
-0.15625  -0.177284
0.1875  -0.316797
-0.15625  -0.104009
0.03125  -0.291259
-0.125  -0.271359
0.1875  -0.449942
-0.125  -0.260096
-0.1875  -0.46445
0.03125  -0.251908
0.09375  -0.337237
0.09375  -0.239783
0.03125  -0.232489
-0.09375  -0.27891
-0.0625  -0.342589
0.15625  -0.398147
-0.03125  -0.217296
0  -0.290972
0.21875  -0.321841
-0.0625  -0.552836
-0.0625  -0.444692
-0.15625  -0.397075
0.09375  -0.364132
0.125  -0.256559
-0.28125  -0.339841
-0.03125  -0.319091
0  -0.251549
-0.1875  -0.196449
0  -0.0414263
-0.03125  -0.491239
0  -0.413395
-0.15625  -0.486561
0.09375  -0.471883
0  -0.395689
-0.15625  -0.13108
-0.0625  -0.422494
0.25  -0.384255
0.03125  -0.198268
0  -0.324395
-0.09375  -0.266057
-0.125  -0.348127
0  -0.416641
0.03125  -0.118549
-0.09375  -0.370706
-0.09375  -0.238243
-0.125  -0.356285
-0.0625  -0.252909
-0.03125  -0.229952
0.03125  -0.41196
-0.1875  -0.449157
-0.125  -0.466411
-0.125  -0.42241
-0.09375  -0.334514
0.15625  -0.173504
0.1875  -0.293775
0.0625  -0.382777
0.25  -0.264025
-0.0625  -0.277173
-0.09375  -0.255453
0.03125  -0.452618
-0.03125  -0.282279
-0.0625  -0.12518
0.15625  -0.462056
-0.0625  -0.182071
-0.25  -0.424743
0.0625  -0.320632
-0.15625  -0.427833
-0.03125  -0.306735
-0.125  -0.327711
0.09375  -0.499912
0.09375  -0.288373
-0.1875  -0.423841
-0.0625  -0.288288
-0.1875  -0.349016
-0.3125  -0.227327
0  -0.322043
-0.21875  -0.396755
-0.09375  -0.504052
0.0625  -0.473178
0.15625  -0.196827
0.09375  -0.401302
0  -0.505378
-0.1875  -0.274429
0.0625  -0.292056
0.09375  -0.214909
0  -0.445941
0.0625  -0.403642
-0.09375  -0.367794
-0.09375  -0.443437
0.03125  -0.542694
-0.0625  -0.196254
0.03125  -0.166203
-0.25  -0.415933
0  -0.387059
0.03125  -0.191247
0  -0.533751
-0.0625  -0.264325
0.21875  -0.213319
0.09375  -0.312916
-0.09375  -0.488731
-0.1875  -0.104673
-0.0625  -0.0603994
0  -0.196669
0  -0.530679
0.0625  -0.380412
0.09375  -0.450204
-0.0625  -0.307973
-0.1875  -0.171575
-0.0625  -0.21404
-0.03125  -0.14104
-0.21875  -0.505181
-0.28125  -0.465571
-0.15625  -0.178772
-0.21875  -0.193823
0.1875  -0.146996
-0.125  -0.42415
0.21875  -0.126118
-0.03125  -0.493527
-0.0625  -0.415456
0.21875  -0.502854
0.125  -0.496989
0.0625  -0.324275
0  -0.29801
-0.09375  -0.391376
-0.21875  -0.12222
0  -0.354627
0.15625  -0.345773
0  -0.198323
-0.03125  -0.194606
-0.125  -0.324568
0.03125  -0.251726
-0.0625  -0.375591
-0.03125  -0.446252
0.09375  -0.199251
0.0625  -0.414903
0.0625  -0.2577
-0.25  -0.231817
0.0625  -0.362176
0.1875  -0.28798
0.03125  -0.405716
0.15625  -0.253316
0.28125  -0.221532
-0.0625  -0.182024
0.15625  -0.397558
-0.0625  -0.368937
-0.03125  -0.326877
-0.21875  -0.404072
-0.0625  -0.392299
0.21875  -0.350462
-0.125  -0.596276
0.21875  -0.526439
-0.09375  -0.355581
0.3125  -0.332852
-0.09375  -0.410625
-0.0625  -0.19097
0.09375  -0.264619
0.03125  -0.339446
0  -0.542368
-0.21875  -0.5729
-0.125  -0.245331
-0.1875  -0.354158
0.03125  -0.601918
0.125  -0.442471
-0.3125  -0.27929
-0.03125  -0.278075
-0.15625  -0.430984
-0.1875  -0.283473
0.0625  -0.261178
0  -0.330569
0.21875  -0.357528
-0.15625  -0.24696
0  -0.371303
0.15625  -0.341435
-0.15625  -0.405956
-0.09375  -0.390943
-0.0625  -0.226949
-0.09375  -0.290113
0.0625  -0.201215
0.125  -0.316082
-0.15625  -0.510144
-0.0625  -0.210824
-0.28125  -0.420236
0.15625  -0.483454
0.0625  -0.260751
0.0625  -0.322392
-0.28125  -0.303833
0.0625  -0.0927656
-0.28125  -0.154796
-0.21875  -0.467173
0  -0.514351
0.15625  -0.361894
0  -0.219006
0.0625  -0.364384
-0.125  -0.662638
0  -0.27475
-0.09375  -0.400732
0.03125  -0.446194
0  -0.317797
0  -0.415369
-0.15625  -0.259343
-0.25  -0.426324
-0.09375  -0.259444
0.15625  -0.30012
0.0625  -0.381542
-0.03125  -0.311096
0.25  -0.509825
-0.09375  -0.40531
0  -0.354849
0.21875  -0.342675
0.09375  -0.130144
0.03125  -0.174477
0.125  -0.436993
0.3125  -0.486203
-0.09375  -0.363326
0.125  -0.326929
-0.0625  -0.492144
0.15625  -0.588271
-0.0625  -0.272539
0  -0.36474
0.09375  -0.476086
-0.1875  -0.447806
0.28125  -0.326755
-0.09375  -0.517561
-0.125  -0.490162
-0.125  -0.300038
-0.09375  -0.275051
-0.25  -0.129038
-0.0625  -0.41507
0.125  -0.292884
-0.1875  -0.492372
-0.0625  -0.239503
0.15625  -0.417885
0.125  -0.51582
-0.0625  -0.138571
-0.1875  -0.293314
-0.125  -0.269896
-0.125  -0.247262
0.09375  -0.390941
-0.1875  -0.387462
0.0625  -0.367916
-0.1875  -0.594271
-0.0625  -0.309674
0.125  -0.417865
-0.0625  -0.29703
0.125  -0.303566
-0.0625  -0.365692
-0.03125  -0.227743
0  -0.423873
0  -0.103284
0.03125  -0.310562
0  -0.511344
0  -0.451981
0  -0.325174
0.15625  -0.196014
0.03125  -0.1128
0  -0.352656
-0.03125  -0.391013
0  -0.361924
-0.0625  -0.322424
-0.0625  -0.406133
-0.09375  -0.360165
0.25  -0.323013
0.1875  -0.405658
0.0625  -0.391505
0.03125  -0.376785
0.03125  -0.367332
0.0625  -0.27704
-0.21875  -0.249244
0.09375  -0.440547
-0.125  -0.345254
-0.1875  -0.199478
-0.0625  -0.345716
0.03125  -0.238955
0.09375  -0.310546
-0.0625  -0.11868
-0.125  -0.305577
0.09375  -0.315296
-0.125  -0.450312
-0.03125  -0.225471
-0.0625  -0.404304
-0.15625  -0.386696
-0.09375  -0.493915
-0.03125  -0.498903
0.03125  -0.507128
0.03125  -0.244946
0.0625  -0.252508
-0.0625  -0.463562
-0.0625  -0.179123
-0.125  -0.185743
-0.0625  -0.382081
0.03125  -0.361934
-0.21875  -0.16809
0.15625  -0.415883
0.03125  -0.568167
0  -0.29756
0.03125  -0.165789
0  -0.295365
0.15625  -0.164593
0.03125  -0.165258
-0.125  -0.317506
0.1875  -0.326971
0  -0.259509
-0.0625  -0.209374
-0.125  -0.336654
0  -0.39273
0.3125  -0.142488
-0.09375  -0.282849
-0.125  -0.340783
-0.125  -0.306695
0.0625  -0.497895
0.1875  -0.208493
0.03125  -0.469607
0.34375  -0.305281
-0.03125  -0.34838
0.09375  -0.404033
-0.125  -0.269072
0.0625  -0.370893
0.03125  -0.558461
-0.09375  -0.615817
0.09375  -0.362787
-0.1875  -0.398195
0.0625  -0.365599
0.21875  -0.220002
0.125  -0.510855
-0.15625  -0.354729
-0.03125  -0.242625
-0.125  -0.331339
0  -0.348148
0.125  -0.239667
0  -0.372589
0.09375  -0.182311
0.0625  -0.581279
-0.1875  -0.313039
0  -0.295527
-0.3125  -0.416154
-0.09375  -0.211783
0  -0.305872
0.15625  -0.217372
0.0625  -0.364681
0.0625  -0.343453
0.125  -0.565127
0  -0.421764
0.09375  -0.363451
-0.3125  -0.417158
-0.0625  -0.456471
0.25  -0.233697
-0.0625  -0.307404
0.03125  -0.250655
-0.0625  -0.213517
0.09375  -0.314296
-0.125  -0.312087
0.1875  -0.271259
-0.0625  -0.316044
0.125  -0.318044
0.0625  -0.517985
-0.125  -0.335362
0.0625  -0.24956
-0.03125  -0.395573
0.09375  -0.421726
-0.03125  -0.310444
0.1875  -0.344828
0.34375  -0.241969
0.0625  -0.226174
-0.03125  -0.450965
0.09375  -0.451329
-0.03125  -0.588014
-0.09375  -0.342613
0  -0.390134
0.03125  -0.254722
0.125  -0.35886
-0.0625  -0.289688
-0.25  -0.331228
-0.3125  -0.199082
0.0625  -0.014011
0.0625  -0.201423
-0.125  -0.337991
-0.1875  -0.319966
-0.03125  -0.262949
-0.40625  -0.45891
-0.09375  -0.288783
-0.09375  -0.208953
-0.15625  -0.415007
0.03125  -0.447895
0.09375  -0.333398
0  -0.250583
0  -0.25379
0.0625  -0.550404
0.03125  -0.385303
0.28125  -0.467169
0.34375  -0.540843
-0.0625  -0.394498
0.25  -0.396899
0  -0.334315
0.1875  -0.327659
-0.21875  -0.227339
-0.03125  -0.351386
0.09375  -0.0742738
0  -0.461883
0.0625  -0.266239
0.03125  -0.37449
0.03125  -0.403102
0.125  -0.283991
-0.03125  -0.429932
0  -0.35429
0.03125  -0.315605
-0.09375  -0.442472
0  -0.517581
0.15625  -0.214003
0  -0.220562
0.09375  -0.401401
-0.09375  -0.419641
-0.03125  -0.0369657
0.125  -0.425073
-0.03125  -0.319075
0.21875  -0.473037
0.15625  -0.326873
0.0625  -0.432899
0.03125  -0.241944
-0.0625  -0.270253
0  -0.267363
0.09375  -0.383861
0.03125  -0.406737
-0.25  -0.227408
0.125  -0.328709
0  -0.365932
0.0625  -0.408867
0.03125  -0.201848
0.0625  -0.249796
-0.25  -0.40926
0  -0.45762
0.0625  -0.210377
-0.21875  -0.437347
0  -0.474576
0.0625  -0.261159
-0.03125  -0.414059
0.03125  -0.282047
0.15625  -0.17591
-0.15625  -0.284142
0  -0.264148
-0.09375  -0.395536
0.0625  -0.434348
-0.15625  -0.412489
-0.09375  -0.354342
-0.125  -0.301823
0.03125  -0.527667
0.0625  -0.330471
0.125  -0.364337
0.09375  -0.293813
-0.15625  -0.393808
0.03125  -0.234737
0.0625  -0.23271
0.0625  -0.267126
0.09375  -0.0803268
-0.125  -0.322585
-0.0625  -0.398339
0.1875  -0.433469
0  -0.472834
0  -0.38399
0.09375  -0.139374
-0.15625  -0.489308
-0.125  -0.145202
0.0625  -0.407404
0.1875  -0.305718
-0.09375  -0.435512
0.0625  -0.112258
0.0625  -0.338701
-0.15625  -0.486475
0  -0.386082
0.09375  -0.22993
-0.03125  -0.41469
-0.09375  -0.298503
-0.09375  -0.283278
-0.125  -0.0375072
-0.1875  -0.188742
0  -0.280455
0.0625  -0.115431
0.15625  -0.311967
0  -0.252036
-0.125  -0.238091
0.03125  -0.364954
-0.15625  -0.389512
0  -0.408356
-0.0625  -0.319572
0.09375  -0.190056
0.03125  -0.406053
-0.0625  -0.302285
0.09375  -0.281911
-0.0625  -0.220556
0.15625  -0.405596
0.0625  -0.322724
0.125  -0.302827
-0.125  -0.245944
0.15625  -0.228612
-0.09375  -0.274759
0.15625  -0.260451
0.125  -0.188557
0.0625  -0.53519
0  -0.340488
-0.09375  -0.359429
0.15625  -0.348922
0.25  -0.436429
-0.0625  -0.198181
0.09375  -0.414665
-0.03125  -0.385465
-0.03125  -0.282768
-0.03125  -0.327772
-0.0625  -0.321814
0.15625  -0.212372
0.03125  -0.296839
-0.03125  -0.351324
-0.15625  -0.263512
0.1875  -0.480723
0  -0.44527
0.125  -0.519959
0  -0.205086
0.09375  -0.286602
0.1875  -0.467421
0.03125  -0.296099
-0.09375  -0.395233
-0.25  -0.274616
-0.25  -0.482783
-0.0625  -0.5556
0.0625  -0.446023
0.15625  -0.485513
-0.09375  -0.401733
0  -0.379534
0  -0.177545
0  -0.37548
0.25  -0.318703
0  -0.35401
-0.03125  -0.300439
-0.0625  -0.193952
-0.25  -0.34298
-0.03125  -0.270017
-0.03125  -0.361837
-0.15625  -0.324806
0.03125  -0.252848
0.3125  -0.369643
0.09375  -0.341213
-0.15625  -0.328956
0.21875  -0.17212
0.15625  -0.282607
-0.125  -0.370913
0.03125  -0.198285
-0.03125  -0.47358
-0.0625  -0.267106
0.125  -0.313764
0  -0.260619
0.15625  -0.188939
0  -0.227632
0.21875  -0.340883
0.28125  -0.235463
-0.09375  -0.423092
0  -0.249399
0.0625  -0.493048
-0.0625  -0.448008
-0.03125  -0.241183
-0.125  -0.303075
-0.03125  -0.167397
0.1875  -0.358834
-0.09375  -0.417468
-0.25  -0.266677
-0.15625  -0.474023
-0.09375  -0.0902469
0.03125  -0.362657
0.125  -0.558367
0.375  -0.447781
-0.1875  -0.378206
0.1875  -0.434717
0.09375  -0.252102
0.09375  -0.282673
0.0625  -0.386073
0.03125  -0.187718
0.125  -0.465952
-0.09375  -0.200555
0.03125  -0.292186
0  -0.24669
-0.03125  -0.547997
-0.15625  -0.440514
0.28125  -0.382635
-0.03125  -0.535668
0  -0.330946
0.03125  -0.284421
0.0625  -0.324038
-0.03125  -0.249311
-0.0625  -0.430986
0  -0.45925
0.09375  -0.405298
0.03125  -0.319102
-0.25  -0.544893
0.125  -0.393498
0.0625  -0.250404
0.03125  -0.275977
0.125  -0.380649
0  -0.445921
0.0625  -0.401935
0.03125  -0.0869743
0.125  -0.44783
0.125  -0.387944
0.0625  -0.328823
-0.1875  -0.0542548
-0.1875  -0.414319
0  -0.451282
0.0625  -0.292695
0.1875  -0.338839
-0.125  -0.367909
0.0625  -0.353796
-0.09375  -0.315372
-0.03125  -0.469869
-0.0625  -0.52767
-0.09375  -0.1723
0.03125  -0.382749
-0.03125  -0.204191
-0.09375  -0.415776
0.1875  -0.236391
0.0625  -0.14923
0  -0.258944
-0.03125  -0.228346
0.125  -0.474309
-0.1875  -0.378814
0.21875  -0.0674584
-0.03125  -0.309751
0.25  -0.223113
0  -0.320408
0.03125  -0.438809
-0.0625  -0.196059
0.09375  -0.202452
-0.03125  -0.277338
-0.1875  -0.319473
-0.1875  -0.21256
0.03125  -0.432711
-0.125  -0.236308
0.125  -0.288949
0.03125  -0.306134
-0.0625  -0.476967
-0.34375  -0.496731
-0.0625  -0.270471
0.15625  -0.307264
-0.125  -0.467965
-0.21875  -0.402214
0.09375  -0.26523
-0.15625  -0.206866
0.09375  -0.163456
-0.0625  -0.673202
0.1875  -0.327029
0.0625  -0.430839
-0.09375  -0.333766
-0.125  -0.438143
0.09375  -0.133281
-0.09375  -0.394183
0  -0.306669
0.25  -0.314703
0.03125  -0.187843
0.09375  -0.556818
-0.09375  -0.638642
0.25  -0.46424
-0.15625  -0.435778
-0.15625  -0.232016
-0.0625  -0.269063
0  -0.458354
-0.09375  -0.268538
0.0625  -0.392921
0.21875  -0.49236
-0.09375  -0.376003
0.03125  -0.239944
-0.1875  -0.180063
-0.09375  -0.472275
0.03125  -0.259235
0.15625  -0.144603
-0.0625  -0.399874
0.15625  -0.348858
0.21875  -0.452595
0.125  -0.417375
-0.15625  -0.312373
-0.0625  -0.358363
-0.1875  -0.340547
-0.125  -0.270707
-0.21875  -0.313629
0.125  -0.163183
0.28125  -0.351997
-0.25  -0.372824
-0.0625  -0.12128
-0.15625  -0.486859
-0.1875  -0.227997
0.03125  -0.540971
0.03125  -0.421533
0.09375  -0.0659651
-0.09375  -0.31382
-0.0625  -0.101666
-0.15625  -0.271142
0.15625  -0.41567
-0.25  -0.150319
-0.1875  -0.311654
-0.1875  -0.449061
0.0625  -0.499794
-0.03125  -0.424397
-0.15625  -0.316302
0.125  -0.240871
0.25  -0.198686
0.03125  -0.327184
-0.0625  -0.339594
-0.21875  -0.216482
-0.03125  -0.0928902
0.03125  -0.568755
0.09375  -0.321807
-0.28125  -0.442552
0  -0.388494
-0.03125  -0.371415
0.15625  -0.367508
0.15625  -0.567476
-0.03125  -0.540878
0.03125  -0.259609
-0.1875  -0.293713
-0.1875  -0.266625
-0.09375  -0.313852
-0.15625  -0.198175
0  -0.309543
0.15625  -0.3523
0.125  -0.466895
-0.15625  -0.315275
-0.1875  -0.324573
0.03125  -0.2101
0  -0.236994
0.1875  -0.279123
0.03125  -0.190569
0.125  -0.104883
0.03125  -0.475816
0.34375  -0.453988
0.03125  -0.260442
-0.09375  -0.235344
0  -0.243745
-0.125  -0.502172
0  -0.372212
-0.03125  -0.399967
0.125  -0.28919
-0.03125  -0.180213
-0.125  -0.292511
-0.03125  -0.478176
-0.09375  -0.399532
-0.15625  -0.380769
0.28125  -0.276648
-0.1875  -0.307099
-0.09375  -0.263787
0.03125  -0.212176
0.1875  -0.151668
0.25  -0.155308
0.1875  -0.43797
0.15625  -0.340693
0.15625  -0.45209
-0.25  -0.283885
0.09375  -0.388178
0.125  -0.378486
-0.15625  -0.446833
-0.03125  -0.504913
0  -0.108341
0.125  -0.279297
0.21875  -0.213655
0.25  -0.269344
0.03125  -0.335967
-0.09375  -0.283547
-0.125  -0.373382
-0.03125  -0.541201
-0.125  -0.22872
-0.125  -0.358776
-0.1875  -0.353984
-0.25  -0.483265
0.1875  -0.27128
0.15625  -0.335492
0  -0.323489
0.09375  -0.210421
0.1875  -0.349738
0.09375  -0.224622
-0.1875  -0.293282
0.0625  -0.41484
-0.125  -0.567484
-0.15625  -0.274802
0.03125  -0.20813
0.1875  -0.318819
0.15625  -0.512511
0.125  -0.402318
0.125  -0.070125
-0.03125  -0.174025
-0.0625  -0.422508
-0.1875  -0.215326
0.3125  -0.337924
0.0625  -0.337312
-0.09375  -0.401956
0.25  -0.24684
-0.125  -0.42308
0  -0.268791
-0.25  -0.26961
0.03125  0.0265458
-0.03125  -0.209474
-0.03125  -0.22443
-0.09375  -0.256035
-0.03125  -0.500514
0.09375  -0.3529
0.3125  -0.233423
-0.0625  -0.282127
-0.03125  -0.311248
0.03125  -0.387661
0.03125  -0.0987305
-0.125  -0.432821
0  -0.491078
0.0625  -0.37279
0.03125  -0.313407
0  -0.321676
-0.09375  -0.196808
0.21875  -0.151749
0.21875  -0.315048
0.15625  -0.164378
0.125  -0.305884
0.09375  -0.409376
-0.09375  -0.174759
0.03125  -0.215813
-0.15625  -0.4065
-0.0625  -0.340208
-0.09375  -0.383732
-0.03125  -0.162647
-0.125  -0.454835
0.0625  -0.15678
0.28125  -0.35976
0.15625  -0.420914
0.03125  -0.284847
0.0625  -0.193699
0.0625  -0.351776
-0.1875  -0.179277
0.1875  -0.30017
0.125  -0.357662
0.28125  -0.226204
0.09375  -0.374487
0.125  -0.411852
-0.0625  -0.338351
0  -0.343942
0.03125  -0.326491
-0.15625  -0.172469
0  -0.528642
0.25  -0.158171
-0.09375  -0.414224
-0.28125  -0.334839
0.09375  -0.266732
-0.09375  -0.310911
-0.15625  -0.289198
-0.25  -0.281691
0.1875  -0.46309
0.1875  -0.257209
0.15625  -0.35689
0.09375  -0.309113
-0.25  -0.0664568
0.09375  -0.351504
0.03125  -0.291289
-0.0625  -0.410499
0.0625  -0.31597
-0.1875  -0.187736
0.15625  -0.409647
0.03125  -0.109657
-0.1875  -0.384651
0.125  -0.2751
0.34375  -0.40632
0.09375  -0.324805
-0.03125  -0.340828
0.0625  -0.371952
0.03125  -0.291569
-0.09375  -0.483075
0.125  -0.439092
0.1875  -0.284559
-0.0625  -0.447513
-0.125  -0.398279
-0.09375  -0.313617
0  -0.213463
-0.15625  -0.348266
0  -0.402975
-0.125  -0.362063
0.0625  -0.292284
0.15625  -0.52237
-0.125  -0.306655
0.03125  -0.423589
0.03125  -0.705925
-0.03125  -0.317089
-0.09375  -0.221803
0.0625  -0.355655
-0.28125  -0.384162
0.03125  -0.281184
-0.15625  -0.455122
0.0625  -0.166386
-0.0625  -0.407915
0.1875  -0.313218
0.21875  -0.355536
0.03125  -0.256
-0.1875  -0.426047
-0.03125  -0.261663
-0.0625  -0.381636
0  -0.206622
0.21875  -0.335154
-0.25  -0.281548
-0.09375  -0.137882
-0.1875  -0.415902
-0.25  -0.246229
0  -0.365662
0  -0.502816
-0.125  -0.128911
0.0625  -0.348347
0  -0.272783
0  -0.368514
-0.03125  -0.329897
-0.03125  -0.407476
0.25  -0.419502
-0.0625  -0.624408
0.15625  -0.463036
0.03125  -0.239813
-0.03125  -0.149472
-0.03125  -0.376809
-0.09375  -0.338619
0.125  -0.37295
0.125  -0.390376
-0.15625  -0.349781
-0.15625  -0.286807
0.09375  -0.282218
0.09375  -0.336032
-0.03125  -0.413354
-0.25  -0.19924
0.15625  -0.324968
0  -0.255948
-0.09375  -0.157128
-0.15625  -0.413807
-0.0625  -0.340595
0.0625  -0.369417
-0.1875  -0.255392
-0.15625  -0.425188
-0.15625  -0.317213
0.1875  -0.249129
0  -0.29782
0.03125  -0.485835
0.09375  -0.296267
-0.125  -0.294016
0.25  -0.298033
-0.125  -0.509224
0.125  -0.554954
-0.0625  -0.327468
-0.09375  -0.345137
0.125  -0.116943
0.25  -0.457129
-0.0625  -0.431433
-0.0625  -0.412234
-0.09375  -0.30827
0.125  -0.427876
0.03125  -0.289031
-0.15625  -0.329476
-0.09375  -0.446045
0.125  -0.474027
0.21875  -0.30025
0.3125  -0.155395
-0.0625  -0.269378
0.09375  -0.281576
-0.03125  -0.335962
-0.21875  -0.341375
0.125  -0.249252
0.125  -0.321617
-0.03125  -0.0581073
-0.0625  -0.306464
0  -0.321129
0.28125  -0.431185
0.1875  -0.112736
0.03125  -0.498391
0  -0.524518
-0.03125  -0.376869
-0.21875  -0.343549
0.03125  -0.353829
-0.09375  -0.385134
0  -0.666879
-0.1875  -0.448204
0.125  -0.23763
0.21875  -0.346569
0.03125  -0.436953
-0.15625  -0.405162
0.1875  -0.355583
0  -0.204273
-0.0625  -0.331554
-0.0625  -0.206849
0.09375  -0.37937
0.03125  -0.311446
0.03125  -0.0617114
-0.15625  -0.519952
-0.375  -0.578717
0  -0.127834
-0.09375  -0.474639
0.125  -0.452652
0.25  -0.295535
-0.4375  -0.309061
-0.0625  -0.307591
-0.03125  -0.280624
0.15625  -0.27588
-0.125  -0.572064
-0.3125  -0.432067
-0.0625  -0.474241
0  -0.124025
0  -0.265348
-0.03125  -0.499337
0.1875  -0.373435
0.125  -0.241808
-0.0625  -0.321207
0.1875  -0.496819
0.125  -0.172555
-0.09375  -0.520162
0.125  -0.48679
0  -0.187879
0.03125  -0.333006
0  -0.276846
-0.03125  -0.415775
0.03125  -0.493621
-0.0625  -0.287037
0.03125  -0.426234
-0.09375  -0.289346
-0.125  -0.493418
0.09375  -0.42295
0.09375  -0.215285
0.03125  -0.423182
0.09375  -0.388226
-0.09375  -0.398274
-0.15625  -0.44681
0.25  -0.108817
-0.1875  -0.205175
-0.03125  -0.120391
0.1875  -0.380925
-0.0625  -0.21888
-0.125  -0.171098
-0.03125  -0.401088
0.0625  -0.0953921
-0.125  -0.486751
0.03125  -0.350125
0.03125  -0.225681
0.1875  -0.398063
0.09375  -0.610109
0.1875  -0.474768
0.125  -0.238942
-0.21875  -0.531871
0  -0.499238
0.03125  -0.407343
0.0625  -0.407761
0  -0.196924
0.03125  -0.294543
-0.125  -0.390066
0.15625  -0.284742
0.0625  -0.304991
0.0625  -0.435529
-0.15625  -0.33958
0  -0.602714
-0.0625  -0.272005
-0.0625  -0.387057
0.03125  -0.23203
-0.0625  -0.506422
0.09375  -0.307317
-0.09375  -0.377831
0.03125  -0.365847
0.09375  -0.359613
0.03125  -0.0126877
-0.1875  -0.22704
-0.09375  -0.630829
0  -0.232517
-0.09375  -0.395498
0  -0.344397
0.25  -0.302771
-0.15625  -0.412333
0.125  -0.239089
0.21875  -0.20951
0.09375  -0.373075
-0.21875  -0.106368
-0.125  -0.321521
-0.15625  -0.287024
0.03125  -0.421353
0.34375  -0.395746
-0.125  -0.180171
0.0625  -0.433048
0.15625  -0.461402
-0.0625  -0.32665
0.21875  -0.273436
0.15625  -0.262997
0.03125  -0.35466
-0.1875  -0.457891
-0.25  -0.401851
-0.03125  -0.405366
-0.09375  -0.41011
0  -0.450229
0.03125  -0.295688
0.25  -0.218522
0.03125  -0.230316
-0.0625  -0.259921
-0.03125  -0.290601
-0.15625  -0.351249
-0.0625  -0.262886
-0.09375  -0.481612
0  -0.246002
-0.09375  -0.371633
-0.03125  -0.249442
-0.1875  -0.483529
0.125  -0.185655
-0.125  -0.247901
0.09375  -0.354865
-0.21875  -0.382903
0  -0.444246
0.09375  -0.25975
0.125  -0.183144
-0.125  -0.130106
0.125  -0.527352
0.1875  -0.494396
0.03125  -0.318275
-0.125  -0.378455
-0.125  -0.456256
-0.03125  -0.372178
-0.125  -0.432381
-0.15625  -0.0761633
-0.0625  -0.211457
0.125  -0.358889
0.09375  -0.485607
0  -0.498657
0.21875  -0.282005
0.0625  -0.357197
-0.03125  -0.0611421
-0.0625  -0.36329
0.25  -0.369499
-0.28125  -0.466989
0.03125  -0.239295
0.03125  -0.437225
-0.125  -0.483597
-0.125  -0.149013
0.15625  -0.292104
0.21875  -0.208033
-0.125  -0.360693
0.15625  -0.518489
0.375  -0.372455
0.21875  -0.469381
-0.09375  -0.0560571
-0.03125  -0.213708
-0.09375  -0.212309
-0.15625  -0.260865
-0.03125  -0.343222
-0.09375  -0.144092
-0.25  -0.384241
0.21875  -0.42521
-0.03125  -0.429547
-0.125  -0.38751
-0.1875  -0.2332
0.03125  -0.278498
-0.1875  -0.286619
0.21875  -0.108963
0.1875  -0.26531
0  -0.334351
0.0625  -0.192663
0.15625  -0.283494
0  -0.244672
-0.15625  -0.156325
-0.03125  -0.362625
-0.03125  -0.374337
0.25  -0.337608
-0.1875  -0.425272
0  -0.389267
-0.28125  -0.199276
0.28125  -0.392667
0.09375  -0.410613
0.125  -0.413165
0.03125  -0.247602
-0.03125  -0.253538
-0.34375  -0.394902
0.03125  -0.337588
0.09375  -0.0802814
0  -0.230048
-0.1875  -0.435693
0  -0.322982
0  -0.285818
0.09375  -0.177623
0.0625  -0.408098
0.0625  -0.188285
0.15625  -0.426733
-0.1875  -0.384856
-0.09375  -0.549289
-0.0625  -0.481921
-0.09375  -0.268355
-0.1875  -0.193561
0.125  -0.481751
0  -0.387281
-0.21875  -0.386551
0.125  -0.534984
-0.15625  -0.355967
0.0625  -0.42272
0.125  -0.177319
-0.09375  -0.35452
0.15625  -0.351052
-0.25  -0.48539
0  -0.347914
0.15625  -0.299277
0.09375  -0.346881
-0.1875  -0.334331
-0.15625  -0.209721
0.09375  -0.257308
0.09375  -0.528647
0.15625  -0.290608
0.09375  -0.43283
0.09375  -0.514064
0.03125  0.0223304
-0.03125  -0.4259
-0.09375  -0.174529
0  -0.483517
0  -0.324088
-0.15625  -0.495981
0.1875  -0.375275
-0.03125  -0.487409
-0.1875  -0.185327
-0.03125  -0.302662
0.125  -0.156225
0.03125  -0.390675
-0.1875  -0.190009
0.03125  -0.139625
0.0625  -0.159331
0.25  -0.105311
-0.1875  -0.162893
0.09375  -0.426025
0.03125  -0.438268
-0.28125  -0.258192
0.09375  -0.329771
0.03125  -0.23305
0.03125  -0.261436
-0.21875  -0.123559
-0.09375  -0.336161
0.125  -0.432732
0.03125  -0.469932
0  -0.343932
0.28125  -0.395063
0  -0.500569
0.09375  -0.349138
0.0625  -0.421516
-0.125  -0.301511
-0.21875  -0.18223
0.0625  -0.330869
0  -0.19269
-0.25  -0.298363
-0.03125  -0.207247
-0.1875  -0.335889
-0.125  -0.329819
0.25  -0.551855
-0.125  -0.274065
-0.15625  -0.232735
-0.0625  -0.402369
0.03125  -0.353278
-0.0625  -0.281876
-0.0625  -0.492024
0.0625  -0.328032
0.09375  -0.212101
-0.125  -0.327589
0.15625  -0.302825
-0.15625  -0.472212
0.09375  -0.460841
0.15625  -0.345688
0  -0.479241
0  -0.320157
0.1875  -0.293736
0.03125  -0.338736
-0.21875  -0.145446
-0.1875  -0.429384
0.21875  -0.305956
0  -0.446129
0  -0.268545
-0.0625  -0.49778
0.1875  -0.198604
-0.0625  -0.313383
0.09375  -0.462253
-0.125  -0.435158
-0.03125  -0.285651
-0.0625  -0.245958
-0.125  -0.227784
-0.09375  -0.262188
-0.03125  -0.258892
-0.15625  -0.333758
0.0625  -0.401607
-0.0625  -0.434597
-0.0625  -0.502855
0.15625  -0.374832
0.125  -0.0851803
0.03125  -0.271728
-0.125  -0.283409
0.125  -0.300802
0.125  -0.306921
0.0625  -0.362699
-0.09375  -0.358714
0.09375  -0.553682
-0.0625  -0.216827
0.0625  -0.443929
0.1875  -0.3536
-0.125  -0.214677
0.09375  -0.30007
0.125  -0.142667
0.03125  -0.484056
0.1875  -0.186256
0.03125  -0.400891
-0.15625  -0.325581
0.03125  -0.464855
0.09375  -0.455068
-0.03125  -0.176999
-0.375  -0.464891
0.25  -0.388797
0.09375  -0.503512
-0.03125  -0.304655
-0.0625  -0.508055
-0.40625  -0.290922
0.0625  -0.355989
0.125  -0.481184
0.15625  -0.13688
0.09375  -0.178982
-0.0625  -0.413584
0.03125  -0.611208
-0.03125  -0.442664
0.0625  -0.358287
0.0625  -0.348878
0.0625  -0.470226
0.15625  -0.110882
-0.0625  -0.299449
0  -0.509028
-0.0625  -0.382472
0.03125  -0.318927
-0.1875  -0.285896
-0.0625  -0.224252
-0.09375  -0.346814
0.03125  -0.170057
-0.0625  -0.378829
0.03125  -0.209973
-0.3125  -0.295598
-0.0625  -0.350512
0.125  -0.454212
-0.03125  -0.373812
0  -0.308396
-0.0625  -0.324343
0.40625  -0.437748
-0.03125  -0.370008
0.3125  -0.552904
-0.03125  -0.0790745
0.03125  -0.443274
0.03125  -0.371922
0.03125  -0.424678
0  -0.502214
0.3125  -0.315362
0.125  -0.595079
0.1875  -0.202575
0  -0.221925
0.28125  -0.463737
-0.03125  -0.0870323
0  -0.220392
-0.0625  -0.448239
0.0625  -0.266932
0.09375  -0.590801
-0.0625  -0.440351
0  -0.538892
0.125  -0.128244
0.0625  -0.500434
0.0625  -0.281475
0.0625  -0.493938
0.34375  -0.456228
-0.03125  -0.137025
-0.1875  -0.38134
-0.21875  -0.173674
0.0625  -0.211421
0  -0.281726
-0.0625  -0.276592
0.03125  -0.516275
0.09375  -0.335741
0.03125  -0.317921
-0.3125  -0.322686
-0.0625  -0.525246
-0.09375  -0.31745
-0.0625  -0.372006
0.0625  -0.339895
0.21875  -0.326706
0.09375  -0.314078
-0.3125  -0.119075
-0.09375  -0.42261
0.03125  -0.300249
0.1875  -0.362041
-0.09375  -0.184095
0.125  -0.338088
0.09375  -0.408332
-0.34375  -0.364839
0.46875  -0.234049
-0.0625  -0.326513
-0.09375  -0.375291
0  -0.300306
0.03125  -0.295146
0.1875  -0.432918
0.25  -0.108795
-0.0625  -0.383394
0.09375  -0.185902
-0.0625  -0.291487
0.5  -0.261376
-0.09375  -0.42132
-0.15625  -0.391602
-0.28125  -0.482616
-0.03125  -0.46792
0.09375  -0.25298
0.03125  -0.349053
0  -0.325966
-0.15625  -0.120518
-0.25  -0.127794
-0.1875  -0.358323
0.125  -0.292692
-0.125  -0.23834
0.0625  -0.094541
0.1875  -0.380313
0.03125  -0.308615
0  -0.411752
0.0625  -0.114917
0.03125  -0.294468
0.21875  -0.466719
0.3125  -0.319686
-0.125  -0.417221
0.03125  -0.471905
-0.03125  -0.279136
0  -0.415827
-0.03125  -0.423585
-0.1875  -0.27606
0  -0.411432
0.28125  -0.31952
-0.125  -0.444618
0.15625  -0.185686
0.09375  -0.420618
0  -0.307917
-0.03125  -0.515372
0.0625  -0.409446
-0.15625  -0.13409
-0.125  -0.461534
0  -0.33061
0.03125  0.0123828
-0.25  -0.2893
0.0625  -0.334351
0.15625  -0.441143
0.25  -0.139574
0.0625  -0.225521
0.03125  -0.235824
0.125  -0.339625
0.03125  -0.332904
-0.09375  -0.257191
-0.0625  -0.438097
0  -0.426279
0.1875  -0.262232
0.03125  -0.374057
-0.03125  -0.390529
-0.03125  -0.582324
-0.09375  -0.424892
-0.125  -0.478241
-0.03125  -0.360788
0.09375  -0.414101
-0.03125  -0.391607
-0.15625  -0.292689
-0.21875  -0.584284
-0.09375  -0.392375
0.03125  -0.563064
0  -0.347674
-0.125  -0.431052
0  -0.179413
0  -0.394724
0.15625  -0.330844
0.09375  -0.250607
-0.03125  -0.378666
0.0625  -0.333711
0  -0.46193
0.03125  -0.129628
0.0625  -0.292011
-0.0625  -0.307456
0.09375  -0.294956
0  -0.366337
-0.0625  -0.473101
0.03125  -0.297293
0.1875  -0.384615
-0.125  -0.340328
0.03125  -0.260547
-0.0625  -0.384846
0.0625  -0.286736
0.1875  -0.364658
0.15625  -0.205925
0  -0.304303
-0.25  -0.261361
0.03125  -0.394874
-0.03125  -0.277202
0.0625  -0.452761
-0.03125  -0.197505
0.03125  -0.183041
0.0625  -0.429129
-0.1875  -0.183517
-0.09375  -0.405979
0.15625  -0.35666
0  -0.308721
0.125  -0.388828
0.0625  -0.469661
0.09375  -0.393735
-0.0625  -0.340972
-0.0625  -0.487972
-0.03125  -0.311018
-0.09375  -0.266264
-0.0625  -0.379597
-0.125  -0.3043
-0.03125  -0.290043
0.1875  -0.265217
-0.0625  -0.470411
0.15625  -0.354166
0.28125  -0.282477
0.03125  -0.360143
0.03125  -0.418629
-0.28125  -0.331713
0  -0.431747
0.21875  -0.259535
0  -0.235029
0.125  -0.159345
0  -0.274843
-0.0625  -0.441544
-0.1875  -0.335678
0.0625  -0.379407
0  -0.377192
0.09375  -0.120965
-0.0625  -0.459014
-0.0625  -0.319968
0.25  -0.36729
-0.15625  -0.105951
-0.03125  -0.385383
0.1875  -0.0408694
0.28125  -0.309116
0.1875  -0.237922
0.125  -0.16711
0.125  -0.406234
-0.21875  -0.386607
0.0625  -0.379796
0.09375  -0.474735
-0.03125  -0.310637
0.09375  -0.233485
0.15625  -0.364052
-0.03125  -0.264713
-0.125  -0.399634
0.125  -0.300993
0  -0.403183
-0.1875  -0.336022
-0.0625  -0.321456
-0.125  -0.308453
-0.15625  -0.212267
-0.15625  -0.367054
-0.125  -0.324785
-0.03125  -0.275232
-0.03125  -0.350835
-0.09375  -0.317506
-0.21875  -0.616109
0.03125  -0.309489
-0.28125  -0.425033
0.09375  -0.241729
-0.25  -0.3984
-0.0625  -0.159761
-0.21875  -0.278117
0.0625  -0.452815
-0.125  -0.413016
-0.21875  -0.381086
0.0625  -0.529392
0.125  -0.356601
-0.125  -0.363269
0.0625  -0.27442
0.0625  -0.242141
-0.125  -0.401782
-0.03125  -0.511715
-0.09375  -0.167531
0.0625  -0.267836
0.03125  -0.387252
0.125  -0.258482
-0.0625  -0.46804
0  -0.406616
0.09375  -0.212434
-0.0625  -0.414134
0.09375  -0.225478
0.125  -0.139295
-0.03125  -0.485146
-0.21875  -0.305344
0.15625  -0.383408
-0.03125  -0.44439
0.09375  -0.367346
0.21875  -0.303571
-0.0625  -0.338454
0.0625  -0.246724
0.09375  -0.366865
-0.09375  -0.31813
0.125  -0.253132
0  -0.30178
0.03125  -0.439943
0.03125  -0.205264
0.28125  -0.374859
0.15625  -0.444653
0.03125  -0.340793
-0.0625  -0.0591328
0.3125  -0.351313
0.1875  -0.392584
0.3125  -0.235772
-0.25  -0.274775
0  -0.325917
-0.125  -0.510994
0.28125  -0.26058
0  -0.242815
-0.125  -0.692882
0.21875  -0.280357
0.25  -0.314844
0.09375  -0.51053
0.0625  -0.189936
-0.125  -0.211732
0.15625  -0.233676
0.1875  -0.199749
-0.0625  -0.186725
-0.03125  -0.203202
0.03125  -0.437881
0  -0.389207
-0.03125  -0.534369
-0.0625  -0.267827
-0.09375  -0.242184
0  -0.505372
-0.03125  -0.371057
-0.3125  -0.151162
-0.25  -0.411801
0.09375  -0.379872
-0.125  -0.23931
0.1875  -0.208718
0.15625  -0.506689
-0.375  -0.368249
-0.03125  -0.342305
0.03125  -0.103813
-0.09375  -0.505213
0.0625  -0.43436
0.0625  -0.282893
-0.15625  -0.288353
0.03125  -0.542126
-0.0625  -0.437096
0.09375  -0.466281
0.125  -0.377892
-0.1875  -0.355366
-0.0625  -0.271815
-0.125  -0.318963
0.21875  -0.228203
0  -0.439838
0.1875  -0.39106
-0.3125  -0.353233
0.15625  -0.312831
-0.03125  -0.393303
0.125  -0.305115
-0.09375  -0.40434
-0.0625  -0.266662
-0.03125  -0.335721
0.09375  -0.157817
0.15625  -0.438134
-0.0625  -0.178906
-0.125  -0.3848
0.15625  -0.338053
-0.0625  -0.413779
-0.1875  -0.38728
0.25  -0.350742
0.125  -0.537773
0.125  -0.307316
0  -0.314683
0.1875  -0.290663
0.0625  -0.221588
-0.03125  -0.249386
0.0625  -0.273267
0.1875  -0.40143
-0.125  -0.25645
0.09375  -0.420102
0  -0.139132
0.09375  -0.529243
0.15625  -0.412977
0.34375  -0.371831
0.1875  -0.341495
-0.03125  -0.210146
-0.0625  -0.425201
0  -0.618053
-0.40625  -0.222507
-0.03125  -0.378792
0.25  -0.352518
-0.21875  -0.105297
-0.125  -0.396831
0  -0.341915
0.28125  -0.337903
0.0625  -0.431705
0.34375  -0.422577
-0.09375  -0.256024
-0.15625  -0.239627
-0.21875  -0.443455
-0.125  -0.391094
0.125  -0.365642
0.125  -0.29652
0.09375  -0.0667804
0.03125  -0.173945
0.25  -0.159388
-0.0625  -0.369919
-0.09375  -0.435969
0.09375  -0.32675
-0.09375  -0.146473
0.09375  -0.423673
-0.09375  -0.504643
-0.0625  -0.461504
-0.09375  -0.278253
0  -0.4043
-0.09375  -0.352322
0.15625  -0.12644
-0.0625  -0.303807
-0.21875  -0.0829438
0.15625  -0.246691
0  -0.339005
-0.15625  -0.168721
0.0625  -0.37378
0.03125  -0.25835
0.03125  -0.419163
0.1875  -0.383854
0.09375  -0.306361
-0.15625  -0.32193
0  -0.201365
-0.3125  -0.527488
-0.15625  -0.129056
0.0625  -0.288916
0.09375  -0.478609
0.09375  -0.221647
-0.0625  -0.484064
-0.125  -0.452716
-0.03125  -0.154187
-0.03125  -0.488379
-0.125  -0.377188
0.1875  -0.208761
0.0625  -0.201986
0.03125  -0.325387
0.25  -0.397622
0.1875  -0.202097
-0.125  -0.153677
0.03125  -0.210438
-0.09375  -0.244482
0.28125  -0.420427
0.0625  -0.37181
0.09375  -0.408255
0.03125  -0.149508
-0.1875  -0.414389
0.1875  -0.516001
0.03125  -0.225393
-0.125  -0.386142
0.3125  -0.307414
-0.15625  -0.470129
-0.03125  -0.260546
0.09375  -0.317127
0.25  -0.322394
0.1875  -0.248916
0  -0.365635
0.25  -0.211519
0.125  -0.320888
0.125  -0.284387
0.09375  -0.516634
-0.15625  -0.337584
0.125  -0.32829
-0.09375  -0.185973
-0.0625  -0.362892
0.0625  -0.484938
0.0625  -0.239498
0.125  -0.242649
0.03125  -0.258763
-0.09375  -0.259984
-0.125  -0.308834
-0.03125  -0.253637
0  -0.293232
-0.09375  -0.196958
-0.03125  -0.033016
0.09375  -0.51757
-0.1875  -0.436865
0  -0.470865
0.125  -0.266253
-0.0625  -0.304016
-0.15625  -0.525811
0.09375  -0.411181
0.125  -0.446628
-0.0625  -0.376279
-0.03125  -0.49882
0.21875  -0.533217
0.125  -0.319622
0.0625  -0.425497
-0.03125  -0.49339
-0.125  -0.373277
-0.03125  -0.350496
0.09375  -0.221688
0.03125  -0.304434
-0.03125  -0.414944
0.15625  -0.334913
0.09375  -0.404426
0  -0.503094
0.03125  -0.412361
0  -0.458859
0.15625  -0.367313
0.125  -0.192291
-0.03125  -0.318373
0.0625  -0.419817
0  -0.285321
0  -0.183568
-0.0625  -0.112967
0  -0.219987
0.125  -0.315751
-0.03125  -0.364346
-0.15625  -0.354275
0  -0.153816
0.15625  -0.394624
0.0625  -0.291075
0.09375  -0.282605
0.15625  -0.510691
-0.09375  -0.2613
-0.0625  -0.585271
-0.03125  -0.459173
-0.09375  -0.272368
0.1875  -0.290934
-0.25  -0.25056
-0.15625  -0.238273
0.03125  -0.222612
-0.03125  -0.339071
0.15625  -0.2763
-0.03125  -0.535533
0.03125  -0.257913
0.21875  -0.125634
-0.15625  -0.315994
-0.03125  -0.179013
-0.0625  -0.487473
0.03125  -0.0973782
-0.09375  -0.408652
0.0625  -0.468671
-0.03125  -0.314581
-0.125  -0.466859
0  -0.293309
-0.03125  -0.59802
0.125  -0.29186
0.125  -0.229476
0  -0.459759
-0.03125  -0.409727
-0.03125  -0.513396
-0.25  -0.368768
0.03125  -0.472105
0  -0.334904
-0.15625  -0.252529
0.25  -0.418539
-0.09375  -0.531104
0.15625  -0.122391
-0.125  -0.496929
0.125  0.0281948
-0.03125  -0.39276
-0.1875  -0.373457
0.25  -0.433696
0  -0.119182
0.0625  -0.180001
0  -0.243839
0.09375  -0.301799
0.09375  -0.449748
0.09375  -0.207802
0.0625  -0.439157
0.0625  -0.119218
-0.125  -0.124931
-0.21875  -0.274013
-0.0625  -0.347243
-0.125  -0.378678
0.0625  -0.393855
-0.09375  -0.494676
-0.15625  -0.316016
0.09375  -0.337418
-0.125  -0.386427
0.09375  -0.494092
0.09375  -0.286838
0.28125  -0.400467
0.0625  -0.336947
0  -0.258043
-0.0625  -0.436828
0.125  -0.161965
-0.25  -0.307521
0.09375  -0.492181
0.0625  -0.434561
0.25  -0.444036
-0.15625  -0.375522
0.09375  -0.299573
0.09375  -0.30814
0  -0.217196
0.03125  -0.14127
0.0625  -0.685411
0.03125  -0.278609
0  -0.375278
0.09375  -0.320682
-0.09375  -0.240052
0.0625  -0.259831
0.03125  -0.300244
-0.15625  -0.246385
-0.125  -0.256636
0  -0.338259
0.09375  -0.496738
0.03125  -0.335543
-0.09375  -0.335704
-0.03125  -0.339511
-0.03125  -0.125281
-0.21875  -0.392401
0.0625  -0.340691
0.1875  -0.328789
0.03125  -0.194711
-0.125  -0.455653
0  -0.417916
-0.1875  -0.423263
0  -0.454072
-0.0625  -0.326658
-0.125  -0.420264
0.03125  -0.361814
0.125  -0.256695
-0.03125  -0.315213
-0.21875  -0.324082
-0.03125  -0.161069
-0.09375  -0.48578
0.125  -0.199199
-0.03125  -0.356163
-0.09375  -0.0664234
-0.09375  -0.461308
-0.125  -0.190567
-0.15625  -0.316664
0.21875  -0.459139
-0.125  -0.305262
0.125  -0.347213
-0.125  -0.492286
0.25  -0.285982
0.09375  -0.351012
-0.0625  -0.152567
0.15625  -0.429391
0.09375  -0.409985
0.0625  -0.240967
-0.15625  -0.214124
-0.28125  -0.344337
-0.09375  -0.511105
-0.1875  -0.526833
-0.125  -0.424311
-0.21875  -0.499333
-0.125  -0.3999
0.09375  -0.324265
0  -0.229539
0.0625  -0.468666
-0.0625  -0.344986
-0.03125  -0.589881
0.1875  -0.288923
0.125  -0.436536
0.125  -0.303363
-0.03125  -0.200372
-0.15625  -0.291493
0.28125  -0.335499
0.09375  -0.25256
-0.0625  -0.40342
-0.28125  -0.403178
0.15625  -0.24049
0.0625  -0.285115
0.09375  -0.108277
0.03125  -0.376708
0.0625  -0.424677
-0.15625  -0.242302
0.03125  -0.413664
0.15625  -0.246198
-0.125  -0.340812
0.03125  -0.0123369
-0.0625  -0.28919
-0.125  -0.364287
0.09375  -0.263767
0.03125  -0.559196
-0.09375  -0.341658
-0.03125  -0.456227
0.0625  -0.526895
-0.03125  -0.235312
0.09375  -0.399835
0.09375  -0.432445
0.1875  -0.0673993
0.3125  -0.272446
0  -0.458788
-0.09375  -0.291428
0.03125  -0.433959
-0.125  -0.366946
0.09375  -0.0329709
0.15625  -0.293252
-0.09375  -0.13946
-0.15625  -0.290649
-0.03125  -0.215402
0.0625  -0.210451
0.03125  -0.460982
-0.03125  -0.062108
0  -0.519047
-0.15625  -0.416038
0  -0.234655
-0.15625  -0.16285
0.03125  -0.272608
-0.03125  -0.282878
-0.3125  -0.258845
-0.125  -0.478599
0.03125  -0.320365
0  -0.276419
0.0625  -0.192659
-0.15625  -0.273332
0.375  -0.222403
-0.09375  -0.303095
0.125  -0.272675
-0.03125  -0.395657
-0.03125  -0.403225
0.21875  -0.376304
-0.125  -0.446038
0.0625  -0.153505
-0.09375  -0.375074
0.09375  -0.115872
-0.15625  -0.340972
-0.03125  -0.387692
-0.03125  -0.263469
-0.0625  -0.333257
0.21875  -0.411355
0.09375  -0.333754
-0.1875  -0.285165
0  -0.195956
-0.09375  -0.444237
0.21875  -0.46663
-0.0625  -0.306898
-0.125  -0.292984
-0.125  -0.376443
0.15625  -0.283297
0.0625  -0.299766
-0.09375  -0.429521
-0.125  -0.276158
-0.125  -0.409158
-0.1875  -0.499554
0.15625  -0.499654
-0.1875  -0.233095
-0.09375  -0.410353
-0.25  -0.62519
0.09375  -0.611587
0.09375  -0.207764
-0.125  -0.24126
0.09375  -0.559027
-0.03125  -0.435431
0.03125  -0.433039
-0.0625  -0.486934
-0.25  -0.221448
-0.0625  -0.294434
-0.09375  -0.223777
-0.15625  -0.129405
0.03125  -0.312885
0.125  -0.294641
0.0625  -0.455765
-0.125  -0.349663
0.03125  -0.361378
0.03125  -0.555941
-0.0625  -0.188676
-0.09375  -0.387376
-0.03125  -0.321027
-0.15625  -0.0429209
0.09375  -0.436264
-0.125  -0.385441
-0.09375  -0.400761
-0.15625  -0.62383
0  -0.318454
-0.0625  -0.405529
-0.03125  -0.236856
0.03125  -0.326869
-0.21875  -0.189844
0.0625  -0.331049
0.21875  -0.435633
0.03125  -0.438956
0.09375  -0.318577
0  -0.132382
0.125  -0.0547555
0  -0.256868
-0.03125  -0.306685
-0.09375  -0.245644
-0.3125  -0.275199
0.09375  -0.472591
0.09375  -0.514319
-0.125  -0.376164
0.21875  -0.430406
-0.0625  -0.112613
-0.03125  -0.168851
0.15625  -0.319266
0.0625  -0.372263
-0.125  -0.233625
0.15625  -0.127883
-0.03125  -0.398092
-0.15625  -0.223965
-0.1875  -0.302396
0.03125  -0.345686
0  -0.506357
-0.21875  -0.334731
0  -0.393433
0.03125  -0.364405
-0.03125  -0.458084
0.03125  -0.395458
0.0625  -0.352445
0.03125  -0.175183
0  -0.237727
0.0625  -0.368339
0.0625  -0.299332
0.0625  -0.306084
0.0625  -0.507588
0.0625  -0.430524
0.125  -0.158778
-0.1875  -0.24012
-0.09375  -0.159241
-0.0625  -0.20374
0.03125  -0.414298
0  -0.261361
0.15625  -0.389657
0.1875  -0.328312
0.21875  -0.216074
-0.09375  -0.159389
-0.125  -0.334337
-0.0625  -0.345358
0.25  -0.269486
0.0625  -0.52193
-0.0625  -0.312349
0.15625  -0.0381489
0.1875  -0.447114
0.0625  -0.417531
0.0625  -0.202066
-0.0625  -0.47839
0.0625  -0.287132
-0.0625  -0.439066
-0.09375  -0.209119
-0.25  -0.390531
0.0625  -0.469501
-0.09375  -0.313192
-0.125  -0.308764
-0.03125  -0.387856
-0.34375  -0.387893
-0.03125  -0.443352
-0.15625  -0.159097
-0.125  -0.424393
0.15625  -0.317668
-0.125  -0.450833
0.125  -0.572601
0  -0.246141
0.125  -0.44406
0.0625  -0.620511
-0.0625  -0.212683
-0.03125  -0.28224
0.375  -0.310175
0.09375  -0.228513
-0.25  -0.429145
0.15625  -0.37194
-0.09375  -0.411155
-0.40625  -0.48484
0.1875  -0.210219
-0.0625  -0.110411
-0.125  -0.294577
-0.0625  -0.200294
0.1875  -0.321447
0.15625  -0.260847
0.0625  -0.514532
0.03125  -0.38604
-0.125  -0.366494
-0.125  -0.208537
0.09375  -0.398527
0.15625  -0.414848
0.09375  -0.405683
-0.09375  -0.13748
0  -0.369453
-0.09375  -0.276099
0.1875  -0.406535
0.15625  -0.334438
0.21875  -0.320048
0.09375  -0.428115
0.0625  -0.510562
0.09375  -0.163139
0.15625  -0.275332
0.1875  -0.28726
-0.0625  -0.209592
0.34375  -0.321653
-0.1875  -0.206125
0.125  -0.36171
-0.15625  -0.212939
-0.03125  -0.337342
-0.0625  -0.469188
-0.0625  -0.366373
0.09375  -0.312477
0.09375  -0.0967319
-0.125  -0.53613
0.125  -0.322428
-0.0625  -0.265193
-0.0625  -0.183248
-0.1875  -0.209407
0.0625  -0.402154
0.09375  -0.406369
0  -0.437535
-0.125  -0.355772
0.0625  -0.422708
0  -0.153065
0.15625  -0.430853
0.03125  -0.369963
0.03125  -0.592549
0  -0.281387
-0.0625  -0.134149
0.1875  -0.39058
-0.21875  -0.40573
0.03125  -0.472212
-0.15625  -0.339615
-0.03125  -0.202953
-0.1875  0.0340395
0.34375  -0.284852
-0.0625  -0.399188
-0.03125  -0.43919
0.03125  -0.278051
-0.09375  -0.060917
0.03125  -0.1842
-0.03125  -0.4775
0.0625  -0.494125
-0.1875  -0.41914
-0.09375  -0.520052
0  -0.274468
0.09375  -0.299263
-0.25  -0.368988
0.21875  -0.459637
-0.09375  -0.257113
0.03125  -0.315089
-0.09375  -0.5363
0  -0.459542
-0.15625  -0.493389
-0.03125  -0.266119
0.15625  -0.313028
-0.15625  -0.338058
-0.09375  -0.491734
0  -0.411346
-0.125  -0.206927
0.125  -0.447079
-0.0625  -0.39576
0.21875  -0.359025
0.15625  -0.328209
-0.0625  -0.334025
-0.15625  -0.358695
0.21875  -0.376935
0  -0.242718
0.34375  -0.371027
0  -0.325757
-0.1875  -0.336081
-0.0625  -0.453264
-0.1875  -0.137542
0.09375  -0.307881
-0.125  -0.255319
0  -0.350049
0  -0.521348
0.15625  -0.369783
-0.09375  -0.374959
0.15625  -0.41911
-0.1875  -0.445673
0.125  -0.45227
0.15625  -0.216188
0.125  -0.446353
-0.0625  -0.57336
0.28125  -0.0115824
0.0625  -0.398938
-0.125  -0.36373
0.15625  -0.458277
0  -0.4361
-0.09375  -0.452387
0.21875  -0.381187
0.125  -0.468358
0.1875  -0.224895
0.21875  -0.41731
-0.03125  -0.353351
0.0625  -0.237694
0.125  -0.273899
0.0625  -0.205219
0.09375  -0.227062
0  -0.316903
-0.25  -0.237108
0.15625  -0.44281
0.1875  -0.224347
-0.0625  -0.367255
-0.28125  -0.364914
0.21875  -0.275408
0.15625  -0.324933
-0.0625  -0.468042
0.1875  -0.358448
-0.125  -0.57153
-0.21875  -0.448514
0.28125  -0.503275
0.0625  -0.405715
0.1875  -0.267741
-0.03125  -0.458948
0.21875  -0.117927
0.125  -0.49105
-0.25  -0.340731
0.21875  -0.396115
0  -0.329405
-0.15625  -0.384233
0.34375  -0.494277
0  -0.242685
-0.0625  -0.251699
0.0625  -0.335351
-0.21875  -0.359104
0.09375  -0.526892
-0.0625  -0.357067
0.03125  -0.401176
0  -0.185534
-0.125  -0.440719
-0.03125  -0.260442
0.03125  -0.281861
-0.03125  -0.366606
-0.09375  -0.290362
0.03125  -0.374772
-0.15625  -0.337079
-0.28125  -0.377389
-0.03125  -0.414167
0.0625  -0.326644
0.03125  -0.384876
-0.28125  -0.385209
-0.0625  -0.162868
0  -0.252931
-0.03125  -0.33235
0.1875  0.0179223
-0.25  -0.51424
0.09375  -0.24146
0.125  -0.290443
0.03125  -0.235195
0.0625  -0.335496
-0.03125  -0.26733
0  -0.191971
0.09375  -0.496381
0.125  -0.155938
0.09375  -0.266531
0.1875  -0.424144
0.03125  -0.43156
0.03125  -0.38088
0.125  -0.103035
0.0625  -0.322311
0  -0.494875
-0.15625  -0.250413
-0.03125  -0.398122
-0.125  -0.458161
0.125  -0.156197
-0.3125  -0.269023
-0.09375  -0.503328
0.03125  -0.42225
0.09375  -0.215116
-0.03125  -0.2642
0.15625  -0.421355
0  -0.443477
0.09375  -0.65998
0.0625  -0.233184
0.125  -0.372298
-0.34375  -0.360505
-0.09375  -0.287938
0.125  -0.453078
0.15625  -0.132043
0.03125  -0.112666
-0.15625  -0.348664
-0.125  -0.147882
0.09375  -0.22221
0  -0.294774
-0.25  -0.525637
-0.03125  -0.393507
-0.03125  -0.298893
0.25  0.0648111
0.125  -0.320904
0.09375  -0.309701
0.0625  -0.340418
0.21875  -0.24069
0.03125  -0.351613
0.03125  -0.289233
0.0625  -0.426855
-0.09375  -0.414106
0.09375  -0.47775
0.15625  -0.326868
-0.21875  -0.411798
-0.15625  -0.307357
0.03125  -0.306705
0.09375  -0.355004
-0.09375  -0.392713
-0.03125  -0.488766
0.0625  -0.284237
0.09375  -0.250225
-0.125  -0.272599
0.03125  -0.516082
0.25  -0.272121
-0.09375  -0.224488
-0.25  -0.36267
-0.03125  -0.486038
-0.09375  -0.27967
-0.0625  -0.393966
0.3125  -0.37478
0.21875  -0.225798
-0.03125  -0.405783
0.09375  -0.236807
-0.09375  -0.373135
-0.0625  -0.290763
0.09375  -0.29515
0.125  -0.30995
0.0625  -0.149133
0.125  -0.30829
-0.0625  -0.156491
0.03125  -0.322965
-0.125  -0.236495
0  -0.48201
-0.03125  -0.411532
0  -0.466313
-0.125  -0.447286
-0.125  -0.476829
0.0625  -0.373745
0.03125  -0.385795
-0.3125  -0.378129
-0.21875  -0.418069
0.15625  -0.311816
0.25  -0.390621
0.15625  -0.256309
-0.1875  -0.471311
-0.0625  -0.283078
0.09375  -0.406829
-0.09375  -0.260935
0.0625  -0.141672
0.1875  -0.173846
0.0625  -0.273313
-0.09375  -0.376213
-0.09375  -0.243235
0.21875  -0.374289
-0.03125  -0.393118
-0.28125  -0.400601
-0.125  -0.29212
0  -0.462005
-0.0625  -0.533123
-0.09375  -0.401755
0  -0.283675
0.09375  -0.426623
0.09375  -0.406251
0.25  -0.470793
-0.03125  -0.18785
0.03125  -0.325265
0.03125  -0.495103
0.21875  -0.265923
0.1875  -0.244026
-0.09375  -0.364304
-0.09375  -0.499599
0.0625  -0.445153
0.09375  -0.402023
-0.125  -0.283498
-0.0625  -0.189078
0  -0.438609
0.125  -0.341566
0  -0.461486
-0.25  -0.435247
0.0625  -0.185861
0.15625  -0.307339
0.28125  -0.168219
0.125  -0.448608
0.0625  -0.480244
0.03125  -0.354147
-0.3125  -0.30484
0  -0.171107
0.125  -0.351238
0.03125  -0.326239
-0.0625  -0.289107
0.09375  -0.561454
0.125  -0.283706
0.03125  -0.170814
0.09375  -0.330909
-0.21875  -0.371816
-0.0625  -0.346094
-0.125  -0.338362
0.03125  -0.415353
0.0625  -0.357098
-0.21875  -0.283436
0.0625  -0.502544
-0.15625  -0.509235
-0.0625  -0.404678
0.15625  -0.29933
-0.125  -0.452103
-0.09375  -0.452631
0.09375  -0.335071
-0.09375  -0.157396
0.09375  -0.491694
0.09375  -0.353778
-0.09375  -0.219499
0.125  -0.160509
-0.03125  -0.29797
-0.0625  -0.244792
0  -0.43919
-0.1875  -0.41763
0.03125  -0.403309
0.09375  -0.387061
0.03125  -0.0380246
-0.09375  -0.349009
0.09375  -0.283432
-0.1875  -0.281637
-0.0625  -0.377146
0.15625  -0.336283
-0.1875  -0.112672
-0.0625  -0.28098
0.09375  -0.353718
-0.0625  -0.381963
0  -0.422808
0.28125  -0.415446
0.03125  -0.37179
0.0625  -0.21203
-0.03125  -0.256765
-0.25  -0.216031
0.15625  -0.423313
-0.09375  -0.44554
-0.1875  -0.498559
0.03125  -0.285035
-0.1875  -0.258623
-0.125  -0.226264
0.0625  -0.292624
0.21875  -0.318565
-0.125  -0.346896
-0.0625  -0.215093
-0.15625  -0.437823
0.25  -0.326885
-0.03125  -0.337316
0.0625  -0.338411
0.15625  -0.409169
-0.15625  -0.350217
-0.09375  -0.195122
0.1875  -0.313768
-0.25  -0.35054
0.03125  -0.339814
0.125  -0.186151
0  -0.3535
-0.03125  -0.101283
0.0625  -0.363608
-0.1875  -0.437366
-0.09375  -0.415938
0.0625  -0.22443
-0.125  -0.384186
-0.09375  -0.591626
-0.1875  -0.424449
-0.1875  -0.447408
-0.03125  -0.569434
0.0625  -0.36877
-0.03125  -0.247163
0.21875  -0.31598
-0.125  -0.296092
-0.03125  -0.462298
-0.09375  -0.449967
-0.03125  -0.411403
-0.21875  -0.244307
-0.125  -0.359221
0.03125  -0.286096
-0.125  -0.516298
-0.0625  -0.374801
-0.125  -0.29699
0.15625  -0.399098
-0.03125  -0.272365
0.125  -0.311742
0.03125  -0.26997
0.09375  -0.162346
-0.1875  -0.262079
0.125  -0.244215
0.0625  -0.269713
-0.09375  -0.395547
0.15625  -0.328644
-0.125  -0.28827
-0.0625  -0.309838
-0.1875  -0.352679
-0.09375  -0.245112
0.125  -0.0553116
0.03125  -0.330305
0  -0.323079
-0.125  -0.488879
0.03125  -0.432626
0  -0.232971
-0.03125  -0.478509
0.03125  -0.19511
0.09375  -0.217521
-0.15625  -0.160049
0.03125  -0.336595
0.03125  -0.566418
-0.09375  -0.252217
0  -0.387252
-0.0625  -0.350837
-0.125  -0.378943
0.0625  -0.310727
-0.125  -0.568245
-0.0625  -0.450703
-0.125  -0.272239
-0.03125  -0.326615
-0.09375  -0.220864
-0.125  -0.407654
-0.09375  -0.216491
0  -0.354661
-0.0625  -0.339214
-0.03125  -0.345758
-0.09375  -0.495437
-0.21875  -0.151935
-0.1875  -0.238568
0  -0.322772
0.03125  -0.140914
-0.1875  -0.367541
-0.15625  -0.346213
-0.125  -0.629393
0.09375  -0.257212
-0.03125  -0.26313
-0.0625  -0.381572
0  -0.381952
0.125  -0.18992
-0.0625  -0.306669
-0.3125  -0.24816
0  -0.54621
0  -0.337902
-0.125  -0.496582
0.03125  -0.140343
0.03125  -0.385128
-0.09375  0.0751744
0.1875  -0.606883
-0.03125  -0.53863
-0.03125  -0.136336
-0.0625  -0.327885
0.25  -0.516972
0.1875  -0.230331
0.0625  -0.263294
0  -0.502891
-0.0625  -0.2104
0.0625  -0.575818
-0.125  -0.263571
-0.0625  -0.450569
-0.03125  -0.319038
0  -0.454242
-0.09375  -0.27838
0.03125  -0.513
-0.125  -0.322828
-0.1875  -0.349097
0.1875  -0.197993
0  -0.398675
-0.09375  -0.397343
-0.0625  -0.207788
0.15625  -0.354154
0.21875  -0.402997
0  -0.437579
-0.0625  -0.356424
-0.1875  -0.498587
-0.125  -0.38254
-0.15625  -0.505573
0  -0.371296
-0.1875  -0.414018
-0.125  -0.170284
0.03125  -0.28338
-0.09375  -0.447737
-0.15625  -0.164348
-0.09375  -0.167819
0.0625  -0.115655
0.15625  -0.167959
0  -0.377862
-0.0625  -0.306691
-0.09375  -0.384068
0  -0.131271
-0.125  -0.253516
0  -0.38516
0.03125  -0.348015
-0.1875  -0.416833
0.0625  -0.381257
0.125  -0.119204
0  -0.424112
-0.09375  -0.424332
0.03125  -0.405961
0.15625  -0.371286
-0.25  -0.445838
-0.0625  -0.274433
-0.125  -0.356812
0  -0.221437
0.0625  -0.319964
-0.125  -0.512449
-0.125  -0.385943
-0.1875  -0.222844
0.0625  -0.343626
0.03125  -0.315752
0.125  -0.218813
-0.0625  -0.148809
0.1875  -0.528586
-0.03125  -0.280812
0.0625  -0.0646381
-0.0625  -0.0343928
0.03125  -0.308669
-0.0625  0.0697807
0.1875  -0.342407
-0.09375  -0.291129
-0.125  -0.328163
0.0625  -0.250126
-0.03125  -0.106609
-0.15625  -0.54634
0.15625  -0.500458
-0.03125  -0.249288
0.03125  -0.243741
-0.09375  -0.379615
0.09375  -0.470751
-0.03125  -0.253107
-0.03125  -0.334807
-0.15625  -0.524664
0.03125  -0.449267
0  -0.400779
-0.0625  -0.41988
0.0625  -0.573126
-0.0625  -0.407686
0.25  -0.315806
-0.1875  -0.332925
0.15625  -0.3934
-0.15625  -0.393916
0.15625  -0.30957
-0.03125  -0.37067
0.09375  -0.290878
0  -0.111103
0  -0.406378
-0.125  -0.105765
0.09375  -0.345762
0.21875  -0.397341
-0.1875  -0.463836
-0.15625  -0.305036
0.03125  -0.3648
0.125  -0.292944
0.21875  -0.40417
-0.09375  -0.288133
0.03125  -0.329868
0.09375  -0.269582
-0.03125  -0.361482
0.09375  -0.319911
-0.25  -0.333108
-0.03125  -0.389428
0.125  -0.301274
0.1875  -0.289547
-0.03125  -0.356226
0  -0.295801
0.28125  -0.292174
0.21875  -0.319684
0.0625  -0.396802
-0.125  -0.426034
0  -0.410341
-0.125  -0.304801
-0.03125  -0.232873
-0.0625  -0.395777
-0.15625  -0.371679
0.15625  -0.362242
-0.0625  -0.424133
-0.1875  -0.224492
0.09375  -0.279636
-0.03125  -0.310519
-0.125  -0.405662
0  -0.327884
0.25  -0.464985
-0.09375  -0.308267
0.15625  -0.380104
-0.15625  -0.441536
-0.1875  -0.29085
-0.09375  -0.258101
0.09375  -0.273687
0.15625  -0.207533
-0.25  -0.217579
-0.03125  -0.397289
0  -0.309249
0  -0.411542
0.0625  -0.0554322
0.09375  -0.267687
0.125  -0.208953
0  -0.214117
-0.09375  -0.340508
-0.34375  -0.272164
0  -0.30963
0.03125  -0.221475
0  -0.336059
-0.09375  -0.298594
-0.25  -0.3449
-0.0625  -0.267451
0.0625  -0.216062
-0.0625  -0.0765233
-0.03125  -0.445196
0.03125  -0.0903733
0.03125  -0.41243
0.09375  -0.41833
-0.25  -0.121655
0.0625  -0.395498
0.15625  -0.283225
0.1875  -0.217172
0.03125  -0.313949
0  -0.363561
0  -0.31388
0.21875  -0.107151
0.03125  -0.203937
-0.03125  -0.423658
0.09375  -0.315527
0.03125  -0.329041
-0.03125  -0.243349
0.28125  -0.508887
0  -0.513962
0.09375  -0.303585
0.09375  -0.328873
-0.125  -0.348182
-0.03125  -0.156398
0.03125  -0.387274
-0.09375  -0.277465
0.03125  -0.57297
0.0625  -0.328517
0.125  -0.150914
0  -0.214203
0.0625  -0.259373
0.0625  -0.503375
0.25  -0.305014
-0.03125  -0.323284
-0.28125  -0.174537
-0.0625  -0.357819
-0.03125  -0.246057
0.1875  -0.358643
-0.03125  -0.247115
0.0625  -0.228928
-0.09375  -0.27052
-0.09375  -0.230027
0  -0.342747
-0.0625  -0.298867
0  -0.380526
-0.09375  -0.393863
0.125  -0.287618
0.125  -0.347784
-0.03125  -0.241374
0.03125  -0.354143
-0.1875  -0.324376
0.0625  -0.306502
-0.125  -0.0864049
-0.09375  -0.165242
0.0625  -0.368187
-0.0625  -0.581826
0  -0.436888
0.1875  -0.181291
-0.03125  -0.271558
-0.125  -0.378672
0  -0.287359
-0.0625  -0.440706
-0.03125  -0.317005
0.03125  -0.553766
-0.0625  -0.230442
-0.03125  -0.364851
0.0625  -0.281898
0.125  -0.466534
0.15625  -0.412143
0  -0.272411
0  -0.320087
0.09375  -0.254784
0.0625  -0.336579
0.125  -0.310211
-0.1875  -0.328386
0.15625  -0.362225
-0.15625  -0.398519
-0.125  -0.422279
0.15625  -0.194333
0.03125  -0.356142
0.125  -0.305094
0.0625  -0.116152
0.21875  -0.473916
0.03125  -0.502459
-0.125  -0.188232
0.125  -0.24386
-0.21875  -0.514545
0.03125  -0.368601
-0.09375  -0.304513
-0.03125  -0.24256
0.125  -0.437157
-0.25  -0.164404
-0.03125  -0.334279
-0.03125  -0.265621
0.3125  -0.306757
0.125  -0.437778
0  -0.185922
-0.1875  -0.387727
-0.15625  -0.157308
0  -0.44149
0  -0.361121
-0.25  -0.316086
-0.03125  -0.262258
-0.1875  -0.262244
-0.0625  -0.166408
-0.125  -0.406687
-0.03125  -0.413437
0.125  -0.361833
-0.0625  -0.294907
0.4375  -0.307773
-0.0625  -0.391167
0  -0.400378
-0.1875  -0.235913
0.1875  -0.384225
-0.09375  -0.405136
0.09375  -0.395117
0  -0.238275
0.03125  -0.393903
-0.21875  -0.456094
-0.03125  -0.405701
0.09375  -0.33207
-0.03125  -0.547946
-0.03125  -0.442446
-0.15625  -0.338332
0  -0.349919
-0.125  -0.319966
-0.15625  -0.454569
-0.09375  -0.309994
-0.0625  -0.623978
-0.40625  -0.461584
0.125  -0.362923
-0.0625  -0.0950366
0.03125  -0.346069
-0.09375  -0.153741
0.15625  -0.370954
0.09375  -0.288273
0.09375  -0.263301
-0.03125  -0.435901
-0.125  -0.382859
0.0625  -0.371159
-0.1875  -0.355918
-0.03125  -0.232451
-0.03125  -0.353764
-0.1875  -0.477343
0.40625  -0.287773
0.125  -0.319075
-0.0625  -0.467954
0.0625  -0.271692
0.1875  -0.11659
0.03125  -0.331607
-0.03125  -0.472063
0.09375  -0.282211
0.03125  -0.376294
-0.28125  -0.277966
0.09375  -0.0681644
-0.0625  -0.396833
0.03125  -0.177244
0  -0.475901
-0.09375  -0.276374
0.0625  -0.133007
-0.09375  -0.313132
0.0625  -0.171248
-0.0625  -0.176656
0.0625  -0.348826
-0.25  -0.467839
0.0625  -0.132229
0.125  -0.271367
-0.15625  -0.199826
-0.21875  -0.33577
0.0625  -0.213832
-0.03125  -0.420306
0  -0.242773
0.03125  -0.245675
0.03125  -0.522985
-0.21875  -0.496136
-0.03125  -0.0591309
0.0625  -0.2579
0.15625  -0.39742
0.1875  -0.215012
-0.09375  -0.377746
0.21875  -0.417453
0  -0.27957
-0.1875  -0.517515
0.0625  -0.351815
0  -0.359291
-0.03125  -0.310381
0.0625  -0.122694
0.03125  -0.296237
-0.34375  -0.312983
-0.125  -0.196048
0.15625  -0.313105
-0.03125  -0.235005
-0.21875  -0.182894
0.09375  -0.414617
-0.125  -0.356631
0.03125  -0.375717
-0.03125  -0.411507
0.15625  -0.309623
-0.125  -0.461908
-0.03125  -0.240784
0.15625  -0.248768
-0.15625  -0.376634
0.25  -0.213937
0.0625  -0.490755
0.03125  -0.400243
-0.0625  -0.235536
-0.0625  -0.338981
-0.0625  -0.473519
-0.125  -0.480089
0.1875  -0.253647
0.03125  -0.459919
0.125  -0.223133
-0.09375  -0.241855
-0.03125  -0.416254
0  -0.449208
0.125  -0.42208
-0.03125  -0.163238
0.28125  -0.223345
-0.03125  -0.322287
-0.15625  -0.262594
-0.0625  -0.563123
-0.0625  -0.24167
0.15625  -0.451225
-0.0625  -0.217513
0.09375  -0.236918
0.03125  -0.115691
-0.1875  -0.416629
-0.21875  -0.294173
0.09375  -0.359765
0.15625  -0.229141
-0.03125  -0.30028
-0.28125  -0.357952
-0.0625  -0.43447
0.0625  -0.327462
-0.03125  -0.274151
-0.09375  -0.286397
-0.09375  -0.222883
0.03125  -0.277369
-0.03125  -0.26067
-0.15625  -0.454765
0.0625  -0.304753
0.09375  -0.454159
-0.125  -0.151644
0.28125  -0.54809
-0.0625  -0.344219
-0.09375  -0.411499
-0.09375  -0.335028
0  -0.157475
-0.15625  -0.279981
-0.03125  -0.422385
-0.125  -0.27917
0.09375  -0.10359
-0.1875  -0.159794
0.3125  -0.40738
0.09375  -0.255592
0.125  -0.330307
-0.03125  -0.406662
0  -0.317147
-0.1875  -0.432807
0.25  -0.564329
0.15625  -0.37747
0.0625  -0.231585
-0.09375  -0.380813
-0.0625  -0.571026
-0.125  -0.315138
-0.0625  -0.455372
-0.0625  -0.421813
-0.1875  -0.480348
0.125  -0.236941
-0.09375  -0.365169
0.125  -0.343914
-0.03125  -0.288778
-0.0625  -0.584666
0.21875  -0.328632
0.03125  -0.337567
0.1875  -0.387459
0.25  -0.472237
0.125  -0.518827
0.0625  -0.319078
-0.1875  -0.175868
0  -0.287098
-0.125  -0.492359
-0.28125  -0.494982
0  -0.426631
0.09375  -0.388181
-0.03125  -0.198206
0.0625  -0.509122
0.15625  -0.336346
0  -0.137905
-0.0625  -0.240248
-0.3125  0.0048099
0.15625  -0.27908
-0.09375  -0.242782
0.1875  -0.204187
-0.125  -0.49517
-0.0625  -0.211271
-0.125  -0.308953
0  -0.352157
-0.125  -0.294715
0  -0.394606
-0.09375  -0.354735
-0.09375  -0.158441
-0.1875  -0.495713
0.0625  -0.533865
0.0625  -0.328015
-0.09375  -0.192368
0.03125  -0.44226
0.1875  -0.371407
0.0625  -0.54706
-0.09375  -0.223479
-0.03125  -0.435966
0.21875  -0.411132
0.0625  -0.487502
-0.15625  -0.178205
-0.03125  -0.271917
-0.15625  -0.378813
0.15625  -0.438527
-0.0625  -0.291875
-0.15625  -0.365267
-0.28125  -0.292657
0.0625  -0.24504
-0.0625  -0.338817
-0.09375  -0.32808
0.125  -0.483623
-0.09375  -0.342049
0.09375  -0.318572
-0.09375  -0.258524
-0.0625  -0.275986
0.15625  -0.41519
-0.1875  -0.452539
-0.09375  -0.233357
-0.03125  -0.375417
0.125  -0.193049
-0.15625  -0.549631
0.0625  -0.323075
0.03125  -0.323901
-0.09375  -0.469173
0.03125  -0.236083
-0.0625  -0.415073
-0.0625  -0.158919
0  -0.237875
-0.1875  -0.203907
0.15625  -0.216999
0.0625  -0.10188
0.3125  -0.385585
0.09375  -0.198256
0  -0.488505
0  -0.190182
-0.03125  -0.24645
-0.15625  -0.42865
-0.03125  -0.321362
-0.03125  -0.470015
0  -0.364685
0.03125  -0.241859
0.03125  -0.179095
-0.03125  -0.210045
0.03125  -0.281996
0.125  -0.302258
0.3125  -0.426195
0.0625  -0.215202
-0.09375  -0.412962
-0.03125  -0.455555
-0.09375  -0.135256
-0.09375  -0.27566
-0.03125  -0.322794
0.125  -0.348667
-0.15625  -0.352514
0.25  -0.366
0.125  -0.525747
-0.125  -0.252905
-0.21875  -0.268731
-0.09375  -0.348219
0.03125  -0.159916
-0.1875  -0.0662623
-0.09375  -0.349223
-0.09375  -0.401221
-0.15625  -0.298201
0.0625  -0.25665
0.125  -0.327646
0  -0.388657
-0.03125  -0.269443
0.28125  -0.318765
0.03125  -0.31931
0.15625  -0.318728
0.1875  -0.555653
-0.0625  -0.413401
0.125  -0.38331
0.0625  -0.162561
0.15625  -0.264805
0.0625  -0.105609
0.15625  -0.338383
0.21875  -0.443148
-0.03125  -0.490241
0.0625  -0.487315
0.03125  -0.280068
0  -0.393683
0.03125  -0.349263
-0.125  -0.321403
-0.0625  -0.289563
0.0625  -0.409474
-0.21875  -0.34667
0.09375  -0.315728
0.03125  -0.605488
0.0625  -0.362308
-0.09375  -0.531841
-0.125  -0.438868
0.15625  -0.432731
0  -0.426625
0.03125  -0.221583
-0.09375  -0.308944
-0.1875  -0.283074
-0.0625  -0.284338
0.15625  -0.372794
-0.15625  -0.216217
-0.03125  -0.129694
-0.28125  -0.256759
-0.125  -0.546051
0.0625  -0.377559
0  -0.314028
-0.09375  -0.314611
-0.0625  -0.319031
-0.03125  -0.464732
-0.125  -0.188838
-0.125  -0.151271
0  -0.088252
-0.125  -0.444434
0.21875  -0.289194
-0.0625  -0.360865
0.09375  -0.314052
-0.09375  -0.271686
0  -0.291909
0.09375  -0.373915
0.09375  -0.224199
0.1875  -0.307404
-0.03125  -0.263866
-0.125  -0.187343
-0.0625  -0.379635
-0.03125  -0.482064
0  -0.377835
-0.125  -0.23074
0.15625  -0.533021
0  -0.549628
0.09375  -0.402144
-0.0625  -0.264579
0.1875  -0.3844
-0.03125  -0.381124
0.09375  -0.301543
0.21875  -0.431859
-0.125  -0.302269
0  -0.517612
0.125  -0.0705456
0.3125  -0.28764
0  -0.363611
0.0625  -0.48153
-0.03125  -0.399112
-0.0625  -0.444202
0.09375  -0.435498
0.09375  -0.505468
0  -0.475513
0.09375  -0.185627
0.21875  -0.244316
0.09375  -0.419467
0  -0.445351
0.25  -0.356476
0.03125  -0.0751878
-0.03125  -0.404283
0.09375  -0.355409
-0.03125  -0.312973
-0.1875  -0.42129
-0.03125  -0.570884
0.15625  -0.257151
-0.03125  -0.348042
0.0625  -0.281318
0.0625  -0.362161
0.09375  -0.157243
-0.0625  -0.41133
0.09375  -0.23075
-0.09375  -0.197577
0.03125  -0.447144
-0.1875  -0.396112
0.03125  -0.257789
0.15625  -0.471223
0  -0.338423
-0.03125  -0.249916
-0.03125  -0.419929
0.15625  -0.277748
-0.25  -0.435286
-0.09375  -0.467435
0.09375  -0.251466
-0.09375  -0.272383
-0.0625  -0.167629
0.09375  -0.484927
-0.03125  -0.348111
-0.09375  -0.272432
-0.25  -0.153882
0  -0.268783
-0.15625  -0.248644
-0.0625  -0.540143
0  -0.522656
0.15625  -0.416763
-0.09375  -0.246252
0.03125  -0.383946
-0.1875  -0.182254
-0.09375  -0.293074
-0.125  -0.340787
-0.1875  -0.383258
0.15625  -0.189916
0.15625  -0.307749
-0.03125  -0.245798
0.125  -0.314872
-0.0625  -0.208482
-0.125  -0.32002
-0.0625  -0.269238
0.03125  -0.343216
-0.1875  -0.397484
0  -0.3544
-0.09375  -0.177261
-0.0625  -0.665677
-0.09375  -0.190492
-0.03125  -0.380399
-0.03125  -0.205687
0  -0.325435
0.125  -0.416243
0.03125  -0.221981
0.125  -0.375459
-0.21875  -0.453445
0.3125  -0.102482
0  -0.330573
-0.0625  -0.298988
0  -0.419129
-0.03125  -0.225699
-0.0625  -0.495998
0  -0.491447
0.0625  -0.320975
-0.09375  -0.333204
0.03125  -0.372003
0  -0.139847
0.09375  -0.036595
0.125  -0.500284
0.21875  -0.188031
-0.09375  -0.35485
0.1875  -0.289242
0.15625  -0.426103
-0.1875  -0.207394
-0.21875  -0.294153
-0.0625  -0.357099
0  -0.197423
0.03125  -0.29638
0.03125  -0.323406
0.03125  -0.460395
-0.0625  -0.328816
0.125  -0.381303
-0.21875  -0.348917
-0.125  -0.179699
-0.03125  -0.213984
0.15625  -0.280127
0.125  -0.384576
-0.0625  -0.556594
-0.3125  -0.228755
0.125  -0.429579
0.125  -0.400991
-0.0625  -0.394148
-0.125  -0.209011
-0.03125  -0.209134
0.03125  -0.323095
0.0625  -0.177493
-0.125  -0.371794
0.0625  -0.37563
-0.03125  -0.424877
-0.1875  -0.0330285
0.1875  -0.503289
0.125  -0.395606
0.0625  -0.266487
-0.09375  -0.414523
-0.1875  -0.323459
0.21875  -0.643648
0.21875  -0.529994
-0.03125  -0.296125
-0.0625  -0.377119
-0.125  -0.514907
-0.03125  -0.318624
0  -0.240105
-0.125  -0.098827
0.25  -0.526691
-0.09375  -0.458054
-0.09375  -0.439258
-0.09375  -0.206702
0.0625  -0.234283
-0.03125  -0.358866
-0.125  -0.453076
0.0625  -0.433847
0.21875  -0.553057
-0.21875  -0.478356
0.0625  -0.432853
0.03125  -0.429866
-0.0625  -0.211411
0  -0.43325
-0.03125  -0.251093
0.0625  -0.435397
-0.03125  -0.387867
-0.15625  -0.294907
0.125  -0.504754
0.28125  -0.46304
0  -0.287529
0  -0.151001
-0.03125  -0.485788
0.125  -0.271472
0.21875  -0.289757
0.0625  -0.12862
0.21875  -0.325452
-0.15625  -0.274545
0.0625  -0.309632
-0.03125  -0.44438
0  -0.284531
-0.0625  -0.165535
0.125  -0.409532
0.0625  -0.365159
-0.09375  -0.403779
-0.125  -0.437309
0.03125  -0.290921
-0.09375  -0.299404
-0.21875  -0.269906
-0.1875  -0.263777
0.0625  -0.353478
0.125  -0.412973
0  -0.303482
-0.03125  -0.253787
0.125  -0.460532
0.09375  -0.348901
0.125  -0.402938
-0.15625  -0.299729
-0.1875  -0.353638
0.09375  -0.176966
-0.1875  -0.281278
0.15625  -0.45546
0.0625  -0.197262
0  -0.257318
0.15625  -0.402731
-0.09375  -0.500575
0.03125  -0.181602
0.09375  -0.197532
-0.09375  -0.408413
-0.15625  -0.45877
0.15625  -0.256464
-0.03125  -0.42532
-0.0625  -0.353638
-0.1875  -0.304538
0.09375  -0.416347
0  -0.313749
-0.1875  -0.390956
-0.15625  -0.45911
0.1875  -0.300198
-0.28125  -0.460512
0.09375  -0.198409
-0.09375  -0.177752
-0.15625  -0.511092
-0.1875  -0.0162523
0.28125  -0.33986
-0.03125  -0.108688
-0.03125  -0.311254
0.1875  -0.143095
0.1875  -0.200233
0.0625  -0.358402
0.125  -0.259167
0.03125  -0.295761
0.125  -0.0762425
-0.15625  -0.308191
0.03125  -0.206923
-0.15625  -0.404834
-0.28125  -0.0525665
-0.125  -0.251119
0.0625  -0.350641
-0.15625  -0.36319
0.34375  -0.314778
-0.21875  -0.612069
0.125  -0.224626
0.21875  -0.531601
0.09375  -0.435617
0.03125  -0.127391
0.03125  -0.510824
-0.09375  -0.32188
-0.03125  -0.391879
0.1875  -0.286238
0.09375  -0.364421
-0.15625  -0.209997
-0.03125  -0.393294
0.03125  -0.138473
-0.125  -0.294473
0  -0.211424
-0.21875  -0.318539
-0.15625  -0.376529
-0.09375  -0.390973
-0.0625  -0.140709
0.03125  -0.23849
0  -0.459579
0.09375  -0.127532
-0.09375  -0.457954
-0.125  -0.564592
-0.09375  -0.271449
-0.21875  -0.153034
-0.09375  -0.449839
0.09375  -0.40949
-0.125  -0.437818
0.21875  -0.404433
0.03125  -0.317607
0.03125  -0.579292
0.15625  -0.242866
-0.125  -0.388407
0.15625  -0.300549
0.03125  -0.309082
0.09375  -0.401885
-0.09375  -0.311874
-0.125  -0.134147
-0.25  -0.256969
-0.125  -0.406177
-0.25  -0.285758
-0.03125  -0.208027
0.03125  -0.446961
-0.03125  -0.308229
0.0625  -0.344782
0.09375  -0.422977
-0.15625  -0.0751563
-0.125  -0.263061
-0.3125  -0.351896
0.21875  -0.191901
0  -0.361887
-0.25  -0.196231
-0.25  -0.379982
0.03125  -0.340702
0.03125  -0.482162
-0.0625  -0.377995
0.15625  -0.264476
0  -0.365684
0  -0.605546
-0.21875  -0.25067
0.03125  -0.38427
0  -0.461612
0  -0.404289
0.03125  -0.299779
0.09375  -0.229442
-0.09375  -0.397604
0.09375  -0.414048
0.25  -0.435755
0  -0.486124
-0.125  -0.368413
-0.21875  -0.379596
-0.15625  -0.434222
0.125  -0.276951
0.03125  -0.379727
0.03125  -0.378402
0.09375  -0.193517
-0.03125  -0.325617
-0.0625  -0.406129
0  -0.310549
0.0625  -0.161797
0  -0.480433
0.03125  -0.35758
-0.15625  -0.470113
0.25  -0.33272
-0.1875  -0.411923
-0.03125  -0.255836
0.0625  -0.204306
0.0625  -0.247571
0.03125  -0.319153
0.15625  -0.277181
0.03125  -0.42617
-0.125  -0.341156
-0.125  -0.353452
-0.4375  -0.339289
-0.09375  -0.413025
0.03125  -0.30168
0.125  -0.396217
0.3125  -0.434666
0  -0.285577
-0.03125  -0.469601
0.125  -0.469977
0.125  -0.604087
0.03125  -0.180077
0.1875  -0.261963
-0.09375  -0.301045
-0.03125  -0.442557
-0.03125  -0.289784
0.03125  -0.383182
-0.125  -0.180801
0  -0.336141
0.0625  -0.270163
0.0625  -0.361296
0.03125  -0.559405
0.09375  -0.338971
-0.15625  -0.345109
0.09375  -0.473437
-0.1875  -0.506501
0.34375  -0.213497
-0.03125  -0.485049
0  -0.2536
-0.0625  -0.32608
0  -0.329424
-0.25  -0.42253
-0.0625  -0.322783
0  -0.388895
-0.09375  -0.0943381
-0.09375  -0.599349
-0.0625  -0.327811
-0.15625  -0.45835
-0.15625  -0.227917
-0.09375  -0.40724
0.15625  -0.383211
0.03125  -0.277013
0  -0.384337
0  -0.341392
-0.09375  -0.220554
-0.125  -0.1719
-0.3125  -0.150578
0.125  -0.406046
0.09375  -0.249028
0.03125  -0.186689
0.0625  -0.478033
-0.15625  -0.365094
0  -0.385363
0.0625  -0.17444
-0.03125  -0.315528
-0.09375  -0.292303
0.15625  -0.270832
-0.3125  -0.403252
0.09375  -0.38283
0  -0.30167
0  -0.304904
0.0625  -0.371991
-0.0625  -0.258354
-0.28125  -0.440176
0.28125  -0.32806
0.125  -0.182676
-0.15625  -0.267572
0.15625  -0.290586
0.0625  -0.303281
0  -0.331256
0  -0.143292
0.125  -0.409533
0.0625  -0.404584
0.03125  -0.26538
0.0625  -0.387007
0  -0.36523
0.15625  -0.335283
0.03125  -0.196901
0.09375  -0.269066
-0.09375  -0.259167
0.09375  -0.340045
0.1875  -0.35452
0  -0.451857
-0.1875  -0.395125
0.0625  -0.230759
-0.0625  -0.314003
-0.21875  -0.417836
-0.125  -0.339416
-0.125  -0.222037
-0.0625  -0.376046
-0.09375  -0.305827
0.09375  -0.306982
-0.15625  -0.293158
-0.25  -0.26512
-0.03125  -0.258427
-0.09375  -0.169862
-0.03125  -0.411408
0.0625  -0.30604
-0.125  -0.344081
-0.03125  -0.359501
-0.03125  -0.240168
0  -0.396538
0.1875  -0.309247
-0.0625  -0.488725
0.125  -0.376275
0.15625  -0.337017
0.0625  -0.280208
0.03125  -0.30348
-0.125  -0.376701
-0.15625  -0.453592
0.09375  -0.39364
-0.125  -0.376349
0.125  -0.409028
-0.125  -0.346023
-0.0625  -0.176907
0.03125  -0.432795
0.09375  -0.00897065
0.03125  -0.474635
0.0625  -0.176591
-0.21875  -0.348991
-0.0625  -0.170035
-0.09375  -0.351193
-0.03125  -0.0353324
0.15625  -0.471339
-0.125  -0.315141
0.03125  -0.174683
-0.03125  -0.532248
0.0625  -0.454597
0  -0.290281
0.0625  -0.197197
0  -0.150923
0.15625  -0.283799
0.0625  -0.102675
-0.09375  -0.311089
0.03125  -0.337695
0.03125  -0.406477
0.09375  -0.436738
0.125  -0.099802
-0.1875  -0.308912
0.15625  -0.305005
0.125  -0.346372
-0.21875  -0.391681
0.1875  -0.187113
0.09375  -0.306076
0.0625  -0.547539
0.15625  -0.518518
0.0625  -0.298688
0.03125  -0.239667
-0.1875  -0.0834815
-0.03125  -0.487247
-0.125  -0.308927
0.0625  -0.356962
0.15625  -0.301445
-0.0625  -0.351507
0  -0.301896
0.125  -0.278941
-0.09375  -0.424463
-0.09375  -0.12022
0.09375  -0.331016
-0.03125  -0.602633
0  -0.103742
0.1875  -0.271732
-0.28125  -0.490331
0.09375  -0.370348
0  -0.365977
-0.3125  -0.461184
-0.09375  -0.46018
0  -0.0700525
0.21875  -0.214602
0.03125  -0.295924
0.0625  -0.338136
0  -0.162708
0.0625  -0.17471
0.125  -0.300763
-0.09375  -0.473145
-0.03125  -0.405922
-0.0625  -0.323063
0.09375  -0.210021
0.1875  -0.352776
-0.125  -0.285627
-0.09375  -0.444118
-0.15625  -0.288231
-0.09375  -0.129369
-0.09375  -0.524546
-0.1875  -0.480158
0.0625  -0.165047
0.03125  -0.37676
-0.03125  -0.22576
0.15625  -0.216961
0.03125  -0.646782
0.125  -0.402365
-0.1875  -0.491952
0.03125  -0.389333
0.09375  -0.362467
0.21875  -0.379221
0.15625  -0.211445
-0.125  -0.286651
-0.09375  -0.287141
0.03125  -0.296865
0.34375  -0.374219
0.125  -0.277924
0.1875  -0.334868
0  -0.314396
0.03125  -0.439251
0.125  -0.119462
-0.03125  -0.46973
-0.09375  -0.428485
0  -0.499597
0.03125  -0.657536
0.1875  -0.328711
-0.03125  -0.305467
-0.15625  -0.234033
0  -0.564119
0  -0.338986
0.1875  -0.349786
0.1875  -0.315445
0  -0.179853
0.21875  -0.176142
-0.1875  -0.345324
-0.09375  -0.25123
0.0625  -0.370298
0.03125  -0.274275
-0.125  -0.400712
0.03125  -0.526788
-0.0625  -0.506429
-0.15625  -0.352248
0.15625  -0.184619
-0.03125  -0.236138
-0.03125  -0.193744
-0.0625  -0.389861
-0.0625  -0.305958
-0.03125  -0.267167
-0.21875  -0.120463
-0.1875  -0.333534
0.21875  -0.310649
-0.03125  -0.534707
0  -0.156453
-0.3125  -0.406134
-0.09375  -0.325075
0.03125  -0.413709
0.3125  -0.35706
0  -0.249753
-0.1875  -0.301559
0.28125  -0.355712
0  -0.477668
-0.0625  -0.488982
-0.1875  -0.454494
-0.03125  -0.267503
-0.125  -0.39743
0  -0.147073
0.09375  -0.0250009
-0.03125  -0.510863
0  -0.682698
0.0625  -0.223542
0.125  -0.303511
0.03125  -0.452499
-0.125  -0.194888
0  -0.149235
0.25  -0.21628
-0.0625  -0.0671847
-0.0625  -0.203088
0.03125  -0.301876
0.125  -0.331812
0.0625  -0.408067
-0.15625  -0.333953
0.1875  -0.222376
0.03125  -0.302054
-0.28125  -0.307574
0.125  -0.253917
-0.09375  -0.264139
0.15625  -0.158518
0.3125  -0.540062
-0.15625  -0.246963
0.15625  -0.202823
0.03125  -0.380789
-0.0625  -0.34826
0.09375  -0.204818
0.03125  -0.246851
0.09375  -0.0442202
0.03125  -0.557727
0.09375  -0.230284
0  -0.194601
-0.03125  -0.08142
-0.0625  -0.34096
-0.15625  -0.160461
-0.03125  -0.343865
0.15625  -0.372374
0.09375  -0.303481
-0.0625  -0.208652
-0.15625  -0.387967
0.09375  -0.337236
0  -0.23524
-0.09375  -0.36109
-0.3125  -0.346054
-0.03125  -0.4923
0.15625  -0.365845
0.21875  -0.392189
0.03125  -0.382763
0  -0.318434
0  -0.171824
0.03125  -0.497903
-0.03125  -0.384856
-0.1875  -0.49582
-0.15625  -0.258948
0.25  -0.409055
0.1875  -0.164639
0  -0.312766
0.0625  -0.322755
-0.0625  -0.198098
0.0625  -0.338615
0.25  -0.3892
0.0625  -0.247752
-0.15625  -0.418101
0.03125  -0.44464
0  -0.447998
0.15625  -0.455668
-0.125  -0.246572
-0.15625  -0.403728
0.125  -0.325441
-0.1875  -0.387607
-0.125  -0.164927
-0.03125  -0.388279
0.15625  -0.125887
-0.375  -0.311922
0.25  -0.38774
-0.25  -0.371019
-0.0625  -0.429417
0.125  -0.152112
0.03125  -0.428923
-0.03125  -0.597058
-0.03125  -0.370196
0.0625  -0.356473
0.25  -0.492095
-0.28125  -0.170377
0  -0.546528
0.09375  -0.314665
0  -0.31652
0.0625  -0.362635
0.1875  -0.149565
-0.0625  -0.230226
0.15625  -0.279557
0.09375  -0.348095
-0.125  -0.372937
-0.21875  -0.266763
-0.0625  -0.491848
0.21875  -0.357923
0.15625  -0.294304
-0.1875  -0.467683
0  -0.209073
0.1875  -0.358909
-0.0625  -0.354788
-0.15625  -0.351231
-0.0625  -0.29287
0.03125  -0.21889
0.03125  -0.18214
-0.15625  -0.295152
0.21875  -0.567562
-0.28125  -0.529648
0  -0.504373
-0.25  -0.52417
-0.3125  -0.519822
-0.125  -0.273139
0.125  -0.566704
0.09375  -0.351106
0  -0.215247
0.1875  -0.43033
-0.28125  -0.170306
0.25  -0.29264
0  -0.246977
0.0625  -0.384505
-0.125  -0.334989
-0.25  -0.345142
0.0625  -0.450649
-0.1875  -0.537912
0.03125  -0.216419
-0.09375  -0.390443
0.125  -0.307482
0.09375  -0.335718
0.1875  -0.598576
-0.34375  -0.0774479
0.03125  -0.186103
0.03125  -0.37564
-0.125  -0.207928
-0.03125  -0.462479
-0.1875  -0.389283
0  -0.256865
-0.125  -0.410674
-0.03125  -0.342026
-0.09375  -0.36407
0.125  -0.0848469
-0.03125  -0.272102
0.15625  -0.262844
-0.15625  -0.354018
-0.0625  -0.313572
0.21875  -0.15081
0.125  -0.275298
0.09375  -0.484475
-0.15625  -0.448627
0.0625  -0.387913
-0.09375  -0.444952
-0.03125  -0.435554
-0.125  -0.538763
-0.03125  -0.430379
-0.0625  -0.344932
-0.125  -0.388869
0.21875  -0.325814
0.34375  -0.390452
-0.09375  -0.285199
-0.125  -0.413729
-0.03125  -0.306916
0.125  -0.449956
0  -0.139398
0.0625  -0.408677
0.125  -0.417506
-0.03125  -0.389659
-0.125  -0.212521
-0.03125  -0.201109
-0.09375  -0.365741
-0.1875  -0.20569
0  -0.549674
0.1875  -0.482973
-0.125  -0.544216
-0.03125  -0.190867
0.1875  -0.356508
-0.03125  -0.394229
0.125  -0.227806
-0.125  -0.422248
0.03125  -0.368947
0.21875  -0.352558
0.25  -0.348363
-0.09375  -0.366739
0.15625  -0.412116
-0.1875  -0.20898
-0.1875  -0.423419
0  -0.194763
-0.03125  -0.370865
0.03125  -0.379229
0  -0.137919
-0.21875  -0.483615
-0.40625  -0.383475
0  -0.445529
-0.0625  -0.333079
-0.03125  -0.344598
0.03125  -0.392391
0.09375  -0.160647
0.15625  -0.174945
0.1875  -0.295589
0  -0.355005
0  -0.343126
0.03125  -0.370074
0.15625  -0.197707
0  -0.369724
-0.09375  -0.238684
0  -0.297414
0.1875  -0.326812
-0.1875  -0.190515
0.03125  -0.148193
0  -0.235476
0  -0.248201
-0.03125  -0.213562
0.09375  -0.430032
0  -0.281015
0  -0.138953
-0.1875  -0.253686
-0.03125  -0.462916
0.09375  -0.39581
0.03125  -0.211707
-0.1875  -0.152718
0.03125  -0.276048
0.15625  -0.295246
-0.34375  -0.407611
0  -0.331155
0.09375  -0.255924
0.15625  -0.149799
0.0625  -0.33922
0.09375  -0.423472
0  -0.453749
0.25  -0.45832
0.125  -0.423459
0.0625  -0.347966
-0.1875  -0.273929
-0.125  -0.28852
-0.03125  -0.47331
0.03125  -0.513006
-0.125  -0.454333
0.03125  -0.301425
0  -0.385493
-0.125  -0.202502
0.03125  -0.455194
0  -0.372636
0.21875  -0.336524
-0.125  -0.190497
0.09375  -0.397837
0.15625  -0.333348
-0.15625  -0.370125
-0.125  -0.342242
0.09375  -0.634237
-0.21875  -0.254254
-0.15625  -0.4831
0.1875  -0.407561
0.0625  -0.378278
0.0625  -0.340013
-0.03125  -0.287168
-0.25  -0.301746
-0.125  -0.370958
0.15625  -0.483808
-0.0625  -0.532441
-0.03125  -0.197267
0.03125  -0.229595
0.15625  -0.548451
-0.03125  -0.181955
-0.1875  -0.269828
0.03125  -0.599705
-0.125  -0.392332
0.15625  -0.4431
0  -0.354479
0.15625  -0.262738
-0.125  -0.492266
0.03125  -0.348142
-0.125  -0.236702
-0.3125  -0.436995
-0.03125  -0.317344
0.21875  -0.264241
0.25  -0.494731
-0.0625  -0.230853
-0.03125  -0.222003
-0.15625  -0.48418
0.09375  -0.36344
-0.15625  -0.192579
0.03125  -0.3696
-0.03125  -0.44345
-0.03125  -0.259211
-0.1875  -0.196943
-0.125  -0.341115
-0.125  -0.379157
0.09375  -0.362247
0.0625  -0.332506
0.21875  -0.446623
0  -0.286389
0.0625  -0.411145
-0.09375  -0.23565
0.15625  -0.318968
0.03125  -0.0765725
0  -0.317241
-0.03125  -0.180677
-0.09375  -0.410235
0.0625  -0.338199
0  -0.567457
0.15625  -0.533923
-0.03125  -0.268484
-0.15625  -0.353776
-0.1875  -0.410622
0.0625  -0.0390528
-0.21875  -0.208979
0.21875  -0.29871
-0.15625  -0.376311
0.09375  -0.356002
0.03125  -0.42513
0.03125  -0.324366
-0.28125  -0.230117
0.0625  -0.19695
0.09375  -0.38333
0.0625  -0.342142
0.1875  -0.140744
-0.03125  -0.43196
0  -0.222669
0.09375  -0.390702
-0.15625  -0.531765
0.1875  -0.287258
0  -0.282074
-0.1875  -0.30968
-0.1875  -0.274273
0.125  -0.446934
-0.125  -0.164877
0.125  -0.413337
0  -0.325706
-0.09375  -0.0895704
0.03125  -0.280481
-0.0625  -0.326323
-0.3125  -0.412821
-0.03125  -0.453284
0.03125  -0.347854
0.09375  -0.572739
0.21875  -0.230693
0.09375  -0.22961
0.15625  -0.298441
0.34375  -0.413397
0.125  -0.195581
-0.25  -0.441434
0.15625  -0.23862
-0.0625  -0.44492
0.09375  -0.247281
0.25  -0.244204
0.15625  -0.495057
0  -0.434062
0.125  -0.186308
0.21875  -0.406745
-0.09375  -0.552302
-0.09375  -0.225661
-0.09375  -0.131984
-0.125  -0.215554
-0.21875  -0.345693
-0.1875  -0.197385
0.125  -0.368547
0.09375  -0.236259
0.21875  -0.241091
-0.3125  -0.391097
-0.09375  -0.470794
-0.15625  -0.399737
0.0625  -0.525853
-0.21875  -0.363866
-0.15625  -0.384689
-0.125  -0.322311
-0.0625  -0.303044
-0.03125  -0.47571
0.1875  -0.406712
-0.21875  -0.397867
-0.09375  -0.242688
-0.125  -0.3855
0.0625  -0.359791
-0.03125  -0.364114
-0.09375  -0.451556
0.15625  -0.301401
0  -0.355985
0.15625  -0.280516
-0.0625  -0.451819
0.15625  -0.555422
0.21875  -0.405113
-0.1875  -0.480824
-0.03125  -0.373789
0.0625  -0.244497
-0.1875  -0.236332
-0.1875  -0.436565
-0.125  -0.118124
0  -0.401227
0.0625  -0.351365
-0.03125  -0.301418
0  -0.241496
-0.0625  -0.379017
0.03125  -0.410651
-0.15625  -0.329222
0  -0.290519
-0.125  -0.190602
-0.09375  -0.285309
0.03125  -0.0563076
0.21875  -0.461835
0.15625  -0.393393
-0.09375  -0.332111
-0.125  -0.288071
-0.125  -0.347729
-0.03125  -0.476892
-0.125  -0.276565
-0.09375  -0.182405
-0.15625  -0.130885
-0.09375  -0.438041
0.21875  -0.152395
0.21875  -0.0890386
-0.03125  -0.247236
0.03125  -0.447088
-0.1875  -0.513693
-0.1875  -0.229863
0.21875  -0.233016
0.125  -0.497313
-0.09375  -0.468883
-0.0625  -0.193085
-0.0625  -0.281221
0.09375  -0.48147
0.125  -0.240592
-0.21875  -0.506475
-0.1875  -0.363053
-0.0625  -0.403058
0  -0.331997
-0.125  -0.449816
-0.03125  -0.312377
0.09375  -0.343626
0.0625  -0.0855851
0  -0.238829
-0.09375  -0.418347
0.03125  -0.127401
0  -0.269216
-0.03125  -0.240243
0.03125  -0.190382
0.03125  -0.253295
0.3125  -0.101484
-0.03125  -0.29269
0.1875  -0.449676
-0.0625  -0.434925
-0.125  -0.321216
-0.09375  -0.429736
-0.28125  -0.250895
-0.125  -0.250317
0.09375  -0.287822
0.15625  -0.364243
-0.25  -0.282268
0.09375  -0.253479
0.15625  -0.317637
-0.0625  -0.509157
0.125  -0.415492
-0.0625  -0.410641
-0.15625  -0.394001
-0.21875  -0.44166
-0.03125  -0.302546
0.03125  -0.337071
0.125  -0.612412
0.28125  -0.572519
0  -0.299158
0.125  -0.378337
0.09375  -0.29965
0.125  -0.246108
0.1875  -0.385907
-0.0625  -0.186614
0.03125  -0.159139
0.03125  -0.337995
0  -0.28363
0.03125  -0.224169
-0.1875  -0.373876
-0.1875  -0.330083
-0.21875  -0.335983
0.125  -0.249299
-0.3125  -0.107538
0.1875  -0.282232
0.0625  -0.244266
0.125  -0.488227
0  -0.458025
0.03125  -0.0545306
-0.125  -0.318165
0.0625  -0.444806
-0.03125  -0.282256
0.15625  -0.400672
-0.15625  -0.497194
-0.15625  -0.221942
-0.1875  -0.218081
-0.03125  -0.415053
-0.0625  -0.230099
0.1875  -0.393055
-0.0625  -0.463568
-0.09375  -0.3207
-0.21875  -0.239552
-0.3125  -0.241072
0  -0.263382
0.03125  -0.42914
-0.09375  -0.30534
-0.09375  -0.30562
0.0625  -0.339189
0.09375  -0.33502
-0.09375  -0.376383
-0.03125  -0.433414
-0.09375  -0.239901
0.03125  -0.404831
0.15625  -0.351323
-0.03125  -0.230027
-0.0625  -0.107011
0.125  -0.293504
0.21875  -0.384023
-0.03125  -0.558362
0.0625  -0.285086
-0.09375  -0.137118
0  -0.278123
0.0625  -0.372934
-0.1875  -0.466903
0  -0.34852
0  -0.357836
-0.3125  -0.273537
0.03125  -0.0967413
-0.09375  -0.387537
0.15625  -0.182147
-0.15625  -0.296229
0.0625  -0.285579
0.34375  -0.335924
0.0625  -0.217125
0.125  -0.440095
0.15625  -0.322554
-0.09375  -0.48099
-0.28125  -0.488151
0.09375  -0.432172
-0.09375  -0.314033
0.03125  -0.446728
-0.1875  -0.26534
0.03125  -0.261964
-0.125  -0.291773
0.03125  -0.652079
0  -0.521839
0.09375  -0.248017
0.0625  -0.326379
0.03125  -0.246232
0.34375  -0.437712
-0.125  -0.266745
0.15625  -0.13934
-0.0625  -0.454339
0.125  -0.424708
0  -0.404886
0.3125  -0.280641
0.09375  -0.453638
0.09375  -0.431638
-0.03125  -0.32891
0.0625  -0.475587
-0.125  -0.591995
0.0625  -0.204218
0.125  -0.271347
0.0625  -0.5396
0  -0.297852
0.25  -0.570252
0.21875  -0.391336
0.0625  -0.185846
-0.09375  -0.352916
0.09375  -0.377989
0.125  -0.355342
0.0625  -0.290478
0.25  -0.337932
0.125  -0.325984
0.03125  -0.210799
0.09375  -0.21469
0.09375  -0.407839
0.09375  -0.324752
0.125  -0.241482
0.34375  -0.285148
-0.09375  -0.368133
-0.28125  -0.179179
0.03125  -0.439237
0.0625  -0.124555
0.09375  -0.206013
0.125  -0.124682
-0.09375  -0.380954
-0.28125  -0.358494
0.125  -0.54897
-0.03125  -0.212796
-0.125  -0.364865
0.03125  -0.421338
0.15625  -0.33611
0.125  -0.345892
0.25  -0.538333
-0.125  -0.49516
-0.0625  -0.406044
-0.21875  -0.262053
-0.125  -0.376295
0.1875  -0.277803
0.15625  -0.444137
-0.125  -0.363477
-0.1875  -0.377039
0.21875  -0.203025
0.15625  -0.0450302
0.21875  -0.367888
-0.125  -0.564488
-0.15625  -0.294847
-0.03125  -0.55034
-0.03125  -0.375019
-0.28125  -0.345209
-0.09375  -0.160052
0.0625  -0.329901
0  -0.24395
-0.15625  -0.441965
-0.09375  -0.3458
0.25  -0.313645
0.09375  -0.275989
0.0625  -0.150354
-0.03125  -0.283649
0.125  -0.529489
0.15625  -0.241563
0.125  -0.54242
-0.0625  -0.321036
-0.09375  -0.400599
0.09375  -0.469134
-0.125  -0.346489
0.0625  -0.405441
0.09375  -0.351324
0.21875  -0.458799
-0.34375  -0.354373
-0.125  -0.286664
-0.28125  -0.447146
0.15625  -0.463176
-0.03125  -0.277964
-0.0625  -0.259687
-0.125  -0.160644
-0.125  -0.382444
0.125  -0.232931
-0.25  -0.200065
0.09375  -0.121528
-0.15625  -0.244475
-0.09375  -0.216621
0  -0.192856
0  -0.401524
-0.125  -0.229012
0.03125  -0.374801
0.125  -0.190008
-0.125  -0.237
-0.03125  -0.518497
-0.28125  -0.381908
-0.09375  -0.487539
0.15625  -0.266383
0.0625  -0.116368
0.09375  -0.182614
0.1875  -0.270249
-0.21875  -0.286704
0  -0.135302
-0.1875  -0.287373
-0.0625  -0.384757
-0.03125  -0.250658
-0.09375  -0.160961
-0.03125  -0.222321
-0.125  -0.470751
0.15625  -0.46195
-0.15625  -0.259022
0.1875  -0.171511
0.03125  -0.456007
0.03125  -0.635855
-0.28125  -0.36045
0.03125  -0.360793
0.03125  -0.201953
0.09375  -0.481514
-0.0625  -0.192384
0.0625  -0.375722
0.1875  -0.438219
-0.09375  -0.377427
0.1875  -0.42913
-0.0625  -0.225275
0.0625  -0.104122
0.03125  -0.266732
0.21875  -0.26171
0.0625  -0.256397
-0.125  -0.240052
0  -0.412575
-0.15625  -0.518227
0  -0.369374
-0.25  -0.29944
-0.0625  -0.33488
0  -0.515113
0.03125  -0.290715
-0.15625  -0.13603
-0.125  -0.134759
0.03125  -0.434287
-0.15625  -0.311032
0.0625  -0.37415
-0.09375  -0.155247
-0.0625  -0.254407
-0.0625  -0.142419
-0.15625  -0.375085
0.0625  -0.475901
-0.1875  -0.314549
0.125  -0.391674
-0.0625  -0.283056
0.15625  -0.467056
-0.34375  -0.431475
0.09375  -0.292979
-0.125  -0.263726
-0.21875  -0.286154
-0.03125  -0.197033
0.15625  -0.409824
0.03125  -0.329692
-0.03125  -0.323782
-0.0625  -0.383104
0.03125  -0.0203103
0  -0.207963
-0.03125  -0.184461
0.125  -0.354476
0.03125  -0.185456
-0.3125  -0.378003
-0.125  -0.270871
-0.09375  -0.308946
0.03125  -0.248705
-0.125  -0.362589
0.0625  -0.361135
-0.03125  -0.154266
0.1875  -0.237142
-0.03125  -0.293634
-0.3125  -0.40713
-0.03125  -0.320131
-0.03125  -0.242515
0.1875  -0.442154
0.15625  -0.105925
0.15625  -0.141465
-0.03125  -0.328133
-0.1875  -0.226339
-0.0625  -0.3356
0.03125  -0.122585
0.03125  -0.374018
-0.03125  -0.311451
-0.25  -0.244573
0  -0.458798
0.15625  -0.268518
0  -0.394759
0.09375  -0.44743
0.125  -0.259244
0.1875  -0.374558
-0.25  -0.349257
-0.03125  -0.395907
0.28125  -0.308084
0.125  -0.281815
-0.0625  -0.27958
0.09375  -0.116299
-0.15625  -0.273699
-0.15625  -0.202024
0  -0.150937
0.0625  -0.365166
-0.125  -0.35118
-0.125  -0.360979
0.09375  -0.478032
0  -0.332231
-0.21875  -0.492612
-0.09375  -0.239116
0.03125  -0.330484
0.15625  -0.393652
0.0625  -0.251878
-0.1875  -0.303955
-0.125  -0.33226
0.125  -0.281857
-0.03125  -0.0150217
0.125  -0.369229
0.09375  -0.0462516
-0.03125  -0.416254
-0.0625  -0.225908
-0.28125  -0.148018
-0.0625  -0.0766837
-0.09375  -0.336357
0.09375  -0.327381
0.03125  -0.286158
-0.125  -0.394603
0.09375  -0.474648
0  -0.205557
0  -0.191702
0.15625  -0.333527
0.03125  -0.522421
0.03125  -0.29777
0.0625  -0.2068
-0.1875  -0.567517
-0.125  -0.125745
-0.0625  -0.373509
-0.1875  -0.145179
0.125  -0.337124
0.03125  -0.35451
0.0625  -0.36121
0.03125  -0.174634
-0.15625  -0.185136
-0.03125  0.0231955
0.03125  -0.288927
-0.125  -0.0969364
-0.21875  -0.15899
0.125  -0.44033
0.34375  -0.286903
0.03125  -0.28631
0  -0.217631
0  -0.501785
-0.03125  -0.451594
0.125  -0.263133
-0.1875  -0.505921
-0.03125  -0.228462
0.0625  -0.359538
-0.0625  -0.237358
-0.1875  -0.410876
-0.0625  -0.336684
0.1875  -0.573718
-0.09375  -0.243046
-0.0625  -0.311801
-0.03125  -0.312779
0.15625  -0.261338
-0.03125  -0.203401
-0.0625  -0.437633
-0.1875  -0.218897
0.1875  -0.363789
-0.125  -0.323291
-0.15625  -0.458129
-0.1875  -0.493096
0  -0.482253
0.125  -0.360977
0.03125  -0.117839
-0.15625  -0.260334
0  -0.0858449
-0.03125  -0.242804
0.0625  -0.419513
-0.03125  -0.386157
-0.15625  -0.275532
-0.0625  -0.368778
-0.15625  -0.208875
0  -0.438164
0.15625  -0.172153
-0.15625  -0.42412
-0.0625  -0.324287
0.0625  -0.2341
0.03125  -0.551198
0.03125  -0.0564156
0.1875  -0.4316
-0.0625  -0.339323
0.125  -0.179607
-0.0625  -0.264696
-0.125  -0.211941
0.0625  -0.208525
0  -0.362134
-0.09375  -0.524329
0.15625  -0.475541
0.09375  -0.292359
0  -0.336101
0  -0.34533
-0.125  -0.340409
-0.21875  -0.195432
-0.09375  -0.397518
-0.03125  -0.345309
-0.03125  -0.162169
-0.03125  -0.456721
0.03125  -0.256093
0.0625  -0.274426
0  -0.312851
-0.125  -0.502192
-0.21875  -0.444274
0.03125  -0.385931
0.03125  -0.45052
0.1875  -0.514244
-0.1875  -0.188059
0.25  -0.340751
-0.0625  -0.619989
-0.15625  -0.51133
-0.0625  -0.167567
-0.03125  -0.397482
0  -0.222623
0.03125  -0.190184
-0.21875  -0.261017
-0.03125  -0.535298
-0.15625  -0.241734
-0.03125  -0.388108
-0.0625  -0.522245
0.125  -0.241019
0  -0.162419
0.0625  -0.255848
-0.09375  -0.458832
-0.09375  -0.373158
0.0625  -0.214482
0  -0.297423
0.125  -0.249413
-0.21875  -0.299995
-0.1875  -0.320143
0.125  -0.404147
-0.15625  -0.24785
-0.125  -0.118213
0.125  -0.550031
0.125  -0.343641
-0.21875  -0.343005
0  -0.3163
-0.03125  -0.341035
0.125  -0.308175
-0.125  -0.206256
0.125  -0.42264
-0.09375  -0.106823
0.09375  -0.305467
0.15625  -0.544352
-0.03125  -0.468942
0  -0.349759
0.03125  -0.438129
-0.09375  -0.262917
-0.0625  -0.364616
-0.15625  -0.388701
0.03125  -0.167081
0.0625  -0.41281
0.03125  -0.226817
0.125  -0.533625
0.03125  -0.291565
0.0625  -0.328875
-0.0625  -0.577467
-0.1875  -0.289401
0  -0.281742
-0.0625  -0.496561
-0.1875  -0.31022
0.125  -0.497868
-0.0625  -0.375022
0.125  -0.275964
0.03125  -0.331494
0.21875  -0.31434
0.0625  -0.392528
0.34375  -0.30671
0  -0.201578
0  -0.276184
0.09375  -0.263192
0.09375  -0.244432
-0.09375  -0.285337
0.0625  -0.324456
0.125  -0.262563
-0.28125  -0.174249
-0.03125  -0.330247
-0.0625  -0.421916
0.09375  -0.299215
0.0625  -0.549614
-0.09375  -0.155746
-0.125  -0.418945
0.09375  -0.602255
-0.0625  -0.448321
-0.1875  -0.358325
0  -0.33186
-0.125  -0.294304
-0.0625  -0.23571
-0.03125  -0.313503
-0.15625  -0.313915
-0.1875  -0.361494
0.03125  -0.329612
0.09375  -0.0163416
0.09375  -0.354189
0.25  -0.176398
-0.09375  -0.447824
-0.21875  -0.24927
-0.09375  -0.218746
-0.15625  -0.38252
0  -0.250344
0.03125  -0.168513
0.125  -0.272916
-0.15625  -0.360521
0.0625  -0.212866
0.0625  -0.439102
-0.15625  -0.357705
0  -0.456356
-0.09375  -0.327078
0  -0.330669
0.25  -0.399653
0.15625  -0.126407
0.0625  -0.356721
0.1875  -0.316349
-0.0625  0.00949573
-0.15625  -0.460469
-0.3125  -0.412677
-0.25  -0.342179
0.28125  -0.404769
0.125  -0.330431
-0.0625  -0.328148
0.09375  -0.145034
-0.125  -0.487915
0.1875  -0.229779
-0.03125  -0.120356
0.0625  -0.219561
-0.03125  -0.541784
-0.0625  -0.351481
0.03125  -0.24823
0.03125  -0.447594
0.125  -0.417157
0.03125  -0.331393
-0.09375  -0.588416
0.25  -0.293151
-0.09375  -0.399841
0  -0.383683
0.0625  -0.181442
0.15625  -0.325445
-0.03125  -0.0168144
0.03125  -0.399455
0.21875  -0.236551
0.09375  -0.252452
-0.3125  -0.386625
0  -0.325863
0.03125  -0.228748
-0.15625  -0.249443
-0.0625  -0.35496
0.125  -0.468822
-0.125  -0.327279
0.03125  -0.297163
0  -0.213146
-0.125  -0.447531
0.15625  -0.205276
0.1875  -0.268108
-0.40625  -0.278783
0.09375  -0.424207
0.125  -0.450804
0.09375  -0.341584
-0.1875  -0.35677
0.15625  -0.220804
0.09375  -0.351859
-0.03125  -0.411528
0  -0.407536
0.09375  -0.2806
0.15625  -0.450079
-0.03125  -0.283426
0.0625  -0.541261
-0.0625  -0.198588
0.0625  -0.343821
0.03125  -0.494163
0.03125  -0.455755
0.125  -0.519824
0.125  -0.366385
-0.125  -0.11871
-0.21875  -0.396316
0.0625  -0.228704
0.15625  -0.301345
-0.09375  -0.45705
-0.0625  -0.34494
0.09375  -0.418767
-0.40625  -0.346449
-0.03125  -0.490543
-0.03125  -0.486142
-0.03125  -0.14897
-0.0625  -0.480505
-0.09375  -0.235036
-0.1875  -0.313729
-0.09375  -0.441396
-0.0625  -0.384119
0  -0.221493
0  -0.201839
-0.0625  -0.429696
0.0625  -0.274726
-0.09375  -0.339343
0.0625  -0.311734
0  -0.117716
-0.15625  -0.43119
-0.03125  -0.401334
0.15625  -0.314828
-0.0625  -0.266891
0.21875  -0.210936
0  -0.473997
-0.03125  -0.22539
0  -0.47135
0.03125  -0.369121
0.125  -0.279293
-0.09375  -0.191616
0.125  -0.287985
0.15625  -0.381708
0.0625  -0.100627
-0.0625  -0.370916
-0.125  -0.276769
-0.125  -0.196652
-0.0625  -0.183493
-0.25  -0.444393
-0.0625  -0.323049
0.375  -0.416681
0.03125  -0.293674
0  -0.299114
0.375  -0.46607
0  -0.0828922
0.03125  -0.407978
0.0625  -0.356685
0.0625  -0.125741
-0.03125  -0.407896
0.09375  -0.323264
-0.125  -0.412123
0  -0.483584
0.125  -0.343467
-0.03125  -0.0302881
0.03125  0.0424129
0.09375  -0.000226033
0.09375  -0.337294
-0.03125  -0.194232
-0.0625  -0.349113
-0.0625  -0.51659
-0.03125  -0.439848
-0.0625  -0.25589
-0.15625  -0.229183
0.125  -0.513959
-0.125  -0.192025
-0.0625  -0.349902
-0.21875  -0.323897
-0.125  -0.452697
0.09375  -0.289058
-0.03125  -0.347956
0.0625  -0.28975
-0.15625  -0.380545
-0.1875  -0.328977
-0.09375  -0.332011
0.21875  -0.467345
0  -0.193009
-0.125  -0.271833
0.125  -0.366121
0.25  -0.200458
-0.09375  -0.518604
0.09375  -0.173953
-0.0625  -0.389888
0.0625  -0.396715
-0.0625  -0.36089
-0.125  -0.268126
-0.15625  -0.369838
-0.09375  -0.18249
-0.03125  -0.0316303
0.03125  -0.190977
0.1875  -0.366382
-0.34375  -0.330326
-0.21875  -0.269054
-0.03125  -0.318307
-0.15625  -0.44252
0  -0.458359
0.0625  -0.485371
0.15625  -0.145956
-0.03125  -0.206466
-0.1875  -0.439606
0.03125  -0.525287
-0.03125  -0.416836
-0.03125  -0.38657
-0.09375  -0.347003
0.15625  -0.0970755
-0.0625  -0.208224
-0.125  -0.579468
0.15625  -0.285338
0.03125  -0.187314
0.09375  -0.408065
-0.03125  -0.409124
-0.1875  -0.196457
0.0625  -0.516704
-0.125  -0.150774
-0.0625  -0.248367
0.0625  -0.26675
-0.25  -0.408937
-0.0625  -0.369637
-0.1875  -0.381852
-0.125  -0.45177
0  -0.184492
-0.125  -0.343813
0.09375  -0.361686
-0.21875  -0.357278
-0.25  -0.211581
0.125  -0.240638
-0.125  -0.23204
0.15625  -0.535098
0.125  -0.204088
0.09375  -0.377592
0  -0.363675
-0.15625  -0.437993
0.03125  -0.141986
0.15625  -0.35219
0.15625  -0.30376
0.1875  -0.58387
-0.1875  -0.202877
0.09375  -0.285904
-0.0625  -0.16164
0  -0.452492
0.03125  -0.210952
-0.09375  -0.363333
-0.28125  -0.349311
0.1875  -0.258047
0.03125  -0.511164
-0.03125  -0.262188
0.125  -0.25187
-0.21875  -0.423827
-0.0625  -0.393261
-0.09375  -0.363061
0.03125  -0.343131
-0.125  -0.495495
-0.0625  -0.386889
-0.03125  -0.301257
0.0625  -0.391943
0.125  -0.456426
0  -0.253397
0.1875  -0.477873
-0.15625  -0.259321
0.15625  -0.484956
-0.09375  -0.207971
0.09375  -0.383725
-0.09375  -0.219516
-0.0625  0.0376177
0.21875  -0.217679
0  -0.297056
0  -0.140777
0.125  -0.272226
0  -0.339255
-0.0625  -0.327297
-0.03125  -0.366026
-0.0625  -0.439809
-0.03125  -0.17474
0.03125  -0.34623
-0.125  -0.325369
0.15625  -0.407953
0.40625  -0.39916
0.1875  -0.383065
-0.09375  -0.428636
-0.15625  -0.270773
0  -0.165778
0.03125  -0.382362
-0.0625  -0.353142
-0.09375  -0.396345
0.03125  -0.248102
-0.0625  -0.285822
0.125  -0.496234
-0.1875  -0.483662
0  -0.380507
-0.03125  -0.412473
-0.15625  -0.528478
0.03125  -0.357961
-0.125  -0.431324
-0.125  -0.416906
-0.09375  -0.156761
0  -0.376304
-0.0625  -0.231941
0.03125  -0.511206
0.09375  -0.23883
0.3125  -0.424423
-0.09375  -0.409074
0.0625  -0.349572
-0.09375  -0.43932
0.09375  -0.272541
-0.0625  -0.471479
0.09375  -0.4153
-0.0625  -0.519558
-0.3125  -0.467986
-0.40625  -0.204812
-0.09375  -0.29161
0.03125  -0.451725
0  -0.402021
0  -0.383117
0.03125  -0.301682
0.03125  -0.36457
0  -0.424024
-0.125  -0.341919
0.34375  -0.248365
0.0625  -0.324312
0.0625  -0.119465
0.375  -0.55097
0.15625  -0.331499
0.03125  -0.491146
0  -0.405262
-0.03125  -0.181419
-0.15625  -0.178284
0.15625  -0.439414
0.03125  -0.475754
-0.1875  -0.407277
-0.09375  -0.236054
0.0625  -0.226131
-0.03125  -0.178532
0  -0.438887
0.21875  -0.256472
0  -0.389727
0.03125  -0.376447
-0.0625  -0.274553
-0.125  -0.316211
0.0625  -0.385113
0.0625  -0.313433
-0.03125  -0.358227
-0.25  -0.46739
0.125  -0.218466
-0.15625  -0.229952
-0.125  -0.470014
0  -0.502676
0.1875  -0.285614
0.28125  -0.517909
0.03125  -0.158171
0.3125  -0.0442762
-0.1875  -0.269643
0  -0.373138
0.03125  -0.423084
0.03125  -0.444699
-0.0625  -0.32894
-0.1875  -0.303858
0.15625  -0.0892882
0.21875  -0.435625
0.21875  -0.402123
0.0625  -0.334563
-0.15625  -0.226088
0.03125  -0.249698
0  -0.182777
-0.15625  -0.490816
-0.09375  -0.125475
0.09375  -0.182173
-0.09375  -0.372473
-0.0625  -0.38024
0.0625  -0.214037
0.09375  -0.430362
-0.03125  -0.10357
-0.21875  -0.0774255
-0.25  -0.32884
0.09375  -0.296188
-0.15625  -0.400702
0  -0.43864
0.09375  -0.405162
-0.0625  -0.407427
-0.03125  -0.204646
-0.03125  -0.186742
-0.15625  -0.330349
-0.0625  -0.312513
0.03125  -0.318357
0  -0.510124
-0.09375  -0.331832
-0.25  -0.258006
-0.0625  -0.374705
0  -0.181676
0  -0.536454
0  -0.345196
0.0625  -0.359445
-0.1875  -0.270999
0  -0.250522
0  -0.249462
0  -0.419063
-0.15625  -0.409451
-0.21875  -0.336929
0.125  -0.28971
0.03125  -0.417038
0.09375  -0.528835
-0.09375  -0.0869891
0.0625  -0.394066
0.15625  -0.067261
-0.03125  -0.177605
0.0625  -0.238208
-0.125  -0.4126
0.125  -0.443124
0.0625  -0.321108
-0.09375  -0.415947
0.0625  -0.00440099
-0.125  -0.298434
0  -0.419948
-0.09375  -0.47379
0  -0.327985
0.09375  -0.489241
0.0625  -0.333137
-0.0625  -0.420215
-0.21875  -0.28329
-0.0625  -0.351592
0.0625  -0.242616
0.09375  -0.268708
-0.1875  -0.371579
-0.15625  -0.291516
-0.0625  -0.504703
0.1875  -0.360242
-0.125  -0.510579
0.09375  -0.518664
0.125  -0.35376
-0.28125  -0.440436
-0.09375  -0.467884
0.03125  -0.346491
-0.1875  -0.430074
0  -0.269181
0.21875  -0.394197
0.0625  -0.374313
0.03125  -0.25032
-0.125  -0.377838
0.1875  -0.334662
0.1875  -0.452615
0.125  -0.310189
-0.25  -0.456
0  -0.310771
0  -0.338352
-0.09375  -0.289867
-0.09375  -0.21891
0.21875  -0.325428
0.09375  -0.38018
0.21875  -0.318342
-0.03125  -0.44376
0.03125  -0.261329
0.0625  -0.493938
0.03125  -0.343064
0.03125  -0.242072
-0.03125  -0.325532
-0.125  -0.317265
-0.0625  -0.431096
-0.09375  -0.199241
-0.125  -0.433125
0  -0.387013
-0.125  -0.417882
0.03125  -0.343525
-0.125  -0.476279
-0.25  -0.321568
0.0625  -0.273542
-0.25  -0.457869
-0.15625  -0.299433
-0.0625  -0.156157
0.125  -0.154893
0.1875  -0.325848
0.0625  -0.406284
-0.25  -0.252986
0.21875  -0.2631
0.0625  -0.370297
0.1875  -0.231097
0.15625  -0.127917
0.0625  -0.3415
0.21875  -0.427116
-0.0625  -0.264238
0.09375  -0.374718
-0.15625  -0.290702
0.09375  -0.429513
0.0625  -0.39741
0.0625  -0.125247
0.125  -0.3178
0.15625  -0.439279
-0.03125  -0.323528
-0.1875  -0.462061
-0.15625  -0.418425
-0.21875  -0.0928705
0.03125  -0.386782
0.21875  -0.406114
-0.0625  -0.318401
0.125  -0.193775
0.125  -0.465092
-0.28125  -0.458198
-0.0625  -0.213866
-0.03125  -0.505335
-0.03125  -0.186878
0.0625  -0.334669
0.1875  -0.383037
-0.03125  -0.37137
-0.1875  -0.476491
-0.125  -0.355885
0.09375  -0.339622
-0.125  -0.325866
0.0625  -0.190926
0.0625  -0.243476
0  -0.507327
0  -0.266139
0.0625  -0.351887
0.03125  -0.325197
0  -0.438348
-0.0625  -0.152218
0.0625  -0.32105
0.15625  -0.254732
-0.09375  -0.112346
-0.03125  -0.280422
0.125  -0.469261
0  -0.419414
-0.15625  -0.42378
0.03125  -0.322245
-0.15625  -0.232974
0.03125  -0.0885266
-0.09375  -0.424758
0.03125  -0.416652
0.0625  -0.297624
-0.03125  -0.412244
-0.15625  -0.313325
-0.03125  -0.424146
-0.15625  -0.622086
0.0625  -0.475539
-0.125  -0.255237
0.09375  -0.256893
0.09375  -0.369317
-0.0625  -0.334028
-0.125  -0.265314
0.0625  -0.330633
0.125  -0.438592
0  -0.301273
-0.0625  -0.365794
0.15625  -0.391116
-0.0625  -0.409067
-0.125  -0.285794
0.03125  -0.389006
-0.125  -0.327879
0  -0.513161
-0.09375  -0.0358302
0  -0.411278
0.125  -0.282163
0.0625  -0.33085
0.0625  -0.353842
0.0625  -0.267638
-0.03125  -0.521748
0.125  -0.332072
0.125  -0.315677
-0.09375  -0.252502
0  -0.146235
-0.09375  -0.351807
-0.0625  -0.453163
0.03125  -0.389067
-0.03125  -0.25509
-0.0625  -0.352677
-0.1875  -0.552788
0.09375  -0.297608
0.03125  -0.500439
-0.3125  -0.44323
0  -0.507184
-0.0625  -0.333025
-0.0625  -0.350546
-0.25  -0.203743
-0.21875  -0.269632
-0.03125  -0.38885
0  -0.451332
-0.125  -0.275893
0  -0.336069
-0.09375  -0.397799
0.125  -0.724578
-0.15625  -0.455039
0.09375  -0.289889
-0.15625  -0.397966
0.0625  -0.320984
0.25  -0.188783
-0.125  -0.244227
0.09375  -0.0885698
-0.21875  -0.436189
0.03125  -0.538001
-0.125  -0.290135
-0.0625  -0.203335
0.09375  -0.286325
-0.125  -0.305043
0  -0.399984
0.09375  -0.445973
-0.09375  -0.505592
-0.03125  -0.213769
-0.125  -0.398423
-0.1875  -0.330963
-0.09375  -0.273662
-0.125  -0.316591
-0.0625  -0.318791
0.09375  -0.481124
-0.09375  -0.414491
0.125  -0.487965
-0.09375  -0.300259
0.03125  -0.272412
-0.09375  -0.300444
0.1875  -0.276016
0.125  -0.323417
-0.25  -0.306983
-0.25  -0.108442
-0.0625  -0.499867
0.03125  -0.269277
-0.3125  -0.348105
-0.0625  -0.380213
-0.09375  -0.305923
0.03125  -0.448084
0.09375  -0.360705
0.0625  -0.334907
-0.0625  -0.54974
0.125  -0.185499
0.0625  -0.178227
0  -0.274978
0.125  -0.198014
0.25  -0.435729
0.09375  -0.348527
0.09375  -0.524826
-0.0625  -0.3282
0  -0.196412
0.03125  -0.226441
0  -0.0375763
-0.09375  -0.230015
-0.0625  -0.358722
-0.1875  -0.33983
0.25  -0.193581
-0.15625  -0.208585
-0.125  -0.0622279
-0.28125  -0.0151251
0.0625  -0.295322
-0.125  -0.182838
-0.25  -0.318039
0.1875  -0.326949
0  -0.490282
-0.09375  -0.481848
-0.0625  -0.193997
-0.21875  -0.49156
0.21875  -0.15924
0  -0.106107
-0.21875  -0.511177
0  -0.307305
0.03125  -0.365313
0  -0.339632
0  -0.282047
0.0625  -0.317302
0.09375  -0.44908
-0.03125  -0.527565
-0.0625  -0.499433
-0.0625  -0.412347
0.09375  -0.245162
0.15625  -0.516798
0.03125  -0.385124
0.09375  -0.401998
0.0625  -0.221975
0.03125  -0.288274
-0.125  -0.0858442
-0.03125  -0.353302
-0.09375  -0.325293
0.15625  -0.312845
0.21875  -0.430537
0.21875  -0.231444
-0.0625  -0.109947
0.09375  -0.315541
-0.1875  -0.479368
0  -0.416517
0.03125  -0.561652
0.0625  -0.524348
0.03125  -0.361239
-0.0625  -0.223233
-0.125  -0.317634
-0.3125  -0.195444
0.3125  -0.428317
0.15625  -0.430355
0  -0.291239
-0.03125  -0.307145
0.0625  -0.338882
0.0625  -0.415943
0.28125  -0.281937
0.09375  -0.437377
-0.28125  -0.326161
-0.0625  -0.23995
0.15625  -0.0867891
-0.1875  -0.356468
0.03125  -0.240313
-0.125  -0.415189
0.03125  -0.343559
-0.0625  -0.445657
-0.125  -0.367503
0.125  -0.265761
0.09375  -0.156364
0  -0.377812
0.21875  -0.613426
0.25  -0.428982
-0.15625  -0.249721
0.21875  -0.416552
-0.0625  -0.282482
-0.03125  -0.466713
-0.03125  -0.328423
0.0625  -0.401633
0.21875  -0.265904
-0.0625  -0.0249127
0.0625  -0.31293
0  -0.410099
0.125  -0.15022
-0.15625  -0.308181
0.03125  -0.350086
-0.125  -0.22281
-0.03125  -0.261957
0.125  -0.427714
0.125  -0.500434
0.125  -0.368639
0.1875  -0.36423
0.15625  -0.298565
-0.125  -0.345677
0.03125  -0.258598
-0.15625  -0.362252
-0.09375  -0.552122
-0.0625  -0.320682
0  -0.449407
0.125  -0.564885
0  -0.427813
-0.03125  -0.527239
0.125  -0.262807
-0.0625  -0.252775
0.125  -0.479007
0  0.0281806
0.125  -0.368782
0.0625  -0.207744
0.0625  -0.32858
0  -0.258752
-0.09375  -0.333903
-0.125  -0.23666
-0.125  -0.323157
-0.0625  -0.295603
0.15625  -0.187139
-0.15625  -0.322278
-0.25  -0.208104
0.09375  -0.450954
0.09375  -0.284047
-0.25  -0.473367
-0.1875  -0.270858
0.1875  -0.337757
-0.21875  -0.0482976
-0.09375  -0.408053
0.03125  -0.45136
0.21875  -0.12581
-0.09375  -0.176505
0.1875  -0.267314
-0.21875  -0.153154
-0.09375  -0.39748
0.09375  -0.460002
0  -0.43503
-0.03125  -0.292079
0.1875  -0.186231
-0.28125  -0.356464
-0.34375  -0.461903
-0.03125  -0.20877
0.21875  -0.37951
0.125  -0.318596
-0.03125  -0.0782214
0.0625  -0.341483
0.03125  -0.452561
-0.0625  -0.343075
0.1875  -0.439542
0.0625  -0.405674
0.09375  -0.388659
0.125  -0.477497
0.3125  -0.439358
-0.1875  -0.398015
-0.34375  -0.281493
0.09375  -0.36758
0  -0.54274
-0.0625  -0.35821
-0.1875  -0.143024
0.0625  -0.115093
-0.0625  -0.194899
0.0625  -0.361706
0.0625  -0.267401
0.03125  -0.276143
0.09375  -0.32491
-0.21875  -0.215565
0.03125  -0.322888
0.125  -0.282194
0.03125  -0.429818
0.0625  -0.0969113
0.09375  -0.446186
-0.125  -0.518104
0.0625  -0.26584
-0.125  -0.558026
0.125  -0.276187
-0.09375  -0.408582
-0.0625  -0.466191
-0.0625  -0.287195
0  -0.67828
0  -0.258139
0.1875  -0.137507
0.125  -0.268696
0.15625  -0.414448
0.1875  -0.358681
-0.09375  -0.335316
-0.1875  -0.307486
-0.0625  -0.331245
-0.25  -0.430031
-0.03125  -0.508714
0.03125  -0.282044
0.125  -0.309591
-0.3125  -0.483062
0.09375  -0.026991
0.03125  -0.251421
0.1875  -0.279277
-0.21875  -0.270997
0.0625  -0.143338
-0.125  -0.389218
0.15625  -0.393363
0  -0.270643
0.15625  -0.238461
-0.0625  -0.291629
-0.15625  -0.450859
-0.0625  -0.269393
-0.03125  -0.521468
-0.25  -0.2806
-0.03125  -0.433019
0.03125  -0.199374
-0.09375  -0.430742
0.03125  -0.308764
-0.03125  -0.367621
-0.0625  -0.261993
-0.0625  -0.305241
0.125  -0.443635
0.125  -0.347852
0.0625  -0.305693
-0.1875  -0.196182
-0.1875  -0.176867
-0.03125  -0.161454
0.15625  -0.474943
0.03125  -0.395438
-0.25  -0.393372
-0.0625  -0.372804
0.09375  -0.355301
-0.25  -0.297661
0.1875  -0.407817
0.0625  -0.390068
-0.09375  -0.557129
0.03125  -0.483938
0.15625  -0.394172
-0.09375  -0.2658
0.09375  -0.404936
0.03125  -0.265164
-0.125  -0.297933
0.03125  -0.371146
0  -0.327558
-0.21875  -0.412887
0.03125  -0.464897
0.125  -0.25026
-0.09375  -0.0204404
-0.15625  -0.273387
0.125  -0.139824
-0.125  -0.325298
0.03125  -0.369924
0.09375  -0.104135
-0.0625  -0.410612
0.21875  -0.449591
0.1875  -0.415779
0.15625  -0.320192
0  -0.375626
0.25  -0.479411
0.0625  -0.39443
0.0625  -0.265996
0.09375  -0.35384
-0.1875  -0.399811
-0.15625  -0.318564
-0.09375  -0.326601
-0.03125  -0.361108
-0.125  -0.174992
-0.09375  -0.347917
-0.25  -0.311715
-0.0625  -0.299941
0.03125  -0.350137
0.25  -0.48818
-0.25  -0.410458
-0.0625  -0.182035
-0.125  -0.355692
-0.0625  -0.205525
0.09375  -0.0946613
-0.34375  -0.270832
0.21875  -0.140424
0.0625  -0.387205
0  -0.185282
0.09375  -0.193535
-0.1875  -0.413806
-0.03125  -0.344621
-0.03125  -0.355552
0.1875  -0.325717
0.0625  -0.0401461
0.0625  -0.293383
0.25  -0.255754
-0.09375  -0.317614
-0.125  -0.399461
0.125  -0.332917
-0.0625  -0.230708
-0.15625  -0.433008
-0.0625  -0.42451
-0.0625  -0.251271
0  -0.247151
-0.21875  -0.474358
-0.0625  -0.430378
0  -0.357735
-0.09375  -0.379215
0.15625  -0.342775
-0.09375  -0.18404
0.03125  -0.533412
-0.125  -0.17204
-0.09375  -0.32978
0.0625  -0.246809
0.09375  -0.220506
-0.21875  -0.357375
0.1875  -0.51626
-0.0625  -0.167676
0  -0.266998
-0.0625  -0.139693
-0.09375  -0.408993
-0.03125  -0.334266
0.125  -0.298958
0.0625  -0.165809
0.03125  -0.214928
-0.03125  -0.450764
0  -0.468666
-0.125  -0.0711391
-0.03125  -0.481935
-0.15625  -0.388956
0.09375  -0.294819
-0.03125  -0.404189
0.09375  -0.35676
-0.125  -0.298253
0.0625  -0.486624
0.15625  -0.199151
-0.1875  -0.342318
-0.0625  -0.287621
-0.03125  -0.401856
0  -0.551519
0.1875  -0.45145
-0.125  -0.395011
0.0625  -0.416806
-0.03125  -0.488194
0.09375  -0.517177
-0.09375  -0.334184
-0.15625  -0.448331
-0.1875  -0.253448
0.125  -0.228277
0.09375  -0.417422
-0.25  -0.493971
-0.0625  -0.441024
0.0625  -0.233405
0.0625  -0.183714
0.03125  -0.42787
0.03125  -0.443631
-0.375  -0.458668
-0.0625  -0.165171
0.09375  -0.112887
-0.15625  -0.25774
0.09375  -0.365211
0.125  -0.290071
0.125  -0.25841
-0.125  -0.213662
0.1875  -0.129506
0.1875  -0.328863
0  -0.32847
-0.0625  -0.368245
-0.0625  -0.274576
-0.03125  -0.339874
0  -0.357109
-0.0625  -0.176961
0.15625  -0.218758
0.0625  -0.249083
-0.125  -0.419587
-0.1875  -0.278575
-0.0625  -0.32419
-0.03125  -0.443824
-0.0625  -0.568972
0.09375  -0.406471
0.09375  -0.227905
0.0625  -0.302006
-0.0625  -0.137429
0.03125  -0.300599
0.34375  -0.348205
-0.125  -0.25155
-0.09375  -0.440558
-0.0625  -0.298091
0  -0.449914
-0.0625  -0.379848
-0.09375  -0.268393
0.09375  -0.267422
-0.15625  -0.401599
0.03125  -0.431765
-0.1875  -0.318786
-0.03125  -0.385741
0.09375  -0.400698
-0.0625  -0.177793
-0.03125  -0.270823
0.09375  -0.149447
0.1875  -0.269654
-0.09375  -0.382935
0  -0.408609
0.09375  -0.146907
0.15625  -0.199323
-0.03125  -0.273475
0.15625  -0.416902
-0.125  -0.46522
-0.03125  -0.376489
-0.21875  -0.200833
-0.0625  -0.109893
-0.15625  -0.239724
-0.15625  -0.064073
-0.0625  -0.21881
-0.0625  -0.429341
0.09375  -0.0332372
0.03125  -0.271107
0.03125  -0.149384
-0.1875  -0.410216
0.03125  -0.242001
-0.15625  -0.395773
-0.21875  -0.295864
0  -0.199248
-0.21875  -0.118552
-0.09375  -0.275176
-0.1875  -0.225562
0.03125  -0.488581
-0.1875  -0.467097
0.1875  -0.327509
0.03125  -0.402707
-0.15625  -0.384355
0.09375  -0.181709
0  -0.134299
0.09375  -0.483698
-0.0625  -0.190465
0.21875  -0.280077
0.09375  -0.271157
-0.03125  -0.362691
-0.21875  -0.312379
-0.03125  -0.177096
0  -0.361759
-0.125  -0.132066
0.125  -0.270655
0.125  -0.299491
-0.0625  -0.596574
0.0625  -0.39927
-0.09375  -0.283728
0.0625  -0.218061
0.15625  -0.327151
0.09375  -0.454346
-0.28125  -0.404244
0.09375  -0.515545
0.15625  -0.357131
0.125  -0.414371
0  -0.446349
-0.21875  -0.353801
0.0625  -0.152708
0.03125  -0.520183
-0.25  -0.263621
-0.09375  -0.328833
-0.125  -0.335617
0.09375  -0.381575
0.125  -0.319565
0.0625  -0.54488
-0.0625  -0.138262
0.25  -0.503426
0.09375  -0.298706
0.125  -0.32024
-0.0625  -0.406476
-0.0625  -0.201112
0  -0.359889
-0.125  -0.497614
0.09375  -0.429897
-0.125  -0.262826
0.21875  -0.144041
0.09375  -0.289537
-0.0625  -0.256162
-0.03125  -0.242163
0.125  -0.504954
0.03125  -0.399649
0.0625  -0.497002
0.125  -0.430146
-0.03125  -0.267857
0  -0.325537
0  -0.223248
0.15625  -0.37517
-0.03125  -0.447719
-0.0625  -0.250412
0.125  -0.432148
0.03125  -0.193801
-0.03125  -0.323034
-0.15625  -0.222531
-0.09375  -0.178445
-0.03125  -0.365184
-0.09375  -0.346079
-0.1875  -0.288189
0.1875  -0.328213
-0.03125  -0.378671
-0.1875  -0.379482
-0.15625  -0.441796
0.1875  -0.285544
-0.09375  -0.320196
0.0625  -0.441585
0.03125  -0.515681
0.03125  -0.118351
0.03125  -0.471391
0.125  -0.387994
-0.125  -0.0924399
-0.15625  -0.439131
0.125  -0.455811
-0.21875  -0.422411
-0.125  -0.247147
0.375  -0.378248
0.09375  -0.450979
0.03125  -0.248201
0.09375  -0.25539
-0.15625  -0.34375
-0.3125  -0.234
-0.0625  -0.522862
-0.09375  -0.340234
0  -0.390598
0.0625  -0.502243
-0.25  -0.363325
-0.1875  -0.346912
-0.09375  -0.589711
0.0625  -0.502886
0.21875  -0.140715
0.09375  -0.250209
0.1875  -0.282202
0.09375  -0.393963
0.15625  -0.129881
-0.03125  -0.266068
-0.1875  -0.392137
0.125  -0.338568
-0.03125  -0.246712
0.0625  -0.231478
-0.15625  -0.633132
0.25  -0.40954
0.09375  -0.179231
0.1875  -0.271053
-0.1875  -0.362262
-0.0625  -0.629334
0.09375  -0.24892
0.03125  -0.212879
0  -0.312699
-0.03125  -0.195102
-0.1875  -0.426779
0.0625  -0.256992
0.15625  -0.525135
-0.15625  -0.268691
0.03125  -0.260745
0.09375  -0.381388
0.09375  -0.456326
0.21875  -0.351211
0  -0.334235
0.21875  -0.387144
0.03125  -0.253247
-0.09375  -0.342062
0.21875  -0.399294
-0.3125  -0.203599
-0.03125  -0.346887
0.15625  -0.391054
0.125  -0.432592
-0.15625  -0.17659
-0.1875  -0.319214
-0.28125  -0.330007
-0.28125  -0.150498
0.03125  -0.261714
0  -0.394178
-0.09375  -0.307148
0.09375  -0.389017
0.15625  -0.178778
-0.03125  -0.606724
0.0625  -0.218115
-0.03125  -0.2544
-0.375  -0.581787
-0.0625  -0.698209
0.1875  -0.422287
-0.03125  -0.294402
0.03125  -0.314981
0.03125  -0.253008
0.09375  -0.440327
0.0625  -0.42784
0  -0.11512
-0.03125  -0.244615
-0.21875  -0.335333
0.125  -0.306585
-0.09375  -0.448354
-0.0625  -0.220439
-0.15625  -0.373991
0  -0.354675
-0.09375  -0.36321
0.0625  -0.383964
-0.15625  -0.374032
-0.1875  -0.481569
0.1875  -0.473078
0  -0.0271974
0.09375  -0.548999
-0.0625  -0.198984
0.15625  -0.350831
0.21875  -0.411149
-0.09375  -0.382914
0.03125  -0.25623
-0.0625  -0.125104
-0.09375  -0.197322
-0.125  -0.256156
0  -0.443792
0.3125  -0.342966
-0.03125  -0.328123
0.15625  -0.188945
-0.0625  -0.383143
-0.125  -0.353821
-0.15625  -0.447303
-0.09375  -0.450123
-0.125  -0.258084
-0.03125  -0.242722
0.15625  -0.318948
0.1875  -0.18526
0.1875  -0.445058
0  -0.433524
-0.0625  -0.300749
-0.0625  -0.619667
0.03125  -0.381953
-0.125  -0.341521
0.03125  -0.534405
-0.28125  -0.277623
0.0625  -0.482173
-0.125  -0.0919076
-0.0625  -0.387643
0.0625  -0.591915
-0.0625  -0.464646
0.125  -0.250849
-0.0625  -0.572972
-0.15625  -0.316637
0.0625  -0.221044
0.09375  -0.38532
0  -0.530621
-0.0625  -0.333182
0.125  -0.127761
-0.0625  -0.0782902
-0.21875  -0.529108
0.40625  -0.24547
0.03125  -0.346018
0  -0.1365
0.09375  -0.339526
0.25  -0.322928
0.15625  -0.441445
-0.0625  -0.177041
-0.15625  -0.423034
-0.0625  -0.305738
0.03125  -0.315156
-0.03125  -0.45187
-0.125  -0.44174
-0.09375  -0.252859
0.0625  -0.241393
-0.21875  -0.38279
0.15625  -0.353552
0  -0.560919
-0.03125  -0.316556
0.25  -0.428229
-0.03125  -0.324974
0.0625  -0.188101
0.15625  -0.221139
-0.0625  -0.385211
0.0625  -0.294708
0.28125  -0.173039
0.15625  -0.459705
0.21875  -0.454639
0  -0.223994
0  -0.277726
-0.0625  -0.3055
0.0625  -0.23145
0.15625  -0.53851
0.0625  -0.22166
-0.03125  -0.41001
-0.03125  -0.258143
0.125  -0.416106
-0.09375  -0.402164
-0.03125  -0.530519
-0.03125  -0.237861
0.03125  -0.194754
0.21875  -0.413471
-0.09375  -0.414152
0.0625  -0.45016
-0.09375  -0.230031
0  -0.266321
0.03125  -0.40744
-0.21875  -0.39459
-0.0625  -0.2635
0.03125  -0.400989
-0.03125  -0.295882
-0.125  -0.431694
0.3125  -0.409111
0.125  -0.471274
0  -0.173857
-0.125  -0.385949
-0.09375  -0.422267
-0.0625  -0.473
-0.03125  -0.337857
0.09375  -0.462402
-0.125  -0.418746
0  -0.431424
0.15625  -0.203268
0.34375  -0.213697
0.09375  -0.307347
0  -0.372093
-0.03125  -0.247286
0.0625  -0.381473
-0.21875  -0.376447
0  -0.140899
-0.03125  -0.299107
0  -0.155648
0.09375  -0.300631
-0.1875  -0.370471
-0.125  -0.686194
-0.09375  -0.311094
0.0625  -0.256501
0.09375  -0.331805
0.03125  -0.338604
0  -0.509043
0.0625  -0.229911
0.0625  -0.36979
0.09375  -0.511721
-0.0625  -0.491208
-0.03125  -0.0726048
-0.125  -0.244657
-0.03125  -0.357254
-0.03125  -0.327554
0.21875  -0.274926
0.0625  -0.371588
-0.0625  -0.292674
-0.15625  -0.406158
0.0625  -0.207081
-0.15625  -0.226608
0  -0.342383
-0.0625  -0.331039
0.1875  -0.422994
0.09375  -0.350725
0.15625  -0.333515
-0.28125  -0.27091
0.03125  -0.35346
0.0625  -0.227591
0  -0.460129
-0.09375  -0.376157
-0.09375  -0.298226
0.0625  -0.316906
0  -0.282279
0.0625  -0.373526
-0.25  -0.400905
-0.03125  -0.344473
-0.15625  -0.28145
0.15625  -0.235992
0  -0.470128
-0.1875  -0.215298
0.03125  -0.291106
-0.15625  -0.222338
-0.0625  -0.291359
0.0625  -0.383869
0.125  -0.256406
-0.03125  -0.413258
-0.03125  -0.43018
0.125  -0.0870808
-0.3125  -0.343143
0  -0.327253
-0.0625  -0.414154
0  -0.216818
0.0625  -0.465993
-0.03125  -0.413275
0.21875  -0.399624
-0.21875  -0.444449
0.03125  -0.363092
0.03125  -0.551745
0  -0.488116
-0.15625  -0.375365
0  -0.416186
0.03125  -0.320162
0.09375  -0.279873
0.03125  -0.471351
-0.09375  -0.429373
-0.09375  -0.333677
-0.15625  -0.372977
-0.09375  -0.487638
-0.15625  -0.0885435
-0.15625  -0.375242
-0.0625  -0.538339
0.09375  -0.459656
0.03125  -0.159408
0.125  -0.374484
0.0625  -0.251698
0.125  -0.341582
-0.03125  -0.162873
-0.09375  -0.413954
-0.0625  -0.331379
-0.125  -0.415063
0.3125  -0.357255
0  -0.404728
0  -0.435015
-0.125  -0.377647
-0.09375  -0.569668
-0.15625  -0.505062
-0.03125  -0.292405
0.0625  -0.255116
-0.03125  -0.394057
0.3125  -0.349427
-0.0625  -0.387618
0.09375  -0.349204
0.09375  -0.183431
-0.125  -0.28196
0.28125  -0.389378
0  -0.343283
0.21875  -0.276652
0.1875  -0.423215
0.09375  -0.320904
0.1875  -0.301689
0.03125  -0.539493
-0.21875  -0.405981
0.0625  -0.195168
-0.125  -0.393554
-0.21875  -0.295485
-0.0625  -0.402175
-0.03125  -0.223458
-0.0625  -0.251882
-0.28125  -0.314468
-0.21875  -0.142023
-0.03125  -0.300588
0.0625  -0.213751
0.03125  -0.190477
-0.03125  -0.181876
-0.0625  -0.21012
0.0625  -0.315816
0.09375  -0.417718
-0.03125  -0.13876
-0.03125  -0.526864
0.09375  -0.365984
0  -0.437617
0.0625  -0.192913
0.0625  -0.22915
0  -0.296124
-0.21875  -0.344655
0.1875  -0.422921
-0.21875  -0.339778
0.03125  -0.231696
-0.0625  -0.365925
0.03125  -0.251632
0.28125  -0.57293
-0.0625  -0.384626
0  -0.375753
0.125  -0.466211
0.125  -0.253795
-0.09375  -0.473648
0.03125  -0.262135
-0.0625  -0.463626
0.28125  -0.336112
0.15625  -0.312138
-0.15625  -0.489177
0.3125  -0.470238
0.0625  -0.430392
0.125  -0.328673
0.15625  -0.382942
0.28125  -0.513004
-0.09375  -0.281484
-0.125  -0.212764
0.03125  -0.360709
-0.03125  -0.256116
0  -0.432002
0.03125  -0.471225
0.125  -0.574194
-0.1875  -0.283877
0.0625  -0.191491
-0.03125  -0.170599
0.03125  -0.300556
0.0625  -0.253954
-0.125  -0.518045
0.28125  -0.360307
-0.09375  -0.296477
-0.3125  -0.376945
-0.09375  -0.311076
-0.03125  -0.415134
-0.03125  -0.510493
-0.09375  -0.30242
0.1875  -0.190824
-0.125  -0.347191
0.25  -0.401676
0.21875  -0.405757
-0.0625  -0.417644
-0.125  -0.179222
-0.25  -0.361166
0.09375  -0.0198438
0.0625  -0.113512
-0.0625  -0.44617
0.25  -0.356417
0.15625  -0.49754
-0.03125  -0.42169
0.15625  -0.562093
0.21875  -0.264093
0.03125  -0.337122
0.0625  -0.182512
0.09375  -0.311594
0.1875  -0.523613
-0.09375  -0.294499
0.21875  -0.221387
-0.1875  -0.352402
0.03125  -0.334901
-0.03125  -0.13998
-0.21875  -0.421226
-0.25  -0.390229
0.09375  -0.0909171
-0.03125  -0.229042
0.21875  -0.47968
0  -0.277596
0.0625  -0.459495
-0.25  -0.160183
0.0625  -0.30869
0  -0.35975
-0.125  -0.387468
-0.09375  -0.320638
0.15625  -0.54513
0.09375  -0.373789
-0.3125  -0.475372
0  -0.210731
0.125  -0.287115
0.09375  -0.436965
0.3125  -0.245115
-0.09375  -0.422965
-0.125  -0.381427
0.0625  -0.298288
-0.09375  -0.451756
0  -0.0578894
-0.03125  -0.310309
-0.1875  -0.226872
0.15625  -0.334266
0.28125  -0.393135
0.15625  -0.396299
0.1875  -0.455058
-0.0625  -0.36793
0.03125  -0.38647
-0.21875  -0.362599
0.03125  -0.232779
0.125  -0.454845
-0.03125  -0.450431
-0.03125  -0.103234
0.0625  -0.302371
0.125  -0.446567
0.09375  -0.226271
0.09375  -0.493808
-0.28125  -0.356765
0.125  -0.341346
-0.15625  -0.407968
0.09375  -0.310771
0.03125  -0.210143
0.09375  -0.365268
0.125  -0.416079
-0.15625  -0.327135
-0.1875  -0.31848
-0.03125  -0.318415
0.0625  -0.239878
-0.21875  -0.233624
-0.125  -0.384893
0.0625  -0.331686
-0.09375  -0.278145
0.03125  -0.547337
0.21875  -0.260338
0  -0.317024
0.25  -0.0955289
0.03125  -0.355076
0.21875  -0.271914
-0.125  -0.488151
-0.1875  -0.283575
0  -0.447887
-0.125  -0.406592
-0.03125  -0.446693
-0.125  -0.240524
-0.15625  -0.310043
0.125  -0.272256
0  -0.456562
0.21875  -0.44533
0.125  -0.522969
0  -0.169778
0.15625  -0.31092
0.28125  -0.158674
0.25  -0.383569
-0.15625  -0.340663
0.0625  -0.223551
0.03125  -0.11981
0.15625  -0.393623
-0.15625  -0.43883
0.125  -0.538123
0.0625  -0.21036
0.1875  -0.251369
-0.1875  -0.17029
0.125  -0.368499
0.125  -0.387105
-0.1875  -0.31385
0  -0.349157
-0.03125  -0.421277
-0.09375  -0.272978
0.09375  -0.5074
0.125  -0.340565
-0.03125  -0.143371
0.125  -0.356596
-0.125  -0.292517
-0.0625  -0.426494
-0.0625  -0.271666
0.15625  -0.379174
0.09375  -0.377334
-0.09375  -0.316972
-0.0625  -0.29049
-0.09375  -0.500413
0.03125  -0.184348
-0.0625  -0.546262
-0.0625  -0.357501
-0.1875  -0.34679
-0.09375  -0.255164
-0.21875  -0.343176
0.0625  -0.429454
-0.09375  -0.139228
0.09375  -0.493473
-0.15625  -0.248286
0  -0.345075
0.15625  -0.33229
0.03125  -0.167052
-0.0625  -0.401851
0  -0.199967
0.15625  -0.604951
0.125  -0.16353
0.03125  -0.443778
0.09375  -0.267536
0.125  -0.108794
0.21875  -0.377438
-0.03125  -0.204171
0.0625  -0.370107
0  -0.515371
0.15625  -0.248579
-0.03125  -0.298841
-0.125  -0.141633
0.09375  -0.437948
0.34375  -0.380541
-0.0625  -0.241245
0.125  -0.253256
0.25  -0.46786
0.03125  -0.319066
-0.28125  -0.383504
-0.03125  -0.441493
-0.0625  -0.313791
0.0625  -0.351088
-0.0625  -0.355574
-0.0625  -0.487081
0.03125  -0.33967
-0.0625  -0.572797
-0.0625  -0.450792
-0.03125  -0.364398
-0.125  -0.337667
0.1875  -0.177389
-0.125  -0.346309
-0.0625  -0.21194
0.09375  -0.296429
0  -0.373029
-0.0625  -0.351956
-0.03125  -0.0742799
0.125  -0.200485
0.0625  -0.188709
-0.09375  -0.43759
0  -0.472428
-0.03125  -0.397717
-0.03125  -0.326574
-0.0625  -0.351964
-0.03125  -0.339278
0  -0.354524
-0.09375  -0.450218
-0.0625  -0.135393
-0.0625  -0.362155
0.0625  -0.239085
0  -0.387226
0.0625  -0.453503
-0.03125  -0.362686
0.0625  -0.166624
-0.15625  -0.280751
-0.1875  -0.334075
0.21875  -0.509979
0.0625  -0.527113
0.0625  -0.116697
-0.0625  -0.410656
0.03125  -0.154296
-0.15625  -0.3482
0  -0.375064
-0.25  -0.322672
-0.0625  -0.207096
-0.0625  -0.0337596
0.09375  -0.217828
0.09375  -0.247638
0.25  -0.437511
0.03125  -0.30042
-0.15625  -0.34804
-0.125  -0.369013
0.0625  -0.221419
0.03125  -0.379887
0.09375  -0.217624
0  0.00255985
0.15625  -0.166947
0.03125  -0.378835
0.15625  -0.312603
-0.15625  -0.380427
-0.09375  -0.4073
0.21875  -0.474805
0.28125  -0.171187
-0.21875  -0.370739
0.09375  -0.409088
0  -0.273508
0.03125  -0.314812
-0.1875  -0.317737
0.25  -0.389844
0.0625  -0.154292
-0.15625  -0.364541
0.15625  -0.328995
-0.1875  -0.286698
0.125  -0.2443
-0.15625  -0.411129
-0.0625  -0.335703
0.3125  -0.236252
-0.03125  -0.376452
0  -0.34419
0  -0.335794
0.125  -0.345501
0.1875  -0.35857
0  -0.312148
-0.125  -0.464467
0  -0.207512
-0.15625  -0.301202
0.09375  -0.195302
-0.25  -0.228821
0.03125  -0.435098
-0.125  -0.339593
-0.03125  -0.213185
-0.03125  -0.0882142
0  -0.289811
0.09375  -0.345367
0.03125  -0.420585
0.03125  -0.402105
-0.21875  -0.311698
0.25  -0.342585
-0.03125  -0.476933
-0.21875  -0.442649
0.125  -0.276539
0.0625  -0.314146
-0.15625  -0.543765
0.0625  -0.289677
0.0625  -0.379668
0.25  -0.336212
0  -0.322633
0  -0.324199
-0.25  -0.0353302
0.40625  -0.348152
0.0625  -0.255975
0.0625  -0.332769
0  -0.30805
0.03125  -0.412047
0.15625  -0.181768
-0.15625  -0.32648
-0.1875  -0.17985
-0.0625  -0.326604
0.03125  -0.406015
0.09375  -0.256013
0  -0.235535
-0.15625  -0.156451
0.1875  -0.383106
0.1875  -0.441022
0  -0.301761
0.1875  -0.166566
-0.125  -0.249213
0  -0.213262
-0.03125  -0.217063
-0.0625  -0.36374
0.375  -0.323153
-0.09375  -0.32924
-0.125  -0.174995
-0.09375  -0.332645
0.0625  -0.2547
0.03125  -0.537357
-0.09375  -0.226026
-0.125  -0.226616
0.34375  -0.201473
0.0625  -0.309609
-0.15625  -0.341066
0.125  -0.30476
-0.125  -0.0694182
-0.125  -0.328543
-0.03125  -0.389322
0.125  -0.0908295
0.125  -0.5434
0  -0.392687
-0.15625  -0.225481
-0.03125  -0.374895
-0.03125  -0.400686
-0.09375  -0.396502
0.0625  -0.185299
0.0625  -0.421563
0  -0.332795
0  -0.180604
0.09375  -0.186115
-0.03125  -0.186638
0.375  -0.422738
0.03125  -0.297377
0.15625  -0.46514
-0.03125  -0.394094
0.0625  -0.3285
-0.09375  -0.330042
0.03125  -0.364649
0.0625  -0.268956
-0.03125  -0.105827
-0.125  -0.480032
-0.21875  -0.270452
-0.03125  -0.147615
-0.09375  -0.38062
0  -0.564555
0.1875  -0.348593
0.03125  -0.213564
0.03125  -0.406447
0.0625  -0.55598
0.09375  -0.152484
0.125  -0.0693336
0.0625  -0.118242
0  -0.304717
0.375  -0.430954
0.03125  -0.319787
0.03125  -0.347878
0.125  -0.24657
-0.09375  -0.331987
0.1875  -0.297574
-0.03125  -0.255212
-0.0625  -0.555313
0.1875  -0.537756
-0.15625  -0.335554
-0.0625  -0.2845
0.21875  -0.208984
0.1875  -0.464899
-0.21875  -0.0039677
0.0625  -0.519265
0  -0.213149
0.03125  -0.257071
-0.03125  -0.389332
-0.03125  -0.0963523
0.0625  -0.219512
-0.21875  -0.46337
-0.125  -0.455362
-0.09375  -0.259294
-0.21875  -0.458209
0.0625  -0.310209
0.28125  -0.310643
-0.1875  -0.369607
-0.0625  -0.257121
0  -0.245528
-0.15625  -0.2188
-0.03125  -0.278646
-0.15625  -0.199461
-0.03125  -0.231244
-0.21875  -0.30653
-0.0625  -0.172811
-0.125  -0.233436
-0.125  -0.523752
0.0625  -0.385549
0  -0.396927
-0.03125  -0.274514
-0.09375  -0.280366
0.125  -0.235849
0.21875  -0.207638
0.09375  -0.413313
0.125  -0.54038
0.125  -0.367881
0.125  -0.303132
0.0625  -0.342791
-0.09375  -0.360025
-0.21875  -0.498288
0.0625  -0.474029
0.125  -0.394501
0  -0.323674
-0.15625  -0.456614
-0.15625  -0.289357
0.21875  -0.560624
-0.03125  -0.267858
0.1875  -0.212282
0  -0.338618
-0.21875  -0.301586
0.15625  -0.286106
0.03125  -0.47455
-0.1875  -0.475953
0.03125  -0.359551
-0.09375  -0.397551
-0.1875  -0.180218
-0.1875  -0.190678
0.03125  -0.312822
0  -0.179335
0.0625  -0.248609
0.03125  -0.464621
-0.0625  -0.392531
-0.09375  -0.475491
-0.0625  -0.383257
0.15625  -0.245775
0.09375  -0.307124
0.03125  -0.458733
-0.03125  -0.252067
-0.03125  -0.192015
-0.15625  -0.455488
-0.125  -0.213062
0.21875  -0.255046
-0.09375  -0.451234
-0.0625  -0.360513
0  -0.262719
0.21875  -0.20428
0  -0.400728
0.03125  -0.260212
0  -0.351375
0.21875  -0.357735
-0.09375  -0.343909
-0.03125  -0.410591
-0.125  -0.416774
-0.25  -0.357348
0.09375  -0.0766167
-0.09375  -0.308879
0  -0.152009
0.21875  -0.0712673
-0.09375  -0.121647
0.15625  -0.300466
0.125  -0.167458
-0.15625  -0.421384
0  -0.294951
0  -0.30669
-0.15625  -0.444391
0.1875  -0.557211
-0.0625  -0.295808
0.28125  -0.297039
-0.15625  -0.0474576
0  -0.500374
-0.03125  -0.225228
0.09375  -0.259314
0.0625  -0.168166
-0.0625  -0.295625
-0.3125  -0.277778
-0.0625  -0.289955
-0.0625  -0.261017
-0.15625  -0.268719
0  -0.261114
-0.09375  -0.152559
0.0625  -0.617288
-0.03125  -0.383113
-0.21875  -0.233719
-0.125  -0.174074
0  -0.419154
0.03125  -0.34321
0  -0.470956
-0.1875  -0.379553
-0.125  -0.258655
-0.125  -0.125127
0.125  -0.358831
0  -0.392655
0.1875  -0.6102
0  -0.281104
-0.15625  -0.343767
0.03125  -0.385575
-0.3125  -0.26286
0.03125  -0.397087
0.0625  -0.416063
0.09375  -0.341979
0.125  -0.330974
-0.03125  -0.305165
0  -0.252887
0  -0.386992
-0.09375  -0.458475
0  -0.243247
0.03125  -0.420523
0.1875  -0.323136
-0.125  -0.400376
0  -0.384662
-0.125  -0.437739
-0.0625  -0.437564
-0.28125  -0.323823
-0.125  -0.367596
0.03125  -0.303949
0.15625  -0.355402
-0.09375  -0.375111
0.125  -0.318819
-0.125  -0.50062
-0.21875  -0.350702
0.09375  -0.393208
0.125  -0.455165
0  -0.316418
0.25  -0.174722
0.0625  -0.373718
0  -0.340167
0.0625  -0.192264
-0.15625  -0.364431
0.09375  -0.504538
0.03125  -0.271868
0.21875  -0.475558
-0.03125  -0.0873925
-0.21875  -0.174947
0.15625  -0.115731
-0.15625  -0.469466
0.03125  -0.453906
-0.1875  -0.311912
0.125  -0.261569
-0.03125  -0.16163
0.21875  -0.282194
0.03125  -0.379515
0.03125  -0.153633
0.03125  -0.371785
0.1875  -0.36052
0.09375  -0.406635
-0.25  -0.48202
-0.125  -0.411632
0.125  -0.201414
0.125  -0.384181
-0.15625  -0.311785
-0.1875  -0.348142
-0.15625  -0.277614
0.0625  0.00315647
0.09375  -0.370754
-0.03125  -0.461304
-0.125  -0.288383
0.03125  -0.244619
0  -0.247475
0.15625  -0.280632
0.03125  -0.304254
0.1875  -0.457858
0.21875  -0.230005
-0.03125  -0.240945
0.1875  -0.445118
0.09375  -0.511643
-0.125  -0.267809
0.1875  -0.383945
-0.0625  -0.300244
0.09375  -0.375558
-0.125  -0.226703
-0.125  -0.36449
0.03125  -0.400621
-0.125  -0.369798
-0.03125  -0.221795
0.0625  -0.589963
0.3125  -0.389839
-0.1875  -0.454027
-0.0625  -0.208483
0.125  -0.211324
-0.125  -0.149065
0.09375  -0.46669
-0.09375  -0.289433
0.1875  -0.21764
-0.1875  -0.501276
-0.03125  -0.286733
0.125  -0.255926
-0.125  -0.595529
0  -0.462206
0.15625  -0.221319
0.03125  -0.28163
0.1875  -0.362219
-0.0625  -0.389146
-0.125  -0.50327
0.0625  -0.496221
-0.15625  -0.275214
-0.03125  -0.263023
0.03125  -0.251848
0  -0.25218
0.15625  -0.399394
0.1875  -0.30121
0.03125  -0.358472
0.03125  -0.488512
0.25  -0.413132
-0.03125  -0.232958
-0.125  -0.263067
-0.0625  -0.0976351
-0.1875  -0.537689
0.125  -0.359913
-0.03125  -0.21539
-0.21875  -0.435984
0.21875  -0.408326
0  -0.389055
0.0625  -0.513357
0.09375  -0.429548
0.0625  -0.221414
-0.03125  -0.187372
0.125  -0.369842
-0.125  -0.247434
0.03125  -0.483068
0.03125  -0.441089
-0.1875  -0.300195
-0.28125  -0.43
-0.0625  -0.32367
-0.09375  -0.175536
-0.09375  -0.319034
0.1875  -0.389193
0.0625  -0.402234
-0.09375  -0.243934
-0.03125  -0.396803
0.125  -0.0998136
-0.21875  -0.15624
0  -0.534207
0.125  -0.506564
-0.0625  -0.383761
0.0625  -0.471143
0.09375  -0.330978
-0.0625  -0.375711
0.03125  -0.553852
-0.3125  -0.186298
0.09375  -0.185868
-0.34375  -0.327075
0.09375  -0.268111
0.34375  -0.44818
0  -0.453317
0.15625  -0.368564
0.25  -0.288145
0.125  -0.247247
0.0625  -0.124663
0.15625  -0.248471
0.03125  -0.455059
0.03125  -0.355937
0.03125  -0.467091
-0.125  -0.20649
0.125  -0.572185
0.03125  -0.260071
-0.09375  -0.243226
0  -0.418503
-0.0625  -0.289932
0.03125  -0.396154
0.15625  -0.208403
0.125  -0.42273
-0.0625  -0.38143
0.1875  -0.273111
-0.0625  -0.183253
0.0625  -0.395805
0.09375  -0.4435
0.03125  -0.354815
-0.09375  -0.384846
-0.15625  -0.478342
-0.21875  -0.28852
-0.0625  -0.335385
-0.03125  -0.33542
-0.125  -0.210251
0.03125  -0.0252361
0.0625  -0.477846
0.0625  -0.159751
-0.09375  -0.319296
-0.15625  -0.433264
-0.125  -0.327011
-0.15625  -0.375255
0.15625  -0.389294
-0.125  -0.185905
0.125  -0.200565
0.1875  -0.404322
-0.1875  -0.303444
0.03125  -0.240158
-0.25  -0.110905
-0.09375  -0.182168
0  -0.134115
0.25  -0.483076
0  -0.179626
0.0625  0.0950018
-0.03125  -0.422066
-0.125  -0.216973
0  -0.344177
-0.1875  -0.304697
-0.03125  -0.29367
0  -0.330994
-0.0625  -0.268613
0  -0.389789
-0.0625  -0.419822
0.09375  -0.470292
0.15625  -0.434295
0.0625  -0.32043
-0.21875  -0.47369
0.0625  -0.381713
-0.1875  -0.395557
0.03125  -0.0705194
0  -0.433308
0.15625  -0.28958
-0.0625  -0.580938
0.09375  -0.332103
0.25  -0.482545
-0.15625  -0.286526
-0.0625  -0.191458
-0.0625  -0.222553
0.125  -0.266485
-0.25  -0.207591
0.125  -0.57041
-0.125  -0.558421
0.03125  -0.160006
-0.03125  -0.325212
0  -0.327331
0.25  -0.630627
-0.09375  -0.328071
0.0625  -0.343541
-0.03125  -0.522424
-0.28125  -0.165099
-0.34375  -0.478457
-0.03125  -0.3606
0.03125  -0.356737
0.0625  -0.49422
-0.09375  -0.287529
0.0625  -0.575082
-0.1875  -0.325917
0.3125  -0.145647
0.15625  -0.173497
0.125  -0.314166
-0.0625  -0.536302
-0.125  -0.144437
0.03125  -0.448701
-0.1875  -0.409796
0.21875  -0.401939
0.21875  -0.172916
-0.21875  -0.309566
-0.25  -0.503936
-0.0625  -0.235822
0.0625  -0.303072
-0.15625  -0.434145
0.03125  -0.454462
0.03125  -0.365641
0.0625  -0.256994
0.25  -0.212879
-0.03125  -0.437843
0.03125  -0.463255
-0.0625  -0.393767
-0.03125  -0.394983
-0.03125  -0.302777
0.03125  -0.196841
-0.15625  -0.450846
-0.125  -0.267709
0.03125  -0.36273
0.0625  -0.567255
0.21875  -0.527738
0  -0.390114
-0.125  -0.298327
-0.1875  -0.412463
0.125  -0.421612
0.21875  -0.543049
-0.09375  -0.553445
-0.375  -0.378201
0.03125  -0.14903
-0.1875  -0.269553
-0.1875  -0.331696
0.21875  -0.460922
0.125  -0.362187
-0.15625  -0.482785
0.09375  -0.282827
0  -0.146431
-0.125  -0.298862
-0.21875  -0.38732
-0.25  -0.575599
0.125  -0.287635
-0.03125  -0.442289
0.0625  -0.558693
0.0625  -0.273927
0.09375  -0.306231
0.15625  -0.240857
-0.03125  -0.267786
0.09375  -0.336117
-0.1875  -0.516761
-0.09375  -0.293712
-0.3125  -0.259561
0.15625  -0.205704
-0.03125  -0.182651
-0.03125  -0.342282
0.03125  -0.214239
-0.0625  -0.151514
-0.21875  -0.20467
0.15625  -0.271686
0.03125  -0.415475
0.3125  -0.303668
-0.0625  -0.35504
0.125  -0.450939
0.03125  -0.168018
0.03125  -0.227984
-0.03125  -0.197042
0.21875  -0.242958
-0.125  -0.349566
-0.15625  -0.222137
-0.1875  -0.318242
-0.03125  -0.198554
0  -0.341044
0.15625  -0.384627
0  -0.32505
-0.1875  -0.352486
0.0625  -0.238784
0.1875  -0.0241439
0  -0.524133
-0.03125  -0.319385
0  -0.212684
-0.03125  -0.180625
-0.21875  -0.284931
0  -0.430821
0  -0.26326
-0.1875  -0.414238
-0.28125  -0.412625
-0.125  -0.287269
0.03125  -0.32639
-0.0625  -0.347822
0.15625  -0.286835
-0.0625  -0.539372
0.15625  -0.339877
0.09375  -0.36019
0.125  -0.43527
-0.09375  -0.451217
-0.1875  -0.415833
0.03125  -0.368273
-0.03125  -0.397865
0.15625  -0.162087
0.03125  -0.377409
0  -0.318356
0.28125  -0.265655
0  -0.214705
-0.09375  -0.402028
-0.125  -0.294058
0  -0.38766
0.0625  -0.4192
0.03125  -0.430247
-0.03125  -0.480053
0.0625  -0.43642
0.21875  -0.12572
0.09375  -0.57691
0.09375  -0.310618
-0.15625  -0.436449
0.0625  -0.282662
0  -0.109495
0.0625  -0.502565
0  -0.339275
-0.0625  -0.302752
0.0625  -0.205509
0.21875  -0.412928
-0.03125  -0.156805
0  -0.493106
-0.1875  -0.496067
0.03125  -0.198161
0.25  -0.512376
-0.0625  -0.371987
0.0625  -0.342056
0  -0.226463
0.28125  -0.517251
-0.34375  0.0913187
0  -0.213637
0  -0.382736
-0.09375  -0.235642
-0.03125  -0.428964
0.15625  -0.239469
0.125  -0.283211
0.09375  -0.353181
0.1875  -0.361506
0.03125  -0.253025
0.0625  -0.155813
0  -0.278933
0  -0.253172
-0.09375  -0.328339
-0.125  -0.391142
0.15625  -0.295338
-0.15625  -0.232554
-0.09375  -0.248926
-0.15625  -0.282679
-0.1875  -0.135234
0.125  -0.423633
0.03125  -0.191098
-0.09375  -0.296399
-0.25  -0.375825
0  -0.467845
0  -0.463394
0.0625  -0.407403
0.03125  -0.455627
0  -0.472522
-0.09375  -0.348443
-0.0625  -0.516662
0.03125  -0.21723
0  -0.379896
0.25  -0.210765
0.0625  -0.264716
-0.125  -0.387194
-0.03125  -0.560393
-0.125  -0.136579
0.09375  -0.236609
0.125  -0.027035
-0.0625  -0.243283
0.03125  -0.367393
0.0625  -0.279549
-0.03125  -0.249139
-0.03125  -0.547033
0.25  -0.0169476
-0.0625  -0.255317
-0.03125  -0.211455
0.03125  -0.260897
0.03125  -0.128291
-0.125  -0.290975
-0.125  -0.0745742
0.03125  -0.226362
-0.15625  -0.383639
0.125  -0.138245
-0.09375  -0.244312
-0.125  -0.235078
-0.0625  -0.384052
-0.125  -0.301865
-0.09375  -0.475249
-0.15625  -0.237803
0.03125  -0.399314
0  -0.265732
0.28125  -0.352405
-0.15625  -0.145688
0.09375  -0.690307
0.0625  -0.440557
0.03125  -0.399809
0.09375  -0.442793
0.0625  -0.446958
0  -0.244216
0.0625  -0.357409
0.125  -0.299204
-0.0625  -0.336895
-0.1875  -0.234653
0  -0.271705
-0.0625  -0.349652
0.15625  -0.100709
-0.125  -0.396609
-0.125  -0.392413
-0.125  -0.411717
0.03125  -0.346131
-0.21875  -0.454961
0  -0.500951
0.21875  -0.39029
-0.125  -0.511471
0.25  -0.346312
-0.03125  -0.101374
-0.25  -0.157009
-0.0625  -0.390221
0  -0.449912
-0.0625  -0.469971
0  -0.203926
-0.28125  -0.32713
-0.15625  -0.340779
0  -0.621907
0.1875  -0.320549
0.03125  -0.252992
-0.15625  -0.27859
-0.09375  -0.379528
-0.0625  -0.261422
-0.15625  -0.491125
0.15625  -0.15611
0  -0.238093
0.15625  -0.0435327
-0.03125  -0.399324
-0.03125  -0.429126
-0.09375  -0.465577
-0.15625  -0.259729
-0.09375  -0.59184
-0.09375  0.0551572
-0.125  -0.257379
-0.15625  -0.413478
-0.03125  -0.396549
-0.0625  -0.281537
-0.03125  -0.329413
0.125  -0.446018
-0.0625  -0.422705
-0.03125  -0.239152
-0.1875  -0.257988
0.03125  -0.502067
-0.1875  -0.338036
-0.09375  -0.407114
0.25  -0.368427
0.0625  -0.510509
0  -0.490743
-0.03125  -0.281966
-0.125  -0.457782
0.0625  -0.348608
-0.125  -0.447259
-0.125  -0.472045
-0.125  -0.38511
0.03125  -0.389766
-0.09375  -0.405075
0.15625  -0.277128
0.03125  -0.291009
-0.09375  -0.506491
0.21875  -0.508983
0.09375  -0.330246
-0.1875  -0.10316
0.0625  -0.465017
0.03125  -0.410725
0.03125  -0.374911
-0.0625  -0.121532
0  -0.404055
0.03125  -0.175978
-0.03125  -0.285768
-0.09375  -0.428505
0.09375  -0.442352
0.15625  -0.189242
0.03125  -0.261342
-0.21875  -0.234721
0  -0.308946
0.09375  -0.410796
0  -0.379364
-0.0625  -0.377923
0.03125  -0.31271
-0.0625  -0.252688
0  -0.587026
-0.0625  -0.316838
0.03125  -0.445707
-0.0625  -0.373833
-0.4375  -0.52306
0  -0.312386
-0.03125  -0.347682
0.0625  -0.328869
0  -0.307237
-0.09375  -0.375115
0.03125  -0.272911
-0.1875  -0.313454
0.03125  -0.503694
-0.03125  -0.460003
0.15625  -0.343685
0.09375  -0.339315
0.125  -0.271371
-0.0625  -0.392912
-0.15625  -0.437163
0.5  -0.341551
0.125  -0.355578
-0.09375  -0.442048
0.21875  -0.232684
0.1875  -0.252489
0.03125  -0.389831
0.0625  -0.242082
0.09375  -0.243269
-0.09375  -0.172287
0.09375  -0.236725
0.0625  -0.408624
-0.0625  -0.258956
-0.125  -0.312255
-0.15625  -0.493034
0.09375  -0.087732
0.25  -0.528827
-0.15625  -0.215118
0.0625  -0.292713
-0.03125  -0.469597
0  -0.422165
-0.0625  -0.427963
0.03125  -0.327456
0.125  -0.385778
-0.09375  -0.211138
-0.09375  -0.285519
-0.03125  -0.395659
-0.03125  -0.35919
-0.125  -0.242701
-0.28125  -0.223332
0.15625  -0.248114
0.125  -0.478284
-0.09375  -0.434744
0.15625  -0.284468
-0.1875  -0.521803
-0.03125  -0.111077
-0.125  -0.493445
0.03125  -0.500539
0.0625  -0.389184
0.03125  -0.380948
0.15625  -0.387394
-0.15625  -0.347425
0.15625  -0.243805
0.03125  -0.209492
-0.125  -0.494982
0.15625  -0.185261
0.09375  -0.38229
-0.1875  -0.347293
-0.21875  -0.295713
0.03125  -0.361549
-0.1875  -0.412433
0.125  -0.298304
-0.03125  -0.112253
-0.125  -0.377184
0.0625  -0.314879
-0.03125  -0.279345
0.03125  -0.440561
-0.125  -0.302591
-0.0625  -0.413475
-0.125  -0.399453
0  -0.21631
-0.0625  -0.407423
-0.09375  -0.133202
0.125  -0.27096
0  -0.245436
0  -0.385005
-0.0625  -0.399611
-0.15625  -0.265195
-0.21875  -0.422919
0  -0.168162
-0.125  -0.426257
0  -0.255905
-0.09375  -0.37745
0  -0.196811
0.125  -0.331893
-0.03125  -0.385069
-0.0625  -0.416372
0.125  -0.40998
0.03125  -0.502107
0.15625  -0.317234
0.1875  -0.354024
0.21875  -0.361712
-0.03125  -0.211295
-0.0625  -0.16969
-0.03125  -0.326632
0.15625  -0.266474
0  -0.206174
-0.0625  -0.359403
0  -0.520216
0.15625  -0.210494
-0.125  -0.52462
0.21875  -0.277432
0.25  -0.566456
0.21875  -0.587147
0.125  -0.410554
-0.03125  -0.272452
0.1875  -0.149042
0.03125  -0.465952
-0.03125  -0.249983
-0.03125  -0.335497
-0.09375  -0.594931
0  -0.441878
-0.15625  -0.404237
-0.03125  -0.21179
0.125  -0.530306
0.03125  -0.363583
0.0625  -0.353577
-0.15625  -0.338082
0.125  -0.441903
0.0625  -0.310738
-0.25  -0.287134
-0.03125  -0.414952
0.09375  -0.344154
0  -0.0476168
-0.03125  -0.23518
0.125  -0.296706
-0.03125  -0.33102
0.09375  -0.352501
0.15625  -0.291232
0.09375  -0.28068
0  -0.408522
0.09375  -0.353599
-0.1875  -0.317264
-0.125  -0.136453
0.125  -0.300191
0.0625  -0.465022
-0.0625  -0.372338
-0.0625  -0.203489
-0.0625  -0.147209
0.09375  -0.542858
-0.03125  -0.240581
-0.125  -0.383796
-0.03125  -0.116923
0  -0.29906
-0.03125  -0.395509
0.15625  -0.319104
-0.15625  -0.175275
0.09375  -0.357836
-0.09375  -0.209523
-0.09375  -0.229278
0  -0.334046
0.21875  -0.0987527
0.3125  -0.441879
-0.3125  -0.42524
0.1875  -0.401213
0.15625  -0.333497
0.03125  -0.299406
0.25  -0.249781
-0.03125  -0.0793091
-0.0625  -0.266141
0.125  -0.262724
-0.1875  -0.36316
0.03125  -0.48583
0.03125  -0.410944
-0.125  -0.13808
0.15625  -0.218407
0.1875  -0.415058
-0.03125  -0.384368
-0.28125  -0.48592
-0.09375  -0.0856217
0.03125  -0.207537
0.125  -0.252799
0.0625  -0.295625
0.1875  -0.408081
0.03125  -0.298982
-0.15625  -0.71772
-0.21875  -0.470277
-0.09375  -0.376859
-0.03125  -0.00626492
-0.03125  -0.223593
-0.0625  -0.253921
0.0625  -0.286009
-0.09375  -0.32022
-0.0625  -0.353635
0  -0.296003
-0.09375  -0.310386
0.15625  -0.344753
-0.0625  -0.505207
0.0625  -0.17374
-0.125  -0.143153
-0.03125  -0.274978
-0.375  -0.195992
-0.125  -0.291503
-0.1875  -0.378781
-0.3125  -0.335533
-0.1875  -0.662192
0.0625  -0.288558
-0.09375  -0.373847
0.0625  -0.392073
0  -0.200819
-0.125  -0.213966
0.0625  -0.448687
-0.15625  -0.208617
-0.1875  -0.285356
-0.09375  -0.436462
-0.0625  -0.15188
0.0625  -0.262388
-0.0625  -0.175851
-0.125  -0.478249
0.125  -0.209249
-0.09375  -0.085307
-0.0625  -0.37191
-0.1875  -0.170566
-0.0625  -0.461391
0.0625  -0.36806
0.15625  -0.428328
0.0625  -0.341464
0  -0.127598
-0.125  -0.343651
-0.0625  -0.0638648
-0.0625  -0.51511
-0.0625  -0.0686269
0.28125  -0.575983
0.03125  -0.414322
-0.15625  -0.201774
0.0625  -0.448137
0.0625  -0.408257
0.0625  -0.382253
0.1875  -0.369055
-0.0625  -0.288334
0.15625  -0.473896
0.03125  -0.189082
0.28125  -0.337332
0.03125  -0.329359
-0.03125  -0.360289
-0.0625  -0.33252
0.0625  -0.168879
0  -0.184695
0.15625  -0.427002
-0.09375  -0.381369
-0.21875  -0.570322
-0.125  -0.370932
-0.0625  -0.411051
-0.09375  -0.304682
-0.0625  -0.298918
0.09375  -0.365393
-0.21875  -0.290079
0.03125  -0.374772
0.03125  -0.434515
-0.0625  -0.247665
-0.25  -0.235907
-0.09375  -0.379451
0.0625  -0.317113
-0.03125  -0.181306
0.125  -0.280943
0.03125  -0.175528
-0.09375  -0.386156
-0.0625  0.0687044
-0.125  -0.0729938
0.21875  -0.485371
-0.09375  -0.258016
0.125  -0.198233
0.09375  -0.332328
0.09375  -0.229365
-0.09375  -0.353685
0.09375  -0.398975
0.0625  -0.426292
0.21875  -0.221342
-0.03125  -0.2454
-0.28125  -0.517034
0.0625  -0.417855
0.15625  -0.353953
0.4375  -0.437381
0.15625  -0.232412
0.0625  -0.183943
0.03125  -0.0900342
-0.125  -0.476599
-0.09375  -0.310843
0  -0.332704
0.09375  -0.165484
0  -0.342311
0  -0.132
0.03125  -0.23568
0.1875  -0.322325
0.03125  -0.335926
0.1875  -0.198661
0.1875  -0.488826
0.09375  -0.25195
0.15625  -0.294432
-0.09375  -0.147574
0.0625  -0.408707
-0.03125  -0.364997
0.0625  -0.378217
0  -0.349824
-0.09375  -0.268107
0  -0.326074
0.1875  -0.342492
-0.15625  -0.30691
-0.09375  -0.442869
0.15625  -0.451964
-0.0625  -0.165684
0.09375  -0.328707
-0.15625  0.0296354
-0.15625  -0.174024
-0.3125  -0.535303
0.09375  -0.318119
-0.1875  -0.522239
0.15625  -0.235215
0.21875  -0.39673
0.21875  -0.254299
0.0625  -0.207668
0  -0.221974
-0.125  -0.484213
0.0625  -0.400662
0.15625  -0.379487
0.125  -0.381122
-0.125  -0.303222
0  -0.286945
0.125  -0.522181
0.09375  -0.0193574
-0.0625  -0.325466
0  -0.217636
0  -0.37839
0.28125  -0.484466
0  -0.412848
-0.125  -0.376922
0.0625  -0.279822
-0.1875  -0.299264
0.21875  -0.459632
-0.15625  -0.514863
-0.3125  -0.41684
0.09375  -0.0341769
0.0625  -0.20471
-0.25  -0.246118
0.125  -0.586582
0.09375  -0.247997
0.03125  -0.172826
-0.3125  -0.396484
-0.1875  -0.442965
0.0625  -0.337056
0.09375  -0.35178
-0.28125  -0.474926
0.0625  -0.253975
-0.03125  -0.362323
0.03125  -0.191494
0.09375  -0.317848
0.21875  -0.183295
-0.03125  -0.314887
0  -0.270597
-0.1875  -0.561035
0.0625  -0.259364
-0.1875  -0.306847
-0.09375  -0.257025
-0.25  -0.446073
-0.21875  -0.313948
-0.0625  -0.547318
-0.09375  -0.56991
-0.21875  -0.249148
0  -0.493625
0  -0.148009
-0.03125  -0.263656
-0.15625  -0.0474873
0.09375  -0.280699
-0.03125  -0.570844
0.09375  -0.36602
-0.25  -0.368505
0.09375  -0.133927
-0.03125  -0.506142
0.15625  -0.369183
0.0625  -0.400579
-0.125  -0.099852
0.125  -0.438966
0.03125  -0.220199
-0.0625  -0.309314
0.125  -0.469777
-0.0625  -0.438706
-0.1875  -0.321405
0.09375  -0.189878
-0.03125  -0.369767
0.34375  -0.201312
0.125  -0.315863
0.28125  -0.235324
0.09375  -0.529396
0.1875  -0.42588
0.125  -0.421244
0  -0.459015
0.15625  -0.362269
0.09375  -0.253854
-0.15625  -0.274642
0.0625  -0.310494
0.15625  -0.337809
-0.0625  -0.239984
-0.03125  -0.179974
0.0625  -0.479703
-0.125  -0.477394
-0.0625  -0.231368
0.21875  -0.295811
-0.09375  -0.277648
-0.0625  -0.517984
0.0625  -0.314821
-0.125  -0.128198
0.09375  -0.39269
0.03125  -0.437735
0.03125  -0.36791
-0.09375  -0.366431
-0.15625  -0.285263
-0.03125  -0.577737
0.09375  -0.259147
-0.15625  -0.332543
0.0625  -0.362428
0.09375  -0.464167
-0.09375  -0.266292
0  -0.315205
-0.15625  -0.371349
0.125  -0.439621
0.0625  -0.305691
0.0625  -0.1931
-0.0625  -0.211394
-0.1875  -0.368651
0.125  -0.403616
0.09375  -0.461352
0.03125  -0.290676
0  -0.29472
0  -0.428654
-0.125  -0.388713
0  -0.226905
0.0625  -0.182372
0.09375  -0.360581
0.125  -0.244639
0.15625  -0.397633
0  -0.432338
-0.09375  -0.247465
0.03125  -0.158713
0.09375  -0.384445
-0.125  -0.203266
0.03125  -0.535368
0.09375  -0.336911
0.125  -0.259398
0.09375  -0.397642
0.15625  -0.281098
0.0625  -0.143829
-0.03125  -0.393329
0.125  -0.153956
0.03125  -0.428351
0.125  -0.41504
0.1875  -0.380404
0  -0.424864
-0.125  -0.513065
-0.375  -0.393875
-0.03125  -0.377711
0.15625  -0.203949
-0.09375  -0.343052
0.1875  -0.243763
-0.0625  -0.370215
0.25  -0.5271
0.1875  -0.272276
-0.4375  -0.252884
0.09375  -0.450921
-0.0625  -0.337915
-0.03125  -0.351834
-0.15625  -0.252152
-0.1875  -0.463395
-0.09375  -0.310218
-0.0625  -0.295351
0.09375  -0.390433
-0.15625  -0.323811
-0.03125  -0.324307
-0.03125  -0.419038
0.03125  -0.43345
-0.28125  -0.419548
0.125  -0.384568
-0.1875  -0.563641
0.09375  -0.249972
-0.09375  -0.281263
0.0625  -0.082442
0.03125  -0.354736
-0.125  -0.424657
-0.0625  -0.371877
-0.125  -0.381932
0.15625  -0.314816
0.03125  -0.24738
0  -0.332405
0.25  -0.306579
0.3125  -0.42051
0  -0.278625
0.03125  -0.16363
0.15625  -0.311527
0.03125  -0.206919
-0.03125  -0.436708
0  -0.371244
0  -0.283174
0.0625  -0.509747
0.1875  -0.334158
-0.28125  -0.455329
-0.0625  -0.256312
-0.1875  -0.359586
-0.0625  -0.276276
0.03125  -0.301182
0.09375  -0.484161
0.125  -0.320823
-0.28125  -0.167824
0.1875  -0.417114
0  -0.256305
0.0625  -0.322029
0.28125  -0.461121
-0.03125  -0.358297
0.125  -0.175523
0.34375  -0.319503
0.0625  -0.397561
0.0625  -0.511001
-0.3125  -0.377613
-0.25  -0.294048
0  -0.367261
0.1875  -0.391097
0.03125  -0.331714
0  -0.417999
-0.125  -0.443065
-0.03125  -0.387656
0.03125  -0.346487
-0.09375  -0.316512
-0.21875  -0.266979
0.0625  -0.107047
-0.15625  -0.490186
-0.0625  -0.23351
0.1875  -0.466057
-0.03125  -0.259725
-0.09375  -0.359518
-0.1875  -0.233908
0  -0.277029
0.03125  -0.319006
-0.25  -0.378894
-0.1875  -0.132164
0.0625  0.011449
-0.21875  -0.23638
0.09375  -0.356327
-0.15625  -0.275802
-0.125  -0.324371
-0.09375  -0.299451
-0.21875  -0.401828
-0.09375  -0.38775
-0.125  -0.299001
0.03125  -0.307007
0.125  -0.350458
0.15625  -0.217987
-0.03125  -0.323615
-0.28125  -0.37866
-0.15625  -0.529209
-0.125  -0.431216
0.09375  -0.283975
0  -0.300684
0  -0.19705
0.0625  -0.392684
-0.03125  -0.119431
-0.1875  -0.545471
0.03125  -0.561177
0.0625  -0.489462
-0.03125  -0.299107
0.03125  -0.399553
0.125  -0.351294
0.15625  -0.447433
0.03125  -0.253483
0.03125  -0.331536
-0.125  -0.374578
0.09375  -0.304523
0.03125  -0.264688
0  -0.338991
0.125  -0.0601455
0.03125  -0.409801
0.0625  -0.33228
0.125  -0.233954
-0.0625  -0.434054
0  -0.295266
0.09375  -0.305835
-0.09375  -0.443034
-0.28125  -0.291319
0.15625  -0.157129
-0.09375  -0.271107
-0.03125  -0.393927
-0.03125  -0.431804
-0.0625  -0.0286734
-0.03125  -0.313865
0.09375  -0.499737
0.21875  -0.323463
-0.0625  -0.289798
0.03125  -0.322448
-0.09375  -0.521585
-0.125  -0.540209
0.09375  -0.239459
-0.03125  -0.351547
0.09375  -0.259174
-0.03125  -0.348284
0.03125  -0.290529
0.0625  -0.106218
0.25  -0.169952
-0.25  -0.326353
-0.25  -0.383977
0.03125  -0.0578881
-0.15625  -0.292436
-0.09375  -0.29535
-0.0625  -0.29335
0.0625  -0.38464
-0.125  -0.213954
0.03125  -0.422239
0.125  -0.297148
0.09375  -0.253231
-0.09375  -0.306102
-0.28125  -0.240538
0.09375  -0.196302
-0.0625  -0.2549
-0.1875  -0.204289
0.0625  -0.345283
-0.03125  -0.358736
-0.09375  -0.297753
0.03125  -0.156389
-0.0625  -0.40125
-0.21875  -0.554881
-0.09375  -0.302165
0  -0.355327
0.0625  -0.406405
0.15625  -0.236402
-0.28125  -0.450672
0.125  -0.229827
-0.0625  -0.318737
-0.03125  -0.187501
-0.09375  -0.351873
-0.09375  -0.415453
-0.0625  -0.308657
0.03125  -0.0101491
0.125  -0.262473
0  -0.440781
0.34375  -0.301636
-0.125  -0.377824
0.03125  -0.44137
-0.15625  -0.303714
0.125  -0.262635
-0.15625  -0.357355
0.0625  -0.259945
0.15625  -0.317103
-0.03125  -0.224687
-0.09375  -0.264126
0.125  -0.143482
-0.125  -0.365298
0.15625  -0.163729
-0.03125  -0.390441
0.09375  -0.16376
0.28125  -0.321217
0.03125  -0.419088
-0.1875  -0.268769
-0.0625  -0.317535
-0.0625  -0.195345
0.0625  -0.291136
0  -0.569389
-0.09375  -0.332182
0.15625  -0.330689
0.03125  -0.366734
-0.03125  -0.397044
0.25  -0.0725274
0.15625  -0.331445
-0.03125  -0.397526
0.09375  -0.378404
-0.03125  -0.122454
-0.15625  -0.358085
0.0625  -0.404955
-0.09375  -0.314985
0.25  -0.183499
0.125  -0.451986
-0.09375  -0.279389
0.0625  -0.313464
-0.03125  -0.353146
0.0625  -0.515616
-0.125  -0.105874
0  -0.237754
-0.125  -0.437479
0.125  -0.35682
0  -0.313882
0.03125  -0.0951668
0.09375  -0.259782
0.03125  -0.460082
-0.125  -0.46987
0.15625  -0.570968
0.03125  -0.376686
0.125  -0.16114
-0.03125  -0.336076
-0.125  -0.178809
-0.03125  -0.255288
0  -0.481748
0.0625  -0.292611
-0.25  -0.339216
0.09375  -0.36938
-0.03125  -0.446988
-0.25  -0.35481
-0.15625  -0.500261
-0.0625  -0.280818
-0.0625  -0.261587
-0.125  -0.488804
0.03125  -0.254942
0.03125  -0.368346
0  -0.261899
-0.15625  -0.325753
-0.15625  -0.437705
0.125  -0.279974
-0.0625  -0.463415
0.125  -0.416428
0.03125  -0.337829
0  -0.377806
0.0625  -0.215225
0.0625  -0.434489
-0.125  -0.210616
-0.0625  -0.403576
0  -0.243645
-0.1875  -0.528469
0.09375  -0.210555
-0.0625  -0.534518
0.25  -0.2791
0.09375  -0.482755
0.1875  -0.406234
-0.03125  -0.314722
0.0625  -0.373087
0.0625  -0.549806
0.0625  -0.207421
-0.0625  -0.17861
0.21875  -0.500898
0.125  -0.504483
0.0625  -0.29122
0.03125  -0.110939
-0.03125  -0.205702
-0.09375  -0.396479
-0.1875  -0.248489
-0.125  -0.233399
-0.09375  -0.470321
0.125  -0.363992
0.09375  -0.381095
-0.0625  -0.111342
0  -0.391364
-0.21875  -0.275626
0  -0.351187
0  -0.463149
-0.15625  -0.371232
-0.0625  -0.375873
-0.15625  -0.343551
-0.1875  -0.299451
-0.09375  -0.543195
0.09375  -0.377246
-0.21875  -0.510334
-0.21875  -0.380938
-0.0625  -0.414008
0  -0.473427
0.1875  -0.220161
0.21875  -0.40838
-0.25  -0.415305
-0.03125  -0.244715
-0.125  -0.326854
0  -0.518931
0.0625  -0.38913
-0.03125  -0.325426
0.125  -0.379361
0.15625  -0.0504676
0.0625  -0.327316
-0.09375  -0.390078
-0.125  -0.196458
-0.21875  -0.208111
0  -0.465243
-0.1875  -0.392082
-0.03125  -0.412072
-0.1875  -0.151307
-0.03125  -0.238906
0.21875  -0.329037
0.03125  -0.444017
-0.28125  -0.217348
0.03125  -0.29055
-0.21875  -0.306526
-0.28125  -0.474636
-0.09375  -0.313455
0.125  -0.522444
0.15625  -0.368623
-0.09375  -0.33535
0.09375  -0.376119
0.15625  -0.404267
0.15625  -0.302784
-0.09375  -0.39109
0.15625  -0.24443
-0.0625  -0.418537
0.125  -0.291419
0  -0.319548
-0.0625  -0.363836
-0.09375  -0.101317
-0.1875  -0.393324
-0.15625  -0.258762
0.125  -0.250412
0.0625  -0.323117
-0.09375  -0.285477
0.03125  -0.500889
-0.25  -0.359596
-0.0625  -0.461764
-0.0625  -0.363458
0.21875  -0.308809
-0.0625  -0.279323
0.0625  -0.385401
-0.09375  -0.360281
-0.28125  -0.365264
0  -0.390763
-0.125  -0.317152
-0.09375  -0.246849
0.15625  -0.512526
-0.0625  -0.307578
0.0625  -0.209643
0.03125  -0.290495
-0.09375  -0.210638
0.09375  -0.180258
0.1875  -0.586565
0.125  -0.550772
0.03125  -0.386472
0.21875  -0.467503
-0.125  -0.433467
-0.03125  -0.182237
-0.03125  -0.413363
0  -0.201694
-0.1875  -0.217731
0.0625  -0.420911
-0.21875  -0.312749
-0.125  -0.437871
-0.09375  -0.229238
0.0625  -0.274839
-0.125  -0.449474
0.15625  -0.254639
0  -0.184787
-0.0625  -0.203083
0.0625  -0.189916
-0.25  -0.296605
0  -0.358011
0.15625  -0.374096
-0.15625  -0.370053
0.125  -0.140832
0.03125  -0.37156
0.0625  -0.435302
0.21875  -0.238499
0  -0.500549
-0.21875  -0.280849
-0.15625  -0.399173
0.0625  -0.206665
-0.1875  -0.433757
-0.03125  -0.596081
-0.28125  -0.249177
0.1875  -0.354088
-0.09375  -0.357286
0.09375  -0.189591
-0.0625  -0.330973
0.21875  -0.334464
0  -0.140418
-0.1875  -0.356961
-0.03125  -0.614271
0.03125  -0.334346
0.09375  -0.318072
-0.09375  -0.13246
-0.03125  -0.351994
-0.03125  -0.353564
0.09375  -0.414858
-0.25  -0.408334
-0.03125  -0.422665
0  -0.251061
-0.21875  -0.243781
0.09375  -0.211684
0.0625  -0.330623
0.28125  -0.275332
0  -0.421335
-0.03125  -0.32131
-0.15625  -0.507237
0.03125  -0.366331
-0.09375  -0.413217
0.0625  -0.182908
-0.125  -0.113211
0.09375  -0.175514
-0.15625  -0.27636
-0.25  -0.539292
-0.03125  -0.342214
0.21875  -0.219449
0.03125  -0.344651
0.09375  -0.190714
0  -0.189663
0.0625  -0.142113
-0.25  -0.278318
-0.0625  -0.387067
0.125  -0.281518
0.0625  -0.328001
0.15625  -0.347563
-0.03125  -0.281061
0.03125  -0.336748
-0.09375  -0.38386
0.03125  -0.231426
0.0625  -0.360909
0  -0.442564
0.09375  -0.389317
-0.09375  -0.159399
0.1875  -0.214765
0.0625  -0.361992
-0.1875  -0.290145
0.375  -0.531046
0  -0.305406
0  -0.234219
-0.15625  -0.430104
-0.0625  -0.305643
0  -0.418139
0.03125  -0.489207
0.125  -0.361708
-0.1875  -0.149003
-0.125  -0.353603
0.03125  -0.428386
-0.0625  -0.390637
0  -0.546857
0.0625  -0.184035
-0.09375  -0.337018
0.0625  -0.270547
-0.09375  -0.404873
-0.125  -0.342787
0  -0.513039
-0.03125  -0.349608
0.09375  -0.294691
-0.03125  -0.395805
-0.1875  -0.290854
0  -0.427294
-0.0625  -0.252265
-0.125  -0.37893
-0.03125  -0.257385
-0.125  -0.242892
-0.15625  -0.0989249
-0.15625  -0.35462
0.15625  -0.335441
0.0625  -0.272365
-0.03125  -0.420197
0.09375  -0.460709
0.09375  -0.472453
0.125  -0.286556
-0.0625  0.000923237
0  -0.411847
0.03125  -0.312035
-0.0625  -0.384884
-0.125  -0.36373
0  -0.33341
-0.125  -0.175668
0.1875  -0.389797
0.15625  -0.0645866
0.21875  -0.265228
-0.03125  -0.501676
0.0625  -0.321751
-0.0625  -0.200576
0.15625  -0.48145
-0.09375  -0.442066
0.21875  -0.335684
0.03125  -0.308614
0.0625  -0.412116
-0.1875  -0.224974
0  -0.547293
0.0625  -0.362546
0  -0.413946
0  -0.257992
0.15625  -0.155072
0.125  -0.491894
0.0625  -0.334191
-0.03125  -0.276446
-0.0625  -0.41069
-0.03125  -0.261975
-0.1875  -0.233896
-0.15625  -0.398193
-0.1875  -0.282296
0.21875  -0.347059
0.09375  -0.545482
-0.0625  -0.337819
0.03125  -0.363066
0  -0.344627
-0.125  -0.458817
0.09375  -0.428269
-0.0625  -0.308381
0.15625  -0.289091
0.125  -0.452338
0.0625  -0.49342
-0.125  -0.227833
0.125  -0.321471
0.09375  -0.263156
0  -0.307539
0.0625  -0.412682
-0.15625  -0.307064
0  -0.468538
-0.0625  -0.364163
0.125  -0.423662
0.15625  -0.408822
-0.125  -0.398245
-0.125  -0.231356
-0.03125  -0.295925
-0.1875  -0.299249
0  -0.037122
-0.25  -0.458394
0.09375  -0.491191
-0.15625  -0.462437
-0.0625  -0.229679
-0.0625  -0.469387
-0.1875  -0.584189
-0.15625  -0.21522
0.125  -0.336473
0.03125  -0.121396
0.03125  -0.222097
-0.09375  -0.301203
0.03125  -0.45009
0.0625  -0.354544
0.1875  -0.126505
-0.09375  -0.571019
-0.125  -0.388994
-0.25  -0.276907
-0.09375  -0.508104
0.125  -0.343344
0.0625  -0.234421
0.03125  -0.282927
-0.0625  -0.316216
0.03125  -0.140238
-0.09375  -0.449398
-0.0625  -0.124624
-0.1875  -0.501553
0.0625  -0.282738
0  -0.251755
0.375  -0.466087
0.03125  -0.0352254
-0.03125  -0.31411
-0.25  -0.147581
0.09375  -0.0753917
-0.125  -0.313023
-0.15625  -0.349527
0.125  -0.32402
-0.125  -0.410193
-0.03125  -0.098124
0.1875  -0.255304
0.125  -0.457507
-0.0625  -0.239899
-0.09375  -0.361419
0  -0.35532
0.0625  -0.269827
0.09375  -0.374749
0  -0.311832
-0.15625  -0.385675
0  -0.381864
0.125  -0.12097
0.3125  -0.421189
-0.1875  -0.320545
-0.03125  -0.0972114
-0.1875  -0.499247
-0.1875  -0.220227
-0.15625  -0.336576
0.15625  -0.443662
0.0625  -0.193807
-0.25  -0.194611
-0.09375  -0.308035
-0.125  -0.173938
0.09375  -0.16739
-0.09375  -0.391904
0.15625  -0.197715
-0.09375  -0.0331095
0.15625  -0.413737
0.25  -0.374369
0.09375  -0.405324
0.125  -0.453809
0  -0.124752
-0.21875  -0.16777
0.34375  -0.263362
-0.0625  -0.301287
0.09375  -0.206745
0  -0.0830341
0  -0.432885
0.125  -0.244936
0.03125  -0.41193
0.21875  -0.272277
0.09375  -0.243547
-0.03125  -0.155965
-0.125  -0.415938
0.15625  -0.384691
0.0625  -0.263664
0.0625  -0.30886
-0.03125  -0.550817
-0.0625  -0.459324
0.0625  -0.335648
-0.0625  -0.423408
-0.28125  -0.434967
-0.15625  -0.506616
0.0625  -0.334251
0.03125  -0.368796
0.125  -0.390327
-0.0625  -0.400063
-0.09375  -0.289742
0.25  -0.459118
0.03125  -0.460168
0.03125  -0.37443
0.09375  -0.335493
0.0625  -0.506329
0.09375  -0.497005
0.09375  -0.0464965
-0.03125  -0.206606
-0.0625  -0.372117
0.03125  -0.297472
-0.21875  -0.237314
0.21875  -0.489317
-0.09375  -0.404969
-0.03125  -0.273404
-0.09375  -0.26998
-0.21875  -0.445554
-0.0625  -0.25267
0.03125  -0.218429
-0.21875  -0.324816
-0.09375  -0.141875
0.15625  -0.440986
0.21875  -0.489523
-0.03125  -0.37124
0.03125  -0.310277
-0.125  -0.352328
-0.15625  -0.436329
0  -0.490741
0.09375  -0.333851
-0.1875  -0.0754639
-0.125  -0.575725
-0.0625  -0.33386
0.0625  -0.326306
0.03125  -0.44172
0.09375  -0.312846
-0.03125  -0.256991
-0.03125  -0.266725
0  -0.250386
0.03125  -0.260158
-0.09375  -0.504648
-0.125  -0.297028
-0.03125  -0.238161
0.125  -0.366474
0.28125  -0.448506
-0.03125  -0.133084
-0.0625  -0.257068
0.15625  -0.445635
-0.21875  -0.584121
0.0625  -0.353252
0.3125  -0.372602
0.09375  -0.324432
-0.03125  -0.332803
0.03125  -0.342806
0.125  -0.348306
-0.125  -0.322803
-0.0625  -0.182012
-0.09375  -0.284268
0.3125  -0.131599
-0.03125  -0.519348
-0.09375  -0.223206
-0.21875  -0.213054
0.15625  -0.24301
-0.125  -0.351231
0.125  -0.142623
0  -0.349111
0.09375  -0.289819
0.0625  -0.274454
-0.0625  -0.233395
0.09375  -0.429501
-0.09375  -0.128058
0.15625  -0.277486
-0.15625  -0.271253
0  -0.24882
0  -0.201493
-0.0625  -0.461546
0  -0.181273
-0.1875  -0.302606
0.1875  -0.336834
0.125  -0.418042
0.09375  -0.32813
0.0625  -0.167265
-0.25  -0.409372
0.03125  -0.428256
0.21875  -0.36504
0.21875  -0.40691
-0.09375  -0.377905
0.25  -0.527511
0.15625  -0.315056
0.21875  -0.203553
-0.09375  -0.195423
0.25  -0.161546
0  -0.581099
0.03125  -0.321951
-0.0625  -0.107643
-0.34375  -0.479383
0.03125  -0.391363
0.0625  -0.326559
-0.21875  -0.246623
-0.09375  -0.177737
-0.0625  -0.218702
-0.0625  -0.275532
0.0625  -0.407704
-0.0625  -0.589325
0.03125  -0.422416
-0.0625  -0.0544525
0.15625  -0.425101
-0.03125  -0.580306
-0.03125  -0.335987
-0.1875  -0.348136
0.09375  -0.431541
-0.125  -0.424895
0.03125  -0.390296
0.03125  -0.24224
-0.03125  -0.319938
-0.0625  -0.275804
-0.0625  -0.425432
-0.09375  -0.294806
-0.0625  -0.541385
0  -0.0952591
-0.15625  -0.457387
-0.25  -0.351031
-0.28125  -0.319616
-0.09375  -0.396689
-0.0625  -0.281573
0.03125  -0.348922
0.3125  -0.492598
0.15625  -0.248377
0.125  -0.464576
-0.03125  -0.492424
-0.0625  -0.178842
-0.15625  -0.336776
-0.25  -0.444124
0.09375  -0.282181
0.09375  -0.0406986
0.15625  -0.381012
0.03125  -0.320517
-0.09375  -0.237536
0.3125  -0.33643
0.15625  -0.280266
0.125  -0.279283
0.09375  -0.390517
-0.15625  -0.315662
0.03125  -0.25133
-0.0625  -0.254191
0.15625  -0.314822
0.09375  -0.329644
0  -0.379769
0.0625  -0.522038
0.125  -0.344962
-0.03125  -0.265845
-0.21875  -0.358471
0  -0.444645
0.125  -0.301412
0.21875  -0.377917
-0.125  -0.208819
0.25  -0.314404
0.09375  -0.521072
0.21875  -0.390068
0.03125  -0.561545
0.03125  -0.315093
0.3125  -0.333201
-0.0625  -0.286974
-0.1875  -0.301624
0.09375  -0.327675
0.125  -0.352363
0.03125  -0.545688
0.125  -0.255591
-0.03125  -0.439364
0.125  -0.407279
0.15625  -0.610074
-0.03125  -0.42486
-0.21875  -0.242789
0.125  -0.393876
-0.1875  -0.202256
0  -0.425424
-0.03125  -0.474379
0  -0.147693
0.09375  -0.500198
-0.15625  -0.370341
-0.0625  -0.313427
-0.125  -0.388786
-0.125  -0.416359
-0.09375  -0.166005
-0.03125  -0.215205
0  -0.0405342
0.15625  -0.317419
-0.1875  -0.155848
-0.25  -0.340879
-0.03125  -0.228559
-0.03125  -0.282255
-0.03125  -0.273327
-0.1875  -0.258397
-0.09375  -0.190294
-0.0625  -0.390912
0  -0.492485
0.15625  -0.364767
0.0625  -0.352365
-0.09375  -0.400698
-0.1875  -0.349817
-0.09375  -0.258354
-0.1875  -0.320577
-0.03125  -0.31251
-0.15625  -0.470424
0.1875  -0.273793
0.03125  -0.191248
-0.125  -0.227585
-0.03125  -0.34813
-0.0625  -0.249389
-0.125  -0.287779
-0.125  -0.371789
-0.03125  -0.446014
0.125  -0.427629
0.0625  -0.498699
0.0625  -0.391814
0  -0.235208
-0.09375  -0.403354
0.0625  -0.158018
-0.09375  -0.442896
0.375  -0.233179
0.21875  -0.157701
-0.09375  -0.0926176
-0.34375  -0.320533
0.1875  -0.391837
-0.03125  -0.279962
-0.0625  -0.582706
-0.1875  -0.093802
0  -0.255801
-0.125  -0.421881
0.0625  -0.425764
0.03125  -0.335364
-0.03125  -0.410749
0.0625  -0.380104
0.03125  -0.38162
0.1875  -0.438072
0.15625  -0.51414
0.0625  -0.322079
0.125  -0.380261
0.15625  -0.372995
0  -0.24488
-0.0625  -0.43631
0.09375  -0.375249
-0.03125  -0.453913
-0.125  -0.353118
-0.1875  -0.610012
-0.4375  -0.212697
-0.125  -0.217677
0.0625  -0.362448
-0.1875  -0.336833
0.0625  -0.403087
-0.0625  -0.28569
-0.0625  -0.320102
0  -0.398986
-0.0625  -0.440021
0.15625  -0.548022
0.0625  -0.361458
0  -0.446803
0.03125  -0.406192
0.15625  -0.237636
0.03125  -0.376266
0  -0.466766
0.0625  -0.395438
-0.09375  -0.484945
-0.3125  -0.577401
-0.03125  -0.440721
0.03125  -0.513112
-0.0625  -0.578659
-0.28125  -0.276037
0.03125  -0.301101
0.21875  -0.332331
0.15625  -0.307882
0.15625  -0.243897
0.34375  -0.329814
-0.28125  -0.263036
0.28125  -0.373057
-0.03125  -0.394608
-0.25  -0.641703
-0.03125  -0.274229
0.03125  -0.313426
-0.0625  -0.0958864
-0.09375  -0.222596
0.09375  -0.215505
0.125  -0.351391
0.09375  -0.122065
0.21875  -0.535556
0  -0.0614847
-0.09375  -0.55681
0.03125  -0.160171
0.09375  -0.267556
0.09375  -0.563212
0.09375  -0.282262
0.0625  -0.343575
0.1875  -0.571256
-0.09375  -0.309787
0.0625  -0.332611
-0.03125  -0.285526
-0.15625  -0.188346
-0.1875  -0.308742
-0.09375  -0.170055
0.0625  -0.206752
0.09375  -0.309308
0.15625  -0.120444
-0.125  -0.261836
-0.09375  -0.46263
0.03125  -0.392516
-0.125  -0.503667
0.0625  -0.141504
0  -0.234285
0.0625  -0.560536
0.0625  -0.603582
-0.0625  -0.258806
-0.09375  -0.411506
-0.03125  -0.384611
0  -0.411598
-0.1875  -0.177724
0.0625  -0.350477
-0.125  -0.59482
-0.0625  -0.275981
0.25  -0.374871
0  -0.377297
0.03125  -0.301682
-0.125  -0.36046
0  -0.105634
-0.0625  -0.445953
-0.09375  -0.185835
0.0625  -0.372696
0  -0.379044
0.1875  -0.374006
-0.1875  -0.308987
-0.34375  -0.364056
0.125  -0.337517
0.03125  -0.379847
0  -0.328692
0.15625  -0.429684
0.09375  -0.264111
0.125  -0.407823
0.09375  -0.472446
0  -0.295526
-0.125  -0.343314
-0.15625  -0.37028
-0.21875  -0.366643
0.03125  -0.272814
-0.0625  -0.307246
0.125  -0.289249
-0.09375  -0.548029
0.125  -0.345355
0.09375  -0.36765
0.03125  -0.209133
0.15625  -0.56511
0.1875  -0.254365
0.125  -0.273676
0.03125  -0.396001
0  -0.439383
-0.0625  -0.271009
0.09375  -0.238269
-0.03125  -0.243148
-0.09375  -0.256306
0.15625  -0.128278
-0.25  -0.443279
-0.03125  -0.265805
0.1875  -0.157707
-0.0625  -0.212006
-0.0625  -0.389911
-0.15625  -0.367852
-0.25  -0.544493
-0.4375  -0.202888
0.125  -0.0882275
-0.0625  -0.472955
-0.0625  -0.378928
-0.125  -0.275228
-0.09375  -0.31051
-0.09375  -0.243349
-0.15625  -0.604574
-0.125  -0.4145
0.09375  -0.569932
0.03125  -0.358834
0.03125  -0.309489
0.0625  -0.338913
-0.09375  -0.255701
-0.09375  -0.023416
0.1875  -0.419566
-0.09375  -0.528446
-0.3125  -0.437674
0.3125  -0.41588
-0.125  -0.478331
-0.21875  -0.115699
0.15625  -0.257757
-0.125  -0.456975
-0.25  -0.23043
-0.03125  -0.391519
-0.1875  -0.568911
-0.15625  -0.424219
-0.09375  -0.384344
-0.09375  -0.34081
0.09375  -0.378662
0.09375  -0.46696
0.0625  -0.367977
0.15625  -0.146078
0.15625  -0.199519
0.25  -0.291222
-0.03125  -0.212091
-0.125  -0.277335
0.0625  -0.417995
0.0625  -0.318746
-0.125  -0.314103
0.0625  -0.274899
0  -0.337682
-0.0625  -0.397996
-0.03125  -0.243773
0.21875  -0.379686
-0.15625  -0.244125
-0.28125  -0.329717
-0.15625  -0.296757
0  -0.364959
0.03125  -0.413747
0.34375  -0.391845
-0.03125  -0.502717
-0.125  -0.346281
0.03125  -0.328187
0.0625  -0.317268
0.03125  -0.126914
0.0625  -0.235805
-0.21875  -0.433584
0.0625  -0.418845
-0.25  -0.609437
-0.15625  -0.359489
-0.125  -0.341935
-0.09375  -0.135581
-0.125  -0.266587
-0.0625  -0.331748
-0.0625  -0.370481
0  -0.400252
0.21875  -0.214649
-0.1875  -0.351061
0.0625  -0.348188
0  -0.340573
0.0625  -0.304063
0  -0.281731
0.21875  -0.382183
-0.03125  -0.402844
0.03125  -0.376987
0.03125  -0.228422
-0.1875  -0.361693
0.0625  -0.343376
0.09375  -0.326976
0.03125  -0.266936
-0.03125  -0.259323
-0.125  -0.305392
-0.15625  -0.277723
-0.03125  -0.494231
0  -0.381941
-0.03125  -0.381109
-0.0625  -0.293197
-0.03125  -0.317932
0.03125  -0.160507
0.15625  -0.411634
0.09375  -0.523643
-0.21875  -0.328332
0.0625  -0.393254
-0.09375  -0.474422
0.09375  -0.315227
0.21875  -0.369075
0.15625  -0.470072
-0.15625  -0.395915
-0.0625  -0.378091
-0.03125  -0.199706
0.28125  -0.112311
-0.03125  -0.552625
-0.09375  -0.283443
0.09375  -0.100615
0.34375  -0.286162
0.25  -0.270951
0.0625  -0.265003
-0.03125  -0.400646
-0.0625  -0.230144
0.03125  -0.37206
0.125  -0.273381
0.0625  -0.229488
-0.15625  -0.462977
0.28125  -0.187426
-0.03125  -0.48828
-0.09375  -0.14198
-0.1875  -0.491077
0.0625  -0.256321
-0.03125  -0.294197
0.0625  -0.293772
0.21875  -0.379626
0.09375  -0.338907
0  -0.495843
0.0625  -0.231077
0.0625  -0.471321
-0.03125  -0.258908
0.03125  -0.0508896
-0.03125  -0.53522
0.03125  -0.463816
-0.0625  -0.242973
0  -0.320867
0  -0.494075
-0.125  -0.426377
-0.09375  -0.0923058
0  -0.354905
0.15625  -0.4252
-0.15625  -0.511562
-0.21875  -0.388369
0.03125  -0.318712
0.09375  -0.534628
-0.0625  -0.369443
0  -0.244744
-0.03125  -0.376738
-0.03125  -0.298706
0.09375  -0.309645
-0.0625  -0.43643
-0.03125  -0.313055
0.15625  -0.437693
0  -0.373355
-0.03125  -0.218182
-0.28125  -0.398061
-0.1875  -0.328555
0  -0.35996
0.125  -0.289828
0.03125  -0.358509
0.3125  -0.35572
0.09375  -0.451889
-0.09375  -0.274008
-0.0625  -0.241895
-0.21875  -0.154573
-0.0625  -0.358368
0  -0.380306
0.34375  -0.235616
0.09375  -0.370076
-0.125  -0.348759
-0.1875  -0.370582
-0.03125  -0.296292
-0.0625  -0.515282
0.1875  -0.384659
-0.0625  -0.206831
0.3125  -0.275438
0.09375  -0.283274
0.21875  -0.375715
-0.03125  -0.459088
-0.25  -0.07533
-0.09375  -0.321984
0.1875  -0.469597
-0.1875  -0.304604
0.09375  0.0342982
-0.0625  -0.284016
-0.125  -0.202454
0.0625  -0.23159
0.09375  -0.281849
-0.28125  -0.269901
-0.0625  -0.261081
-0.125  -0.189348
0.03125  -0.348982
0  -0.366716
0.3125  -0.287391
-0.125  -0.386537
0.25  -0.41915
-0.03125  -0.203798
0.15625  -0.299155
-0.25  -0.296324
-0.15625  -0.147696
0.15625  -0.21726
0  -0.310396
0.03125  -0.218458
-0.15625  -0.194109
0.15625  -0.272147
0  -0.275591
0.125  -0.291061
0.03125  -0.266757
0.125  -0.326767
0.0625  -0.552109
0.09375  -0.373296
0.09375  -0.167402
0  -0.397667
-0.15625  -0.312126
-0.15625  -0.404132
-0.125  -0.458715
-0.0625  -0.336822
0  -0.224176
0  -0.235515
0  -0.350464
-0.09375  -0.323378
-0.09375  -0.300187
-0.21875  -0.299825
0.0625  -0.292643
0.09375  -0.29772
-0.1875  -0.29886
0.21875  -0.164376
-0.0625  -0.198412
-0.0625  -0.311066
0.1875  -0.184554
0.21875  -0.243986
0.03125  -0.130994
0.09375  -0.339765
0.0625  -0.397788
-0.0625  -0.453615
0.21875  -0.511745
-0.09375  -0.455788
-0.09375  -0.293756
-0.1875  -0.444634
0.03125  -0.453391
0.15625  -0.361178
-0.28125  -0.149878
-0.09375  -0.403238
0.03125  -0.27505
0.1875  -0.329855
0.1875  -0.40475
0  -0.405564
0  -0.441247
0.125  -0.308005
0  -0.542069
0.03125  -0.401784
-0.1875  -0.245665
0.03125  -0.415919
0.125  -0.246002
-0.03125  -0.394963
0.09375  -0.274367
0.03125  -0.342661
0.09375  -0.308067
0  0.0353373
0.09375  -0.386109
0.1875  -0.365126
0  -0.159959
0.03125  -0.435254
0.21875  -0.31516
-0.09375  -0.344441
0.09375  -0.482744
0.03125  -0.321199
-0.0625  -0.526474
-0.0625  -0.29058
-0.0625  -0.288295
0.09375  -0.422316
-0.125  -0.210337
-0.03125  -0.142338
-0.09375  -0.408263
0  -0.608054
-0.09375  -0.334863
-0.09375  -0.272514
0.0625  -0.30359
0.03125  -0.4396
0.25  -0.390514
0.0625  -0.127276
-0.0625  -0.458965
0.15625  -0.336581
0.09375  -0.366246
-0.09375  -0.396237
0  -0.0942336
0.09375  -0.28806
-0.0625  -0.311958
0.1875  -0.17326
0.15625  -0.387129
0.03125  -0.239827
0  -0.25979
-0.15625  -0.336433
-0.03125  -0.247183
-0.09375  -0.396452
-0.03125  -0.253489
0  -0.348179
0.0625  -0.320205
0.0625  -0.359987
0.1875  -0.24799
0.03125  -0.471758
0.15625  -0.384216
-0.09375  -0.407348
-0.03125  -0.146309
-0.09375  -0.320704
0  -0.423953
0  -0.548007
0.125  -0.229864
-0.03125  -0.319196
-0.125  -0.418677
0.21875  -0.354865
-0.25  -0.512386
-0.03125  -0.433498
-0.34375  -0.182303
-0.125  -0.292358
0.09375  -0.408998
0.09375  -0.330093
-0.0625  -0.401417
-0.09375  -0.303082
0.15625  -0.353441
0.0625  -0.35251
-0.09375  -0.216355
0.0625  -0.240829
-0.09375  -0.437925
0.0625  -0.219347
0.125  -0.232644
0.15625  -0.34348
-0.28125  -0.244602
0.03125  -0.292634
0.125  -0.364369
-0.03125  -0.336554
0.09375  -0.501816
-0.15625  -0.217443
0.09375  -0.486239
-0.03125  -0.37105
-0.03125  -0.308587
-0.1875  -0.190607
0.1875  -0.20013
0.15625  -0.282509
-0.125  -0.302
-0.25  -0.483509
0.125  -0.0215907
0.15625  -0.393022
-0.0625  -0.388889
0.09375  -0.0881033
0  -0.437538
0  -0.290412
0  -0.394815
-0.125  -0.160915
0.09375  -0.360028
0.25  0.00486315
-0.03125  -0.339681
-0.0625  -0.273058
0.25  -0.342243
-0.1875  -0.518833
0.0625  -0.449108
-0.0625  -0.32508
0.125  -0.480697
0.09375  -0.509598
-0.25  -0.0217455
0  -0.522089
0  -0.374583
0.09375  -0.16927
0  -0.465499
-0.09375  -0.229082
-0.09375  -0.409502
-0.21875  -0.318812
-0.03125  -0.320644
0  -0.511265
-0.28125  -0.185265
-0.15625  -0.338096
-0.09375  -0.171795
0.25  -0.467969
0.09375  -0.389402
0.1875  -0.492441
0.0625  -0.357842
-0.1875  -0.25658
0.03125  -0.49573
0.15625  -0.40223
-0.125  -0.544399
0.03125  -0.397315
-0.09375  -0.261432
-0.03125  -0.294279
0.125  -0.285046
0  -0.373165
-0.03125  -0.291665
-0.125  -0.421764
0.03125  -0.415903
0.0625  -0.421336
-0.15625  -0.464845
0.34375  -0.294283
0.0625  -0.223573
-0.15625  -0.321989
-0.15625  -0.460358
0.125  -0.23854
-0.0625  -0.464433
0.21875  -0.393373
-0.125  -0.62167
-0.125  -0.388665
-0.0625  -0.339752
-0.09375  -0.427819
-0.1875  -0.467741
0.09375  -0.198446
-0.1875  -0.408768
0.09375  -0.207703
0  -0.27727
-0.09375  -0.443838
-0.0625  -0.435824
-0.3125  -0.504897
-0.03125  -0.355227
0.15625  -0.399665
-0.125  -0.436587
0.09375  -0.218422
-0.15625  -0.322912
-0.1875  -0.32085
0.03125  -0.315704
0.1875  -0.402634
0.03125  -0.266757
0  -0.180343
-0.03125  -0.420435
0.03125  -0.385002
-0.09375  -0.393281
0.1875  -0.433105
0.03125  -0.332698
0.0625  -0.27972
0.15625  -0.312053
-0.3125  -0.19153
0.09375  -0.274897
-0.09375  -0.48606
-0.15625  -0.358543
0  -0.396965
0.03125  -0.29792
0  -0.156521
0.0625  -0.13838
-0.125  -0.303924
0.28125  -0.338892
0.125  -0.375891
0.03125  -0.299343
0.15625  -0.314144
-0.0625  -0.293801
0.09375  -0.381983
-0.0625  -0.388962
0.03125  -0.247192
-0.03125  -0.457854
0  -0.307751
-0.0625  -0.408133
-0.15625  -0.121649
0.125  -0.360296
-0.0625  -0.118338
0.0625  -0.294316
0.0625  -0.348478
-0.09375  -0.231834
-0.0625  -0.286848
0.09375  -0.309114
-0.125  -0.241308
0.1875  -0.420315
-0.15625  -0.372425
0.21875  -0.434926
0.03125  -0.471315
0.28125  -0.563379
0.09375  -0.309539
-0.0625  -0.468762
-0.21875  -0.452057
0.09375  -0.356996
0  -0.386686
0  -0.171396
0  -0.238681
-0.03125  -0.437069
-0.0625  -0.542435
-0.03125  -0.430004
-0.09375  -0.249621
-0.125  -0.420212
-0.03125  -0.242878
-0.125  -0.413733
0  -0.411653
0.15625  -0.384422
0.09375  -0.449394
0.03125  -0.334708
-0.15625  -0.322628
-0.0625  -0.340192
-0.0625  -0.403275
0.03125  -0.180212
-0.0625  -0.455019
-0.40625  -0.436179
0.28125  -0.386642
0.125  -0.50301
0.03125  -0.276687
0.09375  -0.42912
0.09375  -0.255442
0.15625  -0.232364
-0.125  -0.392048
0  -0.344348
0.3125  -0.484447
-0.125  -0.354156
-0.0625  -0.524556
0  -0.393426
-0.15625  -0.22003
-0.03125  -0.435034
0.1875  -0.365687
0.40625  -0.251172
0  -0.46321
0.0625  -0.588033
0.21875  -0.158624
-0.03125  -0.250211
0.03125  -0.429495
0.125  -0.273378
0  -0.347083
-0.03125  -0.345834
-0.15625  -0.306923
0.15625  -0.353271
0  -0.354207
0.21875  -0.595212
-0.03125  -0.387951
-0.125  -0.468026
0  -0.511567
0.0625  -0.457309
-0.1875  -0.342292
-0.125  -0.391775
0.03125  -0.412425
-0.03125  -0.365491
0.125  -0.269575
-0.15625  -0.457598
0.09375  -0.368982
0.0625  -0.496034
0.03125  -0.297908
-0.15625  -0.417575
0  -0.541576
-0.15625  -0.481279
0.125  -0.229588
-0.03125  -0.34558
0.09375  -0.430683
0.125  -0.318075
0  -0.289321
0.09375  -0.289088
-0.0625  -0.299114
0  -0.429221
-0.03125  -0.320688
-0.3125  -0.573726
0.125  -0.284215
0.03125  -0.201755
-0.03125  -0.359632
0.03125  -0.267281
0.0625  -0.255303
0  -0.247953
0.03125  -0.292863
0.15625  -0.393296
0.09375  -0.373143
0  -0.414763
-0.1875  -0.363953
-0.03125  -0.12522
0.15625  -0.411648
-0.21875  -0.382053
-0.15625  -0.275287
-0.03125  -0.587522
-0.09375  -0.270281
0  -0.459343
-0.09375  -0.343158
0.03125  -0.350536
0.25  -0.373409
0.28125  -0.372663
0.21875  -0.113374
0.09375  -0.158259
-0.3125  -0.268407
0  -0.402899
0.0625  -0.151348
0.03125  -0.0924323
-0.0625  -0.325991
-0.03125  -0.461486
0.1875  -0.334645
0.09375  -0.390327
0.09375  -0.26085
0.3125  -0.273982
-0.0625  -0.642992
-0.375  -0.178888
0  -0.437858
0.125  -0.165864
-0.15625  -0.276486
0  -0.391171
0.25  -0.362093
-0.09375  -0.0501642
0.15625  -0.482017
0.03125  -0.0967914
0.0625  -0.180773
0.125  -0.418191
-0.28125  -0.504303
-0.03125  -0.331867
-0.0625  -0.172625
0.125  -0.459458
-0.1875  -0.381573
-0.03125  -0.465978
-0.09375  -0.365575
0.15625  -0.453615
-0.21875  -0.181195
-0.125  -0.487106
0.1875  -0.279356
0  -0.165834
-0.21875  -0.575042
0.09375  -0.230367
0.125  -0.551377
-0.09375  -0.325598
-0.15625  -0.384106
0.125  -0.284038
0.03125  -0.270895
-0.1875  -0.252872
0.03125  -0.283028
0.15625  -0.0197995
0.03125  -0.398048
-0.15625  -0.287611
0.0625  -0.0582936
0.0625  -0.152208
0.03125  -0.200713
-0.1875  -0.307355
-0.0625  -0.503015
0.09375  -0.466362
-0.0625  -0.386144
-0.15625  -0.328563
0.1875  -0.218998
0.1875  -0.350223
0.21875  -0.401967
0.0625  -0.561284
-0.09375  -0.424491
0.03125  -0.14268
-0.125  -0.238926
-0.21875  -0.333529
-0.15625  -0.412372
-0.03125  -0.273536
-0.09375  -0.48215
-0.03125  -0.387054
-0.0625  -0.326255
0  -0.0443066
0.0625  -0.111342
0.125  -0.421687
-0.15625  -0.354114
-0.25  -0.238325
0.15625  -0.625193
-0.09375  -0.0351378
-0.15625  -0.291845
0  -0.0136052
0.0625  -0.31523
-0.25  -0.37234
-0.09375  -0.165911
0.3125  -0.2584
-0.0625  -0.154735
-0.03125  -0.529484
0.1875  -0.615688
0.0625  -0.576266
-0.21875  -0.242348
0.125  -0.350629
0.1875  -0.49059
-0.1875  -0.389993
-0.15625  -0.506826
0.0625  -0.247321
-0.03125  -0.358791
0  -0.330395
-0.125  -0.226365
0  -0.271751
0.0625  -0.250774
-0.21875  -0.0824442
0.09375  -0.141606
0.09375  -0.295617
-0.0625  -0.262465
-0.0625  -0.433256
-0.0625  -0.30927
0.03125  -0.266058
-0.09375  -0.378208
-0.28125  -0.334592
0.28125  -0.516342
-0.1875  -0.146927
0.09375  -0.0264131
0.15625  -0.293493
0.03125  -0.444851
0  -0.3718
-0.15625  -0.456084
0.1875  -0.442596
-0.125  -0.235852
0.125  -0.166703
0.0625  -0.335839
0.0625  -0.185308
-0.125  -0.529415
0.0625  -0.430243
0.21875  -0.255175
0.09375  -0.125803
0.0625  -0.176472
0.15625  -0.355044
-0.03125  -0.238616
-0.15625  -0.554554
0.0625  -0.426371
-0.03125  -0.204486
-0.28125  -0.463854
0.15625  -0.243233
-0.15625  -0.335937
-0.21875  -0.338825
-0.03125  -0.291302
-0.0625  -0.52167
0.21875  -0.467895
0.09375  -0.356988
-0.1875  -0.239711
0.1875  -0.280712
-0.21875  -0.246568
0.03125  -0.192148
-0.34375  -0.367016
0.03125  -0.281886
0.28125  -0.364835
-0.03125  -0.354693
-0.28125  -0.285848
-0.0625  -0.43375
0.03125  -0.276122
0  -0.234437
0.15625  -0.338107
-0.0625  -0.357347
0.03125  -0.350014
0.21875  -0.359651
0.03125  -0.389258
-0.125  -0.511607
-0.09375  -0.186464
0.25  -0.23214
-0.0625  -0.273428
-0.09375  -0.291964
-0.0625  -0.6052
-0.15625  -0.0931829
-0.125  -0.17739
-0.21875  -0.55591
-0.0625  -0.587622
0.09375  -0.211602
0.15625  -0.309586
0.15625  -0.347589
0.125  -0.332725
0.15625  -0.491829
0.03125  -0.439139
-0.0625  -0.475226
0.0625  -0.272299
0.125  -0.273401
0.03125  -0.322438
0.03125  -0.383341
0.125  -0.353963
-0.09375  -0.434812
0.03125  -0.294493
-0.125  -0.211894
0.21875  -0.388545
0.0625  -0.455071
0.0625  -0.377612
0.0625  -0.378127
0.0625  -0.358356
-0.09375  -0.419473
-0.03125  -0.303873
0.25  -0.341701
0.21875  -0.441483
0  -0.127413
-0.03125  -0.363808
-0.09375  -0.238888
0.15625  -0.414027
0  -0.287306
0.03125  -0.34611
-0.03125  -0.104597
0.125  -0.27891
-0.03125  -0.319751
-0.0625  -0.334698
0.1875  -0.318538
0  -0.42729
0.25  -0.171108
0.09375  -0.162439
0.34375  -0.42727
-0.1875  -0.409979
-0.09375  -0.162174
0  -0.180377
0.125  -0.257913
0  -0.354565
0  -0.37788
0.09375  -0.23734
-0.03125  -0.309061
-0.15625  -0.29484
-0.03125  -0.163616
0.0625  -0.430951
0.0625  -0.199933
0.09375  -0.454415
0.03125  -0.503496
-0.03125  -0.440732
-0.15625  -0.317333
0.125  -0.230434
0.03125  -0.511086
-0.09375  -0.0628711
-0.09375  -0.570467
0  -0.372556
0.09375  -0.392312
0.125  -0.19495
0.125  -0.356997
0  -0.295752
0  -0.349017
0.28125  -0.248461
0.25  -0.223172
0.09375  -0.426389
-0.09375  -0.417423
0.1875  -0.314492
0.03125  -0.269836
-0.0625  -0.286984
-0.0625  -0.267945
0  -0.401095
-0.03125  -0.481969
0.1875  -0.360905
0.15625  -0.528041
0.0625  -0.167073
0.21875  -0.219775
-0.03125  -0.34755
-0.15625  -0.606411
0.09375  -0.495702
-0.21875  -0.424296
-0.03125  -0.128432
0.21875  -0.425409
-0.125  -0.573847
-0.09375  -0.296218
-0.03125  -0.31818
0.03125  -0.188636
0.0625  -0.153834
-0.21875  -0.46865
0.21875  -0.536463
-0.09375  -0.50812
0.0625  -0.303296
-0.15625  -0.495057
-0.125  -0.34878
0.21875  -0.381585
-0.125  -0.365366
-0.125  -0.315047
-0.125  -0.443009
0.0625  -0.360866
0.03125  -0.121999
0  -0.128927
-0.09375  -0.298666
0.15625  -0.361313
0.09375  -0.283161
-0.03125  -0.296314
-0.125  -0.317596
0  -0.511212
-0.0625  -0.512976
0  -0.474819
-0.125  -0.43113
0.25  -0.205951
-0.03125  -0.181333
0.25  -0.20667
-0.09375  -0.168151
0.03125  -0.25107
-0.09375  -0.334891
-0.125  -0.349256
-0.15625  -0.236667
0.0625  -0.346472
0.0625  -0.357786
-0.0625  -0.335304
-0.1875  -0.447144
-0.09375  -0.238014
-0.0625  -0.329962
0.03125  -0.390467
0  -0.443568
-0.0625  -0.489419
0.15625  -0.267827
-0.15625  -0.205219
0  -0.393529
-0.1875  -0.271116
0  -0.389945
0  -0.273511
0.09375  -0.556704
-0.09375  -0.354504
0.09375  -0.474256
-0.125  -0.318878
0.0625  -0.478419
-0.1875  -0.173912
0.1875  -0.309947
-0.34375  -0.484687
-0.03125  -0.367202
-0.03125  -0.355781
0.0625  -0.220136
-0.125  -0.22121
0  -0.364693
0.1875  -0.222587
0.1875  -0.481599
-0.03125  -0.282736
0.0625  -0.199004
-0.125  -0.351492
0.0625  -0.512217
-0.1875  -0.309268
-0.125  -0.300318
0.0625  -0.251632
-0.15625  -0.326984
-0.21875  -0.224399
0  -0.187206
-0.125  -0.384655
0  -0.279249
0.125  -0.358044
0.09375  -0.588266
-0.125  -0.298523
0.09375  -0.427738
-0.21875  -0.320565
-0.25  -0.402933
0  -0.314371
0.09375  -0.39599
0.1875  -0.457012
-0.03125  -0.331853
-0.0625  -0.456483
-0.09375  -0.428722
0.03125  -0.491517
-0.25  -0.250187
-0.03125  -0.27556
-0.09375  -0.389119
0.125  -0.388086
0.25  -0.104369
0.25  -0.189544
0.03125  -0.301208
-0.1875  -0.530297
-0.09375  -0.366886
0.0625  -0.37089
0.03125  -0.195109
0.3125  -0.278663
0.1875  -0.123155
-0.21875  -0.274085
0.15625  -0.389784
0  -0.346651
-0.03125  -0.463012
0.03125  -0.496008
-0.0625  -0.386558
0.03125  -0.332821
0.0625  -0.587535
0.15625  -0.286917
0  -0.3949
-0.125  -0.199019
0.28125  -0.437258
0.03125  -0.33473
0.1875  -0.323737
-0.15625  -0.211831
-0.125  -0.212722
0  -0.391127
0.0625  -0.319297
0.125  -0.279299
0  -0.386359
0.125  -0.229785
0.09375  -0.236083
0.21875  -0.0291976
0.125  -0.45608
0.0625  -0.152405
-0.15625  -0.318329
-0.0625  -0.418923
-0.09375  -0.136267
0.15625  -0.288062
-0.03125  -0.447793
-0.21875  -0.441272
0.125  -0.50052
0.3125  -0.396447
0.21875  -0.218562
-0.03125  -0.461346
0.03125  -0.291676
-0.21875  -0.297945
-0.03125  -0.371583
-0.09375  -0.301535
-0.28125  -0.412317
0  -0.359797
0.125  -0.160303
-0.0625  -0.401336
-0.125  -0.319472
-0.0625  -0.431012
-0.15625  -0.325315
-0.03125  -0.348849
-0.125  -0.428692
-0.03125  -0.484342
0  -0.482534
-0.0625  -0.372419
0.21875  -0.202355
0.3125  -0.458239
-0.09375  -0.132776
0.0625  -0.304492
0.125  -0.335173
0.09375  -0.315574
-0.03125  -0.16046
0.15625  -0.547811
0.03125  -0.359642
0.125  -0.563534
-0.03125  -0.199716
0.125  -0.341852
-0.15625  -0.345614
-0.125  -0.401511
0.15625  -0.55645
0.28125  -0.289661
0.09375  -0.3533
-0.28125  -0.230217
0.03125  -0.271424
-0.03125  -0.334099
-0.0625  -0.55701
-0.28125  -0.369299
-0.0625  -0.175143
0.03125  -0.254598
-0.15625  -0.270474
-0.125  -0.274007
-0.125  -0.333821
-0.09375  -0.108092
-0.21875  -0.192347
-0.0625  -0.37424
-0.0625  -0.416045
-0.15625  -0.33452
0.03125  -0.343449
-0.15625  -0.364661
0.0625  -0.0975814
0.1875  -0.247471
0.09375  -0.333037
0.03125  -0.40785
0.09375  -0.440532
0  -0.322818
-0.28125  -0.288232
-0.0625  -0.159765
-0.03125  -0.424878
0.15625  -0.34
-0.25  -0.598163
0.03125  -0.584562
-0.09375  -0.352696
0.09375  -0.272927
-0.125  -0.238864
0  -0.528774
-0.03125  -0.214316
-0.21875  -0.239112
-0.09375  -0.0744868
0.21875  -0.227031
-0.09375  -0.221283
-0.0625  -0.316804
-0.21875  -0.289687
-0.28125  -0.294149
0.15625  -0.536849
-0.0625  -0.570406
-0.125  -0.427834
-0.0625  -0.368807
0.09375  -0.539796
0.125  -0.144525
0.0625  -0.5295
-0.03125  -0.334982
0.09375  -0.269554
-0.15625  -0.312235
-0.21875  -0.44995
0.09375  -0.270992
0  0.0110119
-0.03125  -0.411045
-0.25  -0.358453
0.125  -0.169767
-0.0625  -0.329062
-0.25  -0.453874
0.28125  -0.264264
0  -0.447846
-0.3125  -0.336641
0.125  -0.0882397
-0.03125  -0.316948
-0.1875  -0.305415
0.03125  -0.262175
-0.03125  -0.515219
-0.15625  -0.294201
-0.125  -0.329046
-0.15625  -0.379105
-0.09375  -0.516054
-0.09375  -0.4296
0.125  -0.457218
0  -0.151849
0.03125  -0.359902
-0.09375  -0.368361
0.03125  -0.140239
0.0625  -0.338291
-0.15625  -0.367214
0.0625  -0.223033
0.15625  -0.3658
-0.03125  -0.223974
-0.03125  -0.259187
0.03125  -0.220193
0.15625  -0.14199
-0.25  -0.205444
0.09375  -0.411587
-0.09375  -0.227865
-0.125  -0.406352
0.09375  -0.177755
0.03125  -0.403167
-0.0625  -0.0950603
-0.0625  -0.192887
0.03125  -0.363565
-0.0625  -0.437833
0.125  -0.365813
-0.09375  -0.447251
-0.0625  -0.419909
-0.21875  -0.383878
0.09375  -0.441737
-0.15625  -0.297119
0.125  -0.388433
0.03125  -0.457072
0.03125  -0.317725
0.1875  -0.328265
0.09375  -0.111284
0.125  -0.311969
-0.125  -0.0124612
0.0625  -0.123061
0.125  -0.413342
-0.03125  -0.476263
0.21875  -0.059964
-0.09375  -0.274132
-0.3125  -0.343566
-0.03125  -0.474104
-0.0625  -0.0379987
-0.03125  -0.271623
-0.0625  -0.264456
0.03125  -0.413645
0  -0.187215
0.125  -0.213525
-0.0625  -0.213635
-0.0625  -0.49591
0.0625  -0.330754
0.125  -0.182357
0.1875  -0.215227
0  -0.285399
0.03125  -0.168148
-0.1875  -0.441322
0.03125  -0.223609
0  -0.329773
0.09375  -0.571701
-0.0625  -0.220852
-0.15625  -0.493648
-0.09375  -0.417403
-0.0625  -0.135939
0.15625  -0.40757
0.0625  -0.242132
-0.0625  -0.45612
-0.0625  -0.0816393
0.09375  -0.340541
0.21875  -0.408669
0.03125  -0.523179
-0.09375  -0.153878
-0.1875  -0.349373
0.125  -0.228074
-0.125  -0.26552
0.15625  -0.14607
0.125  -0.416235
0  -0.421898
-0.03125  -0.456897
-0.0625  -0.376591
0.09375  -0.537237
-0.09375  -0.540757
0.09375  -0.238081
-0.03125  -0.151408
-0.1875  -0.453696
-0.15625  -0.442297
-0.34375  -0.399791
-0.0625  -0.469887
-0.125  -0.363465
0  -0.282984
0.25  -0.180188
0.03125  -0.302013
-0.03125  -0.163905
0.1875  -0.225323
-0.21875  -0.344154
-0.03125  -0.376555
-0.03125  -0.382498
-0.0625  -0.427536
0.125  -0.227837
0.1875  -0.456468
-0.125  -0.216244
0.09375  -0.357517
0.21875  -0.299167
-0.09375  -0.224863
0.03125  -0.344022
-0.1875  -0.114753
0  -0.557302
-0.03125  -0.520123
-0.15625  -0.0843893
-0.15625  -0.471353
0.125  -0.292316
-0.1875  -0.256259
-0.03125  -0.477634
-0.09375  -0.285218
-0.125  -0.338182
0.09375  -0.386165
-0.09375  -0.281815
-0.0625  -0.611611
0.28125  -0.211839
0.25  -0.107985
-0.09375  -0.370549
0.09375  -0.219596
-0.09375  -0.302503
0.0625  -0.174975
0  -0.29
-0.125  -0.181543
0.03125  -0.174332
-0.25  -0.436872
0.0625  -0.443921
-0.03125  -0.385244
0.28125  -0.381767
-0.0625  -0.341038
0.09375  -0.182376
0.0625  -0.361787
0.125  -0.336066
-0.03125  -0.19346
-0.03125  -0.255884
0.0625  -0.241458
-0.03125  -0.278534
0.03125  -0.367898
0.125  -0.49638
0.09375  -0.446948
-0.15625  -0.140718
0.15625  -0.416962
-0.03125  -0.368305
0  -0.43587
0.34375  -0.359872
-0.09375  -0.532471
-0.1875  -0.187039
-0.40625  -0.458974
0.09375  -0.37003
-0.0625  -0.543576
0.1875  -0.410231
-0.1875  -0.188823
-0.03125  -0.197789
0  -0.283377
0.03125  -0.437338
0.09375  -0.455432
0.0625  -0.326441
-0.0625  -0.377412
0.09375  -0.183303
-0.21875  -0.33132
0.0625  -0.358846
0.09375  -0.325233
0.09375  -0.141288
-0.0625  -0.205418
-0.1875  -0.285538
-0.15625  -0.479953
-0.0625  -0.142755
-0.09375  -0.184878
-0.25  -0.204038
0.0625  -0.204151
-0.15625  -0.213149
0.0625  -0.183851
-0.09375  -0.562247
0.15625  -0.418729
-0.03125  -0.114088
-0.09375  -0.535166
-0.21875  -0.182496
0  -0.308666
-0.0625  -0.390107
0.0625  -0.0781359
-0.09375  -0.376432
0.3125  -0.385032
0.0625  -0.410201
-0.125  -0.509823
-0.0625  -0.248132
-0.09375  -0.537581
-0.1875  -0.0210614
0.0625  -0.607409
-0.03125  -0.189205
-0.125  -0.314599
-0.15625  -0.229742
-0.125  -0.38637
-0.09375  -0.593115
-0.125  -0.226739
-0.03125  -0.303956
0.0625  -0.129904
-0.0625  -0.445707
0.09375  -0.190676
0.15625  -0.342359
-0.1875  -0.259767
-0.0625  -0.198258
0  -0.450591
0.28125  -0.261554
0.15625  -0.490125
0.09375  -0.382197
0.09375  -0.382093
-0.03125  -0.255485
0.09375  -0.279193
0.0625  -0.421528
-0.1875  -0.383452
0.03125  -0.355433
0.03125  -0.191197
0.03125  -0.374253
-0.0625  -0.191136
0.125  -0.457244
0  -0.210528
-0.09375  -0.256053
-0.0625  -0.349498
0.125  -0.289051
0.15625  -0.357198
-0.125  -0.446702
0.09375  -0.172821
0.09375  -0.387721
0.09375  -0.162205
-0.15625  -0.242253
-0.1875  -0.374744
0.375  -0.372623
0.0625  -0.0166066
0.1875  -0.19546
0.03125  -0.183232
-0.15625  -0.270832
-0.03125  -0.415423
-0.1875  -0.300132
0.03125  -0.300966
0.0625  -0.0200201
0.1875  -0.431142
-0.25  0.0789326
0.09375  -0.201175
0.09375  -0.378427
0.03125  -0.338314
-0.0625  -0.289271
0.03125  -0.357373
0.0625  -0.42175
0.03125  -0.318306
0.03125  -0.463305
-0.25  -0.511347
-0.0625  -0.208239
0.03125  -0.113274
-0.03125  -0.421722
-0.03125  -0.365233
0.09375  -0.153782
-0.03125  -0.450542
0.03125  -0.283164
0.21875  -0.457941
-0.15625  -0.0948594
-0.1875  -0.349713
-0.15625  -0.306295
0.1875  -0.253558
0.03125  -0.334599
0  -0.395805
-0.09375  -0.324613
-0.3125  -0.394523
0.09375  -0.454798
-0.125  -0.332585
0.09375  -0.440843
-0.03125  -0.290552
0.09375  -0.432464
0.03125  -0.200789
-0.03125  -0.435387
0.125  -0.234545
-0.09375  -0.304222
0.09375  -0.266824
-0.125  -0.343407
0  -0.35532
-0.03125  -0.300777
0.0625  -0.441754
0  -0.265184
0.0625  -0.545446
0.21875  -0.343445
-0.15625  -0.262623
0.15625  -0.500251
0.15625  -0.366057
-0.1875  -0.265286
-0.0625  -0.247228
0.0625  -0.272228
0.15625  -0.221709
0.125  -0.320991
-0.21875  -0.173601
0.0625  -0.309008
0.0625  -0.293966
-0.09375  -0.208972
0.125  -0.218719
-0.03125  -0.185051
-0.125  -0.224911
0  -0.467407
0.0625  -0.352442
-0.125  -0.42362
0.0625  -0.381334
0.125  -0.324282
0.25  -0.358761
0.1875  -0.380067
0.1875  -0.34708
0  -0.343404
-0.15625  -0.224177
-0.21875  -0.404393
0.125  -0.301719
-0.03125  -0.38798
-0.03125  -0.429959
-0.125  -0.384911
0.125  -0.353886
0.125  -0.431101
0  -0.372705
0.125  -0.454508
0.1875  -0.486014
-0.09375  -0.28634
-0.3125  -0.534125
0.1875  -0.157369
0  -0.156913
0.03125  -0.157906
0.03125  -0.60636
0.15625  -0.332957
0.03125  -0.373987
0.25  -0.520065
-0.125  -0.329795
0.1875  -0.0985345
0.15625  -0.252115
-0.09375  -0.294042
0.15625  -0.22929
-0.03125  -0.665858
0  -0.29694
-0.15625  -0.376383
-0.09375  -0.411712
-0.03125  -0.373
0.0625  -0.281175
0.1875  -0.56529
0.09375  -0.122174
0.0625  -0.369005
0.0625  -0.409152
0.0625  -0.228436
0  -0.354651
0.125  -0.338225
-0.125  -0.360084
-0.15625  -0.291583
-0.21875  -0.247919
-0.15625  -0.265015
0.21875  -0.39426
-0.03125  -0.398067
-0.09375  -0.346164
0  -0.628116
0.0625  -0.364743
0.125  -0.33534
0.15625  -0.214463
0.125  -0.199699
0.125  -0.419506
-0.125  -0.335788
-0.125  -0.361458
-0.09375  -0.228237
0.0625  -0.231334
0.15625  -0.381476
0.0625  -0.231808
-0.0625  -0.322777
-0.0625  -0.457647
-0.21875  -0.256353
-0.125  -0.493275
0.09375  -0.367145
-0.03125  -0.399747
-0.15625  -0.355956
0.0625  -0.281712
-0.0625  -0.401974
0.03125  -0.594341
-0.09375  -0.320129
0.09375  -0.330297
0.1875  -0.358712
-0.21875  -0.419986
0.21875  -0.266664
-0.25  -0.510647
-0.1875  -0.398436
0.0625  -0.493803
-0.09375  -0.39538
0.09375  -0.304047
-0.03125  -0.518264
0.15625  -0.437505
0.15625  -0.454533
0.21875  -0.40228
0.0625  -0.227228
0  -0.421686
0.03125  -0.41109
-0.125  -0.234025
-0.125  -0.146836
0  -0.353538
0.125  -0.186815
0.125  -0.398226
-0.03125  -0.363099
-0.0625  -0.375426
0.0625  -0.211851
0.03125  -0.277616
0.15625  -0.294941
0  -0.36371
0.03125  -0.254116
0  -0.257999
-0.125  -0.180588
-0.03125  -0.478501
0.1875  -0.227011
-0.03125  -0.340261
0.09375  -0.248704
0.25  -0.323298
0.0625  -0.332218
0  -0.439609
0.0625  -0.3458
-0.0625  -0.465748
-0.21875  -0.492905
-0.03125  -0.211058
0.15625  -0.245934
0.03125  -0.32377
0.0625  -0.300406
0.125  -0.500319
0  -0.313911
-0.28125  -0.385699
0.09375  -0.358847
-0.03125  -0.454976
-0.09375  -0.504822
-0.0625  -0.581613
0.09375  -0.273508
-0.25  -0.222438
0.0625  -0.273805
0.09375  -0.44394
-0.0625  -0.373158
-0.125  -0.390295
-0.25  -0.320675
0.03125  -0.471175
0.03125  -0.214884
0.0625  -0.314119
-0.21875  -0.316059
-0.15625  -0.401856
0.09375  -0.366915
0.0625  -0.348136
0.15625  -0.31233
0.125  -0.273379
0  -0.433813
-0.3125  -0.359335
0.1875  -0.299079
0.125  -0.240493
0.15625  -0.161296
-0.0625  -0.312158
-0.03125  -0.360416
-0.03125  -0.476079
0.15625  -0.44869
0.03125  -0.613693
0.0625  -0.387594
0.125  -0.52882
0  -0.468856
0.03125  -0.248383
0.03125  -0.351632
0.03125  -0.444495
-0.0625  -0.269273
0.25  -0.321911
0.0625  -0.232648
0.0625  -0.539815
-0.1875  -0.302681
0.03125  -0.196858
0  -0.25302
-0.1875  -0.230624
0.4375  -0.382646
-0.34375  -0.252682
-0.1875  -0.261582
-0.15625  -0.380938
-0.15625  -0.452111
0.09375  -0.433949
0.1875  -0.432725
0.09375  -0.456519
0.09375  -0.392962
-0.15625  -0.245789
0.03125  -0.313331
-0.21875  -0.294077
0.0625  -0.209
-0.21875  -0.230259
0.03125  -0.382373
-0.15625  -0.209568
-0.125  -0.647375
-0.09375  -0.18108
-0.0625  -0.24112
-0.125  -0.180425
-0.0625  -0.406228
0.28125  -0.393171
0.28125  -0.346045
-0.21875  -0.316162
0.25  -0.215006
0.0625  -0.227154
-0.125  -0.318248
-0.09375  -0.292868
-0.1875  -0.27066
-0.0625  -0.301636
0.125  -0.3958
0.3125  -0.284043
-0.15625  -0.204017
-0.03125  -0.411795
-0.09375  -0.264173
0.09375  -0.461298
0.03125  -0.246932
-0.03125  -0.276917
0.25  -0.474692
0.0625  -0.239532
-0.15625  -0.367613
0.0625  -0.507229
0  -0.255226
-0.03125  -0.0714062
0.1875  -0.426856
0.09375  -0.599358
-0.125  -0.332663
0.03125  -0.413941
-0.1875  -0.347097
-0.0625  -0.340438
-0.03125  -0.399115
0.09375  -0.403735
0.03125  -0.348802
0.0625  -0.33198
0.09375  -0.506947
-0.09375  -0.402459
-0.1875  -0.249841
0.0625  -0.377482
-0.125  -0.268212
-0.0625  -0.402799
0.0625  -0.161528
0.28125  -0.581559
0.09375  -0.228087
0.15625  -0.214102
0  -0.203497
0.03125  -0.347426
0.125  -0.259235
0.0625  -0.319215
-0.03125  -0.26107
0.125  -0.448111
0.21875  -0.439623
0.09375  -0.272091
-0.0625  -0.376875
0.1875  -0.294177
-0.15625  -0.289549
-0.03125  -0.139855
0.25  -0.501453
-0.09375  -0.513234
-0.125  -0.51721
0.125  -0.256317
0.03125  -0.349287
0.15625  -0.137467
0.03125  -0.382703
0.125  -0.388732
-0.03125  -0.270386
0.15625  -0.234022
0.09375  -0.225045
0.03125  -0.426268
-0.0625  -0.493108
0  -0.321363
0.09375  -0.108072
0.09375  -0.0323663
-0.15625  -0.477124
0.03125  -0.330419
0.03125  -0.373369
-0.03125  -0.507344
0.21875  -0.365675
-0.03125  -0.400849
0.09375  -0.275018
0.03125  -0.316937
0.09375  -0.408575
-0.03125  -0.345207
0.0625  -0.37262
-0.125  -0.273732
-0.15625  -0.291098
0.0625  -0.111796
-0.3125  -0.441
-0.125  -0.296742
0.0625  -0.201713
-0.03125  -0.244392
0.125  -0.193638
0.03125  -0.452488
-0.03125  -0.443275
-0.125  -0.532376
0.03125  -0.108053
0.375  -0.537691
-0.03125  -0.257522
0.125  -0.272014
0.0625  -0.384763
0  -0.314386
0.15625  -0.195953
0.0625  -0.29232
0.03125  -0.262615
-0.15625  -0.323227
-0.03125  -0.478503
-0.03125  -0.526738
-0.09375  -0.475448
0.09375  -0.487954
-0.15625  -0.398823
-0.21875  -0.383598
0.28125  -0.292836
-0.3125  -0.347844
-0.125  -0.505421
0.03125  -0.446274
-0.125  -0.340603
0.03125  -0.572869
-0.0625  -0.288293
0.15625  -0.265151
-0.125  -0.321059
-0.3125  -0.428544
-0.15625  -0.301746
-0.03125  -0.399344
-0.03125  -0.230458
0.0625  -0.249371
0.0625  -0.401439
-0.125  -0.333032
0  -0.302014
-0.03125  -0.457315
-0.03125  -0.344773
-0.125  -0.289218
0.03125  -0.189445
0.125  -0.52043
-0.25  -0.385628
-0.03125  -0.0989293
0.0625  -0.0468256
0.21875  -0.263731
0.03125  -0.362364
-0.09375  -0.416961
-0.03125  -0.331569
0.25  -0.490403
0.0625  -0.250821
0.09375  -0.343545
0.125  -0.271613
0.03125  -0.414571
-0.0625  -0.217508
0.09375  -0.278356
0.0625  -0.323049
-0.28125  -0.450042
0  -0.377268
-0.0625  -0.226169
-0.125  -0.397149
-0.15625  -0.306101
-0.125  -0.344534
0.125  -0.527474
-0.03125  -0.38235
0.0625  -0.516653
0.3125  -0.425278
0.15625  -0.458071
0  -0.325226
0.125  -0.343611
0.0625  -0.202162
0.15625  -0.268781
0.03125  -0.246984
-0.0625  -0.236396
-0.15625  -0.207694
0.21875  -0.395339
0.0625  -0.512821
-0.09375  -0.120712
0  -0.222311
-0.15625  -0.349392
0.1875  -0.29436
0.09375  -0.293589
0.09375  -0.00499386
-0.25  -0.250398
-0.03125  -0.308443
0  -0.313126
-0.21875  -0.330627
-0.28125  -0.237717
-0.0625  -0.243043
-0.09375  -0.289754
0.03125  -0.530181
0.15625  -0.517469
0.09375  -0.389762
0.28125  -0.300791
-0.125  -0.185568
0.125  -0.456565
-0.03125  -0.233196
0.09375  -0.177614
-0.25  -0.300287
-0.125  -0.41075
-0.1875  -0.544149
0.09375  -0.352373
-0.03125  -0.177846
-0.0625  -0.396045
0.0625  -0.402286
0.0625  -0.376119
-0.03125  -0.495715
-0.125  -0.472255
0.09375  -0.529995
-0.03125  -0.264094
0  -0.364802
0.28125  -0.433886
0.09375  -0.418848
0.1875  -0.419296
0.03125  -0.330248
0.03125  -0.337237
-0.25  -0.409208
0.03125  -0.304097
0.21875  -0.313862
-0.03125  -0.322202
-0.125  -0.415246
-0.09375  -0.252379
0.34375  -0.226321
0.46875  -0.206055
0.0625  -0.394661
0.125  -0.191978
0.125  -0.363684
-0.0625  -0.264418
0.09375  -0.404611
0.03125  -0.200909
-0.15625  -0.381924
-0.09375  -0.350931
0.0625  -0.316469
-0.0625  -0.334271
-0.03125  -0.279024
0  -0.208822
-0.125  -0.252331
-0.03125  -0.51703
0.1875  -0.277498
-0.21875  -0.579057
0.03125  -0.363857
-0.0625  -0.323765
-0.03125  -0.178095
0.15625  -0.361776
0.28125  -0.365174
0.03125  -0.150376
-0.21875  -0.270584
0  -0.250136
0.15625  -0.351353
-0.03125  -0.411126
0.03125  -0.333111
-0.125  -0.246563
-0.03125  -0.614843
0.0625  -0.449091
0  -0.480504
0  -0.474718
0  -0.196353
-0.09375  -0.330193
-0.125  -0.339383
-0.15625  -0.392779
0.09375  -0.484414
0.09375  -0.468039
0.0625  -0.284241
-0.09375  -0.416877
0.09375  -0.495084
0.25  -0.263833
-0.09375  -0.381948
0.125  -0.341934
-0.0625  -0.264309
-0.03125  -0.284843
-0.125  -0.360526
-0.0625  -0.430739
-0.125  -0.398427
-0.1875  -0.508647
-0.03125  -0.333977
0.21875  -0.264793
-0.0625  -0.498104
-0.0625  -0.318652
-0.09375  -0.336135
0.25  -0.487763
0.25  -0.228534
0.0625  -0.352469
0.15625  -0.376875
0  -0.11933
0.0625  -0.23686
-0.125  -0.301311
-0.125  -0.293027
-0.15625  -0.457464
0.15625  -0.2391
-0.15625  -0.471639
-0.0625  -0.294414
0  -0.188157
0.15625  -0.159596
-0.15625  -0.478752
0.125  -0.503433
0.1875  -0.206019
-0.125  -0.371631
0  -0.21777
0.125  -0.256096
0.09375  -0.399557
0.15625  -0.111564
-0.15625  -0.320492
0.03125  -0.365522
-0.15625  -0.276302
0  -0.407102
0.25  -0.331592
-0.15625  -0.300978
0.125  -0.265163
0.25  -0.472168
0.0625  -0.469681
-0.03125  -0.388734
0.0625  -0.298176
0.15625  -0.385252
0  -0.472594
-0.15625  -0.35834
-0.03125  -0.242697
-0.09375  -0.483066
0  -0.212773
0.09375  -0.115719
-0.0625  -0.380792
-0.34375  -0.244785
0.03125  -0.468445
0  -0.168701
0.34375  -0.468248
0.0625  -0.179838
0.03125  -0.278786
-0.03125  -0.415209
0.09375  -0.0939432
0  -0.387887
0.0625  -0.275266
0.0625  -0.315661
-0.0625  -0.362145
0.09375  -0.198367
0.1875  -0.365209
0.28125  -0.435586
0  -0.383463
-0.15625  -0.532354
0.125  -0.409297
0  -0.29313
0.0625  -0.521604
0  -0.456016
-0.21875  -0.142474
0.03125  -0.382068
0.1875  -0.279411
-0.15625  -0.3246
0.21875  -0.44344
-0.03125  -0.457011
-0.0625  -0.610282
0.09375  -0.268176
0.125  -0.177179
0.125  -0.247136
0.0625  -0.374316
0.03125  -0.328058
-0.0625  -0.253696
-0.25  -0.185294
0.125  -0.32517
-0.0625  -0.346727
0.03125  -0.363013
-0.03125  -0.164133
0  -0.489399
0  -0.340355
0  -0.298743
0.03125  -0.119168
0.15625  -0.211561
-0.21875  -0.277411
-0.21875  -0.297296
-0.1875  -0.335949
0.125  -0.257344
0.1875  -0.163732
0.09375  -0.283906
0.0625  -0.351841
-0.0625  -0.242285
0.09375  -0.299643
0.03125  -0.271644
0.03125  -0.399695
0  -0.21657
-0.09375  -0.220824
0  -0.374322
0  -0.483641
0.375  -0.43217
0.0625  -0.372517
-0.09375  -0.487341
-0.1875  -0.340724
-0.1875  -0.364457
0.0625  -0.375638
-0.1875  -0.140358
0.125  -0.502128
0.0625  0.0465808
0.21875  -0.619984
0  -0.233999
0.03125  -0.213259
0.09375  -0.387498
-0.125  -0.130531
0  -0.369972
0.09375  -0.258464
0.09375  -0.120322
0.03125  -0.508983
0.03125  -0.291244
-0.125  -0.357489
-0.0625  -0.11415
0.03125  -0.163996
-0.0625  -0.282041
0.15625  -0.325611
0.0625  -0.378737
0.09375  -0.294684
-0.03125  -0.282152
-0.09375  -0.378592
0.0625  -0.228939
-0.0625  -0.400382
-0.25  -0.269247
0.09375  -0.38081
0.15625  -0.273352
-0.28125  -0.443106
-0.09375  -0.368749
0.03125  -0.340885
-0.125  -0.287297
-0.09375  -0.171392
-0.125  -0.135162
0.03125  -0.280632
0.09375  -0.348745
0.15625  -0.284729
-0.0625  -0.426858
0.09375  -0.349706
-0.0625  -0.407741
-0.0625  -0.491361
0.03125  -0.328194
-0.125  -0.158223
0  -0.213672
0.0625  -0.529236
0.125  -0.316283
0.21875  -0.263804
0  -0.133291
0.0625  -0.358088
0.21875  -0.375215
0  -0.365279
-0.3125  -0.250166
0.03125  -0.251861
-0.15625  -0.443087
0  -0.57721
0.0625  -0.568413
0.0625  -0.121825
0.03125  -0.502345
0.1875  -0.316423
0.03125  -0.421469
-0.0625  -0.361689
0.09375  -0.366537
0.0625  -0.228101
0.125  -0.536925
-0.125  -0.593799
0.03125  -0.26719
-0.15625  -0.501795
-0.09375  -0.122127
0.0625  -0.335503
0  -0.114004
0  -0.201927
0.125  -0.513969
-0.03125  -0.353586
-0.0625  -0.425125
-0.125  -0.351016
0.09375  -0.364111
-0.125  -0.232961
0.0625  -0.402005
-0.03125  -0.331046
-0.0625  -0.387511
-0.03125  -0.41588
0  -0.503073
-0.0625  -0.532705
-0.0625  -0.217928
-0.09375  -0.156152
0.0625  -0.204239
-0.0625  -0.369379
0.21875  -0.157281
-0.15625  -0.402533
0  -0.418986
-0.15625  -0.110453
-0.1875  -0.400245
0.125  -0.410894
0.03125  -0.274308
0.03125  -0.447889
-0.25  -0.0710522
0.03125  -0.240613
-0.21875  -0.350357
0.0625  -0.234908
0  -0.272308
-0.15625  -0.308899
-0.125  -0.363153
-0.09375  -0.444099
0.0625  -0.432229
0.09375  -0.302369
-0.0625  -0.252483
0  -0.44396
-0.09375  -0.359048
-0.03125  -0.509023
-0.1875  -0.327682
0.125  -0.37067
0.03125  -0.371401
0.125  -0.240472
-0.125  -0.151191
0.1875  -0.472521
-0.09375  -0.325823
-0.28125  -0.486356
-0.0625  -0.356906
0.0625  -0.314181
0  -0.464656
0.15625  -0.363329
-0.03125  -0.337568
0.125  -0.399882
-0.125  -0.182116
-0.25  -0.33892
0.0625  -0.425415
-0.0625  -0.495443
0.09375  -0.49637
-0.09375  -0.417218
0  -0.366631
-0.0625  -0.297178
-0.15625  -0.259312
0.09375  -0.451618
0  -0.30555
0.09375  -0.488635
0.0625  -0.392481
0  -0.238432
-0.09375  -0.304
-0.28125  -0.301483
-0.09375  -0.283595
-0.1875  -0.230957
0  -0.335199
-0.15625  -0.459147
0.03125  -0.349698
0.15625  -0.184292
0  -0.43329
-0.0625  -0.361386
0.15625  -0.339623
0  -0.35786
0.0625  -0.355783
-0.09375  -0.391538
0.0625  -0.372205
0.25  -0.232259
-0.21875  -0.448732
-0.03125  -0.276157
0  -0.169873
0.09375  -0.47732
0.03125  -0.35648
-0.28125  -0.498098
0.15625  -0.234163
0  -0.371396
0.03125  -0.269026
0  -0.366409
-0.03125  -0.28437
-0.03125  -0.155086
0  -0.249954
-0.09375  -0.397015
-0.09375  -0.441426
-0.03125  -0.375891
-0.21875  -0.146383
0.09375  -0.452241
0.0625  -0.371426
-0.0625  -0.272788
-0.15625  -0.266519
-0.09375  -0.293531
0.0625  -0.656271
0  -0.341247
0.03125  -0.348844
-0.03125  -0.264964
-0.09375  -0.0840172
0.125  -0.318586
-0.0625  -0.482088
-0.125  -0.450251
0.03125  -0.230562
0  -0.364271
-0.03125  -0.318101
-0.03125  -0.19276
-0.125  -0.531217
0.0625  -0.19004
-0.125  -0.277976
0.125  -0.335047
-0.03125  -0.135882
0.0625  -0.43822
0.09375  -0.254571
-0.09375  -0.117198
0.03125  -0.284359
0.03125  -0.615617
0.09375  -0.375261
0.0625  -0.165558
-0.1875  -0.228084
0.25  -0.289413
0.0625  -0.420794
0.15625  -0.474293
0.25  -0.174283
0.0625  -0.433038
-0.34375  -0.348804
-0.0625  -0.318627
0.09375  -0.541051
-0.125  -0.405862
0.09375  -0.207949
0.03125  -0.350801
-0.21875  -0.5343
0.21875  -0.253811
-0.15625  -0.356597
0  -0.280003
-0.03125  -0.471355
0.21875  -0.216945
0.0625  -0.289745
-0.25  -0.489435
0.03125  -0.356428
0.0625  -0.342765
0.28125  -0.409237
0  -0.475307
0.0625  -0.438016
-0.03125  -0.282979
0.03125  -0.400242
0.125  -0.585467
0.125  -0.35643
-0.1875  -0.193317
0.125  -0.460636
0  -0.368563
0.1875  -0.252456
-0.0625  -0.219054
-0.15625  -0.304186
0  -0.444152
-0.0625  -0.10118
0.25  -0.359235
-0.125  -0.401998
0.09375  -0.267915
0.03125  -0.272442
0.09375  -0.312354
-0.25  -0.241117
0.0625  -0.339721
-0.125  -0.23954
-0.28125  -0.360835
0.09375  -0.308003
-0.03125  -0.326185
-0.09375  -0.201122
0  -0.464522
-0.125  -0.274624
-0.09375  -0.299588
0  -0.352059
-0.125  -0.409064
0.03125  -0.401477
0.09375  -0.229399
0.21875  -0.571975
-0.03125  -0.233775
-0.21875  -0.3787
0.0625  -0.265172
0  -0.11397
-0.21875  -0.517508
-0.09375  -0.283015
-0.125  -0.170001
0  -0.418494
-0.125  -0.198153
-0.09375  -0.246344
0.0625  -0.366645
-0.1875  -0.319607
0.03125  -0.15839
0.03125  -0.466121
-0.125  -0.182028
0.03125  -0.43231
0.0625  -0.297946
-0.09375  -0.28325
-0.125  -0.228571
0.09375  -0.249977
-0.03125  -0.551674
-0.0625  -0.34871
-0.15625  -0.479366
0  -0.454124
-0.15625  -0.262223
0.15625  -0.505099
0.15625  -0.28698
0.1875  -0.193872
0.125  -0.345058
0.0625  -0.247125
0.0625  -0.305891
0.125  -0.161929
0  -0.314301
-0.15625  -0.266262
-0.21875  -0.418196
-0.09375  -0.361336
-0.03125  -0.0205498
-0.1875  -0.427152
-0.09375  -0.207258
-0.125  -0.171971
-0.03125  -0.430604
0.125  -0.251421
-0.15625  -0.35509
0.03125  -0.486071
0.03125  -0.364052
0.125  -0.463564
-0.15625  -0.442025
0.03125  -0.505359
0.15625  -0.269035
-0.15625  -0.417305
0.21875  -0.363173
0.1875  -0.601565
0.03125  -0.332357
-0.03125  -0.347886
0.125  -0.256997
0.03125  -0.448534
-0.1875  -0.0683054
-0.0625  -0.394368
-0.09375  -0.488482
-0.21875  -0.0818642
0.09375  -0.168161
0.03125  -0.408186
0  -0.575039
0.1875  -0.111511
-0.1875  -0.336914
-0.0625  -0.143877
0.25  -0.36978
0.125  -0.196911
0  -0.5119
0.0625  -0.321974
0.0625  -0.0572324
-0.03125  -0.141851
0.09375  -0.216018
-0.3125  -0.434094
-0.09375  -0.574359
0.09375  -0.369237
0.25  -0.385678
0.15625  -0.376739
-0.125  -0.429367
-0.15625  -0.421263
0.0625  -0.517632
0.03125  -0.492483
0.15625  -0.510753
0.0625  -0.159229
0.15625  -0.289981
0  -0.471769
-0.0625  -0.438076
0.125  -0.407094
0.125  -0.374289
0  -0.483124
0  -0.431167
0.0625  -0.242862
0.125  -0.276913
-0.25  -0.275168
-0.15625  -0.208109
-0.0625  -0.135243
-0.1875  -0.303836
0.09375  -0.519724
0.125  -0.261854
-0.0625  -0.209034
-0.0625  -0.281466
-0.1875  -0.192265
-0.1875  -0.398627
-0.21875  -0.289268
0.0625  -0.357762
0.125  -0.352841
0  -0.210063
0.03125  -0.192569
-0.21875  -0.288232
-0.15625  -0.395926
-0.03125  -0.255368
0.0625  -0.191089
0.125  -0.444199
-0.21875  -0.498468
-0.21875  -0.417378
0.125  -0.29533
0  -0.239589
-0.09375  -0.133931
0.0625  -0.400394
0.15625  -0.364661
0.03125  -0.252143
0.0625  -0.202562
0.28125  -0.570025
-0.09375  -0.488753
-0.125  -0.189214
0.09375  -0.169835
0.03125  -0.290763
0  -0.296907
0.0625  -0.275638
0  -0.47622
-0.1875  -0.5223
0.25  -0.368684
-0.03125  -0.346769
-0.125  -0.149179
-0.21875  -0.416216
-0.15625  -0.336834
-0.09375  -0.401745
0.03125  -0.328084
-0.21875  -0.220989
0.125  -0.408356
0.125  -0.355383
-0.125  -0.268184
-0.0625  -0.318461
-0.0625  -0.346788
-0.21875  -0.391135
0.1875  -0.426668
0.09375  -0.29345
-0.125  -0.394393
-0.03125  -0.47713
-0.1875  -0.286253
0  -0.284735
0.28125  -0.169472
0.125  -0.294649
-0.15625  -0.24487
0  -0.454522
-0.09375  -0.182292
-0.1875  -0.442533
-0.0625  -0.262446
-0.21875  -0.160663
-0.09375  -0.325151
0.03125  -0.346252
-0.03125  -0.324438
-0.0625  -0.243767
0  0.00626061
-0.03125  -0.1365
-0.09375  -0.388273
0  -0.104708
0  -0.396961
-0.125  -0.3296
0.03125  -0.390423
0.21875  -0.435302
0.125  -0.211049
-0.1875  -0.0689954
-0.03125  -0.395288
-0.03125  -0.243046
0.1875  -0.515919
0.03125  -0.277247
-0.09375  -0.30754
-0.125  -0.387202
-0.0625  -0.465133
-0.125  -0.394268
0  -0.238893
0.25  -0.275326
0.1875  -0.376807
-0.09375  -0.442825
-0.0625  -0.16669
0.125  -0.0939475
0  -0.400029
-0.09375  -0.445783
-0.03125  -0.229953
-0.0625  -0.267687
-0.09375  -0.360436
0.0625  0.00753732
-0.0625  -0.359209
-0.09375  -0.284082
0.15625  -0.151829
0.03125  -0.217141
0.03125  -0.360843
0.21875  -0.34537
0.0625  -0.520839
0  -0.404798
0.21875  -0.275938
0  -0.508398
-0.0625  -0.51889
0.125  -0.405831
-0.0625  -0.307513
-0.0625  -0.34767
-0.03125  -0.168668
0.09375  -0.18843
0.1875  -0.473797
-0.03125  -0.296177
-0.03125  -0.242571
-0.25  -0.320032
0.03125  -0.373428
-0.15625  -0.471587
0.3125  -0.285202
-0.0625  -0.518459
-0.09375  -0.468404
-0.15625  -0.488373
0.0625  -0.328169
-0.21875  -0.316927
0.125  -0.320975
0.0625  -0.341631
-0.15625  -0.507849
0.125  -0.345771
0.1875  -0.275136
0.28125  -0.227404
0.21875  -0.365245
0.125  -0.204164
0.03125  -0.18973
-0.09375  -0.512499
-0.0625  -0.251483
-0.21875  -0.0990327
0.15625  -0.217699
0.0625  -0.326634
-0.125  -0.316848
0  -0.513442
0.15625  -0.616391
-0.09375  -0.248635
0.21875  -0.317271
-0.125  -0.405275
0.15625  -0.20236
0.15625  -0.328865
-0.0625  -0.258716
0.125  -0.362459
0.09375  -0.394152
0.28125  -0.444001
0.03125  -0.43409
-0.09375  -0.203897
-0.15625  -0.265465
-0.21875  -0.362778
-0.03125  -0.219613
0.0625  -0.366807
0.21875  -0.186447
-0.25  -0.387694
-0.21875  -0.10672
0.09375  -0.294277
0.1875  -0.504768
-0.28125  -0.117585
0.0625  -0.330076
0.0625  -0.421944
-0.0625  -0.327591
0.21875  -0.249853
-0.125  -0.315832
-0.28125  -0.249701
-0.28125  -0.174407
0.09375  -0.322005
-0.03125  -0.174224
0.15625  -0.332127
-0.125  -0.302525
-0.03125  -0.3495
0.0625  -0.478637
-0.28125  -0.307514
-0.125  -0.353813
0.125  -0.313932
-0.15625  -0.219703
-0.15625  -0.273178
0.1875  -0.394319
0.09375  -0.163593
0.03125  -0.377693
-0.0625  -0.352583
0  -0.266195
-0.09375  -0.563732
0.09375  -0.15022
-0.125  -0.30769
0  -0.386616
-0.1875  -0.305852
-0.09375  -0.509054
0.1875  -0.458157
-0.03125  -0.352086
0.09375  -0.260557
-0.09375  -0.157082
-0.1875  -0.21952
0  -0.242164
-0.03125  -0.254359
0.15625  -0.302912
-0.0625  -0.285584
-0.09375  -0.334398
-0.0625  -0.519661
-0.0625  -0.31699
-0.0625  -0.207466
-0.09375  -0.310261
-0.03125  -0.43802
-0.0625  -0.540206
0.03125  -0.327285
-0.125  -0.318854
-0.28125  -0.3276
-0.3125  -0.298815
-0.15625  -0.359396
-0.125  -0.574505
-0.09375  -0.464993
0.0625  -0.210343
0.09375  -0.285263
0.03125  -0.324712
0.125  -0.340408
0.03125  -0.411471
0.09375  -0.355483
0.15625  -0.36488
0.15625  -0.272189
0.0625  -0.26332
-0.09375  -0.462776
-0.0625  -0.420556
0  -0.23951
-0.125  -0.370442
-0.0625  -0.287216
0.25  -0.353963
0.1875  -0.247243
-0.15625  -0.500399
-0.03125  -0.2792
-0.1875  -0.368154
-0.03125  -0.203414
0.15625  -0.283498
-0.0625  -0.188615
0.03125  -0.48671
-0.0625  -0.242572
0  -0.109622
0  -0.655219
0.03125  -0.391282
0.03125  -0.236497
0.03125  -0.236297
-0.09375  -0.281358
0.03125  -0.544009
-0.0625  -0.47191
0.0625  -0.225691
0  -0.360459
0.125  -0.18154
-0.1875  -0.451709
0.125  -0.277547
0.15625  -0.371733
0.0625  -0.100416
0  -0.154878
-0.03125  -0.215336
0.03125  -0.218348
0.0625  -0.277274
-0.1875  -0.395209
-0.0625  -0.505999
-0.03125  -0.301311
-0.0625  -0.32556
-0.15625  -0.319782
0.03125  -0.536881
-0.21875  -0.250411
-0.0625  -0.348141
0  -0.506908
-0.0625  -0.435949
0.0625  -0.335315
0.0625  -0.285975
-0.03125  -0.250555
-0.3125  -0.358386
-0.03125  -0.306465
-0.125  -0.291942
0.25  -0.262105
0.125  -0.30693
0.0625  -0.29054
-0.0625  -0.468942
-0.15625  -0.122774
0.03125  -0.22537
-0.125  -0.492872
-0.0625  -0.269445
-0.03125  -0.301055
-0.03125  -0.429224
-0.0625  -0.414193
-0.1875  -0.557703
0.03125  -0.419663
0.0625  -0.288501
0.1875  -0.477945
-0.21875  -0.480486
0.09375  -0.0411787
0.21875  -0.418836
0.0625  -0.424811
0  -0.540165
0  -0.421905
-0.03125  -0.479204
-0.03125  -0.175208
0.0625  -0.434035
0.125  -0.362631
0  -0.254131
-0.09375  -0.521316
-0.03125  -0.530129
0.125  -0.607986
0.125  -0.437993
0.0625  -0.352062
0  -0.348777
-0.03125  -0.331428
0.03125  -0.119623
0.03125  -0.25191
0  -0.487031
0.125  -0.449324
0  -0.141724
-0.09375  -0.393754
0  -0.109574
-0.0625  -0.170781
-0.15625  -0.299104
0.25  -0.405352
0.0625  -0.444969
0.15625  -0.538868
0.03125  -0.229587
-0.09375  -0.238902
0.0625  -0.364146
-0.09375  -0.224409
-0.09375  -0.529749
0.03125  -0.245727
-0.09375  -0.109671
0.15625  -0.301622
-0.03125  -0.236751
0.125  -0.345783
0.0625  -0.162012
0.125  -0.627412
0.09375  -0.294818
-0.125  -0.461553
-0.09375  -0.371352
-0.03125  -0.250932
0.09375  -0.314625
-0.0625  -0.499181
0.0625  -0.313994
-0.09375  -0.288863
0.125  -0.421622
0.03125  -0.314128
0.09375  -0.455751
0.125  -0.521848
-0.03125  -0.380568
-0.21875  -0.22161
-0.03125  -0.428755
0.125  -0.274074
-0.09375  -0.439887
0.09375  -0.407064
-0.25  -0.282036
-0.0625  -0.370965
-0.09375  -0.142524
-0.09375  -0.2787
0  -0.445588
-0.03125  -0.444881
-0.1875  -0.490885
-0.1875  -0.247111
0.0625  -0.456026
0.0625  -0.453214
0.03125  -0.455352
-0.0625  -0.377193
-0.125  -0.26781
0.15625  -0.474872
0.03125  -0.244677
0.09375  -0.355637
-0.125  -0.171465
0.09375  -0.374407
0.0625  -0.433643
-0.0625  -0.243372
-0.125  -0.3157
-0.03125  -0.315493
0  -0.278945
0  -0.140421
-0.15625  -0.316094
0.21875  -0.19719
0  -0.476464
0.15625  -0.38564
0.09375  -0.453508
0.0625  -0.252963
-0.03125  -0.25432
0.0625  -0.215734
-0.0625  -0.481668
0.3125  -0.419965
-0.125  -0.202792
0  -0.404495
-0.15625  -0.0487828
-0.03125  -0.262326
-0.1875  -0.169733
-0.28125  -0.228386
0.03125  -0.0969823
0.03125  -0.386672
0.09375  -0.387578
0.0625  -0.411943
-0.03125  -0.380513
-0.09375  -0.52454
0.125  -0.435089
0.1875  -0.44815
0.375  -0.323435
-0.0625  -0.344345
0.15625  -0.379879
0.1875  -0.405156
-0.03125  -0.417399
0.1875  -0.205275
-0.125  -0.100766
0.0625  -0.49017
0.25  -0.216894
0.125  -0.526514
-0.09375  -0.256535
0.03125  -0.507281
0.09375  -0.25497
0.21875  -0.474641
0.03125  -0.272134
0.25  -0.374745
0.0625  -0.248874
-0.125  -0.319393
-0.15625  -0.349188
-0.03125  -0.430381
-0.125  -0.400807
0  -0.454417
-0.0625  -0.380003
0.0625  -0.430588
-0.03125  -0.242453
0  -0.445587
-0.03125  -0.315084
0.0625  -0.331051
-0.15625  -0.502029
0.09375  -0.145182
-0.125  -0.196909
-0.03125  -0.281275
0.1875  -0.283957
0  -0.366719
-0.03125  -0.417818
0.03125  -0.293701
0.0625  -0.385546
-0.21875  -0.472483
-0.09375  -0.398407
-0.1875  -0.191559
0.125  -0.324406
0.0625  -0.109275
0.25  -0.252221
0.0625  -0.295229
-0.09375  -0.347068
0  -0.338403
0  -0.403007
0.0625  -0.432411
0.1875  -0.297274
0.0625  -0.334451
0.03125  -0.466984
0  -0.444248
0.09375  -0.341001
0.15625  -0.30273
-0.0625  -0.32476
0.09375  -0.269627
0.15625  -0.410231
0.03125  -0.479335
-0.15625  -0.306035
-0.0625  -0.485149
-0.1875  -0.451101
0.0625  -0.391827
-0.09375  -0.198339
0.1875  -0.293316
0.09375  -0.280244
0  0.0247381
-0.125  -0.443834
-0.28125  -0.418477
-0.03125  -0.462695
-0.25  -0.338188
0  -0.311748
-0.125  -0.478078
0.125  -0.271241
0  -0.388273
-0.09375  -0.252806
0.1875  -0.338723
-0.0625  -0.342571
-0.15625  -0.414489
0.09375  -0.468227
-0.03125  -0.356665
0.09375  -0.374843
-0.0625  -0.46759
0.125  -0.308295
0.15625  -0.405329
-0.0625  -0.251534
-0.0625  -0.444257
-0.09375  -0.443642
0.0625  -0.479361
0  -0.244133
0.34375  -0.162614
0  -0.409114
0.03125  -0.312507
-0.15625  -0.437852
0.15625  -0.314917
0.21875  -0.295662
-0.09375  -0.496759
-0.1875  -0.410885
-0.15625  -0.358644
0.09375  0.0557101
-0.28125  -0.360602
0.03125  -0.289543
0.0625  -0.242057
0.25  -0.273622
0.0625  -0.315787
-0.0625  -0.26349
0.375  -0.410903
0.0625  -0.334197
-0.09375  -0.20819
-0.0625  -0.368704
-0.15625  -0.478885
0  -0.35285
0.03125  -0.336732
0.0625  -0.218676
0.03125  -0.289737
-0.28125  -0.333571
-0.0625  -0.303561
-0.0625  -0.351945
0.03125  -0.317892
0.03125  -0.241024
0.0625  -0.312542
-0.0625  -0.346863
0  -0.390152
-0.0625  -0.37465
-0.34375  -0.282267
0.03125  -0.249524
-0.03125  -0.333083
0.1875  -0.313779
-0.03125  -0.536944
0  -0.492315
0.03125  -0.370208
-0.25  -0.510273
-0.0625  -0.38634
-0.125  -0.401729
-0.0625  -0.386138
-0.03125  -0.371728
-0.1875  -0.260777
0.0625  -0.453758
0.03125  -0.412545
-0.0625  -0.316393
0  -0.257451
0.125  -0.350869
-0.25  -0.371766
0.125  -0.438383
0.03125  -0.353862
0.28125  -0.306914
-0.15625  -0.45051
0.03125  -0.205542
-0.1875  -0.384277
-0.0625  -0.423444
-0.0625  -0.277011
-0.1875  -0.218849
0.125  -0.307579
-0.0625  -0.396722
0.15625  -0.206194
-0.34375  -0.375993
0.03125  -0.498114
-0.09375  -0.245193
-0.09375  -0.18057
-0.0625  -0.254833
0.03125  -0.303768
0.125  -0.108414
-0.0625  -0.333167
0  -0.205058
-0.03125  -0.331965
0.09375  -0.297994
0  -0.258411
0  -0.0855743
0.0625  -0.300967
-0.09375  -0.120593
-0.125  -0.320848
0.3125  -0.338405
0.21875  -0.328774
0  -0.055532
-0.09375  -0.245738
-0.0625  -0.284273
-0.125  -0.475317
-0.125  -0.43731
0.125  -0.261373
-0.125  -0.550279
-0.09375  -0.368761
0.1875  -0.260077
-0.1875  -0.334547
0.03125  -0.330191
-0.0625  -0.0455392
-0.15625  -0.13979
0.0625  -0.225507
0.09375  -0.238753
-0.125  -0.444305
0.21875  -0.331724
0.09375  -0.375725
0.28125  -0.320423
0.09375  -0.19571
0.03125  -0.409213
-0.15625  -0.239724
0.15625  -0.384267
-0.03125  -0.439737
-0.09375  -0.379517
-0.0625  -0.531239
0.0625  -0.279568
-0.09375  -0.654278
-0.09375  -0.472739
0.03125  -0.520249
0  -0.368425
0.0625  -0.239868
-0.125  -0.498266
0.15625  -0.255944
0.1875  -0.14622
0.0625  -0.266561
0.1875  -0.392395
0.03125  -0.276499
0.0625  -0.404728
-0.03125  -0.315461
0  -0.581648
-0.09375  -0.115915
0.1875  -0.128653
-0.21875  -0.365697
-0.09375  -0.0988367
0.0625  -0.167525
0.125  -0.382636
-0.0625  -0.587822
-0.125  -0.412883
-0.34375  -0.304794
-0.09375  -0.279666
-0.21875  -0.212812
-0.03125  -0.363896
-0.09375  -0.336472
0.15625  -0.293113
-0.09375  -0.374914
0.03125  -0.435669
-0.0625  -0.437047
0.28125  -0.349386
-0.03125  -0.409414
-0.15625  -0.383815
-0.03125  -0.490625
-0.15625  -0.217084
-0.09375  -0.262902
-0.0625  -0.108337
-0.21875  -0.468452
-0.15625  -0.384726
-0.375  -0.416325
0.125  -0.348304
-0.09375  -0.282168
-0.03125  -0.328473
0.03125  -0.434305
-0.09375  -0.230025
0.09375  -0.219786
-0.125  -0.26994
0.1875  -0.310434
0.0625  -0.407048
-0.09375  -0.467965
0  -0.332623
0.0625  -0.552474
-0.0625  -0.122644
0.125  -0.100435
0.125  -0.379013
-0.1875  -0.331717
0.125  -0.288331
0.0625  -0.407402
0.15625  -0.405808
0  -0.347676
0.1875  -0.515758
0  -0.436663
0.125  -0.484509
-0.21875  -0.216485
-0.3125  -0.610555
0  -0.277146
0.0625  -0.230705
0.28125  -0.352943
0.125  -0.287628
-0.0625  -0.357337
-0.09375  -0.231055
0.21875  -0.307518
0.03125  -0.24007
0.03125  -0.285234
-0.0625  -0.184011
-0.09375  -0.302705
0.0625  -0.125405
0  -0.559776
0.21875  -0.253776
0.09375  -0.513628
0.0625  -0.603806
-0.03125  -0.251383
0.1875  -0.408826
0.21875  -0.357139
0.0625  -0.314918
0  -0.0971166
0  -0.439486
-0.09375  -0.422177
0.1875  -0.296576
0  -0.176137
-0.0625  -0.235282
-0.0625  -0.469109
-0.09375  -0.354353
0.09375  -0.300053
0  -0.318626
0.125  -0.110855
-0.03125  -0.189211
-0.03125  -0.405153
-0.0625  -0.321803
0  -0.334059
-0.03125  -0.450914
0.03125  -0.272668
0.03125  -0.218181
0  -0.480746
0.09375  -0.279641
0.03125  -0.274886
-0.03125  -0.455801
0.125  -0.25525
0.375  -0.243106
0.15625  -0.338143
-0.0625  -0.455064
0.09375  -0.342169
0  -0.313836
0  -0.315424
0.03125  -0.314813
-0.03125  -0.40255
0.1875  -0.243086
0.125  -0.434917
0.28125  -0.255211
-0.1875  -0.188661
-0.1875  -0.473214
0.03125  -0.280823
-0.0625  -0.328913
-0.0625  -0.42387
0.09375  -0.282453
0.03125  -0.441165
-0.125  -0.391195
0.03125  -0.33118
0.21875  -0.310681
-0.0625  -0.501497
0.0625  -0.227563
0.25  -0.44515
0.03125  -0.344403
0.0625  -0.340778
0.125  -0.417387
-0.1875  -0.261196
0  -0.415321
0  -0.347104
0  -0.12683
0.03125  -0.236573
-0.15625  -0.423684
-0.28125  -0.540631
0.15625  -0.375889
0.21875  -0.380949
-0.125  -0.596406
0.0625  -0.487411
-0.03125  -0.378965
0.125  -0.268193
-0.21875  -0.41972
0  -0.412565
0  -0.314833
0.15625  -0.328884
0.28125  -0.474813
0.21875  -0.152129
-0.25  -0.487297
0.1875  -0.391231
-0.03125  -0.321803
0  -0.284236
0.0625  -0.409369
-0.09375  -0.26901
0.09375  -0.288758
-0.125  -0.453021
-0.21875  -0.421821
-0.21875  -0.356759
-0.03125  -0.217154
0.0625  -0.46113
0.03125  -0.33768
-0.21875  -0.386616
0  -0.446357
0.15625  -0.459402
0.1875  -0.371608
0  -0.364782
-0.03125  -0.382857
0.15625  -0.273057
-0.15625  -0.40803
-0.21875  -0.3321
0  -0.352263
0.3125  -0.267323
-0.125  -0.44765
-0.09375  -0.336313
0.0625  -0.461723
0.1875  -0.403533
-0.09375  -0.23474
-0.1875  -0.403084
0.09375  -0.0598648
0  -0.282608
0.03125  -0.356397
-0.125  -0.44575
-0.09375  -0.429961
0.03125  -0.470182
0.25  -0.336082
-0.09375  -0.39861
-0.0625  -0.413327
-0.0625  -0.540412
-0.25  -0.283586
0.03125  -0.195882
-0.09375  -0.160344
-0.0625  -0.245902
-0.15625  -0.318282
0.125  -0.0479275
0.09375  -0.394756
-0.15625  -0.311605
-0.125  -0.584209
-0.09375  -0.272566
0.09375  -0.281369
-0.28125  -0.28287
-0.0625  -0.277667
0  -0.0948181
0.125  -0.368431
0  -0.485881
0.03125  -0.346846
0.09375  -0.312758
-0.09375  -0.0898842
-0.125  -0.158284
0.28125  -0.12086
-0.03125  -0.284416
-0.15625  -0.253342
-0.125  -0.40782
0.34375  -0.453486
0.125  -0.245138
-0.125  -0.354241
0.0625  -0.53425
0.15625  -0.288068
-0.0625  -0.306109
0.1875  -0.465968
0.125  -0.420737
0.125  -0.206981
0.125  -0.230273
-0.1875  -0.467519
-0.03125  -0.170952
0.03125  -0.52801
0.3125  -0.381469
0.0625  -0.28024
0  -0.406185
0.03125  -0.255811
0.15625  -0.192206
-0.09375  -0.164446
0.03125  -0.304567
0.03125  -0.409554
0.03125  -0.293744
-0.03125  -0.220398
0.15625  -0.324153
0.03125  -0.406511
0.125  -0.541831
-0.1875  -0.345303
0.03125  -0.354118
-0.15625  -0.326808
0.0625  -0.193555
-0.03125  -0.253834
-0.0625  -0.241322
0.125  -0.470077
-0.0625  -0.481945
0.125  -0.379009
0.25  -0.410548
0  -0.0490696
-0.1875  -0.322305
-0.09375  -0.293551
0.1875  -0.0542673
0  -0.221369
0.03125  -0.190842
0.125  -0.182389
-0.15625  -0.231804
-0.15625  -0.289064
0.46875  -0.358596
0  -0.461248
0.21875  -0.352782
0.15625  -0.469088
0.03125  -0.198399
0.09375  -0.241982
-0.125  -0.202378
0.03125  -0.292903
-0.03125  -0.299473
0.0625  -0.141738
-0.3125  -0.474108
0.03125  -0.29043
0.15625  -0.26201
0.03125  -0.562594
-0.09375  -0.272888
0  -0.106984
0  -0.233676
0.125  -0.485125
0.09375  -0.323024
0  -0.41512
0.0625  -0.328684
0.125  -0.431546
0.1875  -0.389626
-0.15625  -0.359631
0  -0.405577
-0.3125  -0.449086
-0.15625  -0.153007
0.125  -0.487489
0.03125  -0.358007
0  -0.251914
0.09375  -0.19301
0.125  -0.342436
0.09375  -0.395839
0.09375  -0.242454
0  -0.236177
-0.125  -0.415696
0.0625  -0.463491
0.15625  -0.372887
0.25  -0.395234
0.1875  -0.280557
0  -0.389326
-0.03125  -0.503172
-0.0625  -0.309529
0.375  -0.491206
0.03125  -0.125106
-0.09375  -0.204762
0.125  -0.337487
-0.03125  -0.447822
0.09375  -0.30839
-0.15625  -0.22214
-0.0625  -0.193033
-0.03125  -0.214479
-0.125  -0.481402
0.1875  -0.217775
0  -0.445464
0.03125  -0.395412
-0.15625  -0.357782
-0.25  -0.130428
0.0625  -0.420358
-0.03125  -0.113214
-0.03125  -0.334213
-0.0625  -0.290733
0  -0.253677
0.125  -0.2746
0.03125  -0.140854
-0.0625  -0.462479
0  -0.290135
0  -0.335111
-0.03125  -0.225985
0.125  -0.162542
-0.0625  -0.345396
-0.09375  -0.37064
0.09375  -0.218378
0  -0.225935
0.1875  -0.179525
-0.03125  -0.142429
-0.03125  -0.346394
-0.15625  -0.267816
0.03125  -0.229042
0  -0.415538
0.09375  -0.443972
0.125  -0.190137
0.0625  -0.323387
0.15625  -0.388519
0.25  -0.344435
0.125  -0.353126
0.21875  -0.317522
0.0625  -0.237658
-0.15625  -0.393429
-0.09375  -0.196769
0  -0.107505
0.21875  -0.414993
-0.1875  -0.24411
0  -0.202473
-0.03125  -0.337355
0.0625  -0.533079
0.09375  -0.278867
-0.03125  -0.28164
0  -0.269986
0.09375  -0.463922
-0.03125  -0.317501
-0.34375  -0.433032
0  -0.256473
-0.09375  -0.210348
0  -0.519836
-0.21875  -0.495682
0.1875  -0.365746
-0.125  -0.455397
-0.125  -0.164631
0  -0.340477
0.03125  -0.246635
0.09375  -0.325939
-0.125  -0.335748
0.0625  -0.168004
0.09375  -0.277224
-0.125  -0.0213114
-0.21875  -0.302024
-0.09375  -0.462959
-0.03125  -0.418724
-0.09375  -0.632602
0  -0.277682
0.125  -0.170072
-0.125  -0.275632
0.0625  -0.429649
-0.28125  -0.254831
0.09375  -0.174572
-0.21875  -0.314442
0.03125  -0.342403
0.21875  -0.506068
0.03125  -0.363925
-0.03125  -0.3901
0.09375  -0.415349
-0.03125  -0.299137
0  -0.534348
-0.40625  -0.292498
-0.125  -0.392337
0.09375  -0.468154
0.0625  -0.237995
0.1875  -0.33168
0.09375  -0.352328
0.25  -0.489648
0  -0.168771
0  -0.289005
0  -0.104813
-0.21875  -0.185949
-0.125  -0.231545
0.125  -0.399205
-0.25  -0.34384
-0.125  -0.383686
-0.125  -0.168191
-0.1875  -0.205187
0.1875  -0.387397
0.03125  -0.449667
-0.03125  -0.19444
0  -0.330943
-0.125  -0.407366
-0.25  -0.330038
-0.15625  -0.375787
0  -0.352661
-0.0625  -0.374012
-0.09375  -0.337685
-0.09375  -0.404042
0.03125  -0.555466
0  -0.365307
-0.125  -0.382731
-0.09375  -0.404749
0.0625  -0.337096
-0.09375  -0.484383
-0.0625  -0.586884
0  -0.402911
0.125  -0.299065
0.09375  -0.207916
0.1875  -0.341059
0.1875  -0.322345
-0.1875  -0.169471
0.375  -0.142031
0.09375  -0.204034
0  -0.317734
0.125  -0.225554
-0.03125  -0.236737
-0.09375  -0.179016
0.0625  -0.461421
0.09375  -0.322306
-0.1875  -0.219711
0.125  -0.484752
0.3125  -0.416821
-0.25  -0.214606
-0.03125  -0.478154
-0.25  -0.454072
-0.125  -0.151188
0.03125  -0.109736
0.03125  -0.331572
0.3125  -0.256028
0.21875  -0.193527
0.125  -0.282638
-0.03125  -0.169443
0.03125  -0.289541
0.125  -0.363799
0.125  -0.20319
-0.0625  -0.312609
-0.03125  -0.536669
0.125  -0.163701
0.09375  -0.220713
-0.0625  -0.0853736
0.03125  -0.299551
0  -0.125916
0.0625  -0.390112
-0.125  -0.0891305
0.0625  -0.364718
0.03125  -0.293779
0.03125  -0.145199
0  -0.416048
-0.03125  -0.299402
-0.125  -0.508263
0.1875  -0.397577
-0.03125  -0.415206
0.28125  -0.260135
-0.15625  -0.131506
0.0625  -0.108015
-0.03125  -0.412635
0.15625  -0.361053
0  -0.228827
-0.0625  -0.203709
0.0625  -0.401787
0.125  -0.455751
0.0625  -0.228402
-0.09375  -0.292118
-0.0625  -0.187557
-0.0625  -0.361123
-0.03125  -0.184331
0.0625  -0.342632
-0.0625  -0.270984
-0.15625  -0.226362
0  -0.17203
-0.125  -0.174568
-0.21875  -0.250795
0.125  -0.165086
-0.0625  -0.230959
-0.03125  -0.335742
-0.15625  -0.228568
-0.09375  -0.190487
0.0625  -0.272332
0.1875  -0.319043
0.125  -0.291508
0.0625  -0.412676
-0.03125  -0.246558
0.25  -0.126107
-0.0625  -0.460058
-0.09375  -0.306818
0  -0.31401
0.03125  -0.357397
0.0625  -0.287916
0.125  -0.261646
-0.0625  -0.37143
0.09375  -0.256029
0.125  -0.200677
-0.15625  -0.350202
0.125  -0.411582
0  -0.226258
0.15625  -0.430291
0.0625  -0.204311
0.25  -0.318808
-0.09375  -0.348396
0.125  -0.447925
-0.15625  -0.304225
0.03125  -0.342047
0.125  -0.205746
0.09375  -0.23733
0.15625  -0.249728
-0.09375  -0.265635
0  -0.355174
0.03125  -0.29961
-0.15625  -0.296503
0.03125  -0.458754
0.28125  -0.173491
-0.03125  -0.356529
0.09375  -0.371541
0.0625  -0.238367
-0.15625  -0.266102
-0.125  -0.412495
-0.0625  -0.354078
0.21875  -0.373349
0.15625  -0.192387
-0.21875  -0.324281
0.15625  -0.133908
-0.125  -0.367291
-0.125  -0.267272
0.09375  -0.425423
-0.03125  -0.328222
-0.25  -0.296458
0.09375  -0.305329
0.0625  -0.314529
-0.09375  -0.433682
0.09375  -0.193498
-0.0625  -0.327027
0.1875  -0.323107
-0.03125  -0.275229
-0.0625  -0.284636
-0.09375  -0.296149
0.25  -0.491687
0.15625  -0.378576
0  -0.328398
0.15625  -0.12378
-0.0625  -0.4186
0.125  -0.512171
0.03125  -0.602676
0.125  -0.41786
0.21875  -0.286749
0.09375  -0.378483
0.09375  -0.275421
0.03125  -0.610558
-0.09375  -0.268301
-0.3125  -0.438177
0.125  -0.417783
0.03125  -0.466143
-0.21875  -0.24744
-0.1875  -0.335259
0.1875  -0.516114
0  -0.42242
0.21875  -0.487432
-0.1875  -0.403093
0  -0.308282
-0.1875  -0.286315
-0.0625  -0.243154
-0.09375  -0.529653
0.15625  -0.157004
-0.0625  -0.191873
0.28125  -0.351568
0.03125  -0.200252
0.09375  -0.282696
-0.21875  -0.394948
0.0625  -0.021807
0  -0.29652
0  -0.491542
0  -0.513363
0.03125  -0.469974
-0.03125  -0.00904931
0.125  -0.367528
-0.03125  -0.276142
0.1875  -0.456536
-0.03125  -0.320813
0.03125  -0.287369
0.15625  -0.246358
-0.125  -0.407818
0  -0.169635
0.03125  -0.263233
-0.03125  -0.258485
0.0625  -0.228596
-0.15625  -0.486641
0.09375  -0.281434
0.0625  -0.28682
-0.21875  -0.370554
-0.03125  -0.313976
0.25  -0.262037
0.125  -0.167295
0.34375  -0.245684
0.21875  -0.34659
0.03125  -0.139344
0.125  -0.281358
-0.03125  -0.0897905
0.09375  -0.170727
0.09375  -0.471381
0.09375  -0.266666
0  -0.648652
0.15625  -0.178821
0.125  -0.255106
0.0625  -0.441515
-0.09375  -0.502139
0  -0.138263
-0.125  -0.49854
-0.09375  -0.492412
0.28125  -0.315175
-0.03125  -0.327827
0.03125  -0.472253
0.03125  -0.283169
0.09375  -0.135892
0.125  -0.273648
0  -0.565996
0.15625  -0.232097
0.375  -0.30904
-0.09375  -0.304751
0.09375  -0.505097
0  -0.377909
0  -0.0620475
-0.03125  -0.203686
-0.03125  -0.364889
0.0625  -0.454274
-0.15625  -0.259968
-0.1875  -0.356099
-0.0625  -0.0679419
0.03125  -0.293261
-0.1875  -0.141467
0.03125  -0.474918
0.0625  -0.302289
0.21875  -0.253291
0.25  -0.140036
-0.03125  -0.262893
0.0625  -0.533728
0.25  -0.360604
0.09375  -0.382503
-0.03125  -0.184755
-0.125  -0.480575
-0.15625  -0.27911
-0.03125  -0.314272
-0.0625  -0.384382
0.09375  -0.419188
-0.03125  -0.476729
-0.15625  -0.414211
-0.0625  -0.364245
0.0625  -0.132052
-0.09375  -0.263583
-0.125  -0.437887
0.09375  -0.225169
-0.125  -0.442722
-0.0625  -0.276676
0.1875  -0.365367
0.25  -0.345468
-0.0625  -0.145448
0.0625  -0.54841
-0.0625  -0.325712
-0.125  -0.178899
0.0625  -0.446087
0  -0.237113
0  -0.409343
0.03125  -0.345575
-0.09375  -0.554678
0.03125  -0.400775
0.03125  -0.316615
0.0625  -0.518828
0.1875  -0.191583
0.1875  -0.440213
0.125  -0.385348
-0.03125  -0.0879044
0.0625  -0.385142
-0.09375  -0.270454
0.0625  -0.404192
0  -0.314276
0  -0.486797
0.03125  -0.34727
-0.1875  -0.331187
-0.09375  -0.54953
0.125  -0.33668
0  -0.298138
-0.03125  -0.350452
0  -0.171896
0.0625  -0.341978
0.03125  -0.483015
0  -0.471029
-0.125  -0.306044
0.09375  -0.301596
-0.25  -0.402242
-0.09375  -0.31887
0  -0.443644
-0.125  -0.109733
0.15625  -0.242785
0.1875  -0.40871
-0.28125  -0.350507
0  -0.447858
-0.125  -0.436641
0.0625  -0.348822
0.09375  -0.329391
-0.03125  -0.37865
-0.03125  -0.315885
0.125  -0.41117
-0.09375  -0.219762
0.03125  -0.437738
0  -0.312689
0.25  -0.33069
-0.15625  -0.45667
-0.0625  -0.209599
0.0625  -0.352814
0.03125  -0.231498
0.15625  -0.167222
-0.09375  -0.321377
-0.25  -0.255548
-0.03125  -0.166615
0.1875  -0.576365
0.0625  -0.363298
-0.03125  -0.386935
0.15625  -0.377481
0.09375  -0.416623
0.25  -0.410906
-0.125  -0.492307
0.03125  -0.407539
0.03125  -0.330767
-0.125  -0.32892
-0.0625  -0.51951
0.15625  -0.335291
0.03125  -0.485429
-0.125  -0.234795
0.0625  -0.354573
-0.15625  -0.278039
0.125  -0.358232
0.03125  -0.286217
0.1875  -0.419806
-0.21875  -0.383373
-0.0625  -0.459983
0.15625  -0.429605
-0.15625  -0.426582
-0.09375  -0.440892
-0.3125  -0.356049
0.1875  -0.397498
0.09375  -0.268786
0  -0.545351
0.1875  -0.303928
-0.1875  -0.306497
0.125  -0.497899
0.03125  -0.245313
-0.0625  -0.105851
0  -0.442054
-0.09375  -0.378291
-0.0625  -0.064688
-0.125  -0.33271
-0.125  -0.529754
0.03125  -0.328877
-0.0625  -0.304994
-0.03125  -0.133624
0  -0.304736
0.125  0.0299692
0  -0.376954
-0.0625  -0.285528
0.0625  -0.217268
-0.03125  -0.295979
-0.125  -0.270723
0  -0.486192
-0.0625  -0.363555
0  -0.46905
-0.03125  -0.550407
-0.0625  -0.305023
-0.0625  -0.40968
-0.125  -0.195087
0.03125  -0.424466
-0.125  -0.344629
0.03125  -0.360766
0.15625  -0.394732
0.21875  -0.430745
0.0625  -0.34692
-0.15625  -0.524434
-0.15625  -0.247901
-0.0625  -0.253012
0.09375  -0.121707
0.0625  -0.47043
-0.1875  -0.546166
0.0625  -0.297922
0.09375  -0.139941
0  -0.4995
0  -0.316375
-0.125  -0.273909
-0.0625  -0.296882
-0.15625  -0.396623
0  -0.257043
-0.03125  -0.630922
0.25  -0.54526
-0.1875  -0.221727
0.03125  -0.552312
0.09375  -0.330662
-0.03125  -0.326515
0.09375  -0.349619
0.1875  -0.216564
-0.125  -0.148414
-0.0625  -0.374786
0.25  -0.281222
-0.125  -0.156892
-0.0625  -0.248416
0.1875  -0.382293
-0.09375  -0.184023
-0.15625  -0.310683
0  -0.151945
-0.09375  -0.413719
-0.15625  -0.453588
0.03125  -0.340204
0.1875  -0.512417
0  -0.397312
-0.3125  -0.299228
-0.0625  -0.243602
0.15625  -0.264663
0.0625  -0.202951
-0.0625  -0.373002
0.15625  -0.143929
-0.0625  -0.431657
0.3125  -0.25074
-0.125  -0.326169
-0.125  -0.220667
-0.09375  -0.193913
-0.09375  -0.318076
-0.15625  -0.391657
-0.09375  -0.348023
-0.15625  -0.460376
-0.03125  -0.541687
0.25  -0.346949
0.0625  -0.403921
0.0625  -0.497708
-0.03125  -0.403742
-0.125  -0.301856
-0.03125  -0.322519
0  -0.0690049
-0.03125  -0.3362
-0.15625  -0.365459
0.3125  -0.313796
0.0625  -0.418009
0.15625  -0.380041
0.03125  -0.332079
-0.0625  -0.388091
-0.09375  -0.165364
0.125  -0.279056
-0.125  -0.344035
0.0625  -0.324067
-0.15625  -0.275949
0.15625  -0.379905
-0.125  -0.383868
-0.03125  -0.24172
0.03125  -0.302724
0.03125  -0.2054
0.09375  -0.49254
0.0625  -0.225694
0  -0.213392
0.21875  -0.316889
0.0625  -0.441733
0.03125  -0.280875
-0.03125  -0.285976
-0.25  -0.277753
0.15625  -0.212411
0.0625  -0.291753
0.03125  -0.297107
0.0625  -0.565445
-0.03125  -0.207704
0.09375  -0.316033
0  -0.249244
0.09375  -0.292143
-0.0625  -0.327468
-0.3125  -0.230214
0.15625  -0.173212
0  -0.348139
-0.0625  -0.38441
0.15625  -0.210377
-0.0625  -0.315564
0.25  -0.260247
0.15625  -0.296447
0.03125  -0.197943
0.21875  -0.4809
-0.03125  -0.209988
0.28125  -0.316278
-0.03125  -0.456655
0.21875  -0.300036
0.125  -0.270445
-0.03125  -0.46422
-0.125  -0.354362
0.09375  -0.372705
0.0625  -0.380339
-0.125  -0.302612
-0.125  -0.33601
-0.15625  -0.439145
0.0625  -0.286518
0.0625  -0.468823
0.03125  -0.378897
-0.0625  -0.221509
0.03125  -0.336243
0.0625  -0.48575
0  -0.299912
-0.15625  -0.449451
-0.21875  -0.430605
0.21875  -0.101725
0.03125  -0.471822
0.25  -0.480893
-0.15625  -0.409999
0.0625  -0.356761
-0.03125  -0.124706
-0.09375  -0.311074
0  -0.248041
-0.03125  -0.181693
-0.125  -0.330932
0.09375  -0.387486
0.1875  -0.380519
0.09375  -0.0999241
0.09375  -0.494282
0.21875  -0.0751621
-0.125  -0.301426
-0.03125  -0.475793
0.125  -0.177223
-0.0625  -0.501204
0.125  -0.34369
0.1875  -0.338481
0.03125  -0.310073
0  -0.308194
0.0625  -0.261839
-0.09375  -0.267875
0.0625  -0.381732
0.03125  -0.436891
-0.03125  -0.290019
0.25  -0.228389
0.0625  -0.368218
0.125  -0.478562
-0.0625  -0.209169
0.1875  -0.381374
0.09375  -0.269542
-0.125  -0.335248
-0.125  -0.273938
0.25  -0.266716
-0.15625  -0.268228
-0.21875  -0.427549
-0.09375  -0.35759
-0.03125  -0.476436
0  -0.237425
-0.125  -0.566481
-0.09375  -0.508634
-0.15625  -0.366312
-0.03125  -0.314113
0.03125  -0.136491
-0.09375  -0.381303
-0.15625  -0.403661
0.03125  -0.367653
-0.28125  -0.280994
0  -0.309187
-0.03125  -0.252498
0.28125  -0.179328
0.09375  -0.269731
-0.21875  -0.449782
0.09375  -0.293892
0  -0.203392
0.03125  -0.331034
0.03125  -0.274162
-0.09375  -0.470472
0.1875  -0.429758
-0.1875  -0.25304
0.125  -0.389493
-0.1875  -0.104818
0.03125  -0.346526
0  -0.388881
0.375  -0.371154
-0.15625  -0.352486
0.21875  -0.278619
0.0625  -0.299664
0.0625  -0.364587
0.03125  -0.221825
-0.09375  -0.602492
0.15625  -0.373997
0  -0.381703
0.0625  -0.203426
0.15625  -0.357788
0.125  -0.354763
-0.1875  -0.429437
-0.0625  -0.409841
-0.0625  -0.206031
-0.03125  -0.255389
0.03125  -0.46365
0.125  -0.271558
-0.1875  -0.200413
0.09375  -0.233227
-0.09375  -0.277727
0  -0.430174
-0.15625  -0.36306
0.21875  -0.225691
-0.0625  -0.551537
-0.125  -0.320901
0.125  -0.412604
0  -0.31543
0.03125  -0.473574
0.25  -0.378867
0.0625  -0.43564
0.0625  -0.348784
0.125  -0.352464
-0.0625  -0.377842
0.1875  -0.521849
0  -0.139603
0.09375  -0.362767
-0.15625  -0.635535
-0.15625  -0.278051
0.125  -0.284019
-0.15625  -0.325994
0.25  -0.32978
-0.03125  -0.356387
-0.09375  -0.46706
0  -0.0701087
-0.0625  -0.483348
0.03125  -0.378596
0.125  -0.520699
0.15625  -0.466586
0.0625  -0.243085
-0.0625  -0.300425
0.09375  -0.340411
-0.03125  -0.38688
-0.0625  -0.427251
0.0625  -0.210238
-0.125  -0.322686
-0.34375  -0.400128
0.03125  -0.176413
-0.125  -0.285871
-0.3125  -0.504722
0.1875  -0.421082
0.03125  -0.213036
-0.1875  -0.541771
0.15625  -0.394473
0  -0.359577
-0.21875  -0.304205
0.125  -0.424446
-0.125  -0.320285
0.0625  -0.291448
0.15625  -0.233021
-0.125  -0.352185
0.0625  -0.121444
0.0625  -0.393932
-0.1875  -0.379365
0  -0.402453
-0.375  -0.375915
-0.0625  -0.501818
-0.03125  -0.326861
0.09375  -0.371914
-0.21875  -0.297063
-0.1875  -0.443007
0  -0.394375
-0.09375  -0.332204
-0.125  -0.261105
-0.0625  -0.328235
0.28125  -0.348577
0.09375  -0.630529
-0.03125  -0.584965
-0.09375  -0.340775
0.21875  -0.474767
-0.15625  -0.213608
0  -0.334193
0.125  -0.222931
0.09375  -0.152231
0.03125  -0.454813
-0.125  -0.436971
0.09375  -0.352182
0.03125  -0.473052
0.125  -0.232448
0.125  -0.282016
0.1875  -0.251416
-0.09375  -0.233515
0.03125  -0.344931
-0.0625  -0.42635
-0.21875  -0.300478
-0.1875  -0.434189
0.03125  -0.498279
-0.15625  -0.128893
0.0625  -0.338898
-0.0625  -0.524018
-0.1875  -0.406675
-0.03125  -0.301061
-0.1875  -0.347127
-0.125  -0.408284
-0.25  -0.496186
0.09375  -0.478111
0.03125  -0.371608
0.15625  -0.221009
0.125  -0.288703
0.03125  -0.335383
-0.0625  -0.0245639
-0.125  -0.317918
-0.15625  -0.286973
0.0625  -0.26746
0.15625  -0.310312
0.03125  -0.359285
-0.09375  -0.327818
0.03125  -0.340761
0  -0.211992
0  -0.410796
-0.125  -0.406469
0.03125  -0.186267
-0.125  -0.317463
-0.125  -0.342532
-0.03125  -0.102695
-0.03125  -0.206791
-0.03125  -0.303651
0.09375  -0.396782
0.1875  -0.264961
0.03125  -0.381275
0.0625  -0.369604
0.03125  -0.27991
0.03125  -0.313952
-0.0625  -0.161624
-0.3125  -0.340726
-0.09375  -0.472446
0  -0.427374
0.1875  -0.3961
0.1875  -0.195833
-0.03125  -0.260452
0  -0.392628
0.03125  -0.3141
0  -0.543507
0.15625  -0.1732
0.0625  -0.452999
-0.03125  -0.469429
0.03125  -0.392594
-0.1875  -0.542022
-0.15625  -0.264809
0.09375  -0.303793
-0.09375  -0.401841
0.0625  -0.458228
-0.09375  -0.302731
0.09375  -0.364642
-0.125  -0.507961
-0.25  -0.365724
0.03125  -0.331764
-0.03125  -0.499393
-0.09375  -0.442031
0.1875  -0.421062
0.1875  -0.265769
-0.03125  -0.338286
-0.0625  -0.43463
0.15625  -0.528911
0.125  -0.30821
-0.0625  -0.273668
0  -0.31269
0  -0.45967
0.09375  -0.4861
-0.03125  -0.236963
0.125  -0.500727
0.09375  -0.378074
-0.28125  -0.477688
0.125  -0.200744
0.1875  -0.319218
-0.0625  -0.433416
-0.09375  -0.192827
-0.0625  -0.341633
0  -0.312713
-0.34375  -0.312535
0.125  -0.368614
-0.09375  -0.386569
-0.0625  -0.355153
0.03125  -0.528144
0.09375  -0.248683
0.09375  -0.486962
0  -0.480742
-0.0625  -0.350151
-0.09375  -0.284541
-0.1875  -0.473742
0.03125  -0.298998
-0.21875  -0.393775
-0.03125  -0.247239
0.15625  -0.494494
-0.03125  -0.164827
0.03125  -0.553076
-0.1875  -0.228176
-0.09375  -0.274303
0.15625  -0.573468
0.0625  -0.31642
0.0625  -0.495216
-0.09375  -0.204928
0.28125  -0.322226
-0.03125  -0.253992
0.15625  -0.414676
-0.03125  -0.414804
-0.0625  -0.286519
-0.0625  -0.305798
-0.0625  -0.179326
0.03125  -0.388916
0.09375  -0.378726
0.09375  -0.466429
0.09375  -0.501504
0.09375  -0.343477
-0.0625  -0.357868
0.09375  -0.452019
0.09375  -0.435906
0.09375  -0.595475
0  -0.3053
-0.03125  -0.121115
0.0625  -0.457257
-0.0625  -0.0566422
0.0625  -0.32231
-0.1875  -0.331816
0.03125  -0.340104
-0.0625  -0.329411
0.09375  -0.315313
-0.09375  -0.256884
0.15625  -0.126767
0.09375  -0.234093
-0.09375  -0.252519
0.125  -0.361176
0.15625  -0.296321
-0.25  -0.00391964
-0.34375  -0.215373
0.21875  -0.382475
0.125  -0.3059
0.03125  -0.457699
0.03125  -0.35712
0  -0.407423
-0.03125  -0.369271
0.0625  -0.218437
-0.09375  -0.236284
0.125  -0.56772
-0.0625  -0.470161
-0.03125  -0.483109
-0.03125  -0.439011
0.09375  -0.466222
-0.03125  -0.19394
0.125  -0.392913
-0.1875  -0.293635
-0.15625  -0.161122
-0.0625  -0.240677
-0.125  -0.285715
0.125  -0.347421
-0.1875  -0.375323
0.125  -0.362104
0.15625  -0.348393
-0.03125  -0.190276
0.03125  -0.308778
-0.03125  -0.223951
-0.125  -0.214415
0.21875  -0.400052
-0.0625  -0.421013
-0.03125  -0.279774
0  -0.435653
0.0625  -0.374607
0.03125  -0.463835
-0.1875  -0.259047
0.09375  -0.34557
0.03125  -0.407865
-0.0625  -0.504003
0.0625  -0.225668
0  -0.0335888
0.09375  -0.336858
0.1875  -0.488088
-0.15625  -0.365832
0.09375  -0.15303
-0.09375  -0.405199
-0.09375  -0.367326
-0.09375  -0.248066
-0.03125  -0.332322
-0.09375  -0.43718
0.0625  -0.500456
0.0625  -0.320143
0.0625  -0.457294
0.0625  -0.256973
-0.09375  -0.350222
-0.21875  -0.343012
0  -0.413204
-0.03125  -0.251775
0.03125  -0.323565
0.0625  -0.311226
0.03125  -0.459701
-0.3125  -0.227181
-0.09375  -0.30544
0.15625  -0.273215
-0.03125  -0.556338
-0.09375  -0.403051
0  -0.365699
-0.03125  -0.352869
0.0625  -0.510303
-0.0625  -0.551935
-0.09375  -0.499649
0.0625  -0.375503
0.0625  -0.402653
0.125  -0.153791
0.21875  -0.283533
-0.03125  -0.362249
0.09375  -0.51792
0.03125  -0.221956
-0.03125  -0.403445
0.1875  -0.575671
0.09375  -0.135273
-0.21875  -0.0567283
0.03125  -0.288928
-0.15625  -0.369157
0.21875  -0.353462
0  -0.54196
0.15625  -0.315657
-0.1875  -0.426886
0.15625  -0.224009
0  -0.149648
-0.03125  -0.472941
-0.0625  -0.318292
0.09375  -0.334974
-0.1875  -0.309594
0.03125  -0.451506
0.03125  -0.348215
0.03125  -0.165427
0.125  -0.244567
-0.1875  -0.322703
0.03125  -0.482177
0.03125  -0.283877
0.09375  -0.470349
0.125  -0.390535
-0.1875  -0.256887
-0.09375  -0.387246
-0.09375  -0.352795
0.0625  -0.297883
0  -0.127844
0  -0.281685
0.0625  -0.300718
0.03125  -0.274736
-0.09375  -0.28539
0.03125  -0.00259708
0.125  -0.331389
-0.1875  -0.421476
-0.21875  -0.318567
-0.21875  -0.191887
0  -0.181932
-0.09375  -0.478175
-0.15625  -0.388835
0.03125  -0.704826
0  -0.341716
0.125  -0.348919
-0.09375  -0.374035
0.125  -0.399507
-0.03125  -0.453979
-0.15625  -0.392453
0  -0.13586
0.0625  -0.505262
0.0625  -0.259172
0.15625  -0.342488
-0.0625  -0.298282
-0.03125  -0.281276
-0.15625  -0.585404
0.3125  -0.349398
0.09375  -0.422504
0.3125  -0.26643
0  -0.594348
0.15625  -0.296005
0.09375  -0.239228
-0.0625  -0.336367
-0.15625  -0.122016
0  -0.38051
-0.125  -0.263806
0.09375  -0.336925
0.15625  -0.266011
-0.03125  -0.439752
0.09375  -0.389814
-0.03125  -0.236886
-0.15625  -0.325823
-0.03125  -0.474204
-0.09375  -0.396095
0.09375  -0.310116
0.0625  -0.345759
0.125  -0.439648
0.125  -0.349911
0.0625  -0.437722
0  -0.176974
0  -0.548745
0.03125  -0.32139
-0.25  -0.277551
0  -0.148323
-0.03125  -0.413412
-0.09375  -0.329206
0.21875  -0.381501
0.09375  -0.458246
-0.03125  -0.408848
0  -0.403819
-0.09375  -0.261102
-0.0625  -0.157944
0.0625  -0.520527
-0.15625  -0.530964
-0.1875  -0.284383
0.15625  -0.441745
0.0625  -0.257776
-0.1875  -0.376324
-0.1875  -0.349611
0.0625  -0.281865
0.15625  -0.388766
-0.125  -0.237796
-0.09375  -0.441448
0.15625  -0.143207
-0.03125  -0.323709
-0.03125  -0.247786
-0.0625  -0.27213
-0.03125  -0.309808
-0.09375  -0.332803
0.125  -0.484488
0  -0.254198
-0.125  -0.374757
-0.125  -0.210936
0.0625  -0.22306
0.03125  -0.402135
0  -0.404684
-0.15625  -0.380652
0  -0.177301
0  -0.429838
0.09375  -0.471797
0.09375  -0.413911
0.125  -0.470823
0.09375  -0.47028
0.125  -0.418404
0.03125  -0.370931
0.125  -0.358368
0.15625  -0.46141
0.03125  -0.188531
-0.125  -0.5197
-0.1875  -0.428209
-0.25  -0.521658
0.09375  -0.41594
0.15625  -0.4682
0.125  -0.443468
-0.1875  -0.42284
0  -0.324802
0.03125  -0.260435
0.0625  -0.296849
-0.09375  -0.197978
-0.1875  -0.330897
-0.03125  -0.205283
0.03125  -0.413122
0.0625  -0.232452
0.03125  -0.0923941
-0.0625  -0.207061
-0.28125  -0.419784
0.15625  -0.345537
0.0625  -0.303494
-0.0625  -0.275263
0.09375  -0.20281
-0.03125  -0.300759
0  -0.330433
0  -0.229535
-0.125  -0.421419
0.03125  -0.18318
0.15625  -0.316559
0.21875  -0.355437
0.0625  -0.327936
-0.09375  -0.309938
0.21875  -0.207811
-0.09375  -0.325743
0.25  -0.516286
-0.0625  -0.408789
0.25  -0.262207
0.03125  -0.154568
0.28125  -0.287091
0  -0.42148
0.03125  -0.29288
-0.09375  -0.357081
-0.09375  -0.0404424
0.03125  -0.304204
0  -0.353611
0.15625  -0.273944
0.0625  -0.393535
0.15625  -0.303082
0  -0.268946
0.15625  -0.320817
0.1875  -0.200278
-0.25  -0.357298
-0.0625  -0.418644
-0.03125  -0.22557
0  -0.289727
0  -0.448412
-0.15625  -0.19529
-0.125  -0.214154
-0.125  -0.356795
-0.0625  -0.535823
-0.25  -0.238683
0.09375  -0.0884493
0.28125  -0.225343
-0.09375  -0.0257083
0.21875  -0.511035
0.09375  -0.395747
0.21875  -0.17615
-0.0625  -0.471069
0  -0.359995
-0.03125  -0.41848
0  -0.325451
0  -0.17019
0  -0.35325
0.03125  -0.297254
0.125  -0.181759
-0.03125  -0.274347
0.0625  -0.30145
0.21875  -0.437509
0.28125  -0.294299
-0.1875  -0.289288
-0.21875  -0.150697
0.0625  -0.377159
-0.03125  -0.250858
0  -0.580042
-0.125  -0.376576
0.09375  -0.405482
-0.125  -0.33831
0.0625  -0.105361
0.28125  -0.305821
0  -0.454702
-0.0625  -0.475751
0.3125  -0.336376
-0.125  -0.0822493
0.125  -0.143001
0.15625  -0.156797
0  -0.276641
0  -0.236852
-0.25  -0.469618
0.25  -0.265613
-0.0625  -0.311978
-0.1875  -0.499954
-0.125  -0.261249
0  -0.213226
-0.1875  -0.355331
0.09375  -0.32292
0  -0.389421
-0.125  -0.138912
0.09375  -0.328417
0.0625  -0.179036
-0.125  -0.449333
0.0625  -0.0843928
0.21875  -0.408689
0.1875  -0.220968
0.1875  -0.127538
0  -0.186106
-0.4375  -0.357096
0.09375  -0.482647
0.03125  -0.0189017
0.21875  -0.271354
0.125  -0.298294
-0.0625  -0.314302
0.09375  -0.25568
0.125  -0.258711
-0.0625  -0.327341
-0.0625  -0.456211
0.25  -0.365808
-0.1875  -0.304143
-0.09375  -0.350366
-0.03125  -0.314889
0  -0.2447
-0.0625  -0.384687
0.09375  -0.459983
0.03125  -0.384919
0.25  -0.301627
-0.21875  -0.236583
-0.0625  -0.260387
0.09375  -0.372394
0.15625  -0.128442
-0.1875  -0.489722
-0.15625  -0.474618
0.09375  -0.289658
-0.21875  -0.30074
-0.09375  -0.229329
0.125  -0.458224
0.125  -0.218051
-0.0625  -0.233942
-0.09375  -0.226976
0.0625  -0.347917
0.15625  -0.225365
0  -0.237964
0.21875  -0.22795
0  -0.255217
0  -0.183624
-0.0625  -0.369749
-0.09375  -0.187719
0.03125  -0.472108
0  -0.40278
-0.03125  -0.530633
-0.0625  -0.39773
-0.09375  -0.392165
0.0625  -0.285617
-0.0625  -0.354495
-0.0625  -0.34182
0.21875  -0.415769
0.125  -0.453826
0.125  -0.343709
0  -0.448467
0.25  -0.318306
0.09375  -0.337335
-0.0625  -0.19744
0.125  -0.284708
-0.03125  -0.107005
0.125  -0.359958
-0.125  -0.314969
0.09375  -0.471019
0.09375  -0.300368
0.15625  -0.255353
-0.125  -0.192465
0.125  -0.33403
-0.125  -0.353864
0.15625  -0.416522
0.25  -0.0831351
0.125  0.0863163
-0.0625  -0.328143
0  -0.321903
0  -0.249627
0.125  -0.358684
-0.125  -0.147527
-0.25  -0.351245
-0.0625  -0.384462
-0.09375  -0.213303
0.09375  -0.240078
-0.1875  -0.192299
-0.28125  -0.393112
-0.03125  -0.168224
-0.1875  -0.252084
-0.28125  -0.093012
0.03125  -0.409853
0.0625  -0.386389
-0.03125  -0.357438
-0.09375  -0.454288
-0.0625  -0.316692
0.0625  -0.260452
0.09375  -0.381181
0.0625  -0.145387
0  -0.450368
0.34375  -0.347824
0  -0.437868
0.0625  -0.446976
-0.25  -0.39005
0.0625  -0.477869
-0.09375  -0.329092
-0.21875  -0.356113
0.25  -0.558757
0.03125  -0.34117
-0.25  -0.360499
0.0625  -0.224924
0.09375  -0.461419
0.3125  -0.58826
-0.125  -0.172989
0.125  -0.334792
-0.03125  -0.434261
-0.09375  -0.377814
0  -0.379657
0.1875  -0.458627
0.0625  -0.522255
0.03125  -0.4424
0  -0.447621
-0.21875  -0.333233
0.21875  -0.320247
0  -0.296443
-0.28125  -0.626406
0  -0.349057
0.125  -0.365992
0.0625  -0.406788
0.03125  -0.0769249
0.1875  -0.167692
0  -0.471666
0  -0.369235
0  -0.271808
0.1875  -0.172157
-0.0625  -0.248115
-0.03125  -0.368699
0.09375  -0.196246
0.0625  -0.365171
0.0625  -0.420272
0.15625  -0.311401
-0.0625  -0.356862
0.15625  -0.451786
0  -0.244054
0.09375  -0.25772
-0.21875  -0.257831
0.1875  -0.591311
-0.03125  -0.304498
-0.09375  -0.505868
-0.03125  -0.445456
0.28125  -0.368462
0.21875  -0.465929
0.125  -0.312025
0.03125  -0.525618
-0.25  -0.320902
-0.25  -0.34619
0.125  -0.354899
-0.1875  -0.235416
-0.0625  -0.435236
0.1875  -0.354259
0.0625  -0.328699
0.125  -0.439971
0.21875  -0.377991
0.03125  -0.334047
0  -0.353965
0  -0.289454
0.03125  -0.448353
0.03125  -0.471147
0  -0.312771
-0.0625  -0.449563
-0.03125  -0.325149
-0.21875  -0.0633792
0  -0.301297
0  -0.328403
0.03125  -0.232557
-0.0625  -0.41994
-0.09375  -0.42165
-0.0625  -0.266763
0.03125  -0.128545
-0.1875  -0.424088
0.03125  -0.182988
-0.09375  -0.29754
-0.03125  -0.546522
0.0625  -0.54145
0  -0.323849
-0.03125  -0.333744
-0.03125  -0.374065
-0.21875  -0.349583
-0.125  -0.196097
-0.1875  -0.362044
0.21875  -0.177952
0.09375  -0.441487
0.0625  -0.287569
0.03125  -0.361983
0.09375  -0.168554
-0.09375  -0.427555
0  -0.352672
-0.125  -0.3698
-0.03125  -0.347965
-0.1875  -0.499823
0.09375  -0.283114
-0.09375  -0.202471
0.0625  -0.478045
-0.03125  -0.432421
0.1875  -0.45852
-0.03125  -0.391448
-0.03125  -0.314047
0.1875  -0.320324
0.03125  -0.214158
-0.0625  -0.532677
-0.1875  -0.340334
-0.03125  -0.140127
0.03125  -0.21732
0.21875  -0.325882
-0.1875  -0.354964
0  -0.483001
0  -0.332674
0.28125  -0.309311
-0.125  -0.399658
0.09375  -0.310968
0.03125  -0.481006
0.125  -0.211108
0  -0.0512509
0.09375  -0.288716
-0.25  -0.340641
0.09375  -0.21097
-0.03125  -0.277021
-0.09375  -0.240905
0.125  -0.218744
-0.21875  -0.227659
0.3125  -0.503643
-0.03125  -0.410905
0  -0.361621
-0.125  -0.224109
-0.28125  -0.178725
0.15625  -0.140648
-0.1875  -0.289969
0  -0.20973
-0.21875  -0.468261
0.21875  -0.1591
-0.09375  -0.10852
0.0625  -0.241821
0.03125  -0.455281
-0.09375  -0.287994
0.125  -0.210016
0  -0.475098
-0.09375  -0.310213
0.125  -0.256074
-0.03125  -0.35598
0.15625  -0.511966
0.1875  -0.289601
-0.28125  -0.419016
-0.09375  -0.323128
-0.21875  -0.261495
0.0625  -0.322287
0.1875  -0.226861
0.0625  -0.303944
-0.03125  -0.289637
0.125  -0.276726
0.03125  -0.323311
0  -0.596487
0.28125  -0.384965
-0.0625  -0.382358
0  -0.323702
0.0625  -0.129638
0.0625  -0.546993
0.1875  -0.350684
0  -0.198647
0.09375  -0.31235
0.09375  -0.367159
-0.28125  -0.365871
0.03125  -0.390025
0.34375  -0.501911
0.125  -0.277038
0.09375  -0.196062
-0.25  -0.397267
-0.15625  -0.373541
0.03125  -0.151059
-0.03125  -0.289891
-0.28125  -0.39873
0  -0.437721
0.09375  -0.387413
0.125  -0.221952
-0.0625  -0.131398
-0.0625  -0.523312
-0.03125  -0.44508
-0.0625  -0.433831
0.1875  -0.337161
-0.03125  -0.519832
0  -0.258327
-0.03125  -0.286872
-0.21875  -0.51697
-0.21875  -0.383531
0  -0.144364
0.15625  -0.409194
0.125  -0.315526
0.0625  -0.342439
-0.1875  -0.253015
0  -0.326216
-0.0625  -0.139133
-0.03125  -0.336969
-0.0625  -0.146392
0.09375  -0.156364
-0.03125  -0.280727
0.0625  -0.392924
-0.0625  -0.476467
-0.21875  -0.27939
-0.125  -0.344098
-0.125  -0.657674
0.09375  -0.449795
0.25  -0.306621
0  -0.28082
0.03125  -0.299666
0.0625  -0.368149
0.0625  -0.278619
0.125  -0.339649
-0.15625  -0.312135
-0.15625  -0.406135
0.125  -0.175827
-0.03125  -0.402348
0  -0.0849616
0.34375  -0.374026
0.09375  -0.338239
0.21875  -0.39372
0.09375  -0.467876
-0.03125  -0.186352
0.09375  -0.174616
-0.0625  -0.516335
-0.34375  -0.270718
0  -0.277911
0  -0.393619
0.28125  -0.232856
0.15625  -0.549157
0  -0.0711887
0.1875  -0.410125
0.1875  -0.379684
-0.03125  -0.313402
0.09375  -0.352767
-0.15625  -0.430416
0  -0.41937
0  -0.35994
0.125  -0.11602
-0.34375  -0.28619
-0.09375  -0.43245
-0.0625  -0.469613
-0.21875  -0.30057
-0.15625  -0.261962
-0.09375  -0.321523
-0.0625  -0.359166
0.09375  -0.359568
0.09375  -0.232458
0  -0.288498
-0.0625  -0.351686
-0.0625  -0.319287
0  -0.395112
-0.03125  -0.363271
0.15625  -0.466106
-0.0625  -0.299004
0.03125  -0.217781
-0.03125  -0.294598
-0.1875  -0.301276
0.09375  -0.356011
0.0625  -0.553771
-0.125  -0.107277
-0.03125  -0.355637
0.1875  -0.331276
-0.03125  -0.509924
-0.0625  -0.311665
0.03125  -0.2283
-0.0625  -0.151484
0.1875  -0.238333
0.1875  -0.261094
0.0625  -0.326524
-0.1875  -0.61644
0.1875  -0.305572
0.15625  -0.284096
-0.0625  -0.379263
0  -0.286567
0.09375  -0.38369
-0.03125  -0.274474
0.15625  -0.389731
0.0625  -0.327905
0.125  -0.376976
-0.0625  -0.343849
0  -0.465273
0.15625  -0.339611
0.0625  -0.340519
-0.15625  0.0376018
0.03125  -0.369929
-0.03125  -0.00744378
-0.15625  -0.566037
0.125  -0.346905
-0.03125  -0.267777
0.15625  -0.273569
-0.09375  -0.240634
0.09375  -0.425679
0.0625  -0.368172
-0.21875  -0.150482
-0.0625  -0.173813
-0.03125  -0.167849
0.125  -0.332284
-0.09375  -0.276217
0.03125  -0.214626
0.03125  -0.54373
-0.125  -0.433425
-0.125  -0.26457
-0.09375  -0.340382
0.03125  -0.440816
-0.15625  -0.238901
0.09375  -0.265026
-0.03125  -0.49111
0  -0.298639
0.21875  -0.21433
-0.1875  -0.235287
0  -0.28401
-0.125  -0.149512
0.09375  -0.274548
0.0625  -0.415955
-0.03125  -0.473261
0.15625  -0.385779
0  -0.301156
-0.09375  -0.330281
-0.03125  -0.29255
0.15625  -0.150893
-0.03125  -0.124448
-0.15625  -0.401681
-0.0625  -0.566617
-0.15625  -0.248695
0  -0.368096
0.125  -0.383517
0.15625  -0.499286
0  -0.53453
-0.03125  -0.260656
-0.15625  -0.439304
-0.125  -0.314548
0.0625  -0.267752
0.0625  -0.360116
0.03125  -0.389024
-0.03125  -0.395415
0.1875  -0.241568
-0.125  -0.311724
0.09375  -0.321106
-0.53125  -0.327929
-0.21875  -0.323393
0  -0.383042
-0.0625  -0.227969
0.28125  -0.559306
0.0625  -0.373097
0.0625  -0.282035
-0.125  -0.400563
-0.09375  -0.313421
-0.03125  -0.336143
0.09375  -0.354081
0.03125  -0.202463
0.21875  -0.435515
0.03125  -0.273285
-0.03125  -0.345875
-0.1875  -0.316199
0.09375  -0.361244
0.0625  -0.265078
-0.09375  -0.58019
-0.3125  -0.395157
0.125  -0.358479
0  -0.339087
-0.03125  -0.286596
-0.09375  -0.0360595
0.15625  -0.425767
0.09375  -0.273688
-0.09375  -0.283554
0.09375  -0.297381
-0.15625  -0.534599
0.03125  -0.304506
0.0625  -0.287525
-0.3125  -0.547671
0.1875  -0.517735
-0.15625  -0.449148
-0.125  -0.462565
-0.0625  -0.317531
0.03125  -0.370528
0.0625  -0.502178
0.03125  -0.340974
0.03125  -0.450211
0.0625  -0.256753
0.03125  -0.320426
-0.03125  -0.373765
0.15625  -0.293341
0.125  -0.415613
0.0625  -0.255205
-0.0625  -0.381192
0.0625  -0.40771
-0.125  -0.275301
0.0625  -0.298123
0  -0.374085
-0.03125  -0.212407
0  -0.449549
-0.1875  -0.137044
-0.0625  -0.524447
-0.09375  -0.252795
0.03125  -0.466324
-0.15625  0.0664603
0.09375  -0.428075
0.15625  -0.285473
-0.03125  -0.343235
0.03125  -0.139995
-0.03125  -0.460415
-0.0625  -0.299419
-0.125  -0.323631
0.09375  -0.360364
-0.1875  -0.396724
-0.21875  -0.341609
-0.1875  -0.21915
-0.03125  -0.217335
0.09375  -0.179359
-0.0625  -0.390674
-0.125  -0.396634
0.0625  -0.304938
-0.28125  -0.445819
0.03125  -0.476397
0  -0.150139
-0.125  -0.357202
-0.09375  -0.407081
0.1875  -0.0923162
0.03125  -0.353068
0.09375  -0.330396
0  -0.246906
-0.15625  -0.314623
0.09375  -0.0510762
-0.15625  -0.44518
0.1875  -0.490784
-0.1875  -0.293843
0  -0.336728
0.0625  -0.234201
0.03125  -0.499732
-0.21875  -0.323424
0.0625  -0.392738
0.03125  -0.375824
-0.03125  -0.382136
0.03125  -0.266334
0  -0.572648
0  -0.461461
0.09375  -0.375943
0.03125  -0.184478
-0.125  -0.21008
-0.09375  -0.527166
-0.375  -0.161346
-0.15625  -0.221495
0.21875  -0.315368
0.03125  -0.407383
0.03125  -0.135395
-0.09375  -0.208871
-0.1875  -0.368619
-0.15625  -0.446775
0.125  -0.31786
0.03125  -0.437037
0.09375  -0.440158
0.21875  -0.412409
0  -0.49592
-0.03125  -0.269405
-0.25  0.012528
0.125  -0.385601
0  -0.487435
0.125  -0.103298
0.0625  -0.509777
-0.15625  -0.378513
-0.21875  -0.23806
0.28125  -0.365155
0.03125  -0.319995
0  -0.410643
0.0625  -0.27664
0.09375  -0.0813949
0.125  -0.189855
-0.1875  -0.503329
-0.03125  -0.265879
-0.21875  -0.222671
-0.03125  -0.533626
0.125  -0.448359
-0.0625  -0.15249
0.25  -0.377208
0.09375  -0.265119
0.15625  -0.333341
0  -0.425547
-0.09375  -0.31051
0.03125  -0.351984
-0.03125  -0.346093
0.15625  -0.248679
-0.28125  -0.398038
-0.09375  -0.196764
0.21875  -0.375398
0.1875  -0.412327
-0.09375  -0.289834
0  -0.2137
0.03125  -0.351441
0.125  -0.248678
-0.0625  -0.444008
0.0625  -0.339942
0.0625  -0.160755
-0.03125  -0.31844
-0.03125  -0.235588
0.3125  -0.252157
-0.125  -0.314948
-0.09375  -0.0780367
0.03125  -0.49484
-0.03125  -0.304432
-0.0625  -0.287419
0.21875  -0.245281
0  -0.455759
-0.1875  -0.469594
-0.09375  -0.24031
0.09375  -0.262219
0.15625  -0.451609
0.1875  -0.300966
-0.15625  -0.424758
0.15625  -0.318729
-0.03125  -0.151582
0.21875  -0.509743
0.125  -0.23556
-0.15625  -0.226762
0.09375  -0.244752
0.125  -0.425766
-0.0625  -0.389361
-0.0625  -0.482768
0.21875  -0.301623
-0.03125  -0.0787374
0.03125  -0.37461
0  -0.23852
0.21875  -0.490057
-0.09375  -0.287168
-0.0625  -0.402879
0.125  -0.0959603
0  -0.256914
-0.1875  -0.253916
0.25  -0.328588
0.15625  -0.388609
0.28125  -0.285659
0.0625  -0.292821
-0.03125  -0.469809
0.0625  -0.236694
0.09375  -0.292952
-0.15625  -0.384455
0.03125  -0.573297
0.03125  -0.423954
-0.1875  -0.310559
0  -0.223092
-0.03125  -0.462171
-0.125  -0.319074
-0.0625  -0.12562
-0.03125  -0.359892
0.28125  -0.0637713
-0.0625  -0.576059
-0.0625  -0.203447
-0.03125  -0.447294
0.03125  -0.270429
0.09375  -0.256269
-0.0625  -0.354367
0.21875  -0.331601
0  -0.325176
0  -0.353472
0.09375  -0.226673
0.03125  -0.0979167
0.1875  -0.369677
0  -0.532952
-0.03125  -0.452795
0.1875  -0.389315
-0.09375  -0.302974
-0.09375  -0.226529
0.21875  -0.459918
-0.09375  -0.301747
0.03125  -0.330073
0.03125  -0.583642
0.28125  -0.418058
0.28125  -0.275854
0.0625  -0.322891
0.125  -0.308994
0  -0.340821
-0.0625  -0.390429
-0.09375  -0.513837
-0.21875  -0.209428
-0.15625  -0.30752
-0.1875  -0.443389
-0.03125  -0.352367
0.15625  -0.233409
-0.0625  -0.0231613
0.34375  -0.451648
-0.09375  -0.225491
0  -0.184214
-0.03125  -0.246372
0.15625  -0.232778
0  -0.51885
-0.09375  -0.329778
-0.0625  -0.447974
-0.09375  -0.440231
-0.125  -0.243502
-0.0625  -0.60239
-0.3125  -0.189646
0  -0.334021
-0.0625  -0.209471
-0.15625  -0.34276
0  -0.342436
-0.15625  -0.506856
0.28125  -0.304086
-0.0625  -0.402912
0.03125  -0.197
0  -0.314701
0.09375  -0.334847
-0.15625  -0.401061
0.0625  -0.332248
-0.3125  -0.231408
-0.09375  -0.291697
0.0625  -0.283664
0  -0.464123
0.09375  -0.463621
0.125  -0.248525
-0.21875  -0.270902
-0.125  -0.298003
-0.125  -0.396779
0  -0.483273
-0.15625  -0.347225
-0.09375  -0.276509
-0.03125  -0.411179
-0.03125  -0.547403
-0.0625  -0.509933
-0.125  -0.28193
-0.03125  -0.58619
0.03125  -0.371618
-0.125  -0.47872
0.15625  -0.177848
-0.25  -0.396746
0  -0.157725
0.1875  -0.351178
-0.21875  -0.293018
0.0625  -0.366481
-0.15625  -0.272547
-0.15625  -0.346406
0.0625  -0.273629
0.09375  -0.401903
0.21875  -0.349326
0.09375  -0.228038
0.09375  -0.370095
-0.0625  -0.361191
0.09375  -0.163889
-0.09375  -0.308101
-0.0625  -0.462854
-0.09375  -0.403335
-0.125  -0.422774
0.1875  -0.289295
0.0625  -0.28582
0.03125  -0.432631
0.125  -0.253448
0  -0.202962
-0.0625  -0.366713
0.1875  -0.391556
-0.03125  -0.210801
0.0625  -0.253258
-0.0625  -0.484883
-0.09375  -0.149329
-0.09375  -0.332095
0.0625  -0.371288
0.0625  -0.441552
0.1875  -0.422317
0.0625  -0.255129
0  -0.561022
-0.1875  -0.251095
0  -0.405389
-0.125  -0.352308
0.1875  -0.304929
0.0625  -0.269289
-0.03125  -0.16087
0.125  -0.241084
0.0625  -0.45025
-0.0625  -0.356294
0.03125  -0.442496
0.03125  -0.263346
-0.09375  -0.251907
0.09375  -0.531429
-0.25  -0.286614
0.0625  -0.409761
-0.15625  -0.27165
0.0625  -0.31855
0.0625  -0.23377
0.21875  -0.440423
-0.125  -0.403725
0.0625  -0.360776
0  -0.333747
0.125  -0.166663
0.0625  -0.353765
0.125  -0.416009
-0.03125  -0.297117
0.09375  -0.11187
-0.09375  -0.393527
0.15625  -0.302319
0.09375  -0.252724
-0.1875  -0.441379
-0.125  -0.56159
0.125  -0.47247
-0.0625  -0.457919
-0.03125  -0.46311
-0.09375  -0.142345
0  -0.177956
0.125  -0.42988
0.03125  -0.232549
-0.09375  -0.347589
-0.1875  -0.195304
-0.03125  -0.321788
-0.03125  -0.430504
0  -0.397983
-0.1875  -0.417462
0.09375  -0.437501
0.0625  -0.425925
0.21875  -0.347594
-0.25  -0.466505
-0.3125  -0.533095
-0.21875  -0.282002
0.125  -0.386263
0.125  -0.553456
-0.09375  -0.339195
-0.1875  -0.372916
0.03125  -0.3099
-0.1875  -0.330357
-0.09375  -0.267278
0.125  -0.272136
0.21875  -0.438957
0.125  -0.315204
0.0625  -0.473918
-0.03125  -0.296653
-0.09375  -0.200164
0  -0.560214
0.0625  -0.365635
-0.15625  -0.244685
-0.1875  -0.40144
0.09375  -0.29587
0.03125  -0.302498
0.09375  -0.355045
0.125  -0.356138
-0.09375  -0.572047
-0.125  -0.145605
-0.25  -0.19119
-0.0625  -0.208262
0.0625  -0.169325
-0.0625  -0.553203
-0.09375  -0.595838
-0.0625  -0.3494
-0.28125  -0.0473771
-0.125  -0.490487
-0.09375  -0.192322
-0.3125  -0.406609
-0.21875  -0.287354
0.125  -0.346907
-0.03125  -0.362069
0.03125  -0.362884
-0.03125  -0.212993
-0.21875  -0.223024
0  -0.490041
-0.09375  -0.219634
0.09375  -0.392048
0.03125  -0.254913
0.09375  -0.321787
-0.28125  -0.53767
-0.09375  -0.108652
-0.0625  -0.350164
0.09375  -0.34908
-0.0625  -0.258224
0.125  -0.323902
0.09375  -0.331698
-0.03125  -0.28687
0.0625  -0.216921
0.09375  -0.109607
0.21875  -0.290011
-0.09375  -0.429294
0.15625  -0.216403
0.125  -0.441045
0.125  -0.130146
-0.125  -0.412237
0  -0.302676
-0.09375  -0.125651
0  -0.411272
0.09375  -0.179036
-0.15625  -0.247782
-0.15625  -0.171582
0  -0.386147
0.28125  -0.359066
-0.15625  -0.328636
0.125  -0.321384
0.21875  -0.295732
-0.09375  -0.574705
0  -0.417696
0.03125  -0.386043
-0.09375  -0.308279
0  -0.26854
0.09375  -0.369169
0.28125  -0.370344
-0.09375  -0.296712
0.03125  -0.370526
0.09375  -0.347776
-0.0625  -0.244345
-0.0625  -0.452938
-0.21875  -0.397177
0.03125  -0.338548
0.125  -0.47217
0.15625  -0.139204
0.09375  -0.147021
0.0625  -0.348897
-0.03125  -0.399841
-0.03125  -0.403277
0.09375  -0.339923
-0.15625  -0.473291
-0.1875  -0.254299
-0.09375  -0.275211
0.125  -0.396355
0.125  -0.201741
0.09375  -0.470868
0.15625  -0.263329
-0.09375  -0.350829
-0.09375  -0.453142
-0.03125  -0.174322
0.15625  -0.195752
0  -0.346644
-0.0625  -0.419598
-0.15625  -0.309873
0.15625  -0.191557
-0.0625  -0.163914
0.21875  -0.437638
-0.09375  -0.344444
0  -0.23197
0  -0.0990082
0.09375  -0.304864
-0.0625  -0.21092
0.125  -0.320751
0.125  -0.452497
-0.0625  -0.266165
0.1875  -0.242651
-0.28125  -0.546004
-0.125  -0.278215
0.3125  -0.43197
0.09375  -0.467859
-0.09375  -0.441344
0.125  -0.379678
0.03125  -0.220326
0.0625  -0.374547
-0.28125  -0.38433
0  -0.343866
-0.15625  -0.390337
0.1875  -0.439081
-0.09375  -0.416273
0.125  -0.363004
0.09375  -0.0955415
0.03125  -0.291021
-0.125  -0.514403
-0.0625  -0.404319
-0.15625  -0.364059
-0.21875  -0.383909
0.03125  -0.285019
0.21875  -0.337625
0.03125  -0.279
-0.15625  -0.491538
-0.0625  -0.407891
0.1875  -0.40238
0.03125  -0.376314
-0.03125  -0.452563
0.25  -0.411032
0.28125  -0.383124
0.03125  -0.302751
0.03125  -0.22353
-0.125  -0.547491
0.125  -0.40582
0.15625  -0.370419
-0.03125  -0.241153
0.125  -0.384388
-0.0625  -0.356798
0.21875  -0.162989
-0.1875  -0.200757
-0.21875  -0.289408
0.125  -0.258326
0.09375  -0.531355
0  -0.166789
0  -0.41173
0  -0.238783
-0.09375  -0.0739456
-0.03125  -0.572459
0.15625  -0.259255
-0.03125  -0.344772
-0.09375  -0.265738
0  -0.554303
-0.0625  -0.405197
0.03125  -0.185618
-0.03125  -0.325881
0.21875  -0.173309
0.0625  -0.411333
-0.15625  -0.0776922
-0.09375  -0.336312
-0.09375  -0.259813
-0.28125  -0.251384
0.0625  -0.480348
-0.15625  -0.350924
-0.3125  -0.492416
0.03125  -0.249262
-0.03125  -0.373585
0.21875  -0.463749
-0.09375  -0.41364
-0.21875  -0.503543
-0.03125  -0.20706
-0.15625  -0.239907
0.125  -0.129186
0.09375  -0.397207
0  -0.261837
-0.15625  -0.273419
-0.0625  -0.237629
0.03125  -0.492003
0.125  -0.458246
-0.25  -0.177061
-0.125  -0.454528
0.0625  -0.306283
0.09375  -0.216436
0.25  -0.290109
0.3125  -0.440717
-0.1875  -0.481877
0.15625  -0.403599
-0.25  -0.361608
-0.125  -0.200295
0.09375  -0.31828
0.09375  -0.446308
0.03125  -0.359118
-0.09375  -0.399476
-0.09375  -0.380955
-0.09375  -0.322037
0.09375  -0.396265
0.0625  -0.250582
0.28125  -0.313876
0.09375  -0.376232
-0.15625  -0.310662
-0.125  -0.484552
0.3125  -0.523943
0.09375  -0.22384
0.09375  -0.405401
0.21875  -0.433662
0.125  -0.317942
0.0625  -0.253771
0  -0.331546
0.4375  -0.432291
-0.1875  -0.376331
0  -0.311446
0.1875  -0.11772
-0.125  -0.266299
0.125  -0.411908
-0.15625  -0.272264
-0.21875  -0.282275
-0.09375  -0.218364
0.0625  -0.400179
-0.15625  -0.329234
0.21875  -0.029986
-0.25  -0.318235
0.0625  -0.420594
0  -0.257029
-0.3125  -0.450047
-0.09375  -0.280156
-0.15625  -0.286055
-0.0625  -0.262811
0.09375  -0.398607
-0.03125  -0.270578
0  -0.394073
0.03125  -0.404264
-0.03125  -0.351812
-0.0625  -0.48974
0.125  -0.170374
-0.03125  -0.356482
0.28125  0.00157931
0.03125  -0.253541
-0.0625  -0.589513
0.0625  -0.344947
0.0625  -0.50787
0.0625  -0.327232
0.0625  -0.279107
0  -0.406594
-0.09375  -0.327344
0.09375  -0.447941
-0.0625  -0.300596
-0.15625  -0.280839
0.15625  -0.382496
0  -0.249633
-0.03125  -0.269023
-0.15625  -0.311312
0.1875  -0.244431
-0.03125  -0.348046
0.03125  -0.0911904
-0.15625  -0.249867
-0.21875  -0.442163
0.15625  -0.470674
0.1875  -0.276836
0.03125  -0.41647
0.15625  -0.299001
-0.125  -0.357812
-0.03125  -0.401448
-0.375  -0.438661
0  -0.422565
-0.25  -0.464533
-0.125  -0.353043
-0.0625  -0.46129
0.0625  -0.479727
0.125  -0.454485
0.21875  -0.219191
0.03125  -0.126054
-0.0625  -0.389098
-0.09375  -0.466227
0.15625  -0.281835
-0.125  -0.125273
-0.0625  -0.320141
-0.0625  -0.256958
-0.09375  -0.332345
0.0625  -0.386994
-0.09375  -0.426308
0.03125  -0.381151
0.125  -0.451816
-0.03125  -0.372054
0.09375  -0.470639
0.0625  -0.266467
0.125  -0.302174
-0.1875  -0.407811
-0.03125  -0.215993
0.25  -0.532202
0.03125  -0.491247
0.125  -0.521997
0.09375  -0.482386
0.09375  -0.312697
0.03125  -0.346101
0.09375  -0.327346
0.0625  -0.487463
0.15625  -0.386714
0.0625  -0.382713
0.40625  -0.178925
-0.03125  -0.420558
0  -0.288202
-0.03125  -0.409818
0.0625  -0.465329
-0.03125  -0.291198
0.03125  -0.442067
0.1875  -0.395792
0.34375  -0.50788
0.25  -0.418576
-0.03125  -0.295446
0.03125  -0.282452
0.09375  -0.351941
-0.125  -0.410766
0.0625  -0.375748
0.0625  -0.366567
-0.0625  -0.189322
-0.0625  -0.189444
-0.1875  -0.289261
0.03125  -0.0875261
-0.1875  -0.324084
0.125  -0.229515
0.03125  -0.308061
0.0625  -0.27685
-0.15625  -0.117803
0.09375  -0.159264
0.15625  -0.214154
-0.03125  -0.515895
0.0625  -0.371565
0.03125  -0.369662
-0.09375  -0.423347
-0.0625  0.0519781
-0.15625  -0.477126
0.28125  -0.321262
-0.03125  -0.253285
0.21875  -0.183218
0.125  -0.409072
0.0625  -0.160715
0.03125  -0.507671
0.03125  -0.276207
0.03125  -0.371559
0.09375  -0.402147
0.1875  -0.339111
0.09375  -0.239911
0.03125  -0.458137
0.25  -0.488594
0.03125  -0.409329
0.03125  -0.365079
-0.09375  -0.388738
-0.03125  -0.302971
-0.03125  -0.300217
0.21875  -0.359827
0.03125  -0.376026
-0.28125  -0.123697
-0.03125  -0.108567
0  -0.26411
-0.15625  -0.428988
-0.15625  -0.233569
0  -0.453382
0.15625  -0.287725
0.0625  -0.312891
0.125  -0.231004
-0.09375  -0.364706
0  -0.539283
-0.21875  -0.226415
-0.03125  -0.453925
0.0625  -0.435803
-0.0625  -0.360006
-0.0625  -0.169359
0.03125  -0.38256
-0.21875  -0.122621
-0.09375  -0.274325
0.0625  -0.485328
0.25  -0.339217
-0.03125  -0.278286
0.03125  -0.324261
-0.0625  -0.249674
-0.21875  -0.323845
0.15625  -0.272008
-0.375  -0.247526
0.0625  -0.129526
0.0625  -0.260287
0.09375  -0.383235
0.21875  -0.310722
0.125  -0.429437
0.1875  -0.325924
0.0625  -0.506927
-0.0625  -0.223725
-0.1875  -0.438609
0.28125  -0.263576
0.0625  -0.311358
0.09375  -0.359405
0.15625  -0.301559
-0.125  -0.34719
0.15625  -0.398858
0.03125  -0.320224
-0.0625  -0.22929
0.03125  -0.211237
-0.0625  -0.323537
-0.21875  -0.414988
0.03125  -0.2361
0.1875  -0.398267
0.21875  -0.336406
0.125  -0.46046
-0.09375  -0.329343
-0.03125  -0.494242
0  -0.310464
0.125  -0.301566
0.3125  -0.464672
-0.09375  -0.0962844
0.15625  -0.158714
0  -0.264703
-0.125  -0.31459
-0.03125  -0.338276
0.03125  -0.139249
0  -0.0219597
0.21875  -0.365868
0.1875  -0.345191
0  -0.469543
0.15625  -0.463366
0.15625  -0.268146
-0.25  -0.509725
-0.03125  -0.239855
-0.125  -0.225083
-0.125  -0.339209
0.09375  -0.410155
-0.15625  -0.331535
-0.1875  -0.391327
-0.09375  -0.475126
-0.0625  -0.444709
-0.0625  -0.391021
-0.09375  -0.436962
-0.375  -0.536977
0.15625  -0.330062
0.15625  -0.288826
0  -0.425739
0.03125  -0.360372
-0.21875  -0.519836
0.15625  -0.159841
0.0625  -0.34426
0.0625  -0.301495
0.0625  -0.518148
-0.25  -0.172363
-0.15625  -0.482831
0.0625  -0.37266
-0.0625  -0.356738
-0.03125  -0.560873
0.21875  -0.322241
0.0625  -0.526493
0.3125  -0.330366
0  -0.321941
-0.0625  -0.441047
0.03125  -0.499681
-0.03125  -0.00352843
0.0625  -0.47277
0.0625  -0.360817
-0.09375  -0.240574
0.125  -0.369814
0.09375  -0.285456
-0.0625  -0.326267
0.03125  -0.415354
0.03125  -0.33673
0.03125  -0.26954
-0.1875  -0.17853
0.03125  -0.14534
0.21875  -0.453327
0.34375  -0.307615
-0.125  -0.418708
0.125  -0.344163
-0.09375  -0.365312
-0.0625  -0.547643
0.125  -0.499186
-0.1875  -0.412004
0.0625  -0.40779
0.09375  -0.350418
0.03125  -0.45365
0.09375  -0.342879
0  -0.284707
-0.03125  -0.482529
0  -0.424275
0.03125  -0.559473
-0.40625  -0.4579
-0.03125  -0.654879
0  -0.133882
-0.28125  -0.323589
0.03125  -0.316225
0.15625  -0.175284
0.09375  -0.100574
-0.09375  -0.375447
0.03125  -0.100676
0.0625  -0.528048
0.03125  -0.322253
0.21875  -0.214284
-0.09375  -0.403445
-0.09375  -0.143435
-0.03125  -0.365493
-0.125  -0.442131
-0.09375  -0.25224
0  -0.27318
0  -0.495652
-0.09375  -0.370987
0.09375  -0.417126
-0.125  -0.652857
-0.0625  -0.15323
-0.125  -0.0514617
-0.125  -0.194867
-0.09375  -0.525142
0  -0.40141
0.15625  -0.486412
-0.125  -0.303798
0.09375  -0.282847
0.15625  -0.207025
0.03125  -0.215348
-0.3125  -0.293761
-0.15625  -0.143086
-0.09375  -0.23429
-0.28125  -0.00172828
0.125  -0.0496427
-0.125  -0.36574
-0.0625  -0.387452
0  -0.336693
-0.125  -0.369162
0.0625  -0.437548
-0.03125  -0.280048
0.03125  -0.2357
-0.125  -0.583591
-0.03125  -0.250045
0.1875  -0.388604
-0.0625  -0.26654
-0.03125  -0.295343
0.125  -0.379772
-0.03125  -0.213825
0  -0.14721
0.25  -0.288597
0.0625  -0.0554895
0.0625  -0.336737
0.03125  -0.0389947
0.09375  -0.279393
-0.09375  -0.623889
0.1875  -0.18427
-0.15625  -0.406942
0.15625  -0.307627
0.25  -0.221632
0.03125  -0.344024
0.09375  -0.351339
-0.1875  -0.479762
0.1875  -0.325503
0  -0.445044
-0.09375  -0.319197
0  -0.187599
-0.03125  -0.288755
-0.0625  -0.112656
0.125  -0.31522
0.0625  -0.211166
-0.125  -0.3108
-0.0625  -0.396624
0.125  -0.390224
0.03125  -0.523502
-0.03125  -0.320098
0.09375  -0.407255
0.09375  -0.409195
0.15625  -0.442165
-0.03125  -0.338408
-0.09375  -0.350985
0.3125  -0.187472
-0.375  -0.357822
0  -0.232486
0.0625  -0.240256
-0.09375  -0.222237
0.15625  -0.320047
-0.0625  -0.417646
-0.03125  -0.32136
0.125  -0.242312
0.03125  -0.262495
0.1875  -0.208039
0.25  -0.236428
0.0625  -0.0387277
-0.09375  -0.447647
0  -0.383376
0  -0.634
0.0625  -0.416989
0.03125  -0.366736
0.09375  -0.303576
0.125  -0.340162
-0.1875  -0.210322
0  -0.321231
-0.125  -0.389887
-0.03125  -0.371686
-0.125  -0.322786
0.09375  -0.224345
-0.21875  -0.164446
-0.0625  -0.0898882
0  -0.153425
-0.0625  -0.2798
-0.03125  -0.396515
0.125  -0.415942
0.15625  -0.342476
-0.125  -0.356892
0.03125  -0.388252
0.15625  -0.395312
-0.15625  -0.129861
0.03125  -0.334134
-0.28125  -0.438408
0  -0.369874
0.15625  -0.542904
0  -0.277562
0.03125  -0.207582
0.03125  -0.379452
0.21875  -0.397385
-0.09375  -0.209507
0.15625  -0.412302
0.0625  -0.180748
0.03125  -0.150526
0  -0.255947
0.03125  -0.219006
-0.15625  -0.357969
-0.1875  -0.480943
0.1875  -0.2423
-0.0625  -0.343376
-0.03125  -0.377079
0.125  -0.51628
0.0625  -0.327187
0.25  -0.0804614
0.125  -0.275978
0.125  -0.331554
0  -0.469802
0.15625  -0.153747
-0.125  -0.38363
-0.0625  -0.349436
-0.03125  -0.178515
0  -0.327054
0.09375  -0.407299
0.125  -0.298783
0.15625  -0.486986
0.09375  -0.32518
0.03125  -0.232389
-0.1875  -0.0652871
0.09375  -0.426938
0.15625  -0.272883
0.03125  -0.323827
0  -0.344656
0.03125  -0.562887
0  -0.37742
-0.09375  -0.342118
-0.1875  -0.375768
-0.1875  -0.374365
-0.125  -0.172952
0.21875  -0.267606
0.09375  -0.403109
0.15625  -0.30236
0.09375  -0.107662
-0.03125  -0.277868
0  -0.272955
-0.0625  -0.0843102
-0.03125  -0.304075
-0.09375  -0.317404
0.15625  -0.404348
0.1875  -0.374245
-0.0625  -0.393584
0  -0.300099
-0.125  -0.22475
-0.125  -0.204291
0.03125  -0.370092
-0.0625  -0.640526
-0.21875  -0.368314
0.15625  -0.359648
0.03125  -0.188294
0.1875  -0.232809
-0.25  -0.373261
-0.03125  -0.470322
-0.125  -0.401455
-0.28125  -0.359032
-0.09375  -0.281308
-0.125  -0.405815
-0.03125  -0.357631
-0.09375  -0.344911
-0.125  -0.305676
-0.15625  -0.30245
0.15625  -0.159633
0  -0.328008
-0.03125  -0.330117
-0.125  -0.36702
0  -0.44259
0.09375  -0.318111
-0.03125  -0.0618736
-0.0625  -0.231791
0.21875  -0.163849
-0.1875  -0.371761
-0.15625  -0.120215
0  -0.32613
-0.15625  -0.246912
0.0625  -0.366379
0.0625  -0.387389
-0.03125  -0.224725
0.0625  -0.244272
0.09375  -0.418012
0.09375  -0.500143
0.03125  -0.296954
0.1875  -0.426586
-0.03125  -0.354149
0.03125  -0.477869
-0.03125  -0.26796
0  -0.265967
0  -0.504316
0.0625  -0.273136
0.28125  -0.252216
-0.0625  -0.0914256
-0.125  -0.0688587
0.1875  -0.350753
0.1875  -0.351496
-0.25  -0.497244
-0.125  -0.135046
0.25  -0.140095
0.40625  -0.275886
-0.21875  -0.399794
-0.125  -0.296979
-0.09375  -0.30788
0.21875  -0.228936
-0.03125  -0.30791
0.03125  -0.288614
0.03125  -0.298804
-0.125  -0.181466
-0.0625  -0.312459
0  -0.423675
-0.0625  -0.486821
0  -0.199004
-0.09375  -0.439522
0  -0.305243
-0.125  -0.333558
-0.0625  -0.539725
0.0625  -0.373592
-0.09375  -0.578582
-0.125  -0.284118
-0.0625  -0.389074
-0.375  -0.367988
-0.0625  -0.343429
-0.25  -0.0719322
0.09375  -0.316379
0.25  -0.256701
-0.125  -0.284972
0.25  -0.381914
-0.09375  -0.347844
0.28125  -0.159941
-0.0625  -0.247896
-0.21875  -0.348138
-0.0625  -0.4094
0.03125  -0.437927
0  -0.440486
0.1875  -0.274427
0.09375  -0.452271
-0.15625  -0.272201
-0.125  -0.585533
-0.0625  -0.408419
0.15625  -0.365404
-0.0625  -0.289525
0  -0.622754
0.03125  -0.344836
-0.03125  -0.102248
-0.0625  -0.187885
0.15625  -0.284389
-0.15625  -0.339519
-0.03125  -0.330839
0.125  -0.306731
0  -0.0564997
0.25  -0.33442
0.09375  -0.341351
-0.0625  -0.397776
-0.09375  -0.342132
-0.09375  -0.255843
-0.0625  -0.245319
0.125  -0.288717
0.0625  -0.303588
-0.125  -0.4543
0.0625  -0.260798
0.21875  -0.394465
0  -0.43861
-0.125  -0.338406
0.21875  -0.585423
0.09375  -0.471958
0.03125  -0.275347
-0.03125  -0.466515
0.15625  -0.383345
0.09375  -0.35274
-0.09375  -0.410273
0.125  -0.334694
0.03125  -0.360054
-0.125  -0.409341
0.15625  -0.0821487
0.03125  -0.349836
0.03125  -0.279858
-0.03125  -0.274772
-0.09375  -0.289737
0  -0.277472
0.15625  -0.30792
0.125  -0.340544
-0.03125  -0.321997
-0.03125  -0.291368
-0.09375  -0.235498
0.0625  -0.327577
-0.09375  -0.381072
0.09375  -0.399053
0.09375  -0.29984
-0.09375  -0.301782
0.125  -0.29031
-0.03125  -0.467604
0.0625  -0.253707
0.03125  -0.561548
0.0625  -0.289355
-0.0625  -0.335271
-0.09375  -0.341114
-0.09375  -0.382616
0.03125  -0.162635
-0.1875  -0.330637
0.0625  -0.30203
-0.3125  -0.234354
0  -0.374007
-0.0625  -0.231342
-0.03125  -0.3646
-0.03125  -0.153866
0.15625  -0.249511
0.15625  -0.389124
-0.0625  -0.335617
-0.03125  -0.217528
-0.125  -0.340633
0.0625  -0.298859
0.03125  -0.415399
0.09375  -0.284194
-0.3125  -0.314417
-0.0625  -0.457607
-0.03125  -0.272616
-0.28125  -0.373394
-0.125  -0.381758
-0.09375  -0.147564
-0.125  -0.23432
0  -0.302467
-0.03125  -0.282245
0  -0.357157
0  -0.496076
0.21875  -0.387911
0.09375  -0.267784
-0.15625  -0.254296
-0.125  -0.387253
0.25  -0.409633
0.46875  -0.383901
-0.0625  -0.44787
0.0625  -0.338572
0.125  -0.372907
0.09375  -0.279633
-0.09375  -0.41735
0  -0.528467
0.125  -0.350152
0.25  -0.426887
0.25  -0.236516
0.0625  -0.309081
0.03125  -0.33643
-0.25  -0.254441
-0.15625  -0.327759
-0.09375  -0.333522
0.03125  -0.253556
0.15625  -0.438874
0.21875  -0.485799
0.0625  -0.307002
0.15625  -0.436151
0.21875  -0.24056
-0.09375  -0.267439
0.0625  -0.513187
0.21875  -0.553699
-0.125  -0.459221
-0.0625  -0.336811
-0.15625  -0.361766
0.125  -0.236425
-0.3125  -0.323879
0.125  -0.373984
-0.03125  -0.361534
0.09375  -0.294174
0.15625  -0.481295
-0.21875  -0.26434
0.3125  -0.12897
0  -0.314821
0.09375  -0.0776513
-0.1875  -0.432144
-0.34375  -0.174402
0.15625  -0.242206
0.25  -0.461778
0.125  -0.390272
0.0625  -0.317522
-0.03125  -0.341009
-0.09375  -0.0931313
-0.03125  -0.146976
0.09375  -0.494218
0.125  -0.398223
0.125  -0.272685
-0.125  -0.268869
-0.1875  -0.325636
0  -0.188709
0.09375  -0.414369
0.03125  -0.362962
0.1875  -0.462481
0.03125  -0.494847
0.125  -0.17802
-0.125  -0.434392
0.09375  -0.488712
0.25  -0.242572
-0.125  -0.331901
-0.0625  -0.297182
0.0625  -0.0983857
0.0625  -0.321266
0.0625  -0.273282
0.125  -0.421052
0.1875  -0.329666
-0.09375  -0.43963
-0.03125  -0.382724
0.28125  -0.316499
-0.15625  -0.141412
-0.03125  -0.212288
-0.09375  -0.476344
0.21875  -0.345705
0.03125  -0.0971519
0.21875  -0.251893
-0.0625  -0.276132
0.03125  -0.333923
0.1875  -0.259143
0.1875  -0.478707
0  -0.463572
0.03125  -0.520091
-0.09375  -0.0797323
-0.09375  -0.418523
0.21875  -0.318383
-0.125  -0.353805
0.09375  -0.190569
-0.15625  -0.326039
0  -0.337567
0.28125  -0.336002
0.25  -0.208566
-0.15625  -0.122676
0.09375  -0.393589
0.0625  -0.461509
0.09375  -0.472747
-0.03125  -0.247194
0.0625  -0.306579
-0.0625  -0.527421
-0.21875  -0.499395
0.0625  -0.423095
-0.1875  -0.278254
-0.0625  -0.231949
-0.15625  -0.248623
0.15625  -0.29174
0.25  -0.330454
0  -0.357908
-0.0625  -0.295376
-0.15625  -0.342485
0.0625  -0.471754
-0.03125  -0.318022
0  -0.422426
-0.125  -0.335274
0.125  -0.508295
-0.25  -0.310538
0.125  -0.400641
-0.15625  -0.191626
-0.125  -0.303108
-0.21875  -0.39104
-0.15625  -0.441045
-0.21875  -0.434542
-0.1875  -0.469428
0.03125  -0.198561
-0.03125  -0.30596
-0.09375  -0.370985
0.25  -0.385523
0.09375  -0.31558
0.03125  -0.368025
0.09375  -0.414697
0.03125  -0.496825
0.125  -0.211754
0.15625  -0.462264
0.28125  -0.242507
0.0625  -0.204235
-0.3125  -0.416828
-0.1875  -0.371269
-0.03125  -0.311783
0  -0.489718
-0.15625  -0.327
0.0625  -0.310663
-0.09375  -0.427793
-0.125  -0.39621
0.21875  -0.395169
0.03125  -0.321012
0.03125  -0.291879
-0.03125  -0.287229
-0.03125  -0.401519
-0.0625  -0.134718
-0.15625  -0.13342
-0.28125  -0.289812
0  -0.339897
-0.125  -0.216514
-0.0625  -0.446172
0.125  -0.305831
0  -0.0861534
0.03125  -0.177393
0  -0.555164
-0.0625  -0.29397
0.125  -0.302131
0.0625  -0.340597
-0.0625  -0.52141
0.03125  -0.351486
0.09375  -0.27209
-0.03125  -0.267067
0.09375  -0.31676
0  -0.309194
-0.09375  -0.251288
0.09375  -0.298556
-0.03125  -0.414191
-0.03125  -0.223649
-0.25  -0.228288
-0.0625  -0.478767
0.15625  -0.32587
0  -0.276877
-0.15625  -0.141764
0  -0.280023
0.15625  -0.203893
0.09375  -0.290221
0  -0.265656
0.25  -0.655338
0.03125  -0.252272
-0.03125  -0.482004
0.09375  -0.362349
-0.03125  -0.480371
-0.09375  -0.212814
0.0625  -0.213441
-0.09375  -0.264935
0.1875  -0.360803
-0.03125  -0.298011
0  -0.429805
-0.1875  -0.306607
0.15625  -0.432066
-0.25  -0.268297
-0.21875  -0.326004
-0.28125  -0.312659
0.0625  -0.318741
0  -0.116179
-0.15625  -0.144043
0  -0.299291
-0.15625  -0.178715
0.1875  -0.252315
0.125  -0.293143
0.09375  -0.48026
-0.03125  -0.377982
-0.125  -0.470491
0  -0.386351
0.03125  -0.228425
0.0625  -0.406895
0.0625  -0.374869
-0.03125  -0.557342
-0.15625  -0.402357
-0.1875  -0.467123
0.03125  -0.429957
0.0625  -0.35305
-0.03125  -0.331322
-0.03125  -0.247448
-0.03125  -0.319741
0  -0.143509
-0.09375  -0.296739
-0.0625  -0.531894
0.1875  -0.376403
0.125  -0.367812
-0.125  -0.367526
0.03125  -0.406038
0.03125  -0.299939
0.0625  -0.238851
0.09375  -0.226228
0.09375  -0.484683
0.03125  -0.402711
0.0625  -0.356737
0.0625  -0.389178
-0.09375  -0.347098
0.0625  -0.416142
0.03125  -0.210306
0.15625  -0.484519
-0.09375  -0.230536
-0.03125  -0.259676
-0.125  -0.408478
-0.1875  -0.405219
-0.03125  -0.205726
0.1875  -0.401469
0.1875  -0.229307
0.25  -0.0697271
0.03125  -0.342475
-0.0625  -0.456277
0.125  -0.437997
0.03125  -0.308612
0.03125  -0.373843
0.09375  -0.38931
0  -0.468312
-0.1875  -0.158438
-0.0625  -0.160719
0  -0.166678
-0.03125  -0.309268
0.25  -0.390089
0  -0.37206
-0.03125  -0.352003
0.28125  -0.317967
-0.21875  -0.444514
0.15625  -0.284371
-0.09375  -0.329537
-0.1875  -0.396021
0.1875  -0.349557
0.0625  -0.612315
0.09375  -0.590494
-0.21875  -0.217663
0.1875  -0.377294
-0.03125  -0.260713
0  -0.477164
0.03125  -0.293775
0.125  -0.378463
-0.0625  -0.221404
-0.0625  -0.441469
-0.03125  -0.191075
0.09375  -0.0925117
-0.03125  -0.52552
0.09375  -0.362274
0.21875  -0.438587
-0.34375  -0.359256
0.3125  -0.478517
-0.15625  -0.186139
0.1875  -0.243248
0.1875  -0.299911
-0.09375  -0.332061
0.0625  -0.356057
0.0625  -0.369709
0.125  -0.47773
0.125  -0.386939
0.25  -0.129711
0.09375  -0.237065
-0.03125  -0.3594
-0.0625  -0.416308
0.09375  -0.482222
0  -0.183484
-0.03125  -0.255772
0.0625  -0.320743
0  -0.352768
-0.09375  -0.416091
0.03125  -0.218828
0.03125  -0.271212
0.03125  -0.411783
-0.0625  -0.282068
-0.03125  -0.411123
0  -0.399657
0.0625  -0.379856
-0.03125  -0.424565
-0.0625  -0.0500758
0.03125  -0.519626
0.15625  -0.269723
-0.21875  -0.289018
0.03125  -0.00010388
0.125  -0.123342
0.09375  -0.184697
-0.0625  -0.334949
-0.21875  -0.539244
0.1875  -0.435044
-0.03125  -0.441017
-0.0625  -0.230248
-0.0625  -0.203857
0  -0.608097
-0.28125  -0.377267
-0.09375  -0.273679
-0.125  -0.215456
0  -0.288941
-0.03125  -0.351304
-0.0625  -0.38549
-0.3125  -0.455678
-0.1875  -0.27632
-0.09375  -0.318542
-0.15625  -0.256369
0.0625  -0.0156398
0  -0.257386
-0.09375  -0.275988
0.0625  -0.0436764
-0.125  -0.270464
0.03125  -0.360507
0.09375  -0.457248
-0.09375  -0.445407
0  -0.178705
0  -0.302365
0  -0.514674
0.21875  -0.273656
0.125  -0.283555
0.0625  -0.317319
-0.15625  -0.122294
0.34375  -0.426018
0.21875  -0.351759
0.09375  -0.34047
-0.15625  -0.606406
0  -0.431068
0  -0.292085
-0.1875  -0.394327
-0.09375  -0.44433
-0.09375  -0.228591
-0.125  -0.204682
-0.125  -0.455597
-0.21875  -0.0556024
0  -0.303428
0.03125  -0.300043
0.03125  -0.366102
0.125  -0.129497
0  -0.494234
0.09375  -0.474387
-0.125  -0.334887
-0.0625  -0.396289
-0.09375  -0.375841
-0.09375  -0.236027
0.15625  -0.114578
0.125  -0.221867
0.09375  -0.420715
-0.09375  -0.274574
0.0625  -0.0719837
0  -0.188631
-0.125  -0.391437
0.0625  -0.433405
0.21875  -0.199587
-0.0625  -0.271426
0.0625  -0.289894
0.125  -0.355802
0.15625  -0.192735
0.09375  -0.254073
-0.1875  -0.279066
-0.03125  -0.293162
0.0625  -0.225458
-0.03125  -0.219763
0.03125  -0.546886
0  -0.461324
-0.125  -0.362376
0.25  -0.273791
-0.09375  -0.153141
0.0625  -0.241858
-0.21875  -0.525218
-0.0625  -0.513628
0.03125  -0.306915
-0.15625  -0.396158
-0.25  -0.252503
0  -0.304567
-0.125  -0.384115
0.09375  -0.337479
-0.03125  -0.404967
-0.21875  -0.155906
0.03125  -0.0872808
-0.1875  -0.370614
-0.125  -0.223504
0.0625  -0.343497
-0.1875  -0.379016
-0.0625  -0.283248
0.125  -0.506993
-0.03125  -0.290652
0.28125  -0.387791
0.15625  -0.14469
0.15625  -0.0832871
-0.125  -0.334193
-0.3125  -0.285026
0.03125  -0.504232
-0.15625  -0.25861
-0.0625  -0.301698
-0.25  -0.379109
0  -0.279679
-0.03125  -0.447746
0.28125  -0.376707
0.125  -0.212702
0.0625  -0.381067
-0.0625  -0.360881
0.03125  -0.509933
-0.0625  -0.454484
0.15625  -0.274664
0.09375  -0.234057
0.125  -0.452605
0  -0.3251
0.03125  -0.288219
-0.0625  -0.488549
-0.0625  -0.318134
0.03125  -0.27205
0.1875  -0.415383
0.28125  -0.195505
-0.03125  -0.44725
0.0625  -0.335403
0  -0.282605
0.09375  -0.361548
0.03125  -0.415957
0.03125  -0.444977
0.28125  -0.247131
-0.25  -0.414327
-0.0625  -0.327765
-0.0625  -0.209119
0.03125  -0.411557
0  -0.383044
-0.09375  -0.363317
0  -0.480168
0.1875  -0.216971
0  -0.268266
-0.09375  -0.297773
-0.09375  -0.416146
-0.1875  -0.25645
0.15625  -0.239939
-0.375  -0.183545
-0.09375  -0.122679
0.125  -0.380238
0.125  -0.196263
-0.125  -0.256592
0.34375  -0.092736
0.21875  -0.36988
0.125  -0.475173
-0.03125  -0.442521
-0.125  -0.222779
-0.03125  -0.417651
-0.0625  -0.475943
-0.125  -0.251412
0.03125  -0.359099
-0.0625  -0.219041
0.09375  -0.357003
0.125  -0.431806
0  -0.478655
0.0625  -0.376095
0  -0.605539
-0.03125  -0.255614
0.0625  -0.373112
0.09375  -0.369609
0.0625  -0.373942
-0.03125  -0.339702
0.03125  -0.44236
0  -0.346309
0.21875  -0.387405
0.03125  -0.376262
0.0625  -0.182139
0  -0.451448
0.09375  -0.121773
-0.03125  -0.431431
0.125  -0.0968535
0.21875  -0.343492
-0.03125  -0.293508
-0.25  -0.338025
-0.125  -0.231581
-0.09375  -0.0792372
-0.0625  -0.371386
-0.09375  -0.40901
-0.03125  -0.322319
0  -0.331851
0  -0.432564
0.09375  -0.380791
-0.125  -0.242298
0  -0.301563
0.21875  -0.391908
0.03125  -0.200311
-0.15625  -0.323028
-0.09375  -0.364169
0.03125  -0.147772
-0.09375  -0.374861
-0.09375  -0.321567
-0.09375  -0.249587
0  -0.320928
-0.0625  -0.540648
-0.15625  -0.278461
-0.125  -0.280453
-0.0625  -0.302155
0.21875  -0.206105
-0.125  -0.224608
0.0625  -0.113113
0.09375  -0.253518
0.125  -0.475224
0.03125  -0.425945
-0.0625  -0.400189
0.0625  -0.282966
0  -0.249981
0.125  -0.373123
0  -0.164205
-0.125  -0.295422
0.09375  -0.255487
-0.03125  -0.274741
0.03125  -0.180374
0  -0.247742
-0.03125  -0.413304
-0.03125  -0.329094
-0.03125  -0.316903
0  -0.22278
-0.0625  -0.27659
0.125  -0.276189
0  -0.485465
-0.0625  -0.347109
-0.0625  -0.348128
0.03125  -0.306014
-0.21875  -0.460542
0.0625  -0.311656
-0.03125  -0.396991
0.1875  -0.297613
-0.0625  -0.413198
-0.21875  -0.595501
-0.03125  -0.361091
0.125  -0.390581
-0.09375  -0.143006
0.09375  -0.152813
-0.15625  -0.298417
-0.03125  -0.423811
-0.03125  -0.121314
0.03125  -0.359901
0.25  -0.349519
-0.0625  -0.304518
0.09375  -0.41578
-0.0625  -0.403105
-0.09375  -0.246801
-0.09375  -0.39146
0.15625  -0.612126
-0.09375  -0.364612
0.15625  -0.155561
0.0625  -0.09923
-0.03125  -0.327472
0  -0.248734
0  -0.295739
0.21875  -0.380624
-0.03125  -0.183914
-0.28125  -0.168669
-0.03125  -0.392762
-0.21875  -0.330911
0  -0.316676
-0.15625  -0.418893
-0.375  -0.212696
0.09375  -0.231395
0  -0.472028
-0.125  -0.428253
-0.03125  -0.219864
0.21875  -0.482813
0.09375  -0.438885
0  -0.465436
0.09375  -0.267189
-0.0625  -0.228125
-0.125  -0.400763
-0.125  -0.300672
0.09375  -0.262106
0.125  -0.223234
0  -0.237494
0.1875  -0.290956
-0.09375  -0.356993
0.1875  -0.450596
-0.0625  -0.298973
-0.0625  -0.4123
-0.125  -0.174831
0.03125  -0.204305
0.15625  -0.222872
0  -0.432561
0.0625  -0.349431
-0.21875  -0.453772
0.125  -0.346585
0  -0.442969
-0.09375  -0.296294
0.0625  -0.323223
0.15625  -0.436909
-0.15625  -0.403221
-0.125  -0.479189
0.0625  -0.592549
-0.03125  -0.438239
-0.15625  -0.263095
0.0625  -0.252927
0.0625  -0.270333
-0.09375  -0.337945
-0.15625  -0.441032
-0.0625  -0.284257
0  -0.260249
-0.03125  -0.328647
0.1875  -0.308126
-0.09375  -0.259071
-0.03125  -0.495833
-0.125  -0.286611
-0.09375  -0.360362
0.125  -0.15023
-0.03125  -0.328062
0.28125  -0.344272
-0.03125  -0.362201
-0.1875  -0.302226
-0.0625  -0.290483
0.03125  -0.427021
-0.0625  -0.248663
0.0625  -0.227693
-0.09375  -0.185147
-0.0625  -0.267122
-0.03125  -0.369345
0.03125  -0.141413
-0.03125  -0.512916
-0.0625  -0.338899
0  -0.388553
-0.25  -0.436856
0.09375  -0.463916
-0.3125  -0.555077
0  -0.395756
0.03125  -0.222959
-0.15625  -0.249739
-0.03125  -0.501091
-0.03125  -0.241762
0.09375  -0.289843
0.09375  -0.343726
0.21875  -0.327111
0.09375  -0.195542
-0.03125  -0.155547
0  -0.459424
0  -0.295062
0.09375  -0.200783
0.09375  -0.44617
0.15625  -0.318392
-0.0625  -0.475816
0.03125  -0.431526
0.03125  -0.477356
-0.15625  -0.303637
0.3125  -0.597893
0.375  -0.170645
-0.15625  -0.399648
-0.03125  -0.479551
0.0625  -0.272313
0.125  -0.263934
0.0625  -0.234359
0  -0.709203
0.125  -0.453672
-0.125  -0.305409
-0.125  -0.407011
-0.09375  -0.46017
0.1875  -0.350948
-0.125  -0.294925
0.0625  -0.322294
-0.0625  -0.192006
0.0625  -0.215733
0.03125  -0.513218
-0.03125  -0.126357
-0.0625  -0.60446
0.0625  -0.180409
-0.21875  -0.464916
-0.125  -0.279385
0.09375  -0.361659
0.09375  -0.343876
-0.03125  -0.343519
0.0625  -0.378845
0.0625  -0.417945
-0.03125  -0.412134
-0.09375  -0.150506
-0.15625  -0.476555
-0.0625  -0.233484
-0.21875  -0.587289
0.0625  -0.322827
-0.34375  -0.327538
-0.15625  -0.225443
0.125  -0.0695096
0.1875  -0.143915
-0.125  -0.557544
0.21875  -0.347416
0.15625  -0.471758
-0.03125  -0.187199
0.03125  -0.493328
0.1875  -0.414814
0.125  -0.225485
0.3125  -0.0656449
0.09375  -0.232718
-0.1875  -0.201954
-0.125  -0.262113
-0.15625  -0.165269
0.03125  -0.296565
0  -0.26895
-0.09375  -0.387287
0.125  -0.207334
-0.0625  -0.192047
-0.21875  -0.265041
-0.28125  -0.335357
-0.09375  -0.260431
-0.03125  -0.230253
-0.28125  -0.271878
-0.1875  -0.190689
0.15625  -0.302992
-0.15625  -0.383773
0.125  -0.295289
0.125  -0.37781
-0.125  -0.236414
0.09375  -0.262645
0.15625  -0.137325
0.25  -0.289037
-0.03125  -0.490728
0  -0.306305
-0.21875  -0.591876
-0.09375  -0.309761
-0.09375  -0.455553
0.125  -0.377932
0  -0.165063
-0.09375  -0.274232
0.1875  -0.50202
0.09375  -0.165338
0.03125  -0.309139
-0.15625  -0.473908
-0.03125  -0.316412
0.1875  -0.291051
-0.28125  -0.237943
-0.15625  -0.25703
-0.125  -0.371026
0  -0.360768
0  -0.316092
-0.1875  -0.332528
0.09375  -0.380432
0.125  -0.226878
-0.03125  -0.348185
-0.1875  -0.43716
-0.03125  -0.555061
0.0625  -0.44888
0.1875  -0.405685
-0.3125  -0.13135
0.21875  -0.172424
-0.25  -0.371021
-0.0625  -0.365695
0.0625  -0.500937
-0.125  -0.363298
-0.03125  -0.32393
-0.0625  -0.316673
-0.125  -0.128619
0.15625  -0.322074
-0.0625  -0.37492
-0.15625  -0.424945
0.25  -0.205965
0  -0.48092
0.09375  -0.34591
-0.15625  -0.142393
0.03125  -0.232606
0.03125  -0.359894
-0.28125  -0.446133
-0.1875  -0.408589
0.15625  -0.31461
0.0625  -0.247575
-0.15625  -0.577694
0.09375  -0.370426
0.03125  -0.304953
0  -0.113424
0  -0.42977
0.03125  -0.176406
0.0625  -0.267639
-0.1875  -0.294449
0.0625  -0.1933
-0.0625  -0.423671
0.15625  -0.287953
0.09375  -0.505441
0.03125  -0.309562
0.125  -0.352505
0.0625  -0.371317
-0.09375  -0.329693
-0.03125  -0.373113
0.1875  -0.252448
0  -0.275778
-0.03125  -0.160453
-0.03125  -0.324259
0.0625  -0.204314
-0.1875  -0.241866
0.1875  -0.335242
0.21875  -0.336714
-0.21875  -0.308838
0.03125  -0.430022
-0.0625  -0.388804
-0.15625  -0.347827
-0.0625  -0.538692
0.09375  -0.544551
0.09375  -0.0377758
0.03125  -0.0689878
-0.21875  -0.522254
0  -0.336166
0.03125  -0.38879
0.1875  -0.242829
0.1875  -0.173621
0  -0.355381
-0.03125  -0.334399
-0.125  -0.217054
0.03125  -0.284587
-0.15625  -0.148551
0.15625  -0.419488
-0.125  -0.228139
0.125  -0.451909
-0.03125  -0.199873
-0.03125  -0.466091
-0.0625  -0.362764
-0.25  -0.40744
-0.1875  -0.375638
-0.03125  -0.241254
0.09375  -0.355415
0.125  -0.213636
0.03125  -0.532401
0  -0.240432
-0.1875  -0.316955
0.25  -0.447245
0.0625  -0.366522
-0.125  -0.314191
-0.21875  -0.321789
-0.125  -0.187055
-0.03125  -0.415941
0.1875  -0.436185
0.09375  -0.176177
0  -0.218112
-0.1875  -0.255861
0.0625  -0.314087
0.0625  -0.303826
-0.09375  -0.212157
-0.03125  -0.294489
0.125  -0.299067
-0.03125  -0.538914
0.03125  -0.132031
0.03125  -0.386617
0.09375  -0.332405
-0.0625  -0.304133
0.125  -0.479245
0.125  -0.4945
0.03125  -0.247368
-0.125  -0.398325
-0.09375  -0.454092
0.125  -0.315104
0.09375  -0.111512
0.21875  -0.41119
0  -0.591776
-0.28125  -0.244113
0  -0.187172
0.21875  -0.179627
0.09375  -0.432
-0.03125  -0.448916
0.0625  -0.279231
-0.0625  -0.398218
-0.1875  -0.375941
0  -0.306509
-0.21875  -0.449698
-0.15625  -0.269204
-0.15625  -0.453618
-0.0625  -0.347232
0.0625  -0.457166
0  -0.224448
0.0625  -0.425172
-0.125  -0.370363
-0.1875  -0.49708
0.25  -0.157127
0.21875  -0.14875
-0.09375  -0.1605
0.0625  -0.31465
0  -0.267691
0.0625  -0.302035
-0.03125  -0.367876
-0.03125  -0.221399
-0.1875  -0.29535
0.15625  -0.319551
0.15625  0.0736421
0.03125  -0.234663
0.0625  -0.273424
0.125  -0.277677
0.15625  -0.532785
0  -0.405883
0.09375  -0.3169
0.15625  -0.48608
-0.03125  -0.381895
-0.09375  -0.244027
0.25  -0.454116
0.03125  -0.457441
0.125  -0.370027
-0.15625  -0.494765
-0.21875  -0.413371
0.0625  -0.310466
0  -0.41365
-0.1875  -0.575529
0  -0.499853
-0.09375  -0.610378
0  -0.480479
0.09375  -0.439679
-0.0625  -0.467549
0.03125  -0.339204
0.0625  -0.325092
0  -0.35274
-0.03125  -0.392717
-0.03125  -0.379071
-0.125  -0.345491
-0.03125  -0.272195
0.09375  -0.401938
-0.09375  -0.473227
0.125  -0.24386
0.1875  -0.427239
0  -0.234749
-0.15625  -0.294764
0.03125  -0.24903
0.1875  -0.502356
0.15625  -0.415289
-0.21875  -0.256927
-0.09375  -0.389924
-0.3125  -0.276782
0.03125  -0.295018
-0.09375  -0.334376
0.03125  -0.271134
-0.1875  -0.398328
0.4375  -0.330487
0.125  -0.456765
0.0625  -0.474173
0  -0.300649
-0.125  -0.370324
-0.125  -0.214896
0.0625  -0.303507
-0.0625  -0.531528
-0.125  -0.486214
0  -0.314797
0.15625  -0.51358
0.0625  -0.244196
-0.125  -0.369148
0.09375  -0.184784
0.125  -0.367424
0.0625  -0.291314
0.03125  -0.414162
0.09375  -0.413461
0  -0.452244
0.1875  -0.372658
0  -0.508446
-0.125  -0.347731
0.21875  -0.318119
-0.125  -0.072119
0.15625  -0.337604
0.28125  -0.29976
0  -0.339214
0.03125  -0.396185
0  -0.457587
-0.125  -0.213197
0.28125  -0.129256
0.0625  -0.285565
0.0625  -0.357288
0.09375  -0.420636
-0.34375  -0.34629
0.0625  -0.365858
0  -0.499522
-0.15625  -0.314017
0.125  -0.345773
0  -0.393686
-0.21875  -0.225134
0.125  -0.356453
-0.0625  -0.321147
0  -0.501978
0.0625  -0.49071
-0.0625  -0.339793
-0.0625  -0.34012
0  -0.164927
-0.09375  -0.309082
0.125  -0.231767
0.0625  -0.312452
0.03125  -0.350087
-0.21875  -0.169625
0.0625  -0.439368
0  -0.151666
-0.09375  -0.411671
-0.0625  -0.34357
-0.03125  -0.249163
-0.21875  -0.331399
0  -0.456916
0.125  -0.285867
-0.03125  -0.289508
0  -0.512299
0.09375  -0.26412
-0.0625  -0.457645
0.09375  -0.555277
-0.0625  -0.208801
-0.125  -0.226512
-0.125  -0.237873
-0.125  -0.413821
0.09375  -0.31805
-0.03125  -0.27554
-0.03125  -0.188594
-0.0625  -0.201368
-0.125  -0.391012
-0.0625  -0.36075
-0.09375  -0.169426
0.03125  -0.155381
-0.0625  -0.456562
-0.25  -0.25169
0.15625  -0.547069
0.125  -0.203662
0  -0.235044
-0.375  -0.451983
0.09375  -0.141566
0  -0.33664
0.0625  -0.390873
0.03125  -0.311489
-0.09375  -0.263246
0.03125  -0.156699
0.15625  -0.452166
0.03125  -0.548727
0.15625  -0.345538
0.21875  -0.538248
-0.09375  -0.384636
0.0625  -0.326531
0.0625  -0.275461
-0.03125  -0.268608
0.0625  -0.30017
-0.15625  -0.362749
-0.03125  -0.481124
0.09375  -0.20862
-0.03125  -0.425097
0.03125  -0.233379
0.09375  -0.172738
0.09375  -0.393792
0  -0.399144
0.125  -0.54868
0.15625  -0.181417
0.125  -0.158602
-0.125  -0.43599
0.03125  -0.361282
-0.1875  -0.334542
0.0625  -0.263505
0.125  -0.368191
-0.09375  -0.258146
0.0625  -0.151189
0.28125  -0.362891
0.0625  -0.340902
0.09375  -0.224879
0.09375  -0.155095
0  -0.328472
-0.03125  -0.214981
0.09375  -0.283455
0.09375  -0.506373
-0.0625  -0.185013
-0.125  -0.410923
0  -0.352382
0.15625  -0.241362
0.1875  -0.422075
-0.09375  -0.251348
0.125  -0.370708
-0.0625  -0.0879335
-0.15625  -0.162065
0.0625  -0.28363
-0.21875  -0.19279
-0.03125  -0.323644
0.125  -0.483256
-0.15625  -0.534374
-0.03125  -0.596476
0.125  -0.256291
-0.15625  -0.331855
0.03125  -0.373043
-0.03125  -0.467407
-0.0625  -0.326589
0.15625  -0.337295
0.21875  -0.381193
0  -0.301288
0.03125  -0.202547
0  -0.204887
0.03125  -0.437215
0  -0.419124
-0.09375  -0.294239
0.03125  -0.14373
0.03125  -0.404598
-0.21875  -0.395811
-0.125  -0.350419
0.03125  -0.359821
-0.15625  -0.381913
0.03125  -0.430215
0.25  -0.0697093
-0.25  -0.235375
-0.1875  -0.329134
-0.0625  -0.222598
0.03125  -0.289731
-0.0625  -0.165297
0.09375  -0.205189
-0.0625  -0.324332
-0.125  -0.388684
-0.125  -0.355634
-0.15625  -0.647728
-0.0625  -0.316379
-0.25  -0.322518
0.125  -0.232575
0.03125  -0.378025
-0.0625  -0.104604
0.125  -0.288614
0.03125  -0.421452
0.03125  -0.363754
0.0625  -0.431157
-0.0625  -0.400216
0.21875  -0.265156
-0.09375  -0.366696
0  -0.33636
0.0625  -0.294843
-0.09375  -0.44956
0.09375  -0.263699
-0.03125  -0.401334
0.21875  -0.311264
0.125  -0.22476
0.25  -0.141403
-0.09375  -0.260624
0.15625  -0.364737
0.15625  -0.376037
0.0625  -0.18316
0.09375  -0.327055
0  0.026348
0  -0.23913
0.25  -0.43543
0  -0.45031
0.09375  -0.180336
-0.0625  -0.481263
-0.15625  -0.254217
0.125  -0.215751
-0.03125  -0.269841
0.1875  0.0272881
0.03125  -0.464924
0  -0.359983
0  -0.228727
-0.03125  -0.336687
0.0625  -0.224579
-0.09375  -0.453058
-0.0625  -0.474878
-0.09375  -0.263965
-0.09375  -0.178791
-0.0625  -0.133878
-0.09375  -0.234053
0.0625  -0.344256
0.15625  -0.375856
0.09375  -0.340543
0.0625  -0.226252
0.03125  -0.181516
-0.0625  -0.32261
-0.15625  -0.30365
0.25  -0.0665699
-0.125  -0.646552
0.03125  -0.295095
0.0625  -0.368305
0.03125  -0.303228
-0.0625  -0.33889
-0.09375  -0.117354
0.03125  -0.306931
0.03125  -0.283621
0.09375  -0.412017
0.125  -0.311477
-0.09375  -0.362938
0.09375  -0.273079
0.03125  -0.153105
-0.25  -0.235768
0.0625  -0.39885
-0.0625  -0.296299
0  -0.359284
0.125  -0.2941
0.15625  -0.275161
0  -0.345254
-0.125  -0.603536
0.125  -0.145538
-0.0625  -0.53936
0.21875  -0.227163
0.0625  -0.316795
0.03125  -0.260796
-0.0625  -0.373157
-0.21875  -0.436638
0  -0.240083
0.03125  -0.412348
-0.09375  -0.422567
0.1875  -0.251748
0.03125  -0.342255
0  -0.516519
0.1875  -0.350717
-0.0625  -0.260958
0  -0.445959
-0.25  -0.367744
0.125  -0.296299
0.09375  -0.323712
-0.0625  -0.201741
-0.4375  -0.338825
0  -0.15376
0.03125  -0.234648
-0.21875  -0.39308
0.125  -0.395749
0.125  -0.280772
0.1875  -0.358769
-0.0625  -0.175009
0.21875  -0.389996
0.0625  -0.428204
-0.03125  -0.224142
-0.1875  -0.314557
0.125  -0.261277
-0.0625  -0.616195
0.09375  -0.335531
0.0625  -0.432799
-0.09375  -0.508554
-0.25  -0.227429
-0.34375  -0.445522
-0.15625  -0.312908
0.1875  -0.440498
0.03125  -0.532842
-0.0625  -0.244451
0  -0.293151
0.15625  -0.139023
0.0625  -0.374456
0.0625  -0.388923
-0.0625  -0.543011
0.0625  -0.237308
-0.1875  -0.364083
0.25  -0.417236
0  -0.371532
0.0625  -0.438474
-0.15625  -0.28037
0.09375  -0.310342
0  -0.437027
0.15625  -0.276759
-0.09375  -0.385233
-0.09375  -0.315502
0  -0.484711
0.28125  -0.248651
0.09375  -0.411271
0.09375  -0.494386
-0.09375  -0.383101
-0.09375  -0.153093
0.25  -0.385605
0.0625  -0.373621
0.09375  -0.219625
0  -0.323498
-0.0625  -0.401219
0  -0.338347
0.03125  -0.47309
0  -0.265926
-0.15625  -0.533311
-0.1875  -0.501575
0.0625  -0.492622
0.0625  -0.378001
0  -0.357521
0.03125  -0.455538
-0.34375  -0.341495
0.21875  -0.336571
-0.09375  -0.0469706
-0.125  -0.176992
-0.09375  -0.264757
0.09375  -0.586778
0.0625  -0.353275
0.125  -0.587507
-0.15625  -0.590706
0.375  -0.355566
0.34375  -0.354687
-0.15625  -0.291925
0.03125  -0.330517
-0.125  -0.182101
-0.09375  -0.313946
0.03125  -0.429569
0.03125  -0.310314
0.40625  -0.275903
-0.03125  -0.268105
-0.125  -0.336272
-0.0625  -0.050974
0.03125  -0.365758
-0.03125  -0.329493
0  -0.157543
0.25  -0.247011
-0.0625  -0.352455
0.0625  -0.201263
-0.03125  -0.174208
-0.09375  -0.32279
0.1875  -0.145001
0.03125  -0.233606
-0.03125  -0.273219
0.15625  -0.253506
-0.15625  -0.201415
-0.0625  -0.541423
-0.125  -0.291016
0.09375  -0.240837
0.09375  -0.564858
-0.03125  -0.425301
-0.15625  -0.203107
-0.1875  -0.274561
0.3125  -0.214311
-0.125  -0.215578
-0.09375  -0.402224
0.125  -0.447608
0  -0.530563
0.15625  -0.432529
0.1875  -0.266914
0.125  -0.252633
0  -0.152187
-0.125  -0.261829
-0.0625  -0.350606
0.09375  -0.423697
0.09375  -0.29359
-0.03125  -0.413193
0.0625  -0.20766
0.125  -0.341226
0.15625  -0.400312
0.1875  -0.207926
0.03125  -0.350407
0.03125  -0.380649
-0.1875  -0.16197
0  -0.501241
-0.0625  -0.232517
0.03125  -0.0555435
-0.21875  -0.481497
0  -0.277397
-0.09375  -0.280294
-0.25  -0.465786
-0.0625  -0.4269
-0.21875  -0.327257
0.1875  -0.36401
-0.03125  -0.305446
0.03125  -0.223475
-0.0625  -0.312873
-0.03125  -0.31861
0.125  -0.510737
0.0625  -0.156541
-0.125  -0.330881
-0.15625  -0.551013
0.125  -0.34915
-0.125  -0.237486
0.09375  -0.385718
-0.21875  -0.430161
-0.15625  -0.393966
0.0625  -0.125897
0.1875  -0.218388
-0.125  -0.4157
-0.03125  -0.455721
0.03125  -0.30791
-0.3125  -0.274509
0.28125  -0.348486
0  -0.281914
0.1875  -0.352515
0.0625  -0.258593
0.15625  -0.33413
0.34375  -0.32854
0.15625  -0.348215
-0.09375  -0.241881
-0.1875  -0.312622
0.28125  -0.369651
0.09375  -0.320228
0.21875  -0.267534
-0.03125  -0.444942
-0.03125  -0.27936
-0.0625  -0.293024
-0.0625  -0.464842
-0.03125  -0.261651
0.125  -0.359042
0.21875  -0.337815
-0.03125  -0.126791
0.0625  -0.406581
0.1875  -0.301437
-0.125  -0.345655
0.09375  -0.134299
-0.15625  -0.456526
0.0625  -0.320836
0.03125  -0.299788
-0.125  -0.464056
0  -0.524016
-0.09375  -0.303142
0.03125  -0.176149
0.15625  -0.309657
-0.09375  -0.104096
0.0625  -0.378163
0.125  -0.254749
0.1875  -0.203173
-0.125  -0.432969
-0.09375  -0.249352
-0.1875  -0.440175
-0.125  -0.424522
-0.03125  -0.279624
-0.0625  -0.252003
-0.03125  -0.318004
0.09375  -0.399656
-0.125  -0.526051
0.25  -0.362188
-0.09375  -0.300441
0.1875  -0.229317
0  -0.311175
-0.21875  -0.333475
-0.03125  -0.459283
0.1875  -0.550923
-0.0625  -0.343204
0.09375  -0.41724
0.03125  -0.416767
-0.09375  -0.282775
0.03125  -0.523997
0.21875  -0.344031
0.125  -0.509049
0.15625  -0.178051
-0.0625  -0.342972
0.21875  -0.477943
0.375  -0.255737
-0.0625  -0.373041
0.21875  -0.370192
0.0625  -0.412161
-0.09375  -0.235506
0.25  -0.343973
-0.15625  -0.341212
-0.125  -0.446198
-0.125  -0.238845
0.15625  -0.217863
-0.0625  -0.293389
0.0625  -0.407518
-0.03125  -0.362962
0.0625  -0.333833
0.03125  -0.385412
0.09375  -0.409333
-0.0625  -0.141096
-0.15625  -0.516762
-0.03125  -0.164888
-0.125  -0.382712
-0.28125  -0.328184
-0.09375  -0.426457
0.0625  -0.225627
-0.375  -0.257033
-0.28125  -0.257049
-0.1875  -0.49423
-0.03125  -0.34911
0  -0.241483
-0.15625  -0.123507
-0.125  -0.373674
0  -0.445636
0  -0.290074
0.09375  -0.424476
0.0625  -0.313542
0.3125  -0.0843309
0  -0.300198
-0.25  -0.467072
0  -0.336852
0.125  -0.138893
0.0625  -0.212373
0.0625  -0.328882
0.03125  -0.254586
-0.1875  -0.173332
-0.0625  -0.172537
0.125  -0.210669
0.09375  -0.229999
0.03125  -0.340448
0.0625  -0.131176
0.21875  -0.400675
-0.0625  -0.214071
-0.1875  -0.392091
0.09375  -0.386349
-0.125  -0.36214
0.0625  -0.405191
0.03125  -0.302014
0.15625  -0.404304
-0.0625  -0.289088
0.03125  -0.570197
0.09375  -0.0775897
0.09375  -0.27713
0.03125  -0.350252
0.0625  -0.407023
0.0625  -0.286982
0  -0.180813
0.0625  -0.33214
0.25  -0.351255
0.3125  -0.341795
0.125  -0.340325
-0.03125  -0.525099
0.34375  -0.320586
0.0625  -0.371623
-0.15625  -0.266237
-0.03125  -0.378783
-0.09375  -0.371544
0.1875  -0.297533
-0.0625  -0.414556
0.0625  -0.217988
-0.21875  -0.29641
0.125  -0.427324
-0.0625  -0.444888
-0.1875  -0.242732
0.125  -0.345926
0.09375  -0.258865
-0.21875  -0.337248
-0.15625  -0.360217
0  -0.32373
0.125  -0.237604
-0.0625  -0.315946
0.1875  -0.570931
-0.1875  -0.390174
0.1875  -0.219441
0.0625  -0.464333
0.125  -0.177567
0  -0.326864
0  -0.505677
0.21875  -0.434586
0  -0.434635
0  -0.352524
-0.09375  -0.31982
-0.21875  -0.299556
0.03125  -0.33723
-0.09375  -0.27291
0.40625  -0.334732
0.1875  -0.364417
0.21875  -0.254454
0.09375  -0.330275
-0.09375  -0.345771
-0.09375  -0.0508906
0.0625  -0.488505
-0.0625  -0.0834935
-0.25  -0.361065
0.125  -0.319127
-0.25  -0.276593
0.15625  -0.33848
0.03125  -0.182794
-0.0625  -0.270765
0.0625  -0.342913
-0.125  -0.2368
-0.0625  -0.449391
-0.125  -0.350392
-0.15625  -0.242106
0.09375  -0.0915111
-0.0625  -0.182602
-0.15625  -0.506151
0.0625  -0.263735
0  -0.325489
-0.15625  -0.360744
0.125  -0.351801
-0.0625  -0.377809
-0.0625  -0.193337
0  -0.293682
-0.09375  -0.258445
0.0625  -0.316744
-0.125  -0.0514158
0.03125  -0.25989
-0.0625  -0.18196
-0.09375  -0.488516
0  -0.687485
0  -0.308703
0.09375  -0.269809
-0.0625  -0.261401
-0.0625  -0.310269
-0.0625  -0.433951
-0.21875  -0.383799
-0.21875  -0.317185
-0.125  -0.322719
-0.1875  -0.215898
0.15625  -0.517272
0.15625  -0.412513
-0.21875  -0.425137
-0.1875  -0.319464
0.03125  -0.240188
-0.09375  -0.137347
0.21875  -0.347353
0.15625  -0.45835
0.21875  -0.408973
0.21875  -0.572895
0.0625  -0.427907
0.15625  -0.487751
-0.0625  -0.237207
-0.0625  -0.44169
0.03125  -0.326829
-0.125  -0.435593
-0.0625  -0.320532
-0.21875  -0.201011
0.0625  -0.309278
0.3125  -0.3196
-0.125  -0.439868
0.0625  -0.346664
0.25  -0.389251
-0.125  -0.124983
0  -0.345653
0.03125  -0.279309
-0.09375  -0.321759
-0.03125  -0.357707
0  -0.370025
0.0625  -0.341756
-0.125  -0.355407
-0.0625  -0.345398
0  -0.445539
0  -0.260028
-0.03125  -0.369984
0.0625  -0.160366
-0.0625  -0.345816
0.09375  -0.15265
-0.03125  -0.107255
0.21875  -0.284106
0.03125  -0.339402
-0.03125  -0.291788
-0.1875  -0.0251172
-0.09375  -0.390603
-0.125  -0.271089
-0.15625  -0.200342
0.0625  -0.340719
-0.09375  -0.386755
0.03125  -0.456648
-0.25  -0.293881
0.0625  -0.654757
0.1875  -0.310182
-0.15625  -0.466083
0.125  -0.328141
0.09375  -0.323968
0  -0.314484
0.0625  -0.325633
0.03125  -0.390746
0  -0.423378
-0.125  -0.267257
0.3125  -0.274105
0.15625  -0.446602
0  -0.376539
-0.09375  -0.579865
-0.15625  -0.292508
-0.125  -0.497465
0.15625  -0.285573
-0.03125  -0.329356
-0.03125  -0.561166
0.125  -0.35843
-0.21875  -0.149938
-0.03125  -0.229649
0.3125  -0.0216674
0  -0.260038
-0.03125  -0.502646
-0.125  -0.186791
-0.40625  -0.414507
0  -0.398738
-0.09375  -0.032579
-0.09375  -0.288506
0  -0.331714
0.125  -0.181305
-0.0625  -0.486519
0.0625  -0.15028
-0.15625  -0.451811
-0.09375  -0.247568
0.1875  -0.383883
0.25  -0.282309
0.03125  -0.558772
-0.1875  -0.45978
-0.0625  -0.397405
0  -0.5078
-0.21875  -0.315532
0.03125  -0.490598
0.28125  -0.205051
0  -0.363661
0  -0.324871
0  -0.289227
-0.03125  -0.392684
-0.25  -0.352656
0.09375  -0.252273
0.125  -0.375588
-0.0625  -0.386394
0.09375  -0.312184
0.0625  -0.571227
0.03125  -0.398721
-0.125  -0.309607
-0.1875  -0.4856
-0.25  -0.360469
0  -0.393548
0.03125  -0.235743
-0.1875  -0.25145
-0.125  -0.600015
0  -0.226101
0.1875  -0.270237
0.125  -0.425289
0.3125  -0.51718
-0.21875  -0.539352
-0.15625  -0.284806
-0.15625  -0.355449
0.09375  -0.209904
-0.28125  -0.360341
0.15625  -0.276673
-0.25  -0.33178
0.03125  -0.137432
-0.21875  -0.22232
0.125  -0.605319
0.09375  -0.206641
0.03125  -0.411787
0.25  -0.300065
0.15625  -0.30847
-0.25  -0.21557
0.09375  -0.25796
0  -0.432786
0.21875  -0.238875
0.0625  -0.254093
0.125  -0.337987
0.03125  -0.373756
0.0625  -0.318565
0.03125  -0.0687109
-0.0625  -0.453961
0.03125  -0.410979
-0.25  -0.189478
0.21875  -0.405603
0.09375  -0.216777
0.0625  -0.317479
0  -0.272331
-0.1875  -0.154083
-0.03125  -0.250575
-0.125  -0.417867
0  -0.4379
0.09375  -0.427941
0.125  -0.464476
0.03125  -0.226226
0.125  -0.29549
0.125  -0.449022
-0.0625  -0.263329
0.03125  -0.630149
0.03125  -0.438815
-0.09375  -0.362107
0.0625  -0.268029
0.15625  -0.378963
0.125  -0.370308
-0.15625  -0.360509
0  -0.274053
0.1875  -0.219289
0.15625  -0.33575
0.0625  -0.363248
0.125  -0.314447
0.09375  -0.267229
0.03125  -0.146753
-0.0625  -0.326148
-0.125  -0.150577
0.03125  -0.406392
-0.0625  -0.402634
-0.28125  -0.290223
-0.0625  -0.489209
0.15625  -0.213673
-0.03125  -0.393226
0.1875  -0.393333
-0.09375  -0.283418
0.0625  -0.330578
-0.0625  -0.325484
-0.125  -0.212782
0.09375  -0.35944
0.0625  -0.416712
0.09375  -0.341271
-0.125  -0.216064
-0.0625  -0.205494
0.09375  -0.354159
0.15625  -0.5503
0.03125  -0.266745
-0.125  -0.335065
0.15625  -0.381748
-0.0625  -0.376823
0.1875  -0.273225
-0.15625  -0.37045
-0.03125  -0.483951
0  -0.470093
-0.28125  -0.448884
-0.21875  -0.189308
0.0625  -0.43279
0.28125  -0.241492
0.09375  -0.388014
-0.09375  -0.263139
0.03125  -0.20402
0.03125  -0.544906
0  -0.462606
-0.15625  -0.498745
-0.0625  -0.454426
0.03125  -0.346928
0.09375  -0.422188
-0.0625  -0.317102
-0.03125  -0.294913
-0.09375  -0.454098
-0.15625  -0.548611
-0.15625  -0.180277
-0.125  -0.24038
-0.03125  -0.295947
-0.03125  -0.39586
0.03125  -0.221887
0.21875  -0.267595
-0.0625  -0.265479
0.03125  -0.501268
-0.03125  -0.459568
-0.125  -0.443471
0.03125  -0.27906
-0.03125  -0.334421
0  -0.359472
-0.125  -0.142939
0.21875  -0.260287
0.25  -0.225647
0.1875  -0.381235
-0.03125  -0.43513
0.09375  -0.330624
-0.25  -0.458226
0.15625  -0.411996
0  -0.111253
0.125  -0.243178
0  -0.570847
0.0625  -0.231397
0.3125  -0.366601
-0.03125  -0.227101
-0.15625  -0.309165
-0.09375  -0.181207
0.3125  -0.323243
-0.03125  -0.287915
0  -0.255785
-0.0625  -0.338664
-0.28125  -0.39105
-0.125  -0.433261
0  -0.418313
0  -0.191503
-0.03125  -0.366817
0.0625  -0.593207
0.03125  -0.422879
-0.15625  -0.393942
0.21875  -0.217671
-0.03125  -0.337908
0.21875  -0.525752
0.21875  -0.434551
-0.1875  -0.332296
0  -0.514309
-0.28125  -0.35297
-0.125  -0.266649
0.21875  -0.216484
0.28125  -0.390241
-0.03125  -0.395332
0.1875  -0.416505
0.03125  -0.501915
-0.0625  -0.316809
-0.0625  -0.377359
-0.125  -0.408321
-0.0625  -0.292457
0  -0.270391
0.125  -0.534853
0.28125  -0.326957
0.1875  -0.28823
0.125  -0.342078
-0.03125  -0.170628
-0.09375  -0.291566
-0.0625  -0.309637
0.03125  -0.493417
0.03125  -0.381955
-0.125  -0.281211
0.125  -0.259489
0.21875  -0.386904
-0.125  -0.370419
-0.15625  -0.467109
0  -0.483986
-0.0625  -0.253556
-0.09375  -0.378125
-0.03125  -0.40936
-0.09375  -0.439338
-0.03125  -0.184354
0  0.0182996
-0.0625  -0.0894348
0.09375  -0.432704
-0.03125  -0.370528
-0.15625  -0.384656
-0.15625  -0.396072
0.0625  -0.0612699
0.03125  -0.0946186
0.21875  -0.195783
-0.15625  -0.337764
-0.0625  -0.523578
0.125  -0.109106
0.09375  -0.226207
0.15625  -0.375524
0.15625  -0.315128
-0.03125  -0.195226
0.15625  -0.318281
0  -0.28687
0  -0.298899
-0.0625  -0.380048
0.03125  -0.541949
-0.21875  -0.4543
-0.15625  -0.280181
0.03125  -0.210037
-0.0625  -0.220589
0.03125  -0.428578
0.125  -0.310692
0.03125  -0.199423
0.03125  -0.208473
-0.03125  -0.295458
0.15625  -0.338328
-0.03125  -0.174759
-0.0625  -0.224389
-0.125  -0.409719
-0.0625  -0.187876
0.09375  -0.445371
-0.1875  -0.351349
0.15625  -0.251008
-0.03125  -0.177334
-0.0625  -0.167124
0.1875  -0.524159
-0.03125  -0.187189
-0.03125  -0.260498
0  -0.256098
0.03125  -0.153365
0.125  -0.108699
0.03125  -0.511063
-0.15625  -0.427741
0.03125  -0.342044
-0.28125  -0.257692
0.0625  -0.433218
-0.21875  -0.0941096
0.03125  -0.418352
0.15625  -0.213984
0.0625  -0.412324
0.0625  -0.130573
0  -0.290713
0.125  -0.287675
-0.0625  -0.388766
-0.09375  -0.279194
-0.09375  -0.315781
-0.1875  -0.361945
0.03125  -0.50723
0.03125  -0.528691
-0.15625  -0.258683
0.15625  -0.358997
-0.0625  -0.392879
0.0625  -0.250238
0.125  -0.244311
0.15625  -0.265457
0  -0.266066
0.09375  -0.146527
0.09375  -0.323706
-0.03125  -0.197778
-0.28125  -0.481516
0.0625  -0.313518
0.40625  -0.43252
0.0625  -0.408139
-0.15625  -0.252712
-0.0625  -0.318701
0.125  -0.176187
0.0625  -0.264184
-0.0625  -0.391838
0  -0.300747
-0.03125  -0.210001
-0.21875  -0.474686
0.0625  -0.409204
0.09375  -0.490797
-0.09375  -0.404372
-0.03125  -0.425566
0.15625  -0.420184
-0.25  -0.178342
-0.15625  -0.239044
0.0625  0.0435408
0.1875  -0.30407
0.09375  -0.308626
-0.03125  -0.34191
-0.09375  -0.429937
-0.09375  -0.442586
-0.15625  -0.204951
0.125  -0.328101
-0.09375  -0.386142
0.0625  -0.128425
0.0625  -0.265326
0.09375  -0.441959
0.15625  -0.0497091
0.0625  -0.530656
-0.125  -0.318371
-0.21875  -0.378965
0  -0.332548
0.09375  -0.367472
-0.15625  -0.493865
0.0625  -0.247097
0.125  -0.118894
0.125  -0.417828
0.1875  -0.275816
0.125  -0.588611
0.1875  -0.282535
0.09375  -0.4313
-0.21875  -0.250695
-0.15625  -0.417081
-0.09375  -0.157087
-0.15625  -0.398133
-0.1875  -0.349308
0.28125  -0.372011
-0.125  -0.363494
0.1875  -0.338764
-0.1875  -0.347648
0.21875  -0.135461
0.125  -0.345018
0.09375  -0.503474
0.0625  -0.143518
0.21875  -0.365944
0.34375  -0.266146
0.03125  -0.454629
-0.0625  -0.394708
-0.09375  -0.467146
-0.3125  -0.406839
-0.28125  -0.222948
0.09375  -0.236077
-0.15625  -0.236545
0.21875  -0.340626
-0.03125  -0.477732
0.125  -0.391857
0.125  -0.204322
-0.15625  -0.203706
-0.125  -0.44566
-0.09375  -0.402357
-0.15625  -0.434054
-0.03125  -0.223765
0.125  -0.301478
-0.03125  -0.300729
0.1875  -0.432743
0  -0.419078
0  -0.229366
0.03125  -0.379584
0.09375  -0.342768
0.3125  -0.330895
-0.03125  -0.26542
0.09375  -0.408213
-0.21875  -0.289603
0.125  -0.321967
0.21875  -0.156165
0.1875  -0.220266
0.09375  -0.349431
0.25  -0.454042
0  -0.374997
-0.03125  -0.139873
-0.0625  -0.411752
0.125  -0.534434
0.3125  -0.358051
-0.25  -0.248234
0  -0.361024
-0.1875  -0.188478
-0.21875  -0.0533824
0.0625  -0.326748
0.1875  -0.343051
0.25  -0.271286
-0.125  -0.452834
-0.03125  -0.415822
0.1875  -0.279915
-0.0625  -0.350546
0.09375  -0.447213
0.375  -0.292746
0.21875  -0.41371
-0.03125  -0.332032
-0.0625  -0.17536
0.03125  -0.302991
0.03125  -0.413253
-0.125  -0.447573
-0.125  -0.235665
-0.125  -0.341738
-0.25  -0.316583
-0.03125  -0.284343
-0.0625  -0.341989
0.0625  -0.374031
-0.125  -0.279928
-0.125  -0.0798178
0  -0.105378
-0.09375  -0.368414
-0.15625  -0.452686
0.125  -0.250459
0.09375  -0.28196
-0.03125  -0.190708
-0.125  -0.351612
0.1875  -0.423939
-0.125  -0.391642
-0.03125  -0.116507
0.28125  -0.330026
0.09375  -0.356664
-0.0625  -0.329414
-0.1875  -0.186652
0.09375  -0.272919
-0.09375  -0.385329
-0.3125  -0.263179
-0.15625  -0.375823
-0.21875  -0.179795
-0.09375  -0.423867
0.03125  -0.513614
-0.25  -0.365536
-0.0625  -0.332844
0.09375  -0.226767
0.09375  -0.288369
0.03125  -0.243551
-0.0625  -0.374556
0.15625  -0.235331
-0.15625  -0.358665
-0.0625  -0.425484
0.0625  -0.219575
-0.3125  -0.306067
0.21875  -0.16777
-0.0625  -0.363906
0.15625  -0.409942
0.0625  -0.374417
0  -0.345596
-0.125  -0.134659
0.03125  -0.529615
-0.21875  -0.270785
0.21875  -0.534901
-0.0625  -0.418968
-0.0625  -0.239385
0.03125  -0.314763
-0.0625  -0.453412
-0.15625  -0.539023
0.125  -0.0177874
-0.125  -0.237228
-0.15625  -0.328743
0.15625  -0.374733
-0.15625  -0.228507
0.15625  -0.228826
-0.03125  -0.321832
0.1875  -0.405709
0.03125  -0.240663
0.0625  -0.205414
0.03125  -0.303647
-0.09375  -0.227407
-0.0625  -0.439668
-0.09375  -0.360394
0.15625  -0.10322
0.09375  -0.164385
0.03125  -0.211529
-0.125  -0.363776
-0.0625  -0.454858
0  -0.308028
0.09375  -0.218093
0.09375  -0.477784
-0.03125  -0.382557
0  -0.239438
0.125  -0.157059
0  -0.335559
0.25  -0.361648
-0.03125  -0.142542
0.0625  -0.335118
-0.03125  -0.378745
0.0625  -0.362741
-0.0625  -0.25399
-0.0625  -0.20368
-0.28125  -0.303138
0.03125  -0.516181
0  -0.383869
0.15625  -0.398369
0.15625  -0.273583
-0.1875  -0.426764
0.0625  -0.485205
-0.09375  -0.184222
0.0625  -0.365582
0.21875  -0.349718
-0.09375  -0.284488
0.09375  -0.41103
0.03125  -0.621069
-0.03125  -0.451376
0.09375  -0.262155
-0.0625  -0.43228
0.125  -0.345814
0.21875  -0.359121
-0.03125  -0.181219
-0.0625  -0.412592
0.0625  -0.28951
0.09375  -0.307605
-0.125  -0.466165
-0.09375  -0.122384
0.1875  -0.309294
-0.21875  -0.442988
0.15625  -0.347757
-0.03125  -0.354808
0.09375  -0.381223
-0.03125  -0.448246
0.09375  -0.387013
-0.15625  -0.380702
-0.28125  -0.1328
0.15625  -0.434421
0.1875  -0.287573
-0.15625  -0.473806
-0.15625  -0.156963
-0.03125  -0.351364
-0.15625  -0.328484
0.0625  -0.249804
-0.03125  -0.169006
0.1875  -0.536325
-0.125  -0.468545
-0.03125  -0.428272
0.03125  -0.448514
0.0625  -0.341207
0.15625  -0.356206
0.03125  -0.569066
-0.03125  -0.128806
0.1875  -0.299867
0.09375  -0.354101
-0.0625  -0.329588
-0.0625  -0.391629
0.03125  -0.395668
0.21875  -0.338787
0  -0.278664
0.03125  -0.180603
-0.1875  -0.444634
-0.03125  -0.159835
0.09375  -0.478722
0.1875  -0.221299
-0.21875  -0.2752
0.09375  -0.191629
-0.125  -0.268874
0  -0.34771
-0.125  -0.354279
0.09375  -0.372998
-0.03125  -0.351601
0.125  -0.462052
0.15625  -0.0980389
0.25  -0.335326
0  -0.267361
-0.125  -0.328775
-0.125  -0.375343
0.15625  -0.254389
0.0625  -0.182201
0.0625  -0.56301
-0.0625  -0.164899
0.25  -0.396015
0.0625  -0.376347
0.03125  -0.254926
0.0625  -0.278909
0  -0.378163
-0.125  -0.0807602
0.1875  -0.484681
-0.09375  -0.25815
-0.34375  -0.340528
-0.25  -0.359713
0.125  -0.458726
-0.03125  -0.299648
-0.125  -0.272899
-0.1875  -0.537099
0  -0.443755
0.0625  -0.427568
0.03125  -0.23944
-0.03125  -0.394804
0.09375  -0.414329
0.15625  -0.346177
-0.1875  -0.517154
-0.125  -0.337285
-0.09375  -0.412095
0.09375  -0.499191
0.25  -0.447889
-0.1875  -0.395213
0  -0.429371
-0.0625  -0.220819
0  -0.422163
0.0625  -0.369873
-0.03125  -0.292414
0.03125  -0.383922
-0.0625  -0.42067
-0.125  -0.113299
-0.15625  -0.257983
-0.15625  -0.358949
-0.15625  -0.415161
-0.15625  -0.560447
-0.21875  -0.412285
0.15625  -0.257336
-0.125  -0.272375
-0.15625  -0.351684
-0.03125  -0.226626
0  -0.329796
0.0625  -0.372439
0.125  -0.330379
-0.0625  -0.375346
0.1875  -0.0918099
-0.125  -0.208197
0.15625  -0.328577
0  -0.25203
0.03125  -0.359408
0.0625  -0.364399
0.09375  -0.213015
-0.03125  -0.112531
-0.0625  -0.493497
0.03125  -0.373044
-0.03125  -0.458228
0.1875  -0.203887
0.15625  -0.514533
-0.21875  -0.456156
-0.0625  -0.287147
0.15625  -0.359003
-0.0625  -0.304957
-0.09375  -0.447524
0.125  -0.327766
-0.1875  -0.384935
-0.25  -0.233493
-0.25  -0.220418
0.03125  -0.267145
0.03125  -0.363469
-0.125  -0.153363
0.125  -0.152782
-0.28125  -0.386071
-0.15625  -0.359839
0.09375  -0.472601
0.09375  -0.211391
-0.28125  -0.301769
0.03125  -0.419149
0  -0.253653
0.0625  -0.449621
0.1875  -0.284539
0  -0.294148
0.03125  -0.282895
0.1875  -0.195476
0.03125  -0.30604
-0.21875  -0.431211
0  -0.657463
0.03125  -0.162212
0.03125  -0.368795
0.03125  -0.250023
0.125  -0.404397
0  -0.290453
-0.09375  -0.592222
0.03125  -0.33706
0.09375  -0.379778
0.21875  -0.150062
0.03125  -0.488326
-0.125  -0.471922
-0.28125  -0.399188
0.0625  -0.454645
0.15625  -0.250766
0.15625  -0.407683
-0.03125  -0.37472
0.125  -0.40096
-0.125  -0.427942
0.1875  -0.140594
-0.21875  -0.261717
-0.125  -0.379045
-0.0625  -0.372405
-0.0625  -0.417464
0.1875  -0.343541
0.15625  -0.297005
-0.28125  -0.200908
-0.1875  -0.293055
-0.1875  -0.405595
-0.125  -0.267543
-0.0625  -0.297284
-0.0625  -0.239997
0.03125  -0.244821
0  -0.313208
0  -0.371942
-0.15625  -0.187306
0.03125  -0.391539
-0.1875  -0.287191
0.25  -0.339373
-0.125  -0.300911
0.0625  -0.237163
-0.1875  -0.414186
-0.21875  -0.598432
0.09375  -0.364942
-0.25  -0.3366
-0.25  -0.238952
0.0625  -0.422603
0.03125  -0.372843
0.03125  -0.443479
-0.03125  -0.450014
-0.03125  -0.458187
0.09375  -0.412544
-0.09375  -0.354252
0.03125  -0.29079
-0.1875  -0.3214
-0.125  -0.152497
0.09375  -0.299067
-0.25  -0.447909
0.03125  -0.403359
0  -0.381569
-0.0625  -0.36485
-0.09375  -0.347313
0  -0.239478
0.125  -0.450314
-0.0625  -0.348085
-0.25  -0.434446
-0.09375  -0.319401
-0.125  -0.203002
0.03125  -0.306773
-0.15625  -0.273718
-0.15625  -0.345573
-0.09375  -0.154918
-0.03125  -0.144739
-0.125  -0.273995
-0.0625  -0.369341
-0.09375  -0.253132
-0.15625  -0.275864
0.0625  -0.589119
-0.1875  -0.471064
-0.0625  -0.257244
-0.1875  -0.328802
-0.15625  -0.306209
0  -0.0840832
0.15625  -0.294563
-0.125  -0.411096
0.28125  -0.508936
-0.03125  -0.295054
0.03125  -0.0994208
0  -0.413173
0.15625  -0.370275
0.03125  -0.470908
0.03125  -0.192697
0.09375  -0.347068
0.125  -0.267938
-0.03125  -0.430827
-0.09375  -0.263397
-0.46875  -0.372497
0.125  -0.393632
-0.0625  -0.164649
0.25  -0.257668
0.0625  -0.242573
-0.15625  -0.331951
0.0625  -0.239632
-0.09375  -0.284799
0.03125  -0.417732
-0.0625  -0.324251
0  -0.474511
0.03125  -0.432582
-0.1875  -0.211814
-0.0625  -0.43161
0.03125  -0.352455
-0.09375  -0.146466
-0.0625  -0.399614
-0.03125  -0.394462
-0.03125  -0.343334
-0.09375  -0.475955
0.125  -0.221586
0.125  -0.256023
0  -0.403398
-0.15625  -0.290103
0.125  -0.20921
0.125  -0.496255
0.0625  -0.393504
0  -0.353897
-0.1875  -0.330433
0.09375  -0.414724
-0.0625  -0.366185
-0.21875  -0.0806516
-0.21875  -0.336382
-0.09375  -0.179141
0.09375  -0.241448
0.09375  -0.38164
-0.1875  -0.354527
0  -0.576605
0.09375  -0.382487
-0.03125  -0.37646
-0.15625  -0.395861
-0.1875  -0.508813
-0.3125  -0.408953
0.1875  -0.295149
0.25  -0.496916
0.15625  -0.388431
-0.15625  -0.374633
-0.21875  -0.488731
0.1875  -0.434668
0.03125  -0.334207
-0.15625  -0.343645
0.28125  -0.441908
-0.0625  -0.361058
0.125  -0.477274
0.125  -0.298445
0.125  -0.503817
0  -0.351633
0  -0.401156
0.1875  -0.184005
0.125  -0.290586
0.03125  -0.349875
-0.09375  -0.266126
0  -0.157706
0  -0.108858
0  -0.37128
0.03125  -0.317487
-0.0625  -0.448272
-0.03125  -0.265943
0.125  -0.438223
-0.125  -0.389467
0.09375  -0.486154
0.125  -0.417614
0.1875  -0.151803
-0.03125  -0.395204
-0.15625  -0.362744
-0.09375  -0.452218
0  -0.37191
0.09375  -0.263039
0.15625  -0.42424
0.125  -0.410363
0.21875  -0.319261
-0.1875  -0.484502
0.0625  -0.388234
-0.15625  -0.406056
-0.03125  -0.242807
0.25  -0.315143
0.21875  -0.30416
0.15625  -0.354677
0.03125  -0.402484
-0.15625  -0.284805
-0.15625  -0.377994
0.03125  -0.409216
0.03125  -0.314938
-0.03125  -0.249217
0.09375  -0.327298
0.125  -0.455057
0.25  -0.328576
-0.0625  -0.284484
-0.03125  -0.0999228
0.1875  -0.454494
0.21875  -0.274203
0  -0.342531
0.1875  -0.438263
0.15625  -0.367413
-0.15625  -0.516452
0.125  -0.274937
-0.03125  -0.227267
0  -0.512202
0.03125  -0.293975
-0.03125  -0.21098
-0.0625  -0.171131
0.25  -0.168579
-0.09375  -0.378866
0.21875  -0.40808
0.15625  -0.223505
0.0625  -0.395037
0.0625  -0.422353
-0.15625  -0.349755
0.15625  -0.37625
-0.0625  -0.445299
0.0625  -0.364793
0  -0.201411
-0.09375  -0.372686
-0.03125  -0.403701
-0.15625  -0.345543
-0.21875  -0.109036
0.3125  -0.3547
0.03125  -0.320507
-0.09375  -0.337395
0.15625  -0.455585
0.0625  -0.246177
0  -0.358616
-0.125  -0.312979
0.09375  -0.281279
-0.09375  -0.496262
-0.25  -0.455053
0.28125  -0.465983
0.09375  -0.365263
-0.21875  -0.422801
0  -0.188469
0.1875  -0.344062
0.0625  -0.2958
-0.21875  -0.383977
-0.03125  -0.329515
-0.0625  -0.259537
0.0625  -0.0132634
-0.125  -0.358676
-0.34375  -0.430215
-0.1875  -0.450726
-0.09375  -0.0168027
-0.125  -0.423975
0.09375  -0.432691
-0.03125  -0.234337
-0.15625  -0.263498
-0.09375  -0.346434
-0.21875  -0.25116
0.0625  -0.405191
-0.03125  -0.338017
-0.15625  -0.305064
-0.09375  -0.320729
-0.0625  -0.424439
0.03125  -0.190511
0.03125  -0.420784
-0.03125  -0.396961
0.1875  -0.447348
-0.375  -0.401055
-0.21875  -0.252689
0.03125  -0.321958
0.09375  -0.312905
0.0625  -0.515725
0.09375  -0.331887
0.1875  -0.388552
0.125  -0.337546
0  -0.581453
0.125  -0.578309
0.09375  -0.315989
0.03125  -0.431509
0.125  -0.375918
0.03125  -0.283295
-0.15625  -0.29578
0.09375  -0.406316
-0.09375  -0.283243
-0.03125  -0.33967
0.125  -0.108035
0.03125  -0.283113
0  -0.65291
0.1875  -0.383694
0.21875  -0.629094
-0.1875  -0.37033
0.03125  -0.249185
-0.28125  -0.320785
0.125  -0.0784956
0.125  -0.234084
-0.09375  -0.22847
-0.15625  -0.401306
0.03125  -0.216376
0.0625  -0.4352
0  -0.33672
-0.25  -0.290666
-0.0625  -0.450032
-0.1875  -0.421353
0.1875  -0.276681
-0.1875  -0.38896
0.28125  -0.355632
0.03125  -0.352071
0.09375  -0.419169
-0.0625  -0.279608
-0.125  -0.303687
-0.09375  -0.174641
0.03125  -0.451852
-0.0625  -0.349145
-0.125  -0.318437
0  -0.264525
0.0625  -0.196139
0.15625  -0.438791
0.03125  -0.370881
0.03125  -0.421714
-0.03125  -0.23571
0.0625  -0.253223
0.0625  -0.2012
0.09375  -0.334439
0.09375  -0.255621
0.09375  -0.659956
0  -0.259892
-0.03125  -0.357459
-0.09375  -0.281918
0.03125  -0.575478
0.09375  -0.290972
-0.09375  -0.381433
0.1875  -0.201257
0.25  -0.386959
-0.09375  -0.383946
-0.09375  -0.485913
0.09375  -0.287389
-0.0625  -0.278338
0.0625  -0.451402
-0.15625  -0.433042
0.0625  -0.443891
0.15625  -0.329944
-0.21875  -0.423394
-0.1875  -0.249166
-0.09375  -0.329739
0.09375  -0.189946
-0.03125  -0.256308
-0.125  -0.349302
-0.0625  -0.497146
-0.34375  -0.339606
-0.1875  -0.507434
0.03125  -0.330987
-0.0625  -0.224785
0.1875  -0.264391
0.125  -0.368432
0.125  -0.306128
-0.03125  -0.450973
-0.15625  -0.251602
0.125  -0.233593
0.25  -0.250389
-0.0625  -0.282783
-0.21875  -0.164372
0.03125  -0.266441
0  -0.278606
-0.0625  -0.315622
-0.15625  -0.44757
0  -0.298284
0.09375  -0.383515
0.09375  -0.431073
-0.03125  -0.235231
-0.125  -0.141054
-0.0625  -0.284454
-0.21875  -0.230922
-0.03125  -0.270708
0.25  -0.558012
-0.3125  -0.394064
0.0625  -0.351142
0.0625  -0.149873
0.0625  -0.485117
0.09375  -0.443588
0.15625  -0.553945
-0.21875  -0.476959
0.09375  -0.304268
0.03125  -0.448741
0.0625  -0.274654
-0.03125  -0.296062
0.0625  -0.119513
-0.03125  -0.317807
0.0625  -0.545404
-0.0625  -0.284166
0.03125  -0.207828
0.1875  -0.573233
0.125  -0.459475
-0.125  -0.43364
0.0625  -0.67932
-0.1875  -0.242471
0.03125  -0.298374
0.03125  -0.125858
0.15625  -0.271897
0  -0.358122
-0.09375  -0.493542
0  -0.484646
-0.21875  -0.298938
0.15625  -0.231584
0.09375  -0.294108
0.1875  -0.262564
-0.125  -0.444506
-0.0625  -0.170261
-0.125  -0.437428
0.125  -0.202993
-0.09375  -0.288323
-0.0625  -0.49148
0.03125  -0.432668
-0.03125  -0.224106
-0.1875  -0.44358
0  -0.174282
0.03125  -0.0644236
0.09375  -0.288823
0  -0.121118
-0.03125  -0.444711
-0.15625  -0.284548
-0.09375  -0.327126
-0.25  -0.229126
0.03125  -0.425476
0.0625  -0.290615
0  -0.22706
0.03125  -0.454349
-0.15625  -0.333381
-0.125  -0.279419
-0.28125  -0.522306
-0.125  -0.412523
-0.1875  -0.318933
-0.0625  -0.460865
0  -0.451269
-0.125  -0.364418
0.09375  -0.389237
-0.1875  -0.191986
-0.0625  -0.359895
-0.15625  -0.131664
-0.03125  -0.401736
0.375  -0.505381
0.03125  -0.341644
-0.0625  -0.314053
0.09375  -0.388529
0.09375  -0.453011
0.125  -0.214925
0.03125  -0.299084
-0.0625  -0.200812
0  -0.239293
0.03125  -0.0743012
0.09375  -0.357837
0.09375  -0.324428
-0.09375  -0.421617
-0.125  -0.327537
-0.25  -0.101745
0.0625  -0.276241
0.03125  -0.276344
-0.34375  -0.431114
0.03125  -0.410567
-0.21875  -0.23276
0.09375  -0.151948
0.03125  -0.372815
0  -0.258601
0.09375  -0.13752
0.1875  -0.229994
-0.15625  -0.303015
0.0625  -0.441754
-0.0625  -0.352249
0.0625  -0.234941
0.0625  -0.319702
0.09375  -0.215121
0.09375  -0.490744
-0.0625  -0.422905
-0.1875  -0.211599
0.03125  -0.444242
-0.09375  -0.342906
0.03125  -0.417196
0.125  -0.552379
-0.09375  -0.229584
-0.0625  -0.461083
0  -0.458831
-0.1875  -0.342081
0.0625  -0.318063
0.0625  -0.25933
0.03125  -0.331516
-0.28125  -0.502213
0.15625  -0.342804
0.03125  -0.264508
0.125  -0.266188
0.125  -0.321404
-0.3125  -0.499306
-0.0625  -0.233844
-0.15625  -0.31074
0.1875  -0.565405
-0.125  -0.289406
-0.28125  -0.323928
-0.03125  -0.338696
-0.0625  -0.33659
0.0625  -0.219081
0.03125  -0.227593
-0.125  -0.301114
-0.0625  -0.342572
-0.15625  -0.429942
0.0625  -0.179537
0.09375  -0.353323
-0.21875  -0.58561
-0.03125  -0.314932
0.09375  -0.208425
0.21875  -0.348953
-0.0625  -0.348566
0.03125  -0.177823
-0.1875  -0.508988
-0.03125  -0.341826
0.0625  -0.477506
0.21875  -0.273524
0.125  -0.534635
-0.0625  -0.357188
0.125  -0.413776
-0.03125  -0.352494
-0.21875  -0.221006
0.0625  -0.436394
0.15625  -0.315362
0.09375  -0.397066
0.03125  -0.476976
-0.25  -0.324671
-0.21875  -0.297178
-0.1875  -0.0704468
-0.03125  -0.511442
0  -0.287807
-0.1875  -0.320609
0.3125  -0.349339
0.03125  -0.153567
0  -0.157589
0.03125  -0.270578
-0.03125  -0.426759
0  -0.150286
0.21875  -0.238557
0  -0.339178
-0.03125  -0.332817
-0.125  -0.0781155
-0.0625  -0.356848
-0.0625  -0.280134
-0.03125  -0.345667
-0.125  -0.448612
-0.0625  -0.336553
-0.1875  -0.332522
0.0625  -0.235554
0  -0.0868896
-0.34375  -0.307704
0.03125  -0.510042
-0.125  -0.342988
-0.0625  -0.608382
0.03125  -0.3767
-0.125  -0.525049
-0.03125  -0.263504
-0.21875  -0.371276
0.03125  -0.253604
-0.09375  -0.417115
-0.125  -0.275128
-0.09375  -0.347113
-0.125  -0.322307
-0.125  -0.314022
0.21875  -0.502048
-0.125  -0.446461
-0.09375  -0.128378
0.28125  -0.343539
-0.03125  -0.445835
0  -0.320426
0.03125  -0.441612
-0.21875  -0.512186
-0.09375  -0.296431
-0.125  -0.426655
0.03125  -0.507453
-0.25  -0.332616
-0.15625  -0.275017
-0.09375  -0.407876
0.09375  -0.42355
0.15625  -0.410483
0  -0.38327
-0.09375  -0.331266
-0.15625  -0.285607
0.0625  -0.2642
0.125  -0.323867
0.0625  -0.270301
-0.15625  -0.470522
0.0625  -0.402069
0.03125  -0.239403
0.0625  -0.246402
0.09375  -0.111484
0  -0.335404
-0.09375  -0.277026
0.09375  -0.236723
-0.09375  -0.322527
0.15625  -0.490505
0.1875  -0.456789
0.03125  -0.340448
0.15625  -0.323241
0.21875  -0.250494
-0.09375  -0.54153
-0.25  -0.303701
0.0625  -0.505526
0.03125  -0.501521
0.0625  -0.297694
-0.0625  -0.187455
0.0625  -0.280857
-0.15625  -0.37187
0.21875  -0.341879
0.1875  -0.449878
0.0625  -0.353825
-0.1875  -0.123884
-0.03125  -0.360633
-0.03125  -0.248371
0.09375  -0.610811
0.25  -0.214394
-0.09375  -0.582275
0  -0.39035
-0.125  -0.299123
-0.1875  -0.277915
-0.125  -0.368992
-0.03125  -0.640071
0.1875  -0.409673
-0.09375  -0.467039
-0.1875  -0.301588
-0.09375  -0.312619
-0.09375  -0.341261
0.0625  -0.103279
0.25  -0.403408
-0.125  -0.322107
0.15625  -0.193373
-0.03125  -0.24595
0.125  -0.158963
0.0625  -0.492669
-0.1875  -0.407938
0.15625  -0.0632506
0.0625  -0.494691
0.03125  -0.410486
-0.0625  0.00335787
-0.15625  -0.022845
-0.15625  -0.444211
0.125  -0.303939
-0.03125  -0.556948
0  -0.326657
0  -0.49361
0.0625  -0.370782
0.25  -0.379453
-0.09375  -0.271941
0.09375  -0.400627
-0.09375  -0.239889
0.03125  -0.399297
0.125  -0.0398618
0.21875  -0.331702
-0.0625  -0.316732
0  -0.459154
0.09375  -0.386797
-0.15625  -0.413317
0.25  -0.325111
-0.03125  -0.322036
0.15625  -0.462804
0.125  -0.380408
0.3125  -0.439635
0.09375  -0.452452
0.34375  -0.242792
0  -0.324889
-0.09375  -0.341494
0.09375  -0.249066
0.15625  -0.326583
-0.15625  -0.309342
-0.09375  -0.0869824
0.21875  -0.463416
0  -0.470673
-0.0625  -0.30002
-0.15625  -0.343971
-0.03125  -0.231018
-0.09375  -0.224795
0.125  -0.284904
0.0625  -0.306076
0.125  -0.26603
0.0625  -0.354274
-0.15625  -0.356833
-0.0625  -0.370792
0.1875  -0.307406
0  -0.463238
0.03125  -0.338194
0.03125  -0.313432
-0.03125  -0.4602
-0.03125  -0.468377
0.09375  -0.340365
0.09375  -0.340879
0  -0.339142
0.125  -0.235067
-0.09375  -0.520671
0  -0.470249
-0.0625  -0.24828
-0.03125  -0.546011
-0.125  -0.320792
-0.09375  -0.423583
-0.1875  -0.252966
-0.03125  -0.247826
0.1875  -0.504193
-0.03125  -0.192173
-0.15625  -0.213973
0.25  -0.114645
-0.03125  -0.447235
0.15625  -0.292183
-0.03125  -0.499267
0  -0.468329
-0.03125  -0.407613
0.0625  -0.241932
-0.1875  -0.391172
-0.03125  -0.188208
-0.0625  -0.413016
0.09375  -0.285506
-0.1875  -0.227539
0.25  -0.411765
0.0625  -0.312881
0.0625  -0.467232
-0.125  -0.293117
-0.03125  -0.215602
0.1875  -0.2108
0.0625  -0.31856
-0.1875  -0.178309
0.03125  -0.283946
-0.125  -0.202066
-0.0625  -0.444955
0.03125  -0.174736
0.03125  -0.126053
0.0625  -0.439592
0.0625  -0.228763
-0.125  -0.242962
0.03125  -0.42153
-0.0625  -0.46138
0  -0.404547
0.34375  -0.400508
-0.03125  -0.239457
0.0625  -0.517659
0.0625  -0.25696
-0.0625  -0.372525
0.0625  -0.432835
0.03125  -0.444219
0.15625  -0.418703
-0.03125  -0.412341
0.3125  -0.301095
0.125  -0.364963
-0.09375  -0.516343
0.125  -0.162294
-0.0625  -0.225928
0.09375  -0.31691
-0.25  -0.369927
