0.15625  -0.0355566
0.09375  -0.381269
0.21875  -0.46153
0.0625  -0.345287
0.15625  -0.511279
-0.15625  -0.557934
0.03125  -0.429993
-0.03125  -0.398317
0  -0.482285
0.375  -0.327466
0.21875  -0.407769
-0.09375  -0.479648
0.1875  -0.257183
0.03125  -0.36907
0  -0.528712
0.0625  -0.381482
-0.0625  -0.618899
0.03125  -0.540112
-0.21875  -0.346692
-0.1875  -0.44582
0.1875  -0.442788
0.09375  -0.296113
0.09375  -0.162811
-0.3125  -0.508224
0.09375  -0.53096
-0.125  -0.469572
0.15625  -0.55426
-0.15625  -0.357858
0.15625  -0.525567
0.15625  -0.359688
-0.09375  -0.414981
0.28125  -0.458459
-0.125  -0.385524
-0.15625  -0.383736
-0.25  -0.41907
-0.125  -0.357048
-0.03125  -0.548514
-0.03125  -0.396027
-0.09375  -0.443182
-0.09375  -0.591307
-0.0625  -0.42191
-0.1875  -0.299471
-0.0625  -0.395313
0  -0.435559
0.0625  -0.390893
0  -0.551974
0.09375  -0.46086
0.03125  -0.307301
0  -0.502401
0.125  -0.418646
-0.125  -0.595674
-0.28125  -0.315797
0.15625  -0.544709
0.125  -0.550027
-0.09375  -0.594749
-0.03125  -0.600478
-0.125  -0.533882
-0.34375  -0.457384
0.03125  -0.318355
0.03125  -0.349083
0.125  -0.376199
-0.09375  -0.471367
0.03125  -0.351843
-0.0625  -0.376531
-0.09375  -0.406758
0.25  -0.523707
-0.0625  -0.391697
-0.125  -0.353422
0.15625  -0.527234
0.09375  -0.534663
0.09375  -0.199733
-0.25  -0.59555
-0.03125  -0.420642
0.0625  -0.548351
0  -0.510667
0.03125  -0.299851
0  -0.371921
0.34375  -0.388612
0.0625  -0.377776
0  -0.344051
-0.0625  -0.459582
-0.15625  -0.515563
0.40625  -0.552499
0.375  -0.502295
0.09375  -0.409046
0.09375  -0.558067
-0.28125  -0.367919
0.1875  -0.500826
-0.03125  -0.415478
0.03125  -0.540813
0.15625  -0.373774
-0.09375  -0.338063
-0.0625  -0.438326
0.03125  -0.32549
-0.21875  -0.426101
-0.0625  -0.610989
0.03125  -0.54392
0.03125  -0.295573
-0.125  -0.435802
-0.1875  -0.264814
0.125  -0.567491
0  -0.387176
-0.09375  -0.297708
0.0625  -0.43107
-0.03125  -0.471738
0.25  -0.358565
-0.15625  -0.246193
0.03125  -0.539074
0.1875  -0.346982
-0.03125  -0.222933
-0.0625  -0.518187
0.03125  -0.435916
-0.15625  -0.582992
-0.1875  -0.589564
-0.0625  -0.343054
-0.125  -0.503882
-0.125  -0.535104
0.03125  -0.463574
-0.09375  -0.627285
0  -0.614206
-0.25  -0.315985
0.03125  -0.475511
-0.34375  -0.46423
-0.1875  -0.582745
0.125  -0.314892
0.1875  -0.611087
0.15625  -0.531803
0  -0.320417
-0.03125  -0.418253
0.15625  -0.378195
0.25  -0.279261
-0.03125  -0.330585
-0.1875  -0.270826
0  -0.249406
-0.03125  -0.408664
0.21875  -0.394632
-0.21875  -0.341751
0.15625  -0.548874
0  -0.079263
-0.125  -0.437711
-0.15625  -0.545452
0.15625  -0.518586
-0.25  -0.550372
-0.03125  -0.340016
0.03125  -0.52505
-0.0625  -0.644741
-0.03125  -0.459963
-0.125  -0.393479
-0.03125  -0.625485
-0.03125  -0.583693
0.15625  -0.353672
-0.0625  -0.52768
-0.28125  -0.409548
0.09375  -0.227844
0.03125  -0.400846
-0.0625  -0.369216
-0.09375  -0.386486
0  -0.344438
0.03125  -0.298673
-0.09375  -0.400665
0.09375  -0.443789
0.125  -0.432943
0.03125  -0.474288
0.0625  -0.425056
0.0625  -0.457383
-0.09375  -0.321564
0.0625  -0.428436
-0.09375  -0.533438
0.125  -0.582599
0  -0.424422
0.125  -0.289141
-0.125  -0.385847
-0.125  -0.19751
0.0625  -0.486093
0.15625  -0.307639
0.15625  -0.547361
0  -0.518302
0.0625  -0.334795
-0.1875  -0.433182
0.21875  -0.41273
0  -0.585085
-0.21875  -0.42759
0.21875  -0.425812
0  -0.436772
0.03125  -0.487942
-0.1875  -0.27915
0.21875  -0.437274
0.03125  -0.527224
0.09375  -0.389018
0.0625  -0.346821
0.3125  -0.470809
0.1875  -0.561813
0.0625  -0.39476
-0.03125  -0.37265
0.15625  -0.365666
0.03125  -0.396593
0.0625  -0.364314
0  -0.566694
-0.0625  -0.240114
-0.03125  -0.520166
0.28125  -0.472362
0  -0.394728
-0.0625  -0.238924
0.125  -0.355736
0.0625  -0.464194
0.0625  -0.478627
-0.0625  -0.468567
-0.09375  -0.340058
-0.1875  -0.598633
0.09375  -0.374931
0.0625  -0.386555
-0.09375  -0.302882
0.03125  -0.405442
0  -0.413049
0.125  -0.318703
-0.0625  -0.412383
0.1875  -0.430093
0.03125  -0.348131
0.25  -0.591569
0.09375  -0.474325
-0.21875  -0.489403
0.03125  -0.326808
-0.1875  -0.423971
0.0625  -0.525518
0.125  -0.292073
-0.0625  -0.465705
0.15625  -0.66438
-0.0625  -0.387789
0.0625  -0.450157
-0.25  -0.450905
-0.0625  -0.137564
0  -0.356285
-0.0625  -0.627845
0.21875  -0.385619
0  -0.353233
-0.1875  -0.509545
-0.03125  -0.552319
0.1875  -0.526133
0.1875  -0.469847
0.0625  -0.552818
-0.15625  -0.452011
0.0625  -0.329785
-0.09375  -0.443218
0.0625  -0.54885
0.03125  -0.457357
0.03125  -0.501304
0.21875  -0.377095
0.03125  -0.44965
0.1875  -0.603878
-0.03125  -0.486966
-0.0625  -0.606235
-0.125  -0.357053
0.0625  -0.428656
0.1875  -0.541204
0.25  -0.298576
0.03125  -0.290652
0.03125  -0.439533
0.125  -0.330762
-0.15625  -0.512178
0.3125  -0.429813
0.15625  -0.426873
0  -0.444752
0  -0.290126
0.09375  -0.469039
-0.03125  -0.407913
-0.03125  -0.478588
0.15625  -0.506669
-0.125  -0.600762
-0.09375  -0.410989
-0.03125  -0.470843
0.0625  -0.310337
0.25  -0.406581
0.0625  -0.531322
0.125  -0.374114
-0.09375  -0.309582
-0.03125  -0.505339
0.125  -0.276609
0.03125  -0.569274
-0.0625  -0.585349
0  -0.702857
0  -0.261554
0  -0.335116
-0.0625  -0.404447
0  -0.424178
-0.125  -0.638066
0.03125  -0.474553
-0.09375  -0.335206
0.125  -0.628547
-0.03125  -0.536836
0.03125  -0.547837
0.15625  -0.437362
0.15625  -0.308948
0.15625  -0.445162
-0.03125  -0.568274
-0.25  -0.374317
0.0625  -0.397249
-0.0625  -0.419807
0.0625  -0.500873
-0.03125  -0.345783
0.0625  -0.437553
0  -0.478528
0.1875  -0.285501
0.15625  -0.387973
-0.0625  -0.445714
-0.03125  -0.493645
0  -0.492367
-0.3125  -0.514791
0.03125  -0.558577
0.1875  -0.230542
-0.125  -0.517557
0.1875  -0.38687
0.125  -0.372131
-0.09375  -0.474382
-0.21875  -0.458649
0  -0.295955
-0.0625  -0.536156
-0.0625  -0.50326
0.15625  -0.462594
-0.09375  -0.588705
-0.03125  -0.311401
0  -0.483056
-0.28125  -0.407833
0.0625  -0.3101
-0.21875  -0.216719
-0.09375  -0.32342
-0.0625  -0.38193
0.46875  -0.334192
0.0625  -0.541922
0.03125  -0.412
0.03125  -0.386446
0.1875  -0.57223
0.25  -0.2965
0.125  -0.565225
-0.1875  -0.407134
0.03125  -0.533365
0  -0.362836
0  -0.509972
-0.0625  -0.359205
0  -0.468489
0  -0.535364
-0.09375  -0.42964
-0.03125  -0.529955
0  -0.508989
0  -0.545632
-0.125  -0.417856
0.03125  -0.535056
0.28125  -0.536072
0.15625  -0.397718
-0.03125  -0.572714
0.0625  -0.301122
0.25  -0.521007
0  -0.412175
-0.40625  -0.507194
-0.03125  -0.52562
-0.15625  -0.341888
0.125  -0.506822
-0.03125  -0.590734
0.0625  -0.490194
-0.125  -0.552582
-0.125  -0.234364
0.125  -0.484875
0.03125  -0.561887
0.21875  -0.379186
0.125  -0.383229
-0.15625  -0.52008
0.0625  -0.369104
0  -0.441384
0.15625  -0.381112
0.03125  -0.456932
0.15625  -0.470745
-0.1875  -0.311501
0.21875  -0.585393
-0.03125  -0.271934
-0.09375  -0.471331
-0.0625  -0.427275
0  -0.509699
0.125  -0.599755
0.15625  -0.513265
-0.09375  -0.61896
0.25  -0.335567
-0.25  -0.274556
-0.1875  -0.348635
0.15625  -0.328804
-0.09375  -0.564749
-0.09375  -0.47554
-0.125  -0.451492
0  -0.51707
-0.09375  -0.375789
-0.125  -0.436007
0.125  -0.452654
0.0625  -0.555183
0.1875  -0.479005
0.25  -0.426407
0  -0.555265
-0.03125  -0.458591
0.125  -0.209987
0.03125  -0.451253
0.125  -0.220643
-0.0625  -0.348056
-0.0625  -0.385803
-0.0625  -0.459253
0.03125  -0.393119
0.0625  -0.269186
0.25  -0.24347
-0.09375  -0.297952
0.09375  -0.469227
0.1875  -0.540745
0.09375  -0.301523
0.03125  -0.494753
0  -0.511374
0.03125  -0.541767
-0.28125  -0.369253
0.21875  -0.500367
-0.375  -0.292678
-0.21875  -0.567595
0.0625  -0.414502
-0.0625  -0.363127
0.21875  -0.479927
0.21875  -0.48693
0.09375  -0.410867
-0.0625  -0.300095
-0.15625  -0.661383
0.0625  -0.405292
0.0625  -0.410452
-0.3125  -0.652604
0.125  -0.341535
0.09375  -0.364434
-0.15625  -0.564504
0.09375  -0.574325
0.125  -0.3288
0.1875  -0.286229
0.0625  -0.57978
0.0625  -0.495073
0.125  -0.476912
0.0625  -0.584475
-0.03125  -0.374125
-0.03125  -0.617928
-0.09375  -0.435081
0.0625  -0.351226
-0.125  -0.415153
0  -0.339458
-0.0625  -0.509978
0.21875  -0.227522
-0.09375  -0.499745
0.03125  -0.445839
0  -0.52243
-0.0625  -0.364841
0  -0.31101
0.125  -0.226464
0.09375  -0.478133
-0.28125  -0.442356
0.1875  -0.302053
-0.0625  -0.298967
0  -0.261881
-0.15625  -0.488458
-0.15625  -0.564247
0  -0.508709
-0.125  -0.441911
0.09375  -0.133547
0  -0.227086
0.21875  -0.475958
-0.25  -0.381356
-0.0625  -0.369637
-0.03125  -0.524872
-0.09375  -0.497481
0  -0.418967
0.25  -0.502048
-0.15625  -0.502354
0.15625  -0.551318
0.1875  -0.613058
0.125  -0.536898
-0.21875  -0.314961
0.03125  -0.402178
0.09375  -0.52415
-0.1875  -0.462957
0.09375  -0.421788
0.15625  -0.375407
-0.03125  -0.535338
0.15625  -0.419146
0  -0.610546
0.09375  -0.601504
-0.09375  -0.579204
-0.125  -0.268261
0.0625  -0.478263
0.0625  -0.518848
-0.03125  -0.348259
-0.15625  -0.514414
-0.0625  -0.62652
0.15625  -0.482242
0.03125  -0.610621
-0.0625  -0.500855
-0.03125  -0.474635
0.0625  -0.349313
-0.1875  -0.329578
0.1875  -0.600538
-0.03125  -0.290046
0.15625  -0.408332
0.09375  -0.298442
-0.09375  -0.576533
-0.15625  -0.226993
-0.03125  -0.50773
0.28125  -0.525197
0.15625  -0.321809
-0.28125  -0.48793
0.03125  -0.397589
-0.03125  -0.377641
0.15625  -0.611262
-0.03125  -0.530375
-0.03125  -0.310298
0.0625  -0.288375
0.0625  -0.384137
0.09375  -0.393447
-0.25  -0.469404
0.0625  -0.138968
-0.0625  -0.557513
0.0625  -0.541787
-0.28125  -0.457099
-0.125  -0.393556
-0.15625  -0.339747
0.09375  -0.489098
0  -0.460654
-0.1875  -0.560711
0  -0.386618
0.0625  -0.395504
-0.1875  -0.387287
-0.09375  -0.269001
0.03125  -0.373993
0.28125  -0.377138
0  -0.192617
-0.03125  -0.536585
0.03125  -0.59076
0.0625  -0.482339
-0.03125  -0.46013
-0.03125  -0.381291
0.3125  -0.531071
0.125  -0.256013
-0.0625  -0.51016
-0.09375  -0.61249
0.21875  -0.497285
0.125  -0.373121
0.03125  -0.393623
-0.125  -0.516861
-0.1875  -0.518337
0.21875  -0.382037
0  -0.688897
0.0625  -0.577156
-0.21875  -0.351685
0.03125  -0.593609
0  -0.427517
0.0625  -0.320274
-0.1875  -0.645553
0  -0.327814
-0.0625  -0.286805
0.0625  -0.309384
-0.09375  -0.482381
-0.1875  -0.373206
0.09375  -0.402471
-0.0625  -0.376832
-0.1875  -0.462113
-0.15625  -0.446277
0.15625  -0.218872
0.0625  -0.46816
0  -0.478301
0  -0.376928
0.1875  -0.306585
-0.1875  -0.542724
-0.0625  -0.638875
-0.125  -0.298842
-0.21875  -0.498461
-0.1875  -0.500633
0.125  -0.584384
0.15625  -0.331518
0.125  -0.579581
0.125  -0.289501
-0.0625  -0.358511
0  -0.427757
0.125  -0.549638
-0.0625  -0.33383
-0.09375  -0.488173
0  -0.418313
0.125  -0.389724
0.09375  -0.400116
-0.125  -0.52271
0.03125  -0.552101
0.09375  -0.51783
-0.03125  -0.535415
-0.03125  -0.412307
0  -0.612087
0  -0.423756
0  -0.517784
0.09375  -0.383233
0.3125  -0.433959
-0.125  -0.536548
0.21875  -0.47236
0.28125  -0.387951
0.0625  -0.0996141
0  -0.523538
-0.03125  -0.549951
0  -0.36536
0.03125  -0.639824
0.0625  -0.398664
0.125  -0.344701
-0.1875  -0.472092
0.1875  -0.335241
0.0625  -0.365481
-0.1875  -0.456055
0.03125  -0.470429
0.0625  -0.306774
0.25  -0.634215
0.1875  -0.564203
0.1875  -0.564696
0  -0.395251
0.03125  -0.492773
-0.03125  -0.554969
-0.25  -0.472329
0.0625  -0.37836
0.03125  -0.552586
-0.0625  -0.476933
-0.125  -0.485305
0.0625  -0.244604
-0.125  -0.515957
0  -0.517618
0.15625  -0.391511
0.09375  -0.619761
0.03125  -0.413843
-0.03125  -0.454056
0.0625  -0.369887
0.03125  -0.389708
0.125  -0.300477
-0.0625  -0.561635
-0.09375  -0.500234
-0.15625  -0.410822
-0.125  -0.5649
0  -0.369678
-0.03125  -0.385617
0.21875  -0.21553
0.15625  -0.306888
0.125  -0.406901
0.03125  -0.455671
-0.03125  -0.657192
-0.125  -0.571601
-0.15625  -0.447459
0  -0.308859
0.15625  -0.28147
0.03125  -0.553231
0.25  -0.412871
-0.15625  -0.526056
-0.25  -0.45065
0  -0.420825
0.03125  -0.438939
0.0625  -0.506599
-0.15625  -0.58343
0.09375  -0.315187
-0.15625  -0.26158
-0.03125  -0.348143
-0.1875  -0.425218
0  -0.383311
-0.15625  -0.250615
-0.09375  -0.403448
0.1875  -0.350197
0  -0.448725
0  -0.420677
-0.1875  -0.500264
0.0625  -0.572701
0.03125  -0.550664
0  -0.526845
-0.15625  -0.57687
0.15625  -0.378619
-0.125  -0.400795
0.125  -0.440001
0.03125  -0.456034
0.0625  -0.395387
-0.21875  -0.3255
-0.125  -0.432627
-0.28125  -0.586873
0  -0.256003
-0.09375  -0.480054
-0.09375  -0.548609
-0.0625  -0.657747
0.03125  -0.373958
-0.125  -0.449779
0.125  -0.603599
-0.03125  -0.31779
0.03125  -0.386758
-0.0625  -0.543924
-0.15625  -0.506212
0.25  -0.333496
-0.125  -0.494838
-0.125  -0.468218
-0.3125  -0.240871
0.03125  -0.314872
0.03125  -0.488532
-0.0625  -0.50284
0.25  -0.390025
-0.15625  -0.302558
0.15625  -0.300655
0  -0.505396
-0.1875  -0.472584
0.0625  -0.532305
0.1875  -0.427227
0.21875  -0.412277
-0.21875  -0.322581
0.03125  -0.37241
-0.03125  -0.539451
0.25  -0.59247
-0.21875  -0.359751
0.03125  -0.291461
0.125  -0.658182
0.0625  -0.342174
0  -0.632564
0.1875  -0.503198
0  -0.564494
-0.15625  -0.530215
0.09375  -0.283901
-0.25  -0.309703
-0.03125  -0.505015
0.03125  -0.453413
-0.0625  -0.514928
0  -0.518738
-0.0625  -0.618421
-0.03125  -0.471572
0  -0.20769
-0.03125  -0.367828
-0.03125  -0.542088
-0.125  -0.462624
0  -0.50535
0.28125  -0.562444
-0.125  -0.226814
0.09375  -0.636266
-0.15625  -0.437654
-0.15625  -0.578495
-0.0625  -0.489881
0.03125  -0.468643
0.125  -0.24309
0.375  -0.451496
-0.09375  -0.448448
-0.09375  -0.398469
0.1875  -0.668543
-0.0625  -0.314526
0.25  -0.290816
0.15625  -0.398292
-0.1875  -0.583783
-0.0625  -0.307937
-0.03125  -0.208278
0  -0.461386
-0.1875  -0.459492
0  -0.566268
0.0625  -0.230063
-0.0625  -0.540944
0.15625  -0.544348
0.03125  -0.527219
0.15625  -0.418739
-0.1875  -0.243395
-0.09375  -0.451897
0.125  -0.464785
-0.125  -0.558625
-0.03125  -0.417594
-0.03125  -0.509064
0.21875  -0.381657
0.1875  -0.436826
0  -0.418613
0  -0.533649
0  -0.501758
-0.09375  -0.44059
-0.21875  -0.459552
0.0625  -0.596122
0.03125  -0.486054
-0.03125  -0.390234
-0.25  -0.314757
-0.21875  -0.44728
0.03125  -0.635313
0.0625  -0.431951
-0.09375  -0.467909
-0.09375  -0.482904
0.0625  -0.595356
-0.21875  -0.510499
-0.125  -0.396586
-0.125  -0.449941
0.21875  -0.370872
0.09375  -0.390552
0.125  -0.307821
0  -0.369722
0  -0.437433
0  -0.465965
-0.09375  -0.562321
-0.125  -0.41221
0.0625  -0.421414
0.125  -0.520759
0.0625  -0.60359
-0.09375  -0.45011
-0.09375  -0.414683
0.1875  -0.558254
0.03125  -0.395941
0  -0.522386
-0.03125  -0.360364
0.03125  -0.356913
-0.1875  -0.17037
-0.1875  -0.459365
0  -0.45419
0.09375  -0.551805
0.0625  -0.478294
0.0625  -0.458858
-0.09375  -0.441462
0.03125  -0.524791
0  -0.441122
0.1875  -0.603441
0.0625  -0.339894
-0.21875  -0.362962
0  -0.378955
0  -0.490804
-0.03125  -0.246036
0.03125  -0.555579
0.03125  -0.37087
0.15625  -0.320873
0.0625  -0.646986
0  -0.431991
0.03125  -0.458433
-0.125  -0.21614
0.09375  -0.561008
-0.0625  -0.38262
0  -0.544801
0.15625  -0.458467
0.09375  -0.376578
-0.09375  -0.271441
0.0625  -0.377448
0.125  -0.431703
-0.03125  -0.348001
0.03125  -0.696111
0.09375  -0.408467
0.21875  -0.266067
0  -0.425427
0.09375  -0.595802
-0.1875  -0.481128
0.0625  -0.504868
-0.09375  -0.503502
0.03125  -0.25783
-0.125  -0.426367
-0.0625  -0.455095
0.09375  -0.509988
-0.09375  -0.455208
-0.09375  -0.451246
-0.125  -0.469353
0  -0.263349
-0.1875  -0.493035
0.125  -0.684737
-0.15625  -0.421626
-0.03125  -0.421165
0.03125  -0.341021
0.15625  -0.553598
0.03125  -0.343947
-0.21875  -0.43134
0.1875  -0.643204
-0.34375  -0.436048
0.15625  -0.548097
0  -0.422192
-0.125  -0.42316
0.15625  -0.375019
0  -0.45627
0.1875  -0.266134
0.28125  -0.391739
-0.03125  -0.569693
-0.03125  -0.291092
0.09375  -0.625475
0.15625  -0.421466
-0.0625  -0.630971
0.25  -0.490018
0.125  -0.50141
-0.1875  -0.363965
-0.03125  -0.474743
0.1875  -0.245129
-0.03125  -0.521347
0.125  -0.293869
-0.15625  -0.626345
0.28125  -0.590957
0.03125  -0.380842
-0.09375  -0.494699
0.0625  -0.460613
0.34375  -0.485782
0.09375  -0.338673
0  -0.523211
0.03125  -0.418806
0.125  -0.456114
0.09375  -0.670634
-0.28125  -0.401719
0.15625  -0.453189
0.0625  -0.678459
-0.09375  -0.619224
-0.15625  -0.534988
0.0625  -0.516616
-0.09375  -0.460747
0.0625  -0.315076
0  -0.28162
0.03125  -0.308282
-0.09375  -0.355732
0.21875  -0.585262
-0.125  -0.500156
0.125  -0.539908
-0.09375  -0.518708
0.15625  -0.431027
0.15625  -0.391041
0  -0.145646
-0.09375  -0.189842
-0.21875  -0.226392
-0.0625  -0.537494
-0.1875  -0.541075
-0.15625  -0.511609
0.03125  -0.441269
-0.1875  -0.439299
0.21875  -0.465445
0.03125  -0.307987
-0.0625  -0.489824
-0.125  -0.412937
0.15625  -0.401169
0.03125  -0.428407
-0.0625  -0.394282
0.03125  -0.526442
-0.09375  -0.527276
0.03125  -0.464679
0.03125  -0.439938
-0.0625  -0.333241
-0.15625  -0.494658
-0.0625  -0.405995
0.0625  -0.491991
-0.0625  -0.303549
0.125  -0.593643
0.09375  -0.401946
-0.0625  -0.348922
0.03125  -0.477124
-0.03125  -0.395888
0.125  -0.314118
-0.21875  -0.492995
0.09375  -0.612599
0.0625  -0.697459
-0.125  -0.61771
0.15625  -0.392747
-0.1875  -0.166394
-0.1875  -0.275023
0.03125  -0.370904
-0.125  -0.511048
-0.03125  -0.63689
0.15625  -0.397601
-0.09375  -0.427779
-0.21875  -0.558709
-0.21875  -0.527773
0.0625  -0.571025
0.21875  -0.380831
0  -0.247446
-0.1875  -0.471369
-0.15625  -0.369961
0.03125  -0.497513
0.21875  -0.450977
0.15625  -0.595665
0.09375  -0.503012
0.1875  -0.58819
-0.0625  -0.192093
0  -0.471049
0.09375  -0.213416
-0.125  -0.37484
0.03125  -0.40831
0  -0.520193
0.34375  -0.313047
0.09375  -0.375087
0.09375  -0.591951
-0.0625  -0.550287
0.03125  -0.410719
0.21875  -0.710738
-0.125  -0.247871
0.15625  -0.510884
0  -0.371301
-0.09375  -0.282717
-0.125  -0.198385
-0.0625  -0.448159
-0.125  -0.345723
-0.0625  -0.361395
0.09375  -0.507498
0.125  -0.363501
0.15625  -0.423065
-0.0625  -0.667453
-0.09375  -0.610611
-0.0625  -0.388702
-0.09375  -0.507285
-0.28125  -0.585489
-0.09375  -0.211001
-0.0625  -0.541288
-0.21875  -0.436869
-0.0625  -0.453679
0.125  -0.533913
-0.0625  -0.167638
0  -0.414461
-0.09375  -0.31848
0.125  -0.528864
-0.15625  -0.559549
-0.03125  -0.423654
0.25  -0.317326
-0.1875  -0.539096
-0.03125  -0.639268
0.03125  -0.465296
-0.09375  -0.484167
0.09375  -0.302736
-0.03125  -0.260541
-0.1875  -0.470286
-0.09375  -0.276194
-0.28125  -0.476612
-0.09375  -0.325935
-0.0625  -0.442273
0.125  -0.627108
-0.0625  -0.315774
0  -0.407783
0.09375  -0.506671
0  -0.191266
0.09375  -0.493485
0.09375  -0.365204
0.09375  -0.256704
-0.25  -0.271887
0.03125  -0.37274
0.09375  -0.327151
0.0625  -0.299444
-0.03125  -0.376687
0.09375  -0.496211
0.0625  -0.448509
0.09375  -0.541731
0.21875  -0.565259
0.09375  -0.44912
0  -0.219403
-0.15625  -0.415004
0.15625  -0.450332
0.03125  -0.421415
0.03125  -0.317494
0.03125  -0.194572
-0.28125  -0.412468
-0.15625  -0.468756
-0.0625  -0.488562
0.125  -0.453364
0.03125  -0.509559
-0.0625  -0.334318
-0.15625  -0.554756
0.0625  -0.463213
-0.09375  -0.2726
-0.15625  -0.413174
-0.03125  -0.560995
0.0625  -0.472238
-0.15625  -0.604381
0.0625  -0.49873
0  -0.386683
0.28125  -0.672833
0.1875  -0.27099
-0.21875  -0.435932
-0.03125  -0.400905
-0.125  -0.489837
0.03125  -0.226954
0.03125  -0.38321
0  -0.511899
0.21875  -0.48181
0.0625  -0.308155
0.0625  -0.600412
-0.09375  -0.331958
0.21875  -0.378974
-0.09375  -0.416689
-0.03125  -0.323604
0.28125  -0.516064
-0.15625  -0.500669
0.21875  -0.372644
-0.03125  -0.456323
0.03125  -0.474996
0  -0.473793
0  -0.504359
0.125  -0.505997
0.15625  -0.524926
0.03125  -0.21327
-0.03125  -0.438776
0.0625  -0.366649
0.125  -0.213717
-0.125  -0.280815
-0.0625  -0.449804
0.03125  -0.499867
-0.125  -0.684705
0.28125  -0.367028
-0.0625  -0.411991
0.09375  -0.450856
-0.09375  -0.442699
-0.25  -0.241108
0.125  -0.442063
0.0625  -0.531176
0.03125  -0.579455
-0.25  -0.368292
0  -0.300055
0.0625  -0.240414
0  -0.519469
-0.125  -0.442389
-0.15625  -0.243327
0.09375  -0.418654
-0.1875  -0.432175
0  -0.512721
0.0625  -0.498694
-0.03125  -0.30181
0.0625  -0.400055
-0.15625  -0.532075
0  -0.31272
-0.28125  -0.597948
-0.03125  -0.434867
0.1875  -0.383853
0  -0.374102
-0.03125  -0.380628
0.125  -0.351654
0  -0.399091
-0.21875  -0.327762
0.1875  -0.265281
-0.09375  -0.502796
0.1875  -0.460441
-0.09375  -0.454097
0.0625  -0.49761
-0.0625  -0.4381
0  -0.431339
0.09375  -0.447905
-0.0625  -0.487285
-0.0625  -0.429999
-0.03125  -0.599537
-0.03125  -0.452762
0.03125  -0.568894
0.15625  -0.353941
0.09375  -0.426519
-0.0625  -0.407881
-0.09375  -0.404252
0.09375  -0.471811
0.09375  -0.355331
0.0625  -0.44448
-0.09375  -0.510545
0  -0.262697
-0.09375  -0.549202
0  -0.188299
-0.0625  -0.391578
0  -0.539172
-0.09375  -0.491034
0  -0.383948
-0.1875  -0.305188
0  -0.464117
-0.125  -0.55556
-0.09375  -0.706781
0.28125  -0.571384
-0.03125  -0.578274
0.125  -0.530463
0.0625  -0.558241
0  -0.545921
0.125  -0.244434
-0.21875  -0.533761
-0.15625  -0.465208
0  -0.478787
-0.09375  -0.13704
-0.0625  -0.377683
-0.375  -0.464514
0.03125  -0.545826
0.09375  -0.415481
0.0625  -0.445189
0.03125  -0.560093
-0.1875  -0.311536
-0.1875  -0.613694
-0.0625  -0.44311
0.09375  -0.2573
0.03125  -0.4081
0.21875  -0.383457
-0.03125  -0.400364
0.0625  -0.595888
-0.03125  -0.204039
0.15625  -0.494699
0.09375  -0.597907
-0.09375  -0.405843
-0.09375  -0.530076
0.21875  -0.47755
0.03125  -0.3548
-0.25  -0.403748
-0.09375  -0.602499
0.15625  -0.517137
0.15625  -0.224609
-0.03125  -0.453873
0.15625  -0.566177
-0.09375  -0.241568
0.09375  -0.384119
-0.0625  -0.543355
0.09375  -0.42415
-0.125  -0.595811
0.1875  -0.310653
-0.03125  -0.516994
-0.09375  -0.4275
0.09375  -0.385438
0.03125  -0.562454
-0.1875  -0.512305
-0.125  -0.466935
0.3125  -0.416214
0.21875  -0.473666
0.03125  -0.591046
0  -0.550192
0  -0.309721
0.0625  -0.458034
-0.125  -0.409722
-0.34375  -0.323072
-0.0625  -0.468758
-0.0625  -0.166267
-0.21875  -0.374439
0.03125  -0.564526
-0.03125  -0.363491
0.1875  -0.398458
-0.1875  -0.39886
0.0625  -0.547348
0.09375  -0.356116
0.09375  -0.302783
-0.09375  -0.333272
-0.03125  -0.482375
-0.21875  -0.477086
-0.1875  -0.381644
-0.28125  -0.443297
-0.0625  -0.428307
0.03125  -0.196203
0.125  -0.556133
0.09375  -0.544313
0.09375  -0.319351
0.09375  -0.574293
-0.09375  -0.443426
0.125  -0.476897
-0.09375  -0.215724
0.03125  -0.399709
0.0625  -0.44282
-0.03125  -0.391475
0  -0.380871
0.125  -0.436752
0  -0.65367
0.1875  -0.463694
0.125  -0.366377
0.125  -0.491661
-0.09375  -0.406662
0.0625  -0.2956
0  -0.407726
0.25  -0.602283
0.0625  -0.244691
0.1875  -0.495038
0.125  -0.171723
-0.0625  -0.575913
0.34375  -0.567675
-0.21875  -0.300379
0.125  -0.365091
-0.0625  -0.312762
0.125  -0.422741
0.28125  -0.444182
0.03125  -0.431984
0.03125  -0.668827
0.03125  -0.404198
-0.0625  -0.668844
-0.09375  -0.331459
-0.15625  -0.445955
0.03125  -0.500456
0.28125  -0.456742
0.03125  -0.495918
0.03125  -0.431876
0.0625  -0.401368
0  -0.484486
-0.09375  -0.538501
0  -0.234895
0  -0.369727
-0.03125  -0.392719
-0.1875  -0.415398
0.0625  -0.443516
0.03125  -0.552176
-0.15625  -0.253551
0  -0.345949
0.1875  -0.294309
0.09375  -0.435356
0.1875  -0.484031
0.03125  -0.21771
0.09375  -0.544125
-0.09375  -0.355272
0.0625  -0.422103
0.25  -0.394475
0.09375  -0.436781
0.21875  -0.371759
0.28125  -0.546885
0.125  -0.540859
-0.0625  -0.464504
-0.125  -0.347364
0.25  -0.505055
-0.09375  -0.441372
0  -0.35735
0.09375  -0.312167
0  -0.353078
-0.03125  -0.441096
0.03125  -0.476188
0.21875  -0.427994
-0.0625  -0.272656
-0.03125  -0.480451
-0.0625  -0.324312
-0.0625  -0.432929
-0.03125  -0.416711
0.09375  -0.393986
-0.09375  -0.34548
-0.125  -0.437341
0.15625  -0.197027
0.15625  -0.429167
-0.0625  -0.432823
0.125  -0.554493
-0.09375  -0.361584
0.125  -0.511447
0.1875  -0.473491
-0.0625  -0.655878
-0.25  -0.509311
-0.09375  -0.292967
-0.3125  -0.505429
-0.09375  -0.452142
-0.09375  -0.380653
0.1875  -0.535849
-0.15625  -0.465094
0.03125  -0.557447
-0.15625  -0.555545
0.15625  -0.380972
-0.15625  -0.427768
-0.03125  -0.325508
-0.03125  -0.476768
0.125  -0.676845
0.03125  -0.353662
-0.09375  -0.380433
-0.09375  -0.355849
0.15625  -0.467119
0.375  -0.616028
0.09375  -0.553335
0  -0.483401
-0.15625  -0.496681
0.125  -0.460606
-0.03125  -0.309447
0.0625  -0.391843
0.09375  -0.387807
-0.03125  -0.493032
0.09375  -0.381581
-0.0625  -0.484171
0.21875  -0.339847
-0.03125  -0.682769
0.28125  -0.385398
0.03125  -0.344888
0.15625  -0.573987
0  -0.509864
-0.03125  -0.481211
0.1875  -0.463142
0.15625  -0.315977
-0.03125  -0.418189
-0.0625  -0.604692
0.03125  -0.402676
0.0625  -0.386897
0.15625  -0.470344
-0.09375  -0.4188
-0.125  -0.330964
-0.15625  -0.416803
-0.03125  -0.351887
0  -0.39555
0.15625  -0.390634
0.25  -0.467418
-0.125  -0.594662
-0.125  -0.48593
-0.15625  -0.540325
0.15625  -0.374801
0.09375  -0.520867
0.15625  -0.147743
0.03125  -0.349374
-0.0625  -0.411526
0.03125  -0.350113
-0.15625  -0.624026
-0.03125  -0.446828
-0.0625  -0.504393
0.15625  -0.483947
-0.03125  -0.607202
-0.0625  -0.467297
0.0625  -0.522072
0.0625  -0.463013
0.03125  -0.436527
-0.125  -0.592633
-0.1875  -0.580021
-0.15625  -0.474029
-0.0625  -0.595427
0.09375  -0.400163
-0.09375  -0.420675
0.03125  -0.411179
0.15625  -0.470869
-0.0625  -0.362018
-0.125  -0.290351
0.125  -0.405055
0.1875  -0.659162
0.1875  -0.478606
0  -0.422703
-0.09375  -0.179041
0  -0.591386
-0.09375  -0.317332
-0.0625  -0.446819
0.0625  -0.549534
0.0625  -0.380873
-0.1875  -0.293952
-0.21875  -0.514681
0  -0.555439
-0.125  -0.521778
-0.25  -0.591849
0.0625  -0.488443
0.1875  -0.511616
-0.21875  -0.419962
-0.125  -0.754066
0.1875  -0.474046
-0.09375  -0.442883
-0.09375  -0.324456
0.09375  -0.413971
0.3125  -0.387213
-0.03125  -0.46082
0.03125  -0.427125
0  -0.381661
0.0625  -0.288105
0  -0.485251
0.0625  -0.610345
0.03125  -0.240906
-0.0625  -0.49414
0  -0.633963
-0.0625  -0.512503
0.125  -0.601582
-0.09375  -0.408207
0.1875  -0.641942
0.28125  -0.565178
0.09375  -0.532779
-0.03125  -0.356141
0.09375  -0.528373
0.09375  -0.367225
0  -0.642389
-0.09375  -0.565853
0.25  -0.479525
0.125  -0.236112
0.0625  -0.482241
-0.03125  -0.551298
0  -0.444021
0.3125  -0.611061
0.1875  -0.339712
0.0625  -0.483848
0  -0.270714
0.0625  -0.491599
-0.09375  -0.322865
0.09375  -0.501858
-0.125  -0.430972
-0.03125  -0.383358
-0.1875  -0.453764
-0.03125  -0.445573
0.03125  -0.501784
0.03125  -0.623872
0.0625  -0.373329
-0.15625  -0.419793
0.125  -0.470667
0.1875  -0.5415
-0.15625  -0.379005
-0.09375  -0.259717
0.125  -0.479144
-0.21875  -0.4672
0  -0.259757
0.15625  -0.58661
0.09375  -0.317454
-0.125  -0.341704
-0.09375  -0.300391
0.0625  -0.370104
0.09375  -0.434779
-0.03125  -0.312883
-0.09375  -0.481622
0.0625  -0.573511
-0.0625  -0.357262
-0.125  -0.466668
-0.0625  -0.403765
-0.125  -0.603387
0.0625  -0.594932
0  -0.255481
0.125  -0.245144
-0.09375  -0.453271
0.03125  -0.27944
-0.09375  -0.579077
0  -0.419459
-0.28125  -0.411591
0.125  -0.592094
-0.1875  -0.422664
0.03125  -0.353963
-0.125  -0.508351
-0.0625  -0.708614
-0.03125  -0.443741
0  -0.573099
-0.21875  -0.540425
-0.09375  -0.354362
-0.03125  -0.638983
-0.03125  -0.347766
-0.03125  -0.524911
0  -0.587584
0.03125  -0.377446
-0.09375  -0.471495
-0.03125  -0.53672
-0.125  -0.392351
0.0625  -0.193048
-0.125  -0.44105
-0.0625  -0.581177
-0.09375  -0.610726
-0.03125  -0.465249
0.09375  -0.462309
0.03125  -0.509294
-0.09375  -0.562289
0  -0.270777
0.09375  -0.41609
-0.1875  -0.472085
-0.34375  -0.25415
0.09375  -0.472476
-0.03125  -0.521141
0.09375  -0.354082
0.09375  -0.463199
0.03125  -0.303098
-0.09375  -0.475263
0.1875  -0.692278
0.03125  -0.439021
-0.15625  -0.308548
0.09375  -0.456485
-0.125  -0.284608
-0.09375  -0.557876
0.03125  -0.257004
-0.0625  -0.341116
-0.03125  -0.525715
0.1875  -0.449177
-0.21875  -0.530127
-0.1875  -0.381997
0.0625  -0.508291
0.0625  -0.503274
0.09375  -0.352558
-0.03125  -0.400492
0.03125  -0.541697
-0.1875  -0.619412
0.0625  -0.219935
0.15625  -0.336838
-0.125  -0.635761
0.03125  -0.448921
-0.125  -0.275109
0.15625  -0.561131
0.09375  -0.426615
0.09375  -0.151295
0.0625  -0.606331
-0.03125  -0.532337
0.125  -0.522669
-0.0625  -0.488729
0.21875  -0.337154
0.03125  -0.396583
-0.03125  -0.386568
0  -0.568128
-0.21875  -0.569368
-0.03125  -0.440856
0  -0.311533
0.0625  -0.383216
0.03125  -0.462491
0.1875  -0.362576
0.0625  -0.448927
-0.03125  -0.29995
0.28125  -0.530371
-0.21875  -0.432975
0.03125  -0.300308
-0.15625  -0.242983
-0.25  -0.448616
-0.09375  -0.404879
-0.0625  -0.575147
-0.1875  -0.426601
0.03125  -0.527416
0.09375  -0.247903
-0.0625  -0.441638
0.15625  -0.416559
0.03125  -0.514758
0.125  -0.543899
-0.1875  -0.353227
-0.21875  -0.359016
-0.1875  -0.598508
0.15625  -0.446279
-0.25  -0.260492
0  -0.239946
-0.09375  -0.316836
0.0625  -0.624423
0.15625  -0.457242
-0.09375  -0.315135
0.03125  -0.503414
-0.03125  -0.388685
0.0625  -0.523263
-0.15625  -0.408102
0.0625  -0.320016
0.03125  -0.339301
0.09375  -0.530441
-0.09375  -0.479421
-0.09375  -0.487689
-0.15625  -0.330993
0.125  -0.316478
0.03125  -0.524832
0.125  -0.404336
0.0625  -0.517153
0  -0.384917
0.03125  -0.327133
0  -0.460752
0.125  -0.342083
-0.09375  -0.490073
-0.0625  -0.606286
0.15625  -0.485296
0.15625  -0.485624
-0.0625  -0.352421
-0.03125  -0.619389
0.09375  -0.494533
0.125  -0.24469
0.1875  -0.475278
-0.09375  -0.335521
-0.03125  -0.30935
0.0625  -0.518802
-0.1875  -0.340785
-0.0625  -0.362853
0.09375  -0.389304
-0.15625  -0.534064
0.1875  -0.509554
0  -0.29768
0.09375  -0.48106
-0.03125  -0.523908
0.03125  -0.40747
-0.0625  -0.318744
-0.03125  -0.576718
0.03125  -0.207516
0.0625  -0.611301
0.03125  -0.322674
-0.15625  -0.274062
0.03125  -0.508082
-0.03125  -0.358265
0.25  -0.633097
-0.03125  -0.284382
0.0625  -0.215824
0.09375  -0.308465
0.03125  -0.406563
-0.09375  -0.431902
0  -0.249341
-0.0625  -0.554543
0.0625  -0.43518
0.09375  -0.539593
-0.09375  -0.328949
-0.375  -0.514023
-0.0625  -0.386345
-0.125  -0.27508
0.0625  -0.482527
0  -0.431968
-0.125  -0.577069
0.03125  -0.35829
-0.03125  -0.574742
-0.0625  -0.385573
0.03125  -0.448271
-0.21875  -0.45258
0.03125  -0.681135
0.25  -0.427303
-0.125  -0.434315
-0.1875  -0.313091
-0.03125  -0.360832
-0.15625  -0.308423
-0.28125  -0.636086
0.0625  -0.586805
0.15625  -0.268202
-0.28125  -0.312682
0.15625  -0.530864
0.09375  -0.53485
-0.03125  -0.478807
0.0625  -0.542472
-0.09375  -0.238982
0.15625  -0.495182
-0.1875  -0.268613
-0.15625  -0.547433
0.03125  -0.474115
-0.0625  -0.576976
-0.1875  -0.325559
0  -0.411892
0.15625  -0.35063
-0.0625  -0.61194
0  -0.26288
0.25  -0.452589
0.15625  -0.384177
-0.15625  -0.565733
-0.03125  -0.392801
-0.125  -0.258864
-0.15625  -0.469359
0.28125  -0.182324
0.0625  -0.429196
-0.09375  -0.540107
-0.15625  -0.530855
0.03125  -0.281728
0.0625  -0.531252
-0.03125  -0.58719
-0.03125  -0.438049
-0.125  -0.458848
-0.0625  -0.350012
-0.1875  -0.399429
0.03125  -0.323709
0.125  -0.431382
0.40625  -0.41263
0.1875  -0.194242
-0.125  -0.451487
-0.1875  -0.385473
0.03125  -0.505652
-0.34375  -0.618126
-0.15625  -0.522353
-0.125  -0.466703
0.125  -0.556447
-0.03125  -0.392128
-0.15625  -0.439618
0.03125  -0.517828
-0.125  -0.433967
-0.03125  -0.347098
0  -0.482102
0.21875  -0.504794
-0.25  -0.568984
-0.03125  -0.437313
-0.09375  -0.35988
-0.03125  -0.272551
0.1875  -0.328997
0.1875  -0.471875
0.0625  -0.35102
0.1875  -0.521772
0.0625  -0.374153
-0.125  -0.363039
-0.03125  -0.530532
0.03125  -0.383543
0  -0.322019
0.03125  -0.385178
0.09375  -0.526289
-0.09375  -0.384525
-0.09375  -0.272804
0.03125  -0.587371
-0.03125  -0.460881
-0.125  -0.299465
-0.09375  -0.460359
0.15625  -0.450053
0.21875  -0.313393
-0.125  -0.632731
-0.125  -0.268764
-0.03125  -0.7194
-0.125  -0.637972
0.125  -0.559531
0  -0.602297
0.0625  -0.413319
0  -0.529223
-0.03125  -0.666009
0.125  -0.432382
0.125  -0.377041
0  -0.426926
0.125  -0.363928
-0.15625  -0.39606
-0.21875  -0.537559
0  -0.488818
-0.0625  -0.336624
0.09375  -0.515483
0.0625  -0.371838
0.15625  -0.30455
0.15625  -0.350758
0.03125  -0.363005
0.03125  -0.399784
-0.0625  -0.347803
0  -0.502896
0.0625  -0.512434
-0.25  -0.289554
0  -0.362171
0.03125  -0.364182
-0.15625  -0.370264
-0.125  -0.415076
0.125  -0.290565
0.09375  -0.372182
0.09375  -0.474455
-0.03125  -0.485497
-0.0625  -0.625399
0.03125  -0.571065
0.09375  -0.572445
-0.0625  -0.482243
0  -0.253017
-0.0625  -0.431432
0.09375  -0.604177
0.03125  -0.475254
0.125  -0.373569
0.125  -0.437976
0.0625  -0.663289
-0.0625  -0.405533
0.03125  -0.385537
0.03125  -0.311316
-0.1875  -0.571414
-0.0625  -0.58808
0.1875  -0.600167
-0.09375  -0.479388
0  -0.515969
0.15625  -0.504613
-0.09375  -0.320083
0  -0.363476
0.3125  -0.466622
0.0625  -0.415153
-0.1875  -0.539982
0.09375  -0.276745
-0.09375  -0.545452
-0.0625  -0.45674
-0.15625  -0.486791
0.25  -0.465352
0.25  -0.0958397
0.0625  -0.466699
-0.0625  -0.329084
0.125  -0.398878
0.03125  -0.396744
0.21875  -0.442734
-0.09375  -0.283684
0.03125  -0.499921
0.125  -0.482604
0.125  -0.33165
0.21875  -0.544734
0.15625  -0.304679
0.125  -0.405914
-0.09375  -0.626241
-0.0625  -0.392497
-0.09375  -0.207528
0.0625  -0.412524
-0.03125  -0.311641
-0.09375  -0.389525
0.125  -0.487966
-0.09375  -0.309533
0.25  -0.490991
0.09375  -0.555595
0.09375  -0.45374
0.03125  -0.474582
-0.09375  -0.605073
-0.21875  -0.518405
0.09375  -0.248337
-0.125  -0.312493
-0.125  -0.469996
-0.3125  -0.491492
-0.125  -0.469111
-0.28125  -0.542298
0.0625  -0.20111
-0.0625  -0.482833
0.03125  -0.462691
0.15625  -0.41959
-0.09375  -0.485226
0.1875  -0.567226
-0.03125  -0.276437
0.09375  -0.353472
-0.0625  -0.251278
0.03125  -0.363253
0.25  -0.465882
0.0625  -0.491804
-0.0625  -0.307474
0.03125  -0.421492
-0.0625  -0.457668
0.0625  -0.377822
0.03125  -0.646525
-0.0625  -0.689866
-0.03125  -0.358582
-0.3125  -0.42292
-0.03125  -0.565957
-0.03125  -0.593425
0.125  -0.479349
-0.125  -0.355
-0.09375  -0.417478
0.1875  -0.559072
0.0625  -0.399166
0.0625  -0.412397
-0.0625  -0.254856
-0.03125  -0.469847
0.03125  -0.250868
-0.125  -0.590157
0.03125  -0.572607
-0.0625  -0.45348
0  -0.40457
-0.125  -0.257433
-0.15625  -0.634164
-0.09375  -0.465376
0.15625  -0.558495
0.15625  -0.441156
-0.03125  -0.549748
0.15625  -0.383536
0.1875  -0.398284
0.03125  -0.424291
0.09375  -0.493347
0.15625  -0.555753
0.09375  -0.447504
0.0625  -0.484604
0.03125  -0.576843
0  -0.445283
0  -0.49435
-0.21875  -0.515053
0.21875  -0.224927
-0.09375  -0.516965
-0.1875  -0.54468
-0.0625  -0.687003
0.1875  -0.421003
0.1875  -0.131
-0.09375  -0.447183
0.0625  -0.583933
0.03125  -0.409381
0.15625  -0.462784
0.03125  -0.153524
0.0625  -0.540714
-0.28125  -0.360169
0.0625  -0.241844
-0.03125  -0.621302
-0.125  -0.408744
-0.1875  -0.290594
0.0625  -0.267379
-0.15625  -0.383044
-0.125  -0.325505
0.125  -0.494958
-0.34375  -0.371506
-0.03125  -0.310075
0.03125  -0.605762
-0.125  -0.595669
-0.0625  -0.336056
-0.0625  -0.590733
0.28125  -0.45556
-0.34375  -0.194227
-0.0625  -0.499127
0.1875  -0.352303
0.09375  -0.345338
0.03125  -0.419314
0  -0.502686
-0.15625  -0.522021
-0.09375  -0.467551
-0.03125  -0.238688
-0.125  -0.61312
0  -0.308306
-0.09375  -0.633187
-0.0625  -0.41311
0.28125  -0.344081
-0.1875  -0.428986
-0.09375  -0.432558
-0.03125  -0.420056
-0.15625  -0.581785
0  -0.381195
0  -0.286252
0.0625  -0.512041
0.09375  -0.350827
0.03125  -0.424378
0  -0.468619
-0.1875  -0.366666
-0.125  -0.347564
0.1875  -0.581437
-0.0625  -0.429852
-0.15625  -0.493872
-0.03125  -0.286193
0.0625  -0.399718
0.15625  -0.504196
0.09375  -0.390136
-0.0625  -0.575368
0.09375  -0.47938
0.34375  -0.304731
-0.03125  -0.408403
-0.21875  -0.367826
-0.28125  -0.300847
0.0625  -0.503411
0  -0.521933
0  -0.224244
0.03125  -0.416374
0.0625  -0.360385
-0.1875  -0.527848
-0.0625  -0.313416
0.15625  -0.439142
-0.0625  -0.461407
0.0625  -0.425228
0  -0.393059
-0.125  -0.424537
-0.09375  -0.344077
0  -0.473622
-0.0625  -0.365523
0.125  -0.564475
0.15625  -0.406052
0.09375  -0.625989
0.09375  -0.479735
0.03125  -0.371647
0.0625  -0.376256
0.03125  -0.322463
0.1875  -0.468525
0.03125  -0.446051
0  -0.347079
0  -0.255854
-0.03125  -0.484046
-0.15625  -0.538804
-0.15625  -0.245151
-0.1875  -0.432314
0  -0.121031
-0.125  -0.468868
0.125  -0.289244
-0.125  -0.375956
-0.03125  -0.633071
-0.125  -0.381929
-0.1875  -0.418017
0.03125  -0.482248
-0.34375  -0.358879
0.03125  -0.528851
0.1875  -0.406513
0  -0.422899
0.125  -0.280116
-0.21875  -0.484852
0.03125  -0.662396
0.0625  -0.608547
0.0625  -0.574675
-0.21875  -0.550416
-0.125  -0.433331
0.09375  -0.47331
0.03125  -0.21389
-0.25  -0.531248
0.09375  -0.433215
-0.0625  -0.490697
-0.125  -0.4848
0.03125  -0.586222
-0.15625  -0.375345
0.0625  -0.459714
0.1875  -0.421201
-0.03125  -0.363515
-0.03125  -0.367866
0.3125  -0.367538
-0.09375  -0.609751
0.21875  -0.468137
0.09375  -0.397239
-0.09375  -0.352026
0.09375  -0.664544
0.15625  -0.486721
0.03125  -0.24702
0.1875  -0.503432
-0.15625  -0.33553
-0.125  -0.3236
0.1875  -0.431693
0.1875  -0.617575
0.1875  -0.461309
0.125  -0.509479
0.125  -0.505026
-0.03125  -0.510761
0  -0.555332
0  -0.249031
0.09375  -0.453852
-0.0625  -0.624376
0.15625  -0.460302
0.125  -0.572202
0.1875  -0.443418
0.15625  -0.525672
-0.125  -0.550495
-0.0625  -0.442344
0.125  -0.385333
-0.1875  -0.467854
0.125  -0.451517
0.15625  -0.453244
-0.03125  -0.276923
-0.0625  -0.492665
-0.125  -0.336123
0.03125  -0.397445
-0.15625  -0.443822
-0.03125  -0.203582
0.03125  -0.44644
-0.03125  -0.300833
0.09375  -0.293969
0  -0.550517
0  -0.26349
0.03125  -0.234147
-0.15625  -0.461628
-0.15625  -0.442728
-0.125  -0.525626
-0.0625  -0.391552
-0.09375  -0.45576
0  -0.486048
0.15625  -0.443345
-0.15625  -0.50931
0.1875  -0.554102
0.03125  -0.398719
0.25  -0.398061
0.0625  -0.536124
0.03125  -0.421236
0  -0.483559
0  -0.545513
0.0625  -0.416151
0  -0.408229
-0.0625  -0.406581
0.125  -0.510545
-0.21875  -0.256954
0.0625  -0.400355
-0.125  -0.568332
-0.0625  -0.454638
0  -0.625506
0  -0.388268
-0.0625  -0.414308
0.125  -0.342172
-0.125  -0.297863
-0.15625  -0.461895
-0.0625  -0.553563
0.1875  -0.44266
0.125  -0.392056
0.125  -0.375307
0.1875  -0.439192
0.1875  -0.431886
0.0625  -0.429148
0.15625  -0.4394
-0.25  -0.457898
0  -0.495122
0.1875  -0.396102
0.15625  -0.409375
-0.125  -0.550071
-0.28125  -0.531883
0.15625  -0.510392
0.0625  -0.337866
0.03125  -0.439267
0  -0.517715
0.03125  -0.609299
0.03125  -0.359675
0.09375  -0.49109
0.03125  -0.400655
-0.09375  -0.607707
-0.15625  -0.319015
-0.0625  -0.475001
-0.375  -0.472684
0  -0.463595
0.3125  -0.346745
-0.0625  -0.420673
0.1875  -0.25696
0.1875  -0.707247
-0.15625  -0.584874
0.125  -0.52734
0.3125  -0.549143
0.0625  -0.428158
-0.15625  -0.58307
-0.09375  -0.503167
-0.0625  -0.568259
0.0625  -0.39964
0.03125  -0.48619
-0.03125  -0.544752
0  -0.318023
0.15625  -0.409007
-0.0625  -0.353529
-0.1875  -0.254664
-0.03125  -0.236097
0.03125  -0.462218
-0.0625  -0.543358
0.0625  -0.67169
-0.15625  -0.406787
0.125  -0.401792
0.03125  -0.39292
0.15625  -0.419918
-0.125  -0.387129
-0.15625  -0.59347
0.0625  -0.528383
0.21875  -0.504131
-0.125  -0.426278
-0.03125  -0.460736
0.1875  -0.315949
0.0625  -0.395281
0.0625  -0.59802
0.0625  -0.574286
0.125  -0.438298
0.09375  -0.317752
-0.28125  -0.657786
0  -0.505869
-0.125  -0.511508
0.0625  -0.268778
0.15625  -0.58752
-0.0625  -0.45269
-0.15625  -0.543828
0.0625  -0.267152
0.0625  -0.31434
0.03125  -0.490651
-0.03125  -0.325033
-0.0625  -0.502225
0.125  -0.223848
0.0625  -0.325108
0.0625  -0.564776
0  -0.251723
-0.21875  -0.466336
-0.0625  -0.501527
0.0625  -0.439369
-0.03125  -0.562899
0  -0.498072
0.03125  -0.429816
0  -0.632107
-0.0625  -0.320396
-0.0625  -0.397317
-0.1875  -0.249459
0.0625  -0.157894
-0.15625  -0.43343
0  -0.337159
-0.09375  -0.462037
-0.125  -0.312403
-0.15625  -0.462661
-0.09375  -0.529062
-0.1875  -0.616616
0.15625  -0.397458
0  -0.383505
-0.0625  -0.521637
0.09375  -0.393682
-0.03125  -0.338619
-0.09375  -0.440796
0.03125  -0.506961
0.1875  -0.444417
0.25  -0.280833
-0.03125  -0.383918
-0.21875  -0.46379
0  -0.197316
0.1875  -0.498132
-0.03125  -0.441702
-0.125  -0.314472
-0.1875  -0.560662
-0.15625  -0.466856
0.125  -0.39094
0.21875  -0.521517
0.15625  -0.489204
0  -0.360404
-0.0625  -0.448095
-0.0625  -0.583372
-0.0625  -0.442975
-0.125  -0.306129
0.03125  -0.282086
-0.21875  -0.463991
-0.1875  -0.507738
0.125  -0.399157
0.0625  -0.388184
0.0625  -0.470098
0.125  -0.382402
-0.375  -0.380978
0.125  -0.603367
-0.15625  -0.38237
-0.46875  -0.529868
0.25  -0.506611
0.03125  -0.395183
-0.03125  -0.320497
-0.03125  -0.455729
-0.03125  -0.381046
0  -0.387132
0.21875  -0.307943
0.125  -0.475465
0.03125  -0.542462
-0.0625  -0.442984
0  -0.506596
0.15625  -0.348419
-0.1875  -0.316604
0.125  -0.55052
0.15625  -0.705613
0.0625  -0.185158
0  -0.353451
-0.03125  -0.446636
0.21875  -0.442632
0.125  -0.502977
0.125  -0.405627
0  -0.357333
0.25  -0.405858
0.125  -0.263785
-0.125  -0.511206
0.03125  -0.196088
-0.0625  -0.580026
0.15625  -0.364178
-0.09375  -0.491706
-0.0625  -0.397406
0.03125  -0.295332
-0.0625  -0.0716601
0.0625  -0.42205
0  -0.4093
-0.03125  -0.387474
-0.125  -0.369523
0.3125  -0.538913
-0.03125  -0.308171
0.40625  -0.3633
0.0625  -0.561387
0.125  -0.39896
0.03125  -0.629565
0.0625  -0.284201
0.03125  -0.622065
-0.15625  -0.526692
-0.15625  -0.578887
0.0625  -0.532778
-0.09375  -0.456987
0.34375  -0.590726
0  -0.416023
-0.03125  -0.469928
-0.09375  -0.341538
0.0625  -0.449965
-0.03125  -0.263709
-0.09375  -0.529686
0.34375  -0.435887
0  -0.412034
-0.125  -0.475966
0  -0.330926
0.03125  -0.612269
0.125  -0.512248
-0.03125  -0.256095
-0.09375  -0.408075
0.0625  -0.433352
0.15625  -0.523237
0.0625  -0.545869
0.0625  -0.430435
0  -0.535194
-0.09375  -0.497746
-0.0625  -0.400827
0.3125  -0.478731
0.03125  -0.510748
-0.28125  -0.323767
-0.0625  -0.242181
0.03125  -0.4729
-0.09375  -0.52232
-0.09375  -0.444634
-0.21875  -0.627873
-0.03125  -0.495597
-0.09375  -0.53977
0.0625  -0.37071
-0.0625  -0.384566
-0.03125  -0.25499
-0.21875  -0.514541
0.0625  -0.34629
0.25  -0.496497
-0.0625  -0.400105
0  -0.397444
0.15625  -0.421579
-0.09375  -0.486841
0.03125  -0.402143
0.21875  -0.532571
0.125  -0.626233
-0.0625  -0.271385
0.1875  -0.547877
0.125  -0.520561
-0.03125  -0.296382
0  -0.394499
0  -0.630565
0.0625  -0.315448
0  -0.327577
0.28125  -0.45027
0.0625  -0.519021
-0.1875  -0.379125
0.125  -0.363291
0.0625  -0.356509
-0.03125  -0.481025
0.28125  -0.310147
0.3125  -0.368551
0  -0.321423
-0.125  -0.383496
0.0625  -0.345468
-0.03125  -0.549308
0.03125  -0.394874
0.1875  -0.445418
0  -0.418139
0.21875  -0.351231
0.125  -0.417156
0.03125  -0.295559
0.28125  -0.325767
-0.03125  -0.537453
-0.1875  -0.478089
0.125  -0.410211
0  -0.593617
0.1875  -0.286242
-0.1875  -0.341071
0.09375  -0.429655
-0.03125  -0.440846
0.15625  -0.282364
0.03125  -0.479897
-0.03125  -0.44612
-0.125  -0.504643
-0.15625  -0.385517
-0.125  -0.747912
0.03125  -0.330784
0.09375  -0.264358
0.09375  -0.562301
-0.21875  -0.48306
0.1875  -0.387844
-0.25  -0.484918
0.09375  -0.588135
0.15625  -0.385307
-0.125  -0.38734
0.15625  -0.351821
0  -0.613762
0.09375  -0.583217
0.09375  -0.372892
0.125  -0.515577
0  -0.473272
-0.1875  -0.4751
0.1875  -0.226288
0.09375  -0.429261
-0.03125  -0.517771
-0.15625  -0.386261
-0.0625  -0.55119
-0.03125  -0.485606
-0.125  -0.563981
-0.15625  -0.568235
-0.0625  -0.490966
-0.0625  -0.593704
0.03125  -0.447806
0.15625  -0.16262
-0.09375  -0.360678
-0.1875  -0.450016
0.125  -0.383266
-0.15625  -0.371039
0.0625  -0.440428
-0.09375  -0.319401
0  -0.466593
0.03125  -0.581819
-0.125  -0.157552
-0.09375  -0.232857
0  -0.595792
0.15625  -0.442938
-0.125  -0.569988
-0.0625  -0.293841
0.15625  -0.370905
0.09375  -0.210235
-0.03125  -0.243733
-0.125  -0.281761
-0.03125  -0.376937
-0.0625  -0.395515
0.3125  -0.349398
0.34375  -0.422596
0.09375  -0.62427
0.1875  -0.34209
-0.28125  -0.556022
-0.0625  -0.164667
0.0625  -0.568788
0.03125  -0.410782
-0.09375  -0.292805
-0.0625  -0.397064
0  -0.534845
0  -0.279477
0.09375  -0.592699
-0.03125  -0.563275
0.09375  -0.383309
-0.34375  -0.48606
0  -0.49436
0.34375  -0.470588
-0.0625  -0.298256
-0.0625  -0.454268
0.125  -0.589195
0.15625  -0.492545
0.03125  -0.408057
0.125  -0.343227
-0.0625  -0.34545
-0.15625  -0.603656
0.21875  -0.453997
-0.21875  -0.500012
0.09375  -0.510884
0.21875  -0.538739
-0.09375  -0.387396
0.15625  -0.345666
0.1875  -0.418356
-0.03125  -0.334402
-0.125  -0.317795
-0.03125  -0.334293
0.09375  -0.473607
0  -0.385198
-0.28125  -0.472507
-0.03125  -0.302885
0.09375  -0.368169
-0.03125  -0.306703
0.0625  -0.435776
0.03125  -0.404993
0.1875  -0.434467
0.15625  -0.342598
-0.09375  -0.477695
-0.125  -0.472356
0.15625  -0.435441
0.0625  -0.291593
-0.09375  -0.397023
0.0625  -0.21001
-0.09375  -0.262941
-0.1875  -0.519144
-0.03125  -0.248076
-0.09375  -0.477905
0.15625  -0.576288
0.03125  -0.363372
-0.0625  -0.456757
0.03125  -0.148537
0.0625  -0.402267
-0.03125  -0.536134
0.15625  -0.392507
0.09375  -0.450377
-0.15625  -0.431664
0.03125  -0.592372
-0.03125  -0.508781
-0.0625  -0.510977
0.15625  -0.482004
-0.125  -0.517759
0.03125  -0.482736
-0.03125  -0.609583
-0.15625  -0.347489
0.03125  -0.212815
0  -0.578127
-0.0625  -0.449872
-0.03125  -0.618033
0.15625  -0.377235
0  -0.515952
-0.0625  -0.420571
0.15625  -0.368219
-0.1875  -0.359372
-0.0625  -0.434703
0.03125  -0.447407
-0.0625  -0.640923
-0.09375  -0.398979
-0.15625  -0.36187
0.125  -0.655646
-0.0625  -0.635013
-0.125  -0.483547
0.0625  -0.431245
0.09375  -0.526846
0.125  -0.54843
0.21875  -0.315628
0.09375  -0.475151
0  -0.414569
0.03125  -0.507293
0.3125  -0.447107
0  -0.384365
0.21875  -0.407248
-0.21875  -0.315046
0  -0.478519
0.21875  -0.63771
0.125  -0.642725
0  -0.18222
0.1875  -0.623732
-0.03125  -0.348816
0  -0.589534
0  -0.341663
0.03125  -0.44612
-0.28125  -0.268709
-0.125  -0.180659
0.25  -0.363091
0.0625  -0.414772
0.09375  -0.279069
0.09375  -0.453831
-0.1875  -0.386395
0.03125  -0.574144
0.09375  -0.559433
0  -0.448065
-0.09375  -0.605397
0.09375  -0.512075
0.15625  -0.49295
0  -0.483647
0.15625  -0.349842
0.09375  -0.487301
0.125  -0.430853
-0.0625  -0.473229
-0.21875  -0.447414
0  -0.334434
-0.03125  -0.0916584
0.15625  -0.407696
-0.09375  -0.562314
0.0625  -0.356976
-0.09375  -0.462862
0.03125  -0.533732
0  -0.270767
0.03125  -0.512577
-0.125  -0.359429
0.03125  -0.506486
0.25  -0.537938
-0.0625  -0.469789
0.03125  -0.331459
-0.125  -0.453174
-0.15625  -0.502761
0.125  -0.583223
0.125  -0.519941
0.25  -0.400003
-0.09375  -0.515923
0.25  -0.182262
-0.28125  -0.552554
-0.28125  -0.488146
-0.0625  -0.333643
-0.125  -0.709546
0.1875  -0.430554
0.09375  -0.536516
-0.09375  -0.329421
0.09375  -0.439574
-0.125  -0.375013
-0.15625  -0.458135
0  -0.498219
-0.15625  -0.415388
0  -0.387952
-0.1875  -0.455091
-0.21875  -0.53984
-0.125  -0.515299
-0.1875  -0.289893
0.0625  -0.319372
0.03125  -0.144736
-0.0625  -0.392398
-0.15625  -0.40302
-0.125  -0.480626
0  -0.509026
-0.03125  -0.254058
-0.03125  -0.330301
0.0625  -0.553346
0.0625  -0.493693
0.03125  -0.45399
0.0625  -0.430175
0.15625  -0.382036
0.09375  -0.392894
-0.03125  -0.422177
-0.0625  -0.669187
-0.03125  -0.328488
0  -0.434286
-0.1875  -0.249001
-0.125  -0.323729
0.0625  -0.558824
0.15625  -0.277602
0.125  -0.440283
-0.125  -0.262488
-0.03125  -0.539123
-0.09375  -0.44517
0.25  -0.396266
-0.3125  -0.418081
0.0625  -0.570685
-0.0625  -0.413929
0.03125  -0.581535
0  -0.532539
0.15625  -0.378376
0.0625  -0.425595
-0.09375  -0.317786
0.03125  -0.490229
-0.03125  -0.421153
0  -0.487517
0.1875  -0.444852
-0.03125  -0.470892
-0.1875  -0.578136
0.25  -0.449979
-0.03125  -0.642375
-0.125  -0.663277
0.03125  -0.600086
0.1875  -0.560783
-0.03125  -0.35649
-0.3125  -0.368092
0.09375  -0.345402
-0.3125  -0.526517
0.09375  -0.568025
-0.03125  -0.364587
0.0625  -0.277019
-0.0625  -0.679957
0.1875  -0.293199
0.03125  -0.447859
0.03125  -0.423021
-0.125  -0.417144
0.09375  -0.524177
0.03125  -0.468908
-0.125  -0.459845
-0.21875  -0.591738
0.03125  -0.470512
0.15625  -0.464087
0.03125  -0.307994
0.09375  -0.539382
0.09375  -0.534888
0.15625  -0.567949
0.03125  -0.582795
-0.1875  -0.526472
-0.1875  -0.234482
0.125  -0.353823
-0.15625  -0.596136
0  -0.38687
-0.125  -0.362128
0.0625  -0.508879
0.09375  -0.198343
-0.09375  -0.370295
-0.0625  -0.586093
0.125  -0.465169
0.09375  -0.505887
0.0625  -0.535916
-0.3125  -0.623771
0.25  -0.367547
-0.15625  -0.428561
0.1875  -0.438685
-0.1875  -0.580255
0.09375  -0.272455
0.0625  -0.387087
0.0625  -0.411619
-0.125  -0.458655
0.125  -0.535484
-0.03125  -0.567739
-0.1875  -0.549118
-0.15625  -0.484527
-0.0625  -0.367798
0.09375  -0.483516
0.125  -0.429748
0.15625  -0.408763
-0.09375  -0.335927
-0.125  -0.4613
0.03125  -0.514629
-0.1875  -0.4161
0.125  -0.508178
-0.03125  -0.372089
0.15625  -0.496196
-0.1875  -0.442869
-0.0625  -0.338908
0.0625  -0.232488
0.03125  -0.432616
0.125  -0.287868
-0.0625  -0.502748
0.125  -0.4157
0.03125  -0.268299
-0.0625  -0.486622
-0.25  -0.464561
0.0625  -0.51603
-0.21875  -0.52439
0.09375  -0.460009
0.28125  -0.486975
0.1875  -0.380558
-0.125  -0.492271
-0.28125  -0.523711
0.03125  -0.450013
0.09375  -0.576887
-0.09375  -0.555245
-0.0625  -0.591772
-0.25  -0.651027
0.125  -0.427042
-0.09375  -0.546072
-0.40625  -0.477029
-0.03125  -0.469447
0  -0.585712
0.1875  -0.482495
0  -0.388678
0.09375  -0.471844
0  -0.509412
0  -0.617762
-0.09375  -0.267996
-0.09375  -0.382666
0.125  -0.263866
0  -0.401162
0.21875  -0.321018
-0.21875  -0.530355
0  -0.582424
-0.03125  -0.265753
0.125  -0.508787
0.125  -0.466654
0.15625  -0.310475
0  -0.324085
-0.21875  -0.520197
0.09375  -0.42631
0.0625  -0.482681
0.0625  -0.244288
-0.0625  -0.646024
-0.125  -0.526468
0.125  -0.403341
-0.0625  -0.587294
-0.0625  -0.389014
-0.21875  -0.431957
-0.125  -0.390488
-0.0625  -0.441715
-0.375  -0.305738
-0.03125  -0.645071
-0.28125  -0.400336
-0.125  -0.458395
-0.1875  -0.584456
-0.03125  -0.760179
0.0625  -0.500705
-0.09375  -0.53372
-0.21875  -0.315059
0.1875  -0.216281
-0.15625  -0.422491
0  -0.546888
0.15625  -0.569703
0.0625  -0.485984
-0.375  -0.510113
-0.0625  -0.515078
0  -0.647534
0  -0.419784
-0.125  -0.472449
0  -0.551301
-0.0625  -0.563373
-0.0625  -0.394034
0.09375  -0.418156
0.03125  -0.388149
0  -0.46474
-0.09375  -0.552543
-0.21875  -0.38587
-0.09375  -0.464007
0.25  -0.275697
-0.0625  -0.34617
-0.28125  -0.218865
-0.125  -0.353013
0.03125  -0.234297
0.125  -0.507782
0.0625  -0.582848
0.125  -0.41515
-0.15625  -0.406049
0.03125  -0.510436
0.09375  -0.444298
0.03125  -0.407287
0  -0.670468
-0.125  -0.447802
0  -0.443773
0.1875  -0.43815
0.21875  -0.495212
0.03125  -0.594103
0.125  -0.524858
0.03125  -0.427781
-0.125  -0.391633
-0.125  -0.377939
0.1875  -0.443983
0.15625  -0.599263
-0.0625  -0.501821
-0.03125  -0.545007
-0.03125  -0.441519
-0.125  -0.629761
-0.03125  -0.343055
-0.03125  -0.419768
0.25  -0.47903
0.21875  -0.352925
-0.03125  -0.627593
0.21875  -0.463849
-0.03125  -0.449992
0  -0.368096
0.125  -0.478547
-0.0625  -0.441773
0.125  -0.572222
0.1875  -0.32842
-0.03125  -0.323761
0.25  -0.452268
0.125  -0.397317
0.03125  -0.727273
0.125  -0.511954
-0.09375  -0.299228
-0.125  -0.535465
0.09375  -0.612616
0.09375  -0.347066
0  -0.241649
-0.0625  -0.397494
0.03125  -0.512403
0.1875  -0.317924
-0.0625  -0.58962
0.125  -0.443762
-0.125  -0.372919
0.1875  -0.393257
0.21875  -0.534164
0.09375  -0.431471
-0.03125  -0.552237
0.125  -0.374383
-0.1875  -0.407584
0.15625  -0.535638
-0.03125  -0.604865
-0.09375  -0.523129
0.03125  -0.356992
0.0625  -0.477175
-0.21875  -0.52172
-0.03125  -0.205441
0  -0.519512
-0.03125  -0.411028
-0.1875  -0.586979
0.15625  -0.45399
-0.09375  -0.560429
0.09375  -0.469329
0.0625  -0.492648
-0.09375  -0.328531
0  -0.515387
-0.0625  -0.533036
-0.21875  -0.510262
0.1875  -0.25368
0.0625  -0.468187
-0.125  -0.600715
0.125  -0.240874
-0.15625  -0.519065
0.15625  -0.198877
-0.03125  -0.323959
-0.1875  -0.6411
-0.25  -0.375921
0.0625  -0.434484
0.0625  -0.413878
0.03125  -0.578527
0.09375  -0.569015
-0.03125  -0.473919
-0.03125  -0.478518
-0.125  -0.327979
-0.09375  -0.342719
0.15625  -0.379613
0  -0.395625
-0.03125  -0.369865
-0.03125  -0.475129
0  -0.268175
0.125  -0.360801
0.0625  -0.475625
0.09375  -0.358857
-0.0625  -0.368058
-0.09375  -0.409241
-0.03125  -0.594787
-0.1875  -0.670548
-0.0625  -0.31949
0.125  -0.508178
0.15625  -0.454669
0.0625  -0.538331
-0.09375  -0.494988
0.1875  -0.361325
0.0625  -0.600972
0.15625  -0.4831
-0.0625  -0.524017
0.0625  -0.41655
0.03125  -0.413081
0.03125  -0.534229
-0.03125  -0.524028
-0.21875  -0.334145
0.15625  -0.439225
0.03125  -0.106315
0.03125  -0.447344
-0.0625  -0.439018
0.21875  -0.622861
-0.1875  -0.54754
-0.125  -0.387922
-0.15625  -0.358886
-0.03125  -0.548769
0.09375  -0.439604
0.25  -0.471579
-0.15625  -0.482057
0.1875  -0.379659
0.09375  -0.431018
-0.15625  -0.288403
0.03125  -0.402132
0.0625  -0.636215
0  -0.35484
0.0625  -0.393184
-0.09375  -0.412814
0.09375  -0.337086
-0.09375  -0.528426
0.03125  -0.490454
-0.3125  -0.554829
0.25  -0.455888
0  -0.489855
-0.09375  -0.501796
0.03125  -0.229528
-0.09375  -0.437202
-0.09375  -0.281259
-0.0625  -0.479298
0  -0.436494
0.21875  -0.398984
-0.0625  -0.466993
-0.125  -0.529566
0.125  -0.51896
-0.0625  -0.370281
0.03125  -0.477728
-0.0625  -0.289819
-0.03125  -0.441195
0.0625  -0.600859
0.125  -0.427829
0  -0.411857
-0.03125  -0.455851
0.125  -0.551634
0.09375  -0.324108
-0.125  -0.43842
-0.28125  -0.318352
-0.125  -0.42661
-0.125  -0.473783
-0.03125  -0.407513
-0.0625  -0.595751
-0.03125  -0.603952
-0.15625  -0.413477
0  -0.389247
-0.125  -0.366616
0.03125  -0.429908
0.28125  -0.406319
-0.28125  -0.476617
0.09375  -0.370478
-0.125  -0.57241
-0.21875  -0.403651
0  -0.356469
0.03125  -0.260686
-0.0625  -0.231116
0.15625  -0.487436
-0.125  -0.36187
-0.0625  -0.418329
0.09375  -0.325768
-0.09375  -0.421507
0.03125  -0.348013
-0.09375  -0.396593
-0.03125  -0.449151
-0.25  -0.419418
0.1875  -0.421481
0.03125  -0.322262
0.125  -0.429958
0.03125  -0.442938
-0.09375  -0.53518
0.15625  -0.440425
-0.03125  -0.419957
0.125  -0.30656
0.1875  -0.316716
-0.0625  -0.447939
0.09375  -0.509853
-0.15625  -0.301289
-0.09375  -0.578224
-0.0625  -0.623615
-0.0625  -0.305654
-0.125  -0.502349
-0.03125  -0.51527
0.25  -0.440842
0.1875  -0.666673
0.125  -0.431366
-0.125  -0.3533
0.125  -0.451232
0  -0.390894
0.1875  -0.392042
0  -0.477523
-0.21875  -0.439137
0.0625  -0.5081
-0.03125  -0.365717
0.1875  -0.587409
0.03125  -0.421191
0.0625  -0.350249
0.0625  -0.499292
0.125  -0.441523
0  -0.366545
0.4375  -0.362019
-0.21875  -0.581317
0.03125  -0.377784
-0.0625  -0.406375
-0.0625  -0.236297
0  -0.361455
0.0625  -0.534332
0  -0.527749
-0.0625  -0.412013
-0.0625  -0.432398
0.03125  -0.434647
0  -0.45325
-0.15625  -0.403952
0.125  -0.390613
0.03125  -0.547302
-0.15625  -0.559764
0.03125  -0.359712
0.15625  -0.641083
-0.09375  -0.385463
-0.0625  -0.400726
-0.09375  -0.309112
-0.15625  -0.589691
-0.125  -0.508092
-0.15625  -0.277123
-0.09375  -0.291439
-0.375  -0.336245
0.21875  -0.390391
0  -0.435207
-0.09375  -0.450645
-0.0625  -0.299416
0.0625  -0.281383
-0.15625  -0.534464
0.0625  -0.370986
-0.125  -0.566132
-0.03125  -0.439254
-0.09375  -0.383252
-0.0625  -0.346197
0  -0.555914
-0.1875  -0.325408
-0.0625  -0.294774
0.1875  -0.574791
0.1875  -0.455188
-0.125  -0.394444
0.03125  -0.355128
0.0625  -0.306488
0.09375  -0.379
0.15625  -0.418564
-0.125  -0.572321
-0.0625  -0.370153
0.03125  -0.609666
-0.21875  -0.217575
0  -0.268583
0.09375  -0.405455
-0.0625  -0.526038
-0.3125  -0.554815
0.03125  -0.502574
-0.03125  -0.565621
-0.03125  -0.314052
-0.09375  -0.427277
0.21875  -0.477443
0.03125  -0.548488
0.09375  -0.40499
0  -0.290041
-0.0625  -0.513272
-0.125  -0.316534
0.03125  -0.546887
0.09375  -0.412409
-0.125  -0.647129
0.125  -0.418222
0.03125  -0.456305
-0.03125  -0.467719
-0.15625  -0.372956
0.09375  -0.413663
0  -0.360344
-0.25  -0.394521
0.0625  -0.478605
-0.125  -0.309101
-0.0625  -0.294541
0.03125  -0.557702
0  -0.60396
0  -0.320353
-0.0625  -0.689027
0.125  -0.320673
-0.0625  -0.40727
0  -0.719604
0.09375  -0.472428
-0.03125  -0.539698
0.125  -0.347692
0.03125  -0.456225
0.09375  -0.379082
0.125  -0.498264
-0.03125  -0.364375
-0.0625  -0.671948
-0.09375  -0.413005
0.03125  -0.392095
-0.09375  -0.610176
-0.0625  -0.385922
0.34375  -0.406601
-0.125  -0.325033
0  -0.610011
-0.0625  -0.354918
-0.09375  -0.208919
0.09375  -0.591626
0.125  -0.441287
-0.0625  -0.14509
-0.125  -0.426745
0.125  -0.429589
0.28125  -0.44637
-0.25  -0.227696
-0.125  -0.394302
-0.0625  -0.378284
0.09375  -0.503093
0.03125  -0.604204
0.09375  -0.338709
0.15625  -0.527835
-0.09375  -0.279298
0.03125  -0.446121
-0.03125  -0.292413
-0.0625  -0.53475
-0.125  -0.254735
0.0625  -0.376339
-0.125  -0.412014
-0.125  -0.562415
0.03125  -0.343594
0.03125  -0.158791
0.1875  -0.506607
0.03125  -0.57517
0.15625  -0.515957
0.0625  -0.469092
0.0625  -0.382762
0.09375  -0.60249
0.09375  -0.474108
0.125  -0.429507
-0.09375  -0.226171
0.0625  -0.626796
0.125  -0.595637
0.125  -0.415
0  -0.616344
-0.0625  -0.520729
-0.1875  -0.308562
0.21875  -0.559253
0  -0.313607
-0.125  -0.396016
0  -0.165445
0.21875  -0.447591
0.125  -0.654306
0.03125  -0.312802
0.09375  -0.300851
0.03125  -0.636109
0.0625  -0.289666
-0.25  -0.452841
-0.09375  -0.420384
0.03125  -0.450702
0.1875  -0.409401
-0.09375  -0.542586
0.0625  -0.289828
0.15625  -0.367461
0.0625  -0.229792
-0.03125  -0.447915
0.0625  -0.575898
-0.03125  -0.343838
-0.03125  -0.480129
-0.03125  -0.130201
-0.0625  -0.400418
0.03125  -0.445295
-0.09375  -0.380211
-0.125  -0.475151
-0.1875  -0.491491
-0.03125  -0.523605
-0.0625  -0.292536
-0.0625  -0.582292
-0.0625  -0.560263
-0.0625  -0.518652
0.0625  -0.153459
-0.09375  -0.477838
-0.125  -0.448936
0.125  -0.211651
-0.21875  -0.452036
0.21875  -0.371457
-0.0625  -0.462148
-0.03125  -0.309351
-0.0625  -0.469004
-0.15625  -0.450084
0.03125  -0.493895
-0.09375  -0.40453
0.1875  -0.491591
0.15625  -0.469354
0.15625  -0.332398
-0.1875  -0.291994
0.0625  -0.506113
-0.03125  -0.47104
0.375  -0.511367
0.0625  -0.538875
0.21875  -0.414427
-0.09375  -0.501956
0.03125  -0.647989
-0.09375  -0.593017
-0.03125  -0.462263
-0.0625  -0.422353
0.09375  -0.172531
-0.0625  -0.495144
0.0625  -0.413459
0.0625  -0.558752
-0.09375  -0.416446
0.125  -0.293524
-0.09375  -0.640768
0  -0.457819
-0.0625  -0.545656
-0.03125  -0.327331
-0.125  -0.490056
-0.0625  -0.555421
-0.15625  -0.51568
0.0625  -0.356479
0.15625  -0.459889
0  -0.399706
0.25  -0.675714
-0.09375  -0.524716
-0.21875  -0.528527
0.03125  -0.390098
0.15625  -0.521778
0.0625  -0.569779
-0.125  -0.504152
-0.15625  -0.529973
0  -0.320188
-0.15625  -0.321706
0  -0.466027
0.0625  -0.269364
0.0625  -0.401246
-0.09375  -0.447059
0.0625  -0.605931
0  -0.489162
-0.15625  -0.713411
0.15625  -0.483729
0.03125  -0.410702
-0.09375  -0.507492
0.09375  -0.480837
0.125  -0.426438
0.28125  -0.519584
-0.09375  -0.52308
-0.125  -0.391028
0.15625  -0.40351
-0.0625  -0.338211
-0.03125  -0.502007
0.125  -0.503879
0  -0.140266
-0.09375  -0.507959
0.15625  -0.610077
0.28125  -0.455765
0.09375  -0.450201
-0.03125  -0.491317
0.09375  -0.481499
0.0625  -0.213378
-0.09375  -0.162862
0.09375  -0.521178
-0.15625  -0.489753
0.03125  -0.293056
0.21875  -0.478714
0.09375  -0.29614
0.0625  -0.453415
-0.0625  -0.402883
-0.15625  -0.455322
-0.375  -0.319349
-0.0625  -0.217025
0.03125  -0.364412
0.28125  -0.45749
0.15625  -0.344851
0.03125  -0.375912
0.09375  -0.403387
-0.03125  -0.48909
-0.09375  -0.37232
0.09375  -0.597138
-0.25  -0.5143
-0.03125  -0.446727
0.09375  -0.495175
-0.0625  -0.603114
0  -0.367578
-0.0625  -0.480505
-0.0625  -0.511151
0  -0.599265
0.1875  -0.343069
-0.0625  -0.434546
-0.3125  -0.507933
0  -0.381849
0.0625  -0.466368
0.21875  -0.561257
-0.0625  -0.491319
0.0625  -0.253318
0.15625  -0.371393
-0.03125  -0.239041
-0.03125  -0.324479
0.125  -0.422568
0.03125  -0.306861
-0.09375  -0.510115
0.125  -0.516134
-0.15625  -0.489014
0  -0.411061
0.09375  -0.397594
-0.15625  -0.488496
0.125  -0.401177
-0.03125  -0.428857
-0.15625  -0.607341
-0.0625  -0.565487
-0.28125  -0.449487
0  -0.399482
0.1875  -0.402889
-0.1875  -0.235097
0.03125  -0.376639
0.1875  -0.285011
0.03125  -0.384646
-0.03125  -0.382207
0.0625  -0.475934
-0.125  -0.449127
-0.15625  -0.602893
-0.09375  -0.436644
0.21875  -0.537525
0  -0.526915
-0.15625  -0.397102
0.09375  -0.638935
0.03125  -0.469981
-0.125  -0.315728
-0.125  -0.462726
0.15625  -0.243355
-0.03125  -0.3774
-0.21875  -0.412972
0.03125  -0.555204
-0.21875  -0.549772
0.09375  -0.514429
-0.125  -0.523493
0.0625  -0.429398
0.15625  -0.277053
-0.125  -0.3123
-0.03125  -0.447232
-0.25  -0.490344
0.125  -0.35474
0  -0.455669
-0.09375  -0.228219
-0.0625  -0.41125
-0.15625  -0.403074
0  -0.405817
0  -0.410418
0.09375  -0.444467
0  -0.555146
-0.21875  -0.569385
-0.15625  -0.60161
0.03125  -0.459725
0  -0.255988
-0.21875  -0.562559
-0.03125  -0.550799
-0.03125  -0.516113
0.15625  -0.599174
-0.0625  -0.3571
-0.125  -0.406305
0  -0.573019
-0.125  -0.600638
-0.0625  -0.433191
0.03125  -0.402824
-0.09375  -0.233121
0.15625  -0.485567
0.03125  -0.566321
-0.03125  -0.476443
0.3125  -0.369824
0.21875  -0.469261
-0.03125  -0.493629
0.03125  -0.424888
0.03125  -0.337875
-0.25  -0.502997
0  -0.429732
0  -0.619119
-0.125  -0.691904
-0.15625  -0.260624
-0.15625  -0.281621
-0.0625  -0.262761
0.09375  -0.301002
-0.15625  -0.545592
0.03125  -0.427162
-0.09375  -0.392601
0.125  -0.221473
-0.0625  -0.5305
0.09375  -0.540187
0.03125  -0.416341
0.28125  -0.317078
0.15625  -0.591021
0.25  -0.213503
0  -0.332268
-0.0625  -0.520977
0.0625  -0.60809
0  -0.528053
-0.03125  -0.272921
-0.25  -0.363148
0.0625  -0.422043
0.1875  -0.473595
-0.15625  -0.37862
0.15625  -0.510009
0.0625  -0.612862
0.125  -0.550244
-0.09375  -0.508935
0.1875  -0.334157
0.03125  -0.592263
-0.0625  -0.465692
0.15625  -0.574061
-0.09375  -0.668162
0  -0.391759
-0.03125  -0.488642
-0.0625  -0.282777
0  -0.495803
0.15625  -0.679827
-0.1875  -0.529529
0.03125  -0.325787
0  -0.566472
-0.03125  -0.517847
-0.1875  -0.340213
0.21875  -0.361582
-0.03125  -0.568843
-0.15625  -0.308733
-0.125  -0.600648
-0.0625  -0.577768
-0.15625  -0.445645
0.25  -0.610639
-0.03125  -0.3638
0.0625  -0.211426
0.0625  -0.263341
0.15625  -0.48318
0.03125  -0.438095
0.03125  -0.553389
0  -0.368489
0.21875  -0.417541
0.125  -0.485946
0.15625  -0.430786
-0.1875  -0.398835
-0.125  -0.575229
0.0625  -0.500423
-0.28125  -0.35876
0.15625  -0.360976
-0.0625  -0.283575
-0.03125  -0.364405
-0.09375  -0.373048
0  -0.347227
0.15625  -0.521327
0.0625  -0.376776
-0.09375  -0.620155
-0.0625  -0.518276
0.1875  -0.583135
-0.25  -0.540397
-0.03125  -0.35209
-0.15625  -0.352856
0.0625  -0.477909
-0.21875  -0.586557
-0.1875  -0.57084
0.15625  -0.637127
0  -0.709149
0.15625  -0.537245
0.1875  -0.262833
0.09375  -0.335238
0.15625  -0.509936
-0.15625  -0.380266
0.0625  -0.578366
-0.03125  -0.330121
-0.21875  -0.424983
0.25  -0.526012
0.125  -0.366761
-0.09375  -0.519993
-0.09375  -0.344988
0.125  -0.412768
0.125  -0.455194
-0.0625  -0.47917
0.03125  -0.410279
-0.0625  -0.51745
-0.03125  -0.502727
-0.25  -0.582355
-0.125  -0.457796
0  -0.421515
0.21875  -0.3639
-0.125  -0.597568
0.0625  -0.485859
0.03125  -0.309638
0.125  -0.314069
0  -0.364533
0  -0.448354
-0.03125  -0.465688
0.125  -0.446625
0.03125  -0.424184
-0.34375  -0.430276
-0.09375  -0.483082
0.0625  -0.450793
0  -0.313202
-0.09375  -0.587142
0.09375  -0.585402
-0.03125  -0.512527
0  -0.529419
-0.09375  -0.396848
-0.25  -0.392595
0  -0.328255
0.15625  -0.541955
-0.1875  -0.615002
0.09375  -0.547149
-0.03125  -0.333172
0  -0.501946
0  -0.632612
0.125  -0.393768
-0.1875  -0.26006
-0.21875  -0.591091
0.0625  -0.441121
-0.21875  -0.417479
0.125  -0.634012
0.125  -0.446548
-0.3125  -0.550241
0.03125  -0.624067
0.09375  -0.359624
-0.03125  -0.545145
-0.125  -0.441136
-0.09375  -0.409958
0.0625  -0.257897
-0.09375  -0.48393
0.21875  -0.386865
0.1875  -0.326331
0.03125  -0.539007
0.03125  -0.242752
0.125  -0.685575
-0.125  -0.251689
0.1875  -0.34796
0.125  -0.338668
0  -0.421467
0.03125  -0.394091
0.1875  -0.336596
-0.125  -0.358594
-0.09375  -0.394049
0.09375  -0.278487
0.125  -0.511076
0.125  -0.611895
0.15625  -0.390197
-0.0625  -0.497852
-0.125  -0.278151
-0.0625  -0.597945
0.03125  -0.415628
-0.03125  -0.47048
0  -0.632444
0.03125  -0.553511
0.03125  -0.27405
-0.0625  -0.283401
0.0625  -0.365953
0.09375  -0.452763
-0.125  -0.545497
0.15625  -0.424266
-0.28125  -0.0704876
-0.125  -0.459476
0.09375  -0.475433
-0.0625  -0.542143
0.125  -0.550586
0.3125  -0.432331
0.15625  -0.603052
0.0625  -0.500932
-0.03125  -0.470409
0.1875  -0.581963
-0.0625  -0.401673
0  -0.515097
-0.03125  -0.468828
-0.125  -0.484814
-0.0625  -0.341116
0.03125  -0.478751
0.09375  -0.393762
-0.125  -0.570992
0.09375  -0.447854
0.09375  -0.332827
0.4375  -0.691574
-0.03125  -0.422176
0.09375  -0.380838
-0.09375  -0.386655
-0.09375  -0.226909
-0.3125  -0.373274
0  -0.475683
-0.03125  -0.599527
0.09375  -0.384623
-0.15625  -0.370726
0  -0.562251
-0.03125  -0.50577
-0.125  -0.235361
0.28125  -0.383582
-0.03125  -0.39295
-0.09375  -0.476718
0.03125  -0.423714
0.15625  -0.378907
-0.25  -0.337626
-0.40625  -0.665489
-0.125  -0.472779
-0.0625  -0.385545
-0.09375  -0.521128
0.15625  -0.5628
0.125  -0.448138
-0.09375  -0.34148
0.0625  -0.246374
0  -0.355089
-0.0625  -0.356422
0.125  -0.445573
-0.28125  -0.345012
0  -0.48961
0.15625  -0.379805
-0.0625  -0.544514
-0.09375  -0.329315
-0.09375  -0.422246
0  -0.492023
0.15625  -0.551712
0.0625  -0.513626
0  -0.451246
-0.0625  -0.516188
-0.09375  -0.432803
0.09375  -0.388253
0.03125  -0.477201
-0.1875  -0.334765
0.09375  -0.445841
0.03125  -0.417611
-0.0625  -0.610191
-0.09375  -0.32085
-0.09375  -0.317866
-0.0625  -0.631562
0.0625  -0.495881
0.03125  -0.627107
-0.125  -0.491705
0.03125  -0.36953
-0.03125  -0.610988
0.25  -0.578438
-0.03125  -0.486381
-0.03125  -0.659267
0  -0.483285
0.03125  -0.484026
-0.3125  -0.465339
0  -0.456873
-0.09375  -0.413598
0.0625  -0.38927
-0.03125  -0.540332
-0.09375  -0.578496
0.03125  -0.332941
0  -0.454
0.0625  -0.270236
0.25  -0.419983
0.0625  -0.460837
-0.09375  -0.0927998
-0.0625  -0.440009
0.125  -0.353655
-0.03125  -0.356624
0.125  -0.492917
-0.03125  -0.549479
-0.0625  -0.293645
-0.03125  -0.428391
0.09375  -0.385392
0  -0.447004
0.0625  -0.409924
-0.21875  -0.416441
0  -0.419373
-0.03125  -0.591117
-0.0625  -0.541582
0.0625  -0.654479
0.125  -0.55284
-0.15625  -0.511842
0.0625  -0.38456
0.125  -0.51026
0.125  -0.225765
-0.15625  -0.430939
-0.09375  -0.210667
0.125  -0.534201
-0.1875  -0.481998
0.0625  -0.325367
-0.0625  -0.532794
0.125  -0.43361
0  -0.514438
-0.03125  -0.541228
0.03125  -0.348588
0.125  -0.625625
0.1875  -0.376343
-0.3125  -0.418156
-0.28125  -0.293139
0.0625  -0.498105
0  -0.582595
0.1875  -0.309049
0.15625  -0.478919
0.34375  -0.39963
-0.1875  -0.587257
0.125  -0.586542
0  -0.310227
0.09375  -0.461356
-0.09375  -0.477857
-0.03125  -0.356507
-0.125  -0.343393
-0.125  -0.508793
0.09375  -0.430986
0.03125  -0.46208
0.15625  -0.333878
-0.03125  -0.461307
-0.03125  -0.445174
-0.125  -0.389072
-0.15625  -0.504127
-0.0625  -0.381665
-0.1875  -0.608198
-0.03125  -0.503163
0  -0.474705
-0.0625  -0.656204
0  -0.404701
-0.125  -0.465368
-0.25  -0.565892
0  -0.631856
-0.0625  -0.596922
0.15625  -0.50945
-0.25  -0.29139
0.15625  -0.397531
0.09375  -0.427395
-0.09375  -0.378492
-0.09375  -0.542677
0  -0.339594
-0.125  -0.292155
-0.28125  -0.368087
-0.0625  -0.582251
0.15625  -0.556008
-0.09375  -0.215654
0.25  -0.518838
0.03125  -0.515204
-0.0625  -0.318187
-0.125  -0.405609
-0.25  -0.509236
0.0625  -0.639361
0  -0.317905
-0.0625  -0.272824
0.21875  -0.56653
-0.09375  -0.451305
-0.03125  -0.634558
0.1875  -0.465305
0  -0.515994
0  -0.0540242
0.03125  -0.481642
-0.0625  -0.337374
0  -0.196058
-0.0625  -0.611427
-0.03125  -0.456856
0.09375  -0.382854
-0.125  -0.498134
0.09375  -0.570256
0.09375  -0.43135
0.03125  -0.289413
0.09375  -0.694711
0.125  -0.511557
0.28125  -0.367799
0.0625  -0.401742
0.125  -0.511554
0.0625  -0.416096
0.03125  -0.449115
-0.21875  -0.45814
-0.1875  -0.443864
-0.0625  -0.402025
0.125  -0.535841
-0.03125  -0.414637
0.28125  -0.384051
-0.09375  -0.454632
0.03125  -0.485979
0.09375  -0.47346
0.03125  -0.471953
-0.0625  -0.748871
0  -0.506924
-0.09375  -0.486386
0.21875  -0.437994
-0.0625  -0.568811
0.09375  -0.445457
0.0625  -0.323956
-0.1875  -0.568197
-0.03125  -0.617619
0.09375  -0.357747
-0.09375  -0.488024
0  -0.709774
0.03125  -0.438361
-0.21875  -0.465193
0.125  -0.291037
-0.03125  -0.366503
0.03125  -0.471099
-0.3125  -0.379895
-0.0625  -0.433413
-0.125  -0.59029
-0.25  -0.380626
-0.0625  -0.529328
0.03125  -0.539884
0.1875  -0.644121
0.125  -0.40129
0.1875  -0.558256
-0.125  -0.564325
-0.21875  -0.39982
0.03125  -0.367021
0.09375  -0.415787
0  -0.472065
0.15625  -0.41583
-0.03125  -0.465434
-0.3125  -0.449691
-0.03125  -0.537258
0.09375  -0.255662
0.09375  -0.473046
0.0625  -0.559365
0.15625  -0.115263
0.0625  -0.429708
-0.09375  -0.409947
0  -0.463105
0.03125  -0.377217
0.125  -0.206457
0.3125  -0.392204
-0.125  -0.55669
-0.28125  -0.470809
0.03125  -0.367437
0  -0.384408
-0.03125  -0.524169
0.125  -0.421695
-0.25  -0.36277
0.0625  -0.305623
-0.09375  -0.296578
0.03125  -0.570061
0.125  -0.260869
-0.09375  -0.555638
0.03125  -0.322052
0.03125  -0.221199
-0.03125  -0.380278
0.1875  -0.562647
0.0625  -0.273024
-0.125  -0.489177
-0.03125  -0.458732
0.09375  -0.421361
-0.09375  -0.505947
-0.28125  -0.364674
-0.09375  -0.293214
-0.09375  -0.303618
0.21875  -0.396892
0.125  -0.515314
-0.1875  -0.381474
-0.0625  -0.395422
0.0625  -0.549038
-0.09375  -0.454743
-0.03125  -0.656387
-0.03125  -0.423056
0.125  -0.469871
0.0625  -0.475409
0.15625  -0.580045
0.09375  -0.523277
0.34375  -0.45692
0.09375  -0.447742
0.125  -0.334455
0.21875  -0.401802
0.0625  -0.614765
-0.09375  -0.441358
0.125  -0.459019
0  -0.327611
0.15625  -0.69126
0.125  -0.542814
0.15625  -0.555307
0.1875  -0.462952
-0.125  -0.356348
0.09375  -0.355057
-0.09375  -0.45028
0  -0.474083
-0.0625  -0.58394
0.1875  -0.286797
0.09375  -0.388275
-0.0625  -0.584683
0  -0.517472
0.125  -0.410253
-0.15625  -0.233226
-0.0625  -0.437623
-0.0625  -0.521587
0.21875  -0.461803
0  -0.516791
-0.125  -0.272892
0.03125  -0.348968
0.1875  -0.592479
0.1875  -0.591037
0.09375  -0.453875
-0.03125  -0.261821
0  -0.286377
0.21875  -0.34263
0.03125  -0.25535
-0.21875  -0.318062
0.03125  -0.443082
-0.0625  -0.334172
0.125  -0.390056
-0.09375  -0.399432
-0.1875  -0.391632
0  -0.481563
0.0625  -0.350213
0.125  -0.550273
-0.09375  -0.457438
0.0625  -0.35709
-0.28125  -0.486498
0.375  -0.304332
0.0625  -0.405617
0.03125  -0.661737
0.25  -0.535413
0  -0.593006
0.03125  -0.608804
-0.09375  -0.280268
-0.15625  -0.584773
0.21875  -0.367126
0.0625  -0.532059
0  -0.412294
-0.21875  -0.353188
0.0625  -0.367066
0  -0.484789
0.09375  -0.559524
0.09375  -0.666678
0  -0.528445
0.34375  -0.367988
0  -0.587436
0.03125  -0.463156
-0.1875  -0.604246
0.28125  -0.512868
0.09375  -0.349491
0.125  -0.523642
-0.125  -0.541283
-0.0625  -0.582709
-0.09375  -0.495717
0  -0.476514
0.09375  -0.378958
-0.34375  -0.502954
-0.03125  -0.439769
-0.3125  -0.488919
-0.0625  -0.47675
-0.09375  -0.456998
0.15625  -0.44708
0  -0.36959
0.03125  -0.409314
-0.28125  -0.443213
0.0625  -0.461401
0.0625  -0.509228
-0.09375  -0.344028
0.0625  -0.28828
-0.15625  -0.456503
-0.0625  -0.311031
-0.03125  -0.48083
0.09375  -0.411913
-0.0625  -0.218762
0.0625  -0.416111
-0.15625  -0.365772
-0.125  -0.353598
-0.09375  -0.251559
-0.03125  -0.486586
-0.09375  -0.548214
-0.0625  -0.278387
-0.21875  -0.541881
0.15625  -0.448467
0.03125  -0.466385
-0.03125  -0.50929
-0.15625  -0.458008
0.125  -0.51327
0.21875  -0.430915
0  -0.682898
-0.125  -0.514895
-0.0625  -0.542167
0  -0.461425
-0.125  -0.414248
-0.0625  -0.65528
-0.1875  -0.446909
-0.15625  -0.43346
-0.03125  -0.561978
0.03125  -0.366669
0.09375  -0.335204
-0.0625  -0.204545
-0.03125  -0.250086
0.15625  -0.291356
-0.0625  -0.549561
0.15625  -0.482009
-0.09375  -0.539344
-0.03125  -0.377325
0.1875  -0.510258
-0.0625  -0.496618
-0.1875  -0.498839
0.125  -0.55565
-0.09375  -0.350072
0  -0.439585
-0.1875  -0.510387
-0.1875  -0.457308
0  -0.48721
0.03125  -0.441215
-0.1875  -0.44215
-0.09375  -0.39893
-0.21875  -0.471999
0  -0.515825
-0.21875  -0.364133
-0.03125  -0.499527
0.03125  -0.665477
-0.03125  -0.37494
-0.15625  -0.384026
-0.125  -0.539447
0.34375  -0.394281
0.15625  -0.359127
0  -0.559603
-0.28125  -0.541328
-0.0625  -0.46519
-0.0625  -0.48512
0.1875  -0.60729
-0.03125  -0.450318
-0.21875  -0.284115
-0.03125  -0.458115
0.09375  -0.660574
0.125  -0.553144
0.09375  -0.556705
-0.03125  -0.629893
0.03125  -0.327497
0.09375  -0.391609
0.09375  -0.515383
-0.09375  -0.304015
-0.03125  -0.411759
-0.25  -0.434204
0.0625  -0.328014
-0.125  -0.364619
-0.09375  -0.465052
-0.15625  -0.469649
-0.15625  -0.445964
-0.0625  -0.431022
0  -0.490178
-0.0625  -0.496968
-0.125  -0.584656
0  -0.36676
0.0625  -0.413577
0  -0.484429
0.15625  -0.50569
-0.125  -0.538315
0  -0.367901
0.15625  -0.418349
0  -0.463186
0.09375  -0.450126
-0.0625  -0.24304
0.25  -0.379198
-0.15625  -0.490433
-0.03125  -0.456013
-0.15625  -0.533471
0.0625  -0.268247
-0.09375  -0.368807
-0.25  -0.605548
0.03125  -0.516045
0.03125  -0.499821
0.28125  -0.405344
0.125  -0.396051
-0.03125  -0.472453
0.09375  -0.430856
-0.09375  -0.39468
-0.09375  -0.341593
-0.03125  -0.572929
0.0625  -0.451528
0.0625  -0.414194
0.03125  -0.46456
-0.09375  -0.358966
-0.03125  -0.285397
0.15625  -0.508123
0.03125  -0.664532
0  -0.504881
-0.09375  -0.611612
-0.21875  -0.195678
0.21875  -0.615429
0.28125  -0.537256
0.0625  -0.534084
-0.3125  -0.437347
-0.03125  -0.206516
0.03125  -0.57359
0  -0.429809
-0.03125  -0.462657
-0.15625  -0.576858
-0.0625  -0.32231
0.15625  -0.522766
0.09375  -0.414383
0.0625  -0.258388
0.21875  -0.554805
-0.09375  -0.267856
-0.21875  -0.494734
0.0625  -0.573088
0  -0.565316
0.03125  -0.500404
0.125  -0.53591
-0.09375  -0.430049
0  -0.260384
0.125  -0.400938
-0.03125  -0.491554
0  -0.520936
0.09375  -0.497316
-0.0625  -0.515342
0.09375  -0.697604
-0.125  -0.445496
0.03125  -0.559382
0.03125  -0.348584
0.0625  -0.342404
-0.09375  -0.484523
-0.125  -0.46645
-0.25  -0.528429
-0.03125  -0.492603
-0.15625  -0.382525
0  -0.637436
0.03125  -0.555698
-0.03125  -0.509535
0  -0.498713
0.03125  -0.686565
0  -0.324342
-0.09375  -0.508583
-0.03125  -0.474593
0.25  -0.460532
-0.09375  -0.487665
0.15625  -0.487252
0.03125  -0.356249
0.25  -0.515447
-0.1875  -0.626479
0.21875  -0.388729
0  -0.446829
0.03125  -0.305722
0.0625  -0.371237
0.0625  -0.319741
0.125  -0.487223
-0.09375  -0.402951
0  -0.6334
0.03125  -0.519777
-0.09375  -0.358499
0.125  -0.44899
0.15625  -0.53557
0.15625  -0.329315
-0.03125  -0.48007
-0.03125  -0.557442
-0.125  -0.420969
0.03125  -0.466446
-0.03125  -0.431714
-0.15625  -0.264029
-0.09375  -0.511265
-0.03125  -0.318884
-0.09375  -0.489276
-0.15625  -0.435672
-0.25  -0.330848
0  -0.361414
-0.09375  -0.499259
0.125  -0.582163
-0.09375  -0.453454
-0.0625  -0.338154
0.09375  -0.526607
-0.03125  -0.336967
0  -0.498282
-0.1875  -0.667804
0.1875  -0.404423
0.0625  -0.457442
-0.21875  -0.688787
0.09375  -0.483838
0.0625  -0.505108
-0.1875  -0.204742
0.125  -0.278234
0.21875  -0.524247
0.125  -0.497832
-0.03125  -0.569866
0.125  -0.294036
0.125  -0.448575
0.25  -0.42187
0  -0.568351
-0.1875  -0.203535
-0.03125  -0.405882
-0.03125  -0.434287
0.09375  -0.464142
-0.125  -0.49099
-0.125  -0.380336
-0.03125  -0.324279
0  -0.365244
-0.09375  -0.481039
0.0625  -0.645945
0  -0.421452
-0.09375  -0.593477
0.125  -0.376726
0  -0.47712
-0.09375  -0.400618
0.09375  -0.246893
0.1875  -0.432648
0.15625  -0.540573
-0.09375  -0.384376
-0.03125  -0.598735
0.3125  -0.432155
0.125  -0.36378
0.0625  -0.397053
0.09375  -0.459634
-0.03125  -0.573768
0.03125  -0.466575
-0.0625  -0.538587
0.03125  -0.542141
0.125  -0.292961
0  -0.46235
0.03125  -0.354635
0.0625  -0.462916
0.125  -0.298187
0  -0.567581
0.125  -0.59026
-0.1875  -0.350158
0.0625  -0.457176
-0.03125  -0.519868
0  -0.387042
0.125  -0.338517
0.03125  -0.424405
0.15625  -0.557593
-0.21875  -0.41966
-0.03125  -0.366687
0.125  -0.456884
-0.03125  -0.274625
0.21875  -0.381957
-0.125  -0.50088
0.0625  -0.371653
-0.0625  -0.466452
0  -0.368836
-0.03125  -0.406049
-0.0625  -0.526944
-0.03125  -0.54174
-0.0625  -0.577576
-0.125  -0.570113
0.0625  -0.401696
-0.15625  -0.635735
0.03125  -0.323591
0.09375  -0.37219
-0.21875  -0.394554
-0.03125  -0.509315
-0.125  -0.469897
-0.21875  -0.62382
-0.0625  -0.35444
-0.125  -0.443095
-0.21875  -0.347191
-0.03125  -0.632246
0.03125  -0.166915
-0.09375  -0.590341
-0.09375  -0.482232
0.03125  -0.363578
-0.21875  -0.518966
0  -0.385163
0.15625  -0.38368
0  -0.386115
-0.125  -0.295179
0.125  -0.295482
0.03125  -0.443344
-0.1875  -0.383117
0.125  -0.600544
-0.125  -0.645785
-0.0625  -0.318296
0.1875  -0.373287
-0.0625  -0.578223
0.125  -0.436057
-0.09375  -0.434109
-0.21875  -0.392647
-0.125  -0.360223
0  -0.40076
0.125  -0.415903
0.09375  -0.576938
-0.15625  -0.511454
0.1875  -0.335236
0.21875  -0.577124
0.03125  -0.608079
0.15625  -0.623791
-0.28125  -0.402497
-0.09375  -0.534715
0.0625  -0.531256
-0.0625  -0.222847
0.09375  -0.32121
-0.09375  -0.486864
-0.09375  -0.425123
0.03125  -0.24325
-0.15625  -0.415077
0.0625  -0.334816
0.09375  -0.258868
-0.125  -0.366343
-0.21875  -0.52923
-0.03125  -0.350938
-0.125  -0.49313
0.0625  -0.450849
0.25  -0.364632
0.03125  -0.470458
0.0625  -0.402817
-0.09375  -0.502615
0.0625  -0.287208
0.125  -0.288609
-0.28125  -0.645804
0.1875  -0.497897
-0.09375  -0.287513
0.25  -0.309928
-0.03125  -0.666668
0.03125  -0.338899
0  -0.432485
-0.03125  -0.368199
-0.03125  -0.298923
-0.0625  -0.394575
0.09375  -0.310126
-0.125  -0.408302
0.125  -0.533555
-0.0625  -0.586947
0.15625  -0.619137
0.34375  -0.352513
-0.25  -0.379639
0.15625  -0.663141
-0.1875  -0.512357
0.0625  -0.595207
-0.125  -0.562986
0.15625  -0.482317
-0.09375  -0.554545
-0.09375  -0.543318
-0.09375  -0.516534
0.125  -0.279998
0.09375  -0.561012
-0.09375  -0.406405
0.0625  -0.489067
0.03125  -0.583195
0.03125  -0.482352
0.15625  -0.500042
-0.125  -0.311686
-0.125  -0.42876
-0.09375  -0.370362
-0.0625  -0.486391
0.125  -0.570853
0.09375  -0.294116
-0.09375  -0.434823
0  -0.412555
-0.0625  -0.259208
0.03125  -0.448421
0  -0.515298
0.0625  -0.497497
-0.1875  -0.315102
-0.15625  -0.193402
0.125  -0.315524
-0.09375  -0.631287
0.1875  -0.371993
0.0625  -0.573195
0  -0.485491
0  -0.444712
0.09375  -0.579469
0  -0.341487
-0.15625  -0.473517
-0.15625  -0.555885
0  -0.434207
-0.09375  -0.349822
-0.125  -0.361339
-0.09375  -0.152345
-0.09375  -0.456
0.125  -0.269099
-0.09375  -0.587002
-0.1875  -0.51254
-0.03125  -0.482345
0.09375  -0.602
-0.1875  -0.395651
0.03125  -0.406088
-0.15625  -0.357491
-0.1875  -0.459962
-0.03125  -0.584152
-0.0625  -0.595507
-0.21875  -0.397139
-0.125  -0.627617
0.09375  -0.324186
0.0625  -0.212936
0.03125  -0.411632
-0.03125  -0.550075
0.28125  -0.526486
0.03125  -0.380503
-0.125  -0.346393
0  -0.558998
0.125  -0.468762
0.03125  -0.533047
0  -0.427051
-0.125  -0.475096
0  -0.450396
0.03125  -0.450147
0.03125  -0.592872
0  -0.539018
0.0625  -0.456248
-0.03125  -0.466874
0.09375  -0.525106
-0.03125  -0.377011
0.0625  -0.210602
-0.0625  -0.369977
0.21875  -0.44951
-0.0625  -0.456985
-0.0625  -0.438645
0.03125  -0.377128
0.09375  -0.337075
-0.0625  -0.547278
0.09375  -0.548356
0.03125  -0.53052
-0.1875  -0.552793
-0.03125  -0.547746
-0.125  -0.280157
-0.03125  -0.209699
-0.0625  -0.603803
-0.0625  -0.521239
0.03125  -0.27384
-0.0625  -0.368832
-0.09375  -0.457059
0.09375  -0.253699
0.03125  -0.357847
-0.0625  -0.576015
-0.09375  -0.361967
-0.09375  -0.762844
0  -0.469691
-0.03125  -0.650271
0  -0.489644
-0.09375  -0.538404
0.21875  -0.275868
-0.125  -0.391446
0.03125  -0.676774
0.09375  -0.493522
0.0625  -0.368722
-0.0625  -0.515835
0.03125  -0.499194
0.25  -0.408572
0.28125  -0.481738
-0.03125  -0.527288
0  -0.530339
-0.0625  -0.552254
-0.15625  -0.413366
-0.28125  -0.372028
-0.03125  -0.241892
-0.09375  -0.605819
-0.03125  -0.378949
0.125  -0.558419
0.0625  -0.50095
0.1875  -0.504068
-0.0625  -0.416806
-0.15625  -0.373536
0  -0.360442
0.03125  -0.563456
-0.125  -0.492597
0.25  -0.524858
-0.375  -0.4021
-0.125  -0.335535
0.0625  -0.504982
-0.15625  -0.44881
0.0625  -0.382366
-0.0625  -0.305904
0  -0.518532
-0.25  -0.494135
0  -0.67232
0.09375  -0.405293
-0.0625  -0.546555
-0.21875  -0.474319
0.125  -0.41464
-0.15625  -0.460943
0  -0.425088
-0.09375  -0.321309
0.0625  -0.327721
0.09375  -0.517775
0.03125  -0.390296
0  -0.34123
0  -0.26626
0.125  -0.376791
-0.0625  -0.503591
-0.1875  -0.525137
-0.1875  -0.463198
0.1875  -0.494695
0.03125  -0.471073
0.03125  -0.146729
-0.0625  -0.388805
0.125  -0.46932
-0.0625  -0.3934
-0.1875  -0.396022
-0.40625  -0.328937
0.0625  -0.494221
0.03125  -0.415839
0.28125  -0.357039
0.09375  -0.383811
0.09375  -0.570903
-0.09375  -0.604114
0.09375  -0.397046
-0.03125  -0.170304
0.09375  -0.394857
0  -0.167394
0.03125  -0.478848
0.15625  -0.584544
0.03125  -0.666161
0.0625  -0.472468
0.25  -0.230971
-0.09375  -0.420504
0.125  -0.507484
-0.15625  -0.51382
0.125  -0.295498
0  -0.430456
0.09375  -0.372629
0.03125  -0.388731
0.09375  -0.667428
0.03125  -0.375737
-0.09375  -0.550535
-0.03125  -0.521922
0.25  -0.519081
-0.0625  -0.394627
-0.03125  -0.209781
-0.03125  -0.495917
-0.21875  -0.406827
-0.03125  -0.363074
0  -0.401122
-0.09375  -0.468993
-0.1875  -0.474757
-0.0625  -0.56645
0.09375  -0.388996
0.125  -0.630155
-0.21875  -0.599778
0  -0.309485
0.0625  -0.409134
0  -0.600608
-0.1875  -0.495524
0  -0.472216
0.15625  -0.32007
-0.09375  -0.314849
0.15625  -0.565136
-0.21875  -0.566632
-0.15625  -0.402087
-0.15625  -0.519414
-0.03125  -0.54961
-0.125  -0.507004
-0.21875  -0.342558
-0.21875  -0.575587
0.125  -0.416596
0.125  -0.534176
-0.1875  -0.428864
0.09375  -0.372526
0.28125  -0.405772
-0.40625  -0.340872
-0.0625  -0.334265
-0.15625  -0.485877
-0.03125  -0.411057
0.09375  -0.331315
0.03125  -0.493077
0.09375  -0.399409
-0.0625  -0.324176
0.125  -0.416777
0.125  -0.293953
0.03125  -0.559789
-0.09375  -0.597417
-0.09375  -0.516371
0.03125  -0.360646
0.09375  -0.394322
0.125  -0.465066
0.15625  -0.35697
0.1875  -0.438702
-0.09375  -0.406635
0.09375  -0.317469
0.1875  -0.51323
0.15625  -0.506993
0.09375  -0.404291
-0.125  -0.288209
-0.09375  -0.287556
0  -0.354766
-0.125  -0.511184
0.0625  -0.370114
0  -0.393842
-0.15625  -0.548545
-0.03125  -0.461322
-0.15625  -0.418907
-0.0625  -0.563466
0  -0.372628
0.125  -0.161234
-0.125  -0.53447
-0.03125  -0.432532
0.28125  -0.48466
-0.03125  -0.371095
0.09375  -0.422999
0.09375  -0.421966
0  -0.490234
-0.0625  -0.504233
0.0625  -0.552247
-0.09375  -0.561432
0.1875  -0.254581
0.0625  -0.467618
0.125  -0.360757
0.03125  -0.554124
-0.15625  -0.502427
0.15625  -0.470553
0.28125  -0.544421
0.15625  -0.414054
-0.0625  -0.323476
0.0625  -0.257336
0.09375  -0.536057
0.09375  -0.426248
-0.03125  -0.349736
-0.125  -0.515104
-0.03125  -0.440513
0.1875  -0.561015
-0.34375  -0.370007
-0.125  -0.475891
0.03125  -0.541444
-0.09375  -0.580328
0  -0.259284
0.03125  -0.302427
-0.1875  -0.404851
-0.03125  -0.422231
0  -0.450957
0.125  -0.579778
-0.0625  -0.256258
-0.21875  -0.419771
-0.03125  -0.547253
0.125  -0.575214
-0.03125  -0.420721
0.25  -0.534207
-0.125  -0.38438
-0.28125  -0.458601
-0.21875  -0.693716
-0.0625  -0.371656
-0.09375  -0.48577
0.15625  -0.385351
0.1875  -0.332585
-0.25  -0.559867
0.15625  -0.545173
0.09375  -0.342603
0.0625  -0.348574
-0.15625  -0.293507
0  -0.524072
0.125  -0.437126
-0.0625  -0.391086
0.09375  -0.551985
0.03125  -0.167424
0.1875  -0.651263
-0.125  -0.220862
-0.09375  -0.489414
-0.21875  -0.634082
0.125  -0.454861
0.15625  -0.45013
0.03125  -0.558083
0.1875  -0.545562
0.1875  -0.382786
-0.3125  -0.319009
0.0625  -0.518787
0.03125  -0.377784
-0.03125  -0.539353
-0.125  -0.476104
0  -0.381888
-0.125  -0.167477
0.15625  -0.448253
0.09375  -0.420852
-0.125  -0.503963
0.25  -0.434555
-0.0625  -0.535478
0.125  -0.484078
0.03125  -0.516338
-0.0625  -0.55117
0.1875  -0.501414
-0.0625  -0.500005
-0.21875  -0.517243
0.03125  -0.653966
0.21875  -0.399
0.03125  -0.493008
-0.125  -0.307874
0.21875  -0.453833
-0.21875  -0.342524
0.09375  -0.572662
0.0625  -0.514915
-0.125  -0.421094
-0.125  -0.42184
-0.15625  -0.524268
0.03125  -0.464948
-0.28125  -0.495798
0  -0.260537
0  -0.363994
-0.15625  -0.54446
-0.09375  -0.424666
-0.1875  -0.415405
0.03125  -0.496699
0.03125  -0.264386
-0.09375  -0.370754
0  -0.363493
0.125  -0.496978
-0.09375  -0.468371
-0.15625  -0.339132
0.28125  -0.359765
-0.03125  -0.314064
0.09375  -0.563927
-0.0625  -0.413373
-0.1875  -0.603851
0.0625  -0.367552
0.09375  -0.357002
-0.0625  -0.444643
0.125  -0.500898
0.0625  -0.27785
-0.03125  -0.51499
0.0625  -0.39891
-0.125  -0.272612
0.03125  -0.44526
-0.03125  -0.351462
-0.0625  -0.273982
0.09375  -0.346534
-0.09375  -0.41757
-0.0625  -0.412059
0.03125  -0.52408
0.0625  -0.476834
-0.125  -0.549119
0.0625  -0.53103
-0.1875  -0.384255
0.09375  -0.473556
0.0625  -0.497344
-0.0625  -0.289261
0.09375  -0.277156
-0.125  -0.45107
-0.09375  -0.469864
0  -0.357674
-0.3125  -0.496769
0.125  -0.51777
0.1875  -0.461134
0.09375  -0.180172
-0.09375  -0.432471
-0.09375  -0.361201
-0.09375  -0.518364
0.03125  -0.45293
-0.09375  -0.475341
0.125  -0.668608
-0.15625  -0.479932
-0.125  -0.413431
-0.03125  -0.495731
-0.0625  -0.344679
-0.03125  -0.350942
-0.1875  -0.599205
-0.0625  -0.434276
-0.125  -0.454473
-0.0625  -0.455777
0.15625  -0.350522
0  -0.41063
-0.375  -0.419603
0.0625  -0.480994
-0.28125  -0.370315
0.1875  -0.318804
0  -0.504951
0  -0.529416
-0.15625  -0.414182
0  -0.543254
0.125  -0.423097
-0.21875  -0.520412
0  -0.433414
0.09375  -0.532554
-0.125  -0.367707
-0.1875  -0.48672
-0.0625  -0.384955
0.1875  -0.420143
-0.09375  -0.559102
0.0625  -0.668189
0.15625  -0.350808
-0.125  -0.461994
-0.28125  -0.363209
0  -0.344338
-0.09375  -0.504443
-0.375  -0.405985
0.09375  -0.333295
-0.1875  -0.378471
0.25  -0.474568
0.0625  -0.501841
-0.03125  -0.405306
0.09375  -0.40689
0.09375  -0.460397
-0.0625  -0.406975
-0.09375  -0.288042
0.0625  -0.452671
-0.125  -0.45931
0  -0.449485
-0.0625  -0.439058
-0.0625  -0.400585
0.0625  -0.515279
-0.125  -0.525614
0  -0.418607
-0.09375  -0.330404
-0.21875  -0.350701
0.0625  -0.384465
0  -0.136667
-0.0625  -0.443319
0  -0.361296
0.125  -0.454604
-0.125  -0.544129
0.09375  -0.394985
0.15625  -0.326968
0  -0.122525
0  -0.311017
-0.03125  -0.357919
0.1875  -0.50411
0.09375  -0.300796
0.09375  -0.496764
-0.03125  -0.400745
0  -0.508493
0  -0.192605
0.125  -0.277317
-0.25  -0.451815
0  -0.466563
-0.0625  -0.231537
-0.0625  -0.519955
0  -0.450606
0.0625  -0.526891
0.15625  -0.269668
-0.03125  -0.499896
-0.03125  -0.384589
0  -0.307294
0.0625  -0.380034
-0.21875  -0.536591
-0.125  -0.452565
0.03125  -0.614517
0.0625  -0.569585
0  -0.229657
0.25  -0.494912
-0.0625  -0.239769
0  -0.508542
-0.03125  -0.465812
-0.09375  -0.333133
0.09375  -0.386665
-0.09375  -0.337857
-0.09375  -0.557742
0.09375  -0.649525
0.09375  -0.687896
-0.15625  -0.28028
0.34375  -0.533398
0.125  -0.45464
-0.28125  -0.395708
-0.0625  -0.383105
-0.0625  -0.580899
0  -0.435541
-0.03125  -0.627882
0.03125  -0.355867
0.0625  -0.417549
0.25  -0.391429
0.03125  -0.536654
-0.0625  -0.489358
0.0625  -0.693504
0  -0.380565
-0.09375  -0.428505
-0.09375  -0.292859
0.03125  -0.555878
-0.0625  -0.479517
-0.0625  -0.430732
0.125  -0.482292
-0.03125  -0.463655
-0.125  -0.384766
0.25  -0.638272
-0.03125  -0.417077
-0.03125  -0.491028
-0.15625  -0.726892
-0.1875  -0.538257
-0.03125  -0.329962
0.1875  -0.369482
0.125  -0.336463
-0.1875  -0.558716
-0.125  -0.478985
0.03125  -0.460692
-0.125  -0.445734
-0.09375  -0.500665
-0.03125  -0.347175
0.125  -0.43333
0.15625  -0.338175
-0.125  -0.554316
0.1875  -0.397306
-0.0625  -0.260769
0.09375  -0.408482
0.03125  -0.448441
0.21875  -0.463328
-0.1875  -0.497411
-0.09375  -0.624992
-0.125  -0.434406
0.3125  -0.350603
0.1875  -0.388652
0  -0.465152
0.0625  -0.566137
0.0625  -0.44622
0.15625  -0.419257
-0.03125  -0.486015
0.3125  -0.53298
0.09375  -0.383514
-0.125  -0.33492
0.03125  -0.416503
-0.25  -0.365417
-0.15625  -0.543703
-0.03125  -0.550043
0.15625  -0.431294
-0.0625  -0.66242
0.0625  -0.562435
0.03125  -0.552602
-0.1875  -0.406768
-0.125  -0.268261
-0.15625  -0.417199
-0.1875  -0.350361
0.1875  -0.338485
0.3125  -0.526798
0.21875  -0.277093
0  -0.474995
0  -0.384899
0.03125  -0.37215
-0.21875  -0.645771
-0.1875  -0.611932
-0.1875  -0.31573
0  -0.471789
0.0625  -0.422664
0.1875  -0.5667
0.15625  -0.342616
0  -0.556511
-0.0625  -0.512121
0.09375  -0.361251
-0.09375  -0.630567
-0.0625  -0.438359
0.25  -0.52253
-0.09375  -0.636646
-0.09375  -0.618782
0  -0.325187
0.15625  -0.635978
-0.03125  -0.354546
0.0625  -0.425521
-0.03125  -0.543914
0.25  -0.45304
0.03125  -0.374428
0.3125  -0.367975
-0.0625  -0.44461
-0.0625  -0.471527
0.21875  -0.428843
-0.09375  -0.487375
-0.3125  -0.449262
0.125  -0.511318
0.125  -0.333978
0.03125  -0.447525
0.125  -0.460377
0  -0.473127
0  -0.38851
-0.03125  -0.48327
0.21875  -0.488269
-0.15625  -0.412475
0  -0.492106
-0.0625  -0.402508
-0.03125  -0.575624
-0.0625  -0.209107
0.125  -0.465253
0.21875  -0.389836
0.03125  -0.449875
0  -0.410219
-0.125  -0.367182
0.0625  -0.35317
-0.0625  -0.268254
0.0625  -0.591315
0.1875  -0.511929
-0.1875  -0.324265
-0.15625  -0.459756
0.21875  -0.394371
0  -0.325739
0.15625  -0.593997
0  -0.46351
-0.125  -0.40032
0.1875  -0.542359
0.0625  -0.39877
0.15625  -0.510585
0.1875  -0.343173
0.09375  -0.538909
0.0625  -0.422795
0.125  -0.303824
-0.125  -0.363522
0.15625  -0.496932
0  -0.341815
0  -0.496719
-0.09375  -0.528417
0.21875  -0.567954
-0.1875  -0.388352
0.09375  -0.391961
-0.03125  -0.478996
-0.21875  -0.435377
-0.15625  -0.620297
0.125  -0.268009
-0.0625  -0.413367
-0.15625  -0.233843
0.125  -0.425852
0.0625  -0.300129
-0.09375  -0.421714
-0.09375  -0.561066
0.03125  -0.358589
-0.28125  -0.263157
0.03125  -0.656364
0.03125  -0.462451
-0.375  -0.339402
0.28125  -0.468824
-0.25  -0.151242
-0.125  -0.425562
0.09375  -0.469735
-0.09375  -0.268595
-0.03125  -0.581284
0  -0.456453
0.09375  -0.412017
-0.03125  -0.416757
-0.21875  -0.498619
0.09375  -0.573037
0  -0.444064
0  -0.355493
0.03125  -0.403836
0  -0.156983
-0.3125  -0.537083
-0.34375  -0.513995
-0.15625  -0.441277
-0.03125  -0.436143
-0.1875  -0.247967
0.125  -0.589182
0.25  -0.304642
0.09375  -0.562665
-0.09375  -0.524767
0.03125  -0.403473
-0.09375  -0.48554
-0.15625  -0.48716
-0.0625  -0.510551
0.125  -0.650157
-0.09375  -0.221172
-0.25  -0.578793
0.15625  -0.350111
-0.15625  -0.190397
-0.1875  -0.420985
0.15625  -0.399653
0.25  -0.401321
0.125  -0.475504
-0.0625  -0.554177
0.03125  -0.251444
-0.09375  -0.580394
0.0625  -0.466166
-0.03125  -0.424161
0  -0.490688
-0.09375  -0.380379
0.0625  -0.387735
0.125  -0.614113
0.0625  -0.478992
0  -0.455684
0  -0.26191
0.03125  -0.340731
0.03125  -0.614153
-0.0625  -0.303077
0  -0.498286
-0.25  -0.616618
-0.0625  -0.556021
0  -0.319925
-0.125  -0.369226
-0.03125  -0.447168
-0.25  -0.454112
-0.15625  -0.394005
0.03125  -0.352164
0.1875  -0.421208
-0.03125  -0.432281
0.125  -0.456057
-0.125  -0.524761
0.03125  -0.606751
-0.1875  -0.432934
-0.1875  -0.501058
0.03125  -0.481269
0.03125  -0.502699
0.03125  -0.505914
0.15625  -0.506356
-0.0625  -0.517157
-0.25  -0.55496
-0.09375  -0.542208
-0.03125  -0.371351
-0.25  -0.522454
0.0625  -0.488719
0.1875  -0.369869
-0.15625  -0.390934
-0.09375  -0.382911
0.0625  -0.429372
-0.15625  -0.502491
0.03125  -0.422058
-0.15625  -0.62859
-0.1875  -0.397904
-0.0625  -0.552426
0.03125  -0.591025
0  -0.502073
0.21875  -0.437523
-0.09375  -0.474659
-0.15625  -0.527533
0.03125  -0.55979
-0.15625  -0.363905
-0.25  -0.50545
0.21875  -0.144245
0.03125  -0.323776
0.09375  -0.284205
0  -0.570851
0  -0.455378
-0.15625  -0.518068
-0.0625  -0.446062
0.09375  -0.346776
0  -0.385721
0.21875  -0.441104
-0.21875  -0.260957
-0.03125  -0.322733
0  -0.536142
-0.03125  -0.544733
-0.0625  -0.69052
-0.3125  -0.473301
-0.0625  -0.574302
0.03125  -0.327489
-0.09375  -0.353032
-0.125  -0.438827
0.1875  -0.416033
0.1875  -0.386223
0.3125  -0.408364
0  -0.345353
0.125  -0.473224
0.28125  -0.180191
0.125  -0.304347
0  -0.42861
0.0625  -0.529197
0.21875  -0.421065
0.09375  -0.341143
0.03125  -0.512254
-0.0625  -0.484097
-0.15625  -0.149503
-0.0625  -0.624385
-0.03125  -0.555805
-0.03125  -0.425363
0.125  -0.581158
0.03125  -0.376362
-0.0625  -0.350614
0.03125  -0.548446
0.03125  -0.401139
-0.03125  -0.350805
0.09375  -0.471498
0  -0.474572
0.03125  -0.699789
-0.0625  -0.390184
0.15625  -0.329595
-0.25  -0.524213
-0.09375  -0.358508
-0.0625  -0.166986
0.125  -0.527924
0.0625  -0.709431
0.21875  -0.610011
-0.21875  -0.352283
0.125  -0.284625
-0.21875  -0.551792
0  -0.189479
-0.09375  -0.602963
-0.0625  -0.582378
0.15625  -0.575324
0.03125  -0.630055
0  -0.342516
-0.25  -0.424496
-0.03125  -0.492987
0.125  -0.265558
-0.25  -0.597457
0.21875  -0.468824
-0.28125  -0.282739
-0.09375  -0.598729
-0.1875  -0.319263
-0.03125  -0.413641
0.125  -0.275526
0.03125  -0.324956
0  -0.266332
-0.03125  -0.473597
0  -0.265652
-0.15625  -0.382932
0.1875  -0.572615
-0.125  -0.610708
-0.03125  -0.432625
-0.1875  -0.386405
0.03125  -0.415306
0.0625  -0.289086
-0.125  -0.32649
0.03125  -0.568719
-0.125  -0.339293
-0.3125  -0.528494
0.09375  -0.319848
-0.03125  -0.47792
-0.125  -0.339703
0.15625  -0.487861
-0.09375  -0.476691
-0.03125  -0.36402
-0.21875  -0.348692
0.0625  -0.182053
-0.34375  -0.593953
-0.1875  -0.6012
0.125  -0.411722
0.0625  -0.295233
0.03125  -0.647357
0.1875  -0.616496
0  -0.56144
-0.03125  -0.548764
0  -0.548273
0.0625  -0.521337
0.125  -0.59754
0.0625  -0.421812
0.125  -0.517267
-0.09375  -0.306034
-0.09375  -0.441532
-0.09375  -0.339812
-0.03125  -0.491775
-0.03125  -0.462325
-0.03125  -0.377823
-0.15625  -0.401756
-0.125  -0.639851
0.125  -0.542328
0.125  -0.539406
0.09375  -0.649447
-0.15625  -0.403725
0.0625  -0.493557
0  -0.433306
0.15625  -0.403123
-0.03125  -0.461078
-0.1875  -0.395797
-0.03125  -0.345443
-0.03125  -0.368554
-0.0625  -0.428254
-0.21875  -0.377901
-0.03125  -0.324448
-0.0625  -0.359214
-0.0625  -0.520946
-0.1875  -0.443964
-0.21875  -0.49917
-0.0625  -0.479567
0.09375  -0.507663
-0.03125  -0.359369
0.03125  -0.665617
-0.03125  -0.348518
0  -0.432078
-0.1875  -0.448352
-0.03125  -0.453829
-0.03125  -0.444386
0.0625  -0.488387
0  -0.386077
-0.1875  -0.257569
0.15625  -0.507526
0.1875  -0.575308
-0.15625  -0.454674
-0.0625  -0.453562
-0.0625  -0.335532
0  -0.550706
0.09375  -0.443193
-0.09375  -0.481829
0  -0.429825
0.03125  -0.468719
0.15625  -0.501798
-0.09375  -0.314248
0.09375  -0.540803
-0.15625  -0.5623
-0.09375  -0.483034
0.09375  -0.437529
-0.03125  -0.597755
0.09375  -0.345294
-0.15625  -0.494795
-0.125  -0.55022
-0.0625  -0.469436
-0.3125  -0.412799
0.09375  -0.501492
0.09375  -0.5098
0.0625  -0.510482
-0.1875  -0.333504
0.125  -0.278728
0.03125  -0.474637
0.03125  -0.537411
-0.03125  -0.637245
-0.03125  -0.336888
0  -0.362201
0.09375  -0.51485
-0.03125  -0.586724
-0.1875  -0.624079
-0.0625  -0.423207
-0.1875  -0.603762
0.15625  -0.477689
-0.125  -0.43589
0.03125  -0.533242
-0.1875  -0.405778
0.125  -0.382841
0.09375  -0.369061
0.03125  -0.247802
-0.09375  -0.429633
0.03125  -0.337055
-0.03125  -0.371156
0.21875  -0.656111
0.0625  -0.547954
-0.125  -0.504527
0.03125  -0.330705
-0.09375  -0.277636
-0.0625  -0.523006
-0.28125  -0.377169
0.1875  -0.472673
0.15625  -0.405403
-0.0625  -0.434529
-0.09375  -0.460194
-0.21875  -0.437112
0  -0.600561
-0.1875  -0.603021
0.09375  -0.419754
0.125  -0.426459
0.09375  -0.256572
0.03125  -0.429261
0.125  -0.416625
0.03125  -0.556831
0.09375  -0.502763
0.09375  -0.486623
0.09375  -0.385409
-0.0625  -0.545876
0.03125  -0.493095
0.125  -0.435013
-0.03125  -0.595874
0.15625  -0.67909
0.09375  -0.512132
-0.1875  -0.483041
-0.21875  -0.349158
0.09375  -0.581238
-0.125  -0.579326
-0.09375  -0.286486
-0.03125  -0.433456
0.03125  -0.273157
-0.125  -0.543903
-0.28125  -0.463724
0.03125  -0.578201
-0.03125  -0.379907
-0.0625  -0.521977
0.0625  -0.517185
-0.1875  -0.329025
-0.09375  -0.400916
-0.125  -0.505408
-0.0625  -0.368951
0.0625  -0.214355
0.375  -0.352542
-0.09375  -0.355437
-0.125  -0.491557
-0.09375  -0.535625
-0.125  -0.524894
0  -0.615457
-0.0625  -0.497153
0.28125  -0.554751
-0.09375  -0.490575
-0.0625  -0.304937
0  -0.509101
0.125  -0.401247
-0.0625  -0.407032
-0.1875  -0.239589
0.0625  -0.461728
0.1875  -0.421396
0.03125  -0.233441
0.0625  -0.602219
-0.09375  -0.546792
0.125  -0.25418
0  -0.461167
-0.125  -0.389466
0.03125  -0.396694
-0.1875  -0.548529
-0.125  -0.305942
-0.125  -0.460195
0  -0.507857
0.03125  -0.47191
-0.03125  -0.578315
-0.0625  -0.49622
0.25  -0.322871
0.1875  -0.412273
0.09375  -0.462095
0.09375  -0.686133
-0.15625  -0.395469
0.15625  -0.247675
0.34375  -0.510274
-0.1875  -0.367547
-0.0625  -0.583465
0.25  -0.507252
0.03125  -0.37223
0.25  -0.615581
0.125  -0.539188
0.0625  -0.511445
0.03125  -0.732963
0.21875  -0.467856
-0.03125  -0.536351
0.125  -0.473091
-0.0625  -0.309966
-0.125  -0.469834
-0.125  -0.463204
-0.03125  -0.413041
0.0625  -0.528025
-0.21875  -0.510418
-0.03125  -0.559075
0.15625  -0.598783
0.03125  -0.678953
0.03125  -0.4745
-0.15625  -0.350546
0  -0.381364
-0.03125  -0.330904
0.0625  -0.435533
0.03125  -0.325434
-0.03125  -0.458501
0.03125  -0.526026
0.09375  -0.486426
-0.03125  -0.450629
-0.375  -0.475809
0.03125  -0.380534
0.15625  -0.452961
-0.1875  -0.342985
0.09375  -0.426997
0.4375  -0.435232
-0.15625  -0.468817
-0.09375  -0.471701
-0.0625  -0.44991
-0.0625  -0.605167
-0.125  -0.433817
0.09375  -0.508563
0.28125  -0.475149
0.125  -0.246029
0.03125  -0.47245
0.03125  -0.591223
0.0625  -0.618843
0.1875  -0.421426
0.25  -0.339425
-0.375  -0.404965
-0.09375  -0.246361
-0.0625  -0.489756
0.21875  -0.351492
0.125  -0.41445
-0.03125  -0.185742
0  -0.513063
0.28125  -0.437856
-0.09375  -0.481535
-0.03125  -0.408758
0.09375  -0.513037
-0.09375  -0.325319
-0.21875  -0.53021
-0.15625  -0.484519
-0.1875  -0.538157
0.03125  -0.501107
-0.15625  -0.375716
0.0625  -0.296518
-0.0625  -0.344311
0.09375  -0.55204
0.09375  -0.640147
-0.28125  -0.218943
-0.15625  -0.301494
-0.1875  -0.466314
-0.0625  -0.403513
0  -0.564556
0.0625  -0.447461
-0.15625  -0.457674
-0.15625  -0.443829
0.03125  -0.269712
0.03125  -0.404013
0.125  -0.190695
-0.0625  -0.365906
-0.125  -0.551301
0.125  -0.181571
-0.28125  -0.462468
0  -0.580456
-0.1875  -0.323587
-0.1875  -0.578243
-0.1875  -0.690885
0.0625  -0.548857
0  -0.479763
0.03125  -0.312016
0  -0.362415
-0.15625  -0.492742
0.03125  -0.411217
0.09375  -0.472607
-0.0625  -0.479533
-0.09375  -0.345807
0.34375  -0.433562
0.0625  -0.23575
-0.03125  -0.487662
-0.09375  -0.565607
0.25  -0.549164
-0.03125  -0.369143
0.09375  -0.530889
0.1875  -0.451872
0.03125  -0.204948
-0.03125  -0.353159
-0.15625  -0.513951
-0.125  -0.406125
-0.375  -0.474016
0.1875  -0.437258
0.15625  -0.569862
-0.03125  -0.4004
-0.15625  -0.555097
0.0625  -0.514546
0  -0.456696
0.15625  -0.234414
0.28125  -0.453015
-0.25  -0.482251
0.09375  -0.453594
-0.28125  -0.45599
-0.09375  -0.548508
0.0625  -0.415815
0.125  -0.467292
0.125  -0.545585
0.21875  -0.322555
0.25  -0.346963
0  -0.494922
-0.0625  -0.592411
-0.09375  -0.460326
0.25  -0.589503
0.21875  -0.326251
0.0625  -0.324145
0.15625  -0.354576
-0.09375  -0.400636
-0.0625  -0.532125
0.1875  -0.409197
0.15625  -0.581779
-0.125  -0.422305
-0.0625  -0.362531
-0.125  -0.534561
0.03125  -0.472232
0.09375  -0.401706
0.0625  -0.403639
-0.125  -0.256772
0.125  -0.484126
0.09375  -0.306525
0.03125  -0.353843
-0.0625  -0.447079
0.09375  -0.588505
0.125  -0.472684
0.03125  -0.433655
0.0625  -0.520072
0.25  -0.296245
0.09375  -0.386427
-0.03125  -0.430939
0  -0.540317
-0.125  -0.326159
0.09375  -0.331159
-0.03125  -0.527613
0.1875  -0.623768
0.09375  -0.648364
-0.1875  -0.57848
0.09375  -0.280539
-0.09375  -0.449285
0.09375  -0.324315
0.09375  -0.437865
0.15625  -0.455843
0.15625  -0.523987
0.0625  -0.43671
-0.03125  -0.435259
0.125  -0.491388
-0.125  -0.390841
0.28125  -0.287568
-0.09375  -0.477589
0.15625  -0.47492
0.21875  -0.314923
-0.03125  -0.288678
0.1875  -0.348635
0  -0.546225
0  -0.453788
0  -0.245408
-0.15625  -0.424186
0.03125  -0.360021
0.0625  -0.466874
0.03125  -0.534079
-0.09375  -0.450863
0.09375  -0.540503
0.21875  -0.330985
-0.09375  -0.398363
-0.1875  -0.491295
-0.09375  -0.610247
0.0625  -0.449793
-0.0625  -0.345146
0.0625  -0.584722
-0.03125  -0.428765
0.25  -0.222909
0.0625  -0.447706
-0.09375  -0.36983
-0.1875  -0.350843
-0.0625  -0.417251
0  -0.285019
0.15625  -0.421147
0.03125  -0.462065
0.03125  -0.456983
0.125  -0.342347
-0.125  -0.337901
-0.15625  -0.297483
-0.15625  -0.457134
0.03125  -0.511841
-0.25  -0.458076
-0.15625  -0.422817
0.0625  -0.42305
-0.25  -0.444259
-0.15625  -0.496926
-0.125  -0.408304
-0.03125  -0.345159
0.15625  -0.402938
-0.21875  -0.638974
-0.0625  -0.564982
-0.125  -0.419162
-0.15625  -0.508273
-0.03125  -0.574067
-0.28125  -0.555822
0.1875  -0.633411
0.0625  -0.374851
-0.0625  -0.476257
-0.03125  -0.420645
-0.03125  -0.54389
-0.15625  -0.334343
0  -0.614636
0.1875  -0.593655
-0.0625  -0.417037
-0.03125  -0.514162
0.03125  -0.4092
-0.3125  -0.379747
0  -0.521197
-0.09375  -0.486722
0.0625  -0.48124
0.09375  -0.392384
-0.0625  -0.524214
-0.03125  -0.388168
0  -0.472241
0.03125  -0.465276
0.125  -0.534196
-0.0625  -0.567699
-0.09375  -0.645406
0.1875  -0.503878
0.0625  -0.566277
-0.0625  -0.450768
-0.03125  -0.405173
0  -0.355195
-0.09375  -0.183844
-0.03125  -0.359834
-0.03125  -0.4955
-0.125  -0.482718
-0.09375  -0.394244
0.28125  -0.540787
-0.03125  -0.441126
-0.125  -0.411614
0.09375  -0.339927
-0.125  -0.52927
0.09375  -0.418436
0.1875  -0.22793
-0.34375  -0.315708
0.15625  -0.519555
0  -0.395464
0.125  -0.498269
0.03125  -0.44744
0.1875  -0.378388
-0.0625  -0.452797
0.25  -0.611595
-0.15625  -0.300827
0.15625  -0.474384
0.03125  -0.348256
-0.09375  -0.429776
0.03125  -0.561731
0.03125  -0.378648
-0.15625  -0.423377
-0.125  -0.537811
-0.28125  -0.359223
0.03125  -0.531741
-0.0625  -0.176023
0.125  -0.411526
0.125  -0.387232
0.15625  -0.434461
-0.09375  -0.329387
0.125  -0.53943
-0.03125  -0.392857
-0.1875  -0.436355
0.09375  -0.451478
-0.03125  -0.437775
-0.25  -0.358972
0.15625  -0.400326
0.25  -0.65876
0  -0.369038
0.03125  -0.591734
-0.09375  -0.433003
0  -0.580747
-0.15625  -0.506715
0.09375  -0.421174
-0.0625  -0.317243
-0.03125  -0.464433
-0.34375  -0.363749
0  -0.526117
-0.0625  -0.385157
-0.03125  -0.492551
0.125  -0.451382
0.28125  -0.423694
0.15625  -0.700479
-0.09375  -0.489616
-0.125  -0.537807
-0.03125  -0.556395
-0.0625  -0.53656
0  -0.488255
0.03125  -0.521234
-0.1875  -0.481424
0.0625  -0.408656
0.21875  -0.309694
-0.0625  -0.52356
0.25  -0.433795
-0.09375  -0.334553
0.0625  -0.531578
0.0625  -0.414499
-0.09375  -0.396256
-0.03125  -0.410963
0.03125  -0.463381
-0.03125  -0.392223
0.21875  -0.470393
-0.25  -0.506081
-0.09375  -0.394147
-0.03125  -0.461751
0  -0.689204
0.1875  -0.624729
0.28125  -0.128882
-0.125  -0.46289
-0.03125  -0.460315
-0.125  -0.479382
0.0625  -0.530351
-0.25  -0.38473
-0.34375  -0.443748
-0.09375  -0.5001
-0.0625  -0.420756
0.0625  -0.461541
0  -0.62737
-0.09375  -0.537323
-0.0625  -0.496969
0.0625  -0.340857
0.0625  -0.358727
-0.1875  -0.540652
-0.15625  -0.665548
0.03125  -0.473448
0.0625  -0.563945
-0.09375  -0.488277
-0.1875  -0.38263
0.25  -0.419084
-0.03125  -0.555682
0.125  -0.416796
-0.09375  -0.473751
-0.15625  -0.540514
-0.0625  -0.500366
0.0625  -0.526038
0.03125  -0.414116
0.03125  -0.360883
0  -0.595834
0.125  -0.466788
-0.15625  -0.273097
-0.125  -0.506253
-0.1875  -0.460347
0.1875  -0.481915
-0.125  -0.478605
-0.15625  -0.381704
-0.09375  -0.25208
0  -0.661706
-0.125  -0.572097
-0.125  -0.602567
0.1875  -0.505322
0.21875  -0.363022
-0.15625  -0.27398
-0.03125  -0.383218
-0.03125  -0.545668
0.125  -0.416356
0.03125  -0.390397
0  -0.38169
-0.125  -0.401341
0.0625  -0.416405
0.28125  -0.353087
0  -0.421766
-0.125  -0.497708
0  -0.438333
-0.0625  -0.414643
0.03125  -0.335305
-0.03125  -0.545461
-0.03125  -0.415123
0.125  -0.260765
0.03125  -0.433421
-0.0625  -0.34212
0.03125  -0.366374
0.21875  -0.410681
-0.1875  -0.528635
0.1875  -0.421289
-0.125  -0.41105
-0.125  -0.223482
-0.09375  -0.406085
-0.09375  -0.501188
-0.03125  -0.38605
-0.125  -0.452097
0.21875  -0.602205
0.09375  -0.374154
0.15625  -0.301021
0  -0.408876
-0.3125  -0.418158
0.125  -0.358378
0.03125  -0.394921
-0.15625  -0.441997
0.0625  -0.416057
0.09375  -0.549372
0.03125  -0.513635
-0.15625  -0.53828
0.125  -0.332879
-0.25  -0.345727
0  -0.480401
0.03125  -0.638797
-0.15625  -0.325344
-0.28125  -0.387804
-0.0625  -0.446454
0  -0.561925
-0.15625  -0.440611
0.03125  -0.509471
0.15625  -0.376696
-0.0625  -0.467676
0.03125  -0.443576
-0.03125  -0.411792
0.125  -0.443533
0  -0.605536
-0.25  -0.474483
-0.0625  -0.41352
0.09375  -0.29513
-0.125  -0.134673
-0.1875  -0.481001
-0.15625  -0.521555
0.15625  -0.453353
0.09375  -0.469668
0.0625  -0.363478
-0.0625  -0.279496
-0.15625  -0.578562
-0.0625  0.0318421
0.1875  -0.475577
0  -0.35789
0.0625  -0.41921
-0.0625  -0.548544
0.03125  -0.39982
0.0625  -0.586143
0.03125  -0.586228
0.1875  -0.451588
0.125  -0.564913
0.125  -0.383893
0.03125  -0.390863
0.0625  -0.278723
-0.1875  -0.638345
-0.15625  -0.473532
0.03125  -0.494239
-0.0625  -0.492285
-0.03125  -0.490517
0.03125  -0.613699
0.125  -0.498934
0.03125  -0.564697
0.03125  -0.448337
0.09375  -0.555582
-0.15625  -0.368368
0.28125  -0.602002
0.125  -0.373342
-0.09375  -0.355592
0.03125  -0.57703
-0.21875  -0.410439
0.125  -0.419717
-0.09375  -0.208244
0.0625  -0.344029
0  -0.32339
-0.0625  -0.322726
0.15625  -0.603321
-0.1875  -0.526564
-0.21875  -0.472629
0.03125  -0.482037
0.125  -0.537878
-0.3125  -0.290958
0.125  -0.475178
-0.40625  -0.4725
0.03125  -0.53676
0.21875  -0.492839
0  -0.324072
-0.0625  -0.45043
-0.1875  -0.41476
0.1875  -0.429207
0  -0.502848
0.03125  -0.46228
0.03125  -0.182802
0.09375  -0.345773
-0.1875  -0.31722
0.09375  -0.471354
0  -0.476746
0  -0.705482
-0.09375  -0.504417
-0.125  -0.280364
-0.15625  -0.41308
-0.125  -0.341839
0.15625  -0.391404
0.1875  -0.682547
-0.1875  -0.425511
0.1875  -0.592146
0.09375  -0.410332
0.0625  -0.68269
0  -0.416569
-0.15625  -0.466463
-0.09375  -0.31292
-0.09375  -0.432984
0  -0.467399
-0.1875  -0.43389
-0.34375  -0.422984
-0.21875  -0.426776
0  -0.449481
0  -0.423261
-0.09375  -0.570989
0.25  -0.540709
-0.03125  -0.37085
0.15625  -0.534456
-0.03125  -0.511727
-0.1875  -0.540215
-0.21875  -0.365466
-0.28125  -0.395723
0.1875  -0.482295
0.03125  -0.407527
-0.09375  -0.420492
-0.0625  -0.380187
0.1875  -0.413469
0.15625  -0.273203
-0.1875  -0.495802
0.03125  -0.414148
-0.15625  -0.538082
0.0625  -0.351272
0  -0.674005
-0.1875  -0.453238
-0.0625  -0.354983
0.375  -0.551806
-0.25  -0.364331
-0.25  -0.484456
0.0625  -0.50879
-0.03125  -0.415829
0.15625  -0.445577
0  -0.370798
-0.0625  -0.481038
-0.03125  -0.505429
0.28125  -0.371733
0  -0.543232
0.03125  -0.441702
-0.1875  -0.283478
0  -0.512602
-0.0625  -0.303403
0.28125  -0.48651
-0.15625  -0.415975
0  -0.633668
0.03125  -0.561164
0.34375  -0.143458
0.03125  -0.432193
-0.1875  -0.437446
0  -0.287863
-0.09375  -0.363679
0.03125  -0.269058
0.03125  -0.422295
0.09375  -0.235889
0.21875  -0.539199
0.03125  -0.365629
-0.0625  -0.471314
0.15625  -0.533204
0.09375  -0.524927
0.21875  -0.216418
0.125  -0.546068
-0.125  -0.491389
-0.25  -0.399143
-0.09375  -0.442744
0.125  -0.605098
0.09375  -0.36899
0.0625  -0.474635
0.125  -0.521186
-0.09375  -0.305895
-0.03125  -0.453295
0  -0.377305
0.0625  -0.721409
0.1875  -0.334448
0.0625  -0.357328
0.21875  -0.539833
0.125  -0.519926
-0.125  -0.555676
-0.0625  -0.608713
-0.125  -0.381966
0.0625  -0.639332
-0.0625  -0.630454
0  -0.420715
0  -0.426824
0  -0.364715
-0.125  -0.35954
-0.15625  -0.513671
-0.03125  -0.646174
0.03125  -0.57462
-0.0625  -0.505678
-0.03125  -0.539915
0.1875  -0.510898
0.125  -0.401332
0.03125  -0.610756
0.28125  -0.359605
-0.21875  -0.459004
-0.0625  -0.35265
-0.03125  -0.319322
-0.21875  -0.44936
-0.03125  -0.572081
0.09375  -0.585327
0.125  -0.533864
0.15625  -0.570872
0.03125  -0.581964
0.15625  -0.40833
0.09375  -0.614763
-0.1875  -0.55453
-0.03125  -0.489987
0.125  -0.606248
0.1875  -0.427479
0.15625  -0.629774
0.125  -0.392369
-0.15625  -0.515763
0  -0.246113
0.125  -0.529288
0  -0.609562
0.0625  -0.379813
0.0625  -0.360002
0.09375  -0.276352
0.1875  -0.484963
-0.3125  -0.285016
-0.03125  -0.363687
-0.09375  -0.622094
-0.0625  -0.561199
0.09375  -0.453151
-0.0625  -0.317769
0.21875  -0.325125
0.3125  -0.579207
0.03125  -0.47105
0.125  -0.320946
-0.25  -0.527589
0  -0.645362
0.15625  -0.68722
0  -0.145985
0.1875  -0.463395
0.0625  -0.340277
0.15625  -0.501371
-0.15625  -0.53816
0.09375  -0.572171
0.0625  -0.467326
-0.03125  -0.341425
0.21875  -0.46102
0.0625  -0.381148
-0.25  -0.243469
-0.09375  -0.522346
0.1875  -0.491107
-0.09375  -0.462732
-0.125  -0.447921
0.03125  -0.470474
0.09375  -0.43678
-0.125  -0.500504
-0.03125  -0.332971
0  -0.574131
-0.0625  -0.503251
0.125  -0.551182
0.0625  -0.624657
0.125  -0.298563
-0.09375  -0.504017
0  -0.509752
-0.09375  -0.384663
0  -0.494274
0.1875  -0.592146
-0.03125  -0.59002
0.15625  -0.561168
0  -0.582144
0.15625  -0.58653
0.03125  -0.422181
0.03125  -0.345784
-0.15625  -0.380405
0  -0.455457
-0.03125  -0.364919
0.03125  -0.548257
0.03125  -0.273568
-0.0625  -0.544369
-0.21875  -0.28703
0.0625  -0.402699
0.125  -0.374919
0  -0.471059
-0.0625  -0.358938
-0.1875  -0.34981
0.125  -0.537026
-0.15625  -0.450566
0  -0.482609
0.09375  -0.146836
0.0625  -0.37201
0.125  -0.418466
-0.03125  -0.377161
-0.0625  -0.367178
0.15625  -0.225208
0.03125  -0.369792
0.1875  -0.354108
-0.15625  -0.327897
0.125  -0.363637
-0.0625  -0.626567
-0.0625  -0.387177
0.03125  -0.481525
0.0625  -0.39785
0  -0.599962
0.1875  -0.565534
0.0625  -0.265909
0  -0.460148
0.125  -0.450305
-0.125  -0.48245
-0.03125  -0.48907
-0.03125  -0.284911
-0.15625  -0.556479
0.15625  -0.529573
-0.03125  -0.387555
0  -0.425779
0  -0.514696
0.21875  -0.185354
-0.0625  -0.438146
0.0625  -0.550521
0.09375  -0.322748
-0.03125  -0.447793
-0.03125  -0.468179
-0.15625  -0.350968
-0.0625  -0.529774
0.09375  -0.335617
0.25  -0.530685
-0.03125  -0.503108
0.03125  -0.41781
0.03125  -0.412289
0.0625  -0.425812
0.0625  -0.410287
0.0625  -0.556179
-0.0625  -0.643337
-0.0625  -0.462097
0  -0.578471
-0.21875  -0.423599
-0.21875  -0.345072
0.15625  -0.532835
0.09375  -0.383355
0.03125  -0.542664
0  -0.309727
0.03125  -0.470372
0.125  -0.396406
0  -0.447035
0.1875  -0.367076
0  -0.505495
0.03125  -0.454969
-0.03125  -0.464188
0.0625  -0.467538
-0.21875  -0.60662
0.09375  -0.552256
0.125  -0.318941
-0.15625  -0.541984
0.15625  -0.576959
0.125  -0.56524
-0.09375  -0.335049
0.09375  -0.490779
-0.09375  -0.59215
0.1875  -0.416388
-0.0625  -0.538158
-0.15625  -0.682771
-0.03125  -0.411872
0.09375  -0.385003
0.0625  -0.360245
0.125  -0.236957
-0.09375  -0.528084
0.09375  -0.341081
0.03125  -0.234651
0.03125  -0.64339
-0.03125  -0.3243
0.03125  -0.596453
0  -0.502899
0.03125  -0.339191
-0.15625  -0.59935
0.1875  -0.643463
0.09375  -0.572779
0.125  -0.417386
0.03125  -0.579488
-0.125  -0.561217
0.0625  -0.503356
-0.03125  -0.5436
0  -0.273654
-0.1875  -0.356551
-0.03125  -0.545825
0.0625  -0.42652
-0.0625  -0.409548
0.15625  -0.50748
-0.15625  -0.571477
-0.0625  -0.512662
-0.0625  -0.24387
-0.09375  -0.424807
0  -0.47102
0.09375  -0.389269
-0.21875  -0.566347
0.03125  -0.355912
-0.09375  -0.537595
0.09375  -0.451862
-0.125  -0.548821
0  -0.498295
0.1875  -0.747691
0.15625  -0.314374
0.03125  -0.562928
-0.125  -0.379584
-0.03125  -0.447498
-0.125  -0.281694
0.09375  -0.387595
-0.03125  -0.611505
0.03125  -0.30803
0.03125  -0.48945
0.09375  -0.601179
-0.03125  -0.475103
0.0625  -0.520617
-0.0625  -0.461943
-0.09375  -0.444539
-0.15625  -0.554419
-0.03125  -0.477546
0.09375  -0.61476
0.15625  -0.609585
-0.0625  -0.384099
0.0625  -0.242131
-0.09375  -0.512573
0  -0.634187
-0.0625  -0.596633
0.15625  -0.437552
0.125  -0.455644
-0.25  -0.294574
-0.0625  -0.396565
0.03125  -0.56001
0.125  -0.44024
0.03125  -0.541032
-0.09375  -0.328439
-0.21875  -0.44513
0.15625  -0.434517
-0.125  -0.427021
-0.0625  -0.499698
0  -0.399761
-0.0625  -0.36439
0.0625  -0.545065
-0.03125  -0.486382
0  -0.413979
0.40625  -0.452227
0.09375  -0.437018
0.25  -0.462025
0.0625  -0.450772
-0.15625  -0.434828
-0.03125  -0.505842
-0.09375  -0.523038
-0.125  -0.530287
0.09375  -0.393003
0.0625  -0.491943
0.1875  -0.443024
0.03125  -0.414228
-0.34375  -0.490042
0.03125  -0.302845
-0.125  -0.761856
0  -0.413062
0.09375  -0.369752
0.03125  -0.597912
0.0625  -0.502629
0.15625  -0.372726
-0.03125  -0.498405
0.0625  -0.485996
0.03125  -0.392056
-0.125  -0.519865
0.125  -0.528559
0  -0.607663
-0.0625  -0.535775
0.0625  -0.270429
-0.125  -0.405654
0.03125  -0.503675
0.15625  -0.205131
0.125  -0.405454
0  -0.265139
0.03125  -0.464633
0.15625  -0.542987
0.0625  -0.548057
0.03125  -0.42422
0.03125  -0.440472
-0.25  -0.413793
-0.1875  -0.506689
-0.03125  -0.337121
-0.09375  -0.549281
0.09375  -0.61898
0.25  -0.55506
-0.03125  -0.624486
0  -0.32577
-0.125  -0.586848
0.0625  -0.628638
-0.0625  -0.618536
0.03125  -0.351442
-0.03125  -0.464355
0.125  -0.356229
-0.09375  -0.584222
0  -0.464745
-0.0625  -0.357902
0.21875  -0.351168
-0.09375  -0.558803
0.09375  -0.551592
0.1875  -0.500131
0.0625  -0.366228
-0.15625  -0.361469
-0.03125  -0.366325
0.09375  -0.443016
-0.0625  -0.386314
-0.125  -0.482877
0.0625  -0.501962
0  -0.598759
0.25  -0.585539
0.0625  -0.544546
0.0625  -0.460087
-0.09375  -0.460727
0.09375  -0.401898
-0.1875  -0.520481
-0.375  -0.55369
-0.0625  -0.449893
-0.0625  -0.212152
-0.21875  -0.355315
0.03125  -0.331156
-0.09375  -0.353166
0.1875  -0.276642
-0.09375  -0.440544
0.03125  -0.597132
0.0625  -0.468362
0.09375  -0.707645
-0.125  -0.372695
-0.125  -0.430438
-0.0625  -0.410908
0.03125  -0.503611
0.0625  -0.620487
0  -0.381267
0.125  -0.348559
0.09375  -0.482909
-0.0625  -0.605206
-0.03125  -0.576546
0.21875  -0.477119
0.0625  -0.51196
-0.1875  -0.426039
0.03125  -0.675775
-0.03125  -0.584932
0.25  -0.298281
-0.03125  -0.395622
0.1875  -0.466611
-0.21875  -0.491934
-0.34375  -0.375744
0.03125  -0.473307
0.0625  -0.242415
-0.0625  -0.380734
0.03125  -0.413513
0.0625  -0.600715
-0.03125  -0.30285
0.03125  -0.413533
0.09375  -0.540882
0.1875  -0.124038
-0.125  -0.240114
-0.03125  -0.372275
0.125  -0.492982
-0.09375  -0.537496
-0.1875  -0.490603
-0.15625  -0.199171
-0.03125  -0.702921
-0.03125  -0.562114
0.0625  -0.592698
-0.03125  -0.557143
0.1875  -0.451721
0.15625  -0.477305
0.0625  -0.331102
-0.03125  -0.378704
0.0625  -0.292134
-0.09375  -0.305511
0.0625  -0.236727
0.125  -0.402108
0.125  -0.510911
0.09375  -0.334147
-0.1875  -0.41241
0.15625  -0.531043
0.125  -0.646304
0  -0.357587
-0.15625  -0.353521
-0.15625  -0.419443
-0.03125  -0.503093
-0.09375  -0.356728
0.21875  -0.392403
0.03125  -0.516684
0  -0.414933
-0.03125  -0.420034
0.1875  -0.399642
0  -0.611876
-0.09375  -0.50247
-0.0625  -0.392932
-0.09375  -0.61664
0  -0.50476
0.15625  -0.50468
-0.09375  -0.592914
-0.15625  -0.534026
0  -0.386713
0.09375  -0.579042
0  -0.523587
0.0625  -0.448697
-0.09375  -0.480404
0.0625  -0.551319
0  -0.224943
0  -0.459725
-0.09375  -0.442197
-0.09375  -0.345593
0.125  -0.437088
0.125  -0.404372
0  -0.485221
-0.03125  -0.486342
-0.125  -0.548363
-0.09375  -0.53814
-0.15625  -0.453393
0.25  -0.538354
0.03125  -0.639125
0.0625  -0.396338
0.03125  -0.477867
0.1875  -0.4195
-0.03125  -0.261335
0  -0.214878
0.03125  -0.312433
0.0625  -0.511655
-0.0625  -0.57374
0.1875  -0.425742
0.03125  -0.41551
-0.0625  -0.270988
0  -0.389996
-0.09375  -0.452268
0.03125  -0.481221
0.09375  -0.56284
-0.03125  -0.503489
0  -0.347633
-0.125  -0.440072
0.0625  -0.399416
0.21875  -0.497671
-0.0625  -0.460165
0.0625  -0.515576
0.03125  -0.387825
0  -0.49074
0.0625  -0.35296
0.1875  -0.473503
0.21875  -0.463457
-0.125  -0.525775
0.1875  -0.40647
0.03125  -0.360912
-0.03125  -0.57981
-0.25  -0.230486
-0.09375  -0.514537
-0.125  -0.466267
-0.21875  -0.364484
-0.0625  -0.259993
0.0625  -0.46666
0  -0.263593
-0.125  -0.430254
0.125  -0.391604
-0.1875  -0.515285
0.03125  -0.511029
0.25  -0.464312
0  -0.442392
0.09375  -0.33238
0  -0.385815
0  -0.515659
0  -0.398714
0.09375  -0.339684
0.1875  -0.386349
0  -0.370776
-0.0625  -0.338576
-0.125  -0.342782
-0.21875  -0.43599
-0.21875  -0.506089
-0.09375  -0.474318
-0.03125  -0.658194
-0.15625  -0.408134
-0.34375  -0.557618
-0.125  -0.392889
-0.03125  -0.511868
-0.09375  -0.281372
0.3125  -0.598584
0.21875  -0.577067
-0.09375  -0.366255
-0.15625  -0.311818
0.09375  -0.375847
-0.0625  -0.332013
0.125  -0.455434
-0.03125  -0.447457
-0.03125  -0.668323
0.15625  -0.503291
0.09375  -0.441125
-0.1875  -0.315666
0.0625  -0.57713
-0.21875  -0.429136
0  -0.4035
0  -0.409819
-0.28125  -0.304209
-0.1875  -0.442061
0.125  -0.5207
0.09375  -0.604523
-0.03125  -0.380211
-0.0625  -0.505084
-0.09375  -0.483616
-0.1875  -0.449342
-0.0625  -0.273248
0.125  -0.504004
0  -0.464063
0  -0.315393
-0.15625  -0.359741
-0.09375  -0.419838
-0.21875  -0.429337
0.03125  -0.36406
-0.03125  -0.379538
-0.25  -0.187233
-0.125  -0.424832
0.09375  -0.373862
0.03125  -0.531281
-0.03125  -0.546294
-0.0625  -0.411906
-0.0625  -0.545459
-0.125  -0.57521
0.15625  -0.309362
0.21875  -0.571308
-0.0625  -0.477642
0.0625  -0.483478
-0.125  -0.428572
0.0625  -0.425384
0.34375  -0.285985
-0.09375  -0.386596
0.25  -0.406434
-0.3125  -0.402948
0.03125  -0.394577
0.25  -0.246235
0  -0.201233
-0.0625  -0.437506
-0.15625  -0.491431
-0.0625  -0.564272
0.1875  -0.255929
0.03125  -0.500223
0.03125  -0.569431
0.03125  -0.373727
0.125  -0.253642
-0.15625  -0.294073
0  -0.367827
0  -0.395713
-0.0625  -0.357291
-0.1875  -0.426229
-0.21875  -0.43347
0.03125  -0.490994
-0.125  -0.513902
-0.125  -0.341081
0.0625  -0.204958
0.0625  -0.396508
-0.125  -0.525155
0.03125  -0.445461
0.0625  -0.526574
-0.25  -0.560297
0.03125  -0.295638
-0.03125  -0.306395
-0.125  -0.500827
0.125  -0.598241
0.125  -0.504377
0.03125  -0.540032
-0.0625  -0.387756
0.03125  -0.574229
0  -0.484018
0.09375  -0.268344
-0.1875  -0.47213
0.0625  -0.372285
-0.09375  -0.59583
-0.03125  -0.504921
0  -0.431547
0.03125  -0.262134
0.03125  -0.617754
0.0625  -0.529145
-0.1875  -0.427542
-0.125  -0.537591
0  -0.552656
-0.09375  -0.502579
0.0625  -0.237752
-0.0625  -0.405414
0.03125  -0.431989
-0.03125  -0.451082
0.0625  -0.283447
-0.125  -0.579243
0.03125  -0.405314
0.15625  -0.444937
0.125  -0.199453
-0.28125  -0.475455
0.09375  -0.469594
-0.03125  -0.367907
0.25  -0.311484
-0.0625  -0.413443
0  -0.578683
0.0625  -0.418731
-0.125  -0.482813
0.1875  -0.410028
-0.03125  -0.428359
0.03125  -0.604898
-0.125  -0.464891
0.125  -0.347054
-0.125  -0.531766
-0.1875  -0.431502
-0.125  -0.447448
0.0625  -0.62602
0.15625  -0.335594
0.125  -0.381733
-0.125  -0.326203
-0.03125  -0.62533
0.125  -0.530731
0  -0.547561
-0.0625  -0.513679
0.28125  -0.549357
-0.03125  -0.534732
0.03125  -0.505287
-0.0625  -0.582185
-0.09375  -0.414646
0.03125  -0.289699
-0.03125  -0.447692
-0.0625  -0.423946
0.28125  -0.446774
-0.28125  -0.419227
0.125  -0.588022
0.125  -0.250841
0.09375  -0.417622
-0.15625  -0.488589
-0.09375  -0.309693
-0.21875  -0.364283
-0.03125  -0.497265
-0.0625  -0.265274
-0.15625  -0.473491
0.0625  -0.117105
-0.0625  -0.423899
0  -0.377414
0.125  -0.37974
-0.125  -0.406146
-0.0625  -0.34411
-0.03125  -0.470965
0.03125  -0.31978
-0.21875  -0.4353
0.125  -0.435216
-0.125  -0.441182
0.34375  -0.345755
0.0625  -0.393833
0.03125  -0.246774
-0.28125  -0.384636
0.09375  -0.385637
0.3125  -0.417416
0.09375  -0.468134
0.03125  -0.328249
0.0625  -0.432535
0  -0.525676
-0.03125  -0.25043
0.09375  -0.379097
0.125  -0.244943
-0.09375  -0.505966
-0.09375  -0.305836
0.125  -0.499117
-0.0625  -0.538224
-0.03125  -0.349404
-0.28125  -0.324286
0.125  -0.495863
-0.03125  -0.401364
0.09375  -0.48454
0.0625  -0.711944
-0.09375  -0.343661
0  -0.367903
0.34375  -0.401917
0.1875  -0.632377
0.09375  -0.368856
0.03125  -0.477443
0.15625  -0.558253
0.15625  -0.460652
-0.03125  -0.538198
0.0625  -0.471264
-0.1875  -0.40315
-0.125  -0.442636
-0.15625  -0.52107
-0.15625  -0.622458
0.125  -0.474651
0.1875  -0.437434
-0.125  -0.304242
0.125  -0.376643
0.0625  -0.264486
0.03125  -0.520174
0.15625  -0.248057
-0.09375  -0.22742
0.125  -0.565606
-0.125  -0.530185
0.125  -0.285984
0.3125  -0.316071
0  -0.541658
-0.09375  -0.511746
-0.03125  -0.601649
-0.03125  -0.301443
-0.03125  -0.541811
0.03125  -0.396598
-0.0625  -0.478929
-0.0625  -0.423433
-0.09375  -0.713191
-0.125  -0.496631
0.15625  -0.383652
0.03125  -0.502884
0  -0.597639
0.25  -0.436978
0.1875  -0.490849
0  -0.281469
0.125  -0.200755
0  -0.430337
0.125  -0.387306
-0.15625  -0.474724
-0.03125  -0.424284
0  -0.447655
-0.0625  -0.311216
-0.0625  -0.349685
-0.09375  -0.46086
0  -0.301162
0.0625  -0.426108
0.21875  -0.507861
-0.125  -0.364434
0  -0.665664
-0.125  -0.301463
0.09375  -0.462737
-0.03125  -0.465182
0.1875  -0.329895
0.15625  -0.564423
-0.125  -0.61292
0.125  -0.586873
0.125  -0.399318
0  -0.386614
-0.03125  -0.450841
-0.15625  -0.618808
-0.09375  -0.50103
0  -0.41646
0.0625  -0.401369
-0.0625  -0.403789
-0.03125  -0.60957
-0.125  -0.391368
0.03125  -0.486995
-0.03125  -0.419612
-0.1875  -0.370941
-0.125  -0.416944
0  -0.59032
0  -0.568289
0  -0.357505
0.21875  -0.507253
-0.03125  -0.526321
0.0625  -0.591972
0.03125  -0.560333
0.34375  -0.444335
-0.15625  -0.472844
0  -0.476763
0.125  -0.495969
0.09375  -0.552707
0.34375  -0.480886
0  -0.423454
0.40625  -0.197026
0.21875  -0.566912
-0.125  -0.385629
0.28125  -0.518072
-0.125  -0.442989
-0.0625  -0.484195
-0.1875  -0.441318
0.21875  -0.459603
0.0625  -0.208206
0.21875  -0.437325
0.125  -0.43584
0.03125  -0.760547
0.21875  -0.404135
-0.15625  -0.353416
-0.03125  -0.436349
0.1875  -0.543315
-0.1875  -0.336706
-0.09375  -0.331726
0.09375  -0.483147
0.125  -0.536383
0.40625  -0.436126
-0.03125  -0.330527
-0.09375  -0.358837
0  -0.514314
-0.21875  -0.405362
-0.125  -0.346784
-0.15625  -0.452642
0  -0.55643
-0.03125  -0.549155
-0.3125  -0.440891
0.125  -0.388606
-0.125  -0.534796
0.125  -0.466816
0.09375  -0.426218
0  -0.286351
-0.0625  -0.293626
-0.0625  -0.484156
0.09375  -0.521383
-0.03125  -0.456565
0.1875  -0.515337
0.125  -0.616833
-0.15625  -0.378539
0.03125  -0.357208
-0.21875  -0.45909
-0.03125  -0.362774
0.125  -0.339174
0.1875  -0.491763
-0.09375  -0.474833
-0.125  -0.680715
0.0625  -0.26593
0  -0.41774
-0.09375  -0.500945
0.03125  -0.373299
-0.1875  -0.511143
-0.09375  -0.594643
-0.1875  -0.406974
0.0625  -0.511411
-0.15625  -0.384068
-0.03125  -0.351777
0.125  -0.452986
0.0625  -0.679674
0  -0.577649
0.15625  -0.507463
0.21875  -0.41409
-0.125  -0.44427
-0.0625  -0.355433
-0.03125  -0.455293
-0.1875  -0.399126
0.0625  -0.314256
0.15625  -0.373346
-0.125  -0.444354
-0.15625  0.0222245
-0.25  -0.538879
-0.125  -0.503242
-0.0625  -0.517154
0  -0.610478
-0.1875  -0.312554
0  -0.511662
0.21875  -0.450773
0.125  -0.653191
0  -0.36246
-0.03125  -0.431392
-0.125  -0.350641
-0.03125  -0.272291
0.21875  -0.415858
0.1875  -0.323906
0.09375  -0.479641
0.21875  -0.654556
0.03125  -0.271369
0.25  -0.527987
0  -0.445315
-0.1875  -0.463748
0.125  -0.472592
-0.125  -0.39749
-0.0625  -0.466673
0  -0.514119
-0.1875  -0.631455
-0.21875  -0.40736
0.125  -0.380167
-0.1875  -0.500274
0.125  -0.46329
-0.03125  -0.556008
0.09375  -0.308261
-0.15625  -0.248287
0.21875  -0.43647
0.125  -0.24756
0.09375  -0.263018
-0.0625  -0.339168
0.09375  -0.401689
-0.21875  -0.443467
0.125  -0.473485
0.1875  -0.575268
-0.09375  -0.419073
0.28125  -0.342126
-0.3125  -0.563242
0.03125  -0.277835
-0.1875  -0.35758
0.09375  -0.60808
0.09375  -0.42717
0.15625  -0.310802
0.125  -0.255264
0.03125  -0.413424
0.09375  -0.531723
-0.0625  -0.415315
-0.03125  -0.405418
0.09375  -0.435845
0.1875  -0.610094
-0.125  -0.492695
-0.0625  -0.463274
0.125  -0.465552
-0.03125  -0.449574
0.28125  -0.296411
0.0625  -0.398042
-0.125  -0.462868
-0.28125  -0.402045
-0.125  -0.523625
-0.25  -0.432104
0.15625  -0.305722
-0.125  -0.209754
-0.0625  -0.450332
-0.0625  -0.486212
-0.03125  -0.542824
-0.15625  -0.32998
-0.0625  -0.513077
-0.1875  -0.564612
-0.1875  -0.314787
-0.0625  -0.446286
0.03125  -0.492422
0.0625  -0.538378
-0.21875  -0.53777
0.125  -0.40061
0.125  -0.442592
-0.15625  -0.407455
-0.125  -0.556897
0.0625  -0.531983
-0.03125  -0.337342
0.03125  -0.341462
0.09375  -0.417093
0.03125  -0.275258
0.03125  -0.417182
0.0625  -0.382242
-0.03125  -0.446712
-0.09375  -0.571563
-0.15625  -0.279415
0.125  -0.38554
-0.125  -0.484955
-0.0625  -0.369256
-0.09375  -0.330022
-0.15625  -0.475467
-0.1875  -0.3721
0.125  -0.613692
-0.125  -0.240332
0.0625  -0.598747
0  -0.297958
-0.09375  -0.446444
-0.0625  -0.497785
0.1875  -0.317401
-0.125  -0.481929
0  -0.311326
0  -0.421519
0  -0.363027
0  -0.446263
0.03125  -0.569531
0  -0.171596
-0.125  -0.595821
-0.09375  -0.374761
0.09375  -0.605006
0.125  -0.504932
0  -0.380653
0.125  -0.49345
0.15625  -0.42946
-0.21875  -0.513239
0.0625  -0.340464
0.09375  -0.590954
-0.03125  -0.346267
-0.03125  -0.474572
-0.09375  -0.507526
0.09375  -0.610346
0.25  -0.475389
0  -0.278849
0.03125  -0.647381
-0.25  -0.430275
0  -0.555792
0.0625  -0.527648
-0.03125  -0.501337
0.09375  -0.366723
0.125  -0.549801
0.0625  -0.620681
0.28125  -0.582161
0.1875  -0.573491
0.125  -0.510133
-0.03125  -0.475379
-0.09375  -0.570293
0.125  -0.417791
0.09375  -0.508396
-0.1875  -0.555778
-0.0625  -0.514085
0.21875  -0.397587
-0.03125  -0.562336
0.09375  -0.309568
-0.125  -0.59256
0  -0.335213
-0.09375  -0.444411
0  -0.321938
-0.03125  -0.353398
-0.21875  -0.23758
-0.1875  -0.519998
-0.3125  -0.483367
0.25  -0.381814
0  -0.344482
-0.03125  -0.460433
0.125  -0.453129
0.1875  -0.350529
-0.0625  -0.532442
-0.15625  -0.600977
0.03125  -0.62135
0.0625  -0.541859
-0.125  -0.300539
0.03125  -0.472958
0.25  -0.724928
-0.03125  -0.236236
0  -0.497679
-0.15625  -0.586607
-0.03125  -0.452392
0.15625  -0.470168
0.0625  -0.376956
0.15625  -0.338281
0  -0.348042
-0.15625  -0.589713
-0.03125  -0.569211
-0.125  -0.508599
0.125  -0.480155
0.125  -0.471022
-0.1875  -0.437185
0  -0.49473
0.125  -0.598631
-0.25  -0.330004
-0.0625  -0.526778
0.125  -0.331509
0.15625  -0.521994
0  -0.234634
0.0625  -0.563709
0.09375  -0.505865
-0.15625  -0.413488
-0.03125  -0.512328
-0.09375  -0.343563
0  -0.402584
0.09375  -0.223193
-0.15625  -0.605655
0  -0.580139
0.09375  -0.24458
-0.4375  -0.418525
0.125  -0.295902
0  -0.464612
0.125  -0.667129
-0.125  -0.3489
-0.21875  -0.363083
0.03125  -0.427341
-0.1875  -0.422259
0.21875  -0.567884
0.1875  -0.336468
-0.1875  -0.636008
0  -0.582636
0.15625  -0.564666
-0.15625  -0.401853
0.125  -0.53038
-0.0625  -0.356094
0.0625  -0.294029
0.09375  -0.482559
0.25  -0.502081
0.03125  -0.356141
0.125  -0.536784
0.09375  -0.429156
0.25  -0.627136
-0.1875  -0.45935
-0.09375  -0.446771
0.0625  -0.579384
-0.09375  -0.444179
0.0625  -0.296395
0.1875  -0.456814
-0.09375  -0.49009
-0.03125  -0.354219
0.03125  -0.529021
-0.09375  -0.4238
-0.03125  -0.358477
-0.125  -0.519778
0  -0.27847
-0.0625  -0.510893
-0.03125  -0.61994
-0.0625  -0.460461
0.09375  -0.354461
0.03125  -0.466445
-0.15625  -0.239334
0.15625  -0.363381
-0.0625  -0.4478
0.15625  -0.436764
0.0625  -0.428871
0  -0.460208
-0.21875  -0.521421
0.125  -0.362345
0.25  -0.450623
-0.25  -0.458241
0.09375  -0.567418
0.125  -0.40348
-0.03125  -0.398443
-0.03125  -0.370995
-0.125  -0.310586
0.25  -0.330624
0.03125  -0.466074
-0.09375  -0.568277
0  -0.383423
0.15625  -0.399277
-0.09375  -0.458952
-0.0625  -0.470088
0.125  -0.473199
0.03125  -0.25376
0.03125  -0.444311
0.25  -0.243108
-0.03125  -0.288484
0.21875  -0.565861
0.125  -0.44451
-0.125  -0.332416
-0.21875  -0.27991
-0.03125  -0.63629
0.15625  -0.487019
-0.09375  -0.207232
0  -0.368102
0.0625  -0.128365
0.09375  -0.400825
0.0625  -0.584577
0.21875  -0.46492
0.09375  -0.457431
0.03125  -0.526651
-0.125  -0.384532
0.03125  -0.332154
-0.0625  -0.39025
0.03125  -0.403346
-0.34375  -0.463318
0.09375  -0.456884
0.28125  -0.549039
0.125  -0.303126
0.03125  -0.347917
-0.03125  -0.348492
0  -0.391354
-0.03125  -0.486622
-0.0625  -0.422542
0.0625  -0.367645
0.1875  -0.581673
-0.09375  -0.383868
0.0625  -0.710523
0.09375  -0.489844
-0.125  -0.544437
0.09375  -0.57323
0.0625  -0.345267
-0.0625  -0.394117
0.09375  -0.530542
-0.03125  -0.422062
0.03125  -0.384272
-0.1875  -0.579594
0.25  -0.577064
0.15625  -0.312753
0.15625  -0.402363
-0.09375  -0.442959
0  -0.573462
0.1875  -0.368891
-0.15625  -0.322014
-0.03125  -0.500589
-0.09375  -0.543881
0.125  -0.37143
-0.0625  -0.49401
-0.0625  -0.487611
0.25  -0.632433
-0.1875  -0.432369
0  -0.369418
0.03125  -0.456103
-0.09375  -0.308332
-0.125  -0.503891
-0.03125  -0.541172
-0.15625  -0.474561
0.0625  -0.44294
-0.03125  -0.505629
-0.21875  -0.464903
0  -0.293158
-0.0625  -0.419309
-0.0625  -0.527185
0.125  -0.54813
-0.03125  -0.37487
0  -0.47756
0.15625  -0.45317
0.09375  -0.393856
-0.09375  -0.580596
-0.15625  -0.341968
-0.28125  -0.353637
-0.0625  -0.468989
0.15625  -0.327357
0.1875  -0.267023
0.03125  -0.622517
-0.09375  -0.514086
-0.0625  -0.587467
-0.03125  -0.387927
-0.0625  -0.593068
-0.21875  -0.363058
-0.09375  -0.487556
0.09375  -0.37018
0.15625  -0.536055
-0.21875  -0.393465
0.21875  -0.398788
0.0625  -0.458407
0.21875  -0.390927
0.21875  -0.501343
-0.40625  -0.410329
-0.09375  -0.453901
-0.03125  -0.526516
0.15625  -0.452131
0.03125  -0.575411
-0.03125  -0.297049
-0.09375  -0.508751
-0.09375  -0.574136
0  -0.609036
0.09375  -0.363064
-0.15625  -0.397406
0.09375  -0.420219
0.03125  -0.305497
-0.125  -0.356154
0.09375  -0.43297
0.15625  -0.300091
0.125  -0.362852
-0.0625  -0.261701
-0.09375  -0.39138
0.03125  -0.361912
-0.03125  -0.439789
-0.28125  -0.475077
0  -0.389847
0.15625  -0.35355
-0.0625  -0.548985
-0.0625  -0.396618
-0.1875  -0.357562
0.03125  -0.348511
0.1875  -0.518536
0.03125  -0.639199
0.09375  -0.529362
-0.0625  -0.634853
-0.0625  -0.385921
-0.03125  -0.34608
0.125  -0.481886
0.125  -0.503735
-0.09375  -0.641522
0.03125  -0.518156
-0.1875  -0.51306
0.15625  -0.502207
-0.0625  -0.563772
-0.0625  -0.490971
-0.09375  -0.337347
0.0625  -0.322426
-0.125  -0.381632
-0.0625  -0.687817
0.1875  -0.380264
-0.03125  -0.602309
-0.15625  -0.353977
0.15625  -0.533838
-0.03125  -0.524302
0.15625  -0.292639
0.03125  -0.417235
0.03125  -0.372874
-0.21875  -0.498278
-0.03125  -0.375932
0.25  -0.559367
-0.28125  -0.445418
-0.15625  -0.679668
-0.1875  -0.223174
0.0625  -0.399618
-0.09375  -0.471154
0.09375  -0.487727
0  -0.421578
0.09375  -0.454172
-0.0625  -0.177033
0.125  -0.398337
-0.03125  -0.568801
-0.09375  -0.350196
0.25  -0.319533
0  -0.449437
-0.09375  -0.51524
0  -0.446933
-0.15625  -0.437523
-0.09375  -0.561729
0  -0.274027
0.03125  -0.433841
0.03125  -0.430929
0.09375  -0.539145
-0.09375  -0.387846
0.21875  -0.497238
0.0625  -0.449925
0.0625  -0.555423
0.09375  -0.484914
0.0625  -0.428599
0.25  -0.465742
0.03125  -0.733605
0.15625  -0.465897
0  -0.680067
0  -0.547869
-0.03125  -0.497494
0  -0.418086
0.03125  -0.41576
0.15625  -0.288735
0.15625  -0.337499
-0.03125  -0.346743
0.1875  -0.548776
-0.125  -0.373956
-0.03125  -0.253953
-0.0625  -0.297436
0.125  -0.545264
0  -0.394342
0  -0.562471
0.21875  -0.538138
0.03125  -0.436039
0.15625  -0.566175
0.03125  -0.502775
0.03125  -0.461806
0.25  -0.487894
0.21875  -0.497635
-0.09375  -0.293344
0.0625  -0.424594
0  -0.225804
-0.125  -0.442028
0.15625  -0.39063
-0.03125  -0.443754
0.09375  -0.604927
0.21875  -0.290709
-0.09375  -0.509942
0.1875  -0.625934
0.25  -0.274451
-0.0625  -0.570832
-0.375  -0.514912
0.0625  -0.244808
-0.34375  -0.368161
-0.1875  -0.483185
0.09375  -0.402362
0.125  -0.229953
0.15625  -0.55627
-0.0625  -0.338346
-0.28125  -0.448759
-0.34375  -0.547475
0  -0.449539
0  -0.427058
-0.0625  -0.407645
-0.0625  -0.704138
0.03125  -0.443632
0.21875  -0.381722
0.25  -0.544529
0.1875  -0.458038
0.21875  -0.225036
0.1875  -0.468544
-0.09375  -0.47809
-0.0625  -0.532286
0.21875  -0.535003
0.09375  -0.393178
-0.09375  -0.353292
0.03125  -0.318639
-0.03125  -0.505306
0.0625  -0.351045
0.03125  -0.524844
-0.09375  -0.470506
0.03125  -0.540532
0.15625  -0.405003
0.03125  -0.494407
-0.09375  -0.367226
0.0625  -0.469483
0.0625  -0.677214
-0.09375  -0.525979
0.125  -0.311887
-0.03125  -0.376254
0  -0.424306
0  -0.444091
0.4375  -0.0189854
0.25  -0.314053
0.21875  -0.217529
-0.125  -0.411205
0.0625  -0.584334
0.09375  -0.511372
-0.0625  -0.54413
-0.15625  -0.41028
0.0625  -0.503234
0.1875  -0.394075
0.09375  -0.465081
0  -0.502238
0.03125  -0.542199
0.0625  -0.469302
-0.09375  -0.510388
0.3125  -0.269453
-0.09375  -0.303257
-0.0625  -0.574404
-0.15625  -0.504616
-0.09375  -0.475649
0.09375  -0.583613
0  -0.565447
-0.375  -0.502053
0  -0.547228
0.03125  -0.492223
0  -0.420195
0.09375  -0.373275
0.0625  -0.459135
0  -0.248812
0.09375  -0.429436
-0.1875  -0.661251
0.03125  -0.496948
-0.1875  -0.489115
-0.03125  -0.433396
0.03125  -0.320252
0.125  -0.463209
0.25  -0.495467
0.0625  -0.500287
-0.125  -0.311699
-0.03125  -0.366923
-0.03125  -0.334186
0.21875  -0.466458
0.03125  -0.373575
-0.03125  -0.444957
-0.09375  -0.316339
0.09375  -0.433118
-0.125  -0.59688
0.46875  -0.249831
-0.375  -0.347847
-0.03125  -0.381104
0.03125  -0.558045
-0.03125  -0.534828
0.34375  -0.3859
-0.0625  -0.435987
-0.09375  -0.672418
-0.03125  -0.409308
0.15625  -0.464853
-0.125  -0.416365
-0.34375  -0.279243
-0.0625  -0.443555
0.3125  -0.412362
0.09375  -0.551126
0.09375  -0.498418
-0.28125  -0.413526
0.03125  -0.522551
-0.03125  -0.574893
-0.03125  -0.452438
0.1875  -0.478875
-0.125  -0.562178
-0.03125  -0.462853
-0.125  -0.495276
0.1875  -0.377202
-0.125  -0.414178
0.03125  -0.443542
-0.09375  -0.466683
0.03125  -0.568124
0.15625  -0.44966
0.0625  -0.440149
-0.03125  -0.359182
0.09375  -0.397175
-0.125  -0.503362
-0.15625  -0.552256
-0.125  -0.404876
0.21875  -0.420016
0  -0.503551
0.0625  -0.368788
-0.125  -0.482606
0.1875  -0.576941
-0.25  -0.444161
0.1875  -0.5194
0.1875  -0.434952
0.125  -0.556886
-0.125  -0.39839
0.1875  -0.460578
-0.125  -0.397218
0.09375  -0.468441
-0.09375  -0.495786
0.0625  -0.328131
0.125  -0.522434
0.21875  -0.481016
0.03125  -0.57825
0.0625  -0.595905
-0.125  -0.61362
0.09375  -0.405359
0.125  -0.556646
0.03125  -0.366318
0  -0.387663
-0.15625  -0.377629
-0.09375  -0.476829
0  -0.252602
0.125  -0.463917
0.09375  -0.468089
-0.15625  -0.339869
0.1875  -0.430092
0  -0.495866
-0.0625  -0.484665
0.1875  -0.333146
-0.03125  -0.450176
-0.0625  -0.568155
0  -0.388497
-0.0625  -0.481623
-0.09375  -0.582201
0.09375  -0.313908
0  -0.535315
-0.09375  -0.640965
-0.1875  -0.579917
0  -0.387963
-0.0625  -0.386629
0.0625  -0.311758
-0.0625  -0.330791
-0.125  -0.380618
0.03125  -0.420712
-0.03125  -0.45942
-0.28125  -0.576519
0.125  -0.276301
0.1875  -0.355581
-0.0625  -0.348611
0  -0.374268
0.0625  -0.511983
0.0625  -0.562843
-0.21875  -0.444928
0.1875  -0.392275
-0.03125  -0.34253
-0.0625  -0.389438
-0.09375  -0.449413
0.03125  -0.214719
0.21875  -0.313266
0.09375  -0.310003
0.125  -0.570334
0.0625  -0.491118
-0.15625  -0.482927
0  -0.520744
0.0625  -0.480637
0.1875  -0.468697
-0.0625  -0.33409
0.03125  -0.406485
0.03125  -0.442737
-0.28125  -0.37088
-0.15625  -0.303722
0.1875  -0.35952
0.09375  -0.488856
-0.09375  -0.40173
0.125  -0.588618
-0.25  -0.437045
-0.09375  -0.565162
0.03125  -0.301252
-0.0625  -0.499449
0  -0.42688
0.0625  -0.409217
0.03125  -0.433315
0.0625  -0.521096
0.1875  -0.361589
0  -0.295455
0.03125  -0.421727
-0.03125  -0.20659
0.125  -0.335528
-0.0625  -0.448503
-0.09375  -0.600793
0  -0.477668
0.0625  -0.333644
0  -0.482258
0.03125  -0.580296
0.0625  -0.550247
0  -0.403616
0.125  -0.554753
0.09375  -0.463724
0  -0.497675
0.03125  -0.504737
0.375  -0.318122
-0.15625  -0.273967
0.03125  -0.416572
0.28125  -0.295076
0.125  -0.473501
0.09375  -0.577445
-0.125  -0.462787
0.125  -0.467892
0.03125  -0.383826
0.125  -0.348718
-0.03125  -0.46539
-0.1875  -0.315894
-0.0625  -0.571658
-0.0625  -0.420815
-0.21875  -0.451531
0.09375  -0.386325
-0.03125  -0.352669
0  -0.377555
0.03125  -0.520603
-0.28125  -0.507227
0.125  -0.294196
0.25  -0.493358
-0.28125  -0.549329
0.09375  -0.564488
-0.21875  -0.414351
0.1875  -0.588402
0.0625  -0.55521
-0.25  -0.482624
0.03125  -0.174847
0.125  -0.69752
-0.15625  -0.50917
-0.0625  -0.434773
-0.03125  -0.368227
-0.0625  -0.598595
0.03125  -0.533554
0  -0.446232
0.03125  -0.574454
0.125  -0.526329
-0.125  -0.463856
0.125  -0.519493
-0.125  -0.257363
0.125  -0.571743
0.21875  -0.453599
0  -0.443689
-0.03125  -0.303763
0.0625  -0.568389
0.09375  -0.55335
0.125  -0.370091
0  -0.476055
0.0625  -0.5803
0  -0.430637
-0.03125  -0.504615
-0.1875  -0.505314
0.03125  -0.32996
-0.15625  -0.373288
0.09375  -0.407485
-0.21875  -0.497106
0.125  -0.63244
0.03125  -0.301303
0  -0.368995
0.125  -0.290026
0.0625  -0.638718
0.15625  -0.473521
0.21875  -0.543929
0  -0.391916
0.125  -0.382223
-0.28125  -0.380625
0.09375  -0.20425
0.03125  -0.388869
0.15625  -0.402138
-0.03125  -0.553087
0.15625  -0.467256
-0.03125  -0.7227
-0.21875  -0.488387
0.1875  -0.419022
-0.0625  -0.522173
-0.03125  -0.27957
-0.125  -0.298952
0.15625  -0.568046
-0.03125  -0.473866
-0.09375  -0.623853
-0.0625  -0.450517
0.09375  -0.560698
0.1875  -0.420923
-0.3125  -0.408939
0.09375  -0.388863
0.03125  -0.426452
-0.1875  -0.272068
-0.1875  -0.389705
0  -0.52805
-0.15625  -0.482016
0.09375  -0.339331
0.0625  -0.650053
-0.15625  -0.551678
-0.0625  -0.0783408
0.125  -0.53588
0.25  -0.305162
0  -0.314019
0  -0.388659
0  -0.406545
0.15625  -0.385055
0.3125  -0.461314
0.09375  -0.553307
-0.0625  -0.509655
0.03125  -0.290717
0.125  -0.463076
0.125  -0.289376
0.03125  -0.415342
0.25  -0.2103
-0.125  -0.475677
0.15625  -0.364479
-0.15625  -0.435267
-0.25  -0.536056
-0.09375  -0.394828
-0.21875  -0.4963
0.09375  -0.40731
0.09375  -0.276916
-0.03125  -0.505258
0.15625  -0.347909
-0.0625  -0.533614
0.1875  -0.363585
0.1875  -0.319126
0.125  -0.400017
-0.0625  -0.491951
0.09375  -0.291516
0  -0.53383
0.03125  -0.567313
0.34375  -0.542147
0.09375  -0.503027
0.0625  -0.425039
0.21875  -0.318451
-0.28125  -0.42205
-0.09375  -0.587889
-0.15625  -0.537983
-0.125  -0.47609
-0.03125  -0.414977
0.03125  -0.524644
0.1875  -0.518979
-0.125  -0.458576
0  -0.442368
-0.0625  -0.490034
0.0625  -0.592308
-0.03125  -0.525095
0.125  -0.528766
0  -0.508932
-0.125  -0.465977
-0.09375  -0.315972
-0.09375  -0.453396
-0.125  -0.509464
-0.03125  -0.457805
0.21875  -0.214326
-0.3125  -0.403947
-0.0625  -0.566173
0.1875  -0.513687
-0.15625  -0.327675
-0.09375  -0.336633
-0.21875  -0.419529
-0.03125  -0.583179
0.03125  -0.674101
-0.25  -0.433678
-0.0625  -0.432049
-0.03125  -0.371212
-0.0625  -0.263211
0  -0.350565
0  -0.361176
-0.0625  -0.622696
-0.125  -0.528319
0.0625  -0.562038
-0.125  -0.461652
0.125  -0.407681
-0.03125  -0.288573
-0.15625  -0.571249
-0.28125  -0.476915
0.03125  -0.51438
-0.15625  -0.357579
-0.09375  -0.342307
-0.25  -0.288554
-0.21875  -0.552055
-0.1875  -0.38182
0  -0.392481
-0.125  -0.578543
0.03125  -0.376832
0.03125  -0.530769
0.03125  -0.359683
-0.0625  -0.424003
0  -0.41161
0.15625  -0.603647
0.03125  -0.257414
0.03125  -0.61025
0.03125  -0.358547
-0.4375  -0.444446
-0.03125  -0.363035
-0.09375  -0.619335
-0.125  -0.215042
-0.125  -0.17668
-0.0625  -0.662089
-0.09375  -0.622845
-0.09375  -0.460404
0.21875  -0.5678
0.15625  -0.390763
0.0625  -0.452297
0.21875  -0.477917
0  -0.5016
0.0625  -0.445884
-0.125  -0.472924
0.0625  -0.360035
0.09375  -0.330119
0.03125  -0.361967
0.1875  -0.504803
0.0625  -0.696686
0.1875  -0.305522
-0.0625  -0.365662
0.09375  -0.482325
0  -0.474116
0.1875  -0.511601
-0.09375  -0.320054
-0.125  -0.379924
-0.0625  -0.505963
0.09375  -0.653754
0.15625  -0.425288
0.09375  -0.278069
-0.1875  -0.356373
-0.1875  -0.378382
-0.1875  -0.380337
0.0625  -0.551368
0.1875  -0.394171
-0.125  -0.426547
0.03125  -0.414203
-0.09375  -0.427899
-0.03125  -0.641318
0.125  -0.60046
0.09375  -0.32577
-0.125  -0.41817
-0.03125  -0.296388
0.03125  -0.519926
-0.03125  -0.360809
0.0625  -0.305528
-0.09375  -0.555862
-0.15625  -0.523434
-0.15625  -0.4392
0.09375  -0.379887
-0.03125  -0.529637
-0.0625  -0.373109
0.125  -0.377386
0.0625  -0.473805
0  -0.597668
0.0625  -0.437287
-0.03125  -0.632876
0.125  -0.399848
-0.1875  -0.453356
-0.15625  -0.601715
0  -0.520064
0.09375  -0.616506
0.21875  -0.549448
-0.0625  -0.300294
0.0625  -0.596909
0.1875  -0.526547
0.03125  -0.564003
0.03125  -0.535426
0.1875  -0.345755
0.03125  -0.469985
0  -0.346837
0  -0.453994
0.09375  -0.466579
-0.15625  -0.584455
0.03125  -0.31179
-0.15625  -0.591343
0.03125  -0.348919
-0.0625  -0.401922
0.15625  -0.241817
0.09375  -0.453779
0  -0.332881
-0.0625  -0.104236
0.1875  -0.433364
0.125  -0.310474
0.1875  -0.274234
0.15625  -0.397467
0.0625  -0.579813
-0.09375  -0.332555
-0.34375  -0.578957
-0.15625  -0.420354
-0.1875  -0.491846
0.1875  -0.529945
-0.03125  -0.221039
-0.25  -0.296492
0.15625  -0.39613
0.03125  -0.364709
0.34375  -0.331629
0.03125  -0.245543
0.03125  -0.626173
-0.15625  -0.424775
0.125  -0.452241
0.03125  -0.660226
-0.125  -0.343922
0.21875  -0.643635
0.09375  -0.327932
0.03125  -0.496621
0.1875  -0.50503
-0.21875  -0.388233
0.15625  -0.415053
-0.03125  -0.350854
0  -0.459486
-0.03125  -0.311917
-0.03125  -0.577929
-0.0625  -0.698937
-0.125  -0.389086
-0.3125  -0.490886
0.03125  -0.407007
0.21875  -0.536216
-0.1875  -0.59475
0  -0.44497
0.125  -0.482894
0.09375  -0.527115
-0.03125  -0.368449
-0.15625  -0.288832
-0.0625  -0.35912
0.0625  -0.564835
0.125  -0.330435
0  -0.418161
-0.0625  -0.451506
0.1875  -0.569446
-0.375  -0.597549
-0.1875  -0.486201
0  -0.556933
0.3125  -0.352492
0.09375  -0.258728
-0.125  -0.469631
-0.21875  -0.250764
-0.09375  -0.561053
0.15625  -0.367506
-0.0625  -0.342837
0.0625  -0.475678
0.0625  -0.486939
-0.09375  -0.531786
0.09375  -0.368761
0.125  -0.230239
-0.3125  -0.457582
0  -0.495825
0.125  -0.59949
-0.09375  -0.533364
0.09375  -0.446024
-0.03125  -0.365999
0.09375  -0.345494
-0.09375  -0.363206
0.125  -0.58212
0.09375  -0.53117
0.28125  -0.562258
-0.0625  -0.443618
0.125  -0.322571
-0.125  -0.306291
0.28125  -0.405429
0.0625  -0.45603
-0.28125  -0.424736
0.1875  -0.585931
0  -0.700351
0.15625  -0.375461
-0.25  -0.452994
0.09375  -0.266972
-0.5  -0.462925
-0.125  -0.333599
0.0625  -0.465267
0.03125  -0.438699
0  -0.47455
0  -0.472731
0.03125  -0.513441
-0.21875  -0.62629
0.34375  -0.426163
0.0625  -0.245682
0.03125  -0.392915
0.0625  -0.483379
-0.0625  -0.449996
0  -0.341813
0.125  -0.503154
0.03125  -0.599503
0.03125  -0.477316
0.25  -0.639163
-0.09375  -0.303221
-0.0625  -0.401493
0  -0.50087
0.125  -0.384275
0  -0.361592
-0.09375  -0.337196
-0.09375  -0.365393
0.0625  -0.445989
0.0625  -0.692173
0.0625  -0.524939
-0.03125  -0.555277
-0.09375  -0.491371
-0.03125  -0.532795
-0.21875  -0.473293
0.15625  -0.37507
-0.09375  -0.419836
0.09375  -0.255835
0.0625  -0.64382
0.0625  -0.374786
0.03125  -0.535958
-0.25  -0.376742
0.3125  -0.4178
-0.34375  -0.177356
-0.0625  -0.47296
0.0625  -0.277302
0.125  -0.507357
-0.09375  -0.559185
-0.03125  -0.566041
0.0625  -0.218793
0.15625  -0.433566
-0.03125  -0.460468
-0.0625  -0.488171
-0.0625  -0.306747
0.15625  -0.539422
-0.125  -0.279638
0.21875  -0.547315
0.1875  -0.321632
0.0625  -0.483186
0.03125  -0.57708
-0.25  -0.418639
-0.125  -0.446409
0  -0.331673
0  -0.637745
-0.09375  -0.537188
0.125  -0.52085
0.03125  -0.551474
-0.1875  -0.460539
0.15625  -0.408499
-0.03125  -0.322837
-0.15625  -0.462
0.09375  -0.438656
-0.1875  -0.378824
0.0625  -0.532277
-0.125  -0.337832
-0.0625  -0.594995
0.15625  -0.392288
0.1875  -0.419278
0.15625  -0.391246
-0.3125  -0.532247
-0.0625  -0.38908
-0.125  -0.394911
-0.09375  -0.376633
-0.1875  -0.430475
-0.34375  -0.494387
0.125  -0.562795
0.15625  -0.552769
0.03125  -0.234171
-0.28125  -0.430912
0  -0.469296
0.21875  -0.477538
0.03125  -0.514844
-0.0625  -0.533441
-0.03125  -0.201692
-0.09375  -0.566849
0.21875  -0.439599
-0.09375  -0.253329
-0.03125  -0.564125
0.03125  -0.372913
0.09375  -0.418313
-0.09375  -0.363125
0.21875  -0.430398
0.25  -0.41094
0.125  -0.50391
0.09375  -0.569993
0  -0.562801
0.03125  -0.453448
0.09375  -0.466552
0.0625  -0.312359
0.1875  -0.297356
0.09375  -0.663051
-0.125  -0.290002
0.25  -0.595505
0.03125  -0.605048
0  -0.392133
0.1875  -0.663137
-0.0625  -0.56425
-0.03125  -0.335434
0.15625  -0.364968
0.15625  -0.442401
0.09375  -0.426749
-0.25  -0.436619
-0.21875  -0.557789
0.125  -0.343038
0.03125  -0.310825
0  -0.48771
-0.1875  -0.566985
-0.03125  -0.430625
-0.09375  -0.554639
-0.0625  -0.605011
0.09375  -0.460338
-0.15625  -0.346025
-0.125  -0.347407
0.21875  -0.417003
0.03125  -0.516888
-0.09375  -0.429158
-0.09375  -0.344552
-0.125  -0.63808
0  -0.366171
-0.03125  -0.318225
0.09375  -0.466986
-0.09375  -0.41215
0.03125  -0.392311
-0.0625  -0.599005
-0.0625  -0.435615
-0.21875  -0.463304
0.0625  -0.363197
0.28125  -0.456299
0.15625  -0.37183
0.15625  -0.628962
-0.125  -0.532499
0.125  -0.325472
0.15625  -0.479737
-0.0625  -0.211255
0.0625  -0.39777
-0.0625  -0.37428
-0.09375  -0.408885
-0.1875  -0.403712
0  -0.361559
0.0625  -0.5263
-0.0625  -0.410111
0.125  -0.483767
-0.03125  -0.439022
0.03125  -0.633998
-0.15625  -0.425384
-0.09375  -0.491845
-0.09375  -0.541188
0  -0.516611
0.09375  -0.373821
-0.09375  -0.601795
0.0625  -0.437783
0.0625  -0.538972
-0.25  -0.335332
0.09375  -0.431734
0.09375  -0.347736
-0.09375  -0.381802
-0.0625  -0.436586
0.125  -0.563836
0.03125  -0.362962
0.1875  -0.553841
0.21875  -0.57301
-0.21875  -0.393919
0.03125  -0.4365
0.03125  -0.395074
-0.09375  -0.476136
-0.15625  -0.581729
0.03125  -0.28481
0.0625  -0.361932
0.25  -0.520198
-0.125  -0.45052
-0.03125  -0.301038
0.28125  -0.4858
-0.0625  -0.491205
-0.0625  -0.422582
0.125  -0.645597
-0.03125  -0.528708
0.03125  -0.592461
0.09375  -0.503264
-0.1875  -0.435008
0.03125  -0.466937
0.03125  -0.485083
-0.1875  -0.579874
-0.0625  -0.557212
0.0625  -0.421013
0.375  -0.350755
-0.125  -0.494052
0.15625  -0.465734
-0.125  -0.636134
-0.3125  -0.571181
0  -0.522254
0.25  -0.474065
0.0625  -0.385515
0.15625  -0.512474
-0.0625  -0.245031
0  -0.38922
0.1875  -0.411526
-0.0625  -0.618207
-0.125  -0.409816
0.15625  -0.630651
0.0625  -0.440245
-0.3125  -0.383332
0.03125  -0.534157
0.125  -0.221091
0.15625  -0.502241
-0.25  -0.212162
0.0625  -0.405766
-0.15625  -0.358146
-0.09375  -0.317643
0  -0.516965
0.03125  -0.39374
0.125  -0.30773
0.28125  -0.447244
0.21875  -0.576835
0.0625  -0.55638
-0.03125  -0.628556
0.03125  -0.352824
0.03125  -0.401845
-0.0625  -0.383326
-0.03125  -0.579895
0.03125  -0.586899
-0.1875  -0.396604
0  -0.276846
0  -0.182487
-0.0625  -0.451982
-0.1875  -0.499311
0.03125  -0.494737
0.0625  -0.482604
0.03125  -0.569787
0.03125  -0.47864
-0.0625  -0.583332
0.28125  -0.492929
0.0625  -0.216101
0  -0.491039
-0.125  -0.425678
0.03125  -0.481813
-0.0625  -0.331747
0.03125  -0.547067
0  -0.226346
0.125  -0.331058
0.0625  -0.556829
0.09375  -0.514595
0.125  -0.154704
0.0625  -0.542695
0  -0.547436
0.21875  -0.35638
-0.03125  -0.340862
0.0625  -0.326054
-0.09375  -0.586231
0.09375  -0.212569
0.125  -0.372341
0.09375  -0.484671
0.03125  -0.498928
0.0625  -0.345109
0  -0.393439
-0.0625  -0.536849
-0.0625  -0.540549
0  -0.472493
0  -0.472956
0  -0.516827
0.1875  -0.435499
-0.03125  -0.462969
-0.0625  -0.431945
0.15625  -0.521683
-0.03125  -0.497398
0.25  -0.547986
-0.125  -0.271762
0.0625  -0.454414
-0.03125  -0.424913
0.09375  -0.486016
0.125  -0.415657
0.03125  -0.539831
-0.09375  -0.39576
0.21875  -0.428083
0.15625  -0.355204
-0.03125  -0.609705
0  -0.49564
0  -0.497694
-0.09375  -0.574167
-0.09375  -0.453
-0.03125  -0.469183
0  -0.534567
-0.09375  -0.564672
-0.125  -0.355339
-0.15625  -0.420552
-0.0625  -0.40406
-0.0625  -0.447452
0.0625  -0.430414
-0.21875  -0.342293
0.03125  -0.691696
0.03125  -0.357921
0.0625  -0.597868
-0.0625  -0.520204
0.28125  -0.557424
0.03125  -0.543839
0.21875  -0.423089
0.03125  -0.401937
0.1875  -0.424188
0.0625  -0.697773
0.1875  -0.44017
0.15625  -0.431468
-0.125  -0.419419
-0.0625  -0.545577
0.15625  -0.279915
-0.03125  -0.47365
0.0625  -0.304405
0.03125  -0.431638
-0.15625  -0.301279
0.125  -0.414509
-0.0625  -0.256554
-0.0625  -0.596394
-0.21875  -0.24448
0.125  -0.319918
0.34375  -0.542369
0  -0.316534
-0.125  -0.378576
-0.0625  -0.476825
-0.125  -0.460725
-0.09375  -0.493057
0.09375  -0.451379
0.125  -0.492646
0.03125  -0.35665
-0.03125  -0.438346
0.125  -0.395525
0.15625  -0.344438
0.125  -0.523772
-0.0625  -0.470153
0  -0.565624
0.09375  -0.47025
-0.09375  -0.490098
-0.15625  -0.357723
-0.03125  -0.307238
-0.3125  -0.438115
0  -0.561469
-0.125  -0.398514
-0.09375  -0.360971
-0.15625  -0.556739
0  -0.27807
0  -0.643785
0.125  -0.434672
-0.03125  -0.384451
-0.09375  -0.451961
0.03125  -0.435174
0  -0.424969
-0.03125  -0.416786
-0.25  -0.330386
0.46875  -0.475419
-0.0625  -0.445434
0.125  -0.550697
-0.09375  -0.513138
0.09375  -0.461884
0.03125  -0.286361
0.0625  -0.431003
0.1875  -0.540273
-0.09375  -0.497371
0.0625  -0.385954
-0.03125  -0.398658
0.125  -0.552347
0.15625  -0.427115
0  -0.416125
0.21875  -0.511866
-0.0625  -0.352864
-0.21875  -0.446886
-0.09375  -0.681485
-0.03125  -0.420635
-0.09375  -0.110475
0.0625  -0.444429
-0.09375  -0.534037
0.125  -0.34078
-0.125  -0.491752
0.0625  -0.70977
0.03125  -0.399191
0.03125  -0.256798
0.03125  -0.444956
0  -0.451862
0  -0.513047
-0.1875  -0.490331
-0.125  -0.433128
-0.03125  -0.554845
0  -0.184416
0.1875  -0.47263
-0.1875  -0.467171
0  -0.505163
-0.03125  -0.424051
0.1875  -0.506339
-0.125  -0.361746
0  -0.576016
0.25  -0.619754
0.0625  -0.233051
0.21875  -0.415306
0.03125  -0.412482
0.03125  -0.505739
0  -0.461311
-0.0625  -0.387608
0.09375  -0.517912
0.15625  -0.299253
-0.28125  -0.399323
-0.09375  -0.427759
0  -0.438619
0.0625  -0.509652
-0.1875  -0.285361
0.15625  -0.47297
-0.1875  -0.422131
0.1875  -0.477172
-0.1875  -0.352846
0.0625  -0.487527
-0.15625  -0.179223
0.03125  -0.616049
0  -0.484587
0  -0.251322
0.1875  -0.302988
0.25  -0.464551
-0.15625  -0.59122
0.125  -0.468446
0  -0.534994
0.125  -0.445789
-0.03125  -0.442506
-0.15625  -0.517254
0.1875  -0.676953
0.0625  -0.356261
0.03125  -0.484435
-0.0625  -0.473402
0  -0.352318
0.09375  -0.384593
0  -0.399747
-0.125  -0.432736
-0.0625  -0.53501
-0.0625  -0.458797
0.15625  -0.363838
0.1875  -0.521501
-0.21875  -0.380185
-0.125  -0.397965
-0.125  -0.515622
-0.125  -0.53714
0.1875  -0.312269
0.09375  -0.459917
0.125  -0.338548
-0.21875  -0.674724
0.15625  -0.447672
-0.0625  -0.0726997
0.1875  -0.29283
0  -0.444349
0.09375  -0.540954
-0.09375  -0.657835
0.1875  -0.569113
-0.03125  -0.501684
0  -0.405203
0.09375  -0.56593
0.03125  -0.430888
0.28125  -0.325154
0.0625  -0.45481
-0.03125  -0.583095
0.03125  -0.319793
-0.0625  -0.316222
0.09375  -0.324258
-0.0625  -0.418688
0.0625  -0.525751
-0.1875  -0.314895
0.15625  -0.159461
0  -0.423902
-0.1875  -0.492552
0.03125  -0.482512
-0.0625  -0.484817
0  -0.625573
-0.28125  -0.55761
0.25  -0.473028
-0.125  -0.514105
0.28125  -0.490119
-0.09375  -0.26828
0.125  -0.25636
-0.03125  -0.447267
0.03125  -0.414091
-0.0625  -0.356097
0.0625  -0.471775
0.25  -0.518353
0.03125  -0.42294
0.0625  -0.527023
0.15625  -0.442143
-0.0625  -0.624302
0.15625  -0.506749
0  -0.497365
-0.03125  -0.428747
0.125  -0.241134
0  -0.553717
-0.0625  -0.349124
0.09375  -0.391961
0.09375  -0.598497
0.09375  -0.483995
-0.09375  -0.457338
0.03125  -0.43648
-0.0625  -0.498575
0.0625  -0.468078
0.0625  -0.384296
-0.09375  -0.620881
-0.1875  -0.459453
0.25  -0.504905
-0.21875  -0.435301
0.125  -0.617837
0  -0.370396
-0.09375  -0.429182
0.0625  -0.427323
-0.09375  -0.538638
0.125  -0.360005
0.0625  -0.53574
-0.0625  -0.389328
-0.0625  -0.582643
0.15625  -0.313611
-0.125  -0.42335
0  -0.231409
-0.09375  -0.549523
-0.3125  -0.371482
0.21875  -0.523191
-0.125  -0.326268
-0.1875  -0.437233
-0.125  -0.334539
0  -0.650525
0.1875  -0.463279
-0.21875  -0.465848
0.09375  -0.507433
-0.09375  -0.637627
-0.15625  -0.338448
-0.1875  -0.380865
0.0625  -0.321514
0.1875  -0.576193
0  -0.467419
0.21875  -0.639728
0  -0.422581
0.03125  -0.306665
0  -0.488308
-0.15625  -0.552959
0.0625  -0.523639
-0.09375  -0.498642
0.15625  -0.488852
-0.03125  -0.389739
0.125  -0.627177
0  -0.781704
0.3125  -0.352364
0.09375  -0.621172
0.1875  -0.396628
0.09375  -0.458528
-0.09375  -0.427055
0.03125  -0.325221
0  -0.410621
-0.09375  -0.37187
-0.1875  -0.541319
-0.09375  -0.535699
0.09375  -0.529334
0.1875  -0.606243
0.3125  -0.350116
-0.03125  -0.405568
0.03125  -0.643326
-0.25  -0.308235
-0.125  -0.428329
-0.09375  -0.434525
0.0625  -0.489416
0.1875  -0.387089
0.0625  -0.160246
0  -0.522643
0.125  -0.386386
0.21875  -0.365463
0.03125  -0.261744
0  -0.325532
-0.03125  -0.297554
0.1875  -0.274594
0.03125  -0.552953
0.15625  -0.475012
0.03125  -0.413175
0.125  -0.317328
0.03125  -0.298891
-0.03125  -0.52246
0.0625  -0.519714
-0.125  -0.486074
0.15625  -0.424234
-0.0625  -0.463088
0.09375  -0.391024
-0.09375  -0.509727
0.03125  -0.441145
-0.03125  -0.354188
0.03125  -0.537858
-0.03125  -0.342547
0.0625  -0.29401
-0.125  -0.385739
-0.1875  -0.393958
0  -0.486606
0.0625  -0.587334
0.1875  -0.492676
0.0625  -0.303101
0.03125  -0.500753
0.25  -0.326645
0.15625  -0.312554
-0.03125  -0.457584
-0.1875  -0.37312
0.21875  -0.389503
0.21875  -0.560114
0.0625  -0.506652
0.09375  -0.384849
0  -0.400077
-0.0625  -0.516557
-0.125  -0.5724
-0.375  -0.57364
0  -0.529901
-0.03125  -0.566159
0.09375  -0.464314
0.125  -0.535464
-0.03125  -0.264857
0.03125  -0.517324
0.125  -0.465937
0.0625  -0.313971
-0.03125  -0.544239
-0.125  -0.416967
0.15625  -0.200026
0.15625  -0.529783
-0.09375  -0.375082
0.09375  -0.535884
0.1875  -0.543766
0.125  -0.53365
0.21875  -0.482337
-0.0625  -0.466678
0.0625  -0.478474
-0.1875  -0.309766
-0.15625  -0.553288
-0.125  -0.273776
-0.0625  -0.508907
0.15625  -0.255233
0.0625  -0.339563
-0.0625  -0.397882
0.0625  -0.5084
-0.09375  -0.477383
-0.15625  -0.466255
-0.03125  -0.347076
0.125  -0.606468
0.1875  -0.631305
0  -0.405488
0.125  -0.354909
-0.03125  -0.383956
0.09375  -0.50435
0.0625  -0.492448
-0.09375  -0.475215
0.0625  -0.280445
0.09375  -0.547775
0.125  -0.586056
-0.09375  -0.294299
-0.125  -0.32682
-0.09375  -0.401149
0  -0.354437
0.09375  -0.344267
-0.0625  -0.549732
0.09375  -0.56263
-0.125  -0.358807
-0.03125  -0.691206
0.21875  -0.409992
0.0625  -0.16407
0.0625  -0.453882
-0.0625  -0.463672
0.25  -0.621796
0  -0.337633
0.21875  -0.434325
-0.125  -0.608646
-0.03125  -0.381692
-0.03125  -0.455648
0.09375  -0.407746
-0.03125  -0.525205
-0.15625  -0.567693
0.03125  -0.526627
0.0625  -0.246998
-0.21875  -0.430843
-0.21875  -0.47916
-0.125  -0.519432
0.1875  -0.547196
0.03125  -0.387858
-0.0625  -0.391567
0.03125  -0.1763
0.03125  -0.37302
-0.09375  -0.615436
0  -0.366592
-0.25  -0.513053
-0.03125  -0.251914
0  -0.533996
0.21875  -0.534122
-0.03125  -0.46135
-0.0625  -0.374912
0.09375  -0.59936
-0.03125  -0.428675
0.125  -0.42309
-0.09375  -0.407262
0  -0.433374
0.03125  -0.561635
0.03125  -0.45735
-0.15625  -0.272245
0.125  -0.337617
0.0625  -0.20699
-0.09375  -0.568313
0.0625  -0.482462
0.375  -0.464949
0.03125  -0.453772
0.03125  -0.385022
-0.15625  -0.512641
0  -0.421976
0  -0.49719
0.0625  -0.288897
-0.15625  -0.313435
-0.03125  -0.315302
0.03125  -0.635228
-0.03125  -0.457065
-0.03125  -0.493346
0  -0.457805
0.03125  -0.491473
-0.03125  -0.546392
0.03125  -0.269954
-0.09375  -0.589516
0.09375  -0.350984
0.21875  -0.404737
-0.09375  -0.320336
-0.03125  -0.495485
0.03125  -0.373103
-0.21875  -0.451699
0.0625  -0.263721
-0.09375  -0.479531
-0.09375  -0.613839
0.03125  -0.402175
-0.1875  -0.492953
0.21875  -0.650879
-0.125  -0.332801
-0.0625  -0.344812
-0.09375  -0.536028
0  -0.571954
0.0625  -0.325186
0  -0.368094
-0.03125  -0.480543
-0.0625  -0.351296
0.0625  -0.371731
-0.0625  -0.456631
-0.09375  -0.655969
-0.03125  -0.476423
0.125  -0.192509
0.125  -0.569903
0.15625  -0.481831
0.0625  -0.447043
-0.0625  -0.14033
0.09375  -0.630733
-0.0625  -0.326317
-0.21875  -0.337517
0.09375  -0.684006
0.0625  -0.286679
0.09375  -0.431828
0.1875  -0.470267
-0.1875  -0.470744
-0.0625  -0.652366
0  -0.485386
-0.03125  -0.476858
-0.09375  -0.39952
-0.28125  -0.24716
-0.03125  -0.368218
-0.125  -0.115465
0.0625  -0.423069
0.03125  -0.474833
0.25  -0.481662
-0.1875  -0.489315
0.125  -0.547546
0.15625  -0.507325
0  -0.53589
-0.0625  -0.442565
0.03125  -0.449973
-0.09375  -0.427081
0.0625  -0.266164
0.03125  -0.395592
0.125  -0.486617
0.03125  -0.524254
-0.09375  -0.387046
-0.09375  -0.536124
0  -0.553863
0.3125  -0.410789
0.09375  -0.318458
-0.09375  -0.547286
-0.03125  -0.469714
0.1875  -0.428992
-0.03125  -0.349412
0.0625  -0.543065
0  -0.332953
-0.09375  -0.552582
0.15625  -0.442487
-0.09375  -0.289092
-0.09375  -0.570334
-0.28125  -0.380182
-0.0625  -0.338877
0.1875  -0.286052
0.125  -0.38465
0  -0.312454
-0.03125  -0.407035
0.125  -0.477616
0.21875  -0.338141
0.09375  -0.422004
0  -0.575969
-0.03125  -0.565758
-0.0625  -0.386852
0.0625  -0.478963
0.125  -0.612781
-0.0625  -0.456546
0.03125  -0.462365
0.09375  -0.448336
-0.03125  -0.528765
0.0625  -0.630667
-0.0625  -0.477465
0.09375  -0.536104
0  -0.364752
-0.0625  -0.42049
-0.125  -0.441972
0.03125  -0.345508
0.15625  -0.466311
0.03125  -0.46834
-0.15625  -0.371253
-0.15625  -0.373296
0  -0.409395
-0.03125  -0.531526
-0.0625  -0.561781
0.125  -0.296646
0.03125  -0.707255
0  -0.545227
0.03125  -0.348398
-0.03125  -0.323794
0.03125  -0.434535
-0.0625  -0.517133
0.15625  -0.23934
0.125  -0.528551
-0.09375  -0.485548
0.03125  -0.466901
-0.09375  -0.280854
0.125  -0.549419
0.125  -0.301626
0.125  -0.495288
0.03125  -0.105945
0.09375  -0.483618
-0.125  -0.450074
0.09375  -0.358791
-0.15625  -0.619514
0.0625  -0.593989
-0.3125  -0.461376
0.03125  -0.463507
-0.15625  -0.376251
0.25  -0.276819
0  -0.550307
0.0625  -0.347299
0.28125  -0.389386
0.15625  -0.456825
0.21875  -0.483646
-0.34375  -0.412049
0.34375  -0.448637
-0.15625  -0.511693
-0.125  -0.425846
-0.03125  -0.60884
-0.09375  -0.439133
0  -0.442101
-0.34375  -0.585122
-0.09375  -0.19052
-0.15625  -0.588355
0.125  -0.424929
-0.03125  -0.46796
-0.03125  -0.411543
0.03125  -0.265215
-0.03125  -0.338028
0.125  -0.68586
-0.0625  -0.387158
-0.09375  -0.467256
-0.09375  -0.372891
0.3125  -0.51697
0.03125  -0.303962
0  -0.347487
-0.03125  -0.493527
0.03125  -0.415323
-0.15625  -0.305777
0.03125  -0.562933
0.09375  -0.447957
-0.40625  -0.431415
-0.1875  -0.458373
0.03125  -0.574833
0.1875  -0.460896
0  -0.470397
0.03125  -0.61395
-0.125  -0.405888
-0.15625  -0.478082
-0.03125  -0.394509
0.09375  -0.447219
-0.0625  -0.58152
-0.21875  -0.592622
0.03125  -0.367552
0.03125  -0.265374
0.09375  -0.22417
-0.03125  -0.516606
-0.28125  -0.330236
-0.15625  -0.451235
0.3125  -0.335853
-0.03125  -0.300855
0.03125  -0.415595
-0.09375  -0.479473
0.34375  -0.403595
-0.1875  -0.425447
-0.09375  -0.562964
-0.09375  -0.395761
-0.09375  -0.398623
0.125  -0.6124
0.21875  -0.319535
-0.0625  -0.489473
0.21875  -0.572787
-0.1875  -0.496833
0.03125  -0.576573
0.09375  -0.44263
-0.0625  -0.448279
0.09375  -0.400328
0.03125  -0.435502
-0.03125  -0.596054
0.0625  -0.455484
-0.21875  -0.586243
0.0625  -0.501905
0  -0.436276
0.125  -0.36888
0.09375  -0.496473
-0.0625  -0.54069
0.1875  -0.277475
0.03125  -0.409527
-0.125  -0.317818
0.09375  -0.320978
-0.125  -0.227682
-0.15625  -0.572492
0.0625  -0.356615
0.09375  -0.354098
0.03125  -0.268936
-0.0625  -0.409507
-0.09375  -0.566625
0.1875  -0.451622
0.0625  -0.432243
0.125  -0.42537
-0.15625  -0.307797
0.125  -0.461271
0.03125  -0.488808
-0.09375  -0.404122
0.03125  -0.383767
-0.0625  -0.421869
-0.09375  -0.497757
0.09375  -0.584693
0.09375  -0.386544
0  -0.472326
-0.03125  -0.369669
-0.25  -0.466953
-0.09375  -0.492159
0.25  -0.393882
0.1875  -0.39331
0.125  -0.641694
0.09375  -0.507343
0  -0.279333
-0.0625  -0.550724
0.25  -0.523007
0.0625  -0.503316
-0.15625  -0.423627
0.1875  -0.53558
0.3125  -0.343999
-0.0625  -0.463505
0.0625  -0.449146
-0.15625  -0.512507
-0.15625  -0.494864
0.125  -0.460297
-0.1875  -0.56089
0  -0.487856
0.28125  -0.411366
0.25  -0.433927
-0.03125  -0.346486
0.21875  -0.427053
0.03125  -0.567503
-0.09375  -0.497857
0.0625  -0.399255
0.25  -0.496863
-0.15625  -0.435798
-0.03125  -0.337627
0.15625  -0.315544
-0.03125  -0.495099
0.03125  -0.435317
-0.15625  -0.33711
0.21875  -0.278716
-0.15625  -0.448204
-0.09375  -0.468352
-0.09375  -0.289128
-0.15625  -0.519792
-0.09375  -0.344085
-0.0625  -0.380601
-0.0625  -0.394911
-0.25  -0.280767
0.03125  -0.37706
0.0625  -0.689097
0.09375  -0.353268
-0.125  -0.553346
-0.09375  -0.448059
-0.0625  -0.40053
-0.15625  -0.169002
0.03125  -0.443219
-0.03125  -0.313061
-0.1875  -0.145677
-0.125  -0.398635
-0.0625  -0.618798
-0.09375  -0.441446
-0.125  -0.404933
-0.09375  -0.426046
-0.09375  -0.653783
0.15625  -0.561951
0.03125  -0.431647
-0.15625  -0.416522
0.0625  -0.509118
0.0625  -0.397717
0.125  -0.507709
-0.09375  -0.384704
-0.09375  -0.398416
0.0625  -0.481947
-0.0625  -0.253457
0.0625  -0.59704
-0.15625  -0.568123
0  -0.346472
-0.125  -0.429561
-0.0625  -0.565338
-0.15625  -0.713082
-0.0625  -0.578923
0  -0.645287
-0.28125  -0.469067
0.03125  -0.342482
-0.09375  -0.63058
0.1875  -0.396853
0.03125  -0.219539
-0.21875  -0.518948
-0.34375  -0.251675
-0.375  -0.325605
-0.21875  -0.473613
0.03125  -0.388007
0.0625  -0.403527
0  -0.433895
0.125  -0.574458
0.1875  -0.302254
-0.0625  -0.375923
-0.03125  -0.424833
0.21875  -0.424115
-0.125  -0.38246
-0.03125  -0.342663
0.09375  -0.542453
0  -0.422823
-0.0625  -0.538107
0.03125  -0.486934
-0.09375  -0.384325
0.0625  -0.5821
-0.21875  -0.523268
-0.03125  -0.294815
0.0625  -0.449443
-0.125  -0.51095
-0.25  -0.426973
0.03125  -0.511613
0  -0.38382
-0.28125  -0.318741
0.0625  -0.474955
-0.09375  -0.445919
-0.03125  -0.441104
-0.03125  -0.362363
0.0625  -0.558384
0.03125  -0.316223
-0.25  -0.64362
-0.09375  -0.413446
0  -0.50756
0.09375  -0.290706
0.0625  -0.43955
-0.21875  -0.388589
-0.15625  -0.484011
0.0625  -0.29965
0.15625  -0.462614
0.09375  -0.446675
-0.15625  -0.581163
0.03125  -0.404056
-0.03125  -0.352352
0.09375  -0.331755
0.1875  -0.588123
0.21875  -0.36495
-0.0625  -0.31982
-0.21875  -0.376
0  -0.417945
-0.0625  -0.478106
0.09375  -0.285873
-0.03125  -0.362593
0  -0.479713
-0.09375  -0.513189
-0.09375  -0.463603
-0.09375  -0.336383
0.03125  -0.492612
-0.09375  -0.405098
0.21875  -0.647404
0.09375  -0.385788
0.15625  -0.37372
0.0625  -0.455161
0.1875  -0.534359
0.125  -0.443442
-0.0625  -0.421483
0.15625  -0.358196
0.09375  -0.433665
-0.1875  -0.563218
0  -0.310653
0.03125  -0.548533
-0.125  -0.404873
-0.03125  -0.449465
0.0625  -0.474588
0.21875  -0.613162
-0.15625  -0.493161
0.0625  -0.674363
0.15625  -0.469897
0.1875  -0.520686
0  -0.421609
0.03125  -0.436119
0.0625  -0.486572
-0.09375  -0.559409
0.09375  -0.578752
0.125  -0.440854
0.09375  -0.511971
-0.21875  -0.484047
0  -0.480865
0.125  -0.60565
0.0625  -0.489253
0.15625  -0.367998
0.03125  -0.441323
-0.03125  -0.343582
-0.3125  -0.349958
-0.09375  -0.510521
0.0625  -0.482661
-0.125  -0.423908
-0.09375  -0.300815
0.0625  -0.52053
0.15625  -0.44153
0  -0.251614
0.03125  -0.378249
0.25  -0.425953
0.1875  -0.42361
0.03125  -0.40586
-0.1875  -0.608565
-0.25  -0.37173
-0.21875  -0.384719
-0.0625  -0.460043
-0.03125  -0.557652
0.21875  -0.43311
0.15625  -0.388047
0  -0.23983
0.15625  -0.491326
-0.09375  -0.520139
0.03125  -0.5375
-0.1875  -0.418899
-0.21875  -0.346392
0.125  -0.403418
-0.0625  -0.300951
0.1875  -0.445217
0.0625  -0.408386
0  -0.586424
0.03125  -0.185938
0.09375  -0.534759
0.1875  -0.328779
-0.0625  -0.272158
0.03125  -0.477221
-0.28125  -0.586076
-0.03125  -0.416755
0.15625  -0.448713
-0.09375  -0.396068
0.125  -0.391812
-0.15625  -0.378963
0.15625  -0.416316
0.15625  -0.247509
0  -0.579038
-0.03125  -0.507363
0.125  -0.470119
-0.09375  -0.181556
0.4375  -0.580066
-0.15625  -0.536327
-0.09375  -0.553957
-0.0625  -0.535332
-0.125  -0.690455
0.125  -0.508122
0.15625  -0.307009
-0.03125  -0.39444
0.0625  -0.468501
-0.0625  -0.443268
-0.15625  -0.352028
0.125  -0.569749
0.1875  -0.402404
-0.125  -0.403102
-0.03125  -0.532848
-0.125  -0.36765
-0.15625  -0.507534
0.0625  -0.547812
0.09375  -0.331588
-0.09375  -0.481694
-0.0625  -0.378476
-0.09375  -0.401117
0.0625  -0.526735
-0.1875  -0.337369
0.125  -0.519164
-0.15625  -0.323729
-0.03125  -0.313888
-0.4375  -0.564466
-0.0625  -0.270073
-0.09375  -0.542199
-0.03125  -0.457616
-0.03125  -0.623822
0.125  -0.441048
0.25  -0.434328
-0.03125  -0.616234
0.0625  -0.380701
-0.1875  -0.519754
0.21875  -0.573788
-0.09375  -0.335248
0.1875  -0.3862
-0.0625  -0.333464
0.03125  -0.475662
-0.03125  -0.563838
0.0625  -0.480173
0.0625  -0.474909
-0.0625  -0.597674
0.15625  -0.385105
-0.03125  -0.390571
-0.15625  -0.591927
-0.21875  -0.495168
0  -0.265516
0.125  -0.27021
0.03125  -0.4101
0.09375  -0.449216
-0.15625  -0.29645
-0.09375  -0.431972
0.0625  -0.399595
-0.0625  -0.535508
0.0625  -0.450933
-0.09375  -0.633988
-0.03125  -0.456335
-0.0625  -0.517155
-0.28125  -0.226948
-0.28125  -0.381798
0.0625  -0.346656
0  -0.436825
0.1875  -0.522984
-0.09375  -0.176713
-0.09375  -0.354679
0.0625  -0.409342
-0.0625  -0.571077
-0.03125  -0.497872
-0.03125  -0.714177
-0.09375  -0.441555
0.125  -0.459736
-0.03125  -0.333514
-0.09375  -0.461056
-0.0625  -0.469885
-0.0625  -0.34389
0.0625  -0.375084
-0.125  -0.540872
0.0625  -0.431623
-0.1875  -0.352321
0.0625  -0.329889
-0.0625  -0.341698
0.1875  -0.469771
0.09375  -0.216999
-0.15625  -0.335925
0  -0.515533
0.1875  -0.27299
-0.0625  -0.158328
0.09375  -0.528934
0.03125  -0.505797
-0.21875  -0.363114
-0.25  -0.293259
0.03125  -0.432102
0.0625  -0.525175
0.03125  -0.464493
-0.03125  -0.46236
0.0625  -0.389892
-0.09375  -0.554228
0  -0.507093
0.03125  -0.551615
-0.09375  -0.395189
-0.09375  -0.49567
-0.03125  -0.402347
0.03125  -0.476507
0.03125  -0.404156
-0.0625  -0.625084
0.0625  -0.38206
0.0625  -0.423133
0.0625  -0.547361
0.15625  -0.55175
-0.09375  -0.455875
0.21875  -0.35124
0.09375  -0.499883
0.21875  -0.568947
0.09375  -0.331577
-0.15625  -0.627742
-0.03125  -0.326008
0.03125  -0.67248
0  -0.552994
-0.21875  -0.453765
-0.0625  -0.502977
-0.0625  -0.439112
0.0625  -0.509469
-0.125  -0.336676
-0.15625  -0.508267
-0.21875  -0.295735
0.0625  -0.420605
0.34375  -0.541964
0.0625  -0.453908
0  -0.556628
0.0625  -0.419954
-0.1875  -0.406744
0  -0.472007
-0.1875  -0.409514
0.15625  -0.561491
-0.0625  -0.58588
-0.0625  -0.567162
-0.09375  -0.655059
-0.28125  -0.359965
0.09375  -0.546555
0.03125  -0.595593
-0.03125  -0.481755
0.21875  -0.435266
0  -0.486413
0.15625  -0.405849
0.09375  -0.66308
0.0625  -0.60514
0.1875  -0.453556
-0.125  -0.363379
0.03125  -0.454556
-0.03125  -0.34114
0.28125  -0.55022
-0.0625  -0.182818
-0.15625  -0.427004
0.09375  -0.617039
-0.21875  -0.407587
-0.21875  -0.569674
-0.3125  -0.533337
0.125  -0.526433
0  -0.376853
0.03125  -0.378029
-0.28125  -0.394231
-0.0625  -0.381767
0.03125  -0.464946
0  -0.337399
0.09375  -0.446385
0.09375  -0.40267
0.0625  -0.211571
-0.09375  -0.517187
-0.03125  -0.487638
0.0625  -0.593249
-0.0625  -0.582104
0.03125  -0.679633
-0.15625  -0.565383
0  -0.583544
-0.09375  -0.308821
0.0625  -0.485643
0.03125  -0.679145
-0.0625  -0.617336
0.125  -0.342534
0.03125  -0.465415
0.15625  -0.289472
-0.21875  -0.425219
0.28125  -0.602082
0.09375  -0.455196
-0.21875  -0.322343
-0.125  -0.451824
-0.0625  -0.670997
-0.125  -0.416504
0  -0.48586
0.03125  -0.405125
0.3125  -0.56033
-0.03125  -0.450661
-0.03125  -0.427659
-0.125  -0.602488
-0.25  -0.372425
0.1875  -0.49626
0.28125  -0.429081
0.0625  -0.395767
0.15625  -0.30138
-0.15625  -0.409366
0  -0.461514
0.21875  -0.398599
-0.15625  -0.388883
-0.03125  -0.461566
0.0625  -0.402087
0.15625  -0.394585
-0.03125  -0.344876
0.25  -0.61821
-0.09375  -0.561633
0  -0.21562
-0.15625  -0.477689
-0.09375  -0.443849
-0.09375  -0.527442
0  -0.536947
-0.09375  -0.548653
0.03125  -0.359292
-0.125  -0.585307
0.03125  -0.280158
0.03125  -0.361217
-0.125  -0.34301
0.125  -0.470929
-0.0625  -0.456173
0.125  -0.282304
-0.0625  -0.390199
0.0625  -0.347696
0.1875  -0.243187
-0.03125  -0.419204
0.125  -0.372755
-0.03125  -0.396913
-0.15625  -0.415798
0.25  -0.52431
-0.03125  -0.484642
-0.15625  -0.56023
0  -0.574458
-0.15625  -0.500357
0.03125  -0.496615
0.03125  -0.379625
0.09375  -0.381378
0.03125  -0.421733
0.09375  -0.503656
0  -0.481358
0.15625  -0.319167
-0.15625  -0.389702
0.03125  -0.535366
0.09375  -0.492804
-0.1875  -0.261398
0.21875  -0.458088
0.1875  -0.362351
0.125  -0.393331
-0.125  -0.5837
-0.09375  -0.492421
0.03125  -0.679259
-0.15625  -0.291295
0.1875  -0.412159
-0.1875  -0.300021
0.28125  -0.457479
0.0625  -0.59826
0.03125  -0.345162
-0.1875  -0.492597
-0.125  -0.479583
-0.15625  -0.445837
0.0625  -0.319522
0.125  -0.248642
-0.03125  -0.422142
-0.03125  -0.534903
-0.1875  -0.339057
-0.0625  -0.398445
0  -0.289687
-0.03125  -0.415642
0.03125  -0.611845
-0.15625  -0.541846
-0.1875  -0.480907
0.03125  -0.482815
0.125  -0.395222
0.15625  -0.43861
-0.15625  -0.615256
0  -0.410174
0.03125  -0.597385
0.0625  -0.54349
0.03125  -0.52543
-0.0625  -0.559422
0.0625  -0.496203
-0.03125  -0.493787
-0.125  -0.262755
-0.0625  -0.677552
-0.03125  -0.299855
0.28125  -0.537295
0.03125  -0.463466
0.03125  -0.263383
0.21875  -0.478823
0.09375  -0.259155
-0.15625  -0.435911
0  -0.319837
0.09375  -0.410163
0.40625  -0.30855
-0.21875  -0.290065
-0.0625  -0.615627
-0.375  -0.520744
0.03125  -0.407901
-0.03125  -0.557084
0.03125  -0.301827
-0.0625  -0.5153
-0.15625  -0.506072
0.09375  -0.505579
-0.03125  -0.175415
-0.0625  -0.405077
-0.09375  -0.437987
0  -0.431485
-0.15625  -0.504707
0.03125  -0.486882
-0.03125  -0.573461
0  -0.435636
-0.0625  -0.307299
0  -0.624906
-0.21875  -0.55245
0.125  -0.425315
0.0625  -0.609676
0.1875  -0.52497
0.09375  -0.45124
-0.15625  -0.573512
-0.09375  -0.395531
0.0625  -0.360026
0.125  -0.431358
-0.09375  -0.426879
-0.03125  -0.430262
-0.15625  -0.482753
0.0625  -0.498053
0.03125  -0.32169
-0.5  -0.428408
0.1875  -0.608383
0.21875  -0.505258
-0.3125  -0.576085
0.0625  -0.475803
-0.1875  -0.325047
0.25  -0.375022
0.125  -0.475656
0.0625  -0.473862
-0.0625  -0.535443
-0.15625  -0.278439
0.09375  -0.472499
-0.15625  -0.550339
0.03125  -0.316641
0.125  -0.5186
-0.09375  -0.541675
-0.03125  -0.669617
-0.09375  -0.51293
0.15625  -0.310009
-0.0625  -0.483898
-0.125  -0.353362
0.0625  -0.264847
0.03125  -0.56041
-0.09375  -0.441688
0.15625  -0.549823
0  -0.442928
-0.03125  -0.643514
0.34375  -0.565697
0.125  -0.706863
0.0625  -0.297552
0.15625  -0.39076
-0.15625  -0.501544
0  -0.207812
-0.03125  -0.457272
-0.15625  -0.475699
0.0625  -0.474387
0.1875  -0.45738
0.21875  -0.6035
0.125  -0.619544
-0.09375  -0.687125
-0.125  -0.508259
0.0625  -0.414158
0.125  -0.569864
0.03125  -0.676487
-0.0625  -0.435031
0.09375  -0.452175
0.03125  -0.326453
0.15625  -0.325641
0.15625  -0.43851
-0.09375  -0.308233
0.03125  -0.415619
-0.03125  -0.393294
0.125  -0.392515
-0.09375  -0.268221
0.15625  -0.449561
0.0625  -0.522255
0.0625  -0.37039
0.03125  -0.537101
0.03125  -0.389701
-0.125  -0.38644
-0.0625  -0.342308
0.15625  -0.381664
0.0625  -0.506058
0.125  -0.437195
-0.0625  -0.468571
0.15625  -0.506477
0  -0.523132
-0.15625  -0.506399
0.03125  -0.433742
0.03125  -0.547244
0.03125  -0.263094
-0.21875  -0.499715
-0.15625  -0.552397
0.15625  -0.525631
0.15625  -0.339839
-0.03125  -0.619062
0  -0.35886
-0.03125  -0.500997
0.0625  -0.505262
-0.09375  -0.348591
0.15625  -0.329874
-0.1875  -0.317137
-0.03125  -0.2207
0  -0.389574
0.0625  -0.515918
0.125  -0.419769
0.0625  -0.356993
-0.15625  -0.328132
0.03125  -0.415226
0  -0.387966
-0.1875  -0.362427
-0.21875  -0.433626
-0.09375  -0.443704
0.03125  -0.502209
0.09375  -0.423613
-0.09375  -0.486314
0  -0.494071
0.15625  -0.360421
0.125  -0.446259
-0.125  -0.632011
0.03125  -0.484316
0.09375  -0.325066
0.09375  -0.530739
-0.21875  -0.560474
-0.15625  -0.569079
-0.15625  -0.307904
0.03125  -0.475429
0.125  -0.590161
0.09375  -0.545023
0.1875  -0.350926
-0.0625  -0.596314
-0.03125  -0.482931
0.0625  -0.320813
-0.03125  -0.602825
0.09375  -0.554563
0.0625  -0.624027
-0.0625  -0.587689
-0.03125  -0.525243
-0.1875  -0.327435
0.34375  -0.470886
0.03125  -0.34546
0  -0.44311
0.3125  -0.444615
0.03125  -0.314607
-0.09375  -0.486851
0.03125  -0.56824
0.125  -0.481168
-0.0625  -0.41007
-0.125  -0.436403
0.25  -0.235339
0  -0.399918
-0.09375  -0.54611
0.28125  -0.434286
-0.0625  -0.361707
-0.1875  -0.336627
0.0625  -0.242552
0  -0.437085
-0.03125  -0.403158
-0.1875  -0.408145
0  -0.23367
0  -0.535112
-0.03125  -0.537859
0.125  -0.593655
-0.15625  -0.433816
-0.03125  -0.598636
-0.15625  -0.494862
-0.125  -0.486486
0.0625  -0.448028
-0.15625  -0.482682
0.03125  -0.415734
0.15625  -0.589883
-0.09375  -0.442099
-0.125  -0.320449
0.125  -0.5237
0.25  -0.572908
0.125  -0.440871
0.0625  -0.320878
-0.03125  -0.367746
-0.0625  -0.555618
-0.15625  -0.302852
0.09375  -0.432922
0.125  -0.378206
0  -0.495995
-0.09375  -0.549591
-0.03125  -0.288968
-0.21875  -0.44214
0.25  -0.297155
0.125  -0.400146
-0.125  -0.385726
0.09375  -0.631116
-0.03125  -0.568588
-0.0625  -0.470575
0.09375  -0.437852
-0.125  -0.440057
0.15625  -0.770247
-0.125  -0.342146
-0.15625  -0.411473
0.09375  -0.567893
0.03125  -0.44183
0.1875  -0.455889
0.1875  -0.45682
-0.03125  -0.285586
0.09375  -0.531112
0.09375  -0.433531
-0.125  -0.386385
0.0625  -0.344573
0.09375  -0.489014
0.09375  -0.473074
0  -0.581736
0  -0.552068
-0.0625  -0.452307
0.15625  -0.411235
-0.125  -0.465569
-0.0625  -0.502139
-0.0625  -0.451367
-0.15625  -0.399698
0.09375  -0.387819
0  -0.418571
0.1875  -0.45255
-0.15625  -0.262084
-0.09375  -0.462648
0.0625  -0.289101
0.03125  -0.347227
-0.25  -0.379274
-0.1875  -0.33478
0.125  -0.448037
0.25  -0.489436
0.15625  -0.447415
0.15625  -0.443142
-0.03125  -0.489269
0  -0.341052
0.03125  -0.396087
0.0625  -0.58693
0.09375  -0.526414
-0.15625  -0.430903
-0.0625  -0.474667
0.09375  -0.300952
-0.03125  -0.458704
0.15625  -0.407004
0.03125  -0.3039
-0.125  -0.45986
-0.0625  -0.462938
-0.0625  -0.341469
0.0625  -0.622435
-0.25  -0.376522
-0.03125  -0.482867
0.1875  -0.432759
-0.28125  -0.333272
0.03125  -0.551301
-0.125  -0.542076
0.03125  -0.559376
0.0625  -0.484269
0.03125  -0.476482
0.0625  -0.666339
-0.09375  -0.391069
-0.1875  -0.479821
0.125  -0.40878
-0.1875  -0.411449
0  -0.438876
-0.0625  -0.250572
0  -0.545704
-0.03125  -0.608204
0.03125  -0.277034
0  -0.369972
0.0625  -0.478481
0  -0.648875
0.1875  -0.437774
0.1875  -0.475737
0.09375  -0.342867
0.125  -0.563353
0.25  -0.613925
-0.15625  -0.413998
-0.25  -0.461288
0.03125  -0.543286
-0.15625  -0.387263
-0.15625  -0.435092
0.15625  -0.290024
0.09375  -0.258325
-0.09375  -0.244547
0  -0.53283
0.15625  -0.393454
-0.125  -0.263659
-0.0625  -0.466079
-0.0625  -0.386556
0  -0.458322
0.25  -0.397411
0.0625  -0.361515
0  -0.473707
0.03125  -0.419145
0.03125  -0.421517
-0.0625  -0.275769
-0.0625  -0.349365
0.28125  -0.42614
0  -0.360044
-0.0625  -0.496102
-0.125  -0.350233
0  -0.474243
0.21875  -0.331373
0.125  -0.464062
0.0625  -0.364318
0.25  -0.164016
-0.03125  -0.473113
-0.28125  -0.44869
0.125  -0.373216
0.15625  -0.520948
0.0625  -0.423148
-0.09375  -0.428483
0.0625  -0.168871
0.25  -0.333681
-0.3125  -0.472162
-0.09375  -0.401187
0  -0.51523
0.1875  -0.420943
0  -0.576167
0  -0.284921
0.03125  -0.4986
0.03125  -0.363611
0.0625  -0.375055
-0.03125  -0.445437
0  -0.4439
-0.03125  -0.498853
0.125  -0.531238
-0.21875  -0.56179
0.125  -0.486546
-0.125  -0.300752
-0.1875  -0.489927
0.125  -0.503013
0.03125  -0.437218
-0.0625  -0.492415
0  -0.599512
-0.0625  -0.346985
-0.15625  -0.295292
0.09375  -0.524688
-0.125  -0.464403
0.125  -0.367252
-0.0625  -0.586397
0.03125  -0.415764
-0.15625  -0.325871
0.1875  -0.429938
0.09375  -0.515456
0.3125  -0.525504
0.25  -0.258245
0.21875  -0.524784
0.0625  -0.60747
-0.21875  -0.481653
-0.125  -0.587614
-0.09375  -0.299025
0  -0.414453
-0.09375  -0.430706
0.15625  -0.320036
0.21875  -0.314774
-0.28125  -0.334654
-0.0625  -0.41025
-0.09375  -0.364215
0  -0.43531
0.0625  -0.484379
0.1875  -0.474235
0  -0.497038
0  -0.417267
-0.03125  -0.496189
-0.0625  -0.330838
-0.09375  -0.563884
0.15625  -0.290381
0.03125  -0.0879704
-0.0625  -0.395812
-0.0625  -0.558635
0.125  -0.544507
0.09375  -0.376337
-0.15625  -0.47951
0  -0.533119
-0.125  -0.417844
-0.03125  -0.541802
-0.15625  -0.407714
-0.15625  -0.610848
-0.09375  -0.566516
0.0625  -0.304076
0.25  -0.437938
-0.0625  -0.535262
-0.28125  -0.210457
0  -0.615406
-0.0625  -0.295738
-0.15625  -0.524257
-0.125  -0.245203
-0.09375  -0.430523
0.09375  -0.510434
-0.15625  -0.357042
-0.03125  -0.451778
0.1875  -0.612973
-0.03125  -0.353227
0.125  -0.285116
0.03125  -0.438195
0.0625  -0.467661
-0.09375  -0.385964
0  -0.443887
-0.0625  -0.603146
-0.03125  -0.293821
0.25  -0.349894
0.25  -0.396351
0.0625  -0.419038
-0.0625  -0.550074
0  -0.426563
-0.03125  -0.47542
0.09375  -0.527511
0.125  -0.489751
0.09375  -0.579724
-0.21875  -0.385349
0.15625  -0.445268
-0.28125  -0.292049
0.03125  -0.374002
-0.09375  -0.557233
-0.125  -0.520948
-0.34375  -0.488024
0  -0.381335
0.1875  -0.569088
-0.09375  -0.500619
-0.09375  -0.398048
-0.15625  -0.434317
-0.15625  -0.33717
0  -0.479506
0.125  -0.468914
-0.03125  -0.538344
0.125  -0.519849
-0.03125  -0.292936
-0.125  -0.385531
0.15625  -0.39081
0.15625  -0.359205
-0.09375  -0.459002
-0.125  -0.444913
0.3125  -0.496366
0.03125  -0.412081
0.03125  -0.491499
-0.03125  -0.394467
0.1875  -0.399226
-0.125  -0.441784
0.1875  -0.312064
-0.03125  -0.0709625
0.3125  -0.312564
-0.03125  -0.376841
0  -0.504338
-0.03125  -0.344918
-0.0625  -0.498139
-0.09375  -0.48103
0  -0.465823
0.09375  -0.54182
0.1875  -0.673833
-0.0625  -0.606392
0.125  -0.599615
-0.0625  -0.247788
-0.03125  -0.411678
0.1875  -0.360853
-0.21875  -0.332154
0.125  -0.300516
-0.1875  -0.366084
0  -0.41873
0.03125  -0.537506
-0.03125  -0.361746
-0.03125  -0.218878
-0.03125  -0.497792
-0.03125  -0.545393
-0.15625  -0.468237
0  -0.602122
0.0625  -0.457349
-0.15625  -0.512332
-0.0625  -0.355507
-0.0625  -0.453036
-0.09375  -0.537625
-0.0625  -0.583005
0.1875  -0.394622
-0.1875  -0.352105
0.0625  -0.578932
0.15625  -0.472652
0.125  -0.290139
-0.28125  -0.283956
0.125  -0.475558
-0.1875  -0.322727
0.1875  -0.475728
0.09375  -0.461275
0.09375  -0.430657
-0.0625  -0.540437
0.0625  -0.534135
0.25  -0.546122
-0.03125  -0.321464
0.09375  -0.421571
-0.03125  -0.456108
-0.125  -0.632032
-0.09375  -0.346208
-0.0625  -0.56968
-0.3125  -0.321287
0.0625  -0.42881
-0.03125  -0.548834
0.0625  -0.417304
-0.0625  -0.481733
-0.09375  -0.393056
0.1875  -0.375675
0.09375  -0.594496
-0.21875  -0.56985
0.21875  -0.456966
-0.0625  -0.512326
0.25  -0.300363
-0.15625  -0.370394
-0.0625  -0.47145
0.0625  -0.518179
-0.03125  -0.301576
0.125  -0.432099
-0.125  -0.561545
-0.0625  -0.418377
-0.03125  -0.22374
0.0625  -0.521015
0.125  -0.506288
-0.125  -0.429573
-0.1875  -0.521405
-0.09375  -0.425227
-0.3125  -0.495269
-0.15625  -0.524306
-0.0625  -0.492622
-0.125  -0.379153
0  -0.520263
0.0625  -0.559145
0.1875  -0.402761
-0.03125  -0.197137
-0.1875  -0.418027
0.09375  -0.369838
-0.0625  -0.503586
0.0625  -0.342611
0.03125  -0.627754
-0.1875  -0.533929
0.21875  -0.375133
0.25  -0.413154
-0.15625  -0.380271
0.28125  -0.486808
-0.09375  -0.34808
-0.03125  -0.337536
0.1875  -0.561027
-0.125  -0.397356
-0.0625  -0.483014
0  -0.370525
-0.0625  -0.485032
0.15625  -0.54742
0.34375  -0.47131
0  -0.575532
0.375  -0.385879
-0.125  -0.591184
0.21875  -0.561981
0.0625  -0.566794
-0.0625  -0.518301
0.0625  -0.269431
0.125  -0.333865
0.03125  -0.1886
-0.0625  -0.486417
-0.0625  -0.493429
0  -0.407996
0.0625  -0.28653
-0.09375  -0.378862
0.03125  -0.60335
0.0625  -0.575364
0  -0.537985
0.21875  -0.579728
0  -0.424951
0.125  -0.292383
0.09375  -0.482767
0.125  -0.27325
0  -0.402632
0.0625  -0.501978
-0.09375  -0.493046
0.25  -0.413403
-0.03125  -0.565324
0.15625  -0.416071
0.09375  -0.488601
0.0625  -0.635026
0.03125  -0.474824
-0.03125  -0.459665
0.09375  -0.539053
-0.03125  -0.402283
0.03125  -0.567868
0.125  -0.336252
-0.09375  -0.485838
0.1875  -0.405352
0.03125  -0.591609
0.1875  -0.425171
0.15625  -0.442947
0.1875  -0.570939
0.0625  -0.621905
-0.09375  -0.370222
0.03125  -0.434957
0.125  -0.312253
0.03125  -0.386181
0.25  -0.514135
0  -0.306315
0.03125  -0.382426
0.09375  -0.597627
0  -0.20479
0.03125  -0.352347
0.0625  -0.421663
0.21875  -0.590151
0.0625  -0.502266
0.375  -0.505838
-0.15625  -0.43073
-0.25  -0.556047
0.25  -0.276742
0.03125  -0.474953
0.15625  -0.554017
0.15625  -0.480862
0.125  -0.350578
0.0625  -0.231335
0.0625  -0.440656
-0.09375  -0.572407
-0.03125  -0.506506
0.0625  -0.582321
-0.125  -0.367155
0.25  -0.485596
-0.0625  -0.546775
-0.03125  -0.386913
-0.0625  -0.41353
0.0625  -0.469789
-0.03125  -0.477083
-0.21875  -0.306204
-0.03125  -0.627261
-0.09375  -0.398186
0.125  -0.522993
-0.125  -0.34284
0  -0.516698
0.09375  -0.469475
0.125  -0.489988
-0.03125  -0.452627
0  -0.396916
-0.125  -0.549668
0.0625  -0.714113
0.3125  -0.440447
-0.1875  -0.218535
-0.03125  -0.363341
0  -0.366468
0.03125  -0.511884
-0.09375  -0.519248
-0.03125  -0.534606
-0.0625  -0.615904
0.21875  -0.350846
-0.0625  -0.707002
-0.0625  -0.541028
0.0625  -0.556344
0.1875  -0.431909
0.03125  -0.510878
0.03125  -0.527076
-0.03125  -0.431872
0.15625  -0.470759
-0.03125  -0.39086
0.1875  -0.467262
0.03125  -0.480177
-0.0625  -0.425871
-0.21875  -0.448755
0.03125  -0.313406
0.09375  -0.314305
0.09375  -0.388801
-0.09375  -0.352829
0  -0.504206
-0.03125  -0.334274
-0.0625  -0.354184
0.1875  -0.446001
-0.0625  -0.515096
0  -0.342318
-0.15625  -0.543161
-0.03125  -0.399936
-0.15625  -0.330984
0.0625  -0.185363
-0.125  -0.32961
-0.21875  -0.531473
0.25  -0.581059
-0.0625  -0.475951
-0.0625  -0.402275
0.03125  -0.482148
-0.03125  -0.560374
-0.09375  -0.355568
-0.03125  -0.451723
0  -0.499634
-0.09375  -0.348321
-0.125  -0.219084
0.125  -0.592318
-0.09375  -0.500682
0.125  -0.402288
0.09375  -0.522044
-0.09375  -0.488234
0.125  -0.510599
0.1875  -0.627837
-0.1875  -0.256136
0.09375  -0.502857
-0.125  -0.46989
-0.03125  -0.503246
-0.15625  -0.527783
0.125  -0.413403
-0.0625  -0.406072
-0.21875  -0.411735
-0.09375  -0.313318
0.03125  -0.383239
0.0625  -0.345756
0.03125  -0.323935
0.0625  -0.392196
-0.0625  -0.309373
-0.1875  -0.296764
0.0625  -0.647403
0.125  -0.594638
0.25  -0.502878
-0.3125  -0.456946
0.03125  -0.423078
0  -0.369585
-0.125  -0.50631
-0.03125  -0.539755
0  -0.360896
-0.03125  -0.264844
-0.0625  -0.441372
-0.125  -0.416145
0.03125  -0.6009
-0.03125  -0.503
0.1875  -0.504258
0  -0.431123
0.34375  -0.462751
0.03125  -0.224506
0.03125  -0.27758
0.15625  -0.505275
0.21875  -0.406031
-0.09375  -0.528115
0.0625  -0.414109
0.03125  -0.265299
0.03125  -0.421903
-0.03125  -0.478688
0.0625  -0.532959
-0.03125  -0.443859
0.03125  -0.490353
0.125  -0.377886
0.15625  -0.506029
-0.21875  -0.70603
-0.03125  -0.386342
-0.1875  -0.460715
0.03125  -0.555651
-0.125  -0.306332
-0.0625  -0.411761
0.03125  -0.462349
-0.25  -0.609108
-0.03125  -0.401401
0  -0.463988
-0.125  -0.639172
0.125  -0.471034
-0.03125  -0.608965
-0.09375  -0.482932
0.125  -0.333166
-0.25  -0.412169
-0.09375  -0.675583
-0.125  -0.408594
-0.1875  -0.351781
-0.21875  -0.519518
-0.0625  -0.263302
-0.09375  -0.580595
0  -0.345881
-0.21875  -0.463447
-0.0625  -0.678755
0.21875  -0.336339
-0.125  -0.454495
-0.03125  -0.418477
-0.03125  -0.337999
0.09375  -0.584215
0.3125  -0.530122
-0.0625  -0.431357
0.25  -0.471832
-0.0625  -0.630838
0  -0.467238
0.09375  -0.395129
0.09375  -0.174296
-0.21875  -0.357672
0.125  -0.460565
-0.1875  -0.448538
0.1875  -0.52464
0  -0.337435
-0.09375  -0.5307
0.1875  -0.426503
-0.03125  -0.43591
-0.03125  -0.721297
0.03125  -0.512432
0.03125  -0.370391
0.125  -0.517619
-0.09375  -0.430684
0  -0.600512
-0.15625  -0.596418
-0.125  -0.302879
0.1875  -0.381362
0.15625  -0.456078
0  -0.437159
0.15625  -0.473862
-0.03125  -0.5115
0.0625  -0.414408
0.15625  -0.331699
-0.09375  -0.343692
-0.25  -0.4104
-0.03125  -0.375237
-0.25  -0.475448
0.03125  -0.259789
-0.09375  -0.54397
-0.125  -0.219989
-0.1875  -0.504222
-0.0625  -0.578561
0.0625  -0.410462
-0.125  -0.489627
-0.125  -0.392829
0.125  -0.457639
0.21875  -0.30504
0  -0.459015
-0.125  -0.238672
0.125  -0.546209
0  -0.471914
0.09375  -0.665644
0.0625  -0.669289
0  -0.427531
0.125  -0.315816
0.09375  -0.264735
0.03125  -0.228451
-0.09375  -0.335374
0.0625  -0.439334
0.125  -0.317593
0.09375  -0.377996
0.03125  -0.512351
-0.03125  -0.387941
0.125  -0.47059
-0.15625  -0.472644
0.28125  -0.501759
0.03125  -0.455473
0.03125  -0.575576
-0.0625  -0.34703
0.0625  -0.438399
0.21875  -0.260574
-0.0625  -0.298611
-0.1875  -0.222755
0.03125  -0.630821
-0.03125  -0.500904
0.21875  -0.429212
-0.125  -0.337659
-0.15625  -0.445212
0.3125  -0.49142
0.03125  -0.562734
-0.03125  -0.469869
0.03125  -0.634591
-0.375  -0.503375
0  -0.421995
0.15625  -0.402889
-0.09375  -0.388003
-0.03125  -0.347792
-0.0625  -0.431128
-0.15625  -0.45415
0.03125  -0.497742
0.21875  -0.556697
0.15625  -0.502882
-0.0625  -0.463914
-0.0625  -0.713691
0.1875  -0.415504
-0.0625  -0.457553
0.125  -0.482528
-0.03125  -0.343455
0.21875  -0.344105
0.25  -0.319563
0.0625  -0.628968
0.09375  -0.427644
-0.09375  -0.531088
0.21875  -0.648384
0.15625  -0.406576
0.03125  -0.361857
-0.03125  -0.400127
0.09375  -0.463715
0.1875  -0.510943
-0.1875  -0.481791
-0.21875  -0.681574
0.09375  -0.242272
-0.0625  -0.400353
0.1875  -0.499879
-0.03125  -0.509615
0.25  -0.461949
0.0625  -0.325693
0  -0.318015
-0.03125  -0.339545
0.0625  -0.327154
-0.03125  -0.367564
-0.21875  -0.473269
0.15625  -0.307519
-0.09375  -0.423879
0.15625  -0.498599
0.21875  -0.428545
0.125  -0.462536
0.0625  -0.411453
-0.125  -0.571609
0.21875  -0.421407
-0.0625  -0.631799
-0.15625  -0.563901
0.09375  -0.433815
-0.375  -0.32218
-0.03125  -0.401118
0.125  -0.450979
-0.03125  -0.445135
0.15625  -0.49299
0.09375  -0.434596
-0.125  -0.517391
0.0625  -0.357049
0.28125  -0.386615
-0.09375  -0.402103
0.21875  -0.536447
0.09375  -0.502187
-0.21875  -0.466283
0  -0.329116
-0.21875  -0.454226
0  -0.578939
0.03125  -0.517719
-0.09375  -0.321926
-0.1875  -0.415075
0.0625  -0.531633
0.3125  -0.464075
0.0625  -0.33665
0  -0.483627
0.21875  -0.586608
-0.03125  -0.330658
0  -0.507541
0.40625  -0.402554
0.03125  -0.397098
-0.03125  -0.524816
-0.03125  -0.484838
0.1875  -0.52229
0.03125  -0.238042
0  -0.406099
-0.125  -0.413947
-0.09375  -0.334793
-0.03125  -0.662051
0.1875  -0.377383
0.09375  -0.443797
-0.25  -0.493792
-0.09375  -0.248551
-0.21875  -0.193027
-0.03125  -0.365593
0.09375  -0.621051
0.1875  -0.495733
-0.09375  -0.49546
-0.09375  -0.527113
0.375  -0.346395
-0.15625  -0.520847
0.03125  -0.500215
0.03125  -0.506838
-0.0625  -0.611453
0  -0.280186
0.03125  -0.429599
0.0625  -0.433863
0.03125  -0.203712
-0.125  -0.483785
-0.21875  -0.620106
-0.125  -0.378325
0.0625  -0.61921
0.03125  -0.470673
-0.09375  -0.417427
-0.03125  -0.435434
-0.15625  -0.424685
-0.21875  -0.479131
-0.09375  -0.388964
-0.125  -0.433609
0.125  -0.477849
0.125  -0.7634
0  -0.335118
0.1875  -0.499958
-0.0625  -0.578221
-0.0625  -0.400072
-0.15625  -0.343701
-0.0625  -0.561919
-0.03125  -0.500276
0.03125  -0.394592
-0.09375  -0.493003
-0.125  -0.405987
-0.03125  -0.586612
0.0625  -0.634033
0.03125  -0.307829
0.21875  -0.623841
0  -0.393343
0.03125  -0.360079
-0.15625  -0.525258
-0.03125  -0.314093
0.0625  -0.422713
0.0625  -0.204586
-0.09375  -0.726119
0.15625  -0.304278
-0.09375  -0.327522
-0.125  -0.454747
-0.15625  -0.538355
0.0625  -0.412414
-0.125  -0.30388
0.15625  -0.385784
-0.03125  -0.481711
0.15625  -0.487366
0.0625  -0.451232
0.125  -0.374337
-0.125  -0.419567
0.125  -0.32244
0.1875  -0.417738
0.03125  -0.549579
-0.09375  -0.350587
0  -0.392482
-0.15625  -0.704818
-0.125  -0.621751
-0.03125  -0.387036
0.09375  -0.581031
0.03125  -0.458028
0  -0.372905
-0.125  -0.376795
-0.0625  -0.435057
-0.0625  -0.44082
0.1875  -0.580578
-0.15625  -0.50339
-0.03125  -0.536006
-0.0625  -0.483794
-0.0625  -0.421319
0.21875  -0.275122
0.03125  -0.15945
-0.0625  -0.472916
0.21875  -0.550244
-0.09375  -0.543935
-0.0625  -0.595306
-0.125  -0.584613
0.03125  -0.461615
-0.03125  -0.516232
-0.0625  -0.663352
0.0625  -0.499497
0.21875  -0.519468
-0.09375  -0.331025
0.09375  -0.298949
0.21875  -0.392388
-0.1875  -0.231911
-0.0625  -0.488561
0.09375  -0.456758
0.03125  -0.564965
0.15625  -0.63544
0.03125  -0.275463
0.09375  -0.483917
-0.3125  -0.581879
0.09375  -0.608072
0.15625  -0.488474
-0.0625  -0.534663
0  -0.72397
0.21875  -0.609466
0.25  -0.436393
-0.1875  -0.514136
-0.0625  -0.616271
-0.15625  -0.346947
-0.03125  -0.366758
-0.0625  -0.547773
0.0625  -0.563435
0.0625  -0.441546
0.0625  -0.36244
0.125  -0.429864
0.125  -0.508993
0  -0.492888
0.125  -0.314772
0.03125  -0.447465
0.125  -0.498081
-0.0625  -0.21523
0  -0.444904
-0.125  -0.58306
-0.15625  -0.521136
0.125  -0.546339
-0.1875  -0.499652
0  -0.369614
0  -0.448155
-0.03125  -0.414626
0  -0.235837
0.09375  -0.511325
0.125  -0.238284
-0.03125  -0.452552
0.03125  -0.503424
0.03125  -0.422178
-0.0625  -0.387035
0.25  -0.39163
-0.125  -0.397297
-0.1875  -0.46496
-0.03125  -0.511452
0  -0.636626
0.21875  -0.530896
0  -0.569991
0.15625  -0.558006
0.09375  -0.519928
0.21875  -0.216545
0.125  -0.577381
0  -0.440591
0.1875  -0.305114
0.03125  -0.596715
-0.125  -0.598276
0.1875  -0.37012
0.03125  -0.431739
0.0625  -0.484201
0.15625  -0.414512
0.15625  -0.587028
-0.09375  -0.471738
-0.0625  -0.516071
0.125  -0.612149
-0.25  -0.623007
0.03125  -0.40064
0  -0.303297
-0.09375  -0.435567
-0.09375  -0.477832
-0.28125  -0.386023
0  -0.347048
-0.15625  -0.356927
0.03125  -0.330674
0.03125  -0.289373
-0.1875  -0.437733
0.1875  -0.578169
-0.09375  -0.294947
0.1875  -0.427054
-0.03125  -0.426192
-0.125  -0.633728
0.21875  -0.244071
-0.34375  -0.490361
-0.21875  -0.277998
0.03125  -0.44158
-0.125  -0.444735
0.0625  -0.488365
-0.15625  -0.362328
0  -0.389761
-0.03125  -0.386075
-0.34375  -0.382382
0.125  -0.278233
-0.03125  -0.489329
0.03125  -0.529765
-0.25  -0.50308
0.1875  -0.559766
0.15625  -0.422394
0.03125  -0.369656
0.125  -0.466907
0.03125  -0.521254
0.03125  -0.359594
0.09375  -0.505251
0.0625  -0.296765
0.0625  -0.385023
-0.03125  -0.326752
-0.09375  -0.273849
0.03125  -0.329499
0.03125  -0.400194
0.03125  -0.401757
0.03125  -0.411863
0.09375  -0.352173
0.125  -0.523433
0.09375  -0.422808
0.3125  -0.451763
0.25  -0.366746
-0.3125  -0.471973
0.28125  -0.326393
-0.03125  -0.518321
-0.125  -0.54436
0.125  -0.665682
0.25  -0.405887
0.0625  -0.498803
-0.0625  -0.492319
0.09375  -0.282007
0.125  -0.423888
0.0625  -0.369966
-0.34375  -0.491766
-0.1875  -0.540266
0.1875  -0.463869
0.03125  -0.443382
0.15625  -0.352449
-0.1875  -0.544715
-0.03125  -0.514207
0.03125  -0.590986
-0.03125  -0.464103
-0.0625  -0.51777
0.09375  -0.411011
0  -0.587408
-0.09375  -0.413957
0.3125  -0.321511
0  -0.693039
0.125  -0.311191
0.03125  -0.477311
-0.125  -0.336548
-0.0625  -0.408101
-0.03125  -0.544645
0.03125  -0.538498
-0.125  -0.419163
-0.09375  -0.291813
0.125  -0.447861
0.15625  -0.3183
-0.03125  -0.576239
-0.0625  -0.514529
0.03125  -0.403091
-0.09375  -0.369968
0.125  -0.245493
0.0625  -0.495724
-0.125  -0.532839
-0.0625  -0.550091
-0.1875  -0.241605
0  -0.288867
0.1875  -0.395944
0.0625  -0.248992
-0.09375  -0.273167
0.09375  -0.56963
0.125  -0.218071
-0.25  -0.609047
0.0625  -0.495412
-0.03125  -0.445462
0.0625  -0.438341
0  -0.42819
-0.03125  -0.445072
-0.15625  -0.538716
0.03125  -0.430769
0  -0.229402
0  -0.452919
0  -0.323107
-0.0625  -0.691634
0.1875  -0.414236
0.25  -0.297358
-0.15625  -0.301359
0  -0.381101
-0.09375  -0.365877
-0.09375  -0.510951
0.09375  -0.662159
-0.0625  -0.50546
0.25  -0.425771
0.125  -0.365578
0.125  -0.296623
-0.03125  -0.376974
0.09375  -0.55732
0.09375  -0.472245
0.03125  -0.429719
-0.0625  -0.607285
-0.03125  -0.345327
0.03125  -0.527778
-0.03125  -0.570349
-0.09375  -0.452868
-0.09375  -0.269355
-0.0625  -0.425214
-0.0625  -0.307062
0.09375  -0.432944
0.09375  -0.447294
0  -0.422834
-0.28125  -0.188921
-0.09375  -0.507076
-0.03125  -0.426365
0.0625  -0.462677
-0.15625  -0.441529
-0.0625  -0.455596
0.15625  -0.318933
0  -0.329331
-0.25  -0.512018
0.21875  -0.435408
0.09375  -0.151196
0.0625  -0.456162
0.0625  -0.46205
0.15625  -0.367688
-0.03125  -0.590831
0.28125  -0.395095
0.0625  -0.476088
0  -0.533648
-0.03125  -0.473547
-0.1875  -0.214666
0.03125  -0.505802
-0.0625  -0.514466
-0.0625  -0.564901
-0.125  -0.667187
-0.0625  -0.387324
0  -0.387485
0.0625  -0.478917
-0.1875  -0.419986
-0.09375  -0.630462
0.15625  -0.412255
-0.09375  -0.353843
-0.03125  -0.447758
0.09375  -0.515751
0.28125  -0.301414
0.28125  -0.40422
0.125  -0.587297
0.0625  -0.584555
-0.1875  -0.434729
-0.03125  -0.517872
-0.0625  -0.514987
0  -0.469745
0.125  -0.433205
-0.0625  -0.414003
0.03125  -0.507803
0  -0.47882
-0.09375  -0.341222
0  -0.450972
0.1875  -0.265066
-0.125  -0.416044
0.0625  -0.335022
-0.25  -0.540526
0.09375  -0.363987
-0.21875  -0.576551
-0.09375  -0.509566
0.125  -0.469775
0.125  -0.56757
0.1875  -0.494751
-0.1875  -0.411568
0.0625  -0.557663
-0.1875  -0.39213
0.03125  -0.406001
0.125  -0.555086
0.03125  -0.418417
-0.0625  -0.456665
-0.125  -0.493444
0  -0.472028
0.25  -0.329372
0.40625  -0.471736
-0.03125  -0.340697
0  -0.354268
0.09375  -0.345634
-0.21875  -0.276502
-0.1875  -0.516807
-0.0625  -0.554272
0.03125  -0.50381
0.0625  -0.340238
0.09375  -0.355768
0.15625  -0.316842
-0.09375  -0.519951
-0.21875  -0.611196
0.03125  -0.360482
0.0625  -0.222038
0.125  -0.49659
-0.03125  -0.602589
-0.03125  -0.593339
-0.15625  -0.268438
-0.21875  -0.350656
-0.0625  -0.324176
-0.03125  -0.455609
-0.0625  -0.421348
0.1875  -0.467904
-0.03125  -0.43302
-0.03125  -0.46746
-0.1875  -0.412002
-0.125  -0.500839
0  -0.379851
-0.25  -0.416029
0.15625  -0.519141
-0.0625  -0.443723
0  -0.748334
-0.0625  -0.458202
-0.125  -0.48288
0.125  -0.597967
-0.09375  -0.329801
-0.125  -0.464966
-0.0625  -0.314762
0  -0.217163
0.125  -0.456779
0.125  -0.426983
0  -0.47277
0.03125  -0.486993
0.09375  -0.400652
0.03125  -0.553182
0  -0.418224
-0.15625  -0.426406
0.15625  -0.427099
0.03125  -0.316299
-0.0625  -0.526899
0.15625  -0.605974
-0.09375  -0.522069
-0.03125  -0.523374
-0.0625  -0.594897
-0.03125  -0.582158
0  -0.523393
0.03125  -0.497943
-0.0625  -0.574451
0.15625  -0.391377
-0.125  -0.494964
-0.25  -0.593232
0.03125  -0.550931
-0.03125  -0.557903
0.34375  -0.37844
0.28125  -0.503284
0.15625  -0.396693
-0.03125  -0.625825
-0.125  -0.384736
0.125  -0.367405
-0.15625  -0.541956
0  -0.279136
-0.03125  -0.565437
0.03125  -0.398194
-0.125  -0.51353
-0.0625  -0.520302
0  -0.474674
-0.0625  -0.426153
0.03125  -0.34122
0  -0.180254
0  -0.623013
0.21875  -0.540764
-0.03125  -0.382204
0.15625  -0.170962
-0.0625  -0.636868
0.15625  -0.527355
0.125  -0.531142
-0.25  -0.376107
0  -0.284042
0.21875  -0.326075
-0.15625  -0.502157
-0.1875  -0.449666
0.125  -0.45699
-0.0625  -0.438066
0.125  -0.406144
0.03125  -0.652829
-0.125  -0.432604
-0.125  -0.376142
0.03125  -0.341376
-0.15625  -0.421156
0  -0.464123
-0.09375  -0.35879
0.0625  -0.462364
0.09375  -0.385948
0.1875  -0.645678
-0.09375  -0.493432
0.125  -0.335162
0  -0.483083
0.09375  -0.661324
0.03125  -0.308238
-0.25  -0.449376
-0.21875  -0.45406
-0.09375  -0.454124
-0.03125  -0.460295
-0.21875  -0.565074
-0.21875  -0.578926
0.21875  -0.334706
-0.21875  -0.658985
-0.0625  -0.437771
0.15625  -0.554497
0.21875  -0.233507
-0.09375  -0.373515
0.0625  -0.520826
-0.03125  -0.585598
0  -0.468565
-0.1875  -0.24935
0.21875  -0.207703
-0.0625  -0.517372
0.125  -0.546886
0.0625  -0.405033
0.125  -0.366441
-0.1875  -0.340898
-0.1875  -0.556431
0.09375  -0.503105
0.0625  -0.413772
-0.15625  -0.641579
0.15625  -0.379062
0.03125  -0.377416
-0.03125  -0.560892
0.15625  -0.604737
0.15625  -0.473073
0.03125  -0.448818
-0.09375  -0.518604
0.03125  -0.342128
-0.21875  -0.550686
-0.03125  -0.405329
0.03125  -0.297474
-0.125  -0.518272
-0.125  -0.526353
0  -0.442828
-0.125  -0.374103
-0.03125  -0.592073
-0.03125  -0.473294
0.125  -0.547409
-0.15625  -0.415732
0.125  -0.562627
-0.1875  -0.25722
0  -0.395163
-0.09375  -0.41831
-0.125  -0.335402
0.25  -0.45801
0.28125  -0.542836
0.0625  -0.417536
0  -0.544204
-0.1875  -0.513326
0.0625  -0.286001
0.0625  -0.579031
-0.0625  -0.488543
0.03125  -0.403705
0.09375  -0.303387
0.09375  -0.60531
0.125  -0.54983
0.0625  -0.390301
-0.03125  -0.531425
0.03125  -0.450249
-0.1875  -0.471676
0.1875  -0.512515
0.0625  -0.418691
0.09375  -0.362774
-0.125  -0.452704
0.09375  -0.434928
0.1875  -0.286745
-0.15625  -0.450859
0.125  -0.440827
0.125  -0.413756
-0.15625  -0.203231
0.03125  -0.498557
-0.0625  -0.422536
-0.125  -0.561728
-0.15625  -0.542976
-0.03125  -0.304035
0.09375  -0.572006
0.0625  -0.310749
-0.125  -0.278346
-0.09375  -0.629879
-0.125  -0.395278
-0.1875  -0.342552
0.15625  -0.577176
0.21875  -0.478598
-0.09375  -0.420589
-0.15625  -0.294333
-0.0625  -0.375471
-0.03125  -0.401436
-0.03125  -0.357284
0.03125  -0.300125
0.09375  -0.481292
-0.21875  -0.385968
-0.03125  -0.438562
-0.15625  -0.495062
0.03125  -0.565303
-0.15625  -0.261895
0.0625  -0.532633
0.34375  -0.469845
-0.03125  -0.264375
-0.0625  -0.300032
0.15625  -0.280294
0.21875  -0.373338
0.09375  -0.393821
-0.125  -0.426684
0.09375  -0.420127
-0.09375  -0.619938
0  -0.237385
0  -0.727151
-0.09375  -0.541951
-0.03125  -0.526871
0.03125  -0.668317
0  -0.48309
0  -0.450192
-0.03125  -0.419744
0.15625  -0.487815
0.15625  -0.51641
0.03125  -0.45149
-0.15625  -0.448049
-0.15625  -0.477162
0.0625  -0.316605
-0.125  -0.492984
-0.09375  -0.46208
0.125  -0.39952
0.09375  -0.433978
-0.03125  -0.506003
-0.15625  -0.28918
0.125  -0.64984
0  -0.327358
0.125  -0.282676
-0.0625  -0.304589
-0.09375  -0.474068
-0.09375  -0.507475
-0.125  -0.166927
0.0625  -0.297558
-0.0625  -0.485346
0.03125  -0.515141
0  -0.416893
-0.09375  -0.363494
-0.21875  -0.496226
-0.1875  -0.271259
0.15625  -0.536721
-0.09375  -0.413958
0.03125  -0.534584
-0.1875  -0.418466
0.21875  -0.600946
0.09375  -0.443162
-0.1875  -0.584046
0  -0.542924
0.15625  -0.63499
0.03125  -0.460364
-0.0625  -0.337576
-0.28125  -0.467022
-0.15625  -0.258879
0.15625  -0.607078
-0.0625  -0.400148
-0.03125  -0.418508
0.0625  -0.506236
0.15625  -0.542151
0.25  -0.420223
0.03125  -0.372271
-0.09375  -0.27965
0  -0.201388
0  -0.524464
0.28125  -0.384999
0.0625  -0.420727
0.03125  -0.408081
-0.09375  -0.404723
0.03125  -0.539464
0.1875  -0.561035
0.28125  -0.415217
-0.1875  -0.537498
-0.15625  -0.481865
-0.25  -0.339047
0.15625  -0.462695
-0.09375  -0.568427
-0.1875  -0.464851
-0.21875  -0.537592
0.1875  -0.494848
0.1875  -0.442757
0.0625  -0.458036
-0.21875  -0.361481
-0.03125  -0.346215
0.09375  -0.545379
0  -0.323678
0.0625  -0.587609
0.09375  -0.401318
-0.03125  -0.571483
-0.125  -0.370396
0.15625  -0.382912
0.09375  -0.497603
-0.0625  -0.402366
0.03125  -0.45439
0.03125  -0.540565
0.0625  -0.402993
-0.03125  -0.40832
0.1875  -0.391579
0.03125  -0.40698
-0.03125  -0.379789
-0.09375  -0.506431
0  -0.389679
-0.25  -0.441852
0.0625  -0.582827
0.0625  -0.347147
0  -0.39533
-0.0625  -0.59794
-0.21875  -0.341035
-0.0625  -0.34901
0  -0.419582
0.21875  -0.516514
0.21875  -0.420053
-0.1875  -0.0874211
0.0625  -0.378174
-0.1875  -0.364314
0.03125  -0.479387
0.09375  -0.479306
-0.125  -0.61352
-0.03125  -0.463709
0.15625  -0.425591
-0.09375  -0.146672
-0.15625  -0.40916
0.3125  -0.594066
0.03125  -0.359582
-0.0625  -0.446807
0.125  -0.386137
0.21875  -0.378926
-0.125  -0.343989
0.03125  -0.393538
-0.0625  -0.276669
0  -0.447947
-0.1875  -0.342711
-0.125  -0.42926
0.21875  -0.326353
-0.03125  -0.421091
0.21875  -0.439331
0.15625  -0.656973
-0.15625  -0.420623
0  -0.367817
-0.1875  -0.466885
0  -0.559235
0.0625  -0.48706
-0.125  -0.383126
-0.0625  -0.581099
-0.125  -0.279227
-0.0625  -0.531026
-0.09375  -0.369966
0.15625  -0.422241
0.09375  -0.442187
-0.21875  -0.507424
-0.0625  -0.464243
0.03125  -0.377899
-0.09375  -0.394857
-0.0625  -0.37171
0.09375  -0.540856
0.125  -0.347138
0  -0.298211
-0.09375  -0.4297
-0.03125  -0.170291
0.0625  -0.32787
-0.0625  -0.457763
-0.15625  -0.447081
-0.09375  -0.48472
0.3125  -0.445241
0.0625  -0.483593
0.25  -0.521585
-0.125  -0.442481
0  -0.280592
0.125  -0.450721
-0.03125  -0.460053
0.03125  -0.4906
-0.15625  -0.565702
-0.15625  -0.444256
-0.0625  -0.412862
-0.1875  -0.596716
0.09375  -0.493437
0  -0.491405
-0.125  -0.368218
0.15625  -0.514212
0  -0.539389
-0.125  -0.377554
-0.03125  -0.546407
-0.03125  -0.441061
0.03125  -0.508185
0  -0.449022
-0.15625  -0.364645
0.15625  -0.42392
0.125  -0.579927
0.25  -0.574753
-0.03125  -0.645386
0.25  -0.378228
-0.09375  -0.399571
0.15625  -0.3212
0.09375  -0.520066
-0.15625  -0.421989
0.15625  -0.48888
-0.0625  -0.544387
-0.15625  -0.425011
0.0625  -0.469818
-0.03125  -0.51514
-0.125  -0.50982
-0.03125  -0.543547
0.0625  -0.293781
0  -0.540368
-0.09375  -0.398755
0.03125  -0.401188
0.21875  -0.416494
-0.0625  -0.354411
-0.09375  -0.265585
0.15625  -0.372838
0.0625  -0.479701
0.25  -0.527505
0  -0.434105
0  -0.707312
-0.1875  -0.429235
0.03125  -0.44965
-0.09375  -0.499772
-0.15625  -0.401717
-0.03125  -0.389266
0.25  -0.444891
-0.0625  -0.35834
-0.21875  -0.388891
0  -0.319505
0.0625  -0.478868
0.125  -0.611946
0.03125  -0.435834
-0.0625  -0.601594
-0.21875  -0.484981
-0.03125  -0.414832
0.0625  -0.378736
0.15625  -0.245805
0.15625  -0.398189
-0.21875  -0.428121
-0.21875  -0.458338
0.0625  -0.457342
-0.09375  -0.396328
-0.09375  -0.593931
-0.03125  -0.38734
-0.125  -0.404263
0.09375  -0.341819
0  -0.237127
-0.25  -0.456044
-0.34375  -0.527878
0.125  -0.449322
0.125  -0.371454
-0.0625  -0.368792
0.03125  -0.437167
0.1875  -0.253639
0.1875  -0.464468
-0.09375  -0.474477
0.1875  -0.474169
0.1875  -0.289309
-0.1875  -0.438465
0.03125  -0.387657
-0.15625  -0.445178
0  -0.483756
0.125  -0.385025
0.125  -0.545584
-0.0625  -0.612653
0.1875  -0.503793
0.09375  -0.347186
0.0625  -0.430904
-0.09375  -0.388708
-0.0625  -0.226633
-0.09375  -0.408877
-0.0625  -0.465928
0.21875  -0.436306
0.0625  -0.49775
-0.03125  -0.341324
-0.0625  -0.569829
-0.09375  -0.514118
-0.125  -0.502597
-0.15625  -0.383158
-0.0625  -0.4319
0.15625  -0.415085
-0.125  -0.656108
0  -0.589197
-0.09375  -0.456932
-0.25  -0.498326
-0.09375  -0.325933
-0.09375  -0.279151
-0.125  -0.512726
0.0625  -0.438585
-0.1875  -0.543671
-0.0625  -0.512083
-0.1875  -0.274132
-0.0625  -0.279861
0.0625  -0.706026
0.03125  -0.478513
0  -0.331603
0.21875  -0.351762
-0.03125  -0.344311
0.09375  -0.44988
-0.0625  -0.594694
0.09375  -0.33941
-0.1875  -0.397817
-0.15625  -0.411694
-0.09375  -0.437472
0.0625  -0.51215
0  -0.481819
-0.15625  -0.404802
-0.15625  -0.486886
0.0625  -0.39943
0.0625  -0.524293
0.09375  -0.650848
-0.03125  -0.389503
-0.0625  -0.429861
0.03125  -0.234193
-0.125  -0.545068
0  -0.499125
0.3125  -0.48303
0  -0.596821
0.09375  -0.520185
0.03125  -0.567896
0.15625  -0.39201
-0.0625  -0.465328
0.09375  -0.277115
-0.09375  -0.463204
-0.09375  -0.690628
-0.1875  -0.490158
-0.03125  -0.537364
-0.15625  -0.535148
0.21875  -0.479436
0.03125  -0.462049
-0.03125  -0.279346
-0.25  -0.642028
0.15625  -0.454405
-0.03125  -0.369835
-0.09375  -0.449227
-0.25  -0.259287
-0.09375  -0.315197
-0.03125  -0.257516
0.15625  -0.267722
0.28125  -0.386712
-0.15625  -0.390417
-0.09375  -0.159009
-0.09375  -0.390105
0.15625  -0.591955
0.03125  -0.597471
0  -0.428504
0.03125  -0.568501
-0.125  -0.485676
0.03125  -0.570691
0.125  -0.373399
0.0625  -0.563548
-0.0625  -0.583538
0.03125  -0.473346
-0.125  -0.573552
0.125  -0.321484
-0.09375  -0.344536
-0.0625  -0.517276
0.125  -0.370992
0.125  -0.474196
0.03125  -0.407548
0  -0.337107
-0.28125  -0.450517
0.15625  -0.500416
0.15625  -0.546914
0.03125  -0.482532
-0.0625  -0.59096
-0.21875  -0.174571
0  -0.442837
-0.15625  -0.16773
-0.125  -0.577893
0.25  -0.481319
-0.0625  -0.410459
0.0625  -0.541
0.0625  -0.432773
-0.03125  -0.574154
-0.15625  -0.441897
0.0625  -0.553492
-0.1875  -0.422217
-0.125  -0.387222
0.125  -0.398298
0.0625  -0.404093
-0.09375  -0.418437
0.15625  -0.188199
-0.125  -0.273499
-0.15625  -0.427438
0  -0.562871
0  -0.573157
0.09375  -0.487328
-0.0625  -0.323449
-0.0625  -0.511386
-0.3125  -0.339986
0.03125  -0.550434
-0.0625  -0.451964
0.03125  -0.58093
0.375  -0.469564
0.03125  -0.373038
-0.0625  -0.384353
-0.03125  -0.63015
0.0625  -0.573853
-0.25  -0.549705
-0.0625  -0.50952
-0.15625  -0.53904
0.09375  -0.550678
-0.21875  -0.463241
-0.0625  -0.601763
0.09375  -0.364086
0  -0.538127
-0.125  -0.343997
0  -0.432429
0.34375  -0.521428
0.125  -0.471252
0.15625  -0.496317
-0.15625  -0.182068
-0.09375  -0.539814
0.0625  -0.379748
0  -0.444509
-0.15625  -0.433343
0.09375  -0.400553
0.1875  -0.553202
0.125  -0.464194
0.03125  -0.267152
0.09375  -0.406357
-0.03125  -0.399943
0.0625  -0.489846
0  -0.492005
0.1875  -0.532961
-0.03125  -0.471099
0.1875  -0.717225
-0.0625  -0.343709
-0.0625  -0.554469
0  -0.388049
-0.125  -0.50505
-0.1875  -0.58975
0.125  -0.370319
0.0625  -0.548737
0  -0.427349
0.15625  -0.56929
-0.1875  -0.272737
0.1875  -0.330388
-0.09375  -0.164354
0.09375  -0.655911
-0.125  -0.477933
-0.09375  -0.396028
-0.03125  -0.43518
0  -0.734109
0.09375  -0.441229
0.125  -0.448236
0  -0.401798
0  -0.341385
0.0625  -0.438392
0  -0.40449
-0.3125  -0.272612
0.09375  -0.454272
-0.09375  -0.23108
0.03125  -0.403715
-0.03125  -0.323404
-0.09375  -0.443257
0  -0.599829
0.09375  -0.44226
-0.125  -0.504785
0  -0.361106
-0.03125  -0.51761
0  -0.465035
0.03125  -0.287994
0.0625  -0.442157
-0.15625  -0.236324
0  -0.450557
0  -0.398332
0.15625  -0.455722
0.09375  -0.408975
-0.1875  -0.317814
-0.21875  -0.337293
-0.03125  -0.469762
-0.03125  -0.505797
-0.03125  -0.478524
0.0625  -0.460625
0.1875  -0.366066
0.21875  -0.475173
-0.1875  -0.409459
-0.09375  -0.369076
-0.09375  -0.164785
0.1875  -0.543803
-0.21875  -0.481615
-0.0625  -0.593389
-0.0625  -0.637029
0.03125  -0.475919
-0.1875  -0.0413853
0.1875  -0.608279
-0.03125  -0.406163
0.125  -0.335345
-0.0625  -0.407072
0.03125  -0.485402
-0.15625  -0.510757
-0.09375  -0.0997387
-0.125  -0.528426
-0.0625  -0.400942
-0.09375  -0.487937
-0.1875  -0.277152
0.1875  -0.420392
-0.25  -0.67533
-0.09375  -0.336581
0.03125  -0.476957
0  -0.262297
0  -0.385896
0.03125  -0.673616
-0.21875  -0.575505
-0.03125  -0.432921
-0.09375  -0.498921
0.125  -0.516051
-0.21875  -0.446711
-0.0625  -0.640317
0.03125  -0.209293
0.0625  -0.284839
-0.09375  -0.399058
0.15625  -0.344393
0  -0.451418
-0.0625  -0.278104
0  -0.472796
-0.125  -0.58051
0.25  -0.263004
-0.0625  -0.417489
0.03125  -0.609574
0.0625  -0.413602
0.125  -0.568792
-0.125  -0.55396
-0.1875  -0.367246
0.21875  -0.387192
0  -0.474319
0  -0.334337
-0.09375  -0.459648
0.09375  -0.596357
0  -0.50322
0  -0.376337
0.15625  -0.529167
0.1875  -0.584466
0.09375  -0.437888
0  -0.399773
-0.03125  -0.466849
0.09375  -0.374332
-0.03125  -0.48315
-0.3125  -0.517742
-0.15625  -0.434969
-0.21875  -0.378794
0.03125  -0.407658
-0.09375  -0.409303
0  -0.337012
0.0625  -0.365019
0.0625  -0.345304
-0.1875  -0.23977
-0.15625  -0.500922
0.125  -0.450406
-0.03125  -0.392012
-0.28125  -0.405443
-0.0625  -0.384951
0.21875  -0.405617
0.09375  -0.379706
-0.125  -0.432098
0.0625  -0.399915
-0.03125  -0.35424
0.15625  -0.520509
0.15625  -0.466794
0.21875  -0.401069
0.15625  -0.307971
0.03125  -0.369858
-0.03125  -0.560734
0.0625  -0.401674
-0.03125  -0.343263
-0.15625  -0.259759
-0.03125  -0.425769
-0.15625  -0.298591
-0.15625  -0.220702
-0.03125  -0.536569
-0.0625  -0.475638
-0.15625  -0.318176
0  -0.403809
0  -0.363246
0.15625  -0.680155
-0.15625  -0.611534
-0.09375  -0.600356
-0.03125  -0.252855
-0.1875  -0.632873
-0.03125  -0.57096
0.3125  -0.513663
-0.0625  -0.541532
0  -0.603352
-0.125  -0.319203
0.21875  -0.350348
0  -0.577993
-0.15625  -0.467383
0.03125  -0.572588
0.0625  -0.411414
0  -0.487317
-0.0625  -0.454637
0.0625  -0.4342
-0.03125  -0.583251
-0.09375  -0.372808
0.03125  -0.375438
-0.0625  -0.552646
0.09375  -0.54339
0.09375  -0.327124
0.03125  -0.453634
-0.1875  -0.542327
0.03125  -0.518896
0.15625  -0.431243
-0.1875  -0.425596
0.15625  -0.249927
-0.15625  -0.415414
0.03125  -0.468344
0.125  -0.40006
0.34375  -0.557559
-0.09375  -0.577987
-0.15625  -0.456779
-0.03125  -0.402832
-0.03125  -0.39527
0  -0.49526
-0.09375  -0.217431
0  -0.250245
0.03125  -0.610751
0.03125  -0.41001
0.15625  -0.457487
0.09375  -0.327921
-0.21875  -0.327473
0  -0.433322
0.125  -0.319295
0.0625  -0.203002
0.125  -0.462798
0  -0.631861
0.1875  -0.361798
-0.03125  -0.467117
-0.0625  -0.493522
-0.0625  -0.474121
-0.0625  -0.407574
0.09375  -0.523182
-0.03125  -0.597154
0.09375  -0.520959
-0.09375  -0.235083
-0.0625  -0.400179
-0.125  -0.214524
0.03125  -0.350369
0.0625  -0.643153
0.0625  -0.530814
0.0625  -0.460873
-0.15625  -0.367425
-0.15625  -0.374508
0.3125  -0.622591
-0.09375  -0.433688
-0.0625  -0.663495
-0.03125  -0.408395
0  -0.252101
-0.0625  -0.500054
0  -0.237284
0.03125  -0.576123
0.09375  -0.213059
-0.0625  -0.558011
0.125  -0.446818
0.0625  -0.353559
-0.09375  -0.393097
0.0625  -0.443286
0.15625  -0.386694
-0.15625  -0.283665
-0.15625  -0.469256
-0.03125  -0.451321
0.09375  -0.234584
0  -0.323746
-0.15625  -0.343489
-0.0625  -0.306726
0  -0.483503
0.15625  -0.297733
0.125  -0.48583
0.03125  -0.484238
-0.21875  -0.239733
0.25  -0.553686
-0.0625  -0.392525
0.03125  -0.452207
-0.1875  -0.412883
0  -0.583861
-0.0625  -0.629397
0  -0.485545
0  -0.302118
-0.09375  -0.440688
-0.125  -0.366264
-0.1875  -0.513892
0  -0.496521
0.0625  -0.569103
0.25  -0.61846
0.28125  -0.560779
0.21875  -0.236042
-0.09375  -0.170092
0.21875  -0.371192
0.1875  -0.420369
0.09375  -0.336301
0  -0.483087
-0.15625  -0.472644
0.15625  -0.506624
-0.09375  -0.471589
0  -0.429267
-0.0625  -0.529491
0.25  -0.30677
-0.1875  -0.457399
-0.09375  -0.418409
-0.15625  -0.435837
-0.1875  -0.413418
0.09375  -0.551518
-0.125  -0.441319
-0.0625  -0.475002
-0.03125  -0.284036
0.0625  -0.436764
-0.0625  -0.298649
0.21875  -0.541047
-0.09375  -0.642782
-0.09375  -0.434574
-0.125  -0.329527
-0.125  -0.492604
0.03125  -0.408172
0.03125  -0.357537
0.0625  -0.453922
0.15625  -0.353333
-0.1875  -0.704607
0  -0.58202
-0.15625  -0.405754
0  -0.297332
0.125  -0.406362
-0.09375  -0.35097
-0.09375  -0.533699
-0.15625  -0.42581
-0.09375  -0.559698
0.125  -0.418959
0  -0.540705
-0.03125  -0.59617
0.0625  -0.564348
-0.0625  -0.367124
0.09375  -0.570414
0  -0.369388
-0.0625  -0.564417
-0.09375  -0.40461
0.09375  -0.551148
-0.0625  -0.551227
-0.15625  -0.293052
-0.03125  -0.50557
0  -0.524124
0.09375  -0.354974
-0.1875  -0.243027
-0.03125  -0.387857
0.28125  -0.426258
0.03125  -0.378925
0.125  -0.381608
-0.1875  -0.40848
-0.28125  -0.574184
-0.25  -0.490008
-0.03125  -0.489578
0.09375  -0.600358
-0.09375  -0.489416
-0.03125  -0.365448
0  -0.497163
-0.1875  -0.450667
0.09375  -0.336222
-0.0625  -0.501092
-0.28125  -0.446955
0.28125  -0.37994
0.09375  -0.203282
0.28125  -0.620325
-0.0625  -0.522509
-0.125  -0.370885
0.25  -0.49504
0.1875  -0.529256
0.15625  -0.416665
-0.25  -0.607481
-0.09375  -0.47329
0.03125  -0.532316
0.125  -0.455809
0.15625  -0.265664
-0.125  -0.557616
0.03125  -0.312047
0.0625  -0.509656
0.0625  -0.516198
0.125  -0.326423
0.3125  -0.437576
-0.28125  -0.624647
0  -0.635713
0  -0.343995
-0.125  -0.275707
0.0625  -0.316642
-0.1875  -0.371675
0.0625  -0.519913
-0.09375  -0.505149
0  -0.609886
0  -0.330498
0.03125  -0.403084
0.09375  -0.534407
-0.0625  -0.67253
-0.09375  -0.521794
0  -0.491769
0.0625  -0.260697
-0.125  -0.368141
-0.0625  -0.406435
0.03125  -0.620724
0.0625  -0.453973
-0.1875  -0.669314
-0.15625  -0.460234
-0.25  -0.296989
-0.15625  -0.417627
-0.09375  -0.64455
-0.0625  -0.293654
-0.03125  -0.592845
0.09375  -0.420071
0.125  -0.558935
0  -0.519241
0.125  -0.335234
0.0625  -0.635263
0.15625  -0.376381
-0.0625  -0.531849
-0.03125  -0.413132
-0.0625  -0.612548
-0.0625  -0.434658
0.15625  -0.502555
0.0625  -0.315796
-0.0625  -0.457964
-0.0625  -0.312303
0.28125  -0.635114
0.03125  -0.440917
0.15625  -0.346918
-0.15625  -0.223123
-0.0625  -0.484913
-0.15625  -0.455189
-0.1875  -0.448324
0  -0.471233
-0.0625  -0.383035
-0.03125  -0.484847
-0.125  -0.347387
-0.0625  -0.402422
0.15625  -0.4961
0.0625  -0.258838
-0.125  -0.451555
0.28125  -0.420367
-0.09375  -0.513496
-0.25  -0.459246
-0.03125  -0.558126
0.15625  -0.550013
-0.15625  -0.481955
0.03125  -0.316356
-0.0625  -0.397998
0  -0.492967
-0.125  -0.298351
0  -0.611219
-0.0625  -0.267484
-0.125  -0.277155
-0.1875  -0.468147
-0.34375  -0.247436
-0.125  -0.443994
-0.15625  -0.361602
-0.09375  -0.480986
-0.125  -0.305237
-0.09375  -0.304199
0.15625  -0.554469
0.0625  -0.562795
-0.03125  -0.351124
-0.125  -0.50743
-0.125  -0.579242
-0.09375  -0.410607
0.0625  -0.704567
0  -0.366404
0.125  -0.605168
0.09375  -0.486779
0.03125  -0.285689
0.09375  -0.529719
0  -0.389846
0.09375  -0.451279
-0.21875  -0.5438
0.15625  -0.486768
0.0625  -0.216818
0  -0.287576
-0.21875  -0.6079
0.09375  -0.332502
0.09375  -0.524984
0  -0.451134
-0.125  -0.56441
0  -0.371051
-0.15625  -0.400732
0.03125  -0.525275
-0.03125  -0.38263
-0.09375  -0.409537
-0.125  -0.555627
0  -0.490564
0.15625  -0.460343
-0.0625  -0.582856
-0.0625  -0.403752
0.0625  -0.447438
-0.09375  -0.518472
-0.0625  -0.375426
-0.25  -0.47298
-0.28125  -0.39111
-0.15625  -0.479223
0.21875  -0.407399
0.03125  -0.461019
0.0625  -0.597825
-0.09375  -0.556187
0  -0.531453
0.0625  -0.422616
0.25  -0.40934
0.21875  -0.438295
0.125  -0.394903
0  -0.466944
0.125  -0.291305
-0.03125  -0.275333
-0.0625  -0.375799
-0.125  -0.367303
0.03125  -0.495812
0.09375  -0.44137
0.125  -0.488313
-0.03125  -0.428676
-0.1875  -0.289003
-0.125  -0.399598
-0.0625  -0.260663
-0.09375  -0.533003
0.09375  -0.307108
0.0625  -0.415002
0.09375  -0.236601
-0.15625  -0.475672
-0.3125  -0.472827
0.125  -0.474684
-0.15625  -0.296364
-0.21875  -0.497848
-0.15625  -0.375052
-0.15625  -0.520467
0.09375  -0.449448
-0.0625  -0.568876
-0.1875  -0.467413
0.25  -0.560558
0.15625  -0.486881
0  -0.425673
-0.03125  -0.293293
0.0625  -0.424179
-0.03125  -0.31311
-0.21875  -0.282647
0  -0.248302
0.0625  -0.587313
0.09375  -0.517836
0.15625  -0.350853
0.09375  -0.413192
-0.03125  -0.419761
0.09375  -0.41288
-0.1875  -0.332599
0  -0.404839
-0.03125  -0.665671
-0.09375  -0.542589
0.09375  -0.396629
0  -0.542153
0.0625  -0.631249
-0.0625  -0.453442
-0.0625  -0.594317
0.03125  -0.473109
0  -0.409698
-0.03125  -0.512607
0.09375  -0.235982
0.09375  -0.456428
-0.03125  -0.700858
0.0625  -0.4804
0.0625  -0.472453
-0.15625  -0.576463
0.15625  -0.322755
0.125  -0.406366
-0.0625  -0.377965
-0.0625  -0.37257
-0.125  -0.515515
-0.125  -0.483636
-0.15625  -0.674176
-0.21875  -0.541149
0.09375  -0.45853
-0.09375  -0.485243
-0.03125  -0.474483
-0.03125  -0.309045
-0.15625  -0.321059
0  -0.505371
0.125  -0.460502
0.03125  -0.578737
0.0625  -0.582767
-0.15625  -0.585105
-0.03125  -0.49557
0.03125  -0.421573
0  -0.239328
0.03125  -0.385675
0.09375  -0.381514
-0.1875  -0.113782
-0.03125  -0.359034
-0.3125  -0.608364
0.0625  -0.34404
-0.09375  -0.524812
0.15625  -0.435166
0.125  -0.531888
-0.03125  -0.302927
0.03125  -0.31896
-0.09375  -0.3556
-0.03125  -0.493666
-0.25  -0.542762
-0.15625  -0.448506
0.0625  -0.658024
-0.03125  -0.434147
0.125  -0.369368
0.21875  -0.443063
-0.0625  -0.353769
0.125  -0.42141
-0.03125  -0.43725
0  -0.481028
0.125  -0.248019
0.03125  -0.567192
0.03125  -0.380161
0.0625  -0.472858
0.15625  -0.359779
0.03125  -0.392252
0.0625  -0.433392
-0.28125  -0.405057
0.03125  -0.442255
0  -0.231975
0.09375  -0.412035
-0.15625  -0.37826
0.15625  -0.558823
-0.125  -0.483972
-0.125  -0.413194
0.21875  -0.442621
-0.03125  -0.315231
0.09375  -0.332165
-0.1875  -0.274598
-0.125  -0.367823
0.28125  -0.411574
0.3125  -0.59111
-0.125  -0.551971
0.0625  -0.23376
-0.0625  -0.36705
0.21875  -0.500143
0.03125  -0.540399
0.0625  -0.44012
-0.0625  -0.365184
-0.0625  -0.3695
-0.03125  -0.510917
-0.03125  -0.360806
-0.03125  -0.39781
-0.125  -0.399196
-0.0625  -0.580916
0  -0.603661
-0.15625  -0.486778
0.0625  -0.667919
-0.15625  -0.309397
-0.0625  -0.330544
0.21875  -0.51234
0.15625  -0.320902
0.25  -0.463544
0.125  -0.726656
-0.09375  -0.527208
0.15625  -0.584577
-0.0625  -0.454285
0  -0.399572
-0.03125  -0.418637
0.125  -0.629507
-0.03125  -0.504874
0.21875  -0.399766
0.21875  -0.488774
-0.15625  -0.495293
0.125  -0.49911
0  -0.631504
-0.09375  -0.50345
0.0625  -0.320821
0.09375  -0.484105
0.09375  -0.487005
0.03125  -0.391338
-0.125  -0.489306
0.03125  -0.302858
-0.0625  -0.357765
0.09375  -0.344949
0.125  -0.354702
-0.125  -0.35934
0.28125  -0.477316
-0.25  -0.414472
-0.15625  -0.330664
-0.15625  -0.515313
0  -0.466079
0.09375  -0.548335
-0.09375  -0.420682
0.0625  -0.39527
0  -0.341515
0.15625  -0.502542
-0.09375  -0.53927
-0.0625  -0.542891
-0.03125  -0.612182
0.28125  -0.505892
0.0625  -0.472491
0  -0.376884
-0.0625  -0.479238
0.1875  -0.505362
-0.09375  -0.265553
-0.09375  -0.401029
0.125  -0.18959
-0.15625  -0.469932
-0.21875  -0.424936
-0.0625  -0.305235
0.125  -0.532782
-0.21875  -0.276243
-0.03125  -0.303925
-0.15625  -0.513338
0.125  -0.559043
0.125  -0.504033
0.25  -0.432383
0  -0.545723
-0.03125  -0.386984
0.03125  -0.595984
0.0625  -0.406309
0.09375  -0.477656
0  -0.570279
0.0625  -0.497884
-0.0625  -0.394858
0.09375  -0.321163
0.0625  -0.282833
0.0625  -0.40423
0.1875  -0.515465
0.03125  -0.338873
0.15625  -0.437271
-0.1875  -0.609672
0  -0.340803
-0.15625  -0.40905
-0.09375  -0.601891
-0.125  -0.22847
-0.03125  -0.592874
-0.0625  -0.441297
0.03125  -0.477204
-0.15625  -0.2301
0.28125  -0.52552
0.15625  -0.526639
0.0625  -0.276423
0  -0.334312
0.0625  -0.258854
0  -0.550795
-0.03125  -0.148274
0  -0.612004
0.03125  -0.481235
-0.3125  -0.396805
-0.03125  -0.426386
-0.15625  -0.398813
0.125  -0.302072
-0.1875  -0.603154
-0.0625  -0.305961
-0.125  -0.454352
-0.15625  -0.403254
0.0625  -0.542869
0.03125  -0.398938
-0.03125  -0.449074
-0.09375  -0.45591
-0.03125  -0.500435
0.25  -0.260985
-0.0625  -0.234699
-0.09375  -0.517454
-0.0625  -0.598253
0.25  -0.443952
0.09375  -0.556043
-0.03125  -0.315393
0.3125  -0.497424
-0.0625  -0.361788
-0.03125  -0.288742
0.0625  -0.396289
0.125  -0.473396
-0.125  -0.704922
0.1875  -0.486021
-0.1875  -0.392154
0.03125  -0.402253
-0.125  -0.379751
0.21875  -0.530512
0.1875  -0.320185
0.09375  -0.567792
-0.09375  -0.354986
0.21875  -0.495434
0.09375  -0.445577
-0.15625  -0.412186
0.1875  -0.433815
-0.09375  -0.688472
0.0625  -0.45677
-0.21875  -0.43042
-0.15625  -0.417942
0.1875  -0.477195
0.25  -0.489208
0.03125  -0.607592
0.03125  -0.382338
0.125  -0.318854
0.25  -0.535478
0.0625  -0.569595
0.15625  -0.369724
0.0625  -0.425555
0.03125  -0.450592
0.09375  -0.567055
-0.09375  -0.334606
-0.21875  -0.367151
-0.09375  -0.359455
0.09375  -0.416911
0  -0.328895
0.21875  -0.55869
0.25  -0.366942
-0.25  -0.415755
-0.0625  -0.5021
0.21875  -0.278459
0.125  -0.422683
-0.03125  -0.470916
0.0625  -0.355727
-0.09375  -0.381408
0.15625  -0.369389
0.15625  -0.370375
0  -0.475662
0.125  -0.393255
0.125  -0.459506
-0.1875  -0.363103
0  -0.39188
-0.0625  -0.545527
0.09375  -0.456379
-0.125  -0.456654
-0.03125  -0.448216
0.03125  -0.397573
-0.25  -0.480292
0  -0.457131
0.125  -0.627673
0.03125  -0.398904
0.0625  -0.372981
-0.21875  -0.275077
0.125  -0.300647
0  -0.457168
0.21875  -0.3877
0.03125  -0.401224
-0.03125  -0.332044
0.3125  -0.350563
-0.03125  -0.44198
0  -0.489218
-0.28125  -0.496821
-0.09375  -0.325998
0.09375  -0.498204
0  -0.513473
-0.09375  -0.532274
-0.03125  -0.379146
0.125  -0.609461
-0.09375  -0.480114
-0.0625  -0.434968
-0.25  -0.23377
-0.125  -0.514229
-0.09375  -0.389496
0.03125  -0.442954
0.1875  -0.57518
0.0625  -0.581862
-0.09375  -0.519154
0.21875  -0.484864
0.09375  -0.544177
-0.1875  -0.162511
-0.125  -0.491346
0.34375  -0.529427
0.15625  -0.374036
-0.25  -0.405984
-0.125  -0.39359
0.125  -0.654389
0.125  -0.467161
0.03125  -0.377031
0.03125  -0.396305
-0.3125  -0.592308
0.1875  -0.43968
0.25  -0.450011
0.1875  -0.330286
-0.0625  -0.158602
-0.3125  -0.531461
-0.0625  -0.497906
-0.03125  -0.391779
0.125  -0.392911
-0.125  -0.345651
0.1875  -0.542634
-0.125  -0.363805
0.03125  -0.621415
-0.0625  -0.513929
0.09375  -0.372387
0.125  -0.449754
0.15625  -0.400196
0.0625  -0.410407
0.125  -0.672233
0.125  -0.446203
0.28125  -0.459395
-0.03125  -0.238436
-0.03125  -0.311236
0.3125  -0.424817
0.09375  -0.332455
0.125  -0.551041
0.0625  -0.444885
0.21875  -0.523904
0.25  -0.369936
-0.03125  -0.569578
-0.125  -0.314687
-0.0625  -0.247149
0.09375  -0.667795
-0.15625  -0.447783
-0.1875  -0.356616
0.09375  -0.379311
0.03125  -0.538078
-0.09375  -0.593543
0  -0.427948
-0.1875  -0.316947
0.15625  -0.380892
-0.125  -0.476841
0.34375  -0.430757
-0.15625  -0.343098
0.0625  -0.44332
0  -0.597756
-0.1875  -0.339479
0.03125  -0.48513
0.09375  -0.35249
0.09375  -0.607571
0.09375  -0.297217
0.21875  -0.435067
-0.09375  -0.487735
-0.21875  -0.380956
0.09375  -0.557567
0.0625  -0.573633
-0.15625  -0.352385
0.15625  -0.412822
-0.15625  -0.388114
-0.03125  -0.501338
-0.03125  -0.385321
-0.0625  -0.372592
-0.03125  -0.450117
0.25  -0.390845
-0.0625  -0.492827
0.03125  -0.575976
-0.28125  -0.529716
0.03125  -0.579056
0.09375  -0.450276
0.1875  -0.545976
0  -0.318577
0  -0.456216
0.09375  -0.456795
-0.03125  -0.408677
0  -0.581878
0.0625  -0.36111
-0.125  -0.149217
0.0625  -0.482359
0.03125  -0.5512
-0.0625  -0.444766
0  -0.57383
0.15625  -0.567734
-0.0625  -0.494116
-0.03125  -0.535796
-0.03125  -0.508949
-0.03125  -0.519926
-0.0625  -0.46581
0.15625  -0.334958
-0.15625  -0.293252
-0.125  -0.447449
0.0625  -0.652507
0.25  -0.6017
-0.125  -0.54848
-0.0625  -0.553977
-0.15625  -0.478501
0.28125  -0.519045
-0.0625  -0.493897
0.1875  -0.550844
0  -0.569549
0.1875  -0.515069
-0.09375  -0.504073
-0.03125  -0.73871
-0.1875  -0.508422
-0.34375  -0.400339
-0.1875  -0.531442
-0.125  -0.456174
0.21875  -0.239819
-0.0625  -0.573156
-0.15625  -0.388612
-0.1875  -0.468716
0.03125  -0.315656
0.03125  -0.441857
0.03125  -0.553315
0.0625  -0.516111
-0.15625  -0.529517
0  -0.37113
0  -0.431737
-0.03125  -0.504969
0.0625  -0.408343
0  -0.389845
0.0625  -0.518331
-0.125  -0.441726
0  -0.470868
-0.03125  -0.562337
0.0625  -0.322454
0.3125  -0.453637
-0.03125  -0.412759
0.28125  -0.341525
-0.09375  -0.418617
0.1875  -0.434498
-0.15625  -0.346365
-0.125  -0.480739
0.1875  -0.617068
0.09375  -0.487874
0.125  -0.264391
0.03125  -0.478027
0.09375  -0.428908
0.03125  -0.355676
-0.03125  -0.3046
0.09375  -0.601565
0.15625  -0.570867
-0.0625  -0.601703
-0.0625  -0.450762
0.03125  -0.37723
-0.125  -0.415778
-0.0625  -0.515627
0.0625  -0.361794
0.1875  -0.457065
-0.15625  -0.530989
-0.15625  -0.338311
0.21875  -0.586812
0.25  -0.437752
-0.03125  -0.49271
0.09375  -0.393996
0.09375  -0.324132
0.09375  -0.43889
-0.03125  -0.377003
0  -0.392267
-0.125  -0.416092
0.0625  -0.474289
0.0625  -0.450046
0.0625  -0.514424
0.09375  -0.205273
0.03125  -0.276846
0.125  -0.464457
-0.0625  -0.516603
0.25  -0.430225
-0.0625  -0.230819
-0.0625  -0.532329
-0.125  -0.342794
0.0625  -0.576327
0.09375  -0.416363
0.1875  -0.295535
-0.15625  -0.468623
-0.09375  -0.592036
-0.0625  -0.651363
-0.125  -0.550215
-0.0625  -0.272574
-0.0625  -0.599534
0.0625  -0.556326
-0.09375  -0.478409
-0.09375  -0.352135
0.125  -0.361381
-0.03125  -0.509873
-0.09375  -0.391202
0.34375  -0.444469
0  -0.335091
0.09375  -0.384165
-0.125  -0.561133
0.0625  -0.387427
0.0625  -0.45624
0.03125  -0.656302
0.25  -0.279519
-0.0625  -0.612014
0  -0.524611
-0.09375  -0.506255
-0.09375  -0.243665
0  -0.203858
-0.09375  -0.501429
0.3125  -0.391096
-0.09375  -0.56173
-0.03125  -0.430761
0  -0.563068
0.28125  -0.457024
-0.03125  -0.355297
0.15625  -0.477981
-0.21875  -0.347351
0.09375  -0.718053
0.3125  -0.56259
-0.03125  -0.573672
-0.09375  -0.412485
0.0625  -0.564955
0.15625  -0.319223
-0.15625  -0.546015
0.25  -0.369734
0.15625  -0.392686
0.21875  -0.329542
0.0625  -0.445205
-0.125  -0.431886
0.25  -0.437693
0  -0.564891
0.0625  -0.350296
0.03125  -0.458192
0.0625  -0.474577
0.125  -0.512426
-0.125  -0.27696
0.09375  -0.354089
-0.125  -0.456342
-0.03125  -0.40506
-0.03125  -0.623554
-0.03125  -0.438399
-0.0625  -0.424473
-0.21875  -0.388331
-0.1875  -0.553789
-0.1875  -0.21134
0  -0.571108
-0.03125  -0.321698
-0.03125  -0.587401
-0.0625  -0.381212
0.09375  -0.547787
-0.0625  -0.557797
0.0625  -0.448311
0.1875  -0.266883
0  -0.607637
-0.0625  -0.456584
0.09375  -0.53295
0.03125  -0.311429
0.0625  -0.156762
0.15625  -0.466002
-0.34375  -0.26623
0.09375  -0.428132
-0.125  -0.463284
0.0625  -0.360597
0.125  -0.423802
-0.0625  -0.567113
0.0625  -0.385557
0.0625  -0.53202
-0.0625  -0.347521
0.09375  -0.51164
-0.125  -0.353354
-0.3125  -0.473653
0  -0.44179
-0.03125  -0.367351
0.21875  -0.43416
0.09375  -0.435073
0  -0.490395
-0.09375  -0.515205
0.09375  -0.296211
-0.1875  -0.533796
0.1875  -0.355705
-0.03125  -0.422938
-0.03125  -0.360439
0.0625  -0.651556
0.15625  -0.349793
-0.03125  -0.183896
-0.0625  -0.595103
0.15625  -0.339546
0.03125  -0.489725
0.1875  -0.500016
0.15625  -0.57186
0.125  -0.281034
-0.09375  -0.214818
0  -0.517322
0.09375  -0.453939
-0.15625  -0.35306
0.1875  -0.575255
-0.0625  -0.351569
0  -0.540026
-0.09375  -0.419541
-0.09375  -0.556784
-0.03125  -0.408851
0.1875  -0.565413
-0.125  -0.42482
0.03125  -0.385839
-0.03125  -0.334963
-0.1875  -0.331001
-0.0625  -0.502488
-0.0625  -0.401561
-0.03125  -0.334532
-0.21875  -0.476668
0  -0.622749
0.125  -0.508009
0.125  -0.561728
0.09375  -0.275641
0.09375  -0.425188
0.0625  -0.526924
-0.125  -0.582993
-0.03125  -0.47528
0.03125  -0.39895
0.09375  -0.394576
-0.09375  -0.440545
0.0625  -0.39212
0.0625  -0.546293
0.0625  -0.454188
0.15625  -0.321927
-0.03125  -0.431325
0.03125  -0.457672
-0.09375  -0.546537
0  -0.392278
0.0625  -0.304908
0  -0.417133
0  -0.518118
0.03125  -0.587143
0.09375  -0.595381
-0.09375  -0.25175
0.15625  -0.397606
0.125  -0.369044
-0.09375  -0.625939
0  -0.518816
0.1875  -0.389971
0.15625  -0.609667
-0.15625  -0.560175
0.125  -0.452289
0  -0.305246
0.03125  -0.429407
0.09375  -0.208489
-0.15625  -0.448258
0.28125  -0.412402
0.34375  -0.522367
-0.1875  -0.338689
0  -0.316655
0.03125  -0.362363
0.09375  -0.497924
0.125  -0.454329
-0.15625  -0.560054
-0.03125  -0.474632
0.28125  -0.364078
-0.1875  -0.485564
0.1875  -0.571537
-0.0625  -0.501477
-0.125  -0.306678
0.09375  -0.522142
0.09375  -0.330683
0  -0.217533
-0.03125  -0.565125
-0.125  -0.537766
-0.15625  -0.589803
0.1875  -0.486205
0.21875  -0.362065
-0.03125  -0.229271
-0.09375  -0.578164
0.1875  -0.443121
0.125  -0.568325
-0.03125  -0.494673
-0.21875  -0.499871
0  -0.470048
-0.125  -0.59322
-0.0625  -0.525576
0.0625  -0.443002
-0.34375  -0.255297
-0.0625  -0.334957
0.1875  -0.361556
0.0625  -0.36126
-0.03125  -0.536384
0.1875  -0.642365
-0.4375  -0.450734
0.125  -0.340918
0.09375  -0.47775
-0.03125  -0.488821
-0.09375  -0.495279
-0.0625  -0.574744
-0.15625  -0.44159
-0.25  -0.527335
0.03125  -0.41144
0.125  -0.337843
-0.21875  -0.245472
-0.03125  -0.541896
0.25  -0.515598
0.0625  -0.487732
-0.15625  -0.545343
0.28125  -0.570208
-0.09375  -0.571338
0.03125  -0.367082
0  -0.538884
-0.0625  -0.445035
-0.03125  -0.369029
-0.0625  -0.490006
0.09375  -0.356768
0  -0.429727
0.09375  -0.53431
0  -0.539729
-0.09375  -0.368959
0.03125  -0.410674
-0.03125  -0.395334
-0.25  -0.640256
0  -0.262168
0  -0.481617
-0.03125  -0.415665
0.03125  -0.422209
0.125  -0.359184
-0.0625  -0.403329
0.15625  -0.265997
0.0625  -0.308686
-0.03125  -0.480632
-0.1875  -0.407373
-0.0625  -0.600493
0.125  -0.513339
0.09375  -0.32447
0.09375  -0.340185
0.0625  -0.366423
-0.09375  -0.465137
-0.09375  -0.490838
0.03125  -0.41545
0.03125  -0.471616
0  -0.530568
0.15625  -0.474728
-0.09375  -0.594701
-0.09375  -0.361593
-0.03125  -0.518429
0.09375  -0.454587
0.125  -0.510991
0.15625  -0.639581
0  -0.431216
0.15625  -0.403194
-0.03125  -0.685591
0.03125  -0.369698
-0.0625  -0.253347
0.09375  -0.329967
0.1875  -0.402222
-0.03125  -0.318951
-0.375  -0.296845
0.125  -0.528877
-0.09375  -0.43278
0.0625  -0.343026
-0.25  -0.433401
-0.1875  -0.650697
0.03125  -0.513997
-0.1875  -0.491375
0.09375  -0.48052
0  -0.627508
0.09375  -0.518899
0.34375  -0.287766
-0.0625  -0.198954
-0.15625  -0.468494
0.0625  -0.538374
-0.09375  -0.270467
0.125  -0.293462
0.09375  -0.847029
0  -0.395414
0.09375  -0.500255
-0.1875  -0.547951
-0.125  -0.486765
0.03125  -0.511822
0.03125  -0.366273
-0.21875  -0.26492
0.09375  -0.291152
-0.03125  -0.522383
-0.125  -0.379723
-0.0625  -0.270887
0.1875  -0.532679
0.03125  -0.449202
0.1875  -0.445593
0.0625  -0.292218
0.03125  -0.598272
-0.09375  -0.529855
0.03125  -0.566163
-0.125  -0.458962
-0.125  -0.636945
0  -0.291885
-0.125  -0.502159
-0.03125  -0.259219
0.4375  -0.239631
-0.15625  -0.493555
-0.125  -0.531525
0.09375  -0.337006
-0.1875  -0.427266
-0.03125  -0.283976
0.0625  -0.447597
0.03125  -0.597679
-0.03125  -0.255503
0.15625  -0.555959
-0.03125  -0.260467
-0.03125  -0.49994
-0.03125  -0.465086
0.09375  -0.273599
0.15625  -0.262697
-0.09375  -0.464204
-0.03125  -0.459293
-0.125  -0.58247
0.09375  -0.458205
-0.125  -0.20652
-0.03125  -0.379511
-0.21875  -0.641386
-0.0625  -0.536472
0.15625  -0.318306
0.09375  -0.358497
0.03125  -0.476519
0.125  -0.519652
0.03125  -0.344226
0.125  -0.45042
-0.03125  -0.445433
0.1875  -0.392089
0.125  -0.440884
-0.1875  -0.505857
0.09375  -0.619707
0.0625  -0.315594
0.0625  -0.303129
-0.03125  -0.2911
0  -0.47884
-0.0625  -0.438487
-0.0625  -0.103166
-0.3125  -0.525373
0.09375  -0.52888
0.0625  -0.524092
0.15625  -0.36387
-0.03125  -0.613404
-0.09375  -0.36909
-0.125  -0.449301
0.125  -0.476715
0.03125  -0.481081
0  -0.564983
-0.0625  -0.315552
0.0625  -0.497035
0  -0.424654
-0.0625  -0.223479
0.1875  -0.459438
-0.21875  -0.376941
-0.0625  -0.403324
-0.28125  -0.481688
-0.03125  -0.485126
0.3125  -0.381924
0.03125  -0.317425
0.21875  -0.59082
-0.03125  -0.294017
-0.03125  -0.688094
0.15625  -0.668861
0  -0.528052
0.0625  -0.264436
0.09375  -0.39371
-0.0625  -0.404186
-0.3125  -0.367932
-0.21875  -0.303067
-0.125  -0.45846
-0.03125  -0.602771
0  -0.321272
0.03125  -0.329719
0.125  -0.414816
0.21875  -0.456515
-0.0625  -0.458346
0.25  -0.267226
-0.0625  -0.451228
-0.0625  -0.319526
0  -0.371709
-0.125  -0.548227
0.0625  -0.337288
-0.03125  -0.4088
0.0625  -0.520433
0  -0.612021
-0.03125  -0.337281
0  -0.497566
-0.09375  -0.552236
-0.0625  -0.411117
-0.15625  -0.320027
0.25  -0.402512
0.03125  -0.325769
0  -0.269338
0.0625  -0.508381
-0.1875  -0.584165
-0.15625  -0.220572
0.03125  -0.468044
-0.03125  -0.468028
0.09375  -0.464026
0  -0.405248
0.09375  -0.45547
0.1875  -0.493832
0.0625  -0.393592
0  -0.498626
-0.125  -0.340733
-0.15625  -0.541214
0  -0.436066
0.1875  -0.264856
0.3125  -0.520702
0.09375  -0.674496
0  -0.551594
0  -0.427348
-0.0625  -0.238064
0.0625  -0.48306
0.03125  -0.42065
-0.03125  -0.232653
0.0625  -0.483797
-0.03125  -0.535004
-0.09375  -0.295001
0.125  -0.38909
-0.15625  -0.518734
-0.09375  -0.304669
-0.1875  -0.43297
-0.0625  -0.307641
0.21875  -0.592199
0.125  -0.405511
-0.25  -0.453048
-0.0625  -0.694559
0.0625  -0.300989
0.15625  -0.529166
-0.0625  -0.284167
-0.125  -0.623963
-0.0625  -0.703962
-0.0625  -0.586565
-0.0625  -0.364303
0  -0.387265
0.0625  -0.298634
-0.0625  -0.495769
-0.0625  -0.435968
0  -0.258726
-0.1875  -0.469611
-0.21875  -0.510053
-0.09375  -0.482663
0.0625  -0.493992
0.0625  -0.530282
-0.0625  -0.463729
0.03125  -0.43711
0.125  -0.197363
0.0625  -0.3876
0.1875  -0.378521
0.21875  -0.221779
-0.15625  -0.503961
-0.28125  -0.614566
0.21875  -0.355364
-0.125  -0.348056
-0.0625  -0.533692
0.03125  -0.3526
-0.09375  -0.399831
0.03125  -0.490645
-0.21875  -0.490362
-0.09375  -0.717774
0.1875  -0.462107
0  -0.557174
0.40625  -0.40761
0.1875  -0.530672
0  -0.451211
0.0625  -0.533203
0.03125  -0.489443
0.03125  -0.369521
-0.09375  -0.248112
-0.0625  -0.228306
-0.0625  -0.514003
0.03125  -0.22846
0.0625  -0.379717
0.1875  -0.481896
-0.0625  -0.492146
-0.09375  -0.486763
-0.03125  -0.428816
-0.1875  -0.441397
0.03125  -0.568928
-0.21875  -0.66228
0.125  -0.576448
0.0625  -0.290624
-0.125  -0.350716
-0.15625  -0.423443
0.125  -0.361921
-0.09375  -0.417245
0.125  -0.534397
0.125  -0.537781
-0.03125  -0.367184
0.15625  -0.292904
0  -0.624534
-0.125  -0.385849
0.1875  -0.440624
0.15625  -0.500495
0.15625  -0.430075
0.0625  -0.35408
0.0625  -0.326699
0.125  -0.379809
0.03125  -0.312268
0.3125  -0.334426
0.21875  -0.373047
-0.25  -0.519141
-0.0625  -0.369522
0.15625  -0.333121
0.0625  -0.469328
0.125  -0.306992
0  -0.321136
0.15625  -0.485184
0.15625  -0.382884
0.3125  -0.480766
0.09375  -0.633544
-0.09375  -0.3693
-0.125  -0.433395
0.09375  -0.464919
0.03125  -0.486666
0  -0.517676
0.28125  -0.316939
0.0625  -0.51302
-0.03125  -0.463429
0.03125  -0.384198
0.15625  -0.39626
0  -0.445951
0.21875  -0.553976
-0.125  -0.456167
-0.0625  -0.470536
0.1875  -0.367737
-0.03125  -0.341289
0.21875  -0.561771
-0.125  -0.392529
-0.0625  -0.519727
-0.09375  -0.500089
-0.03125  -0.480883
0.03125  -0.328969
-0.0625  -0.463956
-0.21875  -0.681139
-0.09375  -0.46358
0.0625  -0.66243
0.125  -0.452612
0.125  -0.437018
0  -0.484824
0.0625  -0.352778
0.0625  -0.512439
0.09375  -0.383967
0.03125  -0.52309
0  -0.504013
0  -0.392417
0.03125  -0.462876
0.1875  -0.552119
0.0625  -0.480019
0  -0.487971
0  -0.485866
0  -0.173993
0.09375  -0.456386
0.3125  -0.312379
-0.1875  -0.252606
-0.125  -0.576956
0.03125  -0.244546
-0.09375  -0.559292
0.15625  -0.314051
-0.15625  -0.476088
-0.03125  -0.42016
-0.03125  -0.271702
0  -0.576277
-0.25  -0.468364
0  -0.417521
0  -0.337215
-0.0625  -0.296134
0.125  -0.409635
0.0625  -0.390303
0.21875  -0.359078
-0.0625  -0.347924
0.0625  -0.364973
-0.09375  -0.478608
0.21875  -0.438206
0.1875  -0.461173
0.03125  -0.397481
0.09375  -0.275304
0.09375  -0.447132
-0.09375  -0.338057
0.0625  -0.706046
-0.0625  -0.47958
0.09375  -0.447464
-0.03125  -0.506821
0.15625  -0.546629
0.125  -0.352987
-0.09375  -0.28945
-0.21875  -0.328511
0  -0.355621
0.15625  -0.355341
-0.0625  -0.500524
-0.125  -0.404354
-0.125  -0.416682
-0.21875  -0.432379
-0.0625  -0.348811
0.03125  -0.336796
0  -0.457928
0.25  -0.347793
0.25  -0.55254
0.15625  -0.541579
0.09375  -0.283169
0.03125  -0.420413
0.25  -0.493418
0.09375  -0.603749
-0.125  -0.238526
-0.09375  -0.52419
-0.125  -0.230984
0  -0.509959
-0.125  -0.443144
0.1875  -0.494791
-0.0625  -0.444194
-0.03125  -0.553378
-0.1875  -0.60962
0.1875  -0.394724
-0.03125  -0.429981
0.0625  -0.355195
-0.0625  -0.301579
0.0625  -0.558666
-0.125  -0.294868
-0.34375  -0.303056
0  -0.405807
0.21875  -0.518755
0.03125  -0.376633
-0.15625  -0.2876
-0.09375  -0.353859
0.03125  -0.280483
0.25  -0.467241
-0.125  -0.415617
0.0625  -0.430012
0  -0.289647
0  -0.420382
-0.0625  -0.503863
-0.1875  -0.444434
0.0625  -0.456879
-0.03125  -0.32186
-0.03125  -0.264705
-0.03125  -0.548188
-0.28125  -0.568253
-0.21875  -0.510624
0.09375  -0.467527
0.03125  -0.514885
-0.15625  -0.423211
0.15625  -0.34403
-0.09375  -0.431045
0.15625  -0.314847
0.125  -0.610896
-0.1875  -0.476471
-0.25  -0.22062
-0.09375  -0.503214
0.0625  -0.478346
-0.34375  -0.344064
0.0625  -0.506655
0.09375  -0.554772
-0.0625  -0.452446
-0.0625  -0.588426
-0.15625  -0.364528
0.1875  -0.551583
0  -0.438477
0.09375  -0.425728
0  -0.488835
-0.125  -0.480553
0.0625  -0.533534
-0.0625  -0.486867
-0.09375  -0.515607
0.09375  -0.297811
-0.28125  -0.244945
0.09375  -0.483657
0.0625  -0.424562
-0.0625  -0.534294
-0.09375  -0.531681
0.0625  -0.439185
-0.25  -0.44548
0.28125  -0.203633
0  -0.31318
0  -0.437942
0.0625  -0.646642
0  -0.391634
0.09375  -0.386481
0.0625  -0.483131
0.15625  -0.378207
-0.125  -0.32369
-0.0625  -0.37945
0.09375  -0.394802
0.3125  -0.343424
-0.15625  -0.398695
-0.0625  -0.379614
0  -0.456998
0.0625  -0.294196
0.125  -0.499922
0.125  -0.351049
0.0625  -0.504362
-0.125  -0.500584
-0.21875  -0.564818
-0.15625  -0.389272
0  -0.342509
0.1875  -0.0943989
-0.125  -0.654538
-0.09375  -0.465302
0  -0.352663
0  -0.388877
0  -0.202591
-0.09375  -0.437435
0.03125  -0.615801
0  -0.472534
-0.15625  -0.374532
-0.03125  -0.349616
-0.0625  -0.383564
-0.1875  -0.444002
-0.03125  -0.479749
0  -0.345326
0.0625  -0.489686
0.0625  -0.401808
-0.03125  -0.429366
0.125  -0.618324
-0.125  -0.564165
0.0625  -0.544391
0  -0.45003
-0.1875  -0.466125
0.0625  -0.640153
-0.0625  -0.447553
0.03125  -0.441677
-0.15625  -0.217136
0  -0.468246
-0.15625  -0.547899
0.21875  -0.533755
-0.1875  -0.488674
0.03125  -0.436511
0  -0.441519
0.03125  -0.541105
0.09375  -0.460506
-0.1875  -0.429973
0.09375  -0.340312
0.28125  -0.605026
0.125  -0.343881
0.25  -0.389578
-0.0625  -0.605097
-0.09375  -0.373097
0  -0.405252
0.09375  -0.536452
0.0625  -0.620328
0.09375  -0.339411
-0.09375  -0.339298
-0.09375  -0.527668
0.15625  -0.506638
-0.03125  -0.443075
-0.03125  -0.408924
0.0625  -0.394064
0.15625  -0.438502
0.09375  -0.545151
0  -0.495765
0.125  -0.601483
-0.15625  -0.583858
0.0625  -0.54475
0.09375  -0.193955
-0.21875  -0.506638
-0.0625  -0.44919
-0.0625  -0.192199
-0.15625  -0.301326
-0.15625  -0.355797
0.15625  -0.446993
0  -0.628321
-0.03125  -0.325165
-0.09375  -0.457679
-0.09375  -0.350162
0.25  -0.355344
-0.15625  -0.636478
0.0625  -0.614511
-0.21875  -0.393969
0.0625  -0.628565
0.03125  -0.546535
0.125  -0.522749
0.15625  -0.588873
0.09375  -0.383103
0.125  -0.323698
-0.03125  -0.260164
0.0625  -0.372339
0.21875  -0.6128
-0.03125  -0.426161
-0.0625  -0.211503
0.15625  -0.441153
-0.03125  -0.544129
-0.03125  -0.343213
-0.0625  -0.442734
-0.0625  -0.588271
0.0625  -0.538176
0  -0.411396
0.15625  -0.386101
0.125  -0.203707
0.0625  -0.387839
-0.09375  -0.45653
0.0625  -0.469108
-0.21875  -0.38579
0.03125  -0.435526
-0.09375  -0.369346
0.03125  -0.195229
0  -0.573496
0.0625  -0.324309
0.09375  -0.591859
0.125  -0.500181
-0.03125  -0.437819
-0.125  -0.511284
0.03125  -0.477713
-0.21875  -0.403607
0.125  -0.440109
0  -0.324615
0.0625  -0.388668
-0.1875  -0.465883
0.0625  -0.516993
-0.09375  -0.573181
0.03125  -0.699068
0.09375  -0.40814
-0.21875  -0.358487
0  -0.586867
0.125  -0.51337
0.0625  -0.452363
0.125  -0.436002
-0.09375  -0.467815
0.03125  -0.423012
-0.125  -0.27259
0.03125  -0.498347
0.125  -0.265624
0.09375  -0.386042
0  -0.491059
-0.09375  -0.528061
-0.0625  -0.431094
0  -0.393946
0.125  -0.496832
-0.25  -0.292579
-0.09375  -0.467476
0.09375  -0.546785
0.0625  -0.442918
-0.0625  -0.282726
-0.09375  -0.445093
0  -0.360732
-0.0625  -0.553255
-0.09375  -0.64058
0.0625  -0.442589
0  -0.33284
-0.125  -0.604205
-0.0625  -0.504854
0.1875  -0.497479
0.15625  -0.502506
-0.1875  -0.281815
0.09375  -0.439559
-0.15625  -0.392406
0.0625  -0.372015
-0.15625  -0.425187
0.0625  -0.503592
-0.09375  -0.640957
-0.1875  -0.561395
0.25  -0.509302
-0.03125  -0.353489
0.03125  -0.419042
0.15625  -0.642877
0.125  -0.551013
-0.1875  -0.50952
0.03125  -0.585094
0.09375  -0.55195
-0.125  -0.569929
-0.09375  -0.421685
-0.0625  -0.421072
-0.15625  -0.387539
0.09375  -0.323344
0.03125  -0.664411
-0.0625  -0.686372
0.15625  -0.597706
0.1875  -0.522721
0  -0.5418
0.03125  -0.456486
0  -0.518311
-0.125  -0.586905
-0.09375  -0.497733
0.03125  -0.604931
0.1875  -0.452714
0.03125  -0.388957
0.125  -0.353289
-0.125  -0.452264
0.09375  -0.333173
0.09375  -0.306149
0.125  -0.526132
-0.15625  -0.351981
-0.0625  -0.492465
0.125  -0.361597
0.125  -0.22219
-0.125  -0.497945
-0.125  -0.34432
-0.25  -0.325259
-0.15625  -0.432155
-0.21875  -0.462096
0.125  -0.397569
0.0625  -0.502255
0.09375  -0.540141
0.03125  -0.310818
0.125  -0.646364
0  -0.416649
-0.125  -0.306231
-0.0625  -0.572944
0.03125  -0.525581
-0.15625  -0.620836
-0.28125  -0.528751
0.1875  -0.258387
0.0625  -0.360576
0.0625  -0.551927
-0.09375  -0.504692
0.3125  -0.357086
0.09375  -0.463333
0.125  -0.39403
0.09375  -0.600166
0.0625  -0.455373
-0.09375  -0.296552
0.09375  -0.522197
0.09375  -0.562342
-0.25  -0.374824
-0.15625  -0.352042
0.0625  -0.362423
0.03125  -0.474995
0.1875  -0.54565
0  -0.30935
-0.125  -0.397068
0.125  -0.280986
0  -0.566658
0.125  -0.411744
0  -0.575211
0  -0.350425
-0.3125  -0.54107
-0.0625  -0.129466
-0.125  -0.456264
-0.125  -0.480858
-0.125  -0.305487
-0.15625  -0.628858
0.09375  -0.439054
-0.0625  -0.272135
-0.03125  -0.294019
0.03125  -0.471337
-0.0625  -0.473176
-0.125  -0.339812
0.21875  -0.475573
-0.09375  -0.406526
0.0625  -0.337352
0.1875  -0.488516
0.21875  -0.572193
-0.125  -0.420676
0  -0.472997
-0.21875  -0.295647
-0.15625  -0.639042
-0.125  -0.428102
0.125  -0.330548
0  -0.510097
-0.09375  -0.225442
0.125  -0.4998
0.125  -0.495566
-0.0625  -0.616009
-0.21875  -0.564791
-0.125  -0.340977
0.1875  -0.328401
0  -0.639196
0.25  -0.466936
-0.03125  -0.171273
0.09375  -0.474066
-0.1875  -0.357125
-0.1875  -0.567761
-0.03125  -0.613174
0.03125  -0.433786
-0.03125  -0.176045
-0.09375  -0.310166
-0.0625  -0.402149
-0.0625  -0.401006
0.125  -0.36578
-0.1875  -0.42079
-0.03125  -0.284215
0.0625  -0.501504
0  -0.403117
0.0625  -0.658576
0.1875  -0.425704
0.03125  -0.570059
-0.03125  -0.419436
0.09375  -0.440149
0.125  -0.359359
0.0625  -0.22268
0.0625  -0.459784
0.03125  -0.416665
0.0625  -0.639443
0  -0.565697
-0.125  -0.387755
-0.03125  -0.367371
0  -0.318097
-0.09375  -0.504905
0.125  -0.412843
-0.21875  -0.315346
-0.0625  -0.478723
0.21875  -0.487805
-0.03125  -0.428823
0.15625  -0.478461
-0.0625  -0.46878
-0.03125  -0.390027
0.15625  -0.478767
-0.15625  -0.371542
0.03125  -0.406894
0  -0.166131
0.03125  -0.559743
-0.0625  -0.456247
0  -0.261325
0.09375  -0.292796
0.0625  -0.52928
-0.03125  -0.516953
-0.0625  -0.39077
0.03125  -0.684357
0.15625  -0.55044
-0.0625  -0.457136
-0.15625  -0.643964
0.0625  -0.710024
0.125  -0.280966
-0.0625  -0.303274
0.0625  -0.380244
-0.0625  -0.48522
-0.09375  -0.512073
0.0625  -0.581999
0.09375  -0.331764
-0.09375  -0.447415
0.09375  -0.451626
0.09375  -0.440493
-0.0625  -0.598603
0.09375  -0.470811
0  -0.520433
0.03125  -0.329126
-0.09375  -0.168391
-0.125  -0.301243
-0.125  -0.454831
-0.0625  -0.649299
0.15625  -0.433097
0.0625  -0.402656
0.21875  -0.676342
0.125  -0.389856
-0.15625  -0.481144
0.1875  -0.510532
-0.0625  -0.678274
-0.09375  -0.373677
-0.125  -0.503034
0.09375  -0.289904
-0.03125  -0.525511
-0.125  -0.474729
0.09375  -0.53366
0.125  -0.718676
-0.03125  -0.289132
0.03125  -0.574795
-0.0625  -0.446882
-0.15625  -0.40356
-0.40625  -0.564743
0.1875  -0.394357
0.0625  -0.29801
-0.09375  -0.356265
0.09375  -0.354229
-0.09375  -0.264348
-0.25  -0.419803
-0.0625  -0.527908
0.15625  -0.279843
0.15625  -0.526385
0.03125  -0.483792
-0.21875  -0.372898
-0.15625  -0.430927
0.03125  -0.609222
-0.15625  -0.319135
-0.21875  -0.48642
0.03125  -0.574541
-0.25  -0.227289
-0.1875  -0.458592
-0.21875  -0.540043
0  -0.378496
0.0625  -0.531394
-0.21875  -0.506703
-0.0625  -0.401743
-0.09375  -0.311343
-0.125  -0.466184
-0.09375  -0.298441
0.0625  -0.491288
0.15625  -0.491156
0.03125  -0.360209
-0.1875  -0.468784
0.09375  -0.412395
0.15625  -0.565085
-0.3125  -0.479492
0.03125  -0.52237
-0.125  -0.419223
0.3125  -0.507942
0.03125  -0.536278
0.125  -0.583085
-0.09375  -0.43006
0.09375  -0.335703
-0.0625  -0.148757
0.09375  -0.225725
-0.03125  -0.49421
-0.1875  -0.528158
-0.0625  -0.345253
0.09375  -0.356442
0.1875  -0.213935
0.09375  -0.2411
-0.03125  -0.359215
0.03125  -0.407388
0.03125  -0.44549
-0.1875  -0.334349
-0.125  -0.358619
-0.03125  -0.463944
0  -0.523846
-0.125  -0.498843
-0.3125  -0.48502
0  -0.17049
0.09375  -0.349128
-0.0625  -0.266736
0.03125  -0.370184
-0.40625  -0.394613
-0.21875  -0.611053
0.09375  -0.40046
0  -0.553807
0.0625  -0.553405
0.125  -0.383215
0.0625  -0.315901
0.1875  -0.375577
-0.0625  -0.576711
-0.25  -0.450157
-0.09375  -0.37607
-0.03125  -0.489325
0.03125  -0.360854
0.03125  -0.439155
0.03125  -0.306879
-0.125  -0.392823
-0.09375  -0.39414
0.09375  -0.428845
-0.03125  -0.614236
0.03125  -0.424523
0.125  -0.187577
-0.125  -0.533553
-0.09375  -0.440286
0  -0.464241
-0.25  -0.525022
0.09375  -0.369871
-0.15625  -0.451981
0.03125  -0.373372
-0.125  -0.36152
-0.125  -0.339823
0.21875  -0.525492
-0.03125  -0.394044
0  -0.368289
0.125  -0.370849
0  -0.48963
0.15625  -0.271609
0.0625  -0.503753
0.09375  -0.622244
0  -0.587496
0  -0.238069
-0.21875  -0.472795
0.0625  -0.469346
-0.125  -0.544964
0.3125  -0.464703
-0.0625  -0.330278
-0.09375  -0.25968
-0.09375  -0.358243
0.0625  -0.421956
0.0625  -0.603612
0.09375  -0.420156
0  -0.40476
0.03125  -0.397176
0.09375  -0.632885
-0.09375  -0.171579
0  -0.524603
-0.03125  -0.543833
0.09375  -0.563165
0.03125  -0.477585
-0.15625  -0.472633
0.21875  -0.465489
0.125  -0.331968
0.15625  -0.492603
0.0625  -0.611422
0.125  -0.541378
-0.03125  -0.38187
-0.125  -0.42652
-0.03125  -0.350192
0.125  -0.350145
-0.03125  -0.650026
-0.125  -0.437479
0.15625  -0.499569
0.28125  -0.402985
0.03125  -0.687345
0.15625  -0.335262
0.09375  -0.620302
0  -0.383032
-0.1875  -0.406879
-0.03125  -0.522063
-0.125  -0.465356
-0.0625  -0.532209
0.21875  -0.442093
0  -0.522404
-0.15625  -0.551419
0.0625  -0.396134
-0.15625  -0.416879
0.125  -0.425029
-0.03125  -0.396007
0.0625  -0.492097
0.09375  -0.380304
-0.1875  -0.448912
-0.1875  -0.516992
0.125  -0.214699
0  -0.543228
-0.03125  -0.475606
0.03125  -0.429514
0.0625  -0.522964
-0.125  -0.509552
-0.125  -0.473507
0.09375  -0.354865
0.03125  -0.500274
0.03125  -0.613776
-0.03125  -0.245635
0.03125  -0.395971
-0.03125  -0.391919
0.0625  -0.351225
0  -0.404232
-0.0625  -0.450211
0.125  -0.493695
-0.15625  -0.326091
0.0625  -0.671194
0.0625  -0.242089
0  -0.466256
-0.15625  -0.431853
-0.0625  -0.257689
0.03125  -0.416044
0.09375  -0.419091
0.09375  -0.619323
0  -0.420275
0.0625  -0.333478
-0.1875  -0.403116
0.03125  -0.455481
-0.0625  -0.556735
-0.09375  -0.623124
0.125  -0.475966
0.09375  -0.520511
-0.03125  -0.452212
0.15625  -0.376999
0  -0.366885
-0.09375  -0.704067
-0.09375  -0.374653
0  -0.36375
-0.09375  -0.574922
0  -0.478283
-0.03125  -0.418563
0.09375  -0.553424
0  -0.38499
0.0625  -0.288776
-0.15625  -0.289135
-0.0625  -0.468468
-0.03125  -0.331678
-0.03125  -0.381776
-0.125  -0.46473
0.03125  -0.275709
0.1875  -0.295379
0  -0.39391
0  -0.540059
-0.03125  -0.429372
0  -0.420038
0.09375  -0.585704
-0.09375  -0.423517
-0.09375  -0.269999
0.09375  -0.345712
0.1875  -0.485287
0.09375  -0.481044
-0.09375  -0.492222
0.0625  -0.392869
0.1875  -0.339559
0.15625  -0.551565
0.0625  -0.301316
0.09375  -0.531563
-0.09375  -0.323951
0  -0.543628
-0.15625  -0.20535
0.09375  -0.467751
0  -0.232465
0  -0.460803
-0.03125  -0.439358
0  -0.436215
0.15625  -0.263336
0.09375  -0.225761
0.03125  -0.30307
0  -0.626762
-0.03125  -0.263938
-0.03125  -0.507751
-0.125  -0.583646
0  -0.490219
-0.125  -0.620115
0.03125  -0.356888
-0.09375  -0.313196
-0.09375  -0.414194
-0.1875  -0.556336
0.28125  -0.439274
0.03125  -0.486849
-0.03125  -0.401242
0.03125  -0.601629
-0.09375  -0.584329
0.0625  -0.226027
-0.125  -0.532506
-0.125  -0.472677
0  -0.694653
-0.03125  -0.462451
-0.03125  -0.365592
0.25  -0.273164
-0.125  -0.42481
-0.15625  -0.582598
0.25  -0.474059
0.03125  -0.585983
0.09375  -0.541409
0.03125  -0.440193
0.03125  -0.371142
0.0625  -0.277306
0.1875  -0.526773
-0.15625  -0.269358
-0.1875  -0.527523
-0.0625  -0.370458
0  -0.357856
0.03125  -0.249135
0  -0.432551
0.1875  -0.502945
-0.03125  -0.44126
-0.15625  -0.551698
-0.03125  -0.277284
0.15625  -0.2777
-0.03125  -0.388405
0.03125  -0.280727
0.21875  -0.582246
-0.0625  -0.371189
-0.1875  -0.38888
-0.03125  -0.382696
0  -0.468271
0.15625  -0.467034
0.09375  -0.654576
-0.125  -0.53095
0  -0.467362
-0.03125  -0.376659
-0.1875  -0.518716
0.03125  -0.410337
0  -0.421647
0.09375  -0.506453
0.0625  -0.277689
-0.03125  -0.417022
-0.0625  -0.32454
-0.0625  -0.251961
-0.09375  -0.530081
0.09375  -0.503128
0.125  -0.46392
-0.03125  -0.483875
0.1875  -0.601001
0  -0.396574
0.0625  -0.422381
0.15625  -0.430287
-0.03125  -0.436466
-0.1875  -0.300266
0.03125  -0.51514
0.03125  -0.372557
0.09375  -0.481019
0.1875  -0.542533
0.21875  -0.423381
-0.03125  -0.422894
0.03125  -0.610775
0.25  -0.47239
0.03125  -0.438777
0.125  -0.47138
-0.15625  -0.451009
0.0625  -0.350506
0.09375  -0.361845
-0.0625  -0.44005
0.15625  -0.487849
0.28125  -0.32512
0.03125  -0.550886
-0.03125  -0.49389
0.21875  -0.436258
0  -0.400299
-0.0625  -0.345304
-0.125  -0.3134
0.0625  -0.397509
-0.15625  -0.488284
0  -0.369507
0.0625  -0.321727
-0.03125  -0.0961237
-0.1875  -0.596745
-0.09375  -0.407363
-0.09375  -0.458613
-0.03125  -0.534664
0.1875  -0.27231
-0.125  -0.413308
0.09375  -0.360201
0.0625  -0.508618
0.125  -0.426471
0.09375  -0.24338
0.09375  -0.507764
0.03125  -0.497037
0.15625  -0.373887
0  -0.402177
0.03125  -0.420062
0.03125  -0.486072
-0.03125  -0.469923
0.125  -0.512732
-0.09375  -0.461203
0.03125  -0.59445
0  -0.383682
0.21875  -0.317832
-0.09375  -0.61494
-0.09375  -0.56032
-0.125  -0.441811
-0.03125  -0.436909
0.03125  -0.470896
0.0625  -0.396388
-0.09375  -0.439229
0  -0.370349
-0.03125  -0.339504
-0.03125  -0.381092
0.09375  -0.437787
0.0625  -0.378261
0.0625  -0.456931
0.1875  -0.505427
-0.09375  -0.512275
0.15625  -0.494168
-0.09375  -0.54888
-0.0625  -0.558564
-0.03125  -0.454578
0.03125  -0.432493
-0.21875  -0.274918
0  -0.596868
0.25  -0.642808
-0.0625  -0.343535
-0.03125  -0.363795
0.09375  -0.649527
-0.0625  -0.475051
0  -0.315165
-0.125  -0.429461
-0.21875  -0.545662
-0.03125  -0.734919
-0.03125  -0.447271
-0.0625  -0.233651
-0.0625  -0.24817
-0.03125  -0.601515
-0.125  -0.325787
-0.03125  -0.454403
0  -0.556822
0.0625  -0.488611
-0.09375  -0.424732
0.03125  -0.288713
-0.09375  -0.60659
0.21875  -0.511014
-0.03125  -0.439247
0.0625  -0.25575
0.03125  -0.425955
-0.03125  -0.493762
-0.09375  -0.357893
-0.15625  -0.403007
0.15625  -0.495573
0  -0.39803
0.09375  -0.338908
0.21875  -0.528955
0.0625  -0.414677
0.09375  -0.543813
0.03125  -0.463573
0  -0.440186
-0.15625  -0.448066
0  -0.519927
-0.15625  -0.503686
0.09375  -0.44087
-0.15625  -0.493851
-0.21875  -0.471596
-0.09375  -0.37129
-0.03125  -0.488736
-0.09375  -0.437018
-0.09375  -0.349935
0.03125  -0.310194
0.03125  -0.496483
0.03125  -0.414749
0.25  -0.497593
-0.03125  -0.342759
0  -0.444076
0.375  -0.414664
-0.09375  -0.582395
-0.15625  -0.269582
0.0625  -0.469682
-0.125  -0.48176
0.09375  -0.327191
-0.03125  -0.495981
0  -0.436994
0.03125  -0.540158
0.09375  -0.522454
-0.15625  -0.58212
-0.1875  -0.455283
-0.21875  -0.290061
-0.09375  -0.175958
0.0625  -0.525801
-0.4375  -0.428537
-0.0625  -0.416881
-0.0625  -0.700388
-0.125  -0.455587
0.09375  -0.218032
0.09375  -0.41057
0.1875  -0.540798
-0.0625  -0.48109
-0.21875  -0.543745
0.25  -0.600983
-0.09375  -0.522105
0.125  -0.395733
-0.125  -0.350938
0.09375  -0.514015
-0.125  -0.5584
-0.03125  -0.431769
-0.03125  -0.447931
0.03125  -0.415767
0.03125  -0.41904
-0.15625  -0.449863
0.0625  -0.427556
0.21875  -0.352605
0.09375  -0.36273
0.125  -0.380109
0.03125  -0.500381
0.09375  -0.576257
-0.125  -0.457992
0.1875  -0.517615
0.09375  -0.406472
-0.125  -0.539702
-0.125  -0.461039
0.21875  -0.404737
-0.0625  -0.421082
0.03125  -0.482298
-0.28125  -0.585279
-0.15625  -0.476974
0.1875  -0.434815
0.125  -0.537406
-0.03125  -0.408102
-0.125  -0.403699
0.09375  -0.475217
-0.1875  -0.382973
0.09375  -0.618414
-0.1875  -0.452737
-0.0625  -0.447987
0  -0.323248
-0.0625  -0.237963
-0.1875  -0.340111
-0.1875  -0.624769
-0.03125  -0.482775
-0.03125  -0.409622
-0.1875  -0.613262
0.09375  -0.358612
0.09375  -0.499706
-0.09375  -0.389527
0.125  -0.482541
-0.125  -0.42926
-0.125  -0.399
0.0625  -0.330112
0.25  -0.386314
0.03125  -0.308219
-0.0625  -0.327383
0.09375  -0.404096
-0.0625  -0.369399
0.09375  -0.479165
0.09375  -0.491916
0.125  -0.42146
0.0625  -0.441529
-0.125  -0.517739
-0.03125  -0.365502
0.125  -0.452566
0.09375  -0.456252
0.09375  -0.521876
-0.03125  -0.220757
0.15625  -0.456415
0.21875  -0.362763
-0.09375  -0.414454
-0.0625  -0.408156
0.0625  -0.285797
-0.03125  -0.421794
-0.09375  -0.447015
0.125  -0.403527
-0.25  -0.523968
-0.15625  -0.465485
0.0625  -0.558788
0.15625  -0.260701
0.03125  -0.353004
0.1875  -0.602411
0.125  -0.299978
-0.28125  -0.48004
-0.125  -0.505547
0.0625  -0.368465
-0.125  -0.436842
0.0625  -0.424268
0.03125  -0.397192
0.25  -0.379626
-0.1875  -0.552708
0.125  -0.613741
-0.09375  -0.459141
0.1875  -0.536148
0.21875  -0.560308
-0.125  -0.418468
-0.09375  -0.392186
-0.1875  -0.284073
0.1875  -0.276834
-0.0625  -0.575132
-0.125  -0.383481
-0.03125  -0.529986
0.09375  -0.551592
0.0625  -0.549573
0.09375  -0.388743
-0.1875  -0.484754
-0.03125  -0.572289
0.03125  -0.423349
-0.09375  -0.455522
0.03125  -0.252953
-0.09375  -0.647759
0.09375  -0.399235
0  -0.427699
0.09375  -0.475114
0.09375  -0.365621
-0.1875  -0.310247
0.09375  -0.467018
0.1875  -0.416266
-0.1875  -0.272136
-0.1875  -0.433071
0.125  -0.439552
0.03125  -0.455322
-0.34375  -0.558147
0.15625  -0.356013
0.125  -0.274639
0.03125  -0.411915
0.1875  -0.591925
-0.03125  -0.360116
-0.09375  -0.378138
0  -0.458783
0.0625  -0.336196
0.25  -0.65926
-0.125  -0.261034
-0.1875  -0.576954
-0.25  -0.478439
-0.09375  -0.514879
-0.0625  -0.489735
-0.0625  -0.407365
-0.15625  -0.45829
0  -0.600219
0.0625  -0.462066
0.09375  -0.494844
0.03125  -0.263608
0.125  -0.330167
-0.09375  -0.376789
0.125  -0.358104
0  -0.501313
0.15625  -0.518948
0.09375  -0.382406
0.09375  -0.550022
-0.0625  -0.328385
-0.21875  -0.366779
0.15625  -0.481092
0.125  -0.454116
-0.09375  -0.37678
-0.03125  -0.437061
0.03125  -0.467538
0.03125  -0.440336
-0.0625  -0.471274
0.21875  -0.57644
0.03125  -0.386683
0.09375  -0.266111
0.0625  -0.477179
-0.125  -0.487534
-0.09375  -0.587498
-0.03125  -0.516242
0.25  -0.603218
0.1875  -0.334552
-0.28125  -0.404889
-0.21875  -0.441773
-0.03125  -0.620693
-0.15625  -0.356205
-0.125  -0.319879
-0.125  -0.41668
-0.03125  -0.425003
0.09375  -0.576302
0  -0.41392
0.09375  -0.463464
-0.15625  -0.605723
0.34375  -0.350092
0.125  -0.206371
-0.09375  -0.588716
0  -0.369868
-0.03125  -0.448001
0.03125  -0.422224
-0.09375  -0.347621
-0.125  -0.519453
0.1875  -0.380357
-0.03125  -0.396131
-0.09375  -0.304276
-0.03125  -0.251094
0.34375  -0.441602
-0.03125  -0.489155
-0.0625  -0.574313
-0.1875  -0.444442
-0.1875  -0.513927
0.09375  -0.529855
-0.03125  -0.282269
-0.21875  -0.307626
-0.09375  -0.275446
-0.03125  -0.350826
-0.03125  -0.542252
0  -0.395486
-0.09375  -0.346514
0.15625  -0.456275
0  -0.45287
0.125  -0.287546
0.09375  -0.568639
-0.09375  -0.347944
-0.09375  -0.68323
-0.125  -0.296172
0.15625  -0.329086
-0.125  -0.461389
-0.34375  -0.555725
0.03125  -0.603315
-0.25  -0.493444
0.25  -0.548555
0.125  -0.579273
-0.03125  -0.281842
-0.09375  -0.369227
0  -0.547898
-0.15625  -0.454227
-0.09375  -0.33986
0  -0.336736
-0.125  -0.538124
-0.09375  -0.312148
0  -0.326555
0.15625  -0.351429
0.15625  -0.460362
-0.03125  -0.266548
-0.09375  -0.348497
0.21875  -0.487981
0.125  -0.512046
-0.15625  -0.369538
-0.1875  -0.34646
-0.0625  -0.567612
0.28125  -0.515716
0.34375  -0.490953
-0.125  -0.411349
0.125  -0.492401
-0.40625  -0.463189
0.03125  -0.484741
0.15625  -0.33551
0.03125  -0.505126
0  -0.44485
0.09375  -0.464386
-0.0625  -0.388319
-0.0625  -0.412795
0.1875  -0.524562
-0.0625  -0.40248
-0.125  -0.348521
0.15625  -0.534777
0.09375  -0.307798
-0.03125  -0.548749
-0.125  -0.501467
0  -0.437705
-0.125  -0.557328
-0.1875  -0.556031
-0.03125  -0.390998
0.0625  -0.451025
-0.09375  -0.120116
0  -0.586285
-0.03125  -0.490986
-0.09375  -0.391095
-0.1875  -0.241066
0.03125  -0.439203
-0.125  -0.546558
0.21875  -0.486184
0  -0.467347
-0.1875  -0.361533
0.21875  -0.319259
0.0625  -0.393915
-0.03125  -0.32005
-0.09375  -0.368751
0.1875  -0.40497
0.15625  -0.55699
0.0625  -0.564482
0  -0.178847
0.0625  -0.333145
-0.125  -0.589517
0.03125  -0.391554
0  -0.542232
-0.125  -0.432222
0.0625  -0.439865
-0.09375  -0.529364
0.15625  -0.462372
0.21875  -0.580995
0.21875  -0.428527
0  -0.302444
0.03125  -0.345333
0  -0.385057
0.375  -0.382452
0.03125  -0.212097
-0.0625  -0.417923
-0.09375  -0.461997
0  -0.489811
-0.1875  -0.425682
0.15625  -0.444623
0.09375  -0.650248
-0.09375  -0.464774
0.0625  -0.564828
0  -0.414208
-0.1875  -0.514307
-0.03125  -0.371674
0.03125  -0.441646
0.125  -0.593131
0.09375  -0.371176
-0.15625  -0.31212
0  -0.457099
0.21875  -0.477609
-0.03125  -0.502984
0  -0.41914
-0.03125  -0.581872
-0.125  -0.595093
0  -0.330562
0.1875  -0.500133
-0.125  -0.317816
0.09375  -0.245858
0.03125  -0.346553
0  -0.360854
0.0625  -0.525596
0.1875  -0.459665
0.125  -0.567963
0.15625  -0.565627
0.125  -0.274805
-0.03125  -0.556308
-0.25  -0.679978
0.0625  -0.217264
-0.28125  -0.488064
0.34375  -0.367175
-0.03125  -0.344532
0.0625  -0.358698
-0.09375  -0.46513
0.1875  -0.274282
0  -0.464494
-0.09375  -0.352579
0.0625  -0.256379
-0.09375  -0.37506
0.03125  -0.440368
-0.09375  -0.42851
0.125  -0.393025
0.1875  -0.67421
-0.09375  -0.596785
-0.125  -0.43952
0.125  -0.472096
-0.03125  -0.591943
-0.1875  -0.494442
-0.15625  -0.554592
-0.15625  -0.567821
0  -0.541662
0.09375  -0.496116
-0.15625  -0.378633
0.28125  -0.390536
-0.09375  -0.409708
0.0625  -0.439328
0.1875  -0.405846
-0.09375  -0.473817
0.03125  -0.331768
-0.0625  -0.152639
-0.25  -0.441921
0.0625  -0.532906
0.21875  -0.488439
0.125  -0.439768
0  -0.493812
0.125  -0.723099
0  -0.258994
-0.0625  -0.423655
-0.0625  -0.583092
-0.0625  -0.291654
-0.125  -0.437326
0.21875  -0.536737
-0.03125  -0.648421
-0.25  -0.59716
-0.09375  -0.572904
-0.34375  -0.337247
0.0625  -0.424498
0.03125  -0.465686
-0.09375  -0.38888
0.21875  -0.650258
-0.03125  -0.494076
0.03125  -0.597525
-0.09375  -0.485366
-0.15625  -0.499638
0.15625  -0.618165
-0.03125  -0.45687
-0.0625  -0.360245
0  -0.291335
0  -0.653289
0.03125  -0.436586
-0.21875  -0.328465
-0.125  -0.449188
0.15625  -0.435004
-0.15625  -0.54079
-0.03125  -0.326521
-0.03125  -0.28297
0.1875  -0.210104
0.15625  -0.515116
0.15625  -0.46932
-0.1875  -0.517283
0.03125  -0.601195
0.09375  -0.544918
-0.1875  -0.407526
0.3125  -0.328304
-0.15625  -0.169069
-0.03125  -0.43209
0.125  -0.499511
0  -0.363157
0.125  -0.29265
0.03125  -0.265215
0.15625  -0.342328
-0.09375  -0.494066
0  -0.379865
-0.21875  -0.407039
-0.125  -0.600147
-0.09375  -0.588697
0  -0.490357
0.15625  -0.463022
0.15625  -0.592804
-0.125  -0.461181
0.0625  -0.403798
0.0625  -0.358906
-0.1875  -0.535659
-0.09375  -0.282684
0.09375  -0.474122
0.1875  -0.551516
0.21875  -0.539701
-0.125  -0.404106
-0.03125  -0.52559
-0.0625  -0.613122
-0.09375  -0.580919
-0.28125  -0.516479
-0.09375  -0.524987
0.09375  -0.410232
0.03125  -0.534646
0.0625  -0.681272
0.09375  -0.498889
0.09375  -0.575014
0  -0.233821
0.03125  -0.503349
0.0625  -0.449435
0.1875  -0.488212
0.15625  -0.469427
0.09375  -0.151917
-0.125  -0.483499
-0.0625  -0.565394
0.03125  -0.627723
-0.0625  -0.332688
-0.09375  -0.326834
0.0625  -0.494023
-0.25  -0.384844
-0.03125  -0.557492
-0.125  -0.349129
0.03125  -0.36335
-0.03125  -0.539498
0.0625  -0.482247
-0.09375  -0.534462
0.0625  -0.381048
0.09375  -0.478878
-0.0625  -0.513615
0.25  -0.471197
0.0625  -0.441653
0.09375  -0.310878
0.09375  -0.268661
0.03125  -0.162049
0  -0.319735
0.15625  -0.398038
-0.1875  -0.503149
0.125  -0.442001
0  -0.695971
-0.1875  -0.586325
-0.09375  -0.392525
-0.09375  -0.394125
0.125  -0.53076
-0.125  -0.512382
0  -0.219124
0.0625  -0.438287
0  -0.255043
-0.15625  -0.465581
-0.15625  -0.355486
0.1875  -0.326845
0.125  -0.396169
0.15625  -0.546141
0.03125  -0.484221
0.03125  -0.33845
0.03125  -0.601754
-0.21875  -0.463242
0.0625  -0.100356
-0.09375  -0.30394
-0.125  -0.405361
0.25  -0.454855
-0.09375  -0.399452
-0.15625  -0.517539
-0.03125  -0.43678
-0.15625  -0.420048
-0.0625  -0.431929
0  -0.317327
-0.03125  -0.319658
-0.09375  -0.45943
0.125  -0.581917
0.0625  -0.338935
-0.3125  -0.41848
0.15625  -0.307982
-0.0625  -0.34009
0.125  -0.364544
0.03125  -0.415358
-0.0625  -0.420715
0.03125  -0.376134
0.03125  -0.384813
0.0625  -0.393579
0.15625  -0.614218
0  -0.285415
0.15625  -0.325837
0  -0.477196
0.15625  -0.391515
0.03125  -0.561022
-0.15625  -0.475489
-0.1875  -0.463586
-0.0625  -0.462468
0.125  -0.304172
-0.03125  -0.426001
0.1875  -0.303687
-0.28125  -0.359939
-0.03125  -0.312861
0.1875  -0.604777
-0.09375  -0.461257
-0.125  -0.540368
0.09375  -0.329444
0.03125  -0.563424
0.0625  -0.396768
0.03125  -0.425566
-0.03125  -0.214152
-0.0625  -0.576018
0.0625  -0.553188
-0.0625  -0.451002
0.03125  -0.616948
0  -0.518954
-0.125  -0.539927
-0.21875  -0.43193
0  -0.479361
0.21875  -0.0745756
-0.03125  -0.600747
0.09375  -0.181571
0.1875  -0.486533
-0.0625  -0.344991
-0.1875  -0.594183
-0.03125  -0.417137
0.1875  -0.339753
-0.0625  -0.386117
0.0625  -0.344896
-0.25  -0.391754
-0.0625  -0.508951
-0.0625  -0.358591
0.125  -0.499842
0.0625  -0.294292
0.09375  -0.480055
-0.03125  -0.515084
0.03125  -0.395448
0.0625  -0.363398
0.125  -0.281248
0.125  -0.390423
0.03125  -0.487472
-0.0625  -0.477645
0.0625  -0.574047
-0.125  -0.261377
0  -0.224508
-0.125  -0.463852
-0.0625  -0.442292
0.125  -0.489395
0.03125  -0.507446
0  -0.466788
0.125  -0.516511
-0.03125  -0.386543
0.0625  -0.548675
-0.15625  -0.649242
0.03125  -0.442138
-0.03125  -0.312728
0.0625  -0.464405
-0.3125  -0.442867
0.25  -0.423296
-0.1875  -0.23797
-0.0625  -0.337485
-0.15625  -0.396625
-0.1875  -0.589325
0.3125  -0.525264
0  -0.31841
0.03125  -0.39244
-0.03125  -0.395454
-0.15625  -0.515624
-0.125  -0.25835
0  -0.436643
0.03125  -0.623356
-0.1875  -0.455247
0.0625  -0.42104
-0.09375  -0.377311
0.09375  -0.752123
-0.3125  -0.454139
0.0625  -0.422152
0.125  -0.491894
-0.09375  -0.610868
0  -0.492556
0.09375  -0.381534
0.125  -0.44486
-0.09375  -0.375686
-0.09375  -0.527373
-0.25  -0.495616
-0.0625  -0.502898
-0.0625  -0.437912
0.125  -0.426354
-0.0625  -0.613357
0.0625  -0.492372
-0.09375  -0.558021
0.0625  -0.535671
0.0625  -0.423641
0  -0.342194
-0.0625  -0.405311
0.15625  -0.581436
0.34375  -0.555762
-0.0625  -0.281251
-0.0625  -0.470637
-0.03125  -0.662611
-0.03125  -0.44452
0.125  -0.508537
0.125  -0.441956
-0.0625  -0.565582
-0.03125  -0.272494
-0.09375  -0.190747
0.3125  -0.33303
0.21875  -0.560656
-0.03125  -0.69571
0.09375  -0.355003
-0.09375  -0.426043
0.125  -0.502325
0  -0.410375
-0.1875  -0.421688
0.0625  -0.435085
-0.03125  -0.336653
0.21875  -0.437788
0.03125  -0.497808
-0.09375  -0.3356
0.03125  -0.445028
0.15625  -0.40551
-0.03125  -0.355506
-0.03125  -0.470225
0  -0.606585
0  -0.30311
-0.03125  -0.420434
0.15625  -0.414579
0.21875  -0.178142
0.03125  -0.471311
-0.03125  -0.536323
0  -0.438419
0.125  -0.322692
0.15625  -0.245452
0.09375  -0.45419
-0.09375  -0.520391
-0.09375  -0.468353
-0.21875  -0.388107
-0.1875  -0.521739
0.15625  -0.203527
0  -0.319632
0.21875  -0.332714
0.03125  -0.471897
0.0625  -0.495646
-0.09375  -0.464755
-0.125  -0.651498
0.125  -0.544335
0.125  -0.466481
0.28125  -0.556022
0  -0.451043
-0.0625  -0.445006
-0.03125  -0.590924
-0.0625  -0.334938
0.0625  -0.326858
0.28125  -0.566252
0.0625  -0.633923
-0.0625  -0.32171
0.125  -0.162401
-0.03125  -0.575997
-0.21875  -0.395625
-0.03125  -0.542852
-0.15625  -0.482406
0.125  -0.41925
0.03125  -0.52119
0  -0.587438
0.0625  -0.426687
-0.15625  -0.57632
-0.03125  -0.360972
0.0625  -0.441883
0.0625  -0.419404
-0.03125  -0.322832
0  -0.46717
0.3125  -0.481451
-0.0625  -0.610539
-0.0625  -0.448714
0  -0.453502
-0.09375  -0.414712
0.125  -0.400015
0.1875  -0.497251
0.09375  -0.510277
0.1875  -0.578618
-0.03125  -0.504256
-0.09375  -0.288385
0.09375  -0.351971
-0.0625  -0.535614
-0.125  -0.535222
0.09375  -0.525031
-0.03125  -0.503946
-0.03125  -0.226537
0.03125  -0.629169
-0.0625  -0.286683
0.15625  -0.409026
-0.1875  -0.248644
-0.09375  -0.601165
0.25  -0.547947
-0.15625  -0.495539
-0.03125  -0.521986
0.03125  -0.280148
-0.15625  -0.486268
-0.1875  -0.297763
0.21875  -0.324626
0.03125  -0.597476
-0.0625  -0.31511
-0.15625  -0.41521
0.0625  -0.437107
0.0625  -0.364295
-0.15625  -0.571456
-0.0625  -0.340411
-0.03125  -0.490674
-0.125  -0.43517
0.09375  -0.61947
0  -0.527677
0.0625  -0.588054
0.03125  -0.458918
0.09375  -0.554977
-0.0625  -0.385782
-0.125  -0.512739
0.15625  -0.453067
0.125  -0.281925
0.15625  -0.413796
0.1875  -0.449745
0.15625  -0.244332
-0.03125  -0.526334
-0.03125  -0.22301
-0.125  -0.41572
0  -0.225222
0.15625  -0.354987
-0.03125  -0.365205
0.03125  -0.461154
0.21875  -0.513337
0.28125  -0.224593
0.0625  -0.408674
0.15625  -0.419313
0.03125  -0.428186
-0.21875  -0.416542
0.0625  -0.517583
0.34375  -0.46964
0.09375  -0.313338
-0.09375  -0.371001
0.03125  -0.40581
0.1875  -0.502941
-0.09375  -0.240084
0  -0.499838
0  -0.532689
0.03125  -0.334376
0.15625  -0.252342
-0.0625  -0.50205
0.0625  -0.546252
0.03125  -0.253647
0  -0.312721
-0.09375  -0.45906
0.0625  -0.609087
0.125  -0.589963
0.125  -0.595075
-0.1875  -0.504632
0.15625  -0.293375
-0.125  -0.504283
-0.25  -0.321179
-0.09375  -0.523859
0.09375  -0.457485
0  -0.478997
-0.15625  -0.603104
0.09375  -0.587013
-0.09375  -0.401636
-0.15625  -0.302572
0  -0.183228
0.09375  -0.499357
-0.0625  -0.510013
0  -0.264297
0.15625  -0.384669
0.15625  -0.524993
0.09375  -0.48723
-0.15625  -0.366665
-0.1875  -0.502191
0.03125  -0.484773
-0.03125  -0.427376
0.15625  -0.627844
-0.09375  -0.349204
-0.03125  -0.539419
-0.15625  -0.568244
-0.1875  -0.259554
-0.3125  -0.380228
0.03125  -0.48304
0.125  -0.251606
-0.0625  -0.32709
0.03125  -0.423426
-0.1875  -0.399091
-0.0625  -0.402121
0.125  -0.538633
0.21875  -0.316193
0  -0.342433
-0.25  -0.469419
-0.25  -0.329939
-0.03125  -0.358569
0.03125  -0.392645
-0.03125  -0.261199
-0.03125  -0.298005
-0.0625  -0.481157
-0.28125  -0.355612
0.125  -0.41639
-0.15625  -0.505479
0.09375  -0.516868
-0.03125  -0.354298
0  -0.519549
0.0625  -0.330718
-0.03125  -0.630492
-0.03125  -0.498634
-0.09375  -0.404895
0  -0.454028
0.09375  -0.406053
0.0625  -0.350579
0.03125  -0.53896
-0.03125  -0.669226
-0.0625  -0.340954
0.0625  -0.390323
0.0625  -0.441314
0  -0.499805
0  -0.292229
-0.03125  -0.433889
0.09375  -0.568526
0.03125  -0.444856
0.3125  -0.475294
0.1875  -0.431661
0.09375  -0.410633
-0.1875  -0.57496
-0.125  -0.437928
-0.125  -0.471477
-0.09375  -0.25525
-0.125  -0.414958
0.1875  -0.465397
0.03125  -0.630559
-0.1875  -0.52487
-0.03125  -0.348409
-0.15625  -0.379383
-0.15625  -0.407749
0.03125  -0.338768
0.03125  -0.471666
0.125  -0.365068
0.125  -0.51149
-0.03125  -0.518997
0.0625  -0.645045
-0.125  -0.434925
0.03125  -0.349204
0.03125  -0.350439
0.125  -0.471854
-0.0625  -0.343113
-0.03125  -0.649511
0.0625  -0.675325
-0.15625  -0.344873
-0.03125  -0.568972
0.03125  -0.494811
0.1875  -0.450823
0  -0.498237
-0.21875  -0.508492
0  -0.551356
-0.21875  -0.323328
0  -0.411999
-0.25  -0.321281
-0.0625  -0.619413
-0.3125  -0.407932
0.1875  -0.424718
0  -0.460525
0.25  -0.477551
0.28125  -0.138689
-0.15625  -0.535865
-0.0625  -0.589718
0  -0.296686
-0.03125  -0.450729
0  -0.497604
0.09375  -0.584007
-0.15625  -0.403408
0.28125  -0.324792
0  -0.500241
-0.0625  -0.591087
-0.28125  -0.461129
-0.09375  -0.390586
0.09375  -0.483497
-0.0625  -0.347423
0.03125  -0.400702
0.09375  -0.376919
0.21875  -0.437676
-0.09375  -0.424274
0.09375  -0.504544
-0.03125  -0.461905
0.09375  -0.311347
0.03125  -0.511112
0.03125  -0.617345
0.15625  -0.388061
0.0625  -0.383593
-0.21875  -0.289306
-0.09375  -0.53213
-0.25  -0.546999
-0.03125  -0.472904
-0.3125  -0.257553
0.15625  -0.363778
0.09375  -0.332551
-0.03125  -0.618267
-0.0625  -0.550877
-0.28125  -0.657964
-0.09375  -0.286316
-0.09375  -0.433711
0.21875  -0.553268
-0.09375  -0.33522
-0.125  -0.310045
-0.0625  -0.498427
0.125  -0.328527
-0.0625  -0.460288
0.15625  -0.31751
0.1875  -0.529718
0.09375  -0.541525
0.03125  -0.436478
-0.03125  -0.595142
-0.03125  -0.564736
0.15625  -0.690088
0.15625  -0.610286
0.0625  -0.534663
0.09375  -0.519689
-0.0625  -0.57427
0  -0.330893
-0.125  -0.425856
-0.15625  -0.470382
-0.28125  -0.224962
-0.125  -0.54025
0.09375  -0.532443
-0.25  -0.423674
0.34375  -0.207462
0.21875  -0.484214
-0.15625  -0.559051
0.0625  -0.535509
-0.03125  -0.421886
-0.125  -0.271082
-0.15625  -0.395803
0.0625  -0.401202
-0.09375  -0.421639
0  -0.371212
0.21875  -0.502967
0.03125  -0.617191
0  -0.406291
0.03125  -0.306134
0.28125  -0.568353
0  -0.498705
0.15625  -0.528767
0.3125  -0.594931
-0.25  -0.198981
-0.09375  -0.512863
-0.15625  -0.407136
-0.0625  -0.395021
0.125  -0.551252
-0.09375  -0.49745
-0.15625  -0.304653
0.25  -0.394234
0.15625  -0.463082
0.125  -0.438201
0.125  -0.427812
-0.09375  -0.61933
-0.15625  -0.644122
-0.21875  -0.422738
0  -0.323786
0.03125  -0.377604
-0.125  -0.164206
0.0625  -0.554139
-0.03125  -0.536522
0.0625  -0.431453
-0.03125  -0.300506
0.125  -0.499046
0.1875  -0.619756
0  -0.351125
-0.15625  -0.451224
0  -0.315713
0.0625  -0.513925
0.125  -0.416472
0.03125  -0.509018
0.0625  -0.607688
-0.28125  -0.504757
-0.09375  -0.580491
-0.0625  -0.542959
-0.0625  -0.447589
-0.25  -0.521664
0  -0.493308
-0.0625  -0.431636
0.09375  -0.35484
-0.15625  -0.513042
0.0625  -0.492529
0.0625  -0.387589
-0.125  -0.47343
0.1875  -0.397638
-0.125  -0.699709
0.0625  -0.553254
0.0625  -0.302316
-0.09375  -0.448879
0.1875  -0.472496
0  -0.410309
-0.125  -0.455776
-0.21875  -0.409501
0.1875  -0.562999
0  -0.376467
0  -0.129214
-0.09375  -0.593901
0.0625  -0.610263
-0.03125  -0.353624
0.1875  -0.558428
0.21875  -0.596667
0.15625  -0.419328
-0.09375  -0.469624
-0.0625  -0.520421
0.125  -0.38803
-0.09375  -0.598143
-0.09375  -0.307626
-0.1875  -0.452459
-0.15625  -0.490591
0.0625  -0.565937
-0.1875  -0.498282
-0.1875  -0.522511
0  -0.49555
0.09375  -0.525698
0.15625  -0.388621
-0.15625  -0.15868
0  -0.51059
0.21875  -0.304635
-0.03125  -0.286459
-0.15625  -0.38728
-0.0625  -0.21291
-0.09375  -0.144338
0.1875  -0.435589
0.09375  -0.569427
0  -0.659005
-0.25  -0.422879
-0.125  -0.614679
-0.03125  -0.266265
-0.03125  -0.607737
0.0625  -0.509784
-0.09375  -0.351337
0.09375  -0.503911
0.09375  -0.533126
0.21875  -0.451226
-0.03125  -0.582489
-0.09375  -0.493858
0  -0.687282
0.21875  -0.264713
0.25  -0.452261
-0.03125  -0.299766
0.03125  -0.441174
-0.0625  -0.446675
-0.03125  -0.428978
-0.0625  -0.385202
0.125  -0.54345
-0.03125  -0.211332
-0.1875  -0.49646
-0.125  -0.57862
0.1875  -0.328118
0  -0.585406
0  -0.433293
0  -0.37785
0.03125  -0.464394
0  -0.330764
0.125  -0.464665
0.1875  -0.532681
0.125  -0.469182
-0.125  -0.537898
-0.34375  -0.40842
-0.03125  -0.326614
0.03125  -0.560173
0.03125  -0.458654
-0.09375  -0.36174
0.125  -0.453502
0.03125  -0.555824
0.09375  -0.372704
-0.0625  -0.2571
-0.1875  -0.403674
0.15625  -0.402073
0.125  -0.417348
0  -0.412525
-0.03125  -0.361046
0.15625  -0.298739
-0.21875  -0.511865
0.125  -0.468906
-0.0625  -0.389599
-0.03125  -0.466072
0.1875  -0.453194
-0.03125  -0.564947
0.03125  -0.739615
-0.03125  -0.42075
-0.0625  -0.578674
0  -0.478453
0.125  -0.289768
0.125  -0.534758
-0.28125  -0.541993
0  -0.318677
0.09375  -0.133787
0.1875  -0.507696
0.1875  -0.448709
0.125  -0.327896
-0.03125  -0.489837
-0.09375  -0.279805
0.0625  -0.450324
0.125  -0.470439
0.09375  -0.281256
0.125  -0.522323
0.0625  -0.456577
0  -0.513618
0.15625  -0.520704
0.09375  -0.389587
0  -0.301976
0.03125  -0.164798
0.3125  -0.165626
0.0625  -0.477754
-0.125  -0.506787
-0.09375  -0.561834
0.1875  -0.33594
-0.15625  -0.537727
-0.03125  -0.543438
-0.0625  -0.320301
0.15625  -0.383061
-0.03125  -0.570567
0.34375  -0.478415
0.125  -0.458856
0  -0.504976
0.0625  -0.472502
0.03125  -0.400076
-0.03125  -0.507337
-0.09375  -0.500876
0.1875  -0.257079
-0.09375  -0.468942
0.125  -0.36921
-0.0625  -0.554964
-0.0625  -0.402851
0.09375  -0.407058
0.09375  -0.554162
-0.15625  -0.47504
-0.09375  -0.371858
-0.09375  -0.362424
0.09375  -0.380527
0.21875  -0.469826
0  -0.223859
0  -0.467034
0.0625  -0.582791
-0.09375  -0.42475
-0.15625  -0.26243
0.21875  -0.525685
-0.09375  -0.334096
0  -0.259234
0  -0.529058
0.03125  -0.215307
-0.15625  -0.416406
-0.09375  -0.34249
0.21875  -0.167057
0.15625  -0.43421
0.15625  -0.553498
-0.09375  -0.47798
-0.03125  -0.334729
0.15625  -0.377199
-0.09375  -0.610273
0.09375  -0.473486
-0.15625  -0.382061
0.125  -0.390249
-0.0625  -0.393762
-0.40625  -0.472768
-0.09375  -0.629826
-0.03125  -0.152898
0.09375  -0.236356
0.09375  -0.624232
-0.09375  -0.509345
0.15625  -0.636038
-0.0625  -0.157635
-0.25  -0.526123
-0.03125  -0.227246
-0.09375  -0.483291
-0.0625  -0.310645
0  -0.378025
-0.09375  -0.457482
0.21875  -0.448917
-0.125  -0.54493
-0.03125  -0.338541
0.03125  -0.5816
0  -0.427271
-0.0625  -0.352073
-0.1875  -0.395392
0.0625  -0.598682
-0.125  -0.655373
0.125  -0.560817
-0.21875  -0.326074
-0.1875  -0.365096
0.125  -0.529283
-0.03125  -0.576885
0.125  -0.19083
-0.21875  -0.486792
0.03125  -0.338396
0.15625  -0.491641
0.21875  -0.485903
0.09375  -0.549225
0.09375  -0.497276
-0.09375  -0.584974
-0.09375  -0.550192
0.03125  -0.495795
0.0625  -0.311622
0  -0.524157
0.15625  -0.455003
0.09375  -0.311507
-0.03125  -0.352857
0.125  -0.455528
-0.09375  -0.395552
-0.1875  -0.678864
-0.09375  -0.498136
0.0625  -0.505622
0.0625  -0.523658
0  -0.508967
-0.03125  -0.333251
-0.03125  -0.474694
0  -0.675047
0.03125  -0.537
-0.0625  -0.656507
0.125  -0.491665
0.28125  -0.335964
0.0625  -0.571166
-0.21875  -0.537996
-0.09375  -0.627663
-0.1875  -0.395791
0.09375  -0.393109
-0.28125  -0.328955
0.03125  -0.488577
-0.0625  -0.417927
0.25  -0.595372
-0.03125  -0.423472
0.09375  -0.378719
0.3125  -0.471411
0.1875  -0.472631
-0.03125  -0.379666
-0.1875  -0.594489
0  -0.559265
0.09375  -0.381358
-0.0625  -0.397924
-0.25  -0.538245
-0.15625  -0.266345
0.21875  -0.412726
0.125  -0.314678
0.125  -0.579632
0.03125  -0.372183
-0.15625  -0.357513
0.125  -0.368462
0.09375  -0.500628
-0.03125  -0.593808
-0.15625  -0.386752
-0.21875  -0.340194
-0.15625  -0.497042
-0.21875  -0.421377
0.0625  -0.594594
-0.0625  -0.432591
-0.15625  -0.463187
-0.125  -0.270524
0.09375  -0.468033
0.0625  -0.383442
-0.09375  -0.408994
-0.21875  -0.481107
0.15625  -0.404513
0.09375  -0.321691
0.125  -0.524908
-0.03125  -0.531902
0.1875  -0.510232
-0.15625  -0.479799
0.125  -0.388449
-0.1875  -0.703174
0  -0.564036
0.03125  -0.398857
0.40625  -0.322352
-0.03125  -0.362229
-0.0625  -0.411307
0.03125  -0.35295
-0.09375  -0.373474
-0.03125  -0.555272
0.1875  -0.477534
-0.03125  -0.379975
-0.125  -0.256023
-0.15625  -0.469314
0.03125  -0.502505
0.125  -0.265822
-0.03125  -0.660342
0.0625  -0.365383
0.15625  -0.241796
-0.09375  -0.509641
0.21875  -0.571773
0.0625  -0.306398
-0.03125  -0.350462
-0.0625  -0.228422
0.125  -0.443138
-0.03125  -0.476539
0.09375  -0.466761
0.09375  -0.451663
0.15625  -0.258123
-0.125  -0.467983
0.21875  -0.353918
-0.03125  -0.491969
-0.03125  -0.193728
0.03125  -0.387296
-0.25  -0.536801
-0.0625  -0.675649
0  -0.363373
0.03125  -0.470659
0.125  -0.58861
-0.21875  -0.379815
0.25  -0.48639
0  -0.35351
0.1875  -0.568921
0.21875  -0.523645
-0.0625  -0.495013
0.0625  -0.647488
0.0625  -0.399126
0.09375  -0.466045
0.28125  -0.560691
-0.03125  -0.471216
0  -0.598375
-0.125  -0.565475
0.03125  -0.501282
-0.09375  -0.556914
0.03125  -0.581298
0.3125  -0.404759
0.09375  -0.580902
0  -0.4524
-0.15625  -0.481742
-0.15625  -0.334167
-0.15625  -0.528466
-0.125  -0.37681
-0.09375  -0.337686
0.09375  -0.413698
-0.03125  -0.278524
-0.21875  -0.47717
-0.09375  -0.686763
-0.03125  -0.482258
0.125  -0.415784
0.0625  -0.629707
0.09375  -0.525767
0.0625  -0.376312
0.03125  -0.364767
0.15625  -0.514904
0.09375  -0.310186
0  -0.375526
0  -0.458618
0.28125  -0.469731
0.0625  -0.419663
-0.0625  -0.476923
0  -0.483589
-0.125  -0.401163
-0.25  -0.483002
0.03125  -0.561044
0.125  -0.424914
-0.03125  -0.316884
0.0625  -0.370288
-0.03125  -0.430499
0.09375  -0.461514
-0.09375  -0.51878
-0.09375  -0.452226
-0.1875  -0.537753
-0.1875  -0.319473
0.0625  -0.403725
0  -0.537461
-0.09375  -0.5381
0  -0.262471
0.15625  -0.32123
0.0625  -0.290984
0.1875  -0.499553
0  -0.538139
-0.21875  -0.558517
0  -0.329557
0.09375  -0.444026
-0.09375  -0.504034
-0.0625  -0.383069
-0.1875  -0.434454
0  -0.490737
-0.28125  -0.39077
0.15625  -0.439453
-0.09375  -0.534636
0.09375  -0.525436
0.03125  -0.352806
-0.03125  -0.574414
0.15625  -0.476065
-0.09375  -0.334453
-0.21875  -0.387787
-0.125  -0.383496
0.09375  -0.468067
-0.1875  -0.54636
0.25  -0.558217
-0.1875  -0.468781
0  -0.466594
0.09375  -0.386212
-0.25  -0.29843
-0.03125  -0.396691
0.0625  -0.479415
0  -0.698635
0.09375  -0.496692
-0.09375  -0.288552
0.09375  -0.54187
0.03125  -0.22286
0.0625  -0.501861
0.21875  -0.274927
-0.03125  -0.483521
-0.1875  -0.327918
0.09375  -0.611357
-0.21875  -0.408225
-0.125  -0.514098
0.125  -0.368087
-0.09375  -0.547663
0.0625  -0.521805
-0.21875  -0.58343
0.09375  -0.533869
-0.09375  -0.519464
0.03125  -0.365942
0.03125  -0.455235
-0.0625  -0.475373
0.1875  -0.557982
-0.15625  -0.360222
0  -0.398095
-0.0625  -0.368932
-0.125  -0.410754
0.15625  -0.431081
-0.34375  -0.515206
-0.0625  -0.356929
0.15625  -0.4914
-0.0625  -0.360157
0.25  -0.414983
0.09375  -0.491577
-0.15625  -0.46404
0.125  -0.425103
-0.125  -0.375615
-0.1875  -0.444816
-0.25  -0.479773
0.0625  -0.446231
0.0625  -0.202829
0.0625  -0.619409
-0.125  -0.415199
-0.0625  -0.53678
-0.125  -0.464713
0.03125  -0.440677
0.09375  -0.541907
0.03125  -0.373881
0.28125  -0.402999
0.125  -0.61378
0.125  -0.440077
0.0625  -0.414353
0.09375  -0.316065
-0.28125  -0.322119
-0.125  -0.274603
-0.03125  -0.370695
0.21875  -0.370698
-0.25  -0.418814
0  -0.672556
0  -0.43597
0.0625  -0.47983
-0.125  -0.152606
-0.09375  -0.565569
0  -0.403451
0.03125  -0.496321
0.15625  -0.26357
-0.125  -0.561882
-0.03125  -0.426774
-0.15625  -0.497588
0.0625  -0.430924
-0.03125  -0.317806
-0.125  -0.289637
0.0625  -0.462222
0.03125  -0.55394
-0.03125  -0.541184
0.15625  -0.347667
-0.125  -0.454118
0.1875  -0.418507
0.15625  -0.529325
0.1875  -0.407871
0.09375  -0.476326
0  -0.460935
0  -0.440279
0.0625  -0.430945
-0.125  -0.246063
-0.21875  -0.475048
0.03125  -0.385805
-0.0625  -0.418011
0.25  -0.338614
0.0625  -0.363344
0  -0.337404
-0.21875  -0.462369
-0.0625  -0.573569
-0.15625  -0.521336
-0.0625  -0.489456
0.15625  -0.492171
-0.21875  -0.542064
0  -0.567255
0.09375  -0.465705
-0.0625  -0.446496
-0.15625  -0.34852
0  -0.667638
0  -0.439949
0.125  -0.544669
-0.15625  -0.424964
0.0625  -0.50054
-0.09375  -0.593173
-0.125  -0.526265
-0.125  -0.503614
-0.09375  -0.477378
-0.21875  -0.403128
0.09375  -0.38423
-0.0625  -0.548835
0.28125  -0.593587
0.21875  -0.52788
0.0625  -0.424304
0.0625  -0.331523
0.03125  -0.386752
0.09375  -0.482317
0  -0.337026
-0.15625  -0.578331
0.03125  -0.580547
0.09375  -0.42896
-0.09375  -0.64128
0.03125  -0.390316
-0.4375  -0.300691
-0.125  -0.403885
-0.09375  -0.382841
0.1875  -0.330471
0.1875  -0.465445
0.15625  -0.558971
-0.0625  -0.415614
-0.09375  -0.313321
-0.0625  -0.258124
0.0625  -0.396369
0.15625  -0.386318
0.0625  -0.50587
0.3125  -0.362296
-0.09375  -0.438788
-0.09375  -0.538404
0  -0.44021
0.25  -0.369921
-0.09375  -0.490106
-0.125  -0.427691
0.0625  -0.28411
0.0625  -0.415764
0.125  -0.537357
0.125  -0.476315
-0.0625  -0.510056
-0.1875  -0.502518
0.0625  -0.514291
-0.125  -0.430721
-0.03125  -0.450362
0.09375  -0.282365
0.03125  -0.436482
0.09375  -0.575841
-0.125  -0.395586
0.125  -0.254989
0.125  -0.496572
0  -0.300449
0.03125  -0.18097
0.03125  -0.403286
-0.125  -0.541252
-0.25  -0.420059
0.0625  -0.411776
-0.25  -0.452137
-0.15625  -0.312521
0.15625  -0.468372
0.0625  -0.530732
0.0625  -0.331466
-0.09375  -0.433037
-0.03125  -0.643797
0.03125  -0.464068
0.15625  -0.549425
0.09375  -0.443074
0.03125  -0.443333
-0.09375  -0.388584
-0.28125  -0.26897
0.09375  -0.42278
-0.09375  -0.30846
-0.03125  -0.271512
0.28125  -0.368336
0.03125  -0.476511
-0.09375  -0.512318
-0.03125  -0.662924
0.125  -0.471054
-0.0625  -0.437701
-0.125  -0.394066
0.125  -0.313242
0  -0.359048
0.03125  -0.408306
-0.03125  -0.36415
-0.125  -0.657449
0.0625  -0.398932
0.09375  -0.451395
0.15625  -0.49977
-0.1875  -0.411136
0  -0.451672
-0.125  -0.497996
-0.0625  -0.615342
-0.03125  -0.562347
0.03125  -0.440151
0  -0.44452
-0.09375  -0.429842
0.15625  -0.590257
0  -0.380879
0.03125  -0.53359
0.03125  -0.433731
-0.125  -0.231606
-0.09375  -0.381934
0.0625  -0.553773
-0.03125  -0.591696
0.125  -0.394633
-0.09375  -0.484178
-0.125  -0.464123
0.03125  -0.437496
0.0625  -0.440131
-0.15625  -0.632783
-0.1875  -0.43696
-0.03125  -0.479336
0.03125  -0.393943
0.03125  -0.642703
0.03125  -0.508821
0.03125  -0.481654
-0.125  -0.465098
0.375  -0.287914
-0.03125  -0.558724
-0.15625  -0.440614
0.125  -0.519461
-0.09375  -0.346817
0.21875  -0.618484
-0.0625  -0.351836
0  -0.384726
0  -0.460572
-0.0625  -0.458531
-0.125  -0.614497
0.09375  -0.234305
0.03125  -0.43738
-0.09375  -0.522905
-0.09375  -0.437359
-0.09375  -0.589474
-0.03125  -0.455523
-0.0625  -0.29143
0.0625  -0.385766
-0.125  -0.24248
0.0625  -0.331201
-0.03125  -0.5389
0.03125  -0.459988
-0.34375  -0.488111
0.21875  -0.591546
0.03125  -0.485945
0.125  -0.762277
-0.15625  -0.385374
-0.1875  -0.37453
-0.125  -0.501088
-0.03125  -0.424485
-0.03125  -0.470291
0  -0.510011
0.09375  -0.53204
-0.03125  -0.266644
0.3125  -0.533679
-0.09375  -0.574772
-0.09375  -0.392181
-0.1875  -0.374564
-0.03125  -0.505479
0.15625  -0.384837
0.15625  -0.333089
-0.1875  -0.461074
-0.09375  -0.597886
-0.0625  -0.440643
-0.15625  -0.522252
0.125  -0.546997
0  -0.462577
0  -0.344372
-0.1875  -0.400237
-0.0625  -0.411212
-0.03125  -0.380683
-0.125  -0.477139
0.0625  -0.388038
0.15625  -0.30512
-0.03125  -0.320517
0.15625  -0.497449
0  -0.55243
0.15625  -0.364357
-0.1875  -0.571795
0.0625  -0.492077
-0.25  -0.364555
0.21875  -0.38869
0.125  -0.502301
0.1875  -0.305372
-0.03125  -0.53536
0.125  -0.353757
0.03125  -0.490511
-0.0625  -0.395026
0.125  -0.548712
0.09375  -0.507532
0.21875  -0.413194
-0.09375  -0.569224
-0.03125  -0.688531
-0.09375  -0.338819
0  -0.501353
-0.03125  -0.46023
0.1875  -0.544182
0.0625  -0.561324
0.09375  -0.506104
-0.0625  -0.524767
-0.0625  -0.431534
0.125  -0.423257
0.1875  -0.602314
-0.03125  -0.315651
-0.3125  -0.502062
-0.09375  -0.419017
-0.09375  -0.669661
0.15625  -0.403249
0.15625  -0.254136
0.03125  -0.324474
-0.03125  -0.329407
0  -0.397183
-0.25  -0.496237
-0.15625  -0.26184
0.09375  -0.577897
0.0625  -0.377044
-0.1875  -0.435948
-0.1875  -0.276297
-0.03125  -0.478785
-0.21875  -0.456683
0  -0.462413
0.0625  -0.553459
0.0625  -0.737875
0  -0.378988
0  -0.388886
0.15625  -0.362126
0.09375  -0.502452
0.1875  -0.509719
0.09375  -0.281217
0.1875  -0.428031
0.125  -0.441751
0.125  -0.444072
-0.09375  -0.359876
0.09375  -0.569545
-0.0625  -0.315051
0.1875  -0.408104
0  -0.57141
0  -0.43755
-0.15625  -0.553873
-0.21875  -0.560791
-0.09375  -0.540535
0.0625  -0.351054
0.1875  -0.367078
0  -0.279186
0.09375  -0.386599
-0.09375  -0.367672
0.03125  -0.531983
0.03125  -0.372502
0.0625  -0.598736
0.0625  -0.492996
0  -0.463118
0.125  -0.411018
-0.0625  -0.416552
0  -0.45625
-0.0625  -0.302898
0.15625  -0.454351
-0.0625  -0.433317
0.0625  -0.638788
0.125  -0.242039
0.40625  -0.475989
0.03125  -0.242078
0.125  -0.483732
-0.1875  -0.423247
0.0625  -0.327035
-0.0625  -0.515556
0.15625  -0.405741
0.28125  -0.359502
0.03125  -0.480396
-0.125  -0.2886
-0.0625  -0.480584
0.09375  -0.471248
-0.03125  -0.487096
-0.03125  -0.470067
0.25  -0.369972
0  -0.419281
0.15625  -0.429804
0  -0.337377
-0.09375  -0.618379
-0.09375  -0.450612
0.03125  -0.231575
0.15625  -0.508386
-0.21875  -0.469914
0.125  -0.552623
0  -0.356388
-0.0625  -0.478544
0  -0.374426
0  -0.422474
-0.28125  -0.270453
-0.09375  -0.320319
-0.21875  -0.273445
-0.15625  -0.312191
0.40625  -0.346086
0  -0.411761
0.09375  -0.326064
-0.25  -0.324068
-0.15625  -0.448537
0.125  -0.543989
0.09375  -0.418185
0.125  -0.569354
0.03125  -0.453275
0  -0.493325
-0.1875  -0.26796
-0.0625  -0.515086
0.25  -0.497566
-0.09375  -0.60587
-0.1875  -0.273464
-0.25  -0.413065
-0.0625  -0.549612
-0.0625  -0.604644
0.125  -0.277108
-0.03125  -0.562825
-0.0625  -0.439252
0.21875  -0.472485
0.0625  -0.437665
0.03125  -0.305353
0.0625  -0.54782
0  -0.477688
0.0625  -0.37955
-0.0625  -0.509187
-0.09375  -0.376602
-0.21875  -0.462404
-0.03125  -0.414502
-0.09375  -0.454558
-0.25  -0.603596
0.21875  -0.471446
0.0625  -0.555915
0.1875  -0.482776
0  -0.666985
0.03125  -0.446238
0.125  -0.416285
-0.03125  -0.483703
-0.03125  -0.4904
0  -0.527415
-0.125  -0.502074
0  -0.575952
0.125  -0.464052
-0.03125  -0.219951
0  -0.472153
0.0625  -0.472605
-0.28125  -0.472469
-0.1875  -0.444636
-0.0625  -0.391957
0.125  -0.436433
-0.15625  -0.516738
-0.0625  -0.419443
-0.0625  -0.476116
0.1875  -0.381
-0.125  -0.350579
-0.125  -0.433452
-0.125  -0.229903
0.25  -0.592705
-0.0625  -0.414097
-0.09375  -0.354871
-0.09375  -0.406841
0.0625  -0.494595
-0.0625  -0.508993
-0.34375  -0.335779
0.1875  -0.437077
0.1875  -0.443274
-0.28125  -0.570025
0.09375  -0.479966
-0.15625  -0.227186
-0.125  -0.323295
-0.0625  -0.645951
0  -0.582129
0  -0.32375
0.09375  -0.293081
0.0625  -0.325687
0.0625  -0.375374
-0.09375  -0.567943
-0.09375  -0.622552
0.34375  -0.431095
0.03125  -0.369781
0.0625  -0.425766
0  -0.53123
0.15625  -0.477423
-0.15625  -0.369915
-0.03125  -0.645184
-0.28125  -0.365163
0.21875  -0.541511
-0.125  -0.430808
0.125  -0.518106
-0.25  -0.414501
-0.0625  -0.5153
-0.125  -0.413706
-0.21875  -0.361957
-0.15625  -0.443944
-0.15625  -0.353931
0.125  -0.389616
-0.03125  -0.481557
-0.25  -0.461662
0.25  -0.487307
0.15625  -0.324015
-0.21875  -0.409318
0.09375  -0.411092
-0.15625  -0.434506
-0.375  -0.515536
-0.03125  -0.551268
-0.0625  -0.316468
0.125  -0.602547
-0.09375  -0.362776
-0.0625  -0.521406
-0.03125  -0.356977
-0.25  -0.40265
0.03125  -0.515304
0.09375  -0.588086
0.21875  -0.510027
0.0625  -0.464863
0.03125  -0.610734
-0.25  -0.381147
0.09375  -0.512641
0.125  -0.330434
0.03125  -0.227282
0.03125  -0.262793
-0.15625  -0.464457
-0.09375  -0.524426
0.15625  -0.355601
-0.125  -0.363124
0.40625  -0.507882
0  -0.579943
-0.21875  -0.476164
0.03125  -0.581268
0.09375  -0.547946
-0.0625  -0.514178
-0.0625  -0.501211
-0.1875  -0.346109
-0.0625  -0.415676
-0.0625  -0.371651
0.21875  -0.543971
-0.125  -0.406757
0.125  -0.524632
-0.1875  -0.435503
-0.0625  -0.416379
0.03125  -0.502548
0  -0.516026
-0.09375  -0.331138
0.0625  -0.266693
-0.0625  -0.492773
0  -0.631024
-0.09375  -0.428806
0.125  -0.490785
0.15625  -0.444267
0.0625  -0.453283
-0.28125  -0.389557
0.21875  -0.401671
0  -0.453412
-0.03125  -0.589587
-0.03125  -0.352518
0.1875  -0.473087
0.1875  -0.668635
0.03125  -0.566577
0.03125  -0.593258
-0.25  -0.466457
0.09375  -0.435384
0.03125  -0.398237
0.125  -0.651026
-0.15625  -0.254352
0.125  -0.369331
-0.0625  -0.64303
-0.21875  -0.381647
0  -0.512778
0.09375  -0.475424
-0.15625  -0.354717
0.09375  -0.29476
0.25  -0.527941
0.125  -0.406464
0.0625  -0.336327
-0.1875  -0.479693
-0.125  -0.240419
0.09375  -0.541159
0.15625  -0.512635
0.375  -0.431989
-0.0625  -0.394152
-0.1875  -0.464693
-0.0625  -0.545896
0.03125  -0.408959
-0.03125  -0.556009
0.15625  -0.640661
0.03125  -0.454449
0.0625  -0.401528
0.15625  -0.471518
-0.09375  -0.374111
0.09375  -0.542756
-0.09375  -0.502221
-0.125  -0.518126
-0.03125  -0.456589
0  -0.313567
-0.09375  -0.385165
0.09375  -0.490938
-0.1875  -0.533141
-0.15625  -0.394017
-0.15625  -0.434338
0.28125  -0.528314
-0.0625  -0.379928
0.21875  -0.313757
-0.15625  -0.62999
-0.15625  -0.316218
0  -0.396271
0.3125  -0.234761
-0.15625  -0.549693
-0.09375  -0.457898
-0.09375  -0.345644
-0.09375  -0.527627
0.28125  -0.531411
-0.0625  -0.16229
0.15625  -0.461016
-0.1875  -0.488702
-0.0625  -0.438997
0.03125  -0.390146
0.03125  -0.425156
-0.125  -0.540529
0.1875  -0.41297
0.09375  -0.489626
-0.1875  -0.50922
-0.09375  -0.299335
-0.21875  -0.494034
0.03125  -0.447062
-0.0625  -0.416041
0.0625  -0.464968
0.0625  -0.599108
0.03125  -0.550292
0.0625  -0.40114
0  -0.50859
-0.0625  -0.352503
0.09375  -0.385039
0.1875  -0.50018
-0.0625  -0.416576
0.0625  -0.356247
-0.03125  -0.431948
-0.09375  -0.479555
0  -0.559159
0.09375  -0.513483
-0.125  -0.467887
-0.21875  -0.363097
0.125  -0.734341
0.09375  -0.777575
0  -0.412089
0  -0.397321
0.125  -0.487041
-0.09375  -0.349968
0.09375  -0.4902
-0.21875  -0.481225
0.125  -0.225707
-0.3125  -0.387177
0.03125  -0.593318
0  -0.500759
-0.25  -0.671461
-0.1875  -0.317296
0  -0.589
0.15625  -0.478443
0.0625  -0.392065
0.0625  -0.321417
-0.25  -0.366356
0.125  -0.548306
-0.125  -0.642904
-0.09375  -0.45154
0.125  -0.425717
-0.0625  -0.477951
0.09375  -0.438566
-0.0625  -0.45546
-0.03125  -0.238836
0.0625  -0.456823
0.0625  -0.512321
0.125  -0.303111
-0.25  -0.254409
0.125  -0.431261
-0.09375  -0.450298
0.15625  -0.47949
0.125  -0.504194
0.03125  -0.535276
-0.0625  -0.538919
-0.1875  -0.382863
0.09375  -0.354191
-0.03125  -0.388529
0  -0.131615
0.28125  -0.465117
0.1875  -0.488092
0.15625  -0.48268
0.1875  -0.313231
0.03125  -0.442585
-0.0625  -0.291753
0.0625  -0.376719
0.0625  -0.35932
-0.03125  -0.500895
-0.03125  -0.550827
-0.15625  -0.381853
-0.25  -0.438597
0.09375  -0.499352
-0.25  -0.505333
-0.34375  -0.583573
0.03125  -0.432548
-0.03125  -0.599902
0  -0.53473
-0.09375  -0.309763
0.09375  -0.503859
-0.34375  -0.473971
0.09375  -0.408892
-0.34375  -0.465567
-0.21875  -0.258613
-0.03125  -0.42651
0.09375  -0.529885
-0.21875  -0.494512
0.25  -0.427571
0.03125  -0.567107
0.15625  -0.404953
-0.125  -0.51006
0  -0.244006
-0.25  -0.441942
-0.1875  -0.487267
0.125  -0.626997
0.15625  -0.344186
0.125  -0.391971
0.125  -0.553529
0.125  -0.489051
0.0625  -0.377883
0.125  -0.46708
0.125  -0.411089
0.1875  -0.398003
-0.09375  -0.454242
-0.15625  -0.367759
-0.125  -0.50138
0.03125  -0.488435
-0.03125  -0.339216
0  -0.54437
-0.125  -0.511529
0  -0.507883
0.1875  -0.422496
-0.0625  -0.36019
0.0625  -0.440996
0.09375  -0.408791
-0.09375  -0.482813
0  -0.404451
0.28125  -0.37312
-0.0625  -0.639435
0.0625  -0.262099
0.375  -0.522275
-0.3125  -0.557856
0  -0.24597
0  -0.457173
-0.125  -0.317583
0.09375  -0.477299
0.09375  -0.418399
0.09375  -0.281024
-0.21875  -0.436765
0.0625  -0.432011
0.15625  -0.266838
0.03125  -0.565649
0.1875  -0.254261
0.03125  -0.578326
0.125  -0.295719
0.03125  -0.39391
-0.09375  -0.562768
-0.0625  -0.453851
0.03125  -0.542187
0  -0.274509
-0.0625  -0.362764
-0.15625  -0.512183
-0.0625  -0.647731
-0.03125  -0.255563
0.09375  -0.514792
0.09375  -0.626635
-0.125  -0.459078
-0.125  -0.500025
0.125  -0.314168
0.3125  -0.447163
-0.15625  -0.594044
-0.03125  -0.520196
-0.1875  -0.494053
-0.0625  -0.350844
-0.0625  -0.609928
-0.09375  -0.639002
-0.09375  -0.427888
0.03125  -0.231696
-0.125  -0.549318
-0.28125  -0.555428
0.34375  -0.289033
0.03125  -0.393633
-0.0625  -0.345736
0  -0.453136
0.21875  -0.606108
-0.03125  -0.437551
-0.125  -0.382939
-0.1875  -0.430691
-0.0625  -0.487227
0.21875  -0.463712
0.0625  -0.536831
0.0625  -0.373217
-0.125  -0.474874
-0.1875  -0.486794
0.125  -0.373896
0.125  -0.588947
-0.21875  -0.347993
0.03125  -0.457411
0  -0.493688
-0.1875  -0.422792
-0.09375  -0.517889
0.21875  -0.389034
-0.21875  -0.697973
-0.21875  -0.40253
0  -0.330913
-0.375  -0.397337
-0.03125  -0.353619
-0.1875  -0.493897
-0.0625  -0.582397
0  -0.5203
-0.1875  -0.302584
-0.09375  -0.537906
-0.03125  -0.553315
-0.21875  -0.468094
0.09375  -0.38956
-0.03125  -0.417025
-0.125  -0.581572
0.15625  -0.53332
0.0625  -0.482365
0.03125  -0.515507
0.0625  -0.398017
0.03125  -0.368134
-0.125  -0.503361
-0.03125  -0.496548
0.125  -0.486982
0  -0.312378
0.09375  -0.413584
-0.1875  -0.445892
-0.0625  -0.583596
-0.03125  -0.431389
-0.3125  -0.591775
-0.09375  -0.592117
-0.09375  -0.463515
-0.0625  -0.496429
0.03125  -0.589032
-0.03125  -0.311577
0.03125  -0.579344
0.1875  -0.197486
0.09375  -0.35459
-0.0625  -0.522063
-0.125  -0.527767
0.03125  -0.544809
-0.03125  -0.374164
0.03125  -0.51404
-0.28125  -0.575754
-0.21875  -0.419197
0.28125  -0.308594
0.125  -0.26127
0.03125  -0.575707
-0.15625  -0.31912
-0.0625  -0.404355
0.09375  -0.206217
0.0625  -0.523546
0  -0.393033
0.1875  -0.304115
0.0625  -0.505725
-0.09375  -0.519166
0.09375  -0.276009
0  -0.390489
-0.125  -0.457092
0  -0.61474
-0.0625  -0.523815
-0.21875  -0.445577
0  -0.44285
-0.0625  -0.275236
-0.09375  -0.523861
0.1875  -0.471159
0.1875  -0.572243
-0.0625  -0.477141
-0.03125  -0.575538
0  -0.393502
0.125  -0.358704
0.15625  -0.378379
0  -0.300727
0.03125  -0.486168
0.09375  -0.43756
-0.0625  -0.415877
0.15625  -0.446582
0.0625  -0.435146
-0.0625  -0.576945
0.09375  -0.448718
0.125  -0.31972
-0.09375  -0.434981
-0.0625  -0.360321
0.03125  -0.531573
-0.03125  -0.565785
-0.0625  -0.393638
0.0625  -0.434866
0  -0.516451
-0.03125  -0.493782
0.1875  -0.417978
0.15625  -0.353339
-0.0625  -0.548232
0.03125  -0.524708
0.09375  -0.485966
-0.09375  -0.457935
0.15625  -0.539744
0.25  -0.421857
-0.15625  -0.438153
-0.125  -0.555478
0.125  -0.35829
0.03125  -0.454137
0.03125  -0.279164
-0.1875  -0.36015
-0.09375  -0.248366
0.03125  -0.285147
-0.15625  -0.50989
0.0625  -0.441038
0.125  -0.437777
0  -0.332662
-0.03125  -0.515789
-0.09375  -0.493825
0.03125  -0.411524
-0.09375  -0.449507
0.0625  -0.363641
-0.21875  -0.592442
0.15625  -0.314997
0.21875  -0.402065
-0.0625  -0.477177
-0.03125  -0.533162
0  -0.454739
-0.34375  -0.437546
0  -0.332954
-0.125  -0.413747
0  -0.0801422
0  -0.470763
0.0625  -0.354341
-0.0625  -0.393349
-0.15625  -0.5739
0  -0.416338
-0.03125  -0.571676
0.1875  -0.514754
0.03125  -0.467119
-0.09375  -0.554783
0.125  -0.26508
0.15625  -0.443736
0.03125  -0.299356
0.03125  -0.540938
0.125  -0.54365
-0.03125  -0.568369
0.03125  -0.558203
0.03125  -0.548868
-0.09375  -0.413599
-0.28125  -0.302788
0.0625  -0.409618
0.1875  -0.486347
0.1875  -0.373163
-0.25  -0.28639
-0.0625  -0.368968
0.21875  -0.288634
0.125  -0.574398
-0.25  -0.433207
-0.125  -0.50667
-0.15625  -0.479468
0.0625  -0.394399
-0.09375  -0.353835
-0.15625  -0.353418
0  -0.387463
0.09375  -0.442913
-0.28125  -0.360639
0  -0.342377
0.125  -0.296943
0  -0.269217
0  -0.48742
0.125  -0.249407
0.09375  -0.533793
-0.21875  -0.184949
0.03125  -0.270612
-0.0625  -0.428716
0.09375  -0.324285
-0.15625  -0.460626
0  -0.422575
0.28125  -0.279849
-0.03125  -0.415414
0.03125  -0.301291
0  -0.453899
-0.03125  -0.488705
-0.09375  -0.357766
0.0625  -0.418694
-0.03125  -0.468674
-0.09375  -0.599841
-0.0625  -0.464379
-0.0625  -0.433198
-0.0625  -0.404415
0.09375  -0.492661
0.0625  -0.434811
-0.03125  -0.327253
-0.03125  -0.252797
0.15625  -0.576714
-0.0625  -0.564134
0  -0.353501
0.03125  -0.214908
-0.25  -0.458564
0.125  -0.45395
0.125  -0.28346
-0.0625  -0.397184
-0.25  -0.495491
0.09375  -0.556522
-0.03125  -0.278274
0.125  -0.310964
0.0625  -0.378529
-0.03125  -0.367033
0  -0.491633
0.25  -0.535555
0  -0.49654
0.0625  -0.572276
0.125  -0.342658
-0.1875  -0.391549
-0.0625  -0.484469
0.0625  -0.58247
0.125  -0.338252
0.0625  -0.609184
0.125  -0.375406
0.1875  -0.420049
-0.25  -0.413861
0.125  -0.54293
-0.125  -0.40058
-0.15625  -0.505634
-0.0625  -0.500215
0.03125  -0.508105
-0.0625  -0.408515
-0.09375  -0.519849
0.28125  -0.509822
0.125  -0.264401
0.0625  -0.530959
-0.09375  -0.420151
-0.15625  -0.634626
-0.21875  -0.442425
0  -0.589438
0.125  -0.45166
-0.09375  -0.561461
-0.0625  -0.516037
-0.0625  -0.521588
-0.15625  -0.602782
-0.1875  -0.481439
-0.09375  -0.382985
0.03125  -0.445593
0.0625  -0.344986
0.03125  -0.379265
-0.09375  -0.44111
0.15625  -0.390484
0  -0.335791
0  -0.224522
0.03125  -0.653673
-0.15625  -0.519486
-0.03125  -0.302012
0  -0.629815
-0.03125  -0.610989
0.03125  -0.425439
-0.03125  -0.579073
0.03125  -0.234812
0  -0.379116
-0.125  -0.443824
-0.125  -0.606653
-0.25  -0.389317
-0.0625  -0.318509
0  -0.584097
-0.0625  -0.449625
0.03125  -0.632409
0.0625  -0.370729
-0.125  -0.319151
-0.125  -0.321137
-0.09375  -0.512691
-0.03125  -0.496284
-0.1875  -0.444503
0.0625  -0.488396
-0.15625  -0.359367
0.125  -0.420258
0.1875  -0.248627
0.03125  -0.389267
0.125  -0.437048
-0.0625  -0.558544
-0.125  -0.412434
-0.25  -0.637353
0.09375  -0.573418
-0.25  -0.570528
0  -0.453658
-0.125  -0.37644
0.15625  -0.393148
-0.28125  -0.571802
-0.125  -0.340011
0  -0.381237
-0.15625  -0.315102
-0.03125  -0.443233
-0.1875  -0.441309
-0.03125  -0.23673
-0.25  -0.501055
-0.03125  -0.397868
0  -0.531247
-0.03125  -0.499374
-0.03125  -0.487028
-0.15625  -0.314127
-0.0625  -0.381195
0  -0.381926
-0.15625  -0.374714
0.1875  -0.521612
0.125  -0.459705
0.03125  -0.627397
0.125  -0.389795
-0.03125  -0.335203
0.0625  -0.494595
0.125  -0.236283
-0.21875  -0.548846
0.03125  -0.442138
0.21875  -0.519544
-0.09375  -0.518553
-0.21875  -0.587924
-0.15625  -0.505249
0  -0.454203
0.0625  -0.517051
0  -0.535355
-0.0625  -0.602049
-0.15625  -0.335407
-0.0625  -0.443675
-0.25  -0.513974
0.03125  -0.39203
-0.15625  -0.447895
-0.0625  -0.395433
0.0625  -0.531432
-0.21875  -0.428007
0.15625  -0.396362
-0.0625  -0.484931
0  -0.513368
0.0625  -0.303738
-0.0625  -0.445079
-0.125  -0.42947
0.03125  -0.366824
0.125  -0.397254
0.09375  -0.540944
0.1875  -0.497226
-0.09375  -0.393834
0.0625  -0.40346
-0.15625  -0.382304
0.1875  -0.29363
0.125  -0.49363
0  -0.473456
0.09375  -0.706984
0  -0.432223
0  -0.528352
0.15625  -0.38608
-0.09375  -0.590638
-0.0625  -0.418034
-0.09375  -0.463681
-0.09375  -0.544253
0  -0.33628
0.03125  -0.370887
0  -0.366586
-0.03125  -0.448015
0.0625  -0.660969
0.25  -0.446635
0.25  -0.703553
0.15625  -0.247593
0.09375  -0.680167
0.1875  -0.419486
0.09375  -0.113119
-0.03125  -0.196488
-0.125  -0.254273
0.1875  -0.397712
0.03125  -0.539808
-0.09375  -0.357691
0.15625  -0.467922
-0.03125  -0.32951
0.125  -0.468162
-0.15625  -0.17749
0.21875  -0.699968
0.15625  -0.419405
-0.09375  -0.34767
0.0625  -0.42125
-0.03125  -0.125661
0.03125  -0.272797
0.0625  -0.411111
-0.28125  -0.552344
-0.15625  -0.267088
0.0625  -0.579651
-0.28125  -0.474598
-0.09375  -0.546213
-0.0625  -0.582174
0.15625  -0.452665
-0.03125  -0.587822
-0.21875  -0.567778
0.0625  -0.47161
0.03125  -0.402005
0.09375  -0.387873
0  -0.445852
0.03125  -0.53063
0.03125  -0.393217
0.25  -0.510211
-0.28125  -0.361152
0.0625  -0.50781
0.25  -0.502288
0.0625  -0.41186
-0.125  -0.588299
0.1875  -0.430423
0  -0.486029
-0.15625  -0.316681
-0.1875  -0.561941
-0.1875  -0.256613
-0.21875  -0.40694
0.25  -0.327837
-0.03125  -0.568046
0.1875  -0.610821
0.125  -0.371283
-0.15625  -0.565313
-0.125  -0.676602
-0.15625  -0.544653
0.0625  -0.492889
0.0625  -0.547402
0.03125  -0.474078
-0.0625  -0.45482
0.28125  -0.579627
-0.09375  -0.463032
0  -0.43648
0.03125  -0.394387
-0.03125  -0.295913
-0.0625  -0.326267
0  -0.469736
0.15625  -0.318578
-0.28125  -0.524639
0.15625  -0.511997
0.1875  -0.592789
0  -0.335711
0.09375  -0.430187
0.28125  -0.424515
0.0625  -0.56426
0.09375  -0.418529
-0.03125  -0.582466
-0.15625  -0.496293
-0.25  -0.522638
-0.03125  -0.453247
0.03125  -0.56804
-0.15625  -0.492592
-0.125  -0.46093
0.09375  -0.322284
0.125  -0.502437
-0.0625  -0.306471
0.0625  -0.424919
0.125  -0.621701
0  -0.466376
0.125  -0.497167
0.09375  -0.596694
0.375  -0.218143
-0.28125  -0.372756
-0.1875  -0.369896
0.28125  -0.277171
0.0625  -0.447448
-0.09375  -0.417899
-0.09375  -0.501156
-0.09375  -0.502178
0.21875  -0.402149
0  -0.299531
0.1875  -0.541785
0.0625  -0.558081
0.375  -0.328597
0.03125  -0.366222
-0.03125  -0.475232
0  -0.561311
-0.1875  -0.480174
0  -0.47015
-0.03125  -0.482286
-0.125  -0.533094
-0.03125  -0.392258
0  -0.552487
0  -0.368915
-0.03125  -0.350432
0.15625  -0.475245
0.3125  -0.506352
0.03125  -0.370923
-0.09375  -0.364111
0.0625  -0.394533
-0.15625  -0.587764
0.0625  -0.368617
-0.03125  -0.283703
-0.09375  -0.544296
0  -0.565395
-0.21875  -0.47046
0.25  -0.36123
-0.375  -0.584635
-0.125  -0.27586
-0.03125  -0.298469
-0.34375  -0.330581
0.1875  -0.282049
-0.03125  -0.40429
0.03125  -0.415361
-0.15625  -0.699714
0.21875  -0.464743
0.09375  -0.188039
-0.09375  -0.497511
-0.0625  -0.452449
-0.15625  -0.511527
0  -0.446176
0.0625  -0.34382
0.0625  -0.466396
-0.03125  -0.321707
-0.15625  -0.480921
0.125  -0.572076
-0.1875  -0.254959
0  -0.419271
-0.09375  -0.257868
0.0625  -0.434092
-0.09375  -0.439305
0.03125  -0.463414
0.03125  -0.373051
-0.28125  -0.592524
0.0625  -0.426456
0.09375  -0.421462
0.125  -0.374653
-0.09375  -0.205416
-0.125  -0.358038
-0.125  -0.342842
0.09375  -0.19249
-0.09375  -0.499738
-0.09375  -0.285091
0.03125  -0.285517
0.03125  -0.275776
0.25  -0.267136
-0.1875  -0.445202
-0.1875  -0.316184
-0.09375  -0.609133
0  -0.405016
0.03125  -0.527563
0  -0.322583
0.03125  -0.238404
-0.21875  -0.451961
-0.1875  -0.489859
0.21875  -0.574657
0  -0.476405
-0.125  -0.680457
-0.0625  -0.570968
-0.125  -0.315344
-0.15625  -0.301613
-0.0625  -0.43514
0.09375  -0.496501
-0.0625  -0.432034
0.0625  -0.521215
-0.03125  -0.46343
0.03125  -0.467128
-0.0625  -0.438758
-0.125  -0.529928
-0.03125  -0.616336
-0.1875  -0.406067
0.0625  -0.470332
-0.09375  -0.431212
-0.125  -0.482922
0.0625  -0.455687
0  -0.413566
0.15625  -0.489128
-0.03125  -0.293253
0.21875  -0.51801
0.0625  -0.614293
-0.03125  -0.412274
-0.125  -0.561305
-0.125  -0.411841
0  -0.442249
0  -0.387791
-0.0625  -0.592028
-0.1875  -0.250855
0.125  -0.34452
0.125  -0.38225
0.0625  -0.252882
0  -0.296122
-0.0625  -0.361418
0.375  -0.335016
-0.03125  -0.397866
-0.09375  -0.547565
-0.09375  -0.288919
-0.03125  -0.366643
0.0625  -0.361243
0.125  -0.530578
0  -0.241096
0.125  -0.55677
-0.03125  -0.369246
-0.125  -0.462174
-0.0625  -0.377074
0.09375  -0.440634
0.09375  -0.306805
0.03125  -0.476179
-0.28125  -0.402361
-0.125  -0.589944
0.34375  -0.401711
-0.1875  -0.542918
0.125  -0.54112
-0.15625  -0.295092
-0.03125  -0.475199
-0.03125  -0.606993
0.1875  -0.417954
-0.1875  -0.597376
0.0625  -0.416831
0.1875  -0.0679122
0.09375  -0.533128
0  -0.503263
0.0625  -0.47634
0  -0.373236
-0.125  -0.523468
-0.03125  -0.716038
0.0625  -0.343155
0.09375  -0.365297
0.0625  -0.247009
0.1875  -0.3844
0  -0.334609
-0.0625  -0.488454
-0.375  -0.501369
-0.0625  -0.32156
0.03125  -0.573202
0  -0.442705
-0.15625  -0.477018
0  -0.383121
-0.0625  -0.372906
0  -0.425628
0.1875  -0.467418
-0.1875  -0.488824
0.15625  -0.56175
0.0625  -0.610254
0  -0.30819
0.125  -0.412236
-0.03125  -0.426454
0  -0.360624
-0.03125  -0.570703
-0.25  -0.297932
-0.0625  -0.510612
0  -0.386404
0  -0.532983
-0.21875  -0.550144
0.34375  -0.462036
0.1875  -0.367136
-0.03125  -0.600013
0.0625  -0.495175
-0.09375  -0.484359
-0.03125  -0.342951
-0.1875  -0.243801
-0.1875  -0.464325
-0.125  -0.34914
-0.09375  -0.456946
0.09375  -0.432511
-0.03125  -0.528604
-0.03125  -0.167136
0.03125  -0.638175
0.09375  -0.38219
-0.03125  -0.510471
0.25  -0.504665
0  -0.458088
-0.125  -0.481429
0.15625  -0.449712
-0.03125  -0.440811
-0.0625  -0.534364
0.03125  -0.471952
0.0625  -0.528653
0  -0.548723
-0.125  -0.431455
0.03125  -0.285643
-0.125  -0.46847
0  -0.467462
0.0625  -0.528725
0  -0.377639
-0.1875  -0.435185
0.09375  -0.502184
-0.15625  -0.474842
-0.125  -0.478857
-0.03125  -0.465134
-0.15625  -0.139041
0.03125  -0.404864
-0.15625  -0.368409
0.0625  -0.350988
-0.0625  -0.225768
0.375  -0.29098
0.0625  -0.396396
0.125  -0.350566
-0.25  -0.401533
-0.09375  -0.556411
-0.3125  -0.394471
-0.125  -0.353199
0.03125  -0.501601
-0.03125  -0.661172
0.0625  -0.583956
0.15625  -0.297801
-0.125  -0.399856
-0.1875  -0.428945
0.0625  -0.299276
0.0625  -0.231686
-0.09375  -0.485823
0  -0.561563
-0.09375  -0.407199
0.0625  -0.649528
-0.15625  -0.509813
-0.21875  -0.404559
0.15625  -0.429553
0.125  -0.556169
-0.1875  -0.520071
0.0625  -0.489224
0.1875  -0.359678
-0.0625  -0.399954
-0.03125  -0.673193
0.09375  -0.566246
-0.15625  -0.318824
0.0625  -0.389781
-0.0625  -0.347935
-0.03125  -0.528726
-0.0625  -0.426908
-0.03125  -0.447672
0  -0.521304
-0.0625  -0.329119
-0.09375  -0.496442
0.03125  -0.401305
-0.0625  -0.415885
-0.03125  -0.507307
-0.03125  -0.41217
-0.0625  -0.429138
-0.0625  -0.500399
0.25  -0.409838
-0.125  -0.350669
-0.09375  -0.464667
-0.125  -0.598321
0.03125  -0.477903
-0.0625  -0.52912
0.0625  -0.336142
0.125  -0.446587
0.09375  -0.468274
0.09375  -0.49927
0.03125  -0.393121
-0.15625  -0.362452
-0.0625  -0.357295
0.0625  -0.559599
0.125  -0.478997
-0.125  -0.348521
0.09375  -0.42304
-0.21875  -0.434318
0.09375  -0.461803
-0.125  -0.344864
-0.03125  -0.385489
0.125  -0.31599
0.125  -0.445981
-0.28125  -0.517651
-0.09375  -0.428205
0.125  -0.265677
0.03125  -0.47829
0.0625  -0.433008
0  -0.379944
-0.09375  -0.395382
0  -0.349963
0  -0.518054
-0.125  -0.460561
-0.25  -0.314209
-0.0625  -0.428401
0.03125  -0.461198
-0.03125  -0.454507
-0.09375  -0.484766
-0.0625  -0.505896
-0.09375  -0.561182
0.125  -0.369895
0.09375  -0.53639
-0.09375  -0.44723
0.25  -0.579008
0.03125  -0.19477
-0.125  -0.597674
-0.15625  -0.491871
-0.25  -0.418195
-0.0625  -0.600085
0  -0.462633
0.21875  -0.36716
0.0625  -0.520749
-0.09375  -0.347128
-0.09375  -0.38777
-0.28125  -0.481565
0.125  -0.324565
0.34375  -0.382487
-0.125  -0.46859
-0.125  -0.407492
-0.0625  -0.162861
0.15625  -0.539597
-0.15625  -0.224254
-0.125  -0.437369
-0.03125  -0.489592
0.03125  -0.511243
-0.03125  -0.441846
-0.09375  -0.547332
0.03125  -0.65772
0.09375  -0.121639
0.1875  -0.495175
-0.15625  -0.532697
0.0625  -0.370332
-0.0625  -0.572233
0.03125  -0.500513
-0.0625  -0.515968
0.15625  -0.550746
-0.03125  -0.480297
0.03125  -0.609047
-0.03125  -0.32012
0.0625  -0.372958
0  -0.504073
-0.03125  -0.29998
-0.15625  -0.582847
0.0625  -0.624732
-0.15625  -0.501641
0  -0.500069
0.0625  -0.47983
-0.0625  -0.532518
0.15625  -0.426451
0.09375  -0.45804
-0.0625  -0.48264
0.03125  -0.535388
-0.15625  -0.389851
-0.0625  -0.264513
0.21875  -0.551193
0.03125  -0.493889
0  -0.44265
-0.0625  -0.330898
-0.03125  -0.566395
0.09375  -0.486263
-0.125  -0.514866
0.1875  -0.160123
0.0625  -0.264533
0.21875  -0.625267
-0.15625  -0.570053
0.03125  -0.510913
-0.15625  -0.301028
-0.03125  -0.328643
0.0625  -0.427742
0.125  -0.510021
-0.28125  -0.661022
0.25  -0.51775
-0.09375  -0.66164
0.0625  -0.509908
-0.15625  -0.235847
-0.09375  -0.287659
-0.25  -0.306411
-0.03125  -0.435607
-0.21875  -0.472856
0.0625  -0.491765
0  -0.422508
0.15625  -0.233086
-0.125  -0.375224
0.03125  -0.347527
-0.03125  -0.288484
0.03125  -0.440955
0.1875  -0.362611
-0.25  -0.457652
-0.1875  -0.439628
0.0625  -0.457037
0.0625  -0.370986
-0.15625  -0.431784
0.3125  -0.461123
0.125  -0.543556
0.125  -0.331254
-0.1875  -0.507705
0.09375  -0.574381
-0.125  -0.598006
0  -0.266835
0.03125  -0.537926
-0.34375  -0.385797
0  -0.464352
0.03125  -0.287156
0.03125  -0.473136
-0.21875  -0.45642
-0.125  -0.517066
-0.25  -0.493427
0.09375  -0.330383
0.0625  -0.449647
0.03125  -0.37701
0  -0.499955
0.0625  -0.294418
0.34375  -0.579778
0.03125  -0.412844
0  -0.417603
-0.09375  -0.652545
0  -0.342514
-0.03125  -0.418753
-0.03125  -0.389236
-0.34375  -0.420518
0  -0.564938
-0.03125  -0.454247
0.0625  -0.275291
-0.1875  -0.575391
0.25  -0.616795
0.03125  -0.232805
0.09375  -0.393821
0.03125  -0.266892
-0.15625  -0.41113
0.1875  -0.462206
-0.25  -0.37217
0.0625  -0.504937
0.09375  -0.567493
0.0625  -0.480817
-0.3125  -0.495879
0  -0.500261
-0.1875  -0.501849
0.125  -0.363595
-0.03125  -0.370399
-0.0625  -0.558363
0.03125  -0.392573
-0.09375  -0.463167
-0.3125  -0.466708
-0.0625  -0.401248
-0.15625  -0.39627
-0.125  -0.559381
0.0625  -0.290392
-0.125  -0.423744
0.09375  -0.190056
0.125  -0.30908
0.0625  -0.38868
-0.15625  -0.368269
0.09375  -0.587317
0.03125  -0.581006
-0.1875  -0.326881
-0.125  -0.288012
-0.0625  -0.507717
0.03125  -0.377248
0.21875  -0.537853
0.125  -0.413969
0.0625  -0.193013
-0.375  -0.226235
-0.21875  -0.148485
-0.0625  -0.222332
0  -0.598646
0.15625  -0.497331
0.21875  -0.592778
0.3125  -0.535925
0.21875  -0.454322
-0.0625  -0.586044
-0.0625  -0.655553
-0.03125  -0.39749
0.0625  -0.436423
0.15625  -0.653231
0.28125  -0.433522
-0.09375  -0.449505
0.03125  -0.446014
0.03125  -0.348308
0.03125  -0.608122
0.15625  -0.49379
0.1875  -0.509364
-0.0625  -0.425623
0.03125  -0.55131
0.0625  -0.241213
-0.03125  -0.352394
-0.21875  -0.556773
0.09375  -0.683265
-0.15625  -0.303568
0.125  -0.461801
0.0625  -0.499473
-0.03125  -0.322389
-0.21875  -0.329697
-0.09375  -0.535408
-0.09375  -0.555979
-0.15625  -0.458699
-0.03125  -0.434488
0.0625  -0.445865
0.15625  -0.341872
0.0625  -0.39256
0  -0.522886
-0.15625  -0.330864
-0.09375  -0.558855
0  -0.387802
0.03125  -0.569833
0.03125  -0.192668
-0.0625  -0.483003
-0.03125  -0.381065
0.03125  -0.413136
-0.0625  -0.5202
0.34375  -0.392269
-0.125  -0.604663
0.15625  -0.217715
-0.0625  -0.498547
-0.0625  -0.492376
0.09375  -0.646814
-0.0625  -0.564178
0.03125  -0.191727
0  -0.442488
-0.03125  -0.515309
-0.1875  -0.214035
0.03125  -0.202301
0.15625  -0.145251
-0.0625  -0.319417
-0.28125  -0.338774
0.0625  -0.579484
-0.15625  -0.339595
0  -0.627847
-0.21875  -0.483649
0.03125  -0.594787
-0.09375  -0.372958
0.15625  -0.223688
0.0625  -0.335045
-0.125  -0.313223
0.125  -0.683345
-0.0625  -0.454008
0.0625  -0.237316
0.0625  -0.548365
0.15625  -0.593101
0  -0.539853
-0.0625  -0.544134
0.1875  -0.18347
0.1875  -0.200296
0  -0.713073
-0.0625  -0.615464
0.0625  -0.433567
0.15625  -0.440676
0.21875  -0.43322
0.09375  -0.416733
0  -0.378302
-0.125  -0.330516
0  -0.565154
-0.09375  -0.280957
-0.03125  -0.459294
0.125  -0.338711
-0.09375  -0.316607
0.21875  -0.535239
0  -0.658741
0.03125  -0.457779
0.03125  -0.410724
0  -0.451216
-0.03125  -0.460523
0.15625  -0.46246
-0.25  -0.19556
-0.125  -0.350394
0.09375  -0.456433
-0.21875  -0.449517
0.125  -0.345743
-0.1875  -0.50976
0.25  -0.280099
0.0625  -0.393486
-0.125  -0.565499
0.0625  -0.630824
-0.09375  -0.44102
0.15625  -0.396807
-0.0625  -0.486968
0.03125  -0.658855
-0.1875  -0.450998
-0.09375  -0.447384
0  -0.48842
0.1875  -0.379009
0.03125  -0.432981
0  -0.387265
0  -0.53875
0.0625  -0.350619
-0.25  -0.279294
-0.03125  -0.456863
-0.0625  -0.448787
-0.03125  -0.452733
-0.1875  -0.387982
0.09375  -0.418738
0.09375  -0.424543
-0.09375  -0.450192
0.15625  -0.555807
0.03125  -0.279593
-0.03125  -0.326332
0.15625  -0.38181
0  -0.623523
0.21875  -0.403733
0.375  -0.355522
0.125  -0.537776
0.03125  -0.394901
0.1875  -0.514883
0.125  -0.554339
0.1875  -0.403364
0.21875  -0.385524
0.09375  -0.606076
0.09375  -0.506853
0.03125  -0.505314
0  -0.596708
0.0625  -0.471699
-0.21875  -0.557526
0.03125  -0.511774
-0.125  -0.403412
-0.125  -0.392086
0.25  -0.547275
-0.1875  -0.431292
0.125  -0.280963
0.28125  -0.405859
0.1875  -0.369158
0.03125  -0.531284
0.15625  -0.531089
-0.09375  -0.637952
0.03125  -0.383765
-0.03125  -0.239462
0  -0.568746
-0.21875  -0.318464
-0.09375  -0.441372
0.0625  -0.483774
0.1875  -0.448409
0.09375  -0.526624
-0.15625  -0.397879
0.09375  -0.203337
0.09375  -0.48575
0.125  -0.492894
-0.125  -0.473488
-0.15625  -0.584291
-0.1875  -0.425993
-0.125  -0.375675
-0.09375  -0.547669
-0.03125  -0.436131
-0.15625  -0.532226
0.09375  -0.36224
0  -0.357876
0.25  -0.308491
-0.125  -0.497556
-0.125  -0.509373
0.125  -0.391124
0.125  -0.481278
-0.0625  -0.261149
0  -0.278683
0.09375  -0.421413
0.125  -0.491823
-0.125  -0.380695
0.09375  -0.272542
0.1875  -0.646729
-0.0625  -0.5777
0.03125  -0.447394
0.03125  -0.321185
0.1875  -0.414022
0.0625  -0.225328
-0.125  -0.380384
0.03125  -0.260648
0  -0.442785
-0.0625  -0.323857
0.125  -0.532012
0.0625  -0.496001
0.3125  -0.377122
-0.09375  -0.544496
0.0625  -0.493902
0.1875  -0.390715
0  -0.427411
0.1875  -0.490976
-0.0625  -0.255014
-0.15625  -0.61528
-0.09375  -0.569941
0.1875  -0.357488
0.21875  -0.490928
0  -0.53228
-0.0625  -0.390518
-0.28125  -0.49424
0.0625  -0.396443
0.125  -0.131586
0.125  -0.601127
0  -0.484
0.3125  -0.461479
0.0625  -0.62587
0.125  -0.299335
-0.03125  -0.410782
0.03125  -0.465236
0.09375  -0.22239
0.09375  -0.446138
0.125  -0.407977
-0.09375  -0.45999
-0.03125  -0.434331
0  -0.582558
0.15625  -0.409723
0.03125  -0.246665
-0.03125  -0.49369
-0.15625  -0.411864
0.125  -0.570396
0  -0.373813
0.3125  -0.619178
-0.21875  -0.412513
0.125  -0.426809
0.1875  -0.420239
-0.0625  -0.353157
0  -0.497119
-0.0625  -0.444516
-0.03125  -0.470442
0.0625  -0.258557
-0.0625  -0.330911
-0.125  -0.236217
-0.125  -0.41271
0.15625  -0.44976
-0.0625  -0.464817
-0.03125  -0.480139
0.03125  -0.391659
-0.09375  -0.55261
0.125  -0.523669
-0.03125  -0.546116
0.0625  -0.408539
-0.03125  -0.25994
0.125  -0.454426
-0.09375  -0.500747
0.0625  -0.647577
-0.375  -0.498449
-0.125  -0.44787
-0.09375  -0.548524
-0.15625  -0.384478
-0.21875  -0.310571
0  -0.56455
0.0625  -0.180362
0.15625  -0.498685
-0.125  -0.245042
-0.125  -0.6064
0.40625  -0.517201
0.21875  -0.298279
0.15625  -0.695701
0.125  -0.504824
-0.03125  -0.519837
-0.25  -0.350025
-0.25  -0.498723
-0.1875  -0.431649
0.03125  -0.550052
-0.09375  -0.476421
0.09375  -0.404817
-0.1875  -0.432082
0.21875  -0.66716
-0.125  -0.466934
0  -0.560447
0.34375  -0.418946
0.15625  -0.4606
-0.03125  -0.3915
-0.125  -0.583686
0.03125  -0.292132
-0.1875  -0.399071
-0.15625  -0.480827
0.03125  -0.511335
0.125  -0.530701
0.0625  -0.569262
0.03125  -0.609595
-0.03125  -0.176755
0.15625  -0.364098
-0.03125  -0.464891
0.09375  -0.450426
0.03125  -0.55898
-0.0625  -0.421829
-0.03125  -0.477473
-0.125  -0.50065
0.0625  -0.186141
0.125  -0.375546
0.15625  -0.326871
0.125  -0.580256
0.03125  -0.500389
-0.25  -0.412442
0.1875  -0.434926
-0.125  -0.558241
-0.03125  -0.514438
0.15625  -0.472764
0.21875  -0.571951
-0.03125  -0.278172
-0.28125  -0.406352
-0.1875  -0.519772
0.09375  -0.415152
0.09375  -0.372982
-0.15625  -0.434964
0.09375  -0.393501
0.21875  -0.465816
-0.3125  -0.403942
-0.03125  -0.517078
-0.25  -0.567983
0.125  -0.547144
0.09375  -0.475637
-0.125  -0.382497
-0.21875  -0.46907
-0.09375  -0.496718
-0.0625  -0.424976
0.21875  -0.427976
-0.3125  -0.380234
-0.09375  -0.481326
-0.1875  -0.23438
-0.1875  -0.346732
-0.09375  -0.358088
0.125  -0.429656
-0.09375  -0.385253
-0.03125  -0.435475
-0.03125  -0.511392
-0.25  -0.388034
-0.09375  -0.0756512
-0.03125  -0.416184
0  -0.390908
-0.15625  -0.443998
-0.1875  -0.449687
0.03125  -0.501489
0  -0.48106
-0.375  -0.483293
-0.125  -0.273765
0.15625  -0.393673
0.125  -0.440346
-0.03125  -0.420982
0.03125  -0.586379
0.03125  -0.48956
0.125  -0.38068
-0.0625  -0.386455
0.09375  -0.629077
0.03125  -0.549753
0.03125  -0.184669
0  -0.570221
0  -0.30264
0.0625  -0.349368
0.0625  -0.364343
-0.125  -0.418546
0.09375  -0.45734
-0.0625  -0.389215
-0.03125  -0.437595
-0.15625  -0.509965
0  -0.562109
0.15625  -0.664008
0.1875  -0.444675
0.09375  -0.259563
0.09375  -0.547819
0.09375  -0.390968
0.03125  -0.359712
-0.15625  -0.380593
-0.09375  -0.445078
-0.03125  -0.523476
-0.0625  -0.529664
0.15625  -0.441613
-0.25  -0.574402
-0.03125  -0.348363
-0.03125  -0.394557
-0.1875  -0.462252
0.0625  -0.473127
0.125  -0.489215
0.0625  -0.615982
0.03125  -0.475871
0.1875  -0.361036
-0.0625  -0.523703
0.125  -0.583183
-0.125  -0.465811
0.1875  -0.401398
0  -0.567289
0.03125  -0.284192
0.0625  -0.48839
0  -0.472125
0.15625  -0.500054
-0.125  -0.3053
0.15625  -0.511414
-0.03125  -0.522697
0.09375  -0.296376
0  -0.561923
0.0625  -0.459231
0.09375  -0.47918
0.28125  -0.589092
0.1875  -0.483557
-0.125  -0.594994
-0.03125  -0.576872
0.1875  -0.434328
0.09375  -0.442727
-0.15625  -0.455446
0.0625  -0.529715
-0.09375  -0.386655
0.03125  -0.228389
-0.125  -0.498364
0  -0.495028
-0.0625  -0.414426
-0.15625  -0.365175
0.3125  -0.61536
0.0625  -0.475141
0.0625  -0.445465
0.1875  -0.418676
0.15625  -0.370846
-0.03125  -0.44105
-0.03125  -0.512567
0.09375  -0.459754
0.125  -0.442492
0.28125  -0.462944
0  -0.659942
-0.0625  -0.43872
-0.03125  -0.420972
0.03125  -0.456219
0  -0.59796
0  -0.412759
0.0625  -0.442408
0.125  -0.554928
0  -0.512186
0.125  -0.486381
0.0625  -0.462779
-0.09375  -0.17979
0.28125  -0.428756
0.0625  -0.498597
-0.15625  -0.321224
-0.28125  -0.551552
0.09375  -0.562687
0.1875  -0.380056
0.09375  -0.366897
0.15625  -0.334277
0.09375  -0.63429
-0.0625  -0.416608
-0.09375  -0.439187
0  -0.492343
-0.0625  -0.384712
-0.03125  -0.481068
-0.03125  -0.348297
0.03125  -0.444776
0.21875  -0.377354
-0.0625  -0.232197
-0.09375  -0.56703
-0.15625  -0.415639
0.4375  -0.548683
-0.125  -0.314301
0.0625  -0.439752
-0.0625  -0.631807
-0.09375  -0.500034
0.0625  -0.455506
0.09375  -0.338543
0.15625  -0.602638
-0.125  -0.404023
-0.03125  -0.578368
0.1875  -0.483452
-0.09375  -0.24744
0.125  -0.45415
-0.0625  -0.456482
-0.09375  -0.279667
-0.1875  -0.305519
0.03125  -0.565633
-0.1875  -0.336364
0.03125  -0.433864
0.34375  -0.390922
-0.09375  -0.428687
0.09375  -0.580934
-0.125  -0.502796
0  -0.473842
0.03125  -0.411757
0  -0.632981
0.03125  -0.541942
-0.0625  -0.349136
0.25  -0.355581
0.125  -0.405312
0  -0.499312
-0.15625  -0.557424
-0.1875  -0.457027
-0.25  -0.399127
0.0625  -0.636517
-0.09375  -0.472646
-0.09375  -0.325026
-0.125  -0.421111
-0.15625  -0.473244
-0.15625  -0.349165
-0.0625  -0.582825
0.25  -0.410659
-0.1875  -0.256875
0.1875  -0.357216
0.125  -0.358785
0.0625  -0.404306
0.125  -0.320757
-0.125  -0.489932
-0.0625  -0.372228
-0.09375  -0.48766
0.28125  -0.559314
-0.0625  -0.490017
0.125  -0.550701
0.1875  -0.405613
0.0625  -0.428714
-0.15625  -0.305313
-0.09375  -0.343028
-0.15625  -0.546401
0.0625  -0.272205
0.15625  -0.577373
-0.21875  -0.417642
0  -0.55247
0.15625  -0.26108
0  -0.556497
-0.0625  -0.482242
-0.125  -0.324773
0.03125  -0.35969
-0.03125  -0.401316
-0.125  -0.399316
-0.09375  -0.581081
0.0625  -0.507583
-0.0625  -0.39524
-0.28125  -0.426271
-0.0625  -0.452609
-0.21875  -0.605523
0.0625  -0.500007
0.03125  -0.434947
-0.09375  -0.516104
-0.125  -0.4465
0.0625  -0.424467
0.0625  -0.537885
-0.0625  -0.378253
0.15625  -0.516462
0.09375  -0.282965
0.03125  -0.350479
0.09375  -0.400954
0.09375  -0.33655
-0.0625  -0.565354
-0.125  -0.543812
0.03125  -0.607574
-0.21875  -0.494438
0.15625  -0.259855
0.03125  -0.458589
0.09375  -0.379207
-0.03125  -0.550281
-0.03125  -0.43792
-0.21875  -0.241191
0.03125  -0.44793
0  -0.448814
-0.0625  -0.553367
0.28125  -0.489406
0.03125  -0.583413
-0.03125  -0.436484
-0.0625  -0.383357
-0.03125  -0.314234
-0.09375  -0.430765
0  -0.500561
0  -0.561946
0.09375  -0.523195
0.0625  -0.486415
-0.125  -0.669381
0.21875  -0.433063
-0.1875  -0.405785
0.25  -0.517947
-0.15625  -0.494464
0  -0.42203
0.21875  -0.411576
-0.09375  -0.522056
0.0625  -0.310709
0.03125  -0.249016
0  -0.582315
-0.21875  -0.580846
0  -0.50152
-0.0625  -0.432371
0.0625  -0.545705
-0.03125  -0.591357
-0.28125  -0.214761
0.15625  -0.38272
-0.09375  -0.482443
-0.09375  -0.239266
0.09375  -0.351665
-0.0625  -0.496867
-0.0625  -0.276089
0.09375  -0.404388
-0.21875  -0.421177
0.03125  -0.499488
-0.125  -0.45979
-0.0625  -0.473651
-0.0625  -0.432508
-0.28125  -0.556974
-0.1875  -0.25412
0.03125  -0.498685
-0.09375  -0.39985
-0.03125  -0.37036
0  -0.448951
0.125  -0.515093
-0.03125  -0.451854
0  -0.26022
0.0625  -0.421103
0.0625  -0.450041
-0.125  -0.504853
0.09375  -0.440257
0.09375  -0.415013
0  -0.332413
-0.125  -0.593869
0  -0.545005
0.0625  -0.454401
-0.0625  -0.508182
-0.09375  -0.572773
0  -0.330405
-0.0625  -0.278541
-0.03125  -0.723311
0  -0.515882
0  -0.181127
0  -0.461068
0.3125  -0.322682
-0.1875  -0.437547
-0.03125  -0.484746
0.0625  -0.586574
-0.125  -0.330625
-0.0625  -0.57412
0.03125  -0.401246
-0.0625  -0.365684
-0.09375  -0.401368
-0.03125  -0.408629
-0.15625  -0.640724
0.15625  -0.26837
0.15625  -0.520441
-0.09375  -0.308094
-0.1875  -0.344189
0.09375  -0.408816
-0.03125  -0.460913
-0.09375  -0.456024
-0.09375  -0.508166
-0.03125  -0.255033
0  -0.0619988
0.03125  -0.387983
-0.125  -0.51818
0.15625  -0.418562
-0.0625  -0.658225
0.03125  -0.232894
-0.125  -0.404441
0.03125  -0.291229
0  -0.516825
-0.21875  -0.583943
0.03125  -0.484144
-0.09375  -0.392975
0  -0.571325
-0.03125  -0.620499
-0.25  -0.291604
0  -0.508583
0.09375  -0.322698
0  -0.377594
-0.09375  -0.461223
-0.09375  -0.373944
-0.15625  -0.377917
0.0625  -0.368885
-0.125  -0.573701
0.09375  -0.448727
-0.28125  -0.583712
0.15625  -0.569579
0  -0.345623
0.0625  -0.255977
0.28125  -0.326458
-0.0625  -0.294946
0.09375  -0.320422
0.125  -0.301583
0.09375  -0.368405
0.1875  -0.407514
0.03125  -0.497649
-0.25  -0.49215
0.15625  -0.418585
0  -0.390264
0.0625  -0.344041
-0.09375  -0.475998
-0.09375  -0.312239
0.15625  -0.407167
-0.03125  -0.295658
0.15625  -0.325725
0.125  -0.451412
0.09375  -0.446004
0.09375  -0.540116
0.125  -0.340956
0.0625  -0.558731
0.03125  -0.289154
0.09375  -0.576664
-0.03125  -0.361308
0.15625  -0.321191
0.09375  -0.637137
-0.15625  -0.486318
0.125  -0.496348
0.15625  -0.620932
0.125  -0.441565
-0.15625  -0.51596
-0.15625  -0.476058
-0.1875  -0.634666
0.125  -0.386126
0.34375  -0.363149
-0.0625  -0.433545
-0.0625  -0.423906
0.09375  -0.517983
0.09375  -0.323308
0  -0.575356
0.09375  -0.458904
0.09375  -0.262032
0  -0.449126
0.0625  -0.719009
0.09375  -0.446281
-0.15625  -0.356479
-0.03125  -0.460973
-0.09375  -0.311334
-0.03125  -0.291867
0  -0.402163
-0.03125  -0.523736
0.09375  -0.396418
0.03125  -0.492835
-0.21875  -0.382655
0.0625  -0.454229
-0.21875  -0.460087
-0.125  -0.500005
-0.09375  -0.393997
-0.125  -0.141764
-0.21875  -0.387362
-0.0625  -0.327642
-0.0625  -0.430444
0.09375  -0.693416
0.03125  -0.594406
0.25  -0.433195
0.03125  -0.279414
0.125  -0.584557
0.09375  -0.406372
0.03125  -0.61987
0  -0.520914
0.125  -0.435369
-0.1875  -0.412091
-0.09375  -0.494492
-0.125  -0.389231
0.125  -0.497333
-0.1875  -0.298609
0  -0.274493
0.03125  -0.254945
-0.15625  -0.324816
-0.1875  -0.308322
-0.1875  -0.457072
0.0625  -0.585304
0.03125  -0.281525
-0.03125  -0.501783
-0.125  -0.314273
-0.09375  -0.32774
0.21875  -0.385847
-0.34375  -0.397257
0.03125  -0.586885
-0.03125  -0.285236
0.03125  -0.604898
0.0625  -0.382271
0.125  -0.574367
0  -0.543961
-0.09375  -0.482161
-0.03125  -0.679764
0.125  -0.521345
-0.03125  -0.555252
0.0625  -0.331184
0.125  -0.332446
0.15625  -0.372591
0.1875  -0.59517
-0.03125  -0.407634
0  -0.509486
-0.0625  -0.547436
-0.03125  -0.384607
-0.03125  -0.41348
0  -0.514151
-0.34375  -0.366041
-0.03125  -0.46238
0.03125  -0.510366
-0.25  -0.532342
-0.0625  -0.416898
-0.125  -0.495004
0  -0.519862
0  -0.364786
0.25  -0.36824
-0.03125  -0.499839
0.15625  -0.484761
-0.21875  -0.266718
0.125  -0.561742
0.15625  -0.479274
0.125  -0.333933
-0.03125  -0.350644
0  -0.464213
0  -0.493226
0.0625  -0.449864
0.0625  -0.444644
0.21875  -0.51493
-0.03125  -0.393163
-0.09375  -0.314293
0.09375  -0.401783
0.125  -0.353009
-0.15625  -0.4179
0.03125  -0.642461
-0.03125  -0.574053
-0.21875  -0.524219
-0.25  -0.534399
0.125  -0.452398
0.03125  -0.372057
0.15625  -0.332112
0.03125  -0.224944
0.0625  -0.479074
0.0625  -0.351396
0.0625  -0.472428
-0.03125  -0.364573
-0.03125  -0.348248
0.25  -0.504369
-0.0625  -0.221699
-0.21875  -0.529186
-0.15625  -0.46729
0  -0.564287
0.1875  -0.191252
0  -0.475243
0.0625  -0.473592
0.15625  -0.546676
0.15625  -0.257208
0.15625  -0.517602
0.03125  -0.466917
0.03125  -0.641708
0.03125  -0.66756
0.1875  -0.33555
-0.0625  -0.444042
0.28125  -0.579065
-0.09375  -0.38899
0.1875  -0.39545
-0.15625  -0.550743
0.03125  -0.406756
-0.125  -0.229416
0.125  -0.587427
-0.25  -0.353902
-0.03125  -0.326223
-0.25  -0.323559
0.09375  -0.457419
0.0625  -0.701185
0  -0.400938
-0.09375  -0.437122
0.28125  -0.245153
0.125  -0.345333
-0.0625  -0.251833
0.03125  -0.380864
-0.0625  -0.395585
0  -0.664779
0.125  -0.507704
-0.09375  -0.50225
0.09375  -0.410282
-0.15625  -0.376777
-0.21875  -0.482766
-0.15625  -0.466105
0.03125  -0.48382
0.125  -0.599156
0.125  -0.408002
-0.15625  -0.344245
0.0625  -0.447429
0.21875  -0.442834
0  -0.334607
-0.25  -0.606754
-0.03125  -0.335418
0.125  -0.352069
0.25  -0.27678
0.0625  -0.389682
-0.0625  -0.40563
0.09375  -0.60812
-0.0625  -0.554693
0  -0.37151
-0.09375  -0.533076
0.25  -0.51763
0  -0.377973
-0.125  -0.368872
0.03125  -0.431135
0.03125  -0.53033
0.09375  -0.442202
-0.125  -0.579845
-0.0625  -0.414753
-0.28125  -0.539325
0  -0.454053
-0.125  -0.410093
-0.125  -0.467482
-0.03125  -0.468605
-0.25  -0.313218
-0.125  -0.314736
0.125  -0.502769
0.15625  -0.443284
-0.03125  -0.307589
-0.0625  -0.333452
0.0625  -0.510515
-0.1875  -0.592042
-0.09375  -0.42069
0.03125  -0.369559
0.21875  -0.488381
-0.09375  -0.411326
0  -0.362708
0.0625  -0.554471
0.03125  -0.497001
-0.03125  -0.302349
-0.0625  -0.441093
0.21875  -0.358371
-0.0625  -0.348251
0  -0.462936
0.09375  -0.338286
-0.03125  -0.588803
0  -0.410626
-0.15625  -0.505909
0  -0.34919
0  -0.504152
0.0625  -0.505856
0.09375  -0.514962
-0.09375  -0.368473
-0.0625  -0.295682
-0.03125  -0.620947
0.03125  -0.418233
0.0625  -0.593119
0.09375  -0.55211
-0.1875  -0.429348
-0.09375  -0.452498
0.09375  -0.285246
0.09375  -0.253507
-0.03125  -0.479097
0.03125  -0.502724
-0.15625  -0.454384
0  -0.602903
0.21875  -0.28609
0.09375  -0.40592
-0.0625  -0.412452
0.0625  -0.37645
0.15625  -0.392885
0.0625  -0.462377
-0.03125  -0.428628
0.4375  -0.387104
0.15625  -0.484307
0  -0.311745
0.0625  -0.471956
-0.03125  -0.546996
0.03125  -0.48814
-0.09375  -0.464538
0.03125  -0.611221
0.03125  -0.275083
-0.15625  -0.364189
-0.09375  -0.513221
0.15625  -0.458838
0.21875  -0.350346
0.03125  -0.405992
0.125  -0.422072
0.0625  -0.476644
0.09375  -0.529626
0.09375  -0.410493
-0.1875  -0.338625
0.03125  -0.484036
0.125  -0.401865
-0.0625  -0.403293
-0.09375  -0.440489
-0.1875  -0.458013
0.15625  -0.447893
-0.15625  -0.384854
-0.125  -0.495706
0.21875  -0.562478
0.09375  -0.424913
-0.03125  -0.575638
0  -0.531235
0.15625  -0.384423
0.09375  -0.479548
0.0625  -0.382229
0.1875  -0.500645
-0.0625  -0.429165
-0.09375  -0.336671
-0.09375  -0.595191
0  -0.686822
-0.03125  -0.455642
-0.1875  -0.430622
-0.125  -0.474526
0.0625  -0.150835
-0.25  -0.372379
-0.0625  -0.528149
-0.09375  -0.323884
0  -0.463444
-0.03125  -0.570298
0.09375  -0.467659
-0.09375  -0.517317
0.15625  -0.596306
0  -0.591413
-0.0625  -0.545786
-0.21875  -0.467529
0  -0.533826
-0.03125  -0.397209
0.1875  -0.350505
0.09375  -0.466609
-0.125  -0.444563
0.09375  -0.330191
0.125  -0.300101
-0.0625  -0.523611
0.0625  -0.370643
0.15625  -0.466462
-0.125  -0.411618
0.03125  -0.426614
-0.03125  -0.529299
0.03125  -0.600517
0.1875  -0.493846
0.1875  -0.408847
0.125  -0.508494
-0.09375  -0.451261
0.03125  -0.323152
-0.125  -0.149675
0.03125  -0.552564
-0.03125  -0.3508
-0.0625  -0.497405
0.15625  -0.46065
0.125  -0.404621
0.09375  -0.458053
-0.0625  -0.215259
-0.03125  -0.334863
0  -0.336906
0.09375  -0.283516
0.09375  -0.650193
-0.125  -0.424414
-0.125  -0.299957
0.03125  -0.293768
-0.09375  -0.198764
0.125  -0.537389
0.28125  -0.472479
0.34375  -0.465542
0  -0.398451
0.0625  -0.689706
-0.1875  -0.375323
-0.21875  -0.521771
-0.09375  -0.545348
0.125  -0.345279
0  -0.370246
0.0625  -0.565281
0.0625  -0.437544
-0.125  -0.281058
0.03125  -0.697614
0.125  -0.337751
-0.15625  -0.443984
0.21875  -0.342192
-0.0625  -0.44615
0  -0.333472
0.09375  -0.393923
-0.0625  -0.306062
-0.21875  -0.498369
0.1875  -0.450493
0.09375  -0.414522
0.15625  -0.53173
-0.0625  -0.39765
-0.1875  -0.472428
-0.03125  -0.239387
-0.09375  -0.400998
-0.125  -0.331684
-0.125  -0.477995
0.25  -0.180414
-0.03125  -0.54127
0.03125  -0.486748
-0.09375  -0.37402
0  -0.50856
-0.125  -0.398339
0.1875  -0.454167
0  -0.656219
0.0625  -0.493841
-0.25  -0.446989
0.0625  -0.501625
0.125  -0.55877
0  -0.484372
-0.09375  -0.37918
-0.1875  -0.411345
-0.0625  -0.466158
0.09375  -0.518088
-0.03125  -0.209002
-0.1875  -0.22961
-0.03125  -0.41185
-0.0625  -0.573091
-0.09375  -0.492228
-0.03125  -0.572149
-0.03125  -0.319391
0.125  -0.0970888
0.09375  -0.478152
0.09375  -0.38783
-0.1875  -0.427298
0.1875  -0.464917
0.125  -0.53315
-0.15625  -0.486393
-0.09375  -0.541392
-0.0625  -0.353309
-0.09375  -0.454935
0  -0.646508
0.03125  -0.281509
0.0625  -0.319802
0  -0.392346
-0.03125  -0.357572
0.03125  -0.383781
0.03125  -0.342753
-0.03125  -0.453493
0  -0.415583
0.09375  -0.380529
-0.28125  -0.376762
0  -0.389896
-0.09375  -0.373841
0.03125  -0.555433
-0.03125  -0.162773
-0.09375  -0.606151
0  -0.49069
0.125  -0.399276
0.03125  -0.505148
0.09375  -0.516636
0.0625  -0.35508
0.09375  -0.40571
-0.0625  -0.353051
0  -0.427383
0.09375  -0.553512
0.21875  -0.366715
0.125  -0.461592
-0.0625  -0.385433
-0.21875  -0.527777
-0.1875  -0.369519
-0.03125  -0.50951
-0.09375  -0.598922
0.0625  -0.480086
-0.15625  -0.443927
-0.03125  -0.636501
0.0625  -0.245418
0.21875  -0.404379
0.125  -0.441182
0  -0.366555
-0.0625  -0.420641
-0.25  -0.453115
0.09375  -0.594861
-0.03125  -0.531621
-0.09375  -0.598993
0.15625  -0.49484
-0.03125  -0.624311
0.25  -0.439555
-0.0625  -0.426254
-0.09375  -0.442119
0.03125  -0.335506
-0.3125  -0.392412
0.3125  -0.367436
-0.21875  -0.47308
-0.25  -0.652326
-0.15625  -0.648234
-0.28125  -0.611289
0.15625  -0.525832
0.125  -0.3518
0.09375  -0.630503
-0.25  -0.251379
0.03125  -0.280331
-0.0625  -0.566925
0.15625  -0.273525
-0.21875  -0.189455
-0.25  -0.470817
0.21875  -0.658443
-0.09375  -0.574124
0.09375  -0.450028
0.1875  -0.501442
0.09375  -0.37261
0.25  -0.503035
0.09375  -0.436404
0.0625  -0.422272
-0.15625  -0.401924
-0.03125  -0.441372
0.375  -0.333264
0.0625  -0.446168
-0.0625  -0.387073
-0.03125  -0.56461
0.125  -0.606733
0.15625  -0.363011
-0.15625  -0.569913
0.21875  -0.510832
0.125  -0.431128
-0.09375  -0.389212
0  -0.614685
-0.25  -0.401783
-0.125  -0.478399
-0.03125  -0.404717
0.0625  -0.248884
-0.03125  -0.626103
-0.03125  -0.559344
0.125  -0.439964
0.125  -0.673329
0  -0.475207
0.0625  -0.541534
-0.0625  -0.50301
-0.09375  -0.466211
-0.15625  -0.441748
-0.0625  -0.256177
0.0625  -0.602302
0.0625  -0.588753
-0.125  -0.445131
0.09375  -0.60971
-0.15625  -0.538614
-0.09375  -0.477853
0.09375  -0.483038
-0.03125  -0.397761
0.0625  -0.606802
-0.03125  -0.669409
0.3125  -0.423673
0.1875  -0.582807
0.09375  -0.261986
0.09375  -0.464301
0.03125  -0.428797
0  -0.34184
0  -0.434462
0.15625  -0.4124
-0.09375  -0.502233
0  -0.622025
0.0625  -0.41787
-0.0625  -0.301223
0.21875  -0.519876
-0.0625  -0.52272
0.03125  -0.467809
-0.15625  -0.51674
0.15625  -0.410874
0.15625  -0.423932
0.03125  -0.411417
-0.03125  -0.297399
-0.125  -0.457576
0.125  -0.46178
0.03125  -0.459793
-0.125  -0.446153
0  -0.425913
0.03125  -0.633335
0.0625  -0.349289
0.09375  -0.508869
-0.03125  -0.52801
-0.09375  -0.324271
0.03125  -0.496665
0  -0.309996
-0.125  -0.556921
-0.125  -0.555888
-0.15625  -0.471141
-0.09375  -0.616302
-0.0625  -0.508867
0.03125  -0.479823
-0.15625  -0.32584
-0.0625  -0.627454
0.125  -0.272791
0.03125  -0.540922
-0.0625  -0.523737
0.0625  -0.472864
0.03125  -0.506341
0.1875  -0.510901
0  -0.553336
-0.1875  -0.512625
0.125  -0.511873
-0.21875  -0.421386
-0.09375  -0.515381
0.03125  -0.357758
0.25  -0.482081
-0.15625  -0.397809
0.03125  -0.560606
0.1875  -0.373398
-0.125  -0.436299
-0.125  -0.553926
0.15625  -0.342973
-0.15625  -0.380992
0.0625  -0.531227
0.1875  -0.47704
0.125  -0.298694
0.03125  -0.533521
-0.125  -0.322877
0.0625  -0.511694
0.09375  -0.384338
-0.125  -0.425253
-0.125  -0.367253
0  -0.358535
0.09375  -0.623376
0.15625  -0.348931
0.03125  -0.50367
-0.09375  -0.561802
0  -0.576294
-0.09375  -0.665078
0.125  -0.487293
0.0625  -0.267143
0  -0.418899
0.0625  -0.478788
0  -0.542193
0.03125  -0.578857
-0.03125  -0.389977
-0.15625  -0.239129
0.15625  -0.477883
-0.03125  -0.471478
-0.09375  -0.469898
0.09375  -0.595075
0.0625  -0.360346
-0.21875  -0.509106
0.09375  -0.579339
-0.0625  -0.331622
-0.09375  -0.603968
0  -0.421927
0.09375  -0.508468
0.03125  -0.525193
-0.03125  -0.494468
0.09375  -0.4896
-0.0625  -0.454855
-0.125  -0.525927
-0.0625  -0.517138
-0.03125  -0.534473
0.1875  -0.361375
0.15625  -0.351015
-0.15625  -0.379435
0  -0.408734
-0.09375  -0.603626
0.09375  -0.221908
0.0625  -0.389557
0.125  -0.574996
-0.15625  -0.448553
-0.09375  -0.44423
-0.0625  -0.38495
-0.03125  -0.421613
-0.15625  -0.370058
-0.1875  -0.530368
0.21875  -0.499801
0.125  -0.268235
0.15625  -0.495315
0.15625  -0.333972
-0.3125  -0.566071
-0.125  -0.606908
0.0625  -0.388407
0.09375  -0.670904
0.0625  -0.486182
-0.0625  -0.420094
-0.03125  -0.311025
-0.1875  -0.350281
0.03125  -0.480062
0  -0.556928
0.1875  -0.397764
-0.03125  -0.362387
0.09375  -0.516514
-0.21875  -0.516565
0  -0.367502
0.15625  -0.393546
0.03125  -0.418124
0.0625  -0.472175
-0.09375  -0.538753
0.03125  -0.715926
0.15625  -0.518472
0.09375  -0.534834
0.1875  -0.327872
-0.15625  -0.478222
-0.09375  -0.435239
-0.1875  -0.474536
-0.09375  -0.525863
-0.28125  -0.465214
-0.15625  -0.504141
0  -0.56013
0.0625  -0.602793
0.15625  -0.413903
-0.09375  -0.418852
0.125  -0.254116
0.1875  -0.351489
0.125  -0.652604
-0.03125  -0.411081
-0.21875  -0.44027
-0.09375  -0.375642
0.125  -0.541795
0  -0.498375
-0.1875  -0.398459
0.15625  -0.288817
-0.25  -0.574151
-0.1875  -0.498205
-0.09375  -0.332715
0.3125  -0.198769
0.0625  -0.527125
0.09375  -0.409873
0.0625  -0.449484
0.125  -0.469556
0.0625  -0.479879
0.03125  -0.253783
0.0625  -0.268374
0.125  -0.231932
0  -0.489134
-0.09375  -0.364556
0.03125  -0.312861
-0.1875  -0.288545
0.28125  -0.398532
-0.125  -0.307599
-0.125  -0.600167
-0.03125  -0.283242
-0.09375  -0.658261
0  -0.470439
0.1875  -0.334774
-0.125  -0.536054
-0.125  -0.55013
-0.125  -0.45218
0.15625  -0.314316
0.1875  -0.498351
0.40625  -0.377993
-0.15625  -0.34768
0.03125  -0.52568
0.09375  -0.377457
0.03125  -0.588564
-0.25  -0.462415
-0.28125  -0.41154
0.09375  -0.484663
-0.0625  -0.497325
0.0625  -0.457217
0  -0.593936
0.0625  -0.490448
-0.15625  -0.449288
0.0625  -0.527731
-0.09375  -0.489293
0.0625  -0.526736
-0.21875  -0.661624
0.15625  -0.512922
0.125  -0.334964
0.21875  -0.43183
0.0625  -0.333124
-0.25  -0.513039
-0.09375  -0.392549
-0.03125  -0.321041
0.03125  -0.405186
0.15625  -0.193962
0.1875  -0.349627
0.09375  -0.442997
0.1875  -0.322163
-0.15625  -0.444022
-0.03125  -0.551627
-0.0625  -0.386939
0  -0.577401
0  -0.502418
0.09375  -0.420641
-0.0625  -0.244479
-0.0625  -0.338958
0.125  -0.44809
0  -0.533046
0  -0.589217
0.03125  -0.567783
0.03125  -0.517374
0.09375  -0.521268
0.09375  -0.354248
0.1875  -0.425699
-0.09375  -0.316053
0.15625  -0.456982
0.0625  -0.514656
-0.0625  -0.55106
-0.03125  -0.548621
0.125  -0.414416
0.0625  -0.60936
-0.3125  -0.388943
-0.03125  -0.456941
-0.15625  -0.383493
-0.03125  -0.50371
-0.15625  -0.392154
0.0625  -0.393962
-0.0625  -0.466143
0  -0.558016
-0.21875  -0.574895
0  -0.479425
-0.3125  -0.551529
-0.03125  -0.506115
0.15625  -0.553466
-0.03125  -0.445693
0.09375  -0.534786
-0.03125  -0.452112
0.28125  -0.416256
0.125  -0.507112
0.28125  -0.31107
0.03125  -0.483435
-0.125  -0.445359
0.15625  -0.398582
-0.0625  -0.424597
-0.09375  -0.309814
0  -0.352825
0.21875  -0.3696
0.0625  -0.390083
-0.09375  -0.443025
-0.03125  -0.535878
-0.25  -0.586171
-0.09375  -0.35239
0.03125  -0.472455
0.0625  -0.467229
0.0625  -0.327016
0.15625  -0.562201
-0.0625  -0.278023
-0.15625  -0.484669
0  -0.346548
0.09375  -0.662364
0.125  -0.342342
0  -0.474041
-0.15625  -0.484648
0.09375  -0.450269
-0.03125  -0.518005
-0.125  -0.471204
0.09375  -0.454812
0.0625  -0.488001
0.1875  -0.466741
-0.15625  -0.445941
0.21875  -0.473653
-0.125  -0.481498
0  -0.321056
0.21875  -0.487752
0  -0.359832
0.125  -0.283634
0.15625  -0.494814
0.03125  -0.413301
-0.15625  -0.467406
-0.0625  -0.420762
-0.0625  -0.482203
-0.1875  -0.470386
0.1875  -0.492115
-0.09375  -0.502847
-0.0625  -0.439335
0  -0.497841
-0.3125  -0.115778
-0.03125  -0.414876
-0.09375  -0.413423
0.28125  -0.415935
-0.09375  -0.357514
-0.15625  -0.431261
-0.09375  -0.488871
-0.28125  -0.403134
0.03125  -0.447594
0  -0.375296
0.15625  -0.656906
-0.03125  -0.485006
0.15625  -0.414813
0.21875  -0.356954
-0.03125  -0.24522
-0.125  -0.278862
0.03125  -0.491743
0.0625  -0.415335
0.0625  -0.391374
-0.125  -0.562352
0.15625  -0.5376
-0.0625  -0.230377
-0.15625  -0.436116
0.0625  -0.442506
0.03125  -0.486806
0.21875  -0.520576
0.09375  -0.358548
-0.15625  -0.199108
0.25  -0.491764
0  -0.322002
0.15625  -0.37172
0.1875  -0.504042
-0.1875  -0.27898
0.1875  -0.481002
0.03125  -0.325479
0.0625  -0.541367
0  -0.381903
0.15625  -0.453873
0.1875  -0.409957
-0.09375  -0.433477
0.125  -0.428614
0.09375  -0.525576
0.125  -0.586751
0.0625  -0.346188
0.28125  -0.234211
-0.1875  -0.579339
0.09375  -0.291747
0.15625  -0.447791
0.15625  -0.426633
0  -0.548585
0  -0.386251
-0.03125  -0.436372
0.09375  -0.409181
0.09375  -0.50254
0.03125  -0.316473
0.125  -0.562988
0.09375  -0.569639
0.0625  -0.468104
-0.0625  -0.540681
0.09375  -0.419767
0.0625  -0.434444
0.125  -0.636176
0.09375  -0.518462
0.03125  -0.5497
0.15625  -0.471632
0.09375  -0.537735
-0.15625  -0.573794
-0.1875  -0.602643
-0.25  -0.514259
0.15625  -0.535895
0.03125  -0.376652
-0.1875  -0.523615
-0.15625  -0.517214
0.09375  -0.53225
-0.125  -0.202712
-0.15625  -0.41836
-0.03125  -0.450803
0.15625  -0.378254
-0.21875  -0.505395
0.21875  -0.356367
0  -0.515765
-0.0625  -0.585837
0.1875  -0.238912
0.03125  -0.575866
-0.09375  -0.449288
0.09375  -0.548994
0.21875  -0.337668
-0.21875  -0.539378
0.09375  -0.330545
0.03125  -0.490592
0.0625  -0.459708
0.21875  -0.543366
-0.34375  -0.523441
0.1875  -0.572257
0  -0.447863
-0.0625  -0.525309
0.09375  -0.532475
0.03125  -0.601185
0.15625  -0.389919
-0.03125  -0.518857
-0.28125  -0.343143
-0.0625  -0.625295
0.0625  -0.473577
-0.0625  -0.675927
0.125  -0.318659
0.125  -0.523677
-0.09375  -0.456771
0.09375  -0.408181
-0.125  -0.550001
0.0625  -0.168509
0.0625  -0.374665
0.0625  -0.36345
-0.125  -0.430403
-0.21875  -0.345979
-0.125  -0.291099
-0.0625  -0.396511
0.0625  -0.418777
0.1875  -0.528034
0.0625  -0.504164
0.15625  -0.626135
0.15625  -0.45606
-0.09375  -0.517041
0.03125  -0.53643
0.0625  -0.421948
-0.1875  -0.544513
-0.03125  -0.421468
-0.15625  -0.460659
-0.03125  -0.536665
0.21875  -0.275066
-0.0625  -0.657806
0.125  -0.487487
-0.0625  -0.523419
0.125  -0.522115
-0.03125  -0.437216
-0.1875  -0.401869
-0.1875  -0.56051
-0.15625  -0.652105
0.03125  -0.428948
0  -0.620098
0.03125  -0.667739
0.09375  -0.435265
0.0625  -0.26737
0.125  -0.670962
-0.125  -0.537739
-0.09375  -0.54559
0.1875  -0.358793
0.15625  -0.506101
0.09375  -0.4881
0.09375  -0.565516
-0.0625  -0.461656
-0.28125  -0.438901
-0.03125  -0.512791
0  -0.424718
-0.0625  -0.371637
-0.03125  -0.316228
0.03125  -0.645403
0.0625  -0.323868
0  -0.419088
0.03125  -0.108939
0.03125  -0.541906
0.15625  -0.44554
-0.09375  -0.625011
-0.0625  -0.402521
-0.03125  -0.421657
-0.0625  -0.57209
0.0625  -0.455686
0.03125  -0.364567
0.1875  -0.612229
0.03125  -0.202749
-0.28125  -0.399042
0.0625  -0.436834
0.0625  -0.4235
-0.15625  -0.452799
0.03125  -0.267028
0.03125  -0.318119
0.15625  -0.501808
-0.25  -0.308516
-0.15625  -0.475529
0.09375  -0.383553
0.125  -0.52268
0.03125  -0.433721
-0.15625  -0.568925
-0.09375  -0.543368
0.03125  -0.632797
-0.125  -0.293385
-0.03125  -0.190567
0.0625  -0.190681
0.125  -0.512668
0.09375  -0.570062
0.03125  -0.51838
0  -0.504043
0.09375  -0.273951
0.1875  -0.350058
-0.03125  -0.354712
0  -0.362268
-0.09375  -0.569204
-0.03125  -0.50537
-0.03125  -0.601688
-0.03125  -0.338425
0.09375  -0.412921
0.0625  -0.388059
-0.125  -0.433502
-0.0625  -0.415432
0.03125  -0.247318
0.09375  -0.596494
-0.03125  -0.316343
-0.21875  -0.426993
0.03125  -0.480418
0  -0.358774
-0.03125  -0.415738
0.1875  -0.428832
-0.0625  -0.467559
0.15625  -0.282172
-0.125  -0.563728
0.0625  -0.529511
-0.15625  -0.459461
0  -0.527974
-0.0625  -0.27333
0.125  -0.341329
0.125  -0.538916
-0.09375  -0.453985
-0.15625  -0.331675
-0.1875  -0.371693
0  -0.365754
-0.125  -0.491965
-0.1875  -0.414228
0.03125  -0.555317
0  -0.355437
-0.1875  -0.385848
-0.0625  -0.549922
-0.03125  -0.55003
0.125  -0.416
-0.09375  -0.06161
0.125  -0.464263
0.125  -0.3896
0.15625  -0.114153
0.1875  -0.398508
0  -0.605817
0.09375  -0.3064
0.25  -0.220936
-0.03125  -0.573331
0  -0.516622
0  -0.456486
-0.125  -0.361023
-0.03125  -0.427923
0.09375  -0.441259
-0.15625  -0.364623
-0.09375  -0.260845
0  -0.628235
-0.125  -0.423556
0.1875  -0.638027
0.0625  -0.442076
-0.09375  -0.482599
-0.03125  -0.511688
0.03125  -0.634745
-0.15625  -0.271819
0.03125  -0.334077
0.15625  -0.633673
0.125  -0.378601
0.15625  -0.421628
-0.15625  -0.418792
-0.09375  -0.451638
-0.125  -0.491963
0  -0.542566
-0.0625  -0.434104
0  -0.417146
-0.0625  -0.463068
0  -0.455137
0.09375  -0.252979
0.1875  -0.50153
0.09375  -0.640786
-0.0625  -0.548958
-0.1875  -0.359279
0.09375  -0.41835
-0.125  -0.704445
0.125  -0.494787
0.21875  -0.360163
-0.09375  -0.5893
-0.1875  -0.411334
-0.15625  -0.293002
0  -0.671099
-0.0625  -0.332811
0.15625  -0.443035
-0.09375  -0.525332
0  -0.442125
0.0625  -0.424346
0.03125  -0.294234
-0.03125  -0.527336
0.125  -0.490546
-0.25  -0.516382
-0.09375  -0.505332
0.1875  -0.4738
0.1875  -0.450425
-0.03125  -0.399507
-0.03125  -0.493619
0.25  -0.376818
0.0625  -0.286575
0.15625  -0.448251
0.3125  -0.546375
0.3125  -0.289228
0.09375  -0.5206
0.03125  -0.381036
-0.09375  -0.556732
0.125  -0.551675
-0.1875  -0.373051
0.0625  -0.367679
0.0625  -0.256827
0  -0.427608
-0.09375  -0.327073
-0.09375  -0.491272
-0.21875  -0.546388
0.09375  -0.469666
0.15625  -0.433039
0.0625  -0.441622
-0.15625  -0.603173
-0.03125  -0.534596
0.15625  -0.447703
-0.15625  -0.453073
0.0625  -0.398558
-0.03125  -0.488913
-0.15625  -0.585124
0  -0.422689
0.03125  -0.454561
0  -0.46402
0.0625  -0.554654
-0.03125  -0.527267
0.03125  -0.509191
0.25  -0.225164
0.09375  -0.525238
-0.09375  -0.584246
0.03125  -0.35748
-0.125  -0.461744
0  -0.470503
-0.09375  -0.515771
-0.15625  -0.223421
0.21875  -0.46159
-0.15625  -0.499784
-0.25  -0.500421
0.0625  -0.268887
0.09375  -0.342406
-0.15625  -0.424773
0.09375  -0.303042
-0.03125  -0.489825
-0.09375  -0.477318
-0.0625  -0.388311
-0.15625  -0.410927
0.03125  -0.442719
0.1875  -0.33709
0.0625  -0.457669
-0.03125  -0.382513
-0.25  -0.42306
-0.15625  -0.34206
-0.09375  -0.666605
0.3125  -0.529353
0.28125  -0.441742
-0.15625  -0.43538
0.09375  -0.474613
0.15625  -0.423132
0  -0.310918
0.0625  -0.348706
0.0625  -0.464443
-0.28125  -0.433488
0.09375  -0.501657
-0.0625  -0.557991
0  -0.443835
-0.125  -0.476945
0.1875  -0.288961
0  -0.547136
0.03125  -0.375681
-0.09375  -0.545604
0  -0.508409
-0.0625  -0.374238
-0.375  -0.391646
-0.3125  -0.348855
-0.125  -0.29125
-0.15625  -0.485296
-0.03125  -0.677213
0.03125  -0.464682
-0.0625  -0.506107
0.09375  -0.499249
-0.03125  -0.440771
0  -0.34679
-0.21875  -0.475406
-0.25  -0.454577
-0.03125  -0.363701
0.09375  -0.342272
-0.0625  -0.519255
-0.1875  -0.471665
-0.03125  -0.486588
-0.15625  -0.525716
-0.03125  -0.384213
-0.0625  -0.470012
0.125  -0.492181
0.125  -0.424079
0.03125  -0.608435
0  -0.428729
0.3125  -0.401031
-0.03125  -0.436819
0.0625  -0.403146
0  -0.469739
-0.09375  -0.469228
-0.03125  -0.454739
-0.0625  -0.483778
0  -0.429794
-0.0625  -0.475453
0.03125  -0.466732
-0.15625  -0.268433
-0.25  -0.632346
0.21875  -0.259442
-0.09375  -0.470065
0  -0.518307
0.21875  -0.437486
-0.125  -0.4668
-0.0625  -0.366493
0  -0.377162
0.03125  -0.429327
0.03125  -0.407921
0.0625  -0.365522
0  -0.456994
0.09375  -0.463845
0.1875  -0.402318
0.0625  -0.359926
0  -0.523361
-0.15625  -0.46718
0.125  -0.417901
-0.0625  -0.176822
0.0625  -0.541497
-0.1875  -0.31696
-0.09375  -0.54591
0.15625  -0.312611
0  -0.211386
-0.09375  -0.202336
0.09375  -0.596328
0.0625  -0.403335
-0.1875  -0.571819
0.03125  -0.204395
0  -0.488334
-0.09375  -0.40266
0.1875  -0.457734
0.125  -0.582327
-0.0625  -0.457838
-0.03125  -0.653712
0.0625  -0.382799
0.0625  -0.145706
0.15625  -0.543444
-0.0625  -0.358029
0.0625  -0.356899
0.125  -0.46991
-0.0625  -0.57164
0.21875  -0.497318
-0.15625  -0.541775
-0.03125  -0.360749
0.15625  -0.581989
0.125  -0.528388
-0.0625  -0.260574
0  -0.36697
-0.0625  -0.229956
-0.03125  -0.454023
0.15625  -0.326869
-0.15625  -0.380338
-0.15625  -0.283278
0  -0.409177
0.125  -0.42336
-0.125  -0.504249
-0.03125  -0.522716
0.15625  -0.498522
-0.125  -0.480035
-0.0625  -0.360018
0  -0.392284
0  -0.565028
-0.03125  -0.387875
-0.125  -0.396004
0.09375  -0.418426
-0.125  -0.307445
-0.09375  -0.349675
0.0625  -0.531374
0.09375  -0.484867
0.03125  -0.566132
0.21875  -0.422716
-0.25  -0.488341
0.09375  -0.458555
-0.1875  -0.29195
-0.09375  -0.235078
0.125  -0.663846
-0.1875  -0.554659
0.0625  -0.602052
0  -0.39889
0  -0.388587
0.03125  -0.694354
-0.125  -0.473106
0.09375  -0.449689
-0.0625  -0.401458
-0.0625  -0.292305
0.1875  -0.395081
0.09375  -0.656476
-0.09375  -0.389767
-0.09375  -0.409486
0.0625  -0.499463
0.03125  -0.456956
0.21875  -0.355181
-0.09375  -0.582677
-0.15625  -0.340371
0.1875  -0.526532
-0.28125  -0.301469
0.09375  -0.605345
-0.15625  -0.621262
-0.15625  -0.267441
-0.0625  -0.627703
0.125  -0.478829
-0.0625  -0.496515
-0.0625  -0.450268
0.1875  -0.424581
-0.09375  -0.551859
-0.03125  -0.512665
0.21875  -0.443627
0  -0.408524
0.03125  -0.099529
0.15625  -0.345278
-0.0625  -0.385172
-0.21875  -0.522648
-0.125  -0.567149
0.1875  -0.492132
0.0625  -0.517231
-0.03125  -0.491501
-0.15625  -0.358217
0.15625  -0.369618
0.0625  -0.373744
-0.09375  -0.452301
-0.0625  -0.524229
0.3125  -0.623822
0.15625  -0.409801
-0.125  -0.430747
0  -0.325083
-0.125  -0.452172
-0.1875  -0.511325
-0.09375  -0.652172
0.03125  -0.314496
-0.09375  -0.433865
0.0625  -0.462212
0.15625  -0.461445
0.09375  -0.482648
-0.03125  -0.336723
0.03125  -0.616074
-0.03125  -0.574958
0.28125  -0.320074
0.21875  -0.268724
0  -0.577117
0.03125  -0.359202
0.03125  -0.190172
0.03125  -0.442272
-0.0625  -0.394271
0.25  -0.432841
-0.15625  -0.434325
0.09375  -0.413818
0.0625  -0.373078
0.0625  -0.486702
-0.0625  -0.374394
-0.21875  -0.390352
-0.21875  -0.410702
0  -0.380309
0.03125  -0.207902
0  -0.499697
0.03125  -0.167116
0  -0.577622
-0.0625  -0.546819
0  -0.381144
0.03125  -0.587595
0.03125  -0.503914
0.0625  -0.558614
-0.25  -0.513755
0.125  -0.534213
-0.0625  -0.680546
0  -0.302291
-0.03125  -0.540965
0  -0.257247
0.0625  -0.328399
0.09375  -0.384868
0.0625  -0.455655
0.0625  -0.562236
-0.0625  -0.579051
0.09375  -0.275417
0.125  -0.558687
0.03125  -0.40865
0.03125  -0.509755
0.125  -0.374569
0.21875  -0.410481
0.15625  -0.4156
-0.09375  -0.489025
0.09375  -0.401138
0  -0.524246
-0.09375  -0.599984
-0.1875  -0.590367
0  -0.181545
-0.15625  -0.428856
0.09375  -0.541131
-0.21875  -0.655661
0.125  -0.29904
0.15625  -0.360592
-0.125  -0.485864
0  -0.376022
-0.09375  -0.491109
0.25  -0.643112
0.03125  -0.349891
0.15625  -0.401984
0.1875  -0.630111
-0.15625  -0.449059
-0.09375  -0.575498
-0.15625  -0.290872
0.03125  -0.472284
0.03125  -0.401179
0.09375  -0.536992
0  -0.36111
0.1875  -0.485635
-0.03125  -0.455713
-0.0625  -0.360922
0.21875  -0.577842
0.0625  -0.317591
0  -0.590798
0.3125  -0.429516
-0.125  -0.454318
-0.125  -0.557819
0.21875  -0.671126
-0.09375  -0.399907
-0.0625  -0.413983
0.0625  -0.482784
-0.03125  -0.218703
0.09375  -0.322372
0.21875  -0.556383
0.125  -0.611131
-0.15625  -0.307456
0.0625  -0.284591
0.0625  -0.401726
0.09375  -0.449621
0.09375  -0.494519
-0.0625  -0.515321
0  -0.408385
0.125  -0.509328
-0.21875  -0.303323
0.1875  -0.39072
-0.03125  -0.699353
-0.1875  -0.565947
0  -0.455326
-0.09375  -0.335258
-0.125  -0.255282
0  -0.268186
0.03125  -0.467073
0.0625  -0.559275
-0.03125  -0.525809
0  -0.600403
-0.09375  -0.403336
0.15625  -0.559914
0.0625  -0.368038
-0.15625  -0.630024
0.21875  -0.236797
0.03125  -0.27066
0.09375  -0.41724
-0.0625  -0.54841
-0.09375  -0.441613
0.125  -0.314781
-0.125  -0.54887
-0.15625  -0.519266
-0.15625  -0.438508
-0.09375  -0.432885
0.03125  -0.310555
-0.15625  -0.441107
0.125  -0.40181
0.03125  -0.354479
-0.125  -0.473661
0.125  -0.317074
0.03125  -0.502695
0.21875  -0.394019
-0.1875  -0.534014
-0.0625  -0.440888
0.34375  -0.435734
0.15625  -0.575871
-0.21875  -0.346529
0  -0.562339
0.03125  -0.433895
0.03125  -0.364319
-0.0625  -0.564087
0.1875  -0.301742
-0.09375  -0.501437
0.0625  -0.601206
0.0625  -0.363901
-0.21875  -0.602064
0.0625  -0.27712
-0.03125  -0.296036
-0.125  -0.494351
-0.03125  -0.457732
0.03125  -0.35548
0.03125  -0.368487
0.03125  -0.300876
0  -0.462221
-0.09375  -0.589903
0.09375  -0.42627
0.1875  -0.520705
-0.03125  -0.394406
0.03125  -0.306445
-0.1875  -0.288729
0.03125  -0.389473
-0.125  -0.359823
0  -0.410624
-0.15625  -0.59398
-0.09375  -0.351813
0  -0.568081
0.15625  -0.582983
-0.1875  -0.588905
-0.0625  -0.0879913
0  -0.290613
-0.0625  -0.398544
-0.15625  -0.282947
0  -0.327512
0.09375  -0.487489
-0.125  -0.384238
0.1875  -0.44849
-0.09375  -0.532953
0.03125  -0.33788
0.03125  -0.424901
0.25  -0.332211
-0.0625  -0.598322
0.0625  -0.402852
-0.1875  -0.276688
0.125  -0.453851
0.03125  -0.542505
0.03125  -0.548097
-0.0625  -0.369152
-0.03125  -0.420042
-0.03125  -0.341996
0.125  -0.455749
0.1875  -0.475745
0.0625  -0.620509
-0.125  -0.36086
0  -0.445759
0.3125  -0.539309
0.03125  -0.543992
0.125  -0.440014
-0.09375  -0.45519
-0.3125  -0.426814
-0.09375  -0.380087
0.09375  -0.502469
0.09375  -0.437284
0.0625  -0.63247
-0.03125  -0.564609
-0.0625  -0.529571
-0.03125  -0.559147
0.0625  -0.366373
-0.0625  -0.502563
0.125  -0.286684
-0.03125  -0.375234
0.1875  -0.557462
0.375  -0.39886
0  -0.555604
0.03125  -0.507259
-0.09375  -0.620198
0.09375  -0.537709
-0.09375  -0.526467
0.15625  -0.440714
-0.1875  -0.470994
0.125  -0.409113
0.21875  -0.577136
0.0625  -0.4708
0.03125  -0.363619
0.0625  -0.34263
-0.03125  -0.568204
0.125  -0.511967
-0.125  -0.410641
-0.09375  -0.438177
0  -0.346789
0  -0.681223
-0.03125  -0.242977
0.15625  -0.467764
0.15625  -0.505946
-0.03125  -0.390708
0.0625  -0.280871
0  -0.38429
-0.3125  -0.685782
0.125  -0.515924
-0.15625  -0.468669
0.1875  -0.353611
-0.25  -0.535034
0  -0.561986
-0.03125  -0.464198
0.25  -0.608213
0.15625  -0.574692
0.09375  -0.397931
0.0625  -0.287927
0.03125  -0.469154
0.125  -0.506951
-0.03125  -0.373818
0  -0.56813
0.21875  -0.399344
0.1875  -0.390894
-0.1875  -0.604586
0.3125  -0.429254
0.21875  -0.418255
-0.21875  -0.400271
-0.125  -0.260274
-0.1875  -0.379693
-0.125  -0.49538
0.03125  -0.591782
0.21875  -0.29212
0.0625  -0.343702
-0.03125  -0.665277
0.1875  -0.450987
-0.09375  -0.560165
-0.0625  -0.557408
-0.0625  -0.51373
0.0625  -0.499284
-0.0625  -0.321833
-0.03125  -0.45269
0.1875  -0.441404
0  -0.248179
-0.15625  -0.386602
0.1875  -0.459786
0.0625  -0.368307
0.09375  -0.312117
-0.09375  -0.515368
0.09375  -0.321044
0  -0.738925
-0.28125  -0.399943
0.125  -0.459653
-0.03125  -0.595646
0.1875  -0.46026
0.03125  -0.386252
0.0625  -0.392561
0.15625  -0.337166
0.125  -0.527653
-0.09375  -0.601767
-0.125  -0.484678
0.21875  -0.40675
0.03125  -0.458972
0.125  -0.496194
-0.125  -0.549541
-0.03125  -0.540333
-0.03125  -0.439825
-0.15625  -0.673169
-0.25  -0.318264
0.1875  -0.585015
-0.28125  -0.370767
-0.25  -0.346455
-0.1875  -0.478999
0  -0.41798
0.25  -0.522757
-0.09375  -0.653191
-0.15625  -0.361859
0.21875  -0.332056
-0.03125  -0.210608
-0.3125  -0.246797
0.09375  -0.645862
0.15625  -0.368724
0.09375  -0.338191
0.03125  -0.476518
0.1875  -0.40145
-0.03125  -0.154666
-0.125  -0.183088
-0.1875  -0.342122
-0.1875  -0.405313
0.15625  -0.416264
-0.125  -0.703666
0.03125  -0.577923
0.25  -0.337674
-0.03125  -0.549217
0  -0.331886
-0.03125  -0.420191
0.0625  -0.501799
-0.0625  -0.410201
0.125  -0.647392
-0.03125  -0.410973
0  -0.417219
0.0625  -0.442442
-0.125  -0.582714
-0.125  -0.569163
0.1875  -0.687446
0.0625  -0.300866
-0.125  -0.293426
-0.21875  -0.53493
-0.15625  -0.375627
-0.1875  -0.552567
-0.1875  -0.302696
0.25  -0.559249
-0.03125  -0.343293
0.03125  -0.469012
0.125  -0.51072
-0.0625  -0.510666
0.1875  -0.471895
0.125  -0.46383
-0.125  -0.499298
0.03125  -0.250463
-0.125  -0.482634
-0.125  -0.329297
-0.15625  -0.429097
-0.09375  -0.368416
-0.03125  -0.493251
-0.0625  -0.394
0.09375  -0.555423
0  -0.490116
-0.03125  -0.439064
0.0625  -0.33884
-0.03125  -0.370813
-0.09375  -0.223781
-0.15625  -0.43096
0.03125  -0.515132
0.25  -0.316638
0.21875  -0.439328
-0.15625  -0.443931
0  -0.515681
0.09375  -0.571167
-0.09375  -0.478989
0.09375  -0.513117
0.09375  -0.294239
0.28125  -0.312138
0  -0.372386
-0.09375  -0.301959
-0.0625  -0.340381
-0.21875  -0.44877
0.125  -0.354393
-0.03125  -0.3572
0.28125  -0.458325
0.0625  -0.50625
0.09375  -0.494388
0  -0.593454
-0.03125  -0.700535
0  -0.442451
0.125  -0.401681
-0.03125  -0.542794
0.3125  -0.404257
-0.0625  -0.401545
-0.0625  -0.411904
0.15625  -0.550414
-0.03125  -0.489048
-0.09375  -0.372956
-0.15625  -0.345577
0.03125  -0.678052
-0.125  -0.238042
-0.125  -0.358888
0.09375  -0.471061
0.15625  -0.512212
0.125  -0.322358
-0.09375  -0.443731
0  -0.468436
0.1875  -0.547026
0.1875  -0.414909
-0.125  -0.389751
0.0625  -0.314096
-0.03125  -0.693828
0  -0.396328
-0.15625  -0.23888
-0.125  -0.422903
-0.125  -0.28429
-0.0625  -0.502128
0.09375  -0.528544
0.03125  -0.521484
0.03125  -0.160202
0.1875  -0.501987
-0.03125  -0.48959
-0.15625  -0.575392
-0.25  -0.452193
0.28125  -0.473161
0  -0.422298
-0.09375  -0.536115
0.0625  -0.388168
0.03125  -0.366527
-0.25  -0.477931
-0.25  -0.385531
-0.125  -0.330371
0.0625  -0.374337
-0.15625  -0.59158
0.15625  -0.45059
-0.0625  -0.4775
-0.34375  -0.296125
-0.09375  -0.485793
-0.1875  -0.446466
-0.0625  -0.491565
0.09375  -0.560905
0.15625  -0.436612
-0.15625  -0.319107
0.03125  -0.275497
0.125  -0.519792
-0.09375  -0.409475
-0.03125  -0.4848
0.1875  -0.195521
0.0625  -0.444374
0.25  -0.40565
0.09375  -0.529443
-0.09375  -0.449468
0.15625  -0.398659
0.0625  -0.392267
-0.125  -0.430285
0.0625  -0.502112
0.125  -0.441433
-0.21875  -0.513696
-0.1875  -0.608674
-0.15625  -0.56861
-0.03125  -0.406456
0  -0.343836
0.09375  -0.753437
0.15625  -0.381146
0.03125  -0.498166
-0.03125  -0.593073
0.125  -0.350399
0.1875  -0.351805
-0.1875  -0.43469
-0.03125  -0.2992
-0.1875  -0.41164
-0.09375  -0.238299
-0.15625  -0.272663
-0.15625  -0.44556
0.15625  -0.31252
-0.15625  -0.477157
0.09375  -0.306457
-0.25  -0.543199
-0.0625  -0.556074
0.1875  -0.616538
0.3125  -0.469169
0.0625  -0.444501
-0.03125  -0.290583
-0.25  -0.610144
-0.34375  -0.619714
-0.09375  -0.466318
-0.0625  -0.388158
-0.125  -0.542739
0.03125  -0.282237
0.0625  -0.345866
-0.125  -0.30135
0.28125  -0.502748
0.125  -0.464115
0.03125  -0.486224
0.0625  -0.479264
0.0625  -0.544796
0.0625  -0.49716
-0.25  -0.468986
0.15625  -0.353587
-0.09375  -0.503759
-0.0625  -0.467071
0.0625  -0.485014
0.0625  -0.433439
-0.15625  -0.447764
0.34375  -0.364571
-0.34375  -0.438426
-0.0625  -0.49296
0.09375  -0.217558
-0.15625  -0.409584
0.03125  -0.588179
0.03125  -0.351636
0.34375  -0.354735
0.125  -0.420084
-0.0625  -0.365503
-0.1875  -0.44026
0.09375  -0.620613
0  -0.359856
0.15625  -0.54829
-0.09375  -0.351818
0.09375  -0.577166
0.03125  -0.495596
0.15625  -0.363968
0.0625  -0.19367
0.09375  -0.321603
0.125  -0.443316
0.1875  -0.33313
0.03125  -0.659294
-0.0625  -0.350156
0.25  -0.271708
-0.0625  -0.426868
-0.03125  -0.221048
0.15625  -0.552815
0.125  -0.393705
-0.03125  -0.374431
0.0625  -0.318396
0  -0.264587
0.3125  -0.282105
0.09375  -0.363243
-0.0625  -0.274309
-0.125  -0.308254
-0.03125  -0.70928
-0.0625  -0.43551
-0.03125  -0.444936
-0.03125  -0.538668
-0.125  -0.520686
0.125  -0.402512
-0.1875  -0.568103
-0.125  -0.509266
-0.03125  -0.329766
0.125  -0.494967
-0.03125  -0.605861
-0.09375  -0.436783
0.25  -0.438561
0.1875  -0.494813
-0.0625  -0.457693
-0.0625  -0.416037
0.0625  -0.360647
0.0625  -0.353166
-0.125  -0.583487
-0.1875  -0.488219
0.21875  -0.442486
0  -0.609945
0.1875  -0.4328
0.03125  -0.600347
0.1875  -0.442002
0  -0.494695
0.09375  -0.288755
-0.21875  -0.429743
0.0625  -0.522298
0.0625  -0.525092
-0.1875  -0.387153
-0.15625  -0.544026
-0.28125  -0.409572
-0.3125  -0.378238
0.0625  -0.34045
-0.09375  -0.45631
-0.09375  -0.506771
0  -0.495646
-0.09375  -0.429652
-0.125  -0.554202
0.09375  -0.47027
0.0625  -0.348332
0.09375  -0.545925
0  -0.548342
0.03125  -0.327292
-0.0625  -0.444558
-0.125  -0.411206
-0.125  -0.490559
0.125  -0.60103
0.0625  -0.241504
-0.21875  -0.379518
-0.1875  -0.434154
0.03125  -0.319213
0  -0.375819
0.125  -0.576099
-0.09375  -0.420423
-0.15625  -0.48061
0.15625  -0.56477
0  -0.575845
0.0625  -0.41501
0.03125  -0.403967
0.09375  -0.50896
0.09375  -0.335696
-0.15625  -0.461047
-0.0625  -0.223909
-0.0625  -0.486695
0.125  -0.548393
-0.0625  -0.574159
0.03125  -0.522516
-0.09375  -0.352932
0.09375  -0.276746
-0.125  -0.460339
0  -0.509326
0.0625  -0.366529
-0.03125  -0.490324
0.03125  -0.495088
-0.09375  -0.5782
0.15625  -0.642504
0.0625  -0.304825
0.03125  -0.40292
-0.09375  -0.529437
0.1875  -0.32019
0.15625  -0.543824
-0.09375  -0.455355
0.21875  -0.446711
0.0625  -0.476856
0.125  -0.478672
-0.125  -0.635148
-0.03125  -0.510268
0  -0.507983
0.03125  -0.366468
0.0625  -0.396946
0.21875  -0.463316
-0.15625  -0.551287
-0.03125  -0.358468
-0.03125  -0.377771
-0.03125  -0.463895
-0.1875  -0.531545
0.15625  -0.609834
-0.125  -0.323941
0.03125  -0.342491
0.0625  -0.298975
0.0625  -0.53624
0.0625  -0.187796
-0.0625  -0.428065
0.125  -0.41697
0.25  -0.514228
-0.3125  -0.309556
0.09375  -0.365496
0.25  -0.471592
-0.15625  -0.603467
0.25  -0.367922
0.03125  -0.347777
0.09375  -0.296244
-0.15625  -0.459861
0.1875  -0.613287
0.125  -0.513323
0.09375  -0.434324
0.1875  -0.467936
-0.03125  -0.502905
0.1875  -0.268598
-0.03125  -0.259992
-0.03125  -0.263229
0.15625  -0.479396
-0.0625  -0.298941
0.15625  -0.462594
0.03125  -0.518556
0  -0.614991
-0.03125  -0.347957
0.0625  -0.476695
-0.15625  -0.301269
-0.03125  -0.161006
0  -0.535457
0.09375  -0.269061
-0.03125  -0.345937
0  -0.428974
-0.03125  -0.500801
-0.15625  -0.185219
0.0625  -0.410537
-0.03125  -0.419195
0.03125  -0.312827
0.03125  -0.416803
-0.125  -0.394662
-0.03125  -0.497388
-0.125  -0.389744
-0.28125  -0.52233
0.03125  -0.273299
0.125  -0.478153
0.3125  -0.614526
0.125  -0.478327
0.21875  -0.442321
0.1875  -0.377251
0.09375  -0.348655
0.21875  -0.464605
0.09375  -0.616132
-0.09375  -0.362647
0.09375  -0.576735
0.09375  -0.459224
-0.25  -0.391272
0.15625  -0.538431
0.09375  -0.484481
0.15625  -0.426584
-0.125  -0.469141
0.28125  -0.401942
-0.03125  -0.363263
0  -0.529353
-0.15625  -0.366275
-0.0625  -0.340314
0.03125  -0.366731
0  -0.498635
0.09375  -0.42623
-0.03125  -0.191992
0  -0.478575
0.03125  -0.495175
0.0625  -0.432013
-0.15625  -0.421575
0.0625  -0.316744
0.0625  -0.208571
0.09375  -0.294346
-0.1875  -0.425065
-0.15625  -0.652643
0.25  -0.479711
-0.03125  -0.480416
0.03125  -0.606412
0.0625  -0.40071
-0.09375  -0.554933
0.21875  -0.592472
-0.0625  -0.570625
0.0625  -0.543837
-0.03125  -0.284785
0.1875  -0.454487
0.09375  -0.358173
-0.0625  -0.514556
-0.03125  -0.12162
-0.0625  -0.604298
-0.15625  -0.532353
0.21875  -0.440971
0.0625  -0.484323
0.0625  -0.469665
-0.0625  -0.359193
0  -0.419144
-0.09375  -0.405475
-0.125  -0.508426
0  -0.346341
0.0625  -0.593191
0.125  -0.285731
0.03125  -0.42398
0.03125  -0.224063
-0.0625  -0.449458
0.125  -0.493046
0.09375  -0.45975
0.15625  -0.302065
0.09375  -0.307759
-0.21875  -0.501653
-0.125  -0.440047
-0.03125  -0.335509
-0.1875  -0.406392
0.03125  -0.452329
0.03125  -0.449821
-0.125  -0.326407
-0.03125  -0.579293
0.34375  -0.342114
0.0625  -0.352028
0.28125  -0.431866
-0.1875  -0.430754
0.1875  -0.308995
-0.15625  -0.473844
-0.09375  -0.573219
-0.15625  -0.35532
0.3125  -0.641463
-0.1875  -0.453016
-0.125  -0.393547
0.21875  -0.428269
0.03125  -0.61926
-0.03125  -0.514994
0.125  -0.259666
0.0625  -0.568967
-0.1875  -0.466317
0.15625  -0.472131
0  -0.396139
0.03125  -0.441614
-0.15625  -0.561528
-0.125  -0.552158
-0.03125  -0.442823
0  -0.377088
0.0625  -0.345017
-0.25  -0.552316
0.0625  -0.476317
-0.125  -0.288847
0.15625  -0.317885
0.0625  -0.475226
0.03125  -0.491466
0  -0.502156
0.03125  -0.642528
0.03125  -0.29887
0.03125  -0.522423
0.03125  -0.477455
0.125  -0.252606
-0.25  -0.523562
-0.03125  -0.58958
-0.15625  -0.429677
-0.0625  -0.492323
0.09375  -0.444953
0.03125  -0.593263
0.0625  -0.519183
0.1875  -0.572004
-0.09375  -0.44265
-0.0625  -0.424661
0  -0.65553
0  -0.364487
0.21875  -0.371525
-0.0625  -0.392862
0.09375  -0.297904
-0.15625  -0.484092
-0.0625  -0.354152
-0.09375  -0.241394
0.09375  -0.533454
-0.125  -0.458434
0.28125  -0.364221
-0.03125  -0.305856
-0.15625  -0.43307
-0.09375  -0.479632
0  -0.302496
-0.25  -0.449433
-0.0625  -0.494088
0.15625  -0.548951
-0.15625  -0.337909
0.09375  -0.610183
0.0625  -0.476712
0.125  -0.293283
0.0625  -0.403818
-0.15625  -0.314346
0.15625  -0.356551
0.0625  -0.494783
0.25  -0.447261
-0.25  -0.355334
0.0625  -0.290208
0  -0.538581
-0.0625  -0.442417
-0.125  -0.413635
0.09375  -0.451335
-0.0625  -0.439968
-0.0625  -0.515039
0.1875  -0.436984
0.125  -0.332779
-0.0625  -0.423986
-0.125  -0.351703
0.03125  -0.409255
0.03125  -0.504293
-0.34375  -0.514916
-0.125  -0.481661
-0.09375  -0.441047
0.03125  -0.67583
-0.40625  -0.200668
0  -0.432993
-0.03125  -0.492744
-0.0625  -0.258669
0.03125  -0.391132
0.03125  -0.613024
-0.09375  -0.546191
-0.0625  -0.317214
-0.09375  -0.39171
0.03125  -0.418711
-0.125  -0.651171
0  -0.492781
0  -0.334578
-0.15625  -0.36935
0.25  -0.572799
-0.1875  -0.523821
-0.21875  -0.354991
0.1875  -0.359585
0.03125  -0.317816
-0.1875  -0.295253
0.1875  -0.328184
0.125  -0.267063
-0.03125  -0.589285
-0.125  -0.389257
0  -0.398548
-0.125  -0.596174
0.09375  -0.440703
0.09375  -0.200072
0.09375  -0.516909
0  -0.582856
-0.03125  -0.551714
0  -0.565514
-0.25  -0.483325
-0.15625  -0.349492
0.28125  -0.409615
0.09375  -0.425012
0.15625  -0.562061
-0.03125  -0.52548
0.125  -0.414496
-0.0625  -0.596045
-0.09375  -0.589329
0.15625  -0.339237
-0.0625  -0.323446
-0.03125  -0.524303
0.125  -0.463975
-0.1875  -0.551122
-0.15625  -0.457879
0.0625  -0.475796
-0.09375  -0.334532
-0.34375  -0.411265
-0.0625  -0.487196
0.03125  -0.255968
0.03125  -0.467768
-0.1875  -0.210228
0.0625  -0.154257
-0.15625  -0.338485
0.0625  -0.308074
0.09375  -0.463727
0.03125  -0.706952
-0.21875  -0.303139
0.28125  -0.452305
0.0625  -0.363951
-0.0625  -0.494473
-0.09375  -0.461443
0  -0.517932
0.09375  -0.322773
0.09375  -0.603671
-0.0625  -0.316524
0.28125  -0.576134
-0.0625  -0.555616
0.28125  -0.338027
-0.15625  -0.259869
0.09375  -0.461279
-0.25  -0.663593
-0.28125  -0.447023
-0.125  -0.407354
0.1875  -0.454557
-0.125  -0.598404
0  -0.517993
-0.03125  -0.353232
0.125  -0.378047
-0.15625  -0.502996
-0.125  -0.427918
-0.03125  -0.302353
-0.09375  -0.503259
0  -0.407594
0  -0.304146
0.09375  -0.591632
0.09375  -0.431073
-0.03125  -0.555289
-0.125  -0.508722
-0.03125  -0.523863
0.125  -0.557674
0.09375  -0.377527
0.125  -0.548788
-0.125  -0.312167
-0.03125  -0.346168
-0.0625  -0.220864
0.09375  -0.328599
0.03125  -0.503864
0.03125  -0.207672
0  -0.248856
0  -0.288142
0.125  -0.372199
0  -0.469729
0.03125  -0.488568
0.125  -0.643684
-0.0625  -0.435858
-0.0625  -0.475394
0.125  -0.358402
-0.03125  -0.485702
-0.0625  -0.236313
0.03125  -0.541177
-0.25  -0.440594
0  -0.489248
-0.125  -0.532077
0.0625  -0.462959
-0.1875  -0.374751
0  -0.379578
0.28125  -0.44445
-0.125  -0.501098
-0.15625  -0.46044
-0.03125  -0.387801
0.125  -0.5697
0  -0.620229
0.03125  -0.507458
0.03125  -0.329296
0.03125  -0.390219
0.03125  -0.550313
0.03125  -0.321062
-0.03125  -0.401717
0.09375  -0.482094
0.0625  -0.349648
0.25  -0.57272
-0.09375  -0.43106
-0.0625  -0.32951
-0.1875  -0.304105
0.34375  -0.443109
0.21875  -0.60371
-0.03125  -0.521764
-0.09375  -0.432347
-0.1875  -0.575061
0.125  -0.439897
-0.03125  -0.298654
0.1875  -0.372195
0  -0.529531
-0.03125  -0.490224
0.03125  -0.412959
0.09375  -0.473946
0.03125  -0.400426
-0.09375  -0.589537
0  -0.382055
0.0625  -0.343957
-0.21875  -0.563597
0  -0.576772
0.0625  -0.239509
0.21875  -0.398271
-0.03125  -0.434172
0.09375  -0.514055
0.15625  -0.502687
0  -0.52774
0.0625  -0.580117
0.0625  -0.268351
0.125  -0.373616
-0.21875  -0.263252
-0.0625  -0.287958
0.03125  -0.458569
-0.0625  -0.633727
-0.0625  -0.213241
-0.03125  -0.494246
0.25  -0.589393
0.28125  -0.3691
0.03125  -0.467772
0.03125  -0.3146
-0.0625  -0.376405
0.09375  -0.546501
0.09375  -0.384678
-0.03125  -0.455638
-0.09375  -0.440178
0.03125  -0.590987
-0.125  -0.416015
-0.125  -0.470248
-0.0625  -0.296802
0.03125  -0.425942
0.09375  -0.593687
0.03125  -0.352359
0.15625  -0.558115
-0.25  -0.455072
0.09375  -0.417084
0.03125  -0.398859
-0.125  -0.391538
0.15625  -0.432285
0.09375  -0.357568
-0.125  -0.479021
-0.15625  -0.570594
0.09375  -0.386142
0  -0.417327
0.03125  -0.628575
0.0625  -0.502401
-0.125  -0.462098
-0.03125  -0.358424
0.125  -0.469859
0.0625  -0.353772
-0.21875  -0.444686
-0.03125  -0.415458
-0.03125  -0.410226
-0.0625  -0.413538
-0.125  -0.41944
0.03125  -0.347585
0.09375  -0.419472
0.03125  -0.388393
-0.21875  -0.536844
0  -0.57876
-0.0625  -0.38781
0.03125  -0.47695
-0.09375  -0.367014
0.125  -0.433634
0.21875  -0.468074
0.03125  -0.528774
-0.0625  -0.436147
0.15625  -0.469746
0.0625  -0.34523
0.03125  -0.453109
0  -0.277107
-0.03125  -0.427055
0  -0.410319
0.15625  -0.419045
-0.125  -0.552402
-0.09375  -0.528179
0.21875  -0.366262
-0.125  -0.40459
0.03125  -0.46272
-0.0625  -0.40094
-0.03125  -0.486738
-0.28125  -0.392513
-0.0625  -0.339979
-0.0625  -0.587134
-0.0625  -0.473411
0.03125  -0.564193
-0.125  -0.470456
-0.03125  -0.668826
-0.0625  -0.442176
-0.34375  -0.494827
0.21875  -0.527717
-0.09375  -0.320336
-0.03125  -0.423873
0.25  -0.299884
0  -0.244195
