-0.03125  0.207875
0.15625  -0.272112
-0.03125  -0.469625
0.0625  -0.342871
-0.125  -0.304059
-0.15625  -0.441901
0.125  -0.235377
0.15625  -0.276831
0.09375  -0.365959
-0.03125  -0.245711
0  -0.214207
0.03125  -0.265958
0.0625  -0.420182
-0.03125  -0.524777
-0.09375  -0.322883
-0.21875  -0.119202
-0.0625  -0.269071
0.15625  -0.346166
-0.15625  -0.308979
0  -0.305949
0.03125  -0.431346
-0.15625  -0.283347
-0.03125  -0.277153
-0.15625  -0.329019
0  -0.269577
0  -0.368315
-0.375  -0.25993
-0.03125  -0.360381
0.1875  -0.465899
-0.09375  -0.292379
-0.09375  -0.259891
0.09375  -0.441721
-0.0625  -0.436001
0  -0.303307
0.15625  -0.490579
-0.125  -0.310029
0.09375  -0.148192
-0.09375  -0.215595
-0.25  -0.200254
0  -0.542895
0.09375  -0.351665
-0.1875  -0.117272
-0.03125  -0.316552
-0.0625  -0.394887
0.03125  -0.351743
-0.15625  -0.369124
0.09375  -0.489553
0.15625  -0.293091
-0.0625  -0.552448
-0.0625  -0.368621
-0.0625  -0.247078
0.09375  -0.361801
-0.03125  -0.254961
0.15625  -0.185377
-0.125  -0.323887
0.09375  -0.448166
0.15625  -0.364175
0.125  -0.353003
0.03125  -0.197463
-0.125  -0.455785
0  -0.351673
-0.03125  -0.290206
0.09375  -0.4099
-0.09375  -0.415096
0.15625  -0.493238
0.0625  -0.500685
0.125  -0.3712
-0.0625  -0.434231
0.03125  -0.311734
-0.09375  -0.270896
0  -0.432867
-0.09375  -0.567531
-0.09375  -0.318536
0.0625  -0.493116
0.0625  -0.0471012
-0.125  -0.387308
-0.0625  -0.0670037
-0.21875  -0.350749
0.0625  -0.318163
0.0625  -0.176873
0.03125  -0.334385
0.03125  -0.331953
0.03125  -0.237857
0  -0.330664
-0.125  -0.188544
0.09375  -0.135835
0.34375  -0.297704
0.03125  -0.25766
-0.03125  -0.356952
-0.03125  -0.337371
-0.21875  -0.434879
0.125  -0.434398
-0.03125  -0.339453
0.125  -0.417041
-0.03125  -0.260426
0.09375  -0.181782
-0.125  -0.496241
0.0625  -0.105954
-0.15625  -0.354309
0.15625  -0.289306
0  -0.255063
-0.03125  -0.352864
-0.15625  -0.250433
-0.3125  -0.284943
-0.09375  -0.322671
-0.21875  -0.43821
0.03125  -0.270249
0.03125  -0.242965
0.125  -0.219168
-0.0625  -0.245198
0  -0.144131
0.09375  -0.0746046
0.1875  -0.291141
-0.03125  -0.0813235
-0.03125  -0.499672
-0.1875  -0.349634
-0.1875  -0.206662
-0.15625  -0.530683
-0.09375  -0.345822
0.125  -0.378512
-0.125  -0.46851
-0.125  -0.212775
0.03125  -0.542962
-0.15625  -0.242189
0.09375  -0.421153
-0.1875  -0.136327
-0.03125  -0.469964
0.03125  -0.30236
-0.125  -0.503443
0.28125  -0.372196
-0.28125  -0.307435
-0.28125  -0.256635
0.09375  -0.542455
-0.03125  -0.468223
-0.0625  -0.301833
-0.09375  -0.450402
0  -0.30048
0  -0.344849
0.09375  -0.480663
0.15625  -0.262698
0.03125  -0.475165
-0.0625  -0.263739
-0.09375  -0.256984
0.09375  -0.172214
-0.125  -0.355382
-0.15625  -0.183645
0  -0.284418
0.0625  -0.14324
0.0625  -0.564485
0  -0.471273
-0.09375  -0.289285
-0.21875  -0.310824
0.15625  -0.283177
-0.15625  -0.164083
0  -0.30834
0  -0.358262
0.28125  -0.477499
-0.15625  -0.452371
-0.1875  -0.36276
-0.1875  -0.32804
-0.125  -0.303888
-0.1875  -0.269444
0.1875  -0.325579
-0.125  -0.360066
-0.15625  -0.111064
-0.09375  -0.459692
0  -0.370834
0.03125  -0.280318
-0.03125  -0.289049
-0.03125  -0.162084
-0.125  -0.356984
-0.03125  -0.0594272
-0.3125  -0.208641
0.1875  -0.361035
-0.09375  -0.526774
-0.21875  -0.1835
0.03125  -0.209725
-0.0625  -0.31842
-0.0625  -0.258922
-0.0625  -0.416566
0.0625  -0.353109
-0.125  -0.175386
-0.125  -0.25139
0.1875  -0.207543
0.125  -0.356547
-0.0625  -0.25836
0.0625  -0.534126
-0.09375  -0.220094
-0.21875  -0.35074
-0.3125  -0.212581
-0.1875  -0.200713
0.03125  -0.400528
-0.09375  -0.418647
0.03125  -0.353292
-0.0625  -0.297701
0.15625  -0.141282
-0.09375  -0.458195
-0.09375  -0.25316
-0.03125  -0.310479
0.0625  -0.337485
-0.03125  -0.493377
0  -0.292761
-0.21875  -0.447027
0.0625  -0.446794
0.34375  -0.282701
0.0625  -0.407175
-0.0625  -0.377588
-0.1875  -0.446374
0.09375  -0.397871
-0.0625  -0.345063
0.0625  -0.379459
-0.15625  -0.470372
-0.34375  -0.295076
0.25  -0.397911
0  -0.309067
0.125  -0.222899
0.03125  -0.322397
-0.0625  -0.265921
-0.03125  -0.381571
-0.15625  -0.360188
-0.09375  -0.42073
-0.21875  -0.104969
0.03125  -0.247729
0.1875  -0.282912
0.09375  -0.437983
0.03125  -0.379346
0  -0.235152
-0.09375  -0.381373
0.25  -0.236708
0.21875  -0.353591
0.0625  -0.469365
0.0625  -0.273249
0.15625  -0.0773208
-0.0625  -0.554013
0.1875  -0.410799
0  -0.38854
0.03125  -0.361318
-0.0625  -0.112117
0.03125  -0.213984
-0.0625  -0.286486
-0.09375  -0.337007
-0.09375  -0.396183
-0.21875  -0.270931
0.09375  -0.139439
0  -0.245388
0  -0.33459
-0.09375  -0.352168
-0.125  -0.307846
0  -0.445175
-0.0625  -0.42879
-0.28125  -0.236975
0  -0.323979
-0.03125  -0.15471
-0.0625  -0.351342
-0.03125  -0.257615
0.1875  -0.314772
0  -0.542744
0.3125  -0.454996
0.09375  -0.419568
0.0625  -0.125852
-0.28125  -0.18709
-0.0625  -0.414334
0.125  -0.304288
-0.0625  -0.181025
0.375  -0.22913
0.0625  -0.22167
-0.03125  -0.188462
0.15625  -0.226928
0.21875  -0.352608
-0.03125  -0.278857
-0.03125  -0.0320908
-0.03125  -0.276938
-0.0625  -0.303757
0  -0.413266
0.21875  -0.469461
-0.28125  -0.312378
0.0625  -0.239271
-0.25  -0.147322
-0.09375  -0.258944
-0.0625  -0.18255
0.125  -0.370125
0  -0.300872
-0.03125  -0.460133
0  -0.387943
-0.03125  -0.410206
-0.1875  -0.521824
-0.0625  -0.380029
0.125  -0.4605
0.03125  -0.52684
-0.15625  -0.46671
-0.15625  -0.430522
0.34375  -0.323232
-0.1875  -0.31719
-0.03125  -0.277198
0.03125  -0.411305
0.15625  -0.393883
-0.21875  -0.371027
-0.125  -0.45752
-0.21875  -0.471683
0.03125  -0.304467
0.09375  -0.297736
0.03125  -0.424142
-0.15625  -0.295529
0.15625  -0.269845
-0.15625  -0.467465
0.03125  -0.0704886
0  -0.36617
-0.15625  -0.132208
0.03125  -0.339185
-0.0625  -0.197433
-0.1875  -0.298729
-0.03125  -0.539458
-0.1875  -0.219409
-0.09375  -0.169109
-0.03125  -0.389419
-0.28125  -0.102998
-0.0625  -0.273078
-0.125  -0.320639
0.21875  -0.159206
0.03125  -0.223108
0.1875  -0.290439
-0.0625  -0.160923
-0.1875  -0.322956
0.09375  -0.156775
0.25  -0.264704
-0.0625  -0.36959
-0.0625  -0.314068
-0.125  -0.284761
0  -0.35051
0.09375  -0.296658
0  -0.470484
0.03125  -0.208722
0  -0.491759
0.15625  -0.328247
0.125  -0.370079
-0.03125  -0.339865
-0.28125  -0.372558
0.1875  -0.456912
-0.09375  -0.344617
0  -0.25554
-0.03125  -0.299815
-0.09375  -0.417238
0  -0.186037
0.15625  -0.462228
0.15625  -0.339867
0.25  -0.324766
0  -0.298683
0  -0.251357
-0.15625  -0.258002
-0.25  -0.187452
0.03125  -0.191661
0.09375  -0.355526
0  -0.0605499
-0.21875  -0.124182
0  -0.427931
0.125  -0.199887
0.03125  -0.288658
-0.0625  -0.424029
0.34375  -0.257033
-0.125  -0.365806
0.03125  -0.498292
-0.03125  -0.202104
0  -0.233832
0.03125  -0.396848
-0.09375  -0.360798
-0.03125  -0.416943
0.125  -0.225094
0  -0.470362
-0.21875  -0.245399
-0.0625  -0.482634
-0.03125  -0.436473
0.09375  -0.372499
0.125  -0.242764
-0.21875  -0.511312
-0.15625  -0.515808
-0.15625  -0.168184
0.09375  -0.377292
-0.15625  -0.40152
-0.1875  -0.201571
-0.1875  -0.339279
-0.125  -0.38129
-0.03125  -0.360741
0.125  -0.367119
0.03125  -0.156188
0.03125  -0.334255
0  -0.518137
0  -0.396735
-0.125  -0.396445
-0.15625  -0.36215
0.09375  -0.225557
-0.25  -0.318767
0  -0.466394
0.15625  -0.349031
0.1875  -0.221344
0.09375  -0.332896
0.15625  -0.446008
0.1875  -0.206809
0.3125  -0.36687
0.125  -0.217923
-0.125  -0.275426
0.03125  -0.416338
-0.03125  -0.470622
0.09375  -0.255106
-0.0625  -0.474261
0  -0.267731
-0.0625  -0.401357
-0.0625  -0.398482
0.03125  -0.242227
-0.03125  -0.247224
0.21875  -0.272092
-0.03125  -0.521213
-0.09375  -0.361017
-0.03125  -0.367782
0  -0.198311
0  -0.161884
-0.28125  -0.162246
0.09375  -0.351629
0  -0.276568
0  -0.372485
0.09375  -0.397845
-0.0625  -0.601335
0.0625  -0.358396
0.0625  -0.112685
-0.21875  -0.528383
0.15625  -0.253267
0.125  -0.333501
-0.09375  -0.433997
0.09375  -0.42853
0.125  -0.244424
0  -0.268388
-0.09375  -0.238725
-0.15625  -0.274729
0.09375  -0.31685
0.125  -0.428844
0.21875  -0.267428
0.0625  -0.330763
-0.03125  -0.306316
-0.0625  -0.289751
0.03125  -0.374194
0.0625  -0.448603
0.09375  -0.268846
0.09375  -0.388001
0.03125  -0.374091
0  -0.165135
-0.0625  -0.264637
-0.0625  -0.392273
0.09375  -0.406147
-0.09375  -0.39674
0.25  -0.270365
-0.125  -0.397583
0.09375  -0.433424
0.25  -0.299406
-0.03125  -0.282943
0  -0.526276
-0.15625  -0.590659
-0.0625  -0.305991
0.1875  -0.0940404
-0.0625  -0.391201
0.1875  -0.285822
-0.09375  -0.202496
-0.03125  -0.211138
0.15625  -0.272678
0  -0.191371
-0.28125  -0.355175
0.1875  -0.230726
0.09375  -0.311434
0  -0.251529
0.0625  -0.266622
0.09375  -0.283018
0  -0.204108
-0.15625  -0.139687
-0.03125  -0.429037
0  -0.531416
-0.0625  -0.100219
0.21875  -0.274402
0.03125  -0.332288
0.03125  -0.356942
0.15625  -0.199788
-0.15625  -0.483107
-0.0625  -0.376798
0.125  -0.298606
0  -0.436317
0.03125  -0.31204
-0.1875  -0.161726
0.09375  -0.320158
0.03125  -0.325212
0.09375  -0.310255
-0.15625  -0.229174
0.125  -0.361611
0.1875  -0.529445
-0.25  -0.122662
-0.15625  -0.379467
0.125  -0.197247
-0.1875  -0.430131
0.15625  -0.422274
0.03125  -0.330796
0  -0.250708
-0.09375  -0.283535
0  -0.507989
0.09375  -0.342467
0.15625  -0.174941
-0.0625  -0.286182
0.09375  -0.289929
0  -0.3148
0.28125  -0.273483
0.125  -0.254997
-0.09375  -0.430805
0  -0.405103
0.21875  -0.33866
-0.09375  -0.235935
-0.0625  -0.227851
-0.1875  -0.339466
-0.1875  -0.280279
0.0625  -0.322882
-0.0625  -0.204646
-0.0625  -0.419438
-0.25  -0.446528
0.09375  -0.390357
0  -0.315484
0.125  -0.410493
0  -0.178912
-0.0625  -0.486992
-0.1875  -0.0522007
-0.03125  -0.4008
0.125  -0.218546
-0.0625  -0.324923
-0.15625  -0.391457
-0.03125  -0.203045
0  -0.476987
-0.09375  -0.151621
0  -0.502985
0.03125  -0.369668
-0.09375  -0.575479
0.15625  -0.394332
-0.15625  -0.565001
-0.0625  -0.335989
-0.15625  -0.220018
0  -0.321896
0.1875  -0.374622
0.09375  -0.0693478
-0.09375  -0.0401923
-0.03125  -0.490881
0.25  -0.697575
0.03125  -0.153892
-0.0625  -0.212177
-0.34375  -0.235046
0.03125  -0.15236
-0.03125  -0.239506
0.09375  -0.234829
-0.21875  -0.252845
-0.25  -0.202447
-0.09375  -0.354339
-0.09375  -0.0976632
0.03125  -0.338297
-0.03125  -0.235283
-0.09375  -0.195252
-0.03125  -0.173383
0.15625  -0.29582
0.09375  -0.298398
-0.09375  -0.310232
0.25  -0.180259
0  -0.430945
-0.03125  -0.153233
-0.21875  -0.334675
-0.03125  -0.240876
-0.15625  -0.33405
-0.09375  -0.37481
-0.1875  -0.359852
-0.125  -0.331071
-0.25  -0.372064
0.03125  -0.437382
0.15625  -0.116101
0.15625  -0.342974
0.03125  -0.432582
-0.21875  -0.379847
-0.03125  -0.242766
0.125  -0.540795
0.1875  -0.120125
0.0625  -0.338912
-0.0625  -0.215734
-0.15625  -0.386424
0  -0.353384
0  -0.403979
0.1875  -0.185553
0.0625  -0.430782
-0.15625  -0.381221
0  -0.372824
-0.15625  -0.274625
0.03125  -0.323272
0.09375  -0.119654
0.1875  -0.32255
-0.15625  -0.669336
0.125  -0.400031
0.21875  -0.397302
-0.21875  -0.21444
0  -0.519276
0.09375  -0.478257
-0.21875  -0.35294
0.03125  -0.380963
0.0625  -0.32755
-0.1875  -0.345185
0.09375  -0.197719
-0.0625  -0.478107
0.03125  -0.518466
0  -0.335549
-0.0625  -0.51864
-0.09375  -0.337481
-0.15625  -0.186569
0.03125  -0.373138
0  -0.218504
-0.125  -0.34374
0.40625  -0.358959
-0.09375  -0.54086
0.09375  -0.474456
0.0625  -0.363925
-0.09375  -0.320149
-0.125  -0.344314
0.0625  -0.244324
-0.09375  -0.343105
0.125  -0.400867
-0.125  -0.327603
0  -0.478948
-0.0625  -0.445274
0.03125  -0.330126
-0.28125  -0.310633
-0.09375  -0.283097
-0.0625  -0.216071
-0.09375  -0.373457
-0.0625  -0.186133
-0.03125  -0.287801
0.1875  -0.412234
0.15625  -0.248106
0.3125  -0.315148
0.28125  -0.170627
0.21875  -0.251107
0.1875  -0.198848
-0.125  -0.512329
0.21875  -0.21591
0.09375  -0.499528
0.03125  -0.367701
0.125  -0.370852
0.09375  -0.177867
0.09375  -0.304894
0.0625  -0.427161
0.0625  -0.424444
-0.15625  -0.379301
-0.15625  -0.522401
-0.09375  -0.297567
0.03125  -0.317815
-0.0625  -0.212439
-0.03125  -0.343976
-0.125  -0.304866
-0.09375  -0.145417
-0.21875  -0.354429
-0.375  -0.196586
0.03125  -0.523982
-0.15625  -0.0702899
0.09375  -0.437745
0  -0.294655
0  -0.304544
-0.15625  -0.266196
0  -0.55007
-0.125  -0.586113
0.03125  -0.497064
-0.09375  -0.250754
-0.25  -0.383858
0.09375  -0.409687
0.03125  -0.550227
-0.03125  -0.376748
-0.15625  -0.253307
-0.03125  -0.292365
0.15625  -0.518355
-0.0625  -0.326549
0.125  -0.397537
-0.15625  -0.334752
0.09375  -0.268322
0.15625  -0.382211
0.09375  -0.0768262
0  -0.275333
-0.0625  -0.176489
0.21875  -0.524237
0.3125  -0.332073
-0.03125  -0.320331
0.0625  -0.190788
-0.125  -0.425169
0.03125  -0.339823
-0.28125  -0.250708
0.21875  -0.344279
-0.0625  -0.303662
-0.15625  -0.345427
0  -0.469878
-0.125  -0.313872
0.03125  -0.198487
0.25  -0.245433
-0.0625  -0.426743
-0.28125  -0.31628
-0.125  -0.125284
-0.0625  -0.273647
0.15625  -0.34527
-0.03125  -0.180614
-0.0625  -0.372656
0.125  -0.177517
0.0625  -0.520408
0.21875  -0.211837
-0.21875  -0.521254
0.34375  -0.231799
0.21875  -0.203379
-0.125  -0.235214
-0.0625  -0.35944
0.0625  -0.449554
-0.125  -0.366053
-0.03125  -0.120949
0.15625  -0.465818
-0.03125  -0.2656
-0.1875  -0.23024
-0.28125  -0.386684
-0.125  -0.468531
0.03125  -0.376368
0.0625  -0.411373
-0.09375  -0.399477
-0.0625  -0.356308
0  -0.206812
0.0625  -0.410231
0.1875  -0.490654
-0.15625  -0.441063
0.0625  -0.266844
0.15625  -0.344098
0.15625  -0.311537
0.0625  -0.178485
0.0625  -0.35709
0.03125  -0.330523
0.0625  -0.393645
0.25  -0.235635
-0.09375  -0.205316
0.09375  -0.228653
-0.21875  -0.345455
0.09375  -0.42937
0.1875  -0.384838
-0.0625  -0.549737
0.0625  -0.173495
-0.03125  -0.0885047
0.0625  -0.379136
0.03125  -0.365213
0.1875  -0.399166
0.25  -0.319312
-0.0625  -0.409056
0.25  -0.512567
0.09375  -0.36922
0.15625  -0.160123
0  -0.258319
0.0625  -0.41364
-0.03125  -0.42184
-0.0625  -0.324942
0.03125  -0.462596
-0.09375  -0.280874
-0.09375  -0.186357
0.15625  -0.341001
0.15625  -0.179163
0.21875  -0.338141
0.15625  -0.26806
-0.03125  -0.145779
0.1875  -0.138227
-0.25  -0.221074
-0.15625  -0.405727
0.28125  -0.133616
-0.25  -0.319568
-0.21875  -0.426787
0.1875  -0.281646
0.0625  -0.338517
-0.15625  -0.602487
-0.125  -0.229624
0.1875  -0.268308
-0.0625  -0.464002
0.21875  -0.258589
-0.21875  -0.379651
-0.125  -0.341029
-0.1875  -0.263069
0  -0.222695
0  -0.450133
-0.09375  -0.297845
0.09375  -0.441461
0  -0.332813
0.09375  -0.217609
0.125  -0.334706
0.15625  -0.332456
-0.03125  -0.419883
0.0625  -0.192656
0.15625  -0.465034
-0.09375  -0.351619
0.0625  -0.219654
0.1875  -0.326627
-0.03125  -0.270372
-0.09375  -0.308099
0.1875  -0.492906
0.34375  -0.349451
0.0625  -0.456301
0  -0.229897
0.125  -0.388993
0.21875  -0.407157
-0.09375  -0.337614
0.03125  -0.270705
-0.0625  -0.388725
-0.09375  -0.0915169
-0.0625  -0.480337
0.03125  -0.290767
0.03125  -0.150214
-0.0625  -0.489579
-0.09375  -0.15164
0  -0.346408
-0.21875  -0.480355
-0.09375  -0.144165
-0.125  -0.312367
0.03125  -0.201057
-0.0625  -0.363056
0.125  -0.338639
-0.09375  -0.209142
0.1875  -0.306818
0.0625  -0.328169
0  -0.234867
-0.125  -0.42446
-0.125  -0.104331
0.0625  -0.323676
0.34375  -0.307189
0.0625  -0.411518
-0.09375  -0.357644
0.09375  -0.307366
0.0625  -0.362984
0.03125  -0.486796
0.09375  -0.283703
0  -0.378391
0.1875  -0.336888
0.03125  -0.311273
-0.25  -0.195926
0.125  -0.284752
-0.125  -0.136803
0.0625  -0.280321
0.03125  -0.425103
-0.09375  -0.351564
-0.125  -0.212911
0  -0.264635
0.125  -0.289591
0.28125  -0.321279
-0.1875  -0.439097
0.25  -0.259893
0.15625  -0.613284
-0.03125  -0.336438
-0.03125  -0.332014
0  -0.392104
0.125  -0.283945
-0.0625  -0.21642
0.09375  -0.500122
-0.15625  -0.157656
-0.03125  -0.311462
0  -0.232805
0.25  -0.26405
-0.09375  -0.253061
0.15625  -0.239612
0.0625  -0.323539
0.125  -0.306299
-0.0625  -0.409705
-0.15625  -0.0997996
-0.1875  -0.158267
0.0625  -0.125677
-0.03125  -0.251332
-0.15625  -0.456575
0.09375  -0.262818
0.03125  -0.308609
0.125  -0.381527
-0.0625  -0.176915
-0.15625  -0.19743
0.03125  -0.200525
0  -0.233582
-0.125  -0.191332
0.09375  -0.293318
-0.09375  -0.318485
0.0625  -0.268467
0.09375  -0.289209
-0.03125  -0.18096
0.125  -0.30999
-0.03125  -0.249332
-0.0625  -0.400545
0.0625  -0.534599
-0.1875  -0.308428
0.15625  -0.353795
-0.03125  -0.28383
0.125  -0.205326
-0.125  -0.156529
0.125  -0.141303
0.15625  -0.167961
0  -0.531281
-0.0625  -0.253284
-0.09375  -0.391793
-0.03125  -0.357118
-0.09375  -0.397307
0.21875  -0.231352
0.15625  -0.100132
0.25  -0.336104
0.15625  -0.276337
-0.28125  -0.313088
0.15625  -0.242194
0.0625  -0.196002
-0.125  -0.213194
0  -0.35824
-0.25  -0.43922
-0.21875  -0.331555
0.03125  -0.395176
0.125  -0.174274
0.03125  -0.230561
0.09375  -0.458434
-0.03125  -0.426669
0.1875  -0.300511
-0.03125  -0.241724
0.0625  -0.330458
0.125  -0.221798
0.03125  -0.261859
0.03125  -0.498981
0.125  -0.368051
-0.1875  -0.17217
-0.09375  -0.427204
0.09375  -0.552631
-0.09375  -0.15296
0.0625  -0.35843
-0.0625  -0.411875
-0.15625  -0.457749
0.21875  -0.291479
0.09375  -0.261117
0.0625  -0.342788
0  -0.371096
0.03125  -0.480883
0.03125  -0.21563
-0.03125  -0.320606
-0.09375  -0.439392
0.03125  -0.318191
0.09375  -0.351307
-0.0625  -0.156618
-0.1875  -0.231515
0.03125  -0.303183
-0.03125  -0.279048
-0.0625  -0.478455
-0.03125  -0.330686
-0.09375  -0.169632
0  -0.0305065
0.03125  -0.218028
0  -0.310545
-0.15625  -0.527958
-0.09375  -0.242477
-0.03125  -0.270973
-0.0625  -0.295651
0  -0.268761
-0.1875  -0.1569
0.125  -0.352341
0  -0.34877
-0.09375  -0.21545
-0.0625  -0.235035
0.0625  -0.282028
0.0625  -0.205891
-0.03125  -0.225829
0  -0.226019
0.21875  -0.292045
0.0625  -0.341284
0.03125  -0.474572
0.03125  -0.220275
-0.0625  -0.235352
0.0625  -0.372635
0  -0.220551
-0.25  -0.46983
-0.1875  -0.444604
0  -0.261411
-0.09375  -0.359316
-0.09375  -0.462391
0.03125  -0.438938
0.03125  -0.396085
-0.125  -0.226116
0.0625  -0.251289
-0.03125  -0.470486
0.03125  -0.405336
-0.0625  -0.305242
0.0625  -0.404722
0.125  -0.319079
-0.03125  -0.429142
0.25  -0.308596
-0.1875  -0.329008
-0.15625  -0.178882
0  -0.475595
0.09375  -0.306209
0.125  -0.431116
0.03125  -0.339871
0.15625  -0.391371
0.03125  -0.316292
-0.03125  -0.30171
-0.15625  -0.304225
-0.0625  -0.350249
0.125  -0.350814
-0.1875  -0.378759
0  -0.480981
-0.1875  -0.208255
-0.125  -0.199055
-0.15625  -0.334248
-0.15625  -0.337437
0  -0.330271
0.125  -0.232397
-0.03125  -0.237493
-0.1875  -0.289576
0.03125  -0.407009
0.03125  -0.039147
0.125  -0.14425
-0.03125  -0.0983517
0  -0.223609
0  -0.138087
-0.15625  -0.230391
-0.03125  -0.429435
-0.0625  -0.245542
0.21875  -0.459026
-0.03125  -0.38363
-0.125  -0.353398
0.09375  -0.417555
-0.28125  -0.304608
0  -0.309276
-0.0625  -0.369171
0.125  -0.379588
-0.0625  -0.505823
0.03125  -0.218882
-0.25  -0.198085
0.125  -0.178178
-0.125  -0.0966724
0  -0.133895
0.0625  -0.491268
-0.09375  -0.210358
0.0625  -0.191155
0.1875  -0.366602
-0.15625  -0.406654
0.15625  -0.270306
0.0625  -0.424342
0  -0.41894
-0.21875  -0.409233
-0.21875  -0.158212
-0.0625  -0.266472
-0.125  -0.271248
-0.1875  -0.419393
0  -0.336911
-0.09375  -0.31907
-0.21875  -0.27922
0.1875  -0.203535
-0.09375  -0.305081
-0.0625  -0.499047
-0.09375  -0.390148
0.0625  -0.284202
0  -0.116694
-0.125  -0.425955
-0.125  -0.209509
0.0625  -0.14296
-0.03125  -0.20769
-0.09375  -0.329426
-0.09375  -0.383261
-0.03125  -0.324199
0  -0.375859
0  -0.376966
-0.0625  -0.251993
0  -0.468338
0.125  -0.310777
-0.0625  -0.306268
0.09375  -0.49019
-0.15625  -0.277982
-0.03125  -0.343747
0.3125  -0.340918
0.34375  -0.227804
-0.4375  -0.077275
-0.09375  -0.272881
-0.125  -0.264394
-0.125  -0.321568
0.0625  -0.418777
0.03125  -0.294196
0  -0.320312
0.03125  -0.245751
-0.09375  -0.564089
-0.0625  -0.386876
-0.25  -0.480575
0.09375  -0.42966
-0.0625  -0.322783
-0.0625  -0.562757
0.09375  -0.33003
0  -0.355245
0.09375  -0.0136881
0.0625  -0.357878
-0.0625  -0.130409
0.03125  -0.311732
0.09375  -0.21058
0.125  -0.294547
0  -0.515241
0.03125  -0.413804
0.0625  -0.331774
0.09375  -0.378767
0.125  -0.377007
0.28125  -0.440307
0  -0.154187
0.25  -0.346501
-0.0625  -0.250008
-0.15625  -0.430761
-0.21875  -0.265746
-0.0625  -0.226933
-0.0625  -0.240519
-0.1875  -0.242958
0.03125  -0.226301
-0.15625  -0.00928571
-0.0625  -0.406329
0.09375  -0.359066
-0.15625  -0.24459
0.125  -0.270821
0.03125  -0.273678
-0.03125  -0.220164
0.125  -0.589065
-0.09375  -0.398733
0  -0.298388
-0.21875  -0.193671
0.09375  -0.342355
0.21875  -0.532721
0.21875  -0.353974
-0.125  -0.395778
-0.15625  -0.380279
0  -0.212281
0.21875  -0.315713
0.03125  -0.319274
0  -0.282374
0.125  -0.30354
-0.375  -0.477601
-0.25  -0.186999
0.375  -0.378935
-0.0625  -0.16464
-0.0625  -0.285623
-0.0625  -0.251428
0.0625  -0.366327
0.0625  -0.262803
0.0625  -0.326385
0.09375  -0.118519
0.15625  -0.239854
-0.09375  -0.112652
-0.09375  -0.315731
-0.09375  -0.257053
0.09375  -0.278711
0.1875  -0.355155
0.03125  -0.172825
-0.0625  -0.40446
0  -0.435592
-0.125  -0.231881
-0.0625  -0.379899
0  -0.494741
0.0625  -0.370889
0  -0.170876
0.03125  -0.345538
-0.03125  -0.229431
-0.0625  -0.372285
-0.0625  -0.308061
-0.21875  -0.266299
-0.125  -0.191869
0.09375  -0.178818
0.0625  -0.342214
0.21875  -0.120451
0.25  -0.351477
-0.25  -0.288342
0.1875  -0.426757
-0.09375  -0.230304
0.0625  -0.341802
0.125  -0.49862
0.03125  -0.389605
0.125  -0.324964
-0.0625  -0.352249
-0.0625  -0.203602
-0.21875  -0.122683
-0.21875  -0.315332
-0.03125  -0.225813
0.03125  -0.175179
0.0625  -0.465749
0.125  -0.4209
-0.09375  -0.41882
-0.1875  -0.00285143
-0.1875  -0.280902
-0.03125  -0.45299
-0.125  -0.367094
0.28125  -0.25415
-0.09375  0.0148957
-0.0625  -0.504322
-0.125  -0.385816
-0.09375  -0.32176
-0.1875  -0.164145
-0.1875  -0.239158
0.09375  -0.219834
0.03125  -0.19797
-0.125  -0.419123
-0.15625  -0.284169
0.15625  -0.196751
0.1875  -0.357729
-0.125  -0.238269
0  -0.15653
-0.0625  -0.256254
0.0625  -0.23729
-0.15625  -0.364049
0.0625  -0.432602
0.125  -0.504751
0.21875  -0.23257
-0.0625  -0.363917
-0.0625  -0.372342
-0.09375  -0.412425
-0.03125  -0.329834
-0.125  -0.429153
0.0625  -0.156519
-0.09375  -0.361689
-0.03125  -0.349177
-0.28125  -0.415902
0.28125  -0.344095
-0.09375  -0.270925
-0.0625  -0.388378
0.03125  -0.0773769
0.0625  -0.344384
0.09375  -0.301336
0.0625  -0.306612
-0.09375  -0.518021
0.0625  -0.291308
0  -0.364629
0  -0.123384
0.1875  -0.536521
0  -0.249815
0.03125  -0.524435
0.03125  -0.233817
0.03125  -0.350728
-0.03125  -0.466264
-0.125  -0.232461
0.1875  -0.0918752
0  -0.393743
0.15625  -0.303998
0.125  -0.264246
-0.0625  -0.406674
0.3125  -0.303067
-0.0625  -0.220027
-0.03125  -0.403289
0.15625  -0.155324
-0.21875  -0.362952
-0.03125  -0.242692
-0.28125  -0.35941
0.15625  -0.376845
0.21875  -0.166225
-0.1875  -0.370942
0.09375  -0.32486
-0.09375  -0.25207
0  -0.251299
-0.09375  -0.227667
0.03125  -0.398993
-0.09375  -0.159455
-0.15625  -0.221027
-0.3125  -0.3908
-0.0625  -0.474254
0.09375  -0.21577
0.0625  -0.321096
-0.03125  -0.150919
0  -0.316742
0.21875  -0.325975
-0.1875  -0.216489
0.09375  -0.461602
0.0625  -0.329889
-0.03125  -0.0822747
0.21875  -0.378485
-0.15625  -0.396283
-0.09375  -0.420914
0.0625  -0.253366
0.03125  -0.154696
-0.125  -0.329648
0.09375  -0.22457
-0.03125  -0.268973
0  -0.348806
-0.03125  -0.298965
0.03125  -0.26069
0.09375  -0.303995
0.15625  -0.442046
-0.0625  -0.356485
0.09375  -0.309858
0  -0.136927
-0.09375  -0.365058
0  -0.303438
-0.125  -0.408093
0.03125  -0.332647
-0.15625  -0.248034
0.25  -0.495904
0.1875  -0.275463
-0.09375  -0.241111
0  -0.155434
0  -0.511733
-0.09375  -0.313728
0.03125  -0.413489
0  -0.41689
0.15625  -0.445651
-0.0625  -0.244137
0.03125  -0.153568
-0.0625  -0.438957
-0.09375  -0.398715
0.15625  -0.265693
0.125  -0.327512
-0.09375  -0.329297
-0.03125  -0.298251
0.03125  -0.394313
-0.09375  -0.312112
0.03125  -0.425904
0.0625  -0.287338
-0.25  -0.283484
0.03125  -0.35053
0.0625  -0.460775
0.09375  -0.449165
-0.125  -0.261109
-0.21875  -0.366723
0  -0.332288
0.03125  -0.348241
0.03125  -0.448679
0.0625  -0.244489
-0.125  -0.39063
-0.25  -0.435877
0.125  -0.356604
0  -0.391662
-0.09375  -0.387482
-0.03125  -0.492037
0.09375  -0.349955
-0.09375  -0.361871
-0.09375  -0.186116
-0.0625  -0.2525
0.03125  -0.295123
0.15625  -0.402034
0.40625  -0.43031
0.21875  -0.420621
0.15625  -0.191917
-0.0625  -0.422887
-0.09375  -0.166817
0.15625  -0.41014
-0.125  -0.436044
-0.03125  -0.414621
0.0625  -0.344447
-0.15625  -0.41061
0.03125  -0.441545
-0.03125  -0.305243
-0.1875  -0.345225
-0.03125  -0.145385
0  -0.52018
0.09375  -0.304098
0.03125  -0.338498
0.15625  -0.328996
0  -0.347389
-0.09375  -0.418966
0.15625  -0.311631
-0.0625  -0.401323
0.09375  -0.22811
-0.03125  -0.318533
0.1875  -0.33598
0.09375  -0.410726
0  -0.128516
-0.03125  -0.580474
-0.125  -0.203733
-0.03125  -0.202412
-0.125  -0.307235
0.3125  -0.0614589
0.15625  -0.362376
0.125  -0.325792
0.0625  -0.315932
0  -0.391093
-0.1875  -0.254304
0.03125  -0.333341
-0.0625  -0.294578
0.28125  -0.484971
0  -0.153958
0.25  -0.564452
-0.03125  -0.341182
0  -0.218795
-0.03125  -0.329252
0.15625  -0.361003
0.0625  -0.294139
-0.1875  -0.102131
-0.125  -0.260947
-0.34375  -0.109405
0.15625  -0.563426
-0.125  -0.331991
0.15625  -0.414441
-0.125  -0.206818
-0.0625  -0.225656
-0.09375  -0.286821
0.25  -0.362763
-0.03125  -0.317601
0.21875  -0.476832
-0.0625  -0.243711
0.1875  0.0451843
0.09375  -0.242992
0.1875  -0.131018
0.09375  -0.295274
0.0625  -0.35514
0.125  -0.173832
0.0625  -0.382298
-0.09375  -0.163092
-0.03125  -0.222412
0.1875  -0.343627
0.03125  -0.263727
0  -0.300185
0.09375  -0.340902
0  -0.375802
0.03125  -0.389201
-0.03125  -0.50488
0.09375  -0.267149
-0.09375  -0.283466
-0.03125  -0.394841
0.25  -0.194673
0.1875  -0.376824
-0.03125  -0.246701
0.09375  -0.241524
-0.125  -0.312073
-0.1875  -0.432325
0.125  -0.181867
-0.1875  -0.437187
-0.03125  -0.376434
-0.03125  -0.364941
0.15625  -0.319522
-0.21875  -0.530114
0.1875  -0.304551
0.15625  -0.330037
0.09375  -0.342314
0.125  -0.321452
-0.1875  -0.304565
0.03125  -0.27195
-0.03125  -0.392199
-0.0625  -0.240462
0.03125  -0.3774
-0.03125  -0.343016
0.1875  -0.359448
0.1875  -0.413469
0.125  -0.398164
0.0625  -0.408984
-0.03125  -0.438827
0.125  -0.348357
0  -0.213411
0.21875  -0.448035
0.15625  -0.38324
0.1875  -0.303435
-0.1875  -0.466184
0  -0.296056
-0.1875  -0.313595
0.0625  -0.496874
0.15625  -0.394649
-0.0625  -0.51479
0.125  -0.249935
0.09375  -0.232679
-0.09375  -0.219037
0.0625  -0.258632
-0.0625  -0.477751
0.15625  -0.35508
0.0625  -0.244015
-0.09375  -0.324928
0.1875  -0.327295
0.3125  -0.240045
0  -0.0977023
0  -0.305433
-0.03125  -0.359895
0.09375  -0.474061
-0.09375  -0.380846
0.21875  -0.255274
-0.0625  -0.502172
0.0625  -0.141375
-0.03125  -0.388454
0.0625  -0.265233
-0.03125  -0.348709
0  -0.250054
-0.03125  -0.400935
-0.03125  -0.278374
-0.03125  -0.282763
-0.15625  -0.273285
-0.375  -0.366552
0.125  -0.453992
-0.0625  -0.202234
0.03125  -0.265034
0.28125  -0.14656
0.0625  -0.288197
0.15625  -0.289876
0  -0.261647
-0.15625  -0.250774
-0.03125  -0.388392
0.09375  -0.180541
-0.0625  -0.321225
-0.15625  -0.300872
0  -0.399041
-0.15625  -0.379211
-0.0625  -0.409201
0.09375  -0.297965
0.15625  -0.125778
0.03125  -0.323471
0.09375  -0.41724
-0.09375  -0.173547
0.1875  -0.276205
-0.15625  -0.243186
-0.09375  -0.296801
0.03125  -0.359067
-0.0625  -0.243136
0  -0.379323
0.0625  -0.512988
0.15625  -0.303626
0.1875  -0.0740016
-0.125  -0.477982
-0.125  -0.513983
0.09375  -0.308265
-0.09375  -0.410518
0.21875  -0.554735
-0.21875  -0.383432
0  -0.200729
-0.15625  -0.315591
-0.125  -0.00208777
0  -0.382646
0  -0.133539
-0.09375  -0.201138
0.125  -0.432962
0.15625  -0.24791
-0.0625  -0.08021
0.3125  -0.302509
0.09375  -0.517447
0.0625  -0.233336
-0.1875  -0.228691
0.21875  -0.342971
0.21875  -0.321295
-0.125  -0.275946
0  -0.296839
-0.21875  -0.135218
-0.0625  -0.155182
-0.25  -0.275548
0.09375  -0.295544
0.0625  -0.16708
0.125  -0.123226
-0.0625  -0.448529
-0.09375  -0.273602
0.15625  -0.181877
-0.09375  -0.294336
0  -0.459775
0.125  -0.426697
0.0625  -0.342408
-0.0625  -0.452212
-0.3125  -0.27439
0.0625  -0.339011
-0.0625  -0.3885
-0.21875  -0.258988
-0.125  -0.275091
-0.03125  -0.536022
-0.09375  -0.394634
0.03125  -0.183298
-0.0625  -0.484176
0.0625  -0.269093
-0.15625  -0.267915
0.125  -0.295826
0.0625  -0.433771
-0.03125  -0.149063
-0.3125  -0.287627
0  -0.153662
-0.09375  -0.350274
0.03125  -0.20804
-0.09375  -0.282719
-0.125  -0.114147
-0.15625  -0.224232
-0.09375  -0.238017
-0.25  -0.269698
0.0625  -0.46906
0.15625  -0.37887
-0.09375  -0.293408
0.03125  -0.403889
0.0625  -0.33245
0.0625  -0.441584
0.125  -0.371229
-0.0625  -0.315234
0.0625  -0.331565
-0.03125  -0.279351
0.0625  -0.291859
-0.0625  -0.356743
0.03125  -0.287841
0.15625  -0.29601
0.0625  -0.172068
-0.09375  -0.339927
-0.03125  -0.268315
0.03125  -0.290912
0.15625  -0.361488
0.15625  -0.392263
-0.46875  -0.32871
0.03125  -0.134446
-0.125  -0.421377
-0.0625  -0.223269
-0.0625  -0.318734
0.09375  -0.340367
0.09375  -0.262087
0.25  -0.504778
-0.03125  -0.486527
0.21875  -0.388337
-0.03125  -0.176679
0.3125  -0.233219
0.25  -0.238969
-0.0625  -0.420185
0.03125  -0.302121
-0.0625  -0.357369
0.03125  -0.270359
0.0625  -0.381651
-0.09375  -0.15189
0  -0.48559
-0.0625  -0.287407
-0.09375  -0.333956
0.09375  -0.296092
-0.0625  -0.30455
0.09375  -0.247871
0.09375  -0.43469
-0.1875  -0.464615
-0.09375  -0.278414
-0.0625  -0.451235
-0.0625  -0.4873
0.125  -0.491707
0.28125  -0.15862
0.03125  -0.347212
-0.0625  -0.392616
0.03125  -0.21676
0.1875  -0.479881
-0.03125  -0.331247
0.28125  -0.311691
0.03125  -0.508982
-0.125  -0.038206
0.1875  -0.143473
-0.15625  -0.2327
0.1875  -0.367464
-0.03125  -0.347053
-0.1875  -0.288755
-0.03125  -0.381258
0.125  -0.159802
0.03125  -0.202903
-0.15625  -0.33775
-0.0625  -0.350641
0.3125  -0.249198
-0.03125  -0.432542
0.125  -0.311182
-0.125  -0.0181939
0.125  -0.372017
-0.09375  -0.189537
-0.21875  -0.320669
0.15625  -0.0884052
-0.03125  -0.346136
0.0625  -0.527274
-0.03125  -0.328773
0.09375  -0.228649
-0.1875  -0.216195
0.34375  -0.268851
0.03125  -0.482115
-0.15625  -0.0912168
0.125  -0.19585
-0.03125  -0.443147
-0.0625  -0.540172
-0.1875  -0.403131
-0.09375  -0.266021
0.09375  -0.242198
-0.21875  -0.388999
-0.03125  -0.34314
0.1875  -0.394839
-0.09375  -0.301281
0.125  0.0540037
-0.03125  -0.0914147
0.21875  -0.504768
-0.125  -0.559137
0.15625  -0.410326
0.125  -0.116114
-0.125  -0.473463
0.0625  -0.485614
0.125  -0.276729
0.125  -0.288684
-0.15625  -0.247964
-0.0625  -0.411368
-0.21875  -0.264712
0.0625  -0.430586
0  -0.471087
-0.28125  -0.529831
0.0625  -0.225272
-0.03125  -0.306811
-0.125  -0.299025
0.125  -0.446029
0.25  -0.399967
0.125  -0.254096
0  -0.307328
0.0625  -0.345143
0.09375  -0.4218
-0.03125  -0.328745
0.09375  -0.416305
-0.0625  -0.42028
-0.1875  -0.125991
-0.09375  -0.2327
0.25  -0.256834
0.15625  -0.115027
0.125  -0.271005
0.125  -0.181982
0.15625  -0.159799
-0.1875  -0.198034
-0.09375  -0.362847
0.34375  -0.157072
0.03125  -0.402641
0  -0.160888
-0.09375  -0.385948
0.125  -0.252125
-0.09375  -0.200179
0.125  -0.0953943
0.28125  -0.34437
-0.0625  -0.617965
0.15625  -0.238317
-0.0625  -0.316367
0.03125  -0.358814
0.03125  -0.466176
-0.03125  -0.415406
0  -0.230611
0.0625  -0.301293
-0.15625  -0.387238
0  -0.295142
-0.03125  -0.336486
-0.125  -0.381772
-0.09375  -0.336088
-0.03125  -0.23121
-0.03125  -0.421281
-0.03125  -0.183753
0.09375  -0.186364
-0.125  -0.474622
0.15625  -0.233139
-0.21875  -0.360495
0.03125  -0.193439
-0.28125  -0.296251
-0.03125  -0.166554
-0.0625  -0.224687
0  -0.205442
0.15625  -0.522939
-0.0625  -0.096441
0.0625  -0.316109
0.03125  -0.288415
-0.09375  -0.300573
-0.3125  -0.320674
0.28125  -0.093554
0.09375  -0.551717
-0.03125  -0.494503
-0.09375  -0.346991
0.09375  -0.215769
-0.21875  -0.334077
-0.09375  -0.350566
0  -0.322337
0.03125  -0.264045
-0.09375  -0.586601
0.125  -0.237042
0.0625  -0.345591
-0.125  -0.206687
-0.09375  -0.336924
0.125  -0.479332
-0.03125  -0.501337
0.21875  -0.563123
0.25  -0.361446
0.28125  -0.381179
0.0625  -0.29122
-0.03125  -0.16452
0.21875  -0.300252
0.1875  -0.358206
-0.0625  -0.574954
0.0625  -0.265507
0.09375  -0.227709
0.1875  -0.303253
-0.1875  -0.126628
0.0625  -0.341856
-0.09375  -0.148236
-0.21875  -0.298924
-0.28125  -0.284626
0.15625  -0.222166
0.09375  0.0306829
0.09375  -0.52282
-0.25  -0.514536
-0.09375  -0.357793
-0.03125  -0.510371
0.03125  -0.381614
-0.09375  -0.199215
0  -0.394957
0.1875  -0.277071
0.125  -0.335887
0  -0.355328
0.1875  -0.284723
0.0625  -0.222114
-0.125  -0.350814
0.09375  -0.364148
-0.3125  -0.357858
-0.15625  -0.432362
0.0625  -0.413251
0.03125  -0.283448
-0.09375  -0.417674
0  -0.218798
-0.03125  -0.236584
0.21875  -0.174756
0.1875  -0.476847
-0.40625  -0.386302
0.125  -0.153746
-0.0625  -0.201192
0.03125  -0.292497
0.21875  -0.273717
-0.15625  -0.362686
0.125  -0.34845
0.0625  -0.445732
0.15625  -0.0913914
0.0625  -0.364219
-0.0625  -0.369984
0  -0.337918
-0.125  -0.120819
0  -0.409035
0.21875  -0.261382
0.09375  -0.452482
-0.09375  -0.249226
0.03125  -0.350652
-0.15625  -0.305692
0.0625  -0.332838
-0.0625  -0.314176
-0.125  -0.502346
-0.03125  -0.390285
0.03125  -0.271091
-0.1875  -0.544433
0.125  -0.153824
0.15625  -0.454046
-0.0625  -0.254037
0.34375  -0.254793
-0.0625  -0.125523
0.15625  -0.327313
0.03125  -0.487891
0.03125  -0.360719
-0.09375  -0.106342
-0.21875  -0.301532
0.1875  -0.284319
0.03125  -0.297827
-0.1875  -0.310425
0.1875  -0.393894
0.15625  -0.448281
0.03125  -0.467053
-0.0625  -0.434968
0.03125  -0.295873
0.15625  -0.218913
0.28125  -0.197982
-0.03125  -0.519786
-0.09375  -0.238681
0.09375  -0.308069
-0.125  -0.288574
-0.09375  -0.331022
0.0625  -0.147303
0.03125  -0.293747
0.09375  -0.123318
0.125  -0.143364
-0.15625  -0.332227
-0.15625  -0.326971
-0.15625  -0.436425
0.0625  -0.479557
0.125  -0.296515
0  -0.304129
0.0625  -0.375382
0.09375  -0.306659
-0.125  -0.23008
0.09375  -0.265927
-0.03125  -0.225459
0.0625  -0.259247
-0.09375  -0.367346
0.09375  -0.368643
-0.15625  -0.343726
-0.09375  -0.327217
0.3125  -0.311765
0  -0.308273
-0.09375  -0.483368
-0.09375  -0.301975
-0.03125  -0.443758
0.03125  -0.333512
0.0625  -0.222222
0.125  -0.155741
-0.125  -0.290214
-0.0625  -0.119871
0.25  -0.124324
0.03125  -0.0702623
0.09375  -0.190165
-0.0625  -0.210629
-0.125  -0.274293
-0.09375  -0.373263
-0.0625  -0.314777
-0.03125  -0.0720825
0.0625  -0.330785
0.0625  -0.419814
0  -0.264096
0.0625  -0.224363
-0.125  -0.352931
-0.125  -0.439092
-0.0625  -0.305783
0.25  -0.3176
0.28125  -0.164854
0.03125  -0.31935
-0.15625  -0.162382
0  -0.0924519
-0.09375  -0.333601
-0.03125  -0.394403
-0.125  -0.282015
-0.0625  -0.366634
0.03125  -0.233619
-0.0625  -0.192845
-0.125  -0.130735
0.0625  -0.286621
0.03125  -0.364042
0.1875  -0.345318
0.09375  -0.259894
0.09375  -0.377915
-0.0625  -0.417373
-0.15625  -0.414986
0.0625  -0.445173
-0.1875  -0.280609
-0.125  -0.289168
0.125  -0.1268
-0.125  -0.158758
-0.03125  -0.196794
-0.125  -0.363437
-0.15625  -0.167586
-0.15625  -0.195903
-0.0625  -0.324195
0  -0.486868
0.375  -0.312654
-0.15625  -0.443474
0  -0.382569
-0.0625  -0.243592
-0.125  -0.306593
0.0625  -0.43473
-0.03125  -0.172275
-0.0625  -0.297838
-0.03125  -0.463884
0.1875  -0.187351
0.15625  -0.132219
-0.03125  -0.475001
-0.15625  -0.392262
0.03125  -0.281295
0.0625  -0.404049
-0.03125  -0.548063
-0.03125  -0.623674
-0.15625  -0.422704
-0.03125  -0.329775
0.09375  -0.4812
0  -0.265173
0.125  -0.348186
-0.03125  -0.454371
0.03125  -0.162165
0.15625  -0.2391
-0.09375  -0.360926
0.09375  -0.486378
-0.03125  -0.538569
0.15625  -0.41125
0.125  -0.287327
0  -0.49165
0.125  -0.3318
-0.03125  -0.325868
0.1875  -0.258029
0.03125  -0.263828
-0.09375  -0.364021
-0.15625  -0.260342
-0.1875  -0.488859
0  -0.455867
-0.03125  -0.269806
-0.15625  -0.469504
-0.28125  -0.500584
0.15625  -0.183656
0.03125  -0.26087
-0.15625  -0.494123
0.09375  -0.512952
0.0625  -0.39154
0.1875  -0.343316
0  -0.126392
0.25  -0.385191
-0.09375  -0.386587
-0.09375  -0.43211
0.15625  -0.435512
-0.03125  -0.4366
-0.0625  -0.210257
-0.03125  -0.403137
0.1875  -0.162604
-0.125  -0.378521
0.03125  -0.207467
0.0625  -0.26901
0.0625  -0.436851
0.0625  -0.0753224
-0.1875  -0.372063
0.09375  -0.201824
-0.1875  -0.371148
-0.125  -0.194324
0.0625  -0.17292
0.15625  -0.265377
0.0625  -0.276793
0.0625  -0.253528
0.15625  -0.377719
-0.15625  -0.267561
-0.0625  -0.419215
-0.09375  -0.322465
0.125  -0.485607
0.1875  -0.466195
-0.15625  -0.28448
0  -0.262649
0.1875  -0.350072
0  -0.466353
0  -0.229082
0.125  -0.476484
-0.125  -0.279706
0.1875  -0.0396473
-0.09375  -0.324256
-0.1875  -0.23995
-0.03125  -0.298988
0.0625  -0.0834713
-0.0625  -0.34071
0.15625  -0.393773
-0.125  -0.390971
0.03125  -0.367744
-0.03125  -0.281495
-0.28125  -0.337253
0.15625  -0.318438
0.15625  -0.193176
0  -0.215478
-0.09375  -0.366527
0.0625  -0.396791
0.15625  -0.408332
-0.3125  -0.179267
-0.03125  -0.266119
0.03125  -0.252077
0.03125  -0.257054
-0.09375  -0.254045
-0.03125  -0.362899
0  -0.345019
-0.25  -0.249591
0.125  -0.290694
0.0625  -0.295923
-0.125  -0.446599
-0.03125  -0.0871071
0.0625  -0.467852
0.1875  -0.154086
0.1875  -0.425732
0.0625  -0.189181
-0.0625  -0.231749
-0.03125  -0.400328
0  -0.128753
0.125  -0.272617
0.03125  -0.449022
0.15625  -0.392206
0.15625  -0.1712
0.03125  -0.0801617
-0.03125  -0.288427
-0.0625  -0.263015
-0.125  -0.325097
-0.0625  -0.195214
-0.21875  -0.245245
0.03125  -0.313476
-0.03125  -0.248947
-0.03125  -0.2676
0.125  -0.338738
-0.0625  -0.375253
-0.15625  -0.2261
0.09375  -0.401236
-0.0625  -0.471527
0.09375  -0.355514
0.09375  -0.327749
-0.03125  -0.36155
0.03125  -0.4941
-0.1875  -0.403178
-0.09375  -0.26123
-0.09375  -0.191026
0.25  -0.374936
-0.15625  -0.266038
-0.09375  -0.307974
-0.09375  -0.559533
-0.03125  -0.52422
0  -0.369449
-0.0625  -0.329861
-0.15625  -0.298736
-0.09375  -0.254033
0.125  -0.203454
0.1875  -0.21834
0.09375  -0.417254
0.03125  -0.304885
0  -0.26733
-0.21875  -0.513769
-0.1875  -0.106533
0.03125  -0.32665
0.15625  -0.395468
-0.125  -0.399306
-0.1875  -0.345068
-0.0625  -0.202287
0.09375  -0.501442
0.09375  -0.263025
-0.25  -0.204498
0.03125  -0.409096
0  -0.248176
-0.125  -0.44772
0  -0.344345
0.15625  -0.184029
-0.1875  -0.215615
0.0625  -0.385034
-0.0625  -0.192619
-0.0625  -0.315043
-0.03125  -0.434379
0.125  -0.415132
-0.03125  -0.403659
-0.0625  -0.566309
0.15625  -0.474785
-0.09375  -0.452625
-0.15625  -0.315861
0.0625  -0.2222
0  -0.290352
0.0625  -0.367829
0.15625  -0.362043
-0.09375  -0.326887
-0.1875  -0.329623
0.09375  -0.357054
0.1875  -0.22864
0.15625  -0.519392
0.03125  -0.400613
0.15625  -0.15653
-0.0625  -0.335884
0.03125  -0.102295
0.0625  -0.332731
-0.03125  -0.305191
0.0625  -0.427479
0.03125  -0.286148
0.0625  -0.363522
0.0625  -0.452202
-0.0625  -0.345176
0.125  -0.326296
-0.125  -0.374201
-0.03125  -0.348562
-0.0625  -0.26809
0.1875  -0.236957
-0.03125  -0.221174
-0.09375  -0.166858
0  -0.389388
0.1875  -0.190608
0.03125  -0.0995211
0.03125  -0.176533
0.15625  -0.310549
0.125  -0.415844
-0.09375  -0.408038
-0.1875  -0.190195
-0.09375  -0.251269
0.0625  -0.426509
-0.125  -0.293726
0.125  -0.369942
0.0625  -0.580358
0.03125  -0.631522
0.03125  -0.286862
-0.15625  -0.526378
0.09375  -0.415095
-0.0625  -0.30098
0.03125  -0.345332
-0.125  -0.244495
-0.125  -0.237093
-0.0625  -0.234983
0.1875  -0.261458
-0.09375  -0.294695
0.03125  -0.400378
0.09375  -0.385415
-0.34375  -0.336405
-0.0625  -0.467013
0.0625  -0.237774
-0.09375  -0.24531
0.1875  -0.430931
0  -0.296012
0.0625  -0.318732
-0.15625  -0.25817
0.28125  -0.264395
0.1875  -0.495139
-0.09375  -0.105282
0.09375  -0.293416
-0.125  -0.203153
-0.09375  -0.162738
-0.3125  -0.369795
-0.15625  -0.511059
0.03125  -0.441615
0.0625  -0.25932
0.0625  -0.324688
0.09375  -0.330667
-0.25  -0.363999
-0.15625  -0.479669
0.1875  -0.25933
0.03125  -0.278164
-0.0625  -0.357798
0.25  -0.298919
-0.3125  -0.304328
-0.09375  -0.344304
0.0625  -0.35123
0.34375  -0.467678
0.0625  -0.239471
-0.09375  -0.605332
-0.0625  -0.306583
-0.15625  -0.385678
-0.03125  -0.375571
-0.15625  -0.480333
-0.21875  -0.324347
0.0625  -0.410364
0.0625  -0.133704
0.15625  -0.321593
0.03125  -0.204388
-0.15625  -0.382473
0.0625  -0.443463
0.1875  -0.363382
-0.09375  -0.337529
0.0625  -0.298484
-0.03125  -0.303197
0.09375  -0.348327
0.03125  -0.399145
0.03125  -0.295836
-0.21875  -0.619277
0  -0.497588
0  -0.0791465
0.09375  -0.0960554
-0.03125  -0.411383
-0.125  -0.574809
0.03125  -0.152043
0.09375  -0.516174
-0.09375  -0.240303
0  -0.199675
-0.21875  -0.275842
-0.125  -0.159399
-0.0625  -0.421991
-0.1875  -0.564728
0.125  -0.155784
-0.21875  -0.414787
0.0625  -0.419066
0.0625  -0.325913
-0.125  -0.2827
0.15625  -0.31926
0  -0.558053
0.125  -0.280381
0.0625  -0.158683
-0.09375  -0.286263
-0.1875  -0.397357
-0.09375  -0.155396
-0.03125  -0.305642
-0.0625  -0.486878
-0.0625  -0.124979
0.03125  -0.349108
0  -0.389827
-0.15625  -0.312169
0.09375  -0.15033
0.28125  -0.495063
0  -0.319013
0.03125  -0.289735
0  -0.270708
0.15625  -0.341256
0  -0.192716
0.03125  -0.275909
0.125  -0.326484
0.03125  -0.247321
-0.03125  -0.219399
0.09375  -0.249686
0.15625  -0.337517
0.03125  -0.336136
-0.03125  -0.380342
0.15625  -0.243951
0.09375  -0.259563
-0.15625  -0.346119
0.25  -0.212379
-0.21875  -0.464559
-0.0625  -0.49826
0.0625  -0.317935
-0.25  -0.240254
-0.09375  -0.315466
-0.15625  -0.373937
-0.09375  -0.390734
-0.03125  -0.401688
0  -0.307331
0.03125  -0.419449
0.0625  -0.39476
0.125  -0.441723
0  -0.221848
-0.03125  -0.44464
0.09375  -0.220372
0.03125  -0.379286
-0.1875  -0.340602
-0.0625  -0.313468
0  -0.312613
-0.0625  -0.247343
0.09375  -0.262268
0.03125  -0.376628
0.21875  -0.336345
-0.21875  -0.403691
-0.0625  -0.286896
-0.03125  -0.427248
0.0625  -0.163066
0.0625  -0.251554
-0.03125  -0.313825
0.125  -0.408721
-0.21875  -0.268041
0.03125  -0.0685761
-0.03125  -0.304428
0.09375  -0.368416
-0.03125  -0.328821
0  -0.431684
-0.03125  -0.229076
0.03125  -0.46472
-0.40625  -0.439749
0  -0.501009
0.15625  -0.249807
-0.15625  -0.525924
0.0625  -0.503569
0.1875  -0.392445
0.03125  -0.0923157
0  -0.360118
0.0625  -0.22904
0.0625  -0.161548
0.03125  -0.313552
0.15625  -0.322716
0.15625  -0.547482
0.21875  -0.298776
-0.03125  -0.395545
-0.125  -0.323272
-0.0625  -0.249651
-0.3125  -0.450503
0.125  -0.119427
0.125  -0.16316
-0.0625  -0.201639
-0.03125  -0.354535
0.09375  -0.22878
-0.125  -0.351507
0.0625  -0.346412
-0.03125  -0.267275
0.15625  -0.421858
-0.1875  -0.162549
-0.09375  -0.363702
0.0625  -0.265282
0.125  -0.328154
-0.0625  -0.39884
0.0625  -0.30805
-0.21875  -0.45351
-0.125  -0.298295
-0.09375  -0.191322
0.09375  -0.398053
-0.03125  -0.0358879
0.21875  -0.237048
0.09375  -0.368533
0.1875  -0.269909
0.125  -0.40704
-0.21875  -0.239542
-0.0625  -0.14358
0  -0.473084
0  -0.183496
-0.0625  -0.11002
0  -0.240337
-0.0625  -0.182804
-0.0625  -0.407515
-0.15625  -0.27693
0.125  -0.372159
0.15625  -0.462614
0.0625  -0.284706
-0.03125  -0.152372
0.03125  -0.248471
-0.25  -0.397151
-0.03125  -0.470869
0.125  -0.477904
0.0625  -0.529894
-0.0625  -0.251884
-0.21875  -0.421548
0.03125  -0.441473
-0.09375  -0.27836
0.0625  -0.355567
-0.125  -0.170028
0.09375  -0.55587
0.09375  -0.130314
-0.15625  -0.193339
-0.09375  -0.443236
-0.03125  -0.178689
-0.25  -0.222741
-0.15625  -0.332554
0.0625  -0.394798
0.03125  -0.321667
0.1875  -0.378718
-0.15625  -0.18964
0.125  -0.170716
-0.1875  -0.223229
0  -0.318479
0.25  -0.258547
-0.25  -0.218627
0.0625  -0.252845
-0.28125  -0.39551
0.03125  -0.307908
0.0625  -0.272143
-0.15625  -0.333529
-0.1875  -0.248751
0.21875  -0.208115
-0.1875  -0.465066
0.03125  -0.226849
0.03125  -0.420037
0.0625  -0.503942
0.25  -0.252687
-0.0625  -0.17743
-0.375  -0.31871
-0.28125  -0.395767
-0.1875  -0.699972
0.03125  -0.299403
-0.15625  -0.298448
0.0625  -0.323254
0  -0.530006
0  -0.28333
0  -0.502163
0.0625  -0.37096
-0.0625  -0.160907
-0.15625  -0.243859
-0.21875  -0.324377
-0.09375  -0.322014
-0.1875  -0.061074
0.09375  -0.385323
-0.09375  -0.397123
0.125  -0.241641
0.03125  -0.363761
0.1875  -0.27795
-0.1875  -0.530677
0.125  -0.246991
0  -0.445115
0.0625  -0.26919
0  -0.205779
0.21875  -0.230355
-0.03125  -0.22068
0.15625  -0.392716
0.03125  -0.269329
0.0625  -0.241542
0.125  -0.242789
0.03125  -0.354677
-0.03125  -0.258936
0.125  -0.267619
-0.03125  -0.329794
0  -0.527309
0.15625  -0.266265
-0.09375  -0.427584
0  -0.357981
-0.125  -0.384537
0.03125  -0.556294
-0.21875  -0.378988
0.09375  -0.432691
0  -0.325165
0  -0.350367
-0.125  -0.436827
-0.0625  -0.338835
-0.0625  -0.275521
0.03125  -0.305158
0.125  -0.582753
-0.0625  -0.314841
0.0625  -0.475628
-0.125  -0.374537
0.03125  -0.345039
-0.09375  -0.322903
0  -0.392477
-0.125  -0.249269
-0.09375  -0.472107
0.03125  -0.298013
-0.15625  -0.228028
-0.25  -0.392984
0.03125  -0.349652
-0.1875  -0.614989
-0.1875  -0.384671
-0.0625  -0.206672
0.03125  -0.441493
0.125  -0.184715
-0.15625  -0.166641
-0.0625  -0.11804
-0.03125  -0.225138
0.03125  -0.206159
-0.25  -0.251763
0.15625  -0.446945
-0.1875  -0.28553
-0.03125  -0.414849
-0.125  -0.275519
0.03125  -0.150395
0.09375  -0.371853
0.0625  -0.361905
0.125  -0.356776
0.125  -0.44394
-0.0625  -0.283418
0.1875  -0.0430454
-0.09375  -0.141745
-0.1875  -0.320738
-0.03125  -0.321472
0  -0.208517
0.21875  -0.264024
-0.28125  -0.203044
0.125  -0.431996
0.4375  -0.349251
0.09375  -0.34242
-0.28125  -0.417272
-0.03125  -0.367958
0.03125  -0.288779
0.125  -0.38084
0.0625  -0.507214
-0.4375  -0.405979
-0.28125  -0.416679
0.09375  -0.469439
0.03125  -0.111469
0  -0.490884
0.03125  -0.446376
0.09375  -0.265358
-0.1875  -0.436098
-0.09375  -0.338836
-0.03125  -0.0589246
0.125  -0.546377
-0.0625  -0.207996
0.03125  -0.43738
0  -0.514892
0.0625  -0.302153
-0.15625  -0.411841
0.1875  -0.397525
-0.09375  -0.389862
-0.125  -0.593671
0.15625  -0.460752
0.0625  -0.29714
0.03125  -0.286349
-0.09375  -0.191502
0.03125  -0.232671
-0.09375  -0.332009
-0.21875  -0.316214
0.03125  -0.312279
0.03125  -0.268341
0.0625  -0.254502
0.0625  -0.309127
0.0625  -0.157483
0.15625  -0.275774
0.125  -0.457278
0.0625  -0.251509
-0.125  -0.331577
0  -0.232819
0.03125  -0.370402
-0.03125  -0.400655
-0.0625  -0.39754
0  -0.142254
-0.0625  -0.290801
0.03125  -0.200607
0.21875  -0.396089
0.1875  -0.268521
0.15625  -0.382389
-0.0625  -0.376043
-0.0625  -0.126507
-0.15625  -0.26078
-0.09375  -0.230713
0.125  -0.45546
-0.125  -0.303252
0.0625  -0.390247
0.40625  -0.326234
0  -0.480285
0.03125  -0.347589
0  -0.361702
-0.0625  -0.198421
-0.03125  -0.326283
0.09375  -0.203476
-0.0625  -0.478022
-0.0625  -0.307814
-0.125  -0.198042
0.0625  -0.231204
0.09375  -0.257571
0.15625  -0.297296
0.03125  -0.418342
0.0625  -0.417971
0.09375  -0.412045
0.03125  -0.299592
0.09375  -0.369121
0.125  -0.180623
0.125  -0.209126
-0.0625  -0.317289
-0.09375  -0.594036
0.0625  -0.210907
0  -0.467665
0  -0.567033
-0.125  -0.312289
-0.09375  -0.219955
-0.15625  -0.2707
-0.0625  -0.344697
-0.0625  -0.363591
0.09375  -0.340885
0.03125  -0.442409
0.15625  -0.0803677
-0.1875  -0.304938
-0.03125  -0.471601
0.0625  -0.370981
0.0625  -0.530172
0.15625  -0.562871
0.0625  -0.202601
0  -0.114133
0.1875  -0.272472
-0.03125  -0.328735
-0.09375  -0.283391
0.0625  -0.282541
0.0625  -0.30963
0.0625  -0.188537
-0.15625  -0.438345
0.1875  -0.24476
-0.0625  -0.405188
-0.15625  -0.404291
-0.1875  -0.134317
-0.09375  -0.195196
0.09375  -0.200336
0.25  -0.325856
0.03125  -0.293059
0.0625  -0.173312
-0.15625  -0.437159
-0.15625  -0.357004
0.15625  -0.0806163
0.15625  -0.179493
-0.3125  -0.167095
-0.125  -0.444312
-0.03125  -0.199581
-0.0625  -0.370006
-0.125  -0.180963
0.0625  -0.171481
-0.0625  -0.409016
-0.0625  -0.183124
-0.03125  -0.19703
0.125  -0.270243
0.09375  -0.302823
0.125  -0.358909
0.1875  -0.226121
0.0625  -0.330731
-0.09375  -0.33262
0.15625  -0.168207
0.0625  -0.390261
0  -0.340631
-0.03125  -0.456458
-0.03125  -0.216982
-0.0625  -0.439964
0.0625  -0.495281
-0.21875  -0.175521
0.125  -0.276159
0.09375  -0.199654
0.0625  -0.311772
0.15625  -0.0947028
0.15625  -0.343989
0  -0.0646529
0.25  -0.0951843
-0.1875  -0.21695
0.0625  -0.349305
0.28125  -0.435398
0.21875  -0.318026
0.03125  -0.271524
-0.09375  -0.483956
-0.09375  -0.197588
-0.0625  -0.274539
-0.0625  -0.138713
0.1875  -0.202576
0.09375  -0.34827
-0.09375  -0.480576
-0.15625  -0.281051
0.09375  -0.37699
0.0625  -0.405619
-0.03125  -0.41608
-0.09375  -0.354188
-0.03125  -0.239101
-0.15625  -0.424137
0  -0.415683
0  -0.244622
0.03125  -0.297568
-0.09375  -0.35451
-0.25  -0.201064
0.25  -0.47774
0.15625  -0.363963
0.03125  -0.0681233
0.125  -0.320868
-0.03125  -0.501425
-0.03125  -0.272736
-0.1875  -0.301162
-0.09375  -0.331146
0.125  -0.353356
-0.0625  -0.383446
0.03125  -0.231109
-0.28125  -0.466818
0.03125  -0.332404
0.0625  -0.440177
0.15625  -0.322212
-0.125  -0.261671
0.1875  -0.343703
0.25  -0.250446
-0.15625  -0.268398
-0.0625  0.0957257
0.125  -0.134832
0.21875  -0.261219
-0.1875  -0.460489
-0.0625  -0.31399
-0.0625  -0.204151
-0.03125  -0.20713
0.0625  -0.316026
0.21875  -0.408908
0.0625  -0.225584
0.09375  -0.204001
0  -0.260578
0.0625  -0.406662
-0.0625  -0.24406
0.1875  -0.328654
0.125  -0.297716
-0.21875  -0.412175
0.125  -0.443065
0.0625  -0.37363
0.09375  -0.383462
0  -0.382115
0.09375  -0.3283
-0.09375  -0.342658
0.03125  -0.117293
-0.15625  -0.428542
0.03125  -0.318936
0.125  -0.211301
0.09375  -0.157911
0.125  -0.329549
-0.09375  -0.266142
0.03125  -0.245791
-0.03125  -0.484289
0.03125  -0.355316
0.0625  -0.362179
0.03125  -0.142016
0.03125  -0.29424
-0.09375  -0.323223
0.125  -0.434832
-0.0625  -0.220014
0.1875  -0.350236
-0.21875  -0.141849
-0.03125  -0.537835
-0.125  -0.371472
-0.0625  -0.276413
-0.15625  -0.31152
-0.09375  -0.147556
0  -0.234014
0.3125  -0.539691
0.125  -0.23064
-0.1875  -0.265048
0.1875  -0.0933678
0.28125  -0.381446
0.1875  -0.066686
0  -0.329463
-0.125  -0.236655
0.03125  -0.283063
0.09375  -0.420791
-0.21875  -0.193434
0.09375  -0.241306
0.1875  -0.379446
-0.03125  -0.438902
-0.0625  -0.381558
-0.09375  -0.458138
-0.1875  -0.0949266
-0.21875  -0.169728
0.21875  -0.273852
-0.125  -0.33765
0.3125  -0.319747
-0.15625  -0.337458
-0.125  -0.251976
-0.15625  -0.224903
0  -0.371206
0.09375  -0.308195
0.15625  -0.166078
0  -0.395616
-0.21875  -0.333487
0.25  -0.296836
0  -0.291461
0  -0.318356
-0.0625  -0.295764
-0.09375  -0.428223
-0.09375  -0.369749
-0.0625  -0.211464
0.03125  -0.343919
0.09375  -0.345666
0  -0.374809
0.03125  -0.356789
0.0625  -0.209362
0.03125  -0.359216
-0.09375  -0.369659
-0.09375  -0.366751
0  -0.31929
0.09375  -0.318429
0.0625  -0.438457
0.09375  -0.336285
-0.1875  -0.434029
0  -0.432005
-0.03125  -0.488084
-0.3125  -0.263471
0.15625  -0.340164
0  -0.353192
0.0625  -0.387953
0.3125  -0.425452
0.21875  -0.408845
0.15625  -0.449095
0.15625  -0.232299
-0.15625  -0.278952
-0.09375  -0.277787
-0.125  -0.234106
-0.09375  -0.148352
0.03125  -0.28863
0.15625  -0.3894
0.0625  -0.268277
0.09375  -0.332314
0  -0.530149
-0.0625  -0.348709
-0.09375  -0.185289
-0.09375  -0.442813
0.03125  -0.580973
-0.21875  -0.201849
0.0625  -0.351638
-0.1875  -0.0673042
0.0625  -0.487223
-0.09375  -0.320199
-0.0625  -0.127789
0.125  -0.218362
-0.21875  -0.321023
-0.28125  -0.558788
-0.09375  -0.183516
-0.09375  -0.378645
0.25  -0.452082
0.03125  -0.218166
0.09375  -0.234507
0.03125  -0.292266
-0.0625  -0.344852
0.0625  -0.293174
-0.03125  -0.288031
0.03125  -0.320044
-0.1875  -0.571117
-0.03125  -0.299253
-0.0625  -0.365929
0.0625  -0.309782
-0.15625  0.00402709
-0.09375  -0.437482
0.03125  -0.391834
-0.0625  -0.389367
0  -0.368751
-0.0625  -0.46369
0.125  -0.32765
-0.0625  -0.449339
-0.125  -0.267707
-0.125  -0.557907
-0.03125  -0.277513
0.0625  -0.425758
0.15625  -0.512423
0.125  -0.437901
0.15625  -0.365169
0.09375  -0.49441
0.09375  -0.202062
-0.09375  -0.243268
-0.1875  -0.455723
0.0625  -0.293583
-0.21875  -0.307405
-0.125  -0.204484
0  -0.309335
-0.09375  -0.461327
0.25  -0.16138
0.25  -0.428618
0.0625  -0.428217
-0.0625  -0.215966
-0.0625  -0.329149
0.21875  -0.342822
0.03125  -0.482685
0.03125  -0.403169
0  -0.330274
0.03125  -0.542798
0.0625  -0.559164
-0.15625  -0.413347
0.0625  -0.444974
-0.09375  -0.537442
-0.21875  -0.296661
0.03125  -0.234549
0  -0.411093
-0.125  -0.49222
-0.0625  -0.316919
-0.125  -0.324452
0.1875  -0.450796
0.125  -0.331548
0.09375  -0.298585
0.03125  -0.244837
0.0625  -0.401131
0.0625  -0.273227
-0.28125  -0.359739
0.0625  -0.441793
0.0625  -0.172771
0.15625  -0.246649
-0.09375  -0.222928
0  -0.321308
-0.15625  -0.270381
0.09375  -0.401503
0.03125  -0.334624
0.0625  -0.286625
0.28125  -0.329793
0.0625  -0.272159
0.03125  -0.344132
-0.03125  -0.442807
0.1875  -0.365029
0.125  -0.408109
-0.0625  -0.18153
-0.03125  -0.214871
-0.09375  -0.387781
-0.03125  -0.301222
0.125  -0.356311
0.15625  -0.224753
0.125  -0.297753
-0.1875  -0.131261
0.21875  -0.266279
0.21875  -0.213113
-0.09375  -0.405285
0.09375  -0.408933
0.03125  -0.29493
-0.15625  -0.364657
-0.09375  -0.289644
0.0625  -0.22598
0.09375  -0.32713
-0.0625  -0.416388
0.1875  -0.462759
0.03125  -0.277412
0.09375  -0.323589
0.09375  -0.281326
-0.21875  -0.201004
-0.0625  -0.390137
0.03125  -0.1691
0  -0.232451
-0.03125  -0.359541
-0.1875  -0.559517
0.28125  -0.475613
-0.09375  -0.518494
-0.21875  -0.237704
0.03125  -0.300543
0.28125  -0.217717
0.09375  -0.416911
-0.15625  -0.292259
0.3125  -0.287714
-0.03125  -0.0311472
0.125  -0.344994
-0.15625  -0.238389
-0.03125  -0.23279
0  -0.320267
-0.1875  -0.393732
-0.15625  -0.365214
0.09375  -0.446838
0  -0.40012
0.0625  -0.411609
0.0625  -0.403347
0.09375  -0.171214
0.15625  -0.236172
-0.09375  -0.222668
0.25  -0.456816
-0.25  -0.430138
0.15625  -0.0805662
0  -0.33367
0.125  -0.254661
-0.0625  -0.354875
0.09375  -0.399435
0.0625  -0.261845
-0.1875  -0.256832
-0.03125  -0.21651
-0.25  -0.330914
-0.21875  -0.334264
0.40625  -0.377915
-0.1875  -0.437238
0  -0.148272
0.09375  -0.540459
0.25  -0.485284
0.09375  -0.406698
-0.03125  -0.365261
0.21875  -0.326655
-0.03125  -0.311206
0  -0.399207
-0.09375  -0.409114
-0.3125  -0.155489
-0.15625  -0.362316
0.09375  -0.340815
0.0625  -0.320648
-0.125  -0.208649
-0.09375  -0.365132
-0.03125  0.00802561
0.09375  -0.383402
-0.0625  -0.495143
0.09375  -0.280536
-0.09375  -0.228928
0.0625  -0.323907
-0.125  -0.197539
0.0625  -0.430117
0.0625  -0.207823
-0.09375  -0.263682
0.125  -0.210551
-0.0625  -0.237786
-0.0625  -0.462808
0.15625  -0.281515
0.0625  -0.339122
0.0625  -0.252042
0.1875  -0.239997
0.15625  -0.215571
0.21875  -0.377118
-0.15625  -0.347193
-0.15625  -0.190294
0.0625  -0.378717
0  -0.260373
-0.1875  -0.407401
0.34375  -0.438639
-0.15625  -0.533867
0.125  -0.165249
0  -0.198936
-0.1875  -0.334611
0.15625  -0.283032
0.125  -0.324259
0.125  -0.295655
-0.25  -0.495385
0.03125  -0.453057
0  -0.380799
0.0625  -0.322713
0.125  -0.328588
-0.0625  -0.290374
0.0625  -0.262683
-0.1875  -0.179238
0.0625  -0.264832
0.125  -0.419612
-0.09375  -0.192688
0  -0.370159
0  -0.436544
-0.0625  -0.113404
-0.15625  -0.554853
0.03125  -0.328204
-0.15625  -0.394598
0  -0.30705
0.15625  -0.411807
0  -0.22716
0.0625  -0.412372
0  -0.356881
0.4375  -0.405838
-0.125  -0.213992
-0.1875  -0.298323
0.125  -0.126326
0.03125  -0.233627
-0.125  -0.635844
0.03125  -0.358712
-0.03125  -0.313976
-0.1875  -0.487426
-0.28125  -0.298359
-0.25  -0.179263
-0.09375  -0.288556
-0.09375  -0.28766
0.09375  -0.390683
0.1875  -0.328646
0  -0.177185
0.0625  -0.193265
0.15625  -0.378278
0  -0.166611
-0.1875  -0.279944
-0.0625  -0.420941
-0.0625  -0.371459
0.03125  -0.232356
0.09375  -0.25718
-0.3125  -0.462721
-0.03125  -0.553108
-0.0625  -0.410361
0.03125  -0.302065
-0.21875  -0.423567
-0.15625  -0.272965
0  -0.444643
-0.0625  -0.408727
0.03125  -0.604726
0.03125  -0.295876
0.34375  -0.310516
-0.0625  -0.245768
-0.21875  -0.315944
0.1875  -0.347648
-0.03125  -0.531899
0.09375  -0.414123
-0.1875  -0.239327
-0.34375  -0.117049
0  -0.351655
0.21875  -0.415646
-0.09375  -0.423115
-0.125  -0.551962
0  -0.538058
0.0625  -0.371918
-0.21875  -0.459988
0.1875  -0.291271
-0.09375  -0.270472
0.21875  -0.412696
-0.0625  -0.158365
0.21875  -0.574646
0  -0.330126
0.09375  -0.281158
-0.125  -0.310566
0.0625  -0.196416
-0.125  -0.181605
0.28125  -0.132923
0  -0.195078
-0.15625  -0.361673
-0.125  -0.498164
0.125  -0.366834
0.125  -0.311308
-0.0625  -0.262831
0.25  -0.351704
0.09375  -0.401089
-0.1875  -0.321479
0.15625  -0.189646
-0.0625  -0.425482
0.0625  -0.520724
0.0625  -0.406902
0.1875  -0.362743
0.0625  -0.194848
0.25  -0.21243
-0.15625  -0.478945
0.03125  -0.431039
-0.125  -0.323272
0.1875  -0.335811
0.21875  -0.413398
0.21875  -0.193356
-0.375  -0.423294
0  -0.081363
-0.125  -0.170395
-0.0625  -0.401046
0  -0.178773
-0.15625  -0.300291
0.03125  -0.3266
-0.125  -0.403306
0.0625  -0.39294
0.09375  -0.556702
0.0625  -0.523029
-0.03125  -0.274558
0  -0.371485
0.09375  -0.353567
0.09375  -0.329731
0  -0.287466
0.1875  -0.322877
-0.125  -0.478419
0.125  -0.206793
-0.125  -0.359424
0.03125  -0.257017
-0.03125  -0.48331
-0.34375  -0.3347
0.09375  -0.064117
0.09375  -0.245181
0.03125  -0.432589
-0.125  -0.500451
0.34375  -0.297186
-0.15625  -0.300222
0.15625  -0.330814
0.03125  -0.257429
0.0625  -0.341999
-0.03125  -0.447507
0.03125  -0.34087
-0.21875  -0.201576
-0.0625  -0.48581
-0.125  -0.313816
-0.25  -0.232488
-0.03125  -0.171722
-0.125  -0.127752
0.25  -0.412316
-0.125  -0.313932
-0.125  -0.358222
0.09375  -0.460397
0.125  -0.367632
-0.125  -0.437551
-0.15625  -0.233819
0.03125  -0.495013
0  -0.242594
0.15625  -0.285263
-0.0625  -0.24993
-0.0625  -0.424612
-0.0625  -0.382313
0.21875  -0.423502
-0.15625  -0.47866
0.25  -0.257781
-0.09375  -0.240035
0.1875  -0.337058
-0.15625  -0.266124
-0.125  -0.316204
0.09375  -0.403118
0.15625  -0.395268
-0.0625  -0.364889
-0.125  -0.25185
0.1875  -0.52279
0.0625  -0.528185
0.0625  -0.388889
0.21875  -0.350722
0.0625  -0.269788
0.09375  -0.267144
0.03125  -0.314366
0.21875  -0.212907
0  -0.470752
-0.09375  -0.448299
0.15625  -0.400057
0.09375  -0.605284
-0.0625  -0.194481
0.03125  -0.513638
-0.0625  -0.330411
-0.125  -0.226154
0.0625  -0.174732
0.15625  -0.368775
-0.09375  -0.316652
-0.03125  -0.397404
0.15625  -0.354995
-0.15625  -0.233668
-0.09375  -0.294266
0.1875  -0.36352
-0.09375  -0.41741
0.1875  -0.327458
0.125  -0.417691
0.125  -0.540949
0.09375  -0.194226
-0.21875  -0.268371
-0.1875  -0.18939
0.0625  -0.216243
0.09375  -0.170421
-0.0625  -0.230519
0.09375  -0.267739
-0.09375  -0.39434
-0.1875  -0.109367
-0.28125  -0.465563
-0.0625  -0.462154
0.03125  -0.46061
-0.0625  -0.190299
-0.03125  -0.0196519
0.15625  -0.321897
0.03125  -0.19445
0.125  -0.497488
0.03125  -0.213948
-0.03125  -0.34952
0.03125  -0.49504
-0.03125  -0.26776
0.15625  -0.312358
0.15625  -0.421
-0.25  -0.293186
0  -0.352965
0.21875  -0.321716
0.03125  -0.480286
0  -0.40215
-0.1875  -0.370457
0  -0.539689
-0.03125  -0.163002
0.1875  -0.516978
-0.21875  -0.480039
0.125  -0.327899
0.15625  -0.152891
0.03125  -0.668532
0.0625  -0.396179
0.03125  -0.370732
-0.09375  -0.370018
0.09375  -0.380794
-0.09375  -0.179355
0.09375  -0.361045
0  -0.42039
-0.0625  -0.218807
-0.03125  -0.353991
-0.03125  -0.132717
-0.15625  -0.23947
0.15625  -0.233453
0.125  -0.30522
-0.125  -0.129743
-0.0625  -0.299384
0.1875  -0.335507
0.03125  -0.503813
0.03125  -0.23062
0.09375  -0.519949
-0.0625  -0.38309
-0.0625  -0.512496
0.0625  -0.294749
-0.09375  -0.396362
-0.15625  -0.331981
-0.25  -0.311911
-0.0625  -0.54427
-0.25  -0.347222
0  -0.166429
-0.0625  -0.285215
-0.25  -0.405503
0.0625  -0.402439
0.0625  -0.318777
-0.15625  -0.40012
0.125  -0.360102
-0.1875  -0.0959353
0.25  -0.188009
0.09375  -0.125517
0  -0.451043
0.03125  -0.135898
0.09375  -0.397369
0.15625  0.0603392
0.1875  -0.212945
0.09375  -0.2675
0.03125  -0.416596
0.03125  -0.424224
0  -0.426132
0  -0.317392
-0.125  -0.559955
0.03125  -0.0718501
0.03125  -0.312764
0.09375  -0.505392
-0.0625  -0.197563
-0.03125  -0.430767
0.25  -0.404404
-0.09375  -0.155614
-0.125  -0.30112
-0.0625  -0.226313
0.09375  -0.37395
0  -0.381839
-0.0625  -0.176348
0.03125  -0.591376
-0.125  -0.159603
0  -0.179808
0.0625  -0.27082
-0.25  -0.340705
-0.03125  -0.293931
-0.03125  -0.104181
-0.09375  -0.261979
0.1875  -0.353622
0.03125  -0.569221
0  -0.23517
-0.09375  -0.240593
-0.15625  -0.343705
-0.15625  -0.421608
-0.03125  -0.363791
0.125  -0.29702
-0.09375  -0.381255
0.03125  -0.434797
0.03125  -0.334716
0.0625  -0.255882
0.09375  -0.148541
-0.15625  -0.428638
-0.09375  -0.139603
0  -0.19767
0.125  -0.585994
0.03125  -0.300239
0.03125  -0.386756
-0.125  -0.280637
0.03125  -0.297781
0.28125  -0.259615
-0.03125  -0.479886
0.0625  -0.24604
-0.03125  -0.332489
-0.09375  -0.113693
0.03125  -0.146649
-0.125  -0.291379
-0.15625  -0.254048
0  -0.375667
0.125  -0.361009
-0.0625  -0.449044
-0.03125  -0.309723
-0.03125  -0.419431
0.15625  -0.328809
0.03125  -0.462217
-0.0625  -0.297463
-0.09375  -0.211803
-0.09375  -0.345074
-0.125  -0.308635
0.03125  -0.409466
0  -0.41802
0.125  -0.30263
-0.0625  -0.337827
0  -0.201547
-0.0625  -0.352035
0.09375  -0.36754
-0.09375  -0.418476
0.0625  -0.369995
-0.03125  -0.563963
-0.0625  -0.177602
-0.03125  -0.337184
0.09375  -0.258731
0.0625  -0.149881
-0.09375  -0.399436
0  -0.197438
0.1875  -0.351831
-0.125  -0.0406229
0.03125  -0.460657
-0.4375  -0.309656
0.03125  -0.429358
0.34375  -0.387749
0.03125  -0.424237
0.28125  -0.217564
0.21875  -0.546972
-0.25  -0.18636
0.0625  -0.224323
-0.0625  -0.31285
0.1875  -0.300479
-0.125  -0.366646
-0.125  -0.584879
-0.03125  -0.429097
-0.03125  -0.263521
0  -0.427906
-0.03125  -0.473146
-0.1875  -0.474345
0.15625  -0.465612
0.0625  -0.435801
0.15625  -0.413257
0.15625  -0.224184
0.03125  -0.288973
0.09375  -0.218252
-0.125  -0.203842
0.15625  -0.273051
-0.09375  -0.503205
-0.25  -0.348059
-0.25  -0.483562
0.1875  -0.471435
-0.125  -0.369572
-0.125  -0.091601
0.09375  -0.34872
0  -0.400945
0.03125  -0.355888
0  -0.0394313
0  -0.362003
0.1875  -0.144936
0.125  -0.283845
-0.125  -0.363687
0.15625  -0.396016
-0.21875  -0.435062
0.15625  -0.233846
-0.03125  -0.417081
0.15625  -0.277303
-0.03125  -0.0927028
0.03125  -0.457532
0.0625  -0.379494
0  -0.433711
0.125  -0.383294
-0.09375  -0.404272
0  -0.271013
0.25  -0.337333
-0.21875  -0.447317
0  -0.339402
-0.15625  -0.368635
-0.0625  -0.368603
0.03125  -0.361079
-0.3125  -0.18865
0.09375  -0.130585
0.15625  -0.255611
0.03125  -0.159777
0.1875  -0.321538
-0.03125  -0.582684
-0.15625  -0.266366
-0.03125  -0.50282
0  -0.157065
-0.0625  -0.2575
0.125  -0.413609
-0.09375  -0.389172
0  -0.367704
0.1875  -0.397227
0  -0.43828
0.0625  -0.248894
0.34375  -0.372859
-0.03125  -0.0582084
0.34375  -0.612962
0.03125  -0.282873
-0.09375  -0.212681
0.03125  -0.345104
-0.09375  -0.433067
-0.21875  -0.338778
0.03125  -0.253084
0.15625  -0.250115
0  -0.25514
0.1875  -0.140925
-0.09375  -0.23241
-0.0625  -0.410151
-0.125  -0.417673
0.09375  -0.436117
-0.0625  -0.303194
-0.03125  -0.189979
0.09375  -0.308392
0.15625  -0.151722
0.125  -0.189884
0.15625  -0.130704
-0.03125  -0.262349
0.03125  -0.275356
0.09375  -0.387064
0.25  -0.30363
-0.09375  -0.294682
0.15625  -0.397601
0.0625  -0.276378
-0.125  -0.475618
0.1875  -0.367965
0  -0.222339
0.1875  -0.402085
-0.03125  -0.235347
0.03125  -0.347632
0.09375  -0.372859
0.03125  -0.189517
0.0625  -0.548935
-0.09375  -0.343926
0.03125  -0.443134
0.03125  -0.41913
-0.15625  -0.281888
0.03125  -0.123943
0.125  -0.218114
0.15625  0.0645666
-0.0625  -0.247065
0.0625  -0.36194
-0.15625  -0.326247
0.09375  -0.157553
0.0625  -0.326629
0.28125  -0.229774
0.125  -0.272844
-0.03125  -0.450439
-0.25  -0.305292
0.03125  -0.382423
-0.0625  -0.355256
-0.03125  -0.321511
-0.25  -0.357474
-0.03125  -0.195898
0.03125  -0.328195
-0.09375  -0.043816
0.0625  -0.453917
-0.125  -0.247072
0.21875  -0.393424
0.1875  -0.32313
0.09375  -0.403025
0.21875  -0.363485
-0.15625  -0.432818
0.125  -0.172252
0.0625  -0.303932
0.21875  -0.211425
-0.09375  -0.341926
0.125  -0.511022
0.09375  -0.354443
0.03125  -0.412859
-0.09375  -0.375438
0.09375  -0.112795
-0.09375  -0.328582
0.125  -0.265472
-0.15625  -0.493094
-0.15625  -0.443024
0.25  -0.333165
-0.125  -0.646467
-0.375  -0.325635
0.09375  -0.327743
-0.09375  -0.321163
-0.0625  -0.353326
0  -0.229611
-0.09375  -0.16582
0.0625  -0.324673
0.1875  -0.134131
0.25  -0.474278
-0.1875  -0.205471
0.0625  -0.158385
-0.09375  -0.196103
0  -0.444373
-0.03125  -0.362538
-0.15625  -0.314182
0.03125  -0.488001
0.1875  -0.172994
0  -0.213765
0.09375  -0.292758
0  -0.209728
0  -0.411074
0.125  -0.0842013
0.21875  -0.470409
-0.15625  -0.46169
0.125  -0.451969
0.125  -0.172716
-0.09375  -0.476599
-0.03125  -0.215197
-0.0625  -0.186197
0.15625  -0.408041
0.15625  -0.47595
-0.3125  -0.226384
0  -0.487534
-0.03125  -0.22668
0.09375  -0.476239
-0.125  -0.363805
-0.09375  -0.238258
-0.09375  -0.267128
0.0625  -0.472253
0  -0.380569
0.09375  -0.173503
0.03125  -0.265209
0.09375  -0.488723
0.0625  -0.139316
0  -0.17128
0.09375  -0.39416
-0.0625  -0.315774
0  -0.340758
-0.15625  -0.35324
0  -0.254705
0.25  -0.250316
0  -0.356535
-0.15625  -0.233999
-0.25  -0.417652
-0.21875  -0.393082
0.09375  -0.41139
-0.09375  -0.00589172
-0.09375  -0.522928
-0.25  -0.282696
0  -0.437245
0.0625  -0.408626
-0.0625  -0.145015
0.03125  -0.173483
-0.125  -0.396246
0.09375  -0.177563
-0.03125  -0.370666
0.0625  -0.363621
0  -0.301949
0.125  -0.314291
0.03125  -0.180959
0  -0.213712
-0.0625  -0.397833
0  -0.140931
0.15625  -0.450313
-0.15625  -0.262861
-0.25  -0.490999
-0.03125  -0.272247
-0.1875  -0.27885
0.125  -0.388839
0.125  -0.380904
0.0625  -0.37827
0.09375  0.0279913
0.0625  -0.1763
-0.125  -0.249194
-0.125  -0.326888
-0.15625  -0.176553
0.0625  -0.246267
-0.25  -0.358537
0.125  -0.14261
-0.125  -0.199915
0.0625  -0.404337
-0.28125  -0.354413
0.09375  -0.290311
-0.03125  -0.183642
0.0625  -0.139637
-0.03125  -0.537961
0.21875  -0.231704
-0.03125  -0.193872
0.15625  -0.34298
0.0625  -0.218657
0.21875  -0.398495
-0.15625  -0.268355
-0.09375  -0.416125
0.1875  -0.235961
-0.03125  -0.275261
0.25  -0.496437
0.03125  -0.374199
0.25  -0.314281
-0.03125  -0.305531
-0.09375  -0.40265
0.0625  -0.302828
-0.0625  -0.27216
-0.09375  -0.315237
-0.09375  -0.287412
0.1875  -0.155624
0  -0.319917
-0.125  -0.222371
-0.3125  -0.326021
-0.15625  -0.470994
-0.09375  -0.372393
0.375  -0.167563
0.125  -0.480395
-0.0625  -0.120773
-0.0625  -0.368832
0.21875  -0.415713
0.0625  -0.265914
-0.03125  -0.480248
-0.09375  -0.259153
-0.15625  -0.40803
-0.21875  -0.255762
0.21875  -0.31465
-0.03125  -0.321333
0.21875  -0.24549
-0.03125  -0.613883
0.125  -0.32074
-0.0625  -0.249485
-0.0625  -0.406212
-0.15625  -0.444825
-0.0625  -0.25357
0.21875  -0.4815
0.03125  -0.459892
0.09375  -0.278987
-0.21875  -0.150787
0.21875  -0.438004
0  -0.347316
-0.03125  -0.204253
-0.25  -0.358883
-0.125  -0.418956
0.03125  -0.281415
0.21875  -0.314814
-0.21875  -0.43185
0  -0.314809
-0.1875  -0.305498
0.0625  -0.36431
0.125  -0.373055
0.0625  -0.25008
0  -0.447464
0.3125  -0.208383
0.03125  -0.401356
-0.1875  -0.236607
0.09375  -0.525042
-0.125  -0.249294
0.09375  -0.376342
-0.0625  -0.407167
0.21875  -0.421754
-0.0625  -0.546995
-0.21875  -0.262444
-0.03125  -0.398128
0.03125  -0.307664
0  -0.363676
0.0625  -0.0457447
-0.125  -0.394275
0.09375  -0.524796
0.03125  -0.199265
0.0625  -0.0610533
-0.25  -0.318831
0.03125  -0.481489
0.15625  -0.409121
0.09375  -0.216339
-0.34375  -0.521106
-0.125  -0.303482
0.03125  -0.364637
0.0625  -0.167599
-0.03125  -0.453396
0.15625  -0.46231
0.3125  -0.418911
-0.03125  -0.270929
0.21875  0.0134471
-0.1875  -0.334163
-0.09375  -0.177128
0.28125  -0.490942
0.0625  -0.462087
-0.0625  -0.0767786
-0.125  -0.412362
0.15625  -0.280656
-0.125  -0.266586
0.09375  -0.39708
0  -0.31645
-0.03125  -0.255763
-0.03125  -0.384252
0.0625  -0.478353
-0.15625  -0.0440018
-0.125  -0.226208
0.1875  -0.219546
0.09375  -0.466459
0.09375  -0.246397
-0.0625  -0.192906
-0.21875  -0.209578
0.34375  -0.493534
0.09375  -0.38178
0.03125  -0.381213
-0.0625  -0.338062
-0.09375  -0.25792
0.03125  -0.528285
-0.15625  -0.200867
-0.09375  -0.282312
0  -0.377008
0.21875  -0.447999
0.09375  -0.474102
-0.125  -0.254312
0.125  -0.439617
-0.03125  -0.096504
-0.0625  -0.570644
0.21875  -0.218551
-0.0625  -0.626034
0.125  -0.4387
-0.21875  -0.35844
0  -0.337035
-0.1875  -0.514347
0.03125  -0.29466
-0.34375  -0.379498
0.125  -0.345882
-0.15625  -0.315391
-0.09375  -0.327433
0.15625  -0.276494
0.03125  -0.393022
-0.15625  -0.314287
-0.0625  -0.202605
-0.03125  -0.313777
0.125  -0.256943
0.15625  -0.215152
-0.1875  -0.187633
0  -0.264077
-0.21875  -0.119675
-0.09375  -0.339805
-0.09375  -0.141505
0  -0.259132
-0.09375  -0.0880875
-0.03125  -0.486712
0.0625  -0.491016
-0.15625  -0.19385
0.1875  -0.253662
-0.0625  -0.293974
-0.15625  -0.22544
0  -0.363273
-0.03125  -0.228549
-0.09375  -0.451606
0.09375  -0.254345
-0.0625  -0.370413
0.09375  -0.393849
-0.09375  -0.465259
0.0625  -0.412071
0  -0.40589
0.09375  -0.554166
0.03125  -0.258037
-0.0625  -0.389899
-0.125  -0.316159
0.0625  -0.205952
0.09375  -0.467038
-0.03125  -0.386807
-0.3125  -0.308091
-0.21875  -0.654463
0.03125  -0.236959
-0.03125  -0.181337
0  -0.376872
-0.03125  -0.282649
-0.09375  -0.393277
0.03125  -0.329675
0.09375  -0.376163
-0.03125  -0.317996
0.1875  -0.22862
-0.125  -0.469609
0.09375  -0.27602
-0.09375  -0.409849
0  -0.153005
0.03125  -0.264154
0.0625  -0.44526
-0.09375  -0.507855
-0.03125  -0.232456
0  -0.226334
-0.03125  -0.233035
-0.25  -0.22677
-0.28125  -0.424725
-0.15625  -0.252313
-0.125  -0.285893
0  -0.328447
-0.21875  -0.179904
-0.0625  -0.41151
-0.03125  -0.459609
-0.0625  -0.233842
-0.09375  -0.212667
0.1875  -0.240343
0  -0.474893
-0.03125  -0.395815
-0.0625  -0.329757
0.03125  -0.265072
-0.03125  -0.554878
0.09375  -0.459162
-0.03125  -0.392976
-0.0625  -0.175275
-0.0625  -0.111467
-0.125  -0.270301
-0.09375  -0.196826
0.0625  -0.23019
0.0625  -0.513998
-0.03125  -0.460904
-0.09375  -0.29844
-0.03125  -0.317108
-0.125  -0.418211
-0.15625  -0.333938
0.0625  -0.599332
-0.03125  -0.294278
0.03125  -0.241685
0.03125  -0.42646
-0.03125  -0.582611
-0.1875  -0.315189
-0.0625  -0.413006
-0.03125  -0.307238
0.1875  -0.628947
0.09375  -0.222606
-0.09375  -0.238039
0.03125  -0.362754
0.1875  -0.44569
-0.125  -0.379315
-0.125  -0.221459
0.0625  -0.402756
0.28125  -0.332848
0.0625  -0.339205
-0.15625  -0.207419
0.15625  -0.280751
-0.09375  -0.0819164
-0.1875  -0.35597
0.0625  -0.41782
-0.15625  -0.304429
-0.0625  -0.358932
0.09375  -0.472648
0.15625  -0.195138
-0.1875  -0.38207
0  -0.350859
-0.09375  -0.204698
0.03125  -0.294116
-0.09375  -0.325898
0.0625  -0.408572
0.03125  -0.252342
-0.0625  -0.511203
0.03125  -0.319904
0  -0.475189
-0.0625  -0.277589
-0.15625  -0.44424
-0.125  -0.414589
0  -0.310505
0.0625  -0.368766
-0.03125  -0.394146
-0.15625  -0.491185
0  -0.257937
0.09375  -0.253413
0  -0.277492
-0.09375  -0.397399
0  -0.495928
0.125  -0.492704
-0.09375  -0.24971
-0.0625  -0.429945
-0.0625  -0.19342
0.0625  -0.252922
0  -0.258191
-0.1875  -0.337643
0  -0.379132
0  -0.293157
0.03125  -0.458348
-0.0625  -0.267842
-0.03125  -0.268721
-0.125  -0.247164
-0.0625  -0.449203
0  -0.486936
-0.15625  -0.0909843
-0.125  -0.577662
-0.03125  -0.432522
0.125  -0.312211
0.09375  -0.306002
-0.125  -0.372799
-0.03125  -0.316139
0.0625  -0.152276
0.125  -0.305563
0.1875  -0.276513
-0.125  -0.28956
0.125  -0.53887
-0.0625  -0.264959
-0.03125  -0.327953
0.21875  -0.205942
-0.15625  -0.343153
0  -0.0740586
0.03125  -0.403212
0.03125  -0.346159
0.03125  -0.350443
0  -0.618376
-0.09375  -0.11813
0.125  -0.205195
-0.03125  -0.243152
0  -0.187247
0.25  -0.407659
0  -0.441875
-0.15625  -0.282442
0  -0.284365
-0.03125  -0.402886
0.09375  -0.263347
-0.03125  -0.436574
-0.15625  -0.180244
0.15625  -0.356359
0.125  -0.336682
-0.03125  -0.341876
-0.09375  -0.365674
0.0625  -0.404606
-0.09375  -0.125358
0.21875  -0.271717
0  -0.345322
0.0625  -0.212056
0  -0.427218
0  -0.012745
-0.0625  -0.300433
0.03125  -0.369307
0.21875  -0.361083
0.125  -0.220156
-0.03125  -0.361723
0  -0.452781
-0.03125  -0.301132
-0.09375  -0.255836
0.03125  -0.283187
-0.09375  -0.450457
0.09375  -0.406986
0  -0.269909
-0.09375  -0.29186
-0.03125  -0.105917
0.1875  -0.319501
-0.125  -0.185211
0.125  -0.498909
0.09375  -0.207129
0  -0.19464
-0.1875  -0.462798
0.0625  -0.398348
-0.03125  -0.204461
0.25  -0.391958
0.125  -0.235295
-0.1875  -0.373967
0.0625  -0.432831
-0.125  -0.167062
-0.0625  -0.506611
0.03125  -0.153848
-0.0625  -0.33374
0.03125  -0.322819
0.03125  -0.334038
-0.09375  -0.193598
-0.1875  -0.381634
-0.28125  -0.159521
-0.125  -0.481966
0.0625  -0.344365
0.03125  -0.244649
0.15625  -0.34749
0  -0.323423
0.03125  -0.368253
0.09375  -0.141969
-0.21875  -0.169742
-0.125  -0.498235
-0.09375  -0.360797
0.15625  -0.489775
0.0625  -0.404052
0  -0.0923014
0  -0.341272
-0.15625  -0.0677977
0  -0.297808
0.25  -0.254634
0.0625  -0.251446
-0.125  -0.285271
-0.0625  -0.43866
0.03125  -0.00441046
0.28125  -0.184198
-0.09375  -0.277007
0.21875  -0.48986
0.0625  -0.380666
0.15625  -0.409998
-0.15625  -0.418974
0.0625  -0.49968
-0.25  -0.2187
-0.03125  -0.443794
0  -0.263299
0  -0.343437
-0.0625  -0.165728
0.09375  -0.305857
0.09375  -0.209333
-0.15625  -0.264679
0.09375  -0.241647
-0.1875  -0.0285819
0  -0.234088
-0.28125  -0.434258
-0.15625  -0.357147
-0.1875  -0.293383
-0.125  -0.531603
-0.09375  -0.452799
-0.28125  -0.23955
-0.15625  -0.23456
0  -0.135008
-0.0625  -0.200067
-0.09375  -0.358795
-0.0625  -0.0652049
0.1875  -0.202412
-0.15625  -0.282868
0  -0.314105
0.03125  -0.353391
-0.0625  -0.325353
0.03125  -0.38884
0.0625  -0.120805
-0.125  -0.546468
0.0625  -0.225546
-0.21875  -0.0924207
-0.03125  -0.390865
-0.21875  -0.23609
0.0625  -0.31123
-0.09375  -0.358958
0.1875  -0.265636
0.0625  -0.491658
0.09375  -0.378566
0.03125  -0.369484
-0.0625  -0.441744
-0.15625  -0.196549
0.21875  -0.385706
0.15625  -0.320021
-0.09375  -0.377029
0.1875  -0.303654
0.09375  -0.295857
0.03125  -0.218575
0.03125  -0.251628
0.125  -0.256584
0.0625  -0.315082
-0.03125  -0.270094
-0.0625  -0.412054
-0.09375  -0.274115
0.1875  -0.439275
-0.0625  -0.147133
0.125  -0.376719
0.03125  -0.246777
-0.1875  -0.446794
0.125  -0.50605
-0.0625  -0.707209
-0.125  -0.397194
-0.125  -0.272062
-0.09375  -0.567746
-0.125  -0.283146
0.09375  -0.43439
0.1875  -0.464121
0.09375  -0.401305
-0.03125  -0.405362
0.15625  -0.197922
0.03125  -0.518163
0  -0.492933
-0.125  -0.19925
-0.125  -0.425256
-0.3125  -0.335371
0.28125  -0.439414
-0.15625  -0.314423
0.09375  -0.372476
0  -0.310049
-0.03125  -0.403351
0.0625  -0.277997
-0.09375  -0.207639
-0.09375  -0.297266
-0.28125  -0.289167
-0.03125  -0.142182
-0.1875  -0.429739
0.03125  -0.346106
-0.15625  -0.201271
0.09375  -0.165058
0.09375  -0.653129
0.0625  -0.156021
0.1875  -0.332246
0.21875  -0.519109
-0.03125  -0.409888
-0.03125  -0.317416
0.15625  -0.481659
0  -0.594286
0.0625  -0.497855
0.03125  -0.41684
0  -0.281336
0.09375  -0.259109
-0.09375  -0.285671
-0.03125  -0.362207
0.25  -0.195326
0.0625  -0.213503
-0.125  -0.594397
0.0625  -0.536186
-0.09375  -0.290041
-0.125  -0.305417
-0.1875  -0.415155
-0.0625  -0.452786
-0.09375  -0.322349
0  -0.510245
-0.4375  -0.522388
-0.15625  -0.147736
0.03125  -0.316453
0.0625  -0.201385
-0.125  -0.298098
0.15625  -0.0131316
0  -0.368156
-0.15625  -0.334525
-0.15625  -0.339601
-0.1875  -0.740813
0.1875  -0.433868
0.03125  -0.223025
-0.1875  -0.476498
0.3125  -0.348621
0.09375  -0.276929
0.03125  -0.351792
-0.0625  -0.431038
0.125  -0.311261
0  -0.33295
-0.21875  -0.221628
0.03125  -0.303186
-0.21875  -0.297696
-0.125  -0.174864
-0.28125  -0.366888
-0.0625  -0.258192
0.09375  -0.120624
0.125  -0.442857
-0.375  -0.164157
0.03125  -0.368935
-0.125  -0.2661
0.09375  -0.288268
0.03125  -0.439269
-0.15625  -0.311076
0.15625  -0.34601
-0.09375  -0.237408
-0.03125  -0.260441
0  -0.443162
0.03125  -0.135204
0.0625  -0.274207
0.03125  -0.0816745
0.03125  -0.427011
-0.0625  -0.39165
0.15625  -0.167119
0.125  -0.438468
0  -0.0439854
0.375  -0.401831
-0.21875  -0.407623
-0.03125  -0.296388
0.0625  -0.231056
-0.125  -0.102985
-0.28125  -0.242167
-0.1875  -0.145052
0.1875  -0.162675
0.3125  -0.462668
0.25  -0.513493
0.0625  -0.310057
0.03125  -0.220554
-0.03125  -0.493426
0.21875  -0.326983
-0.03125  -0.248809
0.21875  -0.2819
-0.125  -0.172427
0.03125  -0.518805
0.1875  -0.451959
0.15625  -0.421025
0.0625  -0.438054
0.125  -0.250227
-0.09375  -0.271837
0.34375  -0.312671
0.1875  -0.205662
-0.09375  -0.181361
-0.1875  -0.37697
-0.03125  -0.340628
-0.09375  -0.192734
-0.0625  -0.396447
-0.1875  -0.196138
-0.03125  -0.317962
-0.125  -0.225614
-0.03125  -0.538784
0.125  -0.0859875
0.125  -0.405328
0  -0.407039
-0.09375  -0.341422
0.25  -0.322478
-0.09375  -0.338924
0.03125  -0.418382
0.125  -0.311113
0.28125  -0.363963
0.03125  -0.279086
0.125  -0.291718
0.125  -0.193099
-0.125  -0.407212
0.15625  -0.33353
-0.0625  -0.533216
0.125  -0.183773
-0.1875  -0.260457
0.03125  -0.242906
-0.09375  -0.195041
-0.0625  -0.438407
0.0625  -0.286777
-0.125  -0.246609
-0.03125  -0.312731
0.03125  -0.370224
0.0625  -0.340108
-0.15625  -0.424957
0.125  -0.266904
0.09375  -0.383616
0.09375  -0.285224
-0.03125  -0.230056
-0.21875  -0.28174
0.125  -0.315919
0.0625  -0.444677
-0.125  -0.230146
0.03125  -0.443138
0.03125  -0.319082
-0.125  -0.373005
0.03125  -0.308543
-0.125  -0.270833
0.03125  -0.429136
0.03125  -0.216277
0.1875  -0.405927
-0.09375  -0.391033
-0.15625  -0.442935
-0.125  -0.237525
-0.09375  -0.480958
0.125  -0.510316
0.09375  -0.418198
-0.03125  -0.202774
0  -0.272165
-0.03125  -0.0343989
0.125  -0.350032
-0.25  -0.311942
-0.03125  -0.173557
0  -0.266762
0.0625  -0.317711
0.0625  -0.368792
0.0625  -0.266591
0.125  -0.296456
0.125  -0.260273
0.15625  -0.420251
0.0625  -0.0918516
0.09375  -0.338733
0.1875  -0.2035
0  -0.222905
-0.03125  -0.322307
0  -0.245646
-0.09375  -0.274735
0.09375  -0.03149
-0.0625  -0.489881
-0.25  -0.328486
-0.15625  -0.398864
-0.03125  -0.381566
-0.03125  -0.360918
0  -0.237254
0.03125  -0.390128
0.21875  -0.30597
-0.1875  -0.420567
-0.125  -0.485115
-0.21875  -0.342961
-0.0625  -0.34206
-0.03125  -0.183967
-0.28125  -0.246396
-0.09375  -0.167269
0.03125  -0.230353
-0.0625  -0.331426
0.125  -0.308611
0.28125  -0.33065
-0.21875  -0.122789
0.28125  -0.327533
-0.0625  -0.530088
0.0625  -0.234893
-0.125  -0.0431963
-0.15625  -0.153105
-0.03125  -0.30561
-0.0625  -0.274056
-0.1875  -0.517599
0.21875  -0.180052
-0.09375  -0.343525
-0.15625  -0.203114
0.21875  -0.177684
0.15625  -0.466009
-0.09375  -0.258823
0.09375  -0.315607
-0.0625  -0.0848951
0.125  -0.210562
-0.0625  -0.428711
-0.09375  -0.299264
-0.09375  -0.538458
0.125  -0.350265
-0.1875  -0.422469
0.3125  -0.162566
0.09375  -0.559505
0.125  -0.364849
0.3125  -0.282799
0  -0.292325
-0.3125  -0.406655
-0.03125  -0.347559
0.15625  -0.311988
-0.03125  -0.188938
-0.15625  -0.287909
0  -0.238828
0.09375  -0.408758
0.21875  -0.413042
-0.0625  -0.41408
0.09375  -0.278373
0.09375  -0.409602
0  -0.0886294
-0.28125  -0.300293
0.125  -0.41729
-0.0625  -0.555075
-0.125  -0.175765
0.03125  -0.314874
-0.09375  -0.363951
0.25  -0.468971
0.09375  -0.307378
0.3125  -0.384614
0.09375  -0.326379
-0.0625  -0.306251
0.03125  -0.0860237
0.03125  -0.225905
0.09375  -0.223465
0.15625  -0.390382
0.03125  -0.352361
0.1875  -0.154717
0.125  -0.319986
0.15625  -0.275548
0.125  -0.373751
-0.03125  -0.319016
-0.0625  -0.478085
0.125  -0.297293
0.1875  -0.154495
0  -0.331679
0.0625  -0.365123
-0.09375  -0.41921
-0.1875  -0.233064
0.15625  -0.217458
0.03125  -0.404665
-0.1875  -0.47811
0.15625  -0.396196
0.03125  -0.345856
0  -0.349987
-0.125  -0.401491
0.09375  -0.424634
-0.125  -0.25322
-0.09375  -0.115717
-0.03125  -0.469166
0  -0.429145
0  -0.196045
-0.1875  -0.405058
-0.03125  -0.323303
0  -0.305663
0.125  -0.287014
-0.125  -0.403235
-0.09375  -0.365871
-0.09375  -0.552145
0.09375  -0.252216
0.09375  -0.397731
-0.125  -0.373307
-0.28125  -0.503287
-0.03125  -0.184044
0.25  -0.455601
0  -0.159024
-0.125  -0.301794
0.03125  -0.105373
-0.03125  -0.485626
-0.03125  -0.327509
0.03125  -0.340616
-0.09375  -0.356856
0  -0.292648
-0.15625  -0.178157
-0.0625  -0.402761
0.1875  -0.389316
-0.3125  -0.0460947
0.09375  -0.430952
-0.03125  -0.178657
-0.1875  -0.291712
-0.03125  -0.256315
-0.125  -0.238473
-0.125  -0.291088
0.125  -0.209101
0.0625  -0.485337
-0.15625  -0.447809
-0.0625  -0.4316
0.3125  -0.253189
0.25  -0.447726
0.125  -0.372579
0.125  -0.415324
-0.0625  -0.413392
-0.03125  -0.283283
0.0625  -0.243531
0.15625  -0.338288
-0.03125  -0.487967
-0.09375  -0.276138
-0.09375  -0.301967
0.0625  -0.359315
-0.0625  -0.241682
-0.1875  -0.41119
0.21875  -0.326731
0  -0.363798
0.21875  -0.290126
-0.28125  -0.503515
0.21875  -0.00313546
-0.03125  -0.257574
0.0625  -0.198013
0.25  -0.446972
-0.03125  -0.433432
0.03125  -0.282998
0.0625  -0.138545
-0.09375  -0.200126
0.0625  -0.213609
0.0625  -0.366786
0.0625  -0.341546
0.03125  -0.224398
0  -0.341233
0.15625  -0.201596
0.03125  -0.488671
0.28125  -0.349837
-0.09375  -0.302635
-0.125  -0.498922
0.09375  -0.513617
0.25  -0.546539
-0.125  -0.0787678
0.125  -0.23371
0.09375  -0.143158
-0.03125  -0.416048
0.03125  -0.202264
-0.21875  -0.318715
-0.21875  -0.105096
0.03125  -0.257113
0.09375  -0.174607
0.0625  -0.214882
-0.3125  -0.249848
0.03125  -0.421759
0.09375  -0.257526
-0.03125  -0.150698
-0.125  -0.260701
0  -0.116751
0.09375  -0.333047
-0.09375  -0.406385
-0.03125  -0.231639
-0.09375  -0.18576
0.03125  -0.508086
-0.09375  -0.11989
-0.0625  -0.272973
0.09375  -0.308568
-0.15625  -0.328692
0.09375  -0.320558
0.21875  -0.40517
0.03125  -0.356278
0  -0.356648
0.0625  -0.166143
-0.21875  -0.289041
0.125  -0.333032
0.0625  -0.359918
0.0625  -0.362753
-0.0625  -0.402249
0.0625  -0.379081
0.03125  -0.478199
0.03125  -0.38041
0.125  -0.413177
-0.0625  -0.409484
-0.09375  -0.226932
0.03125  -0.389824
-0.03125  -0.329892
0.0625  -0.358484
0.0625  -0.278306
-0.15625  -0.498504
-0.0625  -0.0836488
-0.15625  -0.23909
0.1875  -0.389968
-0.09375  -0.208447
-0.09375  -0.25699
0.03125  -0.304167
0.25  -0.539799
0  -0.0103643
-0.09375  -0.106711
-0.0625  -0.226191
0.0625  -0.436692
0.21875  -0.361856
0.21875  -0.320961
0.09375  -0.255429
-0.03125  -0.121458
-0.09375  -0.238744
0.09375  -0.238033
-0.09375  -0.133419
0.03125  -0.270334
-0.28125  -0.0858668
0.0625  -0.333288
-0.15625  -0.318799
0.09375  -0.406898
-0.09375  -0.358782
-0.15625  -0.319567
-0.03125  -0.269275
-0.0625  -0.150652
0.15625  -0.392807
0.03125  -0.409517
0  -0.369895
-0.09375  -0.167943
0.03125  -0.237114
-0.125  -0.263156
-0.03125  -0.244691
0.15625  -0.219997
0.125  -0.391856
-0.03125  -0.296887
0.15625  -0.607745
0  -0.432723
0.1875  -0.41828
-0.0625  -0.189991
0.03125  -0.342351
0  -0.195559
0.09375  -0.504828
0.125  -0.398949
-0.1875  -0.37698
0.03125  -0.381735
0.0625  -0.245961
0  -0.305145
0.03125  -0.262952
0  -0.206079
0.15625  -0.486741
0.03125  -0.204573
-0.09375  -0.154214
0.03125  -0.401334
0  -0.295871
-0.15625  -0.367991
0.15625  -0.569338
0  -0.170199
-0.09375  -0.425271
0.0625  -0.272196
-0.1875  -0.528945
-0.25  -0.570824
-0.09375  -0.440371
0.03125  -0.297857
-0.125  -0.453623
-0.15625  -0.623778
-0.125  -0.397036
0.03125  -0.278364
-0.0625  -0.474668
-0.03125  -0.110997
0.125  -0.293402
0.125  -0.279894
-0.1875  -0.319956
-0.09375  -0.197885
-0.1875  -0.449551
-0.125  -0.481822
0.03125  -0.339781
0.09375  -0.329807
0.09375  -0.35034
-0.125  -0.335478
-0.21875  -0.304486
0.125  -0.52547
-0.0625  -0.29238
0.15625  -0.37198
-0.15625  -0.170662
0.15625  -0.436602
0.0625  -0.39623
-0.3125  -0.117689
-0.09375  -0.271227
0.09375  -0.347483
-0.03125  -0.240372
0.03125  -0.466267
-0.1875  -0.444963
-0.15625  -0.335371
-0.125  -0.248947
-0.3125  -0.392591
0.1875  -0.467225
0.03125  -0.307507
0.25  -0.19583
-0.0625  -0.279213
0  -0.393413
0.0625  -0.25234
0.125  -0.458492
0  -0.459835
0.125  -0.27749
-0.25  -0.321445
-0.09375  -0.393201
-0.125  -0.205345
0  -0.453277
-0.03125  -0.468915
0.15625  -0.267274
-0.25  -0.490385
-0.0625  -0.303806
0.25  -0.449214
0.15625  -0.352256
0.21875  -0.298583
0.28125  -0.442715
-0.0625  -0.335297
-0.0625  -0.444982
-0.09375  -0.36851
0.15625  -0.230258
0  -0.175582
-0.09375  -0.192754
-0.03125  -0.307459
-0.125  -0.197691
0.0625  -0.228541
0.09375  -0.461397
0  -0.155201
-0.125  -0.332109
-0.1875  -0.472801
0.09375  -0.356193
-0.3125  -0.248742
0.09375  -0.319858
0.09375  -0.329068
0.09375  -0.254342
-0.125  -0.2209
0.03125  -0.446417
-0.0625  -0.378113
-0.03125  -0.119267
-0.03125  -0.516967
0.03125  -0.627693
0.15625  -0.216323
-0.125  -0.392438
-0.21875  -0.182144
0.125  -0.389522
-0.0625  -0.356334
-0.03125  -0.350175
-0.03125  -0.177521
-0.0625  -0.239588
0.03125  -0.257876
0.28125  -0.346346
-0.15625  -0.339468
0.0625  -0.390304
0.1875  -0.349072
-0.09375  -0.163381
0.0625  -0.457815
-0.09375  -0.406631
0.09375  -0.12219
0  -0.354993
-0.03125  -0.219013
-0.125  -0.375201
0.0625  -0.224095
0.25  -0.35763
0.0625  -0.352373
0.09375  -0.454837
0  -0.233175
-0.09375  -0.219947
-0.1875  -0.427046
-0.125  -0.31285
-0.15625  -0.491315
-0.0625  -0.429408
-0.09375  -0.47708
-0.0625  -0.297168
-0.0625  -0.366111
0.0625  -0.337116
0.21875  -0.203184
0.0625  -0.148965
0.15625  -0.430331
-0.1875  -0.308795
0.15625  -0.349777
-0.125  -0.312351
0.09375  -0.318485
-0.03125  -0.303258
0.0625  -0.319252
0.03125  -0.272272
0.03125  -0.184538
-0.15625  -0.348274
0.03125  -0.322513
-0.0625  -0.3857
0.03125  -0.354983
0.15625  -0.444596
0.15625  -0.419439
0  -0.386022
-0.125  -0.497023
0.09375  -0.452681
-0.03125  -0.419306
0.15625  -0.304826
-0.03125  -0.259874
-0.0625  -0.319476
0.0625  -0.393872
-0.03125  -0.229754
0.21875  -0.385233
-0.15625  -0.259506
-0.03125  -0.2801
0.15625  -0.589688
0.03125  -0.439047
0  -0.327908
0  -0.411514
0.21875  -0.0795188
0.15625  -0.310977
-0.03125  -0.345783
-0.125  -0.259358
-0.09375  -0.394222
0  -0.474236
-0.09375  -0.44859
0.0625  -0.4613
0  -0.380658
-0.0625  -0.320828
0.21875  -0.278647
-0.125  -0.470796
0  -0.169453
-0.25  -0.283443
0.1875  -0.521784
0.125  -0.139609
0  -0.327347
-0.0625  -0.14235
-0.125  -0.428679
0.125  -0.277242
0  -0.234552
0.03125  -0.406038
-0.1875  -0.484327
0.15625  -0.346039
0.0625  -0.104533
0.125  -0.222509
0.0625  -0.0410389
0  -0.207816
0.09375  -0.426115
-0.09375  -0.403007
-0.03125  -0.250354
0.0625  -0.470294
0.15625  -0.303524
0  -0.529212
0.34375  -0.129758
0.09375  -0.343787
-0.0625  -0.167387
-0.0625  -0.10876
-0.03125  -0.318953
0  -0.657896
-0.09375  -0.211016
0.15625  -0.385014
0.125  -0.200564
0.15625  -0.133131
0.25  -0.184905
0  -0.4325
0.40625  -0.384303
-0.15625  -0.309319
-0.0625  -0.308141
0  -0.490915
-0.0625  -0.296733
-0.1875  -0.212244
0.09375  -0.0496229
-0.0625  -0.269252
-0.0625  -0.449047
-0.03125  -0.350913
0  -0.275328
0.1875  -0.362011
0.375  -0.403441
0.09375  -0.373551
0.15625  -0.302912
-0.0625  -0.36005
0  -0.379636
-0.0625  -0.358049
-0.09375  -0.528631
0.21875  -0.169537
0.03125  -0.491367
0.21875  -0.196476
0.125  -0.456073
0.15625  -0.307585
0  -0.309095
0.09375  -0.184638
-0.03125  -0.361812
0.0625  -0.351015
-0.28125  -0.248168
-0.1875  -0.270772
0  -0.23147
0.15625  -0.55169
0.15625  -0.260271
-0.03125  -0.201983
-0.0625  -0.205391
-0.09375  -0.517357
-0.03125  -0.342009
0.1875  -0.418643
0.03125  -0.261775
0  -0.182934
0.0625  -0.335785
0.0625  -0.194331
0.09375  -0.23891
0.15625  -0.33205
0.09375  -0.35756
0.03125  -0.228115
-0.0625  -0.300867
-0.0625  -0.373074
-0.03125  -0.424806
0.25  -0.314723
0.125  -0.127188
0.03125  -0.295851
0.03125  -0.357764
0.09375  -0.335224
-0.125  -0.160428
0.03125  -0.37153
-0.0625  -0.172136
0.0625  -0.326074
0.09375  -0.554593
0.1875  -0.382157
-0.09375  -0.250808
-0.15625  -0.213684
0.09375  -0.469678
0.0625  -0.249427
-0.15625  -0.376749
0.0625  -0.420068
-0.21875  -0.516546
0.0625  -0.325463
0  -0.454401
0.15625  -0.342734
0.03125  -0.486635
0.125  -0.428357
0.0625  -0.443448
0.03125  -0.157786
-0.25  -0.351149
-0.0625  -0.139342
0.125  -0.2091
-0.09375  -0.484471
0.0625  -0.221306
-0.125  -0.568231
0.0625  -0.3054
0.21875  -0.317063
-0.125  -0.48948
0.09375  -0.18253
-0.15625  -0.268598
0  -0.380149
-0.03125  -0.328023
0.1875  -0.199112
0.40625  -0.255747
-0.03125  -0.244107
-0.25  -0.234729
-0.125  -0.0535878
-0.0625  -0.277582
-0.15625  -0.42174
-0.03125  -0.319846
-0.1875  -0.273698
0.125  -0.0530943
-0.1875  -0.564363
-0.125  -0.29605
0.1875  -0.502672
-0.0625  -0.302276
-0.1875  -0.316578
0  -0.419428
0.125  -0.335905
0.15625  -0.304228
0  -0.292485
0.03125  -0.339176
-0.1875  -0.422649
0.09375  -0.149729
0.125  -0.247278
-0.09375  -0.166636
-0.09375  -0.126639
-0.09375  -0.288114
-0.0625  -0.252053
-0.0625  -0.434932
-0.125  -0.369138
0.03125  -0.335187
0.125  -0.413283
-0.0625  -0.255853
0.125  -0.543075
0.03125  -0.5743
0  -0.360647
0.03125  -0.228394
-0.09375  -0.247501
-0.34375  -0.541661
0.28125  -0.385657
0.03125  -0.319996
0.125  -0.355287
-0.0625  0.0105002
-0.1875  -0.344588
0.0625  -0.536523
-0.09375  -0.303345
0.03125  -0.444466
0.125  -0.155694
-0.15625  -0.339861
0.125  -0.454617
-0.03125  -0.230631
0.25  -0.342265
0  -0.438111
0.125  -0.338296
0.0625  -0.362579
-0.09375  -0.291943
0.0625  -0.243359
-0.03125  -0.365774
0.15625  -0.375922
0.125  -0.562569
-0.03125  -0.361376
0.03125  -0.507793
0.25  -0.186205
0.09375  -0.370036
0.0625  -0.337
0.03125  -0.19002
0.03125  -0.347331
-0.125  -0.531863
-0.28125  -0.270075
0  -0.106674
-0.15625  -0.302241
-0.1875  -0.469015
-0.0625  -0.53455
-0.125  -0.263573
-0.09375  -0.272702
-0.03125  -0.237734
-0.03125  -0.431086
0.21875  -0.193557
-0.09375  -0.436569
0.25  -0.558235
-0.125  -0.29891
0.1875  -0.341503
-0.3125  -0.261594
0.28125  -0.363679
-0.0625  -0.628367
-0.125  -0.276522
0.1875  -0.234849
-0.3125  -0.273904
0.25  -0.262453
0.09375  -0.261071
0.09375  -0.399774
0.0625  -0.42445
-0.09375  -0.367669
0.03125  -0.0931236
-0.09375  -0.377718
0.0625  -0.36483
-0.1875  -0.389154
0.0625  -0.47998
0.09375  -0.340184
0.03125  -0.642345
0.125  -0.383201
0.0625  -0.450453
0.0625  -0.37472
0.125  -0.313774
0  -0.205917
-0.125  -0.323748
0.21875  -0.404204
-0.25  0.0507092
-0.03125  -0.259908
-0.125  -0.244078
0  -0.264655
0.21875  -0.267138
0.09375  -0.568109
0.125  -0.333777
0  -0.406163
0.1875  -0.470351
0.0625  -0.297961
0.09375  -0.273499
-0.03125  -0.284051
0.28125  -0.359505
0.09375  -0.264457
-0.1875  -0.228811
-0.1875  -0.28042
-0.03125  -0.320466
-0.0625  -0.509463
-0.15625  -0.389327
-0.125  -0.150998
-0.25  -0.442661
-0.25  -0.309943
0.03125  -0.122563
0  -0.319504
0.125  -0.42551
-0.09375  -0.330119
0.0625  -0.129397
0.0625  -0.418405
0.0625  -0.366116
0.03125  -0.183156
0.0625  -0.36855
-0.125  -0.479343
0.0625  -0.389816
-0.125  -0.376686
0.09375  -0.347649
0.15625  -0.309749
0.28125  -0.306644
-0.03125  -0.219112
0  -0.0768388
-0.1875  -0.364593
-0.09375  -0.237129
-0.1875  -0.180417
-0.125  -0.26271
-0.03125  -0.150625
0.34375  -0.313153
-0.03125  -0.41356
0  -0.381859
-0.09375  -0.556016
0.03125  -0.282889
-0.125  -0.340001
0.0625  -0.410949
-0.09375  -0.376381
-0.1875  -0.502827
0.03125  -0.0615598
-0.15625  -0.413988
-0.28125  -0.389478
0  -0.445524
-0.09375  -0.370419
-0.03125  -0.314797
0.0625  -0.322395
0  -0.385069
-0.09375  -0.295483
0.15625  -0.217734
0.0625  -0.17722
0.0625  -0.226105
0.0625  -0.458407
-0.1875  -0.323978
0.21875  -0.19508
-0.3125  -0.467313
-0.21875  -0.456422
-0.0625  -0.427282
0.03125  -0.167952
0.21875  -0.350774
-0.09375  -0.177444
0.125  -0.440333
-0.0625  -0.493076
0.0625  -0.156556
0.21875  -0.271771
0  -0.476129
0  -0.245014
-0.3125  -0.3037
0.03125  -0.175705
0.15625  -0.154624
-0.09375  -0.25084
-0.125  -0.551913
-0.03125  -0.293907
0.0625  -0.356684
0.125  -0.417471
-0.09375  -0.0897748
0.03125  -0.229257
-0.15625  -0.266265
0  -0.322775
0.125  -0.419805
0.09375  -0.441897
0.0625  -0.398407
-0.125  -0.339368
-0.03125  -0.116771
0.21875  -0.353109
0  -0.285379
0.21875  -0.217806
-0.0625  -0.368986
0.15625  -0.342987
0.28125  -0.324009
0  -0.178878
0  -0.370325
0.09375  -0.429038
0.125  -0.36799
-0.15625  -0.357115
0.1875  -0.265128
-0.1875  -0.457461
0  -0.0817741
-0.21875  -0.289364
0.03125  -0.407234
0  -0.233023
-0.0625  -0.45091
-0.125  -0.259649
0  -0.360861
0.03125  -0.433992
0.09375  -0.302565
0.0625  -0.375654
-0.0625  -0.0498882
0.15625  -0.355364
0.15625  -0.361657
0.0625  -0.401059
-0.0625  -0.0779326
0  -0.156118
0.15625  -0.494664
0.375  -0.261929
0.15625  -0.460926
0.03125  -0.302944
0.15625  -0.257791
-0.09375  -0.413713
-0.03125  -0.389006
-0.15625  -0.278932
-0.1875  -0.152247
0.03125  -0.375353
0.3125  -0.28507
-0.03125  -0.512186
0.125  -0.283413
0.09375  -0.346665
-0.03125  -0.466214
-0.125  -0.172193
0.28125  -0.142921
0.03125  -0.471449
0.1875  -0.26317
0.15625  -0.575359
0.25  -0.235533
-0.03125  -0.269209
0.09375  -0.37363
0.15625  -0.609592
-0.0625  -0.256086
-0.28125  -0.390141
0.15625  -0.493161
-0.0625  -0.199512
-0.0625  -0.448717
0  -0.243493
-0.15625  -0.20994
-0.15625  -0.228393
0.3125  -0.423718
-0.09375  -0.363678
-0.125  -0.203679
0.25  -0.514877
0.125  -0.40673
-0.03125  -0.432666
0.03125  -0.299706
-0.03125  -0.414636
-0.03125  -0.453504
0.0625  -0.30631
0.03125  -0.342449
-0.15625  -0.20901
0.09375  -0.324457
0.0625  -0.348178
-0.03125  -0.485914
0.0625  -0.510804
-0.09375  -0.348688
-0.03125  -0.301887
-0.0625  -0.328793
-0.03125  -0.182495
-0.125  -0.526188
0.21875  -0.206729
-0.125  -0.0475335
0.09375  -0.384179
-0.09375  -0.478933
0.3125  -0.549489
-0.3125  -0.370083
0.09375  -0.458974
0  -0.308584
0.0625  -0.296258
-0.03125  -0.205215
0.1875  -0.204183
-0.125  -0.197319
0.1875  -0.499448
0.0625  -0.348093
-0.0625  -0.297781
0  -0.291358
0.03125  0.0292441
-0.1875  -0.277823
-0.0625  -0.141381
0.09375  -0.459492
0.34375  -0.438433
0.03125  -0.383039
-0.03125  -0.22655
-0.25  -0.417282
-0.25  -0.462245
0.03125  -0.461277
-0.03125  -0.327156
0  -0.42221
0  -0.163564
0.0625  -0.20014
-0.1875  -0.465115
-0.03125  -0.204468
-0.0625  -0.431541
0.03125  -0.535163
0.1875  -0.533192
-0.0625  -0.135078
0  -0.372399
-0.0625  -0.23882
-0.03125  -0.312778
0  -0.217093
-0.03125  -0.338185
-0.09375  -0.229342
-0.09375  -0.226659
-0.09375  -0.470343
-0.0625  -0.325041
0.03125  -0.219362
-0.0625  -0.250752
0.09375  -0.332454
0  -0.394014
0.21875  -0.621371
-0.09375  -0.325134
0.15625  -0.460308
-0.125  -0.256862
0.09375  -0.28207
0.03125  -0.28985
-0.0625  -0.0862985
-0.03125  -0.288819
0.03125  -0.238767
-0.34375  -0.382753
-0.0625  -0.44095
-0.28125  -0.361858
-0.125  -0.402433
0.03125  -0.289841
0.15625  -0.374301
-0.125  -0.368858
0.03125  -0.558741
0.15625  -0.244778
-0.03125  -0.149906
-0.0625  -0.203101
0.125  -0.247029
0.03125  -0.327104
0.09375  -0.257814
-0.03125  -0.237666
0  -0.220472
-0.03125  -0.159633
0.09375  -0.186378
-0.15625  -0.402029
0.125  -0.408663
-0.15625  -0.384453
-0.15625  -0.141351
0.0625  -0.155675
-0.0625  -0.358421
0.125  -0.144379
0.0625  -0.296509
-0.03125  -0.203016
-0.15625  -0.131464
-0.4375  -0.355334
0  -0.529081
-0.03125  -0.446817
0.15625  -0.148099
0.15625  -0.176292
0.03125  -0.483228
0.0625  -0.338067
0  -0.248092
0.0625  -0.146206
-0.09375  -0.368486
-0.03125  -0.156069
0.09375  -0.307744
0.125  -0.360743
0  -0.404337
0  -0.385875
0  -0.240347
0.15625  -0.201482
-0.21875  -0.0866362
-0.28125  -0.411979
0.15625  -0.140479
-0.03125  -0.575924
-0.125  -0.473613
-0.09375  -0.377312
0.15625  -0.238967
0  -0.263085
-0.25  -0.236415
-0.25  -0.10464
0.125  -0.221048
0  -0.261418
0.25  -0.370429
-0.0625  -0.131835
0  -0.0988296
-0.1875  -0.183126
-0.0625  -0.249057
-0.0625  -0.16389
0.1875  -0.427066
0.09375  -0.371367
0.0625  -0.513335
0.1875  -0.329613
0.0625  -0.500639
-0.15625  -0.474638
0.0625  -0.334357
0.03125  -0.27231
-0.03125  -0.31059
-0.1875  -0.338744
0.125  -0.259622
0.1875  -0.459201
-0.3125  -0.490312
0.03125  -0.363316
-0.09375  -0.144489
-0.0625  -0.0464873
-0.25  -0.329665
0  -0.494409
0.0625  -0.159728
-0.03125  -0.463575
0.125  -0.232324
0.09375  -0.339794
-0.09375  -0.244292
-0.03125  -0.274368
0.1875  -0.395926
0.1875  -0.346247
0.15625  -0.219207
-0.09375  -0.177094
-0.03125  -0.0107222
0.15625  -0.443253
0.28125  -0.151728
0.125  -0.353945
0  -0.376014
0  -0.370705
0.09375  -0.465504
0.03125  -0.174869
0  -0.310801
0.03125  -0.54534
-0.03125  -0.37968
-0.125  -0.364797
-0.09375  -0.461323
-0.28125  -0.412169
0.0625  -0.282066
-0.15625  -0.329194
0.03125  -0.433746
-0.15625  -0.176612
-0.09375  -0.315534
0  -0.253238
0.09375  -0.0985516
-0.03125  -0.412782
0  -0.390263
-0.03125  -0.286011
-0.0625  -0.434419
-0.15625  -0.263323
0.0625  -0.0956394
-0.03125  -0.556752
0  -0.309141
0.0625  -0.442953
-0.125  -0.424706
0.0625  -0.304647
0  -0.321155
0.09375  -0.499608
0.0625  -0.153795
-0.125  -0.327275
-0.125  -0.33667
0.03125  -0.335089
0  -0.278274
-0.03125  -0.334231
0.1875  -0.192629
-0.0625  -0.41603
-0.0625  -0.435888
-0.125  -0.279971
-0.09375  -0.33374
-0.3125  -0.359487
0.1875  -0.291028
0.15625  -0.34983
-0.25  -0.369
-0.09375  -0.390886
0.09375  -0.473356
-0.03125  -0.233216
0.03125  -0.329802
0.03125  -0.344143
0.125  -0.407542
-0.09375  -0.224971
-0.09375  -0.342264
-0.0625  -0.476555
-0.25  -0.299763
0.0625  -0.236302
0.125  -0.533085
0  -0.42645
-0.15625  -0.250176
0.03125  -0.511325
0  -0.538563
0.03125  -0.367591
0  -0.458823
-0.125  -0.0212081
0.15625  -0.344846
-0.15625  -0.335581
0  -0.301782
0.15625  -0.279878
0.03125  -0.230083
-0.15625  -0.261456
0.03125  -0.403035
-0.09375  -0.181895
-0.03125  -0.423788
0.03125  -0.11154
-0.0625  -0.234592
0.03125  -0.300726
0  -0.0350271
0.09375  -0.290076
0.15625  0.01025
-0.1875  -0.3828
0.15625  -0.251093
-0.15625  -0.35669
-0.125  -0.175466
-0.125  -0.342059
-0.125  -0.449261
0.0625  -0.395092
-0.09375  -0.343477
0.1875  -0.245814
-0.0625  -0.492109
0.0625  -0.25684
-0.1875  -0.122985
-0.25  -0.370366
-0.03125  -0.455683
0.03125  -0.403225
-0.09375  -0.381168
-0.1875  -0.246187
0.1875  -0.436241
0.03125  -0.240375
0.03125  -0.584082
0  -0.294922
-0.1875  -0.340588
-0.1875  -0.336083
-0.125  -0.650113
-0.0625  -0.107147
0.09375  -0.203261
0.03125  -0.417256
-0.15625  -0.34967
-0.15625  -0.29255
-0.15625  -0.186489
0.09375  -0.369878
0.0625  -0.338403
-0.0625  -0.353683
0.1875  -0.181569
-0.125  -0.313656
0.03125  -0.507672
-0.03125  -0.294302
0.1875  -0.0778127
-0.0625  -0.294251
-0.15625  -0.2155
-0.03125  -0.281758
-0.15625  -0.173641
-0.03125  -0.584694
0  -0.245684
-0.0625  -0.29876
0.09375  -0.101038
-0.125  -0.21999
0  -0.375961
0.15625  -0.172087
0.03125  -0.446358
-0.15625  -0.423266
-0.03125  -0.226545
0.1875  -0.363855
-0.125  -0.391286
0.15625  -0.327539
0.125  -0.305442
-0.09375  -0.319447
-0.21875  -0.290603
0  -0.319422
-0.125  -0.301122
0  -0.349718
0.25  -0.388745
-0.0625  -0.279015
-0.25  -0.151648
0.0625  -0.479454
0.0625  -0.300411
-0.0625  -0.32505
-0.09375  -0.321791
-0.0625  -0.23261
-0.15625  -0.539462
-0.09375  -0.147259
0.125  -0.170857
-0.03125  0.0139359
-0.03125  -0.0392701
0.0625  -0.478298
-0.03125  -0.454757
-0.09375  -0.425857
-0.21875  -0.209929
-0.15625  -0.360972
0.125  -0.532206
-0.03125  -0.370278
0.0625  -0.214008
0  -0.382975
0.09375  -0.469571
-0.0625  -0.275749
-0.0625  -0.386723
0.0625  -0.327468
0.0625  -0.558631
-0.1875  -0.355405
-0.03125  -0.520384
0.0625  -0.342443
0.09375  -0.211514
-0.09375  -0.252765
0.09375  -0.299236
0.125  -0.420732
0.0625  -0.382745
-0.125  -0.378376
0  -0.408918
-0.09375  -0.359096
0.03125  -0.486823
0  -0.327587
0.09375  -0.347131
0.25  -0.300257
-0.09375  -0.319682
0.09375  -0.468048
0  -0.514736
0.1875  -0.384738
-0.125  -0.302165
0.09375  -0.395894
0  -0.295277
-0.09375  -0.37839
-0.125  -0.42289
0.0625  -0.296037
-0.03125  -0.331938
-0.25  -0.409529
0  -0.423094
-0.0625  -0.330312
-0.21875  -0.448488
0  -0.204435
0.21875  -0.169411
0.03125  -0.294168
0.1875  -0.330747
-0.1875  -0.400111
-0.09375  -0.35934
-0.09375  -0.177387
0.09375  -0.333385
0.1875  -0.382459
0.1875  -0.166343
0  -0.28946
0.15625  -0.33165
-0.03125  -0.339215
0  -0.377428
-0.0625  -0.282427
0.125  -0.460993
-0.125  -0.254074
0.125  -0.266512
0.125  -0.383439
-0.03125  -0.255208
-0.125  -0.308635
-0.125  -0.340435
0.125  -0.385598
0.0625  -0.378147
0.25  -0.259082
-0.21875  -0.513256
0.03125  -0.407212
-0.0625  -0.192724
0.09375  -0.281212
-0.0625  -0.370465
-0.15625  -0.494487
0.03125  -0.421753
-0.125  -0.302749
0  -0.312301
-0.1875  -0.378102
0.125  -0.509964
-0.1875  -0.148211
-0.125  -0.584862
0.15625  -0.495794
-0.0625  -0.582991
0.15625  -0.162011
0.03125  -0.360433
0.03125  -0.372302
-0.0625  -0.179828
0.03125  -0.378947
0.03125  -0.374711
-0.09375  -0.197692
-0.125  -0.379722
-0.0625  -0.350764
-0.0625  -0.334333
0  -0.324679
-0.03125  -0.236427
-0.1875  -0.153309
0  -0.396669
0.15625  -0.157207
0.03125  -0.256832
-0.1875  -0.523182
-0.03125  -0.283113
0  -0.35162
0.0625  -0.211605
0  -0.177628
-0.1875  -0.378382
0.1875  -0.403265
-0.0625  -0.477299
-0.125  -0.38277
0  -0.400278
-0.21875  -0.0604872
-0.0625  -0.415513
0  -0.176561
0.125  -0.489838
0.09375  -0.396245
0  -0.2283
0  -0.357354
-0.1875  -0.171176
0  -0.604757
-0.0625  -0.200176
-0.0625  -0.405201
0.15625  -0.285471
-0.03125  -0.25944
0  -0.411452
0.125  -0.402192
0.09375  -0.320652
-0.125  -0.378448
-0.0625  -0.461045
-0.0625  -0.131415
0.09375  -0.303351
-0.03125  -0.372225
0.21875  -0.256037
0.09375  -0.258492
0.0625  -0.289051
-0.28125  -0.256025
0.28125  -0.249766
-0.03125  -0.484391
0  -0.390236
0.15625  -0.352975
0.03125  -0.201777
0.28125  -0.409052
-0.125  -0.495507
0.03125  -0.341727
-0.0625  -0.491445
-0.09375  -0.216172
0.1875  -0.560976
0  -0.474725
-0.125  -0.433101
0  -0.451434
-0.0625  -0.356907
0  -0.404556
0.03125  -0.267088
0.125  -0.535649
0.0625  -0.253392
-0.03125  -0.234586
-0.09375  -0.36659
0.03125  -0.328651
0  -0.331199
0.0625  -0.369135
0.03125  -0.299732
-0.15625  -0.409676
0.0625  -0.499335
-0.09375  -0.239839
0.0625  -0.280764
-0.03125  -0.369041
0.03125  -0.420726
0.03125  -0.286851
0.1875  -0.408258
0.03125  -0.452458
-0.15625  -0.488892
0.21875  -0.134513
0.03125  -0.203575
0.03125  -0.162732
0.0625  -0.0667702
0.09375  -0.346315
0.1875  -0.178596
-0.03125  -0.486339
0.03125  -0.497012
0.03125  -0.385367
0.09375  -0.595118
0.15625  -0.493996
-0.09375  -0.149889
-0.15625  -0.23622
-0.03125  -0.317566
0.1875  -0.436903
-0.0625  -0.018697
0.0625  -0.382391
0.34375  -0.348781
-0.1875  -0.297681
-0.0625  -0.485237
0.1875  -0.23749
-0.03125  -0.340581
0.125  -0.34232
0.03125  -0.356481
-0.21875  -0.266011
-0.09375  -0.00482523
-0.0625  -0.10384
-0.0625  -0.508081
0.28125  -0.185153
-0.09375  -0.307202
-0.09375  -0.245151
-0.0625  -0.578612
-0.0625  -0.172135
-0.21875  -0.272017
-0.09375  -0.376554
0.03125  -0.363865
0.125  -0.159516
-0.125  -0.318352
0.09375  -0.451406
-0.03125  -0.261507
-0.21875  -0.212048
-0.0625  -0.23369
-0.0625  -0.358135
-0.09375  -0.32367
0.09375  -0.264325
0.09375  -0.314178
0.0625  -0.346283
0  -0.370936
0.28125  -0.468471
-0.125  -0.261692
0.15625  -0.264671
-0.15625  -0.483666
-0.125  -0.397
0.0625  -0.480132
0.125  -0.42666
0.09375  -0.183807
0.03125  -0.203658
-0.09375  -0.368455
0.0625  -0.350052
0.03125  -0.447569
-0.09375  -0.399737
0.125  -0.379981
0  -0.387645
-0.03125  -0.339139
0.03125  -0.262556
0.1875  -0.0427967
0.15625  -0.413304
-0.03125  -0.241697
-0.125  -0.406522
0.0625  -0.234287
-0.09375  -0.159688
-0.03125  -0.326312
0  -0.203285
0.03125  -0.424861
-0.15625  -0.3233
-0.125  -0.19589
-0.03125  -0.201562
0.15625  -0.436334
0.03125  -0.383966
-0.21875  -0.245257
-0.0625  -0.371069
-0.03125  -0.303622
-0.125  -0.114797
-0.09375  -0.343468
0.1875  -0.440635
-0.0625  -0.328047
-0.125  -0.393149
0.25  -0.377406
0  -0.297147
0.0625  -0.19337
0.21875  -0.502205
0  -0.40145
0  -0.152325
0.21875  -0.33182
0.09375  -0.34396
0.03125  -0.299422
0.21875  -0.40825
0.03125  -0.182186
-0.15625  -0.199106
0.03125  -0.382006
-0.0625  -0.627769
0.1875  -0.213314
-0.1875  -0.392086
0  -0.210108
-0.0625  -0.369517
-0.125  -0.18505
0  -0.330424
0.21875  -0.369791
0.125  -0.35924
0.125  -0.302305
0.0625  -0.431011
0.1875  -0.344926
-0.1875  -0.46474
0.21875  -0.122236
-0.09375  -0.382004
-0.21875  -0.181703
0  -0.169745
-0.125  -0.0772361
-0.15625  -0.32568
0.09375  -0.32463
0.15625  -0.468699
0.0625  -0.393951
0.125  -0.358034
-0.1875  -0.291471
0.15625  -0.266672
-0.03125  -0.348601
0.0625  -0.14065
-0.21875  -0.24243
0.03125  -0.354828
-0.0625  -0.345797
0.09375  -0.341123
-0.125  -0.353731
-0.125  -0.377687
-0.03125  -0.330015
0  -0.495035
0.1875  -0.286495
0.0625  -0.190609
-0.125  -0.199498
0.0625  -0.31715
0.0625  -0.303024
-0.15625  -0.295943
0.03125  -0.316931
0  -0.55928
-0.09375  -0.404077
0.09375  -0.141935
-0.1875  -0.371306
0  -0.293114
0.03125  -0.255648
0.0625  -0.3553
0.03125  -0.347184
0.15625  -0.254963
-0.03125  -0.24562
-0.25  -0.318407
0  -0.357866
0.21875  -0.192662
0.25  -0.455286
-0.03125  -0.228462
0.03125  -0.186756
-0.15625  -0.379809
-0.03125  -0.447216
-0.1875  -0.197195
-0.34375  -0.347425
-0.03125  -0.396616
-0.0625  -0.141244
-0.03125  -0.185619
-0.125  -0.270335
-0.09375  -0.233744
0.125  -0.272739
0.03125  -0.439202
0.09375  -0.267239
-0.0625  -0.370639
-0.09375  -0.339701
0.1875  -0.344814
-0.03125  -0.274537
-0.125  -0.275783
0.125  -0.430302
-0.03125  -0.448348
0  -0.229374
-0.09375  -0.406339
-0.1875  -0.227483
0.09375  -0.404264
0.125  -0.377078
-0.09375  -0.191961
0  -0.0348986
0.15625  -0.324238
0.1875  -0.317994
0.15625  -0.354644
0.21875  -0.352198
-0.25  -0.200081
-0.21875  -0.0944438
-0.03125  -0.08038
-0.125  -0.396646
0.09375  -0.217535
-0.03125  -0.215171
0.125  -0.386031
-0.1875  -0.230635
0.03125  -0.285285
-0.0625  -0.209433
0.125  -0.225833
0.0625  -0.343889
0.03125  -0.308622
0.03125  -0.440651
0.25  -0.136944
-0.0625  -0.449291
-0.125  -0.423137
0.03125  -0.445803
0.125  -0.292061
-0.375  -0.371802
-0.09375  -0.452752
-0.21875  -0.386608
-0.125  -0.370121
-0.03125  -0.446065
0.15625  -0.316752
0.28125  -0.230601
-0.09375  -0.506491
0  -0.377553
0.15625  -0.158586
-0.0625  -0.293381
0.1875  -0.391847
0.1875  -0.311724
-0.125  -0.260699
0.0625  -0.309153
0.0625  -0.348285
0.15625  -0.332877
-0.15625  -0.188859
0.03125  -0.498598
-0.1875  -0.264758
-0.03125  -0.295081
-0.09375  -0.226047
0  -0.231782
0.1875  -0.296734
0.1875  -0.380206
0.09375  -0.366604
-0.125  -0.126735
-0.03125  -0.33895
-0.03125  -0.45859
-0.125  -0.219408
0.0625  -0.225804
-0.03125  -0.263299
0  -0.30881
-0.125  -0.197487
0.0625  -0.227322
0  -0.57508
-0.0625  -0.331469
-0.125  -0.194781
-0.0625  -0.38443
0.15625  -0.325434
-0.03125  -0.226243
0.0625  -0.29595
0.0625  -0.289414
0.15625  -0.320437
-0.0625  -0.432194
-0.03125  -0.381376
-0.09375  -0.16364
-0.03125  -0.299869
-0.1875  -0.628209
0.03125  -0.174048
0.1875  -0.231476
-0.0625  -0.379791
0.09375  -0.079976
0.09375  -0.369754
-0.09375  -0.537569
0.125  -0.353021
0.125  -0.240707
-0.0625  -0.354583
0.09375  -0.389771
0.09375  -0.385143
0.09375  -0.327591
0.15625  -0.595322
-0.09375  -0.357785
0.28125  -0.417262
0  -0.295061
-0.125  -0.485779
0.0625  -0.295588
0.15625  -0.280675
-0.125  -0.238075
-0.125  -0.125708
-0.21875  -0.325548
0.0625  -0.365931
-0.09375  -0.288301
-0.1875  -0.131073
0  -0.198522
0.0625  -0.348624
0.15625  -0.2712
0.0625  -0.398465
0.28125  -0.188322
0.09375  -0.211134
-0.25  -0.262252
-0.03125  -0.428872
0.1875  -0.369121
-0.09375  -0.414063
-0.03125  -0.316439
0  -0.409524
0.125  -0.407734
-0.3125  -0.366278
0  -0.193229
-0.125  -0.270716
0.125  -0.190174
0.1875  -0.3119
0.21875  -0.283862
0.0625  -0.155329
0.15625  -0.256436
-0.125  -0.492253
0.03125  -0.310996
-0.0625  -0.2535
0.125  -0.412952
0.09375  -0.15011
-0.25  -0.475957
0.1875  -0.25253
0.21875  -0.142571
0.21875  -0.280325
0  -0.253338
-0.09375  -0.233397
-0.09375  -0.348519
0.09375  -0.282303
-0.03125  -0.502356
0  -0.179049
0.15625  -0.498001
0.1875  -0.285868
0.03125  -0.0943664
-0.15625  -0.441558
-0.09375  -0.503177
0.03125  -0.306793
-0.03125  -0.324681
-0.03125  -0.36178
0.0625  -0.28645
0.0625  -0.352826
0.0625  -0.320415
0.0625  -0.374819
0.0625  -0.267595
-0.0625  -0.422938
0.21875  -0.22984
0.21875  -0.232104
-0.09375  -0.423661
-0.09375  -0.278655
-0.03125  -0.332715
-0.09375  -0.347571
0.1875  -0.259023
0.1875  -0.31762
-0.3125  -0.434407
-0.3125  -0.212379
0.3125  -0.488348
-0.09375  -0.29578
0.125  -0.161346
0.0625  -0.398263
-0.1875  -0.479415
0.0625  -0.566537
0.0625  -0.254621
0.09375  -0.450117
-0.09375  -0.116422
0.0625  -0.437742
0.09375  -0.318895
-0.09375  -0.309459
-0.03125  -0.17285
0.09375  -0.264104
-0.15625  -0.331127
0.125  -0.262758
0  -0.220505
0.03125  -0.154907
0.15625  -0.0906311
-0.03125  -0.287249
0.1875  -0.301142
-0.15625  -0.414982
-0.0625  -0.454051
0.0625  -0.30608
-0.03125  -0.422853
0.03125  -0.372789
0.125  -0.399919
-0.0625  -0.140256
-0.125  -0.129793
0.03125  -0.444219
0.03125  -0.490824
0.03125  -0.275572
0.28125  -0.426802
0  -0.303747
-0.25  -0.180876
0.21875  -0.370498
0.15625  -0.50978
-0.03125  -0.31558
0.125  -0.4917
-0.03125  -0.429011
-0.125  -0.18457
-0.0625  -0.268511
-0.09375  -0.237534
0.0625  -0.200728
-0.0625  -0.223011
0.03125  -0.0941029
-0.21875  -0.22774
0.03125  -0.329055
-0.125  -0.0952539
0.21875  -0.253951
0.15625  -0.425384
0.0625  -0.289893
0.0625  -0.421205
0.1875  -0.277697
0.09375  -0.139956
-0.03125  -0.471298
0.125  -0.452585
0  -0.390058
0.09375  -0.491898
0.09375  -0.261586
0.09375  -0.325374
0.03125  -0.353824
-0.125  -0.373428
0.21875  -0.275222
0  -0.347772
0.0625  -0.38247
0.28125  -0.421172
-0.0625  -0.484171
-0.1875  -0.277048
0.03125  -0.247011
-0.15625  -0.270543
0.125  -0.339953
-0.0625  -0.231274
0.125  -0.189232
0.125  -0.162314
0  -0.512597
-0.25  -0.395202
0.15625  -0.238731
-0.09375  -0.312459
-0.15625  -0.373233
-0.09375  -0.353384
-0.21875  -0.300551
0  -0.306529
0  -0.240079
0.09375  -0.439522
0.09375  -0.172604
-0.125  -0.226969
0.1875  -0.36318
-0.03125  -0.390727
0.09375  -0.442154
0  -0.44157
-0.03125  -0.178649
-0.03125  -0.28484
-0.03125  -0.184732
0.03125  -0.511306
-0.09375  -0.268284
0.03125  -0.410874
0.15625  -0.393024
-0.0625  -0.431448
0  -0.52338
-0.03125  -0.646137
0.0625  -0.203238
-0.1875  -0.297297
-0.03125  -0.181874
-0.03125  -0.334719
-0.0625  0.0299112
-0.0625  -0.400133
-0.25  -0.315892
-0.0625  -0.277136
-0.15625  -0.237146
0.09375  -0.238011
0  -0.316163
-0.15625  -0.252556
-0.09375  -0.310434
0.125  -0.197027
0  -0.336322
0.09375  -0.350444
0.0625  -0.310412
-0.09375  -0.390144
-0.03125  -0.126306
-0.0625  -0.420107
0.15625  -0.353624
-0.03125  -0.422245
-0.09375  -0.454182
0.3125  -0.310072
0.1875  -0.18674
0.0625  -0.247412
0.21875  -0.31704
-0.03125  -0.126066
-0.03125  -0.28673
-0.03125  -0.338847
0.09375  -0.37213
-0.3125  -0.384101
0.03125  -0.378242
-0.125  -0.21717
0.28125  -0.382647
-0.125  -0.459449
0  -0.574527
-0.125  -0.378038
0.1875  -0.326221
0  -0.230939
-0.0625  -0.386019
-0.1875  -0.25316
0  -0.217607
0.03125  -0.275798
-0.125  -0.350723
0.21875  -0.466199
-0.0625  -0.106995
0.09375  -0.224075
0.0625  -0.288167
-0.125  -0.27217
0.15625  -0.502745
0  -0.412639
0.03125  -0.362545
-0.15625  -0.320476
0.03125  -0.409558
0.21875  -0.370506
-0.03125  -0.255142
-0.15625  -0.378793
0.0625  -0.343735
0.09375  -0.0455732
0  -0.48938
0.15625  -0.476059
0.21875  -0.270942
0.21875  -0.369609
-0.1875  -0.384268
0.125  -0.503161
-0.0625  -0.0448903
0.34375  -0.109704
0.15625  -0.49048
0.09375  -0.259432
0.03125  -0.271499
-0.0625  -0.216733
-0.15625  -0.493333
-0.125  -0.182167
0.125  -0.360677
-0.125  -0.539105
0  -0.136756
0.03125  -0.29979
-0.1875  -0.364085
-0.09375  -0.460523
-0.0625  -0.290632
0.15625  -0.171196
0.0625  -0.447019
-0.0625  -0.305906
0.1875  -0.376561
0.28125  -0.299393
0.03125  -0.30297
0.03125  -0.236501
0.125  -0.213942
0  -0.400398
0.25  -0.320925
-0.0625  -0.341203
0.09375  -0.511725
-0.0625  -0.297001
0.125  -0.287355
0.21875  -0.39597
0  -0.319428
0.0625  -0.135173
-0.125  -0.283299
-0.125  -0.284324
0.0625  -0.474056
0.125  -0.27388
0.125  -0.277035
-0.125  -0.444334
0.125  -0.258958
0  -0.268923
0.09375  -0.332093
0  -0.160096
0.21875  -0.4177
-0.15625  -0.283583
0.09375  -0.408628
0.25  -0.357523
-0.21875  -0.313631
0.0625  -0.337433
-0.15625  -0.244436
-0.09375  -0.139036
0.125  -0.425562
-0.21875  -0.248736
-0.03125  -0.562986
0.0625  -0.287587
0.03125  -0.499511
-0.03125  -0.236784
0.21875  -0.136325
-0.125  -0.23094
-0.03125  -0.107591
-0.125  -0.203027
0.03125  -0.578537
-0.03125  -0.257625
0.03125  -0.235992
-0.125  -0.260004
-0.0625  -0.276026
0  -0.559596
0  -0.365767
-0.09375  -0.249648
-0.15625  -0.458708
0.03125  -0.520781
0  -0.343287
-0.03125  -0.265153
-0.09375  -0.325159
0.03125  -0.24831
0.15625  -0.320449
0.21875  -0.439109
0.0625  -0.453301
0.15625  -0.325625
0.0625  -0.456744
0.125  -0.0900935
0  -0.418423
-0.03125  -0.367819
-0.1875  -0.50835
0.0625  -0.318909
-0.09375  -0.506407
0.25  -0.268988
-0.1875  -0.258431
0.15625  -0.243655
-0.28125  -0.249454
-0.125  -0.341727
0  -0.226406
-0.0625  -0.117451
-0.03125  -0.418396
0.09375  -0.329917
0  -0.441582
-0.0625  -0.400294
-0.03125  -0.156633
-0.1875  -0.311404
-0.125  -0.0650527
-0.03125  -0.395968
0.21875  -0.489665
-0.0625  -0.311502
-0.09375  -0.494339
0.03125  -0.326808
-0.0625  -0.324245
0.1875  -0.398462
-0.15625  -0.289881
0.09375  -0.350654
0  -0.169463
0.15625  -0.23105
0.15625  -0.326086
0  -0.315233
0.125  -0.145126
-0.125  -0.170588
0.125  -0.410298
-0.21875  -0.421184
0.0625  -0.441634
-0.21875  -0.207148
0  -0.244568
0.09375  -0.296722
-0.28125  -0.33679
-0.0625  -0.518202
-0.09375  -0.394707
0.125  -0.351949
0.09375  -0.220654
-0.125  -0.467418
0.0625  -0.511107
-0.15625  -0.24583
-0.03125  -0.233339
-0.09375  -0.282227
0.0625  -0.183635
0.1875  -0.426953
0.0625  -0.145345
0.09375  -0.350802
0.03125  -0.536932
-0.09375  -0.4085
-0.03125  -0.261276
-0.0625  -0.131818
-0.125  -0.318338
0  -0.353967
-0.0625  -0.474013
0.15625  -0.0979416
-0.09375  -0.314016
-0.125  -0.269203
-0.0625  -0.450497
0.125  -0.419982
0.0625  -0.164378
0.03125  -0.234785
0.0625  -0.294247
-0.09375  -0.391377
0.25  -0.325035
-0.0625  -0.462286
0.09375  -0.381726
0  -0.354138
-0.0625  -0.259604
-0.125  -0.12813
0.03125  -0.379716
0.0625  -0.288579
0.125  -0.422002
0.125  -0.387747
-0.21875  -0.481895
0  -0.458802
0.125  -0.152692
0.09375  -0.328799
0.09375  -0.320442
0.15625  -0.293922
-0.15625  -0.328358
0.03125  -0.344267
-0.15625  -0.304477
0.03125  -0.17048
-0.09375  -0.435477
0.21875  -0.430097
-0.15625  -0.273701
-0.09375  -0.52742
0.125  -0.274966
0.125  -0.395727
0.09375  -0.419103
-0.28125  -0.236526
-0.21875  -0.456553
-0.0625  -0.329961
0.03125  -0.237238
-0.09375  -0.453981
-0.03125  -0.566344
-0.15625  -0.356678
-0.375  -0.305179
-0.09375  -0.419451
-0.34375  -0.365691
0.03125  -0.311167
-0.03125  -0.422361
0.1875  -0.485829
-0.0625  -0.0797593
0.125  -0.314118
0.25  -0.439204
0.21875  -0.231991
0.21875  -0.319355
0.09375  -0.406107
-0.0625  -0.207698
0.09375  -0.155269
-0.25  -0.231205
0.15625  -0.197804
-0.1875  -0.202189
0.1875  -0.4782
0  -0.383829
-0.1875  -0.541175
0.15625  -0.255348
-0.25  -0.341401
0.03125  -0.654391
0.0625  -0.257629
0.09375  -0.154957
-0.09375  -0.362527
-0.15625  -0.0631711
0.0625  -0.411691
-0.09375  -0.419534
0.3125  -0.426906
-0.03125  -0.288776
-0.15625  -0.270086
0.03125  -0.391405
-0.03125  -0.449919
-0.15625  -0.344983
-0.0625  -0.580419
0.03125  -0.307578
0.03125  -0.194018
0.25  -0.38874
0.1875  -0.379635
0.09375  -0.162745
-0.09375  -0.218337
-0.15625  -0.347422
0.15625  -0.253051
-0.375  -0.40008
0.25  -0.298329
0.21875  -0.334204
-0.03125  -0.355818
0.09375  -0.256886
-0.125  -0.287933
-0.125  -0.250164
0.03125  -0.349969
-0.09375  -0.139462
0.21875  -0.378168
0.03125  -0.38145
-0.15625  -0.633582
0.03125  -0.0509452
0.0625  -0.3155
0.1875  -0.385139
-0.03125  -0.27123
0.03125  -0.474026
0.03125  -0.23541
-0.15625  -0.265399
0  -0.186605
0.21875  -0.2233
0  -0.144071
-0.21875  -0.51256
0.1875  -0.149878
0.09375  -0.0363656
0.09375  -0.292705
0.0625  -0.303676
0.28125  -0.341048
-0.125  -0.290781
-0.125  -0.436632
-0.15625  -0.326686
0.03125  -0.0271382
0.09375  -0.299057
-0.3125  -0.396469
-0.03125  -0.186031
0.15625  -0.27243
-0.03125  -0.192803
-0.03125  -0.272189
0.3125  -0.260112
-0.0625  -0.501099
-0.03125  -0.267363
-0.09375  -0.219139
-0.1875  -0.297615
-0.125  -0.132916
0.1875  -0.254891
0.09375  -0.426055
0  -0.158141
-0.125  -0.327434
0.09375  -0.361305
0  -0.400574
-0.15625  -0.246347
0.09375  -0.433346
-0.03125  -0.405902
-0.0625  -0.358613
0.03125  -0.310922
0  -0.382017
-0.15625  -0.444543
0.25  -0.402791
-0.15625  -0.184614
0  -0.316114
0.0625  -0.214788
-0.09375  -0.396228
-0.03125  -0.347815
0.09375  -0.330668
0.25  -0.256343
0  -0.55858
0.1875  -0.293405
0  -0.181097
0.03125  -0.374777
0  -0.299405
-0.15625  -0.294109
0.03125  -0.499729
0.15625  -0.256278
-0.25  -0.360105
0.03125  -0.382117
0.0625  -0.353359
0.15625  -0.402043
0  -0.217074
-0.09375  -0.396469
0.125  -0.340317
0.0625  -0.427841
-0.21875  -0.304589
-0.0625  -0.492882
0.25  -0.320625
0.125  -0.555047
-0.125  -0.343669
-0.09375  -0.320597
-0.0625  -0.305535
-0.0625  -0.3293
-0.03125  -0.313422
0.03125  -0.242829
0.15625  -0.327252
-0.09375  -0.301014
0.0625  -0.132723
0.125  -0.189157
-0.03125  -0.270555
0.03125  -0.397141
-0.03125  -0.361685
-0.3125  -0.311356
0  -0.360737
-0.0625  -0.263276
0.03125  -0.355723
-0.15625  -0.205629
-0.125  -0.230761
-0.03125  -0.252292
0.15625  -0.304352
-0.1875  -0.225964
0.15625  -0.276658
-0.0625  -0.514322
-0.15625  -0.380975
0  -0.0833737
0.03125  -0.292455
0.03125  -0.29588
-0.15625  -0.401104
-0.03125  -0.386728
0.1875  -0.146107
-0.125  -0.414594
-0.28125  -0.335975
-0.1875  -0.357154
0  -0.426728
0.21875  -0.149987
-0.09375  -0.242278
-0.03125  -0.253364
0.125  -0.348918
0  -0.266072
0.03125  -0.331688
-0.0625  -0.183897
0.09375  -0.170264
0.0625  -0.290674
0.03125  -0.305724
-0.125  -0.347053
0.0625  -0.474411
-0.0625  -0.460411
0  -0.224185
0.125  -0.453713
-0.03125  -0.319089
-0.15625  -0.269019
0.09375  -0.144082
0.09375  -0.267155
0.0625  -0.213076
-0.09375  -0.107737
0.0625  -0.291303
0.21875  -0.22185
-0.0625  -0.350891
-0.25  -0.170706
-0.21875  -0.276911
-0.03125  -0.262638
0.21875  -0.582985
0.1875  -0.252679
0.09375  -0.325885
0.25  -0.216396
-0.1875  -0.199125
-0.09375  -0.523086
-0.15625  -0.123386
0.1875  -0.413867
0.1875  -0.474491
0.03125  -0.549178
0.21875  -0.256012
-0.09375  -0.121127
0.0625  -0.275209
0.125  -0.283553
0.25  -0.398177
-0.125  -0.276312
-0.03125  -0.349293
0  -0.413919
-0.25  -0.370354
0.125  -0.355476
0.125  -0.3425
-0.0625  -0.205838
-0.0625  -0.293063
-0.09375  -0.183322
-0.15625  -0.127383
0.03125  -0.52869
-0.1875  -0.225611
0.03125  -0.549313
0.125  -0.306284
0.15625  -0.521005
-0.1875  -0.464496
-0.09375  -0.268478
0.03125  -0.360379
-0.125  -0.269663
-0.125  -0.472846
0.15625  -0.19226
0.15625  -0.452222
-0.0625  -0.342678
0.03125  -0.342727
-0.21875  -0.221885
-0.1875  -0.367515
-0.125  -0.297596
0.09375  -0.319405
-0.03125  -0.392821
-0.03125  -0.387824
0.03125  -0.321875
0.0625  -0.262021
0  -0.22035
0.3125  -0.448617
0  -0.164882
-0.15625  -0.166781
-0.0625  -0.239909
-0.125  -0.345121
-0.03125  -0.258593
0.125  -0.366114
0  -0.300961
0.1875  -0.408307
0.03125  -0.476603
-0.09375  -0.414511
0.09375  -0.429045
-0.09375  -0.2748
-0.09375  -0.329331
-0.25  -0.356007
0.09375  -0.431794
-0.125  -0.231763
0.03125  -0.253902
0  -0.458108
-0.15625  -0.314979
-0.03125  -0.610553
0  -0.38171
0.21875  -0.353183
-0.03125  -0.271723
-0.0625  -0.21776
0.03125  -0.178005
0.0625  -0.213198
0.28125  -0.335123
-0.09375  -0.458202
0.03125  -0.362407
0.0625  -0.405602
-0.1875  -0.358009
0.125  -0.285206
-0.1875  -0.146666
-0.1875  -0.167004
-0.125  -0.221775
0.09375  -0.356938
-0.03125  -0.209438
0  -0.25881
0  -0.205062
-0.03125  -0.147534
-0.03125  -0.476284
-0.0625  -0.36249
0.21875  -0.249889
-0.09375  -0.207829
0.25  -0.412238
0.03125  -0.277611
0.1875  -0.170328
0.1875  -0.385391
-0.0625  -0.329047
0.28125  -0.403869
0.03125  -0.274764
0.09375  -0.29979
0.09375  -0.348121
0.09375  -0.153158
0.125  -0.413375
0.03125  -0.355315
0.125  -0.444492
0.03125  -0.0732532
0.3125  -0.144499
-0.28125  -0.340626
-0.0625  -0.190763
0.375  -0.36449
-0.03125  -0.422082
0.125  -0.276862
-0.25  -0.445602
-0.28125  -0.318003
0.0625  -0.333256
0.15625  -0.292306
0  -0.15566
0.25  -0.459177
0.15625  -0.226062
-0.1875  -0.144267
0.09375  -0.242363
0.1875  -0.165386
-0.25  -0.379618
-0.21875  -0.45268
-0.125  -0.293764
-0.03125  -0.327209
-0.0625  -0.372215
-0.375  -0.22102
0.09375  -0.421947
-0.28125  -0.264259
-0.21875  -0.262412
-0.09375  -0.295276
0.1875  -0.454652
0.25  -0.504249
-0.09375  -0.226639
0.03125  -0.30708
-0.03125  -0.200023
-0.0625  -0.317273
0  -0.479122
0.0625  -0.275152
-0.03125  -0.217138
-0.03125  -0.449263
-0.125  -0.233695
-0.0625  -0.517309
0.03125  -0.158545
-0.0625  -0.274098
0.09375  -0.331913
-0.1875  -0.268024
0.0625  -0.112344
0.1875  -0.291185
0.125  -0.146838
0.09375  -0.170316
-0.1875  -0.272451
-0.1875  -0.343292
0  -0.381512
0  -0.285709
-0.1875  -0.38979
0.09375  -0.440994
-0.21875  -0.487267
-0.03125  -0.323004
0.15625  -0.56076
0  -0.433451
0.0625  -0.492529
0.0625  -0.220015
-0.15625  -0.255674
-0.21875  -0.167204
-0.15625  -0.219597
-0.1875  -0.432076
-0.09375  -0.109861
-0.09375  -0.12097
0.09375  -0.296551
0.0625  -0.468009
0.03125  -0.318581
0.09375  -0.45693
0.1875  -0.4199
0.3125  -0.370426
-0.09375  -0.268667
-0.09375  -0.310921
0  -0.339087
-0.3125  -0.390932
0.21875  -0.223644
0.1875  -0.196838
0.25  -0.34667
0.03125  -0.194938
-0.0625  -0.285191
0.09375  -0.312223
0.15625  -0.255478
0.03125  -0.212152
0.125  -0.448466
-0.125  -0.444972
-0.09375  -0.211705
-0.09375  -0.190828
0.25  -0.355371
0.09375  -0.439992
0.0625  -0.201712
-0.0625  -0.188341
-0.0625  -0.393005
0  -0.285821
0  -0.365601
-0.125  -0.468139
-0.25  -0.399496
0  -0.295472
0.15625  -0.237402
0.0625  -0.295346
-0.125  -0.317214
-0.125  -0.530962
0.15625  -0.336253
-0.125  -0.365467
0.15625  -0.309685
-0.125  -0.201307
0.0625  -0.323197
-0.09375  -0.148903
-0.03125  -0.0660167
0.03125  -0.330634
0.03125  0.0309106
0.125  -0.0538052
-0.1875  -0.302127
0.3125  -0.199788
0.03125  -0.363929
-0.1875  -0.302669
0.15625  -0.515293
0.03125  -0.354862
-0.03125  -0.43382
0.28125  -0.0947275
0.1875  -0.370804
0.0625  -0.17195
-0.0625  -0.215215
0.3125  -0.24164
-0.09375  -0.239606
0  -0.325066
0.09375  -0.308378
0.21875  -0.339533
0  -0.0835575
-0.09375  -0.3326
0.03125  -0.171732
0.28125  -0.195834
0.09375  -0.295844
-0.03125  -0.217142
-0.03125  -0.161993
-0.125  -0.308575
-0.09375  -0.238774
0.03125  -0.411868
0  -0.203382
0.03125  -0.273735
0.15625  -0.309709
0.03125  -0.338509
0.03125  -0.209734
-0.15625  -0.5142
-0.21875  -0.459509
0.3125  -0.203463
-0.03125  -0.329185
-0.0625  -0.25856
-0.0625  -0.374486
-0.125  -0.343069
0.125  -0.360502
-0.15625  -0.384997
-0.0625  -0.251425
0.0625  -0.11332
0.0625  -0.373011
0.09375  -0.102453
0.28125  -0.41357
-0.125  -0.429907
0.09375  -0.311222
0  -0.347889
0.09375  -0.383076
-0.15625  -0.0463359
0.15625  -0.302555
0.03125  -0.171102
0  -0.232265
0.09375  -0.267099
0.15625  -0.251537
-0.0625  -0.393244
0.09375  -0.403556
0.0625  -0.206874
0  -0.210129
0.25  -0.491618
0.0625  -0.281296
0.0625  -0.189811
-0.03125  -0.383433
-0.1875  -0.589567
-0.15625  -0.2725
-0.0625  -0.415234
0.25  -0.273389
-0.15625  -0.260254
0.0625  -0.291923
-0.03125  -0.152366
-0.15625  -0.091699
0.125  -0.300749
-0.15625  -0.224154
-0.25  -0.31105
0.1875  -0.3046
-0.03125  -0.399121
-0.15625  -0.35417
-0.15625  -0.248508
0.125  -0.411343
-0.1875  -0.250124
0.125  -0.422091
-0.15625  -0.268038
-0.03125  -0.260937
-0.15625  -0.366347
-0.09375  -0.28571
-0.0625  -0.349168
0.0625  -0.456593
0.03125  -0.31018
0.1875  -0.231199
0  -0.328771
0.0625  -0.4606
0.3125  -0.344928
0.21875  -0.440716
-0.03125  -0.502631
0.03125  -0.125466
0.09375  -0.295419
0.125  -0.0470841
-0.09375  -0.350923
-0.0625  -0.287127
-0.25  -0.280688
0.09375  -0.374237
0.15625  -0.168989
0.125  -0.408997
-0.03125  -0.35663
-0.4375  -0.341884
0.15625  -0.325516
0.15625  -0.492113
0.03125  -0.2189
0  -0.0782219
-0.125  -0.106385
0.03125  -0.160447
-0.09375  -0.386639
-0.0625  -0.219915
0.03125  -0.430288
0.09375  -0.311579
-0.09375  -0.310636
0  -0.194368
0.09375  -0.34668
0.03125  -0.127076
0.125  -0.275492
0.0625  -0.37395
0  -0.277618
-0.09375  -0.250642
0  -0.0705215
0.03125  -0.286545
0.125  -0.316817
-0.03125  -0.495689
0.03125  -0.315343
-0.125  -0.343006
-0.03125  -0.167578
-0.15625  -0.289158
-0.0625  -0.0460476
0.1875  -0.568965
-0.03125  -0.53622
-0.28125  -0.178834
0.1875  -0.338544
-0.03125  -0.249024
-0.0625  -0.297735
0  -0.244937
-0.28125  -0.577464
0.21875  -0.361053
0.0625  -0.234572
0.1875  -0.121244
0.09375  -0.406933
-0.15625  -0.397939
0  -0.377508
-0.03125  -0.367768
0  -0.4449
-0.0625  -0.192698
0.3125  -0.322938
-0.09375  -0.338435
0.09375  -0.323053
0.1875  -0.421813
-0.03125  -0.145873
0.0625  -0.414492
0  -0.0134427
-0.09375  -0.558418
0.09375  -0.358869
0.03125  -0.316179
-0.03125  -0.391718
-0.09375  -0.49439
0.03125  -0.217307
-0.03125  -0.3406
-0.15625  -0.430594
-0.15625  -0.213856
-0.15625  -0.18285
-0.15625  -0.335263
-0.21875  -0.520227
-0.15625  -0.135573
-0.09375  -0.407222
-0.0625  -0.249622
0.03125  -0.332937
-0.03125  -0.236218
-0.1875  -0.385871
0.09375  -0.256058
-0.1875  -0.57729
0.0625  -0.540007
0.15625  -0.51301
0  -0.320866
0.125  -0.252814
-0.0625  -0.205514
0  -0.356055
0.15625  -0.340399
-0.1875  -0.499165
0.03125  -0.424465
0.03125  -0.228962
-0.21875  -0.272508
0  -0.437973
0  -0.410461
-0.28125  -0.296619
-0.125  -0.167348
-0.03125  -0.381287
0.03125  -0.303499
0.0625  -0.564848
0.3125  -0.177898
0  -0.375267
-0.1875  -0.188441
-0.0625  -0.454583
0.21875  -0.363868
0.15625  -0.321706
-0.125  -0.248564
-0.125  -0.267904
0.1875  -0.360392
0  -0.219587
0.15625  -0.48808
0.3125  -0.319899
0  -0.402793
-0.0625  -0.40761
-0.125  -0.395434
0.03125  -0.245022
-0.03125  -0.384414
0.1875  -0.241379
0  -0.663116
-0.09375  -0.179028
0.15625  -0.208029
0.125  -0.0965046
-0.09375  -0.203675
-0.125  -0.361089
-0.09375  -0.572355
-0.09375  -0.283856
-0.21875  -0.11371
0.03125  -0.409125
-0.1875  -0.483205
0.03125  -0.223711
0.09375  -0.224771
0  -0.256897
0.34375  -0.420004
-0.125  -0.432368
-0.28125  -0.175307
0.03125  -0.257456
-0.0625  -0.210193
-0.09375  -0.312901
-0.03125  -0.119857
0.03125  -0.425386
0.1875  -0.401055
-0.40625  -0.452487
-0.03125  -0.351562
-0.09375  -0.351739
-0.0625  -0.371753
0  -0.449016
0.0625  -0.446871
0.03125  -0.340872
0  -0.189761
-0.21875  -0.269784
0.25  -0.277344
-0.09375  -0.303432
0.03125  -0.139959
-0.03125  -0.283166
0.03125  -0.431517
0.3125  -0.342993
-0.1875  -0.369995
-0.25  -0.0193755
0.0625  -0.470066
-0.09375  -0.398774
-0.0625  -0.421002
0.0625  -0.274062
0.09375  -0.44708
-0.25  -0.073435
0.25  -0.546628
0  -0.386563
-0.0625  -0.25528
-0.03125  -0.0769282
0.125  -0.382821
-0.03125  -0.251719
-0.03125  -0.484236
-0.09375  -0.0615688
0  -0.284002
0.25  -0.461498
0  -0.272854
-0.03125  -0.286797
0.09375  -0.294369
0  -0.472257
0  -0.312856
-0.09375  -0.498005
0.0625  -0.45003
0.21875  -0.264925
-0.1875  -0.206002
0.03125  -0.0309943
0.0625  -0.208348
-0.09375  -0.291183
-0.21875  -0.469244
0  -0.333933
-0.0625  -0.509056
-0.03125  -0.339117
0.25  -0.273495
0.09375  -0.40391
0  -0.217777
-0.15625  -0.50895
0.09375  -0.390005
0.125  -0.245419
0.03125  -0.188356
-0.125  -0.432677
0.0625  -0.226409
0.09375  -0.312063
-0.0625  -0.313436
-0.1875  -0.312149
-0.1875  -0.459523
-0.09375  -0.385399
-0.0625  -0.53317
-0.03125  -0.413066
0.09375  -0.137341
0.09375  -0.432322
0  -0.294041
-0.125  -0.428676
0.03125  -0.399744
-0.03125  -0.408734
-0.03125  -0.298651
-0.03125  -0.318892
0.03125  -0.21145
-0.03125  -0.187202
-0.15625  -0.3788
-0.03125  -0.253953
-0.03125  -0.373856
-0.15625  -0.401021
-0.1875  -0.259819
0.09375  -0.364291
0.0625  -0.404208
0  -0.36839
0.0625  -0.14318
0  -0.278462
-0.1875  -0.387622
-0.09375  -0.133914
-0.09375  -0.209247
-0.09375  -0.262166
0.15625  -0.330082
0.03125  -0.397072
0.125  -0.129601
0  -0.371472
0.21875  -0.0558561
-0.09375  -0.12394
-0.09375  -0.396221
0.125  -0.208851
0  -0.0129147
-0.0625  -0.0463523
-0.3125  -0.442734
-0.0625  -0.0458596
0.125  -0.354202
0.09375  -0.437644
0.0625  -0.0822728
0  -0.24659
-0.03125  -0.298817
-0.09375  -0.513764
-0.03125  -0.39457
0.09375  -0.229399
-0.0625  -0.228414
-0.0625  -0.04216
0.09375  -0.191188
-0.125  -0.221419
-0.15625  -0.336601
0.0625  -0.369523
-0.0625  -0.319679
0.25  -0.261084
0.03125  -0.206832
0  -0.478478
0.09375  -0.356246
-0.03125  -0.40029
0.03125  -0.105554
0.09375  -0.230707
0.09375  -0.359082
0.125  -0.395975
-0.3125  -0.244325
0.125  -0.341107
-0.09375  -0.262566
0.0625  -0.196656
-0.09375  -0.343126
0.09375  -0.309383
0  -0.495159
0.03125  -0.200621
-0.15625  -0.377207
0.0625  -0.236491
0.25  -0.222217
-0.1875  -0.445538
0  -0.458151
0  -0.200316
-0.0625  -0.400743
0.21875  -0.219112
0.0625  -0.529514
0.0625  -0.137064
0.0625  -0.335358
0  -0.136996
0  -0.161553
-0.25  -0.446718
0.09375  -0.344661
0.125  -0.214363
0  -0.271361
-0.03125  -0.358828
0.03125  -0.372134
0.125  -0.472885
-0.03125  -0.439586
0  -0.339663
0.0625  -0.366933
0.0625  -0.392198
-0.03125  -0.0811814
-0.03125  -0.280553
0.125  -0.408402
0.15625  -0.428497
0  -0.366763
0.21875  -0.315839
0.03125  -0.437049
0  -0.198753
-0.125  -0.353974
0.15625  -0.35987
0.21875  -0.314748
0.03125  -0.432386
0.125  -0.252569
-0.03125  -0.34186
-0.0625  -0.452447
0.21875  -0.0676635
-0.09375  -0.409617
-0.03125  -0.227427
0.09375  -0.241853
-0.03125  -0.208113
-0.25  -0.368339
0.125  -0.224876
-0.09375  -0.120721
-0.21875  -0.27475
0.1875  -0.317486
0.21875  -0.181624
-0.25  -0.377514
0  -0.27797
0.09375  -0.250736
0.21875  -0.268848
-0.03125  -0.0940123
-0.03125  -0.438887
-0.03125  -0.23111
-0.15625  -0.297084
-0.09375  -0.370468
0.09375  -0.463353
-0.09375  -0.219632
-0.0625  -0.401854
-0.03125  -0.206
0  -0.404388
0.09375  -0.50545
0.03125  -0.287963
0.0625  -0.451773
-0.125  -0.20896
0.0625  -0.470348
0.09375  -0.296309
-0.0625  -0.176889
0.125  -0.436057
0.09375  -0.529107
-0.15625  -0.22394
0.125  -0.429193
0  -0.460854
0.03125  -0.126493
-0.21875  -0.406131
-0.15625  -0.447841
-0.1875  -0.244596
0.15625  -0.367394
0.03125  -0.370572
-0.1875  -0.351227
-0.15625  -0.513693
-0.28125  -0.318973
-0.21875  -0.430968
0.09375  -0.451879
-0.0625  -0.224013
-0.03125  -0.331313
-0.0625  -0.430534
-0.09375  -0.161959
0  -0.289824
0.03125  -0.332569
0.1875  -0.41594
-0.0625  -0.268836
-0.125  -0.254327
0.03125  -0.374921
-0.03125  -0.383518
-0.0625  -0.55688
0.0625  -0.411489
0.125  -0.179716
0.0625  -0.26311
-0.09375  -0.301373
-0.09375  -0.480203
-0.0625  -0.36449
0.03125  -0.224952
0  -0.352341
0.09375  -0.24053
-0.09375  -0.498328
0.09375  -0.401464
0  -0.271156
0.0625  -0.158059
-0.03125  -0.223064
-0.03125  -0.231765
0  -0.223568
-0.03125  -0.19376
-0.03125  -0.0582863
-0.1875  -0.21197
-0.125  -0.395485
-0.03125  -0.313322
-0.09375  -0.42825
-0.15625  -0.344106
-0.09375  -0.43698
0.0625  -0.207208
0.125  -0.349292
-0.21875  -0.393692
-0.15625  -0.204718
0.15625  -0.215205
0.03125  0.00238397
0.09375  -0.320956
0.0625  -0.21524
-0.0625  -0.443828
-0.28125  -0.319577
0.0625  -0.293274
-0.0625  -0.56649
0.125  -0.157397
0  -0.270808
0.0625  -0.414513
-0.21875  -0.212504
-0.1875  -0.0593242
0.09375  -0.244748
0.03125  -0.301422
0.03125  -0.193397
0.03125  -0.253585
0  -0.403844
0.0625  -0.382928
-0.28125  -0.297631
-0.125  -0.425708
-0.03125  -0.370969
-0.09375  -0.310852
-0.15625  -0.436496
0.0625  -0.40364
-0.125  -0.472336
0.09375  -0.118374
0.21875  -0.201825
0.0625  -0.226947
-0.09375  -0.172826
-0.0625  -0.209983
0  -0.286746
-0.0625  -0.50711
0  -0.325293
0  -0.23264
0.21875  -0.298454
0.0625  -0.452128
-0.125  -0.212084
0.0625  -0.350648
0.25  -0.239285
0.25  -0.241023
-0.21875  -0.281616
-0.03125  -0.0556237
0.0625  -0.431999
0  -0.268302
0  -0.13044
-0.21875  -0.502152
-0.0625  -0.358197
0.09375  -0.38152
-0.0625  -0.441222
-0.0625  -0.344754
-0.0625  -0.471155
0  -0.378368
0.0625  -0.262932
-0.125  -0.476668
0.03125  -0.301338
-0.03125  -0.462342
0.1875  -0.335684
0  -0.246713
-0.125  -0.204913
-0.03125  -0.224244
-0.03125  -0.432685
0.21875  -0.360739
0.21875  -0.50522
-0.125  -0.296547
-0.0625  -0.0538927
-0.125  -0.381875
0  -0.51107
-0.0625  -0.270279
0.125  -0.226769
0.09375  -0.308118
-0.03125  -0.465219
0.09375  -0.247868
-0.1875  -0.316629
-0.15625  -0.31678
-0.03125  -0.567344
0.09375  -0.297187
0.15625  -0.138174
0.1875  -0.0398374
0.0625  -0.268646
-0.03125  -0.247578
0.03125  -0.425162
-0.03125  -0.365651
0  -0.0561133
-0.125  -0.207159
0.25  -0.290844
-0.25  -0.409348
-0.1875  -0.450067
-0.03125  -0.275943
0  -0.230393
-0.125  -0.227584
0.15625  -0.261248
-0.0625  -0.273705
0.09375  -0.455552
-0.0625  -0.42283
-0.09375  -0.341923
-0.0625  -0.463518
0  -0.241039
0.0625  -0.600607
0.03125  -0.433584
0.09375  -0.209943
-0.15625  -0.318268
0.0625  -0.429206
-0.09375  -0.317547
-0.25  -0.297472
-0.125  -0.279794
-0.15625  -0.407816
0.125  -0.349588
0.09375  -0.129754
-0.0625  -0.231823
-0.15625  -0.0980854
-0.09375  -0.158878
-0.0625  -0.405926
-0.125  -0.461019
0.15625  -0.454445
-0.09375  -0.375218
-0.09375  -0.177785
-0.09375  -0.447242
0.21875  -0.282405
-0.1875  -0.574004
-0.125  -0.219421
-0.03125  -0.298946
-0.0625  -0.335452
0.21875  -0.109589
-0.09375  -0.286144
0.125  -0.478875
0.0625  -0.344414
0.09375  -0.397213
-0.125  -0.338061
0.15625  -0.377918
0.125  -0.16833
-0.40625  -0.286997
-0.03125  -0.427828
0.0625  -0.251337
-0.03125  -0.395216
-0.125  -0.284306
-0.0625  -0.303938
-0.125  -0.0847471
0  -0.320816
-0.1875  -0.45317
0.09375  -0.409236
-0.03125  -0.453983
-0.0625  -0.409338
0.03125  -0.528076
-0.28125  -0.343445
0.0625  -0.161583
0  -0.239598
0  -0.279711
0.09375  -0.222938
0  -0.320756
0.09375  -0.34186
0.0625  -0.21077
0.0625  -0.37564
0.25  -0.360962
0.03125  -0.227067
0.0625  -0.459076
-0.25  -0.376023
0  -0.609747
-0.25  -0.501535
-0.03125  -0.396078
-0.125  -0.20196
0.0625  -0.253123
-0.15625  -0.244169
0.0625  -0.480564
0.0625  -0.277643
0.03125  -0.429415
-0.125  -0.400034
0.125  -0.283106
-0.0625  -0.363673
0.0625  -0.357779
-0.25  -0.0430373
-0.03125  -0.11735
0  -0.102563
0.1875  -0.39572
0.03125  -0.278637
0.03125  -0.347656
0.125  -0.162158
-0.0625  -0.12441
-0.03125  -0.375315
0.1875  -0.235793
0.125  -0.169939
0.03125  -0.443863
-0.21875  -0.299724
0.21875  -0.40762
-0.09375  -0.3759
-0.09375  -0.368145
0.15625  -0.539121
0.03125  -0.310007
0.1875  -0.274148
-0.09375  -0.394279
-0.125  -0.26836
0.125  -0.4429
0.1875  -0.492188
0.0625  -0.239668
0.03125  -0.537574
-0.03125  -0.327087
0.0625  -0.0574833
-0.0625  -0.307551
0.21875  -0.330742
-0.09375  -0.401832
0.28125  -0.318029
-0.25  -0.176142
0  -0.180113
0.1875  -0.207537
-0.09375  -0.263775
0.1875  -0.117138
-0.03125  -0.183755
-0.1875  -0.268209
0.0625  -0.364272
0.09375  -0.447057
0.125  -0.25117
0.09375  -0.387009
-0.03125  -0.0885538
0.28125  -0.347358
-0.125  -0.36117
0  -0.19342
-0.03125  -0.268048
-0.03125  -0.0826627
0  -0.359717
0.15625  -0.375332
-0.1875  -0.46162
0.09375  -0.34741
-0.0625  -0.347132
0.09375  -0.314534
0.15625  -0.482459
-0.1875  -0.408634
-0.25  -0.462636
0.15625  -0.273618
0.0625  -0.335505
-0.0625  -0.461667
0.0625  -0.214837
0  -0.287682
-0.09375  -0.285749
0.09375  -0.230835
0.03125  -0.139132
-0.03125  -0.493337
0.25  -0.276591
0.0625  -0.37001
0.15625  -0.235056
-0.09375  -0.46175
0.09375  -0.50682
-0.125  -0.400156
-0.0625  -0.376063
-0.125  -0.222836
0.03125  -0.53196
0.15625  -0.510291
0  -0.276358
0.15625  -0.296908
0  -0.31662
0.09375  -0.325247
0.34375  -0.24258
0.03125  -0.284747
-0.09375  -0.453651
-0.03125  -0.27004
0.125  -0.391491
-0.125  -0.460455
0  -0.261816
-0.1875  -0.324209
0.09375  -0.244965
-0.03125  -0.26028
0.03125  -0.301703
-0.1875  -0.388462
-0.25  -0.375064
-0.03125  -0.354771
-0.0625  -0.199742
0.15625  -0.328958
0.15625  -0.223108
0.15625  -0.347347
-0.1875  -0.481013
-0.125  -0.263047
0.0625  -0.409625
0.1875  -0.233399
-0.03125  -0.454872
0.09375  -0.280695
-0.1875  -0.362725
-0.03125  -0.276313
-0.1875  -0.392497
-0.09375  -0.265909
0.0625  -0.366019
0.0625  -0.357997
0.1875  -0.344671
-0.0625  -0.462934
-0.0625  -0.368163
0.125  -0.398544
0  -0.39561
0.03125  -0.0565809
0.03125  -0.371009
-0.09375  -0.200344
0  -0.272909
-0.1875  -0.399387
-0.15625  -0.424683
0.125  -0.484593
0  -0.420286
-0.25  -0.384464
0.03125  -0.319508
0.125  -0.374086
0.21875  -0.107267
-0.0625  -0.376359
0.03125  -0.347244
0.0625  -0.104375
0.03125  -0.0960783
0  -0.414366
0  -0.362584
0.03125  -0.531822
-0.0625  -0.0968865
0.03125  -0.225296
0.1875  -0.451704
-0.21875  -0.423428
0.03125  -0.374955
0.21875  -0.321004
0.0625  -0.460726
-0.125  -0.161751
-0.0625  -0.598059
0.03125  -0.515205
0.03125  -0.230827
-0.1875  -0.314982
-0.125  -0.276048
0.03125  -0.314557
0  -0.0772016
0.03125  -0.50915
-0.03125  -0.271085
-0.0625  -0.444012
-0.28125  -0.360486
0.09375  -0.281199
0  -0.387009
-0.21875  -0.120137
-0.1875  -0.160725
-0.1875  -0.447422
0  -0.360032
-0.15625  -0.478817
0  -0.251011
0.1875  -0.149104
0.15625  -0.174204
0.125  -0.312156
0  -0.351506
-0.21875  -0.274895
0.0625  -0.275318
0.15625  -0.385582
-0.25  -0.36484
0  -0.558236
0  -0.387984
-0.0625  -0.20418
0.125  -0.335813
-0.28125  -0.427964
0.15625  -0.190459
-0.09375  -0.211736
0.125  -0.248882
-0.125  -0.656672
0.125  -0.253669
-0.03125  -0.361211
0.21875  -0.191517
0.0625  -0.38312
-0.1875  -0.393771
-0.125  -0.37566
-0.125  -0.316783
0.25  -0.38767
0.03125  -0.149525
-0.125  -0.352772
-0.15625  -0.319126
0.03125  -0.481556
-0.15625  -0.516111
-0.03125  -0.256059
0.09375  -0.435536
-0.125  -0.463587
-0.0625  -0.292778
-0.0625  -0.314508
0.0625  -0.247699
-0.0625  -0.446969
-0.1875  -0.331337
0.125  -0.0953844
0.21875  -0.247325
-0.03125  -0.231294
-0.09375  -0.28193
0.0625  -0.292818
0  -0.347307
0.15625  -0.470827
0.125  -0.30226
0.0625  -0.464696
-0.125  -0.362112
0.09375  -0.202511
0.15625  -0.0976454
0.03125  -0.172209
0.125  -0.363116
-0.125  -0.0608904
-0.15625  -0.320658
0.15625  -0.23776
0.21875  -0.198774
-0.125  -0.47264
0.03125  -0.234642
0.09375  -0.261428
-0.03125  -0.302223
-0.0625  -0.432394
0.09375  -0.435815
-0.1875  -0.467392
-0.15625  -0.305213
-0.03125  -0.382725
0.09375  -0.453168
-0.0625  -0.391269
0.0625  -0.249635
-0.03125  -0.476186
0.09375  -0.419442
-0.09375  -0.259555
0  -0.219113
-0.0625  -0.531158
-0.09375  -0.348611
0.125  -0.396803
-0.125  -0.3598
0.1875  -0.58071
-0.03125  -0.321575
0.09375  -0.348312
-0.15625  -0.455805
-0.46875  -0.326427
-0.03125  -0.295666
-0.0625  -0.439378
-0.09375  -0.300652
0.21875  -0.0899811
-0.09375  -0.274217
0  -0.364489
-0.25  -0.429975
0.09375  -0.379709
-0.09375  -0.430782
0.0625  -0.334577
-0.125  -0.266524
-0.1875  -0.536793
-0.21875  -0.324439
0.0625  -0.544975
-0.1875  -0.348451
-0.28125  -0.436653
-0.03125  -0.334526
0.15625  -0.381533
-0.0625  -0.362628
0  -0.419356
0  -0.320507
0.03125  -0.276044
-0.09375  -0.323892
-0.09375  -0.458466
0.03125  -0.274852
0  -0.28058
0.1875  -0.447508
0  -0.46798
-0.25  -0.224976
-0.03125  -0.288886
-0.125  -0.303514
0.0625  -0.374323
0.03125  -0.323844
0.0625  -0.409098
0.34375  -0.337646
0.125  -0.380515
0.15625  -0.464329
-0.09375  -0.366797
-0.03125  -0.32275
0.09375  -0.309767
-0.03125  -0.369273
0  -0.18449
0.0625  -0.365368
-0.03125  -0.381587
-0.15625  -0.447538
-0.0625  -0.214638
0.09375  -0.167602
0.125  -0.624373
-0.03125  -0.174707
0.03125  -0.395565
-0.125  -0.263353
0.09375  -0.261966
-0.03125  -0.249526
-0.09375  -0.318674
-0.125  -0.449945
0.03125  -0.494324
-0.1875  -0.401956
-0.375  -0.203754
-0.03125  -0.442027
0.25  -0.378384
-0.03125  -0.279476
0.21875  -0.306395
0  -0.314659
0  -0.334334
0.03125  -0.168122
-0.03125  -0.391043
0.1875  -0.381249
-0.09375  -0.332167
-0.125  -0.384843
0.1875  -0.352883
0.0625  -0.159816
-0.09375  -0.321932
-0.03125  -0.545356
0  -0.329073
0.125  -0.313893
-0.03125  -0.333804
-0.15625  -0.266141
-0.0625  -0.400847
0  -0.238995
0.09375  -0.316034
-0.0625  -0.229013
-0.21875  -0.285508
-0.15625  -0.21449
0.1875  -0.483226
0.09375  -0.370403
0.0625  -0.3656
-0.0625  -0.426327
-0.125  -0.333164
-0.125  -0.231369
0.21875  -0.538286
0.0625  -0.500781
-0.3125  -0.4235
0.125  -0.389892
0.09375  -0.498539
0.21875  -0.38374
0.125  -0.331673
-0.15625  -0.163467
-0.125  -0.196972
0.0625  -0.359375
0.09375  -0.229255
0.0625  -0.352263
0.125  -0.410906
0.21875  -0.164483
0.3125  -0.353146
0.09375  -0.27998
0.0625  -0.353574
0.03125  -0.0613566
0.1875  -0.0953475
0.1875  -0.304242
0.46875  -0.2244
-0.03125  -0.123984
0.03125  -0.315836
-0.03125  -0.137115
0.09375  -0.302082
0.125  -0.4252
0.09375  -0.617336
-0.03125  -0.0485048
0.0625  -0.10005
0.09375  -0.369235
0  -0.388318
0.0625  -0.443062
0.15625  -0.466901
0.0625  -0.342817
-0.0625  -0.341832
0.0625  -0.338655
-0.09375  -0.2811
-0.03125  -0.194779
0.15625  -0.0933537
0.09375  -0.440845
0.03125  -0.19751
-0.15625  -0.245991
-0.15625  -0.409931
0  -0.279853
0  -0.162778
-0.1875  -0.455914
0  -0.274166
0.0625  -0.198161
0.0625  -0.237784
0  -0.262298
-0.0625  -0.274248
-0.125  -0.268785
-0.125  -0.344086
-0.15625  -0.364978
0.0625  -0.352396
-0.1875  -0.431033
-0.25  -0.223043
-0.03125  -0.288415
0.03125  -0.379717
-0.03125  -0.344976
-0.09375  -0.416294
0.25  -0.239564
-0.25  -0.342683
0.03125  -0.368418
0.15625  -0.473572
-0.09375  -0.306505
-0.21875  -0.31079
0.125  -0.242817
0.125  -0.436069
-0.09375  -0.18539
0  -0.287408
-0.15625  -0.289439
0.125  -0.428871
0.09375  -0.531826
0  -0.177433
-0.1875  -0.375614
-0.09375  -0.236783
-0.15625  -0.185473
0.21875  -0.340879
0.0625  -0.0467096
-0.15625  -0.208923
-0.03125  -0.228023
0.1875  -0.111046
0.25  -0.453196
-0.03125  -0.219241
-0.1875  -0.402195
-0.09375  -0.50082
0.09375  -0.264718
0.03125  -0.165026
0.125  -0.286184
-0.25  -0.224731
0.03125  -0.371172
0.03125  -0.201534
-0.1875  -0.334265
-0.0625  -0.138471
0.1875  -0.366257
0.03125  -0.420097
0.125  -0.26771
0.15625  -0.272705
0.0625  -0.352192
0.1875  -0.229647
-0.28125  -0.372236
-0.125  -0.309971
0.0625  -0.428608
0.09375  -0.30644
0.25  -0.294981
0.03125  -0.19383
-0.0625  -0.408275
0.21875  -0.223119
-0.15625  -0.269795
0.125  -0.285812
0.0625  -0.313963
-0.03125  -0.316465
-0.0625  -0.229288
0.0625  -0.0675043
0.0625  -0.0515798
0.125  -0.167679
0.15625  -0.454088
0.21875  -0.381283
-0.09375  -0.376241
0.125  -0.326934
-0.03125  -0.257554
-0.1875  -0.521627
0.09375  -0.277837
0.0625  -0.259691
-0.0625  -0.631048
-0.125  -0.392536
0.03125  -0.176735
-0.09375  -0.166395
0  -0.251936
-0.09375  -0.123795
-0.09375  -0.20318
-0.1875  -0.218513
0.03125  -0.409596
0.0625  -0.371812
0.09375  -0.348843
0  -0.431342
0.1875  -0.410491
0.15625  -0.416811
0.03125  -0.253873
0.1875  -0.268077
-0.125  -0.235959
0  -0.199922
0.03125  -0.297018
0.125  -0.505323
0  -0.226387
-0.0625  -0.470335
-0.3125  -0.265489
0.34375  -0.55194
-0.0625  -0.438507
-0.0625  -0.170604
-0.25  -0.239607
-0.09375  -0.250334
0  -0.257413
0.0625  -0.404989
-0.125  -0.428439
0.28125  -0.367064
0.03125  -0.230973
-0.125  -0.3123
-0.15625  -0.239661
-0.03125  -0.321156
0.125  -0.482175
-0.09375  -0.179339
-0.03125  -0.130187
-0.0625  -0.346235
-0.03125  -0.467251
-0.0625  -0.268242
-0.09375  -0.351904
-0.3125  -0.208173
-0.0625  -0.299069
-0.0625  -0.251133
0.25  -0.35633
-0.1875  -0.274672
-0.0625  -0.14846
0.03125  -0.245856
-0.09375  -0.266092
0.15625  -0.296688
0.03125  -0.346848
0.1875  -0.499491
0.125  -0.348784
-0.125  -0.198392
-0.15625  -0.302655
0.09375  -0.146261
0.03125  -0.443149
0.1875  -0.351898
0  -0.0131131
-0.125  -0.107482
-0.1875  -0.437675
0.03125  -0.23614
-0.15625  -0.397679
-0.125  -0.382247
0.15625  -0.394151
-0.0625  -0.287885
-0.21875  -0.30093
0.09375  -0.214369
-0.15625  -0.226393
-0.25  -0.266451
0.15625  -0.316765
0  -0.412299
0  -0.392186
-0.0625  -0.252206
-0.03125  -0.499401
0  -0.186761
0.03125  -0.479843
-0.0625  -0.391791
0.0625  -0.411017
0  -0.44236
-0.0625  -0.426382
0.09375  -0.223837
0.25  -0.460027
0.09375  -0.416139
0.125  -0.33506
0.0625  -0.0748125
-0.15625  -0.406556
0.03125  -0.389647
0.25  -0.347392
0  -0.401469
0.09375  -0.286079
0  -0.419028
0.21875  -0.163526
0.15625  -0.41309
0  -0.364607
0.4375  -0.339653
0.125  -0.22051
0.09375  -0.273271
0.0625  -0.22135
0.03125  -0.443606
0.03125  -0.354487
-0.0625  -0.424191
-0.0625  -0.235693
-0.09375  -0.502483
-0.03125  -0.215972
0.21875  -0.274403
0.21875  -0.422069
0.09375  -0.325194
0.03125  -0.25396
-0.0625  -0.242257
0.09375  -0.522012
-0.15625  -0.262985
-0.09375  -0.22637
0.15625  -0.512367
0  -0.465793
-0.0625  -0.207929
0.09375  -0.217018
0  -0.362364
-0.21875  -0.105556
0.21875  -0.442482
-0.15625  -0.391869
-0.03125  -0.211478
0.125  -0.294733
-0.125  -0.193864
0  -0.41256
0.03125  -0.323788
-0.125  -0.135162
-0.0625  -0.299019
0.15625  -0.259792
-0.03125  -0.330081
0.125  -0.208944
-0.0625  -0.0979703
0.0625  -0.42133
0.03125  -0.493495
-0.1875  -0.144549
-0.0625  -0.141307
-0.0625  -0.314183
-0.125  -0.487052
0.03125  -0.0741687
0  -0.424153
0.03125  -0.104555
0.0625  -0.282305
-0.09375  -0.265171
0.09375  -0.501694
0.03125  -0.493209
0.03125  -0.331126
0.09375  -0.456643
-0.0625  -0.187833
0.0625  -0.146659
0.0625  0.0175672
-0.09375  -0.298362
0.21875  -0.266646
0.125  -0.250961
-0.03125  -0.351916
-0.1875  -0.401168
0.0625  -0.327573
-0.25  -0.186894
-0.03125  -0.305503
-0.125  -0.303545
0.25  -0.638827
0.03125  -0.146849
0.03125  -0.368761
0.15625  -0.459822
0  -0.299684
-0.1875  -0.357033
0.15625  -0.321707
-0.3125  -0.465028
0.09375  -0.18908
0.28125  -0.439697
0.125  -0.175919
-0.03125  -0.441047
-0.0625  -0.388877
0.28125  -0.268687
-0.25  -0.456817
0.375  -0.167152
-0.28125  -0.333803
-0.03125  -0.364316
0.1875  -0.279336
-0.0625  -0.195053
0  -0.272224
0.03125  -0.406363
0.1875  -0.221387
-0.03125  -0.37925
-0.125  -0.303676
-0.03125  -0.409537
0.03125  -0.354966
0.0625  -0.240409
0.0625  -0.317265
-0.0625  -0.451602
0.125  -0.283076
0.0625  -0.339104
-0.1875  -0.409472
0  -0.311066
0.09375  -0.36
0.15625  -0.342029
0.03125  -0.244195
0.21875  -0.390123
-0.09375  -0.318667
-0.125  -0.149172
-0.15625  -0.287068
-0.125  -0.247737
0  -0.274721
-0.125  -0.337693
0.03125  -0.284436
-0.03125  -0.296599
0.125  -0.41008
-0.09375  -0.228213
0.03125  -0.395583
0.15625  -0.358073
0.0625  -0.153874
0.03125  -0.136386
0.125  -0.288933
-0.09375  -0.171059
0.125  -0.409028
0.15625  -0.271728
-0.0625  -0.0530222
-0.03125  -0.422
0.125  -0.414691
-0.21875  -0.343215
0.09375  -0.443406
0.03125  -0.232726
0.125  -0.421604
0.1875  -0.348494
-0.0625  -0.380533
-0.09375  -0.426621
-0.1875  -0.137444
-0.03125  -0.567195
0.125  -0.268193
-0.03125  -0.489927
-0.0625  -0.252564
0.28125  -0.33511
-0.03125  -0.0928586
-0.28125  -0.0500494
0.09375  -0.370514
-0.1875  -0.244041
-0.21875  -0.293221
0.125  -0.221386
0.03125  -0.238117
0.1875  -0.345928
-0.0625  -0.25948
0  -0.552307
0.21875  -0.357258
-0.25  -0.0632482
-0.125  -0.431328
0.21875  -0.322616
0  -0.246165
-0.09375  -0.20717
-0.0625  -0.410425
0.21875  -0.387163
0.28125  -0.285001
0.0625  -0.573037
0  -0.506252
0.03125  -0.386973
0  -0.161829
0  -0.369343
0.21875  -0.150906
0.21875  -0.288836
-0.03125  -0.269273
0.03125  -0.445284
0.09375  -0.436302
-0.03125  -0.25057
0.1875  -0.428234
0.03125  -0.476267
0.0625  -0.317017
0.03125  -0.243733
-0.15625  -0.25456
0  -0.223735
0.03125  -0.322271
-0.15625  -0.304272
0  -0.348475
0  -0.328336
-0.09375  -0.307425
-0.0625  -0.336733
-0.125  -0.203632
0  -0.183189
-0.09375  -0.317953
-0.1875  -0.36952
0.0625  -0.450193
0.03125  -0.168689
0.03125  -0.524162
0.15625  -0.267262
0.09375  -0.247572
0  -0.389116
0  -0.217771
0.15625  -0.515045
0.0625  -0.339513
-0.03125  -0.576206
0.125  0.114595
-0.1875  -0.20409
-0.15625  -0.106968
0.09375  -0.531147
-0.1875  -0.425598
-0.1875  -0.313423
0  -0.281082
0.125  -0.539344
-0.1875  -0.143838
0.15625  -0.372384
0  -0.349487
-0.1875  -0.246162
-0.03125  -0.302258
0.0625  -0.336775
0.03125  -0.350345
-0.09375  -0.458768
0.09375  -0.515068
-0.15625  -0.341618
0.15625  -0.284902
-0.0625  -0.298604
-0.15625  -0.444168
0.03125  -0.431873
-0.0625  -0.412499
-0.03125  -0.315073
0.15625  -0.546522
0.25  -0.156251
-0.1875  -0.466632
0  -0.457437
-0.1875  -0.501367
0.03125  -0.197466
0.0625  -0.294245
0.0625  -0.271341
-0.0625  -0.471999
0.125  -0.403426
0.28125  -0.395178
-0.09375  -0.218352
-0.15625  -0.371444
-0.0625  -0.146748
0.09375  -0.494135
-0.25  -0.253568
0.1875  -0.221397
0.09375  -0.260326
-0.03125  -0.23884
-0.0625  -0.200506
0.1875  -0.276093
0.15625  -0.439596
0  -0.323929
-0.09375  -0.351611
0.09375  -0.349404
0.15625  -0.379592
-0.125  -0.449453
-0.21875  -0.41935
-0.09375  -0.289538
0.03125  -0.109389
0.0625  -0.20534
-0.0625  -0.243948
-0.125  -0.237658
-0.21875  -0.257762
-0.0625  -0.253727
0.125  -0.40381
0.0625  -0.193929
0.1875  -0.419486
0.0625  -0.331912
0.34375  -0.133324
-0.0625  -0.471919
0.0625  -0.312177
0.21875  -0.467793
0  -0.342736
-0.1875  -0.270858
-0.21875  -0.184274
-0.03125  -0.066758
-0.125  -0.300995
0.375  -0.387485
0  -0.361355
0.21875  -0.156767
0.09375  -0.371986
-0.09375  -0.259333
-0.21875  -0.359837
0  -0.504509
-0.125  -0.327
0  -0.290516
-0.0625  -0.418779
-0.125  -0.363106
0.125  -0.436242
-0.03125  -0.370228
-0.03125  -0.479063
0  -0.210217
-0.1875  -0.437896
0.03125  -0.35957
-0.15625  -0.517693
-0.25  -0.327907
0.0625  -0.255507
0.125  -0.196058
0.21875  -0.386792
-0.09375  -0.316798
-0.03125  -0.446654
0.09375  -0.298631
0.125  -0.0770726
0.15625  -0.329496
0  -0.322524
0.09375  -0.408093
0  -0.450838
-0.09375  -0.0860236
0.3125  -0.408656
-0.09375  -0.326772
-0.03125  -0.270077
0.125  -0.216726
0.0625  -0.464748
-0.125  -0.361183
-0.09375  -0.386376
-0.0625  -0.192165
-0.34375  -0.375817
0.15625  -0.350328
0.28125  -0.30064
0.09375  -0.391359
-0.1875  -0.188412
0.03125  -0.430203
-0.09375  -0.385657
0.25  -0.293793
-0.03125  -0.377811
-0.125  -0.404507
0.03125  -0.509802
-0.15625  -0.442295
0.15625  -0.473237
0.03125  -0.383286
0  -0.327416
-0.03125  -0.250503
0  -0.0895498
-0.125  -0.415452
0.15625  -0.328106
-0.15625  -0.346779
0  -0.329867
0.03125  -0.262613
-0.21875  -0.341147
0.09375  -0.442166
0.15625  -0.363001
0.09375  -0.329075
0.3125  -0.322061
-0.03125  -0.374611
-0.25  -0.348394
-0.15625  -0.337795
0.125  -0.316118
0.125  -0.373035
-0.1875  -0.338986
0  -0.366361
-0.25  -0.417449
-0.21875  -0.110545
-0.03125  -0.364278
0.03125  -0.293008
-0.15625  -0.305371
0  -0.504919
0.125  -0.376197
-0.09375  -0.536847
0.1875  -0.199764
0.03125  -0.228744
-0.125  -0.419035
-0.03125  -0.244264
0.03125  -0.26234
-0.1875  -0.269469
0  -0.231664
-0.15625  -0.115625
-0.0625  -0.201515
0  -0.223998
-0.21875  -0.354163
0.21875  -0.23215
0.0625  -0.305572
0.21875  -0.244093
0.09375  -0.254614
0.09375  -0.388346
0  -0.286917
-0.25  -0.327321
0.15625  -0.456427
0.03125  -0.586641
-0.09375  -0.350057
0.125  -0.490583
-0.03125  -0.426238
-0.09375  -0.311243
0.03125  -0.201694
0.125  -0.244484
0.15625  -0.145333
-0.1875  -0.345477
0.15625  -0.483259
0.15625  -0.423057
-0.09375  -0.105835
-0.09375  -0.54823
-0.21875  -0.306301
-0.03125  -0.369224
-0.03125  -0.318184
0.125  -0.229646
0.03125  -0.485087
0.0625  -0.435973
0  -0.349372
-0.09375  -0.268996
-0.0625  -0.348889
0.0625  -0.506455
0.125  -0.353967
0.09375  -0.383354
-0.09375  -0.337953
0  -0.283646
0.0625  -0.204459
-0.09375  -0.256321
0.03125  -0.246486
-0.03125  -0.265825
-0.03125  -0.474812
-0.125  -0.465779
0.25  -0.259049
0.0625  -0.166419
0.03125  -0.422086
0.09375  -0.439434
-0.0625  -0.415135
0.09375  -0.09052
-0.09375  -0.133029
-0.15625  -0.494086
0.09375  -0.229611
0.09375  -0.211465
0  -0.258498
0.28125  -0.366531
0.09375  -0.328587
-0.1875  -0.533203
-0.03125  -0.302756
-0.09375  -0.211037
0.03125  -0.363837
0.0625  -0.258019
-0.09375  -0.38809
0.03125  -0.268186
0.09375  -0.259035
0  -0.115277
-0.15625  -0.377836
-0.125  -0.157552
-0.03125  -0.367941
-0.125  -0.253921
-0.03125  -0.157535
0.09375  -0.256774
0.0625  -0.294236
0.03125  -0.339054
0.125  -0.450009
0.25  -0.339814
-0.09375  -0.276498
0.125  -0.355751
0  -0.381387
-0.03125  -0.305761
0.09375  -0.346393
-0.125  -0.227263
0.15625  -0.263715
-0.1875  -0.195575
0.0625  -0.274904
-0.15625  -0.149158
-0.1875  -0.506083
0.09375  -0.29215
-0.125  -0.301246
0.15625  -0.427134
-0.03125  -0.342133
0.09375  -0.260971
-0.09375  -0.158252
-0.03125  -0.206383
0.25  -0.271659
-0.1875  -0.450482
0.125  -0.301469
0.03125  -0.239425
0.0625  -0.313883
0.125  -0.32667
0.0625  -0.132182
0  -0.261361
0  -0.512595
-0.03125  -0.247185
0.0625  -0.242589
-0.15625  -0.272797
-0.0625  -0.260095
0  -0.269463
-0.34375  -0.406912
0.21875  -0.259817
-0.21875  -0.442213
-0.1875  -0.582781
-0.1875  -0.355903
-0.125  -0.275136
-0.21875  -0.25132
-0.125  -0.484674
0.15625  -0.34177
0.03125  -0.212151
0.09375  -0.371081
-0.09375  -0.516117
0.0625  -0.376044
-0.15625  -0.380075
-0.15625  -0.399442
-0.0625  -0.356142
0  -0.30512
-0.0625  -0.180762
-0.15625  -0.303668
0  -0.472391
0.28125  -0.35507
0.25  -0.279531
0.0625  -0.452187
0.03125  -0.26942
0  -0.442936
0  -0.518019
0.09375  -0.298614
0.09375  -0.282151
-0.28125  -0.536909
0.09375  -0.465615
-0.09375  -0.362213
-0.09375  -0.464943
-0.25  -0.290996
0.21875  -0.420933
0.125  -0.340942
0.125  -0.262107
0.15625  -0.269818
0  -0.273963
0.03125  -0.277241
0.03125  -0.274844
-0.21875  -0.269435
-0.125  -0.051664
-0.125  -0.334981
-0.125  -0.18871
-0.09375  -0.248977
-0.25  -0.288999
0  -0.234043
0.03125  -0.305407
0  -0.360999
0.0625  -0.433518
0.0625  -0.27135
-0.03125  -0.259428
0.09375  -0.547848
0.03125  -0.373446
0.1875  -0.267576
-0.03125  -0.329804
-0.03125  -0.303426
0.0625  -0.346111
-0.125  -0.458621
-0.15625  -0.369372
0.0625  -0.447861
0  -0.262916
-0.15625  -0.193866
0.03125  -0.30938
-0.0625  -0.0491161
0.125  -0.220891
-0.1875  -0.541659
-0.25  -0.247242
0.09375  -0.472283
-0.09375  -0.475463
0.0625  -0.106236
0.1875  -0.597428
0.25  -0.186582
0  -0.362067
0.125  -0.182461
0.03125  -0.368906
-0.28125  -0.419302
-0.09375  -0.19976
0.125  -0.386998
-0.0625  -0.317636
0.09375  -0.224932
0  -0.306106
0.21875  -0.235603
0.09375  -0.366671
-0.125  -0.420036
0.125  -0.35731
0.125  -0.391475
0.09375  -0.146428
0.125  -0.36108
0  -0.0923556
0  -0.416022
0.15625  -0.389777
0.21875  -0.367787
0  -0.306343
-0.03125  -0.212236
0.0625  -0.437654
0.125  -0.308292
0.03125  -0.387202
0.25  -0.333166
0.15625  -0.405066
-0.03125  -0.146717
0.21875  -0.565214
0  -0.363403
0.03125  -0.283069
0.0625  -0.339865
-0.28125  -0.3079
0.09375  -0.216848
-0.1875  -0.321368
0  -0.513735
-0.125  -0.362236
-0.25  -0.448769
0.03125  -0.377948
0  -0.31606
-0.09375  -0.297518
-0.125  -0.234747
0.125  -0.175454
-0.03125  -0.343278
-0.03125  -0.363221
0.03125  -0.119083
0.25  -0.31756
-0.03125  -0.166421
0.125  -0.190709
-0.1875  -0.349689
-0.0625  -0.376906
0.125  -0.176442
0.09375  -0.31443
-0.09375  -0.431996
-0.1875  -0.345888
-0.15625  -0.313054
0.09375  -0.313015
0.0625  -0.136127
-0.1875  -0.35651
-0.15625  -0.0864595
-0.03125  -0.357585
0.21875  -0.176544
-0.03125  -0.625811
0.03125  -0.292216
-0.21875  -0.193299
-0.1875  -0.353408
0.25  -0.437773
0.0625  -0.362465
-0.09375  -0.402845
-0.125  -0.442617
0.125  -0.28798
-0.09375  -0.314742
-0.03125  -0.526223
-0.15625  -0.248598
0.21875  -0.419969
-0.03125  -0.540284
-0.09375  -0.410448
-0.0625  -0.368926
0.03125  -0.340324
0.15625  -0.440861
-0.0625  -0.38655
-0.125  -0.0304708
-0.03125  -0.391281
0.03125  -0.302811
-0.25  -0.249568
0.0625  -0.428478
-0.1875  -0.428135
-0.09375  -0.24248
0.125  -0.163582
0.0625  -0.163439
0.0625  -0.2958
-0.1875  -0.245605
-0.125  -0.586586
0.09375  -0.148966
-0.125  -0.10111
0.03125  -0.452899
-0.03125  -0.34367
0.15625  -0.372507
0.0625  -0.310794
0.125  -0.386644
-0.125  -0.396895
-0.09375  -0.309484
0  -0.22206
-0.375  -0.296933
-0.15625  -0.112962
0.0625  -0.433963
-0.15625  -0.504413
-0.1875  -0.164254
0.125  -0.35434
-0.15625  -0.504955
0.03125  -0.235627
0.125  -0.312682
0.125  -0.165182
-0.125  -0.339403
-0.125  -0.10148
0.15625  -0.402528
0.125  -0.304391
-0.125  -0.328546
0.09375  -0.423865
0  -0.554742
-0.09375  -0.19181
-0.0625  -0.360003
0.03125  -0.298941
-0.09375  -0.374573
0.09375  -0.187234
0.03125  -0.260311
-0.25  -0.438173
0.15625  -0.17069
0  -0.129685
0.125  -0.462363
0.09375  -0.321258
-0.03125  -0.243969
0  -0.0305481
0.03125  -0.236532
-0.15625  -0.203592
0.125  -0.220666
0.25  -0.343384
-0.09375  -0.349674
-0.15625  -0.447262
-0.03125  -0.309503
0  -0.15922
0.125  -0.520046
-0.03125  -0.542519
-0.03125  -0.174853
-0.09375  -0.37126
-0.09375  -0.441183
0.125  -0.568679
-0.0625  -0.477213
0  -0.295346
-0.125  -0.325494
-0.125  -0.495021
-0.03125  -0.469315
-0.0625  -0.244771
-0.125  -0.411443
-0.03125  -0.692995
0.09375  -0.312134
0.125  -0.380962
0.15625  -0.384331
0.125  -0.307699
0  -0.323862
-0.1875  -0.249635
0.125  -0.292584
0.28125  -0.397955
-0.15625  -0.422521
-0.125  -0.431158
-0.25  -0.296456
0  -0.308055
-0.15625  -0.268476
-0.21875  -0.419336
-0.15625  -0.443011
0.15625  -0.238217
-0.1875  -0.294578
0.15625  -0.177444
-0.09375  -0.40931
-0.09375  -0.19422
-0.1875  -0.0389124
-0.15625  -0.254908
-0.25  -0.268249
0.25  -0.313869
-0.1875  -0.432941
-0.03125  -0.271026
-0.15625  -0.382221
0.0625  -0.313046
0.03125  -0.442573
0.0625  -0.46587
0  -0.214776
0  -0.0963442
0.0625  -0.282481
0.03125  -0.304438
0.21875  -0.0644071
0.03125  -0.20567
0.125  -0.363683
-0.1875  -0.331021
-0.09375  -0.464713
0.0625  -0.462843
0  -0.496822
-0.0625  -0.320273
-0.125  -0.254423
0.125  -0.184312
0.0625  -0.401114
0.03125  -0.076729
0.15625  -0.301036
-0.15625  -0.12666
0.15625  -0.466291
-0.0625  -0.248627
0.03125  -0.241741
0.15625  -0.372307
0.09375  -0.3502
-0.09375  -0.362392
0.15625  -0.270406
0.03125  -0.335208
0.125  -0.0735628
0.03125  -0.280158
0  -0.318253
0.03125  -0.473478
0.09375  -0.346224
0.15625  -0.504056
-0.15625  -0.292728
0.28125  -0.205745
0.09375  -0.381394
0.15625  -0.226106
0.28125  -0.279293
0.125  -0.475064
0  -0.243786
-0.15625  -0.403207
0.15625  -0.426372
-0.28125  -0.409003
0.0625  -0.300434
0.15625  -0.282103
0.03125  -0.222762
0.0625  -0.169508
-0.03125  -0.376625
0.34375  -0.48233
-0.25  -0.126876
0.09375  -0.562836
0.09375  -0.363186
-0.21875  -0.383518
0.0625  -0.329659
-0.0625  -0.332249
0.28125  -0.237304
0.03125  -0.282002
0.03125  -0.308115
-0.03125  -0.467702
0.125  -0.316881
-0.09375  -0.264335
-0.03125  -0.411086
0.125  -0.329477
-0.21875  -0.288455
-0.0625  -0.355172
-0.125  -0.296277
-0.09375  -0.346806
-0.125  -0.405631
-0.03125  -0.48643
-0.09375  -0.212513
-0.0625  -0.17132
0.125  -0.156195
0.125  -0.305294
0.0625  -0.355875
-0.125  -0.539265
0.09375  -0.269948
-0.28125  -0.179714
0.15625  -0.470739
0.0625  -0.302123
-0.03125  -0.392524
-0.28125  -0.463256
-0.0625  -0.175638
0.03125  -0.279948
0.125  -0.477771
0.1875  -0.418014
0.0625  -0.346648
-0.15625  -0.34196
-0.15625  -0.35771
0.1875  -0.240416
0.15625  -0.408608
0.0625  -0.191947
0.03125  -0.423609
-0.125  -0.163719
0.09375  -0.228472
0.09375  -0.301996
-0.0625  -0.159492
-0.15625  -0.339344
0.125  -0.436479
0.125  -0.449615
0.0625  -0.401374
0.0625  -0.282423
0.0625  -0.6705
-0.0625  -0.216779
0.125  -0.470048
0.1875  -0.249988
-0.1875  -0.317486
-0.15625  -0.432533
0  -0.293261
0.34375  -0.402443
0.03125  -0.140255
0  -0.317094
0.03125  -0.455475
0.0625  -0.447257
0.21875  -0.509429
0.15625  -0.205374
-0.125  -0.389515
-0.3125  -0.145709
0.0625  -0.174397
-0.125  -0.173578
-0.03125  -0.202368
-0.09375  -0.346309
0.125  -0.289205
0.0625  -0.473135
-0.1875  -0.20199
0.15625  -0.377974
0.09375  -0.449364
-0.09375  -0.219036
-0.09375  -0.0929049
0.125  -0.26804
-0.09375  -0.249978
-0.03125  -0.398911
-0.125  -0.201816
0.125  -0.378425
0.125  -0.401683
-0.03125  -0.398458
-0.15625  -0.222621
0.25  -0.400276
0.21875  -0.256405
-0.0625  -0.307896
0.0625  -0.272672
-0.15625  -0.358519
-0.0625  -0.494666
-0.25  -0.267475
0.0625  -0.400788
-0.0625  -0.340493
0.28125  -0.20751
0.03125  -0.321845
-0.03125  -0.463132
-0.21875  -0.062626
-0.0625  -0.502646
0.1875  -0.24141
-0.09375  -0.132735
-0.21875  -0.640598
-0.09375  -0.375335
-0.25  -0.374901
0.125  -0.225809
0.09375  -0.341989
0.0625  -0.373968
-0.03125  -0.268428
0.09375  -0.323201
-0.0625  -0.139519
0.125  -0.443206
-0.09375  -0.447653
0.09375  -0.489094
-0.1875  -0.310949
-0.15625  -0.495535
0.09375  -0.440757
0.125  -0.598727
-0.03125  -0.355782
-0.0625  -0.442213
0.0625  -0.605369
0.0625  -0.152185
0.28125  -0.382141
0.03125  -0.432635
0  -0.32377
0.03125  -0.504158
0.125  -0.394115
0.1875  -0.219398
-0.25  -0.209607
0.15625  -0.568965
-0.03125  -0.371524
0.15625  -0.259623
0  -0.487334
0.28125  -0.430506
-0.28125  -0.211412
0.125  -0.481108
-0.125  -0.457469
-0.03125  -0.455208
0.09375  -0.499333
-0.0625  -0.313978
0.0625  -0.286817
-0.28125  -0.274656
0.0625  -0.495969
-0.21875  -0.401125
0  -0.262475
-0.1875  -0.179636
0  -0.307685
0.125  -0.360659
0.1875  -0.424689
-0.125  -0.389428
0  -0.299769
0.0625  -0.260546
-0.03125  -0.369042
0.125  -0.382931
0.0625  -0.0255837
0.125  -0.414522
0.0625  -0.459521
0.0625  -0.250784
0.15625  -0.338953
0.0625  -0.334617
0.03125  -0.024763
-0.28125  -0.346705
0  -0.222121
0.0625  -0.436764
-0.0625  -0.429304
0.03125  -0.36409
-0.03125  -0.421952
0  -0.420711
-0.15625  -0.494817
0.0625  -0.155952
-0.125  -0.278485
-0.28125  -0.411031
-0.0625  -0.274597
0.0625  -0.282639
0.15625  -0.222883
-0.09375  -0.371284
-0.09375  -0.306067
-0.0625  -0.27863
0.125  -0.30889
-0.09375  -0.263387
0.25  -0.298998
-0.21875  -0.248222
-0.03125  -0.35952
0.125  -0.395339
0.125  -0.335925
0.09375  -0.336695
0.0625  -0.359125
0.1875  -0.203739
0  -0.383673
-0.1875  -0.30201
-0.0625  -0.259569
0  -0.267449
0.15625  -0.409977
-0.1875  -0.281905
0  -0.161064
0  -0.362749
-0.09375  -0.458579
0  -0.43922
-0.03125  -0.291441
-0.25  -0.410927
-0.28125  -0.372156
0.125  -0.547803
0.03125  -0.261505
-0.0625  -0.0983024
-0.09375  -0.249897
-0.09375  -0.328633
0.125  -0.469062
0.125  -0.495867
0.1875  -0.49741
0.09375  -0.218916
0  -0.512303
0.03125  -0.283326
0.09375  -0.301852
0  -0.364643
0.0625  -0.739733
0.15625  -0.37159
-0.09375  -0.430153
0.25  -0.327334
0  -0.403457
-0.125  -0.220576
0.03125  -0.177942
-0.0625  -0.21877
0.03125  -0.531431
-0.0625  -0.307689
-0.25  -0.166061
-0.03125  -0.091375
-0.125  -0.293314
0.125  -0.297331
-0.15625  -0.0797476
0.125  -0.38682
0.125  -0.253276
-0.125  -0.192683
-0.21875  -0.166976
-0.125  -0.0374552
0.125  -0.365561
0.09375  -0.307003
-0.125  -0.361238
0.0625  -0.320274
-0.09375  -0.480432
-0.0625  0.0216464
0.0625  -0.368441
-0.1875  -0.226059
0.125  -0.56491
0.03125  -0.177056
-0.0625  -0.229128
-0.0625  -0.377909
-0.1875  -0.556553
0.28125  -0.273029
0.03125  -0.206322
0.25  -0.234671
0  -0.379147
-0.0625  -0.185728
-0.125  -0.443591
-0.09375  -0.466514
0.3125  -0.345343
0.09375  -0.377582
0.3125  -0.430641
0.09375  -0.137954
0.0625  -0.426753
0.125  -0.442714
0.09375  -0.37562
0.03125  -0.353529
-0.1875  -0.384553
0.09375  -0.461483
0.0625  -0.430521
-0.09375  -0.268166
-0.125  -0.465917
0.0625  -0.176606
-0.21875  -0.227405
0.15625  -0.344492
-0.15625  -0.36475
0.03125  -0.497697
-0.03125  -0.198942
-0.03125  -0.242556
0.09375  -0.304802
0.0625  -0.0670985
-0.09375  -0.173605
0.15625  -0.260497
0.0625  -0.285583
0.03125  -0.0371774
-0.03125  -0.336911
-0.25  -0.279274
0.09375  -0.479463
-0.09375  -0.278359
-0.15625  -0.212563
-0.09375  -0.208603
-0.34375  -0.253868
-0.03125  -0.183816
-0.15625  -0.207791
0.03125  -0.286145
-0.0625  -0.299572
0.03125  -0.288078
-0.25  -0.181155
0  -0.237937
-0.15625  -0.269039
-0.125  -0.236222
0.09375  -0.379258
-0.09375  -0.302643
-0.03125  -0.416116
0.125  -0.300837
0.125  -0.318843
0.0625  -0.283189
-0.40625  -0.473155
-0.0625  -0.213049
0.03125  -0.3252
0.15625  -0.314526
0.28125  -0.224332
-0.25  -0.162445
0.09375  -0.274507
0.25  -0.246474
-0.03125  -0.455067
0.15625  -0.117718
0.125  -0.27516
0.0625  -0.265402
-0.125  -0.214323
0.0625  -0.44446
0.09375  -0.294404
0.03125  -0.443996
0.125  -0.276128
0.125  -0.474414
-0.09375  -0.22681
-0.25  -0.4049
-0.25  -0.278011
0.03125  -0.4672
0.03125  -0.542175
-0.1875  -0.25099
0.1875  -0.191835
-0.125  -0.283966
-0.125  -0.38472
0.0625  -0.361362
-0.15625  -0.258329
-0.09375  -0.369009
-0.03125  -0.411806
0.03125  -0.406996
-0.125  -0.307456
-0.03125  -0.374569
-0.125  -0.125203
0  -0.378318
-0.03125  -0.301255
-0.09375  -0.380106
0.0625  -0.317953
0.03125  -0.329974
0.125  -0.330527
0.125  -0.449211
0.28125  -0.280064
0.15625  -0.531369
-0.0625  -0.311173
-0.09375  -0.185119
-0.34375  -0.376096
0.125  -0.431972
-0.09375  -0.291363
-0.15625  -0.354337
0  -0.387547
-0.21875  -0.282616
0.0625  -0.371645
-0.0625  -0.321667
0.0625  -0.352071
0.03125  -0.308635
0.03125  -0.464877
0.03125  -0.472139
0.125  -0.328272
-0.21875  -0.174507
0.03125  -0.502823
-0.09375  -0.351419
-0.125  -0.38953
0.03125  -0.300355
0.09375  -0.480451
-0.15625  -0.373268
0.09375  -0.207724
-0.125  -0.476717
0.15625  -0.415457
0.15625  -0.339913
0  -0.381855
-0.125  -0.137851
0.3125  -0.300653
0.09375  -0.252692
0.125  -0.511271
-0.1875  -0.35659
-0.09375  -0.459395
-0.09375  -0.436062
0  -0.276613
-0.03125  -0.0939374
0.125  -0.389932
-0.09375  -0.275444
0.03125  -0.401151
-0.09375  -0.340105
0.09375  -0.0937456
-0.03125  -0.51153
0.15625  -0.255946
-0.09375  -0.247351
0.09375  -0.25461
-0.125  -0.16733
-0.21875  -0.268675
0.15625  -0.257984
0.09375  -0.35898
0.09375  -0.210031
0.25  -0.254953
-0.125  -0.304718
0.15625  -0.255281
0.21875  -0.228076
0  -0.397664
0.0625  -0.152392
0  -0.417748
-0.03125  -0.493512
0.03125  -0.357356
0.09375  -0.24447
0.1875  -0.358831
0.34375  -0.274774
0.0625  -0.403594
-0.0625  -0.420321
-0.15625  -0.316518
0.125  -0.204124
-0.09375  -0.265662
0.15625  -0.47235
-0.09375  -0.200459
0.25  -0.328017
-0.15625  -0.216349
0.1875  -0.484249
0.125  -0.330674
0.15625  -0.468648
-0.0625  -0.280958
-0.0625  -0.366036
0.125  -0.517981
0.125  -0.506164
-0.28125  -0.0060233
0.0625  -0.320362
-0.03125  -0.228588
-0.09375  -0.29072
-0.1875  -0.335256
-0.0625  -0.374736
0.03125  -0.463646
0  -0.360966
0  -0.26844
0.1875  -0.325421
-0.25  -0.25283
0.1875  -0.390537
0.15625  -0.374172
0.03125  -0.417507
0.03125  -0.379247
0.15625  -0.214718
0.03125  -0.53216
-0.0625  -0.281874
-0.09375  -0.315135
-0.03125  -0.430357
-0.125  -0.2347
0.1875  -0.374253
0.0625  -0.398643
0.03125  -0.108173
-0.15625  -0.255553
0.09375  -0.083274
0.125  -0.479735
-0.0625  -0.276789
0.0625  -0.380906
0.1875  -0.26218
0.09375  -0.18613
-0.0625  -0.548527
-0.34375  -0.138372
0.125  -0.427643
-0.1875  -0.200896
0.03125  -0.38876
-0.0625  -0.387997
0.09375  -0.432028
-0.09375  -0.241935
-0.125  -0.532467
0.28125  -0.211538
0.09375  -0.296195
0.15625  -0.379594
-0.09375  -0.138737
0.0625  -0.293371
-0.0625  -0.0292688
0.21875  -0.205898
-0.09375  -0.324486
-0.03125  -0.455608
-0.0625  -0.303122
0.15625  -0.269272
0.125  -0.38854
0.1875  -0.196475
-0.125  -0.292911
0.0625  -0.357449
-0.15625  -0.432151
-0.0625  -0.323089
-0.15625  -0.157677
0.03125  -0.305417
0.0625  -0.36238
0  -0.313041
0.03125  -0.147631
0.09375  -0.583833
0.3125  -0.227758
-0.03125  -0.480046
-0.0625  -0.381375
0  -0.226429
-0.1875  -0.421779
-0.15625  -0.258647
-0.09375  -0.543181
0.03125  -0.276834
0.03125  -0.351335
0.125  -0.324275
0.15625  -0.299861
0.1875  -0.209608
0.03125  0.0276928
0.03125  -0.390327
-0.125  -0.132626
-0.21875  -0.268935
0.09375  -0.37116
-0.1875  -0.388194
0.125  -0.168547
0  -0.285493
0.125  -0.448376
0.15625  -0.498117
-0.0625  -0.229705
-0.0625  -0.477908
0.03125  -0.325451
-0.1875  -0.341973
0.03125  -0.195699
0.03125  -0.142606
0  -0.394993
-0.15625  -0.207443
0.125  -0.371987
0.15625  -0.34011
0.28125  -0.183264
0.15625  -0.337267
-0.09375  -0.363202
0.28125  -0.362107
0.15625  -0.0216888
0.375  -0.534419
0.09375  -0.282466
0.1875  -0.431275
-0.15625  -0.40381
0.28125  -0.322816
0.0625  -0.251524
-0.21875  -0.125461
-0.03125  -0.398697
-0.1875  -0.513593
-0.09375  -0.279193
-0.1875  -0.364536
0.09375  -0.42121
0.0625  -0.342094
0  -0.324047
-0.1875  -0.359611
-0.125  -0.677866
-0.15625  -0.213789
0.03125  -0.369196
-0.09375  -0.378572
0.03125  -0.0997487
0.03125  -0.188554
-0.0625  -0.366474
0.15625  -0.289215
-0.28125  -0.290198
0.125  -0.391298
0.125  -0.179229
-0.25  -0.265181
0.15625  -0.188267
0.0625  -0.395281
-0.03125  -0.224604
0.0625  -0.505056
0.03125  -0.350586
-0.25  -0.350987
0.1875  -0.526456
0.09375  -0.102213
-0.25  -0.433096
0.09375  -0.137423
-0.125  -0.211473
-0.25  -0.561429
-0.15625  -0.265359
-0.15625  -0.327275
-0.125  -0.359939
-0.1875  -0.327575
0.1875  -0.327392
0.03125  -0.385105
0  -0.402419
0.09375  -0.524072
0.21875  -0.335697
-0.125  -0.323988
0.1875  -0.360299
0  -0.417148
0.0625  -0.330141
-0.09375  -0.556179
0.21875  -0.316284
0.0625  -0.350021
0.15625  -0.209463
0  -0.300722
0.0625  -0.302533
-0.09375  -0.329343
0.15625  -0.324487
0.125  -0.2734
-0.09375  -0.0824476
-0.3125  -0.311533
0.15625  -0.161131
0.09375  -0.209495
0.09375  -0.278492
-0.125  -0.340068
-0.1875  -0.258578
0.03125  -0.417496
-0.25  -0.315223
-0.09375  -0.245482
0.0625  -0.346129
0.1875  -0.368957
0.15625  -0.371906
-0.0625  -0.390726
-0.0625  -0.470907
0  -0.390086
0.0625  -0.15017
-0.09375  -0.344718
-0.03125  -0.439862
0.09375  -0.416562
0.125  -0.519052
-0.1875  -0.415131
0.1875  -0.31299
0  -0.321053
0  -0.351669
-0.09375  -0.51895
-0.03125  -0.550392
0.09375  -0.402256
0.03125  -0.380972
-0.125  -0.185954
0.21875  -0.188009
-0.0625  -0.252937
0.125  -0.459478
0.34375  -0.40606
0.03125  -0.463859
-0.125  -0.384794
0  -0.335075
0.25  -0.39784
-0.125  -0.369261
0.09375  -0.278273
0.0625  -0.143675
0.15625  -0.437447
0.0625  -0.17361
-0.5  -0.427424
0.125  -0.22561
-0.1875  -0.401763
0  -0.384067
0.125  -0.339271
0.21875  -0.309899
-0.0625  -0.388449
0.125  -0.142947
0.25  -0.256822
-0.0625  -0.247666
-0.1875  -0.403374
0.09375  -0.280442
0.15625  -0.191843
0.125  -0.331698
0.15625  -0.515032
-0.03125  -0.267922
0.15625  -0.535188
-0.03125  -0.35278
0.15625  -0.504441
-0.03125  -0.385707
0.03125  -0.14005
0.09375  -0.111856
-0.03125  -0.274117
0.15625  -0.448186
0.3125  -0.391598
-0.125  -0.310179
0.25  -0.466878
0.15625  -0.28133
-0.15625  -0.306969
0.03125  -0.551413
-0.125  -0.279294
-0.125  -0.313943
-0.125  -0.372169
0.03125  -0.232502
0.25  -0.437199
0.0625  -0.230791
-0.03125  -0.191168
-0.15625  -0.433146
0.15625  -0.396336
-0.25  -0.299683
0.15625  -0.334249
0.1875  -0.29804
0  -0.390465
0.53125  -0.198504
-0.125  -0.277157
-0.03125  -0.194401
-0.125  -0.457792
0.1875  -0.367309
0.0625  -0.355809
0.0625  -0.487422
-0.0625  -0.47851
-0.09375  -0.326435
-0.0625  -0.456233
0.15625  -0.409512
0  -0.381553
0.0625  -0.362749
-0.03125  -0.516838
0.09375  -0.411753
-0.0625  -0.382549
0.0625  -0.27962
0.03125  -0.263162
-0.1875  -0.268581
-0.125  -0.305206
-0.03125  -0.399165
-0.0625  -0.171781
-0.15625  -0.0539187
-0.28125  -0.447827
-0.03125  -0.309289
0.03125  -0.334214
0  -0.392931
-0.0625  -0.416601
0.03125  -0.188362
-0.15625  -0.432704
0.09375  -0.322524
-0.28125  -0.369597
0  -0.199596
0.125  -0.465334
-0.15625  -0.416327
-0.03125  -0.213038
0.3125  -0.509063
0  -0.375652
0  -0.394842
0.125  -0.232753
-0.25  -0.442202
-0.15625  -0.30199
-0.03125  -0.256601
0.09375  -0.324188
0.1875  -0.125576
0  -0.328234
0.03125  -0.342601
-0.125  -0.220883
0  -0.207989
-0.125  -0.291844
0  -0.284825
-0.03125  -0.366033
0.125  -0.311724
-0.03125  -0.357574
-0.0625  -0.454954
0.0625  -0.285325
0.15625  -0.429039
0.03125  -0.427634
0.0625  -0.414823
-0.03125  -0.346226
0.125  -0.327752
0  -0.367835
0.09375  -0.22594
0.28125  -0.202487
0.09375  -0.282377
0.125  -0.401668
-0.15625  -0.0891393
-0.03125  -0.476508
-0.09375  -0.491154
0.09375  -0.463294
0.09375  -0.362714
0.0625  -0.145171
0.15625  -0.308699
0.03125  -0.306749
0.125  -0.182013
0.15625  -0.536174
0.125  -0.122358
-0.09375  -0.0753855
-0.09375  -0.213352
0.1875  -0.274019
0.03125  -0.380916
-0.125  -0.465085
0.15625  -0.240665
0.125  -0.305989
0  -0.463868
-0.09375  -0.269169
-0.125  -0.504501
0  -0.319755
0.125  -0.290075
0.09375  -0.345766
0.03125  -0.386363
0.03125  -0.263287
0.21875  -0.25648
0.03125  -0.187711
-0.09375  -0.364253
0.21875  -0.332172
-0.15625  -0.440392
0.03125  -0.321585
-0.15625  -0.331705
0  -0.207495
-0.03125  -0.427349
0.1875  -0.265475
0.21875  -0.266134
-0.28125  -0.429292
-0.0625  -0.335668
0.03125  -0.311725
-0.1875  -0.369382
-0.21875  -0.196551
0.0625  -0.293752
-0.0625  -0.434291
-0.125  -0.386651
0.1875  -0.0382174
0.15625  -0.299185
0.0625  -0.303063
0.09375  -0.417527
0.0625  -0.334413
0  -0.30775
-0.15625  -0.15571
-0.21875  -0.0267746
0  -0.101459
-0.125  -0.247406
-0.125  -0.176098
0.34375  0.109638
-0.15625  -0.0847887
-0.0625  -0.333285
0.15625  -0.490109
0.0625  -0.492919
-0.125  -0.295276
0.125  -0.323738
-0.0625  -0.0307136
-0.15625  -0.403042
-0.125  -0.190361
0.03125  -0.53123
-0.09375  -0.231455
-0.0625  -0.464751
-0.15625  -0.235288
0.1875  -0.174634
-0.21875  -0.341415
-0.28125  -0.403005
-0.03125  -0.2677
0.03125  -0.354449
-0.21875  -0.559483
-0.09375  -0.358616
-0.09375  -0.447734
0.03125  -0.452614
0.09375  -0.128213
0.0625  -0.479861
0.0625  -0.341318
-0.03125  -0.501242
-0.0625  -0.251625
0.1875  -0.00537633
0.03125  -0.101893
0.03125  -0.460003
0.09375  -0.105635
-0.15625  -0.187228
0.0625  -0.545154
0  -0.174373
0.15625  -0.32993
0.125  -0.387016
0.1875  -0.353085
-0.03125  -0.45955
-0.09375  -0.123566
0.0625  -0.352207
-0.125  -0.248166
0.3125  -0.378051
-0.1875  -0.183957
-0.15625  -0.291694
-0.0625  -0.4662
-0.03125  -0.329559
-0.125  -0.39077
-0.0625  -0.426765
0  -0.178624
-0.09375  -0.309584
0.125  -0.438429
-0.1875  -0.145454
-0.09375  -0.402947
0.125  -0.295668
-0.1875  -0.507089
0.0625  -0.145782
-0.125  -0.310912
0.15625  -0.314102
0.03125  -0.389572
0  -0.544701
0.15625  -0.15295
0.09375  -0.366681
-0.09375  -0.375898
-0.09375  -0.0812578
0.125  -0.352225
0.15625  -0.146274
0.21875  -0.030714
-0.28125  -0.441372
0.09375  -0.154785
-0.09375  -0.437505
0.0625  -0.125586
-0.03125  -0.0784379
0.03125  -0.417833
0.1875  -0.295484
-0.09375  -0.35612
-0.0625  -0.209457
-0.0625  -0.284298
0  -0.33739
0.03125  -0.385094
0.21875  -0.453303
-0.09375  -0.357462
0.1875  -0.387905
0  -0.146538
0.28125  -0.56251
0.09375  -0.500266
0.09375  -0.353045
-0.03125  -0.2978
0.125  -0.242358
0.125  -0.228315
0.09375  -0.442513
0.03125  -0.180117
0.15625  -0.284051
0.03125  -0.539179
-0.15625  -0.407446
-0.03125  -0.0578963
0.15625  -0.327943
0.03125  -0.298598
0  -0.333158
-0.09375  -0.419024
0.09375  -0.294699
0.03125  -0.414749
0.25  -0.406997
0.15625  -0.127814
0.09375  -0.243237
0.15625  -0.378656
0.03125  -0.242938
0  -0.53327
0.03125  -0.26963
0.15625  -0.154107
0.21875  -0.507051
-0.09375  -0.327758
-0.03125  -0.375969
-0.125  -0.308032
0.0625  -0.476703
-0.1875  -0.471904
-0.03125  -0.379921
0.0625  -0.335443
0.03125  -0.259126
0.0625  -0.403071
0.125  -0.503416
0.0625  -0.185374
0.125  -0.45219
0.0625  -0.290066
-0.0625  -0.104922
-0.15625  -0.434718
0  -0.360138
0  -0.227849
0.03125  -0.171206
0.03125  -0.216602
0.125  -0.347674
-0.03125  0.0377733
0.125  -0.371973
-0.0625  -0.379364
-0.1875  -0.401507
0  -0.245833
0.15625  -0.192971
0.15625  -0.288299
0.15625  -0.362163
0.21875  -0.466456
-0.125  -0.385525
-0.03125  -0.380375
-0.09375  -0.411136
0.0625  -0.398449
-0.15625  -0.212375
0  -0.264605
-0.03125  -0.259351
0.03125  -0.238468
0.15625  -0.498539
-0.0625  -0.182892
-0.1875  -0.212078
0.09375  -0.359702
0.09375  -0.239838
0.3125  -0.18583
-0.375  -0.325011
-0.125  -0.296306
0  -0.306247
-0.125  -0.309227
0.09375  -0.520722
-0.03125  -0.263668
0.1875  -0.326523
-0.0625  -0.28176
-0.0625  -0.291087
-0.21875  -0.415517
0  -0.287448
0.09375  -0.242098
0.03125  -0.4419
0.0625  -0.271264
0.28125  -0.221629
-0.1875  -0.328156
0.1875  -0.329091
0.21875  -0.318442
0.0625  -0.195015
0.1875  -0.42612
-0.09375  -0.25788
-0.0625  -0.321027
-0.15625  -0.438803
-0.03125  -0.175193
0.3125  -0.19961
0.03125  -0.238937
0  -0.268543
0.0625  -0.263831
-0.125  -0.0575947
0.125  -0.320843
-0.125  -0.445025
0.09375  -0.350267
-0.25  -0.352083
0.21875  -0.462039
0.0625  -0.40171
-0.21875  -0.294152
0.03125  -0.145444
-0.15625  -0.24589
0.125  -0.416484
0  -0.327258
-0.09375  -0.271368
0.125  -0.3651
0.15625  -0.275975
0  -0.409904
-0.0625  -0.329853
0  -0.367205
0.1875  -0.471734
-0.1875  -0.373745
-0.28125  -0.337306
0.03125  -0.215311
-0.28125  -0.182633
0.03125  -0.410177
-0.0625  -0.313238
0.15625  -0.240376
-0.1875  -0.281537
-0.09375  -0.252152
0.03125  -0.148341
-0.03125  -0.325964
-0.03125  -0.37896
0.15625  -0.211024
-0.125  -0.26236
-0.0625  -0.352623
0  -0.265676
0.15625  -0.188643
0.0625  -0.437217
0.0625  -0.475808
0  -0.266513
0  -0.302175
-0.0625  -0.295378
-0.03125  -0.401344
0.09375  -0.248304
0.03125  -0.308961
0.03125  -0.26897
-0.09375  -0.292625
0.03125  -0.254866
0  -0.182794
-0.03125  -0.255604
-0.03125  -0.434102
-0.0625  -0.357422
-0.0625  -0.390687
-0.0625  -0.278711
0.15625  -0.3076
0.34375  -0.347092
0.1875  -0.403875
-0.1875  -0.441976
0.0625  -0.55791
-0.15625  -0.488702
0.125  -0.276117
-0.125  -0.305453
-0.0625  -0.392948
-0.09375  -0.266718
-0.09375  -0.332777
-0.09375  -0.591991
-0.09375  -0.457297
0  -0.248344
0.0625  -0.449873
0.0625  -0.424248
0.09375  -0.21052
-0.21875  -0.336367
-0.0625  -0.487158
0.15625  -0.200396
-0.125  -0.257737
0.03125  -0.36862
0.0625  -0.206326
0.25  -0.265759
-0.125  -0.31026
0.03125  -0.450814
0.09375  -0.389851
0.125  -0.196523
0.0625  -0.38868
-0.1875  -0.229656
0.03125  -0.366271
-0.03125  -0.424149
0.375  -0.37465
-0.21875  -0.422913
-0.34375  -0.135084
0.125  -0.338855
0.15625  -0.282958
0  -0.319093
0.125  -0.327962
0  -0.197036
0.0625  -0.377624
0  -0.435773
-0.125  -0.499341
-0.0625  -0.296721
0.0625  -0.214704
-0.0625  -0.363032
0.09375  -0.226136
-0.125  -0.388305
0.15625  -0.461759
-0.09375  -0.350956
-0.09375  -0.48768
-0.03125  -0.461959
0  -0.461921
-0.0625  -0.506064
-0.25  -0.447605
-0.09375  -0.336234
0.15625  -0.367334
0.25  -0.337326
0.28125  -0.275085
-0.0625  -0.312524
0.09375  -0.311325
-0.0625  -0.391733
0.09375  -0.297261
-0.09375  -0.451542
0  -0.264904
0.09375  -0.536735
0.0625  -0.319929
-0.0625  -0.31122
-0.21875  -0.271645
-0.25  -0.244743
-0.09375  -0.619321
-0.03125  -0.245983
0.03125  -0.209836
-0.0625  -0.400622
-0.1875  -0.621086
0.0625  -0.340265
0.21875  -0.346413
0  -0.234017
0.0625  -0.362901
0.03125  -0.417264
0.03125  -0.291779
0.03125  -0.309524
-0.125  -0.481657
-0.09375  -0.425213
-0.0625  -0.375229
0.0625  -0.443411
-0.1875  -0.350089
-0.03125  -0.542101
0  -0.212292
-0.125  -0.194689
-0.03125  -0.560881
-0.25  -0.306351
-0.1875  -0.41846
0.15625  -0.478761
0  -0.299613
-0.09375  -0.371038
0.0625  -0.322013
-0.03125  -0.3422
-0.09375  -0.215037
-0.15625  -0.327576
-0.125  -0.259099
0.03125  -0.494234
-0.03125  -0.096729
-0.0625  -0.338799
-0.0625  -0.256698
0  -0.221808
0.0625  -0.441866
-0.03125  -0.357808
-0.0625  -0.410177
0.09375  -0.343264
-0.28125  -0.578262
-0.125  -0.312272
-0.0625  -0.0508759
0.125  -0.441837
-0.15625  -0.333414
0  -0.225068
-0.28125  -0.361095
0  -0.237473
-0.15625  -0.479574
0.15625  -0.219678
0.0625  0.0290648
-0.15625  -0.184269
0  -0.217192
-0.1875  -0.453501
0.0625  -0.351241
0.125  -0.173871
-0.15625  -0.271381
0.03125  -0.277151
-0.03125  -0.303979
-0.09375  -0.0730317
-0.34375  -0.285139
0.09375  -0.443136
0.03125  -0.248281
0  -0.184549
0.28125  -0.362533
0.15625  -0.27167
-0.09375  -0.338338
-0.09375  -0.396026
-0.03125  0.118843
0.15625  -0.416663
0  -0.491829
-0.09375  -0.257436
0.0625  -0.303488
-0.0625  -0.594158
0.03125  -0.377067
0.125  -0.470705
-0.09375  -0.367995
0.15625  -0.332334
0.125  -0.356283
0.03125  -0.359337
0  -0.226179
0.03125  -0.368951
-0.0625  -0.158794
-0.09375  -0.184079
-0.09375  -0.565461
0.25  -0.371225
-0.0625  -0.280116
0  -0.239687
0.09375  -0.412368
0  -0.390389
0.3125  -0.402842
0.15625  -0.196907
0.0625  -0.172061
-0.0625  -0.39051
-0.03125  -0.121097
0.03125  -0.389719
-0.125  -0.196593
-0.1875  -0.35786
0.09375  -0.382061
-0.0625  -0.232171
-0.15625  -0.362691
0.0625  -0.120491
0  -0.10026
-0.03125  -0.587681
0  -0.0440093
-0.4375  -0.344921
-0.03125  -0.356315
0.21875  -0.25337
-0.03125  -0.282789
-0.1875  -0.339442
-0.09375  -0.258806
-0.0625  -0.342881
0  -0.28611
0.0625  -0.487954
-0.15625  -0.375695
0  -0.388428
0.15625  -0.307201
0.125  -0.507464
0.0625  -0.340856
0.1875  -0.163787
-0.1875  -0.148605
0.125  -0.108334
0  -0.161072
0.09375  -0.353635
-0.03125  -0.164149
0.03125  -0.309858
0.03125  -0.106692
0.125  -0.249724
0.125  -0.466092
-0.03125  -0.383948
0.03125  -0.322424
-0.1875  -0.296374
0.09375  -0.291098
-0.125  -0.463832
0  -0.271059
0.09375  -0.374592
-0.25  -0.353217
-0.0625  -0.468845
0  -0.00484373
0.1875  -0.181165
-0.03125  -0.270281
0.0625  -0.37678
0.125  -0.212509
-0.125  -0.388644
-0.15625  -0.368432
-0.09375  -0.526427
-0.125  -0.137419
0.0625  -0.315714
0.03125  -0.513537
-0.03125  -0.531306
0.03125  -0.450476
-0.0625  -0.421729
0.03125  -0.309067
-0.1875  -0.32545
-0.09375  -0.290652
-0.125  -0.505455
0  -0.485298
-0.03125  -0.490922
-0.15625  -0.146707
-0.125  -0.392938
0.15625  -0.156363
0.1875  -0.429485
0.125  -0.355051
-0.0625  -0.408472
0.03125  -0.164546
0.28125  -0.14609
-0.15625  -0.462664
-0.125  -0.280192
-0.03125  -0.183029
0.125  -0.37613
0.125  -0.19218
-0.15625  -0.515999
-0.09375  -0.202341
0.03125  -0.435129
0.125  -0.471229
0.25  -0.214801
0  -0.374277
0.03125  -0.295857
-0.03125  -0.522973
0  -0.626971
0  -0.3468
-0.03125  -0.472549
-0.25  -0.550549
0.15625  -0.413902
0.15625  -0.0907262
-0.125  -0.314382
0  -0.301044
-0.0625  -0.378466
-0.15625  -0.362291
0.0625  -0.13065
-0.09375  -0.337842
-0.25  -0.286406
0.0625  -0.354437
0.25  -0.358792
-0.125  -0.456252
0.0625  -0.33743
0.09375  -0.261108
-0.125  -0.249132
-0.03125  -0.536731
0.125  -0.203702
0.03125  -0.340182
-0.03125  -0.376741
0.0625  -0.448229
0.1875  -0.210192
0.1875  -0.221368
-0.15625  -0.408865
-0.0625  -0.308657
0.0625  -0.379935
0.09375  -0.334674
-0.125  -0.138824
0.09375  -0.325289
0.15625  -0.383393
-0.1875  -0.306361
-0.09375  -0.358838
-0.09375  -0.354942
-0.125  -0.325196
-0.0625  -0.224931
0.03125  -0.139936
-0.125  -0.42591
-0.0625  -0.32686
-0.28125  -0.380656
-0.25  -0.102137
0.125  -0.307377
-0.15625  -0.121685
-0.03125  -0.259425
0.03125  -0.30881
-0.03125  -0.140973
0  -0.258408
-0.125  -0.376762
-0.03125  -0.115855
0.21875  -0.268958
0.0625  -0.297962
-0.09375  -0.358964
0.15625  -0.320955
-0.125  -0.387201
0.0625  -0.396919
-0.03125  -0.447684
0.09375  -0.441687
-0.03125  -0.23033
0.0625  -0.538964
-0.09375  -0.247879
-0.03125  -0.33078
0  -0.451195
-0.125  -0.328797
0.09375  -0.13743
-0.09375  -0.42818
-0.03125  -0.299661
-0.125  -0.423884
0.09375  -0.399451
0.21875  -0.371382
0.0625  -0.386361
-0.3125  -0.28526
-0.0625  -0.141611
-0.3125  -0.279482
-0.03125  -0.362082
0.34375  -0.515645
-0.09375  -0.439896
-0.125  -0.286615
0.0625  -0.33356
-0.09375  -0.400409
0  -0.153364
-0.03125  -0.206581
0.21875  -0.508445
0.0625  -0.242627
0  -0.111636
0.03125  -0.370469
0.25  -0.319919
-0.25  -0.284425
0.1875  -0.376952
-0.28125  -0.338732
-0.0625  -0.455402
0  -0.280896
0.125  -0.288808
-0.15625  -0.453365
-0.15625  -0.30782
0.125  -0.396885
-0.0625  -0.410817
-0.15625  -0.39468
-0.09375  -0.35396
-0.0625  -0.369937
0.125  -0.185979
0.125  -0.25012
-0.15625  -0.49782
-0.125  -0.289608
0  -0.199553
-0.09375  -0.343709
-0.15625  -0.394092
0.15625  -0.48057
-0.0625  -0.239766
0  -0.301651
-0.0625  -0.294718
0  -0.383622
-0.25  -0.25989
-0.125  -0.334202
-0.0625  -0.187909
0.1875  -0.248085
-0.0625  -0.355716
0.125  -0.247987
0.1875  -0.464661
0.09375  -0.163018
0.09375  -0.327588
-0.0625  -0.339081
0.0625  -0.258948
-0.03125  -0.36637
0.0625  -0.15511
-0.125  -0.419551
0.09375  -0.331778
-0.40625  -0.331737
0.25  -0.392189
0.03125  -0.279585
0.21875  -0.387662
0.21875  -0.251023
0.1875  -0.373121
-0.09375  -0.383059
-0.09375  -0.516812
-0.03125  -0.369287
-0.0625  -0.448276
-0.25  -0.42179
0.03125  -0.259633
0  -0.388323
0.09375  -0.388614
-0.0625  -0.314183
0.09375  -0.237882
-0.0625  -0.340786
0.125  -0.153145
-0.0625  -0.440484
-0.125  -0.541943
0.125  -0.427368
-0.125  -0.364372
0  -0.383258
0.03125  -0.168587
-0.125  -0.429962
-0.03125  -0.215416
0.3125  -0.29206
0.25  -0.392964
-0.0625  -0.367304
-0.09375  -0.16443
-0.1875  -0.160507
-0.0625  -0.206778
-0.1875  -0.460396
0.03125  -0.338482
0  -0.472212
-0.25  -0.228696
0.3125  -0.22407
0.03125  -0.415031
0.15625  -0.219537
-0.125  -0.109272
-0.09375  -0.362453
-0.03125  -0.369322
-0.375  -0.456686
-0.0625  -0.356504
0  -0.0779494
-0.03125  -0.438044
0.25  -0.14595
0.03125  -0.30403
-0.0625  -0.2535
0.03125  -0.102136
-0.15625  -0.145042
0.0625  -0.421202
-0.03125  -0.343148
0.09375  -0.417598
0  -0.127591
-0.1875  -0.415068
0.0625  -0.466668
-0.15625  -0.435078
0.1875  -0.285567
0.34375  -0.22715
0.0625  -0.362167
0.09375  -0.358213
0.03125  -0.373564
0  -0.479636
-0.1875  -0.448403
0.03125  -0.262344
-0.03125  -0.124392
0.0625  -0.221502
0.125  -0.319056
0  -0.380171
0  -0.245248
-0.09375  -0.396064
-0.09375  -0.22845
-0.09375  -0.399103
0.15625  -0.319109
-0.03125  -0.362638
-0.125  -0.269648
0.09375  -0.372514
-0.03125  -0.469004
0.03125  -0.202315
-0.125  -0.320351
-0.15625  -0.343942
-0.09375  -0.160793
0.15625  -0.44339
0.1875  -0.293415
-0.03125  -0.291571
-0.03125  -0.463156
-0.03125  -0.264442
0  -0.49636
0.40625  -0.377015
0.3125  -0.179826
0.21875  -0.263686
0.03125  -0.236566
0.09375  -0.369239
0.125  -0.36647
-0.15625  -0.332702
-0.125  -0.278315
0.03125  -0.311679
0.03125  -0.346506
-0.03125  -0.257216
0.03125  -0.228067
0  -0.227416
0.0625  -0.257476
0  -0.39739
0.0625  -0.337002
-0.03125  -0.333172
-0.09375  -0.435311
0.125  -0.318884
0.03125  -0.290222
-0.09375  -0.236344
0.125  -0.225093
-0.09375  -0.493298
-0.0625  -0.210496
0.1875  -0.235846
-0.09375  -0.218218
0.1875  -0.244785
0  -0.395606
-0.0625  -0.118607
0.1875  -0.414799
-0.0625  -0.169922
0.03125  -0.434399
-0.125  -0.303013
0.0625  -0.607554
0  -0.255389
-0.03125  -0.183873
0  -0.250595
-0.3125  -0.125026
-0.09375  -0.252661
-0.03125  -0.288413
-0.03125  -0.297765
-0.03125  -0.22128
0.15625  -0.356779
-0.09375  -0.381786
0.25  -0.247014
0.21875  -0.297804
-0.15625  -0.37384
0.03125  -0.379602
0  -0.300245
-0.0625  -0.291068
-0.09375  -0.468783
0  -0.236228
0  -0.270944
0.1875  -0.171271
-0.125  -0.452776
-0.09375  -0.390301
0.125  -0.278241
-0.15625  -0.476443
-0.0625  -0.345435
0.21875  -0.38595
0.03125  -0.430191
-0.125  -0.103925
0.03125  -0.201361
-0.1875  -0.290524
-0.09375  -0.0796228
-0.25  -0.35335
-0.1875  -0.202417
-0.09375  -0.500778
0.03125  -0.382225
-0.0625  -0.392351
-0.0625  -0.308533
-0.1875  -0.298917
-0.09375  -0.254838
-0.3125  -0.10678
-0.0625  -0.404656
-0.3125  -0.583328
-0.28125  -0.325264
-0.21875  -0.451321
-0.0625  -0.317232
0.1875  -0.343937
-0.0625  -0.398014
0.1875  -0.389006
0.15625  -0.406455
-0.25  -0.595247
-0.125  -0.289129
-0.0625  -0.32916
0.0625  -0.246064
0.1875  -0.216741
-0.03125  -0.327813
-0.0625  -0.515312
0.03125  -0.379879
0.03125  -0.383012
-0.1875  -0.278534
-0.03125  -0.0447506
0.125  -0.383091
0.40625  -0.279585
-0.21875  -0.436562
0.125  -0.241206
0.0625  -0.28584
0.03125  -0.295725
0.125  -0.24625
-0.03125  -0.138218
0.15625  -0.274278
-0.09375  -0.123048
0.03125  -0.248537
0  0.0163413
0  -0.453465
0.09375  -0.327632
0.25  -0.273329
-0.0625  -0.247944
-0.21875  -0.360278
0.125  -0.0684429
0.125  -0.364663
-0.03125  -0.404423
-0.03125  -0.313416
-0.1875  0.0456347
0.03125  -0.320482
0.0625  -0.332429
0.09375  -0.506291
0.1875  -0.0815571
0  -0.282108
0.0625  -0.375387
-0.0625  -0.347689
-0.1875  -0.39413
-0.21875  -0.159089
-0.15625  -0.209823
0.03125  -0.260544
-0.125  -0.0837949
-0.03125  -0.160215
-0.0625  -0.256309
-0.15625  -0.22227
0.21875  -0.287847
0.28125  -0.382805
-0.03125  -0.342651
0.15625  -0.310672
0.03125  -0.317261
-0.09375  -0.352712
-0.03125  -0.253178
-0.09375  -0.399128
-0.03125  -0.572446
0.09375  -0.435084
-0.0625  -0.1943
0.03125  -0.160781
0.09375  -0.499047
0.125  -0.497311
0.03125  -0.0434549
-0.0625  -0.255857
0.03125  -0.270139
-0.125  -0.192999
-0.03125  -0.302182
-0.09375  -0.153696
0.34375  -0.255999
0.0625  -0.210236
-0.03125  -0.218387
-0.09375  -0.294637
0.0625  -0.374638
-0.125  -0.245381
0.15625  -0.294495
-0.03125  -0.155261
0.03125  -0.216359
0  -0.177928
-0.03125  -0.43557
0.25  -0.383463
-0.03125  -0.408226
0  -0.523901
-0.125  -0.343679
-0.03125  -0.196412
0  -0.276687
-0.125  -0.29444
0.09375  -0.39294
-0.0625  -0.358096
0.3125  -0.314066
0.0625  -0.371355
0.0625  -0.411207
-0.1875  -0.357344
-0.0625  -0.231384
-0.125  -0.399525
-0.09375  -0.263604
0.21875  -0.316102
-0.1875  -0.423104
0.03125  -0.152221
0.03125  -0.724741
-0.0625  -0.170355
0.0625  -0.47857
0.125  -0.346177
0.03125  -0.432427
-0.21875  -0.261166
0.03125  -0.236062
-0.125  -0.68923
0.03125  -0.410688
-0.03125  -0.298469
-0.125  -0.406547
-0.09375  -0.494256
0.1875  -0.431037
-0.125  -0.214828
0.0625  -0.404453
0.28125  -0.196388
-0.03125  -0.39615
0.0625  -0.288241
0.03125  -0.161737
0.09375  -0.273673
0.15625  -0.130483
-0.125  -0.417443
0.09375  -0.357971
0  -0.203805
-0.21875  -0.325097
0  -0.139782
-0.03125  -0.234486
-0.21875  -0.375228
0.09375  -0.458128
-0.125  -0.30955
-0.03125  -0.525256
-0.0625  -0.3123
0.15625  -0.442683
0.0625  -0.253212
0.09375  -0.125539
0.03125  -0.297954
0  -0.370282
0  -0.232364
-0.1875  -0.48556
0.1875  -0.288386
0.09375  -0.289295
-0.3125  -0.409366
-0.03125  -0.411614
-0.03125  -0.279327
0.125  -0.329463
0.09375  -0.314918
0.25  -0.336627
0  -0.275471
-0.3125  -0.190533
0.125  -0.184494
0  -0.311656
0.09375  -0.201957
-0.09375  -0.492032
0.25  -0.377494
-0.1875  -0.35101
-0.09375  -0.581949
0.125  -0.267173
-0.21875  -0.151685
0.03125  -0.430374
0.0625  -0.368786
-0.09375  -0.461946
-0.03125  -0.36551
0.25  -0.301815
-0.03125  -0.516682
0  -0.319009
-0.0625  -0.313989
0.125  -0.157963
0.0625  -0.29419
-0.0625  -0.347418
-0.03125  -0.252895
0  -0.344581
0.28125  -0.306924
-0.0625  -0.394138
-0.1875  -0.463702
-0.21875  -0.280304
0  -0.342322
-0.09375  -0.194353
0  -0.383602
-0.09375  -0.190959
0.0625  -0.264476
0.09375  -0.31379
0  -0.315627
-0.0625  -0.230623
-0.0625  -0.137828
0.0625  -0.481557
0.09375  -0.201826
0.03125  -0.445856
-0.09375  -0.400393
-0.125  -0.373324
0.1875  -0.278344
-0.03125  -0.521948
-0.0625  -0.471374
-0.0625  -0.421729
0.15625  -0.14148
-0.15625  -0.396799
-0.09375  -0.303654
-0.09375  -0.492801
-0.15625  -0.287625
-0.34375  -0.205039
0.03125  -0.384488
0.125  -0.343004
-0.0625  -0.210991
0.03125  -0.21052
-0.125  -0.447599
0.03125  -0.264477
0.125  -0.235425
0.0625  -0.160906
0  -0.193141
0.25  -0.282933
0.15625  -0.268231
0.1875  -0.42235
0.03125  -0.431003
-0.3125  -0.386353
0.0625  -0.431735
-0.03125  -0.412608
-0.09375  -0.406283
0.0625  -0.392052
0.09375  -0.115912
-0.03125  -0.0360223
0.125  -0.0919064
0.0625  -0.294873
0.1875  -0.502999
0.15625  -0.324472
0.0625  -0.197892
-0.125  -0.380831
0.09375  -0.378892
0  -0.401777
0.09375  -0.172397
-0.03125  -0.318205
-0.0625  -0.269626
0.0625  -0.324077
-0.03125  -0.317141
0.125  -0.37917
0.15625  -0.353879
-0.0625  -0.264316
0.21875  -0.152203
0.0625  -0.464601
0.03125  -0.297044
0.09375  -0.30557
-0.15625  -0.462681
0.1875  -0.365736
-0.0625  -0.249727
-0.0625  -0.331905
-0.1875  -0.353938
0  -0.373321
0.09375  -0.448326
-0.09375  -0.421802
0.0625  -0.373064
0.09375  -0.300711
-0.09375  -0.369282
0.03125  -0.395842
-0.0625  -0.300231
0.03125  -0.478522
-0.125  -0.198286
0  -0.564172
-0.0625  -0.343274
-0.03125  -0.447887
-0.125  -0.269462
0  -0.247341
0.0625  -0.281003
0  -0.493557
0.15625  -0.21467
-0.1875  -0.170851
0  -0.398699
0  -0.302933
-0.125  -0.191756
0.3125  -0.23092
-0.0625  -0.36625
0.28125  -0.293703
0.09375  -0.0673844
0.1875  -0.311243
0.1875  -0.214847
0.0625  -0.595963
0.09375  -0.170095
-0.0625  -0.28754
0.0625  -0.255776
0  -0.235443
0.0625  -0.278628
0  -0.247396
0.09375  -0.517042
-0.21875  -0.28005
-0.0625  -0.290002
0  -0.438122
0.25  -0.159559
0.03125  -0.274507
0.03125  -0.332381
-0.0625  -0.277839
0.1875  -0.348509
0.0625  -0.303195
0.125  -0.209018
-0.28125  -0.260227
-0.15625  -0.482188
0.03125  -0.251615
-0.09375  -0.326072
0.15625  -0.352149
-0.3125  -0.288936
0.0625  -0.270245
0.0625  -0.405523
-0.1875  -0.344604
0.09375  -0.195635
-0.125  -0.337368
0.15625  -0.414691
-0.21875  -0.279722
-0.09375  -0.489471
0.1875  -0.406126
0  -0.427687
0.125  -0.388081
0.0625  -0.379863
-0.1875  -0.296714
-0.03125  -0.174602
-0.03125  -0.600905
0.09375  -0.322485
-0.1875  -0.496078
0.1875  -0.319927
-0.09375  -0.393933
0.25  -0.395103
-0.1875  -0.462879
-0.28125  -0.215921
0.15625  -0.107574
0.09375  -0.299303
0  -0.340327
-0.09375  -0.237497
-0.15625  -0.328088
0.03125  -0.212143
0.0625  -0.128447
-0.0625  -0.0680762
0.09375  -0.40788
-0.1875  -0.438413
-0.28125  -0.345082
0  -0.319289
-0.15625  -0.273096
-0.25  -0.375392
0.0625  -0.536101
0.03125  -0.445097
-0.03125  -0.526379
0.0625  -0.406087
-0.0625  -0.410195
0.0625  -0.313362
-0.1875  -0.379308
0.03125  -0.250377
0.1875  -0.450601
0.25  -0.324693
0.15625  -0.335192
0.125  -0.386105
-0.15625  -0.272712
0.21875  -0.234825
0.25  -0.293927
0.125  -0.449266
0.15625  -0.30373
-0.03125  -0.281098
-0.03125  -0.56529
0.09375  -0.212846
0.21875  -0.306978
-0.1875  -0.391051
-0.03125  -0.312162
-0.03125  -0.308862
0.03125  -0.264377
-0.03125  -0.215336
0.125  -0.42303
0.09375  -0.157425
-0.0625  -0.232929
-0.03125  -0.478276
0.03125  -0.349154
-0.03125  -0.325104
0.1875  -0.283762
-0.03125  -0.294058
-0.0625  -0.42302
0.0625  -0.248847
-0.15625  -0.438712
-0.15625  -0.383708
0.15625  -0.404682
0.0625  -0.234892
-0.21875  -0.382392
-0.15625  -0.492072
0.125  -0.412142
-0.03125  -0.316633
-0.03125  -0.356983
0.03125  -0.374788
0.0625  -0.326595
0.09375  -0.358396
0.03125  -0.316815
-0.125  -0.309569
0.25  -0.305071
-0.15625  -0.419183
-0.15625  -0.213408
-0.125  -0.361118
0  -0.292732
-0.09375  -0.389772
0.1875  -0.323697
-0.15625  -0.427925
-0.0625  -0.112358
0.09375  -0.277796
0  -0.205987
0.03125  -0.236968
0  -0.511672
0.0625  -0.259721
-0.03125  -0.372122
0.28125  -0.369066
0.03125  -0.592822
0.125  -0.360204
0.1875  -0.142728
0.03125  -0.171955
0.125  -0.307614
0.125  -0.155843
-0.09375  -0.382986
-0.03125  -0.387526
0.03125  -0.365437
0.03125  -0.475784
0.09375  -0.534018
0.125  -0.321815
0.0625  -0.467763
-0.125  -0.458947
0.15625  -0.285652
-0.03125  -0.422529
0.34375  -0.0212235
-0.03125  -0.416141
-0.03125  -0.411479
0.09375  -0.444825
0.09375  -0.324293
-0.09375  -0.481632
0.03125  -0.316856
-0.25  -0.303864
0.40625  -0.251888
-0.09375  -0.226543
-0.03125  -0.566845
0.03125  -0.469745
0.0625  -0.344605
0.03125  -0.420988
0.03125  -0.353448
0.0625  -0.163862
-0.09375  -0.287928
0.09375  -0.295085
0.09375  -0.305293
-0.09375  -0.367066
-0.1875  -0.604185
-0.125  -0.331704
-0.125  -0.261381
0  -0.406314
-0.09375  -0.286153
0.03125  -0.0951545
0.28125  -0.291367
-0.09375  -0.302643
-0.15625  -0.256696
0  -0.222482
0.15625  -0.234276
0.0625  -0.352371
0.1875  -0.40792
0.09375  -0.535194
-0.15625  -0.0891483
-0.09375  -0.390199
-0.09375  -0.468374
0.1875  -0.446941
0.125  -0.445921
0.09375  -0.313697
0.09375  -0.299738
0.375  -0.337903
-0.21875  -0.145916
0.1875  -0.377391
0.03125  -0.29633
0.09375  -0.20282
-0.09375  -0.43112
0.0625  -0.394496
0.03125  -0.377655
0  -0.227351
-0.03125  -0.472441
0.15625  -0.393857
0.21875  -0.29578
-0.15625  -0.38735
0.0625  -0.52209
0.40625  -0.257246
-0.0625  -0.347253
-0.1875  -0.385996
0.15625  -0.369856
0.03125  -0.164373
0.125  -0.39355
0.0625  -0.466396
-0.09375  -0.222652
0.0625  -0.311469
0.25  -0.143163
-0.0625  -0.217127
-0.1875  -0.213882
-0.03125  -0.418866
0.0625  -0.213259
-0.21875  -0.311896
-0.125  -0.378878
0.125  -0.204416
0.09375  -0.120473
0.0625  -0.489358
0.1875  -0.289579
0.0625  -0.393139
0.03125  -0.312179
0.1875  -0.267688
0.125  -0.403675
0.125  -0.208142
0.15625  -0.460555
-0.1875  -0.410041
0.15625  -0.455193
-0.25  -0.251534
0.21875  -0.154406
0.09375  -0.309371
-0.21875  -0.318179
-0.09375  -0.322288
-0.3125  -0.326913
-0.03125  -0.498562
-0.09375  -0.231124
0  -0.281822
0  -0.379179
0.0625  -0.180928
0  -0.127508
-0.0625  -0.298374
-0.21875  -0.476586
0.1875  -0.524345
-0.03125  -0.187508
0.09375  -0.0857808
0.1875  -0.493303
-0.09375  -0.288181
0.1875  -0.59579
-0.0625  -0.287029
-0.1875  -0.504602
0.0625  -0.493239
0.125  -0.224927
0  -0.468284
-0.1875  -0.385592
-0.1875  -0.0223034
-0.03125  -0.408974
0.1875  -0.266099
0.21875  -0.0709495
-0.09375  -0.385782
0.09375  -0.232015
-0.15625  -0.377732
-0.09375  -0.365895
0.0625  -0.231119
0.1875  -0.223746
0  -0.436869
-0.0625  -0.195513
0.1875  -0.449824
0.125  -0.266755
0.09375  -0.336981
0  -0.227876
0.09375  -0.368332
0.09375  -0.419048
0.1875  -0.370746
-0.09375  -0.320285
0.03125  -0.167291
0.0625  -0.287257
0  -0.0881677
-0.125  -0.213222
-0.0625  -0.43655
0.15625  -0.325339
0  -0.362112
0.09375  -0.385452
0.0625  -0.42677
-0.21875  -0.167511
-0.09375  -0.441821
0.03125  -0.316457
-0.1875  -0.418651
0.0625  -0.338985
0.1875  -0.512924
-0.0625  -0.39405
0  -0.261064
-0.1875  -0.441323
0.15625  -0.495139
-0.1875  -0.345088
0.0625  -0.471722
-0.1875  -0.48262
0  -0.300267
-0.03125  -0.297658
-0.0625  -0.423023
0.125  -0.302403
-0.1875  -0.444593
-0.0625  -0.323763
-0.03125  -0.268121
0.03125  -0.251495
-0.15625  -0.317498
0.09375  -0.320545
-0.0625  -0.514307
0  -0.283078
-0.0625  -0.440337
0.15625  -0.462584
-0.125  -0.103438
0.03125  -0.342588
0.0625  -0.154595
0.09375  -0.309634
0.125  -0.408077
0.3125  -0.329787
0.15625  -0.174148
0.0625  -0.545424
-0.09375  -0.364892
-0.21875  -0.297845
-0.15625  -0.385363
-0.125  -0.240846
0.125  -0.469529
0  -0.249941
-0.0625  -0.405448
0.09375  -0.516006
-0.125  -0.395928
-0.0625  -0.423936
-0.15625  -0.323712
-0.125  -0.404948
0.0625  -0.328999
-0.0625  -0.417026
-0.09375  -0.172982
0.03125  -0.404722
0.09375  -0.242983
0.09375  -0.255166
0.03125  -0.381382
-0.0625  -0.484509
0.125  -0.219223
0.25  -0.482852
-0.15625  -0.44642
0  -0.206036
0  -0.353578
0.0625  -0.251346
-0.0625  -0.411272
-0.09375  -0.341255
-0.15625  -0.280321
0.0625  -0.300948
0.21875  -0.3222
0.15625  -0.334707
0.09375  -0.316657
-0.03125  -0.489772
-0.09375  -0.423705
-0.15625  -0.375275
-0.125  -0.199536
0.09375  -0.362794
0.125  -0.303069
-0.03125  -0.325807
0  -0.415924
-0.21875  -0.480204
-0.09375  -0.379873
0.09375  -0.265249
-0.0625  -0.239241
0.03125  -0.279774
0.25  -0.205349
-0.03125  -0.327923
-0.28125  -0.287856
0.25  -0.3351
-0.09375  -0.270945
-0.0625  -0.229003
0.125  -0.272585
0  -0.374887
0.09375  -0.319133
-0.15625  -0.41728
-0.34375  -0.490936
0.09375  -0.333317
0.21875  -0.263705
0  -0.480203
0.15625  -0.340528
0.0625  -0.406892
0.03125  -0.327012
-0.125  -0.194029
0.125  -0.360524
-0.0625  -0.382268
0.125  -0.152122
-0.09375  -0.458502
0.21875  -0.260888
0.03125  -0.455805
0.1875  -0.420168
-0.15625  -0.284543
0.15625  -0.24997
0.25  0.0373342
0.09375  -0.176431
-0.125  -0.42567
-0.03125  -0.326758
-0.125  -0.430256
-0.21875  -0.308906
-0.21875  -0.14679
0  -0.286909
0  -0.478059
-0.0625  -0.266039
0.21875  -0.20562
-0.09375  -0.255838
-0.03125  -0.477159
-0.0625  -0.239625
-0.28125  -0.24249
-0.15625  -0.43826
0.0625  -0.350814
-0.28125  -0.0956695
-0.15625  -0.455169
-0.15625  -0.468378
0.125  -0.319229
0.15625  -0.575677
-0.09375  -0.214497
0.15625  -0.357505
-0.09375  -0.18186
0  -0.291436
0.03125  -0.20104
-0.03125  -0.115355
0.09375  -0.212717
0.09375  -0.373168
-0.1875  -0.23717
-0.0625  -0.217178
-0.09375  -0.230771
-0.125  -0.229187
-0.0625  -0.204658
-0.03125  -0.299456
-0.0625  -0.276861
0  -0.181876
0.0625  -0.528962
0.03125  -0.353839
-0.03125  -0.298622
0.0625  -0.027589
-0.125  -0.275046
0.09375  -0.289795
-0.09375  -0.347451
0.0625  -0.061909
-0.1875  -0.322209
-0.0625  -0.176448
0.09375  -0.375989
-0.03125  -0.466238
0.15625  -0.223104
-0.03125  -0.392269
0.09375  -0.21753
-0.3125  -0.466781
-0.09375  -0.26978
0.15625  -0.0506679
-0.0625  -0.476709
0.15625  -0.203721
-0.0625  -0.516817
0.03125  -0.458915
-0.3125  -0.511747
-0.15625  -0.375472
-0.03125  -0.468361
0.1875  -0.332821
0.125  -0.371045
0.125  -0.473799
0.09375  -0.514359
0  -0.319171
-0.125  -0.400703
-0.40625  -0.250633
0.03125  -0.343309
0  -0.563207
-0.34375  -0.40979
-0.125  -0.461204
-0.1875  -0.322646
-0.0625  -0.21041
0.09375  -0.0801563
-0.125  -0.457761
0.1875  -0.24213
0.03125  -0.276832
0.09375  -0.349705
-0.25  -0.143337
-0.15625  -0.286649
-0.0625  -0.308201
-0.15625  -0.208703
-0.0625  -0.245535
-0.03125  -0.502015
-0.03125  -0.32221
0  -0.706325
-0.25  -0.263048
0.15625  -0.303179
0.03125  -0.234522
0.34375  -0.380577
0.09375  -0.309504
-0.4375  -0.402988
0  -0.409313
0.03125  -0.0772587
-0.03125  -0.434767
0.09375  -0.543142
0.09375  -0.526689
0.3125  -0.284693
-0.15625  -0.236316
-0.15625  -0.40834
-0.375  -0.280215
0.09375  -0.396238
0.0625  -0.297367
-0.03125  -0.254995
-0.0625  -0.2879
0.03125  -0.226015
-0.28125  -0.376434
0.09375  -0.209831
0  -0.330385
0.0625  -0.572448
0  -0.350895
-0.15625  -0.47005
0.03125  -0.265163
0  -0.354306
0.15625  -0.389227
-0.09375  -0.4159
-0.0625  -0.423569
-0.125  -0.347203
-0.15625  -0.45244
-0.0625  -0.22478
-0.09375  -0.35125
0.03125  -0.257033
-0.125  -0.172376
-0.03125  -0.284546
-0.0625  -0.157432
0.0625  -0.362348
0.0625  -0.552429
0.1875  -0.289574
-0.125  -0.200582
0.25  -0.303945
-0.15625  -0.359269
0.21875  -0.346456
-0.125  -0.426006
0  -0.320161
-0.03125  -0.250606
-0.0625  -0.364008
-0.0625  -0.249748
0  -0.201129
0  -0.237994
-0.15625  -0.397776
-0.125  -0.302527
0.15625  -0.253841
0.0625  -0.340915
-0.09375  -0.351364
-0.09375  -0.521077
0.09375  -0.108543
0.0625  -0.320895
0  -0.225537
0.1875  -0.254968
0.15625  -0.235166
0  -0.437217
-0.25  -0.440699
-0.21875  -0.213036
-0.03125  -0.171708
-0.1875  -0.212864
0  -0.34307
0.15625  -0.292802
0.03125  -0.0827058
0.125  -0.307236
0.0625  -0.357856
0.1875  -0.290877
0.28125  -0.417171
-0.1875  -0.211132
-0.0625  -0.603244
-0.0625  -0.433467
0.03125  -0.21498
-0.09375  -0.255538
0.21875  -0.522321
0.09375  -0.377226
-0.09375  -0.270414
-0.125  -0.257637
-0.03125  -0.25524
-0.03125  -0.419966
0.15625  -0.374143
-0.1875  -0.0868597
0.0625  -0.37966
0.3125  -0.314947
0.25  -0.485388
-0.03125  -0.454258
-0.0625  -0.386614
0  -0.491905
0.03125  -0.117825
-0.0625  -0.287574
-0.0625  -0.575623
-0.09375  -0.389259
-0.1875  -0.309708
0.0625  -0.385042
0.09375  -0.34138
0.125  -0.189916
0.09375  -0.249454
0.09375  -0.262935
0.03125  -0.333073
-0.09375  -0.166345
0.34375  -0.474184
0.03125  -0.345257
0.03125  -0.349122
0.125  -0.426235
0.15625  -0.501964
0.21875  -0.130738
-0.25  -0.256792
-0.0625  -0.241464
0.03125  -0.220896
0.1875  -0.103587
0  -0.240644
0.15625  -0.350617
0.03125  -0.262365
0.09375  -0.249557
-0.15625  -0.36926
0.03125  -0.151965
0.21875  0.00622513
0.09375  -0.285582
-0.09375  -0.235318
-0.21875  -0.416151
0.1875  -0.393353
-0.03125  -0.396847
-0.09375  -0.445219
-0.15625  -0.452663
0.125  -0.361037
0.21875  -0.387426
0.21875  -0.288352
0.1875  -0.298086
-0.09375  -0.273377
-0.15625  -0.216862
0.125  -0.0958517
-0.0625  -0.314527
0.09375  -0.0997971
0.125  -0.514287
0.09375  -0.319501
-0.125  -0.273571
-0.0625  -0.225341
0.15625  -0.359346
-0.25  -0.339445
0.15625  -0.460085
-0.03125  -0.381735
-0.1875  -0.406308
0.125  -0.202938
0.21875  -0.246828
0.125  -0.422376
-0.09375  -0.431051
-0.03125  -0.288066
-0.125  -0.310177
-0.125  -0.457684
-0.03125  -0.317838
0.03125  0.010972
0.125  -0.486699
-0.1875  -0.102725
-0.125  -0.372655
0.09375  -0.402257
0.0625  -0.2671
0.03125  -0.3634
0.09375  -0.0820522
0.15625  -0.29981
-0.03125  -0.430266
0.03125  -0.0785384
0.0625  -0.0917844
0.25  -0.301569
0.15625  -0.236901
0.03125  -0.237613
-0.125  -0.37459
0.25  -0.330345
-0.0625  -0.655856
0.125  -0.106736
0.15625  -0.378278
0.125  -0.382143
-0.28125  -0.293057
0.15625  -0.216873
0.09375  -0.153933
0.1875  -0.256272
-0.03125  -0.256297
0.1875  -0.290998
-0.15625  -0.322807
0.09375  -0.266496
-0.125  -0.434079
-0.03125  -0.371085
0.25  -0.240624
0.15625  -0.251868
-0.09375  -0.419161
0.25  -0.153005
0.0625  -0.364546
-0.03125  -0.352128
0.21875  -0.238743
-0.09375  -0.311867
-0.03125  -0.236811
0  -0.410603
0.0625  -0.434385
0  -0.264966
0.09375  -0.474152
-0.15625  -0.315605
0  -0.3716
0  -0.0479443
-0.25  -0.259936
0.25  -0.197227
-0.34375  -0.278911
-0.15625  -0.486052
-0.25  -0.454419
-0.03125  -0.409597
0  -0.375424
0.15625  -0.0207703
0  -0.339946
-0.15625  -0.193463
-0.125  -0.117217
0.0625  -0.320188
-0.125  -0.414619
0.09375  -0.255604
0.25  -0.468442
0.34375  -0.314218
0.03125  -0.375278
0.09375  -0.299944
0.09375  -0.476768
0.25  -0.375381
0  -0.261468
0.09375  -0.204074
0.1875  -0.36919
0.09375  -0.408802
-0.34375  -0.381528
0.03125  -0.344063
-0.0625  -0.272457
0.09375  -0.46554
-0.125  -0.47297
0.125  -0.211346
0.125  -0.504818
-0.21875  -0.28681
0.0625  -0.285006
0  -0.0305785
0.125  -0.313216
0.0625  -0.0760077
0.3125  -0.222197
-0.15625  -0.307664
0.09375  -0.112702
0.0625  -0.349853
-0.21875  -0.492455
-0.0625  -0.382871
-0.09375  -0.440972
0.09375  -0.257314
-0.0625  -0.409277
0.03125  -0.325281
-0.15625  -0.367052
0.0625  -0.275727
-0.09375  -0.238763
0.1875  -0.330846
-0.09375  -0.142525
0.15625  -0.349527
-0.09375  -0.234144
0.03125  -0.126269
-0.1875  -0.216223
-0.09375  -0.185803
-0.0625  -0.285566
0  -0.279143
-0.125  -0.716589
-0.03125  -0.390184
-0.03125  -0.409631
0.21875  -0.210144
-0.0625  -0.273797
0  -0.273373
-0.15625  -0.334275
0.03125  -0.420005
0.0625  -0.311093
0.03125  -0.30085
-0.03125  -0.130602
-0.09375  -0.252307
0.125  -0.140168
0.15625  -0.294581
-0.09375  -0.431286
-0.03125  -0.475713
0.09375  -0.387686
0.15625  -0.354563
-0.03125  -0.314585
0.0625  -0.386459
0.28125  -0.305373
-0.09375  -0.23181
-0.0625  -0.401952
-0.3125  -0.358267
-0.03125  -0.272758
0.03125  -0.312938
0.09375  -0.231877
0.03125  -0.298058
0.09375  -0.279289
0.125  -0.160162
-0.0625  -0.150062
0.09375  -0.432026
0  -0.428599
0  -0.212362
-0.1875  -0.050277
0.125  -0.283747
0  -0.258757
-0.0625  -0.203827
0.125  -0.34841
0.125  -0.117065
-0.09375  -0.303135
-0.09375  -0.150169
-0.09375  -0.285186
-0.09375  -0.482733
-0.1875  -0.251846
0.15625  -0.277996
-0.03125  -0.287983
0  -0.377203
-0.125  -0.383534
-0.03125  -0.377318
-0.03125  -0.371358
0  -0.409372
0.03125  -0.292872
-0.09375  -0.397009
-0.0625  -0.339241
0.15625  -0.306629
0.03125  -0.463909
0.15625  -0.324616
0.1875  -0.299809
0.0625  -0.306053
0.15625  -0.367508
0.21875  -0.148152
0.03125  -0.572385
-0.28125  -0.340254
0  -0.232796
-0.0625  -0.341784
-0.21875  -0.37747
-0.1875  -0.150807
-0.125  -0.385705
-0.03125  -0.359261
-0.21875  -0.247935
0.1875  -0.322949
0.0625  -0.0508924
0.03125  -0.535782
-0.0625  -0.379176
-0.1875  -0.121204
0.125  -0.217362
-0.0625  -0.372399
0  -0.273686
0.0625  -0.0606083
0  -0.277791
0  -0.200603
-0.0625  -0.222693
-0.1875  -0.154989
-0.0625  -0.28675
-0.09375  -0.355236
-0.28125  -0.308293
0.125  -0.405137
-0.34375  -0.310543
0  -0.316934
-0.25  -0.2105
-0.0625  -0.268503
-0.28125  -0.216422
0.0625  -0.423629
0.15625  -0.246347
-0.0625  -0.471348
0  -0.379977
-0.03125  -0.41295
0.03125  -0.332165
-0.09375  -0.248698
0.0625  -0.373331
-0.15625  -0.354224
-0.25  -0.359414
0.0625  -0.426331
0.0625  -0.519985
0  -0.0880984
0.03125  -0.167118
0.03125  -0.351324
-0.03125  -0.272966
0  -0.456709
0.0625  -0.322295
0.15625  -0.444364
0  -0.420923
-0.15625  -0.465583
0.3125  0.0216576
0.0625  -0.26368
0.1875  -0.178455
-0.15625  -0.266111
-0.09375  -0.347763
-0.09375  -0.43279
0.125  -0.421864
0.03125  -0.161555
-0.03125  -0.220412
-0.15625  -0.264614
-0.1875  -0.540873
0.125  -0.387887
0.03125  -0.50549
0.03125  -0.391001
0.03125  -0.379383
0.15625  -0.344821
-0.125  -0.177996
-0.03125  -0.308332
0.0625  -0.447109
0  -0.148077
0.09375  -0.411183
0  -0.327575
-0.09375  -0.319513
-0.21875  -0.174476
0  -0.275521
-0.03125  -0.46662
-0.15625  -0.177072
-0.25  -0.164412
-0.125  -0.2947
0.0625  -0.214289
0.0625  -0.1707
0.125  -0.123453
-0.1875  -0.196339
0.125  -0.468287
-0.1875  -0.310282
-0.1875  -0.411098
-0.0625  0.0179514
-0.1875  -0.364595
-0.125  -0.460786
0.03125  -0.343144
0.15625  -0.273327
-0.21875  -0.233727
-0.1875  -0.224925
0.1875  -0.474693
-0.03125  -0.446027
-0.125  -0.141834
-0.28125  -0.30044
-0.03125  -0.467191
-0.125  -0.4795
-0.0625  -0.137842
-0.15625  -0.322206
-0.25  -0.364785
0.1875  -0.413824
-0.09375  -0.284982
0.15625  -0.388218
0.15625  -0.316083
0.125  -0.253171
0  -0.210878
-0.0625  -0.260557
-0.09375  -0.30407
0.0625  -0.288368
0.0625  -0.406534
-0.28125  -0.306013
0  -0.30936
0.03125  -0.44673
0.09375  -0.46351
0.0625  -0.420328
-0.09375  -0.283896
0.28125  -0.409959
-0.09375  -0.455425
0.15625  -0.298868
0.0625  -0.325382
0.25  -0.50318
0.21875  -0.231404
0.28125  -0.325694
0.03125  -0.375889
-0.125  -0.510876
-0.125  -0.297966
-0.03125  -0.33687
0.09375  -0.320124
-0.1875  -0.139465
0.3125  -0.501677
0.0625  -0.303615
-0.03125  -0.583104
0.03125  -0.422695
-0.09375  -0.289341
0.09375  -0.301933
0.15625  -0.201444
0.15625  -0.288904
0.0625  -0.409429
-0.03125  -0.411312
0.09375  -0.361423
-0.03125  -0.289466
-0.125  -0.298716
0.125  -0.312227
0  -0.231312
-0.1875  -0.313846
-0.0625  -0.404212
-0.0625  -0.1838
0.0625  -0.402965
0.25  -0.305924
-0.0625  -0.296779
0  -0.291917
-0.15625  -0.232119
0.0625  -0.135379
0.03125  -0.0466598
-0.25  -0.296058
-0.1875  -0.511317
-0.0625  -0.386816
-0.03125  -0.272336
-0.03125  -0.304059
-0.0625  -0.181314
0.09375  -0.44484
0.03125  -0.376863
-0.125  -0.458036
0.15625  -0.441048
-0.03125  -0.23943
0  -0.318608
0.03125  -0.150467
0.21875  -0.389458
0.25  -0.252089
-0.0625  -0.356428
-0.1875  -0.422425
-0.03125  -0.203747
0  -0.291927
0.15625  -0.210076
-0.28125  -0.305087
0.0625  -0.292165
0.0625  -0.360642
-0.125  -0.377888
-0.21875  -0.204241
0.0625  -0.113497
-0.21875  -0.296781
-0.03125  -0.335699
0.125  -0.358057
-0.25  -0.475974
-0.0625  -0.211324
0  -0.506252
-0.21875  -0.390383
-0.21875  -0.415151
0.21875  -0.270567
0.375  -0.362382
0.0625  -0.498192
0.03125  -0.396456
0.125  -0.542899
0.15625  -0.300199
-0.15625  -0.298775
0.21875  -0.223269
0.09375  -0.376291
-0.1875  -0.367758
0.15625  -0.243289
0  -0.327694
0.28125  -0.308583
-0.0625  -0.394421
-0.03125  -0.349365
0.03125  -0.413439
0.125  -0.254452
0.125  -0.13743
-0.0625  -0.125583
0.15625  -0.414007
-0.09375  -0.318292
0.34375  -0.364606
0.03125  -0.404219
0.03125  -0.466612
-0.03125  -0.259403
0.0625  -0.347019
0.03125  -0.461115
0.21875  -0.378899
-0.03125  -0.432114
0.125  -0.422475
-0.15625  -0.411292
-0.09375  -0.459324
-0.03125  -0.433937
-0.03125  -0.166129
-0.09375  -0.293408
0.09375  -0.298076
-0.0625  -0.218129
0.125  -0.158053
0.21875  -0.179431
0.03125  -0.271465
-0.125  -0.33129
0.125  -0.558957
0  -0.439525
-0.21875  -0.217367
-0.09375  -0.419982
-0.15625  0.0167384
0.03125  -0.268976
0.0625  -0.391217
-0.21875  -0.301682
-0.0625  -0.218361
0.125  -0.31992
0.09375  -0.403034
-0.09375  -0.296918
-0.03125  -0.360927
0.09375  -0.519031
-0.09375  -0.356697
0.0625  -0.485958
-0.125  0.0194564
0.03125  -0.429398
0.09375  -0.357981
0.125  -0.471095
0.09375  -0.366477
0.09375  -0.336521
-0.0625  -0.183126
0.15625  -0.225502
0.09375  -0.382417
0.03125  -0.266934
0  -0.359511
0.125  -0.423754
0.09375  -0.347963
-0.03125  -0.152572
0.03125  -0.354782
-0.15625  -0.335767
0.1875  -0.42774
-0.03125  -0.387745
-0.1875  -0.191251
-0.09375  -0.186868
-0.125  -0.440322
-0.15625  -0.407024
-0.0625  -0.281129
0.09375  -0.092011
-0.125  -0.422301
-0.09375  -0.45243
0.0625  -0.37392
0  -0.447137
-0.03125  -0.30402
0.15625  -0.437444
-0.0625  -0.306133
0  -0.465287
-0.03125  -0.32345
-0.15625  -0.487141
0.09375  -0.182993
0.0625  -0.298354
0  -0.495784
0  -0.206306
0.125  -0.0835396
-0.09375  -0.18602
0  -0.423237
0.21875  -0.197104
-0.0625  -0.267101
0.21875  -0.653302
-0.03125  -0.457512
-0.28125  -0.370116
-0.09375  -0.24038
0.03125  -0.289189
0.125  -0.293021
-0.09375  -0.419683
-0.1875  -0.41567
0  -0.120163
0.0625  -0.226225
0.09375  -0.204134
0.21875  -0.371317
-0.03125  -0.193967
0.125  -0.280462
0.03125  -0.468304
0.0625  -0.338083
0.03125  -0.270595
0.03125  -0.0636613
0.125  -0.292209
0.125  -0.256213
-0.21875  -0.0912162
0.03125  -0.31529
0.15625  -0.139739
0  -0.532454
0  -0.101628
-0.125  -0.398939
0.09375  -0.267787
0.09375  0.0434239
-0.15625  -0.28992
-0.03125  -0.243475
0.0625  -0.46223
0.09375  -0.395644
0  -0.299112
0.25  -0.415446
-0.125  -0.323627
-0.0625  -0.366418
0.03125  -0.265613
-0.03125  -0.337969
0  -0.299499
-0.03125  -0.206446
0.15625  -0.376845
0  -0.522948
0.03125  -0.364278
0  -0.22811
-0.03125  -0.292066
-0.125  -0.240655
0.0625  -0.319783
0.0625  -0.457523
-0.15625  -0.304244
0  -0.32937
-0.09375  -0.399212
-0.1875  -0.331059
0.15625  -0.328129
0.03125  -0.358754
-0.15625  -0.425577
0.1875  -0.391712
0.03125  -0.296633
0  -0.223977
0.15625  -0.334991
0.09375  -0.344
0.0625  -0.187461
0.125  -0.130993
-0.28125  -0.348368
-0.25  -0.410932
0.09375  -0.255692
-0.15625  -0.292801
0.15625  -0.323545
0.09375  -0.244346
-0.15625  -0.456107
0.125  -0.388556
0.1875  -0.539968
-0.03125  -0.255085
-0.09375  -0.377035
0  -0.231839
0.0625  -0.463282
0.0625  -0.358143
-0.03125  -0.343109
0.1875  -0.153011
0.15625  -0.399959
-0.03125  -0.340798
-0.09375  -0.205229
-0.03125  -0.346437
0.125  -0.44541
-0.125  -0.280058
-0.125  -0.339361
-0.03125  -0.454705
0.0625  -0.436118
0.09375  -0.527715
0.03125  -0.305895
-0.03125  -0.281636
0.1875  -0.176215
0.09375  -0.129926
-0.125  -0.411474
0.15625  -0.269921
0.03125  -0.303902
-0.0625  -0.0520097
-0.03125  -0.467838
0.125  -0.415967
0.4375  -0.233728
0.1875  -0.417635
-0.03125  -0.47168
-0.1875  -0.314225
0.03125  -0.497478
0.03125  -0.312972
-0.03125  -0.489208
0  -0.329152
0.03125  -0.351753
0.03125  -0.345822
-0.28125  -0.341175
0.0625  -0.505225
0.03125  -0.233654
0.09375  -0.239783
-0.25  -0.0404443
-0.0625  -0.388764
0.1875  -0.299333
0.0625  -0.18783
0.09375  -0.322925
0.0625  -0.355865
0  -0.510747
-0.09375  -0.353338
-0.21875  -0.435404
-0.15625  -0.335224
0.09375  -0.126126
-0.125  -0.0975639
-0.03125  -0.0993634
-0.40625  -0.233146
0  -0.371571
-0.125  -0.30284
-0.25  -0.403766
-0.0625  -0.399078
-0.03125  -0.169282
-0.09375  -0.396358
0.0625  -0.0943607
-0.09375  -0.238164
0.03125  -0.445255
0.09375  -0.000346194
0.125  -0.320545
0.09375  -0.42618
-0.0625  -0.489442
-0.28125  -0.0640664
-0.15625  -0.362811
-0.0625  -0.54723
-0.09375  -0.277872
0  -0.258232
-0.15625  -0.441356
-0.09375  -0.371516
-0.03125  -0.457918
-0.03125  -0.268958
0  -0.266339
-0.25  -0.189506
-0.09375  -0.145372
0.0625  -0.489308
-0.09375  -0.285495
0.15625  -0.413884
-0.03125  -0.0997462
0.0625  -0.280108
0.09375  -0.363967
0.125  -0.324666
-0.0625  -0.482126
-0.0625  -0.272925
0.0625  -0.51873
-0.1875  -0.376747
0.0625  -0.188187
-0.09375  -0.146506
0.3125  -0.258682
0.1875  -0.422753
-0.09375  -0.379187
0.03125  -0.283315
0.0625  -0.221586
-0.09375  -0.285423
0  -0.311033
0.125  -0.331621
-0.1875  -0.312781
0.09375  -0.334012
0.125  -0.169657
0.1875  -0.502857
0.15625  -0.350832
0.125  -0.361804
0.03125  -0.148363
0.09375  -0.107271
0  -0.597693
-0.125  -0.25325
-0.0625  -0.131738
-0.09375  -0.068993
-0.1875  -0.098117
0.09375  -0.442058
0.03125  -0.328947
-0.03125  -0.550484
0  -0.257486
0.15625  -0.228691
-0.03125  -0.555505
-0.125  -0.208349
0.125  -0.449548
0.03125  -0.505831
0.125  -0.429919
-0.15625  -0.186418
0.03125  -0.282016
0  -0.238366
0.28125  -0.299932
0  -0.335254
0.125  -0.296952
-0.15625  -0.387708
0.03125  -0.238676
0.0625  -0.277929
-0.03125  -0.429606
0.0625  -0.172534
0  -0.137656
0.125  -0.283395
0.09375  -0.294489
0  -0.0966695
0.125  -0.268678
0.09375  -0.425423
0  -0.229973
0.125  -0.265812
-0.21875  -0.232329
0.0625  -0.510976
-0.09375  -0.411856
0.15625  -0.432838
-0.25  -0.36781
-0.15625  -0.25788
-0.09375  -0.317306
-0.09375  -0.148136
0.21875  -0.32049
-0.03125  -0.494909
-0.09375  -0.201172
0.0625  -0.376583
-0.09375  -0.267288
0  -0.335844
-0.125  -0.288692
-0.03125  -0.302869
-0.09375  -0.278289
0.125  -0.257052
0.125  -0.362231
-0.15625  -0.37884
-0.0625  -0.301926
0  -0.370532
0.15625  -0.490499
0.25  -0.351743
-0.1875  -0.324707
-0.09375  -0.531759
-0.03125  -0.328203
-0.0625  -0.380514
0.09375  -0.400146
0.0625  -0.294126
0.0625  -0.193358
0.125  -0.258295
-0.09375  -0.414324
-0.03125  -0.350796
0  -0.384635
-0.0625  -0.18171
0.15625  -0.133367
0.09375  -0.202056
-0.0625  -0.365554
-0.0625  -0.308495
0  -0.231785
-0.0625  -0.260183
0.0625  -0.306957
0.1875  -0.268606
0.3125  -0.26743
-0.15625  -0.157895
0.03125  -0.382405
0.0625  -0.279543
0.0625  -0.189656
-0.125  -0.267702
0.125  -0.360236
-0.125  -0.345292
-0.15625  -0.322606
0.03125  -0.202017
-0.03125  -0.320968
0.0625  -0.358782
-0.125  -0.380584
0.3125  -0.449498
0.0625  -0.499142
-0.21875  -0.331446
0.25  -0.142899
-0.125  -0.274963
0  -0.279468
-0.09375  -0.289684
0.09375  -0.417182
-0.125  -0.355433
0.15625  -0.135102
0  -0.172398
-0.09375  -0.224442
0.09375  -0.338406
0.09375  -0.365403
-0.03125  -0.348607
0.0625  -0.131595
-0.125  -0.38022
-0.21875  -0.285824
0.125  -0.295546
0.03125  -0.196544
-0.03125  -0.245427
-0.15625  -0.0670033
0.15625  -0.349307
-0.09375  -0.34454
0.28125  -0.365522
0  -0.533938
0  -0.250763
0.3125  -0.124511
0.25  -0.357804
0.1875  -0.233109
0.0625  -0.358152
-0.25  -0.359123
0  -0.275301
0.09375  -0.300737
-0.15625  -0.31067
0.0625  -0.224217
0.0625  -0.185383
0.09375  -0.185162
-0.15625  -0.303743
-0.09375  -0.308724
-0.03125  -0.555581
-0.09375  -0.407056
-0.125  -0.316649
-0.0625  -0.434468
0  -0.280459
0  -0.245348
-0.125  -0.323427
0.125  -0.294114
0.03125  -0.300889
-0.09375  -0.533815
-0.125  -0.381551
0.28125  -0.273783
-0.03125  0.00939054
-0.09375  -0.294402
-0.03125  -0.260873
-0.15625  -0.313689
0  -0.277192
0.1875  -0.40442
-0.03125  -0.34328
-0.03125  -0.10728
-0.0625  -0.527663
-0.0625  -0.466294
-0.0625  -0.381819
0.03125  -0.270203
0.03125  -0.320328
0.3125  -0.373992
-0.03125  -0.35773
-0.0625  -0.280646
0.0625  -0.340951
0.0625  -0.244271
0.03125  -0.428396
0.1875  -0.555244
0  -0.453942
-0.21875  -0.355076
-0.03125  -0.210338
-0.25  -0.0134063
0.0625  -0.00109652
0.09375  -0.412307
0  -0.332413
0.125  -0.299149
-0.09375  -0.211346
0.09375  -0.402521
0  -0.266298
-0.1875  -0.387847
0.25  -0.321663
0.21875  -0.39761
-0.0625  -0.361971
-0.03125  -0.267546
0.0625  -0.523751
-0.125  -0.270581
0.0625  -0.401343
-0.03125  -0.339956
-0.03125  -0.218286
-0.375  -0.308216
-0.15625  -0.34349
0.03125  -0.516756
-0.21875  -0.38502
-0.125  -0.192951
0  -0.19711
0.03125  -0.547023
-0.25  -0.296836
0.0625  -0.16483
0  -0.198428
-0.09375  -0.234288
0.125  -0.237509
0.125  -0.379958
0.1875  -0.339987
0.03125  -0.381504
-0.03125  -0.276728
-0.03125  -0.439332
0.15625  -0.353933
0.21875  -0.27151
-0.15625  -0.305756
0.1875  -0.393759
-0.0625  -0.595294
-0.03125  -0.215159
-0.03125  -0.308888
-0.125  -0.279498
0.21875  -0.586665
-0.15625  -0.440247
-0.0625  -0.394448
0.3125  -0.400381
0.1875  -0.356259
-0.25  -0.468593
0.03125  -0.353304
0.0625  -0.297117
0  -0.312601
0.09375  -0.0168384
-0.09375  -0.534068
-0.03125  -0.149398
0.125  -0.381368
-0.03125  -0.346856
0.1875  -0.438335
0  -0.531909
0.03125  -0.413462
0.25  -0.580989
0.03125  -0.423537
0.0625  -0.263616
-0.03125  -0.233023
0.0625  -0.2219
0.03125  -0.0456317
0.125  -0.464663
0.125  -0.113162
0.15625  -0.277792
0  -0.515873
0  -0.404027
0  -0.0503538
0.15625  -0.436132
0.15625  -0.423102
-0.1875  -0.485993
-0.125  -0.439958
0.0625  -0.175548
0.03125  -0.357877
0.09375  -0.452632
0.21875  -0.56808
0.03125  -0.259549
-0.03125  -0.0768012
-0.125  -0.189114
0.03125  -0.291561
-0.03125  -0.418026
0  -0.375312
0.125  -0.347297
0.03125  -0.33489
0  -0.445902
-0.0625  -0.421635
-0.15625  -0.399687
0.15625  -0.135063
-0.3125  -0.383865
0.03125  -0.356915
-0.34375  -0.296621
-0.1875  -0.408141
-0.0625  -0.0833236
0.03125  -0.12335
-0.09375  -0.50183
0.0625  -0.362542
0.09375  -0.285245
-0.125  -0.364186
0.21875  -0.184732
0.1875  -0.356018
-0.09375  -0.386597
0.09375  -0.410904
-0.125  -0.304923
0.09375  -0.351432
-0.09375  -0.0458557
-0.03125  -0.319737
0.0625  -0.325386
0.125  -0.260488
0.25  -0.456705
-0.0625  -0.449901
0  -0.401095
-0.03125  -0.262496
-0.03125  -0.423523
0.09375  -0.149967
0  -0.302741
0.0625  -0.397094
0  -0.266291
0.125  -0.337395
-0.0625  -0.361311
-0.03125  -0.231224
0.125  -0.328538
0.15625  -0.238472
-0.15625  -0.211726
-0.09375  -0.316943
-0.15625  -0.288162
0.03125  -0.409678
-0.21875  -0.32291
-0.09375  -0.359594
0.125  -0.27506
0.09375  -0.376467
-0.03125  -0.432148
0.03125  -0.20276
-0.03125  -0.499562
0.03125  -0.37478
0.09375  -0.331966
-0.125  -0.38788
-0.09375  -0.512749
0.15625  -0.325338
0.125  -0.0932165
-0.1875  -0.367793
-0.1875  -0.323192
-0.28125  -0.181711
-0.0625  -0.576085
0.0625  -0.256304
-0.03125  -0.353014
0.125  -0.23167
-0.03125  -0.265778
0  -0.485841
0.03125  -0.413713
0.1875  -0.34222
0.03125  -0.392013
0.09375  -0.549566
0  -0.370659
-0.03125  -0.223842
-0.21875  -0.31201
0.03125  -0.365359
-0.0625  -0.151133
-0.09375  -0.282099
0.03125  -0.462481
0.1875  -0.218723
0.0625  -0.313425
-0.21875  -0.389445
-0.09375  -0.281109
0.03125  -0.164367
-0.0625  -0.165318
0.21875  -0.412966
-0.15625  -0.319435
0.0625  -0.398298
0.09375  -0.571423
0.03125  -0.246901
0.03125  -0.324102
0.0625  -0.389058
0  -0.458799
-0.09375  -0.293845
-0.28125  -0.41885
-0.09375  -0.153425
0.125  -0.167004
0.1875  -0.39063
-0.15625  -0.116243
0  -0.423365
0.0625  -0.35336
0.0625  -0.137893
-0.0625  -0.247914
-0.25  -0.515192
-0.15625  -0.340821
0.15625  -0.179857
0.09375  -0.228063
-0.15625  -0.206127
0.03125  -0.11132
-0.09375  -0.30117
0.15625  -0.386911
-0.15625  -0.381114
-0.09375  -0.368273
-0.0625  -0.156786
-0.40625  0.0379575
0.09375  -0.34328
-0.15625  -0.395704
-0.1875  -0.296316
-0.09375  -0.313015
0  -0.415742
-0.0625  -0.334006
0  -0.354612
0.03125  -0.384093
-0.03125  -0.235986
0.09375  -0.227267
-0.0625  -0.161065
-0.09375  -0.294659
0.09375  -0.417203
0.3125  -0.220897
0.15625  -0.313548
-0.03125  -0.37059
0.03125  -0.383051
0.1875  -0.291243
0  -0.351446
0.0625  -0.442353
-0.03125  -0.341383
0.25  -0.325811
0.125  -0.197172
0.03125  -0.284587
-0.0625  -0.318438
-0.03125  -0.342052
0.03125  -0.403806
0.0625  -0.132014
-0.1875  -0.509971
0.03125  -0.460433
-0.0625  -0.357688
0.15625  -0.341293
0  -0.127978
0  -0.559199
-0.125  -0.313085
-0.15625  -0.256403
0.15625  -0.413341
-0.03125  -0.324727
-0.28125  -0.343477
0.0625  -0.105096
0.03125  -0.438079
0.09375  -0.427785
0.1875  -0.484332
0.15625  -0.46189
0.125  -0.214216
-0.1875  -0.213014
0.125  -0.183695
-0.03125  -0.242989
0  -0.307641
-0.21875  -0.465838
0.21875  -0.188588
0.15625  -0.323482
-0.0625  -0.41507
-0.09375  -0.491883
0  -0.318686
-0.1875  -0.245946
0.03125  -0.337019
-0.0625  -0.435857
0.09375  -0.273565
-0.09375  -0.479198
0.03125  -0.547479
0.28125  -0.572101
-0.25  -0.17089
0.09375  -0.482367
-0.125  -0.137608
-0.03125  -0.300445
-0.125  -0.445779
0  -0.174561
0  -0.137518
-0.125  -0.19817
-0.1875  -0.500857
0.21875  -0.356051
-0.125  -0.455865
-0.09375  -0.408637
-0.03125  -0.153089
-0.0625  -0.466162
0.15625  -0.323366
0.28125  -0.307918
-0.0625  -0.222752
0.09375  -0.340615
0.21875  -0.274632
0.03125  -0.183918
-0.03125  -0.414426
0.09375  -0.315329
0  -0.328303
-0.0625  -0.234223
0.0625  -0.413836
-0.09375  -0.304506
0.03125  -0.0499463
0.25  -0.301021
-0.21875  -0.3181
-0.25  -0.410876
-0.125  -0.130138
0.0625  -0.174952
-0.125  -0.248825
0.15625  -0.258108
-0.15625  -0.235848
-0.15625  -0.241059
-0.09375  -0.336844
-0.0625  -0.371319
-0.03125  -0.0506332
0.03125  -0.350763
0.25  -0.457509
0.09375  -0.325161
0.03125  -0.398579
-0.09375  -0.444632
0.03125  -0.176346
-0.03125  -0.304806
-0.03125  -0.226406
0.25  -0.181731
-0.03125  -0.227289
0.03125  -0.164508
-0.03125  -0.267923
0.03125  -0.347201
0.3125  -0.284187
0.15625  -0.282406
0.03125  -0.266993
0.09375  -0.175518
-0.03125  -0.399739
0.125  -0.360836
0  -0.13435
0.09375  -0.300054
-0.03125  0.0651658
-0.03125  -0.272285
-0.125  -0.211452
-0.1875  -0.27232
0.0625  -0.273727
-0.0625  -0.285147
0  -0.362516
-0.09375  -0.153882
0.1875  -0.210055
-0.15625  -0.404176
-0.25  -0.349748
-0.03125  -0.245665
0  -0.153714
0.375  -0.221024
0.03125  -0.289827
0.03125  -0.570325
0.28125  -0.344782
-0.0625  -0.373489
-0.125  -0.283124
0.0625  -0.32423
-0.15625  -0.27535
-0.0625  -0.371045
-0.0625  -0.356729
-0.03125  -0.536096
0  -0.3978
-0.0625  -0.371991
0  -0.201731
0.125  -0.274175
-0.15625  -0.516846
0.09375  -0.199132
0  -0.258356
-0.125  -0.227054
-0.03125  -0.0951253
0.0625  -0.294896
-0.09375  -0.491981
0.09375  -0.248257
0.03125  -0.334423
0  -0.491169
0.09375  -0.439346
-0.1875  -0.228815
-0.125  -0.496019
-0.0625  -0.4986
0.0625  -0.390089
-0.1875  -0.200338
-0.0625  -0.481544
0  -0.262778
-0.09375  -0.188259
0.15625  -0.319807
0.15625  -0.208345
0.25  -0.320133
0  -0.381023
0.28125  -0.161186
0.125  -0.459136
-0.125  -0.171132
0.25  -0.517822
0.03125  -0.475453
0.25  -0.382351
0  -0.467287
0.03125  -0.365504
0  -0.363427
0  -0.303025
0.0625  -0.237364
-0.09375  -0.327593
-0.125  -0.256699
-0.0625  -0.366583
0.1875  -0.100076
0.09375  -0.338798
-0.09375  -0.373746
-0.21875  -0.366991
0.0625  -0.302799
0.0625  -0.435395
0.1875  -0.55631
0.0625  -0.38905
0.21875  -0.482532
-0.09375  -0.343578
0.09375  -0.262849
0.15625  -0.359439
-0.1875  -0.184313
-0.25  -0.348167
-0.09375  -0.280949
0.0625  -0.298204
0.15625  -0.349634
0.03125  -0.48003
0.125  -0.336923
0  -0.266933
0.09375  -0.393963
-0.125  -0.0896438
0.125  -0.490479
-0.03125  -0.454517
-0.0625  -0.338676
-0.1875  -0.439442
-0.1875  -0.488653
0  -0.457914
-0.125  -0.507241
-0.09375  -0.21491
0.28125  -0.295289
0.0625  -0.13119
0.15625  -0.363756
-0.1875  -0.398859
0.3125  -0.400597
-0.09375  -0.372417
-0.125  -0.199562
0.15625  -0.441456
-0.125  -0.312271
0.21875  -0.382617
0.09375  -0.326356
-0.28125  -0.200927
-0.1875  -0.502699
0.03125  -0.370773
-0.25  -0.336486
-0.0625  -0.216944
-0.0625  -0.154773
-0.1875  -0.222202
0  -0.332536
-0.0625  -0.338972
-0.1875  -0.159778
-0.03125  -0.482687
-0.09375  -0.558848
0.21875  -0.348398
0  -0.200374
0.1875  -0.101683
0  -0.367989
-0.03125  -0.213436
0.125  -0.253741
0.03125  -0.531696
0.0625  -0.405742
0.09375  -0.418648
0.03125  -0.522489
-0.1875  -0.333993
0.09375  -0.512119
-0.0625  -0.235884
-0.03125  -0.319754
-0.03125  -0.43669
-0.25  -0.228754
0.09375  -0.62622
0.03125  -0.216213
-0.25  -0.453796
-0.0625  -0.355569
-0.0625  -0.329305
0.125  -0.322564
-0.1875  -0.373301
0.0625  -0.285655
-0.09375  -0.324471
-0.03125  -0.278015
0  -0.366796
-0.09375  -0.23776
0  -0.386522
-0.09375  -0.360689
0.125  -0.337942
0.03125  -0.203745
-0.09375  -0.275884
0.1875  -0.330318
0.09375  -0.34931
-0.15625  -0.311406
-0.0625  -0.350476
-0.0625  -0.379149
0.1875  -0.15979
-0.09375  -0.38336
-0.25  -0.205061
0.125  -0.248205
0.03125  -0.363256
0.09375  -0.228771
0.09375  -0.353577
-0.09375  -0.373783
-0.0625  -0.284649
-0.15625  -0.537765
0.1875  -0.291142
0.125  -0.427001
0.125  -0.242336
0.25  -0.413605
0.15625  -0.482773
-0.09375  -0.419394
-0.125  -0.409556
-0.09375  -0.0402784
-0.28125  -0.273514
0  -0.25627
-0.125  -0.0776728
0.03125  -0.357309
-0.0625  -0.340077
0.0625  -0.293275
0.0625  -0.32587
0.03125  -0.266817
0.3125  -0.189616
-0.0625  -0.474195
-0.125  -0.35781
0.09375  -0.199929
-0.28125  -0.119233
0.03125  -0.0626481
0.125  -0.139411
0.09375  -0.549057
0.125  -0.0996484
0.0625  -0.275003
0.0625  -0.406501
-0.1875  -0.137778
0.125  -0.234017
-0.03125  -0.438438
-0.0625  -0.32878
-0.0625  -0.198481
-0.03125  -0.280602
-0.21875  -0.1832
0.21875  -0.349067
0  -0.375698
0  -0.437625
0  -0.242051
-0.09375  -0.589748
0.1875  -0.231247
0.375  -0.062275
-0.125  -0.409603
-0.125  -0.35281
0.03125  -0.242525
-0.0625  -0.454031
0.03125  -0.407851
-0.125  -0.283855
-0.125  -0.109051
-0.125  -0.271405
-0.09375  -0.337532
-0.03125  -0.431198
-0.21875  -0.324559
0.15625  -0.0652489
-0.28125  -0.480807
0.09375  -0.0779978
-0.03125  -0.485671
0.125  -0.13402
0.0625  -0.447699
-0.09375  -0.370232
0.21875  -0.38589
0.21875  -0.31812
0  -0.247301
0.0625  -0.462847
-0.03125  -0.0608805
0  -0.143139
0.03125  -0.374682
-0.09375  -0.356699
-0.25  -0.513151
0.15625  -0.181927
-0.09375  -0.245006
-0.03125  -0.254537
0  -0.466016
0  -0.539666
-0.125  -0.33701
-0.125  -0.382666
-0.03125  -0.373614
0.03125  -0.18026
-0.125  -0.229519
0.09375  -0.279067
0  -0.15085
0.25  -0.332986
0.125  -0.508495
-0.21875  -0.473546
0.0625  -0.460989
-0.09375  -0.277458
0.03125  -0.127341
-0.0625  -0.281003
0.09375  -0.253729
-0.1875  -0.397749
-0.125  -0.2803
0.0625  -0.300057
0.09375  -0.469329
-0.0625  -0.274571
-0.03125  -0.0217783
-0.15625  -0.190559
0.0625  -0.284063
-0.03125  -0.373122
-0.0625  -0.328005
0.125  -0.164532
0.28125  -0.544225
0.09375  -0.304362
0.09375  -0.434106
0.0625  -0.467172
0.03125  -0.569011
0.0625  -0.0345922
0.03125  -0.248655
-0.15625  -0.431364
-0.09375  -0.346467
-0.3125  -0.315088
-0.03125  -0.526934
-0.09375  -0.312255
0.1875  -0.292832
-0.0625  -0.30166
-0.125  -0.265356
-0.125  -0.447632
0.03125  -0.268693
-0.03125  -0.416088
0.03125  -0.382608
-0.15625  -0.468798
0.09375  -0.531324
0.03125  -0.162899
-0.09375  -0.226728
0.125  -0.410908
-0.0625  -0.392383
0.0625  -0.175333
0.0625  -0.425282
0.1875  -0.450659
0.03125  -0.434115
-0.0625  -0.42325
-0.375  -0.416321
0.15625  -0.261471
0.21875  -0.365574
-0.125  -0.0965221
0.125  -0.399304
-0.125  -0.297614
-0.0625  -0.319841
0.0625  -0.375718
-0.09375  -0.167682
-0.09375  -0.295609
0  -0.273044
0.125  -0.272739
-0.09375  -0.330687
0.03125  -0.0859915
0.03125  -0.246819
0.09375  -0.348761
-0.3125  -0.398217
0.0625  -0.0953902
0  -0.367224
0.125  -0.305541
0  -0.270706
0  -0.159354
0.03125  -0.0528687
-0.3125  -0.460571
0  -0.0476178
-0.03125  -0.0521042
0.09375  -0.421174
0.03125  -0.254243
-0.03125  -0.426133
0.125  -0.262413
0.09375  -0.106666
-0.0625  -0.353771
-0.15625  -0.401878
-0.21875  -0.41882
-0.09375  -0.235369
0.15625  -0.321505
-0.03125  -0.279914
0.125  -0.248079
-0.0625  -0.228454
-0.1875  -0.261541
-0.375  -0.361621
0.0625  -0.296716
0.25  -0.588265
0.125  -0.266283
-0.09375  -0.422198
-0.03125  -0.408732
-0.03125  -0.321725
0.15625  -0.460462
0.15625  -0.317331
-0.0625  -0.49707
0.0625  -0.23792
-0.0625  -0.450317
0  -0.220156
-0.09375  -0.344902
0.125  -0.403734
-0.21875  -0.282332
0.09375  -0.310992
0.09375  -0.25969
0.09375  -0.26619
0.09375  -0.302275
-0.03125  -0.343034
0.1875  -0.38811
0  -0.40388
-0.0625  -0.191174
0.0625  -0.244324
-0.15625  -0.201498
-0.03125  -0.172899
0.15625  -0.298541
-0.03125  -0.468777
-0.09375  -0.451879
0.0625  -0.488915
-0.0625  -0.205349
0.21875  0.0464148
0  -0.196488
0.21875  -0.585857
-0.125  -0.205491
0.0625  -0.45595
0.15625  -0.302368
0.21875  -0.206765
0.03125  -0.202986
-0.125  -0.327166
0.0625  -0.245399
-0.15625  -0.290421
-0.25  -0.440212
0.09375  0.0328932
0  -0.225746
0.03125  -0.275669
-0.03125  -0.322037
-0.1875  -0.229718
-0.0625  -0.166718
0.03125  -0.381661
-0.28125  -0.39592
-0.0625  -0.313099
0.09375  -0.344302
-0.09375  -0.232729
-0.125  -0.316741
0.125  -0.401983
0.03125  -0.34917
0  -0.312896
0.03125  -0.316096
-0.125  -0.219571
0.1875  -0.4085
0  -0.433207
-0.125  -0.229049
0.15625  -0.301478
0.15625  -0.420001
0.0625  -0.362295
0.0625  -0.345681
0  -0.400978
-0.0625  -0.452556
0.125  -0.213044
-0.03125  -0.267801
-0.0625  -0.142128
0.125  -0.488421
-0.125  -0.33523
0  -0.384081
-0.0625  -0.442261
-0.09375  -0.176691
0  -0.361328
-0.1875  -0.157215
-0.1875  -0.179879
0.1875  -0.409027
0  -0.345251
-0.34375  -0.431424
-0.0625  -0.505067
0  -0.287915
-0.09375  -0.305131
0.0625  -0.341932
-0.03125  -0.149794
-0.03125  -0.468408
0.09375  -0.223823
-0.0625  -0.102484
0.0625  -0.233892
-0.28125  -0.343473
0.125  -0.123307
-0.3125  -0.375127
-0.15625  -0.168182
0.21875  -0.310659
-0.21875  -0.405707
0.09375  -0.369088
0.15625  -0.309868
-0.09375  -0.199362
0.125  -0.400287
-0.125  -0.422226
-0.1875  -0.461022
0  -0.295093
-0.03125  -0.228802
0.21875  -0.427667
0  -0.338937
0.21875  -0.329787
-0.15625  -0.239563
0.125  -0.0439685
0.03125  -0.0577547
-0.0625  -0.287899
-0.125  -0.207337
-0.25  -0.205919
-0.09375  -0.302026
-0.0625  -0.477913
-0.15625  -0.381886
0.125  -0.285341
0.09375  -0.417688
-0.03125  -0.203367
0.125  -0.2115
0.09375  -0.25898
0  -0.0490739
0.1875  -0.34276
-0.03125  -0.4987
0.0625  -0.377368
0.09375  -0.469174
-0.09375  -0.350193
0  -0.323478
0.0625  -0.331508
0  -0.383631
0.1875  -0.380424
-0.03125  -0.392576
0.15625  -0.497042
0.1875  -0.177296
0.125  -0.150729
-0.15625  -0.276556
-0.0625  -0.544578
0.125  -0.45935
-0.1875  -0.305059
0  -0.313834
-0.0625  -0.0164436
-0.03125  -0.444343
-0.03125  -0.276185
-0.0625  -0.184004
-0.125  -0.305504
0  -0.267926
-0.28125  -0.450865
0.09375  -0.161999
-0.125  -0.405415
0.15625  -0.405707
0.09375  -0.353483
-0.125  -0.367687
0.03125  -0.316683
-0.15625  -0.276959
0  -0.384238
-0.1875  -0.287109
0.15625  -0.282058
0.03125  -0.48728
0.03125  -0.292302
0.03125  -0.26565
0.09375  -0.476555
-0.0625  -0.420039
-0.15625  -0.22369
0.1875  -0.250205
-0.03125  -0.483963
0.21875  -0.524732
-0.0625  -0.447207
0.125  -0.331539
-0.03125  -0.581123
-0.1875  -0.304849
0.09375  -0.422152
0.1875  -0.339459
0  -0.531831
-0.1875  -0.134414
-0.125  -0.46305
0.09375  -0.37253
-0.03125  -0.398033
-0.125  -0.423172
0.09375  -0.328777
-0.09375  -0.185708
-0.03125  -0.361404
-0.0625  -0.270618
-0.0625  -0.279694
-0.03125  -0.320898
0.0625  -0.210461
0.125  -0.446179
0.125  -0.405742
-0.03125  -0.357437
0.21875  -0.445356
0.09375  -0.16375
0.1875  -0.38325
-0.03125  -0.265333
-0.03125  -0.239723
-0.15625  -0.0905594
0.15625  -0.295074
-0.15625  -0.220909
0  -0.273015
0  -0.173895
0.125  -0.131169
0.125  -0.384754
0.09375  -0.153303
0.15625  -0.295734
-0.0625  -0.291651
0.0625  -0.150213
0.21875  -0.373713
0.1875  -0.517612
0.03125  -0.141056
0.1875  -0.135055
-0.03125  -0.325375
0.03125  -0.319524
0.125  -0.338867
0.09375  -0.322776
-0.1875  -0.517079
-0.09375  -0.410907
0.09375  -0.197661
0  -0.347888
-0.0625  -0.215439
0.125  -0.369043
0  -0.358021
0.09375  -0.298566
-0.1875  -0.549512
0.34375  -0.213368
-0.03125  -0.438253
0.125  -0.192224
0.09375  -0.498085
0.0625  -0.526657
-0.09375  -0.160556
-0.25  -0.313111
0  -0.0915434
0.0625  -0.292388
0.0625  -0.171404
-0.1875  -0.253618
-0.375  -0.492485
0.125  -0.221291
0.125  -0.404313
-0.09375  -0.333329
0.03125  -0.334372
0  -0.289526
0.0625  -0.351718
-0.09375  -0.439458
-0.25  -0.273839
0  -0.3256
-0.0625  -0.46981
-0.25  -0.259771
-0.1875  -0.401037
-0.03125  -0.41394
-0.0625  -0.327976
0.125  -0.316757
0.09375  -0.126947
-0.09375  -0.381244
0.09375  -0.251164
0.0625  -0.359019
0.03125  -0.29068
0  -0.325359
0.125  -0.0688706
-0.0625  -0.0405783
0.15625  -0.354515
-0.0625  -0.125268
-0.125  -0.353373
0  -0.185955
0  -0.258955
-0.15625  -0.30776
-0.09375  -0.185782
-0.0625  -0.459513
0.15625  -0.315056
0.0625  -0.337403
0.03125  -0.182356
0.09375  -0.34177
0.09375  -0.415775
0.03125  -0.112696
0.0625  -0.585075
0.09375  -0.304953
-0.03125  -0.0385084
0.09375  -0.227905
0.1875  -0.479422
-0.1875  -0.175805
-0.0625  -0.264811
0.15625  -0.26794
-0.28125  -0.425482
0.1875  -0.0748139
-0.125  -0.466849
0.125  -0.448568
-0.15625  -0.281437
0.0625  -0.4182
-0.21875  -0.229909
0.125  -0.411416
-0.15625  -0.229474
0.03125  -0.295676
-0.125  -0.1599
-0.15625  -0.127958
-0.0625  -0.108267
0  -0.539894
0.03125  -0.446884
0.0625  -0.222341
0.15625  -0.463669
0.15625  -0.286201
-0.125  -0.410708
0.03125  -0.245613
0.03125  -0.378777
-0.09375  -0.394638
0.21875  -0.294788
-0.25  -0.208073
-0.125  -0.463719
0.03125  -0.325913
0.09375  -0.375914
0  -0.0453641
0.0625  -0.372464
0.125  -0.483269
-0.125  -0.433326
0.21875  -0.356573
0.0625  -0.29363
0.125  -0.0225991
-0.1875  -0.283331
0.0625  -0.268005
-0.125  -0.269346
-0.375  -0.329893
0.03125  -0.480581
0  -0.422508
0  -0.255551
-0.09375  -0.339762
-0.0625  -0.441743
-0.1875  -0.452041
0.09375  -0.296235
0.21875  -0.337153
-0.03125  -0.373175
-0.09375  -0.145275
0  -0.403538
0.15625  -0.284537
0.15625  -0.427879
-0.15625  -0.292334
-0.28125  -0.442858
0.03125  -0.291506
-0.09375  -0.0406201
0.28125  -0.454759
-0.25  -0.0353704
0.03125  -0.241904
-0.0625  -0.417014
0.21875  -0.324713
-0.03125  -0.381891
0.0625  -0.541439
0.25  -0.13834
0.15625  -0.376658
0  -0.245612
-0.1875  -0.269875
0  -0.407811
-0.03125  -0.495187
-0.03125  -0.174297
0.125  -0.334647
-0.03125  -0.18119
-0.09375  -0.362265
0.09375  -0.446865
-0.125  -0.393845
0  -0.398841
0.0625  -0.35721
-0.15625  -0.127814
-0.25  -0.191298
0.25  -0.253933
0.09375  -0.209267
-0.125  -0.486105
-0.0625  -0.52279
-0.0625  -0.38587
-0.09375  -0.230504
-0.15625  -0.308074
0.21875  -0.411721
0.09375  -0.413142
-0.03125  -0.307933
0.03125  -0.404467
0.125  -0.277769
-0.15625  -0.271001
0.09375  -0.434769
0.21875  -0.141021
-0.125  -0.148447
-0.03125  -0.359367
0.03125  -0.487196
0.1875  -0.424353
0.03125  -0.324559
-0.09375  -0.35654
0.03125  -0.288822
0.0625  -0.256977
-0.15625  -0.393455
0  -0.174328
-0.03125  -0.218799
0.09375  -0.297533
0  -0.285487
0.0625  -0.301721
0.0625  -0.430684
-0.03125  -0.227206
0.09375  -0.332153
0.03125  -0.434788
0.03125  -0.306284
-0.03125  -0.361187
0.03125  -0.324585
0.0625  -0.44395
0.09375  -0.377485
0.0625  -0.215775
0.21875  -0.219175
-0.03125  -0.238554
-0.21875  -0.38298
-0.1875  -0.291303
-0.03125  -0.26694
-0.03125  -0.377016
-0.3125  -0.323052
0.21875  -0.377313
0  -0.414227
0.03125  -0.433778
0.125  -0.444951
0.28125  -0.163404
0.0625  -0.280168
-0.09375  -0.474215
0  -0.102229
0.03125  -0.150729
0.0625  -0.162704
0.25  -0.32296
0.25  -0.256168
-0.21875  -0.454172
0.09375  -0.355969
-0.0625  -0.368473
0  -0.441462
-0.15625  -0.487439
-0.125  -0.223281
-0.09375  -0.34619
0.09375  -0.478996
-0.25  -0.169236
-0.0625  -0.234182
0.03125  -0.184004
0.0625  -0.418423
0  -0.557882
-0.15625  -0.313917
0.09375  -0.552728
0.03125  -0.338262
0.09375  -0.368296
-0.125  -0.253209
0.09375  -0.272992
-0.03125  -0.423193
-0.0625  -0.328176
-0.1875  -0.232361
0.0625  -0.415151
0.40625  -0.297317
0.09375  -0.323705
0.15625  -0.375798
0.25  -0.427716
0.0625  -0.370972
-0.1875  -0.338228
0.15625  -0.384344
-0.15625  -0.202103
-0.09375  -0.391257
-0.0625  -0.5148
0  -0.402459
-0.0625  -0.414222
0.0625  -0.142335
0  -0.429989
-0.03125  -0.493002
-0.03125  -0.247384
-0.09375  -0.45566
0.03125  -0.402441
-0.03125  -0.348453
0.03125  -0.265992
-0.03125  -0.0593167
0  -0.400178
0  -0.37314
0.0625  -0.186832
-0.125  -0.420221
0.09375  -0.243242
0  -0.0191246
0.03125  -0.193568
-0.15625  -0.291858
-0.3125  -0.434058
-0.09375  -0.399078
-0.03125  -0.327504
-0.03125  -0.502035
0.21875  -0.302198
0.03125  -0.336327
0.1875  -0.335714
0.25  -0.366734
0.0625  -0.397352
-0.09375  -0.165045
-0.125  -0.443744
0.09375  -0.450365
-0.0625  -0.412619
0.03125  -0.397205
-0.0625  -0.426082
0.1875  -0.317458
-0.0625  -0.390559
0  -0.492367
-0.09375  -0.47965
0  -0.363176
-0.0625  -0.232899
0  -0.105284
0.03125  -0.309581
0.0625  -0.357962
0.03125  -0.334249
0.0625  -0.324886
0.09375  -0.487239
-0.03125  -0.506432
-0.09375  -0.464558
-0.25  -0.279885
0.0625  -0.170367
-0.09375  -0.436991
-0.09375  -0.31629
-0.09375  -0.100737
0.1875  -0.246497
-0.03125  -0.462265
0  -0.335738
-0.15625  -0.261693
0.03125  -0.289278
0.1875  -0.326448
-0.0625  -0.0786758
-0.09375  -0.257327
-0.03125  -0.275103
-0.28125  -0.226352
0.15625  -0.346624
-0.125  -0.202923
-0.0625  -0.472339
0.09375  -0.363331
0  -0.374975
0  -0.15077
0.0625  -0.446447
-0.0625  -0.317665
0.0625  -0.389754
0.1875  -0.362378
-0.125  -0.425984
0.09375  -0.430442
-0.125  -0.134338
0.0625  -0.462196
-0.3125  -0.43781
0.0625  -0.263651
0.0625  -0.252285
0  -0.201671
-0.28125  -0.376009
0.25  -0.454597
-0.09375  -0.287769
-0.1875  -0.422608
-0.0625  -0.27605
-0.21875  -0.186171
0  -0.125948
0.125  -0.297551
0.09375  -0.0698816
0.125  -0.435598
0  -0.317869
-0.4375  -0.363154
-0.03125  -0.419509
-0.0625  -0.104606
0.03125  -0.404476
0  -0.171873
0.03125  -0.5052
0.03125  -0.156757
-0.125  -0.566253
0.0625  -0.467998
0  -0.295041
0  -0.417711
-0.03125  -0.235397
0.21875  -0.487194
-0.125  -0.269585
-0.3125  -0.203098
-0.15625  -0.158975
0.125  -0.217919
0.1875  -0.457283
0.0625  -0.37665
-0.15625  -0.267694
-0.125  -0.37723
-0.25  -0.341163
-0.15625  -0.310249
-0.09375  -0.438506
-0.03125  -0.235653
-0.03125  -0.198787
-0.09375  -0.303003
-0.3125  -0.431421
0  -0.281916
-0.15625  -0.526453
0.09375  -0.434668
-0.03125  -0.377856
-0.09375  -0.394875
0.09375  -0.35622
0.0625  -0.462442
-0.0625  -0.293111
-0.03125  -0.375903
0.15625  -0.261996
0.0625  -0.156782
-0.09375  -0.512448
-0.125  -0.429351
-0.0625  -0.336283
-0.125  -0.414574
0.125  -0.215292
-0.09375  -0.266879
-0.15625  -0.515228
-0.0625  -0.269774
0.0625  -0.362304
-0.0625  -0.402417
-0.28125  -0.585722
-0.03125  -0.447471
0.03125  -0.185221
0.25  -0.572938
-0.0625  -0.458258
-0.0625  -0.0935385
0.25  -0.424017
-0.09375  -0.327485
0  -0.232444
-0.09375  -0.224257
-0.21875  -0.4146
0  -0.310944
-0.0625  -0.0938637
-0.09375  -0.420798
-0.03125  -0.542115
0.03125  -0.404807
0.1875  -0.180588
0.25  -0.287164
-0.09375  -0.200256
0.03125  -0.178172
0.0625  -0.44725
-0.1875  -0.410864
-0.25  -0.447437
0  -0.225497
0  -0.388467
-0.15625  -0.222157
-0.125  -0.384131
0.0625  -0.472041
0.15625  -0.358434
-0.09375  -0.242685
0.125  -0.197109
-0.125  -0.494311
-0.03125  -0.386416
0.0625  -0.443136
-0.40625  -0.411498
0.03125  -0.369488
0.1875  -0.132248
-0.1875  -0.366352
-0.0625  -0.234097
-0.15625  -0.346352
-0.0625  -0.371844
-0.125  -0.359373
-0.0625  -0.206504
-0.09375  -0.327127
0.0625  -0.357715
0  -0.29042
0.0625  -0.347784
-0.03125  -0.27795
-0.28125  -0.306631
0.0625  -0.441848
-0.03125  -0.646339
0  -0.112801
-0.0625  -0.362496
0.09375  -0.489866
-0.09375  -0.281662
0.1875  -0.142057
-0.1875  -0.532117
-0.09375  -0.276445
0.15625  -0.317689
-0.03125  -0.190405
0.0625  -0.41836
-0.09375  -0.348072
0.25  -0.0452395
-0.0625  -0.261403
0.03125  -0.479049
0  -0.346647
-0.125  -0.302559
-0.15625  -0.207271
0.15625  -0.179858
0.03125  -0.365097
-0.0625  -0.217107
0  -0.351685
0.09375  -0.223022
0.0625  -0.393954
0  -0.0990475
-0.125  -0.210517
0.09375  -0.349906
-0.0625  -0.257301
0.15625  -0.496048
-0.125  -0.201985
0.03125  -0.470823
0.0625  -0.163384
0.15625  -0.181763
-0.0625  -0.330672
-0.03125  -0.388711
-0.1875  -0.200153
0.03125  -0.19437
0.125  -0.480897
0.15625  -0.441928
0.09375  -0.255197
-0.03125  -0.375793
0  -0.221411
0.0625  -0.0523539
0.0625  -0.582506
-0.03125  -0.543852
0  -0.318468
-0.03125  -0.275949
-0.03125  -0.262416
-0.15625  -0.195847
0.09375  -0.254203
0.09375  -0.449013
0.03125  -0.472665
0.15625  -0.218643
-0.0625  -0.342372
0.09375  -0.293427
0.0625  -0.434816
0.34375  -0.454508
-0.03125  -0.186992
0.0625  -0.48404
-0.09375  -0.315084
-0.125  -0.179886
0.09375  -0.37384
0.09375  -0.264098
0.09375  -0.31849
0.15625  -0.32136
0.0625  -0.213126
-0.03125  -0.0213008
0  -0.531976
-0.09375  -0.245351
-0.03125  -0.36842
0.125  -0.158125
0  -0.221244
-0.0625  -0.367714
0.0625  -0.572148
0.0625  -0.264528
0.125  -0.262748
0.0625  -0.25134
-0.375  -0.423199
0.03125  -0.318084
-0.09375  -0.498696
-0.1875  -0.129707
0.0625  -0.178109
0.15625  -0.239885
-0.03125  -0.22968
-0.25  -0.413296
-0.03125  -0.46468
0.125  -0.443749
0.03125  -0.411664
-0.15625  -0.311787
0  -0.312563
-0.125  -0.307605
0  -0.396211
0  -0.255949
0.3125  -0.196596
0.21875  -0.399606
0  -0.392695
0.21875  -0.588031
-0.09375  -0.0838656
0.03125  -0.421297
0  -0.473662
0.03125  -0.342126
0  -0.156164
-0.0625  -0.166315
0  -0.331941
0.0625  -0.165311
0.15625  -0.315423
0  -0.400479
-0.03125  -0.234475
-0.15625  -0.412568
0.1875  -0.342761
-0.15625  -0.217123
-0.1875  -0.345172
0.09375  -0.111871
0.03125  -0.312819
-0.375  -0.32697
-0.1875  -0.193525
0.03125  -0.44948
0.09375  -0.523743
0.25  -0.308277
-0.15625  -0.319572
0.21875  -0.324745
0.0625  -0.437292
0.125  -0.282004
0.15625  -0.313228
0.28125  -0.159344
0  -0.215953
-0.03125  -0.284336
-0.3125  -0.329803
0  -0.50216
0.0625  -0.442771
-0.1875  -0.0930034
0.1875  -0.475383
0.15625  -0.330939
0.21875  -0.434345
-0.21875  -0.276151
-0.1875  -0.205453
0.25  -0.339952
-0.15625  -0.310133
0.0625  -0.464921
0.03125  -0.27692
-0.03125  -0.232646
0.0625  -0.309872
-0.125  -0.26198
0.0625  -0.542394
0.03125  -0.404094
-0.03125  -0.114345
0.125  -0.182509
0.0625  -0.523242
0.03125  -0.535517
-0.09375  -0.139586
-0.03125  -0.481711
-0.125  -0.293297
-0.09375  -0.218082
0.125  -0.374738
0.09375  -0.512697
-0.25  -0.351286
0.0625  -0.162981
-0.09375  -0.256998
0.0625  -0.335268
-0.1875  -0.282024
-0.125  -0.330025
0.1875  -0.331432
0.1875  -0.317795
-0.1875  -0.143614
-0.125  -0.383654
-0.0625  -0.386225
-0.15625  -0.129527
-0.15625  -0.43056
0.09375  -0.389923
-0.21875  -0.270377
0.15625  -0.397882
-0.09375  -0.287194
0  -0.265749
-0.125  -0.407492
0.0625  -0.3524
0.03125  -0.338135
0.0625  -0.422194
0.03125  -0.48127
-0.21875  -0.0977054
0.0625  -0.478534
0.03125  -0.181751
0.125  -0.493933
0.0625  -0.0372118
0.03125  -0.271255
0.125  -0.393726
-0.1875  -0.193089
0.03125  -0.365904
0  -0.360937
0.0625  -0.162691
0.03125  -0.250651
0  -0.393644
-0.03125  -0.244145
-0.1875  -0.355056
0.09375  -0.343828
-0.34375  -0.385571
-0.0625  -0.276092
-0.09375  -0.246585
0.09375  -0.379223
0.125  -0.475111
-0.0625  -0.401018
-0.03125  -0.509069
-0.03125  -0.456765
-0.0625  -0.350632
-0.1875  -0.478226
0  -0.21908
0  -0.560371
0.125  -0.269512
-0.21875  -0.302946
0  -0.465317
0  -0.341107
0.0625  -0.424435
0.0625  -0.246347
-0.1875  -0.183329
-0.21875  -0.411256
-0.0625  -0.494085
-0.125  -0.346819
0.03125  -0.353929
0.03125  -0.440691
-0.0625  -0.247699
0.03125  -0.158384
-0.125  -0.436776
0.15625  -0.429446
-0.15625  -0.13033
0.03125  -0.280076
0.1875  -0.160124
0.28125  -0.366713
0.125  -0.376989
0  -0.3971
-0.0625  0.0725256
-0.09375  -0.215757
0.125  -0.42927
0.03125  -0.290586
0.125  -0.215392
-0.15625  -0.415191
-0.0625  -0.313159
-0.09375  -0.516487
0.15625  -0.14069
-0.03125  -0.600838
-0.1875  -0.366739
0.15625  -0.38983
-0.09375  -0.258578
-0.0625  -0.307504
0.09375  -0.476054
0  -0.368532
-0.09375  -0.280416
0.03125  -0.247429
0.15625  -0.223413
-0.09375  -0.40541
0.03125  -0.391884
0.3125  -0.401221
-0.1875  -0.0742185
-0.25  -0.331015
-0.1875  -0.356323
-0.15625  -0.449347
-0.03125  -0.286195
-0.1875  -0.298765
0.21875  -0.220237
0.09375  -0.0353354
-0.03125  -0.375494
0.1875  -0.506125
0.0625  -0.442531
0.03125  -0.357564
-0.125  -0.0503885
-0.09375  -0.102858
-0.0625  -0.413753
0.1875  -0.437955
-0.0625  -0.358307
-0.0625  -0.343982
0  -0.29628
0.15625  -0.317286
-0.21875  -0.221212
0.15625  -0.502455
-0.03125  -0.440093
0.125  -0.323103
0.0625  -0.467658
0.09375  -0.0698535
-0.0625  -0.407572
0.09375  -0.451043
-0.21875  -0.155378
-0.125  -0.180506
0.1875  -0.252773
0.0625  -0.404592
-0.0625  -0.392963
-0.125  -0.253057
0  -0.370918
-0.09375  -0.225471
0.21875  -0.342827
0.0625  -0.168297
-0.125  -0.325143
0.15625  -0.410868
-0.125  -0.163907
0.03125  -0.46133
0.25  -0.506863
0.1875  -0.205162
0  -0.392239
0.21875  -0.208756
0.03125  -0.380421
0.09375  -0.390269
0.15625  -0.378748
-0.03125  -0.453681
-0.03125  -0.340354
0.34375  -0.471894
0.03125  -0.522853
-0.03125  -0.345928
-0.125  -0.326729
0.1875  -0.300588
-0.03125  -0.32357
0.25  -0.381468
0.09375  -0.321725
0.15625  -0.0126301
-0.125  -0.532106
0.21875  -0.314184
0  -0.44838
0.0625  -0.23584
-0.15625  -0.349726
-0.03125  -0.322487
0.15625  -0.333784
0.0625  -0.207074
0.1875  -0.347471
0  -0.375393
-0.09375  -0.283287
0  -0.228299
-0.25  -0.454031
-0.03125  -0.371068
-0.03125  -0.215915
0.28125  -0.221061
0.34375  -0.320937
0.09375  -0.299598
-0.1875  -0.502789
-0.375  -0.191996
-0.0625  -0.219948
0.375  -0.314806
-0.0625  -0.486753
-0.1875  -0.372799
0.03125  -0.264564
-0.03125  -0.210264
-0.125  -0.419095
0  -0.286033
0.125  -0.153308
0.0625  -0.394891
-0.0625  -0.159724
0.125  -0.244248
-0.09375  -0.328036
0.0625  -0.420154
0.09375  -0.322268
-0.4375  -0.367788
-0.0625  -0.486836
0.03125  -0.362875
-0.03125  -0.390239
-0.15625  -0.177328
0.125  -0.343659
-0.09375  -0.381003
0.15625  -0.292828
0.15625  -0.403826
0.09375  -0.248987
-0.0625  -0.343141
0  -0.295251
-0.09375  -0.456945
0.09375  -0.336163
0.0625  -0.235016
0  -0.420865
-0.1875  -0.389858
0  -0.320704
-0.03125  -0.135947
0.1875  -0.344575
-0.21875  -0.331107
0  -0.515382
0.3125  -0.383885
0.0625  -0.239898
-0.15625  -0.207263
0.0625  -0.273857
0.03125  -0.183324
0.0625  -0.328778
0.03125  -0.119571
0.15625  -0.513602
0.15625  -0.154752
-0.03125  -0.161003
0.125  -0.442614
0.21875  -0.216276
0.03125  -0.208158
0.1875  -0.381398
0.03125  -0.290564
0.125  -0.476284
-0.15625  -0.31348
0  -0.109221
-0.1875  -0.192212
-0.3125  -0.365054
-0.0625  -0.432334
0.0625  -0.186755
0.0625  -0.342955
-0.09375  -0.492157
0.03125  -0.348551
-0.125  -0.297522
-0.09375  -0.1332
0  -0.279371
-0.09375  -0.365515
-0.21875  -0.274321
0.03125  -0.0553219
0.09375  -0.510074
-0.15625  -0.445567
-0.0625  -0.28553
-0.0625  -0.373974
0.0625  -0.496019
-0.0625  -0.266118
0.1875  -0.225911
0.1875  -0.503795
-0.09375  -0.0149664
-0.125  -0.303984
-0.125  -0.463126
-0.125  -0.30679
-0.09375  -0.396501
0.09375  -0.308809
0.125  -0.276219
0.15625  -0.423807
0.0625  -0.3885
0.15625  -0.265593
-0.125  -0.435771
0.125  -0.268147
-0.09375  -0.316673
0.03125  -0.212238
0.3125  -0.534202
-0.15625  -0.171932
0.09375  -0.257947
-0.125  -0.388527
-0.09375  -0.202989
0  -0.321429
-0.0625  -0.369256
0.0625  -0.237373
0.1875  -0.19947
0.125  -0.363251
-0.03125  -0.408056
0.03125  -0.498108
-0.25  -0.164686
0.03125  -0.31988
0.03125  -0.255031
0  -0.269086
-0.09375  -0.200375
-0.15625  -0.239199
0.125  -0.530089
0.09375  -0.40561
0.09375  -0.0656765
-0.0625  -0.42382
0.0625  -0.120319
0.03125  -0.566739
0.0625  -0.151619
0  -0.102657
0.09375  -0.162041
-0.09375  -0.338773
-0.03125  -0.210053
-0.3125  -0.325043
0.03125  -0.382148
0.25  -0.4743
-0.09375  -0.12103
0.09375  -0.328388
-0.03125  -0.344282
-0.1875  -0.535117
-0.09375  -0.494681
0.09375  -0.404983
-0.0625  -0.34178
0  -0.325022
-0.15625  -0.27864
0.03125  -0.295958
0.28125  -0.550783
0.03125  -0.240898
-0.25  -0.209968
0.15625  -0.390827
-0.125  -0.289906
-0.03125  -0.418081
-0.03125  -0.516093
0.125  -0.140788
0.28125  -0.270584
0.125  -0.416988
-0.125  -0.30411
-0.15625  -0.258593
0.03125  -0.326224
-0.15625  -0.409717
0.125  -0.283204
0.09375  -0.373706
0.09375  -0.438686
-0.09375  -0.374711
0.03125  -0.574647
0.34375  -0.323777
0.15625  -0.354314
0.15625  -0.422498
0.09375  -0.460043
0.0625  -0.372604
0.25  -0.189394
-0.25  -0.256058
-0.0625  -0.335777
-0.125  -0.383114
0.09375  -0.334531
0.09375  -0.235354
-0.1875  -0.167967
-0.15625  -0.333397
0  -0.318461
0.25  -0.467684
-0.03125  -0.202325
-0.0625  -0.260919
-0.03125  -0.159554
0  -0.341704
0.09375  -0.0991253
-0.03125  -0.334661
0.15625  -0.0681494
0.0625  -0.316212
0  -0.32964
-0.03125  -0.298782
0.09375  -0.29969
-0.0625  -0.513883
0.0625  -0.230146
-0.09375  -0.331253
0.03125  -0.515809
-0.15625  -0.4744
-0.03125  -0.246298
0.125  -0.229952
0.25  -0.36935
-0.03125  -0.377584
-0.03125  -0.241876
0.09375  -0.245285
0.15625  -0.267344
0.03125  -0.317555
-0.03125  -0.186613
0.3125  -0.211408
-0.0625  -0.210329
-0.15625  -0.352966
0.21875  -0.240625
0.03125  -0.488872
0.21875  -0.145825
0.09375  -0.370338
0  -0.491048
-0.0625  -0.354457
0.0625  -0.444405
0.0625  -0.275821
-0.125  -0.321648
0.15625  -0.454402
-0.125  -0.435614
0.0625  -0.295831
0.09375  -0.592979
0.15625  -0.195726
0.09375  -0.286027
-0.03125  -0.330258
0.15625  -0.401959
0  -0.408009
-0.15625  -0.362961
0.09375  -0.355926
0.125  -0.321779
-0.28125  -0.168112
0  -0.126316
0.15625  -0.328978
-0.125  -0.368553
0  -0.374266
0.1875  -0.302431
0.1875  -0.198715
-0.0625  -0.456674
0.125  -0.131797
0.25  -0.403662
0.03125  -0.260376
-0.3125  -0.432624
0.21875  -0.306106
0  -0.300372
0.1875  -0.22543
-0.0625  -0.468801
0.03125  -0.132277
0.125  -0.277742
0.15625  -0.192514
0.15625  -0.457132
-0.15625  -0.183323
-0.40625  -0.146623
-0.1875  -0.151855
-0.125  -0.271122
-0.09375  -0.4381
-0.03125  -0.334307
0.09375  -0.254223
0.0625  -0.352122
-0.125  -0.333079
0  -0.290353
0  -0.295247
0.3125  -0.304385
-0.0625  -0.558951
0.0625  -0.313614
-0.0625  -0.197387
0.0625  -0.29518
0.125  -0.461397
-0.0625  -0.134955
0.1875  -0.330741
-0.0625  -0.227253
0.09375  -0.122604
0.0625  -0.142619
0.15625  -0.298976
0.1875  -0.35681
0.03125  -0.374036
0.09375  -0.266261
-0.1875  -0.327458
0.09375  -0.1029
0.125  -0.526492
-0.03125  -0.276918
0.03125  -0.478847
0.15625  -0.506283
0.125  -0.400369
0.125  -0.389684
0.21875  -0.211433
0.125  -0.256038
0.03125  -0.417359
-0.125  -0.436525
0.125  -0.199182
-0.0625  -0.383675
0.0625  -0.505556
-0.09375  -0.199818
0.03125  -0.218242
0.03125  -0.169373
0  -0.505539
0.21875  -0.441969
0.03125  -0.366799
0.0625  -0.284938
0  -0.305489
0  -0.532097
0.03125  -0.35298
0.21875  -0.307668
-0.09375  -0.306852
0  -0.462843
-0.0625  -0.348456
0.03125  -0.36173
-0.0625  -0.44074
-0.0625  -0.27217
-0.25  -0.321529
0.0625  -0.347047
-0.125  -0.444738
0.09375  -0.427977
-0.25  -0.187772
0.1875  -0.241407
-0.03125  -0.306055
0.09375  -0.327569
-0.15625  -0.452462
-0.0625  -0.450047
0.0625  -0.26896
-0.0625  -0.474768
-0.28125  -0.394232
0.03125  -0.206454
0.0625  -0.469004
0  -0.413846
-0.0625  0.0466467
0.09375  -0.290441
-0.09375  -0.447329
0.0625  -0.258059
-0.09375  -0.292481
0.0625  -0.135431
0  -0.383838
-0.125  -0.294014
0.03125  -0.390301
0.125  -0.27097
-0.09375  -0.400901
-0.03125  -0.407559
0.03125  -0.482323
-0.15625  -0.22256
0  -0.254309
-0.0625  -0.304482
0.0625  -0.200736
0.03125  -0.395352
-0.0625  -0.217823
0.03125  -0.146984
0  -0.296453
-0.09375  -0.222281
-0.125  -0.384877
0.09375  -0.211784
0.0625  -0.345951
0.09375  -0.375794
-0.03125  -0.31889
-0.0625  -0.455527
0  -0.374811
-0.21875  -0.226624
0.15625  -0.209186
-0.15625  -0.386222
-0.09375  -0.21666
-0.09375  -0.22192
0.15625  -0.300622
-0.09375  -0.191643
0  -0.17304
-0.0625  -0.265241
-0.03125  -0.36365
-0.15625  -0.174485
0.125  -0.373231
-0.03125  -0.198564
-0.1875  -0.202875
0  -0.323353
-0.21875  -0.469811
-0.03125  -0.230394
0.03125  -0.353995
0.09375  -0.441782
0.0625  -0.201411
-0.03125  -0.119187
-0.09375  -0.375963
-0.125  -0.3512
0.03125  -0.178917
0  -0.266088
-0.21875  -0.501491
0.25  -0.225573
0.0625  -0.395322
-0.125  -0.0794576
0.15625  -0.360288
0  -0.199655
-0.03125  -0.193213
-0.25  0.037309
-0.09375  -0.539712
0.15625  -0.376899
-0.0625  -0.4748
0  -0.288255
0.09375  -0.508951
0.15625  -0.547599
-0.09375  -0.474334
-0.0625  -0.502082
0.03125  -0.0364111
0.15625  -0.43721
0.03125  -0.330761
0.09375  -0.357431
-0.09375  -0.198101
0.03125  -0.271458
-0.1875  -0.422084
0.21875  -0.415727
-0.125  -0.0948675
0.21875  -0.440929
-0.03125  -0.395699
0.21875  -0.450516
0.09375  -0.394842
0.15625  -0.4551
-0.125  -0.2564
-0.09375  -0.458557
-0.15625  -0.427905
0.03125  -0.467752
-0.09375  -0.481244
0.0625  -0.336438
0.0625  -0.244409
0  -0.322473
0.09375  -0.514339
0.15625  -0.220006
0  -0.271085
-0.28125  -0.228042
0.03125  -0.440458
-0.125  -0.391729
0.21875  -0.435566
-0.0625  -0.322724
-0.03125  -0.164899
0  -0.170896
0.03125  -0.0837544
0.125  -0.392975
0.09375  -0.560615
0.1875  -0.404446
0.125  -0.498045
0.09375  -0.331706
0.0625  -0.273605
-0.0625  -0.297832
0.0625  -0.209185
-0.09375  -0.49683
-0.03125  -0.279369
0.09375  -0.399922
-0.125  -0.483157
-0.15625  -0.348045
0.15625  -0.309904
0.0625  -0.366189
0.1875  -0.29942
-0.125  -0.181729
0  -0.440224
-0.03125  -0.250854
0.0625  -0.297679
0.0625  -0.362208
0.15625  -0.367532
-0.0625  -0.308549
0.03125  -0.346181
-0.15625  -0.367989
0.125  -0.329756
-0.125  -0.430357
-0.03125  -0.259279
0  -0.342789
-0.09375  -0.345482
-0.25  -0.510987
0.1875  -0.350155
0.1875  -0.22788
0.15625  -0.155525
-0.09375  -0.272678
0  -0.455212
0.03125  -0.294415
-0.125  -0.371855
0.0625  -0.436499
0.03125  -0.351544
0.0625  -0.369434
0.03125  -0.169179
0.09375  -0.235525
-0.125  -0.337304
0.0625  -0.259889
0.09375  -0.214994
-0.03125  -0.370479
-0.09375  -0.371753
0.0625  -0.304054
-0.25  -0.298543
0.03125  -0.180801
-0.125  -0.377074
0.125  -0.179678
0.15625  -0.203068
0.03125  -0.259032
0.0625  -0.274081
0.0625  -0.347238
0.03125  -0.218086
-0.03125  -0.522395
-0.15625  -0.363992
0.21875  -0.342032
-0.03125  -0.292419
0.1875  -0.205008
-0.375  -0.329051
0.0625  -0.225482
0.1875  -0.446299
0.125  -0.305828
0  -0.28792
0.0625  -0.431935
-0.03125  -0.458029
0.28125  -0.555191
-0.15625  -0.312481
-0.125  -0.570438
-0.0625  -0.452054
-0.15625  -0.405808
-0.1875  -0.424433
-0.125  -0.321287
-0.125  -0.421286
0.125  -0.585883
0.125  -0.205667
0.09375  -0.276285
0.1875  -0.432295
0  -0.290958
0.21875  -0.15328
0  -0.370256
0.03125  -0.264483
-0.25  -0.218497
-0.125  -0.40477
-0.03125  -0.230402
0.03125  -0.429839
-0.09375  -0.314531
0.0625  -0.446409
-0.1875  -0.101849
0  -0.121568
0  -0.346719
-0.03125  -0.267573
0.1875  -0.315611
0.03125  -0.460116
-0.03125  -0.323139
0  -0.184942
-0.28125  -0.380218
-0.0625  -0.516738
0.09375  -0.324493
0.03125  -0.280843
0.09375  -0.290287
0.15625  -0.314451
0.21875  -0.217373
-0.1875  -0.406702
0  -0.290012
0.03125  -0.288277
-0.03125  -0.261718
0.15625  -0.51993
-0.125  -0.477457
0.0625  -0.277622
0.03125  -0.253993
-0.15625  -0.163994
-0.125  -0.223821
-0.21875  -0.250245
-0.09375  -0.421383
-0.1875  -0.440463
0.03125  -0.278083
0.09375  -0.345497
-0.15625  -0.297903
-0.15625  -0.442529
0.125  -0.280804
0.375  -0.380053
-0.0625  -0.300843
0  -0.406436
-0.0625  -0.264972
-0.125  -0.410245
0.125  -0.314671
0.125  -0.475956
-0.3125  -0.208649
-0.125  -0.239818
0.03125  -0.334329
0.09375  -0.291523
0.09375  -0.206264
0.09375  -0.192987
0.09375  -0.434379
-0.125  -0.0766159
-0.375  -0.39418
0  -0.353407
-0.03125  -0.183977
0.0625  -0.290927
0.0625  -0.58199
0.09375  -0.149589
-0.125  -0.374018
0.125  -0.332954
0.0625  -0.299739
0.15625  -0.373103
-0.0625  -0.278036
0.03125  -0.416216
-0.03125  -0.336317
0.34375  -0.246524
0.40625  -0.074476
-0.09375  -0.226241
-0.125  -0.586085
-0.09375  -0.507629
-0.0625  -0.506287
-0.03125  -0.255104
-0.03125  -0.244454
-0.15625  -0.260289
-0.03125  -0.29147
-0.0625  -0.231798
-0.125  -0.316354
-0.1875  -0.38926
-0.03125  -0.21942
0.25  -0.37309
-0.125  -0.460677
-0.03125  -0.42352
0.25  -0.153766
0.25  -0.421
0  -0.255558
0.1875  -0.355663
0  -0.274079
-0.03125  -0.338888
-0.0625  -0.220581
0.1875  -0.303589
-0.0625  -0.375674
-0.09375  -0.267886
-0.03125  -0.223049
-0.09375  -0.265377
0.28125  -0.417097
0.125  -0.218048
0.21875  -0.389309
0.0625  -0.484199
0.28125  -0.414135
-0.09375  -0.324308
-0.09375  -0.267301
0.09375  -0.230413
-0.03125  -0.345342
0.25  -0.494233
0  -0.325576
-0.1875  -0.28227
-0.03125  -0.594435
0.03125  -0.200931
0.03125  -0.549784
0  -0.289445
0.125  -0.159748
-0.0625  -0.242285
0.09375  -0.371946
0.1875  -0.163655
-0.09375  -0.362424
0.09375  -0.318738
0.0625  -0.216504
0.125  -0.384793
-0.15625  -0.209733
-0.1875  -0.447573
0.28125  -0.322769
0  -0.252554
0.21875  -0.0560886
0.09375  -0.486605
-0.125  -0.389753
-0.0625  -0.227645
0.125  -0.356857
-0.15625  -0.281696
0.0625  -0.292596
0.09375  -0.041515
-0.125  -0.372296
0.09375  -0.273998
0.15625  -0.288753
-0.09375  -0.152368
-0.0625  -0.406723
0.125  -0.244927
-0.28125  -0.196994
0.03125  -0.480409
-0.125  -0.161539
-0.15625  -0.225047
0.125  -0.43029
-0.125  -0.385892
0.03125  -0.351876
0.0625  -0.270009
-0.125  -0.392685
-0.125  -0.259794
-0.09375  -0.248634
-0.03125  -0.337422
0.15625  -0.319343
0.1875  -0.374347
0.0625  -0.388059
-0.125  -0.406529
0.03125  -0.367452
-0.0625  -0.41591
-0.0625  -0.276557
-0.15625  -0.24563
-0.25  -0.402112
0.0625  -0.39152
0  -0.265489
-0.03125  -0.622355
-0.1875  -0.335881
0.0625  -0.306632
0  -0.376338
0.15625  -0.449718
0  -0.387979
-0.03125  -0.260868
-0.15625  -0.304867
0.0625  -0.0299112
0.15625  -0.273955
0.09375  -0.287356
0.125  -0.538963
0.03125  -0.212735
0.25  -0.503307
0.125  -0.306774
0.0625  -0.455752
-0.0625  -0.174888
0.1875  -0.444124
-0.03125  -0.34728
-0.03125  -0.250255
0.03125  -0.338648
-0.125  -0.448859
-0.0625  -0.408837
0.125  -0.336489
-0.21875  -0.440791
0.03125  -0.487812
0.125  -0.3519
0  -0.29874
0.09375  -0.281024
-0.0625  -0.410481
0.1875  -0.382408
0.09375  -0.299912
0.0625  -0.142084
0.15625  -0.426047
0.0625  -0.292872
-0.28125  -0.407844
0.125  -0.403417
0.09375  -0.212247
0.1875  -0.312173
-0.0625  -0.407946
0.125  -0.241946
0.125  -0.182095
0.09375  -0.339313
-0.125  -0.387556
-0.09375  -0.421843
0.0625  -0.475613
0  -0.278032
-0.03125  -0.49903
0.125  -0.407638
-0.09375  -0.572427
0.125  -0.20132
-0.09375  -0.266118
0.1875  -0.461431
0.09375  -0.486774
0.125  -0.277491
-0.09375  -0.293168
0.125  -0.261516
-0.125  -0.411841
0.1875  -0.421184
0.21875  -0.132739
0.09375  -0.235156
-0.125  -0.104897
0  -0.140231
0.15625  -0.48443
-0.09375  -0.426258
-0.09375  -0.241331
-0.0625  -0.220091
-0.28125  -0.262403
-0.03125  -0.289262
0.09375  -0.215526
0.1875  -0.220936
0.125  -0.387962
-0.40625  -0.296005
0.15625  -0.407012
0.0625  -0.287162
0.125  -0.218428
-0.21875  -0.173019
0.125  -0.201353
0.0625  -0.451499
0.09375  -0.498761
-0.125  -0.437803
0  -0.471741
-0.125  -0.157507
-0.03125  -0.23653
0.0625  -0.177932
0  -0.18608
0.0625  -0.19011
0.03125  -0.274679
-0.03125  -0.359885
0.03125  -0.272291
0.03125  -0.203152
-0.03125  -0.170813
-0.1875  -0.631814
0.0625  -0.357395
-0.125  -0.315945
-0.03125  -0.327085
0  -0.116262
0.03125  -0.394341
-0.03125  -0.298902
-0.0625  -0.345994
0.34375  -0.288991
0.28125  -0.252699
0.0625  -0.505431
0.03125  -0.27863
0.125  -0.217435
-0.03125  -0.393795
0.09375  -0.432333
-0.0625  -0.367216
-0.0625  -0.323502
0.09375  -0.203825
-0.03125  -0.250715
0  -0.0704156
-0.09375  -0.284312
0.15625  -0.415001
-0.09375  -0.365984
0.1875  -0.300533
0  -0.109783
0.03125  -0.312694
0.0625  -0.346589
-0.1875  -0.265546
0.03125  -0.283124
0.28125  -0.268204
-0.03125  -0.180202
0.03125  -0.493519
-0.03125  -0.338739
-0.0625  -0.398827
0  -0.3906
-0.25  -0.325226
0.0625  -0.284426
0.03125  -0.368435
-0.1875  -0.448418
-0.15625  -0.430504
0.09375  -0.364288
0.0625  -0.221398
-0.15625  -0.264211
-0.0625  -0.166993
0.0625  -0.172906
0.125  -0.293874
-0.1875  -0.413812
-0.03125  -0.374533
0.28125  -0.441712
-0.125  -0.086628
-0.21875  -0.415653
0.1875  -0.277328
0.0625  -0.486296
0  -0.480269
-0.125  -0.295804
0  -0.287351
0  -0.371587
-0.03125  -0.44779
0  -0.303047
0.1875  -0.378287
0  -0.261523
0.03125  -0.226707
0.125  -0.232726
-0.0625  -0.248681
0.03125  -0.39843
0.03125  -0.219142
-0.09375  -0.343838
0  -0.403112
0.03125  -0.346515
-0.1875  -0.316621
0.125  -0.311248
0.0625  -0.360617
0.125  -0.514381
-0.28125  -0.313686
-0.125  -0.111967
0.1875  -0.283091
0.15625  -0.300446
0  -0.313719
0.0625  -0.134218
0.15625  -0.343804
-0.1875  -0.214001
-0.03125  -0.45797
-0.03125  -0.0960217
-0.125  -0.266271
0.15625  -0.469474
0.1875  -0.299452
-0.0625  -0.220097
-0.3125  -0.402297
-0.03125  -0.340086
-0.09375  -0.334951
0.1875  -0.357333
0  -0.241795
0.0625  -0.577984
0.3125  -0.215349
0.03125  -0.377857
-0.03125  -0.235095
0  -0.44888
-0.25  -0.327347
-0.1875  -0.317148
0.15625  -0.471174
0.0625  -0.382324
0.1875  -0.390218
0.125  -0.314453
0  -0.22338
-0.09375  -0.484859
0.03125  -0.204939
0.0625  -0.281588
0.21875  -0.170593
-0.15625  -0.453068
-0.03125  -0.329037
-0.03125  -0.450685
0.15625  -0.335152
0.125  -0.148814
0  -0.260945
-0.0625  -0.414509
-0.03125  -0.330527
0  -0.333067
0.25  -0.277208
-0.125  -0.333538
0.09375  -0.251314
-0.03125  -0.165689
-0.09375  -0.376593
-0.0625  -0.446341
-0.0625  -0.501063
0.03125  -0.254789
0.09375  -0.221777
0.1875  -0.317586
0.34375  -0.246913
0  -0.297229
0.0625  -0.304125
-0.0625  -0.243247
0.03125  -0.263956
-0.09375  -0.326905
-0.0625  -0.271686
-0.21875  -0.299752
-0.1875  -0.255942
0  -0.39653
0.15625  -0.289161
-0.0625  -0.412159
0.03125  -0.452763
0.03125  -0.343543
0.125  -0.52941
-0.125  -0.160424
0.1875  -0.478297
-0.03125  -0.422409
0.09375  -0.394727
-0.21875  0.101545
-0.15625  -0.556013
-0.15625  -0.419158
-0.1875  -0.299167
-0.21875  -0.35907
0.03125  -0.293289
-0.03125  -0.170962
-0.0625  -0.162234
-0.125  -0.570452
-0.3125  -0.606914
-0.15625  -0.255025
0  -0.193206
0.0625  -0.261474
0.03125  -0.199676
0.125  -0.405309
-0.03125  -0.526005
0.03125  -0.301199
-0.21875  -0.351093
-0.03125  -0.521159
0.125  -0.406787
0.0625  -0.407421
0.0625  -0.293668
-0.03125  -0.263435
0.09375  -0.122565
0.09375  -0.409246
-0.25  -0.292807
0.0625  -0.276273
-0.03125  -0.347569
0.125  -0.41248
-0.1875  -0.439359
0.375  -0.143542
-0.0625  -0.423893
-0.125  -0.523259
-0.125  -0.41985
-0.0625  -0.203364
-0.0625  -0.381998
-0.0625  -0.344806
0.09375  -0.402013
0.125  -0.063918
-0.09375  -0.218322
0.1875  -0.252086
-0.1875  -0.202108
0  -0.525962
0.15625  -0.317343
-0.21875  -0.266143
-0.09375  -0.30722
0.1875  -0.346645
0  -0.382774
0.09375  -0.404094
-0.03125  -0.333422
0.28125  -0.330444
-0.09375  -0.456643
0  -0.0803647
0  -0.126165
0.125  -0.372765
-0.1875  -0.23899
-0.09375  -0.379748
0.1875  0.0222064
0  -0.439156
0.15625  -0.429626
0.125  -0.30976
0.15625  -0.0619548
0  -0.127432
0.03125  -0.0590565
-0.15625  -0.244174
0  -0.399798
0.125  -0.235513
-0.03125  -0.363279
-0.1875  -0.439981
0.03125  -0.209624
-0.125  -0.329872
-0.125  -0.241428
0.0625  -0.334811
0.21875  -0.422711
0.0625  -0.400015
-0.125  -0.398732
0.125  -0.235429
0.25  -0.384589
0  -0.3096
0.28125  -0.284935
0.125  -0.215647
0  -0.243672
0.1875  -0.423839
-0.25  -0.251657
-0.15625  -0.265776
-0.0625  -0.407847
-0.03125  -0.142049
0.125  -0.442514
0  -0.0636177
-0.125  -0.322798
0.09375  -0.318611
-0.09375  -0.312685
0.15625  -0.428232
0.03125  -0.217876
0.03125  -0.478719
0.21875  -0.180541
-0.0625  -0.283717
0  -0.36916
0.09375  -0.396154
-0.09375  -0.273611
0.03125  -0.447052
0.15625  -0.18315
0.0625  -0.398133
0.03125  -0.312645
-0.03125  -0.453901
-0.03125  -0.473844
0.28125  -0.436348
-0.0625  -0.39807
0  -0.299626
-0.03125  -0.267157
-0.0625  -0.393899
-0.03125  -0.313438
0.0625  -0.370212
0.03125  -0.231414
-0.0625  -0.307518
0.0625  -0.0801513
0.1875  -0.0917877
-0.0625  -0.477978
-0.1875  -0.272064
-0.0625  -0.27132
-0.125  -0.300013
0.09375  -0.264223
0.1875  -0.280601
0.21875  -0.287053
0.0625  -0.434959
0.0625  -0.469069
-0.3125  -0.358547
-0.09375  -0.235032
0.125  -0.420692
-0.09375  -0.425104
0.03125  -0.410323
-0.125  -0.562131
0.03125  -0.449997
0.09375  -0.372
-0.15625  -0.228272
-0.1875  -0.366236
-0.15625  -0.39616
-0.09375  -0.318133
0.03125  -0.239281
0.09375  -0.25208
0.3125  -0.513285
0.15625  -0.211212
0.09375  -0.261612
0.28125  -0.221147
0.09375  -0.294867
-0.09375  -0.381649
0.0625  -0.213001
0.0625  -0.34009
-0.125  -0.217602
0  -0.371015
0.09375  -0.47761
-0.09375  -0.225551
0.15625  -0.229689
-0.125  -0.52374
-0.15625  -0.559476
0.0625  -0.168659
-0.15625  -0.50681
-0.03125  -0.40894
0.09375  -0.178058
-0.15625  -0.472361
-0.125  -0.382106
-0.1875  -0.281701
0.125  -0.498039
-0.03125  -0.205819
0.03125  -0.397905
-0.03125  -0.257737
0.15625  -0.248169
-0.0625  -0.181528
0  -0.491915
-0.0625  -0.318108
-0.0625  -0.222798
0.125  -0.280345
-0.03125  -0.530904
-0.03125  -0.458264
0.28125  -0.283852
0.1875  -0.17743
0  -0.0677271
0.0625  -0.434931
0  -0.425048
0.1875  -0.527046
0.09375  -0.412499
0.0625  -0.506877
-0.03125  -0.204495
0.0625  -0.36369
0.03125  -0.250045
0.21875  -0.271538
0.21875  -0.248567
-0.125  -0.162856
-0.09375  0.0133424
0.15625  -0.163267
0.09375  -0.364361
0.1875  -0.299944
0.3125  -0.493857
-0.03125  -0.194401
-0.0625  -0.397113
0.09375  -0.270169
0.15625  -0.362428
0.1875  -0.315304
-0.03125  -0.293038
0.03125  -0.263773
0  -0.380242
-0.09375  -0.205845
0.0625  -0.409455
-0.09375  -0.436084
-0.0625  -0.234803
0.125  -0.132997
-0.09375  -0.23959
0.15625  -0.242863
0.03125  -0.288237
0.21875  -0.098294
-0.03125  -0.388664
0.125  -0.366022
0  -0.533636
-0.21875  -0.345224
0  -0.319332
-0.125  -0.420696
-0.125  -0.326645
0.34375  -0.269957
-0.09375  0.0166162
-0.25  -0.132963
0.125  -0.341427
0  -0.191542
-0.125  -0.220351
0.03125  -0.353431
0.125  -0.457209
-0.125  -0.120469
0.03125  -0.18647
0.1875  -0.270369
-0.0625  -0.24437
0.03125  -0.386857
-0.1875  -0.432947
0.1875  -0.209199
0.03125  -0.289481
-0.1875  -0.428863
-0.21875  -0.272165
0  -0.221109
-0.09375  -0.231412
-0.09375  -0.267175
0  -0.170449
-0.03125  -0.362955
0.09375  -0.419444
0.15625  -0.04968
-0.03125  -0.482488
-0.1875  -0.12886
-0.125  -0.133707
-0.21875  -0.407155
0.09375  -0.345313
0.1875  -0.479782
0.09375  -0.340664
-0.1875  -0.276118
-0.0625  -0.357941
-0.21875  -0.508211
0  -0.384459
0.03125  -0.320721
0  -0.30111
-0.0625  -0.431138
0.21875  -0.374594
-0.09375  -0.343982
-0.1875  -0.267428
-0.09375  -0.368228
0.28125  -0.380123
0.15625  -0.247438
0.15625  -0.473169
0.03125  -0.406324
0.0625  -0.362657
0.03125  -0.180078
-0.15625  -0.379593
-0.09375  -0.34432
0  -0.156886
-0.125  -0.428546
0.15625  -0.187888
-0.25  -0.189526
-0.03125  -0.349978
-0.15625  -0.108278
0.09375  -0.206138
0.0625  -0.434127
0.21875  -0.337414
0.0625  -0.452371
-0.09375  -0.301976
0.09375  -0.386625
-0.0625  -0.359777
0.125  -0.358542
0  -0.296114
0.09375  -0.290226
-0.09375  -0.351213
0.0625  -0.212167
0.09375  -0.641059
-0.0625  -0.272378
0.25  -0.283393
0.03125  -0.222302
-0.09375  -0.303461
0.09375  -0.396619
-0.34375  -0.347579
-0.03125  -0.210945
0.15625  -0.318411
-0.3125  -0.334917
0.0625  -0.202561
-0.15625  -0.313403
-0.09375  -0.037421
-0.09375  -0.209916
-0.0625  -0.392679
-0.03125  -0.394437
-0.3125  -0.219343
0.15625  -0.208146
-0.1875  -0.233962
-0.09375  -0.199998
0.03125  -0.41069
-0.0625  -0.503452
0  -0.415005
-0.28125  -0.323912
0.15625  -0.274718
-0.03125  -0.149777
-0.0625  -0.412108
0.09375  -0.37606
-0.28125  -0.436408
0.15625  -0.419721
0.21875  -0.26405
-0.1875  -0.226796
0.09375  -0.105931
-0.125  -0.344914
0.03125  -0.276899
-0.0625  -0.346879
0.03125  -0.567557
0  -0.27105
0.15625  -0.231489
0.09375  -0.385829
0.0625  -0.130222
0.125  -0.0578827
-0.03125  -0.546697
0.09375  -0.464022
-0.125  -0.251402
0.3125  -0.431559
-0.125  -0.327774
0  -0.45995
0  -0.384834
0.1875  -0.205564
0  -0.481285
-0.0625  -0.257139
0.125  -0.676397
0.15625  -0.316623
-0.0625  -0.263603
-0.15625  -0.424332
0.03125  -0.375577
-0.25  -0.219331
-0.0625  -0.396102
0.375  -0.25204
0.1875  -0.197152
-0.03125  -0.245455
0.25  -0.447993
-0.0625  -0.443934
0.09375  -0.294901
-0.03125  -0.308598
0.03125  -0.350603
-0.21875  -0.226843
-0.09375  -0.511054
-0.15625  -0.310252
-0.03125  -0.128376
0  -0.458262
-0.21875  -0.409796
0.1875  -0.55716
0.03125  -0.474647
0.21875  -0.301982
0.125  -0.288715
0.09375  -0.412551
-0.03125  -0.193012
-0.34375  -0.37302
0.34375  -0.243844
-0.09375  -0.450771
-0.15625  -0.326194
0.125  -0.383819
-0.03125  -0.299071
-0.09375  -0.386093
0.03125  -0.468291
-0.03125  -0.375533
-0.15625  -0.396216
-0.25  -0.378727
0.03125  -0.409618
0  -0.289467
0.0625  -0.365731
-0.125  -0.251336
-0.1875  -0.514539
-0.125  -0.312106
0.0625  -0.328872
0  -0.327999
0.03125  -0.400499
0.09375  -0.215495
0.09375  -0.142481
0.09375  -0.228728
-0.0625  -0.296543
0.15625  -0.284013
-0.03125  -0.287102
0.125  -0.24095
-0.03125  -0.514616
-0.03125  -0.295366
-0.0625  -0.272203
-0.03125  -0.445683
0.0625  -0.196798
0.125  -0.487358
0.125  -0.412376
0.09375  -0.232875
0.09375  -0.497308
0.21875  -0.491885
0.1875  -0.169252
0  -0.301093
-0.15625  -0.378953
0.0625  -0.469133
-0.0625  -0.383916
0.3125  -0.367178
0.21875  -0.451388
-0.09375  -0.382267
0  -0.253319
-0.0625  -0.250933
-0.0625  -0.406911
0.03125  -0.400806
0  -0.212046
-0.25  -0.346168
0.1875  -0.218328
-0.125  -0.358897
0.09375  -0.378391
-0.3125  -0.331807
0.0625  -0.187945
0.21875  -0.357462
0.15625  -0.296891
-0.0625  -0.451484
0.09375  -0.277346
0.0625  -0.417758
0.21875  -0.172653
-0.03125  -0.214984
-0.125  -0.308471
-0.09375  -0.139529
-0.125  -0.177604
-0.1875  -0.275657
-0.0625  -0.309405
-0.03125  -0.187863
0.125  -0.231142
-0.03125  -0.40362
0.21875  -0.441644
-0.03125  -0.281446
0.0625  -0.280099
0.09375  -0.391709
-0.03125  -0.37525
-0.0625  -0.420381
-0.1875  -0.35827
0.125  -0.33705
0.21875  -0.224867
0.28125  -0.338965
0.09375  -0.27347
-0.0625  -0.248597
-0.0625  -0.302021
0.0625  -0.343135
-0.125  -0.531996
-0.21875  -0.325401
0.21875  -0.191009
0.09375  -0.274349
0.125  -0.393272
0.125  -0.439065
0.09375  -0.280469
-0.15625  -0.303025
0.15625  -0.167673
0.125  -0.290564
0.15625  -0.331979
0.0625  -0.277786
-0.15625  -0.136899
0.0625  -0.553949
-0.03125  -0.275488
0  -0.322981
-0.15625  -0.190144
0.125  -0.35613
-0.03125  -0.204691
0.0625  -0.336473
0.0625  -0.169041
-0.0625  -0.287287
0  -0.503313
-0.0625  -0.393939
0.03125  -0.284615
-0.0625  -0.238062
0.0625  -0.266849
-0.09375  -0.154744
0.09375  -0.422714
0.0625  -0.10423
-0.1875  -0.469202
-0.21875  -0.186168
-0.25  -0.275522
-0.125  -0.294223
0.15625  -0.402878
0.21875  -0.374864
-0.0625  -0.477759
-0.1875  -0.307575
0.0625  -0.281329
0.03125  -0.319558
0.125  -0.163536
-0.125  -0.323892
-0.25  -0.412098
0.0625  -0.249791
0.28125  -0.309344
0  -0.674725
-0.28125  -0.314419
0.0625  -0.468131
-0.0625  -0.272925
-0.28125  -0.301598
-0.0625  -0.239167
0.09375  -0.195721
0  -0.314948
0.15625  -0.234096
0.09375  -0.367377
-0.09375  -0.22952
-0.28125  -0.472485
-0.21875  -0.254815
0.09375  -0.414261
0  -0.355137
0.03125  -0.0280267
0.125  -0.338308
-0.15625  -0.386205
0.21875  -0.222196
0.03125  -0.131036
-0.125  -0.291767
0.09375  -0.450892
-0.0625  -0.366228
-0.21875  -0.345118
0.1875  -0.258418
-0.125  -0.277905
-0.09375  -0.322372
-0.09375  -0.303852
0.03125  -0.430829
0  -0.405718
-0.125  -0.37458
0.125  -0.139919
-0.15625  -0.216904
0.09375  -0.298581
-0.03125  -0.344939
0.0625  -0.207808
-0.15625  -0.285744
-0.03125  -0.389417
0.03125  -0.413879
0.15625  -0.407619
0.1875  -0.301358
-0.0625  -0.495576
0.15625  -0.148354
0  -0.203256
-0.03125  -0.208186
0.1875  -0.39799
-0.09375  -0.28016
0.0625  -0.392013
0.0625  -0.061085
0.09375  -0.230364
-0.125  -0.423985
-0.125  -0.264493
-0.03125  -0.217735
-0.25  -0.343076
0.0625  -0.330113
0.03125  -0.334438
0.125  -0.397875
0.125  -0.0959923
-0.1875  -0.395273
0.21875  -0.299741
-0.1875  -0.208615
-0.375  -0.159248
-0.03125  -0.418147
-0.0625  -0.434238
-0.21875  -0.217832
0  -0.457721
0.125  -0.295066
0.15625  -0.221962
-0.03125  -0.302615
0  -0.367263
-0.09375  -0.370395
0.03125  -0.40368
-0.15625  -0.170218
-0.15625  -0.21298
-0.03125  -0.423937
0.03125  -0.280529
0.03125  -0.484758
-0.21875  -0.496568
0.09375  -0.527279
0.125  -0.282067
-0.21875  -0.351753
0.15625  -0.127771
-0.0625  -0.232743
0.09375  -0.181433
0  -0.427254
0.0625  -0.434846
0.09375  -0.0861979
0.09375  -0.178594
0.03125  -0.402381
0.0625  -0.366522
-0.125  -0.243499
0  -0.423928
0.09375  -0.300189
0.125  -0.472662
0.1875  -0.416088
-0.25  -0.243193
0.0625  -0.551511
-0.03125  -0.190665
-0.0625  -0.455256
0.0625  -0.449235
-0.0625  -0.50609
0.28125  -0.278875
0  -0.346066
0  -0.376304
-0.125  -0.282498
0.15625  -0.370277
0  -0.238272
-0.09375  -0.162048
0.09375  -0.322357
0.03125  -0.202446
0.0625  -0.260757
-0.0625  -0.442368
-0.15625  -0.175772
0.0625  -0.417348
-0.1875  -0.401621
-0.1875  -0.0976003
0.0625  -0.199201
0.09375  -0.384396
-0.03125  -0.0801069
0  -0.458318
-0.03125  -0.293063
-0.03125  -0.249836
0.0625  -0.195266
-0.03125  -0.308558
-0.125  -0.419091
-0.1875  -0.265757
-0.15625  -0.328651
-0.0625  -0.392292
0.125  -0.449237
0.09375  -0.318225
0.03125  -0.281426
-0.03125  -0.484966
-0.28125  -0.340986
0.0625  -0.282739
0.125  -0.425976
0.15625  -0.291016
0.15625  -0.397661
0.03125  -0.351281
0.125  -0.354884
-0.1875  -0.338027
-0.25  -0.240818
-0.0625  -0.157426
0  -0.307867
0.0625  -0.34705
-0.15625  -0.205352
0.125  -0.453157
-0.09375  -0.249573
-0.15625  -0.416116
0.03125  -0.372303
-0.09375  -0.556109
0.0625  -0.308802
-0.09375  -0.40965
-0.09375  -0.230678
0.03125  -0.308657
0.03125  -0.463256
0.1875  -0.300262
-0.15625  -0.11658
-0.09375  -0.395955
-0.0625  -0.397215
0.0625  -0.450102
-0.3125  -0.252804
-0.0625  -0.308578
-0.3125  -0.311785
0.15625  0.0457384
-0.03125  -0.152344
0.09375  -0.305644
-0.0625  -0.349107
-0.125  -0.381665
0.125  -0.449075
0.03125  -0.213795
-0.0625  -0.103701
0.09375  -0.362787
0.25  -0.30544
0.09375  -0.181584
0.0625  -0.190908
0.09375  -0.0751588
0.03125  -0.338597
-0.3125  -0.40868
0.03125  -0.245864
0.21875  -0.416249
-0.21875  -0.340516
0.09375  -0.308045
-0.15625  -0.0836059
0.09375  -0.326931
-0.0625  -0.159237
0.09375  -0.511316
0.03125  -0.245447
-0.1875  -0.29447
-0.03125  -0.378553
-0.0625  -0.0419113
0.09375  -0.177357
-0.0625  -0.3372
0.125  -0.197488
0.15625  -0.352558
0.03125  -0.0919813
0.03125  -0.229861
-0.0625  -0.40378
0  -0.389675
-0.0625  -0.428816
0.0625  -0.575795
-0.0625  -0.279121
0.0625  -0.230349
0.15625  -0.189194
-0.09375  -0.422911
-0.15625  -0.239751
0.03125  -0.293336
-0.21875  -0.313709
0.09375  -0.373221
-0.03125  -0.389691
0.0625  -0.129185
0.0625  -0.344528
0.125  -0.511018
0.125  -0.18341
-0.28125  -0.202575
-0.1875  -0.410969
0.0625  -0.283618
0.125  -0.245216
0.125  -0.390394
-0.03125  -0.306353
-0.1875  -0.138314
0.125  -0.330999
-0.09375  -0.367622
0.15625  -0.373059
0  -0.292612
0.15625  -0.257857
0.03125  -0.44546
0.09375  -0.241178
0.03125  -0.216331
0.09375  -0.390014
0.15625  -0.285572
0.15625  0.111478
0.0625  -0.112539
0.09375  -0.480841
0.1875  -0.275631
-0.21875  -0.242884
0.0625  -0.319494
0.21875  -0.303759
0.0625  -0.399535
0  -0.445924
0.09375  -0.272722
0.09375  -0.31195
-0.03125  -0.0668859
0.03125  -0.291923
-0.09375  -0.461597
0.0625  -0.293885
-0.09375  -0.310072
0.125  -0.463827
0.03125  -0.340234
0.125  -0.300638
0.03125  -0.394437
-0.15625  -0.462648
0.03125  -0.197909
0.03125  -0.265305
-0.21875  -0.316446
0.125  -0.299939
-0.03125  -0.390697
-0.09375  -0.298167
-0.0625  -0.261871
0.15625  -0.185498
-0.125  -0.305198
0.0625  -0.315639
0.03125  -0.26805
0.03125  -0.346853
0  -0.221427
0.0625  -0.444381
0.25  -0.45303
0.09375  -0.307139
-0.15625  -0.234741
0.0625  -0.538333
0.21875  -0.242273
0  -0.0784259
0.21875  -0.329833
0.15625  -0.35287
0.1875  -0.347027
-0.09375  -0.266192
-0.21875  -0.340837
-0.0625  -0.247625
0.0625  -0.511285
-0.15625  -0.0223393
0.03125  -0.282621
-0.09375  -0.353556
-0.15625  -0.261566
-0.0625  -0.208054
-0.125  -0.41619
-0.15625  -0.472326
-0.03125  -0.439415
-0.09375  -0.313066
0.03125  -0.237682
0.15625  -0.236362
0.09375  -0.48629
-0.15625  -0.347205
0.1875  -0.155079
-0.0625  -0.253352
0.03125  -0.334042
-0.03125  -0.446916
0.15625  -0.339776
-0.09375  -0.340764
-0.09375  -0.428617
0.25  -0.151699
0.375  -0.154506
0.28125  -0.367548
-0.0625  -0.407749
0  -0.341249
-0.15625  -0.443738
0.03125  -0.385098
-0.125  -0.106957
0  -0.322
0.0625  -0.381815
0.28125  -0.357244
-0.15625  -0.340177
-0.1875  -0.200806
-0.125  -0.186189
0.0625  -0.369409
0.125  -0.408397
0.125  -0.48772
0.15625  -0.37404
0.03125  -0.474376
-0.1875  -0.217461
0.15625  -0.502395
0  -0.430778
-0.03125  -0.392106
-0.0625  -0.314499
-0.03125  -0.390989
0.03125  -0.323352
-0.09375  0.0369933
-0.15625  -0.463324
-0.0625  -0.431849
-0.3125  -0.508736
0.0625  -0.300376
-0.09375  -0.0227302
0.0625  -0.373089
-0.21875  -0.242413
-0.03125  -0.325707
0  -0.499719
0.21875  -0.141858
0  -0.351967
-0.09375  -0.286904
-0.15625  -0.311546
-0.03125  -0.218227
0.09375  -0.495103
0  -0.231723
0.21875  -0.526785
0.34375  -0.229207
-0.03125  -0.280135
0.0625  -0.298021
0.0625  -0.254951
0.09375  -0.351591
-0.0625  -0.195277
0.15625  -0.32116
-0.375  -0.39162
-0.09375  -0.241447
0.09375  -0.499471
0.03125  -0.333143
-0.03125  -0.324595
-0.0625  -0.199025
-0.125  -0.413701
-0.125  -0.392461
0.125  -0.257576
-0.21875  -0.339683
-0.0625  -0.340726
-0.03125  -0.213031
0.03125  -0.136604
-0.125  -0.219713
0.375  -0.204935
0.34375  -0.233333
0  -0.283883
0.15625  -0.345655
0.03125  -0.440438
-0.25  -0.429707
-0.0625  -0.192798
-0.1875  -0.150568
-0.09375  -0.312475
-0.09375  -0.501276
0.0625  -0.227204
-0.125  -0.343702
-0.09375  -0.278678
0.0625  -0.0668272
0  -0.340281
0.34375  -0.441034
-0.21875  -0.352995
-0.03125  -0.529866
0.3125  -0.316139
-0.1875  -0.284902
-0.125  -0.254731
0  -0.253057
-0.125  -0.546936
0  -0.164562
-0.125  -0.26788
0.1875  -0.265594
-0.0625  -0.363934
0.0625  -0.451202
-0.3125  -0.356932
0.0625  -0.509771
-0.03125  -0.508847
-0.0625  -0.460966
-0.125  -0.378429
0.0625  -0.407897
0.03125  -0.370373
-0.03125  -0.315605
0.21875  -0.238943
0.15625  -0.220752
-0.125  -0.309083
-0.21875  -0.400987
-0.09375  -0.355868
0.09375  -0.268144
-0.03125  -0.357192
-0.0625  -0.120854
0.0625  -0.3654
0.09375  -0.224767
0.0625  -0.283921
0.125  -0.40154
-0.125  -0.219813
0.1875  -0.44054
0  -0.349861
-0.09375  -0.47364
-0.15625  -0.376551
0.09375  -0.41959
0.28125  -0.505504
-0.1875  -0.374219
0.03125  -0.322205
0.03125  -0.204385
0.125  -0.282936
0.03125  -0.0952605
0.09375  -0.212701
0  -0.302771
-0.125  -0.387163
0  -0.238496
0.1875  -0.15507
-0.0625  -0.127129
0.21875  -0.245112
-0.125  -0.217667
-0.03125  -0.169933
-0.0625  -0.307163
0.3125  -0.516177
0.03125  -0.382123
-0.15625  -0.382824
-0.15625  -0.0944331
-0.09375  -0.407086
0.03125  -0.220013
-0.03125  -0.436031
-0.25  -0.179822
0.09375  -0.422792
-0.15625  -0.409093
-0.09375  -0.386784
0.09375  -0.167452
0  -0.426735
-0.21875  -0.15586
0.15625  -0.596941
0  -0.15796
0.125  -0.509616
-0.0625  -0.16481
-0.09375  -0.224045
0.125  -0.204721
0.375  -0.315911
-0.09375  -0.251828
-0.25  -0.236024
-0.09375  -0.253789
0.03125  -0.256627
0.21875  -0.326136
0  -0.43734
-0.15625  -0.330235
0  -0.264363
0.125  -0.476544
0.125  -0.18681
-0.03125  -0.514143
-0.15625  -0.328973
-0.09375  0.0192377
0.125  -0.508159
0.125  -0.109087
-0.15625  -0.147151
-0.125  -0.154164
-0.03125  -0.0653323
0  -0.308642
0.0625  -0.201157
0.125  -0.496167
0.21875  0.0214345
-0.09375  -0.324127
0.1875  -0.355627
0.09375  -0.31989
-0.15625  -0.545324
-0.125  -0.408772
0.0625  -0.507466
0.1875  -0.289997
0.15625  -0.360688
-0.125  -0.334971
-0.03125  -0.33579
0.125  -0.109527
0.15625  -0.34929
0  -0.477541
0.0625  -0.136461
0.0625  -0.103056
0.09375  -0.175452
0.03125  -0.204499
-0.25  -0.254236
0  -0.371277
0.09375  -0.191504
0.21875  -0.522143
0  -0.320368
0  -0.302721
0.09375  -0.225767
0.09375  -0.180129
0.03125  -0.165437
0.1875  -0.14866
0  -0.487099
0.03125  -0.325729
0.09375  -0.42838
0.0625  -0.237107
-0.25  -0.275318
0  -0.207977
0.125  -0.200193
-0.0625  -0.243218
-0.1875  -0.339851
0.0625  -0.351225
0.0625  -0.226818
0.1875  -0.418953
-0.375  -0.517469
0.1875  -0.290249
0.09375  -0.169715
0.0625  -0.252082
0  -0.177157
0.0625  -0.310926
0.03125  -0.627919
0.0625  -0.536343
-0.03125  -0.397822
0.03125  -0.350872
0.125  -0.336975
0  -0.447547
0.15625  -0.142258
0  -0.0411819
-0.25  -0.18922
0  -0.318931
-0.0625  -0.325023
-0.0625  -0.251918
0.15625  -0.334767
0  -0.453589
-0.125  -0.235488
0.0625  -0.259024
0.09375  -0.263397
-0.0625  -0.203435
-0.09375  -0.353079
-0.21875  -0.28457
0.125  -0.245754
0.0625  -0.342037
-0.125  -0.397109
0.0625  -0.463551
-0.0625  -0.357654
-0.09375  -0.320907
-0.0625  -0.312704
-0.03125  -0.417411
-0.1875  -0.372301
0.1875  -0.198478
-0.15625  -0.32286
-0.03125  -0.520739
-0.0625  -0.361254
-0.09375  -0.358779
0.1875  -0.385273
-0.125  -0.180039
0.03125  -0.0665913
-0.03125  -0.235431
-0.03125  -0.261245
-0.09375  -0.149069
-0.03125  -0.292725
0  -0.545097
0.0625  -0.418641
0.0625  -0.370966
0.0625  -0.189926
-0.125  -0.0970885
-0.28125  -0.0517235
0.15625  -0.335847
0.03125  -0.462974
-0.03125  -0.675752
-0.125  -0.38965
0.125  -0.107578
-0.34375  -0.437267
0.09375  -0.275058
-0.21875  -0.168346
0.0625  -0.220208
-0.03125  -0.38686
0.0625  -0.286063
-0.15625  -0.20093
0.0625  -0.381575
0.15625  -0.31024
0.125  -0.642929
-0.09375  -0.157829
-0.1875  -0.394738
-0.09375  -0.329208
-0.125  -0.477507
0.0625  -0.138416
-0.34375  -0.319012
0  -0.239792
0.1875  -0.423227
-0.09375  -0.298546
-0.09375  -0.358387
0.03125  -0.313684
0  -0.28648
-0.1875  -0.273537
-0.0625  -0.494863
-0.0625  -0.345322
0.0625  -0.359219
-0.15625  -0.155951
-0.125  -0.437217
0.15625  -0.314241
0.0625  -0.367611
0.09375  -0.25982
-0.46875  -0.251226
0.09375  -0.183091
-0.125  -0.42985
0.3125  -0.504101
-0.0625  -0.2323
0.15625  -0.486882
0.15625  -0.212743
0.09375  -0.28193
0.03125  -0.46498
-0.03125  -0.183556
0.03125  -0.471496
0  -0.175067
0.0625  -0.382445
0.09375  -0.27818
-0.03125  -0.338512
-0.09375  -0.251656
0.03125  -0.373103
-0.03125  -0.397869
-0.0625  -0.257602
0.0625  -0.346324
-0.03125  -0.420308
0.09375  -0.334171
-0.09375  -0.175533
-0.34375  -0.537401
0.125  -0.252706
0.03125  -0.40053
-0.0625  -0.369899
0  -0.349335
0.09375  -0.299225
-0.09375  -0.427417
0.0625  -0.346194
0.03125  -0.241012
0  -0.391741
-0.25  -0.246605
0.34375  -0.239622
-0.03125  -0.480629
-0.09375  -0.399789
0.15625  -0.422872
0.09375  -0.413378
0.0625  -0.213872
-0.0625  -0.688188
-0.09375  -0.431659
-0.125  -0.27005
-0.125  -0.505608
-0.03125  -0.296434
-0.15625  -0.364223
0.03125  -0.199468
-0.0625  -0.284115
0.03125  -0.229343
-0.0625  -0.432687
-0.0625  -0.227967
0  -0.302902
-0.03125  -0.286996
-0.125  -0.534062
0.03125  -0.327293
-0.03125  -0.373804
-0.0625  -0.313806
0.03125  -0.292336
0.0625  -0.615821
0.125  -0.476575
-0.03125  -0.301122
-0.03125  -0.449119
0  -0.362611
0.03125  -0.28255
-0.0625  -0.43235
0.28125  -0.248759
-0.03125  -0.278588
0  -0.287413
-0.25  -0.144011
0  -0.264732
0.125  -0.286497
0.125  -0.299784
-0.09375  -0.176835
-0.0625  -0.402638
-0.09375  -0.296446
-0.125  -0.196238
-0.125  -0.303087
-0.0625  -0.347833
0.125  -0.373738
0  -0.334295
-0.15625  -0.238457
-0.0625  -0.239251
-0.1875  -0.307499
-0.25  -0.441026
-0.125  -0.321566
-0.09375  -0.445687
0.03125  -0.539751
0  -0.307294
-0.03125  -0.218906
0  -0.352122
0.125  -0.422365
-0.09375  -0.341401
-0.03125  -0.339312
-0.09375  -0.205419
0.28125  -0.405281
-0.0625  -0.388516
0.03125  -0.330922
-0.15625  -0.374063
0.125  -0.294597
-0.09375  -0.397018
0.03125  -0.00392742
-0.0625  -0.214072
-0.0625  -0.419733
0.21875  -0.586726
0.03125  -0.305702
-0.1875  -0.255688
-0.28125  -0.334448
-0.21875  -0.26804
0.03125  -0.237743
0  -0.26898
-0.0625  -0.245178
0  -0.327458
-0.09375  -0.378779
-0.0625  -0.26921
0.21875  -0.314407
0  -0.423488
-0.0625  -0.459825
-0.125  -0.398073
-0.125  -0.307844
-0.28125  -0.292657
0.28125  -0.310755
-0.15625  -0.156068
0.09375  -0.30837
-0.03125  -0.318996
0.09375  -0.203546
-0.0625  -0.234612
-0.03125  -0.42473
0.03125  -0.0864126
-0.3125  -0.290441
-0.1875  -0.565791
-0.0625  -0.311082
0  -0.282837
-0.1875  -0.464499
0  -0.310352
-0.03125  -0.232745
0.03125  -0.423742
-0.09375  -0.376758
0  -0.389441
0.03125  -0.276375
-0.21875  -0.462254
-0.09375  -0.385698
0.125  -0.224892
0.125  -0.50778
0.0625  -0.319928
-0.1875  -0.344233
0.34375  -0.329803
-0.375  -0.253873
0.03125  -0.326374
0.28125  -0.301715
0.09375  -0.340489
0  -0.324765
0.03125  -0.234172
0.15625  -0.135087
0.1875  -0.447692
0.125  -0.359194
-0.0625  -0.259943
-0.03125  -0.410113
0.09375  -0.426034
0  -0.384255
-0.125  -0.325366
-0.0625  -0.356556
0.03125  -0.280624
0.09375  -0.405666
-0.09375  -0.288516
0.25  -0.322627
0.03125  -0.317555
0  -0.358829
0.09375  -0.259314
-0.03125  -0.150135
0.03125  -0.491263
-0.09375  -0.285321
-0.03125  -0.274484
-0.09375  -0.261569
-0.125  -0.228896
-0.03125  -0.433236
-0.0625  -0.344479
-0.0625  -0.175756
0.03125  -0.342228
-0.09375  -0.405212
-0.1875  -0.42148
0  -0.307101
0  -0.382349
0  -0.36548
-0.15625  -0.36242
0.1875  -0.191336
-0.03125  -0.275221
-0.1875  -0.247
-0.21875  -0.401228
0.0625  -0.375492
0.1875  -0.425739
-0.1875  -0.271804
0.09375  -0.476315
0.375  -0.433539
0  -0.40395
-0.03125  -0.28244
0.0625  -0.275753
0.09375  -0.252475
0  -0.38941
0.09375  -0.286391
-0.125  -0.190128
-0.0625  -0.543021
0.03125  -0.121321
-0.1875  -0.328507
-0.03125  -0.358306
0.09375  -0.466621
-0.03125  -0.234364
-0.1875  -0.0213631
0.09375  -0.447951
0  -0.236147
-0.28125  -0.138192
0.125  -0.0846398
-0.21875  -0.436843
0.03125  -0.187971
0.125  -0.07847
0.125  -0.157742
0.03125  -0.120774
0  -0.271893
-0.125  -0.226748
0.15625  -0.293834
0.03125  -0.23319
0.03125  -0.30038
-0.0625  -0.384234
0.0625  -0.285271
-0.03125  -0.392955
0.15625  -0.260958
-0.0625  -0.467204
-0.28125  -0.365582
0  -0.383007
-0.125  -0.617437
-0.15625  -0.289817
-0.125  -0.400475
0.1875  -0.30014
-0.1875  -0.262455
-0.03125  -0.293807
0.21875  -0.390947
-0.0625  -0.335676
-0.15625  -0.289967
0.1875  -0.3458
0.09375  -0.237633
0.03125  -0.43313
0  -0.201005
-0.0625  -0.406514
-0.03125  -0.199784
0.03125  -0.381725
0  -0.392404
-0.03125  -0.284573
-0.03125  -0.464376
-0.15625  -0.266128
-0.0625  -0.35413
0.125  -0.385074
-0.03125  -0.601356
-0.09375  -0.360821
-0.1875  -0.32085
-0.1875  -0.252142
0.3125  -0.464491
0.125  -0.219749
-0.09375  -0.355005
-0.15625  -0.301634
-0.15625  -0.314441
0.21875  -0.327384
-0.03125  -0.27419
0.03125  -0.364476
0.09375  -0.311896
-0.03125  -0.475914
-0.1875  -0.285958
0.0625  -0.28181
-0.03125  -0.190701
0.21875  -0.3376
-0.0625  -0.191916
-0.125  -0.350991
-0.1875  -0.211017
0.0625  -0.339227
-0.03125  -0.517788
0  -0.301679
-0.03125  -0.355975
-0.0625  -0.217224
0.21875  -0.0757164
0.0625  -0.40002
-0.09375  -0.226512
0.0625  -0.219208
0.03125  -0.290129
0.1875  -0.409771
-0.15625  -0.343422
-0.1875  -0.448057
-0.09375  -0.326603
-0.15625  -0.608697
0.125  -0.318918
0.09375  -0.249009
0  -0.239589
0.09375  -0.148815
-0.0625  -0.374763
0.125  -0.25226
-0.0625  -0.242052
-0.0625  -0.321399
0.03125  -0.214357
0.125  -0.192772
-0.03125  -0.243
-0.09375  -0.434239
-0.03125  -0.186488
0  -0.42916
-0.125  -0.314749
-0.09375  -0.495093
0.28125  -0.364579
-0.03125  -0.379975
0.03125  -0.56299
0.03125  -0.291758
-0.15625  -0.326044
0.09375  -0.170531
0.09375  -0.58839
0.125  -0.5003
-0.0625  -0.331805
0.03125  -0.348536
-0.03125  -0.361033
-0.03125  -0.334366
-0.1875  -0.31618
-0.125  -0.402016
0.15625  -0.322403
0.09375  -0.387984
0.28125  -0.338726
-0.09375  -0.269333
-0.21875  -0.23107
-0.15625  -0.240543
-0.15625  -0.252311
0.15625  -0.395897
0.03125  -0.326982
0.21875  -0.188053
0.0625  -0.223094
0.0625  -0.167786
0  -0.461728
0.3125  -0.358707
-0.0625  -0.115788
0.09375  -0.299341
0.125  -0.318586
-0.15625  -0.27298
0.03125  -0.48091
0.0625  -0.398761
0.03125  -0.453824
-0.09375  -0.133659
-0.125  -0.25224
0.125  -0.200773
-0.03125  -0.269676
-0.125  -0.252339
0  -0.423086
0.03125  -0.30204
-0.0625  -0.279914
-0.09375  -0.19455
-0.03125  -0.271606
-0.03125  -0.323736
-0.21875  -0.586574
0.21875  -0.0720039
-0.03125  -0.310973
-0.03125  -0.427486
-0.09375  -0.251898
-0.0625  -0.488485
0.15625  -0.283068
-0.03125  -0.391007
-0.0625  -0.318725
-0.0625  -0.324491
-0.09375  -0.256285
-0.125  -0.516115
-0.40625  -0.373737
0  -0.416489
0.125  -0.441589
-0.09375  -0.102279
0  -0.142555
0.15625  -0.460959
0  -0.374046
0  -0.367237
0.09375  -0.307988
0.375  -0.394017
0.3125  -0.503522
0  -0.346315
0.0625  -0.455678
0.09375  -0.375573
0.125  -0.34821
0.0625  -0.472481
0.0625  -0.395341
0.09375  -0.343107
0  -0.197752
-0.15625  -0.303901
-0.0625  -0.347189
-0.09375  -0.302177
-0.25  -0.474491
-0.09375  -0.455959
0.09375  -0.270237
-0.0625  -0.422921
-0.03125  -0.535628
0.0625  -0.375967
-0.03125  -0.0459963
0.125  -0.256222
0.0625  -0.250481
0.09375  -0.195767
0.25  -0.305291
-0.15625  -0.327629
-0.125  -0.303533
0.28125  -0.398798
0  -0.287808
0.09375  -0.190944
0.09375  -0.376244
0.03125  -0.46047
0.0625  -0.420181
-0.15625  -0.362643
0.15625  -0.331674
0.09375  -0.342259
0.125  -0.308319
0.03125  -0.302136
-0.28125  -0.507394
-0.03125  -0.269398
0.15625  -0.273319
-0.03125  -0.184392
0.25  -0.166615
-0.03125  -0.338769
-0.125  -0.167008
-0.15625  -0.37871
0.09375  -0.230814
0.21875  -0.315583
-0.0625  -0.280903
0.03125  -0.0961411
0  -0.230007
0  -0.259884
-0.0625  -0.245624
0.0625  -0.428363
0  -0.455079
0.09375  -0.382267
-0.0625  -0.231245
0.09375  -0.27985
0.09375  -0.455444
-0.03125  -0.373427
0.0625  -0.442915
0.0625  -0.409989
-0.0625  -0.388831
0  -0.395999
0.0625  -0.432783
0.3125  -0.223337
-0.03125  -0.344368
0.3125  -0.343673
0.0625  -0.357712
0.125  -0.465698
0.15625  -0.2983
0.09375  -0.26258
-0.15625  -0.466441
-0.03125  -0.286867
-0.03125  -0.45795
-0.0625  -0.482762
-0.0625  -0.360918
0.03125  -0.184373
0.03125  -0.242181
0.03125  -0.134352
-0.0625  -0.385274
0.25  -0.415051
-0.03125  -0.531484
0.03125  -0.198613
-0.09375  -0.188183
-0.03125  -0.517345
0.03125  -0.277044
0.03125  -0.341637
-0.09375  -0.25664
-0.03125  -0.363743
-0.03125  -0.450607
-0.0625  -0.264781
0.28125  -0.370876
-0.03125  -0.419025
0.15625  -0.332865
-0.0625  -0.0698983
-0.0625  -0.443175
0.1875  -0.145393
0.0625  -0.601903
-0.03125  -0.482293
0  -0.343104
0  -0.481613
-0.03125  -0.121955
-0.15625  -0.402618
-0.21875  -0.0164296
0.09375  -0.207662
0.1875  -0.530227
0.1875  -0.279011
-0.03125  -0.304584
-0.09375  -0.323405
0.09375  -0.239432
-0.09375  -0.337062
-0.0625  -0.444849
-0.0625  -0.455344
-0.1875  -0.276095
-0.03125  -0.357252
0.03125  -0.300345
0  -0.330958
-0.03125  -0.311262
-0.125  -0.314119
0.03125  -0.331711
0.0625  -0.254341
0.0625  -0.216619
0.09375  -0.445436
0.28125  -0.178295
0  -0.436373
-0.15625  -0.219905
0.03125  -0.303391
-0.03125  -0.116623
0.3125  -0.327549
0.0625  -0.341052
-0.0625  -0.535973
-0.03125  -0.497162
0.03125  -0.134693
0.09375  -0.376626
-0.0625  -0.0921129
0.0625  -0.612832
-0.1875  -0.479122
-0.09375  -0.356839
0.03125  -0.53586
0.21875  -0.321981
-0.09375  -0.346023
-0.125  -0.173192
0.03125  -0.192719
0  -0.425902
-0.0625  -0.579538
-0.0625  -0.178819
0.09375  -0.387541
-0.03125  -0.404788
0.0625  -0.297218
-0.125  -0.148073
0.03125  -0.179623
0.0625  -0.408428
0.21875  -0.388473
0.1875  -0.138011
-0.0625  -0.419072
-0.0625  -0.171653
0.09375  -0.459324
0  -0.222852
-0.1875  -0.551217
0  -0.310346
0.09375  -0.440529
0.09375  -0.444964
0.15625  -0.372466
-0.21875  -0.539632
0.0625  -0.195779
0.125  -0.35689
0.15625  -0.27406
-0.15625  -0.380592
0.0625  -0.153962
0.125  -0.387761
-0.09375  -0.388797
-0.3125  -0.507144
0.3125  -0.386626
-0.15625  -0.405062
0  -0.386305
-0.09375  -0.267103
-0.0625  -0.163562
0.09375  -0.210199
-0.09375  -0.422875
0.15625  -0.45363
-0.28125  -0.451107
0.03125  -0.182611
0.125  -0.26062
-0.0625  -0.29321
0.125  -0.301175
0.09375  -0.075751
0.03125  -0.304059
-0.21875  -0.128777
-0.09375  -0.231812
0.03125  -0.325552
-0.03125  -0.267862
0.03125  -0.490681
0.03125  -0.483471
0.03125  -0.17497
-0.1875  -0.207326
0.0625  -0.292512
0.25  -0.316085
0.21875  -0.468009
-0.03125  -0.248357
0  -0.349525
0.0625  -0.328624
0.0625  -0.176265
0.3125  -0.307411
0  -0.314809
0.3125  -0.296243
0  -0.349064
-0.15625  -0.305103
0.0625  -0.267468
0.125  -0.242389
-0.1875  -0.459324
0.03125  -0.465446
0.15625  -0.0917338
-0.09375  -0.0885216
-0.15625  -0.0144908
-0.09375  -0.191613
-0.09375  -0.240408
-0.09375  -0.201472
0.03125  -0.431697
-0.21875  -0.349521
0.21875  -0.351441
0.15625  -0.22473
0.0625  -0.395209
-0.09375  -0.231907
0.09375  -0.512014
0  -0.306023
-0.09375  -0.165977
0.375  -0.296969
0.03125  -0.462001
-0.0625  -0.367181
0.125  -0.294806
-0.09375  -0.313239
0.03125  -0.366045
0  -0.284439
0.125  -0.336961
0.09375  -0.17062
0  -0.343712
0.03125  -0.403232
0.0625  -0.142958
-0.09375  -0.290407
-0.21875  -0.415262
0.09375  -0.24006
0.0625  -0.429517
0.125  -0.155476
0.21875  -0.357145
-0.09375  -0.196716
-0.03125  -0.32815
0.125  -0.276782
0  -0.416997
0.09375  -0.339313
-0.0625  -0.343997
-0.09375  -0.455793
-0.09375  -0.362656
-0.03125  -0.306482
-0.1875  -0.56467
0.125  -0.257618
0.15625  -0.0470413
0.15625  -0.162021
0.125  -0.274069
-0.125  -0.234311
0.09375  -0.265866
0  -0.299676
-0.15625  -0.258025
0.03125  -0.395219
0.125  -0.260206
0  -0.535365
0.0625  -0.338305
-0.09375  -0.0916583
-0.09375  -0.167085
0  -0.458764
0.09375  -0.294871
0.15625  -0.198192
-0.03125  -0.365929
0.1875  -0.258496
0.125  -0.410978
-0.09375  -0.438239
0  -0.316717
0.1875  -0.497958
0.09375  -0.137707
0.03125  -0.33173
-0.1875  -0.273012
-0.21875  -0.103936
-0.09375  -0.237052
-0.09375  -0.476129
-0.125  -0.338937
0.34375  -0.12785
0.125  -0.424617
0.03125  -0.279322
-0.0625  -0.315741
-0.125  -0.40438
0.25  -0.377238
-0.125  -0.333955
-0.25  -0.18055
-0.0625  -0.400296
0  -0.363607
0.28125  -0.501296
0  -0.39444
-0.0625  -0.279764
-0.09375  -0.336648
0.1875  -0.336826
-0.03125  -0.211994
-0.1875  -0.294635
0.21875  -0.495061
-0.15625  -0.33522
-0.03125  -0.227654
-0.25  -0.0440851
0.125  -0.265829
0.09375  -0.187051
-0.21875  -0.431596
0.125  -0.468812
0  -0.157452
0.0625  -0.543536
-0.125  -0.309065
-0.03125  -0.422203
0.125  -0.331325
-0.0625  -0.370507
0.03125  -0.264502
0  -0.366873
0.125  -0.243525
-0.03125  -0.364062
-0.1875  -0.363352
0.125  -0.50297
0.15625  -0.368688
0.15625  -0.401297
-0.21875  -0.341597
0.03125  -0.380387
0.1875  -0.439702
-0.0625  -0.221876
-0.0625  -0.347235
0.09375  -0.402008
0.125  -0.316571
-0.03125  -0.0817831
-0.03125  -0.415616
0.0625  -0.537314
0.03125  -0.193034
0.03125  -0.330045
0.09375  -0.189146
-0.03125  -0.318676
-0.09375  -0.679229
-0.1875  -0.42545
-0.03125  -0.298936
0.15625  -0.347269
0.03125  -0.242583
0.1875  -0.204371
0.0625  -0.218105
-0.09375  -0.292382
0  -0.389094
-0.0625  -0.403645
0.09375  -0.534058
0.09375  -0.269658
-0.15625  -0.329913
0  -0.445944
-0.03125  -0.281085
0.09375  -0.442823
0.21875  -0.286857
-0.0625  -0.251272
-0.15625  -0.460209
-0.0625  -0.542125
0.25  -0.224015
0  -0.304102
0.1875  -0.433766
0.0625  -0.167287
0.1875  -0.421919
-0.03125  -0.304978
0.125  -0.381215
-0.03125  -0.393042
0.03125  -0.288691
0.09375  -0.515338
-0.09375  -0.447105
0.21875  -0.190467
0  -0.415983
0.21875  -0.240095
-0.15625  -0.274766
-0.03125  -0.400741
0.03125  -0.441044
0.03125  -0.127763
0.125  -0.430677
-0.125  -0.323356
0.03125  -0.327618
-0.15625  -0.34877
-0.03125  -0.420734
-0.03125  -0.0583209
0.09375  -0.609625
-0.15625  -0.0334565
0  -0.0794567
-0.0625  -0.209503
-0.09375  -0.378432
0.09375  -0.188041
0  -0.339786
-0.1875  -0.267279
0.125  -0.302501
-0.03125  -0.144828
-0.03125  -0.484263
0.0625  -0.473003
-0.1875  -0.323441
0.0625  -0.181179
-0.09375  -0.319214
-0.25  -0.381782
0.125  -0.522426
0.125  -0.318341
0.03125  -0.309521
-0.03125  -0.269562
-0.0625  -0.274788
-0.125  -0.265166
0.0625  -0.226259
0  -0.483794
-0.03125  -0.171169
-0.21875  -0.247286
-0.21875  -0.427531
0.21875  -0.352991
0.125  -0.244582
0.125  -0.0820156
-0.09375  -0.456463
0.1875  -0.430493
0.15625  -0.141499
0.15625  -0.149731
-0.03125  -0.619978
0.21875  -0.277018
-0.09375  -0.330185
0.09375  -0.575604
0.15625  -0.549739
-0.0625  -0.406441
-0.28125  -0.434191
0.0625  -0.347489
0.09375  -0.42577
0.1875  -0.289133
0.03125  -0.23964
-0.03125  -0.167296
-0.03125  -0.451146
-0.34375  -0.393361
-0.03125  -0.431215
-0.1875  -0.265125
0.09375  -0.0973764
0.21875  -0.295189
0  -0.187172
0.03125  -0.341906
-0.15625  -0.379252
0  -0.264009
-0.09375  -0.518514
-0.03125  -0.480287
0.125  -0.391803
0.03125  -0.136266
0  -0.342629
0.0625  -0.371638
-0.21875  -0.24215
0.09375  -0.25694
0.03125  -0.212413
0.28125  -0.123003
-0.0625  -0.403854
0.09375  -0.445882
-0.09375  -0.4822
0.125  -0.452033
-0.09375  -0.267823
-0.09375  -0.425923
0  -0.423986
0  -0.354292
0.25  -0.450158
0.125  -0.296543
0  -0.222926
-0.0625  -0.219904
-0.0625  -0.319009
0.0625  -0.311597
-0.09375  -0.355061
0.03125  -0.302369
-0.1875  -0.276657
0.125  -0.00487372
-0.09375  -0.290713
0  -0.277422
0.09375  -0.26249
0.1875  -0.318563
0.03125  -0.512341
0.03125  -0.222297
-0.1875  -0.335123
-0.125  -0.226439
0.21875  -0.389882
-0.15625  -0.498451
-0.15625  -0.151256
0.125  -0.481295
0.0625  -0.294983
-0.03125  -0.391572
-0.125  -0.321157
0  -0.387092
0.1875  -0.328398
-0.1875  -0.308421
0.25  -0.250523
0.28125  -0.193686
-0.25  -0.453756
0.15625  -0.327935
-0.0625  -0.331886
-0.0625  -0.284574
0.125  -0.417151
0.21875  -0.402381
-0.125  -0.363271
-0.125  -0.257852
-0.21875  -0.375616
-0.125  -0.390326
0  -0.367717
0.03125  -0.335382
-0.1875  -0.493284
-0.0625  -0.262412
0.09375  -0.134986
0.03125  -0.361616
0  -0.435089
0.03125  -0.327709
0.09375  -0.195124
0.03125  -0.224234
-0.0625  -0.138772
-0.125  -0.17902
0.03125  -0.451441
-0.03125  -0.47897
-0.03125  -0.372666
0.15625  -0.485046
0.0625  -0.357882
-0.25  -0.46379
-0.0625  -0.0678699
-0.0625  -0.440439
0.0625  -0.339811
0.1875  -0.287358
-0.09375  -0.298282
-0.15625  -0.238162
0.15625  -0.208428
0  -0.328172
0  -0.431523
0.03125  -0.128399
-0.0625  -0.203528
0.09375  -0.252541
0.125  -0.310352
-0.0625  -0.25714
-0.1875  -0.331971
-0.34375  -0.426132
0.0625  -0.394153
-0.1875  -0.221415
0.0625  -0.449642
0.03125  -0.249189
0.03125  -0.39794
0.1875  -0.471956
0.1875  -0.283621
0.25  -0.344188
-0.0625  -0.0957977
0.125  -0.29859
-0.15625  -0.269418
0.03125  -0.208107
0.125  -0.547781
-0.125  -0.338227
-0.03125  -0.442599
-0.03125  -0.376775
0.03125  -0.432853
-0.09375  -0.212348
-0.03125  -0.301164
0.0625  -0.382656
0  -0.480469
0.03125  -0.380022
-0.15625  -0.318916
0.1875  -0.354436
0.0625  -0.315989
0  -0.310001
-0.09375  -0.361382
0.09375  -0.463339
0.15625  -0.3588
-0.0625  -0.337114
-0.03125  -0.287336
0.09375  -0.299306
0.28125  -0.353604
-0.21875  -0.298249
-0.03125  -0.298287
-0.3125  -0.254539
-0.21875  -0.522377
0.09375  -0.205742
0.03125  -0.245654
-0.09375  -0.15057
-0.1875  -0.437675
0.125  -0.415161
0.03125  -0.411065
-0.03125  -0.396607
0.09375  -0.36653
-0.21875  -0.29882
-0.03125  0.0234571
0.28125  -0.325367
0.03125  -0.278168
0.21875  -0.365161
-0.03125  -0.388486
0.125  -0.374185
0.125  -0.108842
-0.0625  -0.300304
-0.125  -0.447284
0.0625  -0.233048
-0.125  -0.515089
0.0625  -0.376201
-0.03125  -0.196516
0.0625  -0.309206
-0.28125  -0.286896
0.03125  -0.312215
-0.125  -0.62971
0.0625  -0.280096
-0.125  -0.199522
0.03125  -0.17582
0.15625  -0.465161
0.125  -0.171278
-0.21875  -0.344109
-0.0625  -0.441294
0  -0.38052
-0.0625  -0.229017
0  -0.458506
-0.03125  -0.246337
0.0625  -0.368567
0.0625  -0.317394
0  -0.249624
-0.15625  -0.349611
-0.0625  -0.337311
0.25  -0.557441
-0.40625  -0.402251
-0.0625  -0.132015
-0.28125  -0.33414
0.21875  -0.150379
-0.125  -0.258231
-0.15625  -0.489649
0  -0.396098
0.125  -0.416579
-0.15625  -0.315186
0  -0.253869
0.09375  -0.282383
0.09375  -0.223632
-0.125  -0.269513
0  -0.239468
0.09375  -0.239427
0.0625  -0.227153
-0.1875  -0.338124
-0.125  -0.174733
0.03125  -0.484048
0.03125  -0.465929
0.125  -0.344107
-0.09375  -0.253022
0.09375  -0.341732
0.21875  -0.514303
0.125  -0.353754
0.15625  -0.371973
0.09375  -0.345952
-0.0625  -0.332092
0.125  -0.44372
-0.125  -0.132278
-0.03125  -0.394802
0  -0.509902
0  -0.357509
-0.03125  -0.336758
0.15625  -0.231472
0  -0.42244
0.09375  -0.288018
0.125  -0.29593
-0.0625  -0.3552
0.09375  -0.401463
-0.1875  -0.380506
-0.03125  -0.482051
0.03125  -0.233405
0.03125  -0.42511
0.03125  -0.423924
-0.03125  -0.413681
0  -0.270875
0.03125  -0.179572
-0.03125  -0.188357
-0.09375  -0.366256
0.1875  -0.45408
-0.1875  -0.244614
0.03125  -0.357189
0.1875  -0.364486
0.21875  -0.326158
-0.09375  -0.186435
0  -0.128569
0.09375  -0.531795
0  -0.402359
0.09375  -0.320419
0.125  -0.492494
0.03125  -0.260943
-0.03125  -0.417681
-0.03125  -0.273944
0.09375  -0.306579
-0.1875  -0.390063
-0.15625  -0.261932
-0.3125  -0.250192
0.125  0.0251865
0.09375  -0.121199
0.09375  -0.31533
0.125  -0.283171
-0.28125  -0.328359
-0.03125  -0.21876
-0.03125  -0.428852
-0.03125  -0.354021
0.0625  -0.280545
-0.1875  -0.231446
0.09375  -0.447737
-0.15625  -0.439473
0.0625  -0.19046
0  -0.267504
0.09375  -0.4489
0.03125  -0.392361
0  -0.377031
0  -0.207244
0.0625  -0.311711
0  -0.29339
0.03125  -0.533664
0  -0.248506
-0.0625  -0.297826
0.0625  -0.310043
-0.09375  -0.343006
-0.0625  -0.229477
-0.0625  -0.359258
-0.03125  -0.560247
-0.25  -0.341118
0.28125  -0.337751
0.125  -0.210048
0.09375  -0.337111
0.03125  -0.246143
0.03125  -0.138236
-0.125  -0.18058
0.125  -0.239534
0.25  -0.214287
0.09375  -0.474776
-0.0625  -0.352475
0.15625  -0.178157
0  -0.403815
0.1875  -0.268799
-0.21875  -0.25911
-0.21875  -0.237492
0  -0.23894
0.0625  -0.212328
-0.03125  -0.318376
-0.0625  -0.0663143
-0.09375  -0.136594
0.03125  -0.250093
0.03125  -0.480271
0.09375  -0.432059
-0.03125  -0.275285
-0.21875  -0.411871
0.03125  -0.177007
0.34375  -0.373317
0.28125  -0.370594
0  -0.507212
0.125  -0.227191
0.15625  -0.274484
-0.15625  -0.325664
0.09375  -0.443737
0.125  -0.299041
-0.15625  -0.265488
0.03125  -0.561767
0.09375  -0.287871
0.0625  -0.231916
0.0625  -0.309973
-0.09375  -0.246147
-0.03125  -0.0592173
0.125  -0.070407
0.03125  -0.235074
-0.09375  -0.415391
0.09375  -0.39524
-0.09375  -0.371884
-0.0625  -0.244697
-0.0625  -0.352375
-0.09375  -0.244724
-0.0625  -0.522557
0.0625  -0.276618
0.0625  -0.303726
0  -0.307738
-0.09375  -0.196537
-0.21875  -0.309737
-0.0625  -0.380059
0.1875  -0.439439
-0.09375  -0.267086
-0.0625  -0.347166
0.09375  -0.273876
-0.125  -0.504354
-0.34375  -0.404744
0.1875  -0.251405
-0.0625  -0.303291
-0.03125  -0.306703
-0.125  -0.36416
-0.1875  -0.434133
-0.125  -0.115264
0.3125  -0.399458
0.0625  -0.283554
-0.0625  -0.33168
-0.03125  -0.257614
0.1875  -0.428632
0.03125  -0.0886885
0.0625  -0.227746
-0.03125  -0.362697
-0.125  -0.0434965
0.0625  -0.378037
-0.03125  -0.324779
0.21875  -0.201103
-0.125  -0.342624
-0.09375  -0.377283
-0.03125  -0.0426228
0  -0.278341
0  -0.276635
-0.15625  -0.454541
0  -0.40227
-0.0625  -0.304296
0.25  -0.441617
0.03125  -0.399014
0.03125  -0.113568
-0.0625  -0.372224
-0.15625  -0.183792
0.125  -0.410559
0.03125  -0.395258
-0.21875  -0.0740337
-0.0625  -0.319752
0.1875  -0.230163
0.03125  -0.245792
-0.03125  -0.403673
-0.125  -0.423051
0.03125  -0.449738
0.21875  -0.170087
-0.0625  -0.259827
0.03125  -0.523714
0.15625  -0.41322
0.03125  -0.147418
0.15625  -0.46153
0.1875  -0.251936
0.0625  -0.341469
0  -0.447497
-0.15625  -0.582956
0.09375  -0.248228
-0.09375  -0.336481
0.09375  -0.309993
0.03125  -0.0901054
0.09375  -0.201768
0  -0.347908
-0.03125  -0.280759
-0.1875  -0.276692
0  -0.183955
-0.0625  -0.367493
-0.03125  -0.223274
0.09375  -0.285793
0.09375  -0.597909
0.09375  -0.341288
0.125  -0.264026
0.0625  -0.504306
-0.0625  -0.399142
0.1875  -0.387881
0.125  -0.301122
0  -0.134294
0.15625  -0.247294
0.15625  -0.246263
0.0625  -0.245101
-0.09375  -0.354539
-0.1875  -0.0733994
0.0625  -0.282891
0.25  -0.368897
0.09375  -0.141555
-0.15625  -0.295823
-0.15625  -0.294381
0  -0.475037
0.21875  -0.401575
0  -0.188226
0.03125  -0.539518
-0.03125  -0.203777
-0.15625  -0.270515
-0.09375  -0.488614
0  -0.265995
0.03125  -0.414938
0  -0.217655
0.21875  -0.439911
-0.09375  -0.296527
0.125  -0.167423
-0.03125  -0.415025
0.21875  -0.317273
0.03125  -0.418895
0  -0.179036
-0.15625  -0.323172
-0.09375  -0.310675
0.0625  -0.359741
0  -0.414488
-0.15625  -0.331855
-0.21875  -0.263994
-0.28125  -0.299254
-0.125  -0.444049
0.09375  -0.290998
-0.09375  -0.386256
-0.03125  -0.156993
0.21875  -0.307149
0.25  -0.11807
0.03125  -0.423873
-0.1875  -0.188158
-0.125  -0.178856
0.125  -0.195591
-0.15625  -0.538478
0.25  -0.0354306
0.03125  -0.309676
-0.25  -0.188979
0.0625  -0.366954
0  -0.389621
-0.1875  -0.300291
-0.03125  -0.191421
0.09375  -0.392061
-0.1875  -0.354338
0.03125  -0.404456
0.03125  -0.376215
-0.0625  -0.202579
0.125  -0.133315
-0.03125  -0.201419
0.09375  -0.359061
0.09375  -0.100804
0.03125  -0.231651
0.1875  -0.167681
0.09375  -0.320875
0.15625  -0.240002
0  -0.528837
-0.1875  -0.312524
-0.03125  -0.3266
0.0625  -0.393651
0.0625  -0.168272
0.25  -0.137821
0  -0.078984
0.125  -0.32929
0.03125  -0.367583
-0.09375  -0.353441
0.03125  -0.388806
-0.15625  -0.425797
0.0625  -0.232713
0.1875  -0.445778
0.125  -0.190676
-0.21875  -0.170531
0.0625  -0.481743
0.03125  -0.194539
-0.03125  -0.348135
0  -0.472101
0.0625  -0.269619
-0.15625  -0.34607
0.1875  -0.237026
-0.0625  -0.507344
-0.09375  -0.325334
-0.15625  -0.334048
0.09375  -0.12133
0  -0.293147
0.0625  -0.306025
0  -0.293031
0.0625  -0.266757
0  -0.420314
0.21875  -0.338671
0  -0.399661
0.1875  -0.118467
0.1875  -0.297313
0.125  -0.195993
-0.0625  -0.178918
0.03125  -0.179786
0.21875  -0.408886
0.09375  -0.442782
0.09375  -0.568878
0  -0.304454
-0.09375  -0.272883
-0.28125  -0.0302417
0.15625  -0.353744
0.09375  -0.24959
0.125  -0.287832
0.28125  -0.34823
0.21875  -0.337557
0.09375  -0.367729
-0.21875  -0.37345
-0.25  -0.310298
0.28125  -0.330633
0.0625  -0.395201
-0.09375  -0.379275
0.1875  -0.363768
0.0625  -0.32918
0.125  -0.415255
0.0625  -0.319264
-0.125  -0.411399
-0.09375  -0.238285
0  -0.319751
-0.125  -0.0572261
0.1875  -0.372396
0  -0.259472
-0.09375  -0.273293
-0.03125  -0.424189
0.0625  -0.607096
0.125  -0.386027
-0.0625  -0.316427
-0.21875  -0.294304
0  -0.1133
0.03125  -0.27779
-0.0625  -0.385847
0.09375  -0.481964
0  -0.199447
0.03125  -0.0648246
0.03125  -0.19499
0.15625  -0.2118
-0.09375  -0.397459
-0.0625  -0.356058
-0.03125  -0.272923
-0.15625  -0.405787
0.125  -0.0993887
0.09375  -0.431292
-0.0625  -0.318344
0.28125  -0.289322
-0.09375  -0.533153
-0.03125  -0.0723626
0.21875  -0.298157
0.03125  -0.265441
0.0625  -0.249006
-0.21875  -0.364694
0.03125  -0.210476
-0.03125  -0.175924
0.125  -0.431789
0.0625  -0.38258
-0.0625  -0.423533
0.03125  -0.25956
0.15625  -0.481346
-0.03125  -0.57952
0.03125  -0.192355
-0.15625  -0.221958
-0.0625  -0.363064
0.125  -0.221174
0.0625  -0.421687
-0.0625  -0.205247
0.0625  -0.263246
-0.125  -0.242909
0  -0.452655
0  -0.422901
-0.09375  -0.181189
0.09375  -0.0937532
0  -0.382388
0.25  -0.0488486
0.21875  -0.371243
-0.15625  -0.240805
0.15625  -0.221573
-0.09375  -0.254603
-0.09375  -0.345043
-0.03125  -0.264834
-0.03125  -0.23853
-0.15625  -0.235596
0.0625  -0.253836
0.03125  -0.305494
-0.03125  -0.172929
-0.0625  -0.332413
0  -0.343835
0  -0.406575
-0.0625  -0.215754
-0.21875  -0.367931
-0.09375  -0.292404
-0.125  -0.251123
0  -0.340369
0  -0.41007
0.03125  -0.2511
0.03125  -0.263357
0.28125  -0.413131
-0.03125  -0.319342
0.21875  -0.411652
-0.0625  -0.484746
0.09375  -0.359261
0  -0.429261
-0.125  -0.160874
0.09375  -0.481213
-0.03125  -0.225827
-0.25  -0.237662
0.03125  -0.241274
-0.09375  -0.267907
-0.125  -0.242481
-0.15625  -0.232108
0  -0.289545
-0.21875  -0.34938
0.21875  -0.428389
0.03125  -0.17252
0  -0.503549
-0.03125  -0.368761
0.15625  -0.445074
0.03125  -0.217723
-0.125  -0.329712
0.03125  -0.20774
-0.125  -0.27544
0  -0.410018
0.03125  -0.523506
0.15625  -0.314627
0.28125  -0.334781
0.03125  -0.152865
0.0625  -0.367609
0.03125  -0.265922
-0.125  -0.166188
0.03125  -0.310259
0.0625  -0.356524
-0.125  -0.271114
0.21875  -0.459941
-0.09375  -0.0429175
0.03125  -0.238016
0.0625  -0.245977
-0.09375  -0.347583
0  -0.263113
0.15625  -0.380903
-0.03125  -0.29041
0.15625  -0.402027
0.03125  -0.279973
0.25  -0.192688
0.09375  -0.463661
0.0625  -0.38862
0.03125  -0.389408
-0.25  -0.392585
0  -0.319382
-0.09375  -0.145793
0.03125  -0.394129
0.03125  -0.375066
-0.4375  -0.412725
-0.125  -0.345884
0  -0.103958
-0.1875  -0.302161
-0.0625  -0.210025
0.09375  -0.0902875
0.03125  -0.359587
-0.09375  -0.107787
0  -0.49263
0.09375  -0.405379
-0.1875  -0.270077
0.0625  -0.23788
0.0625  -0.155458
-0.15625  -0.282299
0.25  -0.262149
0.15625  -0.43157
-0.0625  -0.30289
-0.0625  -0.129747
-0.21875  -0.451013
0.0625  -0.208454
-0.125  -0.168339
-0.125  -0.478576
-0.03125  -0.592658
0.3125  -0.397125
0.15625  -0.43517
-0.03125  -0.00419813
-0.09375  -0.296301
0  -0.468539
-0.09375  -0.329157
-0.0625  -0.193879
-0.09375  -0.428522
-0.09375  -0.287938
0.0625  -0.479114
-0.125  -0.215688
-0.0625  -0.322401
-0.15625  -0.283617
-0.21875  -0.180923
0.0625  -0.412594
-0.09375  -0.324832
0.03125  -0.264918
-0.0625  -0.525214
-0.0625  -0.323943
0  -0.529272
0.03125  -0.356064
0.1875  -0.440545
-0.09375  -0.283019
0.25  -0.309023
-0.15625  -0.191627
0.34375  -0.156723
0.125  -0.502595
0.03125  -0.305609
0  -0.185177
-0.125  -0.102313
-0.25  -0.141219
0.03125  -0.276897
0.03125  -0.132277
0.34375  -0.293029
-0.0625  -0.203268
0  -0.427934
0.09375  -0.335002
0.21875  -0.276306
0.09375  -0.612889
0.3125  -0.420261
-0.15625  -0.575384
-0.0625  -0.23681
0.0625  -0.255676
-0.125  -0.469083
-0.03125  -0.221983
0.03125  -0.505342
0  -0.542567
0.09375  -0.433665
0.03125  -0.259226
-0.09375  -0.378503
-0.0625  -0.285328
-0.1875  -0.405465
0.0625  -0.233439
-0.15625  -0.41323
0.03125  -0.360349
-0.09375  -0.39161
0.21875  -0.475428
-0.03125  -0.322938
0.03125  -0.556898
-0.03125  -0.363062
0.15625  -0.2246
0.1875  -0.164363
-0.03125  -0.309899
-0.15625  -0.170094
-0.03125  -0.162582
0.0625  -0.514027
0  -0.375875
0.125  -0.435478
-0.03125  -0.400399
0.21875  -0.322483
0.0625  -0.35057
0.0625  -0.313835
-0.03125  -0.552069
0.125  -0.450944
0.0625  -0.330794
-0.09375  -0.405921
-0.125  -0.264571
-0.125  -0.474154
0.09375  -0.389203
0.15625  -0.491524
-0.03125  -0.462204
-0.03125  -0.279374
-0.1875  -0.508218
-0.125  -0.372173
-0.28125  -0.535818
-0.21875  -0.330192
0.125  -0.327061
0.21875  -0.219723
0.0625  -0.494533
0.03125  -0.294891
0.09375  0.0134209
-0.09375  -0.322157
-0.09375  -0.26565
-0.09375  -0.420632
0.09375  -0.39422
-0.15625  -0.271022
0  -0.0751571
-0.15625  -0.380861
-0.09375  -0.225698
-0.09375  -0.199272
0  -0.55641
0.09375  -0.0328813
-0.09375  -0.498078
0.1875  -0.207896
-0.03125  -0.314201
-0.0625  -0.422244
0  -0.114981
0.03125  -0.531693
-0.03125  -0.420876
0.28125  -0.297192
0.125  -0.165804
-0.03125  -0.26559
0.03125  -0.20623
0.09375  -0.0927824
0.03125  -0.243707
-0.125  -0.35301
0.09375  -0.0310477
0.09375  -0.180358
-0.09375  -0.255321
0.125  -0.320938
0.0625  -0.27986
0.0625  -0.515757
-0.09375  -0.447419
0.03125  -0.499818
-0.03125  -0.165045
0.03125  -0.315877
0  -0.0293827
0.15625  -0.187952
0.09375  -0.507816
-0.40625  -0.264887
0.15625  -0.223465
-0.0625  -0.262327
-0.125  -0.342324
0.03125  -0.308615
-0.03125  -0.369432
-0.15625  -0.410715
0.03125  -0.44063
-0.25  -0.375242
0.15625  -0.451023
-0.21875  -0.28251
0  -0.352735
-0.03125  -0.454575
-0.03125  -0.260279
-0.0625  -0.290894
-0.125  -0.579879
0  -0.321926
0.03125  -0.306446
-0.15625  -0.294438
0.03125  -0.371655
-0.1875  -0.328755
0.09375  -0.314225
-0.25  -0.413294
0  -0.373196
-0.15625  -0.178724
0  -0.468894
-0.0625  -0.133908
-0.125  -0.406916
0.125  -0.225447
0  -0.284186
-0.0625  -0.379922
0.0625  -0.428173
0.21875  -0.387607
-0.0625  -0.293069
-0.0625  -0.283089
0  -0.390998
0  -0.494386
-0.25  -0.3177
-0.21875  -0.0506147
0.0625  -0.45494
-0.25  -0.482728
0.21875  -0.261963
0.21875  -0.428184
-0.09375  -0.18752
-0.21875  -0.363382
-0.0625  -0.44052
0.0625  -0.299538
-0.0625  -0.410116
0.0625  -0.431736
0.1875  -0.43701
0.15625  -0.426003
0.0625  -0.408692
-0.15625  -0.49501
-0.03125  -0.401137
0.1875  -0.443946
-0.03125  -0.24178
-0.125  -0.431761
0.15625  -0.212599
-0.125  -0.148201
0.09375  -0.256008
-0.09375  -0.545089
-0.125  -0.405905
-0.125  -0.482308
0.125  -0.204767
0.0625  -0.444927
-0.1875  -0.202885
-0.1875  -0.26102
-0.21875  -0.37341
-0.125  -0.450046
0  -0.0902607
0.09375  -0.243795
0.03125  -0.117217
-0.09375  -0.201339
-0.125  -0.394659
0.125  -0.196391
-0.21875  -0.475072
0.15625  -0.240275
0  -0.445562
-0.0625  -0.399426
-0.0625  -0.318009
0.28125  -0.0967034
0.03125  -0.355498
-0.25  -0.302294
-0.03125  -0.402073
0  -0.437242
-0.0625  -0.303668
0.03125  -0.193778
0.25  -0.307153
0.03125  -0.282734
0.125  -0.329951
-0.125  -0.412143
0  -0.458971
-0.28125  -0.376248
-0.125  -0.344824
-0.09375  -0.278429
0  -0.221146
0.03125  -0.303257
0.15625  -0.500925
-0.15625  -0.210594
-0.125  -0.407615
-0.25  -0.307077
-0.0625  -0.38221
-0.125  -0.303975
0  -0.297592
0.125  -0.113028
-0.15625  -0.249237
0.21875  -0.393788
0.0625  -0.159485
-0.28125  -0.188833
-0.15625  -0.290393
-0.09375  -0.484993
-0.15625  -0.353862
0.125  -0.524211
0.09375  -0.351213
-0.125  -0.150105
-0.28125  -0.0606973
0.3125  -0.356153
0.09375  -0.385109
-0.09375  -0.380049
-0.125  -0.49102
-0.15625  -0.254734
0.09375  -0.210285
0.21875  -0.413294
0  -0.100329
-0.21875  -0.414266
-0.0625  -0.311822
-0.03125  -0.422697
-0.28125  -0.482629
-0.15625  -0.295901
0.125  -0.216152
0.1875  -0.287804
-0.09375  -0.414502
0.0625  -0.392985
0.03125  -0.315877
-0.03125  -0.385289
0.03125  -0.285995
-0.1875  -0.542955
0.03125  -0.221601
0.09375  -0.430136
0.09375  -0.122216
0.03125  -0.425154
-0.1875  -0.211985
0  -0.302517
0.1875  -0.271357
-0.09375  -0.335123
0.15625  -0.370505
-0.09375  -0.489628
0.28125  -0.218302
-0.1875  -0.360641
0  -0.565444
0.125  -0.0713798
-0.15625  -0.256114
0  -0.0540452
-0.15625  -0.353771
0.03125  -0.280483
-0.0625  -0.0681384
-0.03125  -0.18235
0  -0.461987
-0.1875  -0.171278
0.03125  -0.287335
-0.0625  -0.284477
-0.25  -0.553161
-0.03125  -0.289314
-0.15625  -0.233192
0.09375  -0.311349
0.09375  -0.538382
0.125  -0.502143
-0.03125  -0.164567
0.125  -0.337785
0  -0.429892
-0.03125  -0.327688
0.0625  -0.184835
0.125  -0.26353
0  -0.384708
-0.03125  -0.079995
-0.125  -0.305249
-0.1875  -0.214079
0.03125  -0.276817
0.03125  -0.558419
0.21875  -0.449058
-0.03125  -0.324806
0.0625  -0.318644
-0.125  -0.515512
0  -0.414282
0.15625  -0.314995
0.0625  -0.332972
0.1875  -0.44574
0.09375  -0.299832
0.0625  -0.321349
0.1875  -0.294784
0.0625  -0.0866053
-0.25  -0.355128
0.125  -0.238404
-0.03125  -0.202048
-0.09375  -0.353812
0  -0.161541
0  -0.262969
0.0625  -0.316401
-0.0625  -0.368704
0.09375  -0.28296
0.0625  -0.394734
-0.15625  -0.422031
0.125  -0.303585
0.34375  -0.300108
-0.09375  -0.377253
0.0625  -0.311757
0  -0.228078
-0.09375  -0.392345
0.09375  -0.242441
0.15625  -0.300156
-0.125  -0.468759
0.21875  -0.46108
0.1875  -0.22641
-0.0625  -0.162448
0.125  -0.269825
-0.03125  -0.31195
-0.125  -0.27395
-0.0625  -0.357072
-0.28125  -0.469273
0.21875  -0.245371
0.15625  -0.288475
0  -0.552511
-0.09375  -0.410184
0.125  -0.26785
0.1875  -0.411587
0.09375  -0.284986
-0.03125  -0.169025
0.0625  -0.351611
-0.0625  -0.378111
0  -0.191184
0.09375  -0.31092
-0.03125  -0.156435
0  -0.317123
-0.125  -0.38219
-0.0625  -0.562732
0  -0.296638
0.15625  -0.261539
0.25  -0.361741
0  -0.494338
-0.03125  -0.333315
-0.15625  -0.329326
-0.03125  -0.346353
0  -0.3038
0.15625  -0.471345
-0.21875  -0.246143
0.15625  -0.332368
0.25  -0.384705
0.09375  -0.0324521
-0.3125  -0.345593
-0.03125  -0.30037
0.03125  -0.470916
0.21875  -0.315257
-0.03125  -0.206088
0  -0.412308
-0.0625  -0.233612
-0.03125  -0.192465
-0.09375  -0.341056
0.1875  -0.435474
0.25  -0.367399
0  -0.177803
-0.09375  -0.521143
0.03125  -0.235792
-0.0625  -0.292777
-0.125  -0.343269
-0.03125  -0.447756
0.15625  -0.337487
0  -0.261994
0.0625  -0.25739
0.0625  -0.191926
0.03125  -0.269563
0.03125  -0.226365
-0.09375  -0.335208
0.0625  -0.317433
0.09375  -0.162502
0.03125  -0.246181
-0.1875  -0.249315
0.28125  -0.244738
0.0625  -0.401407
0.1875  -0.332887
-0.09375  -0.364153
-0.1875  -0.298967
-0.0625  -0.357941
0.09375  -0.268316
-0.0625  -0.552485
0.125  -0.349327
-0.125  -0.288991
0.34375  -0.302207
-0.03125  -0.243177
-0.125  -0.277607
-0.09375  -0.440096
0.21875  -0.531499
-0.03125  -0.204881
-0.09375  -0.295267
0.03125  -0.296108
0  -0.0774032
0  -0.190497
0.125  -0.134988
0.21875  -0.404395
0  -0.457652
-0.0625  -0.360546
-0.03125  -0.0890328
0.0625  -0.375589
0.03125  -0.35253
-0.09375  -0.251504
-0.25  -0.595831
0.21875  -0.305868
-0.1875  -0.429287
-0.0625  -0.292241
0.21875  0.00594931
-0.03125  -0.307176
0  -0.400918
-0.125  -0.368953
-0.09375  -0.356235
0.15625  -0.537985
0.03125  -0.384523
0.03125  -0.485401
0.125  -0.461513
-0.15625  -0.331759
-0.0625  -0.335506
-0.28125  -0.206453
-0.0625  -0.246674
0.125  -0.159485
0.03125  -0.315157
0.1875  -0.185688
0.125  -0.362753
-0.15625  -0.429036
0.15625  -0.313192
0.125  -0.436348
-0.15625  -0.478966
-0.09375  -0.34654
-0.09375  -0.425028
-0.0625  -0.391068
0  -0.424364
-0.15625  -0.363277
0.125  -0.14426
-0.125  -0.260312
0.3125  -0.408096
-0.0625  -0.288317
0.15625  -0.27635
0.0625  -0.25948
0.1875  -0.201112
0.25  -0.420163
-0.09375  -0.130734
0  -0.294751
0.15625  -0.106856
0.0625  -0.27762
0.21875  -0.336795
-0.15625  -0.561706
0.15625  -0.257649
0.09375  -0.268392
0  -0.330313
0.03125  -0.416055
0.125  -0.307661
0.125  -0.444612
0.09375  -0.462429
0.375  -0.294243
0  -0.187089
-0.03125  -0.27641
-0.09375  -0.32343
-0.0625  -0.199115
0.0625  -0.323533
-0.0625  -0.22642
0  -0.145842
0.1875  -0.376606
-0.0625  -0.367221
-0.125  -0.476594
0  -0.502033
0.0625  -0.392385
-0.125  -0.296502
0  -0.351413
-0.03125  -0.259456
0.15625  -0.441904
-0.0625  -0.422192
0.03125  -0.380618
-0.09375  -0.359194
0  -0.536792
-0.03125  -0.362926
-0.03125  -0.352514
-0.125  -0.280245
0  -0.457005
0.03125  -0.109015
0.1875  -0.232592
0.15625  -0.521593
0.09375  -0.188975
0.15625  -0.256684
-0.1875  -0.262591
0.03125  -0.305951
0.0625  -0.540838
-0.03125  -0.313457
0  -0.273562
0.15625  -0.284606
0.0625  -0.376408
0.15625  -0.534111
-0.15625  -0.450337
0.125  -0.502013
0.0625  -0.29716
0.0625  -0.215268
0.125  -0.222313
-0.09375  -0.212707
-0.0625  -0.275158
0.125  -0.226925
0.09375  -0.364356
-0.0625  -0.334232
0.09375  -0.335097
-0.15625  -0.320073
0.03125  -0.386357
0  -0.386993
0.0625  0.0572967
-0.15625  -0.333639
0  -0.386882
0.15625  -0.386161
0  -0.356215
0.03125  -0.28865
0.25  -0.392444
-0.15625  -0.469054
0.1875  -0.406268
0.09375  -0.223756
-0.03125  -0.476555
0.1875  -0.130217
0.03125  -0.310694
0.03125  -0.473624
0  -0.344131
0.28125  -0.512786
-0.03125  -0.314573
0  -0.500426
-0.0625  -0.174854
0.0625  -0.316198
-0.0625  -0.308591
-0.0625  -0.264278
-0.09375  -0.127665
-0.03125  -0.277409
-0.25  -0.372319
0.28125  -0.456068
0.0625  -0.152288
-0.03125  -0.270042
-0.15625  -0.417451
0.125  -0.0818473
0.125  -0.31359
-0.15625  -0.315813
0.21875  -0.254966
-0.21875  -0.366425
0.0625  -0.37545
-0.1875  -0.367388
0  -0.412986
0.15625  -0.392257
0.09375  -0.24626
-0.25  -0.383048
0.0625  -0.440315
0.0625  -0.263135
0.09375  -0.206582
0.03125  -0.496814
-0.125  -0.434567
-0.15625  -0.477566
-0.15625  -0.379658
-0.28125  -0.247461
-0.09375  -0.327691
-0.0625  -0.353525
-0.34375  -0.311421
0  -0.427562
0.1875  -0.464087
0.0625  -0.315725
-0.15625  -0.455685
0  -0.286649
0.09375  -0.643559
0.0625  -0.428658
0.03125  -0.437066
-0.09375  -0.356584
-0.03125  -0.194169
0  -0.424079
-0.0625  -0.326415
-0.125  -0.168921
-0.03125  -0.417883
-0.03125  -0.257242
-0.03125  -0.244138
-0.09375  -0.4539
0  -0.172975
0.0625  -0.475461
0  -0.435181
-0.09375  -0.377427
0.0625  0.00622231
0.03125  -0.546822
-0.09375  -0.238414
-0.0625  -0.363603
0.0625  -0.300845
-0.125  -0.381065
-0.03125  -0.473618
-0.125  -0.44001
0.125  -0.362013
-0.21875  -0.360729
0.03125  -0.286215
0.09375  -0.298596
-0.09375  -0.167942
-0.0625  -0.25294
0.03125  -0.471499
0.125  -0.404924
-0.15625  -0.402011
-0.125  -0.361155
0.21875  -0.355249
-0.15625  -0.197263
0.09375  -0.176475
0.0625  -0.212347
-0.15625  -0.299884
-0.25  -0.15869
-0.0625  -0.365928
0.03125  -0.419253
-0.09375  -0.166932
0.1875  -0.257991
-0.1875  -0.261227
0.0625  -0.220141
-0.03125  -0.320663
-0.21875  -0.326745
0.1875  -0.461321
-0.15625  -0.285893
-0.0625  -0.433268
-0.25  -0.219466
-0.34375  -0.36182
0  -0.316408
0.15625  -0.446268
0.125  -0.414415
-0.09375  -0.348561
0.1875  -0.378955
0  -0.29898
-0.125  -0.232571
0.125  -0.215125
0.25  -0.247212
0.0625  -0.109943
-0.03125  -0.150358
0  -0.147742
0.03125  -0.309408
-0.0625  -0.208409
-0.1875  -0.377677
-0.0625  -0.364791
0.09375  -0.351131
0.125  -0.343938
0.03125  -0.211881
0.15625  -0.255832
-0.15625  -0.367634
0.03125  -0.221539
0.09375  -0.452589
0.0625  -0.335025
0.0625  -0.142021
0.0625  -0.273168
-0.09375  -0.236872
-0.0625  -0.207967
-0.28125  -0.366457
0.125  -0.265635
0.125  -0.143404
0.1875  -0.312219
0  -0.368971
0.125  -0.339131
0  -0.272121
0.0625  -0.292903
0.03125  -0.290367
-0.125  -0.409129
-0.28125  -0.296008
-0.25  -0.285456
0  -0.209302
-0.03125  -0.153224
0.03125  -0.271483
-0.125  -0.269163
-0.15625  -0.48185
0.09375  -0.221045
0.09375  -0.279142
0  -0.277003
-0.1875  -0.463355
-0.0625  -0.188039
-0.09375  -0.313513
0.03125  -0.103811
-0.1875  -0.272708
-0.15625  -0.357043
-0.0625  -0.378368
-0.03125  -0.159826
0.09375  -0.181215
0.0625  -0.44942
-0.0625  -0.512816
-0.09375  -0.320175
-0.03125  -0.280694
0.125  -0.371756
0.125  -0.320555
-0.15625  -0.311366
-0.15625  -0.269954
0.09375  -0.395511
-0.0625  -0.453889
0.03125  -0.2245
0.09375  -0.35644
0.03125  -0.408174
0.34375  -0.34114
0.09375  -0.314844
-0.125  -0.0849991
0.03125  -0.267063
-0.0625  -0.307061
-0.03125  -0.0652458
-0.03125  -0.358179
0.15625  -0.475385
-0.15625  -0.266107
0.125  -0.316903
0.09375  -0.0432089
0.09375  -0.425509
-0.1875  -0.253982
0.125  -0.268988
-0.34375  -0.232838
0.03125  -0.345287
0.0625  -0.328293
0.1875  -0.370517
-0.25  -0.341038
0.03125  -0.309256
-0.03125  -0.176258
-0.03125  -0.217833
0  -0.142594
0.125  -0.361015
0.03125  -0.355391
0.0625  -0.167268
0.0625  -0.363861
0  -0.303744
-0.15625  -0.197125
0.125  -0.282059
0.09375  -0.257578
0.09375  -0.494907
0.25  -0.389189
-0.09375  -0.0764519
0.03125  -0.388761
-0.125  -0.284808
-0.15625  -0.197189
0.28125  -0.27407
-0.09375  -0.352345
-0.21875  -0.260799
0.0625  -0.267257
0  -0.3008
0  -0.314986
0  -0.264945
0.0625  -0.336791
0.1875  -0.328059
0  -0.222819
-0.1875  -0.300997
0.125  -0.251625
0.09375  -0.358899
0.03125  -0.321334
-0.125  -0.506059
-0.25  -0.370545
0.0625  -0.385414
0.03125  -0.330801
-0.0625  -0.294352
-0.0625  -0.36972
0.09375  -0.336889
-0.03125  -0.398109
-0.15625  -0.23602
-0.34375  -0.341
-0.09375  -0.306365
0  -0.221794
0  -0.363573
-0.0625  -0.293847
-0.0625  -0.41497
-0.125  -0.130094
-0.03125  -0.410876
0.03125  -0.332924
-0.03125  -0.316363
0.1875  -0.192925
-0.03125  -0.29346
0.0625  -0.377334
-0.1875  -0.308318
0.125  -0.350086
-0.1875  -0.38251
-0.09375  -0.271714
0.1875  -0.0524055
0.1875  -0.126632
0.125  -0.0413771
-0.03125  -0.19488
0  -0.217563
0.3125  -0.415412
-0.1875  -0.45259
0.25  -0.40613
-0.125  -0.256955
-0.1875  -0.260095
-0.125  -0.16031
0  -0.33117
-0.15625  -0.249994
0.125  -0.450954
0.03125  -0.0340366
-0.0625  -0.288869
-0.3125  0.000232026
0.03125  -0.438897
-0.28125  -0.417238
-0.09375  -0.516885
0.0625  -0.199349
0.0625  -0.302915
-0.21875  -0.408565
0.09375  -0.210614
-0.09375  -0.352107
-0.09375  -0.337717
0  -0.33179
0.09375  -0.272428
0  -0.328083
-0.25  -0.173915
-0.03125  -0.156633
0.0625  -0.0783393
0.03125  -0.280294
-0.09375  -0.414488
0.09375  -0.241031
0.125  -0.248941
-0.03125  -0.338569
0.1875  -0.340153
0.0625  -0.422928
-0.09375  -0.379577
-0.1875  -0.252228
-0.15625  -0.1939
0.03125  -0.418743
-0.21875  -0.229417
-0.0625  -0.0680446
-0.09375  -0.365364
-0.125  -0.557279
-0.125  -0.19756
-0.03125  -0.0882838
-0.0625  -0.405566
-0.125  -0.196827
0.1875  -0.258964
0.09375  -0.273519
0.1875  -0.438279
0.03125  -0.400791
0.0625  -0.108739
-0.03125  -0.215047
-0.0625  -0.392282
0.09375  -0.349149
0.03125  -0.0654435
0.03125  -0.213956
0  -0.388541
-0.0625  -0.327894
-0.09375  -0.353121
-0.125  -0.336968
0  -0.338581
-0.0625  -0.335082
-0.0625  -0.206946
-0.0625  -0.388196
-0.0625  -0.350223
0.03125  -0.0888367
-0.09375  -0.21325
0.125  -0.332186
-0.125  -0.234128
0.0625  -0.175134
0  -0.445322
-0.125  -0.335509
-0.09375  -0.338079
0.0625  -0.237798
-0.125  -0.13308
0.125  -0.493409
0.09375  -0.283678
0  -0.384281
-0.21875  -0.456549
-0.1875  -0.340301
-0.03125  -0.163014
0.0625  -0.3036
-0.0625  -0.20474
0  -0.379786
0.09375  -0.220976
-0.28125  -0.521288
-0.15625  -0.324736
-0.125  -0.175835
-0.21875  -0.312011
0.03125  -0.350248
0.0625  -0.281942
-0.1875  -0.143563
0.0625  -0.416508
-0.15625  -0.235781
0.03125  -0.506393
-0.03125  -0.585735
-0.1875  -0.374437
-0.125  -0.173198
0.03125  -0.26081
0.21875  -0.202761
-0.28125  -0.341837
-0.25  -0.455096
-0.1875  -0.405391
-0.25  -0.18409
-0.03125  -0.219816
-0.0625  -0.280984
0.15625  -0.233664
0.21875  -0.27649
0.09375  -0.348692
-0.21875  -0.514766
-0.125  -0.210167
0  -0.27594
0.0625  -0.353965
-0.125  -0.481301
0.25  0.0441334
0.125  -0.41325
0.0625  -0.0879618
0.21875  -0.414331
-0.0625  -0.479929
-0.03125  -0.342803
-0.09375  -0.418085
0  -0.127842
0.15625  -0.334221
0  -0.622659
0.15625  -0.332187
-0.03125  -0.18476
0.03125  -0.288285
0.1875  -0.347103
-0.15625  -0.360275
0.125  -0.145979
0.03125  -0.309043
-0.0625  -0.291402
-0.125  -0.290227
-0.15625  -0.198368
-0.0625  -0.272412
-0.15625  -0.546114
0.09375  -0.141811
-0.125  -0.0894102
-0.0625  -0.349451
0.125  -0.255838
0.15625  -0.0864035
0  -0.310046
-0.15625  -0.559232
-0.21875  -0.412755
-0.09375  -0.539245
-0.09375  -0.2276
-0.15625  -0.500893
0.3125  -0.343299
0.15625  -0.232516
-0.125  -0.164397
0.125  -0.460047
-0.09375  -0.1762
-0.0625  -0.152111
0.03125  -0.277888
-0.125  -0.298796
0.09375  -0.596884
0.03125  -0.410206
-0.03125  -0.23378
0  -0.198932
0.15625  -0.571678
-0.09375  -0.468129
-0.03125  -0.457958
-0.125  -0.272427
0.09375  -0.508956
-0.03125  -0.327012
-0.09375  -0.5225
0.1875  -0.178916
0.21875  -0.365448
0  -0.222237
0.03125  -0.180366
0  -0.303295
0.25  -0.31021
-0.09375  -0.274333
0.03125  -0.24857
-0.21875  -0.354726
-0.09375  -0.249061
0.0625  -0.363539
0.25  -0.336722
0.0625  -0.310179
-0.0625  -0.326141
-0.0625  -0.446167
0.09375  -0.343759
0.21875  -0.346872
-0.09375  -0.477103
-0.15625  -0.25932
-0.03125  -0.301283
0  -0.268515
0  -0.467836
-0.09375  -0.378768
-0.125  -0.329602
0.09375  -0.332036
-0.1875  -0.439172
0.0625  -0.380728
-0.0625  -0.348172
-0.0625  -0.333199
-0.03125  -0.292571
-0.03125  -0.310278
-0.1875  -0.305442
-0.03125  -0.290446
-0.0625  -0.478463
-0.15625  -0.270381
-0.125  -0.256188
-0.03125  -0.289581
0.21875  -0.297394
0  -0.186815
0.0625  -0.12037
0  -0.0171251
0.09375  -0.234272
0.03125  -0.378387
0.0625  -0.365251
0.03125  -0.333705
0  -0.342853
-0.1875  -0.413018
-0.03125  -0.407587
-0.15625  -0.373977
-0.03125  -0.33969
0.03125  -0.179527
-0.0625  -0.458605
0  -0.519241
0.0625  -0.234952
0.09375  -0.222952
-0.125  -0.457042
0.0625  -0.307093
-0.125  -0.36265
0.21875  -0.417075
-0.125  -0.344686
0.0625  -0.272783
0.03125  -0.287977
-0.28125  -0.252807
-0.15625  -0.199729
-0.09375  -0.4734
0.1875  -0.234876
0  -0.415019
-0.15625  -0.386544
0.09375  -0.43389
-0.15625  -0.303852
-0.03125  -0.41665
-0.25  -0.427226
-0.1875  -0.140716
0.15625  -0.367121
-0.09375  -0.398291
0  -0.394504
-0.21875  -0.38858
0.03125  -0.463043
0.21875  -0.203859
0.125  -0.379528
-0.21875  -0.2426
0.0625  -0.312175
0.0625  -0.348712
-0.125  -0.236384
0.25  -0.28996
-0.09375  -0.209506
-0.15625  -0.477171
-0.125  -0.293894
-0.0625  -0.334238
0.125  -0.397287
0.0625  -0.104281
-0.03125  -0.437184
-0.03125  -0.274882
0.21875  -0.25663
0.09375  -0.397895
0.09375  -0.461654
-0.125  -0.106606
0.03125  -0.349018
-0.21875  -0.248224
0  -0.431694
0.25  -0.276026
0.03125  -0.174422
-0.125  -0.395886
0.03125  -0.14102
-0.3125  -0.427371
0.03125  -0.013825
0.125  -0.356921
-0.03125  -0.204087
0.0625  -0.133186
0.1875  -0.192642
-0.28125  -0.331637
-0.0625  -0.35106
0.0625  -0.142853
0.09375  -0.315193
-0.125  -0.384827
-0.21875  -0.310076
0.0625  -0.275044
0.09375  -0.309904
-0.09375  -0.305681
0.03125  -0.156853
-0.15625  -0.188414
-0.125  -0.321553
0.21875  -0.253646
0.09375  -0.256603
0.1875  -0.281077
-0.09375  -0.193457
-0.03125  -0.283183
0  -0.424558
-0.125  -0.540323
-0.125  -0.367269
0.09375  -0.257544
-0.09375  -0.496388
0.03125  -0.309882
0.09375  -0.435656
-0.125  -0.248108
-0.125  -0.0186902
0.03125  -0.526661
-0.03125  -0.283361
0.03125  -0.412504
-0.125  -0.340948
0  -0.243912
-0.09375  -0.390006
0  -0.409949
0.15625  -0.22748
-0.09375  -0.0387685
-0.15625  -0.441666
0.03125  -0.262826
-0.1875  -0.400322
-0.03125  -0.204388
-0.125  -0.384171
0  -0.237275
-0.09375  -0.311895
0.09375  -0.456182
0.09375  -0.255312
-0.25  -0.160949
-0.09375  -0.179932
0.09375  -0.407997
0.0625  -0.271567
0.03125  -0.338986
-0.15625  -0.313764
-0.0625  -0.345679
-0.15625  -0.318097
-0.0625  -0.422436
0.0625  -0.2517
0.0625  -0.348681
0.03125  -0.316829
-0.0625  -0.252225
0.03125  -0.419229
0.15625  -0.308727
0.0625  -0.067324
0  -0.33804
0  -0.219615
-0.125  -0.327742
0  -0.330209
-0.09375  -0.255564
0  -0.484317
-0.03125  -0.31354
0.21875  -0.280126
0.0625  -0.497014
0.28125  -0.361373
-0.1875  -0.4264
0.3125  -0.479195
-0.15625  -0.444267
-0.21875  -0.365944
-0.03125  -0.33159
-0.15625  -0.189993
-0.03125  -0.407404
0.3125  -0.460159
-0.09375  -0.216262
-0.03125  -0.18415
0.1875  -0.194367
-0.09375  -0.433222
0  -0.286857
-0.03125  -0.207907
0.03125  -0.232453
0.25  -0.159337
-0.125  -0.478949
-0.09375  -0.361607
0.1875  -0.487118
0.0625  -0.384816
0.1875  -0.185378
0.03125  -0.318912
-0.25  -0.263293
-0.15625  -0.384505
0.125  -0.35981
-0.03125  -0.422263
0  -0.473263
-0.03125  -0.109079
0.09375  -0.446379
-0.0625  -0.267874
-0.125  -0.175887
0.03125  -0.321115
-0.03125  -0.298301
-0.25  -0.334142
0.21875  -0.335461
0.25  -0.34211
0.21875  -0.333811
-0.3125  -0.265585
-0.09375  -0.2846
-0.03125  -0.419367
-0.09375  -0.324498
-0.03125  -0.122964
0.09375  -0.232592
0.15625  -0.374176
0.03125  -0.51901
0  -0.32726
-0.1875  -0.175401
0  -0.234795
0  -0.541615
-0.0625  -0.232906
-0.28125  -0.281822
0.21875  -0.324149
0  -0.51544
-0.125  -0.167804
0.0625  -0.426325
0.0625  -0.139791
0  -0.293668
0.03125  -0.245929
-0.1875  -0.037418
-0.125  -0.102194
0.0625  -0.197385
-0.15625  -0.339375
0.21875  -0.386421
0.03125  -0.449814
-0.25  -0.554808
-0.0625  -0.201444
0.09375  -0.355498
0.0625  -0.231791
0.09375  -0.256897
0.09375  -0.41447
-0.0625  -0.255801
-0.0625  -0.18192
0.0625  -0.246213
0.09375  -0.280973
-0.25  -0.407286
-0.1875  -0.372045
0.28125  -0.164926
-0.125  -0.108402
-0.03125  -0.401239
0.0625  -0.418618
-0.0625  -0.391552
0.15625  -0.19554
0.28125  -0.233241
-0.15625  -0.306949
0.0625  -0.137809
-0.03125  -0.600852
0.03125  -0.506732
0.21875  -0.474531
-0.0625  -0.207668
0.125  -0.171636
0.03125  -0.42061
0.0625  -0.248157
0.0625  -0.537273
0.0625  -0.26957
0.0625  -0.244697
-0.03125  -0.332407
-0.15625  -0.242445
-0.03125  -0.42655
-0.09375  -0.348181
-0.3125  -0.374904
-0.03125  -0.333734
-0.125  -0.284984
0.09375  -0.315243
0.03125  -0.302484
-0.0625  -0.282139
-0.03125  -0.415869
0.09375  -0.382639
0.0625  -0.399818
-0.03125  -0.334693
-0.21875  -0.46779
-0.25  -0.271345
0.125  -0.380424
0.0625  -0.392099
-0.21875  -0.573854
0.0625  -0.310148
-0.15625  -0.181771
-0.03125  -0.504374
-0.21875  -0.398842
-0.09375  -0.150318
0.1875  -0.425915
0.125  -0.271907
0  -0.189856
-0.0625  -0.549625
0.0625  -0.195404
0.125  -0.364864
-0.09375  -0.118923
0.1875  -0.365678
-0.1875  -0.300668
-0.21875  -0.533407
-0.03125  -0.233076
0.03125  -0.464929
0.09375  -0.256766
-0.03125  -0.213393
-0.03125  -0.338081
0.28125  -0.268871
0.09375  -0.431017
-0.0625  -0.360577
0.15625  -0.169841
0.125  -0.263051
0  -0.23457
0.0625  -0.306884
-0.0625  -0.203829
0.15625  -0.346479
-0.09375  -0.166748
0.03125  -0.313933
-0.125  -0.414367
0.09375  -0.331043
-0.0625  -0.325663
0  -0.285254
0.0625  -0.407841
-0.0625  -0.329256
0.0625  -0.311681
-0.0625  -0.296566
-0.0625  -0.474685
-0.09375  -0.334109
0.1875  -0.429687
0  -0.263434
-0.09375  -0.0879514
0  -0.324756
0  -0.171528
0.15625  -0.527812
0.21875  -0.425398
0.0625  -0.274026
-0.15625  -0.47203
-0.125  -0.307203
-0.125  -0.335499
0  -0.476904
0.09375  -0.292983
-0.15625  -0.31985
0  -0.0736462
-0.0625  -0.0573079
0.09375  -0.297137
0.03125  -0.148383
-0.0625  -0.218297
-0.0625  -0.400893
0.0625  -0.192639
0.03125  -0.375488
0.3125  -0.316586
-0.09375  -0.298359
-0.125  -0.292748
0.21875  -0.384067
0.125  -0.295083
-0.15625  -0.404017
0.21875  -0.107209
0  -0.409211
0.0625  -0.247782
-0.0625  -0.24786
0.125  -0.22283
-0.125  -0.217137
-0.0625  -0.417763
-0.09375  -0.253905
0.03125  -0.31264
-0.03125  -0.200154
0.0625  -0.245134
-0.3125  -0.403972
0.15625  -0.311936
-0.03125  -0.484043
-0.03125  -0.326109
-0.125  -0.439571
0  -0.223285
-0.03125  -0.244232
0.15625  -0.501617
0.15625  -0.210561
-0.28125  -0.390827
0.0625  -0.364547
-0.0625  -0.358315
0.125  -0.362232
0.15625  -0.387233
0.09375  -0.402544
0.0625  -0.345773
-0.15625  -0.264738
-0.125  -0.224542
-0.0625  -0.391939
-0.0625  -0.386777
-0.03125  -0.344588
0.3125  -0.440506
0.09375  -0.257153
-0.03125  -0.335263
0.09375  -0.307338
-0.15625  -0.459671
-0.09375  -0.289401
0  -0.122114
0  -0.380325
-0.09375  -0.598548
0.15625  -0.32153
0.0625  -0.146538
-0.03125  -0.326185
0.0625  -0.27639
-0.0625  -0.344564
0.09375  -0.507607
0.0625  -0.412379
-0.0625  -0.206296
0.03125  -0.538418
0.0625  -0.39275
0  -0.417253
0  -0.299206
-0.0625  -0.448731
0.03125  -0.302336
0.1875  -0.288719
-0.0625  -0.20184
-0.125  -0.45518
0.0625  -0.464638
0.1875  -0.545401
-0.125  -0.325977
0.15625  -0.454563
0.15625  -0.298152
0.03125  -0.26387
-0.0625  -0.405694
0.03125  -0.451169
0  -0.36851
-0.1875  -0.457327
-0.0625  -0.350247
-0.0625  -0.298512
0.125  -0.0611284
-0.125  -0.257909
0.0625  -0.127396
0.03125  -0.297062
-0.0625  -0.678036
0.0625  -0.28152
0.125  -0.258495
0.0625  -0.300679
-0.03125  -0.3006
-0.0625  -0.376911
0.0625  -0.449867
-0.15625  -0.295838
0.3125  -0.415806
-0.1875  -0.550608
-0.125  -0.243399
-0.21875  -0.153749
-0.03125  -0.502998
0.0625  -0.167023
-0.1875  -0.459703
-0.21875  -0.404549
0.03125  -0.35788
0.21875  -0.224754
-0.03125  -0.314394
0.03125  -0.387275
0.09375  -0.501812
0.03125  -0.395916
0.125  -0.356779
0.0625  -0.35556
-0.15625  -0.38242
0  -0.458414
0.03125  -0.391024
0.125  -0.543915
0.125  -0.356317
0.03125  -0.0600389
-0.0625  -0.50789
0.1875  -0.425538
0.28125  -0.301766
-0.0625  -0.473983
0.1875  -0.414106
0.0625  -0.427084
0.0625  -0.285976
0.21875  -0.239433
0.15625  -0.438614
0.0625  -0.439493
-0.15625  -0.150431
-0.03125  -0.306329
0.03125  -0.112518
-0.0625  -0.236517
-0.0625  -0.187057
0  -0.0448826
-0.03125  -0.230887
0.09375  -0.218301
0.125  -0.441084
0.03125  -0.220966
0.03125  -0.298096
0.1875  -0.305774
-0.15625  -0.232801
-0.09375  -0.205645
0.125  -0.410102
-0.0625  -0.332614
0.03125  -0.50155
-0.0625  -0.378203
-0.28125  -0.23089
0.0625  -0.349166
0.15625  -0.349301
0  -0.478512
-0.125  -0.234722
-0.09375  -0.280379
-0.03125  -0.385785
0.03125  -0.464972
-0.125  -0.362232
-0.15625  -0.33485
-0.0625  -0.26182
-0.0625  -0.311594
0.09375  -0.267522
-0.1875  -0.283168
-0.09375  -0.527725
0.0625  -0.261129
0.1875  -0.120427
0.15625  -0.152493
-0.125  -0.249567
0.03125  -0.388036
0.125  -0.192131
-0.09375  -0.397887
0.0625  -0.199741
0.15625  -0.319225
-0.28125  -0.221127
0.03125  -0.3793
0.1875  -0.157445
0.15625  -0.188798
-0.125  -0.471324
0.15625  -0.351559
-0.09375  -0.360595
-0.125  -0.244949
0.125  -0.341665
-0.0625  -0.345848
0  -0.311803
0.03125  -0.125705
-0.15625  -0.360115
0  -0.403088
0.0625  -0.284565
0.15625  -0.269363
0.03125  -0.198125
0.09375  -0.309875
0.03125  -0.218285
-0.03125  -0.41097
0  -0.247963
-0.15625  -0.255787
0.09375  -0.327339
0  -0.457874
-0.09375  -0.350625
0.0625  -0.454152
0.0625  -0.350898
0.09375  -0.43306
-0.0625  -0.392252
-0.0625  -0.366386
0  -0.493985
-0.21875  -0.478251
0.0625  -0.187549
0.21875  -0.214089
0.125  -0.286342
-0.0625  -0.162343
0.03125  -0.404295
0.0625  -0.25256
-0.21875  -0.273482
-0.21875  -0.368616
-0.09375  -0.373332
-0.125  -0.288081
-0.03125  -0.304376
0.03125  -0.217148
0.03125  -0.369377
-0.1875  -0.228373
0.09375  -0.500245
-0.03125  -0.299361
0.09375  -0.382217
0.03125  -0.204301
0.125  -0.451853
0.09375  -0.323639
0.3125  -0.35152
0.0625  -0.132128
0  -0.338555
0.09375  -0.391133
-0.0625  -0.262972
-0.03125  -0.320407
-0.09375  -0.266273
-0.15625  -0.335545
0.03125  -0.258295
0.125  -0.340876
0.15625  -0.321019
0.1875  -0.328886
0.375  -0.318015
0.25  -0.134726
0.1875  -0.364272
0  -0.130488
-0.1875  -0.200655
0  -0.357073
0  -0.193989
0.1875  -0.127751
0  -0.329518
0  -0.237631
-0.03125  -0.461488
0.0625  -0.162617
-0.0625  -0.147799
0.0625  -0.411289
0.1875  -0.350591
-0.0625  -0.255529
0.0625  -0.337096
0.03125  -0.296858
0  -0.250189
-0.03125  -0.224456
0  -0.310667
0.0625  -0.365901
0.03125  -0.422022
-0.09375  -0.318948
0.0625  -0.34056
0.125  -0.301366
0  -0.295306
-0.3125  -0.324877
0.15625  -0.134066
0.03125  -0.14654
0.0625  -0.364929
0.1875  -0.177265
0.0625  -0.440759
-0.125  -0.273088
-0.09375  -0.466028
0.03125  -0.417415
0.09375  -0.241798
0.03125  -0.265321
-0.09375  -0.332279
-0.125  -0.269923
-0.09375  -0.421918
-0.0625  -0.431814
0.0625  -0.381541
-0.0625  -0.386802
0.125  -0.456352
-0.21875  -0.568117
0.03125  -0.180148
0  -0.35598
0.03125  -0.189836
0.0625  -0.217813
0  -0.492292
-0.125  -0.268334
0.0625  -0.268997
0.375  -0.24973
0.125  -0.140845
-0.03125  -0.204487
0.1875  -0.342189
0.09375  -0.29549
-0.1875  -0.393624
0.0625  -0.487153
-0.15625  -0.0988977
0.375  0.0181733
0.125  -0.38638
-0.0625  -0.281641
0.09375  -0.310578
-0.28125  -0.21356
0.3125  -0.372215
-0.09375  -0.291611
-0.0625  -0.218618
0.0625  -0.175614
0  -0.407879
0.0625  -0.277359
0.0625  -0.292649
-0.0625  -0.208765
-0.09375  -0.129089
0.03125  -0.3547
0  -0.476996
-0.125  -0.36928
-0.21875  -0.399148
-0.03125  -0.44844
-0.09375  -0.215981
-0.03125  -0.182718
0.21875  -0.391574
-0.09375  -0.234493
0.0625  -0.192558
0.0625  -0.232358
0  -0.295335
-0.03125  -0.27744
0.0625  -0.261416
0  -0.245629
-0.03125  -0.241809
-0.03125  -0.314631
-0.03125  -0.277897
0.09375  -0.555757
-0.0625  -0.186858
0.0625  -0.114652
-0.0625  -0.473486
0.03125  -0.393635
-0.03125  -0.149944
-0.0625  -0.4375
0.15625  -0.417578
0.125  -0.488329
0.1875  -0.264496
-0.09375  -0.419235
0.1875  -0.0822441
0.0625  -0.274864
-0.0625  -0.309603
-0.0625  -0.319732
0.15625  -0.242206
-0.125  -0.554326
-0.125  -0.270993
-0.09375  -0.265792
0.25  -0.23747
-0.125  -0.301835
0.03125  -0.0760912
0.28125  -0.1069
-0.03125  -0.36632
-0.09375  -0.179096
0.0625  -0.39917
0.0625  -0.398781
-0.09375  -0.18963
-0.0625  -0.312497
0.15625  -0.377021
0.15625  -0.283415
0  -0.106309
-0.125  -0.24229
-0.0625  -0.310985
-0.0625  -0.258965
0.0625  -0.270542
-0.0625  -0.136867
-0.09375  -0.23852
-0.03125  -0.113978
-0.21875  -0.4972
0.0625  -0.245018
0.09375  -0.204537
-0.125  -0.287041
0.0625  -0.262954
0.125  -0.468537
0.03125  -0.255686
0.3125  -0.3546
-0.125  -0.343585
0.1875  -0.263577
-0.09375  -0.223446
-0.15625  -0.320676
0.15625  -0.130845
0.1875  -0.230865
-0.1875  -0.273463
0.03125  -0.323312
-0.3125  -0.310039
0.1875  -0.150703
0.15625  -0.326439
0.03125  -0.370891
-0.28125  -0.28978
-0.0625  -0.147482
0.25  -0.388995
0.0625  -0.436933
-0.15625  -0.316036
0.1875  -0.198184
-0.03125  -0.061869
-0.21875  -0.336671
0.03125  -0.154463
0.03125  -0.308397
-0.125  -0.34289
-0.0625  -0.230331
0.03125  -0.306649
0.09375  -0.400351
0  -0.487426
0.0625  -0.306945
-0.03125  -0.256103
-0.09375  -0.39553
-0.125  -0.266373
-0.03125  -0.294238
0.09375  -0.424929
0.125  -0.421588
0.03125  -0.26602
-0.3125  -0.458344
0.1875  -0.394022
-0.1875  -0.376987
0.125  -0.277064
-0.21875  -0.301387
0.0625  -0.323108
-0.21875  -0.269665
0.09375  -0.262297
-0.28125  -0.245081
0.03125  -0.32969
0.09375  -0.451916
0.09375  -0.23385
0  -0.465176
0.09375  -0.259549
0.1875  -0.475852
-0.0625  -0.232406
-0.03125  -0.282944
-0.21875  -0.167162
0.15625  -0.356179
0.09375  -0.283405
0.09375  -0.250125
0.0625  -0.226951
0  -0.366655
0.09375  -0.322735
0.125  -0.518852
0  -0.249628
-0.09375  -0.151996
-0.3125  -0.357067
-0.03125  -0.230861
0.03125  -0.304168
-0.03125  -0.363383
0.09375  -0.184488
0.09375  -0.497092
-0.1875  -0.43935
-0.0625  -0.335295
0.125  -0.41248
-0.0625  -0.130227
-0.03125  -0.288887
-0.03125  -0.221212
-0.15625  -0.362577
-0.125  -0.290835
0.15625  -0.294221
0.03125  -0.337058
-0.03125  -0.298252
0.0625  -0.41442
-0.09375  -0.49292
0  -0.393293
-0.0625  -0.194824
0.03125  -0.335767
0  -0.49583
0.03125  -0.369603
0.125  -0.335059
-0.03125  -0.391786
0.03125  -0.424749
0.09375  -0.35435
0.125  -0.25415
-0.09375  -0.233475
0.125  -0.395933
0.21875  -0.316317
0.21875  -0.131127
0.03125  -0.272553
-0.09375  -0.358904
-0.125  -0.172974
-0.125  -0.600937
-0.03125  -0.356802
-0.1875  -0.202582
0.03125  -0.300935
-0.0625  -0.262693
-0.0625  -0.326397
-0.0625  -0.205306
-0.0625  -0.209454
-0.09375  0.0351868
0.40625  -0.340493
0  -0.338011
0.03125  -0.211772
-0.09375  -0.396003
0.0625  -0.41709
0.1875  -0.263322
0.0625  -0.427196
-0.0625  -0.221811
0.03125  -0.433075
-0.125  -0.382359
0.09375  -0.336547
0.28125  -0.424714
0  -0.224298
-0.09375  -0.397615
-0.03125  -0.317472
0.03125  -0.504858
0.03125  -0.447057
0.1875  -0.400796
-0.09375  -0.475525
-0.09375  -0.491862
0.125  -0.402378
-0.0625  -0.29069
0.03125  -0.217177
0.09375  -0.236438
0.15625  -0.257741
0.21875  -0.160691
-0.0625  -0.0674682
-0.1875  -0.330687
-0.1875  -0.146353
0.0625  -0.341444
-0.0625  -0.38052
0.0625  -0.439696
0.125  -0.368545
-0.1875  -0.309294
0.03125  -0.487346
-0.03125  -0.175328
-0.125  -0.492261
-0.09375  -0.282335
0.09375  -0.136253
0.21875  -0.433822
-0.125  -0.437219
0.125  -0.423634
-0.125  -0.0535193
0.15625  -0.257011
-0.03125  -0.241988
0  -0.197581
0.09375  -0.100288
-0.09375  -0.591049
0.03125  -0.218115
0.03125  -0.445809
0.09375  -0.300311
-0.21875  -0.212643
0.125  -0.299955
-0.0625  -0.274804
-0.0625  -0.461042
-0.0625  -0.251105
-0.15625  -0.339095
0.03125  -0.108461
0.15625  -0.559969
-0.125  -0.241567
-0.0625  -0.37904
-0.125  -0.226219
0  -0.337674
-0.0625  -0.174192
0.125  -0.191691
0.03125  -0.313009
0.0625  -0.320891
0.125  -0.0125379
-0.09375  -0.634816
0.03125  -0.305633
0.0625  -0.386512
-0.125  -0.39911
0.09375  -0.230161
0.1875  -0.318476
0.0625  -0.338548
0.0625  -0.371157
0.09375  -0.16866
-0.0625  -0.266844
-0.21875  -0.313795
-0.09375  -0.380736
-0.21875  -0.496507
-0.1875  -0.394282
-0.09375  -0.25434
-0.15625  -0.303766
-0.0625  -0.24486
-0.0625  -0.193493
0.09375  -0.359303
-0.09375  -0.165804
0.0625  -0.474818
-0.09375  -0.348187
0.125  -0.290168
0.03125  -0.284698
0.21875  -0.301522
0.15625  -0.167613
-0.1875  -0.380257
-0.125  -0.225147
-0.09375  -0.484865
0.21875  -0.447274
0.03125  -0.411288
-0.1875  -0.430233
0  -0.347676
-0.09375  -0.189824
0.0625  -0.437404
-0.09375  -0.495631
0.21875  -0.30024
0  -0.219508
0.09375  -0.382492
0.1875  -0.350605
0.125  -0.390948
0.0625  -0.390113
0.03125  -0.306047
0.03125  -0.137246
-0.0625  -0.589063
0.125  -0.233058
0  -0.322007
0.125  -0.0925713
0.0625  -0.471418
0.125  -0.390308
-0.1875  -0.531554
-0.0625  -0.344216
0.09375  -0.246529
-0.25  -0.175884
0.21875  -0.187776
-0.03125  -0.14985
-0.125  -0.314963
0.0625  -0.346337
-0.03125  -0.32132
-0.09375  -0.158989
-0.125  -0.36533
0.0625  -0.221042
-0.21875  -0.428961
0.03125  -0.371432
0.0625  -0.287989
0.25  -0.437828
0.03125  -0.414325
0.03125  -0.275185
0.15625  -0.411725
0.15625  -0.257595
0.09375  -0.248151
0.40625  -0.184008
0.09375  -0.235145
-0.0625  -0.320087
-0.09375  -0.0663091
0.03125  -0.287009
0.25  -0.468535
-0.15625  -0.337064
0  -0.154311
-0.0625  -0.225786
0.03125  -0.285311
-0.125  -0.151997
-0.03125  -0.327995
-0.125  -0.414821
0.0625  -0.366019
0.125  -0.381517
0.0625  -0.155528
-0.03125  -0.433381
0.03125  -0.369966
-0.125  -0.541891
-0.125  -0.181288
-0.03125  -0.217063
-0.09375  -0.374082
-0.09375  -0.469957
0.09375  -0.403895
-0.125  -0.266894
0.15625  -0.345659
0  -0.26778
-0.3125  -0.362791
-0.125  -0.303496
0.21875  -0.109881
-0.15625  -0.379663
-0.1875  -0.238199
0.09375  -0.359072
0.21875  -0.441355
-0.0625  -0.315205
-0.09375  -0.175093
-0.03125  -0.52431
0.03125  -0.333341
-0.1875  -0.255571
-0.09375  -0.221221
-0.0625  -0.335028
0.09375  -0.457053
0.03125  -0.125257
-0.09375  -0.275903
0.125  -0.107376
-0.03125  -0.483656
-0.21875  -0.353543
-0.0625  -0.374563
0.03125  -0.380191
0  -0.227852
-0.15625  -0.438108
0.09375  -0.344218
-0.09375  -0.19163
-0.28125  -0.294237
0.125  -0.252682
-0.15625  -0.348155
0.03125  -0.279006
0.125  -0.23128
0.0625  -0.142381
0.09375  -0.318781
-0.28125  -0.310513
-0.03125  -0.5487
-0.09375  -0.579444
0  -0.254112
-0.15625  -0.262935
0.1875  -0.291535
0.1875  -0.226801
0.125  -0.373547
-0.125  -0.250267
-0.15625  -0.229764
-0.03125  -0.413356
0  -0.275906
-0.03125  -0.188621
-0.1875  -0.485084
-0.09375  -0.224704
-0.15625  -0.313377
0.0625  -0.36494
0.0625  -0.340213
0.09375  -0.461447
0.03125  -0.273299
-0.09375  -0.344036
0.03125  -0.471266
0.0625  -0.363269
-0.28125  -0.404975
0.28125  -0.280012
0.1875  -0.33838
-0.09375  -0.373161
0.125  -0.236195
-0.09375  -0.274981
-0.125  -0.289705
-0.0625  -0.338828
0.0625  -0.419538
-0.09375  -0.281036
0.25  -0.40457
-0.125  -0.126211
-0.09375  -0.267766
0.125  -0.524307
-0.28125  -0.371413
-0.0625  -0.280559
-0.15625  -0.236028
0.0625  -0.37284
0.09375  0.0416666
-0.09375  -0.370414
-0.125  -0.491982
-0.1875  -0.310881
0.15625  -0.36561
0.09375  -0.401835
0.09375  -0.244747
-0.125  -0.262967
0  -0.333874
0  -0.393357
-0.0625  -0.315289
0  -0.179651
-0.09375  -0.440093
0.125  -0.261145
0  -0.330225
0  -0.399459
-0.125  -0.45723
0.125  -0.287614
0.125  -0.137248
-0.15625  -0.279233
-0.09375  -0.203941
0.125  -0.431381
-0.125  -0.291512
-0.03125  -0.467443
0  -0.229911
-0.09375  -0.369409
-0.1875  -0.307556
-0.15625  -0.186725
-0.125  -0.159381
0.03125  -0.307451
0.09375  -0.377563
0.03125  -0.52256
-0.25  -0.223886
0  -0.239729
0  -0.352226
-0.09375  -0.352494
0.0625  -0.394595
-0.125  -0.37451
0.125  -0.249719
0.1875  -0.27736
0.03125  -0.179976
0.09375  -0.0568022
-0.0625  -0.253879
-0.0625  -0.370359
0.375  -0.323205
-0.09375  -0.60372
0.09375  -0.312237
-0.03125  -0.455853
-0.03125  -0.294537
0.0625  -0.248356
0.03125  -0.291062
0.03125  -0.298235
0.375  -0.305346
0.125  -0.507671
0.21875  -0.367592
-0.0625  -0.253718
-0.09375  -0.366293
0.09375  -0.326596
0.1875  -0.264128
-0.15625  -0.305769
-0.21875  -0.247677
0.09375  -0.368587
0.03125  -0.163628
0.09375  -0.203055
0.09375  -0.441471
0  -0.436082
-0.03125  -0.555019
-0.0625  -0.125352
0.09375  -0.341914
0.03125  -0.230043
-0.0625  -0.512572
0.15625  -0.318322
-0.03125  -0.392086
-0.1875  -0.401252
-0.1875  -0.342079
0.09375  -0.429795
0  -0.30781
-0.0625  -0.363489
-0.09375  -0.279894
0  -0.340769
-0.0625  -0.417691
-0.125  -0.461191
0  -0.557023
-0.125  -0.171496
0.09375  -0.139424
-0.125  -0.265946
0.03125  -0.396981
0  -0.293015
0  -0.267191
0.0625  -0.401714
0.15625  -0.547157
0  -0.232538
0  -0.205608
-0.03125  -0.10931
0.03125  -0.282085
-0.03125  -0.157311
-0.21875  -0.339042
0.0625  -0.406934
0.03125  -0.293245
-0.28125  -0.249796
0.0625  -0.34055
-0.25  -0.258137
0.09375  -0.248418
-0.03125  -0.436345
0.125  -0.404125
-0.09375  -0.394526
0.15625  -0.411523
-0.03125  -0.377596
-0.0625  -0.406919
0.15625  -0.364782
0.1875  -0.381864
0.09375  -0.296119
-0.1875  -0.307281
-0.125  -0.36775
-0.3125  -0.205601
-0.09375  -0.344702
0.09375  -0.294979
-0.09375  -0.291361
-0.125  -0.246391
-0.0625  -0.478981
-0.125  -0.260501
0.1875  -0.399763
0.03125  -0.491953
-0.15625  -0.34685
0.09375  -0.515269
-0.03125  -0.235698
-0.0625  -0.378928
-0.0625  -0.27852
0.21875  -0.37065
0.09375  -0.456241
-0.125  -0.545181
0.0625  -0.305229
-0.25  -0.254212
0.125  -0.296619
-0.28125  -0.204691
0.03125  -0.122202
-0.125  -0.250599
-0.09375  -0.122307
0.09375  -0.270478
0.125  -0.470441
-0.0625  -0.293937
0.03125  -0.314139
-0.1875  -0.428071
-0.125  -0.261504
0.125  -0.241706
0  -0.466202
-0.25  -0.360554
0.21875  -0.367092
-0.15625  -0.57803
-0.125  -0.318197
0.125  -0.26581
-0.09375  -0.511898
-0.15625  -0.246138
0.09375  -0.541845
0.0625  -0.2024
-0.03125  -0.173163
-0.15625  -0.559408
0.03125  -0.385443
0.21875  -0.363548
-0.03125  -0.307971
0.15625  -0.422449
-0.21875  -0.0852818
0.0625  -0.241694
0.15625  -0.48031
-0.1875  -0.407418
-0.0625  -0.525921
0.28125  -0.275577
-0.125  -0.0366493
0.09375  -0.33025
-0.03125  -0.177774
0.15625  -0.3311
-0.1875  -0.340871
0.09375  -0.36206
0.15625  -0.202085
0.25  -0.349167
0.0625  -0.244679
0.21875  -0.074001
-0.09375  -0.308838
-0.125  -0.35089
0.0625  -0.520208
-0.03125  -0.397375
0.03125  -0.294529
0.03125  -0.209245
0.125  -0.429671
-0.21875  -0.187822
-0.09375  -0.31172
-0.09375  -0.310458
-0.03125  -0.255246
-0.03125  -0.35673
0.0625  -0.386436
-0.15625  -0.434784
0.09375  -0.281816
-0.03125  -0.317399
0.0625  -0.306983
0.03125  -0.441054
0.15625  -0.388095
0.09375  -0.293674
0.0625  -0.207846
0.125  -0.347747
0.125  -0.217657
0.125  -0.303234
-0.03125  -0.413063
0.0625  -0.315602
0.09375  -0.256682
0.09375  -0.443343
-0.15625  -0.342415
-0.0625  -0.208389
0  -0.462131
0.15625  -0.352797
-0.03125  -0.409875
0.1875  -0.107126
-0.0625  -0.446078
-0.0625  -0.211142
-0.03125  -0.183148
0.125  -0.367296
0.21875  -0.226137
0  -0.313595
0.03125  -0.111338
-0.03125  -0.357174
0.15625  -0.182058
0  -0.286604
-0.125  -0.45249
-0.09375  -0.252394
-0.21875  -0.163386
0.09375  -0.212414
0.0625  -0.424276
-0.03125  -0.492494
-0.15625  -0.258957
-0.03125  -0.359852
0.0625  -0.240508
0.0625  -0.353655
-0.03125  -0.285135
-0.0625  -0.3504
-0.03125  -0.505734
-0.15625  -0.571277
0.03125  -0.467369
0.09375  -0.113892
0.0625  -0.451576
0.125  -0.298424
0.1875  -0.447575
-0.1875  -0.28246
0.09375  -0.410352
0.1875  -0.409193
-0.0625  -0.201682
-0.03125  -0.550504
-0.09375  -0.289376
-0.15625  -0.407987
-0.03125  -0.411687
-0.03125  -0.100482
-0.0625  -0.293485
-0.40625  -0.350476
-0.03125  -0.0278594
-0.34375  -0.432866
0.0625  -0.498977
-0.09375  -0.268763
0.03125  -0.176329
0  -0.44865
0.09375  -0.284436
-0.03125  -0.293572
-0.09375  -0.415934
-0.1875  -0.319747
-0.125  -0.398606
0.25  -0.291
0.125  -0.395247
0  -0.446331
0.0625  -0.301294
0.0625  -0.36611
0  -0.375346
0.21875  -0.279734
-0.125  -0.243753
-0.1875  -0.347554
-0.0625  -0.482498
-0.125  -0.420499
-0.21875  -0.362238
-0.0625  -0.523385
0.03125  -0.268119
-0.03125  -0.394529
-0.125  -0.366151
-0.09375  -0.0725763
0.1875  -0.491751
-0.0625  -0.335753
-0.0625  -0.367466
0.0625  -0.0502678
-0.0625  -0.323782
-0.0625  -0.469876
-0.0625  -0.285924
0.125  -0.380021
-0.0625  -0.219165
0.125  -0.119479
-0.0625  -0.251519
0.03125  -0.229624
0.0625  -0.152273
0.21875  -0.40085
-0.25  -0.497911
0.03125  -0.308595
-0.09375  -0.338047
0.0625  -0.315566
0.03125  -0.452015
-0.03125  -0.269768
0.28125  -0.259111
-0.03125  -0.373245
0.1875  -0.393292
0  -0.362878
-0.21875  -0.443486
0.09375  -0.420958
-0.15625  -0.219801
-0.0625  -0.411227
0.21875  -0.422238
0.1875  -0.187273
-0.15625  -0.214176
0.15625  -0.335626
0.0625  -0.313849
0.0625  -0.381579
-0.21875  -0.345598
0.09375  -0.528249
0.21875  -0.37447
0  -0.174324
0.15625  -0.388881
0.0625  -0.263941
0  -0.49644
-0.03125  -0.402315
0.03125  -0.317711
0.0625  -0.445373
0.21875  -0.399501
0.21875  -0.394712
-0.28125  -0.0308109
0.28125  -0.476835
0.0625  -0.136442
-0.0625  -0.403046
-0.03125  -0.183989
-0.0625  -0.361267
-0.03125  -0.0440565
0.25  -0.338874
-0.09375  -0.216834
-0.03125  -0.148548
-0.15625  -0.430239
0.125  -0.0799986
0.09375  -0.261454
0.0625  -0.349982
0.09375  -0.0334007
0.03125  -0.1756
0.0625  -0.384448
-0.1875  -0.242581
-0.0625  -0.216478
-0.15625  -0.307239
-0.25  -0.243182
0.03125  -0.110975
0.09375  -0.250994
0.09375  -0.0340092
0.03125  -0.304337
-0.15625  -0.250339
0  -0.289455
-0.25  -0.316797
-0.125  -0.240741
0.0625  -0.219515
0.25  -0.466611
0.0625  -0.21113
-0.09375  -0.24094
0.0625  -0.245348
0.09375  -0.0733347
0.09375  -0.315097
0  -0.277826
-0.21875  -0.488833
-0.03125  -0.445686
0.125  -0.262043
0.34375  -0.131421
-0.1875  -0.379454
0.09375  -0.442019
-0.0625  -0.374804
0.03125  -0.233358
-0.21875  -0.338402
0.1875  -0.352839
-0.0625  -0.281644
-0.125  -0.32426
-0.15625  -0.35263
-0.03125  -0.41384
-0.15625  -0.355805
0  -0.250838
-0.03125  -0.507772
0.0625  -0.369808
-0.0625  -0.349121
-0.1875  -0.594059
0  -0.34325
-0.0625  -0.2699
0.03125  -0.580504
-0.125  -0.305555
-0.125  -0.340514
0.1875  -0.151363
0.28125  -0.218045
-0.0625  -0.460976
-0.1875  -0.381033
0.0625  -0.416175
-0.125  -0.41745
-0.15625  -0.215086
0.125  -0.345034
-0.0625  -0.439981
0.125  -0.238646
0.03125  -0.45326
0.3125  -0.376121
-0.09375  -0.390496
-0.09375  -0.276273
-0.03125  -0.452206
0.0625  -0.316907
0.125  -0.295521
-0.25  -0.264133
0.3125  -0.179422
-0.1875  -0.437298
-0.125  -0.139342
-0.03125  -0.225883
-0.21875  -0.416755
0.03125  -0.348036
0.15625  -0.340736
-0.0625  -0.305873
-0.03125  -0.0648894
-0.0625  -0.359838
0.0625  -0.378807
0.0625  -0.291357
0.0625  -0.213284
0.125  -0.504301
0.03125  -0.340506
0.1875  -0.383047
0.0625  -0.194043
-0.28125  -0.40175
0.0625  -0.501054
0.0625  -0.0441893
0.09375  -0.194191
-0.15625  -0.61132
-0.03125  -0.351627
0.03125  -0.380111
0.09375  -0.00900582
0  -0.32357
-0.1875  -0.337623
-0.03125  -0.291379
0  -0.253604
0.03125  -0.410728
-0.09375  -0.277356
-0.1875  -0.193395
0.125  -0.217779
-0.125  -0.395871
0.09375  -0.477328
0.09375  -0.243731
0.25  -0.45273
0.03125  -0.391307
0  -0.224324
-0.03125  -0.24062
0.09375  -0.276173
0.34375  -0.402577
-0.0625  -0.556032
0.125  -0.240365
0  -0.155145
-0.25  -0.199465
0.03125  -0.333159
-0.25  -0.487931
-0.15625  -0.397579
-0.09375  -0.504412
-0.0625  -0.234818
-0.03125  -0.308637
0.21875  -0.34404
-0.21875  -0.304559
0  -0.520686
-0.15625  -0.346044
0.125  -0.258549
0.15625  -0.218637
0.09375  -0.289757
-0.03125  -0.332982
-0.1875  -0.38429
-0.25  -0.232281
0  -0.353197
-0.15625  -0.398621
-0.21875  -0.326628
-0.0625  -0.366222
0.21875  -0.0121405
-0.03125  -0.38634
0.21875  -0.314774
0.03125  -0.117754
-0.09375  -0.307424
0  -0.406872
-0.125  -0.184907
0.1875  -0.36517
-0.0625  -0.228733
0.15625  -0.347316
-0.125  -0.382267
0.1875  -0.200644
-0.125  -0.246405
-0.125  -0.472762
0.1875  -0.235962
0.03125  -0.300253
-0.1875  -0.358963
0.0625  -0.172223
0.34375  -0.34675
-0.09375  -0.323933
-0.21875  -0.274502
-0.125  -0.321539
-0.15625  -0.0896317
0.03125  -0.413702
0.0625  -0.434141
-0.21875  -0.195556
0.03125  -0.58876
0.09375  -0.268006
-0.0625  -0.407725
-0.0625  -0.176314
0.03125  -0.311635
0  -0.384888
0.1875  -0.322488
-0.15625  -0.384659
0.125  -0.517913
-0.03125  -0.347839
0  -0.243911
-0.1875  -0.210527
-0.09375  -0.240507
0.0625  -0.355874
0  -0.193936
-0.03125  -0.371369
-0.125  -0.38316
0  -0.43478
0.28125  -0.156132
-0.09375  -0.234179
-0.125  -0.499148
0.125  -0.351581
-0.03125  -0.321274
0.15625  -0.309506
0.125  -0.378965
0.15625  -0.280712
0.03125  -0.193511
-0.09375  -0.343883
0.21875  -0.26317
0.09375  -0.422001
0.0625  -0.221581
0.09375  -0.156414
0.125  -0.249147
0.03125  -0.343046
0.0625  -0.25101
-0.34375  -0.400078
-0.09375  -0.531572
0.0625  -0.107702
-0.03125  -0.431084
0.03125  -0.451702
-0.03125  -0.364158
0.0625  -0.387309
0.21875  -0.31505
-0.1875  -0.0938538
-0.0625  -0.180029
-0.15625  -0.32395
0.03125  -0.327173
0.25  -0.305518
-0.15625  -0.219031
0.03125  -0.168533
-0.09375  -0.281894
-0.25  -0.362083
-0.15625  -0.248551
0.0625  -0.317898
0.09375  -0.261637
-0.21875  -0.45875
0.09375  -0.23201
0  -0.348222
0.03125  -0.476781
-0.03125  -0.193153
0.03125  -0.39527
0.0625  -0.338829
0.03125  -0.176372
-0.0625  -0.2358
-0.0625  -0.23484
-0.25  -0.35274
0.03125  -0.224617
0.09375  -0.118151
0.09375  -0.263187
-0.125  -0.260155
0.03125  -0.559463
-0.03125  -0.454091
0.03125  -0.27293
-0.0625  -0.27318
0.15625  -0.399129
0.09375  -0.341909
0.25  -0.125242
0.25  -0.231287
-0.1875  -0.345318
0.21875  -0.398771
0.15625  -0.532702
0.15625  -0.367186
-0.125  -0.323918
0.3125  -0.0474975
0  -0.159992
0.1875  -0.246168
0.03125  -0.266799
0.03125  -0.345353
-0.03125  -0.170388
0.0625  -0.192828
0  -0.301247
-0.03125  -0.247573
0.125  0.00688947
-0.09375  -0.401707
-0.0625  -0.435163
0.1875  -0.435879
0.09375  -0.118329
-0.0625  -0.462888
-0.21875  -0.476787
-0.15625  -0.13091
0.125  -0.326308
-0.1875  -0.39642
-0.0625  -0.2219
0.03125  -0.202689
-0.03125  -0.206356
-0.03125  -0.324774
0  -0.358149
-0.125  -0.274858
0.125  -0.198409
-0.125  -0.178211
0.0625  -0.420158
-0.0625  -0.260429
0.09375  -0.30266
-0.1875  -0.359692
-0.25  -0.594025
-0.03125  -0.262407
-0.0625  -0.255892
-0.0625  -0.251368
-0.0625  -0.24082
0.1875  -0.0915798
0  -0.435233
-0.09375  -0.37997
0.0625  -0.0181932
0.125  -0.407815
0.15625  -0.281988
0.09375  -0.260623
0  -0.524847
0.125  -0.322957
0  -0.275254
-0.0625  -0.20586
0.09375  -0.250971
-0.09375  -0.489877
0.09375  -0.30518
-0.0625  -0.490837
0.03125  -0.381984
0.0625  -0.43509
-0.03125  -0.413175
0.125  -0.319326
0.0625  -0.30373
-0.0625  -0.29698
0  -0.357228
0  -0.292861
0.1875  -0.278863
-0.0625  -0.177338
-0.0625  -0.412293
0  -0.469401
-0.0625  -0.501454
0.375  -0.274302
0  -0.400477
-0.09375  -0.429381
0  -0.369503
0.125  -0.3977
-0.21875  -0.53108
0.0625  -0.219305
0  -0.386052
-0.09375  -0.425419
0.03125  -0.446854
-0.0625  -0.43492
0  -0.376788
0.09375  -0.298138
-0.125  -0.271839
-0.125  -0.435058
-0.09375  -0.427137
0.09375  -0.298016
-0.0625  -0.276093
0.03125  -0.0248354
0  -0.295884
0.09375  -0.200349
-0.15625  -0.442466
0  -0.212215
-0.125  -0.317307
0.21875  -0.483873
0  -0.303998
-0.0625  -0.333063
0.03125  -0.414537
0.03125  -0.423757
-0.09375  -0.578726
-0.03125  -0.416284
0  -0.348157
0.09375  -0.474184
0  -0.235746
-0.09375  -0.149584
0  -0.326562
-0.03125  -0.229763
-0.125  -0.293325
0.09375  -0.287912
0  -0.415996
-0.1875  -0.350637
0  -0.279688
0  -0.407661
0  -0.478348
0  -0.415523
0.15625  -0.33537
0.15625  -0.25566
0.15625  -0.293607
0.15625  -0.339236
0.21875  -0.277888
-0.15625  -0.553524
0.15625  -0.164377
0.09375  -0.419985
-0.09375  -0.232995
-0.09375  -0.350306
0.09375  -0.327687
-0.15625  -0.119442
-0.03125  -0.0271614
0  -0.261952
-0.09375  -0.234402
-0.0625  -0.331822
-0.15625  -0.339544
0  -0.157903
0.03125  -0.242753
-0.03125  -0.398024
0  -0.312318
0.03125  -0.20314
0.21875  -0.194217
0  -0.369745
0.28125  -0.40578
-0.125  -0.319301
0.0625  -0.270173
-0.25  -0.541702
0.21875  -0.328497
0.0625  -0.227449
0.0625  -0.549126
0.09375  -0.232028
-0.03125  -0.249897
-0.03125  -0.346717
0.28125  -0.238996
-0.125  -0.230642
-0.03125  -0.438871
0.03125  -0.465002
-0.1875  -0.371825
0.15625  -0.388257
0.0625  -0.344618
0.21875  -0.201096
0.03125  -0.443715
0.15625  -0.369909
0.09375  -0.41102
0.1875  -0.218973
-0.0625  -0.436353
-0.15625  -0.478827
-0.03125  -0.204882
0.03125  -0.430279
-0.125  -0.351514
-0.1875  -0.053435
0.09375  -0.233122
-0.09375  -0.10795
-0.125  -0.254489
-0.03125  -0.555721
-0.0625  -0.349092
0  -0.287395
-0.09375  -0.335149
-0.03125  -0.241186
0.0625  -0.130955
0  -0.446234
-0.03125  -0.365503
-0.28125  -0.622693
0.1875  -0.370891
0.125  -0.458134
0.15625  -0.230142
0.15625  -0.429784
-0.125  -0.296762
-0.09375  -0.353519
0.09375  -0.260159
0.15625  -0.232801
0.15625  -0.331011
-0.03125  -0.505927
-0.15625  -0.293093
0.0625  -0.477
0.15625  -0.059273
0.125  -0.365738
0.09375  -0.224965
0.09375  -0.326675
-0.03125  -0.407004
-0.15625  -0.464451
-0.03125  -0.19777
-0.0625  -0.344701
-0.03125  -0.317486
0.0625  -0.222669
-0.15625  -0.255482
0.09375  -0.0953032
0.03125  -0.240387
0.28125  -0.46505
0.1875  -0.107773
-0.0625  -0.477093
0.03125  -0.490655
-0.3125  -0.344115
-0.125  -0.421025
0  -0.301358
0.09375  -0.236051
-0.0625  -0.264298
-0.0625  -0.504121
-0.03125  -0.168881
0.03125  -0.143314
0.0625  -0.239426
-0.0625  -0.398943
0.15625  -0.510301
-0.09375  -0.46057
-0.03125  -0.105471
-0.03125  -0.083668
0.0625  -0.188883
-0.03125  -0.382334
0.09375  -0.41398
0  -0.383248
0.1875  -0.376813
-0.1875  -0.382271
0  -0.286986
-0.0625  -0.337271
-0.28125  -0.270136
0.03125  -0.374386
0.375  -0.452163
-0.03125  -0.490295
-0.0625  -0.435328
0.28125  -0.469742
-0.125  -0.381299
0.0625  -0.300454
0.0625  -0.383391
0.03125  -0.267388
0.1875  -0.242226
0.28125  -0.267444
0.15625  -0.500632
0.125  -0.425355
0.0625  -0.444994
-0.03125  -0.273689
0.0625  -0.227632
-0.09375  -0.267689
0.09375  -0.276984
-0.25  -0.417708
0  -0.357905
-0.09375  -0.362711
0  -0.484511
-0.0625  -0.206298
-0.1875  -0.320679
0.0625  -0.193905
-0.03125  -0.292409
-0.03125  -0.401069
-0.03125  -0.564252
-0.1875  -0.431052
-0.125  -0.405633
0.03125  -0.170038
-0.09375  -0.125085
0  -0.273824
0.09375  -0.330274
-0.0625  -0.173734
0.09375  -0.20664
-0.125  -0.165939
0.03125  -0.19284
-0.09375  -0.0836644
-0.0625  -0.25347
-0.0625  -0.385278
0.0625  -0.294506
0.0625  -0.286569
0.0625  -0.335639
-0.09375  -0.404058
-0.03125  -0.438157
-0.15625  -0.422373
-0.03125  -0.313447
0  -0.148094
-0.03125  -0.454375
-0.15625  -0.105926
0.15625  -0.289327
-0.0625  -0.252898
-0.03125  -0.345656
-0.09375  -0.329472
0  -0.157032
-0.15625  -0.0717345
-0.1875  -0.515885
0.1875  -0.272283
-0.15625  -0.278457
0  -0.468109
-0.21875  -0.262862
0.03125  -0.549498
0.03125  -0.388993
0.125  -0.40011
0  -0.212785
0  -0.199624
0  -0.248999
0.125  -0.312613
0  -0.301992
0.21875  -0.185474
0  -0.283577
0.15625  -0.226496
-0.15625  -0.141184
-0.09375  -0.167274
0.09375  -0.197473
-0.09375  -0.483365
0  -0.268795
-0.125  -0.365809
-0.0625  -0.330681
0.125  -0.52851
-0.0625  -0.368581
-0.15625  -0.30194
-0.09375  -0.311794
-0.1875  -0.442242
0.15625  -0.0537309
0  -0.107327
0.03125  -0.234169
-0.25  -0.304436
0.15625  -0.447874
0.03125  -0.369303
0.03125  -0.270483
-0.09375  -0.256161
-0.0625  -0.155004
0.15625  -0.3182
-0.0625  -0.16216
0.09375  -0.396538
-0.09375  -0.175131
0.125  -0.542372
-0.0625  -0.286933
0.03125  -0.389587
0.03125  -0.331528
0.125  -0.0975993
0.09375  -0.122379
-0.3125  -0.536422
0.15625  -0.156502
0.09375  -0.190382
-0.0625  -0.331148
0.125  -0.228686
