0.15625  0.0685774
0.125  -0.0186816
0.21875  -0.0280379
-0.125  -0.220997
0.09375  -0.240368
-0.21875  -0.0588525
-0.15625  -0.099881
-0.09375  -0.168757
0.0625  -0.221549
-0.09375  -0.0339017
0.15625  -0.0523734
-0.1875  -0.187194
-0.03125  -0.058535
0.0625  -0.0188853
-0.09375  0.0313004
0  -0.0967004
-0.0625  -0.0804179
0.0625  -0.234255
0.0625  -0.21809
-0.125  -0.333112
0.09375  -0.273373
0  -0.109444
-0.15625  -0.0738281
-0.1875  -0.052325
0  -0.0386626
0  -0.109594
-0.15625  -0.17436
0.03125  -0.113252
0.21875  -0.24178
0.09375  -0.0620386
-0.21875  -0.142125
0.125  0.0683879
0.125  -0.232321
0.125  -0.196311
-0.0625  0.0852484
-0.15625  -0.126653
-0.125  -0.227881
-0.125  -0.0310809
0.09375  -0.0910379
0.25  -0.0835769
0.125  -0.304445
-0.25  -0.0916032
-0.09375  0.244794
0.125  -0.128457
0.15625  -0.0519788
-0.03125  -0.0317016
0.0625  -0.104672
-0.0625  0.0860427
-0.0625  -0.227815
-0.125  0.0562674
0.15625  -0.0514273
-0.03125  -0.145806
-0.09375  0.058505
-0.15625  -0.126441
0  -0.0848544
0.09375  -0.0628779
0.125  0.115062
-0.0625  -0.0602962
-0.0625  -0.232836
0.03125  -0.14145
-0.125  -0.0175411
0  -0.168333
-0.03125  -0.109799
0.0625  -0.020773
0.15625  -0.1529
0.125  -0.117174
-0.25  -0.150581
-0.1875  -0.156716
0.25  0.0132319
-0.125  -0.198943
0.25  0.082219
-0.03125  -0.0694685
-0.03125  -0.159242
0.25  -0.158254
-0.03125  -0.195792
-0.03125  -0.0381726
-0.0625  -0.15618
-0.125  -0.271376
0  -0.0942635
-0.09375  -0.174327
0.0625  -0.0703583
-0.1875  0.108686
0.1875  0.0758706
0.125  -0.0615876
0  -0.0977857
-0.09375  -0.204967
0.09375  -0.211111
-0.09375  -0.034183
-0.28125  -0.0555097
0.34375  -0.04605
0.0625  -0.160402
0.03125  -0.127647
0.03125  -0.0700992
0.03125  -0.0770091
0.125  0.0963969
-0.125  0.00961214
0.125  -0.231798
-0.03125  -0.0179003
0.0625  -0.351755
-0.09375  -0.113527
0.15625  0.136779
-0.09375  -0.0299224
-0.09375  -0.194701
-0.15625  0.0654133
-0.25  -0.243491
-0.03125  -0.200798
0.1875  -0.122628
0.03125  -0.20696
0.125  -0.307349
0.15625  0.226394
0.21875  -0.249798
-0.125  -0.219067
-0.09375  -0.11165
0.03125  -0.16431
0.09375  0.0557828
0.25  -0.191726
0.03125  0.0274683
-0.25  -0.0682461
-0.03125  -0.0776837
-0.09375  -0.137285
0.1875  -0.0222158
-0.03125  -0.219435
-0.1875  -0.0840918
0.28125  -0.0348877
-0.1875  0.0385046
0.25  0.0791548
0.15625  -0.00362115
-0.0625  -0.233682
-0.125  -0.064741
-0.25  -0.0791304
0  -0.307653
0.03125  0.0433126
-0.15625  -0.105973
-0.125  -0.0597319
0.125  -0.28714
-0.03125  -0.0132632
-0.15625  -0.137662
0.0625  -0.0326494
-0.28125  -0.0477163
0.1875  -0.0402457
0.15625  -0.0150738
-0.0625  -0.0950826
-0.03125  -0.0691258
0.1875  -0.0300853
0.09375  0.0661218
0  0.124074
-0.15625  -0.210204
-0.125  -0.165054
0  0.0150099
-0.15625  -0.0520453
0.0625  -0.0630742
0.03125  0.0113901
-0.1875  -0.0229567
0.0625  -0.109689
0.15625  0.0200956
0.0625  -0.0534473
0.0625  -0.014973
0  -0.322921
0  -0.121757
-0.15625  -0.0986259
-0.125  -0.00477935
0.15625  0.015297
0.03125  0.0690802
-0.03125  -0.335122
-0.09375  0.102517
0.09375  -0.0738521
0.03125  -0.129947
-0.15625  -0.127698
-0.15625  -0.0240292
-0.1875  0.0553585
-0.25  -0.253934
0.15625  -0.0871285
0.0625  0.157397
0.15625  0.0805621
0.15625  -0.101178
-0.09375  -0.316408
-0.03125  -0.269763
0.0625  -0.0855348
0  -0.0108395
0.375  -0.066028
-0.28125  -0.075002
0.125  -0.124438
0.15625  -0.170407
0.09375  -0.0690638
-0.0625  -0.0328456
0  0.0707514
0.09375  0.0567927
-0.0625  -0.157531
0.125  0.101506
0.09375  -0.237242
0.03125  -0.222937
-0.09375  -0.0495238
-0.15625  -0.254522
-0.3125  -0.101098
-0.1875  -0.0404255
0  -0.0518013
0.09375  -0.0446136
-0.28125  0.00290407
-0.15625  -0.247695
0  0.027961
0.03125  -0.0406052
-0.0625  -0.107193
-0.0625  -0.151798
0.0625  0.105659
0.09375  -0.156521
-0.15625  -0.0585805
-0.34375  -0.316484
0.0625  0.245855
0.03125  -0.068848
-0.03125  -0.0607847
0.15625  -0.175981
0.125  -0.00245172
-0.0625  -0.0862621
-0.1875  -0.0339542
-0.0625  -0.0704004
-0.1875  -0.271083
-0.125  -0.0881561
0.03125  -0.0476652
0.125  -0.0539611
0.03125  0.00773364
-0.25  -0.295969
-0.1875  0.0161389
-0.03125  -0.327007
0  -0.135933
-0.09375  0.0705798
0.1875  -0.113472
-0.0625  -0.0294436
0.0625  -0.252111
-0.0625  -0.0800357
-0.15625  -0.181334
-0.09375  0.032375
0  -0.0382903
0  -0.0743509
0.09375  -0.116753
-0.03125  -0.23347
-0.125  -0.00375635
0  -0.143647
0  -0.135186
0.125  -0.354877
-0.125  -0.0307827
-0.21875  -0.138884
-0.03125  -0.182866
0.03125  -0.201348
0.09375  -0.135683
0  -0.241441
0.25  -0.0147139
-0.1875  -0.324564
-0.0625  -0.262995
-0.21875  -0.0461936
-0.125  0.137964
0.125  -0.0570487
0.15625  -0.136513
-0.09375  0.0357735
0  -0.00278294
-0.0625  0.0841548
-0.03125  -0.101275
0.125  -0.098207
0.25  0.0143827
0  -0.270143
0.125  -0.232839
-0.21875  -0.182508
-0.125  -0.0939596
-0.0625  -0.0164469
-0.0625  -0.221645
-0.25  -0.278565
0.25  0.0302571
0  0.0301942
-0.125  -0.192213
-0.0625  -0.109592
-0.03125  0.0144924
0.125  0.0268425
-0.15625  -0.171974
-0.0625  0.0157768
0.25  0.112255
0.0625  -0.226012
-0.09375  -0.107451
0  -0.155097
-0.03125  -0.0443878
0.125  -0.264233
-0.09375  0.0829462
0  -0.159669
-0.125  0.0752528
-0.125  -0.082542
0.0625  -0.0281612
-0.09375  -0.0633606
0.0625  -0.0707159
-0.09375  -0.204872
0.15625  -0.127632
-0.03125  0.0626292
-0.0625  -0.180354
0  -0.1592
-0.125  -0.024787
-0.25  -0.0384079
0.15625  -0.0399241
-0.28125  -0.137871
0.03125  -0.0441673
0.0625  -0.172188
0.21875  -0.108248
0.09375  0.118026
0.09375  -0.206342
-0.03125  -0.152172
0.03125  0.0733792
0.09375  -0.0927274
-0.15625  0.0294463
-0.0625  -0.158095
-0.1875  -0.193862
-0.03125  -0.0214791
-0.09375  0.0342068
0.15625  -0.157618
-0.1875  -0.411239
0.28125  0.0250669
0.0625  -0.153068
-0.0625  -0.332576
0.125  -0.0697803
0.03125  -0.185576
0.03125  0.0388761
-0.15625  -0.257774
-0.15625  -0.122663
-0.125  -0.0286953
-0.1875  -0.241925
0  -0.113949
-0.125  -0.174191
0.125  -0.0742512
0.15625  -0.0623953
0.03125  -0.149276
-0.09375  0.0703804
-0.03125  -0.162563
-0.15625  -0.202132
-0.03125  -0.20088
0.09375  -0.243655
-0.125  0.0198782
0.03125  -0.0644914
0.0625  -0.000426522
0.1875  0.10278
0.09375  -0.14452
0.09375  -0.193852
0.1875  -0.206622
0.15625  -0.15737
0.15625  -0.0885846
0.1875  0.157411
0.0625  -0.133295
-0.15625  0.0265621
-0.21875  -0.408113
0  -0.203469
0.09375  -0.192318
-0.125  -0.0485685
-0.15625  -0.126805
0.09375  -0.161954
-0.03125  -0.181061
0.03125  -0.192035
-0.03125  -0.0377668
-0.15625  -0.126447
0.0625  -0.0738775
-0.03125  0.216312
0.0625  -0.012076
-0.0625  -0.109746
0  -0.192058
-0.03125  -0.230051
0.1875  -0.0926066
0.15625  0.0619124
-0.0625  -0.168928
0.0625  0.00998197
0.09375  -0.166529
0.09375  -0.0333891
-0.15625  -0.266153
-0.125  -0.125312
-0.03125  -0.188043
-0.28125  -0.0871443
0.1875  -0.373643
-0.125  0.00790935
0.0625  0.00263336
0.09375  -0.0345717
0.25  -0.0911546
0.0625  0.0601745
-0.28125  -0.0642497
-0.0625  -0.144818
0.1875  -0.0894431
0.09375  -0.118739
-0.0625  0.098933
-0.15625  -0.0622587
0.15625  -0.0169253
0.1875  -0.284911
-0.03125  0.0339945
0.21875  -0.158238
0.03125  -0.137459
-0.09375  -0.133393
0.03125  -0.108931
0.0625  -0.331168
-0.03125  -0.181321
0.25  -0.157751
0  -0.216975
0.0625  -0.23778
-0.0625  -0.118215
0.125  -0.0333175
0.0625  -0.0895749
-0.125  -0.0790619
0.0625  -0.174087
-0.03125  -0.165936
0  -0.142249
0.15625  -0.0173158
0.125  -0.0147972
0  -0.150247
0.15625  -0.000715903
-0.03125  -0.197024
-0.0625  -0.0672439
0.1875  -0.0114904
0.21875  0.167501
0.03125  -0.202568
0.03125  0.00919119
-0.0625  -0.191009
0.15625  0.0366393
0.0625  -0.145049
-0.125  -0.0101948
0.0625  0.0980562
0.0625  -0.203582
0.09375  -0.135813
0  -0.0203191
0.15625  -0.207821
-0.15625  -0.0802015
0.0625  -0.00588409
0.03125  -0.321184
-0.03125  0.0937143
-0.0625  0.000573013
-0.09375  -0.132233
-0.15625  0.0739328
-0.1875  -0.147278
0.09375  -0.0739366
0  -0.109868
0  -0.215496
-0.0625  -0.178778
0.125  -0.0185019
0.09375  -0.277006
0.09375  -0.0539047
-0.125  -0.0693216
0.03125  -0.174387
0.09375  -0.19557
0.03125  -0.12719
0.125  -0.352813
0  -0.145803
-0.0625  -0.0579765
0.03125  -0.147144
0.0625  -0.313965
-0.1875  0.175281
-0.21875  -0.177773
0.09375  -0.249582
0  -0.175345
-0.0625  -0.116637
-0.03125  -0.263397
-0.09375  -0.101934
0.0625  -0.25085
0  -0.238877
-0.03125  -0.227423
0.09375  0.0479396
0.0625  -0.155688
-0.03125  -0.027672
-0.03125  0.00802994
-0.375  -0.205495
-0.125  -0.0963963
-0.25  -0.0241303
0.09375  0.0904154
-0.125  0.00686922
0.09375  -0.129535
0.0625  -0.180125
0.0625  -0.113923
-0.03125  -0.0724206
0.03125  -0.091707
0.09375  -0.0980906
0.03125  0.0124326
-0.0625  -0.0385833
0.125  -0.00115809
0.125  -0.0602593
-0.15625  -0.1438
0.0625  0.0399783
0.03125  -0.396729
0.125  0.0714402
0  -0.164113
0.0625  0.128631
0.09375  -0.191467
0.03125  0.00445788
0.0625  -0.212609
-0.03125  -0.230702
-0.09375  -0.186706
0.125  0.0323375
-0.125  -0.130314
-0.1875  0.00694646
0.0625  -0.136419
-0.09375  -0.131134
0  0.0231685
0.09375  -0.201015
0.21875  -0.171402
-0.125  -0.196842
0.09375  -0.0239412
-0.0625  0.148739
0  -0.0318805
-0.1875  -0.0893153
-0.09375  -0.0271835
-0.0625  0.0444247
0.21875  -0.126439
0  -0.0136066
0.21875  0.159914
0.0625  0.0285093
-0.03125  -0.143113
0.09375  0.234626
0.25  -0.157674
0  -0.00535479
-0.15625  -0.265924
0.0625  -0.129039
0  -0.0829479
-0.03125  -0.0245895
-0.1875  -0.213075
-0.15625  -0.215565
0.09375  -0.0961644
-0.09375  -0.312295
0.03125  -0.0476342
0.21875  -0.151375
0.125  0.0413131
0.03125  -0.533249
0.03125  -0.141752
-0.09375  -0.0935166
-0.125  -0.0233371
-0.25  -0.0186385
-0.125  -0.177464
-0.09375  -0.217782
0.03125  -0.293439
-0.03125  -0.0952491
0  -0.039269
0.09375  0.0495138
0.03125  -0.251325
0.09375  -0.0915514
-0.125  -0.123141
0.09375  -0.0767092
-0.3125  -0.0632779
-0.09375  -0.166434
0  -0.0682852
-0.1875  0.133563
-0.125  0.0805978
-0.15625  -0.179088
0.0625  0.131543
-0.09375  0.0436953
-0.1875  -0.0963921
0  -0.0645998
0.03125  -0.359259
-0.1875  -0.21404
-0.03125  0.00682408
-0.125  -0.00677549
0.0625  -0.302231
0.03125  -0.0286587
-0.0625  -0.0946435
-0.03125  -0.149365
0  -0.145957
0.125  -0.0140449
0.15625  -0.160744
0.1875  0.0276996
-0.1875  -0.180173
0.1875  -0.164164
0.25  0.0296699
0.125  0.171334
-0.125  -0.193994
-0.125  -0.0947636
-0.21875  0.00841344
0.0625  0.141804
-0.0625  -0.0621192
-0.09375  -0.145329
-0.1875  -0.328982
0.09375  -0.18325
-0.1875  -0.240388
-0.28125  -0.0283693
-0.09375  -0.102737
0.03125  -0.106116
0.125  -0.118775
-0.21875  0.0194811
0.03125  -0.2596
-0.03125  -0.237307
-0.09375  -0.0710429
0  -0.122398
0.125  -0.216868
-0.03125  -0.252197
-0.125  0.0120086
-0.125  0.161095
-0.09375  0.0844458
0  -0.350412
0  -0.0628919
-0.21875  0.016434
0.0625  -0.0775766
-0.15625  -0.0363245
-0.0625  -0.10704
-0.15625  -0.115414
-0.25  -0.169017
-0.09375  -0.210809
0.0625  0.120589
0.09375  -0.243494
0.0625  -0.187707
0.0625  -0.204422
0.125  -0.283345
-0.0625  -0.208413
0  -0.147651
0  -0.120585
0.125  -0.284532
0.1875  -0.146642
-0.0625  -0.219372
-0.25  -0.443257
-0.09375  -0.025152
-0.0625  -0.030829
-0.09375  -0.049323
0.09375  0.0666784
-0.09375  -0.307091
-0.125  -0.221802
-0.0625  0.00908444
0.21875  -0.27384
0.0625  0.214678
0  -0.3062
-0.0625  -0.0568151
0.09375  -0.0410977
0.09375  -0.316713
0.09375  -0.111011
0.15625  0.0239581
0.1875  -0.134948
0.34375  -0.147399
-0.0625  -0.283633
-0.03125  -0.164527
0  0.164647
0.09375  -0.0782424
0.3125  -0.112993
0.09375  -0.279675
0  -0.0986737
-0.03125  0.0350886
0.15625  -0.1388
-0.125  0.0356278
-0.03125  0.177491
0.0625  -0.148164
0.15625  -0.266141
-0.125  0.0383785
-0.3125  -0.342462
-0.09375  -0.0940918
-0.21875  -0.101433
0  0.127847
0.03125  -0.0818873
-0.09375  -0.0854482
0  -0.0922635
-0.09375  -0.103906
0.21875  -0.0863627
0.03125  -0.13722
-0.0625  -0.221046
0.03125  -0.0717947
0.03125  -0.176377
0.09375  -0.215984
-0.15625  -0.0756365
0.0625  -0.209405
0.03125  -0.101092
0.0625  -0.216007
-0.03125  -0.0797115
0.1875  -0.115944
-0.09375  -0.0515925
-0.03125  -0.073182
-0.09375  -0.0934199
-0.125  -0.0539835
0.21875  0.0519183
-0.0625  -0.0344242
-0.03125  -0.161595
0.125  -0.0215826
0.0625  -0.211703
-0.03125  -0.234522
0.09375  -0.240666
-0.09375  -0.0367932
-0.03125  -0.129507
0  0.0507278
-0.15625  -0.213859
-0.0625  0.107919
-0.0625  -0.0396453
-0.3125  -0.151719
0.0625  -0.114982
-0.03125  -0.00716328
0.15625  -0.0100375
0.125  -0.0589174
0.0625  -0.121006
-0.03125  -0.0602344
0.0625  -0.0952924
-0.09375  -0.0448359
-0.125  0.0886256
-0.03125  -0.253475
0.21875  -0.0224018
-0.0625  0.0580875
0.21875  0.000756104
-0.125  -0.0189373
-0.1875  -0.131575
-0.09375  -0.197644
0.03125  -0.124961
-0.21875  -0.0826413
0.0625  -0.140819
0.125  -0.128884
0  0.00241095
0.1875  -0.133091
-0.125  0.0226673
0.25  0.0120189
0.09375  -0.0090687
-0.03125  -0.216099
0.21875  0.107242
-0.09375  -0.0580552
-0.25  -0.062885
0.0625  -0.0761902
-0.125  -0.0711347
-0.25  -0.181212
-0.0625  -0.322588
0.09375  0.157211
0.0625  -0.246315
0.09375  -0.126501
-0.3125  -0.113851
-0.21875  -0.416646
0.0625  0.0476656
0.03125  0.00145752
-0.15625  -0.259302
0  -0.0795294
0.125  -0.250983
0.03125  -0.135724
0.0625  0.0231382
-0.0625  -0.0214663
-0.0625  -0.119636
0.09375  0.0356746
0.0625  -0.27827
-0.21875  0.0422798
-0.15625  -0.099739
0.125  -0.0492845
-0.0625  -0.0440321
0.03125  -0.143528
0  -0.237512
-0.0625  -0.281169
0.15625  0.0684878
0.09375  -0.12612
0.03125  -0.0693172
0.03125  -0.231521
-0.125  -0.147145
0  -0.0687512
0.03125  -0.0891358
-0.0625  -0.175337
0.0625  -0.0751422
0  -0.391207
0.1875  -0.285344
0.0625  -0.0248698
-0.125  -0.158943
0.09375  -0.209375
0.0625  -0.0726235
-0.09375  -0.139285
0.03125  0.00746208
-0.0625  -0.0561009
-0.15625  -0.204559
0.03125  -0.14982
0.15625  0.0510763
0.21875  -0.0370222
-0.125  -0.0288529
-0.1875  0.0811262
-0.03125  0.00873722
0  -0.0221176
0.0625  -0.0864457
0.21875  -0.147435
-0.09375  0.224303
-0.125  -0.291912
0  0.00556574
-0.03125  -0.0602864
0  -0.044395
0.03125  -0.0932052
-0.03125  -0.00800539
-0.125  -0.138833
0.25  -0.105984
0.15625  0.0140782
-0.125  -0.337459
-0.0625  -0.170111
-0.125  -0.222655
-0.03125  -0.319799
-0.09375  0.0230636
-0.125  -0.157718
0.0625  0.0779085
0.0625  0.0166492
0.09375  0.182644
0.03125  -0.080875
0.09375  -0.152162
-0.0625  -0.198003
0.21875  -0.00939633
-0.09375  -0.255666
0  -0.167047
0.03125  -0.0388525
-0.125  0.060235
0.03125  -0.229694
-0.0625  -0.178854
-0.0625  -0.067671
0.3125  -0.0632499
0.25  -0.174498
0.15625  -0.0845091
-0.1875  -0.0865208
0.15625  0.154992
-0.09375  -0.0608743
-0.03125  -0.0943329
0.1875  -0.0033755
-0.0625  -0.100745
-0.125  0.160844
0.03125  -0.0211694
-0.0625  -0.120419
-0.0625  -0.0610196
-0.0625  -0.117848
0.21875  -0.118042
0.125  -0.154561
0.03125  -0.0717192
-0.0625  -0.521599
-0.09375  -0.0798558
0.09375  -0.0460466
-0.25  -0.048225
-0.09375  0.0367267
-0.0625  0.0392939
-0.15625  -0.336836
0.09375  -0.058723
0.0625  -0.115388
-0.15625  -0.162225
0.125  -0.213554
0.125  -0.153328
0.03125  0.110216
0  0.0098625
0.1875  -0.0952532
0  0.12126
0.1875  -0.185324
0.0625  -0.261278
0.09375  0.0641001
0.125  -0.0884623
0  -0.250018
0.03125  -0.223738
-0.125  0.0253222
-0.09375  -0.0526897
-0.125  -0.0976785
0.0625  0.0627
0  -0.0519975
-0.125  -0.0401104
0  -0.0636327
0.0625  0.0455227
-0.09375  -0.121091
0.125  -0.134034
-0.15625  -0.15131
0.0625  -0.0183308
0  -0.111589
0.125  0.0115238
-0.03125  -0.128886
-0.15625  -0.206775
-0.125  0.0748505
-0.1875  -0.114001
0.15625  -0.0936548
0  -0.0910654
0.03125  -0.237754
-0.03125  0.013243
-0.0625  -0.0250855
0.25  -0.0411432
0.34375  -0.214015
0  -0.110145
-0.1875  -0.138623
0.09375  0.00758712
0  -0.310206
0.125  0.0857705
-0.1875  -0.123511
0.03125  -0.174776
0.125  -0.0110992
-0.03125  0.051164
0.15625  -0.227081
0.0625  -0.158971
-0.0625  -0.059422
0.0625  -0.147696
0  0.0219359
0.40625  -0.0496163
0  0.0385671
0.125  -0.187248
-0.125  -0.0285513
0.15625  0.0702003
-0.0625  -0.105913
0.21875  0.056743
0.0625  -0.0915271
-0.03125  -0.0647905
-0.1875  -0.0543914
0.09375  -0.282107
-0.09375  -0.0656813
-0.09375  -0.177324
-0.125  -0.440389
-0.15625  -0.117025
0.0625  -0.151151
0.0625  0.0484601
-0.09375  -0.0545833
0.21875  -0.126992
0  -0.136669
0.03125  -0.130506
0.1875  -0.170701
-0.09375  -0.284539
0.15625  -0.149904
0  -0.0375331
0.0625  -0.0486159
-0.125  0.0661898
0.0625  -0.178968
-0.03125  -0.164624
-0.0625  -0.0854826
-0.28125  0.0804174
-0.125  0.0201351
0.125  -0.283614
-0.125  0.086601
0  -0.0360787
-0.125  -0.177019
0.03125  -0.309421
-0.09375  -0.155126
0.03125  -0.0575145
-0.03125  -0.0713125
-0.0625  -0.0496205
0.09375  -0.0209766
-0.03125  -0.318773
0.1875  -0.0370272
-0.25  0.0139509
0.09375  0.0631803
0.03125  0.0681254
-0.21875  -0.269356
0.03125  -0.112519
-0.125  -0.0253386
-0.03125  0.0128611
-0.0625  -0.112363
0.09375  -0.465532
0.15625  0.238133
-0.15625  -0.0671887
-0.3125  -0.0165417
-0.09375  0.0793933
-0.09375  0.0710297
0.03125  0.0263081
0.03125  -0.23182
-0.125  -0.164266
-0.15625  0.0505087
0.09375  -0.144775
0.21875  0.117123
0  0.0109193
-0.21875  -0.114302
0.09375  -0.0667332
0.09375  -0.0721124
-0.125  -0.190254
-0.09375  -0.018395
0  -0.125074
-0.03125  -0.272669
0.09375  -0.0186851
-0.15625  0.0585164
0.0625  -0.00911527
-0.0625  0.0136702
-0.25  -0.260865
0.09375  -0.0690591
-0.125  -0.0139843
-0.03125  -0.314527
0.03125  0.0593689
0  0.0991924
0.0625  0.00168868
-0.0625  -0.167769
0  -0.240134
-0.125  -0.0444767
0.15625  0.151015
-0.125  -0.0751028
-0.03125  -0.0569401
0.3125  -0.129526
-0.15625  -0.110103
-0.25  -0.0439982
0.28125  0.115654
0.03125  0.0123437
0.03125  -0.10714
0.125  -0.118667
0.0625  -0.0415131
0.1875  -0.129864
0.09375  -0.247358
0.15625  -0.0722561
-0.15625  -0.239881
0.09375  -0.155583
0  0.158209
0.15625  0.0691076
0.0625  -0.28784
0.09375  0.0918511
0.09375  -0.142264
0  0.0852551
-0.1875  -0.104356
-0.0625  -0.163613
0.03125  -0.248915
0  -0.0036835
0.09375  -0.0920505
-0.03125  -0.0387001
0  0.105737
0.0625  -0.279336
0.09375  -0.0473848
0.21875  -0.251748
0.21875  0.121097
0  -0.0433372
-0.0625  -0.216079
0.03125  0.122275
0.03125  0.0416898
-0.09375  -0.238393
-0.1875  -0.0877266
-0.09375  -0.100808
0.15625  -0.101419
0.0625  -0.269667
-0.09375  0.0820549
0.28125  -0.0239517
0  -0.198149
0.03125  0.223947
-0.125  -0.0874708
0.15625  -0.0793347
0.09375  -0.107728
0.0625  -0.130305
0.03125  -0.120521
0.28125  -0.0283596
-0.0625  -0.147257
0.125  0.0329377
0.15625  0.0208813
0.0625  -0.082328
0.03125  -0.0467013
-0.0625  -0.21278
-0.25  -0.19159
0.0625  0.0460036
0.1875  -0.0174795
0.09375  -0.201117
0.0625  -0.100102
0.15625  -0.119151
0  -0.0618874
0.21875  -0.130997
-0.0625  0.0266557
0.09375  -0.107121
0.125  0.135919
-0.09375  -0.283088
0  -0.0653754
-0.03125  0.00673294
0  -0.199801
-0.25  -0.0303439
0.125  0.0199193
0.1875  -0.253926
0.03125  0.0422318
0.0625  -0.0423878
0.1875  0.0105304
0.15625  -0.122354
-0.21875  -0.0383171
0  -0.0686639
-0.03125  -0.0986084
-0.125  -0.0577777
-0.25  -0.137937
0.0625  -0.272718
-0.125  -0.07599
-0.09375  0.0960499
-0.0625  -0.0038671
-0.0625  -0.0825096
-0.15625  -0.219164
-0.1875  -0.0564145
-0.0625  -0.0448434
-0.09375  -0.167869
-0.09375  -0.0775592
0.03125  -0.172739
-0.03125  -0.274081
-0.09375  -0.163019
-0.03125  -0.2007
0  -0.0371191
0.125  -0.10505
0.375  -0.100577
-0.21875  -0.191668
-0.15625  0.0561187
-0.15625  -0.103787
-0.0625  -0.181407
0.09375  -0.0335305
-0.09375  -0.144689
0.125  0.14479
-0.15625  -0.12598
0.09375  0.0625691
0.15625  -0.168219
0.09375  -0.192218
-0.0625  -0.0415162
-0.03125  -0.117642
0.0625  -0.0654049
-0.1875  -0.264129
0  -0.000787019
0  -0.0658551
0.09375  -0.0187346
-0.03125  -0.0830035
0.03125  -0.0466416
-0.09375  -0.175477
-0.1875  0.132796
0.15625  -0.0424279
0.15625  -0.169535
-0.25  -0.0502832
0.15625  -0.182223
0.0625  -0.0383286
0.0625  -0.0477906
0.0625  -0.248715
-0.09375  0.0319192
0.0625  -0.221715
-0.125  -0.0785147
0.1875  -0.248463
-0.125  -0.155973
-0.03125  -0.110923
-0.0625  0.0430809
0  -0.0356981
-0.15625  0.00170728
-0.03125  -0.236327
-0.15625  -0.108168
-0.09375  0.0957152
0.15625  -0.0117067
-0.09375  0.217053
0.125  -0.117653
-0.0625  -0.0883789
-0.15625  -0.0680888
-0.03125  -0.111501
0.03125  -0.245583
-0.1875  0.167665
0  -0.0566608
-0.0625  -0.121101
-0.125  -0.010673
0.21875  0.0348014
-0.21875  -0.0950713
-0.125  -0.202479
0.1875  -0.231332
-0.09375  -0.0735878
-0.0625  0.098955
-0.1875  -0.382368
0.15625  -0.0638357
-0.03125  0.124597
0.125  -0.0937749
-0.15625  -0.163294
-0.0625  -0.120419
0.03125  -0.120182
-0.03125  -0.0459658
-0.0625  -0.186706
-0.0625  -0.238901
0.0625  -0.197857
0.21875  -0.131599
-0.03125  -0.075906
-0.3125  -0.0783096
-0.125  0.0196956
0.125  0.0652908
-0.15625  -0.181785
-0.09375  -0.185526
-0.28125  0.0515819
0.21875  -0.111495
0.03125  -0.137772
-0.15625  -0.115982
0.03125  0.126028
-0.1875  -0.0797606
0.125  0.0242494
0.09375  -0.255419
-0.15625  -0.160985
0.03125  -0.0702558
0.1875  -0.181272
-0.0625  -0.198891
-0.03125  -0.117989
-0.03125  -0.360877
-0.125  0.0510505
0.21875  -0.235468
0.125  -0.303126
0.28125  -0.0317738
-0.1875  -0.0795015
-0.125  0.000415246
-0.0625  -0.248846
0  -0.054463
-0.03125  -0.174682
-0.03125  -0.141332
0.21875  -0.096204
0.0625  0.0445375
-0.03125  0.0650221
0.09375  -0.0166048
0.15625  -0.193052
-0.03125  -0.1077
0.125  -0.145704
-0.09375  -0.15748
0.09375  -0.000418646
0.03125  -0.0144994
-0.03125  -0.0341112
-0.09375  -0.1752
0.03125  -0.0677441
0.03125  -0.019424
-0.0625  -0.10245
0.0625  -0.170165
0.1875  -0.0201836
0.03125  -0.255422
0.125  -0.195289
-0.0625  0.0303207
0.125  -0.219974
0.21875  -0.0889594
-0.125  -0.00652965
-0.09375  0.037638
0  -0.25533
0.09375  -0.0785735
-0.25  -0.0459456
-0.03125  -0.0744715
-0.0625  -0.187018
0.1875  -0.24394
-0.0625  -0.0748521
-0.03125  0.00479556
0.125  -0.0803719
-0.125  -0.196939
-0.0625  -0.248653
-0.25  -0.206142
0.09375  -0.160318
0.21875  -0.0350894
-0.1875  -0.305643
0.03125  0.0273888
-0.03125  -0.170668
-0.09375  -0.271213
0.0625  -0.0113887
0.03125  0.0679132
-0.0625  -0.10916
-0.1875  -0.109969
0.09375  -0.0501762
0  0.0966214
-0.125  -0.20688
0  -0.00919421
0.0625  -0.271896
-0.28125  -0.353931
0.125  -0.167639
0.1875  -0.14863
-0.09375  -0.205361
0.125  -0.119086
-0.0625  -0.201775
-0.03125  -0.0832611
0.03125  0.0161718
0.0625  -0.180371
0.03125  -0.120695
-0.09375  0.011672
0.0625  -0.0488729
-0.15625  -0.165922
-0.03125  -0.0198763
0.03125  0.0703054
-0.1875  0.0365802
0.0625  -0.11712
-0.0625  -0.104443
-0.0625  0.0125182
-0.125  0.170542
0.09375  -0.243584
0.15625  -0.295551
-0.15625  -0.0625307
-0.125  -0.157087
0.09375  -0.189814
0.15625  -0.0808278
0.15625  -0.110288
0.09375  -0.138547
-0.15625  -0.185442
0.15625  -0.0383567
-0.25  -0.190299
0.09375  -0.279488
-0.09375  -0.244668
0.03125  -0.129926
0  -0.285192
0  0.0624503
-0.15625  -0.00604845
-0.25  -0.271452
-0.1875  -0.0916785
-0.15625  -0.223702
-0.03125  0.0620463
0.125  0.00923575
0.03125  0.249989
0.1875  -0.310892
0.03125  0.063647
0.15625  -0.0466475
0.03125  -0.239556
0.09375  -0.225872
-0.09375  0.0827004
0.28125  0.0234782
0.25  0.0116188
0.0625  -0.393881
-0.21875  -0.0957959
-0.125  -0.0562124
0.125  -0.0343724
-0.03125  -0.0917232
0.03125  -0.204749
0  -0.121911
0.125  -0.286886
-0.09375  0.0906613
0.125  -0.009443
0  -0.287158
-0.09375  -0.0184792
0.03125  -0.252211
0.21875  -0.154873
0.09375  0.0205289
0.1875  0.0425265
-0.03125  -0.0936175
-0.03125  -0.118415
-0.0625  0.178351
-0.03125  0.171725
0.03125  -0.173748
0.15625  -0.0615835
0.03125  0.0425754
0.0625  0.059156
-0.1875  0.00926585
0.0625  -0.103429
0.03125  -0.016732
-0.09375  -0.0881127
-0.09375  -0.141761
-0.125  -0.143737
-0.03125  -0.0402542
0.15625  0.0800111
0.0625  0.101001
-0.125  0.00521858
-0.09375  -0.00222815
-0.125  0.0633566
0  0.0776981
0  0.0571518
-0.25  0.0682338
0.0625  -0.207986
0.03125  -0.180536
0.03125  -0.109157
0.0625  -0.039341
0.03125  -0.032103
0.03125  -0.238719
0.03125  -0.0905882
-0.03125  -0.0099481
-0.0625  -0.101463
-0.125  -0.364759
-0.03125  -0.279048
-0.03125  0.0669195
0.15625  -0.210382
0.09375  -0.0926248
0  0.0238805
0.15625  -0.100939
-0.03125  -0.0945604
0.25  -0.151891
-0.09375  -0.259523
-0.125  -0.146553
-0.09375  -0.0868625
-0.1875  0.0555398
-0.15625  0.0643407
0.03125  -0.122381
0.15625  -0.132699
-0.15625  -0.168926
-0.03125  0.0637845
0.0625  -0.3155
0.0625  -0.0799388
-0.125  -0.28475
0.03125  0.17999
0  -0.027101
-0.09375  -0.169196
-0.1875  -0.128371
0.0625  -0.223136
-0.0625  0.174371
-0.1875  -0.00103829
-0.1875  -0.051249
0.15625  -0.044384
-0.21875  -0.0783096
0.0625  -0.0436498
0.0625  0.0363643
0.125  -0.164324
-0.09375  -0.13385
0.03125  -0.0979588
0.03125  -0.261863
-0.03125  0.0698096
0  -0.0326209
0.0625  -0.0361428
0.15625  -0.0435564
-0.15625  -0.374064
-0.1875  0.0205292
-0.03125  -0.187468
-0.09375  -0.0438061
0  -0.199482
0.0625  0.133273
0.1875  0.022268
-0.21875  -0.295994
0.09375  -0.133765
0.03125  -0.0175845
0.09375  0.0600419
0.03125  -0.233961
0.03125  -0.0732065
-0.1875  -0.0477308
0  -0.168466
0  -0.0519887
0.09375  -0.107445
-0.09375  -0.0593928
-0.03125  -0.121051
-0.0625  -0.0178862
0  -0.113038
0  -0.0335038
0  -0.0279643
0.125  0.0283574
-0.0625  -0.0690631
0  -0.0145166
0  0.0320563
-0.0625  0.0941023
-0.28125  -0.0347456
0.1875  -0.102503
0.03125  -0.064971
-0.0625  -0.0512051
0.15625  -0.0895689
0.03125  -0.0920514
-0.21875  0.0414495
0.09375  -0.157679
0  -0.130281
-0.15625  -0.157782
0.0625  0.0928133
-0.0625  -0.176286
-0.125  0.0859823
-0.03125  -0.0160469
-0.03125  -0.101908
-0.0625  -0.267187
0.03125  -0.0729523
0.09375  0.140749
-0.15625  -0.0698509
-0.28125  0.157979
0  -0.16278
-0.03125  0.0755867
0.1875  0.128729
-0.125  0.0808189
0.125  0.0448445
0.1875  -0.230133
-0.0625  -0.118495
-0.1875  -0.115992
0.0625  -0.0535205
0.09375  -0.0562727
-0.03125  -0.24533
-0.0625  -0.11132
0  -0.0716069
0.0625  -0.30428
0.03125  -0.00135719
0.15625  -0.140809
-0.03125  -0.163317
-0.1875  -0.0827173
-0.09375  -0.0328772
0.09375  0.0275185
0.09375  -0.241143
0.03125  -0.0567405
0.1875  -0.35489
0.125  0.00720328
-0.03125  -0.0897644
0.1875  -0.140864
0.15625  -0.0865683
-0.03125  -0.0611651
-0.3125  0.0874008
-0.21875  -0.133735
-0.21875  -0.339581
0.03125  -0.356428
-0.09375  -0.0362844
0.1875  -0.102844
-0.1875  -0.208969
0  0.10902
-0.125  -0.283726
0.15625  -0.104978
0.09375  0.0623335
-0.03125  0.00932063
-0.03125  -0.104433
-0.15625  -0.00887696
-0.03125  -0.193963
-0.0625  -0.182815
-0.0625  -0.195796
-0.15625  -0.177005
0  -0.0944484
-0.1875  -0.010975
-0.09375  -0.00327316
0.0625  0.123632
0.09375  -0.19014
0.09375  -0.216529
0.03125  0.0596612
-0.125  -0.147524
-0.15625  -0.15305
0  -0.334146
0.125  -0.287842
0.03125  -0.0790709
-0.125  0.0551809
0.03125  -0.197378
0.125  -0.059656
0.1875  -0.0255995
-0.09375  -0.223405
-0.25  -0.0242707
-0.0625  0.0204986
0.09375  -0.125651
0.15625  -0.0499096
-0.0625  0.181779
0.21875  -0.117446
0.03125  0.0954999
-0.0625  -0.0591473
-0.03125  -0.220474
-0.125  0.000403107
-0.03125  0.157821
-0.15625  0.0237396
-0.03125  -0.190914
0.125  -0.015966
0.03125  0.124695
-0.03125  -0.118775
0  -0.189659
0  -0.0168605
0.0625  -0.0742538
0.03125  -0.0748125
-0.09375  0.179244
0.125  -0.136972
0.0625  -0.225025
-0.0625  -0.253134
0.03125  0.03666
0.0625  -0.0449726
0.09375  -0.0933241
-0.09375  -0.144581
0.125  -0.0691158
0.03125  -0.148949
0.125  0.0883678
-0.03125  0.0288411
0  0.0784815
0.0625  -0.177006
-0.15625  0.0598587
0.09375  0.0790678
0.15625  -0.0866716
-0.1875  -0.274013
-0.03125  -0.00386198
-0.03125  -0.0840193
-0.0625  -0.0169677
0.15625  -0.0600411
0.125  -0.0796313
-0.15625  -0.17771
0.03125  -0.152773
-0.125  -0.0601269
-0.0625  0.0176139
-0.15625  -0.0882079
0.09375  -0.241748
0.03125  -0.41127
-0.03125  0.169428
0.1875  -0.013901
0.03125  -0.261662
0  -0.0259486
-0.03125  -0.407305
-0.15625  0.0284506
-0.125  0.085641
-0.09375  -0.116857
-0.09375  -0.115799
0.15625  -0.135706
-0.03125  -0.113826
0  -0.142556
-0.1875  -0.0051958
0.125  -0.295068
-0.09375  -0.149508
-0.09375  -0.300709
0.125  -0.0750407
0.03125  0.177583
-0.125  -0.146573
-0.21875  -0.143291
0  -0.196551
-0.25  -0.120391
-0.09375  -0.15667
0  -0.0551441
-0.15625  0.0418113
0.09375  -0.261916
0.0625  0.0825723
0.03125  -0.0999513
0.03125  -0.219546
0.15625  0.0347509
-0.0625  -0.263308
-0.0625  0.00942362
0.1875  -0.178888
-0.03125  -0.127821
0  -0.0161271
0.1875  -0.144461
-0.1875  -0.135595
-0.21875  -0.361838
0.21875  -0.0634183
0.03125  -0.245832
0.03125  -0.00444433
0.125  -0.0272674
-0.0625  -0.305359
0.09375  -0.126459
0.125  0.114899
-0.03125  -0.0809772
0.1875  -0.261826
0.15625  -0.278368
-0.125  -0.0105758
-0.25  0.100911
-0.09375  -0.341333
0.09375  -0.151661
-0.03125  0.11213
0.125  -0.102531
0.15625  0.112867
0  -0.0634236
0  -0.112617
0.09375  -0.243062
-0.0625  -0.256628
-0.03125  -0.120977
-0.125  -0.286852
0.09375  -0.231575
0  -0.336084
-0.21875  -0.179716
-0.1875  0.0466326
0.09375  -0.27966
0.03125  -0.0605186
-0.09375  0.0445804
0.0625  -0.0373733
-0.03125  -0.045137
0.03125  -0.214354
0.03125  -0.342332
-0.125  0.0431806
0.0625  -0.0322004
0.09375  -0.430432
0.125  -0.180066
0.03125  -0.120367
0.125  -0.0318329
0.0625  0.155582
0.15625  -0.127423
0.03125  -0.182114
0  -0.151929
0.03125  -0.0135621
0.125  -0.0907237
0.125  -0.068849
0.0625  -0.223816
0.21875  -0.347009
-0.03125  -0.193576
0.125  -0.035144
0  -0.195385
-0.28125  -0.0513718
-0.0625  -0.0199234
0.15625  -0.0567256
0  -0.0593275
0.03125  -0.0592074
0.125  -0.0217862
0.125  -0.231114
-0.03125  -0.129688
0.03125  -0.185653
-0.0625  0.0251377
0  -0.114379
-0.21875  -0.0520471
0.03125  -0.0886132
0.0625  -0.0113268
-0.03125  -0.288188
-0.03125  -0.0948795
0.0625  -0.174946
-0.0625  -0.219883
-0.21875  -0.0191609
0.0625  -0.133837
0  -0.277977
0.1875  0.0317861
0.0625  -0.0916374
0.28125  -0.0718454
-0.0625  0.142732
0  -0.145376
0.09375  -0.0846547
0.03125  -0.319371
-0.21875  -0.155893
0.03125  -0.139619
-0.21875  -0.108362
-0.09375  -0.0776491
-0.15625  0.0380366
-0.09375  -0.00316163
0.0625  0.00338189
-0.125  -0.0653986
-0.03125  -0.231574
0.15625  0.00330523
0.09375  -0.222114
-0.15625  -0.118056
0.25  -0.0530349
-0.09375  -0.0413251
-0.0625  -0.266673
-0.03125  -0.170435
-0.03125  -0.226707
0.03125  0.020144
0.15625  -0.0590452
-0.0625  -0.159784
0.03125  -0.0541925
-0.03125  -0.0884791
0.03125  -0.239946
0.03125  -0.0564268
0  -0.103453
-0.09375  -0.208167
0.03125  -0.0606297
0.125  -0.0556933
-0.28125  -0.0780477
0.15625  -0.0113231
-0.03125  -0.107454
-0.0625  -0.0690862
0  -0.0204844
0.0625  -0.126849
0.03125  -0.121038
-0.15625  -0.13734
0.09375  -0.152566
-0.03125  -0.0749193
-0.15625  -0.211451
0.0625  -0.174599
-0.09375  -0.0262097
0.03125  -0.355745
0.03125  -0.190306
0.15625  -0.00640805
-0.25  -0.223238
0.15625  0.0122965
0  -0.00745799
0.15625  -0.0988984
0.25  -0.278138
0.125  0.171651
-0.1875  -0.146882
0  -0.226567
0.15625  -0.108455
-0.0625  -0.322098
0.15625  -0.0777214
-0.1875  -0.0257186
0.09375  -0.0797267
-0.03125  -0.258534
-0.03125  -0.104821
0.0625  -0.0839624
-0.0625  0.0952316
-0.15625  -0.127025
0.03125  -0.0418466
-0.125  0.032273
-0.03125  0.158825
0.03125  -0.0692102
-0.28125  -0.0194463
-0.0625  0.199208
0.09375  0.0207675
0.15625  -0.089386
0.03125  -0.147341
0  -0.213186
0.0625  -0.014944
-0.15625  0.0803167
0  0.129795
-0.09375  -0.218218
0.125  0.149625
0  -0.0377608
0.125  -0.0636211
-0.125  -0.031782
-0.1875  -0.0275657
-0.0625  0.17239
-0.03125  -0.0349396
0.09375  -0.0788412
0  -0.0846411
-0.15625  -0.157986
-0.03125  0.00332035
0.125  0.0679409
-0.125  -0.0494475
0.0625  -0.134109
-0.03125  -0.0872502
-0.0625  -0.0954331
0.125  -0.0983889
0.1875  -0.198333
-0.09375  -0.235513
-0.1875  -0.202916
-0.09375  0.0406996
-0.25  -0.26421
-0.1875  -0.177927
0.21875  -0.352224
-0.25  -0.186052
0.125  -0.0258061
0.0625  -0.304241
0.25  -0.178175
0.0625  0.114996
-0.03125  0.00439357
0.03125  0.0125109
0.125  -0.334252
-0.15625  -0.206479
0.125  -0.0383286
0.0625  -0.0961533
0.03125  -0.127871
-0.125  -0.0955265
-0.03125  -0.123224
0  -0.120662
-0.1875  0.0171607
0.03125  -0.0343725
-0.125  0.161317
0.15625  -0.0405213
-0.03125  -0.00817455
-0.09375  0.0249694
0.03125  -0.201321
0.25  -0.100335
0.125  0.0688005
0.03125  -0.275772
0.0625  -0.214074
-0.03125  -0.33647
-0.0625  -0.264053
0.125  -0.0150756
-0.15625  -0.00861503
-0.125  -0.0645028
-0.125  -0.34947
0.09375  0.0120858
0.09375  -0.125953
-0.15625  -0.265374
-0.0625  0.0108859
-0.09375  0.188779
0  -0.0998183
-0.125  -0.122758
0.125  -0.0417456
0.28125  0.0767705
-0.0625  -0.179242
0  -0.0924589
-0.09375  -0.0865995
0.0625  0.00763825
-0.125  -0.152811
0.0625  -0.262344
-0.125  -0.0112036
-0.125  -0.092571
-0.125  -0.267159
0.03125  -0.23504
0.09375  -0.0223554
0.15625  0.174957
-0.15625  -0.0847806
0.1875  -0.154632
0.125  -0.0511083
0.125  -0.0237809
0.0625  -0.0973824
0.0625  -0.212265
-0.125  0.0310176
-0.0625  -0.252148
0.15625  0.0440171
0.03125  -0.123718
-0.09375  -0.0559276
-0.25  0.0431317
-0.03125  0.0063276
0.03125  -0.291779
0  -0.130593
0.15625  -0.200916
0.0625  -0.0508034
0.1875  -0.396438
-0.09375  -0.206169
0  -0.0300076
-0.125  -0.243261
-0.1875  -0.035502
-0.21875  0.0121694
-0.09375  -0.0924512
-0.1875  -0.149517
0.0625  0.0536531
0  -0.0315952
0.09375  -0.0245579
0.125  -0.100246
0.03125  -0.124802
0  -0.0264053
0  0.0957362
0  0.0977418
0.28125  0.0800827
0.125  -0.26735
0.03125  -0.00906666
-0.15625  -0.13598
0  -0.0978811
0.0625  0.0362749
0.15625  -0.346282
-0.03125  -0.0969393
0.03125  -0.0109039
0.28125  -0.108762
-0.09375  0.0987933
-0.09375  0.0234941
0.09375  0.0605681
-0.03125  -0.0673654
-0.03125  -0.129764
0.03125  -0.0647105
-0.09375  -0.0281297
0  0.228274
0.03125  0.0342483
0.125  -0.300421
-0.03125  -0.244683
0.15625  -0.272253
-0.09375  -0.0297707
-0.03125  -0.187919
0  0.0937289
0.03125  -0.114596
0.15625  -0.0363503
0.1875  -0.100166
-0.03125  0.137106
0  -0.152732
-0.3125  0.0647161
0.1875  -0.161514
0.0625  -0.173841
0  -0.12425
0.125  -0.0722593
-0.15625  -0.0959959
0.15625  -0.108474
0.03125  0.236185
0.0625  -0.0231384
-0.0625  -0.141678
-0.03125  0.17866
0.15625  -0.197231
0.15625  -0.366573
0  -0.0965195
-0.25  -0.321354
0  -0.00680558
-0.03125  -0.00777651
-0.125  -0.134787
0.1875  -0.0101988
0.1875  0.180408
0.28125  0.0688574
-0.0625  -0.278903
0.09375  0.123137
-0.03125  0.118586
0.03125  -0.182155
0.0625  -0.0508995
0.03125  -0.120074
0.09375  -0.0336432
0.03125  -0.0465254
-0.0625  -0.05353
0.1875  -0.0851082
0.21875  -0.139937
0.03125  -0.137545
0.09375  -0.320613
0.0625  -0.304222
0.28125  -0.174216
0.09375  -0.181766
-0.03125  -0.180657
0.0625  0.0924205
-0.03125  0.120417
0.03125  0.000238262
-0.03125  -0.176502
0.09375  -0.110497
-0.125  -0.104085
-0.125  -0.181333
-0.1875  0.128883
0.15625  -0.0337285
-0.1875  -0.15539
0.15625  0.0334623
0  -0.0228859
-0.03125  0.0456842
0.03125  0.00352239
0.125  -0.164525
-0.15625  -0.348585
0.03125  -0.020913
0.09375  0.00509329
-0.03125  -0.0911811
0  -0.0757485
0  0.0409096
0.0625  -0.117428
-0.1875  -0.0112869
-0.03125  0.00839006
-0.03125  -0.222671
0.125  0.0638386
-0.03125  0.0128809
0.1875  0.0114525
-0.1875  -0.128459
0.03125  -0.0951538
0.03125  -0.0779213
-0.34375  -0.115086
-0.09375  -0.0832269
0.1875  -0.0703904
-0.09375  -0.242369
-0.03125  -0.0955057
-0.03125  -0.118087
0.0625  -0.0824912
-0.03125  0.0698038
0.0625  -0.181467
-0.03125  -0.05959
0  -0.223016
0.125  -0.157223
0.03125  -0.136746
-0.0625  0.0253997
0  -0.0469972
-0.03125  -0.0235282
-0.09375  -0.0848314
-0.09375  -0.171503
0.125  -0.123707
0.125  -0.0879108
-0.03125  0.0109723
0.03125  -0.315339
0.15625  0.00899
0.125  -0.0982501
0.03125  -0.220129
0.1875  -0.252605
-0.03125  -0.0347319
0  0.434379
0.03125  -0.00796295
0.28125  -0.0832793
0.1875  -0.0479438
-0.15625  0.040161
-0.0625  -0.0257414
0.125  -0.148354
-0.09375  -0.123359
-0.125  -0.172414
-0.21875  -0.201851
0.21875  -0.158281
-0.0625  0.0285046
-0.03125  -0.046216
0.15625  -0.0214233
-0.1875  -0.24584
0.0625  0.105074
0.21875  -0.0856
-0.03125  -0.061144
0  -0.0900342
0.1875  -0.21306
0  -0.0382601
-0.03125  -0.225596
0.03125  -0.160305
-0.03125  -0.141361
-0.09375  -0.130029
-0.15625  -0.0285634
0.1875  -0.0284991
0.03125  -0.0982056
-0.25  -0.187177
-0.03125  -0.248382
-0.28125  -0.119474
-0.21875  0.128792
-0.125  -0.321048
-0.03125  -0.14937
-0.125  -0.162908
-0.125  -0.0884777
-0.0625  -0.105332
-0.15625  -0.0665348
-0.125  -0.150676
-0.0625  -0.0956646
0  0.0944989
0.03125  -0.00243695
-0.03125  -0.0280441
0  -0.201375
-0.09375  -0.258328
-0.21875  -0.0540494
0.0625  -0.0768167
0  0.0642658
0.09375  -0.219697
-0.0625  0.125548
0  0.0812658
-0.03125  0.0375624
0.34375  -0.188544
-0.15625  -0.125018
0.125  -0.097481
0.1875  0.130994
-0.09375  -0.0138694
0  -0.112802
0.03125  -0.0200845
0.0625  -0.0801752
-0.03125  -0.249772
-0.09375  -0.0799924
0.09375  0.0859157
0.1875  -0.178663
0  -0.128764
-0.09375  -0.0992565
0.03125  -0.0534757
0.15625  -0.206032
0.15625  -0.0887912
0.03125  -0.164034
0.09375  -0.0749948
0.0625  0.192726
0.15625  -0.29768
0.125  -0.121262
0.15625  -0.141993
-0.03125  0.0375913
-0.0625  0.0629735
-0.09375  -0.0669902
0.15625  -0.0776469
-0.125  -0.072777
0.15625  -0.220997
-0.03125  0.0646251
-0.28125  0.0235199
0.09375  -0.164937
0.0625  -0.0852376
0.03125  -0.104752
0.03125  0.0135931
-0.0625  -0.085948
0.09375  -0.259754
-0.15625  -0.0962567
0.0625  0.0353753
0.0625  -0.0975394
0.03125  -0.202581
-0.03125  0.0453178
0.03125  -0.19262
0.125  0.155972
-0.0625  -0.444197
-0.0625  -0.0339275
0.15625  -0.14304
0  -0.0687859
0.03125  0.0432333
0.03125  -0.165894
-0.03125  0.023285
-0.125  -0.199178
0.03125  -0.181179
-0.03125  -0.120773
0  -0.0790516
0.0625  0.203084
-0.03125  -0.0376432
0.03125  -0.0602174
0.0625  -0.165501
0.09375  -0.201837
-0.09375  -0.047612
0.25  0.00877874
0.09375  -0.238916
-0.25  0.0407235
-0.03125  -0.20471
0.03125  0.0473241
-0.09375  -0.199106
0  -0.0728701
0.03125  -0.151836
0.15625  -0.177981
0.09375  -0.0501663
-0.0625  -0.132992
-0.0625  -0.119688
0.1875  -0.422983
0.15625  0.0227403
-0.0625  0.0748863
0.0625  -0.134605
-0.03125  -0.106434
0.0625  -0.224096
-0.125  0.0216792
0.21875  -0.192931
0.09375  -0.288923
0.03125  0.0697113
-0.15625  -0.211328
-0.21875  -0.0433743
0  -0.151277
0.03125  -0.035327
0.03125  0.0563895
0.0625  -0.0897341
0.125  0.125984
0.03125  0.0248825
0.1875  -0.238135
-0.03125  -0.257547
0.125  -0.21966
0.09375  0.0535622
0.125  -0.0755121
0.0625  -0.0975879
0.1875  -0.0140463
0.15625  -0.25149
0.15625  -0.398861
-0.0625  0.0153373
0.09375  -0.114036
0.09375  0.0261984
0.03125  -0.141134
0.09375  -0.205096
-0.125  -0.206029
0  -0.218207
-0.1875  0.0197554
0  -0.247202
0  -0.0268627
0.1875  -0.331379
-0.09375  -0.0712215
-0.1875  -0.148936
0.0625  0.00390097
-0.28125  -0.059795
0.09375  0.0357416
-0.34375  -0.224263
-0.0625  -0.138981
-0.1875  -0.194766
0.09375  -0.0177496
-0.03125  -0.164621
0  -0.0648385
-0.0625  0.0337176
-0.1875  -0.0811395
0.1875  -0.140073
0.03125  0.0742
0.125  -0.0965588
0.09375  -0.0586158
0  -0.151981
0.09375  -0.146593
0  -0.0849551
-0.25  -0.245591
-0.125  -0.152239
0.09375  -0.12366
0.03125  -0.120961
0.03125  -0.392154
-0.09375  -0.360562
-0.125  -0.126549
0.0625  0.115757
0  -0.00294359
-0.15625  0.0179538
-0.1875  -0.333959
0.125  -0.057815
-0.03125  -0.206135
0.09375  -0.252693
-0.0625  -0.0562161
-0.03125  0.0664019
-0.1875  0.116848
0  -0.108343
0.09375  -0.0895057
0.09375  -0.146918
0.25  -0.197028
-0.28125  0.0130783
0.03125  -0.101888
0.03125  -0.258804
0  0.144877
0  -0.254146
0.03125  -0.169573
0.125  -0.175798
0.0625  -0.0812597
0.03125  0.0979859
-0.0625  0.241323
0.21875  -0.174327
-0.03125  -0.197637
-0.25  -0.321936
-0.03125  -0.0271886
0.0625  -0.196303
0.09375  -0.183153
0.09375  0.0457872
-0.125  -0.320081
-0.09375  -0.217616
0.3125  -0.0247592
-0.15625  -0.147082
-0.09375  -0.0814404
-0.03125  -0.173826
-0.125  -0.257794
0.03125  -0.0937865
-0.09375  -0.0398798
0.125  -0.17689
0.40625  -0.0834208
0.1875  -0.0410587
0.3125  -0.237312
0.03125  0.00839929
0  -0.272639
-0.09375  0.0873863
0.03125  -0.178817
0.1875  -0.230559
-0.25  -0.0706961
-0.09375  0.0810147
-0.125  0.00482417
0.21875  -0.040394
0.0625  -0.0967265
0.03125  -0.0981744
0  -0.319718
-0.125  0.184229
-0.0625  0.0916089
0  0.0388883
-0.0625  0.00407069
0.125  -0.197156
-0.03125  -0.0454774
0  0.109084
0.0625  -0.304574
-0.125  0.0892012
0.125  -0.0502997
0.15625  -0.15281
-0.21875  -0.159582
0.0625  -0.206688
0.125  0.185558
0.03125  -0.228903
-0.09375  0.237996
0.15625  -0.149755
0.0625  -0.145386
-0.25  -0.186203
0.03125  -0.129978
0.125  -0.133784
-0.0625  -0.13975
-0.15625  -0.0825111
-0.03125  -0.0690248
0.0625  0.000776955
0  -0.037069
0.03125  -0.0501406
0.03125  -0.252072
-0.15625  -0.0122449
-0.125  0.000890472
0.125  -0.15167
-0.125  -0.266577
0.125  -0.0827028
-0.03125  -0.145978
0  0.110402
-0.03125  -0.18181
0  0.101362
0  -0.0640498
-0.0625  0.107468
0.125  -0.0660746
-0.125  -0.0895932
0.03125  -0.162724
0.21875  -0.241266
0.03125  -0.0854235
-0.1875  -0.228442
-0.21875  -0.0110153
0  -0.149671
0.03125  -0.184752
-0.125  -0.0728243
-0.21875  0.0167704
-0.03125  0.0499988
0.1875  -0.228432
-0.1875  0.0090087
0.21875  0.0518394
-0.03125  -0.0323716
0  -0.0525914
0  -0.0405922
0.21875  -0.159074
0.03125  -0.0248644
-0.09375  0.125545
-0.125  -0.0194911
0.125  -0.0755946
0.21875  0.0513414
-0.15625  -0.125889
-0.0625  -0.0843154
-0.09375  -0.03563
0.09375  -0.0281221
0.09375  -0.205519
0.0625  0.147176
0.03125  -0.173272
0  -0.0113614
-0.0625  -0.0675938
0.21875  -0.0723822
0.09375  -0.21538
0.03125  -0.127192
0  0.0728765
0.0625  0.0880489
0  -0.0527511
0  0.0866458
0.03125  0.0413554
-0.0625  -0.0334543
0.03125  -0.0650627
-0.21875  -0.0565356
-0.0625  -0.104945
-0.0625  0.0204385
0.125  0.134783
-0.25  -0.0569346
0.0625  -0.185344
-0.03125  -0.198126
0.125  0.0615603
-0.03125  -0.126308
0  -0.0287342
-0.125  -0.114416
-0.03125  0.116349
0.03125  -0.0795313
0.125  -0.0396715
0  -0.219187
-0.125  -0.118663
0  -0.12663
-0.09375  0.0241088
0.0625  0.0600433
-0.03125  -0.127398
0.0625  -0.0634514
-0.03125  -0.246465
0.03125  0.0233789
0.1875  0.0219868
-0.03125  -0.0428155
0.09375  -0.39581
0.28125  -0.189872
-0.03125  0.151862
0  -0.183385
0.1875  -0.217939
0  -0.0756007
0  -0.211552
0.21875  -0.0565375
0.09375  -0.0988569
0.03125  0.0844568
0  -0.152921
-0.125  -0.206022
-0.125  -0.388693
-0.15625  -0.19682
-0.25  -0.0176254
-0.09375  -0.103689
0.09375  -0.202271
-0.03125  0.0296084
-0.28125  -0.127614
-0.03125  -0.0508727
0.0625  -0.251682
0.25  -0.00240183
-0.0625  0.00188951
-0.03125  -0.115452
-0.125  0.0743337
-0.03125  0.0603634
0.09375  -0.108917
0.21875  -0.00204828
-0.1875  -0.0514462
0.125  -0.0187041
-0.1875  0.165872
-0.125  -0.0824192
0.03125  -0.0998844
0.03125  -0.129014
-0.03125  0.121228
-0.09375  0.0267441
-0.09375  0.00701525
-0.03125  -0.295069
0.0625  -0.155719
0.09375  0.00292539
0.15625  -0.230446
-0.0625  -0.127143
-0.03125  -0.0654505
0.125  0.0644286
-0.0625  -0.243158
0.09375  -0.197085
-0.21875  -0.117989
-0.1875  -0.207213
0  0.0200187
0.0625  -0.0162786
-0.0625  -0.0330294
-0.15625  -0.18675
0.03125  -0.121014
0.1875  -0.151172
-0.03125  -0.0849046
-0.1875  -0.0229319
0.09375  -0.0638578
-0.09375  0.0384925
-0.1875  0.0530344
0.25  -0.0528337
0.1875  -0.129439
0.25  -0.129195
-0.21875  -0.0898349
-0.1875  -0.0767902
0.0625  -0.0154529
0.15625  -0.00305169
-0.125  -0.0471819
-0.0625  -0.421748
0.0625  -0.421898
0.0625  -0.10725
0.09375  -0.236952
0.1875  -0.0564363
0.0625  -0.195937
-0.0625  -0.0872449
-0.1875  -0.415629
-0.03125  -0.188588
-0.03125  0.20368
0.21875  -0.16799
-0.09375  -0.378214
-0.0625  0.0269853
-0.03125  -0.119041
0.0625  -0.324228
-0.15625  -0.185449
-0.1875  -0.206768
0.09375  -0.0846136
0.0625  -0.0633869
-0.0625  0.15399
0.15625  -0.186513
-0.03125  -0.181532
-0.1875  -0.0699274
-0.21875  -0.113887
0.0625  -0.182969
0  -0.16622
-0.125  -0.0707528
0.21875  -0.191051
0.125  0.0851879
-0.0625  -0.0129062
0.0625  -0.0891469
0.125  0.0818664
0  -0.228795
0.28125  -0.282371
0.03125  0.00675201
0.0625  -0.158989
-0.03125  -0.305758
0.125  -0.175366
0.125  0.206406
0.125  -0.240069
0.09375  -0.220205
0.21875  0.0214253
0.09375  -0.039938
-0.125  -0.148538
-0.03125  0.168732
-0.21875  -0.066918
-0.15625  -0.00632498
-0.0625  -0.2233
0.03125  0.16859
0.03125  -0.172748
-0.09375  -0.0335284
-0.09375  -0.224201
0.15625  -0.0620008
0.125  -0.00408694
0.21875  -0.102747
0.03125  -0.0868246
-0.1875  -0.0352752
-0.1875  0.0842314
-0.09375  -0.396519
-0.28125  -0.0419982
-0.15625  -0.0647055
0  -0.0624807
-0.1875  -0.240711
0.0625  -0.109997
0.15625  -0.165577
0.15625  -0.0882461
0.09375  -0.116819
0.125  -0.137789
0.0625  0.0179209
-0.125  -0.0293437
0.125  0.105636
-0.09375  -0.110447
-0.125  -0.0233368
-0.1875  -0.151785
-0.03125  0.191233
0.03125  -0.0928193
-0.09375  -0.0698001
0.15625  -0.267186
0  -0.0180122
0.125  -0.0119876
0.125  -0.00814057
-0.15625  -0.0661819
0.09375  0.00241764
0.0625  0.16336
0.125  -0.13935
0  -0.344704
0.03125  -0.279335
0.09375  0.0525133
-0.03125  -0.0912103
0.0625  0.0624181
-0.15625  -0.0890557
0.09375  -0.13243
-0.125  -0.116408
0.03125  -0.0565246
-0.0625  -0.0815154
-0.0625  -0.0784106
0.1875  0.140481
0.03125  -0.0283885
0.15625  -0.23349
-0.125  -0.209001
-0.03125  -0.247899
-0.21875  -0.111705
-0.03125  -0.18372
0  -0.000140924
-0.28125  -0.220501
0  0.0514854
0.0625  -0.0101148
-0.0625  0.166452
0.09375  -0.313915
-0.1875  -0.101889
0.125  -0.0261239
-0.0625  -0.131688
-0.21875  -0.26489
-0.03125  -0.349749
0.03125  -0.113183
-0.03125  -0.120415
0  -0.366121
0  -0.259147
0.09375  -0.0748663
0.125  -0.149215
-0.09375  -0.130423
0.1875  -0.354585
0.21875  -0.130665
-0.0625  -0.0374506
-0.03125  -0.158102
0.25  -0.0556127
0.0625  -0.189027
0.1875  0.0719162
0  -0.279002
-0.03125  -0.290479
-0.09375  0.0102368
-0.4375  -0.0986948
0.125  -0.125518
-0.03125  -0.0604918
-0.28125  -0.101873
0.09375  -0.396203
0.21875  -0.121751
-0.125  -0.0157626
0.0625  -0.196097
-0.09375  -0.226597
-0.15625  -0.0132816
0.09375  0.0499651
-0.21875  0.129139
0.09375  0.0735179
-0.0625  0.0592941
-0.0625  0.155228
0.15625  0.00019353
-0.0625  0.0365231
0.1875  -0.116569
-0.1875  -0.153372
0.03125  -0.221575
0.21875  -0.292622
0.15625  -0.210885
0.125  -0.146557
0.03125  -0.204809
0.09375  -0.072363
-0.09375  0.0297313
0.0625  -0.0901947
0.0625  -0.0943684
-0.0625  -0.0880649
0  -0.0497406
-0.25  0.0338634
0.0625  -0.188647
-0.09375  0.0869514
0.21875  0.09713
0.03125  0.0510471
0.03125  -0.0449454
0.125  -0.32216
-0.09375  -0.0365656
0.09375  -0.0536987
0.28125  -0.222518
0  -0.0977116
0.125  -0.186095
-0.125  -0.137683
0  -0.110085
-0.0625  -0.28433
0.125  -0.180719
-0.0625  -0.0228566
-0.1875  -0.0864347
-0.125  0.0857461
0.0625  0.0218146
0.03125  0.0594307
0.21875  -0.0531769
0.125  -0.176812
-0.1875  -0.160426
-0.125  0.00631174
0  -0.0691914
0.28125  -0.0893313
0.03125  -0.0301257
0.125  -0.0399932
0  -0.0368085
0.0625  -0.0558026
-0.09375  -0.391197
-0.0625  -0.0223065
-0.15625  -0.180324
0.09375  0.00093444
0.25  -0.226563
-0.0625  0.0195101
0.09375  -0.0520232
0.09375  -0.168073
-0.3125  -0.309773
0.09375  -0.111482
-0.0625  -0.233124
-0.125  -0.289915
0.125  -0.292705
-0.0625  -0.101743
-0.1875  0.135701
0  -0.052237
-0.125  0.0060027
0  -0.069837
0.0625  -0.186521
0.0625  0.0814604
0.03125  0.0731566
-0.125  -0.0710516
0.09375  -0.161707
0.09375  -0.0879459
-0.21875  -0.109612
0  -0.206422
-0.1875  -0.387772
-0.1875  0.0826948
0.09375  -0.156732
-0.0625  0.0054613
0.125  0.0674034
-0.09375  -0.0697522
0.03125  -0.300437
0.125  -0.313773
0.03125  -0.136777
-0.125  -0.191104
0.15625  -0.216845
0.03125  0.0220623
0.1875  -0.254914
0.09375  -0.146041
0.0625  -0.127072
0.0625  -0.158948
0.125  0.000557906
-0.28125  -0.31873
-0.03125  -0.251122
0.09375  -0.103019
-0.21875  -0.137622
-0.15625  -0.0792671
-0.09375  -0.127193
0.09375  -0.143191
-0.125  -0.111301
0  -0.00573993
0.09375  -0.0322237
0.09375  -0.330546
-0.15625  0.0484225
0  -0.136557
0  0.0013014
-0.21875  -0.0495396
0.21875  -0.0798051
-0.03125  -0.200991
0.1875  0.0448416
-0.125  0.0278999
0.03125  0.13061
-0.0625  -0.130258
0.0625  -0.00536101
0.09375  -0.327577
0.03125  0.0148453
0.03125  0.0252649
-0.25  -0.159283
0.09375  0.0468803
-0.1875  0.0537144
-0.125  -0.00183107
0  -0.0739035
0.3125  -0.301609
0.125  -0.25514
-0.0625  -0.225648
0  -0.0769342
0.1875  -0.136757
-0.28125  0.101326
-0.15625  -0.145307
-0.21875  -0.198606
-0.03125  -0.110298
0  -0.251011
0.03125  -0.286774
-0.03125  -0.279845
0.09375  -0.342959
-0.09375  -0.0780759
-0.28125  -0.182195
0.03125  -0.11639
-0.15625  0.133361
-0.03125  -0.238092
-0.0625  0.189682
0  -0.0259922
-0.0625  -0.148488
0  -0.0801757
-0.1875  0.0996363
0  0.0295173
0.0625  -0.0042023
0.09375  0.00355305
0  0.0469291
0  0.00705783
0.09375  0.107922
0.125  0.00848382
0.125  -0.0714586
0.09375  -0.0353556
0.125  -0.112251
0.09375  0.0535616
0.1875  -0.118676
0.15625  -0.0622313
0.03125  -0.0750882
0.1875  -0.0812604
0.0625  -0.186494
-0.0625  -0.254654
-0.125  -0.212764
-0.0625  -0.0691056
0.25  -0.0681379
0.0625  0.0165027
0.1875  -0.0592471
-0.125  -0.212471
0.0625  0.0808022
0.1875  0.0593744
-0.0625  -0.114944
-0.03125  -0.21961
0.03125  -0.0790748
-0.09375  -0.242472
-0.09375  0.0455975
-0.125  0.189961
-0.03125  -0.0348142
-0.125  -0.15856
-0.03125  -0.276592
0.21875  -0.0785902
0.03125  -0.0665557
-0.0625  -0.0767099
0.09375  -0.20166
-0.09375  -0.0927993
0.15625  0.142903
-0.03125  0.144753
0.125  -0.140357
0.125  -0.0208263
-0.03125  -0.131589
0.03125  -0.112659
0  -0.177618
-0.03125  -0.214341
-0.1875  -0.0807254
0.25  -0.360187
-0.03125  -0.157647
0.09375  -0.267754
-0.03125  -0.0302495
0.125  -0.11687
-0.1875  -0.129118
0.0625  -0.081572
0  0.147932
-0.125  -0.057466
0.0625  -0.023789
0  -0.149967
0.09375  -0.109029
-0.09375  0.00200297
0  -0.318968
0.03125  -0.126451
0  -0.152198
0.09375  -0.066393
0.0625  -0.234328
-0.0625  -0.140044
-0.03125  0.0496729
0  -0.308846
0.0625  -0.0662765
-0.03125  -0.0920559
-0.21875  -0.0496268
-0.1875  -0.296492
0.03125  -0.191292
-0.0625  -0.12101
-0.09375  0.00545094
-0.15625  -0.0582833
-0.09375  0.0696609
0  -0.0267975
0.03125  -0.117615
0.09375  0.0835012
-0.03125  -0.200803
-0.09375  -0.102796
-0.09375  0.143881
0  -0.0264184
-0.09375  -0.0631948
-0.15625  -0.108613
0.09375  -0.104239
-0.125  -0.0535872
0.21875  -0.130271
-0.125  -0.0628582
-0.125  -0.0503271
0.125  0.120745
0.21875  -0.0587336
-0.09375  0.00980545
0.125  -0.0309949
-0.09375  -0.206151
0.125  -0.277957
0.09375  -0.207839
-0.15625  -0.076088
-0.09375  -0.212483
0.1875  0.179857
-0.0625  -0.177085
0.0625  -0.0616947
-0.0625  -0.0408097
0.03125  -0.203426
0  0.0315325
0.28125  0.0237446
0.03125  -0.23496
0.21875  -0.206597
0.03125  -0.123909
0.15625  0.165585
0.15625  -0.0615849
0  0.27698
-0.1875  -0.215923
-0.1875  -0.0877858
-0.0625  -0.233896
-0.15625  -0.122661
-0.0625  -0.0295295
0.28125  -0.153165
0.03125  -0.127282
-0.1875  -0.0984048
0.15625  -0.319591
0.125  0.0484064
-0.0625  -0.0363969
-0.09375  -0.137036
0.1875  -0.25227
-0.0625  -0.393475
0.03125  -0.0352117
0.125  0.150218
-0.125  -0.183195
-0.21875  0.0263799
-0.0625  -0.00689763
0.125  -0.0150804
0.0625  0.0543556
0.03125  -0.0593667
0.0625  -0.121297
0.15625  -0.113909
-0.03125  -0.0621767
0.09375  -0.0834303
-0.125  -0.18326
0.03125  0.00656566
-0.09375  0.0513071
-0.1875  -0.0303609
0.03125  -0.189424
-0.125  -0.31419
0.09375  -0.119468
0.0625  0.0883937
0.03125  0.180183
-0.0625  0.0734498
-0.0625  0.0769361
-0.125  0.0581695
-0.15625  -0.0459082
0.21875  -0.0363175
0.09375  -0.0791089
0.0625  0.159524
0.15625  0.11132
-0.125  -0.0463971
0.0625  0.0199647
0  -0.0817491
-0.125  0.115314
0.0625  -0.0879658
0.1875  -0.130915
0.03125  -0.0168819
0.1875  -0.0579388
-0.09375  -0.0140926
-0.1875  -0.183037
0.03125  -0.209942
-0.03125  0.0128943
0.03125  -0.0156295
-0.1875  -0.0278405
-0.1875  -0.216748
0.0625  -0.113591
0.125  -0.0859688
-0.28125  0.030904
0.21875  -0.130113
-0.15625  0.00759471
-0.15625  0.244776
0.0625  -0.0850967
-0.125  -0.190552
-0.03125  -0.0278278
0  0.0259385
-0.03125  -0.123335
-0.0625  0.0253176
-0.03125  -0.188748
0.0625  0.0648819
0  0.130227
0  -0.141631
-0.21875  -0.02356
0  -0.0670187
-0.0625  0.00705041
0.03125  -0.0625157
0.09375  -0.0516769
0  -0.222301
0.03125  -0.159833
0.09375  -0.173151
0.09375  -0.126282
0.125  0.105031
0.09375  -0.100454
0.03125  -0.0374337
0.15625  -0.0871501
0  -0.0656946
-0.0625  -0.203046
-0.03125  -0.0202543
-0.03125  0.0743225
-0.03125  -0.110914
-0.0625  -0.176467
0.25  -0.228992
-0.09375  -0.218734
0.125  -0.146402
0.15625  0.128909
0  -0.139152
-0.125  -0.38146
-0.09375  -0.183788
0.09375  0.0420544
0.21875  -0.0777864
0.0625  -0.303939
-0.0625  -0.16182
-0.125  -0.145204
-0.03125  -0.110826
-0.03125  0.099692
0.03125  -0.0992166
-0.03125  -0.137665
-0.03125  -0.0469453
0.15625  -0.336953
-0.1875  -0.0193215
-0.03125  -0.0588474
-0.09375  -0.190283
-0.09375  -0.0343668
0.09375  -0.00453918
0.03125  -0.0676208
0.03125  -0.273061
-0.0625  -0.127731
0.125  -0.234931
-0.09375  0.0168416
-0.25  -0.151165
-0.0625  -0.0119655
0  0.0563392
0.09375  -0.0427302
0.15625  -0.120493
0  -0.0197006
0  0.0455781
0.09375  -0.157123
-0.03125  -0.0711931
0.03125  -0.049326
0.03125  -0.0751147
0.0625  -0.318865
0.15625  -0.105493
0.0625  -0.129181
0.03125  -0.110734
0.0625  -0.00961132
-0.25  -0.139157
0.125  -0.178495
0.03125  0.0179498
-0.125  -0.0929445
0.09375  -0.143969
0  0.0867206
0.03125  -0.112398
0.09375  0.01435
-0.03125  -0.0784148
0.09375  -0.142079
0  -0.144468
0.09375  -0.229573
0.21875  0.0280201
-0.15625  -0.206007
0.34375  -0.172462
0.15625  -0.254353
-0.03125  -0.0523402
0.03125  -0.0979983
-0.1875  0.0363087
0.15625  0.0793583
0.15625  -0.253774
-0.0625  -0.0849259
0.25  -0.277659
0.1875  -0.0687511
-0.1875  -0.0934728
0.03125  -0.184872
-0.0625  -0.0606473
-0.15625  0.0361916
-0.0625  -0.3281
0  -0.122328
-0.1875  -0.0935203
-0.1875  -0.316813
0.0625  0.0555604
0.09375  -0.133704
0.03125  0.0644001
-0.03125  -0.0938327
0  -0.0478555
0.125  -0.125135
0.09375  -0.0365727
0.1875  0.19416
0.0625  -0.0712528
-0.0625  -0.0945987
0.15625  0.155542
0.15625  -0.00355367
0  0.104795
0  0.128153
0.1875  -0.265185
-0.09375  -0.193685
0.1875  -0.0131052
-0.15625  0.0720295
-0.03125  0.0511205
-0.0625  -0.173887
-0.125  -0.138547
0.03125  -0.036547
0.03125  -0.197891
0.1875  -0.187673
-0.03125  -0.182643
-0.28125  -0.15775
-0.0625  -0.391213
-0.09375  0.101181
0.03125  -0.127394
0.09375  0.0741043
0  -0.173385
0.125  0.0966021
0.1875  0.0539783
0.125  -0.159334
0.0625  -0.17982
0.0625  -0.437533
0.15625  -0.155445
0.0625  -0.104207
0.0625  0.00948849
-0.03125  -0.20691
0.125  -0.049575
-0.0625  -0.0233152
0  -0.0579334
0.21875  0.0084197
-0.0625  -0.293279
0.125  -0.131808
0.25  -0.25501
-0.25  0.0375844
0.0625  0.107307
-0.21875  0.0328486
0.0625  -0.126458
0.03125  -0.12447
0  -0.247427
0.28125  -0.286522
0.15625  -0.206728
0.125  -0.0541439
0  -0.083205
-0.15625  -0.0425255
0.28125  -0.149461
0.0625  -0.0676989
0  -0.0607142
0.03125  -0.0613897
0.21875  -0.024833
-0.03125  -0.11914
0.03125  -0.0348441
0  -0.376541
-0.40625  -0.27108
0.15625  -0.280926
0.03125  -0.213169
0.03125  0.0996139
-0.0625  -0.0175261
0  0.0689817
0.125  0.023657
0.03125  -0.0891538
0.21875  -0.0891418
-0.0625  -0.116047
0.0625  0.110392
0  -0.0451829
-0.0625  -0.150986
-0.1875  -0.000259623
0.03125  -0.27534
0.03125  -0.182114
0.125  -0.19867
-0.125  0.0958216
-0.28125  -0.162288
0.09375  -0.158495
-0.03125  0.12122
-0.0625  0.0308563
-0.0625  -0.146105
0.125  -0.242824
0.21875  -0.0199918
0.125  -0.0704445
0.09375  -0.296525
0.03125  -0.147144
0.1875  -0.100495
0.09375  -0.00777423
0.0625  -0.215868
-0.125  0.0615768
-0.0625  0.109552
-0.1875  -0.138309
0.125  -0.16193
-0.0625  -0.206638
0.1875  -0.0440961
-0.0625  0.011516
-0.09375  0.0298676
0.3125  -0.219269
0.09375  -0.209296
-0.125  0.0448074
0.09375  0.00662031
0.15625  -0.0901785
0.09375  -0.100407
0.125  -0.241696
-0.09375  0.166193
0.28125  -0.283747
0.09375  -0.0423678
0.21875  -0.148064
0.09375  -0.231414
-0.03125  -0.17725
0.0625  -0.0582259
0.125  0.0259427
0  0.0677631
0  0.110241
0.25  -0.00730742
0.1875  -0.374127
-0.15625  -0.262864
0.125  -0.023283
-0.09375  -0.1847
-0.1875  -0.159553
0.09375  0.0523778
-0.09375  -0.00670002
0.0625  -0.165689
0.125  -0.366368
-0.21875  0.169387
-0.125  -0.0776246
-0.09375  -0.0827457
0.125  -0.0688694
-0.15625  -0.00879126
-0.03125  -0.141204
-0.03125  0.00468646
0.09375  0.0188434
-0.09375  -0.173937
0.03125  0.0717745
-0.0625  -0.0722244
-0.15625  -0.0723948
0.125  -0.0718507
-0.125  0.117685
-0.0625  -0.148509
-0.1875  -0.0697209
0.21875  0.113449
0.28125  -0.0243973
-0.125  -0.496937
-0.21875  -0.024895
0.0625  -0.0341772
0.125  -0.0316344
0.1875  -0.248821
-0.03125  -0.258783
0.0625  -0.134923
0  0.104788
-0.09375  -0.00679997
0.1875  -0.178724
0.03125  -0.257491
-0.0625  -0.271108
0.0625  -0.0389718
0.125  -0.14129
-0.125  -0.00538844
0.03125  0.124907
-0.0625  -0.186277
-0.25  0.0585941
0.09375  0.0501267
-0.0625  0.0397866
-0.125  -0.153535
-0.09375  -0.123576
-0.1875  -0.111973
0  0.0470101
0.15625  0.095328
-0.09375  0.159338
0.03125  0.0857639
-0.125  -0.0819957
-0.09375  -0.0740416
0.1875  -0.121315
-0.15625  -0.234143
0.21875  0.00449436
0.1875  -0.122869
0.09375  -0.0794075
-0.0625  -0.122393
0.21875  -0.175605
-0.0625  -0.289861
-0.40625  -0.0174104
0.03125  -0.0309626
-0.0625  0.0229744
0.03125  -0.177474
-0.09375  -0.138212
0.09375  -0.0562016
0.03125  -0.243538
-0.15625  -0.0575472
0.15625  -0.074298
0.09375  -0.327229
-0.15625  0.125382
0.125  -0.227743
0.03125  0.0528739
0  -0.323092
0.25  -0.202905
-0.03125  0.14887
-0.03125  0.0871913
-0.0625  -0.187843
-0.09375  0.0300337
0.03125  -0.220131
-0.03125  -0.0881778
0  -0.0433294
-0.03125  -0.0777507
0  -0.196841
-0.28125  0.279111
0  -0.0389885
0.03125  -0.0861534
-0.125  0.121779
0.09375  0.0185262
0.09375  -0.0493163
0.21875  -0.019537
-0.03125  -0.306063
-0.03125  -0.0696315
0.03125  -0.109358
-0.03125  -0.0478178
0  -0.0239331
0.03125  -0.13082
0  -0.169107
-0.0625  -0.114624
-0.15625  -0.14467
0.15625  -0.256855
-0.125  -0.105333
0  -0.178827
0  -0.17005
0.15625  0.0567029
0.03125  -0.0989363
0.0625  -0.277541
-0.09375  -0.00801471
0.0625  -0.0855928
-0.09375  0.102938
-0.03125  -0.0535652
0.1875  -0.149418
-0.09375  -0.180717
0.0625  -0.243875
0.0625  0.100916
0.09375  -0.0466593
0.0625  -0.0755737
-0.09375  0.00244117
0.1875  0.0618526
-0.0625  -0.270568
-0.0625  -0.153646
-0.03125  -0.0819375
0  0.0647169
0.125  -0.187325
-0.0625  -0.123866
0.1875  -0.0553181
-0.1875  -0.161333
0.0625  0.0675005
0.03125  -0.097106
0  -0.0557108
0.0625  -0.0216917
-0.15625  -0.0462432
0  -0.0572102
0.0625  -0.0585651
0.03125  -0.00791986
-0.0625  0.106513
-0.03125  -0.125621
0  -0.224927
-0.09375  -0.299029
-0.0625  -0.11079
0.0625  -0.221109
-0.25  -0.152242
-0.125  -0.0532356
0.1875  -0.0653202
0.125  -0.0786737
0.0625  -0.0820465
0.21875  -0.0754467
-0.1875  -0.151021
0.09375  -0.201898
0.125  -0.0748809
0.0625  -0.153296
-0.0625  0.160073
0.03125  -0.161442
-0.125  -0.0324491
0.125  0.0379451
0.03125  0.189015
-0.03125  -0.200612
-0.09375  0.00741156
-0.0625  -0.159576
0.25  0.0378585
-0.03125  -0.0452801
0.03125  -0.266756
-0.125  -0.128301
-0.28125  0.0988697
0.21875  -0.0908916
-0.03125  -0.0472547
0.21875  -0.184023
0.09375  -0.264884
-0.21875  -0.0269378
0.125  -0.0893455
0.125  0.0319202
-0.0625  -0.274317
0.0625  0.0767401
0.03125  -0.141626
-0.15625  -0.078531
0.03125  -0.303387
-0.125  -0.201384
0.03125  0.192765
0.25  -0.119361
0.0625  -0.0779634
0.15625  -0.0519373
0  -0.0765499
0  -0.0198341
-0.09375  -0.0663114
0.21875  -0.166546
-0.09375  -0.266635
-0.09375  -0.022554
0.125  -0.0116016
-0.03125  0.165247
0.3125  -0.223511
-0.21875  -0.000879306
0.03125  -0.0729923
0  -0.0253179
-0.03125  -0.1568
-0.03125  0.0311741
0  0.0202124
-0.03125  -0.201943
-0.15625  0.0244522
-0.0625  -0.0609125
-0.125  -0.268798
-0.03125  -0.218007
0.03125  0.052906
-0.21875  -0.138987
-0.09375  0.000216551
-0.15625  -0.0174521
0.0625  -0.255308
0  -0.163568
-0.09375  -0.0497293
-0.03125  -0.139727
-0.25  -0.0389156
0.03125  -0.224372
-0.21875  -0.142021
0.15625  0.106846
-0.1875  0.0262242
0.0625  -0.184812
-0.1875  -0.264171
0.21875  -0.0316281
-0.15625  -0.218845
-0.0625  -0.216394
-0.34375  -0.106994
0.125  -0.423298
0.125  -0.253759
-0.03125  -0.0350125
0.03125  -0.0426626
0.03125  -0.104405
0.1875  -0.404686
0.03125  0.108532
-0.0625  -0.0614474
0  -0.0925656
0.09375  -0.0645709
-0.09375  -0.0324168
-0.125  -0.147019
-0.125  -0.189909
0.03125  -0.107705
0.21875  0.118687
0.15625  -0.0953484
0.03125  -0.164207
0.0625  0.0409253
-0.125  0.0706611
-0.0625  -0.392674
0.0625  0.10195
0  -0.147324
-0.15625  -0.194441
-0.125  0.0220005
0.0625  -0.0584789
0.09375  -0.215705
-0.0625  -0.101628
-0.03125  0.11292
0.15625  0.086902
0.0625  -0.254674
-0.0625  -0.00568254
-0.125  -0.0648862
-0.125  -0.1257
0.15625  0.137192
0.0625  0.193321
-0.25  -0.143819
-0.03125  -0.256841
-0.03125  -0.201241
0.15625  -0.138645
-0.21875  -0.102404
-0.0625  0.126223
-0.0625  -0.143904
-0.0625  -0.0438294
-0.15625  -0.0659927
0.3125  0.0415774
0.15625  -0.171224
0.0625  -0.175657
0.0625  -0.20292
0.09375  0.0634572
-0.1875  -0.156959
0.21875  -0.0644375
-0.1875  -0.0243089
0.21875  -0.011397
0.03125  0.00687599
-0.03125  0.0273264
-0.125  0.0329989
0.0625  -0.0348686
0.09375  -0.111122
0.25  -0.157681
-0.125  -0.0956966
0.03125  -0.200223
0.0625  -0.107574
-0.0625  -0.0670995
0  -0.17798
0.09375  -0.247073
-0.0625  -0.0123326
-0.0625  -0.107115
-0.15625  0.0178084
-0.15625  -0.213558
-0.1875  -0.0215262
0.0625  -0.0735519
0.125  0.0553791
0.125  -0.193193
0.0625  -0.190721
0.03125  0.0439378
-0.125  -0.187767
0.0625  -0.0298844
0.125  -0.281644
0.125  0.124641
0  -0.0479843
0.25  -0.0230136
0.0625  -0.0931653
-0.03125  0.0472285
0.25  -0.0381487
0  0.0759496
0.09375  -0.0428768
-0.03125  -0.109505
-0.1875  -0.0838592
-0.15625  -0.176792
0.15625  -0.0889089
-0.0625  0.0740544
-0.0625  -0.0360198
0  -0.0608884
0.03125  0.0801662
-0.1875  -0.206246
0.0625  -0.0972399
-0.125  -0.217661
-0.0625  -0.243821
0.09375  0.0836124
0.03125  -0.0680765
0.21875  -0.0900547
-0.25  -0.326066
-0.21875  0.035062
0.09375  0.0179604
0.25  -0.124546
0.15625  0.0635642
0.1875  -0.144394
0.09375  -0.0266948
0.0625  0.078878
0.1875  -0.187254
-0.125  -0.260058
-0.25  -0.204618
-0.15625  -0.00868484
0.28125  -0.083875
-0.03125  -0.0286159
0.09375  -0.260859
0.09375  -0.0905806
0  -0.171661
-0.1875  0.0605642
-0.15625  0.0543126
-0.03125  -0.139319
0.21875  -0.103965
-0.15625  -0.322251
-0.1875  0.0709365
0.125  0.0750498
-0.03125  -0.159957
0.125  0.0160493
-0.15625  -0.17837
-0.0625  0.0901098
-0.03125  -0.162859
-0.25  -0.139992
0.0625  -0.144475
-0.03125  -0.128841
-0.15625  -0.105648
-0.0625  -0.188026
0  -0.220643
0.25  0.202523
-0.21875  -0.267517
-0.15625  -0.00687474
-0.09375  -0.16559
-0.1875  -0.0474822
-0.15625  -0.341394
0.125  -0.331071
0.125  -0.0395812
0.03125  0.0825459
-0.1875  -0.114323
0.09375  0.0538851
0.09375  0.103013
0.21875  0.0289353
0.03125  0.0291455
0.28125  -0.0337279
-0.0625  -0.168933
-0.09375  -0.214921
0.03125  -0.118413
-0.09375  -0.0740311
-0.15625  -0.0853788
0.09375  -0.0641677
0.03125  -0.169801
0.09375  -0.121955
0.15625  -0.13103
-0.21875  -0.141111
-0.0625  0.0864774
-0.28125  -0.0918927
-0.125  0.115176
0.125  0.0822424
-0.15625  -0.156923
-0.09375  -0.00520324
0.0625  -0.00206032
0.09375  -0.189217
0.03125  -0.00936245
0.0625  -0.0575656
0  -0.0919073
0.03125  -0.0738371
-0.03125  -0.249791
-0.09375  -0.160269
0.03125  0.158034
0.1875  0.126671
-0.03125  -0.0461441
0.15625  -0.0343488
0.15625  -0.0576881
-0.1875  -0.0063821
0.1875  0.055416
0  -0.0232562
0.1875  -0.203327
-0.03125  -0.117733
0.09375  0.0479065
0.03125  -0.0569582
0  -0.110081
-0.03125  -0.20383
-0.03125  -0.0758341
0.15625  -0.364347
-0.03125  -0.0693645
0  -0.244552
0.0625  -0.163536
0.09375  -0.0381831
0.0625  0.0424894
0.0625  -0.0538685
-0.0625  0.00753723
-0.03125  -0.0335286
0.09375  0.0241768
0.03125  -0.306199
-0.1875  -0.220803
-0.15625  -0.321429
-0.03125  -0.0715264
-0.21875  -0.246655
0.09375  -0.0583427
-0.03125  -0.251751
-0.03125  -0.318814
0  -0.0561649
0.03125  -0.227477
-0.03125  -0.0204223
-0.09375  -0.0623844
-0.125  -0.0472553
0.09375  0.0415738
0.03125  -0.169669
-0.0625  -0.130175
-0.0625  -0.0763838
0.21875  -0.088243
0.0625  -0.0206688
0.125  -0.274622
-0.125  -0.0699994
-0.0625  -0.0792157
0.15625  -0.291589
0.09375  -0.306903
0  0.0283847
0.0625  0.0184688
-0.125  -0.178802
0.0625  -0.200247
-0.15625  0.0320166
-0.03125  -0.0872169
0.1875  -0.315937
0.09375  -0.240294
-0.125  0.0126678
-0.21875  -0.0594144
0.0625  0.110128
-0.1875  -0.0990251
-0.09375  -0.0652242
0.03125  -0.165759
0.125  -0.192916
0.28125  -0.000967557
0.03125  -0.0392241
-0.25  -0.15207
-0.1875  -0.2051
-0.09375  0.0271128
-0.09375  -0.0503326
0.25  -0.0829209
0.125  -0.254914
0  -0.0990889
0.0625  -0.185043
0  -0.320258
-0.21875  -0.164754
0  0.165941
-0.125  0.086572
0.03125  0.0371467
-0.15625  -0.0982767
0.1875  -0.144522
0.09375  -0.0596449
0.125  -0.112608
-0.125  0.139015
-0.125  -0.141725
-0.1875  0.00255128
0.03125  -0.00362158
-0.09375  -0.248988
0.25  -0.266357
0.0625  -0.185989
0.25  -0.156414
0.09375  -0.14793
0.09375  -0.119668
0.1875  -0.364415
-0.34375  -0.0446238
0.0625  -0.10956
-0.1875  -0.0887883
0  -0.310381
-0.09375  0.0217638
-0.34375  -0.276509
0.15625  -0.291229
0.03125  -0.250278
0.125  0.0230271
-0.09375  -0.0538219
0.125  -0.0784343
-0.09375  -0.131637
0.25  -0.0542239
-0.15625  -0.085092
0  -0.0166363
0.03125  -0.115609
-0.03125  -0.0460582
-0.03125  -0.101794
0.3125  -0.0561487
0.125  -0.124279
-0.03125  -0.082007
0.09375  0.0386458
-0.15625  -0.241731
0.0625  -0.0505598
-0.125  -0.100375
0.03125  0.0296356
0.125  -0.0256933
-0.09375  -0.0533965
0.09375  -0.0603547
0.21875  -0.0878655
-0.03125  -0.330833
0.0625  -0.210004
-0.375  -0.275199
0.09375  -0.21222
-0.25  -0.128064
0.0625  0.100478
0.09375  -0.229571
-0.28125  -0.0426391
0.03125  -0.195706
0.25  -0.104475
0  0.00787646
0.1875  -0.269863
0.0625  -0.0711964
0.28125  -0.176512
-0.125  -0.079551
-0.03125  -0.187161
-0.03125  -0.263438
-0.09375  -0.13783
0.15625  -0.199693
-0.03125  0.0110213
-0.0625  0.124735
-0.125  -0.112184
0.125  0.00972015
0.15625  -0.235695
-0.15625  -0.127525
-0.15625  -0.0167297
-0.03125  0.0294923
0.09375  -0.211805
-0.125  -0.148664
0.125  -0.0719641
-0.1875  -0.248619
-0.03125  -0.236459
0  -0.0645072
0.1875  0.0027081
0.03125  0.033208
-0.03125  -0.182005
0.125  0.0901563
0.03125  -0.323861
0.09375  -0.0352402
-0.03125  -0.222548
0.09375  0.0504277
-0.03125  0.221887
-0.0625  -0.341513
-0.1875  -0.134264
0.0625  0.0566549
-0.1875  -0.0755883
0.125  0.0332541
-0.09375  0.037764
-0.1875  -0.119743
0.09375  -0.222885
-0.03125  0.0608221
0.0625  0.0524229
-0.15625  -0.0988728
-0.09375  -0.0839237
-0.0625  0.0135136
-0.25  0.131682
-0.03125  -0.249125
0.125  -0.182527
-0.09375  -0.258036
0.03125  -0.165205
-0.0625  -0.0150942
0.09375  0.149114
-0.21875  -0.120716
0.21875  -0.192432
-0.03125  -0.0857375
-0.1875  -0.0800084
0.0625  0.0335198
-0.3125  -0.186244
-0.25  -0.218619
-0.09375  -0.147487
0.09375  -0.193631
0  -0.0902094
0.21875  0.184503
0.125  -0.0573853
0  -0.174512
0.03125  -0.203963
0.0625  0.0702486
0.125  -0.13267
-0.125  -0.0318827
0.125  -0.137902
-0.25  -0.122833
-0.15625  -0.269741
0.125  0.0159497
-0.03125  -0.115873
0.15625  0.00575517
0.09375  -0.289056
-0.09375  0.0328234
0  -0.0117854
0.25  -0.200835
-0.1875  -0.0746762
-0.28125  -0.258625
-0.25  -0.153945
0.09375  -0.23123
0.1875  -0.219992
0  -0.0710515
0.03125  -0.0174638
0.1875  -0.330027
0.09375  -0.0386086
-0.09375  -0.135212
0.1875  -0.110438
-0.09375  0.117536
0.03125  -0.287125
0.125  0.0387344
-0.15625  -0.24191
-0.125  0.267363
0.125  -0.0377232
0.15625  -0.113398
-0.03125  -0.126972
-0.0625  -0.169057
0.1875  -0.180094
0.03125  -0.0107976
-0.28125  -0.133453
-0.09375  0.172288
0.1875  -0.0500926
0  0.219891
0.0625  -0.291175
0.03125  0.0690606
0.4375  0.0200077
-0.125  -0.178865
-0.0625  -0.0131976
0.09375  -0.193162
0.0625  -0.084639
0.0625  -0.317352
-0.15625  -0.232344
0.15625  0.0588965
0.03125  0.207309
-0.15625  -0.21536
-0.15625  0.0930262
-0.21875  -0.0695143
0.09375  0.0173023
-0.15625  -0.126653
-0.125  -0.279114
0.21875  0.0557146
-0.3125  -0.0851702
0.125  -0.101304
0.03125  -0.212951
-0.21875  -0.211424
0.03125  -0.0351127
-0.03125  -0.209827
0.0625  -0.0434656
0.0625  0.0266082
0.0625  -0.0464408
0  -0.23463
-0.09375  0.0207461
0.0625  0.0629512
-0.0625  -0.262106
0  0.00271762
0.15625  -0.044778
-0.03125  -0.134558
0.0625  -0.0822719
-0.0625  -0.194474
-0.03125  -0.167458
0.09375  -0.0318042
0.09375  -0.00413063
0.0625  0.0174022
0.0625  -0.150428
-0.15625  -0.25204
-0.09375  -0.211543
0.15625  -0.0876209
0.15625  0.0224576
0.03125  -0.0132566
-0.03125  -0.0980697
-0.21875  -0.0690349
0.03125  0.071572
0.0625  -0.0160862
0.03125  -0.1844
-0.125  -0.247208
0  -0.0410916
0.3125  -0.010009
0.1875  -0.214535
0.03125  0.135945
0.125  -0.0801217
0.0625  -0.186485
-0.1875  -0.0424572
0.0625  -0.14353
-0.09375  -0.207947
-0.03125  -0.107554
0.03125  -0.0953424
0.21875  -0.181468
-0.1875  -0.233811
-0.03125  0.0821496
-0.09375  -0.295538
-0.03125  -0.069335
-0.21875  0.0118543
0.0625  0.112345
0.15625  -0.302056
0.21875  -0.297694
-0.15625  -0.142287
0  -0.225921
-0.1875  -0.185266
0.15625  0.0703182
-0.1875  -0.0976169
0.09375  -0.000456027
0.125  -0.120896
-0.1875  -0.0397868
0.03125  -0.0645713
-0.0625  -0.152674
0.03125  -0.129633
-0.21875  -0.101013
0.125  -0.174594
0.125  0.0954399
-0.125  -0.0962702
0.125  -0.100926
-0.15625  -0.250144
0.03125  -0.22356
0  -0.210365
-0.0625  -0.0664525
0.09375  -0.17414
0  -0.157746
-0.03125  0.00560646
0.21875  -0.108615
-0.0625  -0.0614398
0.03125  -0.0983311
0.21875  0.0383642
-0.0625  -0.0711388
0.0625  -0.0538253
0.15625  0.0152113
0.03125  -0.0673368
-0.1875  -0.33271
-0.125  0.0419553
-0.0625  -0.208902
-0.03125  -0.195119
0.0625  0.0918443
-0.21875  -0.165368
0.09375  -0.167526
0.09375  0.0480646
0  0.105308
0.09375  0.0455367
-0.15625  0.110875
-0.03125  -0.0259413
0.09375  -0.0667638
0.15625  -0.137962
0  0.00946951
0.09375  0.0642705
-0.09375  -0.118983
0.25  -0.18654
0.03125  0.0991029
0.0625  -0.181506
-0.0625  0.100094
0.03125  0.0698981
0.03125  0.000770808
0.03125  -0.153806
0.0625  0.073175
-0.21875  -0.278294
-0.03125  0.0640595
-0.03125  -0.0812874
0  0.0749503
0.1875  -0.136565
-0.03125  -0.0470464
-0.03125  -0.0541152
-0.09375  -0.0813488
-0.1875  -0.116223
-0.125  -0.0337578
-0.15625  -0.00628206
-0.15625  -0.10977
0.125  -0.0553456
-0.09375  -0.203338
0.125  -0.0639887
0.09375  -0.0236389
0.15625  -0.0249575
-0.125  0.0695865
0.125  -0.145967
0  -0.391313
0  -0.103631
-0.125  -0.122526
0.0625  -0.167758
-0.03125  0.045391
0.34375  -0.15287
-0.28125  -0.162917
0  0.0743756
-0.125  -0.245088
0.15625  -0.0783537
-0.21875  -0.0683631
0.03125  -0.324838
0.0625  -0.111981
-0.125  -0.0662584
0.28125  0.015657
0  -0.260938
-0.09375  -0.0340201
0  -0.0716407
0.09375  -0.00688162
0.03125  -0.118886
0.1875  -0.110508
0  0.0155707
-0.15625  0.0883493
0.1875  -0.104738
0  -0.0256998
-0.15625  -0.11348
-0.125  -0.0723254
0.21875  -0.0638042
-0.03125  0.054237
-0.03125  0.189733
-0.03125  -0.0483774
0.09375  0.0454935
0.15625  -0.267712
-0.03125  -0.214633
0  -0.215896
0.4375  0.155469
-0.09375  -0.0145241
-0.3125  -0.0281046
-0.03125  -0.0110315
0.03125  -0.0687206
0.09375  -0.0936654
-0.03125  -0.242124
-0.125  0.213757
0.1875  -0.172199
0.0625  -0.160525
0.03125  -0.0186822
-0.1875  -0.119417
0.15625  -0.0975215
0.21875  -0.282869
-0.03125  0.183646
-0.0625  -0.0663428
-0.15625  -0.0139292
-0.09375  0.0698315
0.0625  -0.175405
-0.03125  -0.0417474
0.09375  -0.015823
0.09375  -0.17416
-0.03125  -0.186876
-0.25  -0.156404
0.03125  0.022972
-0.0625  0.0673804
-0.09375  0.0334824
-0.0625  -0.276041
0.15625  0.249009
0.0625  -0.0634252
0.03125  -0.0793918
0.15625  -0.106317
0.21875  -0.198837
0.1875  -0.269354
-0.03125  -0.295113
-0.34375  0.17685
-0.25  -0.156526
0.0625  0.181073
0.0625  0.0387755
-0.15625  -0.283472
-0.09375  0.0566131
0.03125  -0.274885
-0.125  0.0417816
0.0625  0.0162729
0  0.110606
0.21875  0.0190407
0.03125  -0.0359477
-0.09375  -0.310946
0  -0.0275047
-0.09375  0.0666246
0  0.104438
-0.28125  -0.0587565
0.09375  0.229782
0.0625  -0.195669
-0.15625  -0.244096
0  0.0717825
0.15625  -0.166436
0.0625  -0.0762046
0  0.0714805
0.0625  0.134276
0.0625  -0.043035
0.0625  -0.0580438
-0.0625  -0.181246
0.0625  0.0401855
0.15625  0.12351
0.1875  -0.0716701
-0.0625  -0.0841959
0.125  -0.0631998
0.0625  0.0126295
0.03125  -0.160894
-0.125  -0.0574917
0.03125  -0.122377
-0.25  -0.131322
0  0.167914
-0.03125  -0.0276367
0.0625  0.14583
0  -0.180667
0.09375  -0.0482453
-0.09375  0.0637289
-0.28125  -0.0990544
0.1875  -0.0297374
-0.125  0.0667678
0  0.0270865
-0.25  -0.302806
0.09375  -0.00260983
-0.25  -0.0702816
-0.15625  -0.168796
0  -0.159769
-0.09375  -0.159627
-0.03125  -0.0405679
0  -0.149282
0  0.113625
0.1875  0.152004
0.03125  -0.190801
-0.03125  -0.0895872
0  0.0800828
-0.25  -0.0875585
-0.03125  -0.224869
-0.03125  -0.100047
0.125  -0.023294
-0.15625  0.0892276
-0.1875  -0.0216668
-0.15625  -0.112918
-0.21875  -0.10258
0.25  -0.231585
0.03125  -0.1382
0.0625  -0.0574843
-0.09375  -0.226187
-0.09375  0.073242
-0.0625  -0.0136272
0.0625  -0.112036
0.125  -0.173203
-0.1875  -0.00694625
0  0.020528
0.03125  -0.167653
0.15625  0.213243
-0.125  -0.0141709
0.03125  0.026095
0.09375  -0.117147
0  -0.168469
0.15625  -0.194739
-0.125  0.0217701
-0.21875  -0.157783
-0.03125  0.0626085
-0.09375  -0.11514
0.1875  0.0138324
0  -0.0628672
-0.125  0.189545
-0.25  -0.438124
-0.21875  -0.218904
-0.09375  -0.0262511
0.03125  -0.103653
-0.09375  -0.026104
0.09375  -0.244335
-0.09375  -0.145608
0.09375  -0.0401903
0.0625  -0.141685
-0.09375  -0.0800012
0.0625  0.122812
-0.1875  -0.173875
0.125  0.019004
-0.125  -0.0941391
-0.21875  -0.119612
-0.0625  -0.260792
-0.15625  -0.314923
-0.0625  -0.205748
0  -0.165256
0.0625  -0.308518
0.03125  -0.150919
-0.125  -0.134602
0  -0.145172
0.15625  -0.432569
0.0625  -0.0637534
-0.1875  0.089456
0.09375  -0.0951637
-0.03125  0.0377818
0.03125  -0.0343199
0.03125  -0.158025
0.0625  -0.117586
-0.1875  -0.260419
0.0625  -0.17672
-0.15625  -0.085754
-0.09375  -0.073701
-0.21875  0.136273
-0.03125  0.112431
0.09375  -0.120642
-0.125  0.0493762
-0.09375  0.0405509
0.125  0.171859
0.125  -0.0364316
0.15625  0.0493557
0.21875  -0.281763
0  -0.0937809
0.0625  -0.109723
-0.21875  -0.237466
-0.0625  -0.246727
0.125  -0.163995
-0.09375  0.038326
0  -0.116593
0.0625  -0.142067
-0.0625  -0.210832
0.125  -0.150912
0  0.0371986
0.0625  -0.0449187
0.28125  -0.279019
-0.15625  -0.043994
0.03125  -0.070272
0.0625  -0.186346
-0.09375  -0.0938308
0.09375  0.0740511
-0.03125  -0.0577129
0.03125  -0.00323379
0.03125  -0.141159
-0.125  -0.0255348
0.09375  -0.265306
-0.21875  -0.00989778
-0.1875  -0.03972
-0.03125  -0.093691
0.125  -0.0396539
0  -0.254126
0.125  -0.179978
-0.0625  0.0100908
0  -0.103902
-0.0625  0.0991562
-0.09375  -0.128931
0.0625  -0.168035
-0.28125  -0.261996
0.09375  -0.0343237
0.15625  -0.0314457
0  -0.148126
0.0625  -0.0679762
0.0625  0.0505573
-0.03125  0.0779835
-0.1875  -0.122287
0.09375  -0.0416457
0.125  0.0177408
0.0625  -0.19468
-0.21875  0.05541
-0.0625  0.0555065
0  0.123387
-0.21875  -0.0657337
-0.0625  -0.286376
-0.09375  -0.0634133
0.03125  -0.190587
0.09375  -0.0517971
0.1875  -0.276483
-0.0625  0.0981819
0.0625  -0.0178793
0  -0.0779319
0.0625  -0.356846
0.15625  -0.112367
0.03125  0.0580198
-0.03125  -0.0213078
0.09375  -0.199772
-0.125  -0.39046
-0.15625  -0.174364
0.0625  0.148793
-0.09375  0.00865175
-0.03125  -0.268483
-0.09375  -0.101665
-0.03125  -0.0667848
0.03125  -0.19425
-0.15625  0.113613
0.3125  -0.114921
0  0.0536225
-0.1875  -0.187545
0.09375  -0.204086
0.125  -0.214715
0.125  -0.335768
-0.09375  0.0588448
-0.0625  0.153872
0.0625  -0.208211
0  -0.183445
-0.03125  -0.171339
-0.09375  0.162576
-0.03125  -0.197583
0.0625  0.01713
-0.0625  -0.345704
0.15625  -0.314874
0.15625  -0.048727
-0.09375  -0.135117
-0.21875  0.00119672
-0.03125  -0.0268777
0.0625  0.101523
-0.03125  -0.226311
0.03125  -0.110105
0  -0.156078
0.1875  -0.133958
-0.15625  0.0345597
-0.03125  -0.358548
0.21875  -0.108675
0.09375  -0.0838443
-0.25  -0.0500775
0  -0.0165806
-0.1875  -0.0980541
0.0625  -0.233565
0.15625  -0.164351
0.03125  -0.190056
-0.0625  -0.172679
0.21875  -0.0758184
-0.0625  -0.0665914
0.03125  -0.0624558
0.09375  -0.144654
-0.1875  -0.245638
-0.15625  -0.0438356
0  -0.372018
-0.03125  0.0397829
-0.03125  -0.0742102
0.09375  -0.116115
0.15625  0.00176308
-0.1875  0.00310899
-0.1875  -0.267775
0.0625  0.208032
-0.25  -0.0416552
0.15625  -0.0474062
0.125  0.0811392
-0.09375  0.00770061
-0.15625  0.0906461
0.0625  -0.287221
0.15625  -0.149309
-0.125  -0.0416278
0  -0.108157
0.0625  0.00321279
-0.03125  0.0347478
-0.0625  0.0970811
-0.09375  -0.0212634
-0.15625  0.0200646
-0.09375  0.133667
0.125  -0.202366
-0.03125  -0.102771
-0.09375  0.03789
0  -0.160994
0  0.0380288
-0.125  -0.0305362
-0.0625  -0.0831261
0.375  -0.121581
-0.09375  -0.179305
0.21875  0.0537552
0.25  0.188977
0.09375  -0.0458705
-0.15625  0.0813943
0.21875  -0.380191
-0.0625  0.0394486
0.15625  -0.0885456
0.125  -0.217737
-0.03125  -0.281853
-0.09375  -0.250222
-0.0625  -0.12472
0.21875  -0.0431741
0.03125  0.00557508
0  -0.255673
-0.09375  -0.0370101
0.15625  -0.0749936
0.0625  -0.0229308
-0.09375  -0.295619
0.09375  -0.327126
0.09375  -0.0864845
-0.03125  -0.29287
-0.125  0.0338797
-0.0625  -0.195593
0.125  -0.206708
-0.21875  -0.172183
-0.09375  -0.0450841
0.09375  -0.188582
0.09375  -0.0268837
0.0625  -0.0283055
-0.09375  -0.159286
0.09375  -0.104481
0.125  -0.0459546
-0.09375  -0.0135297
-0.03125  -0.0681619
0.09375  0.128787
0.1875  -0.0834901
0.0625  -0.00838731
0  -0.171732
0.0625  -0.148802
0.1875  -0.0175786
0.03125  -0.195895
-0.03125  0.0257448
0.09375  -0.108679
-0.09375  -0.276574
0.03125  -0.234039
0.03125  0.02683
0.09375  -0.0662386
-0.09375  -0.0601785
0  -0.145076
0  -0.290448
-0.125  -0.0100234
0.0625  -0.074426
0  -0.0306708
0.03125  -0.226239
-0.09375  -0.143774
-0.0625  -0.288814
0.0625  0.0922958
0.1875  -0.100304
-0.0625  0.000497213
-0.03125  0.169102
-0.25  0.0573557
0.28125  -0.101816
-0.0625  0.00156153
0.03125  -0.165696
-0.03125  -0.0657905
-0.09375  -0.283071
0  -0.00614219
-0.28125  -0.0315279
0  0.00362355
-0.1875  0.0228983
0.03125  -0.161293
0  -0.228333
-0.03125  0.0187105
-0.03125  0.072105
-0.0625  -0.0336167
-0.125  -0.164434
-0.15625  -0.206623
0.03125  -0.0819786
-0.0625  -0.143438
0.125  -0.104421
0  0.090267
-0.1875  -0.174882
0.15625  0.111304
-0.03125  -0.0535583
-0.09375  -0.214542
0.25  -0.361167
0.15625  -0.260277
-0.09375  -0.0110113
0  -0.00105618
0.15625  -0.228038
-0.21875  -0.200867
0.09375  -0.152563
-0.03125  -0.0634818
0.03125  -0.0881654
0  -0.0882889
-0.03125  -0.134296
0.0625  -0.0797137
0.09375  0.0825072
0.03125  -0.18423
0.03125  -0.152318
0.25  -0.0658748
-0.1875  -0.180526
-0.03125  -0.149198
0.15625  0.105534
-0.15625  -0.0549733
-0.03125  -0.164848
-0.03125  -0.168073
0.03125  -0.00194484
-0.03125  -0.253529
-0.125  -0.162827
0.03125  -0.19058
-0.09375  -0.238571
0  -0.166859
-0.09375  -0.0317421
-0.25  0.0185407
0.03125  0.00106747
0.0625  -0.155691
0.3125  -0.308041
-0.03125  -0.034065
0.03125  -0.0468119
-0.125  -0.233837
-0.09375  0.167801
-0.25  -0.121403
-0.09375  -0.0942122
-0.125  0.159869
-0.09375  -0.0757455
0  -0.037871
0.21875  -0.17225
-0.09375  0.135933
-0.15625  -0.0276553
0.03125  0.0176053
-0.3125  -0.16937
-0.0625  -0.153463
0  -0.093071
0.09375  -0.0853453
0  0.0362617
0.21875  -0.0186876
0.0625  -0.105869
0.125  -0.198528
0  0.0562789
0.21875  0.0210642
-0.03125  0.0116352
0.125  -0.235414
-0.125  -0.00227274
-0.28125  -0.146449
0  -0.0823222
-0.28125  -0.023638
0.0625  -0.0217145
-0.03125  0.0194527
0.125  -0.235141
0.03125  -0.178094
0.125  0.0856063
-0.03125  0.0511874
0.03125  -0.000418119
0.0625  -0.243923
-0.03125  0.00288506
-0.15625  0.122606
-0.125  -0.0692539
-0.1875  -0.0965575
-0.1875  0.00148325
0.0625  -0.0113131
0.0625  -0.225987
-0.21875  -0.00901483
-0.0625  -0.000757864
-0.15625  0.195542
0.09375  0.0125067
0.09375  -0.216606
-0.0625  0.0541524
-0.09375  -0.094255
0  0.245734
0.15625  0.021827
0.09375  0.0533895
-0.03125  -0.0592846
-0.1875  -0.0852526
-0.03125  -0.130978
0.125  -0.00626421
-0.09375  -0.175115
0  0.0311966
-0.1875  -0.109866
0.09375  -0.0165843
-0.09375  0.0788391
0.15625  -0.060101
0.15625  -0.177807
-0.125  -0.157932
0.03125  -0.0186213
0.03125  -0.0710823
0.15625  -0.0386818
0.0625  -0.170778
0.09375  0.076189
0  -0.233729
0.1875  -0.0513254
0.125  -0.248243
-0.25  -0.179973
-0.03125  -0.244939
0.0625  -0.165261
-0.1875  -0.0340103
0.15625  -0.0834854
0.21875  -0.268021
-0.125  -0.0963888
-0.125  -0.288769
-0.15625  -0.0920277
0.21875  -0.137307
0.03125  -0.10529
-0.125  -0.0279744
0.15625  0.27532
0.15625  -0.187348
-0.03125  0.233228
0.15625  0.0091649
0.0625  -0.154107
0.0625  -0.127423
-0.0625  -0.273407
-0.125  -0.179545
-0.0625  -0.2621
-0.03125  -0.0860632
0.15625  -0.134603
-0.0625  -0.134403
0.1875  0.0414062
-0.0625  -0.0986041
0.03125  -0.0475985
0.1875  -0.175543
0.1875  0.00184072
-0.21875  -0.070766
0.09375  0.269815
-0.1875  0.0655296
-0.125  0.094786
-0.28125  -0.0834889
0  -0.0723986
0.1875  -0.0891019
-0.25  -0.109888
0.125  -0.109879
0.03125  -0.212467
-0.0625  -0.124005
0.03125  0.0241985
-0.0625  -0.0860018
0.0625  -0.0884222
0.125  -0.0289049
-0.125  -0.158091
-0.09375  -0.136062
-0.09375  -0.246782
-0.09375  -0.155834
-0.15625  -0.237826
-0.03125  -0.0171919
0.0625  -0.116592
0.09375  0.0995052
0.0625  -0.177874
-0.0625  -0.120486
-0.0625  -0.0230183
0.21875  0.0724541
-0.0625  -0.0290414
-0.125  -0.269985
0.125  0.120755
0.0625  -0.181353
-0.03125  -0.127038
-0.03125  0.183403
-0.03125  -0.0682002
-0.03125  -0.169282
-0.125  -0.14534
-0.03125  0.204584
-0.09375  0.0694341
0.03125  0.100449
0.03125  -0.0803134
-0.09375  -0.123243
0.0625  0.083078
0  0.103918
-0.0625  -0.163775
0.0625  -0.0343837
0.28125  -0.20613
0.21875  -0.170419
0.09375  -0.100674
-0.1875  -0.204495
0.0625  -0.0451309
0.03125  -0.129166
0.21875  -0.159899
0.1875  -0.152729
-0.0625  -0.0555769
0.0625  -0.0287024
0  -0.284667
-0.125  0.0168912
-0.09375  -0.203592
0.09375  0.0487785
0.1875  0.00899087
0.0625  0.112159
0  0.0348664
-0.09375  -0.204869
-0.0625  -0.0623951
0.03125  -0.209074
-0.0625  -0.0737453
0.09375  -0.187321
0  -0.218281
-0.03125  -0.159422
-0.125  0.126374
0.125  -0.0827707
0.03125  -0.20689
0.03125  -0.092131
-0.09375  -0.307274
-0.21875  -0.0797963
0.03125  -0.14199
0.125  0.0755157
-0.09375  -0.158801
-0.0625  -0.0492943
-0.15625  -0.332187
-0.1875  -0.345317
-0.03125  0.0961311
-0.28125  0.00264777
-0.25  -0.252001
0  -0.0649081
-0.0625  0.035914
0  0.0334877
-0.09375  -0.267972
0.03125  -0.288207
-0.09375  -0.189957
0.0625  -0.0519432
0  -0.00883357
-0.125  -0.133386
-0.0625  -0.352538
0.03125  -0.136749
-0.34375  0.0649307
0.03125  -0.0652333
0.0625  -0.24744
0.0625  -0.11787
0  0.0210103
0.3125  -0.0564031
0.03125  -0.183832
-0.1875  0.0347949
0  -0.148265
-0.03125  -0.17289
-0.15625  0.0108192
-0.34375  -0.206909
0  -0.210177
0.0625  -0.146627
0.125  -0.282488
-0.0625  -0.119369
0.125  0.0306477
-0.09375  -0.209714
0  -0.117251
0.0625  -0.296546
0  -0.155877
0.0625  -0.114302
0  -0.156058
-0.03125  -0.025808
-0.0625  0.0300934
-0.0625  -0.0829106
-0.15625  -0.105575
-0.09375  -0.19903
0.15625  -0.105574
0.0625  -0.0550022
0  -0.0964374
0.1875  -0.0615259
-0.0625  -0.21279
0.09375  0.118032
0.3125  -0.237802
0  0.13035
0.0625  -0.0299646
0.3125  -0.0277009
-0.1875  -0.185924
0.0625  -0.266715
-0.03125  0.0646476
0.0625  -0.152676
0.15625  -0.0929674
0.125  0.148402
-0.1875  -0.307043
0.03125  -0.170679
0.09375  -0.110976
0.03125  -0.267342
0.03125  0.148056
-0.03125  -0.175599
-0.0625  -0.355063
0  -0.0411634
-0.125  0.103858
0.21875  0.072932
-0.0625  -0.22358
0  0.0169471
-0.03125  -0.158275
-0.21875  -0.0628527
0.03125  -0.17323
0.09375  -0.257832
-0.09375  -0.00969846
-0.0625  -0.058012
0.09375  -0.183639
-0.15625  -0.132904
-0.40625  -0.248726
-0.03125  -0.102405
0.15625  0.0799102
0.15625  -0.0249336
0.09375  0.0146672
0.09375  -0.149665
-0.0625  -0.0377089
-0.0625  -0.0563307
0.25  -0.0617821
0.0625  -0.201231
0.1875  -0.180582
-0.25  0.0420268
0  0.0890297
-0.15625  -0.157172
-0.09375  0.0713874
-0.1875  0.0378312
0.15625  -0.221636
0.03125  -0.027876
0  0.143138
-0.21875  -0.351397
-0.25  -0.114998
0.0625  0.024946
0  -0.222206
-0.09375  0.0844586
0.09375  0.0402952
-0.03125  -0.259597
-0.03125  -0.108403
0.1875  -0.195711
-0.21875  0.00440789
0.03125  -0.103376
0.03125  -0.0459333
-0.03125  -0.0964426
0.125  -0.119769
0  -0.412024
0.28125  0.0148052
-0.0625  -0.0707436
0.0625  0.0171675
0.09375  -0.10061
0.03125  0.16171
0.03125  -0.209924
0.0625  0.026771
-0.03125  -0.0678236
-0.21875  -0.0584027
-0.125  0.0817598
0  0.0269683
0.09375  -0.25637
-0.03125  0.140535
-0.03125  -0.113976
-0.21875  -0.14016
0.0625  -0.24852
0.1875  -0.237876
0.0625  -0.049257
0.125  -0.277576
0  -0.183346
0.0625  -0.00579845
-0.125  -0.00369414
-0.125  -0.0242815
0.25  -0.00612231
0.09375  0.154538
-0.28125  -0.158453
0.0625  -0.309155
0  -0.174193
-0.09375  -0.157602
-0.125  -0.229206
0.15625  0.00071831
-0.03125  -0.132972
0.15625  0.162817
0.0625  -0.0582453
0.125  -0.200413
-0.0625  -0.00454407
0.15625  -0.081162
-0.21875  -0.222331
0.0625  -0.142214
-0.3125  -0.00650425
-0.1875  0.0877066
0.03125  -0.0831093
0.125  0.0365441
0.03125  0.138545
-0.03125  0.0524948
0.09375  -0.0933752
0.09375  -0.109725
-0.0625  -0.231704
0.03125  0.0340817
0.0625  -0.0656761
0.0625  -0.03168
0.03125  -0.0182979
-0.15625  -0.165479
0  -0.169827
0.09375  -0.295834
0  -0.0324437
0.03125  -0.0140758
0.125  -0.117932
-0.25  -0.0734431
-0.0625  -0.107993
-0.15625  -0.00220835
0.0625  -0.222683
0.09375  -0.11276
-0.0625  0.0883825
0.03125  0.0115027
0.125  -0.0663512
0.03125  -0.156402
0.1875  -0.224924
0  0.127231
0.09375  -0.0546797
0.1875  -0.124854
0.21875  0.0215712
-0.03125  -0.00449959
0  -0.0531148
-0.03125  -0.150822
0.09375  -0.197004
-0.34375  -0.0774902
0.09375  -0.0664729
-0.21875  0.0311361
0.03125  -0.0753636
0.1875  0.112045
0.03125  0.0280618
-0.21875  0.0351239
0.125  -0.127819
0.1875  -0.0217949
0.09375  -0.0961325
0.1875  -0.109552
0  -0.0729882
0.125  -0.179915
-0.03125  -0.188657
0.0625  0.0403989
0.0625  -0.0939471
0.0625  -0.243888
0.09375  0.00889748
0.21875  -0.323478
0.125  -0.0174634
-0.03125  0.0859759
-0.03125  0.160656
0.0625  -0.0595097
-0.09375  0.028589
0.1875  -0.128981
-0.125  -0.0947698
0.0625  0.148392
0.1875  -0.0311959
0.15625  -0.0670255
-0.0625  0.0540377
-0.125  -0.0959479
0.1875  -0.118791
-0.1875  -0.163617
0.03125  0.109824
0.1875  -0.171892
-0.3125  -0.0542792
-0.125  -0.0815739
-0.1875  -0.0931301
-0.125  -0.217112
-0.03125  -0.138229
-0.03125  -0.0256144
0  -0.208874
-0.09375  -0.0668301
0.21875  -0.218893
0.03125  0.0675896
0.0625  -0.180876
-0.03125  -0.0156189
0.21875  -0.107336
0.09375  -0.0979649
0.09375  -0.0992647
0.09375  -0.208474
-0.0625  -0.211964
0.125  0.117271
0.0625  0.022958
0.0625  -0.0650677
0.0625  -0.224545
-0.125  -0.148022
-0.09375  -0.0567597
0.15625  -0.0540099
-0.15625  -0.10858
-0.1875  -0.161578
0.125  0.0216171
0.0625  -0.197626
0  -0.127533
0.15625  -0.0618321
0.09375  -0.187115
0.03125  0.0211152
0.0625  -0.082687
-0.09375  -0.202224
-0.125  -0.182687
0.125  -0.0122201
0.0625  -0.141636
0.0625  -0.169358
0.09375  0.0367842
-0.21875  -0.134586
-0.25  -0.138666
-0.0625  -0.017465
0.40625  0.176464
0.03125  -0.254096
-0.0625  -0.0436738
0.09375  0.0684387
0.0625  -0.248033
0.125  -0.0667618
0.15625  0.000811132
0.15625  -0.071742
0.15625  -0.0478101
-0.0625  0.0111772
0.0625  0.141869
-0.15625  -0.0404856
-0.28125  0.000423651
-0.125  -0.0354643
0  -0.0473851
0.03125  -0.0593796
-0.09375  0.00273744
-0.25  -0.0766358
0.0625  -0.0546358
-0.03125  -0.193004
-0.03125  -0.0605514
0.03125  0.0708531
-0.09375  0.0170187
-0.15625  -0.411575
0.0625  -0.0398998
0.03125  0.139404
0.03125  -0.0557485
0.0625  -0.112322
0.15625  -0.0721107
-0.1875  -0.230583
0.125  -0.22468
0.03125  0.0240783
0.0625  -0.112017
0.03125  -0.0689688
-0.25  -0.076587
-0.3125  0.0207028
-0.09375  0.0608162
-0.0625  -0.0327351
0.1875  -0.0838339
0.09375  -0.00366571
-0.125  -0.200405
0  -0.189139
0.125  -0.373174
0.15625  0.0479594
0.0625  -0.227279
-0.1875  -0.26252
0  -0.396085
-0.0625  0.0629247
-0.0625  -0.329711
-0.125  -0.0278505
0.125  -0.232389
0  0.00878081
0.125  -0.00781577
0.15625  -0.0180423
-0.09375  -0.0693551
-0.03125  -0.30123
0.03125  -0.0871015
-0.15625  0.0300645
-0.03125  -0.213354
0.125  -0.323763
-0.25  -0.205472
0.1875  -0.11802
-0.375  -0.106553
-0.0625  -0.0944248
0.21875  -0.214781
0.21875  -0.0990819
0  -0.121398
0  -0.0539314
0  -0.0957761
-0.1875  -0.206164
0.03125  -0.0702721
0.03125  -0.146744
0  0.0793131
0  -0.196156
-0.21875  0.06403
-0.15625  0.00607661
0.03125  -0.256153
-0.0625  0.0416482
0.09375  -0.115751
-0.28125  0.0590209
0.03125  -0.00417772
0.125  0.121916
-0.1875  0.114361
-0.09375  -0.0674454
0  -0.0936276
-0.09375  -0.0603492
0.09375  -0.103756
0.21875  -0.121907
-0.125  -0.0731126
-0.03125  -0.0496177
-0.28125  -0.130459
0.03125  -0.0033213
0.03125  -0.376305
0.125  0.0245753
0.0625  0.247757
-0.1875  -0.00845051
0.21875  -0.265583
-0.0625  -0.00813655
0.03125  -0.112365
-0.03125  -0.12827
0.09375  -0.0628296
-0.03125  -0.123791
0.28125  -0.253606
-0.0625  -0.100207
0.21875  -0.0508689
0  -0.12329
0.1875  0.0533661
0.125  -0.127433
0.125  -0.128963
0.03125  -0.0754628
0.15625  -0.195287
0.125  -0.0354897
0.03125  -0.202207
0.03125  -0.120341
0  -0.126449
0.03125  -0.104335
-0.0625  -0.151567
-0.125  -0.146472
0  -0.119435
-0.125  0.0201134
0.125  -0.208134
-0.15625  -0.151537
0.1875  -0.134644
0.0625  -0.0441174
0.125  -0.035069
-0.0625  -0.0473756
0.25  -0.344347
0.28125  -0.0179851
0.09375  -0.185954
-0.125  -0.118698
-0.34375  -0.220476
0.03125  -0.20429
0.09375  -0.00911269
-0.0625  -0.198798
0.0625  -0.134438
-0.03125  -0.0799108
-0.25  0.0279233
-0.09375  -0.0672927
-0.28125  -0.19754
0.03125  -0.133517
-0.125  -0.30069
-0.1875  -0.28685
0.15625  -0.220783
0.09375  -0.00585913
0.125  0.0178817
0.125  0.0115778
-0.03125  -0.07274
-0.21875  -0.15319
0.125  -0.00704577
-0.21875  0.132787
0.03125  0.00305289
-0.1875  -0.0330991
-0.25  0.0433732
-0.125  0.177395
-0.15625  -0.0616301
-0.15625  0.0761662
-0.0625  0.061344
0.15625  0.0178468
0.1875  0.0930566
0.03125  -0.0773211
0.0625  -0.0916738
-0.1875  0.169912
-0.15625  -0.179444
-0.34375  -0.172079
0  0.0580573
0.09375  0.0105454
0.03125  0.0284928
-0.1875  -0.0667622
0.09375  -0.00510144
0.15625  0.131271
-0.09375  -0.0916038
-0.0625  -0.124315
-0.1875  -0.167724
-0.09375  0.152812
-0.125  -0.226175
0.0625  0.0275741
0.09375  -0.145418
0.03125  -0.10121
-0.03125  -0.0295536
0  0.0995994
-0.03125  -0.0811738
0.15625  -0.00179121
0.0625  -0.113642
-0.03125  -0.0403239
0.0625  -0.103623
-0.1875  -0.0352886
0.03125  -0.121762
-0.09375  -0.0829698
-0.28125  -0.0587
0.0625  -0.0673225
-0.03125  -0.217175
0  -0.142348
0.03125  0.0657109
0.03125  0.0259045
-0.125  -0.296703
0.125  -0.132091
-0.0625  0.0175865
0.03125  -0.252861
-0.15625  -0.0872305
0.03125  -0.222238
0.0625  0.00410098
0.125  0.179442
0.125  -0.0833863
0  -0.261531
0.03125  0.0889767
0.03125  -0.0255127
-0.03125  -0.131418
-0.15625  -0.148913
-0.09375  0.208547
0.125  -0.369453
0.09375  -0.269013
0.03125  0.0081079
0.03125  0.0511076
0.09375  0.0356195
0.09375  -0.165055
-0.15625  -0.252292
-0.125  -0.0397984
-0.03125  -0.0702362
0  -0.0740417
-0.03125  0.179944
0.0625  -0.0445889
0.09375  -0.203175
-0.1875  -0.110082
0.3125  -0.104481
0.125  -0.108755
0.15625  -0.0219792
0.0625  0.0550189
-0.0625  -0.316898
0.09375  -0.181723
0.0625  -0.336471
-0.0625  -0.344162
0.25  0.0887943
0.09375  0.0166518
-0.09375  -0.0884798
0.0625  -0.211768
-0.0625  -0.254606
0.03125  -0.159179
-0.0625  0.0167051
-0.09375  -0.165663
-0.09375  0.277053
-0.1875  -0.110585
0.125  -0.0480947
-0.15625  0.164123
0.09375  -0.0884078
0.03125  -0.116893
0.0625  -0.186646
-0.15625  -0.136791
-0.09375  -0.117
-0.125  -0.146687
-0.15625  -0.128963
-0.03125  -0.152413
-0.03125  -0.138752
-0.15625  0.00924063
-0.03125  -0.320496
0  -0.0863957
-0.21875  0.0686722
0.125  -0.0780777
-0.15625  0.0244144
0.03125  0.0645965
0.03125  -0.101484
0.0625  -0.282961
-0.125  0.0858416
0.03125  0.0965006
0.09375  0.017736
-0.03125  -0.0219974
-0.15625  -0.191189
-0.03125  -0.0911967
-0.03125  -0.0425337
-0.03125  -0.0617553
0.03125  -0.0884149
0.15625  0.0505886
-0.09375  0.0228608
0  -0.073834
0.21875  -0.283003
0  -0.0302845
0.09375  -0.0310817
0.15625  0.0167961
0.09375  -0.15245
0  0.0196588
0.09375  0.250524
-0.03125  -0.0163776
0.0625  -0.0685983
-0.1875  -0.187915
0.03125  -0.248358
-0.0625  0.0452453
0.09375  -0.111737
-0.03125  0.0263524
0.125  0.0328797
0.09375  -0.120084
0.15625  -0.230715
-0.0625  -0.28516
0.09375  -0.0387937
-0.15625  -0.0613039
0.03125  -0.216947
0.21875  -0.0953084
-0.3125  -0.12288
-0.21875  0.0208486
-0.15625  -0.177201
-0.0625  -0.0533007
0.125  -0.301532
0  -0.0825808
-0.25  -0.19891
0.03125  -0.0661298
0  0.0818147
-0.0625  -0.224512
0.0625  -0.0891647
-0.125  0.0506539
-0.15625  0.0193362
0.03125  -0.21112
-0.03125  -0.0505296
0.03125  -0.116767
-0.09375  0.0811487
-0.09375  0.0715
0  -0.0504043
0.09375  0.0891039
0.03125  -0.142695
0.09375  0.0784575
0  -0.204152
0.21875  -0.26903
-0.125  -0.0792605
-0.09375  0.0224879
0.125  -0.0694902
-0.125  0.0426844
0.0625  -0.180044
-0.15625  -0.206383
-0.09375  0.0404185
-0.03125  -0.0405058
0.125  -0.0435074
-0.09375  -0.0373064
-0.09375  -0.00601873
0.0625  0.0247505
-0.0625  0.10285
0.125  -0.0934248
0.03125  -0.356723
-0.3125  -0.0544159
0.1875  -0.110985
0.0625  -0.0862029
-0.03125  -0.0995618
-0.0625  -0.139996
-0.09375  0.0536806
0.125  -0.065069
0.21875  -0.106196
0.0625  -0.00354505
-0.0625  -2.23972e-05
-0.15625  -0.155075
0.09375  -0.116438
-0.28125  -0.110569
0.03125  -0.0423718
0.03125  -0.136726
0.15625  0.0844475
-0.09375  -0.0892126
-0.03125  -0.062129
0  0.053773
-0.0625  -0.255758
0.09375  -0.057262
0.125  0.129226
0.0625  -0.0269426
-0.15625  -0.264643
0.09375  -0.00377878
-0.09375  0.167093
0.1875  -0.0619749
0.03125  -0.0893193
0.0625  -0.0610538
-0.15625  0.114221
0.125  -0.0741359
-0.03125  -0.217095
-0.0625  -0.066118
0.125  -0.0614528
0.125  0.0201633
0.0625  -0.110705
0.03125  0.283297
0.15625  -0.0228703
0.0625  -0.0908275
-0.1875  -0.161084
0.09375  -0.0854815
-0.09375  0.0606288
0.15625  -0.0499029
0.09375  0.00958229
0.03125  -0.216656
0.125  -0.129708
0.15625  0.0319265
0  -0.380211
0.0625  -0.277349
0.09375  -0.143509
0.25  0.0105812
-0.09375  -0.258876
0.15625  -0.127228
-0.09375  -0.103657
0.09375  0.00756618
-0.0625  0.0301876
-0.03125  -0.0509572
-0.15625  -0.20857
0.09375  -0.0220347
-0.125  -0.116999
0.09375  -0.125028
0  0.0373831
0.03125  -0.193808
0.125  -0.191445
-0.1875  -0.00929071
0.28125  -0.149257
-0.1875  -0.1537
0.0625  -0.149598
0.1875  -0.207339
0  0.0721115
-0.0625  -0.142292
-0.03125  0.130962
-0.15625  -0.161101
0  -0.0296965
0.03125  -0.0612301
-0.09375  -0.114449
0  0.190586
-0.0625  -0.3328
0  -0.0888958
0.3125  -0.217551
-0.15625  -0.254883
-0.25  0.0427464
0.03125  -0.189265
0.15625  0.0580439
-0.21875  -0.10651
-0.21875  -0.174752
0.03125  -0.0495673
0.03125  -0.137774
-0.03125  -0.232709
0  -0.303241
-0.15625  -0.221523
0  0.0752213
-0.1875  -0.203133
0.03125  0.0426783
0.09375  -0.0354877
-0.09375  -0.122162
0.0625  0.102073
-0.3125  -0.310372
0.21875  -0.246964
0.1875  -0.00426442
0.0625  -0.313241
-0.15625  -0.0903417
-0.03125  -0.102838
-0.09375  -0.196165
-0.03125  -0.138765
0  0.0870348
-0.15625  -0.0375642
-0.21875  0.0385237
0.15625  -0.0616559
-0.125  -0.138164
-0.15625  -0.190621
0.03125  -0.300573
0.40625  0.0689546
-0.25  -0.260766
0.15625  -0.0619012
-0.25  -0.24365
0.15625  -0.0663971
-0.125  -0.198435
-0.0625  -0.244364
0.0625  -0.101748
-0.03125  0.00505016
-0.0625  -0.172993
-0.09375  -0.251057
-0.125  -0.114832
-0.15625  -0.0266172
0.125  0.0412174
0.09375  -0.119928
-0.09375  -0.0102955
-0.1875  -0.23397
0.09375  -0.189826
-0.15625  0.00404227
0.15625  0.11407
0.03125  -0.0528951
-0.0625  0.00576489
-0.125  -0.257738
-0.21875  -0.311251
0.09375  -0.0700308
0.03125  0.166943
0  0.0594338
0  -0.0343639
-0.0625  -0.104084
0.125  -0.0469169
-0.0625  -0.288077
0.125  -0.153868
-0.03125  -0.157691
0.15625  -0.0242864
-0.125  0.105987
-0.03125  -0.136886
0.03125  -0.380471
0.125  0.0601285
0  -0.0146337
-0.0625  0.0278219
-0.125  -0.113738
0.1875  0.028756
-0.21875  -0.424059
0  -0.117216
-0.09375  -0.0168956
-0.0625  -0.192091
0.15625  0.0278078
0.09375  -0.0401887
-0.0625  -0.108159
-0.0625  -0.0577475
-0.0625  -0.273121
0  -0.219707
0  -0.126261
0.1875  -0.00596137
-0.03125  -0.0831357
0.125  -0.00136778
0.0625  -0.0685206
-0.0625  -0.135329
-0.15625  -0.0379806
-0.03125  -0.340401
-0.125  -0.0645904
0.125  0.156043
0  0.2443
0.21875  -0.127287
0.1875  -0.324931
0.0625  -0.174448
0  0.0030441
-0.03125  -0.212522
-0.34375  0.0313233
0.03125  -0.336264
-0.0625  -0.161673
0.03125  0.0221912
-0.125  -0.165048
-0.09375  -0.0882049
0  0.147307
0  -0.158852
-0.03125  0.362551
-0.15625  0.1587
-0.03125  -0.169453
0.25  -0.164446
-0.0625  -0.0127158
0  -0.0546555
-0.03125  0.105967
-0.03125  -0.106171
-0.125  0.0517727
-0.0625  -0.0462158
-0.09375  -0.175369
0.1875  -0.234163
0.03125  -0.215466
-0.125  -0.212024
0.0625  -0.231952
-0.15625  0.225297
-0.03125  -0.303471
-0.03125  -0.0344409
0  -0.24048
0.15625  -0.317154
0.09375  -0.117765
0.03125  -0.161995
0.21875  -0.237515
-0.03125  -0.343697
0.03125  -0.0184071
0.125  0.0513432
0.03125  -0.0457161
0  -0.306522
0.03125  -0.190903
0.125  -0.0627396
-0.09375  0.0025332
0.1875  0.099623
-0.09375  -0.0590344
0.40625  -0.117668
0.03125  -0.115056
-0.21875  -0.30251
-0.1875  0.0423572
0  0.0262172
-0.21875  0.0592604
0.0625  0.019398
-0.03125  0.119257
0.0625  -0.0123632
0.1875  -0.16753
-0.28125  -0.0394561
0.15625  -0.270937
0.03125  -0.195797
-0.03125  0.182371
0.15625  -0.0895059
0.0625  -0.0249057
0.09375  -0.223772
-0.03125  -0.382194
0.03125  -0.116599
0  -0.0369235
-0.21875  -0.14038
-0.1875  -0.224407
-0.21875  -0.0280702
0.125  -0.328885
0.0625  0.0675653
0.125  -0.111119
0.0625  0.0417352
0.3125  -0.0277578
0  -0.252995
-0.09375  -0.143234
0.0625  -0.117812
-0.1875  -0.246043
-0.21875  -0.0349076
0.28125  -0.0697271
-0.0625  -0.138517
0.15625  0.0271868
0.125  0.0917347
-0.28125  0.0261876
-0.125  -0.0858159
0.25  -0.0310631
0.09375  -0.0144177
0.09375  -0.244126
0.03125  -0.0838744
-0.09375  0.00291699
0.09375  -6.96664e-05
-0.03125  -0.0496713
0.03125  -0.181329
0.09375  -0.222777
0.03125  -0.175299
-0.0625  -0.244269
0.03125  -0.112485
0.09375  -0.38365
0  -0.0730276
0.28125  -0.335803
0.09375  -0.00310313
0.03125  -0.145455
0.09375  -0.0901784
0.15625  -0.037979
-0.0625  -0.134255
0.03125  0.123921
-0.1875  -0.131735
-0.1875  -0.241909
0.03125  -0.260207
-0.0625  0.0426426
-0.09375  -0.145284
0.25  -0.0752548
0.09375  -0.00253977
0.15625  0.088652
0.125  0.0646117
0.125  -0.051998
0.21875  -0.111774
-0.03125  -0.170866
0.09375  -0.245899
-0.21875  -0.201741
-0.125  -0.255032
-0.09375  0.0719939
-0.0625  -0.165881
-0.0625  0.117193
0.125  -0.120442
0.21875  0.070077
0  0.0343776
0.03125  -0.314498
-0.1875  -0.0717511
0.03125  -0.147786
0.15625  -0.129371
0  -0.0193751
0  -0.107552
0.09375  -0.361913
0.09375  -0.20612
0  0.121172
0  -0.0746736
-0.0625  -0.192611
0.09375  -0.0505222
-0.0625  -0.0698202
0.09375  -0.285767
0.09375  -0.129611
0.09375  -0.134998
-0.3125  -0.20519
-0.125  0.0373639
-0.21875  -0.331175
0.03125  -0.208238
0.0625  -0.0005005
0.09375  -0.0110024
-0.21875  -0.0182862
0  0.00552699
-0.03125  -0.0671594
-0.0625  -0.27646
-0.21875  -0.183278
0.125  -0.215517
-0.15625  0.00533195
0.125  -0.16257
0.03125  -0.0599739
0.15625  0.0713859
-0.09375  -0.131065
0  -0.0397999
0.21875  0.176116
-0.09375  -0.0122109
0.15625  0.0783245
0.0625  -0.038573
-0.03125  -0.337231
-0.03125  -0.245715
-0.1875  -0.128784
-0.25  -0.36968
0.125  -0.0840125
0.1875  -0.288949
-0.0625  0.0964712
0.0625  -0.125924
0.0625  -0.166937
-0.0625  -0.206007
0.09375  -0.274772
0.0625  -0.142815
-0.21875  -0.104626
0.03125  -0.222198
0.03125  -0.099612
0.15625  -0.0595556
0.15625  -0.110306
0.125  -0.162029
0.21875  -0.120914
-0.09375  -0.153677
-0.3125  -0.135644
-0.21875  -0.0188588
0.15625  -0.0614207
0.03125  -0.0371716
-0.21875  0.184061
0.15625  -0.115179
-0.09375  -0.0516992
-0.03125  -0.0849589
-0.03125  -0.10396
-0.09375  -0.00742143
-0.125  -0.179052
-0.09375  0.137452
0.21875  -0.0969053
0.0625  -0.199212
0.1875  0.114864
0.125  -0.0101109
-0.15625  0.055732
0.21875  -0.183612
-0.03125  -0.170363
-0.03125  -0.0264878
0.21875  -0.152142
-0.03125  -0.106729
-0.125  0.00644719
-0.03125  0.0124905
0.09375  -0.149149
0.03125  -0.169371
0.09375  0.0440794
0.15625  -0.242426
-0.03125  0.0497357
0.09375  0.0131549
0  -0.0209445
-0.15625  -0.406654
0.0625  -0.239555
0.1875  -0.218046
0.15625  -0.090331
0.28125  -0.0145524
-0.125  -0.138953
-0.09375  -0.211407
-0.0625  -0.248428
0.03125  -0.235212
0.15625  -0.201761
-0.0625  0.10058
-0.0625  -0.141137
-0.03125  -0.211819
0.09375  -0.0225849
0  -0.10371
0.09375  0.346524
-0.03125  -0.192391
0.03125  -0.243734
-0.03125  -0.130916
0  -0.0893803
0.21875  0.110694
0.0625  -0.0286025
-0.125  -0.18848
-0.125  0.12709
0.03125  -0.50645
0.28125  0.0196941
0.0625  -0.0392956
-0.09375  -0.136049
0.1875  -0.153357
0.0625  -0.047235
0  0.00415011
0.09375  -0.0658463
-0.15625  -0.277108
-0.28125  -0.0964986
-0.09375  0.112696
0.125  -0.0835998
-0.03125  -0.173865
0.09375  0.0745216
0.15625  -0.27582
-0.03125  0.0421618
0.125  -0.0230214
0.15625  -0.131802
0.03125  -0.124232
-0.125  -0.298265
-0.0625  -0.26744
0.1875  -0.324263
-0.03125  -0.340242
0.03125  -0.31553
0.03125  -0.160063
-0.25  -0.111694
-0.09375  -0.16252
0.09375  -0.183351
0.0625  0.0775133
0.15625  -0.235088
0  -0.192869
0  -0.111612
0  -0.146549
-0.0625  0.299397
0.09375  0.184333
-0.03125  -0.0851976
-0.21875  -0.105131
-0.03125  -0.31984
-0.03125  -0.0417256
-0.0625  -0.190291
0.0625  -0.114557
0.21875  -0.222891
-0.125  -0.148046
0.09375  -0.10068
-0.15625  -0.277298
0.28125  -0.134568
0  -0.295759
-0.03125  -0.178994
0.15625  -0.000507486
-0.21875  -0.0207098
-0.09375  0.0129538
-0.09375  -0.191689
-0.125  -0.207166
-0.1875  0.000205407
-0.09375  -0.0031398
-0.03125  -0.00863744
-0.03125  -0.0885359
0.03125  -0.123771
0.25  0.0334373
-0.125  -0.174565
0  -0.0702205
0.09375  -0.124642
0.1875  -0.0107287
-0.15625  -0.184173
-0.0625  0.0564007
0  -0.0834819
0.3125  -0.0894678
0.03125  -0.0360342
-0.03125  0.0897054
0.0625  -0.0203315
0.0625  -0.338737
0.09375  -0.104095
0.09375  -0.128785
0.0625  -0.270683
0.09375  -0.035927
0.03125  -0.0588651
-0.0625  -0.142179
0  0.129829
-0.09375  -0.127035
-0.09375  0.0886238
-0.03125  -0.0809087
-0.03125  -0.149179
-0.15625  -0.220055
-0.1875  -0.000245845
-0.1875  -0.36072
0.125  -0.0448
0.125  -0.0427852
-0.0625  -0.0226519
0.03125  -0.259217
-0.125  -0.146489
-0.03125  -0.0490783
-0.0625  -0.051565
-0.15625  -0.060578
0.09375  -0.0460836
0.125  0.166703
0.03125  0.0678258
-0.09375  0.173318
-0.0625  0.0115665
-0.0625  0.0622318
0.125  -0.104103
0.03125  0.0174453
-0.125  -0.169316
-0.09375  -0.0260741
0.09375  -0.113352
0.09375  -0.011047
-0.09375  -0.0202728
0.0625  -0.201923
0.03125  -0.0278218
0.03125  -0.138259
0.125  0.060473
0  0.0639795
0.125  -0.0582516
-0.09375  0.0337427
-0.03125  -0.0761721
-0.15625  -0.039106
0.03125  -0.0599497
0.09375  -0.459535
-0.03125  -0.148272
-0.125  -0.0884497
-0.09375  -0.0279803
0.0625  -0.0584026
0.125  -0.125739
0.03125  -0.107269
-0.09375  0.166462
0  0.0936415
-0.125  -0.127565
-0.25  -0.166226
-0.125  -0.103373
-0.09375  -0.169621
0.125  0.0272284
-0.125  -0.284235
0.21875  -0.128527
-0.1875  -0.132763
0.09375  -0.313878
-0.125  -0.0442473
0.03125  -0.030349
0  -0.0284944
0.0625  -0.0408545
-0.1875  -0.1099
0.28125  0.0880072
-0.09375  -0.0533526
-0.125  -0.0852904
-0.09375  -0.251612
0.1875  0.015459
0.0625  -0.113512
0  -0.0762694
0.1875  -0.0385319
0.125  0.0234181
0  -0.0954914
0.28125  -0.169115
0.25  0.109113
0  -0.115304
0.09375  0.110556
-0.09375  -0.187989
-0.0625  -0.0390722
0.1875  0.0333629
-0.3125  -0.105442
0.125  -0.104031
0.03125  0.00397435
-0.1875  -0.168291
-0.09375  -0.169723
-0.25  -0.12243
0.21875  -0.144272
0  -0.0845047
0.28125  0.131112
0.25  -0.119779
-0.15625  -0.0590183
0.125  -0.120737
-0.03125  -0.0472257
-0.15625  -0.0546256
0.1875  -0.306973
0.03125  0.0165895
0.0625  0.0143681
0.125  -0.0169583
0.09375  0.00691219
0.3125  -0.243464
0.25  0.0201682
-0.03125  -0.223301
0.125  -0.20046
0.0625  -0.0462164
0.15625  -0.227848
-0.0625  -0.08649
-0.09375  -0.090004
0.09375  0.0434313
0  -0.109271
0.25  0.0981261
0.09375  -0.0264902
-0.03125  -0.135842
0  0.114369
0.03125  0.04775
-0.09375  -0.202864
-0.09375  -0.140427
-0.09375  -0.227109
0.1875  0.0333227
0  0.178125
-0.09375  -0.014997
0.0625  -0.114653
0  0.00620954
0.15625  0.0514095
-0.03125  -0.0448253
0  -0.0644957
-0.03125  0.0941744
-0.21875  -0.0973493
0.1875  -0.200599
-0.03125  -0.0875811
-0.125  0.0302154
-0.0625  -0.0214464
-0.03125  -0.0620937
0  -0.341967
0.03125  -0.000679389
-0.09375  -0.208279
-0.0625  -0.275528
-0.125  -0.0967232
0  -0.0829054
0.03125  -0.00751387
0.125  -0.0861035
0.03125  0.0298418
-0.03125  -0.136848
-0.03125  -0.184784
-0.09375  -0.329848
-0.0625  0.136179
-0.21875  -0.182848
0.0625  -0.41087
-0.09375  -0.245939
0.125  -0.185226
-0.0625  -0.0714677
-0.125  0.00399738
-0.03125  -0.160388
-0.1875  -0.1222
0.125  0.0111359
-0.1875  -0.0814507
0.0625  -0.112713
-0.03125  -0.00491734
0.03125  -0.101876
-0.03125  -0.239937
-0.03125  -0.0285058
0.03125  0.0646217
-0.15625  -0.0339876
0  -0.0456337
0  -0.0924375
-0.0625  -0.0399513
-0.125  -0.245886
0.125  -0.151288
-0.03125  0.0996584
0.09375  -0.202513
0.09375  -0.171028
-0.46875  -0.000726536
0.21875  -0.199225
-0.1875  -0.156432
-0.03125  -0.0957806
-0.15625  -0.250611
-0.03125  0.245052
-0.03125  -0.0779775
-0.3125  -0.123729
0.03125  -0.284094
-0.0625  -0.130126
0.09375  0.263599
-0.21875  -0.369304
0.15625  -0.222887
0.03125  0.0564679
0  -0.0994683
0.3125  -0.13191
0.03125  0.0614996
0.09375  -0.0789895
0.0625  0.0921747
-0.03125  -0.196155
-0.09375  0.0290567
-0.15625  0.0248987
-0.03125  -0.0619659
-0.09375  0.0585953
0.15625  -0.35795
-0.15625  -0.00491568
0.1875  0.0258346
-0.09375  -0.0346684
0.03125  -0.0444067
0  -0.227835
-0.15625  -0.0120226
-0.09375  -0.107607
-0.1875  -0.0590744
-0.15625  -0.34973
-0.09375  -0.108802
-0.0625  -0.0838158
0.0625  -0.058285
0.125  -0.0932337
0  -0.16227
-0.125  -0.0353676
-0.09375  -0.0967116
0.0625  -0.0931039
0.03125  -0.0388796
0.0625  -0.1841
0.03125  -0.0721023
-0.25  -0.251078
-0.15625  -0.148485
-0.0625  -0.186285
-0.09375  -0.0440975
0.09375  -0.0236477
0  -0.12264
0.03125  -0.276264
-0.0625  -0.0556609
0.125  -0.193775
-0.1875  -0.256008
-0.1875  -0.215514
-0.03125  -0.196715
0  -0.276656
0.09375  -0.324262
-0.09375  -0.12111
0.125  -0.127118
-0.03125  -0.178361
0.03125  -0.160067
-0.15625  0.0151511
-0.03125  -0.0525624
0.125  -0.151323
0.03125  -0.0353648
0.15625  -0.203819
-0.09375  -0.0546738
0  -0.215524
-0.09375  -0.311277
-0.15625  -0.191891
-0.125  -0.119637
-0.09375  0.0403752
0.09375  -0.210467
0.0625  -0.000267789
0.125  -0.216669
0  -0.0985843
0.03125  -0.127028
-0.1875  -0.18908
0.03125  -0.0867385
-0.0625  -0.0319188
-0.25  -0.175885
-0.125  -0.0359332
-0.15625  -0.00611388
0.0625  -0.13645
0.09375  -0.262699
-0.09375  0.0582529
0.125  -0.0784781
0.03125  -0.00413193
0.0625  -0.282178
-0.15625  -0.231746
0.21875  -0.0281706
0.125  -0.0314176
-0.03125  -0.0313949
-0.3125  -0.132143
0.1875  -0.121426
0.34375  0.0206862
-0.1875  0.0591021
0.03125  -0.156789
0.125  -0.0807415
0.125  -0.127739
0.1875  0.0265821
-0.03125  -0.302276
0.03125  -0.0248275
0.125  0.108671
0.15625  0.0769313
-0.125  0.226527
-0.0625  -0.362801
-0.03125  -0.186697
-0.03125  -0.196058
-0.03125  -0.256014
0.21875  0.00369929
-0.03125  -0.0788666
0.0625  -0.208335
0.09375  0.00822105
-0.0625  -0.0685569
0.125  0.0115929
-0.125  0.163833
-0.09375  -0.0918514
0.0625  -0.0340876
0.03125  -0.021289
0.0625  -0.111801
0.03125  0.025573
-0.09375  -0.156545
-0.3125  -0.155303
-0.03125  -0.139899
0.03125  -0.26805
-0.1875  0.0257591
-0.125  -0.258292
0.0625  -0.164629
0  -0.196859
0.09375  -0.07151
-0.25  -0.248143
0.0625  -0.182241
-0.25  -0.262097
0.03125  0.11825
-0.21875  -0.133796
-0.15625  -0.17576
0.0625  -0.231955
0.0625  -0.0379167
0.09375  0.0625923
0  -0.10644
0.09375  -0.146039
0.0625  -0.0896256
-0.15625  -0.112073
0.15625  -0.153488
0.0625  0.115719
-0.125  0.0414854
-0.0625  -0.214184
0.09375  -0.0890592
0.0625  0.0357612
-0.125  -0.0245856
0.0625  0.0117127
0.1875  -0.108638
0  -0.0571096
-0.15625  -0.137846
0  -0.133185
0.15625  -0.218214
0.03125  -0.222683
-0.125  -0.245845
-0.125  -0.055288
0.125  0.0302891
-0.09375  -0.299478
-0.25  -0.260238
0.03125  -0.137348
0.21875  0.0543736
-0.09375  -0.23486
0.03125  -0.15501
0  -0.0729004
-0.0625  -0.037456
-0.09375  -0.0248352
-0.0625  -0.105496
0.09375  -0.0139815
0.03125  -0.0738929
0  -0.315263
0.0625  -0.19439
0  -0.175074
-0.0625  -0.0247163
0.125  -0.073473
0.03125  0.0879477
0  0.207817
-0.0625  0.274088
-0.0625  0.00884177
-0.09375  -0.0942392
0.03125  0.093541
-0.03125  -0.0107709
-0.03125  -0.225258
-0.03125  -0.134872
0.09375  -0.195295
-0.4375  -0.0729764
0.03125  -0.130792
-0.21875  -0.221023
-0.125  0.0977602
0.03125  -0.213297
-0.15625  -0.118546
-0.15625  -0.274398
0.125  -0.0675792
0.09375  -0.0880218
0.09375  -0.0970767
-0.03125  -0.125238
0.125  -0.0556577
0.0625  -0.0302027
0  -0.114275
-0.09375  -0.155597
-0.125  0.0235155
0.15625  0.0603411
-0.03125  -0.11373
-0.03125  0.0572243
-0.125  -0.126759
0.125  -0.0485384
0.09375  -0.106356
-0.1875  0.0156436
-0.09375  -0.114343
0.3125  -0.152895
0  -0.23376
0.0625  -0.0817416
-0.03125  -0.24535
0  -0.112039
0.125  -0.0689314
0.09375  0.0299211
-0.125  -0.134722
0.1875  -0.0609715
0.03125  -0.140503
0  -0.023619
0.0625  -0.245244
0.09375  -0.102892
0.03125  -0.123585
-0.0625  -0.0372972
-0.03125  -0.134586
0.125  0.0590588
0.125  0.0100043
0.125  -0.206858
-0.03125  -0.0342664
0.03125  -0.113656
-0.15625  -0.0837549
0.09375  0.0474476
-0.03125  -0.234703
-0.1875  0.0247945
0.15625  -0.0647679
0.0625  -0.31032
-0.15625  -0.0526145
0.03125  -0.0816118
0  -0.135634
-0.09375  -0.0136564
0  0.0882457
0  -0.107229
0.25  -0.066273
-0.15625  0.0623418
0.09375  0.0376425
0.125  -0.255048
-0.1875  -0.473692
0.25  -0.0623246
0.03125  -0.0213843
0.09375  -0.0533725
-0.0625  0.018572
0.1875  -0.231783
0.0625  -0.0867002
0.125  -0.115822
-0.0625  -0.103787
0.25  0.0773247
0.21875  0.0235847
0.09375  -0.129744
0.15625  -0.151826
-0.1875  -0.175232
-0.03125  -0.099485
-0.0625  0.097853
0.09375  -0.190173
0.0625  -0.201004
-0.09375  -0.11029
-0.1875  -0.104407
0.28125  0.0884058
0  0.072615
-0.15625  0.134101
-0.21875  0.0951999
0.0625  -0.183028
-0.28125  -0.0219683
0.0625  -0.257729
-0.1875  -0.0854092
-0.03125  0.0872184
0  -0.0239987
0.125  -0.00776203
-0.0625  -0.0351939
0  -0.190102
0.125  -0.0203576
-0.09375  0.0860519
0.125  -0.15672
0.40625  -0.0616685
0.1875  -0.103987
-0.09375  -0.0718376
0.09375  -0.188403
0  0.0505594
0.09375  -0.0778055
0.21875  -0.334463
0.09375  0.0675195
0.03125  -0.136509
0.03125  -0.0553421
-0.125  -0.230147
0.03125  -0.148024
-0.125  -0.0524178
-0.03125  -0.00555655
0.0625  -0.0903721
0.15625  -0.321114
0.09375  -0.0922588
0.25  -0.223075
0.03125  0.0627223
-0.03125  0.103509
-0.0625  0.0408266
-0.03125  -0.0361981
0.15625  -0.0995918
-0.03125  -0.347295
-0.09375  0.00325072
-0.1875  -0.0945921
0.0625  -0.209705
-0.34375  -0.255709
0.3125  -0.311286
-0.28125  -0.300718
0.1875  -0.16319
0.0625  -0.249322
-0.125  -0.0546295
-0.1875  -0.0156427
0.0625  -0.20077
0.03125  0.0671533
-0.15625  -0.019485
0  -0.130508
0.0625  -0.204352
0.0625  -0.0757599
-0.09375  -0.222083
-0.0625  -0.145131
-0.0625  0.0079356
0.0625  0.0883209
-0.0625  0.0279282
-0.1875  0.0814672
0  -0.0463697
-0.0625  0.00655125
-0.125  -0.16809
-0.125  0.116465
-0.09375  0.097547
0.03125  0.0235625
-0.0625  -0.102261
0  -0.080041
0.1875  0.0323292
-0.21875  -0.112511
0.03125  -0.00949903
-0.03125  -0.151188
-0.125  -0.180116
-0.1875  0.0162311
-0.15625  -0.025139
-0.03125  -0.142585
0.09375  -0.240114
0  -0.0286214
-0.09375  -0.105959
-0.28125  0.0581323
0.34375  0.0755212
0.25  -0.142921
-0.09375  -0.024099
0.09375  -0.0554927
0.03125  -0.32759
0.28125  -0.114895
0.03125  -0.127227
0.125  -0.25048
0.125  -0.238193
0.03125  -0.213244
-0.28125  -0.158286
-0.0625  -0.105778
0.09375  -0.0878089
-0.0625  -0.180098
-0.1875  -0.18147
0.03125  0.000731149
-0.03125  0.177418
0  0.0623015
0.15625  -0.247669
0.28125  -0.173275
0.03125  -0.0682196
-0.09375  -0.276405
0.15625  -0.0903523
-0.15625  -0.288946
-0.125  -0.145942
-0.09375  -0.140475
-0.15625  0.0347532
0  0.0152591
0.125  -0.0903282
0.03125  -0.0837045
0.0625  -0.0407536
0.0625  -0.127764
0.0625  -0.10795
-0.03125  -0.417044
0.03125  -0.111492
-0.03125  -0.104903
0.09375  -0.106257
0.03125  0.03651
0.0625  -0.0266338
0.125  -0.15747
0.09375  0.050178
-0.03125  0.207232
0.03125  -0.199819
-0.09375  -0.136721
0.03125  -0.139922
0  -0.163979
-0.03125  0.0736432
0.0625  -0.237846
0.03125  -0.041658
0.125  0.0687798
0.15625  -0.129695
0.3125  -0.0436795
-0.03125  -0.0442936
-0.0625  -0.0963183
-0.0625  -0.211346
0.03125  -0.0860554
0.0625  -0.0244481
0.125  -0.113156
0.09375  -0.0757549
0.09375  -0.168737
0.03125  -0.137688
0  -0.188108
-0.125  -0.278927
0.0625  -0.159289
0.1875  -0.20918
-0.1875  -0.161152
-0.09375  0.0525332
0.21875  -0.0850364
0.125  0.0679412
-0.0625  -0.0848362
0.03125  -0.125062
0.0625  -0.14819
-0.03125  0.0440515
0.0625  0.202057
-0.03125  -0.165565
0  0.0880919
0.21875  -0.143666
-0.03125  -0.151683
0.03125  -0.0360252
-0.0625  -0.249204
-0.09375  -0.171542
-0.09375  -0.151479
-0.125  -0.290851
0.0625  -0.139527
0.1875  0.0183281
0.0625  -0.182152
-0.03125  0.124456
-0.03125  -0.061949
0.0625  -0.089193
0  -0.108949
0.125  -0.18243
0.0625  0.0441016
0.1875  -0.166024
0  -0.236668
0.03125  -0.199354
-0.0625  -0.0740098
0.15625  -0.0416277
-0.03125  -0.10586
0.03125  0.0176471
-0.125  0.0776992
-0.0625  -0.2278
-0.09375  0.10487
-0.125  -0.220805
-0.125  -0.0603458
-0.1875  0.145781
-0.09375  -0.192723
0.03125  0.0486834
-0.03125  0.116644
-0.03125  -0.235525
-0.0625  -0.0840573
-0.03125  -0.0367666
0.0625  0.0578173
-0.09375  -0.167856
-0.09375  -0.131834
-0.09375  -0.0271359
-0.125  -0.0604839
0.03125  -0.242398
0  0.0391186
0.03125  -0.272397
0.09375  -0.00159973
0  -0.148489
0.09375  0.117822
-0.1875  -0.261675
-0.0625  -0.251307
0.0625  0.073485
0.25  -0.0618666
-0.0625  -0.0622509
0.0625  -0.0716555
-0.15625  -0.0073953
0.0625  0.0642253
0.03125  0.0612533
-0.03125  -0.26021
0  0.0275226
0.0625  -0.0153878
0.1875  -0.108163
0.0625  0.0871562
-0.25  -0.0731255
-0.09375  -0.00768164
-0.125  -0.00351688
-0.0625  -0.15334
0.0625  -0.16852
0.15625  -0.0741923
0.125  -0.231392
0.15625  -0.0470524
0.0625  -0.198174
0.09375  0.109052
0.125  -0.0842091
0.28125  -0.22351
-0.15625  0.151378
0  -0.15627
0.21875  -0.181761
-0.03125  -0.164357
-0.09375  -0.197661
0.21875  -0.372957
-0.03125  -0.0999489
0.1875  -0.0664548
0.15625  -0.195518
-0.125  -0.0825653
-0.03125  -0.0172939
-0.03125  -0.0639803
0.125  -0.280532
0.125  -0.128319
0.125  -0.0955791
0.03125  -0.21339
0.125  -0.125305
0.0625  -0.136464
0.15625  -0.179072
0.09375  -0.0858842
0.1875  0.0839613
0.09375  -0.180319
0.03125  -0.0636266
0.03125  -0.119681
0.03125  -0.159409
0.21875  0.00675394
0.0625  -0.191166
-0.0625  0.0404715
0.0625  -0.104063
-0.15625  -0.236748
-0.28125  -0.173161
-0.09375  -0.0527063
0.1875  -0.122097
0.0625  -0.232541
-0.03125  -0.038716
0.09375  -0.290987
0.09375  -0.0204267
-0.1875  -0.116813
0.09375  -0.00660333
0  -0.264097
-0.09375  -0.0876634
-0.0625  -0.0179035
-0.03125  -0.0782942
-0.03125  -0.0678703
-0.09375  -0.187637
-0.21875  -0.210603
0.03125  -0.210419
-0.03125  -0.241866
0.1875  0.0945635
0  -0.125849
0.15625  -0.145432
0  0.027662
-0.03125  0.050333
-0.15625  -0.0857074
-0.0625  -0.127412
0.09375  -0.0566117
0  -0.10845
0  -0.159592
0.0625  -0.131636
-0.09375  -0.0961165
0.34375  -0.0891223
0.03125  -0.13534
0.0625  -0.173977
0.09375  -0.230169
-0.0625  -0.118258
-0.15625  -0.0219938
-0.25  -0.0344964
0.125  -0.104203
0  0.105984
0.09375  -0.0953601
0.15625  -0.013939
0  -0.168737
-0.09375  -0.202994
0.15625  -0.138228
-0.09375  -0.0798941
-0.09375  -0.149312
0.0625  -0.0679626
0.03125  0.0143989
-0.03125  -0.136756
-0.15625  -0.015605
-0.03125  -0.12258
0.1875  -0.0437583
-0.03125  -0.33393
-0.03125  -0.263581
0.25  0.00816366
-0.125  -0.108737
-0.125  -0.129861
-0.0625  -0.249548
0.0625  -0.0255384
-0.03125  -0.129459
-0.03125  -0.0513716
-0.25  -0.0458779
0.09375  -0.0300483
-0.15625  -0.0284153
0.0625  -0.137003
0.125  -0.113754
0.0625  -0.199218
0.0625  -0.0859735
0.0625  -0.214464
0.21875  -0.2513
0.09375  0.17915
0.03125  -0.0409401
-0.15625  0.0640981
0.125  -0.236479
-0.125  0.102958
-0.09375  0.096203
-0.0625  -0.17711
0.03125  0.0451869
0.09375  -0.270358
0.09375  -0.0608579
0.125  -0.0618708
-0.15625  -0.130549
0.09375  -0.11399
-0.25  -0.256218
0  0.00739026
0  -0.269485
-0.15625  -0.298629
0.125  -0.367972
0  -0.13228
0  -0.0412935
0.09375  -0.0820982
-0.15625  -0.13681
0  0.103194
0.40625  -0.184461
0.09375  0.0179595
-0.03125  -0.0036781
0.125  -0.160535
-0.125  -0.127517
-0.03125  -0.0343624
0.0625  0.0630877
-0.0625  0.0560481
-0.1875  -0.0720069
-0.125  -0.255589
0.15625  -0.159306
-0.03125  0.0533929
-0.03125  -0.0934238
-0.21875  -0.308465
0.125  -0.160719
0  -0.156419
-0.03125  0.156371
-0.09375  -0.0952656
0.125  -0.134101
-0.09375  -0.222129
0.25  -0.157644
0.03125  -0.0666396
-0.0625  -0.097833
0.125  -0.167942
-0.0625  -0.335143
0.0625  -0.2259
0.09375  -0.241745
-0.125  0.00364168
-0.03125  -0.144093
-0.21875  -0.148499
-0.03125  -0.217175
0.03125  -0.0213162
0  -0.117017
0.15625  -0.0865633
0.1875  -0.203809
-0.125  -0.0299877
-0.09375  -0.186783
0.09375  -0.1249
-0.0625  0.063178
0.15625  -0.137445
-0.0625  -0.0773728
-0.03125  -0.0843872
0.125  -0.0120847
-0.125  0.0800737
0  0.118095
0.03125  0.00496214
-0.03125  -0.11424
0.15625  -0.171804
0.09375  -0.170586
0.03125  -0.0642077
0  -0.0936096
0.09375  -0.0587335
0.1875  -0.392942
-0.03125  -0.157043
-0.1875  -0.145791
-0.09375  -0.01237
-0.03125  -0.221118
-0.09375  -0.196973
0.03125  -0.210915
0.03125  -0.0780606
0.03125  0.0084664
-0.125  -0.137522
-0.125  -0.218885
0.03125  -0.0307791
0.03125  0.0397124
-0.0625  -0.0479905
-0.0625  0.118036
0.125  -0.128687
-0.125  -0.180628
0  -0.0254503
0.09375  -0.132515
0.125  -0.108072
0.1875  -0.028556
0.125  -0.0434264
0.15625  -0.0161089
-0.09375  -0.12235
0.03125  -0.0170969
-0.09375  -0.153448
0.0625  -0.0936832
0.1875  -0.180685
0.1875  -0.0149325
0  0.131639
0.0625  0.208841
-0.0625  0.0469897
0.15625  -0.235353
0.15625  0.0205512
-0.15625  -0.192584
-0.03125  -0.27275
0.1875  -0.0649852
0  -0.0985095
-0.03125  0.0380495
0.03125  -0.1588
0.09375  0.13843
-0.03125  0.0272485
0  -0.0854088
0.1875  0.00831664
-0.1875  -0.184015
0.09375  -0.160452
0.0625  -0.0948681
-0.0625  -0.212393
-0.03125  -0.0607966
0.09375  -0.154688
0.15625  -0.260933
-0.125  -0.0825194
0  0.074557
0  -0.0574137
-0.09375  -0.0505171
-0.09375  -0.0557301
-0.28125  -0.293436
-0.125  -0.0943187
-0.0625  0.124862
0.09375  -0.082672
0  -0.117992
0.09375  0.0301527
0.0625  -0.21524
-0.0625  -0.00340159
0.03125  -0.0525864
0.03125  -0.26412
0.125  -0.249569
0.03125  -0.143469
0.09375  -0.010231
0.0625  -0.0526877
-0.25  -0.227672
-0.25  -0.246972
-0.03125  -0.0677942
0.09375  -0.0184885
0  -0.0967019
0.09375  0.145131
0  -0.130056
0.3125  -0.136109
0.125  -0.100507
0.25  -0.329237
0.09375  -0.108639
-0.1875  -0.166407
-0.15625  0.0163627
-0.125  -0.171485
-0.09375  -0.146699
0.3125  0.0523452
0  -0.0840277
0.125  -0.0912467
0.1875  -0.337071
-0.03125  -0.0265006
-0.1875  0.0860044
0.21875  -0.0752331
-0.0625  -0.193307
0.15625  0.138445
-0.21875  -0.219592
0.03125  0.0935534
0.09375  -0.335117
0.03125  -0.0627582
0.03125  0.00790644
0  -0.309387
-0.0625  -0.0982568
0.0625  -0.0782258
-0.09375  -0.0460126
-0.09375  -0.0280849
-0.125  -0.0938543
0.09375  0.0729916
0  -0.148253
-0.125  -0.181686
0.25  -0.217917
-0.03125  -0.0362873
0  0.0641806
0.28125  0.0494194
-0.25  -0.0293062
-0.21875  -0.199771
-0.25  -0.137775
0.125  -0.0176348
-0.15625  -0.24064
0.0625  -0.129775
0.03125  -0.000362925
-0.03125  0.0316784
0.28125  -0.139171
0  -0.243118
-0.0625  0.045905
-0.0625  -0.442807
-0.09375  -0.0636349
-0.125  -0.149568
0.125  0.100289
-0.03125  0.224
-0.09375  -0.0576483
0.0625  -0.374217
-0.0625  0.0957718
0.03125  -0.0478698
-0.03125  -0.0623588
-0.03125  0.145786
-0.15625  -0.175513
-0.09375  -0.0590213
0.09375  -0.0469251
0.09375  -0.0429017
0.0625  -0.17524
0.09375  0.0506175
-0.03125  0.0261498
0.0625  -0.0470984
0.15625  -0.169262
0.03125  0.163988
-0.25  0.00437761
0.09375  -0.210069
0.15625  -0.254199
0.15625  0.0290734
-0.03125  -0.0592589
0.09375  0.0719729
-0.125  -0.265374
-0.1875  -0.0775951
-0.0625  0.055657
0.125  -0.205799
0.03125  0.149423
0.09375  -0.12357
0  -0.253146
-0.03125  0.0110138
-0.03125  -0.0794818
0.15625  -0.192486
-0.0625  -0.0671365
0  -0.048161
0.09375  -0.0874908
0.125  0.0439142
0  -0.045035
0.1875  0.0167572
-0.3125  -0.121192
-0.03125  0.0074156
0  -0.0142239
0.0625  0.0402939
0.09375  -0.0454823
0.25  0.00366318
-0.15625  -0.105523
-0.03125  -0.11403
0.03125  -0.233307
0.0625  -0.119469
-0.03125  0.0472735
0.03125  -0.165228
0.03125  -0.341066
0.0625  -0.0697573
0  -0.260197
0.09375  -0.135132
-0.09375  -0.10565
0.0625  -0.265023
0.125  -0.0306092
-0.15625  0.124453
0.25  -0.227909
-0.09375  -0.163851
-0.03125  -0.108411
0.125  -0.141073
0.03125  -0.189579
0.21875  0.1876
0.125  -0.350193
0.1875  -0.34182
-0.0625  -0.0860723
0.03125  -0.206231
0.03125  -0.21673
0.0625  -0.210555
0.09375  -0.32653
0.0625  0.0512799
0.1875  -0.361341
0.3125  0.0509464
0.125  -0.160092
0.0625  -0.159519
0.125  -0.385064
-0.09375  -0.151499
0.03125  0.0115522
-0.03125  -0.0969006
-0.03125  -0.172722
0.0625  0.158883
-0.1875  -0.0891304
-0.1875  0.0141275
-0.21875  -0.124263
0.125  -0.158416
-0.03125  -0.111969
0.0625  -0.0219052
-0.25  -0.209975
0.34375  -0.0799827
0.09375  -0.141132
0  -0.079772
-0.0625  -0.0956996
0.03125  -0.128738
0.125  -0.0276563
-0.09375  -0.254123
0.125  -0.162297
-0.09375  -0.139629
0.09375  -0.239869
-0.15625  0.120096
-0.28125  0.0280096
0  -0.324134
0  -0.0984168
0.03125  -0.10169
0.21875  -0.152993
0.0625  -0.0822919
-0.21875  -0.142416
-0.09375  -0.0524555
0.125  -0.158151
0.21875  -0.173191
0  0.0206269
0.3125  -0.194165
0.0625  -0.132977
0  0.19993
-0.03125  -0.0253672
0.03125  0.126017
-0.21875  -0.138651
0  -0.153003
0.15625  -0.11548
0.03125  -0.130592
0.28125  -0.119764
0.125  -0.224613
0.03125  -0.0588375
0  -0.146971
-0.03125  -0.161947
-0.09375  0.0084374
0.1875  -0.214945
-0.03125  -0.020516
-0.09375  -0.10975
0.09375  -0.0276845
-0.09375  -0.11502
-0.03125  0.129108
0.125  -0.213885
0.09375  -0.280085
0.03125  -0.0979429
0.21875  -0.0819905
0.09375  -0.121652
0.375  0.0618539
0.15625  0.0132757
-0.0625  -0.100237
0.0625  -0.0608935
-0.03125  -0.0704342
-0.03125  -0.287724
-0.15625  0.134804
-0.125  0.014151
0.15625  -0.175931
0.0625  -0.217904
-0.125  0.0128319
0  -0.0735654
0.0625  -0.0766376
-0.21875  0.0634381
0.09375  -0.0781009
0.03125  -0.115673
0.0625  -0.0888599
-0.15625  0.0228248
-0.1875  -0.13356
0.03125  -0.0366399
-0.03125  0.0694204
-0.03125  -0.0735635
-0.09375  -0.163015
0.15625  -0.113906
-0.03125  0.0575458
0.1875  -0.0685386
-0.03125  -0.135812
-0.03125  -0.100637
0.375  -0.239167
-0.0625  -0.082042
0  -0.136246
-0.25  0.0970703
0.34375  -0.00121222
0.1875  0.0173363
-0.3125  -0.0421016
-0.0625  0.0646392
-0.0625  -0.0879027
0.09375  0.0634024
0.125  -0.00420025
-0.09375  -0.0158076
0.03125  0.0131054
-0.15625  -0.254504
-0.03125  -0.0517392
-0.1875  0.154522
-0.09375  -0.0116634
0.09375  -0.128411
-0.0625  -0.0268114
0.21875  -0.123613
-0.1875  -0.113229
0.125  0.228534
-0.03125  -0.069291
0.21875  -0.0875792
0.21875  -0.121235
0.125  -0.0496056
-0.15625  0.0272705
-0.0625  -0.226378
0.125  -0.321106
0  -0.0906886
-0.0625  -0.0633772
0.15625  -0.0179647
0.0625  -0.0522428
0.03125  0.00258268
0.0625  -0.192555
-0.09375  -0.141761
0.03125  -0.0155207
0  0.0585293
-0.0625  -0.110569
0.03125  -0.257594
0  0.0830723
0  -0.0725914
0.0625  -0.0627137
-0.03125  -0.00303034
0.125  -0.0764352
0.03125  -0.102992
0.03125  0.0518375
-0.0625  -0.0246762
-0.25  -0.165595
0.21875  -0.328776
-0.09375  -0.153873
0  -0.166978
0.1875  -0.0589779
-0.03125  0.0385901
-0.125  -0.205623
0.28125  -0.243582
0.15625  -0.249059
-0.1875  -0.262808
-0.09375  -0.280205
0.3125  -0.223436
0.0625  -0.03945
0.21875  -0.303156
-0.0625  -0.123044
-0.125  -0.0640453
-0.0625  -0.213612
0.25  -0.116168
-0.15625  -0.104483
-0.125  0.0686437
0.0625  -0.133346
-0.125  -0.247017
0.0625  -0.120526
-0.09375  -0.180189
0.09375  -0.126524
0.0625  -0.227401
-0.15625  0.0332141
0.03125  0.00100007
0  -0.0442247
-0.125  -0.102645
0.03125  -0.120461
0  0.0133649
-0.15625  -0.212922
0.0625  -0.255584
0.15625  -0.34269
0.03125  -0.179318
0.09375  -0.161739
-0.21875  -0.328764
0.1875  -0.0666854
0.125  -0.00744885
0.0625  -0.0603684
-0.1875  -0.183898
0.15625  -0.137951
0  -0.0166634
0.15625  -0.0836833
0.1875  -0.134272
-0.15625  -0.0383274
-0.1875  -0.227476
0.03125  -0.0369395
0.09375  -0.0864898
0  0.0944834
-0.03125  0.0205671
0.15625  -0.0701868
-0.09375  -0.0229314
-0.09375  -0.109221
0.0625  -0.280133
-0.0625  -0.174482
-0.03125  0.0332745
0.1875  -0.0218226
0  -0.139158
-0.3125  0.0893096
-0.09375  -0.192916
0.125  -0.0628995
0.4375  -0.111396
-0.0625  0.112583
0  -0.135314
0.15625  -0.12452
0.03125  -0.110771
-0.03125  0.139652
-0.09375  -0.131605
0  -0.225844
-0.125  -0.00448312
-0.0625  0.0369102
-0.1875  0.133566
0.03125  -0.149731
-0.1875  -0.0579544
-0.25  0.0351265
-0.09375  -0.277595
-0.125  0.146834
-0.125  -0.247002
-0.09375  0.0151367
0.09375  -0.169083
0.15625  0.136606
0.03125  0.057608
-0.0625  -0.250255
-0.09375  -0.0296296
0.125  -0.27558
0.0625  -0.245005
-0.125  0.0431586
0.0625  0.108545
0.09375  -0.00427268
-0.125  0.0938936
0  -0.215726
0.0625  -0.0623116
0.0625  -0.178954
-0.09375  -0.0351446
-0.0625  0.108024
0  -0.0572663
-0.0625  -0.00717148
-0.15625  -0.040642
0.09375  0.0569717
0  -0.134655
-0.125  -0.227238
0  -0.135501
0.03125  -0.0734434
-0.09375  -0.0256784
-0.03125  0.00979206
0.03125  -0.202432
0.0625  -0.123613
0  0.0133603
-0.25  -0.0461266
-0.0625  -0.128637
-0.15625  -0.0726908
-0.09375  -0.103191
-0.15625  -0.0983104
0.0625  0.0603087
-0.0625  -0.102951
-0.0625  0.0538345
0  -0.0558352
-0.21875  -0.106023
-0.21875  -0.18506
-0.03125  -0.129638
0.09375  -0.126158
-0.03125  0.0982929
-0.03125  -0.145566
-0.21875  -0.170622
-0.21875  -0.0454506
0.0625  -0.0935125
0  -0.146857
-0.21875  0.0926891
-0.125  -0.0560827
-0.0625  -0.0473724
-0.03125  -0.169049
-0.1875  -0.238584
0.0625  -0.0854562
-0.0625  -0.131943
0  0.0884692
-0.125  -0.114799
0.125  0.163445
-0.15625  -0.0424467
0.0625  0.00320391
0  -0.10621
-0.21875  -0.175483
0  -0.022357
0.0625  0.204409
0.03125  -0.0460437
0.0625  0.0568481
-0.0625  -0.268097
0.0625  -0.182336
0.03125  -0.0724999
0.125  -0.241512
0  -0.0955381
0.03125  -0.0459017
0  -0.115728
-0.09375  -0.358386
-0.0625  -0.205739
0  -0.126536
0  0.0383714
0.21875  -0.118058
-0.0625  -0.0286338
0  -0.112184
-0.0625  -0.0435795
0  -0.0975797
0  -0.0532314
-0.03125  -0.226953
0.0625  -0.0425742
-0.15625  -0.289841
0.0625  0.0119341
-0.03125  0.0173782
0.09375  -0.119615
-0.125  -0.128128
0  -0.0485362
0.0625  0.159204
-0.15625  -0.138834
-0.03125  -0.211854
-0.03125  -0.0618888
0.3125  -0.0992573
-0.09375  -0.00903476
0.21875  -0.191053
-0.03125  -0.0369429
0  -0.1648
0.0625  -0.0551219
-0.03125  -0.10279
0.0625  -0.127239
0  -0.248495
0.125  -0.137608
-0.15625  -0.0127739
0.0625  -0.0896673
-0.0625  0.0699362
-0.0625  0.0744151
0.03125  0.0472485
-0.0625  -0.00439459
-0.125  -0.0539833
-0.15625  0.136753
-0.125  -0.185247
0.09375  0.0329762
-0.09375  -0.073759
0.1875  0.0531732
0.09375  -0.0786439
0.25  -0.0482928
0.25  -0.228983
0.125  0.0869788
-0.125  -0.337225
-0.125  -0.0956895
0.0625  -0.018759
-0.03125  -0.230407
0  -0.140713
0.0625  0.037212
-0.03125  -0.333536
0.0625  -0.00234304
0.0625  -0.203448
0.0625  -0.0248746
0.09375  -0.281181
-0.03125  0.119636
0.15625  -0.0373129
0.09375  0.1487
-0.09375  -0.17
0  -0.217373
0.09375  -0.232068
0.15625  -0.0599882
-0.0625  -0.120754
-0.125  -0.0300732
0.03125  0.0836396
0.0625  -0.000580014
-0.09375  -0.203445
0.09375  -0.238725
0.03125  0.00732083
-0.0625  -0.105529
0.1875  -0.0272719
0.0625  -0.0375352
0.15625  -0.156483
-0.09375  -0.0461768
0.0625  -0.222179
0.03125  -0.124549
0.125  0.121101
0.125  -0.108001
0.03125  -0.0936879
-0.1875  -0.0909016
-0.0625  0.0646561
0.125  -0.0968434
0  -0.357017
0.28125  -0.153658
-0.03125  -0.106548
0.0625  0.0222305
0.09375  -0.0463746
0.0625  -0.0275941
0.03125  -0.0239431
-0.125  -0.0756322
0.09375  -0.0682648
0  -0.180969
-0.21875  0.00416203
0.03125  0.0169665
0.15625  -0.030839
-0.1875  -0.0521587
0.28125  -0.0868186
0  -0.0724538
-0.34375  -0.0333951
0.09375  -0.196912
-0.15625  -0.226892
0.125  -0.281108
-0.1875  0.160958
-0.125  -0.0287186
-0.28125  -0.0132408
0.1875  -0.162195
0.03125  0.0282584
-0.03125  -0.0241413
0.21875  -0.15494
0.15625  -0.138031
0.1875  -0.0656918
0.03125  -0.185251
-0.03125  -0.0464918
0.09375  -0.0761923
0  -0.207791
0.09375  -0.0662451
0.0625  -0.34586
-0.09375  0.0545689
-0.03125  -0.0630883
-0.03125  -0.264191
0.15625  -0.187099
-0.28125  0.120994
-0.25  -0.109051
-0.1875  -0.0746768
0.125  -0.0188511
0.0625  -0.0437142
0.1875  -0.188217
0  -0.105645
-0.1875  0.11408
0.03125  0.0726755
0  -0.106207
-0.09375  -0.211818
0.1875  0.102572
-0.09375  -0.204647
-0.0625  -0.10106
0  -0.19594
-0.125  -0.0596853
-0.0625  -0.176838
0.03125  0.021204
-0.0625  -0.256267
0.15625  -0.195121
-0.09375  -0.139722
-0.1875  -0.134849
0.0625  -0.149067
0.3125  -0.272131
-0.09375  -0.157666
-0.125  -0.0464575
0.125  -0.181831
-0.0625  -0.113851
0.09375  -0.229404
-0.15625  -0.0506396
0.1875  -0.133685
0.1875  0.0998201
0.09375  0.0560054
-0.0625  0.165492
0  -0.185211
-0.09375  -0.223364
-0.03125  -0.0343484
-0.25  -0.26174
-0.3125  0.0192886
0  -0.118413
-0.125  -0.100552
0.21875  -0.22607
0  0.0564614
0  -0.0014428
0.125  -0.0745089
0.09375  0.0717235
0.09375  -0.262194
0.03125  -0.107155
-0.125  -0.0617099
0.125  -0.0538466
0.09375  0.0250086
0.125  -0.129774
0.0625  -0.0708426
-0.09375  -0.0378328
0.1875  0.0583862
0.09375  -0.0766814
0  -0.229535
-0.03125  -0.034754
0  -0.240322
-0.09375  -0.123361
0.0625  -0.223644
0  -0.199368
-0.21875  -0.0027343
-0.125  -0.121865
0.09375  -0.230148
0.0625  -0.261437
0.09375  0.000436936
0.1875  0.0275226
0.15625  -0.10962
-0.09375  0.0869067
0  0.0281059
-0.1875  -0.16082
0.0625  -0.0137676
0  0.00111386
-0.03125  -0.0131713
0  -0.0145209
0.03125  -0.214338
0.28125  -0.246173
0.125  -0.0432846
0.09375  -0.0673564
0.0625  -0.190071
-0.09375  0.0934954
-0.03125  0.0732196
-0.03125  -0.220945
0  -0.199979
0.09375  -0.105224
-0.1875  -0.0251616
0.21875  -0.180425
-0.21875  0.167107
-0.0625  -0.202378
-0.15625  -0.219851
-0.28125  -0.0457596
-0.125  0.119356
-0.09375  -0.163857
0.0625  -0.0479217
0.125  -0.238443
0.03125  -0.128515
0.21875  -0.0724311
-0.21875  -0.0442636
0.03125  0.0250218
0.1875  -0.165745
-0.09375  -0.123789
-0.03125  -0.280809
-0.15625  -0.28113
0.03125  0.00187889
0  -0.00483459
0.15625  0.148164
0  -0.231055
0.03125  0.102406
0.0625  0.122804
-0.25  -0.0819139
-0.125  0.127416
0.09375  -0.188
-0.09375  -0.0391222
-0.0625  0.186222
-0.0625  -0.161697
0.03125  0.0307086
0  -0.0993973
-0.15625  -0.0894882
0  0.063624
-0.125  -0.244977
0.09375  -0.190463
-0.03125  -0.0589693
-0.09375  0.0494881
0.125  0.154702
-0.125  -0.0404258
0.0625  0.0351695
0.0625  -0.151795
0.09375  -0.0323593
0.1875  0.119538
-0.09375  -0.108523
-0.03125  0.0656641
0.09375  -0.0906911
0  -0.0835455
0.21875  -0.0246009
-0.03125  -0.289775
-0.125  -0.0601353
0.0625  -0.253318
0.28125  -0.0809544
0.03125  -0.0582552
-0.0625  -0.0571286
0.0625  -0.238944
-0.0625  -0.294424
0.34375  -0.0617336
-0.15625  -0.218152
0.15625  -0.0444695
0  -0.177161
0.0625  0.181304
-0.03125  -0.0240328
0.03125  -0.190787
0.03125  0.0315646
0.1875  -0.00647504
-0.03125  -0.0553621
0.15625  0.0901729
0.0625  -0.0653776
0.15625  -0.22944
-0.25  -0.211154
-0.09375  -0.0756708
0.125  0.0455202
-0.15625  -0.30741
0.09375  -0.054049
0.03125  0.0891208
-0.125  -0.213085
-0.125  -0.105292
0  -0.0627244
-0.03125  -0.0769153
0.09375  -0.117967
0.0625  0.112475
-0.0625  0.0159358
0.15625  -0.0840763
-0.0625  -0.379187
0.03125  -0.238794
-0.09375  -0.209093
0.1875  -0.377537
0.0625  -0.0953492
0.125  0.124731
-0.125  -0.260252
0.21875  -0.265445
-0.0625  -0.101399
0  -0.00304646
0  -0.075402
0.125  -0.111448
0.0625  -0.102581
-0.1875  -0.119161
0.125  -0.15111
0.28125  -0.18137
0  -0.162774
0.09375  -0.162709
0.09375  -0.145033
-0.0625  -0.189799
-0.03125  -0.0555059
0.03125  0.0710555
0.125  -0.235069
-0.125  0.0464177
0.1875  0.125101
0.125  -0.18692
0.03125  0.0275431
-0.15625  0.0638396
0.125  -0.348515
-0.03125  0.164232
0.03125  -0.237759
0.125  -0.294629
0.15625  0.0256368
-0.0625  -0.161999
-0.09375  -0.154933
-0.25  -0.12347
-0.1875  0.0593707
-0.0625  0.0882558
-0.03125  -0.193294
-0.125  -0.106588
-0.0625  -0.257988
0.09375  -0.260133
-0.15625  -0.118002
-0.0625  -0.0117629
-0.21875  -0.13297
0.15625  -0.195668
-0.03125  0.0747779
0.03125  -0.269696
0.09375  -0.250437
0.0625  0.0532041
0.03125  -0.34326
0.125  -0.0457565
-0.125  -0.285412
0  -0.0726876
-0.03125  0.0333739
0  -0.317853
-0.25  -0.0810156
0.03125  0.0819118
0.0625  0.0322745
-0.21875  -0.0448854
-0.09375  0.0204194
-0.03125  -0.0167618
-0.03125  -0.155454
0.03125  -0.269139
-0.03125  -0.22722
-0.1875  -0.121203
-0.15625  0.209805
-0.0625  -0.116222
0.09375  -0.303619
0.1875  -0.468888
0.1875  -0.273846
0.25  -0.0409385
-0.125  -0.326938
0.09375  -0.292275
0.09375  0.020876
-0.03125  -0.103645
0.03125  -0.135966
0  -0.192792
0  -0.0607312
0.0625  -0.0457955
-0.09375  -0.322774
0  0.111174
-0.03125  -0.225754
-0.03125  0.00864702
-0.09375  0.00794413
-0.1875  -0.224561
0.125  -0.0755063
-0.0625  -0.214794
-0.03125  0.00729756
0.0625  -0.223432
0.125  -0.141673
-0.15625  0.101432
0.09375  0.0493455
-0.125  -0.173898
0  0.17917
-0.0625  -0.254313
0.0625  0.00936253
0  -0.138468
-0.09375  -0.251192
0.0625  0.0662411
0.3125  -0.0847872
-0.0625  0.102633
0.09375  -0.0255923
-0.09375  -0.0344085
-0.15625  0.080648
0  0.0925385
0.09375  -0.0133294
-0.21875  -0.313838
0.09375  -0.224442
0  0.0681764
-0.15625  -0.0578311
0.09375  -0.130649
-0.125  -0.143931
0.09375  -0.139912
-0.125  0.0246506
0.09375  -0.103893
0.125  -0.0792198
-0.15625  -0.185508
0  -0.13914
0  -0.163009
-0.15625  -0.307233
0.0625  -0.0830327
0.125  -0.118575
-0.0625  -0.0554618
-0.09375  -0.131508
0.21875  0.08614
-0.09375  -0.136475
-0.15625  0.00442272
0.09375  -0.139641
-0.03125  0.00881506
-0.03125  0.0563947
0  -0.0565116
0.03125  -0.00179566
0.21875  -0.0831645
0.15625  -0.109662
0  0.0275131
-0.03125  -0.161531
0  -0.251111
0.125  -0.158583
0.09375  -0.00918586
-0.09375  -0.0858993
0.09375  -0.0661866
-0.09375  -0.243736
-0.21875  -0.240247
-0.09375  -0.135197
0.03125  -0.0710611
-0.0625  -0.0967467
0.0625  -0.139096
-0.09375  -0.0482906
0.0625  -0.263699
-0.03125  -0.306173
0.28125  -0.0367832
-0.1875  0.0538538
0.03125  -0.187305
0.03125  -0.149911
0.09375  0.0522188
-0.09375  -0.139057
-0.03125  -0.0737105
-0.09375  0.00472486
-0.0625  0.0122404
-0.09375  -0.100077
0.125  0.0489345
-0.03125  -0.0172573
0  -0.203877
-0.125  -0.0483975
-0.0625  0.156021
0.03125  -0.0462285
0.15625  -0.223732
0.0625  -0.16518
0.09375  -0.0484567
0  0.166455
-0.15625  -0.198445
-0.25  0.00457735
-0.21875  0.0648918
-0.03125  0.0139804
-0.03125  0.114298
-0.125  0.137599
0  -0.00307425
-0.03125  -0.0412447
-0.125  0.134962
0.09375  0.121903
0.09375  -0.00917156
-0.15625  -0.266198
0.0625  0.0569137
0.25  -0.103418
0.0625  -0.0926333
-0.09375  -0.173978
0.03125  -0.146562
0.09375  -0.0220701
0.0625  -0.249626
0.28125  -0.161201
-0.03125  -0.136486
0.1875  0.0869668
0.125  -0.109656
0.09375  0.0213152
0.15625  -0.187573
0.15625  -0.135061
0.0625  0.165441
0  -0.105285
0.03125  0.0279362
0.21875  -0.0289579
-0.09375  -0.168134
0  0.0539358
-0.0625  -0.396291
0.03125  -0.0793733
0.21875  -0.0658826
-0.0625  -0.149172
0.09375  -0.194187
0.15625  -0.142687
-0.21875  -0.225483
0.125  -0.0301211
0.03125  -0.167131
-0.125  0.110173
-0.15625  0.0566627
-0.15625  0.0405523
-0.21875  -0.209575
-0.09375  -0.105218
0.03125  -0.117095
-0.1875  0.0923729
0.09375  -0.122559
0.03125  0.0260839
0.03125  -0.113741
-0.03125  -0.122336
0.0625  -0.145916
-0.03125  0.15575
0.0625  0.129094
0.21875  0.070636
0  0.183149
-0.03125  0.0199524
0.03125  0.0754238
0.125  -0.113201
0.0625  -0.113162
-0.21875  -0.025697
0  -0.124553
0.03125  -0.0222513
0.03125  -0.2145
0.21875  -0.042043
0.125  -0.0976617
-0.09375  0.146202
-0.0625  -0.0624959
0.03125  -0.0453164
0.03125  -0.197791
0.1875  -0.242577
-0.0625  0.1096
0.0625  -0.0207931
-0.28125  -0.120221
0.15625  -0.000296886
-0.09375  -0.033456
0  0.0133151
-0.125  -0.126059
0.0625  0.045673
-0.03125  -0.12329
-0.09375  -0.132623
0  0.218066
0.09375  -0.223893
0.0625  -0.160733
0.0625  -0.261951
-0.09375  -0.0273393
0.09375  0.0350507
0  -0.134852
-0.21875  0.117098
0  0.0507359
0.03125  -0.0112794
0.125  -0.150537
0  -0.0935712
-0.03125  -0.204933
-0.0625  -0.0325452
0.09375  -0.134389
0.125  -0.165316
0.125  0.125163
0.0625  -0.209153
-0.03125  -0.178009
0.1875  -0.0548392
0  -0.0784747
-0.125  -0.0732056
-0.09375  0.105625
0.03125  -0.26028
0.0625  0.0174966
-0.03125  -0.172129
-0.03125  0.176876
-0.03125  -0.339566
-0.09375  -0.0332554
0.125  -0.0778069
0  -0.275451
0.125  -0.0170495
0.0625  -0.176344
0.0625  -0.193776
0.0625  0.0739113
0  -0.172946
0.03125  0.0456427
0  -0.243049
0.09375  0.088585
0.03125  -0.154224
0.0625  0.0586138
0  -0.14235
-0.1875  -0.0190044
-0.1875  -0.0613816
0.21875  0.0611136
0.15625  -0.218741
-0.0625  0.0153393
0  -0.0778906
0  -0.000423803
-0.15625  -0.0728484
0.0625  0.131529
0.1875  -0.0574686
0.15625  -0.257113
0.125  -0.288258
0.03125  -0.0511901
-0.125  -0.0995006
0.21875  -0.0425944
-0.15625  0.216128
0  -0.215727
-0.03125  0.0802441
0.125  0.0642145
-0.09375  -0.00841592
-0.09375  -0.200929
-0.1875  -0.0946763
-0.03125  -0.214856
0.0625  -0.197735
0.03125  -0.223906
0.03125  -0.257483
-0.1875  -0.165419
-0.03125  -0.157188
-0.09375  -0.149509
-0.09375  -0.151147
0.03125  -0.0347856
-0.09375  -0.338462
-0.03125  0.0597319
-0.25  -0.124359
0.15625  -0.0656177
0.03125  -0.0893761
0  -0.108669
-0.03125  -0.201903
0  -0.0828136
0.15625  -0.0332238
-0.0625  -0.22525
0.125  -0.154163
-0.125  -0.0773824
0.0625  -0.031797
0.15625  -0.170448
-0.0625  -0.0998553
-0.25  -0.260924
0  -0.29367
-0.21875  0.0843505
0.15625  0.0720364
-0.03125  0.0588749
-0.09375  -0.0810745
0.0625  0.0573676
-0.0625  0.0264703
0.21875  0.0258596
-0.125  0.0481455
0.03125  -0.143866
0.0625  0.0638003
-0.03125  -0.121928
0.125  -0.109759
0.0625  -0.0490241
-0.1875  -0.16799
-0.0625  -0.266062
0.03125  -0.147894
0.1875  -0.123484
0.21875  -0.201078
0.0625  -0.13984
-0.0625  0.0284366
0.03125  -0.108653
-0.21875  -0.00808308
-0.25  -0.231882
0.125  -0.0590029
0.09375  -0.0898302
0.03125  0.0496416
-0.0625  -0.00175782
-0.0625  0.131583
-0.15625  -0.113109
0.1875  -0.142949
0.03125  -0.251717
0.21875  -0.25034
0.03125  -0.377044
0  -0.173861
0  0.0223848
-0.03125  0.0102129
-0.125  -0.240433
0.125  -0.00953411
0.15625  -0.14777
-0.0625  0.00174795
-0.15625  -0.350086
-0.09375  -0.0377982
-0.09375  -0.101977
0  0.0700234
0.09375  0.0251146
0.03125  0.154211
-0.125  -0.133313
-0.125  -0.0781608
-0.03125  -0.239608
0.3125  -0.0200039
-0.09375  0.0682184
-0.125  -0.00338135
-0.40625  0.06389
-0.03125  0.0667837
-0.09375  -0.105619
-0.03125  -0.0960471
-0.03125  -0.0782951
-0.03125  -0.169771
-0.09375  -0.0452003
0  -0.0613642
0  -0.146729
0.09375  -0.259565
0.34375  -0.196464
-0.21875  -0.258191
-0.0625  0.0043477
-0.03125  0.0367397
0.0625  0.159338
0.03125  -0.134312
-0.09375  -0.0300366
-0.125  -0.0980267
0.09375  -0.0854652
0.09375  0.0504482
-0.09375  0.166902
0.21875  -0.207769
-0.125  -0.174735
0  0.0207523
0.0625  0.018715
0.09375  -0.0719759
0.0625  -0.137683
0.03125  -0.144531
-0.0625  -0.149271
0.0625  -0.0134667
-0.15625  -0.0803192
-0.15625  -0.106483
0  0.0421351
-0.25  -0.23178
-0.09375  -0.0285466
-0.03125  -0.0724102
-0.15625  -0.0645585
0.0625  -0.0705545
-0.1875  0.0930897
-0.125  -0.151813
0.125  -0.30534
0  -0.117103
0.03125  -0.122531
-0.03125  -0.174372
-0.03125  -0.220458
-0.28125  0.0098218
-0.03125  -0.218822
-0.03125  0.0276119
0.21875  -0.0882448
0  -0.261818
0.03125  -0.0547388
-0.03125  -0.062623
0.15625  -0.0994934
0.1875  0.243968
0  -0.00553577
-0.0625  -0.178759
-0.03125  0.12914
0.09375  0.0505517
0.03125  -0.18048
-0.09375  -0.174184
0.09375  -0.0817206
0.0625  0.0830371
0  0.0261019
0.15625  -0.116706
0.125  -0.0430801
0.21875  -0.167794
0  0.13658
0  -0.106776
-0.3125  -0.0199317
-0.09375  -0.0334729
0.09375  -0.0521683
0.09375  -0.0764707
0.0625  -0.0546196
-0.09375  -0.0205183
0.21875  0.0711746
0.125  0.0711353
-0.1875  -0.113658
-0.09375  -0.0650601
-0.125  -0.128436
0  -0.109513
0  0.124609
0.0625  0.0856819
-0.09375  -0.0632848
0.09375  -0.0250152
-0.25  -0.0509539
-0.125  0.0129367
-0.09375  -0.0386166
0.125  0.188339
0.03125  -0.150805
0.09375  0.014731
-0.25  -0.112379
-0.0625  0.173503
-0.125  -0.234197
-0.15625  -0.106541
-0.1875  -0.156117
0  -0.203615
0.125  -0.116157
0.1875  -0.302055
-0.1875  -0.199696
0.21875  -0.324508
0.0625  -0.00712429
0.125  -0.324653
0.25  -0.0123844
0.15625  -0.40512
0.0625  0.153931
-0.09375  -0.162497
0  -0.00878289
0.0625  -0.0642199
-0.09375  -0.0228727
0.09375  -0.0335305
-0.09375  -0.0888372
-0.0625  -0.0120956
-0.15625  0.159765
-0.1875  -0.387541
0.0625  -0.0606433
-0.125  -0.112947
0.125  -0.25738
0.09375  0.030452
0  -0.150758
-0.0625  -0.0398699
-0.03125  -0.00651768
0.125  -0.112655
-0.0625  -0.0501113
0.1875  0.0100915
-0.0625  -0.282297
0.0625  -0.167809
0.1875  -0.23727
-0.03125  -0.211549
-0.09375  -0.123407
-0.0625  -0.012909
-0.21875  -0.321019
0.28125  -0.299344
0.0625  -0.214818
0.03125  -0.0632878
0.125  -0.260849
0.03125  -0.0131295
-0.09375  -0.0748978
0  -0.0391612
-0.03125  0.00682324
0  0.0789078
-0.15625  0.0030273
-0.21875  -0.0277042
-0.0625  -0.00837715
-0.0625  -0.0759044
0.0625  -0.0715376
0  -0.106218
0.15625  -0.0653806
-0.125  -0.012127
0.0625  -0.0723083
-0.0625  -0.125933
-0.03125  -0.315795
-0.125  -0.0430794
0.03125  -0.0897449
-0.1875  -0.127835
-0.25  -0.219178
-0.0625  -0.00454042
0  -0.246602
0.0625  -0.278256
-0.21875  -0.127926
-0.0625  -0.112155
-0.125  0.148333
-0.03125  -0.0683148
0.09375  0.0853461
0.0625  -0.179665
-0.03125  -0.0429604
0.125  0.0665985
0.03125  -0.205105
0.0625  -0.0383724
-0.125  -0.0114772
0.09375  -0.207923
-0.03125  -0.0756724
0  0.054538
-0.25  -0.119387
-0.21875  -0.165385
-0.1875  0.110329
0.0625  -0.00688877
-0.15625  -0.249432
-0.3125  -0.381291
0.0625  0.0948504
0.0625  0.00118291
-0.1875  -0.187139
-0.15625  0.0879532
-0.0625  -0.15785
-0.0625  -0.121904
-0.03125  -0.0857825
0.09375  -0.0919821
0.09375  -0.0962762
0.03125  -0.119777
-0.125  -0.228515
0.0625  0.0714641
0  -0.0987738
-0.0625  -0.16857
0.375  -0.146651
0  -0.0273692
0.03125  -0.0959734
-0.03125  -0.0162704
-0.0625  -0.000409462
0.0625  -0.127529
-0.125  0.0268719
-0.03125  0.0265158
0  -0.0582264
0.125  0.0743302
0.03125  -0.267214
0.25  -0.139068
-0.09375  -0.106965
-0.125  -0.228015
0.21875  -0.0683266
-0.0625  0.00190504
-0.03125  -0.291283
-0.125  -0.152712
-0.0625  0.0212907
0  -0.0376373
0.125  -0.167921
0.0625  -0.0279627
0.09375  -0.0229772
-0.03125  -0.0392913
-0.125  0.00549934
0.0625  -0.093974
0  0.0828768
0  -0.100411
-0.0625  -0.164079
0  0.0824003
-0.09375  -0.134426
0  -0.112464
-0.03125  0.0772387
0.03125  -0.039068
-0.03125  -0.119259
-0.3125  0.0154083
-0.1875  -0.0748576
0  -0.0833186
0.1875  0.0949785
-0.03125  -0.0287853
0.1875  -0.22996
-0.1875  0.0146638
-0.15625  -0.139612
-0.09375  -0.102538
-0.03125  -0.0888231
-0.0625  -0.44884
0.125  -0.0225013
-0.03125  -0.152281
0.09375  -0.0730411
-0.0625  -0.276198
0.1875  0.0240812
-0.125  -0.0326562
0.03125  -0.0309
-0.15625  -0.233093
0.0625  -0.00337057
0.15625  -0.0369153
0.09375  -0.155745
0  0.0212788
0.125  -0.0387392
0.15625  -0.0634311
0  -0.156954
0.0625  -0.0842518
0.125  0.0513663
0.125  0.0419334
-0.0625  -0.0743539
0.1875  0.0904558
-0.46875  -0.11442
0  -0.114748
-0.0625  -0.189187
-0.15625  -0.192214
-0.25  0.022619
-0.0625  0.00288917
0.21875  -0.0670702
-0.03125  -0.116235
-0.09375  0.0664402
0.15625  -0.231388
0.09375  -0.0258202
-0.125  0.0598264
0.03125  -0.128476
-0.09375  -0.26277
0  -0.101344
-0.0625  0.0878067
0.0625  -0.21508
-0.34375  -0.139017
0  -0.139457
-0.15625  -0.187245
-0.25  -0.138745
0.0625  -0.0248074
0.09375  -0.0534339
-0.03125  -0.0847291
-0.0625  0.220182
0.09375  -0.139324
0.03125  0.0153293
-0.09375  -0.0586363
-0.15625  -0.152717
0.03125  -0.121704
-0.125  -0.0786431
-0.09375  -0.228953
0.28125  -0.309322
-0.09375  -0.0290628
0.09375  0.054214
-0.125  0.0259977
-0.03125  -0.215473
0  0.031354
0.125  -0.157078
-0.0625  -0.0402876
0.09375  -0.0359973
0.09375  -0.109489
0.125  -0.125475
-0.25  -0.20236
-0.15625  -0.257759
-0.03125  -0.107054
-0.125  -0.0481549
-0.125  -0.0239085
-0.0625  -0.119745
-0.15625  -0.116705
-0.0625  0.124723
-0.03125  -0.190673
-0.03125  -0.0729664
-0.0625  -0.340956
0.21875  -0.131855
0  0.1356
0.03125  -0.0674933
-0.0625  -0.0447461
0.125  -0.0829307
0.15625  -0.0230048
0.125  0.0958031
-0.03125  -0.0264216
0.0625  0.0668567
0.03125  0.05458
-0.125  0.109911
-0.03125  -0.225715
-0.09375  0.0279609
0.09375  -0.13765
0.0625  -0.0528171
-0.125  -0.249135
0.1875  -0.17231
0.03125  -0.0340868
0  0.217521
0.03125  -0.17401
-0.125  -0.112977
-0.09375  -0.0839468
0.15625  -0.423406
0.03125  -0.107387
0.03125  -0.31027
0.0625  -0.119434
-0.09375  -0.120289
-0.03125  -0.0357419
-0.03125  0.148979
0  0.0203727
0.3125  -0.0301244
0.09375  -0.220018
0.03125  -0.0877697
0.03125  -0.00614573
-0.25  -0.0750844
-0.0625  -0.265859
-0.15625  0.0682863
-0.09375  0.00816448
0.03125  -0.107782
0.09375  -0.0585042
-0.0625  -0.116447
-0.03125  0.0313026
0.09375  -0.0453781
-0.125  0.0103774
-0.03125  -0.0962033
-0.125  -0.0538247
-0.03125  -0.0357183
0.1875  0.0282023
0.03125  -0.293178
-0.0625  -0.00479935
0.34375  -0.104795
0.15625  0.122221
0.03125  -0.089678
0  0.010555
0.1875  -0.174781
0.125  -0.164791
-0.0625  -0.247778
0.15625  -0.260249
-0.0625  -0.447021
0.0625  -0.295464
0.1875  -0.256708
0.21875  -0.239103
-0.0625  -0.0907708
-0.09375  -0.353622
0.25  0.0650739
-0.125  0.146491
0.0625  -0.214621
0.125  -0.197704
0.21875  -0.00770716
0  -0.0212069
0.03125  0.0111644
0.0625  -0.13249
0.09375  -0.147684
-0.09375  0.0230083
-0.03125  -0.055722
0.09375  -0.0804949
-0.03125  -0.123288
0.0625  0.0991989
-0.125  -0.228855
0.125  -0.0968358
0.1875  -0.0761836
-0.0625  -0.045687
-0.09375  -0.142953
-0.09375  0.0178532
-0.0625  -0.155807
-0.15625  -0.219717
0.125  0.0720364
0.28125  -0.275635
0.125  -0.281241
-0.03125  -0.154896
0  -0.231659
-0.0625  -0.0861758
-0.125  -0.0918346
-0.09375  -0.11475
0.21875  0.108447
0.0625  -0.0322036
0  -0.0918247
-0.09375  -0.0441729
0.25  -0.123225
0.25  -0.271241
0.125  -0.137488
-0.15625  -0.0925486
-0.03125  -0.0487442
0.21875  -0.398524
0.125  -0.212216
-0.125  -0.250977
-0.15625  -0.0827939
0.0625  -0.0603042
0.15625  -0.180012
0.03125  -0.00895171
-0.125  -0.0188324
-0.03125  -0.308574
0.21875  -0.0259382
-0.03125  -0.0964296
-0.09375  -0.128518
-0.25  -0.0179417
0.03125  -0.466014
0.03125  -0.0999484
-0.3125  0.0959089
0.0625  0.0214333
0  -0.165105
-0.15625  0.284011
-0.15625  0.0755322
0.03125  -0.117559
0  -0.157719
0  -0.221621
-0.1875  -0.10274
-0.125  0.109728
-0.0625  -0.168289
0.03125  0.153479
-0.03125  0.0897888
0.03125  -0.162112
0.21875  -0.0457098
-0.03125  -0.154069
0.125  -0.0383935
0.125  -0.102018
-0.0625  -0.0033967
-0.09375  -0.159691
-0.03125  -0.0385962
0.0625  -0.264244
0.15625  -0.00964966
0.09375  -0.18759
-0.0625  0.0554148
-0.0625  -0.199726
0.1875  -0.103882
0  -0.119637
0.15625  -0.282407
0  -0.14469
0.15625  -0.00404822
0.1875  -0.0391038
-0.25  0.236566
0.21875  -0.208916
-0.09375  0.0756986
0.09375  -0.266215
-0.03125  -0.227848
0.03125  -0.195077
0.25  -0.213489
-0.125  -0.00755851
0.0625  -0.17397
-0.09375  -0.0864008
-0.03125  -0.00369365
-0.03125  -0.222939
-0.125  -0.150578
0.1875  -0.389377
-0.21875  -0.186538
0.03125  0.0559477
0.1875  -0.070504
-0.09375  -0.159095
-0.15625  -0.109048
0.125  -0.018049
-0.03125  -0.247875
-0.21875  -0.436181
-0.15625  -0.109927
0.21875  -0.240871
-0.125  -0.218048
0.125  -0.176025
-0.1875  0.00391115
-0.03125  0.160048
-0.0625  -0.203857
-0.15625  -0.128079
-0.25  -0.117994
-0.03125  -0.0828565
-0.0625  -0.0333321
0.1875  -0.102703
0  -0.0170133
0.125  -0.0602392
-0.03125  -0.278266
-0.03125  -0.115573
-0.125  -0.0200558
0.03125  -0.157737
0.1875  -0.159495
0.09375  -0.130426
0  -0.149154
0.25  -0.158225
-0.09375  -0.145466
-0.21875  -0.155752
-0.0625  -0.0451135
0.09375  0.27351
-0.09375  -0.13361
-0.125  -0.1765
0.0625  -0.197314
0.125  -0.151415
-0.0625  -0.121809
-0.21875  -0.142108
-0.0625  0.0805358
-0.125  -0.20686
-0.09375  -0.0237351
0.21875  -0.0149948
-0.125  0.0566482
0.09375  0.146959
0.0625  0.134707
0.0625  -0.0771827
0.125  -0.146935
-0.15625  0.187415
0.25  -0.209863
-0.0625  -0.210177
-0.15625  -0.344824
0  -0.0211382
-0.125  -0.0732158
-0.0625  0.0566682
0.1875  -0.0609554
-0.03125  0.134024
0.03125  -0.298797
0  -0.082747
0  -0.244128
-0.21875  -0.101031
0.1875  -0.207079
0  0.0425883
0.03125  -0.279018
0.09375  -0.153688
0.09375  0.249427
-0.09375  -0.0751402
-0.03125  0.0133084
0.09375  -0.135134
0  -0.0831858
-0.09375  -0.166312
0.125  -0.0812926
0  -0.138239
0  -0.123742
-0.03125  -0.134223
0.1875  -0.245397
-0.15625  -0.103271
-0.09375  -0.161791
0.15625  0.0044512
-0.125  -0.236298
0.03125  -0.0619269
0.21875  -0.142149
-0.1875  -0.194228
-0.0625  -0.183103
-0.0625  0.0826795
-0.0625  -0.237423
0  -0.304718
-0.21875  -0.0927026
-0.03125  -0.149853
0.125  0.0686539
-0.09375  -0.10324
-0.21875  -0.0288557
-0.0625  0.0161407
0.1875  -0.0742282
0.125  -0.222139
0.15625  -0.0718926
0.03125  -0.254215
-0.125  0.0033448
-0.125  -0.0652503
-0.03125  -0.0411757
-0.03125  -0.284976
0.21875  -0.307328
0.125  -0.143454
-0.0625  -0.169091
-0.21875  -0.07191
-0.25  -0.319831
0.25  -0.0219216
0.09375  -0.162815
0.125  -0.152861
0.09375  -0.0960889
0.25  0.100947
0.09375  -0.197002
-0.0625  -0.148799
-0.125  0.0348252
0.03125  -0.15033
0.09375  -0.325679
-0.25  -0.171587
-0.15625  -0.0247924
-0.25  -0.016221
-0.03125  -0.35012
-0.125  -0.238273
-0.53125  0.0293331
0.09375  -0.0608649
0.125  -0.108947
0.0625  -0.194262
-0.0625  -0.0540937
0.125  -0.170968
-0.09375  0.00167078
0  -0.0113783
0.09375  -0.0169256
0.09375  -0.0859651
0  -0.119149
0.0625  -0.203928
-0.09375  -0.408191
-0.03125  -0.20195
0.15625  0.0316782
0.09375  -0.21685
0.0625  -0.0334397
-0.09375  0.101347
-0.0625  -0.0974659
0.03125  -0.24622
0.1875  -0.0278033
-0.0625  -0.156351
-0.03125  -0.0628836
-0.15625  -0.10099
0  0.00297191
-0.1875  -0.166039
0  -0.0351731
0.09375  -0.041625
0.03125  -0.072954
-0.125  -0.0435157
-0.15625  -0.0261591
-0.03125  0.0307567
-0.0625  0.0275367
0.09375  -0.234636
-0.15625  -0.16468
-0.25  0.0321247
0.0625  -0.0691203
-0.125  0.00953506
-0.09375  -0.0968792
-0.1875  -0.140017
-0.0625  -0.0676465
-0.15625  -0.262813
0.28125  -0.290654
-0.0625  -0.0537548
0  -0.227049
0.15625  -0.128084
0.0625  -0.274984
-0.25  0.0927319
0.15625  -0.229702
-0.125  -0.0125248
-0.03125  -0.105522
-0.21875  -0.152711
-0.0625  0.130979
0.09375  -0.091693
0.03125  0.118504
-0.03125  0.0937614
0.21875  -0.00671425
-0.125  -0.277415
-0.03125  -0.0810927
0.09375  0.0870059
-0.03125  -0.226638
0.09375  -0.0697134
0.125  -0.122558
-0.1875  -0.086576
0  -0.126446
-0.125  0.00176644
0.03125  -0.229173
0.0625  -0.0551561
0.34375  -0.112006
-0.125  -0.26616
-0.09375  -0.0866675
-0.09375  -0.132527
0  0.0158322
-0.1875  -0.113393
-0.0625  -0.209336
0.09375  -0.183361
-0.25  -0.114171
-0.1875  -0.0894837
-0.125  0.0340659
-0.1875  0.0346241
-0.375  -0.080785
0.03125  -0.00418549
0  0.062552
-0.15625  -0.0747958
-0.03125  -0.0718028
-0.09375  -0.217762
0.125  -0.0478526
0.09375  -0.242066
-0.125  -0.143532
0.03125  -0.0132792
0.1875  -0.122487
-0.09375  -0.174217
-0.15625  -0.141968
0.0625  0.0136275
0.15625  -0.201221
0.1875  -0.0944961
0.0625  -0.158158
-0.03125  -0.116292
0.0625  -0.262525
0.15625  -0.0953152
0.0625  -0.226809
0  -0.0101448
-0.21875  -0.0340979
-0.0625  -0.109676
0.125  -0.281628
-0.0625  -0.020162
-0.15625  -0.0314563
0  -0.106541
-0.09375  -0.0967299
0.15625  -0.137393
-0.03125  -0.0092003
-0.0625  -0.0248805
0  0.0668339
0.03125  -0.115124
0.03125  0.0734318
-0.125  -0.169098
0.125  -0.143297
0.0625  -0.0262129
-0.125  0.00382173
-0.03125  0.0833632
0  -0.136745
-0.21875  -0.126329
-0.03125  0.169718
0  -0.125374
0.09375  -0.0404168
0.03125  -0.0503837
-0.15625  -0.241429
0.0625  0.0727494
-0.125  -0.0974842
0.09375  -0.15227
0.34375  -0.0987151
0.1875  -0.0797421
-0.0625  -0.000929925
0.125  -0.0835744
0  0.0639652
0.03125  0.209657
-0.25  0.0166597
-0.0625  -0.0673728
0.09375  -0.285072
-0.0625  -0.176272
0.25  -0.0278969
-0.1875  -0.0739844
0.0625  -0.0851287
0.0625  0.141949
0.0625  -0.249212
-0.0625  -0.0873006
-0.09375  0.0134021
0  -0.283869
-0.125  -0.105272
0  -0.230591
0.21875  -0.223398
0.125  -0.205895
0  -0.149552
0.09375  0.119228
0.0625  -0.143856
-0.1875  -0.00709516
0.125  0.0118114
0.3125  -0.14901
-0.3125  -0.180967
-0.03125  -0.21096
0.1875  -0.0672503
-0.125  0.0767779
-0.0625  -0.153125
0.0625  -0.170884
-0.09375  -0.106906
0.03125  -0.0165652
-0.09375  0.000608449
0  0.0845142
0.03125  0.0222608
0.03125  0.103009
0  -0.136455
-0.125  -0.129904
0.0625  -0.0174175
0.03125  -0.271478
-0.21875  0.0691084
0  -0.166908
-0.25  -0.0479595
-0.0625  0.0796402
-0.0625  -0.208787
0.03125  0.11009
-0.0625  -0.0223815
0.0625  -0.296706
-0.25  0.0551246
-0.03125  0.127177
0.15625  -0.317629
-0.25  -0.31306
0  -0.0460003
-0.0625  -0.000554164
0.21875  -0.0546289
0.09375  -0.111522
-0.15625  -0.263632
0.0625  0.0730807
0  -0.126379
0.25  -0.263764
0.0625  -0.259842
-0.15625  -0.0840423
0.09375  -0.0381244
0.03125  -0.152209
0.125  -0.207967
-0.03125  -0.175865
0.0625  -0.210727
0.03125  -0.182199
0.125  0.0104246
0.15625  0.102118
-0.0625  -0.159176
0.21875  -0.123119
-0.125  -0.125378
0.21875  0.0991288
0.1875  -0.311891
0.09375  0.112553
-0.03125  -0.00818683
-0.1875  -0.271675
-0.03125  0.0820746
-0.15625  0.054428
0.03125  -0.188332
0.09375  0.00908758
-0.0625  -0.146364
-0.03125  0.289505
-0.09375  0.0208549
0  -0.00365436
-0.03125  -0.192504
-0.0625  -0.212271
0.1875  -0.066447
0.0625  -0.109866
0  -0.413274
-0.15625  -0.112176
0.03125  -0.08997
0.09375  -0.03271
-0.03125  0.0748991
-0.125  -0.0832151
0  -0.135377
-0.03125  -0.0994184
-0.0625  -0.21735
-0.15625  -0.0344428
0.0625  -0.0839339
-0.21875  -0.298281
-0.15625  -0.0725204
0.0625  -0.143386
0.0625  0.0344861
0.21875  -0.0897887
0.03125  -0.27821
-0.15625  -0.0257274
-0.0625  -0.202044
-0.03125  -0.0676502
0.0625  -0.147291
-0.03125  0.151266
-0.1875  -0.16019
0.25  -0.191052
0.125  -0.18928
0.15625  -0.120607
0.125  -0.175993
0.125  -0.0783477
0.09375  -0.086615
0.03125  -0.303338
-0.0625  -0.15742
-0.125  -0.069976
0.1875  -0.243134
0.09375  -0.216105
0.15625  0.226954
0.125  -0.287772
-0.09375  0.0971216
0.0625  -0.170565
0  -0.0402861
0.03125  -0.269958
-0.03125  0.101784
-0.09375  -0.0617417
0  -0.135348
-0.03125  -0.120501
-0.09375  0.00925185
0.0625  -0.331938
-0.09375  0.101044
-0.09375  -0.0391989
-0.15625  -0.0138627
0.125  -0.0208785
0.09375  -0.332416
-0.0625  -0.0813613
-0.03125  -0.230372
-0.09375  -0.0678844
0.03125  -0.0640785
0.125  -0.158755
-0.125  -0.209609
0.09375  -0.121102
0  -0.0619036
-0.0625  0.0815975
0.03125  -0.351025
-0.09375  0.0358014
0.125  -0.257215
0.03125  -0.042574
-0.25  0.0402616
0.09375  0.00342478
-0.0625  -0.0284397
0.28125  -0.398715
-0.0625  -0.268916
-0.09375  -0.142989
0.15625  0.0438133
0  -0.17967
0.0625  -0.111286
0  -0.112445
0.15625  0.0723171
0  -0.174758
0.21875  0.233179
0.125  -0.176726
0.03125  -0.157302
0.125  -0.117442
0.25  -0.106165
-0.125  0.0695103
-0.0625  -0.127094
0.0625  -0.107423
-0.15625  -0.136624
0  -0.0084347
0.09375  0.0320568
-0.09375  -0.0857951
-0.1875  -0.00231446
-0.09375  -0.058047
0.125  0.0703782
0.15625  -0.178486
-0.125  -0.0858502
-0.03125  -0.229313
-0.1875  -0.176303
0  -0.347164
-0.125  0.0215189
-0.09375  -0.112197
-0.09375  0.0092094
-0.0625  -0.22668
0  -0.306861
0  -0.166296
0.28125  -0.076867
-0.25  -0.167707
-0.125  -0.0727206
0.0625  -0.202829
0.21875  0.00296859
-0.25  -0.152287
0.28125  -0.198902
0.0625  -0.430011
-0.25  -0.0561275
0  -0.248066
-0.15625  -0.245848
-0.0625  0.0116254
-0.125  -0.0190683
-0.21875  -0.171324
0.125  -0.134366
0.125  -0.158813
0.09375  -0.252756
0.09375  -0.00967126
0.09375  -0.129799
-0.15625  -0.0649617
0.03125  -0.118247
0.0625  0.0984905
0.0625  0.182357
0.0625  -0.0674161
-0.28125  0.0375623
-0.09375  -0.227362
-0.25  -0.0617164
0  -0.157526
-0.0625  0.134619
0  -0.200395
0.125  -0.268045
0  -0.0771395
-0.03125  -0.0184365
-0.3125  -0.175469
0  -0.32997
-0.125  0.153943
-0.09375  -0.292066
0.0625  0.218228
-0.03125  0.133054
-0.09375  0.0802323
0.15625  0.0873487
0  -0.0930186
-0.0625  -0.07433
-0.21875  -0.27143
0.09375  -0.0103481
-0.0625  -0.100766
0.125  -0.129842
0.21875  -0.040229
0.09375  -0.373828
0.09375  -0.148637
0  -0.115803
0.15625  -0.0434705
-0.125  -0.1054
-0.0625  -0.18554
-0.09375  -0.112301
0.03125  -0.27262
0.03125  -0.0365677
-0.21875  0.0630905
-0.03125  -0.130893
0.03125  -0.163212
-0.03125  0.016266
0.03125  -0.342061
0.125  -0.188468
0.0625  -0.122482
-0.09375  -0.18991
0.0625  -0.17336
-0.125  -0.19995
0.125  -0.00122927
0.125  -0.149129
0.03125  -0.290358
0.0625  -0.180372
-0.09375  -0.22945
-0.25  -0.238517
0  -0.0602363
0.1875  -0.181523
0.03125  0.0578786
-0.15625  -0.181558
0.09375  0.0787606
0.03125  -0.152979
0.0625  0.0475093
-0.03125  -0.25066
0.09375  0.0139647
0.125  -0.0654707
-0.03125  -0.065852
-0.0625  -0.0608484
0.03125  0.105026
0.03125  -0.0877113
0.125  0.0860105
0.09375  -0.271789
-0.125  -0.208575
0.15625  -0.166742
0.03125  0.0734834
0  -0.216396
-0.21875  0.146711
0.125  -0.0964928
-0.125  -0.264547
-0.15625  -0.00498193
-0.03125  -0.269061
0.0625  -0.0841662
0.125  -0.238602
-0.15625  -0.15997
-0.03125  0.113957
0.0625  -0.174012
0.03125  -0.0484834
0.0625  0.0287763
0.03125  -0.15257
-0.0625  -0.131287
-0.1875  0.133866
-0.09375  0.0409858
-0.15625  0.083143
0.34375  0.220148
-0.1875  -0.0411692
-0.0625  -0.0616628
0.34375  -0.136552
0.125  -0.218676
-0.03125  0.0153355
0.15625  -0.248816
0.15625  0.110062
-0.21875  0.117205
-0.03125  0.0118585
0.09375  -0.179187
0.0625  -0.177395
0.09375  -0.0786739
0.0625  0.0232192
0.15625  -0.00390117
0.03125  -0.0823377
0.0625  -0.194799
0.09375  -0.188198
0.0625  -0.0284511
0  -0.161363
-0.0625  0.0349591
0  -0.0340699
0  -0.136741
0.125  0.0978848
0.09375  -0.107801
-0.03125  -0.148291
-0.1875  0.0049633
0.09375  -0.0478696
0.125  -0.147052
-0.09375  -0.193262
0.25  -0.369963
-0.125  -0.191205
-0.09375  -0.0239323
0.28125  -0.0480214
0.0625  -0.0134706
0.125  0.0499183
0.125  0.0822962
0.03125  0.0394911
0.125  -0.297858
-0.21875  -0.207112
0.03125  -0.138318
-0.0625  -0.0566829
0.1875  0.084887
-0.0625  -0.0227741
-0.125  -0.0746645
0.0625  0.0412895
-0.125  -0.105395
-0.03125  -0.025218
-0.25  -0.260537
-0.15625  -0.0973178
0.125  -0.104667
-0.21875  0.0627802
0.21875  -0.244226
0.21875  0.0379713
0.125  -0.0988321
-0.15625  -0.0556209
0.03125  -0.164514
0  -0.228972
0  -0.132361
0  -0.165009
-0.15625  -0.164038
-0.03125  -0.159561
0  -0.192811
-0.03125  -0.155955
-0.125  -0.0365396
-0.03125  0.0581535
-0.125  -0.101029
0.28125  -0.203554
0.03125  -0.123752
0.0625  -0.122626
-0.09375  -0.210854
0  0.0793527
0.15625  -0.031702
0.09375  -0.012139
-0.03125  -0.219477
0.03125  0.0259707
0.125  -0.0997275
-0.03125  -0.113264
-0.09375  -0.185705
0  -0.0124666
-0.0625  -0.113949
-0.03125  -0.0735012
0  0.00174756
-0.25  -0.149372
0.0625  -0.114552
-0.0625  -0.0193243
0.03125  -0.136901
-0.25  -0.310192
0  0.0496314
-0.15625  -0.115641
-0.1875  -0.120692
-0.125  -0.0691639
-0.15625  -0.0380747
-0.09375  0.174209
0.03125  -0.0724429
-0.0625  0.267263
0.15625  0.104497
-0.03125  -0.0942949
0.1875  -0.174619
0  -0.0863803
0.15625  -0.110335
0.125  -0.060152
-0.03125  -0.105301
-0.0625  -0.150103
0.0625  -0.142926
0.03125  -0.0246339
0.03125  -0.0680985
0.0625  0.183848
-0.3125  -0.00259158
-0.09375  0.188318
0.09375  0.0420241
0.1875  0.0353171
-0.125  -0.0244631
-0.125  0.15851
0.03125  -0.149735
-0.0625  -0.112494
0.09375  0.0388148
0.21875  -0.300662
-0.0625  0.049369
0.1875  -0.164277
-0.15625  -0.198441
0  -0.126881
0.1875  -0.14409
-0.125  -0.379723
0.03125  -0.134528
-0.03125  -0.185294
0.0625  0.143303
0.09375  -0.265339
-0.03125  -0.0827836
0.0625  -0.125828
-0.125  -0.254046
-0.28125  0.115919
0.0625  -0.123472
0.21875  -0.173098
-0.0625  0.019015
0.09375  0.144942
-0.125  -0.236355
-0.03125  -0.251149
-0.28125  -0.20951
0  -0.175007
0.25  -0.144575
-0.03125  -0.15513
-0.03125  0.0684072
0  -0.103771
0.03125  -0.136342
0  -0.125272
0.09375  -0.105117
0.25  0.0774723
0.03125  -0.0905531
-0.09375  -0.085405
0.03125  0.14987
0  -0.157374
0  -0.282819
0.3125  -0.346417
0.21875  -0.186742
0.03125  -0.0325271
0.15625  0.0908311
0.09375  0.0622422
-0.0625  0.0971864
0.25  -0.0518994
-0.03125  0.0691415
0.03125  -0.156631
0.125  -0.220011
0.25  -0.270818
0.0625  -0.231315
-0.0625  -0.186112
0  0.0153998
0  -0.222659
0.1875  -0.222794
0.125  -0.127744
0.1875  -0.124437
0  -0.00272364
0.375  -0.227286
0.125  -0.245915
0.3125  -0.0740851
-0.03125  0.0670305
0.03125  -0.05398
-0.34375  -0.293579
0.03125  -0.174121
-0.0625  -0.0352577
0  0.0291254
-0.0625  -0.125699
0  0.0406844
-0.125  -0.192623
0.09375  -0.10766
-0.0625  -0.0261987
0.09375  0.0051104
0.09375  -0.0715586
0.03125  0.0749407
-0.25  -0.191157
0.125  -0.147546
0  -0.122908
0.03125  -0.0345278
-0.21875  0.027528
-0.0625  -0.240583
-0.125  -0.17823
0.15625  -0.175391
0  -0.184447
-0.03125  -0.0878954
0.15625  0.0154768
0.125  -0.281562
0.21875  -0.146961
0  -0.174171
-0.15625  -0.0491984
-0.1875  -0.176787
0.03125  -0.189852
0  -0.12973
0.0625  0.0519358
0.0625  0.131651
-0.1875  -0.125742
0.09375  -0.184151
0.09375  -0.092704
-0.09375  -0.00526853
-0.125  -0.141772
-0.15625  -0.0317799
0  0.0328121
-0.09375  -0.020477
0.0625  -0.0394595
-0.03125  -0.0941752
0.09375  -0.0588403
-0.25  -0.105709
-0.09375  0.0842243
-0.09375  0.0200737
0.1875  -0.161307
-0.03125  -0.478139
0.21875  -0.046118
0.0625  -0.340294
0.125  -0.00651087
-0.3125  -0.0499331
0.03125  -0.2029
-0.03125  0.00748355
0.125  -0.139804
-0.21875  -0.336289
-0.03125  -0.0325137
0.25  -0.159362
-0.0625  -0.152031
0.03125  -0.27877
-0.15625  -0.286132
-0.03125  -0.0219582
0.0625  -0.061823
0.0625  -0.264658
0.125  -0.233535
0  -0.126406
-0.1875  -0.0334965
0.03125  0.0561912
-0.03125  -0.153568
0.28125  0.0874504
-0.0625  -0.155094
-0.09375  -0.0396533
-0.09375  -0.0225305
0.0625  -0.0585702
0.1875  0.0734906
0.0625  -0.156912
0.09375  -0.000210335
0.15625  -0.0279052
0.09375  -0.144432
0  -0.098641
0.1875  0.0424773
0.03125  0.101828
-0.0625  -0.0723817
-0.09375  0.0981731
0.03125  -0.112948
0.03125  -0.0804076
0  -0.0544953
-0.09375  -0.109469
-0.21875  -0.2967
0  -0.200903
-0.03125  -0.0797643
-0.125  -0.145394
-0.09375  -0.235975
0.1875  -0.113408
0.15625  -0.136106
-0.0625  -0.0931698
-0.03125  -0.247302
-0.1875  -0.135906
-0.21875  -0.31876
0.0625  -0.222701
0.3125  -0.109666
0.21875  -0.0993906
-0.15625  0.15615
0.15625  0.083765
-0.15625  -0.230313
-0.15625  -0.180704
0.125  -0.0811491
-0.09375  -0.177176
0.15625  -0.194742
0.0625  -0.119063
-0.03125  0.0082261
-0.125  -0.169248
0.125  -0.219193
-0.0625  -0.0269224
0.125  -0.141402
0  -0.169206
-0.15625  -0.190117
0.125  -0.0271826
0.3125  -0.0243381
0.3125  0.0534006
0.21875  -0.0915534
-0.125  -0.100584
-0.03125  0.0684618
0.15625  0.0298998
0.09375  -0.115228
-0.0625  -0.178639
-0.0625  -0.175361
0.15625  -0.151143
0.03125  0.173816
-0.125  -0.151183
-0.03125  -0.0547025
-0.09375  -0.0180134
0.03125  -0.0181417
-0.125  -0.279545
0  -0.00870847
0  -0.15415
-0.1875  0.0890449
0.15625  -0.0764608
0  0.0695455
-0.0625  -0.204031
0.15625  0.0454025
-0.09375  -0.00790469
-0.125  0.0394146
-0.125  -0.00265978
-0.375  -0.118956
0.09375  -0.227706
0.1875  -0.258858
-0.0625  -0.10446
0.09375  -0.0836767
0.03125  -0.288275
-0.09375  -0.131619
0  -0.13553
0.09375  -0.36413
0.03125  -0.0611746
0  -0.283421
0  -0.128963
0.09375  0.157444
0.09375  -0.143364
0  -0.115509
0  -0.150086
0.03125  -0.114408
0.0625  0.205877
0.0625  -0.105762
0.34375  -0.0705419
-0.09375  -0.0436033
-0.0625  0.228675
0  -0.0396313
0.03125  -0.072941
0.0625  -0.0382167
0.15625  -0.119376
0.0625  -0.048601
-0.1875  0.058875
0  -0.0931909
-0.0625  -0.231617
0.125  0.026275
-0.125  -0.168859
0.1875  -0.136109
-0.0625  0.168164
-0.0625  0.00809793
0  -0.0704459
-0.0625  -0.12287
0  -0.039908
0.15625  -0.103161
-0.125  -0.234966
0  -0.0613272
0.09375  -0.0119896
-0.09375  -0.0300511
-0.03125  -0.0803671
0  -0.0947976
0.15625  -0.139207
-0.21875  -0.0562542
0.125  -0.284538
-0.15625  -0.129034
-0.1875  -0.120119
-0.0625  -0.200371
0.21875  -0.0657659
0.09375  -0.174167
0.03125  -0.0508113
-0.0625  -0.112944
0.0625  -0.206943
0  0.0159825
-0.0625  0.104002
0  -0.0607358
0.15625  -0.185206
0.03125  -0.0402515
-0.28125  -0.197283
-0.15625  -0.0246364
-0.03125  -0.0379191
-0.125  -0.08102
0.15625  -0.18534
-0.03125  -0.240508
-0.0625  -0.0267938
-0.03125  -0.0779392
-0.0625  -0.0886514
0  0.0747891
0.0625  -0.194091
-0.03125  -0.293113
0  -0.0236567
0  -0.147525
-0.09375  0.0685115
0.0625  -0.125885
0.34375  -0.0436921
-0.03125  -0.252677
0  -0.0349067
0.0625  -0.07608
-0.09375  -0.00263271
0.15625  -0.264586
-0.1875  -0.185493
0.15625  -0.218898
0.1875  -0.158352
0  -0.0780878
0.21875  -0.269103
0.125  -0.0590714
0  0.0551137
0.15625  -0.434893
-0.125  -0.0455286
-0.0625  -0.0393709
0.21875  0.0998811
-0.0625  -0.26388
0  -0.129885
-0.1875  -0.115893
0.09375  -0.175523
-0.0625  0.0622192
-0.125  0.0742469
-0.0625  -0.0820153
0.15625  -0.287037
-0.0625  -0.143013
0  -0.118929
0  -0.271014
-0.03125  0.0684596
-0.0625  -0.0756012
-0.1875  -0.0341674
-0.1875  -0.159929
0.0625  -0.0557167
0.1875  0.0816108
-0.15625  -0.0766391
-0.125  -0.0919331
-0.03125  -0.243377
0.125  -0.246192
0.09375  -0.0301291
-0.125  -0.0889436
-0.15625  -0.0248399
-0.09375  -0.0166452
-0.0625  0.0723457
-0.0625  -0.078936
-0.03125  -0.0283602
-0.1875  -0.229765
0.0625  -0.134015
0.125  0.0381479
-0.03125  -0.187211
0.09375  0.0384221
-0.15625  -0.147326
0.1875  0.0514358
0.03125  -0.249305
0.28125  -0.0628763
-0.125  -0.253735
-0.03125  -0.186723
0  -0.165352
-0.0625  -0.00801994
-0.09375  0.128866
0.09375  0.0338049
-0.21875  0.118044
-0.125  -0.0485082
0.03125  -0.114961
-0.28125  -0.0669222
-0.15625  -0.124841
0  -0.143527
0.0625  -0.269317
0.0625  -0.0636107
0  -0.270671
-0.09375  0.000574142
0.0625  -0.077553
0.15625  -0.165782
-0.125  -0.179007
0.09375  -0.295971
-0.03125  0.0426341
0.03125  -0.383115
0  -0.235938
-0.0625  -0.0435622
-0.125  0.012179
-0.125  0.114317
0.0625  -0.195636
-0.25  -0.0608931
0.0625  -0.0600376
-0.09375  -0.0566887
0  0.262502
0.25  -0.0389
-0.125  -0.0214132
-0.15625  -0.292661
0  -0.328754
0.125  -0.0689125
-0.1875  -0.0256465
-0.15625  0.210771
0.09375  -0.174567
0.125  0.00429153
-0.1875  -0.255297
0.09375  -0.17261
0.0625  0.00554723
0.125  0.0702
-0.21875  -0.142797
0  0.0245744
0  -0.0307447
0.09375  -0.148603
-0.25  -0.0748523
-0.0625  -0.146175
0.03125  0.100846
-0.28125  -0.256141
0  -0.0854492
-0.0625  -0.322037
0.15625  -0.131971
-0.09375  -0.194307
-0.0625  0.253461
0  0.00946736
-0.15625  -0.110907
0.15625  -0.194378
0.0625  -0.0534262
0  -0.304877
0.1875  -0.200764
-0.03125  -0.139624
0.15625  0.106921
0.09375  -0.131874
0.0625  -0.101438
0.09375  -0.143724
-0.125  -0.157411
0.0625  -0.184298
0.03125  -0.0266506
-0.21875  -0.0851869
-0.125  -0.139134
-0.125  -0.170631
0.125  -0.104578
0.125  -0.0648703
0.03125  -0.0019238
0.09375  -0.371429
0.09375  -0.0201735
0.03125  0.192894
0.125  0.0380315
0  -0.168828
-0.1875  -0.0442746
0.125  -0.194305
-0.03125  -0.0464803
-0.09375  0.0579502
-0.125  -0.130622
0.0625  -0.282414
-0.0625  -0.128932
0.1875  -0.0640368
0.25  -0.152584
0.09375  0.00148494
-0.09375  -0.0394199
0.09375  -0.0401122
-0.03125  -0.0618504
0  0.0623477
-0.15625  -0.093947
-0.25  0.0705514
0.0625  -0.00718916
0.125  -0.129988
-0.03125  -0.311754
-0.21875  -0.072788
0  -0.0688905
-0.09375  -0.0789204
0.15625  0.0676063
0  -0.106637
0.0625  -0.120847
-0.1875  -0.148849
0.0625  -0.169304
-0.0625  -0.0681946
-0.15625  0.0819417
0.0625  0.111801
-0.09375  -0.0645773
-0.1875  -0.108691
-0.09375  0.168516
0  0.131192
0.125  -0.181365
-0.0625  -0.0673616
-0.0625  0.109753
0.1875  -0.229288
-0.03125  -0.153473
-0.21875  -0.0797875
-0.0625  -0.0874721
0.125  -0.0691603
0.25  0.0454731
-0.15625  0.0977967
-0.03125  0.164337
0.03125  0.157605
0.03125  -0.112225
0.0625  0.148024
-0.03125  -0.231717
-0.03125  -0.180604
0.21875  -0.0876379
-0.15625  -0.0684106
-0.09375  0.0260594
0.09375  -0.291779
-0.03125  0.02032
0.09375  -0.210788
0.03125  0.0493947
0.0625  -0.104259
-0.09375  0.00536823
-0.03125  0.1244
0.03125  -0.0737029
-0.28125  0.00996029
-0.125  -0.261027
-0.125  -0.188679
-0.1875  0.0133517
0  -0.243944
0  -0.138214
-0.09375  0.016013
0.21875  -0.100595
0.0625  -0.278835
-0.0625  -0.26735
-0.09375  -0.00023219
-0.15625  -0.123575
0.09375  -0.104194
-0.03125  -0.0983042
-0.09375  -0.143269
-0.03125  0.0341434
0.03125  -0.0734764
0.0625  -0.0548377
0.125  -0.148456
0.3125  -0.343729
0.0625  -0.162171
-0.0625  -0.136121
0.09375  -0.162776
-0.0625  -0.101375
-0.0625  -0.0435963
-0.21875  0.1543
0.1875  -0.146433
-0.125  -0.0116599
0.21875  0.0716833
-0.1875  -0.196295
-0.0625  -0.0801585
-0.0625  0.0142543
0.09375  -0.365384
0.0625  -0.0673534
0.03125  -0.130214
-0.0625  0.0650893
-0.03125  0.0166839
-0.15625  0.124371
-0.0625  -0.235395
-0.09375  -0.207359
0.1875  -0.0985193
0  -0.000114435
0.15625  0.119467
-0.125  -0.145333
-0.25  -0.153491
-0.09375  -0.0391723
-0.1875  -0.0545052
0  -0.191716
0.0625  0.0951789
-0.1875  -0.17647
-0.21875  -0.0315933
0.15625  0.0306029
-0.0625  0.108344
0.125  0.119054
-0.09375  -0.0493758
0.09375  0.0928103
-0.15625  0.0309274
0.0625  -0.215742
-0.03125  -0.176324
-0.15625  -0.0368347
0.15625  0.0360998
-0.0625  -0.060804
-0.03125  0.0440457
0.15625  -0.122253
0.15625  -0.0993259
-0.03125  -0.113327
-0.125  -0.234686
0.25  -0.0347257
0.09375  -0.188312
-0.1875  -0.305577
0.09375  -0.198727
0.125  -0.136731
0.15625  -0.111342
0.15625  -0.0709382
-0.0625  -0.156189
0.03125  -0.00680093
0.28125  -0.0903161
0  -0.054593
-0.03125  -0.0684774
0.125  -0.0648827
-0.0625  -0.109437
-0.03125  -0.111807
0.21875  0.120633
0.09375  -0.0787766
0.125  -0.20635
-0.03125  0.0186734
0  -0.00806947
0.03125  -0.248953
0.125  -0.195465
-0.03125  0.0848626
0.03125  -0.0441633
0.25  0.0621875
-0.03125  -0.337529
0.0625  0.101358
0.03125  -0.162122
0  -0.157203
-0.0625  0.0377753
-0.0625  -0.0899278
-0.09375  -0.265901
-0.03125  -0.17292
-0.03125  -0.169903
-0.03125  -0.10847
0  -0.0545125
0.0625  -0.0813851
0  -0.241409
0.03125  -0.317481
-0.125  0.0938407
0.15625  -0.250807
-0.125  -0.14458
0.03125  -0.176498
-0.15625  -0.083444
-0.1875  0.0821057
-0.125  0.213788
-0.0625  -0.0810146
0.25  -0.024212
0.21875  -0.086441
0  -0.0759138
0.03125  0.0279577
0  -0.181028
-0.0625  -0.148924
0.15625  -0.163202
0.125  -0.147284
-0.09375  -0.091201
-0.0625  -0.0375564
0.125  0.0396401
0.21875  -0.224349
-0.1875  -0.120139
-0.125  0.0995858
-0.03125  -0.306954
-0.09375  -0.209178
0.15625  -0.295736
-0.0625  0.1384
0.21875  -0.153529
0  -0.0807246
0.09375  0.00161053
-0.03125  -0.0974135
0.21875  -0.262565
0.375  -0.418565
-0.21875  -0.160586
0.09375  -0.229964
0.09375  0.109974
-0.1875  0.0751673
0.09375  -0.129974
0.21875  0.0416268
0.15625  0.0131821
-0.0625  -0.262335
-0.0625  -0.220343
0.0625  -0.234607
0.09375  0.0504548
-0.15625  -0.204063
-0.0625  0.00930486
0.03125  -0.215151
-0.09375  -0.0997041
0.0625  -0.0879707
-0.09375  0.0120286
-0.125  0.129909
-0.25  -0.195704
-0.125  0.0372215
-0.125  -0.0937391
-0.15625  -0.181281
0.21875  -0.090021
-0.125  -0.150375
0.21875  0.00984035
-0.03125  -0.137631
-0.03125  -0.0727479
0.1875  0.0810941
0  0.0230894
0.03125  0.00735108
0  -0.0956811
0.03125  -0.108022
0  -0.0456549
0.09375  -0.0482469
0.0625  -0.132067
0  0.0808932
-0.1875  -0.22466
0.1875  -0.129241
-0.03125  0.0383764
-0.125  -0.165307
-0.0625  -0.220276
0.0625  -0.0428571
0.15625  -0.147278
-0.03125  -0.00832151
-0.125  0.00267744
-0.3125  -0.136293
-0.09375  -0.049431
0.0625  -0.016947
0.125  0.016877
0.21875  -0.214304
-0.03125  -0.282521
-0.03125  -0.179997
0  -0.069303
-0.1875  -0.107333
-0.0625  -0.214003
0.15625  -0.13997
0.125  -0.240696
0.09375  0.0394007
0.03125  -0.099388
0.21875  -0.174133
0.03125  -0.280299
0.21875  0.0327855
-0.15625  -0.158375
-0.15625  0.112422
-0.1875  -0.11288
-0.0625  -0.271177
-0.09375  -0.215528
-0.03125  -0.152639
0.03125  -0.182732
0.09375  0.0827063
-0.09375  -0.0454454
-0.28125  0.0277051
-0.15625  -0.235511
0  -0.307489
-0.09375  0.0799266
-0.03125  -0.0494158
0.03125  -0.0448328
0  -0.15843
0.25  0.036287
0.0625  -0.059549
-0.0625  0.0403647
0.125  -0.0243795
-0.09375  -0.173328
-0.28125  -0.115398
0.0625  -0.0879086
-0.1875  0.0149025
-0.34375  -0.0131363
-0.1875  0.0345624
-0.25  -0.0479061
0.21875  -0.287497
-0.09375  -0.0912283
-0.09375  -0.179521
0.0625  -0.0310474
-0.0625  -0.170827
-0.09375  -0.0549947
0.25  -0.144974
0  -0.117968
0.03125  -0.136516
0.03125  -0.178346
-0.21875  -0.173574
-0.1875  -0.107499
-0.21875  -0.132793
0  -0.287624
0.1875  -0.0404471
0.0625  -0.289546
0.1875  -0.284626
0.125  -0.249581
0  -0.217608
0  -0.0618513
-0.09375  -0.0712839
-0.28125  0.164362
-0.25  -0.149627
-0.09375  -0.183625
-0.09375  -0.318082
0.09375  0.0645447
-0.03125  -0.0361476
-0.0625  0.0366623
-0.21875  0.132649
0.09375  -0.300877
0  -0.0723647
0.0625  -0.22452
-0.125  0.1523
0.15625  -0.169807
-0.09375  -0.0760277
-0.0625  0.00947501
-0.03125  -0.0642591
-0.09375  -0.0751596
0  -0.029833
-0.15625  -0.162874
-0.3125  0.0682075
0.03125  -0.123371
0  0.116133
0.0625  -0.0114516
-0.15625  -0.0739202
0.03125  -0.0901567
0  -0.206175
-0.0625  -0.0746421
-0.15625  0.0151168
0.0625  -0.238348
0.09375  0.0787732
0.15625  0.173748
-0.03125  0.0514414
0.0625  0.15407
-0.15625  -0.254486
-0.15625  -0.0487359
-0.09375  0.200089
0.09375  -0.134425
0.0625  -0.0491706
0  -0.130021
0.03125  -0.124224
0.25  -0.156107
-0.125  -0.0174101
-0.15625  -0.0130883
-0.03125  0.103324
0.03125  -0.0873242
-0.09375  -0.135394
-0.21875  -0.094457
0.4375  -0.175652
0.09375  -0.111954
-0.09375  0.0305211
-0.03125  0.0970528
0.03125  -0.0376074
0.125  0.161074
-0.0625  -0.0399903
0  0.00989961
-0.09375  0.126296
0.0625  0.0893876
-0.125  0.006304
0.1875  0.0686905
0.09375  0.0118134
0.09375  -0.129556
0.0625  -0.222483
-0.03125  -0.279597
-0.0625  -0.114259
0.09375  -0.046101
0  0.0380618
-0.03125  -0.0448676
0.25  -0.0462416
-0.0625  -0.262704
0.0625  -0.0849847
0  -0.116044
0.09375  -0.220757
0.125  0.0397892
0.0625  -0.0506753
0.28125  -0.0610012
0.03125  -0.143635
0.125  -0.112398
0  -0.0304699
0  -0.040023
-0.125  -0.108339
-0.25  -0.197663
-0.09375  0.0896648
-0.03125  -0.315719
-0.09375  -0.115543
-0.03125  -0.249815
-0.03125  -0.149497
-0.125  -0.116897
-0.125  -0.11508
0.03125  -0.0926955
0.125  0.0797073
-0.0625  0.141815
0.125  -0.196301
0.125  0.0517442
0.09375  0.00717803
0.15625  -0.0971068
-0.0625  -0.0159653
0.0625  -0.103432
0.0625  -0.021763
-0.03125  -0.297033
-0.03125  -0.0587562
-0.1875  -0.0622552
-0.15625  -0.236135
0  -0.160741
-0.03125  -0.0768791
-0.15625  -0.134507
-0.03125  0.045093
-0.125  -0.116729
0.15625  -0.0794788
0.25  -0.125329
0.125  -0.112166
-0.09375  0.0645319
0  0.0785177
0  -0.169987
0.09375  -0.155933
0  0.229329
-0.1875  -0.0569898
0.25  -0.0872936
0  -0.0679507
-0.03125  -0.143533
0.03125  -0.0486836
0.0625  0.138303
-0.25  0.0383487
0.0625  0.0718167
-0.1875  -0.0929212
0.125  -0.0743634
-0.125  -0.157421
-0.15625  -0.308096
0.0625  -0.262168
-0.09375  -0.196257
0.0625  0.1819
-0.15625  -0.314018
-0.15625  -0.316693
0.09375  -0.0807185
0.28125  -0.245915
0.15625  0.0604233
0  -0.141989
0.09375  -0.184782
-0.125  -0.110607
-0.125  -0.0927827
0.09375  -0.272668
0.0625  -0.233684
-0.0625  -0.224364
0.09375  -0.0147714
-0.09375  -0.121823
-0.15625  0.0993011
0.15625  -0.189569
0.09375  -0.293015
0.03125  -0.152918
-0.125  -0.139355
-0.21875  -0.0285118
0.0625  0.0663983
-0.125  -0.0712892
-0.125  -0.0609471
0.0625  -0.225921
-0.21875  -0.256221
-0.03125  -0.060108
-0.15625  -0.30564
-0.0625  -0.0567913
-0.09375  -0.11339
0.21875  -0.262938
-0.125  -0.0140996
0.125  -0.0408245
-0.0625  -0.0424716
0.09375  -0.0838961
-0.15625  -0.0372216
0.0625  -0.106741
-0.03125  -0.0512021
0  -0.108392
-0.1875  -0.197742
-0.21875  0.0698358
0.09375  -0.0254531
-0.0625  -0.141371
0.21875  -0.143928
0.28125  -0.0383458
0.0625  -0.0881616
0.125  -0.0728432
0  -0.0869402
0.125  0.351168
0.0625  -0.0535609
0.21875  -0.18391
0.03125  -0.215415
-0.03125  -0.0797007
0.1875  -0.0511993
-0.125  -0.028628
-0.0625  0.133578
-0.1875  0.0017501
-0.28125  -0.121525
0.0625  -0.221986
-0.1875  -0.0918996
0.125  -0.123681
-0.0625  -0.0634908
0.15625  -0.000917773
0.09375  -0.0653497
-0.03125  -0.197509
-0.0625  -0.162887
0.03125  -0.146598
-0.03125  -0.110339
0.3125  -0.0363222
0  0.13309
0.125  0.143239
-0.09375  -0.0431738
-0.09375  -0.0942495
0.125  0.120468
0.03125  -0.210368
-0.0625  -0.169954
-0.15625  -0.251491
-0.0625  -0.0401705
-0.03125  -0.208985
-0.03125  -0.0676759
0.1875  0.121623
0.21875  -0.203626
-0.0625  -0.162347
-0.09375  -0.00254518
0.0625  -0.0293559
0.09375  -0.0197624
0.03125  -0.0754324
-0.1875  -0.0393148
0.21875  -0.0353988
0.09375  0.129001
-0.09375  -0.0951654
0.09375  -0.0833074
-0.0625  -0.0372689
0.0625  -0.00210125
-0.15625  -0.171366
-0.03125  -0.23498
-0.0625  -0.212782
-0.09375  -0.238619
-0.09375  -0.163914
-0.09375  0.0897379
0.03125  0.0539603
-0.1875  -0.0355101
0  0.0211211
-0.1875  0.110967
-0.03125  -0.0450668
-0.125  -0.0705415
0.125  -0.0349431
0.03125  -0.234758
-0.0625  -0.09601
-0.03125  -0.131529
0  -0.0103418
0.40625  -0.376451
0.03125  -0.042331
0  -0.212176
-0.125  -0.112709
0.03125  0.0234715
-0.125  -0.0396896
-0.1875  -0.194148
-0.25  0.051965
0  -0.318536
-0.0625  -0.107767
0.0625  -0.0832717
-0.03125  -0.246766
0.03125  -0.140896
-0.09375  -0.00268663
-0.03125  -0.141605
0.09375  -0.159146
0.0625  -0.244625
-0.09375  -0.0708653
-0.1875  -0.078047
0.0625  0.0539774
0.15625  -0.143866
0.09375  0.145251
-0.09375  -0.167247
0.0625  -0.0452613
-0.09375  0.232549
0  -0.153342
-0.25  -0.203922
0.1875  0.067164
0.0625  0.0360163
0.0625  -0.0235187
-0.1875  -0.29941
-0.0625  -0.0095127
0  -0.275531
0.03125  -0.103893
-0.0625  0.0146737
0.0625  -0.312659
0.1875  -0.0753975
0.03125  0.0286613
-0.0625  -0.0463706
-0.34375  0.0168228
-0.0625  -0.420272
0.03125  -0.156645
0.4375  -0.109816
0  0.200926
0.0625  -0.117466
0  -0.197326
0  -0.0579427
0.0625  0.00670626
0.03125  -0.299608
0  -0.0503232
0.1875  -0.0130607
0.0625  -0.0712755
-0.09375  -0.0659133
-0.09375  0.0450761
0.03125  -0.293185
-0.125  0.0444415
0.0625  -0.202014
-0.125  -0.157285
-0.125  -0.118491
0.09375  0.03771
0.0625  -0.144547
0.125  -0.106989
-0.0625  -0.149136
-0.03125  -0.2204
-0.15625  -0.0424684
-0.09375  0.0330296
-0.21875  0.049726
-0.0625  -0.0300785
-0.09375  -0.118392
0.09375  -0.0629998
0.0625  0.0175161
-0.03125  -0.031976
0.21875  -0.142108
0.0625  -0.0485456
-0.375  -0.0851423
0  -0.230088
-0.0625  -0.0118955
-0.09375  -0.193346
-0.21875  -0.2018
0  0.281996
0.03125  -0.114081
0  -0.312521
-0.03125  -0.18573
0.03125  0.00763876
0.0625  -0.186468
0.21875  0.103518
0.1875  -0.0052002
-0.125  0.00771449
-0.03125  -0.245965
0.25  -0.186542
0.03125  0.0369361
0.1875  0.148448
0  -0.252256
-0.0625  -0.0541385
-0.09375  0.0740236
0.1875  -0.167889
-0.0625  -0.0443408
-0.03125  -0.0598056
-0.28125  -0.165588
0.03125  -0.140028
-0.03125  -0.020187
-0.1875  -0.115275
0  0.0185729
-0.03125  0.142752
-0.0625  -0.147947
-0.125  -0.0677988
0.09375  -0.0537821
0  -0.117156
0.03125  -0.0568906
-0.34375  -0.031894
-0.09375  -0.171517
0.09375  0.00894153
-0.03125  -0.181886
0.03125  0.010879
0.1875  -0.093078
0.09375  0.148668
0.0625  -0.265427
0.1875  -0.1945
0.09375  0.108937
0.0625  -0.120423
-0.0625  -0.105764
-0.03125  -0.248557
0.1875  -0.154296
0.125  -0.286584
0.09375  0.0284062
-0.125  -0.122098
-0.125  -0.0723081
-0.0625  -0.0910454
0.15625  -0.114645
-0.09375  0.165333
-0.1875  -0.136733
-0.21875  -0.0444096
-0.0625  -0.213853
0  -0.139157
0.125  0.109121
0  -0.190456
0.1875  -0.0747237
0  -0.140793
0  -0.0911213
0  0.0222145
-0.09375  -0.0769497
-0.15625  -0.0775696
-0.0625  -0.0598342
0.09375  -0.230739
-0.0625  -0.36528
-0.125  -0.101775
0.15625  -0.24397
-0.03125  -0.0485752
-0.21875  0.0825198
-0.0625  -0.0541748
0  -0.109518
0  0.0513485
-0.03125  -0.257141
0.28125  -0.213198
-0.0625  -0.105993
-0.15625  -0.124492
0.0625  -0.202422
-0.03125  -0.159454
0.15625  -0.050784
0.0625  -0.251828
-0.03125  -0.240941
-0.0625  -0.166752
0.1875  -0.0521631
0.125  -0.00734927
-0.03125  -0.115818
-0.15625  -0.170123
-0.0625  0.00768767
0.25  -0.125234
0.0625  0.0385995
0.21875  -0.0721276
0  -0.0278999
0.03125  -0.220049
0.0625  -0.0998728
0.09375  -0.280345
-0.21875  -0.0882322
0.0625  -0.0410302
0.03125  -0.248132
-0.03125  -0.0776868
-0.09375  0.0534874
-0.09375  0.0425951
-0.21875  0.0560058
-0.15625  0.164617
0.25  -0.100431
-0.0625  -0.0538837
-0.03125  -0.0202332
-0.125  0.118514
0.0625  -0.287155
-0.15625  -0.184397
-0.21875  -0.098839
0.09375  -0.205268
-0.0625  -0.11313
0.0625  0.120235
0.15625  0.228629
0.15625  -0.169808
-0.1875  -0.28158
-0.21875  -0.0485758
0  -0.103564
0.0625  0.0362532
-0.0625  0.0188619
-0.09375  -0.150313
-0.15625  -0.066476
0.09375  -0.294366
-0.125  -0.0653434
0.3125  -0.0918271
-0.1875  -0.017858
0.09375  -0.184125
0.09375  -0.19025
0.03125  -0.0598261
0  -0.145818
-0.09375  -0.00295591
-0.125  -0.147821
0  -0.214391
0  -0.0778261
0  0.0310273
0.03125  0.0138298
0.15625  -0.123999
-0.125  -0.102177
0.0625  0.0880251
-0.09375  -0.193455
0.125  -0.0182217
-0.09375  0.0328547
-0.03125  -0.104337
-0.125  -0.136405
0.21875  -0.188875
0.21875  0.21348
0.125  -0.148901
-0.125  -0.0635574
0.15625  -0.187692
-0.03125  0.346148
0.03125  -0.172291
-0.125  -0.203698
-0.15625  -0.132675
0  -0.0860721
0.0625  -0.00038552
0.15625  0.255014
-0.0625  0.0136638
-0.03125  -0.183916
0.09375  -0.167032
0.09375  -0.0424861
0.21875  -0.171781
0.25  -0.0406687
0.125  -0.14242
-0.125  -0.17763
-0.09375  -0.178138
0  0.203936
-0.25  -0.152327
0.0625  0.117089
0.0625  -0.0627271
-0.09375  -0.0354119
-0.25  -0.347658
0.09375  -0.138129
-0.1875  -0.164269
0.0625  -0.177681
0  -0.00660463
0.1875  -0.159051
-0.28125  -0.117127
0  -0.0230655
0  -0.217476
-0.46875  -0.242385
0  0.0394599
-0.15625  -0.118405
0.125  -0.00111555
0  -0.0868161
-0.03125  0.0449447
0.03125  -0.102429
0.09375  0.108224
0  -0.218439
0.09375  0.0452671
0.1875  -0.182153
0.125  -0.267303
0.21875  -0.383003
0.0625  -0.103686
0.1875  -0.0471863
0.03125  -0.286646
0  -0.267097
0.03125  -0.0798077
0.0625  0.123117
-0.15625  -0.113163
0.03125  0.0145843
-0.03125  0.0131392
0.125  0.0755642
0.1875  0.0310376
0.0625  -0.20366
0.28125  -0.232144
0.1875  -0.191824
0.03125  -0.181807
-0.0625  -0.0813514
0.15625  0.00660049
-0.1875  -0.145007
0.25  -0.0210403
0.0625  -0.20124
-0.1875  -0.103059
-0.1875  -0.0991211
-0.09375  -0.176487
-0.21875  -0.0232657
0.125  -0.0611161
0  -0.19195
0.15625  -0.096212
0.15625  -0.199801
0.09375  -0.112233
-0.21875  -0.0380221
0  -0.146005
-0.03125  -0.181223
-0.0625  -0.0744526
-0.09375  -0.0767212
-0.125  0.0615574
0.09375  0.121604
0  0.036194
-0.21875  -0.034886
-0.03125  -0.094615
0.125  -0.285789
-0.03125  -0.188543
-0.0625  -0.0784299
0.03125  -0.0856667
0.15625  0.0500616
0.125  -0.0550979
0.09375  -0.166275
0.0625  -0.309772
-0.125  -0.249801
-0.15625  -0.127297
0  -0.0213575
0  -0.371283
0  0.0480519
0.0625  0.123269
0.03125  0.0545342
0.03125  0.0743859
-0.09375  -0.104355
0.21875  -0.0990591
-0.125  0.00598472
0.125  -0.00552029
-0.09375  -0.147752
0.0625  -0.194821
0.0625  -0.0137698
0.0625  -0.149715
-0.1875  -0.317446
0.09375  -0.0958581
-0.03125  -0.133056
-0.25  -0.112249
0.09375  -0.387021
-0.0625  0.15141
0.15625  -0.200699
-0.09375  0.111433
-0.125  -0.18252
-0.03125  -0.196086
-0.03125  -0.106458
0.03125  -0.0778506
-0.25  -0.115529
-0.125  0.135182
0.09375  -0.265953
0.03125  0.0039643
0  -0.135058
-0.21875  0.274618
0.03125  -0.0489214
-0.03125  0.0481323
0.15625  0.0119106
0  0.205572
-0.15625  0.0717998
-0.03125  -0.206274
0.28125  -0.118787
0.125  -0.128427
-0.1875  0.193282
0.125  -0.156618
0.1875  -0.128731
0.125  5.52777e-05
0.15625  0.167202
0.21875  0.0182059
-0.125  -0.278155
0.03125  -0.0165484
-0.0625  -0.240185
0.03125  -0.0874656
-0.1875  0.0279444
-0.28125  0.0100961
0.03125  0.0725695
-0.15625  -0.0737886
-0.1875  -0.275657
0.1875  -0.163244
0.125  -0.25494
-0.25  0.0294421
0.0625  -0.142704
-0.15625  -0.0697868
-0.15625  -0.112821
0.25  -0.202874
0.09375  -0.00429677
-0.0625  0.0284932
-0.0625  -0.159541
-0.125  -0.147286
-0.09375  -0.0791239
0.0625  -0.0642899
-0.15625  -0.122632
0.03125  -0.0250981
-0.1875  -0.382621
-0.0625  -0.100342
0.03125  0.0132323
-0.09375  0.206315
0.15625  -0.00328593
-0.09375  -0.10334
-0.15625  -0.0117979
0.03125  -0.0170633
0.1875  -0.059288
-0.03125  -0.0980228
0.09375  -0.0591274
0.125  -0.203443
0  -0.0605934
0.0625  -0.122905
0.03125  0.208464
-0.03125  0.0491862
-0.09375  -0.188525
0.1875  -0.201493
-0.125  -0.0926099
-0.25  -0.237568
-0.0625  -0.0866572
0  -0.216084
0  -0.0739139
-0.03125  -0.171944
0.09375  -0.0850806
0.1875  -0.0805975
-0.0625  -0.150986
0.03125  -0.233248
-0.125  -0.0393059
-0.125  -0.401101
-0.28125  -0.201238
-0.21875  -0.0581799
-0.1875  -0.257913
-0.25  -0.220821
0.15625  0.0119782
-0.0625  0.00700585
0.03125  -0.140602
0.15625  -0.278975
-0.21875  -0.19361
0.03125  -0.11125
0.25  -0.0301293
0.125  -0.13065
-0.09375  -0.0608321
-0.3125  -0.19927
0.0625  0.117462
-0.0625  -0.0470349
-0.09375  -0.0181542
0.03125  -0.125779
0.09375  0.0545699
0.21875  -0.130811
-0.125  -0.218055
-0.125  -0.241866
0.0625  -0.331338
-0.03125  -0.0719948
0  -0.0460823
-0.0625  0.125307
-0.03125  -0.18141
0.15625  0.145641
-0.09375  -0.123798
-0.21875  -0.109539
0.0625  -0.179648
0.09375  0.0630728
-0.03125  -0.187834
0.09375  0.0294238
0.03125  -0.12414
0.03125  -0.177904
-0.0625  0.0647611
0.125  0.114516
0.0625  -0.10089
0.1875  -0.191149
0.21875  -0.0305664
-0.03125  -0.276854
0.09375  -0.0512896
-0.09375  -0.0883585
-0.03125  0.00177676
0.09375  -0.281712
-0.1875  -0.00530201
-0.0625  -0.142534
-0.09375  -0.0177038
0.25  -0.147467
0.28125  -0.247834
0.3125  -0.170478
0.15625  -0.0265231
0  -0.0545239
0.3125  -0.0623374
0.03125  -0.14823
0.125  -0.0885169
0.09375  -0.153807
0.0625  -0.00204282
-0.03125  1.3734e-05
0.03125  0.267798
0.09375  -0.109588
0.03125  0.00922968
0.15625  -0.139589
-0.25  -0.271405
0.375  -0.0691184
0.03125  -0.0530238
-0.03125  -0.0961577
0.0625  -0.204446
0.1875  -0.0940392
-0.1875  0.119997
-0.0625  -0.0832216
-0.0625  0.0814147
-0.09375  -0.228294
0.15625  -0.285709
-0.21875  -0.148579
-0.125  -0.249228
-0.1875  -0.0821802
0.15625  -0.132351
-0.0625  -0.0879691
0.03125  -0.131388
0.0625  -0.137164
-0.1875  -0.0848437
0.03125  -0.0871986
0.0625  -0.0283311
0.1875  -0.073546
0  -0.0525501
-0.0625  -0.0696665
-0.09375  -0.129335
-0.09375  -0.299944
0.0625  -0.161588
0.15625  -0.0634922
-0.0625  -0.0194624
-0.0625  -0.237652
-0.21875  0.214475
0.15625  -0.108054
0.09375  0.0570164
0.125  -0.0783068
0  -0.132734
0.0625  0.0923647
0  0.0255591
-0.03125  -0.0698696
-0.15625  -0.0645887
-0.21875  -0.275174
-0.3125  -0.279426
-0.09375  -0.127473
-0.0625  -0.0294058
0.03125  -0.16309
-0.125  0.0341946
0.0625  -0.270113
-0.0625  -0.0700411
0.03125  -0.0884034
0  -0.078699
-0.125  -0.27178
-0.125  -0.0368936
-0.0625  -0.0619722
0  0.115936
0  -0.0438893
-0.15625  0.0528214
0.03125  0.0422107
-0.09375  -0.127308
-0.03125  -0.235501
-0.09375  -0.253968
0  -0.0381627
-0.0625  -0.052162
0.0625  0.00299446
0.25  -0.11311
0  -0.170401
0  -0.0910045
-0.03125  -0.0481833
0.25  0.0864734
-0.09375  -0.201763
-0.09375  -0.107105
-0.0625  -0.298423
0.28125  -0.00773626
-0.15625  -0.00538037
0.09375  -0.170329
-0.15625  0.0204247
-0.1875  0.0372586
0.15625  -0.13641
0  -0.136901
0.03125  0.143223
0.125  -0.196751
-0.28125  -0.0882605
-0.03125  0.0357993
0.03125  0.207395
0  -0.173405
0.0625  -0.0964955
-0.15625  -0.107599
0.15625  -0.0335036
0  0.0204641
-0.125  -0.208395
-0.03125  0.337122
-0.125  -0.0203297
0.0625  0.0297053
0.125  0.0844682
-0.03125  0.107944
-0.15625  0.0971635
0.09375  0.010015
-0.1875  -0.161871
0.03125  -0.150712
0  -0.0959559
0.09375  -0.119973
-0.09375  -0.0965786
-0.15625  -0.115287
0.15625  -0.152467
-0.0625  0.0102753
-0.09375  -0.146864
-0.09375  -0.00625723
-0.03125  -0.109286
-0.03125  0.0220933
-0.03125  -0.211713
0.125  -0.180834
-0.125  -0.208342
0.125  -0.199907
0.15625  -0.0155847
0  0.107641
0.0625  -0.278816
0.03125  -0.0396182
0.0625  -0.0176038
-0.0625  0.173179
0.25  -0.152293
0  0.00562463
0.03125  -0.156341
-0.1875  0.0413787
0.25  -0.125397
0.0625  -0.00697728
-0.0625  -0.0425652
0.03125  -0.388229
-0.0625  -0.247205
0.09375  0.150781
0.125  0.0190327
0.03125  -0.205087
-0.09375  -0.283979
0.0625  -0.215222
0  0.0502209
0  -0.164219
0.0625  -0.119797
0.09375  -0.133739
0.1875  -0.14744
0.0625  -0.0803161
0  -0.180274
0.1875  -0.190134
0.03125  -0.225937
-0.15625  -0.0948667
-0.125  0.0142274
0.09375  -0.269799
-0.15625  -0.102248
-0.15625  -0.149813
0  -0.072787
0.125  0.109333
-0.15625  -0.0911471
0.09375  0.0128226
0.3125  -0.0977681
0.09375  -0.0528499
0.21875  0.0251175
-0.1875  -0.126032
-0.03125  0.0218836
-0.03125  -0.155986
-0.03125  -0.170266
0.21875  -0.151707
-0.21875  -0.178099
0.15625  -0.0560152
0.09375  -0.236447
-0.0625  -0.106296
0.09375  -0.0755918
0  -0.141708
0.03125  -0.148698
0.0625  -0.155208
-0.1875  -0.229067
0.09375  0.0689074
-0.09375  0.160403
-0.09375  -0.0514844
-0.0625  -0.047346
-0.09375  -0.0842802
-0.03125  -0.0832984
-0.03125  -0.202517
-0.09375  0.0605502
-0.21875  0.105012
-0.34375  0.0710514
-0.0625  0.195278
-0.03125  -0.253651
-0.0625  -0.228331
-0.0625  -0.216465
-0.09375  0.099194
0.09375  -0.343603
0.03125  0.0110009
0.1875  -0.281126
0.03125  -0.0829382
0.1875  -0.10932
-0.09375  -0.0328272
-0.1875  -0.251199
-0.1875  -0.196878
0.0625  -0.0300887
0.0625  -0.177523
-0.09375  -0.124022
-0.03125  -0.0252423
0.09375  -0.07993
0.0625  -0.112606
0.0625  -0.0974203
-0.125  -0.20839
0  -0.105228
0  -0.0630702
0.03125  -0.208905
-0.0625  0.102559
-0.1875  -0.165011
-0.0625  -0.0423933
-0.125  -0.272503
0.09375  -0.253437
0  -0.0341382
-0.21875  -0.0953082
-0.21875  0.0567253
-0.03125  0.0344656
0.0625  -0.265332
0.09375  0.0483985
0.03125  0.0978618
-0.03125  -0.0844198
-0.125  -0.126631
0  -0.166751
0.125  -0.115985
-0.15625  0.00370165
0  -0.0723663
0.0625  -0.253812
-0.15625  -0.26196
0.125  0.12434
0.15625  -0.124442
-0.3125  -0.0131862
0  -0.224811
0  -0.298563
0.03125  7.33346e-05
0.15625  -0.0697687
0.09375  -0.27397
0.03125  0.102995
0.1875  -0.160534
-0.0625  -0.276134
0.03125  -0.0825082
0.09375  -0.074831
-0.15625  -0.0394816
-0.03125  0.121085
-0.125  -0.0371421
-0.03125  -0.27338
0.03125  0.0052241
-0.0625  -0.261717
-0.125  0.0178686
0  -0.238512
0.125  0.189524
-0.0625  -0.0185092
-0.15625  -0.0986624
0.15625  -0.0726146
-0.15625  0.183314
-0.0625  -0.237627
0.0625  -0.199205
-0.15625  -0.226381
-0.03125  0.168389
0.03125  -0.11542
-0.15625  0.0969928
-0.0625  0.0967082
0.09375  -0.024952
-0.03125  -0.128925
-0.0625  -0.0412645
0  -0.00229027
0.0625  -0.0440386
-0.03125  -0.0220343
0.03125  -0.173912
-0.125  -0.281979
0.03125  0.202826
-0.15625  -0.0902935
-0.15625  -0.000756879
-0.15625  -0.0268229
-0.09375  -0.223381
0.125  0.0797139
-0.15625  -0.223889
0.03125  -0.108006
-0.03125  -0.134227
-0.1875  -0.0842139
-0.0625  -0.179879
0.25  -0.0518518
-0.125  -0.247204
-0.03125  0.00123472
-0.03125  -0.121395
0.25  -0.219799
0.15625  -0.455111
0.03125  -0.339602
-0.0625  0.104653
0.3125  -0.0599569
0.0625  -0.0372859
-0.09375  -0.258586
0  -0.238848
0  -0.104311
-0.25  -0.0694818
-0.0625  0.10062
0.0625  -0.0264772
-0.25  -0.0526424
-0.03125  -0.0988399
0.21875  -0.0212925
0.21875  -0.270366
-0.125  -0.147235
-0.1875  -0.0254276
0.15625  0.129371
0  -0.0293291
-0.03125  -0.10001
-0.03125  -0.1021
0.09375  -0.171627
-0.0625  -0.070297
0.0625  0.0467594
0.0625  0.142718
-0.15625  -0.0526597
0.03125  -0.0334706
-0.21875  0.0107342
0.1875  -0.159197
0.125  -0.208184
-0.21875  -0.024287
0.03125  -0.0585714
0.125  -0.25194
-0.15625  -0.236552
-0.15625  -0.147271
0  0.0547343
-0.15625  -0.222611
0.25  -0.318174
0.0625  -0.155265
-0.0625  -0.0817251
-0.0625  -0.173788
-0.09375  -0.0500866
-0.15625  0.121081
0.03125  -0.0627843
0  -0.111261
-0.0625  -0.12518
0.09375  -0.234166
-0.21875  -0.0933647
0  0.0830049
0.09375  -0.00531088
0.03125  -0.191383
-0.0625  -0.199023
-0.0625  -0.268031
-0.0625  -0.243913
-0.09375  -0.0782982
-0.125  -0.156144
0.03125  0.040609
-0.3125  0.0407417
-0.1875  -0.0958529
-0.03125  -0.208287
-0.0625  -0.170822
0.125  -0.0433358
-0.09375  -0.0196616
-0.03125  -0.0194644
-0.15625  0.0104073
-0.03125  0.0209698
-0.15625  0.129311
-0.15625  -0.172883
0.03125  -0.165751
-0.03125  -0.0955642
-0.0625  -0.0934995
-0.03125  -0.110883
0.0625  -0.0574312
-0.15625  0.00791348
0  -0.0468026
0.09375  -0.0380017
-0.25  -0.293658
0  -0.197991
-0.09375  0.091596
0.1875  -0.0248512
0.34375  -0.164971
0.15625  -0.235599
0.0625  0.0496571
0  -0.0278621
-0.28125  -0.048505
0.03125  -0.186819
0  0.0760228
0.03125  0.0460696
0.125  -0.117118
0.0625  0.0203829
0.0625  -0.15916
-0.0625  0.0910454
-0.125  -0.0817381
-0.15625  -0.0525774
0  -0.30022
-0.15625  -0.143867
-0.0625  -0.109537
0.25  -0.187747
0  -0.119919
0  0.0246795
-0.15625  0.0379255
0.125  -0.195162
-0.0625  0.110642
0.15625  -0.148249
0.03125  0.0213109
-0.15625  -0.104735
0.03125  -0.369212
-0.25  0.0938714
0  -0.0984586
-0.09375  -0.114392
0.34375  -0.00277567
-0.03125  0.0434857
0.09375  -0.119445
0.125  -0.133109
0.15625  -0.0587145
0  -0.337867
0.09375  -0.151242
0  -0.23379
0.1875  -0.311023
0.03125  -0.1196
0.03125  0.0617573
0.21875  -0.0287433
0.09375  0.0401713
0.21875  0.105362
-0.0625  -0.125132
0  -0.204025
0  -0.0713924
-0.03125  -0.00602147
-0.03125  -0.298178
-0.03125  -0.0202631
0.125  -0.113164
0.34375  -0.153876
-0.21875  -0.0317937
-0.15625  -0.0194251
-0.03125  -0.0754984
0.125  -0.0654202
-0.09375  -0.0682192
-0.125  -0.128134
0.15625  -0.0137622
0.15625  -0.101656
-0.09375  -0.121848
0.1875  -0.288233
0.03125  0.0313574
-0.09375  -0.0990556
-0.09375  0.180076
0.21875  -0.027829
-0.15625  -0.21305
-0.0625  0.162588
0  0.0202047
-0.125  -0.320637
-0.03125  -0.122838
0.09375  0.0519626
0.0625  -0.272952
0.0625  -0.115492
0.125  0.000837129
0.09375  -0.00167028
0.125  -0.0794108
-0.125  0.114625
-0.0625  0.227993
0.125  -0.157855
0.03125  -0.166837
-0.28125  0.241653
0.09375  -0.00336895
-0.09375  -0.165717
-0.15625  -0.214294
0.03125  -0.10127
0  0.0121767
0.09375  -0.100433
0.1875  0.0246131
0.03125  -0.166668
-0.03125  -0.103385
-0.15625  0.136557
0  -0.03436
-0.09375  0.0839378
0.09375  -0.0513621
0.15625  -0.16811
0.03125  -0.118299
-0.1875  -0.149739
0.21875  -0.0667792
0.0625  -0.0925148
-0.125  -0.052023
0.0625  0.0237451
-0.03125  -0.00187856
-0.0625  -0.193463
-0.1875  -0.0396688
-0.125  -0.233592
-0.15625  -0.196416
-0.03125  0.22757
-0.03125  -0.190527
0.21875  -0.119523
0.15625  -0.0107082
-0.125  0.0879888
-0.25  0.015166
0.34375  -0.287311
0  -0.13682
-0.15625  -0.132727
0.03125  -0.0949626
0  -0.166425
-0.09375  -0.252757
-0.09375  -0.204332
-0.09375  0.00353927
0  -0.166292
0  0.00453369
0.03125  -0.0359175
-0.09375  -0.0331868
-0.03125  -0.0838742
0.03125  -0.0991364
0.21875  -0.221213
0.0625  0.116346
0  -0.0633433
0.0625  -0.0482963
0.09375  -0.190211
-0.09375  -0.0900619
0.21875  0.0561558
0.03125  0.00573173
0.25  -0.242051
0.03125  -0.25784
0.0625  -0.219173
-0.0625  0.0412629
-0.1875  -0.132888
0.125  -0.0832516
0.125  -0.0675034
0.03125  0.0312842
-0.03125  -0.0545395
-0.125  -0.292494
-0.03125  -0.199138
-0.09375  -0.0640048
-0.0625  -0.159359
0.03125  -0.173944
0.03125  -0.136692
0.03125  0.0253083
-0.15625  0.00162757
-0.125  -0.409521
0.25  -0.165766
-0.25  -0.29367
0.15625  -0.129818
0.15625  -0.0151107
0.0625  -0.0982487
0.0625  -0.193954
0.0625  0.0359817
0.03125  -0.115432
-0.1875  0.0520709
-0.09375  0.0139243
0  -0.13791
0.03125  0.0168523
-0.15625  -0.114659
0.0625  -0.0793142
-0.03125  -0.09384
-0.125  -0.00531007
-0.125  0.125107
-0.09375  -0.0606596
0.0625  -0.00552192
-0.03125  -0.286464
0.03125  -0.25543
0.09375  0.0396833
0.03125  -0.000538275
-0.1875  0.0144345
-0.21875  -0.154427
-0.09375  0.112319
0.1875  0.012298
0.28125  -0.101238
0.09375  -0.0424171
0.09375  -0.154769
0.03125  -0.0781507
0.03125  -0.213201
-0.1875  -0.198187
0.03125  -0.233596
0.03125  -0.185
-0.1875  -0.140376
0  -0.105909
-0.3125  -0.146142
-0.0625  -0.186626
-0.09375  -0.11563
0.125  -0.215186
0.125  -0.219468
-0.0625  -0.262624
0.15625  -0.0268615
0.15625  -0.156262
0  -0.0468191
-0.125  -0.0960548
0.0625  -0.0989602
0.1875  -0.15118
0  0.066147
0.0625  -0.0187192
0.0625  -0.0212799
0.0625  -0.196288
0.03125  -0.25761
-0.125  -0.0158234
0.0625  0.0370519
-0.0625  0.0279761
-0.1875  -0.145015
0.28125  -0.277674
0.09375  -0.114484
0  -0.154687
0.03125  -0.099257
0.0625  -0.347351
0.03125  -0.036314
-0.03125  -0.174008
-0.03125  0.0178493
-0.09375  -0.208052
0.0625  -0.0750664
-0.15625  0.028877
0.0625  -0.0599441
0.0625  0.0506659
-0.03125  -0.0895314
0.03125  -0.167233
0  -0.246601
0  0.123045
0  -0.226168
0  -0.111454
0.0625  -0.200955
0.09375  -0.313026
0.0625  -0.119233
0  0.00714392
-0.125  0.0305551
0.21875  -0.0996145
-0.125  -0.0321111
0.03125  -0.0541904
0.03125  -0.18212
0.125  0.0284354
0  0.219248
-0.125  -0.190667
0.03125  -0.0127628
-0.09375  0.0058346
-0.125  -0.108469
-0.25  -0.0877747
0.03125  -0.224273
-0.03125  -0.132264
-0.03125  -0.202082
0.15625  0.0365706
0.125  -0.0344926
0.15625  -0.0418829
0.0625  0.00831593
0  -0.111177
0.03125  -0.141904
0.0625  -0.0847103
-0.03125  -0.14932
-0.1875  -0.17275
0.09375  0.030084
-0.15625  0.0553547
0.125  -0.119215
0.125  -0.0920098
0.0625  -0.13877
-0.0625  -0.0768729
0.09375  -0.0583501
0.03125  0.141836
0  -0.0651628
0  -0.0764115
0.0625  -0.248679
0  0.0612154
0.0625  -0.00217374
0.15625  -0.0185501
0.0625  0.102516
0.0625  -0.141462
0.125  0.0237844
-0.34375  0.143574
0.09375  -0.121366
0  -0.183989
0.15625  -0.210536
-0.03125  -0.0407636
-0.03125  0.049115
-0.03125  0.0123694
-0.1875  0.0402921
0.15625  -0.162264
-0.09375  -0.0159713
-0.09375  -0.289007
-0.0625  -0.207379
0  -0.156134
0.1875  -0.0832831
-0.0625  -0.207081
-0.09375  -0.260425
0.09375  -0.106664
0  -0.0342236
-0.125  -0.207583
-0.0625  0.109774
0.0625  -0.125331
0.125  -0.0766419
0.09375  -0.0341991
-0.03125  -0.0408687
-0.15625  -0.183237
0  -0.128944
-0.03125  -0.121769
0  -0.208992
0.3125  -0.25355
0.1875  0.0265347
-0.15625  -0.214155
0.15625  -0.0344627
0  -0.310537
0  -0.201992
0.03125  -0.00373758
-0.03125  -0.288333
0.03125  0.0105167
-0.1875  -0.246425
0  0.219367
0.0625  -0.206335
-0.125  -0.0644609
-0.125  -0.0807211
0.09375  -0.124472
0.09375  -0.117321
0  -0.170859
-0.15625  -0.183371
-0.125  0.138587
0  -0.0835458
-0.09375  -0.294604
0.03125  -0.10085
0.09375  -0.0259446
-0.03125  -0.14605
-0.0625  -0.375695
0  0.0673976
0.125  0.0734222
0.21875  0.0704491
0.09375  -0.0840454
-0.25  0.0554565
0.09375  0.0394775
-0.15625  -0.215629
0  0.0086845
-0.125  -0.08137
-0.15625  -0.0124802
-0.21875  0.114961
0  -0.259111
0.09375  -0.137387
-0.28125  -0.199372
-0.03125  -0.277362
-0.0625  -0.0201876
-0.09375  -0.14428
0.09375  -0.225116
-0.125  -0.271039
-0.0625  -0.389522
-0.0625  -0.0284044
-0.03125  -0.204962
-0.1875  -0.153118
0.125  -0.254161
0.09375  -0.0374236
0.0625  -0.328976
0.09375  -0.374414
0.03125  -0.0224213
-0.03125  -0.0975201
0.09375  -0.290834
0  -0.00677587
0.03125  -0.185869
-0.03125  -0.111813
-0.03125  -0.106382
0.09375  -0.363955
-0.0625  -0.145758
0.03125  -0.019203
-0.15625  -0.148821
-0.125  -0.145416
0.0625  -0.219238
0.09375  -0.164829
0.0625  -0.224797
-0.21875  0.00758386
-0.1875  -0.0599553
-0.03125  -0.16143
0.03125  -0.140754
-0.15625  -0.0956277
-0.03125  -0.191307
-0.0625  -0.145882
0.09375  -0.107765
0  -0.00957226
-0.15625  -0.153361
-0.0625  -0.0461358
0.03125  -0.191218
0.25  -0.182182
0.15625  -0.120673
0.1875  -0.095108
0.15625  -0.078515
0.03125  -0.298651
-0.03125  -0.237847
0.03125  0.146979
-0.28125  -0.252923
-0.125  0.0537282
-0.03125  -0.257085
-0.03125  -0.073179
0  -0.0397376
0.125  -0.262507
-0.1875  -0.136983
-0.0625  -0.0747328
0  -0.0570064
0.3125  -0.0557737
0  -0.141359
0.125  -0.12216
0  -0.175736
0.21875  0.0516789
-0.125  -0.147303
0  -0.122178
0.28125  -0.0235938
0.125  -0.144992
0.125  0.0559673
0.09375  -0.0462344
0.125  -0.0884011
0.0625  -0.047752
-0.25  0.0386585
0.15625  0.0122747
-0.0625  -0.184993
-0.15625  -0.0655477
0.03125  -0.239694
-0.03125  -0.137261
-0.125  0.0417664
-0.09375  0.0632786
-0.125  -0.251914
0.15625  -0.0574129
-0.0625  -0.06759
0.125  0.0308083
0.1875  -0.0842524
-0.0625  0.103393
0.25  -0.154626
0.1875  -0.000451638
-0.125  -0.307166
0.3125  -0.380729
-0.125  -0.197734
0.15625  -0.0241151
-0.09375  -0.0216687
-0.03125  -0.0941477
0  0.153802
0.0625  -0.212656
0.03125  0.00790714
0  -0.0665011
0.15625  0.159423
0.125  -0.160508
0.25  -0.219283
0.03125  0.209746
0.25  -0.11831
-0.15625  -0.00557583
-0.0625  -0.136781
-0.09375  0.0926844
0.125  -0.16913
-0.09375  -0.00198052
0  0.000948303
-0.125  -0.259927
0  -0.0183994
-0.125  -0.1614
0.125  0.0061072
0  0.0121391
0.125  -0.255977
-0.125  -0.213956
-0.125  -0.306802
0  0.119377
0.03125  -0.140629
0.125  -0.284769
0.125  0.0310394
0  -0.167447
-0.0625  -0.0191497
-0.125  0.0244833
0.09375  -0.032434
0.03125  -0.277494
0.15625  -0.132757
-0.1875  -0.141156
0.1875  -0.0973435
-0.125  0.0105002
0  -0.151083
-0.25  -0.273196
0.09375  0.0621751
-0.0625  0.102646
0.21875  -0.325856
0.03125  -0.0461468
-0.15625  -0.0459858
-0.03125  -0.189605
0  -0.0681893
0.03125  0.0524453
0.09375  -0.365952
-0.15625  -0.140463
0.125  -0.210313
-0.0625  -0.105442
-0.03125  -0.0699727
0.03125  -0.0443677
0.125  -0.300111
0.09375  -0.148211
0.03125  -0.43168
0.03125  -0.212914
-0.03125  -0.0823649
0.03125  -0.062817
0.125  -0.149946
0.03125  -0.136483
0.09375  -0.139741
0.0625  -0.0644502
-0.09375  -0.195964
0.15625  -0.185817
-0.15625  -0.00782247
-0.125  -0.186333
0.09375  -0.248947
-0.21875  -0.0263866
-0.28125  -0.200634
0.1875  -0.274289
-0.15625  -0.268551
0.25  0.0108261
-0.125  -0.073966
0  -0.0232756
0  -0.348393
-0.25  -0.138316
-0.03125  0.0429985
-0.0625  -0.154754
-0.03125  -0.039238
-0.28125  -0.0770578
0.03125  -0.0393018
-0.0625  0.0451179
0.03125  -0.174204
-0.15625  -0.0101752
0.21875  0.0341111
-0.09375  -0.0701263
0.03125  0.151948
-0.09375  -0.152944
0.1875  0.177939
0  -0.249593
-0.15625  -0.25727
0.15625  -0.0667028
-0.0625  -0.197859
0.09375  -0.22061
-0.03125  -0.0655553
0.0625  0.026899
-0.25  0.0506689
0.09375  -0.071354
0.125  -0.019986
-0.0625  -0.0080543
-0.1875  -0.109154
-0.28125  0.0510718
-0.125  -0.0390426
-0.125  -0.171933
-0.03125  -0.182557
0  -0.0587249
-0.03125  -0.0957828
-0.1875  -0.076424
-0.15625  -0.209723
-0.09375  -0.332826
0.03125  -0.11173
0.125  -0.105883
-0.03125  -0.148836
0.0625  -0.0942504
-0.25  -0.229122
-0.21875  -0.306849
0.0625  -0.0574707
-0.1875  -0.182913
0.03125  -0.321813
-0.15625  -0.173056
-0.09375  -0.205866
-0.1875  -0.186207
0.21875  -0.22181
-0.03125  -0.0956402
0.09375  -0.0532665
0.03125  0.138202
-0.0625  -0.105213
-0.0625  -0.113385
0  -0.0781191
0.125  0.0151218
0  0.150076
0.09375  0.0776218
-0.03125  0.000138145
-0.125  0.0376174
0.09375  -0.230069
-0.25  -0.180009
0.0625  -0.141004
0.125  -0.329722
0.21875  -0.33524
0.03125  -0.0284777
0.09375  -0.0372387
0.15625  0.101731
-0.0625  -0.252854
-0.0625  -0.00537971
0.03125  -0.379441
-0.09375  -0.208637
-0.125  -0.0454497
-0.09375  0.0587281
-0.0625  0.135169
0.21875  -0.00905728
-0.15625  0.0458933
-0.15625  -0.279585
0.09375  -0.367363
0.03125  -0.139359
-0.0625  -0.0462189
0.09375  -0.20827
0.0625  -0.0672281
-0.03125  -0.129707
0.28125  0.0312345
-0.15625  -0.153815
0  -0.00116422
0.0625  -0.0272637
0  -0.19473
0.03125  -0.0940729
0  -0.0824888
0.03125  -0.0961261
0.15625  -0.0568652
-0.15625  -0.162202
-0.03125  -0.272998
-0.0625  -0.176569
-0.03125  -0.0503581
0.03125  -0.291747
0.125  0.0196684
-0.0625  -0.156574
0.03125  -0.0318959
0.15625  -0.110109
0  0.0527482
0.0625  -0.0674011
0.09375  -0.16814
0.03125  -0.327743
-0.125  -0.4712
0.15625  0.00220665
-0.03125  -0.0667539
-0.03125  0.0137302
-0.0625  -0.0373034
0.09375  -0.224373
0.15625  -0.164419
0.03125  -0.133365
0.1875  0.126048
0.21875  -0.0725564
0  -0.0777187
-0.25  -0.0213911
0  -0.123151
0.1875  -0.153994
0.03125  -0.220989
0.125  -0.239949
-0.0625  0.0340167
-0.28125  -0.0717639
0.09375  -0.0172299
-0.125  0.00428584
-0.03125  0.128899
0.15625  0.0818753
0  -0.172752
-0.21875  0.119414
0.0625  -0.0446097
0.1875  -0.243339
-0.0625  -0.0209078
0  -0.261468
-0.09375  -0.389119
0.0625  -0.063608
0.03125  -0.14388
0  -0.293195
-0.09375  -0.00172218
0.0625  -0.142405
-0.28125  0.00323543
0  -0.282178
0  0.0514565
0.15625  -0.0584956
0.21875  -0.237501
0.0625  -0.105359
0  -0.0703013
0.09375  -0.132904
0  -0.210792
0.15625  -0.0493393
-0.03125  -0.122175
-0.09375  0.0305692
-0.03125  0.131723
0.0625  -0.0692837
0.09375  0.0746232
0  -0.116158
0.21875  0.108971
-0.125  -0.334711
0.3125  -0.0533452
0  -0.0444169
0.09375  -0.194389
0.21875  -0.0820699
0.0625  -0.184431
-0.09375  -0.381485
0  -0.101619
0  0.0069189
0.03125  -0.144899
0.03125  -0.0835943
0  -0.0847671
-0.0625  -0.165257
0.0625  -0.0414976
0.0625  -0.112693
0.0625  0.0451061
-0.0625  0.118159
0.03125  -0.131554
-0.125  -0.00979482
0.0625  -0.0976438
0.0625  -0.169738
-0.0625  0.207475
0.09375  -0.0684259
0.09375  -0.0820005
0.125  -0.10167
-0.15625  -0.387006
0.09375  -0.181205
-0.09375  0.0599495
-0.1875  -0.158049
0.0625  -0.0269182
0.03125  -0.00306979
0.15625  0.23115
0  -0.0518303
-0.03125  0.0152205
0.21875  -0.159945
0  -0.166011
-0.0625  -0.0104224
0.09375  0.0441619
-0.125  0.0486163
0.09375  0.0475905
0.0625  -0.0900302
0.03125  -0.121146
-0.15625  0.0928917
0.125  -0.178307
-0.1875  -0.0681596
-0.09375  0.0521162
0.03125  -0.0399251
-0.0625  0.0105251
-0.1875  -0.281352
-0.15625  0.0838429
-0.15625  -0.0217992
0.15625  -0.000333485
-0.09375  -0.138269
0  -0.202484
0.03125  -0.292473
-0.0625  -0.0990662
-0.03125  -0.146772
0.15625  0.132653
-0.15625  -0.174004
-0.21875  0.020584
0.03125  -0.129449
-0.03125  -0.104193
-0.0625  -0.143757
-0.03125  -0.215267
0.0625  -0.00217821
0  -0.143792
-0.25  0.053914
0.125  -0.113708
0.1875  0.0132891
-0.21875  -0.210439
-0.15625  0.0681747
0.03125  -0.0431366
-0.125  -0.0685642
-0.03125  -0.214593
0.1875  -0.111599
-0.15625  -0.229415
-0.09375  -0.233075
-0.03125  -0.176945
0.03125  0.0247207
-0.03125  -0.01075
-0.21875  -0.00265241
-0.1875  -0.131313
-0.09375  0.124705
0.09375  -0.0202081
-0.1875  0.192834
0.15625  -0.162016
-0.0625  -0.0829682
-0.09375  -0.117463
-0.03125  -0.222474
0.21875  -0.197585
-0.03125  -0.142905
0.09375  -0.0169596
0  0.0409833
0.0625  -0.00584582
0.15625  0.0894508
-0.03125  -0.044691
-0.0625  0.109406
0.09375  0.203641
-0.0625  -0.04022
0.125  -0.0922344
0.0625  -0.156373
-0.125  -0.0295683
0.0625  -0.0187464
0.15625  0.00888435
-0.15625  -0.112262
0.09375  -0.00776122
0.03125  -0.0886311
-0.0625  -0.208386
0.1875  0.0360006
-0.0625  -0.0558889
-0.03125  0.00592365
-0.09375  -0.153745
0.28125  -0.0205364
0  -0.0909319
0.125  -0.249008
0.0625  -0.149489
-0.0625  -0.184547
0.03125  -0.0978252
0  -0.02299
-0.03125  0.0243583
-0.1875  -0.041911
0.125  -0.0397735
0.15625  -0.144066
0.1875  -0.140095
0.0625  -0.108745
0  -0.0504509
0.125  -0.105558
0.09375  -0.0585221
-0.03125  -0.0352389
0.09375  -0.0926147
0.09375  -0.0125763
0.25  -0.0985961
-0.03125  -0.233479
-0.1875  0.132882
0.0625  0.0274054
0  -0.0654688
-0.03125  -0.0215678
0.15625  0.0821348
0.15625  -0.0920202
-0.09375  0.0644335
0.0625  -0.17033
-0.03125  -0.163794
0.0625  0.0358611
0.25  -0.201411
0  -0.18153
-0.0625  -0.246486
-0.09375  -0.139922
0.03125  -0.0308673
0  -0.0325868
0  -0.221647
0.1875  -0.265306
0.03125  -0.102289
-0.125  -0.0955783
0.0625  -0.0652878
0.09375  0.0688727
-0.09375  -0.335178
0  -0.143669
-0.03125  0.032791
0.03125  -0.101811
-0.03125  0.0986696
-0.125  -0.0860034
0  -0.235672
0.25  -0.139608
-0.21875  -0.012344
0.21875  -0.012205
-0.25  -0.0691762
-0.03125  -0.0437889
0.1875  -0.11497
-0.03125  -0.205297
0.1875  -0.210304
0.0625  -0.0418855
0.09375  -0.0452293
0.03125  -0.116416
-0.09375  -0.0648501
0.1875  -0.000844789
0.1875  -0.0874898
-0.15625  0.216083
0.0625  -0.124031
0.25  -0.230441
0.21875  -0.240037
0  -0.379693
0.0625  -0.130865
0.15625  -0.190849
-0.125  -0.0666883
0.0625  -0.114265
-0.0625  0.0296253
-0.1875  -0.0610112
0.03125  -0.0158283
-0.25  -0.0735678
-0.15625  -0.182722
0.03125  0.0779276
0  -0.251444
-0.03125  -0.134395
0  -0.13139
0.03125  -0.24669
0.03125  -0.119674
-0.0625  -0.0561291
-0.03125  -0.0584787
0.03125  -0.0107384
-0.125  -0.331517
-0.03125  -0.0105108
0.03125  -0.284196
0  -0.158335
-0.21875  -0.0898869
-0.0625  0.134656
-0.25  -0.0997647
0.15625  0.041697
-0.0625  -0.0266863
0.09375  0.00460464
-0.125  -0.154257
0.125  0.149107
-0.03125  -0.173596
-0.0625  -0.137751
0.15625  -0.215133
0.15625  0.0975686
-0.09375  -0.177493
0  -0.0984251
0  -0.176277
-0.375  -0.169331
0.0625  -0.181865
-0.125  -0.0352795
0  -0.0993357
-0.03125  -0.101134
0  -0.205259
-0.09375  -0.100025
0.09375  -0.0498187
0.125  0.00171649
-0.03125  -0.22094
0.0625  0.183995
-0.09375  -0.409332
0  -0.163581
0.25  -0.0579157
0.1875  -0.0053561
-0.03125  0.0565015
-0.1875  -0.0513411
0.15625  -0.00267092
0.03125  -0.02147
0.09375  -0.069918
-0.03125  -0.285852
-0.15625  -0.0462489
0  -0.135254
-0.21875  0.0396571
-0.09375  0.0327426
0.09375  -0.190014
-0.15625  0.0277147
0  -0.138729
-0.15625  -0.22258
0.0625  -0.103409
0.0625  -0.175852
0.09375  -0.32616
0.125  -0.123271
-0.15625  -0.1248
-0.09375  -0.282066
0.03125  0.00208994
0.1875  -0.186546
0.0625  -0.00720642
0.03125  0.0456054
-0.28125  0.100203
0.03125  -0.189983
0.0625  0.282582
0.03125  0.0828104
-0.03125  -0.161101
-0.15625  -0.0432632
-0.125  -0.0670563
0.0625  -0.0712442
0.125  -0.147938
0  -0.142662
-0.1875  0.107861
0.1875  -0.2074
0  -0.121125
-0.03125  -0.128601
0.0625  0.0514476
0.15625  -0.0987668
-0.09375  -0.257476
-0.0625  -0.041784
0.0625  -0.0175526
0.03125  -0.0325968
0.15625  -0.202266
0  -0.345298
0.0625  -0.231681
0.125  0.158703
-0.125  0.0379144
0  -0.0346019
-0.03125  -0.132105
-0.09375  0.0130247
-0.09375  -0.190648
0.21875  -0.0507108
-0.1875  -0.260247
0.09375  -0.180174
0.15625  -0.0708801
-0.125  -0.122253
-0.125  0.056549
0.09375  -0.201568
-0.15625  -0.119847
0.09375  -0.109573
0  -0.330515
-0.03125  -0.274923
0  -0.180268
0.09375  0.10289
0.3125  -0.182477
0.03125  -0.054884
0.15625  0.0587408
0.21875  -0.123046
0.09375  -0.105001
0.1875  -0.14386
-0.15625  -0.0643713
0.0625  0.117104
0.09375  0.149562
0.125  -0.170813
0.09375  -0.158535
0.15625  -0.106733
0.09375  -0.160493
0  0.0570507
0.03125  -0.0967089
0.15625  -0.233487
0.125  -0.215216
0.09375  -0.126372
-0.09375  -0.276382
0.1875  -0.131022
-0.0625  -0.177876
0.03125  -0.0968564
0.125  -0.183942
0  -0.0171767
-0.15625  0.0320336
-0.03125  -0.109436
-0.125  -0.136827
-0.1875  -0.171634
0.125  -0.168552
0.125  0.066162
-0.125  0.045618
0.125  -0.249723
0.09375  0.0114133
-0.03125  -0.171667
-0.1875  -0.0498337
0.03125  -0.169459
0  0.00148645
0  0.00419
-0.125  -0.343426
0.03125  -0.00782077
0.09375  -0.0120245
0.0625  -0.123274
-0.125  0.00496243
0.03125  0.0486124
0.09375  -0.239768
-0.125  -0.112629
-0.21875  0.244326
-0.09375  -0.0416073
-0.0625  0.0144191
0  -0.000975882
-0.125  -0.183207
0.1875  -0.139357
0.1875  -0.0643517
0.1875  -0.228501
-0.0625  -0.13058
-0.03125  -0.109446
-0.28125  -0.195492
0.125  -0.0297338
-0.125  -0.07327
-0.09375  -0.174837
-0.03125  -0.129112
-0.09375  0.0213365
-0.0625  -0.0317712
-0.09375  -0.139695
-0.0625  -0.2549
0.03125  -0.0190523
0  -0.122183
-0.125  -0.298882
0.125  -0.127295
0.0625  -0.00876698
-0.0625  -0.020035
0.125  0.141424
-0.03125  -0.12707
-0.0625  -0.114664
-0.0625  0.00959089
0.0625  0.00608577
0.09375  -0.353077
0.0625  -0.26733
-0.15625  -0.0820777
-0.1875  0.0387041
0.25  -0.244745
0.0625  -0.0793057
-0.09375  -0.108277
0.25  -0.225791
-0.28125  -0.0521569
0.15625  -0.186413
0.21875  -0.190863
0.09375  -0.0646894
0.0625  -0.321877
0.0625  -0.0737824
-0.0625  0.0303775
-0.15625  -0.233898
0.21875  -0.132125
0.03125  -0.123157
-0.0625  0.063822
0.03125  -0.196401
-0.125  -0.223884
-0.1875  0.0762666
0.1875  -0.0770174
0  -0.247407
-0.1875  -0.0236247
-0.09375  -0.0118466
-0.125  -0.125849
0  0.113489
0.0625  -0.202981
0  -0.108169
0.1875  -0.325538
-0.15625  -0.159078
0.15625  -0.25074
0.09375  -0.368202
-0.03125  -0.122748
-0.28125  -0.183487
-0.09375  0.0761427
-0.15625  0.0383516
-0.0625  0.188999
0.0625  -0.0308027
-0.125  -0.0481407
-0.15625  0.0417264
-0.125  0.0479841
0.09375  -0.0402842
0.15625  -0.0253325
-0.0625  -0.142842
-0.09375  -0.107256
-0.15625  0.0139768
-0.03125  -0.200539
-0.03125  -0.146019
0.03125  -0.178291
0  -0.399881
-0.1875  -0.369142
0.375  -0.179348
0  -0.0533953
-0.1875  -0.0929331
0  -0.0403003
-0.03125  -0.119239
-0.09375  -0.0262778
0.1875  -0.0290974
0  -0.0918106
0.15625  0.0270277
-0.09375  0.0487035
-0.21875  -0.161787
-0.0625  0.0671287
-0.1875  -0.101801
-0.03125  -0.0163631
0.25  -0.154612
-0.09375  -0.0943973
0.09375  -0.13589
0.09375  -0.153847
-0.0625  0.0210452
0.03125  -0.0110273
0.1875  -0.129095
0.09375  -0.155054
0.03125  -0.023906
0.1875  -0.0467761
-0.0625  -0.315366
-0.125  -0.10209
-0.09375  -0.022828
0.125  0.151427
0.03125  -0.118909
-0.1875  -0.163789
0.09375  -0.13394
0.1875  -0.312849
0  -0.247163
-0.03125  -0.234454
0.125  0.0722529
-0.0625  -0.0893662
0.1875  -0.213231
-0.125  -0.155311
0  -0.114425
0.03125  -0.265826
-0.125  -0.0348681
0.15625  0.153269
0.0625  0.151995
0.09375  -0.206501
-0.03125  0.0481167
-0.09375  0.127933
0.09375  -0.0175689
-0.03125  0.17015
0.0625  -0.112348
0.125  0.0362468
0.15625  -0.0353293
0  -0.0223881
-0.09375  0.0561875
0.125  -0.0743699
-0.09375  0.0138185
-0.0625  -0.243088
0.21875  -0.188379
0.375  0.00572481
0.0625  -0.185123
-0.03125  -0.181069
0.1875  -0.0562951
0.09375  -0.00718926
-0.0625  0.0541987
0.125  -0.052939
0.28125  -0.14602
-0.15625  -0.0300837
0.0625  0.0566904
0.09375  -0.0873421
0.21875  -0.108538
0.09375  0.03865
0.0625  -0.0522096
0.03125  -0.162777
0.15625  0.0132076
0  -0.0908464
0.03125  -0.115832
-0.09375  -0.108628
-0.1875  -0.000616461
-0.28125  -0.0555745
0.21875  -0.184011
-0.21875  -0.126126
0.28125  -0.134944
0  -0.243402
-0.125  -0.228332
0.03125  -0.00763811
0.0625  -0.131975
-0.09375  -0.00366861
-0.09375  -0.0401359
-0.03125  -0.142167
0.09375  -0.139654
0.03125  -0.0936643
0.15625  0.0111023
0.09375  0.0700218
-0.03125  -0.0351172
0.28125  0.113485
0.09375  -0.16356
0.03125  -0.233239
-0.0625  -0.173975
-0.0625  -0.0400539
-0.125  -0.041216
-0.03125  0.0476322
0  0.0684642
-0.03125  -0.0249235
0.03125  -0.112523
-0.03125  -0.0800027
0.1875  -0.211272
0.125  -0.00940868
0.15625  -0.113802
-0.03125  -0.0234196
0.09375  -0.256616
0.21875  -0.0702864
0.21875  -0.0850835
-0.09375  -0.0970217
0.09375  -0.302355
-0.09375  -0.0250495
-0.0625  0.0521621
0  -0.237486
-0.21875  0.167063
0.21875  -0.11249
-0.125  -0.156079
0.0625  -0.251623
0  -0.0949171
-0.0625  0.107952
0  -0.253187
-0.03125  0.0855132
0.0625  -0.0890315
0  -0.0538446
-0.09375  -0.00575219
0  -0.156818
-0.03125  -0.124514
0.125  -0.0422671
-0.125  -0.255674
-0.125  0.0318443
-0.03125  -0.17698
0  -0.238952
-0.125  -0.150598
-0.09375  -0.220481
0.15625  -0.0468792
-0.0625  0.184952
0.15625  -0.192612
0  0.147433
-0.09375  -0.209723
-0.1875  -0.338601
-0.125  0.0237331
-0.09375  -0.166352
-0.09375  -0.0570315
-0.28125  0.0345266
-0.15625  0.0492603
-0.1875  -0.364286
-0.28125  -0.203823
-0.21875  -0.327289
-0.03125  0.0497138
-0.0625  -0.0575675
0.03125  -0.135906
-0.1875  -0.34359
0.09375  -0.176927
0  -0.0180713
0.15625  0.117277
0.125  0.12624
-0.125  -0.195816
-0.03125  -0.181515
-0.0625  -0.0405236
-0.125  0.00885778
0  -0.208869
0  -0.132133
0.0625  -0.135838
0.125  -0.138809
-0.15625  0.172233
-0.09375  -0.0779265
-0.1875  -0.193995
0  0.0319746
0.125  0.018675
0.0625  -0.22981
-0.09375  0.0689048
-0.03125  0.216033
0  -0.24275
0.03125  -0.268817
-0.1875  -0.446039
0.21875  -0.0869117
0.125  -0.329186
-0.03125  0.0579825
-0.0625  -0.00154353
0.125  -0.119611
0.0625  -0.177212
0.15625  0.03019
0.09375  -0.0727813
-0.0625  -0.230922
0.0625  -0.0765275
-0.09375  -0.131755
0.03125  0.0435121
0.0625  -0.124588
0.125  -0.153944
-0.21875  -0.073635
0.15625  -0.180484
0.09375  -0.036584
0.03125  0.0151466
-0.15625  -0.0358465
0.0625  -0.083394
-0.0625  -0.0603545
0.09375  0.0779258
0  -0.0529637
0.0625  -0.0239692
0.21875  -0.156552
-0.125  -0.259105
0.125  -0.157033
-0.09375  -0.0698727
0.125  0.0610348
0.0625  -0.193382
-0.15625  -0.0252715
-0.21875  0.157543
0.0625  -0.0292134
0.21875  -0.177472
-0.25  -0.0483284
-0.1875  -0.0643831
-0.0625  -0.145093
-0.125  -0.253223
0.125  0.106421
0.125  -0.0537197
-0.09375  0.218827
0.0625  -0.291393
0.25  -0.0649163
0.0625  -0.33026
-0.15625  -0.227351
-0.15625  0.107247
-0.125  -0.0841511
-0.03125  -0.113399
-0.125  -0.104301
0.125  0.0228927
-0.125  -0.0466765
-0.03125  -0.172576
-0.25  -0.121121
0.15625  0.0198978
0.125  -0.0777822
-0.125  -0.107035
0.25  -0.079687
-0.03125  -0.134377
0.09375  -0.129845
-0.03125  -0.0367765
0.03125  0.142754
0.03125  0.0141807
-0.09375  -0.0166634
0.03125  -0.0584581
-0.0625  -0.109677
0.03125  0.11884
0.0625  0.0537558
0.03125  -0.151805
0  -0.121266
-0.28125  -0.0734588
-0.03125  -0.254008
0.15625  -0.149551
0.15625  0.0554658
0.09375  -0.347813
-0.0625  -0.364472
0.15625  -0.0153593
0.03125  -0.0855776
0.03125  -0.0807902
0.125  -0.0867684
0.0625  0.230238
-0.25  -0.102687
-0.03125  0.0569788
0  -0.107283
0.03125  -0.116945
0.15625  -0.0242977
-0.03125  -0.302613
0.03125  -0.107256
0.03125  -0.0220612
-0.03125  -0.0453101
0.03125  0.0544239
-0.21875  -0.00136514
-0.0625  -0.140544
0.09375  0.152083
0.125  0.226061
-0.09375  -0.104161
0.125  -0.00117129
-0.15625  -0.237168
-0.1875  -0.33421
-0.09375  -0.0153493
-0.03125  -0.228724
0.15625  0.149275
-0.03125  -0.142923
-0.15625  -0.0634326
-0.03125  -0.193507
0.03125  -0.301314
0.0625  0.0216553
0.15625  -0.210322
-0.0625  -0.201101
0.09375  0.157806
0.03125  -0.251738
-0.0625  0.0533595
0.0625  -0.200752
0.09375  -0.120461
0.03125  -0.0226151
-0.34375  -0.208639
-0.0625  -0.242733
-0.0625  -0.307655
-0.09375  -0.0263129
0.09375  -0.163963
0.25  -0.160702
0.25  -0.0323695
0.03125  0.127695
0  -0.293902
0  0.0512132
-0.1875  -0.282358
-0.03125  -0.147264
0.15625  -0.139934
0.21875  -0.140206
0.125  -0.286668
0.25  -0.207096
0.03125  -0.349179
-0.09375  0.0703267
-0.09375  -0.243988
-0.03125  -0.30426
-0.03125  -0.13328
0  -0.108592
-0.0625  -0.231766
0.34375  -0.128322
-0.09375  -0.0810773
0.03125  0.030348
0.09375  -0.193132
-0.0625  -0.0156408
0.0625  0.0269169
-0.28125  -0.144809
-0.0625  -0.0872483
0  -0.116177
0.0625  -0.103924
0.21875  -0.211839
0.15625  -0.207214
-0.0625  -0.168466
-0.125  -0.0317392
-0.03125  0.0195907
-0.1875  -0.00291538
0  -0.0690419
-0.03125  -0.186131
0.09375  -0.188913
0.09375  0.000215014
0.0625  -0.212442
-0.0625  -0.133134
-0.0625  -0.0818058
0.125  -0.231613
0.09375  -0.143228
0.0625  0.0350665
0.21875  0.145334
-0.09375  -0.297076
-0.09375  -0.167323
0.21875  -0.113721
0.15625  -0.119926
-0.03125  0.0815198
0  0.00973017
-0.1875  0.0156327
0.0625  -0.186641
-0.3125  -0.11017
-0.0625  0.082482
-0.09375  -0.261061
0.125  -0.105126
-0.03125  -0.0749672
0  0.0706497
0.125  -0.028491
0.0625  -0.178609
-0.1875  -0.0632235
0.03125  0.372973
0.15625  -0.109654
-0.15625  -0.234965
-0.03125  -0.0626291
0.0625  -0.195943
-0.15625  0.0875647
0  -0.0407989
0.03125  0.0404725
0.1875  0.0868006
-0.0625  -0.144364
-0.09375  0.00790724
0.21875  -0.207996
-0.25  -0.242275
0  -0.15138
0.09375  -0.0984456
0.0625  -0.219712
0.1875  -0.259544
-0.1875  0.0657771
0.09375  -0.0554324
0.34375  -0.219803
0.125  -0.0288158
0.0625  -0.206084
0  -0.0223383
-0.09375  -0.028267
0.03125  -0.104246
0.15625  -0.177138
0.03125  0.0667074
0.125  -0.180748
-0.1875  0.0135736
-0.0625  -0.0402177
-0.15625  -0.0598721
-0.0625  -0.0403797
0.3125  -0.015754
0.125  -0.0316384
0.21875  -0.0127681
0.03125  -0.095166
0.03125  -0.0935675
0.03125  -0.143491
0  -0.0874238
0.0625  -0.298249
0.15625  -0.0785441
0.09375  -0.0327088
-0.09375  -0.281588
0.0625  -0.158673
0  -0.100953
-0.0625  -0.0321005
-0.0625  -0.15679
-0.125  -0.0859829
0.21875  -0.211867
0.03125  -0.182422
0.28125  -0.0383141
-0.15625  -0.0996244
-0.15625  0.0164531
-0.03125  -0.277227
-0.0625  -0.108445
0.125  -0.247141
-0.1875  -0.143971
0.0625  0.0528917
0  -0.200254
0.03125  0.0101391
0.03125  0.0485263
0.21875  -0.204273
0.09375  -0.274918
0.0625  -0.147606
-0.1875  -0.0129816
0.125  -0.132632
0.09375  -0.190591
-0.15625  -0.0788312
0.03125  0.0733329
-0.09375  -0.032583
0.03125  -0.0886562
0.15625  -0.084446
0  -0.150296
0.0625  -0.203053
0.09375  -0.0627303
0.3125  -0.208012
0.125  -0.15248
0.15625  0.0844365
0.125  0.0113733
-0.03125  -0.0157108
-0.0625  -0.0636672
-0.15625  -0.120535
-0.03125  -0.206796
-0.09375  0.0438045
0.125  -0.0501944
-0.125  -0.203693
0.09375  -0.241876
0.09375  -0.194004
0.03125  -0.0640756
-0.0625  -0.103093
-0.1875  -0.00384989
0.0625  0.0671755
-0.03125  -0.123824
-0.09375  0.0271884
0  -0.00453887
0.03125  -0.013216
-0.03125  -0.0866693
0.15625  -0.225203
-0.1875  -0.189856
0  -0.158759
0.0625  0.00298633
0.03125  -0.183241
-0.15625  -0.0748962
-0.03125  -0.0750357
-0.125  -0.133926
-0.1875  -0.138015
0  -0.258823
0  -0.0969991
-0.125  0.00887882
0.125  -0.0342774
-0.125  0.0895472
0.125  0.0618854
0.03125  -0.0658374
-0.0625  0.0691577
0  0.0703356
-0.03125  0.0218818
-0.03125  -0.158093
0.15625  -0.0077871
0.0625  0.0744013
-0.21875  0.103535
0.0625  0.234501
-0.09375  0.0137283
0.09375  -0.0885654
0.0625  -0.159417
0.03125  -0.312743
0.1875  -0.238107
-0.25  -0.0729568
0.03125  -0.0573721
0.0625  0.0176335
0  -0.00349858
0.09375  -0.116305
0.09375  -0.0309609
-0.0625  0.11963
0.0625  -0.0340872
-0.15625  -0.0672521
0.03125  0.00185985
0.1875  -0.0249535
-0.1875  -0.254514
0  0.0330527
0.09375  -0.0640786
0  -0.113717
0  -0.189239
-0.03125  -0.0905431
0.15625  -0.163116
0.3125  -0.185815
-0.125  0.205464
0.1875  -0.0249782
0.125  0.011847
-0.125  -0.0846643
-0.03125  -0.061484
-0.03125  -0.0780628
-0.03125  -0.290023
-0.09375  0.087584
0.09375  -0.0931235
0.03125  -0.273703
-0.125  -0.11697
0.125  -0.0719237
-0.125  -0.165763
0.0625  -0.352474
0.125  -0.0739439
0.0625  0.169764
-0.09375  -0.0989263
0.03125  -0.153389
-0.15625  -0.0550191
-0.09375  -0.267771
-0.0625  -0.0409614
-0.1875  -0.22294
-0.125  -0.104905
0  0.0546183
-0.21875  -0.114758
0.03125  -0.162503
0.125  -0.362686
0.15625  -0.246766
-0.28125  -0.322736
-0.09375  0.0247452
-0.1875  -0.135926
0.03125  0.0183799
0.03125  0.0912921
0.0625  -0.186759
0.09375  -0.193973
0.21875  0.139801
-0.09375  -0.0265362
0.21875  -0.0587888
-0.125  -0.093207
0.03125  0.101743
0.03125  0.00750358
0.0625  0.0211495
0.09375  -0.102616
-0.0625  -0.142896
-0.03125  0.170693
0.0625  -0.178342
-0.09375  -0.023693
0.125  -0.180393
0.25  -0.0250049
-0.15625  -0.258825
0.09375  -0.175051
0  -0.049671
0.09375  -0.0977197
0.09375  0.139255
-0.0625  -0.221854
0.0625  0.191295
0.0625  -0.0175693
-0.15625  -0.132655
-0.09375  0.0411233
-0.15625  -0.059474
0.03125  -0.251369
-0.125  -0.0461489
-0.15625  -0.0630065
0  -0.0397355
0  -0.0563169
-0.09375  -0.23141
-0.09375  -0.0970368
-0.03125  -0.000919979
-0.0625  -0.319305
-0.0625  0.134648
0.0625  0.140362
-0.03125  0.046082
0.15625  -0.114116
0.0625  0.0728005
-0.03125  -0.0617975
-0.09375  0.0526817
0.03125  -0.165217
-0.1875  -0.325827
0  -0.146682
0  0.0894963
0.1875  -0.0142277
-0.0625  0.0671501
0  0.0136166
0.0625  -0.0584116
-0.03125  -0.114241
-0.09375  -0.0974228
0.125  0.0356331
0.15625  -0.209839
0.0625  -0.124984
-0.125  -0.183154
0  -0.0765029
-0.03125  -0.0690958
-0.09375  -0.0589541
0.03125  -0.0469996
-0.09375  -0.312806
-0.0625  -0.0272719
0.0625  -0.104897
0.1875  0.00928291
-0.125  -0.121378
0  -0.20793
0.09375  -0.150191
0.03125  0.121502
0.03125  -0.179465
0.03125  -0.107987
0.21875  -0.196346
0  -0.228987
0.21875  0.00154055
0.03125  -0.184033
-0.03125  -0.0398934
0.28125  -0.13361
0.1875  -0.160628
0.1875  -0.108843
0.09375  -0.117844
0.25  -0.286507
-0.03125  -0.11301
-0.0625  -0.0413233
0.0625  -0.000752284
-0.21875  -0.303314
0  -0.116006
0  -0.168603
-0.09375  0.0425989
-0.09375  0.0968786
-0.125  -0.15818
-0.0625  -0.248081
-0.03125  0.0337471
-0.0625  -0.01734
0  -0.129977
0.0625  -0.269085
0.03125  -0.213482
-0.125  -0.141966
-0.125  -0.0183258
0.15625  -0.205974
-0.0625  -0.158679
0.125  -0.074243
-0.03125  -0.132848
0.03125  -0.177366
0.21875  -0.111885
-0.03125  0.0458358
0.25  -0.151327
0  -0.101944
0  0.019483
0.21875  0.0599366
-0.0625  -0.0673438
-0.03125  -0.04863
-0.34375  -0.115997
0.0625  0.135188
0.03125  -0.0141789
0.0625  0.0374653
-0.21875  -0.0754092
-0.25  -0.0212623
0.25  -0.264298
0.03125  -0.137879
0.03125  -0.161835
0  -0.066462
0.1875  -0.132634
-0.09375  0.0756694
0.09375  0.0732039
0.125  -0.183101
-0.09375  -0.154387
-0.03125  -0.137323
0.15625  0.0747074
-0.1875  -0.175108
0.15625  -0.0882872
0.03125  0.0357946
-0.28125  -0.0583004
0.0625  0.0236145
0  -0.0113135
0.1875  -0.0509176
0.0625  -0.160516
0.3125  -0.046991
-0.03125  -0.160867
-0.15625  -0.230207
-0.09375  -0.14123
-0.03125  -0.288877
-0.1875  -0.303289
-0.09375  -0.0469366
-0.125  -0.0647045
-0.28125  -0.122477
-0.0625  -0.0353041
0.125  -0.1185
-0.03125  -0.0326021
0.21875  0.015294
0.15625  -0.15823
-0.0625  -0.125073
-0.09375  -0.162959
-0.0625  0.0937835
-0.0625  -0.288382
0.0625  -0.0165901
0  -0.157436
-0.03125  0.00454472
-0.125  0.00834676
0.0625  -0.269368
-0.21875  -0.15588
0.25  -0.200976
-0.03125  -0.0910331
-0.03125  0.000172694
0.03125  -0.0906509
0  -0.231838
-0.0625  0.130628
-0.03125  0.121068
-0.1875  0.377102
0.0625  -0.112984
0  -0.19412
-0.125  -0.15984
-0.09375  -0.223263
-0.0625  -0.159988
0  0.143401
-0.21875  -0.0564717
0.4375  -0.249079
-0.125  0.070775
0.1875  -0.0301442
-0.28125  -0.275979
0  -0.241909
-0.09375  -0.0300694
0.03125  -0.141409
0  -0.164399
0.03125  -0.042798
-0.15625  -0.135146
-0.0625  -0.287598
0.125  -0.155862
0  -0.048516
-0.03125  -0.0349903
-0.0625  -0.183521
0.03125  -0.131372
0.25  -0.0681224
0.28125  -0.0310136
0  -0.0150011
-0.09375  -0.0657364
-0.0625  -0.114558
-0.03125  0.0303643
-0.15625  0.0265655
-0.03125  -0.146416
-0.09375  -0.12659
-0.25  0.0217423
-0.09375  -0.238182
-0.21875  -0.125222
0.125  -0.170709
-0.09375  -0.0642889
0.0625  -0.194769
-0.0625  0.166982
-0.09375  0.0145275
-0.09375  0.000207375
0.125  -0.102651
0.03125  0.0911737
0.0625  -0.359026
0.1875  -0.172618
-0.0625  0.0245201
0.15625  0.147132
-0.03125  -0.176253
-0.0625  -0.0396469
-0.0625  -0.166137
-0.0625  -0.386067
0.15625  -0.0484394
0.15625  -0.104109
0.09375  -0.0272686
-0.125  0.0841416
0.09375  -0.30123
0.125  -0.166695
0.1875  0.0160203
0.0625  -0.0394679
0.125  0.131619
0.28125  -0.00288463
0.03125  -0.262902
-0.15625  0.0112243
-0.1875  -0.301482
-0.03125  -0.0777454
-0.15625  -0.0277338
0.15625  0.036658
0  -0.412408
0.09375  -0.106028
-0.0625  -0.143073
0.09375  -0.251043
0.03125  -0.291454
0  -0.237757
0.09375  -0.133021
0.03125  -0.0898659
-0.0625  0.0897006
0.09375  -0.047487
0.0625  -0.334428
0.0625  -0.131342
0.03125  0.0751993
0.25  0.151951
-0.0625  -0.319887
0.09375  0.159102
0.03125  -0.430578
-0.0625  0.0513335
0.03125  -0.29739
-0.09375  -0.171095
0.125  0.0674965
0.03125  -0.331508
0.09375  -0.158458
-0.125  -0.0267844
-0.125  0.0460803
0.15625  -0.106799
-0.0625  -0.047477
-0.09375  0.0325863
-0.0625  -0.0997346
-0.1875  0.0385022
0  -0.178536
-0.09375  -0.266925
-0.03125  -0.121417
-0.09375  0.0961546
0  -0.0976844
0.03125  -0.0543248
-0.125  -0.129686
-0.1875  -0.282919
0.0625  -0.231636
0.03125  -0.0994266
-0.15625  -0.268361
0  -0.162072
-0.0625  -0.220355
0.21875  -0.0149131
-0.15625  -0.163148
0.25  -0.132791
0.0625  -0.145575
0.125  -0.027385
-0.125  0.0139078
-0.25  -0.192357
-0.03125  -0.109179
0.09375  0.0445879
-0.0625  0.137305
-0.09375  -0.00220206
0.0625  0.00232339
0.09375  -0.0473899
0.15625  -0.0384177
0.09375  -0.322591
0.0625  -0.0677729
0.0625  -0.00510142
-0.3125  -0.0812137
-0.1875  -0.0383556
-0.125  0.0874833
-0.0625  -0.161987
0.125  -0.0981242
0.125  -0.0343342
-0.125  -0.192313
-0.0625  0.0573752
0.03125  -0.0371716
-0.09375  -0.234338
0  -0.216085
-0.0625  -0.29805
-0.21875  0.0112569
-0.03125  -0.212118
-0.15625  -0.060267
-0.03125  0.0855036
-0.15625  0.143708
-0.0625  -0.0305254
-0.0625  0.0811969
-0.25  -0.0617501
0.03125  0.236836
0.21875  -0.151766
-0.125  0.0535981
0.09375  -0.16889
0.09375  -0.0859464
0.15625  0.00268959
0  -0.153553
0.28125  -0.0829971
-0.03125  0.00765105
0  0.0774798
0.09375  0.0636608
-0.03125  -0.191207
0.0625  -0.357046
-0.09375  0.262552
0  -0.0311738
0.28125  -0.120624
-0.03125  0.0284636
0.15625  -0.151514
0  -0.0420615
-0.1875  -0.125578
0.03125  0.0292432
0.03125  -0.340617
-0.03125  -0.382942
0  -0.0397781
0.0625  -0.205076
-0.125  -0.133602
0.125  -0.283125
0.0625  -0.120956
0.03125  -0.08409
-0.125  0.0846138
0.125  -0.0333024
0.125  -0.114409
0.125  -0.0188029
0.0625  -0.11675
0.03125  -0.27331
0.09375  0.00229189
-0.15625  -0.0658085
0.125  -0.0126871
-0.0625  -0.107374
-0.125  -0.0851161
-0.03125  -0.131617
-0.09375  -0.040776
0  -0.0807598
0.03125  -0.242592
0.03125  -0.0128749
0.1875  -0.0496478
-0.0625  -0.0390251
0.1875  -0.0942751
0.0625  -0.0490051
0.09375  -0.148602
-0.09375  -0.0178734
0.21875  -0.00575635
-0.03125  -0.0919132
0.125  -0.0142847
0.03125  0.00272559
0.09375  0.0416183
-0.21875  -0.136581
0.0625  -0.0661955
0.15625  -0.216017
-0.0625  -0.0802607
-0.125  -0.115757
-0.125  -0.319826
-0.3125  -0.0699614
-0.03125  -0.0118827
0.125  0.289555
0  -0.0624456
-0.03125  -0.239822
0.0625  -0.0711964
-0.125  -0.229091
0.25  -0.0627668
-0.28125  -0.0512895
0.15625  -0.0570451
0.03125  -0.0468497
-0.0625  0.159196
-0.03125  -0.121333
0.09375  -0.106895
-0.15625  -0.19432
-0.125  -0.19699
0.03125  0.00752973
0  -0.0655568
-0.09375  -0.0432907
0  -0.0984554
0.03125  0.0564025
-0.1875  -0.0846765
0.0625  0.17933
0.1875  -0.0735008
0.03125  -0.0109276
0.0625  -0.0831084
0.0625  -0.114458
-0.0625  -0.159454
0.03125  0.0237511
-0.21875  -0.129469
-0.03125  -0.120183
-0.21875  0.0698493
0  -0.205698
-0.03125  0.0232209
-0.0625  -0.0646541
-0.0625  -0.0470534
0.03125  -0.134128
-0.0625  0.118092
0.125  0.0194541
-0.21875  -0.0299277
0  -0.17985
0  -0.0415979
0  0.130389
0.21875  -0.127246
0.1875  -0.228056
-0.03125  0.0971364
-0.125  0.0138359
-0.09375  -0.154262
-0.0625  -0.296341
0.21875  -0.0370963
0.1875  -0.277727
0.09375  -0.152973
-0.1875  -0.412242
-0.0625  -0.0935209
0.3125  0.00222519
0  -0.247332
0.09375  0.00881367
0.0625  -0.311003
0  0.0745756
-0.03125  -0.288711
0.21875  0.000139808
0  0.23031
-0.25  -0.137931
0.0625  0.00440847
0.125  0.000730721
-0.0625  -0.0370407
-0.03125  -0.00582637
0.03125  -0.203024
-0.125  -0.215648
0.09375  -0.354969
-0.03125  -0.037302
-0.25  0.00119061
0.125  0.0142091
-0.09375  -0.146779
-0.0625  -0.0726075
0.0625  -0.0529813
-0.125  0.240786
0.0625  -0.20528
-0.03125  0.0503672
-0.28125  -0.181123
0.03125  0.00907817
0.0625  -0.159788
-0.03125  -0.125687
0.125  -0.0823647
-0.09375  -0.105037
0.28125  -0.0365356
0.125  -0.0572205
0  0.0668153
-0.0625  0.13632
-0.15625  -0.0383331
0.0625  0.0375437
0  -0.0804382
0.03125  0.147769
-0.3125  -0.0431103
-0.34375  0.0889584
0  -0.122892
0.03125  -0.211335
0.09375  0.0326631
-0.125  -0.046004
0.125  -0.0333482
-0.15625  -0.150822
-0.125  -0.107146
-0.0625  -0.233458
0.03125  -0.101043
-0.21875  -0.0797667
0  -0.0340464
-0.03125  0.0917907
0.21875  0.0922862
-0.03125  0.139071
0.03125  -0.196207
0.0625  -0.103618
0.21875  -0.0481169
0.09375  -0.0863011
-0.0625  -0.153152
0.0625  -0.152611
-0.09375  -0.231101
-0.21875  -0.156631
0.28125  -0.195425
0.0625  -0.122073
0.125  -0.0816642
0.125  -0.250193
-0.03125  -0.0188767
0.0625  0.00942485
-0.09375  -0.198456
-0.0625  -0.125059
-0.1875  0.131018
-0.21875  -0.180927
-0.0625  -0.219591
-0.0625  0.160895
0  -0.108937
-0.0625  -0.168725
0  -0.0113274
0.0625  -0.175185
0.125  -0.100776
-0.1875  0.0960488
0.25  -0.133969
0.09375  -0.301146
-0.0625  -0.144232
0.15625  -0.136453
0.03125  -0.150787
-0.21875  -0.268768
0.15625  -0.105387
-0.03125  -0.175067
-0.25  -0.0285026
0.0625  -0.0827404
0.03125  -0.163618
-0.09375  -0.222499
0  0.0652465
0.09375  0.00494856
0  -0.133336
0.03125  -0.148672
0.03125  0.0697816
-0.0625  -0.107023
-0.03125  -0.0875623
0.03125  -0.0900493
0.0625  0.0461649
0.03125  0.105253
0.3125  0.163014
-0.25  -0.0938336
0  0.0181748
-0.09375  -0.129518
-0.125  -0.115902
-0.03125  0.0934983
-0.0625  -0.142205
0.125  0.0115216
-0.0625  -0.18748
-0.15625  -0.232574
0  -0.011406
0.03125  -0.174748
-0.09375  -0.248554
-0.125  -0.08401
0  -0.0535396
-0.125  -0.0679867
0  -0.0674688
0.125  -0.0979199
-0.03125  0.0616832
-0.09375  -0.078746
0.15625  0.0151218
-0.0625  -0.127567
-0.03125  0.0521668
-0.09375  -0.0987494
-0.03125  -0.0142641
-0.0625  -0.0198918
-0.0625  -0.0932483
0  -0.133253
-0.0625  -0.16139
0.0625  -0.168153
-0.09375  -0.165904
-0.09375  -0.127664
0.25  -0.144069
-0.125  0.0313883
-0.03125  -0.12357
0  -0.0781513
0  -0.00395113
-0.15625  -0.0390397
0.0625  0.0680839
-0.0625  -0.0181939
0.03125  -0.0792483
-0.125  -0.118026
0.0625  -0.026235
-0.0625  -0.0932003
-0.15625  0.0265745
0.25  -0.179882
-0.0625  -0.126486
-0.125  -0.00566205
0.03125  0.15494
0.15625  -0.26781
0.0625  -0.084415
0.15625  -0.217656
-0.1875  0.0787943
-0.375  -0.387445
0.09375  0.031125
0.15625  -0.190918
0  -0.17261
0.1875  -0.099602
-0.09375  -0.030806
0.125  0.20924
0  -0.175722
-0.0625  -0.131772
-0.09375  -0.212155
0.1875  -0.0870302
0.1875  -0.0564546
-0.0625  -0.0622741
0.09375  -0.0591886
-0.09375  0.10631
0.03125  0.214787
0.125  -0.141259
0.03125  -0.183792
-0.09375  -0.00810524
-0.1875  -0.217121
-0.125  -0.146345
0.15625  -0.0167183
-0.09375  -0.00581835
0.0625  -0.178338
-0.0625  0.0659303
-0.0625  -0.357767
-0.1875  -0.14814
-0.15625  -0.103861
-0.1875  -0.103902
0.1875  0.00749224
-0.03125  -0.221718
0.25  -0.0939336
-0.21875  -0.122279
-0.03125  -0.00860261
0.15625  -0.261644
-0.03125  -0.174525
-0.125  -0.219429
-0.09375  0.0892801
-0.21875  -0.158209
0  -0.178502
0.0625  -0.0162615
0.25  0.0548441
0.09375  -0.191763
-0.03125  -0.0255453
-0.09375  -0.00524459
-0.125  0.146495
-0.15625  0.0319454
0.15625  -0.0238203
-0.15625  0.0446405
-0.125  -0.0879866
0  -0.0679012
-0.0625  -0.0579531
0.15625  -0.261832
0.3125  -0.0861369
-0.0625  -0.101479
0.125  0.0348903
-0.09375  -0.1566
0  -0.193996
0.03125  -0.0991465
-0.125  0.0890518
-0.0625  -0.118416
0.0625  -0.190812
-0.0625  -0.32303
0.0625  -0.255089
-0.0625  0.157108
0.1875  -0.0334408
0  -0.154197
-0.0625  0.081457
-0.09375  -0.0335449
-0.25  -0.306844
-0.15625  -0.319161
-0.0625  -0.0455166
-0.03125  -0.104059
-0.125  0.175872
0  0.10888
-0.03125  -0.141277
-0.09375  -0.442048
-0.09375  -0.174381
-0.125  0.071608
0.03125  -0.180496
0.03125  -0.187274
-0.09375  -0.0380639
-0.0625  -0.0313862
-0.15625  -0.211411
0  -0.0949668
0.21875  -0.0872423
0.03125  -0.174712
0.125  0.078855
-0.1875  -0.144361
0.03125  -0.196704
0.03125  0.0446876
-0.09375  0.0121194
-0.1875  0.0663766
0.03125  -0.0498458
-0.0625  -0.185425
0.15625  -0.11183
0.0625  -0.0167738
-0.28125  0.0414702
-0.03125  -0.116373
-0.1875  0.112932
0.125  -0.125804
0.15625  -0.101062
-0.21875  -0.100018
-0.125  -0.250457
-0.21875  -0.052772
-0.03125  0.0212022
0  -0.224863
-0.15625  -0.286504
0.0625  0.083656
0  -0.21714
0.03125  0.122563
-0.0625  0.104953
0.03125  -0.245747
0.0625  -0.162367
0.125  -0.101216
0.03125  -0.058243
-0.09375  -0.128026
-0.0625  0.0177673
0.09375  -0.344695
-0.15625  0.0451802
0  -0.139262
0.09375  -0.113925
0.125  -0.0736771
-0.09375  -0.0896499
0.03125  -0.147668
0  -0.00999531
0.3125  -0.161364
-0.15625  -0.155943
-0.03125  -0.120252
0.09375  -0.22715
-0.21875  0.0701489
0.03125  -0.11465
-0.25  -0.0873357
0  0.0236295
-0.28125  -0.104318
0.09375  -0.0224287
-0.0625  -0.0415654
-0.03125  0.0155718
0.03125  -0.0370391
-0.25  0.0359281
0.0625  0.180147
0.25  0.063633
0.03125  -0.0712392
-0.0625  -0.154636
-0.0625  -0.266763
0.09375  -0.0933455
0.125  -0.387862
-0.21875  -0.169489
0.03125  -0.0926843
0.03125  0.0277093
0  -0.204381
-0.03125  -0.130462
0.09375  -0.10375
0.0625  -0.198275
0.09375  -0.173559
-0.09375  -0.134118
0.25  -0.015957
-0.15625  -0.135325
-0.03125  -0.0825244
0.3125  -0.427203
0.15625  -0.400623
0.03125  -0.147549
0.03125  0.0142461
0.34375  -0.135879
-0.09375  -0.204231
0.03125  0.0131373
-0.09375  -0.267124
-0.125  -0.223048
-0.03125  -0.0852026
0.03125  -0.254203
-0.09375  -0.0297017
-0.125  -0.0877864
-0.09375  0.206979
-0.21875  -0.0411666
0.1875  -0.118904
0.1875  -0.243361
0.0625  0.0151804
0  0.0281912
-0.28125  -0.0632731
0.125  -0.130209
-0.09375  -0.219187
-0.21875  0.00812146
0.03125  -0.272656
0.09375  -0.130821
-0.125  -0.00116987
-0.09375  0.0217589
-0.15625  -0.0710722
0.125  -0.293345
-0.03125  0.0414044
0  -0.0422118
0.34375  -0.118
-0.125  -0.108199
0.03125  -0.271041
0.125  -0.0357841
0.0625  -0.133135
-0.125  0.224845
0.25  -0.106701
-0.125  0.0804719
-0.25  -0.129383
0.03125  -0.11491
0.09375  0.079194
0.03125  -0.0742934
-0.03125  -0.00285926
0.3125  -0.0376926
0  -0.169813
0.0625  -0.0421873
0.03125  -0.152297
-0.03125  -0.274433
-0.1875  -0.132816
-0.09375  0.0411332
-0.03125  -0.117244
0  -0.243363
-0.03125  -0.100228
0.09375  -0.170288
-0.21875  -0.189791
0.09375  -0.0262868
0.1875  -0.0520109
0.1875  -0.201703
0.03125  0.130676
-0.0625  -0.293086
-0.1875  -0.383416
-0.0625  -0.0762824
0  -0.0489668
-0.15625  0.0627796
-0.09375  0.142707
-0.09375  -0.182927
-0.0625  0.0185636
-0.03125  -0.0090626
0.03125  -0.191551
-0.09375  -0.149018
0.03125  -0.0812565
0.03125  -0.199047
0.03125  0.0516849
-0.0625  -0.155411
0  -0.119641
-0.0625  -0.0984365
-0.15625  -0.197548
0.0625  0.148975
-0.15625  -0.311412
0.09375  -0.112669
0  -0.0643457
0  -0.0763434
-0.0625  -0.237433
0.125  -0.0219694
-0.0625  0.224665
-0.125  0.0574922
0.0625  -0.112255
0.21875  -0.0995855
0.0625  -0.0660147
0  0.0167252
0  -0.27558
0  -0.0739808
-0.03125  -0.112394
-0.125  -0.321105
0  0.130443
0.03125  -0.254648
0  -0.0439846
-0.03125  -0.175325
-0.03125  -0.0468791
-0.03125  -0.0206122
0.03125  -0.0439509
-0.03125  -0.0140049
0.3125  0.0139113
0.09375  0.00545583
-0.03125  0.0850883
0.03125  -0.0259358
-0.03125  -0.204081
-0.15625  -0.282175
0.03125  -0.052725
0.09375  0.0602139
0.0625  -0.136326
0.03125  -0.217934
0.03125  -0.116677
-0.0625  -0.0317972
-0.09375  0.109456
0.03125  0.107631
0.09375  -0.165472
0  -0.40933
-0.15625  0.0798683
0.15625  -0.361802
-0.125  -0.0934278
0.15625  -0.140436
0.0625  -0.0769362
-0.03125  -0.0547256
-0.1875  -0.0701048
0.125  -0.152784
-0.15625  0.090527
-0.03125  0.0182069
0.09375  -0.0489774
0.03125  -0.127478
-0.125  -0.115343
-0.0625  -0.0813668
-0.03125  -0.23544
-0.15625  -0.171048
-0.03125  -0.194262
-0.09375  -0.0869604
-0.15625  -0.0483584
0  0.0217284
-0.1875  -0.037475
0.09375  0.123019
0.0625  -0.0233553
0.15625  -0.0492877
0.09375  0.00391097
0.0625  0.0247346
-0.1875  -0.193747
-0.03125  -0.00555096
-0.28125  0.109978
-0.03125  0.129135
0.09375  -0.0165078
-0.28125  -0.110565
-0.0625  0.0250381
0.21875  0.0231317
-0.09375  -0.0476053
0.09375  0.0306411
-0.09375  -0.124295
0  -0.113324
-0.25  -0.0480748
0.25  -0.129734
0.0625  0.0647889
0.0625  0.0480712
0  -0.164945
-0.21875  -0.193238
0.03125  0.0509212
0.0625  -0.063048
0.03125  -0.124804
-0.15625  -0.0468091
0.0625  -0.21309
-0.0625  0.057351
0.0625  -0.150153
-0.03125  -0.199296
0.0625  0.00185195
0.1875  0.219684
-0.0625  -0.185063
-0.125  -0.00160464
0.0625  -0.0319137
-0.03125  -0.0864707
0.03125  0.0497169
-0.03125  -0.200195
-0.09375  -0.151706
-0.09375  -0.084729
-0.03125  0.0602248
0.03125  -0.150747
0.09375  -0.0490406
-0.125  -0.058411
0  -0.344638
0.0625  -0.0847341
0  -0.00415806
-0.03125  -0.118206
-0.09375  -0.116125
0.09375  0.0474598
-0.1875  -0.105466
-0.25  0.0911111
0.21875  -0.0893368
0.15625  -0.018238
-0.125  -0.0166751
-0.25  -0.0187526
-0.09375  0.0585907
-0.0625  0.0272438
0  -0.160397
0.0625  -0.0538347
0.125  0.0396025
-0.15625  -0.112502
0.21875  -0.101025
-0.09375  -0.275385
-0.0625  0.027235
0.0625  0.1414
0.03125  -0.124596
0.09375  -0.177761
-0.0625  -0.102899
-0.03125  -0.0039215
0.0625  -0.325246
0.28125  -0.043375
-0.1875  -0.0950885
-0.09375  0.156058
-0.1875  0.189606
-0.21875  0.0710717
0.125  -0.0224575
0.03125  -0.0850204
-0.03125  -0.3838
0.21875  -0.343911
-0.1875  -0.100967
0.03125  -0.110345
0.125  0.106399
0.125  0.19302
-0.03125  -0.0252724
-0.03125  -0.215115
0  -0.186834
0  0.036272
0.0625  -0.26396
-0.15625  0.132446
0.09375  0.0621916
-0.15625  -0.0524499
-0.09375  -0.0891252
-0.15625  -0.222588
-0.09375  -0.0626306
0.09375  -0.188053
-0.09375  -0.063527
-0.09375  -0.0799311
0.0625  0.0248952
0.0625  -0.190818
0.09375  -0.0105244
0.15625  -0.130867
0.09375  -0.170077
0.15625  0.0352937
0.03125  -0.271373
0.1875  -0.306712
-0.03125  -0.169421
-0.03125  -0.232805
0.03125  -0.131012
-0.125  -0.172204
0  0.050068
-0.03125  -0.0355298
0.03125  -0.268006
-0.21875  -0.0506542
0.09375  -0.112199
0.09375  -0.175594
0  -0.110325
-0.125  -0.0883783
0.0625  -0.145773
-0.125  -0.0442963
-0.09375  0.21261
-0.25  -0.126768
-0.03125  -0.213881
0.1875  -0.118603
-0.125  -0.0260128
0.21875  -0.202796
-0.15625  -0.188797
0.03125  0.0386772
-0.125  0.0453897
-0.03125  -0.179256
-0.15625  -0.0444959
0.15625  -0.0462354
0.09375  0.10208
0  0.085842
-0.09375  -0.0193259
0.125  -0.0414882
0.09375  0.059997
0.0625  0.0828234
-0.0625  -0.206903
-0.1875  0.155199
-0.03125  -0.142862
0  0.017549
0.0625  0.0277914
-0.03125  -0.240073
-0.03125  0.110315
-0.125  0.111202
0.125  -0.111615
-0.15625  0.107252
-0.15625  -0.104258
0.03125  0.200512
0.0625  -0.246904
0.21875  -0.234963
0.0625  -0.207799
-0.0625  -0.392298
-0.15625  -0.0955801
-0.1875  0.037875
-0.0625  -0.304859
-0.15625  -0.149599
0.1875  -0.171342
0.15625  0.0924747
-0.03125  0.001524
0.1875  -0.0228194
0.0625  0.239287
0  -0.302058
0.0625  0.0162381
0.0625  0.116771
0.1875  0.13847
-0.09375  -0.130891
0  0.258841
0.25  -0.00531921
0.03125  -0.188591
0.03125  -0.114952
0  0.00634867
0  -0.121679
-0.125  -0.0609651
0.15625  -0.181984
0.125  -0.259522
0.03125  0.0270694
0.125  -0.0301989
0  0.0676532
-0.09375  0.0520379
-0.15625  -0.158867
-0.03125  0.0718134
0.15625  -0.0958637
-0.03125  0.00523476
0.15625  -0.103901
0.25  -0.11606
-0.125  -0.153337
-0.09375  -0.16928
0.03125  0.144581
-0.03125  -0.298124
0.03125  0.0568581
-0.125  0.063472
-0.09375  -0.262779
0  -0.149139
-0.03125  -0.296629
-0.3125  -0.225626
-0.15625  -0.133976
0.125  0.0871807
0.1875  -0.232226
0.125  -0.335589
-0.25  -0.144173
0.1875  -0.0780372
0.09375  -0.0285196
-0.03125  -0.000364612
0.15625  0.084327
0.25  -0.320553
-0.125  -0.210449
0.15625  -0.16102
0.3125  -0.239719
0.09375  -0.0125514
0.0625  0.156112
0.3125  -0.111278
-0.03125  -0.165422
-0.25  -0.0510242
-0.125  -0.0754612
-0.1875  -0.0279859
-0.09375  -0.137061
0.28125  -0.0385691
0  -0.326601
0.21875  -0.130145
-0.03125  0.0690497
-0.03125  -0.0544636
0.03125  -0.200373
-0.125  -0.00275863
-0.25  0.142514
-0.09375  0.182968
-0.15625  -0.0479266
0.09375  -0.00229191
0.21875  0.0680579
-0.3125  -0.193985
-0.1875  0.0347782
-0.15625  0.0474885
-0.09375  0.0430633
-0.0625  0.160313
0.0625  0.0267187
0.09375  0.217655
-0.0625  0.0163798
0.1875  -0.0356267
-0.03125  0.0288319
0.0625  -0.0844815
0.0625  -0.119555
0.03125  -0.235741
-0.25  -0.239507
-0.0625  -0.13743
0.09375  -0.234246
0.0625  -0.153453
0.0625  -0.172738
-0.09375  -0.0858298
0.125  -0.348882
-0.125  -0.0818011
0.09375  -0.142865
-0.03125  -0.0837145
0.09375  -0.132375
-0.21875  0.0490357
0.21875  -0.231155
0.03125  -0.0230835
0.0625  -0.143783
0.09375  -0.0230759
0.09375  -0.00435508
0  -0.0738143
0  0.05943
-0.09375  -0.0560709
-0.09375  -0.299097
-0.125  0.0101887
-0.03125  -0.288897
0.09375  0.0680691
0.28125  -0.0668307
-0.03125  -0.0680267
-0.03125  -0.120843
0.0625  -0.0999933
0.03125  -0.0703243
-0.15625  -0.181633
-0.25  -0.169144
-0.0625  -0.0122527
0.0625  0.176103
-0.125  0.00105301
-0.15625  -0.254389
0.25  -0.201299
0.125  -0.146386
0.03125  0.0665384
0.1875  -0.0983469
-0.15625  -0.162045
-0.09375  0.034916
-0.15625  0.0385025
-0.15625  0.0541783
0.09375  -0.211248
-0.0625  -0.220715
-0.09375  0.00440117
0.0625  0.0237867
0  -0.207478
0.03125  -0.197216
0.15625  -0.0093203
-0.0625  0.121159
-0.125  -0.192556
-0.25  -0.00618449
-0.09375  -0.106521
0.09375  -0.0334589
0  -0.142342
0.1875  -0.201997
-0.3125  -0.0509722
0  -0.0609055
-0.1875  -0.131722
0  -0.201152
-0.1875  0.145596
0.0625  -0.298262
0.09375  -0.308707
-0.25  -0.170952
0.09375  -0.0533834
0.21875  -0.20266
0.0625  -0.17482
-0.09375  -0.235921
0.09375  -0.353271
0.09375  -0.182443
0  -0.378475
-0.15625  -0.318288
0.125  0.00565108
-0.0625  0.0809043
0.09375  -0.235219
-0.21875  0.0932352
-0.09375  -0.0858314
-0.125  -0.07156
-0.125  -0.00529302
0  -0.201733
0.09375  -0.0817526
0  -0.0892617
0.09375  -0.288235
-0.125  -0.0932088
0.21875  -0.0953603
0.0625  -0.224285
0  -0.31226
0  -0.131065
0.0625  -0.203572
0.03125  -0.0823522
0.03125  -0.203291
0.03125  0.044901
0  0.136932
0.125  -0.0994812
-0.125  0.0030795
0.0625  -0.0692326
0.15625  -0.172266
0.21875  -0.1265
-0.03125  -0.116567
0.03125  -0.0529491
0.15625  -0.0704079
-0.0625  -0.304434
-0.03125  -0.108817
-0.125  0.114794
-0.28125  0.0299187
-0.1875  -0.0926179
0.09375  -0.106027
0.3125  -0.014989
0.125  0.114983
0.09375  -0.210393
0.15625  -0.304472
0.28125  -0.0948074
0.03125  -0.208265
0.03125  -0.142134
0  -0.23585
-0.15625  0.00814221
0.15625  -0.144615
0.125  -0.400675
-0.0625  -0.0122965
0.15625  0.0909484
0.15625  -0.0604627
-0.0625  -0.183661
0.03125  -0.137591
-0.09375  -0.139905
-0.09375  -0.204702
0.125  0.111399
-0.125  -0.0605064
0.21875  0.0130762
0  -0.127942
-0.03125  0.162327
-0.125  -0.0158502
-0.15625  -0.0494785
-0.15625  0.0594205
0.25  -0.0331479
-0.1875  -0.135089
0.09375  -0.279699
0.15625  0.129173
-0.125  -0.0296858
-0.15625  -0.193314
-0.1875  0.00317304
-0.03125  0.00379696
-0.1875  -0.315572
-0.03125  -0.233509
-0.03125  -0.158929
-0.09375  -0.0725034
0  -0.188838
-0.0625  -0.144751
0.0625  -0.136376
0.09375  -0.190014
0  -0.0476284
-0.0625  -0.242233
0.1875  -0.0559089
-0.1875  -0.125819
-0.125  -0.371629
-0.03125  -0.0433353
-0.09375  -0.00824092
0.03125  0.0281496
0.0625  -0.0368323
-0.0625  -0.0734337
0.15625  -0.234545
0  -0.0739262
-0.09375  -0.070436
0  -0.0224871
0  -0.0725082
-0.03125  -0.160644
-0.0625  -0.0483744
-0.125  -0.224379
0.125  -0.00222338
-0.09375  -0.0369196
-0.0625  -0.0282646
0.25  0.118918
0.125  -0.109739
-0.28125  -0.0376668
-0.03125  -0.222003
0.03125  -0.0644321
0  -0.104991
-0.03125  -0.116149
-0.03125  -0.006197
0  -0.0523907
0.3125  0.079366
-0.125  -0.445273
0.15625  -0.306232
0.09375  0.161869
0.0625  -0.0940674
0.3125  -0.128972
-0.15625  -0.156425
-0.03125  -0.0540057
-0.125  -0.0656707
-0.125  -0.123205
0  -0.0971346
-0.34375  0.0955929
-0.0625  -0.0198266
0.0625  0.0222456
-0.28125  -0.0734235
-0.09375  -0.207241
-0.03125  0.00417474
0.09375  -0.0926759
0.0625  -0.0199777
-0.03125  0.147861
0.03125  -0.314966
0.09375  0.0374519
0.03125  -0.185388
-0.125  0.01176
0.03125  -0.15936
0.21875  0.0133617
0.0625  -0.375015
0.03125  -0.119746
-0.09375  -0.151852
0.21875  -0.0321608
-0.09375  0.0148908
-0.03125  -0.117386
-0.21875  0.173957
-0.03125  0.0890368
-0.0625  -0.117473
-0.0625  -0.0175823
0.1875  0.0603503
-0.09375  -0.253075
0.0625  -0.0690711
0.125  0.010604
-0.15625  -0.114808
-0.25  0.186311
0.21875  -0.107834
-0.0625  -0.26868
0.0625  0.0810046
-0.0625  -0.0568559
0.125  -0.046234
-0.0625  -0.162674
0.03125  0.095758
0.0625  -0.336436
0  -0.200444
0.15625  -0.0511685
-0.125  0.0254192
-0.125  -0.336137
0  -0.139461
-0.25  -0.064899
0  -0.166726
-0.0625  -0.252482
-0.09375  -0.193294
0.34375  0.0675631
0.125  -0.198031
0.21875  -0.0275713
0  -0.0838113
0.125  0.0982544
0.03125  -0.000204413
0.09375  -0.228801
0.1875  -0.142102
0.125  -0.253728
-0.03125  0.0289792
0.09375  -0.234409
0.03125  0.0368589
0.0625  0.0957082
-0.15625  -0.228062
-0.15625  -0.131662
0.25  -0.180159
0.0625  -0.131675
0.125  -0.178009
0.09375  0.0465251
-0.0625  -0.063979
0.21875  -0.0697853
0.0625  -0.0793167
0  -0.0636732
0.125  -0.0952899
0.03125  -0.038503
0.03125  0.0102179
0.25  -0.0696832
0.0625  -0.217148
-0.375  -0.0413273
0  0.0882986
0  -0.161617
0.09375  -0.270104
0  -0.0759473
-0.15625  -0.321303
0  -0.255831
0.125  -0.202476
0.03125  -0.217262
0.03125  -0.329553
0.09375  -0.0986767
0.03125  -0.169756
-0.0625  -0.345027
0.1875  -0.115742
0.125  -0.194633
0.15625  -0.229807
0  0.190837
0.03125  -0.156113
0.09375  -0.10739
-0.3125  -0.176594
0.0625  -0.08137
-0.03125  -0.183866
0.21875  -0.0808004
0  -0.0791546
0  -0.108617
0.1875  0.0811859
0.125  0.0615043
0.0625  -0.0637114
0  -0.106639
0  -0.349196
0.125  -0.0558953
0.03125  -0.105874
-0.15625  -0.0771379
0.03125  -0.0389118
-0.125  -0.127937
0.0625  -0.0767065
0.0625  -0.120271
-0.125  -0.175525
-0.0625  0.00840048
0.09375  0.00306289
0.125  -0.0716037
-0.03125  -0.0600239
0.03125  -0.219261
0.09375  -0.0989295
0  0.00736279
-0.09375  -0.174503
0.09375  -0.106641
-0.21875  -0.166418
0  -0.155147
-0.125  -0.0331441
0.15625  0.0361958
-0.03125  -0.0865151
-0.15625  0.248232
0  -0.121919
-0.09375  -0.188799
-0.09375  -0.00814478
0.21875  -0.108418
-0.09375  -0.0810431
0.0625  -0.224231
-0.15625  0.000153125
-0.25  -0.136976
0.03125  -0.152708
0.15625  -0.109351
-0.25  -0.128854
-0.03125  -0.00317353
0.125  -0.137534
-0.15625  -0.0858506
-0.09375  0.165507
-0.09375  -0.0118074
0.09375  -0.230556
-0.09375  -0.0619669
0.03125  -0.232038
-0.125  -0.0676952
0.03125  0.00604024
0  -0.061764
0.0625  -0.0570837
-0.0625  0.14782
-0.03125  -0.122669
0.0625  -0.156841
0.1875  -0.0347804
0.0625  0.0552103
0.15625  -0.15419
-0.03125  -0.11359
0.15625  -0.275933
-0.1875  -0.0109215
-0.09375  -0.114046
-0.09375  -0.156143
0.125  0.210535
-0.0625  -0.280099
0.09375  0.0627991
0.09375  0.121281
0.15625  0.0567076
-0.0625  -0.0433755
0.25  0.00535742
0.125  -0.40461
-0.03125  -0.0729368
0  -0.111417
-0.0625  -0.105613
-0.09375  -0.185255
-0.0625  -0.210877
0  0.00693415
0.09375  0.191573
0.0625  -0.0485201
0.03125  0.0676962
0.125  -0.107022
0.09375  -0.118898
-0.03125  -0.0460747
-0.125  0.0686463
0.0625  -0.345554
-0.0625  -0.109358
-0.28125  -0.246607
-0.1875  -0.0520956
0.15625  -0.00183902
-0.03125  -0.130192
-0.09375  0.0716512
0.0625  -0.0613855
0.0625  -0.0937618
-0.0625  -0.185803
-0.0625  -0.149431
-0.40625  -0.194897
0.03125  0.102443
-0.125  -0.213947
-0.03125  -0.0790974
-0.03125  -0.259589
0  -0.197347
0.09375  0.0529509
-0.125  0.0933961
-0.25  -0.00416583
-0.125  -0.0997374
-0.21875  0.0108025
0.21875  -0.00934482
-0.1875  -0.0923616
-0.03125  -0.0220873
-0.09375  -0.149634
-0.28125  -0.0790176
0.25  -0.102623
-0.15625  -0.021526
0.125  0.0812324
-0.09375  -0.0183592
-0.03125  0.0137972
-0.0625  0.191202
-0.09375  -0.112343
0.125  -0.168704
0.28125  -0.199922
-0.3125  -0.317125
-0.09375  0.0205433
0.03125  -0.1653
0.09375  -0.119185
0.125  0.058722
0.09375  -0.0503209
-0.15625  0.0841552
-0.09375  -0.191065
0.34375  0.0342556
0.0625  0.140668
-0.15625  -0.202355
-0.15625  -0.00369224
-0.09375  -0.0409166
-0.03125  -0.0366711
-0.15625  -0.176425
0.125  -0.167017
0.0625  -0.162397
-0.15625  -0.0124238
0.09375  -0.138211
-0.125  0.0229072
-0.15625  0.248526
0.21875  0.135461
0.21875  -0.0775895
-0.21875  0.0354326
-0.125  -0.152722
-0.0625  0.139034
0  -0.331546
0  -0.0846805
0.15625  -0.046734
-0.0625  -0.30171
0  0.0945365
-0.0625  -0.214914
-0.09375  -0.108713
-0.125  -0.337163
-0.09375  -0.263873
-0.09375  0.0349368
0.03125  -0.0341147
-0.15625  -0.0547213
-0.25  -0.148741
-0.15625  -0.18244
0.21875  -0.0687567
-0.21875  -0.0593517
0.1875  -0.0511545
0.28125  0.00705987
0.03125  -0.0542627
0.21875  0.00859167
-0.1875  -0.125269
-0.09375  -0.106598
-0.3125  -0.117694
0  -0.140877
-0.03125  -0.162123
0.21875  -0.13626
0.09375  -0.092897
0.0625  -0.357381
0.03125  -0.132506
-0.21875  0.0485116
-0.09375  -0.145176
-0.1875  -0.309723
-0.0625  -0.0278678
0  -0.034859
0  -0.153026
-0.03125  0.036465
-0.1875  0.0176025
-0.21875  -0.243353
-0.25  0.0742025
0.125  -0.0118895
-0.03125  0.0260076
0.03125  -0.295716
0.03125  -0.114471
0.125  -0.273219
0.0625  0.161117
-0.09375  -0.0449294
-0.1875  0.108536
0.03125  -0.148234
-0.03125  -0.17657
0.09375  -0.149986
-0.03125  -0.178312
0.1875  0.245162
0  -0.150193
0.28125  0.067056
0.03125  -0.329567
0.21875  0.0949046
-0.09375  0.0914638
0.0625  -0.0514576
-0.03125  -0.0714232
-0.21875  -0.0505502
-0.0625  -0.273631
-0.09375  -0.058136
-0.09375  -0.0417785
-0.125  -0.00560361
0.0625  -0.221156
0.09375  -0.0475725
0.09375  -0.0221307
0  -0.161915
0.15625  0.0197701
-0.03125  0.0812651
-0.1875  -0.147232
0.15625  -0.00744441
-0.15625  -0.22109
0.09375  -0.159388
-0.09375  -0.137209
-0.03125  -0.0877346
0.0625  0.0721658
0.0625  -0.085371
0.09375  -0.138583
0.0625  -0.125608
0.03125  -0.0654923
0.1875  0.00162198
-0.1875  -0.152976
0.125  -0.0725476
-0.09375  -0.2371
0.3125  -0.00930345
-0.15625  -0.0425297
0.25  0.138023
0.21875  -0.0865954
0.15625  0.119109
0.15625  0.14655
0.15625  -0.128783
-0.21875  -0.0400759
0.09375  -0.121531
0.03125  -0.138772
-0.0625  0.00742546
0.15625  0.0815868
-0.0625  -0.085637
0.0625  -0.0272258
-0.125  -0.116744
0.15625  -0.262697
-0.1875  -0.127938
0.09375  -0.276817
0.09375  -0.268675
-0.15625  -0.148805
-0.0625  -0.095706
0.03125  -0.232098
0.125  -0.0407113
0.0625  -0.0440403
0.125  -0.208515
0.0625  -0.300016
-0.03125  -0.135135
-0.0625  -0.188103
0.03125  0.0465747
-0.125  -0.0729527
-0.34375  -0.131804
-0.15625  -0.194264
0.15625  0.0147615
0.09375  0.165403
-0.125  -0.148495
0.15625  -0.277078
0  -0.0541179
0.09375  -0.0138104
0.15625  -0.0643057
-0.21875  -0.141931
0.09375  0.0477529
0.0625  -0.081005
0.03125  -0.0293624
0.03125  -0.213548
-0.03125  -0.0338998
0.03125  -0.117219
-0.125  -0.124794
0  -0.172528
-0.03125  -0.275249
-0.09375  -0.291535
0.15625  0.118558
0.03125  0.00265605
0.03125  -0.174925
0.09375  -0.0956371
0.03125  -0.106404
0.21875  0.123992
0.15625  -0.124806
0.0625  -0.152456
0.09375  -0.0818648
0.03125  -0.181554
0.0625  -0.0530718
-0.125  0.0242203
0.28125  -0.163835
0.09375  0.0232203
0.09375  -0.076464
0  -0.41388
0.1875  0.0665946
0.0625  -0.0359893
0.1875  -0.141133
0.15625  0.0042584
0  -0.165474
-0.125  -0.0219369
0.0625  -0.228441
-0.03125  -0.0800781
-0.0625  -0.0562941
0.15625  0.0567593
-0.09375  -0.140583
0.21875  -0.0121283
-0.03125  -0.0618861
0.15625  0.028102
-0.3125  -0.156364
-0.09375  0.0174009
-0.09375  -0.201574
-0.25  -0.189661
0  0.166808
-0.125  -0.346933
-0.0625  -0.0653382
-0.09375  -0.266122
-0.03125  -0.139795
-0.0625  -0.112459
0.03125  -0.195398
0.21875  0.00052397
-0.1875  -0.092299
0.0625  0.191009
0.0625  0.0824551
-0.09375  -0.116939
-0.03125  -0.164458
0  -0.158832
-0.125  -0.0844338
0.0625  -0.198559
-0.125  -0.0883498
0.1875  -0.0357057
-0.09375  -0.148838
0  0.017441
-0.03125  0.0178287
-0.1875  -0.0434163
-0.03125  -0.158364
0.0625  0.00517218
0.125  0.119448
0.125  -0.053932
-0.125  0.142872
-0.03125  -0.203431
0.15625  -0.135969
-0.15625  -0.0164473
0.125  -0.32226
0.125  -0.0164879
-0.25  -0.234296
-0.0625  -0.0318167
0.0625  -0.110449
0  -0.0331479
0.125  -0.208058
0.125  -0.0674954
-0.09375  -0.184434
0.09375  -0.215369
-0.09375  -0.0475782
-0.125  -0.249129
0.03125  -0.0954811
-0.25  -0.292045
-0.1875  0.0870865
-0.09375  0.0572911
-0.0625  -0.0830577
0.1875  -0.233373
0.125  -0.0591122
0.125  -0.0488923
-0.09375  -0.133917
0.28125  -0.236747
0.0625  -0.0144434
0.03125  -0.0431562
0.0625  -0.264371
-0.09375  -0.176787
-0.03125  0.00184982
0.0625  -0.221338
-0.25  -0.230192
-0.0625  -0.0491971
0.09375  -0.147443
-0.0625  -0.22098
0.125  0.0598183
-0.03125  -0.229096
-0.0625  -0.392991
0.15625  0.00452309
0.09375  -0.124823
0.03125  -0.034822
-0.03125  -0.0847493
0.1875  -0.0137496
0.0625  -0.134531
0.3125  -0.0217449
-0.15625  -0.214986
0.09375  -0.183779
0.03125  -0.144654
0.0625  -0.0499754
0.03125  -0.196618
0.03125  0.0749551
0.03125  -0.00513455
0.125  0.0847957
0.21875  0.0660079
-0.0625  -0.034541
0  0.132177
-0.125  -0.0439066
0  0.231981
-0.21875  -0.362856
0  -0.205991
0.125  -0.271322
0.09375  -0.157372
0.09375  -0.13045
0.125  -0.175853
0.125  -0.110992
-0.09375  -0.184774
0  -0.21172
0  -0.158805
0.15625  -0.195886
0.0625  0.0479362
0.0625  -0.219483
-0.15625  -0.0885819
0.15625  0.11729
-0.03125  -0.0423641
0.21875  0.0865424
0.1875  -0.096294
0  0.0010685
-0.125  -0.152763
0.21875  -0.131566
0.15625  0.124472
-0.09375  -0.0281909
-0.25  -0.315753
0.09375  -0.238447
-0.09375  -0.153815
0  -0.04768
0.03125  -0.240259
-0.15625  -0.0280672
-0.09375  -0.157304
-0.1875  -0.245682
0.09375  0.048227
0.03125  -0.155814
-0.15625  -0.0913519
-0.03125  0.0291758
-0.09375  -0.0601147
0.21875  -0.076305
0.0625  0.0127176
-0.03125  -0.027941
-0.125  -0.0833327
-0.0625  -0.187802
0.21875  -0.0380244
0.15625  -0.278329
-0.09375  0.179831
-0.25  -0.245501
0.125  -0.0111782
-0.15625  -0.0169056
0.0625  -0.148748
-0.0625  -0.216924
0.21875  0.0426696
-0.125  -0.0994255
0.09375  -0.0955444
-0.34375  0.0778185
0  -0.220376
-0.0625  -0.0937659
-0.09375  -0.129744
-0.09375  -0.235287
-0.0625  -0.169394
0.0625  -0.257035
-0.0625  -0.137802
0  -0.272426
0.0625  -0.205625
-0.125  -0.138637
0.0625  -0.144598
-0.0625  -0.170818
-0.125  -0.055788
-0.125  -0.0453863
-0.125  -0.273998
-0.125  -0.171684
-0.03125  0.0446387
0.0625  0.00687828
0  0.0207902
0.03125  -0.171385
-0.0625  -0.0508739
-0.0625  -0.0796313
-0.09375  -0.207139
0.21875  -0.141171
-0.125  -0.0354851
0  -0.17481
0.125  -0.0265028
0.03125  -0.135664
0.15625  -0.222321
0.03125  -0.192097
-0.03125  -0.102322
0.09375  -0.107881
-0.25  -0.162478
0.03125  -0.236962
0.03125  -0.212342
-0.1875  -0.138541
-0.0625  -0.158811
-0.09375  0.108722
0  0.140021
0.09375  -0.0220159
-0.03125  -0.12497
-0.15625  -0.21621
-0.25  -0.210691
0.125  -0.251877
-0.0625  0.00361962
0.21875  -0.105778
0.15625  0.0472588
0.125  -0.116972
0.09375  -0.0183514
0  -0.275628
-0.1875  0.0196468
-0.0625  0.147123
0.0625  -0.0269788
-0.15625  0.0406356
-0.28125  -0.381932
-0.0625  -0.202226
0.09375  -0.244087
-0.09375  -0.00628466
-0.0625  0.0319511
-0.0625  0.0375943
0.125  -0.239617
-0.15625  -0.301025
-0.125  -0.143714
-0.125  -0.22237
0.15625  -0.033369
-0.03125  0.0908431
0.125  -0.0557373
-0.03125  -0.179232
-0.0625  -0.270747
-0.125  -0.0411661
-0.09375  -0.0231284
-0.03125  -0.00369192
-0.21875  -0.186545
0.1875  -0.21009
0.125  -0.0289542
0.0625  0.145496
0.03125  -0.0769539
0  -0.0609459
0.03125  0.11188
0.09375  -0.101542
0.15625  -0.0157555
-0.03125  -0.0405713
0.125  -0.195644
0.28125  -0.222775
-0.15625  -0.280687
-0.125  -0.181933
-0.15625  0.0589876
0.125  -0.163433
0.125  -0.337916
-0.09375  -0.116791
0  0.0753002
0.0625  0.0223893
0.03125  -0.0212606
-0.125  0.0623891
0.1875  -0.124664
0.25  0.00320314
-0.0625  -0.118884
0  -0.323286
0.03125  -0.0508614
-0.3125  -0.12239
-0.125  -0.0981835
-0.0625  -0.00911541
0.0625  -0.166519
-0.03125  0.0272907
-0.03125  -0.113666
0.03125  -0.0957552
0  -0.218083
-0.0625  0.024242
0.1875  0.0420856
0.1875  -0.139246
-0.03125  -0.0636377
0.09375  -0.123535
0.1875  -0.17917
0  -0.45796
0.21875  -0.0473293
0.28125  -0.182572
-0.15625  0.0355275
-0.0625  -0.0532059
-0.15625  -0.174913
-0.0625  -0.212821
-0.09375  -0.0444903
-0.21875  0.0372398
-0.1875  -0.0714981
-0.0625  -0.0425575
-0.03125  0.0132252
-0.03125  0.0373311
0.21875  -0.337596
0  -0.0377179
0.125  -0.0619562
0.03125  -0.144586
0.125  -0.104761
-0.15625  -0.0248912
-0.03125  -0.194326
0.09375  -0.0500153
-0.0625  -0.0307933
0.34375  0.137136
0.34375  -0.122873
-0.03125  0.00346359
0.125  -0.020498
-0.09375  -0.272907
-0.03125  -0.152136
-0.03125  0.205347
0.0625  -0.287782
0.21875  0.00280052
-0.09375  0.066013
0.09375  -0.118601
-0.1875  -0.0345217
-0.125  0.0996697
-0.1875  -0.1249
0  0.0858816
0.0625  0.0827607
0.3125  -0.189505
0  -0.0300106
0.09375  -0.307032
0.03125  -0.0967694
0  0.0167867
0.0625  0.0105605
-0.125  -0.133887
-0.21875  -0.203398
0.0625  0.115767
0.09375  0.0519164
-0.25  -0.159222
0.125  -0.278147
0.125  -0.0984756
0.09375  0.0359728
-0.25  0.112364
0  -0.263073
0.15625  -0.0615141
-0.03125  -0.0330849
0.125  -0.348923
-0.21875  -0.0595075
0.09375  -0.0309347
-0.09375  -0.0101255
-0.03125  -0.197333
-0.1875  -0.26297
0.15625  -0.204946
-0.03125  -0.166935
-0.03125  -0.227397
0.0625  -0.171494
-0.03125  0.0271541
0.0625  -0.0760924
-0.125  0.0335502
0  -0.0983623
-0.09375  -0.194628
-0.09375  -0.0654703
0.09375  0.028155
-0.15625  -0.0538991
0.03125  -0.0711742
-0.15625  -0.168446
0.09375  -0.20542
0  -0.071887
0.09375  -0.230667
-0.03125  -0.0372273
0.09375  -0.0933826
-0.0625  -0.128273
-0.09375  0.0344681
0.125  -0.107365
-0.15625  0.00378244
-0.03125  0.163314
-0.125  0.0887256
-0.21875  0.0352768
-0.125  -0.292604
0.0625  -0.0113849
0.25  -0.0414134
0  -0.142938
-0.0625  -0.0822561
-0.15625  -0.0646528
0.03125  0.00337283
0.0625  -0.196718
0.0625  -0.158058
0.09375  -0.245752
-0.0625  -0.148086
-0.0625  -0.130166
-0.15625  -0.278294
0.15625  -0.00305504
0.125  -0.110394
-0.0625  0.0261351
0.1875  -0.0258038
0.1875  0.00765391
-0.09375  -0.200997
-0.03125  -0.0233852
-0.0625  -0.153693
0.09375  0.195381
-0.15625  -0.107587
0.25  0.10511
0  0.163595
-0.0625  -0.0441499
-0.125  0.163273
0.1875  -0.0321418
0.21875  -0.0310368
-0.15625  0.098555
-0.0625  -0.275639
0.03125  0.0920514
0.15625  -0.177292
0  -0.235425
-0.0625  0.00690718
-0.09375  0.00699087
-0.03125  0.000141871
-0.21875  -0.180372
0.15625  -0.0980458
0  -0.211739
-0.28125  -0.0835758
-0.03125  -0.182614
-0.25  -0.309777
0.03125  -0.265487
0  -0.300987
-0.1875  -0.10842
0.0625  -0.223579
-0.1875  -0.176039
-0.09375  -0.110057
0.09375  0.0591672
-0.09375  0.15453
-0.09375  -0.123359
0.09375  -0.237613
-0.0625  -0.106873
0.3125  -0.137233
0.09375  -0.145966
-0.15625  -0.173481
0.25  -0.127304
-0.03125  -0.105486
-0.1875  0.0455636
0.125  -0.135995
-0.03125  -0.171825
0.1875  -0.330751
-0.1875  -0.121507
0  -0.0950879
-0.0625  -0.0838384
-0.03125  -0.187478
-0.125  -0.267652
0  0.053864
-0.21875  -0.188475
-0.0625  -0.118819
0.0625  -0.0804915
-0.125  0.00528789
-0.1875  -0.205845
0.0625  -0.179741
0.03125  -0.113224
0.0625  -0.162559
-0.21875  -0.125977
-0.0625  -0.0558757
0.09375  0.00460488
-0.125  -0.326773
0.1875  -0.108032
0  -0.215706
-0.1875  -0.0986145
-0.15625  0.131197
-0.0625  -0.0322357
0.0625  -0.0185678
0.15625  -0.0532282
0.0625  -0.0565554
-0.34375  -0.237572
0.09375  -0.00904351
-0.15625  -0.107873
0.03125  -0.0515913
-0.0625  -0.231908
0.03125  -0.109759
0.125  -0.165863
0.1875  -0.0533173
0.125  0.0174024
0.125  -0.00324182
-0.0625  -0.24907
-0.03125  -0.0281319
-0.15625  -0.0371662
-0.03125  -0.146914
0.125  -0.316642
-0.1875  -0.321835
-0.125  0.0990654
-0.15625  -0.0596017
0  0.0570597
-0.03125  -0.16275
0.0625  0.0845069
0.15625  -0.164603
-0.0625  -0.188425
-0.0625  -0.0835345
-0.0625  0.00999563
-0.03125  -0.0666027
-0.125  -0.110279
0.125  -0.339103
0.09375  -0.00535326
-0.125  -0.0643112
0.09375  -0.0803166
0.09375  0.0194912
0  -0.0133694
-0.0625  -0.0960893
0  -0.0438851
-0.25  -0.213553
0.03125  -0.114223
-0.1875  -0.0631472
0  -0.134405
0.03125  0.03429
-0.03125  -0.247313
0.0625  -0.134619
-0.03125  0.0385809
-0.09375  -0.127451
-0.0625  0.0151094
-0.03125  -0.141608
-0.15625  -0.0624681
-0.21875  -0.0606894
0  -0.163529
0.03125  -0.204134
-0.0625  -0.175331
0  0.0104498
-0.0625  0.297893
0.125  -0.186253
0  0.0329471
0  -0.029751
-0.0625  -0.0632803
0.25  -0.0626455
-0.0625  -0.0791664
0.15625  0.118828
-0.0625  -0.0930304
0.21875  0.00930465
0.40625  -0.155271
0.25  -0.155606
-0.09375  -0.0418892
-0.0625  -0.0807033
0.09375  -0.021332
-0.125  0.0704315
-0.21875  0.150318
-0.15625  0.194512
0.09375  -0.190424
-0.125  -0.127469
-0.09375  -0.14206
0.0625  -0.152573
0.28125  -0.06694
0.09375  -0.1814
-0.09375  -0.0933169
0  -0.359238
0  -0.149838
0.125  -0.255876
-0.0625  0.0167039
-0.125  -0.266306
0.25  0.0773611
0.03125  0.0328572
-0.15625  -0.031424
-0.28125  -0.221533
-0.0625  -0.247005
0  -0.0153119
0  -0.038219
-0.09375  0.0656874
0.15625  -0.0695825
0.09375  -0.0992098
0.03125  -0.151024
0.21875  -0.135029
0.125  -0.00437494
0.0625  -0.135925
0.09375  -0.280364
-0.09375  -0.214722
0  -0.00796503
0  -0.153308
0.03125  -0.148268
0  -0.132865
0.0625  0.256293
-0.03125  -0.0845096
-0.21875  -0.182385
-0.09375  -0.124188
-0.09375  -0.106263
-0.0625  -0.271618
-0.0625  -0.162971
-0.125  -0.0889497
0.03125  -0.0438918
-0.34375  -0.202952
0.03125  -0.0933877
0.0625  -0.16213
0.15625  -0.152423
0  0.0121303
0.25  -0.2141
0.09375  -0.312447
-0.0625  0.0654995
-0.03125  -0.272102
-0.03125  -0.0971093
-0.0625  -0.244699
-0.21875  -0.360278
-0.125  -0.0145074
-0.125  -0.0175256
0.28125  -0.127607
-0.0625  -0.194295
-0.25  -0.306585
-0.15625  -0.190598
-0.125  -0.181784
0.0625  -0.00709472
0.15625  -0.0786135
-0.03125  -0.0825504
-0.09375  -0.0872612
0.125  -0.0628054
-0.0625  -0.0976848
-0.0625  -0.246407
0.15625  -0.0129074
-0.0625  -0.334636
0.09375  0.18489
-0.15625  -0.121888
0  -0.175066
0  0.0181459
-0.15625  -0.0237866
0.1875  -0.0062665
-0.0625  -0.197228
0  0.14507
0.03125  -0.174299
-0.125  0.0109263
-0.0625  -0.0647487
0.125  0.0757608
0.125  -0.114657
-0.21875  -0.0992493
0  -0.157017
0.09375  -0.0229197
0.03125  -0.150231
-0.21875  -0.0149938
-0.09375  0.126798
0.0625  -0.178947
-0.15625  0.0275607
-0.375  0.00868567
0.03125  0.238942
0.125  0.0924275
-0.15625  -0.0588239
-0.09375  -0.0770129
0  0.0442553
0.09375  -0.131776
0  -0.0259164
0.03125  -0.145054
-0.0625  -0.000475779
0.09375  -0.0638879
0.1875  -0.151307
0.1875  -0.250648
-0.125  -0.105045
0  -0.324725
0.0625  -0.119553
-0.0625  0.0615045
0.0625  -0.0343421
-0.03125  0.156578
0.1875  -0.2598
0  -0.0155256
0.09375  0.072253
0.1875  0.118791
-0.15625  -0.104911
-0.03125  -0.136505
-0.03125  -0.139483
0.09375  -0.0103012
0.09375  -0.0811839
-0.09375  -0.268926
-0.1875  -0.0324523
-0.15625  -0.184073
0.25  -0.243059
0.0625  -0.338241
0.0625  0.0741174
-0.125  -0.298959
0.15625  -0.412506
-0.09375  -0.241571
0.125  0.0289741
0.0625  -0.102574
0.09375  -0.20461
0.09375  -0.078255
0.21875  -0.190256
0.1875  0.00792943
0.1875  -0.0466957
-0.0625  -0.0612784
0.125  0.066902
-0.03125  0.0798564
-0.1875  -0.209181
-0.09375  -0.0458304
-0.125  -0.198668
-0.03125  0.0670151
0.125  -0.00338546
-0.1875  -0.0904399
0.03125  0.00612486
0.15625  -0.107828
-0.0625  -0.137765
-0.0625  -0.0836757
-0.25  0.326746
-0.15625  -0.445881
0.0625  0.0429733
0.125  -0.118189
-0.125  -0.12165
-0.125  -0.0859131
-0.0625  -0.0750344
0.0625  -0.0325735
0.09375  -0.0146318
-0.125  0.177912
-0.25  -0.216917
-0.0625  -0.148305
0  -0.306248
0.125  -0.0328499
-0.09375  0.170802
-0.03125  -0.130668
-0.0625  -0.0212031
0.125  -0.0141542
0.15625  -0.140044
0  -0.083842
0.15625  0.0126614
0.125  -0.162279
0.15625  -0.0385919
0.0625  -5.8179e-05
0.03125  0.104935
0  -0.196532
0.03125  -0.211756
-0.15625  -0.123328
0.125  -0.249238
-0.0625  -0.140871
-0.0625  -0.277317
-0.21875  -0.0409493
0.03125  0.050731
0  0.110537
-0.0625  -0.012779
-0.0625  -0.106413
-0.0625  -0.127957
-0.21875  -0.0450194
0.09375  -0.09777
-0.03125  -0.0229165
-0.0625  -0.0821965
-0.1875  0.014568
0.09375  -0.0221117
0.0625  -0.189832
-0.21875  -0.117251
0  0.0192514
0.09375  -0.1114
0.0625  -0.0579454
-0.09375  -0.0425008
-0.09375  -0.000599822
-0.09375  -0.244635
0.0625  -0.304814
-0.15625  0.00659455
0.125  0.0532409
0.09375  0.108527
-0.0625  -0.105971
-0.1875  -0.146582
0.09375  0.0340663
-0.0625  -0.206116
0.03125  0.233974
0.125  0.0908656
0.03125  -0.258685
-0.0625  -0.262876
0.09375  -0.0350169
0.03125  -0.0775283
-0.0625  0.135369
-0.09375  0.01152
-0.25  -0.138285
-0.03125  -0.0708789
-0.03125  0.0119813
-0.03125  -0.0303395
0  -0.0692689
-0.15625  -0.282188
0.03125  -0.212348
0  0.0706814
0  -0.230391
0.03125  -0.134668
-0.09375  -0.102451
0.03125  -0.180133
-0.09375  -0.210226
0.03125  -0.125663
-0.125  -0.0511883
0.125  -0.0601342
0.125  -0.0110934
-0.0625  -0.00629649
-0.21875  -0.0737448
0  -0.00521104
-0.21875  -0.0455285
0.125  -0.170765
0  -0.0145758
0.09375  -0.0296152
0.09375  -0.143261
-0.21875  0.0575932
-0.15625  0.20464
-0.1875  -0.0454547
0.1875  -0.119745
-0.0625  -0.191057
0.09375  -0.073591
-0.21875  -0.180718
0.125  -0.21044
0.03125  -0.110421
-0.0625  -0.0978631
-0.125  -0.07859
-0.03125  -0.0774199
-0.0625  -0.307169
0.21875  -0.215041
-0.0625  -0.202349
-0.125  -0.0885222
-0.125  -0.109131
-0.0625  -0.0766327
-0.21875  -0.127991
0.09375  -0.0421666
0.15625  -0.0248474
0  -0.0541469
0.03125  -0.166166
0.15625  -0.216777
0.09375  0.0566851
0.03125  0.0813476
0.3125  -0.072798
0  -0.208166
-0.09375  -0.0803935
-0.09375  -0.0761719
0.125  -0.0307608
-0.03125  -0.193725
-0.28125  -0.0927833
-0.0625  -0.0750731
0.09375  -0.292789
-0.03125  -0.201997
-0.125  0.0455758
0.09375  -0.146695
-0.03125  -0.0356632
0.28125  -0.109224
0.15625  -0.0679394
-0.0625  -0.229983
0.125  -0.0218447
0.03125  -0.0573396
-0.1875  -0.078142
0.0625  -0.0611621
0.03125  0.242614
-0.125  -0.268177
0.0625  -0.0105315
-0.09375  -0.0406659
0.09375  0.0271138
0.0625  -0.150472
0  -0.0921759
0.3125  -0.256246
0.09375  0.0938052
0.21875  0.0835035
0.03125  -0.111354
-0.09375  -0.17911
0.0625  -0.124242
0.09375  -0.103719
0.03125  -0.0332507
0.03125  -0.216117
0  -0.121526
0.09375  -0.0181501
-0.09375  -0.0125668
0  -0.227528
0.0625  -0.189056
0.25  -0.0527503
-0.1875  -0.223638
0  -0.302407
-0.15625  -0.235404
-0.03125  -0.0983278
-0.03125  -0.0496793
0.03125  -0.136345
0.1875  0.0720205
-0.1875  -0.0583158
-0.25  0.00628849
-0.3125  -0.175728
-0.09375  -0.0192018
0.0625  -0.0535593
0.0625  -0.105222
0.1875  -0.132577
-0.03125  0.0698364
0.0625  0.0910791
0.0625  -0.156083
-0.125  0.0484324
0.09375  -0.093568
0.3125  0.0586989
0.1875  -0.11639
0.0625  -0.320457
-0.15625  -0.269786
0  0.0439488
0.03125  -0.126223
0.21875  -0.298159
0.125  -0.0570943
0.03125  -0.147855
0.0625  -0.351096
-0.1875  -0.0764688
-0.125  -0.191118
0.125  0.0433119
-0.15625  0.135773
0  -0.0385397
0.09375  -0.138877
0.03125  0.0330608
0.03125  -0.130357
-0.09375  -0.0114516
-0.03125  -0.113216
0.125  0.0589755
0  -0.0773083
-0.15625  0.144312
0.125  -0.163162
-0.03125  -0.230398
0.03125  -0.115662
0.09375  -0.263724
0  -0.153841
0.1875  -0.0340878
-0.03125  -0.22758
0.0625  -0.225795
0.0625  0.0284626
-0.03125  0.151747
-0.09375  -0.168015
-0.09375  -0.0505353
-0.15625  -0.138368
-0.0625  -0.0960317
-0.03125  -0.0213529
0.0625  -0.121302
-0.25  0.371013
0.1875  0.140914
0.09375  -0.279852
-0.0625  -0.287237
0.03125  -0.0600047
-0.21875  -0.00813476
0.0625  -0.0825354
0.125  0.0480792
0  -0.156445
0.125  -0.0949331
-0.09375  -0.242421
0.09375  0.00962835
-0.3125  -0.197223
0.125  -0.0437801
0.125  -0.0591365
-0.09375  -0.155611
0.0625  -0.101609
-0.3125  -0.0575162
-0.09375  -0.189843
-0.21875  -0.142171
-0.09375  -0.168605
0.0625  -0.19952
0.125  -0.144757
0.1875  -0.109303
-0.0625  -0.121317
0.1875  -0.0906582
0  0.0204662
-0.1875  -0.287077
0.0625  -0.0767213
0.03125  0.0720419
0.03125  -0.231105
0.03125  -0.0730575
0  0.00584545
-0.03125  -0.077151
-0.0625  -0.105881
-0.15625  0.0263096
0.1875  -0.0859989
0.0625  -0.137804
0.09375  -0.0159317
-0.09375  -0.172757
0.09375  0.0401351
-0.125  -0.0615159
0.21875  -0.0212772
0.03125  -0.128572
0.125  0.071059
0.03125  0.0385388
-0.03125  -0.168227
-0.03125  0.0631977
0.1875  0.0950805
-0.21875  0.00935994
-0.03125  0.0613979
-0.09375  0.0418993
0.09375  -0.215215
-0.03125  -0.338274
0.21875  -0.0910537
-0.09375  0.0405321
0.03125  0.0164485
-0.03125  -0.144786
0.03125  -0.0974419
0.0625  0.0316146
-0.0625  -0.156894
-0.125  0.00532239
0.03125  -0.171512
-0.0625  -0.192489
-0.03125  -0.123299
0.15625  -0.212875
0  -0.139072
0.125  -0.138446
0.125  0.0540973
0  0.085665
0.09375  -0.0185778
0.03125  -0.181522
0.25  0.00935809
-0.15625  -0.00741227
-0.03125  -0.23913
-0.0625  0.169565
0.09375  -0.345748
0.03125  -0.211174
0  -0.0329226
0  -0.166563
0.03125  -0.239023
-0.25  -0.0161483
-0.0625  -0.0722521
-0.09375  -0.082933
-0.09375  -0.0544448
-0.1875  -0.104426
0.125  -0.0138069
-0.03125  -0.0239836
0.0625  -0.0422926
0.1875  0.061656
-0.03125  0.0886124
-0.125  0.010889
0  -0.132219
0.0625  -0.0125961
0  0.141338
-0.28125  -0.0783985
0.0625  -0.106111
-0.09375  -0.137381
-0.125  -0.316042
-0.0625  -0.0743283
0.09375  -0.223332
-0.15625  0.065844
0  0.0261989
-0.0625  -0.0275613
0.125  -0.0625634
-0.25  -0.216634
0.0625  -0.150463
0.21875  -0.00792276
-0.09375  -0.0271565
-0.09375  -0.0873321
0.21875  0.0290409
-0.03125  -0.375905
-0.15625  0.00922581
0  -0.0986538
0.125  -0.134553
0.0625  -0.0656338
-0.09375  -0.112336
0  -0.0296525
-0.0625  0.144825
-0.03125  -0.0459487
0.0625  -0.321139
-0.3125  -0.138603
-0.03125  -0.2374
0  -0.145187
0.15625  -0.151289
0.25  -0.142633
0.21875  -0.0113133
0.03125  -0.171898
-0.125  -0.153916
-0.09375  -0.0918473
-0.03125  -0.207843
0  0.0107763
0.21875  0.17956
0.125  -0.229163
-0.09375  0.178446
0.25  0.190057
-0.09375  -0.103336
0.09375  -0.0710484
0  -0.224851
-0.03125  0.113319
0.125  -0.342536
0.09375  -0.265111
-0.0625  -0.260294
-0.21875  0.0743594
-0.0625  -0.0999335
-0.1875  0.0632596
0.1875  -0.0696542
0.125  -0.0939447
0.1875  -0.266549
0.03125  -0.347748
0.09375  -0.161856
-0.03125  -0.0508832
0  -0.0785868
0.03125  -0.207413
0.09375  -0.280804
-0.03125  -0.0341625
0.0625  -0.0496421
-0.09375  0.00496064
0.03125  0.0294597
-0.03125  0.0838221
-0.03125  -0.133396
-0.09375  -0.124255
0.0625  0.129686
0.0625  -0.194254
0.0625  0.186385
-0.03125  -0.242193
-0.09375  -0.101754
0.1875  -0.123479
0.09375  -0.183218
-0.125  -0.0806105
-0.1875  -0.191878
-0.03125  -0.052748
0.09375  -0.140703
0.1875  -0.0381117
0.03125  -0.102459
-0.125  -0.062102
0.09375  -0.0160579
0  0.0603343
-0.0625  0.0818316
-0.40625  -0.123199
0.09375  -0.0605724
0.03125  -0.24801
0.28125  -0.0353744
-0.0625  -0.109376
-0.09375  -0.102277
0.125  -0.0344513
0.03125  0.0436627
0.03125  -0.329438
-0.03125  -0.0253795
0.03125  -0.124897
0  0.0927832
0  -0.0576304
-0.125  -0.170893
0.0625  -0.0215014
-0.1875  -0.114312
-0.0625  -0.224567
0.125  -0.0398383
-0.125  -0.137286
0.03125  -0.01329
-0.25  -0.0903041
0.28125  -0.0601126
-0.03125  -0.264102
-0.21875  -0.00175859
0.09375  0.0394872
-0.125  -0.0547782
0.03125  0.00270202
-0.125  -0.268075
0.03125  0.208263
-0.0625  -0.0306422
0.0625  0.054442
0  -0.000193481
0.0625  -0.161301
0.25  0.00131038
-0.28125  -0.0378762
0.125  -0.0573524
0.03125  -0.229242
0  -0.134679
0.21875  -0.221944
0.09375  -0.0524361
0.03125  0.00920952
-0.125  -0.208041
0  -0.257444
0.0625  -0.164418
0.03125  -0.0609064
-0.125  -0.172427
0.03125  -0.270979
0.03125  -0.00516675
0.0625  -0.0910998
0.21875  -0.118551
0.0625  -0.0539712
-0.0625  -0.145679
0.09375  -0.179213
0  -0.137343
-0.15625  0.0633508
0.0625  -0.237492
-0.0625  0.0176534
-0.03125  -0.373143
-0.0625  0.0535192
0.03125  -0.0211136
-0.0625  0.0103512
0  -0.0823736
-0.125  -0.277152
0.0625  0.00497978
0.15625  -0.0763672
-0.0625  -0.136855
-0.03125  -0.0162162
0.25  -0.075672
0.1875  -0.108186
-0.125  -0.111469
0  -0.0923297
0  0.0182122
-0.0625  -0.0157375
0.0625  0.0614144
-0.09375  -0.327681
-0.15625  -0.0165246
0.0625  0.0781623
0.125  -0.0723288
0.0625  -0.303886
0  -0.0545771
0.09375  -0.0302451
-0.21875  -0.177649
0.1875  -0.264569
-0.28125  -0.303511
0.0625  -0.0380932
-0.125  -0.217114
0.125  -0.0452111
0.03125  -0.202819
0.0625  -0.140555
0.1875  -0.283461
-0.03125  -0.146089
-0.03125  -0.08956
0.03125  0.168773
0.03125  -0.134348
0.09375  -0.0931323
-0.125  -0.00292197
-0.15625  0.00311484
-0.03125  -0.266633
0.1875  -0.0500977
-0.25  0.147738
0.21875  -0.311088
-0.15625  -0.124022
-0.03125  -0.135632
0.125  -0.153196
0.15625  -0.275845
0.03125  -0.167637
-0.03125  0.0641292
0  0.127117
0.40625  -0.329884
0.09375  0.0828648
-0.09375  -0.239735
-0.1875  -0.0693962
0.1875  -0.111412
0.0625  0.125276
-0.03125  -0.124875
-0.03125  -0.140234
-0.125  -0.260054
0.0625  -0.0884611
0  -0.111475
0.03125  -0.179677
0.03125  -0.283867
-0.15625  -0.160678
-0.1875  -0.225
0.03125  -0.174862
0.1875  -0.0676714
-0.0625  -0.103157
0.03125  0.0271891
0.25  0.0825273
0  -0.187563
-0.09375  -0.128135
0.03125  -0.159629
-0.09375  -0.249875
0.03125  -0.155457
0.09375  0.0382094
0.03125  -0.0143782
0.03125  -0.244032
-0.1875  -0.0128689
-0.09375  -0.290912
0  -0.212134
0.03125  -0.0471848
-0.125  -0.249045
-0.0625  -0.0810423
-0.0625  0.0705689
-0.03125  0.0518422
0.03125  0.0378807
-0.125  0.056497
-0.09375  -0.0104802
-0.0625  -0.00854506
0.09375  -0.136594
0  0.0743059
-0.09375  0.0980095
0.0625  -0.142518
-0.125  -0.303561
-0.0625  0.0878009
0.28125  -0.00116178
-0.125  -0.107335
0.15625  -0.00231511
-0.125  -0.190436
0.0625  -0.144528
-0.125  -0.30125
-0.03125  -0.018752
0.09375  -0.131292
0  0.0938874
-0.1875  -0.00418626
-0.21875  -0.176053
-0.09375  -0.033967
0.09375  -0.131524
0.09375  -0.134741
-0.09375  -0.0932582
-0.28125  -0.140251
-0.0625  -0.238144
-0.15625  -0.229136
0  0.083644
-0.0625  0.227042
0.1875  -0.105443
0.09375  -0.247636
0  -0.115882
0.28125  0.0115788
0.1875  0.0542479
0  -0.13877
0.0625  0.0293991
0.15625  -0.109294
0  -0.148984
0.03125  0.0483925
0  -0.117228
-0.0625  -0.0676092
-0.0625  -0.132763
0.03125  0.103705
-0.03125  -0.0359795
-0.0625  -0.0817298
-0.03125  0.134751
0.03125  -0.19165
0.125  -0.154142
-0.09375  0.18774
0.0625  -0.130892
0.09375  -0.0864459
0.03125  -0.227933
-0.125  0.0667943
0.15625  -0.165178
0.03125  0.181092
-0.09375  -0.265003
-0.1875  0.0276313
-0.03125  -0.0329654
-0.03125  0.0579169
0.15625  -0.291717
-0.15625  0.0499996
0.03125  -0.104154
0  -0.15523
-0.03125  -0.122501
0.125  -0.0494122
-0.0625  -0.131584
0.09375  -0.217839
0.03125  -0.103009
0.15625  -0.190487
-0.09375  -0.0333308
-0.03125  -0.187718
0.125  0.0661637
0  -0.143759
-0.125  0.0420982
-0.03125  0.0276677
0.15625  0.131832
0.0625  -0.00114651
0.03125  -0.121382
-0.03125  -0.163316
-0.09375  0.0286185
-0.0625  -0.216456
0.03125  -0.204374
-0.15625  -0.114723
0.03125  -0.00594898
0.1875  0.0997885
-0.25  -0.12072
-0.125  -0.0281029
0.09375  -0.391834
-0.1875  -0.0106611
-0.125  -0.154014
0.1875  -0.135986
0.125  -0.0914861
0.125  -0.202509
0.0625  0.0644176
-0.0625  -0.0738435
0  -0.232112
-0.15625  0.15421
-0.03125  -0.234474
-0.03125  -0.162948
0.03125  -0.153201
-0.03125  -0.0351628
-0.03125  -0.216061
0  -0.199478
-0.0625  0.0643918
0.09375  -0.0332791
-0.03125  0.0609856
-0.1875  -0.0399554
0.03125  -0.0294955
0.03125  -0.0390631
0.03125  -0.0500724
-0.09375  0.0935226
-0.15625  -0.0381436
0.03125  -0.0362673
-0.15625  0.0232068
0.125  -0.119961
-0.15625  0.020216
-0.03125  0.155354
-0.21875  -0.0568355
0.0625  -0.147887
0.1875  -0.37039
-0.21875  -0.0765894
0  0.0550424
0.0625  -0.251846
-0.21875  -0.147639
0.09375  -0.0685067
0.15625  -0.164941
0.03125  0.135416
0.03125  -0.108444
-0.0625  -0.143339
0.03125  -0.125764
-0.21875  -0.0157953
0.0625  -0.242035
0.125  -0.0753181
0.125  -0.26089
0.125  -0.00911619
-0.1875  -0.0774735
-0.15625  -0.268835
0.0625  -0.10718
0.1875  0.0990541
-0.125  -0.181956
-0.03125  -0.00697714
0.03125  -0.0370617
0.15625  -0.322776
0  -0.193532
0.09375  -0.0468625
-0.1875  -0.290359
-0.09375  0.064115
-0.21875  -0.252193
-0.03125  -0.143738
0.03125  -0.158875
0.03125  -0.169113
-0.0625  0.00876763
0.03125  0.0956225
0.09375  -0.329772
0.09375  -0.147802
-0.03125  0.0200066
0.09375  -0.184295
0.03125  0.110537
0.09375  0.0233725
-0.09375  0.0597438
-0.0625  -0.241224
0.125  -0.259224
0.09375  -0.112548
0.09375  -0.0251266
-0.125  0.0444129
-0.0625  -0.257271
-0.09375  -0.270435
0.0625  -0.244211
0.21875  -0.153499
-0.25  0.0813283
0.0625  -0.231364
-0.25  -0.100104
-0.1875  -0.197502
-0.09375  0.171368
0  -0.162428
0.25  -0.259111
-0.0625  0.167096
-0.09375  -0.068042
0.09375  -0.0608143
-0.125  -0.0792689
-0.0625  0.0294943
0.09375  0.117517
-0.03125  -0.120411
0.0625  -0.257277
0.09375  -0.199019
-0.0625  -0.125615
-0.0625  -0.0277105
-0.125  -0.0979491
-0.03125  -0.0560221
0.09375  -0.00789994
0.125  -0.034071
0.15625  0.00268387
-0.125  0.0104752
-0.03125  -0.088378
0  0.138505
-0.15625  0.0214125
-0.0625  -0.157224
-0.0625  0.19746
-0.0625  0.138446
-0.375  -0.0658533
0  0.013593
0  -0.220241
-0.21875  -0.000463787
-0.1875  -0.0508978
0.0625  -0.360737
0.125  0.0489467
-0.1875  -0.227553
0.1875  -0.318198
0.03125  -0.0843983
-0.0625  -0.169876
0.1875  -0.0972809
0.0625  -0.0670801
0.0625  -0.0424118
-0.0625  -0.0247133
-0.125  -0.0171237
-0.125  -0.0109269
0.15625  -0.18001
-0.15625  -0.0609446
0.0625  -0.00481157
0  -0.035422
0.03125  -0.337114
0  -0.126037
-0.125  0.050936
0  -0.00823897
0.15625  0.12523
0.1875  -0.0760389
-0.03125  -0.0492389
-0.1875  -0.0153896
-0.0625  -0.0669346
0.1875  -0.0840531
-0.15625  0.0354989
0.03125  0.0159384
-0.03125  -0.0234686
0.03125  0.0277206
0.25  0.0584609
0.0625  -0.0180389
-0.125  0.0550032
-0.0625  -0.0848749
0.125  -0.167265
0.0625  -0.177276
0.03125  -0.112747
-0.0625  0.0985762
0.125  -0.213539
-0.0625  -0.202728
-0.03125  0.0501954
-0.09375  -0.220766
-0.125  -0.195971
0.0625  -0.167859
-0.25  -0.0923023
0.1875  -0.0256218
0.125  -0.14182
0.0625  -0.218924
-0.15625  -0.356838
-0.1875  0.000664025
0.03125  -0.022458
0  -0.0660157
0.1875  0.021287
0.125  0.037795
0  -0.0921317
0.0625  0.088385
0.15625  -0.0108363
0.25  0.110956
-0.09375  -0.0836996
0  0.215055
0  -0.210387
0.21875  -0.03974
-0.1875  -0.084838
0.15625  -0.0280566
-0.0625  0.0784135
-0.03125  0.126152
-0.0625  0.0730311
-0.125  -0.0166498
-0.1875  -0.013636
0  0.0223984
-0.15625  0.0360884
0.125  -0.118212
0.1875  0.00579359
-0.25  -0.179031
0.09375  0.0326657
-0.3125  -0.154864
-0.125  -0.0154714
0  -0.079075
0.125  0.0108217
0.0625  -0.117109
0.0625  -0.0248226
0.15625  -0.100274
0.15625  -0.0504432
0.0625  0.00226159
-0.125  0.115924
-0.09375  0.0187977
-0.0625  -0.179675
0.03125  -0.140545
0.28125  -0.0612331
0.15625  -0.124379
0.03125  0.0624676
-0.25  0.0758012
-0.0625  0.0776185
-0.21875  -0.211841
0.03125  -0.182541
0  -0.129644
0.09375  -0.050684
-0.09375  0.112618
-0.28125  -0.212252
-0.0625  -0.0373782
0.15625  0.0459552
-0.09375  -0.148636
0.21875  0.147757
-0.1875  0.131679
0.15625  -0.0572815
-0.28125  0.0757679
0.1875  -0.146106
-0.09375  -0.0246026
0  -0.0169243
-0.25  0.0402035
0.0625  0.0470322
-0.1875  -0.124071
0.125  -0.0491377
0.28125  -0.0765432
0.0625  -0.324217
-0.0625  -0.125016
0.34375  -0.21262
0  -0.0793664
-0.03125  -0.340621
0.09375  0.0419485
-0.125  -0.205934
-0.09375  -0.0824466
-0.03125  -0.0410622
-0.1875  -0.136274
-0.0625  -0.330883
-0.3125  -0.103624
0.03125  -0.0230582
0.125  0.0270012
0  -0.0985093
-0.03125  -0.0473846
-0.09375  0.287578
-0.15625  0.0332922
-0.21875  -0.26061
-0.03125  -0.144069
-0.03125  -0.085885
0.03125  -0.0430267
-0.1875  0.117919
0  0.0590476
0  -0.0807825
-0.09375  -0.0356065
0.09375  -0.172988
0.0625  -0.0163015
-0.15625  -0.0763786
0.03125  0.016214
0.09375  -0.158335
0.0625  -0.0344275
0.15625  0.0193901
0.09375  -0.0406954
-0.125  0.143613
0.0625  -0.0282873
0.0625  -0.206821
0.125  -0.178232
0.25  -0.32883
-0.09375  -0.273878
0.15625  -0.269563
0.09375  0.125784
0.125  -0.129037
0  -0.0748897
0.0625  -0.0527058
0.03125  -0.0812673
-0.15625  0.160901
0.125  -0.0650657
0.0625  -0.221057
-0.03125  -0.203636
0.03125  -0.173542
-0.03125  0.0421565
-0.1875  -0.130321
-0.125  -0.248495
0.15625  -0.319465
0.0625  -0.121995
-0.09375  -0.134858
-0.09375  0.0725165
-0.15625  -0.131669
0.09375  0.0546761
0.25  -0.102455
0.0625  -0.213989
-0.3125  -0.03781
0.1875  -0.150515
-0.03125  -0.106275
0.25  0.00797371
-0.15625  -0.221841
-0.28125  0.0632934
-0.0625  -0.107742
0.15625  -0.0151196
0.0625  -0.125713
0.125  -0.125944
0  -0.0197981
0.125  -0.130915
-0.25  -0.0841005
0.03125  -0.0229728
-0.0625  -0.115412
0.25  -0.0270203
0.03125  -0.0668542
0.03125  -0.209113
-0.125  0.0591497
0.25  -0.0795372
-0.09375  -0.145648
-0.21875  -0.368823
-0.15625  -0.097824
0.1875  0.121217
-0.0625  -0.128399
0.25  0.107804
0  0.0847337
0.0625  -0.213948
-0.03125  -0.214185
-0.21875  -0.263499
0.15625  -0.00837979
0  -0.0348026
-0.15625  -0.010353
0.125  0.0171945
-0.15625  0.00539341
0.125  0.1689
0.09375  -0.184637
0.125  -0.0684243
0.375  -0.257898
-0.25  -0.129977
0.0625  -0.21527
0  -0.0854117
0  -0.161256
0.0625  -0.0258449
-0.125  0.179151
-0.09375  0.162771
0.375  -0.274212
0  -0.0327152
-0.28125  -0.0239697
-0.0625  -0.0844032
-0.25  -0.0756023
0.0625  -0.139188
-0.0625  -0.129071
-0.1875  -0.0780351
-0.1875  -0.130686
-0.09375  -0.181914
0.09375  -0.181542
0.0625  -0.201176
0.09375  -0.03637
-0.09375  0.163608
0.1875  -0.385912
0.03125  -0.203226
0.03125  -0.0965985
-0.03125  0.214616
0.03125  0.000983087
0.09375  -0.0509529
-0.34375  0.013808
0.0625  -0.0470414
0.03125  -0.160217
-0.03125  -0.0998143
0.03125  0.169132
0.1875  -0.176297
0.09375  -0.278159
-0.21875  0.0712077
-0.125  -0.153804
-0.03125  -0.0209064
-0.15625  -0.116504
0.0625  -0.194049
-0.0625  -0.18101
0.03125  -0.138289
0.1875  0.0472111
0.0625  0.110317
-0.125  -0.196133
0.09375  0.0640528
0.1875  -0.0243004
0  -0.0380559
-0.3125  -0.180794
0.03125  0.024029
0.03125  0.0386218
0.0625  -0.0765162
0  0.1209
0.03125  -0.256456
0.15625  -0.152062
-0.21875  -0.0491185
-0.125  -0.169171
0  -0.151732
0.0625  0.0102777
-0.09375  -0.11289
0.03125  -0.168826
-0.125  -0.106766
0.28125  0.1708
-0.15625  -0.0923105
0.15625  0.211131
-0.15625  -0.0981061
0.03125  -0.0634783
-0.03125  -0.130173
-0.21875  -0.0724277
-0.0625  -0.28584
0.0625  -0.187929
-0.0625  -0.0701216
0.15625  0.160533
0.21875  0.114385
-0.15625  -0.312658
-0.09375  -0.016172
0.0625  -0.0402369
0.15625  0.12378
-0.03125  -0.0648174
-0.03125  0.00551463
-0.1875  -0.143707
0.03125  -0.0229723
0.1875  0.211364
-0.03125  -0.206831
0.0625  -0.0935086
0.0625  -0.167898
0  -0.137673
-0.03125  -0.0393698
-0.125  -0.191754
-0.0625  -0.163374
-0.09375  -0.267237
0.1875  -0.0698711
-0.03125  -0.188171
0  0.0231543
-0.03125  -0.188543
0.25  -0.14878
0.03125  -0.0956564
0.15625  0.0368665
0.125  -0.127634
-0.0625  0.162466
-0.03125  -0.168275
0.03125  0.0243462
-0.1875  0.018077
-0.125  0.019471
0.09375  0.107482
0.03125  -0.0994782
0  -0.0884037
0  -0.0809801
0.03125  -0.202094
-0.09375  0.319661
0.0625  0.124739
0.1875  0.155116
-0.09375  -0.045247
-0.03125  -0.282113
0.03125  -0.316119
0.09375  -0.163493
0  -0.340116
-0.0625  -0.106251
-0.09375  -0.0858772
0.03125  -0.244348
0.15625  -0.0361106
0.09375  0.138274
0  -0.118865
-0.09375  -0.238433
0.09375  0.0951192
0  -0.0836389
-0.0625  0.0340528
0.15625  -0.179151
0.03125  -0.186778
0.21875  -0.0202179
-0.09375  0.0537916
0.15625  -0.200324
0.0625  -0.188745
0.09375  -0.0525052
0.21875  0.00176724
0.28125  -0.209153
0.03125  -0.116311
-0.09375  0.0317113
0.09375  -0.201682
0.09375  -0.166756
-0.09375  -0.0528556
-0.03125  -0.108136
0.09375  -0.386666
-0.1875  -0.296535
-0.125  -0.100457
0.25  -0.152395
0.03125  -0.248522
0.0625  0.168279
-0.3125  -0.292769
-0.03125  -0.180968
-0.3125  -0.0804038
0.125  -0.167538
-0.125  0.11452
-0.09375  -0.157221
0.03125  -0.0169328
0.03125  -0.0975828
0  0.0303062
0.1875  0.0152977
0.125  -0.176609
0.09375  -0.0985204
0.125  -0.0533152
0.1875  0.0309656
0.25  -0.198111
0.125  -0.10852
0.03125  0.0347184
0  -0.127569
-0.09375  -0.126297
0.28125  -0.127618
0  -0.276979
0  -0.00626863
-0.0625  -0.0479521
0.0625  -0.0408015
0.09375  0.0855404
-0.0625  -0.177118
0.03125  0.0847973
0  -0.234942
0.0625  -0.143289
-0.03125  -0.375357
-0.09375  0.00559859
-0.09375  0.0227962
-0.03125  0.00360786
-0.09375  0.120272
0.0625  -0.0549169
0.0625  -0.115888
0.03125  -0.0944438
-0.125  0.039387
0.1875  -0.108071
0.1875  -0.143387
-0.0625  -0.0294338
0.03125  -0.229294
0.09375  -0.239248
0.21875  -0.0337811
-0.0625  -0.0332858
-0.25  0.0168125
0.09375  -0.0858186
-0.15625  -0.246452
0.125  -0.312581
-0.03125  -0.104587
0.09375  -0.217524
0.15625  0.224181
0.125  -0.13965
0.125  -0.013281
0.09375  0.0444701
0.09375  -0.00440174
0.21875  -0.0951889
-0.03125  -0.126279
0.125  -0.169378
0.15625  -0.179623
0.34375  -0.132895
0.09375  -0.00403371
-0.28125  0.129133
-0.09375  -0.0204272
0.0625  0.0314256
-0.0625  -0.102728
-0.0625  -0.190377
0.03125  0.145514
0  -0.121128
-0.125  0.0376123
-0.0625  -0.111466
0.09375  -0.145832
0  0.00771903
-0.0625  0.0671289
0  -0.0776879
-0.03125  -0.277154
0.03125  -0.116161
0.0625  -0.147197
-0.15625  0.141295
0  -0.141913
-0.0625  0.0531917
-0.03125  -0.0185801
0.09375  -0.0718547
0.0625  -0.064657
0  -0.202847
-0.21875  -0.142583
-0.03125  -0.0681037
-0.03125  0.0175039
-0.0625  -0.166785
-0.0625  -0.213647
0.0625  -0.0597504
0  -0.208344
-0.0625  -0.0467293
-0.15625  -0.27576
0.125  -0.216209
0.03125  -0.16205
0.0625  -0.199532
-0.1875  -0.141509
0.03125  -0.108844
-0.125  0.0366963
0.15625  0.00642087
0  -0.0667573
0.125  -0.323378
-0.125  -0.133829
-0.03125  -0.170403
0  -0.0242923
-0.125  0.0179394
-0.125  -0.00416031
0.125  -0.0140393
0.1875  -0.296073
-0.125  -0.0371987
0.1875  -0.115262
0.09375  -0.173131
-0.0625  0.0774616
-0.1875  -0.0643654
0.1875  -0.130396
-0.09375  -0.284093
0.15625  -0.144823
-0.03125  -0.186679
-0.0625  -0.172461
-0.15625  -0.17229
-0.1875  -0.229409
-0.125  -0.26843
-0.1875  0.0422952
-0.15625  -0.32443
-0.09375  -0.112606
-0.1875  -0.0765412
-0.03125  0.0660558
-0.09375  0.000751273
-0.09375  -0.145012
0.09375  -0.0238806
0  0.0110574
-0.0625  -0.233498
0.03125  -0.20055
0  -0.282509
-0.0625  -0.216285
-0.09375  0.00276401
0.125  0.0614982
0.03125  -0.17045
0.15625  -0.190403
0  -0.183687
0.03125  -0.0620542
0  -0.102396
0.25  -0.218578
0.09375  0.0688505
0.09375  -0.0994531
0.09375  -0.101574
0.09375  -0.213795
0.21875  -0.181629
0.03125  -0.232816
-0.15625  -0.285958
0.03125  0.184165
0.1875  0.00801433
0.0625  -0.187124
-0.25  -0.109699
-0.21875  -0.149036
0.09375  -0.291802
-0.15625  -0.293484
-0.03125  -0.13871
0.0625  0.0576093
0.09375  0.138804
-0.0625  -0.174028
-0.0625  -0.137867
-0.0625  -0.185346
0.1875  -0.0137111
0.03125  -0.324572
0.09375  -0.136519
0.1875  -0.160284
-0.0625  -0.286623
0.34375  -0.134196
0.125  -0.0555227
-0.0625  0.0563567
0.15625  -0.01615
-0.0625  -0.176819
0  -0.103936
0.03125  -0.161053
-0.0625  -0.202333
0.03125  -0.2041
0  -0.0168597
-0.09375  -0.055323
-0.125  -0.215658
-0.03125  0.0944671
0.09375  0.0191121
-0.125  -0.250858
0.125  0.0567028
0.125  -0.0913831
0.03125  -0.175251
-0.03125  0.0280131
-0.21875  -0.236275
-0.09375  0.000405527
-0.03125  -0.100898
-0.03125  -0.192076
0.09375  -0.0425959
-0.03125  0.134231
-0.1875  -0.218681
-0.0625  -0.12911
-0.125  -0.210347
0.25  0.0957542
-0.1875  -0.255205
0.0625  -0.283338
-0.1875  -0.0452142
0.15625  -0.284596
0.0625  -0.0489579
0  0.0714143
0.125  0.072931
-0.0625  -0.104505
-0.09375  -0.113752
-0.125  -0.145819
0  -0.0641273
0.09375  0.188333
0.03125  -0.00815717
-0.09375  -0.108226
-0.03125  -0.00612288
0.0625  -0.158563
0.15625  0.131064
0.1875  -0.0661627
-0.0625  -0.134459
0.03125  -0.216458
0.09375  -0.116816
-0.125  -0.101329
-0.03125  0.047304
0.0625  0.0304784
-0.15625  -0.145089
-0.21875  -0.267235
0.15625  -0.314365
-0.1875  -0.273871
-0.09375  -0.0301844
0  -0.193807
0.21875  -0.0592884
0.09375  0.0729551
-0.09375  7.54631e-05
0.125  -0.0479637
-0.125  -0.115359
0  -0.157987
0.0625  -0.0681849
0  -0.131972
0  -0.174311
-0.1875  0.124855
0.1875  -0.106874
-0.21875  0.0170083
0  -0.295174
-0.125  -0.0080153
-0.03125  -0.176239
-0.0625  -0.106203
0.03125  -0.0987597
0.09375  0.0142649
0.03125  -0.0671638
-0.03125  0.0394385
0.09375  0.0133639
-0.0625  -0.0712795
-0.15625  0.0912797
-0.09375  -0.243976
-0.09375  0.138709
0.125  -0.046766
-0.09375  -0.174598
0.125  -0.0746991
0  -0.126792
-0.03125  0.0226661
-0.125  -0.0978216
-0.125  -0.0555674
0  0.140616
-0.0625  -0.253751
0.09375  -0.380421
0.1875  -0.0937434
-0.09375  -0.034881
0  -0.0832335
-0.09375  -0.519874
0  0.0416511
0.0625  0.0671602
-0.125  -0.180812
-0.03125  -0.154255
-0.0625  -0.029364
-0.1875  -0.12941
0.0625  -0.13211
-0.125  -0.135321
-0.09375  -0.0759547
-0.09375  -0.0573682
-0.0625  -0.0274296
0.21875  0.00111167
0.03125  -0.232359
0.0625  -0.22216
0.03125  -0.23541
0.1875  0.0030473
0.125  -0.0734528
-0.09375  -0.194352
0.15625  -0.142977
0  -0.335443
-0.09375  -0.195513
0  -0.17353
-0.25  0.104494
-0.03125  -0.156242
0.09375  0.0665834
0.15625  -0.131029
0.09375  -0.201702
0.1875  -0.238922
0.15625  -0.183105
-0.03125  -0.195891
0.0625  0.00108324
0.15625  -0.240438
0.03125  0.00783617
-0.03125  -0.0424801
0.1875  -0.219747
0.03125  -0.0248287
-0.09375  -0.110703
0.0625  -0.161526
-0.15625  0.065297
-0.15625  -0.257457
0.125  0.154693
0.09375  -0.0275124
-0.3125  -0.0367038
-0.09375  -0.170871
-0.09375  -0.0994815
0.09375  -0.0865878
0.25  -0.063725
0.0625  -0.336501
-0.125  -0.209923
0.03125  -0.106546
0.34375  -0.17554
0.125  -0.321174
-0.15625  0.105039
-0.125  -0.170491
-0.125  -0.0342323
-0.3125  -0.10693
0  -0.118977
0.03125  0.108515
-0.28125  0.2312
0.15625  -0.13274
0.15625  -0.123618
-0.15625  -0.063427
-0.125  -0.0475554
0.09375  -0.183885
-0.125  0.0232431
-0.09375  -0.0238091
-0.09375  -0.104387
0.1875  -0.139784
0.1875  0.0388934
-0.125  -0.190745
-0.125  0.0496997
0.09375  0.0637317
0.09375  -0.105709
0.125  0.031939
-0.34375  0.0389056
-0.25  -0.301872
0.03125  -0.281512
-0.28125  -0.073546
0.125  0.048576
-0.0625  -0.114675
-0.0625  -0.24304
0.0625  0.0188142
0.125  -0.214613
0.0625  -0.299483
0.09375  -0.0503121
0.0625  0.040011
-0.09375  -0.183306
-0.09375  -0.13807
-0.09375  0.0703034
-0.03125  0.140485
-0.28125  -0.0233819
-0.03125  -0.124279
-0.0625  -0.0101506
-0.0625  0.145161
-0.09375  -0.0582747
-0.03125  -0.0958251
-0.21875  -0.0916944
-0.03125  -0.193193
-0.0625  0.0643188
-0.0625  0.120159
0.03125  -0.102726
0.1875  -0.00931453
0.25  -0.108664
0.1875  0.0381432
-0.03125  -0.143282
-0.09375  -0.11765
-0.21875  0.0785337
-0.09375  -0.103158
0.09375  -0.00252883
0  -0.166673
-0.0625  -0.0795808
-0.1875  0.103015
0.03125  -0.152399
-0.15625  -0.0818475
0  -0.10645
-0.0625  -0.0407663
0.0625  0.216992
0.0625  -0.224407
-0.125  -0.114886
0.125  -0.0196704
-0.125  -0.0248805
-0.09375  -0.117094
0.15625  -0.0698854
0.0625  -0.170133
0.1875  0.00496251
-0.0625  -0.109345
0.0625  -0.134617
-0.03125  -0.292336
0.03125  0.0987107
-0.09375  -0.272783
0  -0.0932157
0.03125  0.142826
0.15625  -0.192328
0.125  -0.209339
-0.125  -0.29202
0  -0.132556
-0.1875  0.0143779
0.1875  -0.0359115
0.15625  -0.0982195
-0.4375  -0.00102173
0.09375  -0.285387
-0.09375  -0.143544
-0.1875  -0.357169
0.21875  -0.179326
0.0625  0.122837
-0.15625  -0.239017
-0.1875  -0.173428
0.125  -0.0254659
-0.0625  -0.0548282
0.21875  -0.10918
0.15625  -0.0520723
-0.15625  -0.119237
0.125  -0.264109
-0.03125  -0.124884
-0.125  -0.105798
-0.15625  -0.175266
0.03125  -0.190036
-0.09375  0.00780491
0.15625  -0.303059
-0.0625  -0.164941
0.28125  -0.142753
-0.15625  -0.16577
0.03125  0.212992
0.03125  -0.00903394
-0.125  -0.319157
-0.09375  -0.0667083
0.15625  -0.101679
-0.09375  -0.150522
-0.15625  -0.0498149
0  -0.322931
-0.03125  0.0254494
-0.15625  -0.139935
-0.09375  -0.148595
-0.09375  0.0154883
-0.09375  0.181813
-0.03125  -0.0410096
0.15625  0.0389616
0  -0.095136
0.25  -0.231309
0.1875  -0.153682
-0.0625  0.0810224
0.03125  -0.0839179
-0.125  -0.0492636
0.15625  0.172413
0.0625  -0.122766
-0.0625  0.021204
-0.0625  -0.10502
-0.21875  -0.299526
-0.0625  -0.115033
0  -0.0618655
-0.1875  -0.0496322
0.0625  -0.0590232
-0.03125  -0.0404719
-0.28125  -0.280365
0.09375  -0.118266
0.03125  0.013443
0.09375  -0.162515
0.03125  -0.19711
-0.0625  0.0868919
0.15625  0.190689
-0.09375  -0.0535514
-0.09375  -0.0907798
-0.03125  0.133832
-0.09375  -0.0731579
0.0625  -0.19155
-0.28125  -0.0255147
0.09375  -0.049615
0.03125  0.123993
0  0.0596722
0.03125  -0.107696
0.03125  -0.380695
-0.09375  0.146694
0.03125  -0.150755
-0.09375  -0.372932
0.09375  0.0376841
0  -0.213597
0.21875  -0.0679718
0  -0.0317428
-0.09375  -0.212088
0.0625  -0.289818
0.03125  -0.258364
-0.0625  -0.124262
0.09375  0.0686794
0  -0.263727
0.0625  -0.0918183
-0.15625  -0.0975298
0.3125  -0.284302
-0.03125  0.032057
-0.125  -0.103594
-0.1875  -0.148691
-0.0625  0.13765
-0.03125  -0.122349
-0.125  -0.133298
-0.1875  0.0500881
0.28125  0.0857182
-0.25  -0.249075
-0.03125  -0.0963903
-0.1875  0.00154262
0  0.113246
-0.09375  -0.347943
0.15625  -0.0352976
-0.03125  -0.0544401
0.3125  -0.150583
0.125  0.0317454
0.03125  -0.229189
0.09375  0.00567721
0.0625  -0.163063
0  -0.153187
-0.15625  -0.170316
-0.125  0.0104093
0.03125  -0.0482099
-0.03125  -0.20722
-0.03125  -0.168221
-0.09375  -0.201756
0.125  -0.0603965
-0.21875  -0.0290721
0.09375  -0.0728593
0.03125  -0.0138603
-0.0625  -0.143149
-0.1875  -0.150911
0.15625  0.0131143
0.1875  -0.0884321
0.15625  -0.0434057
0.0625  -0.0467477
0.375  0.0094272
-0.15625  -0.232438
-0.25  -0.253525
-0.21875  0.00849944
-0.0625  0.0182875
0  -0.242596
0.21875  0.0210707
0.1875  -0.0947992
0  -0.000273669
0.28125  -0.18364
0.09375  -0.358499
-0.09375  -0.00424777
-0.125  -0.060909
-0.03125  -0.27495
0.125  -0.112847
-0.03125  0.0842486
-0.15625  0.00867278
0.03125  -0.0433472
-0.125  0.00536051
0.125  -0.441927
0.21875  -0.0197967
0.0625  -0.18899
-0.28125  0.105595
-0.03125  0.183441
-0.03125  -0.246247
-0.21875  -0.311087
0.03125  -0.0286312
0  -0.0353494
-0.15625  0.104555
-0.03125  -0.249682
-0.15625  0.0252118
0.03125  -0.174391
0  -0.0604813
0.1875  -0.108876
0.125  0.0506137
-0.0625  0.060348
0.09375  -0.120309
0.03125  -0.0228179
0.15625  -0.0557003
0.15625  0.0937725
-0.03125  -0.312475
0.125  0.0273922
-0.125  -0.160066
0.1875  -0.174269
0.03125  0.00540318
0.125  0.0859735
-0.125  -0.299044
0.15625  -0.210414
0.21875  0.107157
-0.0625  -0.114597
0  0.0352326
-0.125  0.0729163
0.03125  -0.128088
0.03125  0.162958
-0.09375  -0.0846698
0.09375  -0.207735
-0.25  -0.0340077
-0.03125  -0.148104
0.03125  -0.0834019
0  0.184999
-0.3125  -0.255496
0.125  -0.0410742
0.09375  0.0986095
-0.1875  -0.077214
-0.1875  -0.12065
-0.15625  -0.217491
-0.125  0.0201318
-0.03125  0.0448582
0.0625  -0.0113236
0.25  0.12951
0.1875  -0.120562
-0.0625  -0.0396014
0  0.00494997
0.0625  -0.1426
0.09375  -0.117496
0.09375  0.1236
-0.0625  -0.0464844
0.0625  -0.116062
0.03125  0.00470488
-0.03125  -0.187272
0.25  -0.184444
-0.09375  -0.228804
0.09375  -0.262056
0.0625  -0.158713
-0.09375  -0.0195801
0  -0.0447729
0  0.070001
0.09375  -0.0282065
0.03125  -0.127636
0.0625  -0.111205
-0.0625  -0.139806
0  -0.00208466
-0.0625  0.0235773
0.125  -0.0843095
0.0625  0.13695
-0.0625  -0.129732
0  -0.0916142
0  -0.15256
0.15625  0.0748724
-0.03125  -0.11877
-0.09375  0.183277
-0.09375  -0.073358
0.28125  0.00504756
-0.25  -0.264399
-0.03125  -0.260305
0.125  -0.265599
0.0625  -0.174708
-0.09375  0.0172117
-0.25  -0.195967
0  -0.245824
0.03125  0.137089
0  -0.123697
-0.09375  -0.128128
0.125  0.0451163
-0.0625  -0.112703
0  -0.140582
0  -0.0939253
0.03125  -0.208874
0.03125  -0.248048
0  -0.251573
-0.25  0.166759
0.03125  -0.20138
0.03125  -0.354283
0.125  -0.192854
-0.25  -0.144866
0.09375  0.0331049
0.03125  -0.081122
-0.03125  -0.051087
0.25  -0.260474
-0.0625  -0.213609
-0.25  -0.102711
-0.03125  -0.319345
0.15625  0.0333755
-0.0625  -0.0995988
0  0.00517031
-0.0625  -0.0874319
0.15625  0.0505644
-0.1875  -0.0216287
0.34375  -0.235938
0.1875  -0.175306
-0.03125  -0.162745
0.03125  -0.0268441
-0.1875  -0.0784426
-0.0625  0.113083
0.1875  -0.109739
0.3125  -0.210052
0.125  -0.0870204
0.0625  -0.0318905
0.1875  -0.152037
0  -0.110801
0  -0.0239752
-0.21875  -0.26042
0.1875  0.179462
-0.125  0.0732321
-0.25  -0.0116866
0.03125  -0.264021
0.0625  -0.141338
-0.1875  -0.0723658
-0.03125  -0.0789807
0  -0.0960717
0.0625  -0.192368
-0.15625  0.0496042
0  -0.178572
0.0625  -0.0411567
0.09375  0.059932
0.03125  -0.288281
-0.03125  0.173041
0.15625  0.0406064
0.03125  -0.213623
0  0.16495
0.03125  0.0510815
-0.28125  0.109766
0  -0.145881
0.15625  -0.149101
0  -0.0110502
0.0625  -0.0922442
0  -0.355644
-0.09375  0.111569
0.03125  -0.0941784
-0.03125  0.102723
-0.15625  0.0190401
-0.28125  -0.110809
-0.09375  -0.0623463
-0.0625  -0.0755206
-0.03125  -0.0766611
0.09375  -0.211885
0.15625  0.0693934
-0.0625  -0.116287
0  0.053574
0  -0.264165
0  -0.0976762
0.28125  -0.00884559
-0.09375  0.114542
-0.1875  -0.103587
0.09375  -0.0144172
-0.0625  -0.0205912
0.0625  -0.190178
-0.15625  0.00315884
-0.0625  -0.0632912
-0.1875  0.161501
0.03125  -0.110225
-0.09375  -0.122955
0.0625  0.024884
0.21875  -0.204187
0  -0.194577
-0.0625  -0.165332
0.125  -0.184159
-0.1875  -0.108926
-0.0625  -0.0816441
0.0625  -0.0470237
0.0625  -0.0514965
-0.125  -0.379073
0.25  0.0526263
0.0625  0.0726725
0  -0.196683
0.09375  -0.0059418
0  -0.0202347
0.0625  -0.288462
0  -0.11237
-0.03125  -0.158448
0.15625  0.10298
0.15625  -0.0949158
0  -0.158556
0.1875  -0.0494973
0.21875  -0.100713
-0.21875  0.182386
0.125  -0.198241
-0.125  -0.0741036
0.09375  -0.0538672
-0.0625  -0.0526268
-0.0625  -0.0427712
0.0625  -0.188754
0.1875  0.136581
-0.15625  0.251451
-0.3125  -0.200356
0.03125  -0.00715094
0.125  -0.00300635
0.09375  0.147125
-0.09375  -0.141771
0.09375  -0.026561
-0.25  -0.304574
-0.15625  -0.169527
-0.03125  -0.270703
-0.21875  -0.0450558
-0.28125  -0.161084
-0.1875  -0.145606
-0.09375  0.0661499
0  0.0449428
0.0625  -0.249677
-0.09375  -0.0480973
-0.15625  0.068832
-0.09375  -0.308363
0.125  -0.0889381
0.09375  -0.0403995
0.15625  -0.268335
-0.125  -0.136709
-0.03125  -0.111118
-0.125  -0.0620675
-0.03125  -0.227625
0.21875  -0.261082
0.15625  -0.0605097
0.15625  -0.160798
-0.125  -0.253124
0.03125  -0.126693
0  -0.017782
-0.03125  -0.167947
-0.03125  -0.170674
0  -0.170593
-0.125  -0.059183
-0.03125  0.0530297
0.09375  -0.0148407
0.09375  -0.0918032
-0.03125  -0.0562733
-0.0625  -0.095227
-0.125  -0.132779
-0.21875  -0.170417
0.09375  -0.0792815
-0.1875  -0.0723254
0.125  -0.307606
0.1875  -0.130766
-0.15625  -0.346262
0.09375  0.216135
-0.09375  -0.0865446
0.1875  -0.134763
0  -0.0892439
0  -0.170592
0.09375  0.0692474
-0.25  -0.301047
0.28125  -0.0271737
0.0625  0.0966032
0  0.0430104
-0.0625  -0.0279467
0  -0.139991
0.15625  -0.10317
0.125  0.000609366
-0.1875  0.0504162
-0.09375  -0.159235
0  0.0800026
0.03125  -0.0181389
-0.09375  -0.137386
0.125  0.0392504
0.0625  -0.0937838
0.03125  -0.0987393
-0.15625  0.0140082
-0.0625  0.0265433
0.03125  0.0587641
0.09375  -0.0189667
0.0625  0.00929528
-0.09375  -0.102586
0.09375  0.0263511
0  -0.0823207
-0.09375  -0.0192424
-0.09375  -0.0318921
0  -0.0443394
-0.09375  0.0212242
-0.09375  -0.0211757
-0.0625  0.0211333
-0.1875  -0.254974
0.15625  0.0304699
-0.09375  -0.186873
-0.03125  -0.0885098
-0.0625  -0.0875842
-0.03125  0.100359
0.03125  0.112363
0.21875  0.123315
-0.0625  -0.0777786
0.09375  -0.258817
0.03125  -0.00387397
0.15625  -0.0551647
-0.0625  -0.245293
-0.125  -0.237645
0.28125  -0.117695
0.15625  -0.0592174
0.09375  -0.0533473
0.09375  -0.233717
0.15625  -0.05644
0.125  -0.114717
0.0625  0.0312899
0.0625  -0.0761975
0  -0.145965
0  0.0678268
0.21875  0.168754
0.09375  -0.263036
-0.09375  -0.179208
0.09375  -0.237586
0.0625  0.0413819
0.0625  -0.124852
0.09375  -0.287887
-0.0625  -0.239723
-0.1875  -0.282434
0.21875  -0.0363221
0.21875  -0.4137
0.15625  0.0263505
-0.21875  -0.00623923
-0.125  -0.0828518
-0.125  -0.0748871
0.0625  -0.0621146
0.03125  -0.120718
-0.03125  -0.152592
-0.125  0.0468555
0.09375  -0.0893657
-0.0625  -0.203551
-0.15625  0.111776
0.03125  -0.160065
-0.125  -0.136544
0.125  -0.231083
-0.03125  0.166113
-0.0625  0.0879349
-0.0625  -0.143361
0.03125  -0.0696024
0.09375  -0.0221081
0.0625  -0.169322
-0.125  -0.225655
-0.09375  -0.236257
-0.03125  -0.220931
-0.0625  0.0276981
-0.0625  -0.161831
0.125  -0.33972
0  -0.214505
0.25  -0.079462
0.0625  0.0140254
0.125  0.0452309
-0.15625  -0.0881714
0.15625  -0.0507159
0.09375  -0.10164
0  0.0605234
0.125  0.0460555
0.25  -0.230975
0.25  -0.309604
-0.0625  -0.0837778
-0.125  0.0377453
0.0625  0.00678108
0  -0.0598682
-0.15625  -0.012006
-0.0625  -0.119106
0.25  -0.271086
-0.125  -0.0287652
0.0625  -0.270348
-0.0625  -0.0250453
-0.0625  0.0175116
0.1875  -0.064121
-0.15625  0.0181643
0.0625  -0.268476
0.15625  -0.0345598
0.0625  0.0472377
-0.03125  -0.0510782
-0.1875  -0.0241153
-0.0625  -0.0643797
-0.03125  0.109099
0  -0.0934426
0.34375  0.0364384
0  -0.123105
-0.125  -0.195347
-0.1875  -0.109919
-0.0625  -0.108504
0.15625  -0.0835422
0.15625  -0.00826437
0.03125  -0.0916849
-0.03125  -0.0743493
0  -0.00679412
0  -0.124903
-0.09375  -0.11533
-0.03125  -0.176288
-0.0625  -0.354924
-0.15625  -0.180301
-0.0625  -0.112008
-0.09375  -0.0610625
0  -0.302969
0.0625  -0.151141
0.125  -0.117528
-0.25  0.0700309
0  -0.103652
0.03125  -0.262671
-0.0625  -0.186763
0.15625  -0.0195717
-0.1875  0.000248282
0.03125  -0.0617824
0.09375  -0.129025
-0.0625  -0.0215016
-0.09375  -0.120527
0.09375  -0.0262348
0.15625  -0.0937889
-0.21875  -0.121473
-0.0625  -0.0679421
0.125  -0.0738948
-0.0625  -0.130784
-0.21875  -0.0562509
-0.21875  -0.139826
-0.03125  -0.0262125
0.1875  -0.13764
0.0625  -0.309398
0.125  -0.166871
0.09375  0.00728553
-0.40625  0.0205403
-0.03125  -0.136756
-0.09375  -0.0477185
0.21875  -0.194213
-0.03125  -0.083104
0.03125  0.0771494
-0.15625  -0.10248
0.03125  -0.201951
-0.0625  -0.215986
0.0625  -0.184239
0.03125  -0.178075
0.125  0.046009
-0.03125  -0.0286811
-0.125  -0.303475
0.15625  -0.27741
-0.0625  -0.0101583
-0.03125  -0.0859277
0.375  -0.219887
0  -0.130473
-0.03125  -0.28822
0.125  -0.0427222
0.28125  -0.168178
-0.03125  -0.0451146
-0.0625  -0.102396
-0.1875  0.0723577
0.40625  -0.152168
0.0625  0.0974747
-0.15625  -0.26401
-0.125  -0.161329
-0.1875  -0.0280202
0.03125  -0.201747
-0.03125  0.00595528
-0.03125  -0.158243
0.1875  -0.0367407
0.03125  -0.0181245
-0.15625  -0.0476323
-0.125  -0.10604
0.15625  0.0614785
0.0625  -0.15165
0.09375  -0.312506
-0.09375  -0.129019
-0.15625  0.0635914
0.25  -0.182922
-0.15625  -0.217274
0  -0.092343
-0.03125  -0.272791
-0.0625  0.275976
-0.0625  -0.188352
0.03125  -0.222166
0  -0.0655656
0.03125  -0.0356762
-0.09375  -0.0883869
-0.0625  -0.166104
0.25  0.161674
-0.15625  0.175257
0.0625  -0.231598
0.1875  -0.201983
-0.15625  -0.11723
0.03125  -0.313765
-0.15625  -0.0189171
0.21875  -0.181202
0  -0.0593145
0.03125  -0.0753401
0.09375  0.141591
0.09375  -0.238749
0.15625  -0.0347999
-0.03125  0.0649643
0.34375  -0.27668
0.03125  -0.140936
0.09375  0.0239283
-0.0625  -0.0352369
0.125  -0.30892
-0.0625  0.130038
0.1875  -0.132939
-0.34375  -0.17615
-0.15625  -0.075119
0.0625  0.0876472
-0.125  -0.0707786
0.09375  -0.000258256
-0.09375  -0.194543
-0.03125  -0.141018
0.03125  -0.171317
0.21875  -0.0869408
-0.0625  -0.106827
-0.125  0.130788
0.09375  0.193345
0.21875  -0.120832
0.0625  0.022901
0.0625  -0.0605045
0.125  0.0821396
0.09375  -0.259354
0.34375  -0.113867
0.09375  -0.107678
0.1875  -0.00519266
-0.125  -0.251809
0.0625  -0.161996
-0.125  0.113187
0.09375  -0.138917
0.15625  0.0215276
-0.09375  -0.0984847
0.03125  -0.092181
0.03125  -0.043433
-0.0625  -0.119406
-0.03125  -0.0639358
0.15625  -0.0101718
-0.0625  0.000671026
-0.125  -0.00890449
0.0625  -0.159508
0.03125  -0.00767874
0.25  -0.32305
-0.15625  -0.0668677
0.1875  -0.104146
0.0625  -0.054297
0.09375  -0.10619
0.0625  -0.0494785
0  0.0324416
-0.09375  0.103781
-0.0625  -0.0510844
0.15625  -0.298552
-0.0625  -0.00817448
-0.03125  -0.225895
0.25  0.0883923
-0.125  -0.230929
-0.0625  0.07939
0.09375  -0.286337
-0.09375  -0.0588074
0.21875  -0.0531591
-0.1875  -0.370896
-0.25  -0.206334
0.125  -0.285825
-0.125  -0.177025
0.0625  -0.154733
0.21875  -0.130817
0.09375  0.0112676
-0.1875  0.0173104
-0.03125  -0.101413
0  -0.260246
0.03125  -0.0867422
0.21875  -0.0422618
0  -0.089808
0.125  0.0423304
-0.0625  -0.14167
-0.15625  -0.178487
-0.125  -0.170104
-0.0625  -0.0734707
-0.0625  -0.307735
0.09375  0.113333
0.09375  -0.0148699
0.03125  -0.190869
0  0.0693929
0.03125  -0.143933
-0.0625  -0.21443
-0.25  -0.186823
-0.125  -0.0754119
0.15625  0.0672
0.0625  -0.132905
0.09375  -0.0694235
0.03125  -0.120674
0.0625  -0.114046
0.15625  -0.136453
-0.125  -0.156294
0.0625  -0.297532
-0.1875  -0.105418
0  -0.0571952
0.03125  -0.12042
-0.125  -0.0264613
0.09375  0.0571261
0.15625  -0.0834401
0  0.0367021
0.375  -0.248542
0  -0.0249182
0.0625  -0.202491
-0.1875  0.030634
-0.21875  -0.228842
0.03125  -0.120987
0  0.183553
-0.0625  -0.174417
0.3125  -0.0539536
0  -0.199805
-0.03125  -0.0965305
0.0625  0.202563
0  -0.120282
0.28125  -0.200356
0.21875  -0.312994
-0.03125  -0.149852
0.0625  -0.204307
0  -0.00296678
-0.03125  0.0357526
-0.15625  -0.238762
0  -0.0443162
0.1875  -0.226903
-0.0625  -0.273287
0.125  -0.314818
0.03125  -0.25303
0  0.104168
-0.0625  -0.145863
0.0625  0.00160838
0  -0.0314058
0.15625  -0.0266814
-0.25  -0.143679
0.15625  -0.120068
0.21875  -0.27061
-0.25  -0.278745
-0.1875  -0.096325
0.15625  -0.0231406
0.09375  0.119725
-0.03125  -0.184748
-0.03125  -0.0540486
-0.09375  -0.177046
0.125  0.097933
-0.0625  -0.128868
0.21875  -0.223849
-0.21875  -0.0466198
0.15625  -0.0908631
-0.1875  0.0440162
0.09375  -0.000851327
-0.09375  -0.204617
0.0625  0.0635224
-0.03125  -0.104878
0.21875  -0.000251327
-0.15625  -0.0375068
-0.09375  -0.219077
-0.125  -0.248368
-0.09375  -0.123922
-0.03125  -0.0741811
-0.03125  -0.0604923
-0.125  -0.246183
-0.125  0.103349
-0.03125  -0.121354
0  -0.132549
0.09375  -0.210378
0  -0.00156522
-0.09375  0.0193275
0.15625  -0.132556
-0.15625  -0.0832824
-0.03125  0.0787004
0  -0.17394
0.125  -0.122791
0.125  -0.0890871
0.0625  0.00119656
0.15625  -0.0669482
0.125  -0.164072
-0.09375  0.0444858
-0.09375  -0.353631
0.125  -0.253509
-0.03125  -0.277023
0.25  0.037516
0.03125  -0.122966
0.03125  0.125141
-0.21875  0.0041814
0  -0.0972292
-0.125  -0.147608
0  -0.129819
0  -0.11569
0.21875  -0.166024
0.25  0.115146
-0.03125  -0.149652
0.15625  -0.24155
0.09375  -0.156168
-0.09375  -0.250609
-0.09375  -0.26679
-0.09375  0.0376553
0.1875  -0.17511
0.09375  -0.247468
0.09375  -0.0778648
0.03125  -0.129335
0.03125  -0.207984
-0.0625  -0.242414
0.09375  -0.250616
0.125  -0.101549
-0.09375  -0.140109
-0.03125  -0.294925
-0.1875  -0.304785
0.09375  -0.271333
0.09375  -0.157708
0.25  -0.217617
-0.0625  -0.19505
-0.09375  -0.155022
-0.03125  -0.0174938
-0.09375  -0.159442
-0.0625  -0.0808625
-0.125  -0.190778
0.03125  -0.0580612
0.0625  -0.166885
-0.1875  0.0136614
0.125  -0.121368
-0.03125  -0.0716924
0  -0.133626
0.0625  -0.192417
0.0625  0.0308438
0.09375  0.0399979
0.03125  -0.193799
-0.25  -0.0155083
0.03125  -0.0954928
0.3125  -0.144526
0.34375  -0.093541
0.09375  -0.025591
0.0625  -0.0421251
0  -0.170696
-0.15625  -0.00828246
0.1875  0.0170207
-0.03125  0.00838619
0  0.0191424
-0.03125  -0.191928
0.0625  0.0380659
0.15625  0.00329983
-0.03125  -0.0313878
0.03125  -0.197799
-0.21875  -0.0156444
-0.3125  -0.113872
0  0.102296
-0.09375  -0.187253
0.125  -0.111936
-0.1875  -0.073443
-0.125  -0.186609
-0.09375  -0.0661409
0  -0.141273
-0.15625  -0.202798
-0.03125  0.107524
-0.125  0.178215
-0.03125  0.143194
0.09375  -0.0450927
-0.15625  0.073877
-0.0625  -0.168697
-0.15625  -0.0938133
-0.03125  0.187406
-0.125  -0.109969
0.09375  -0.0474802
0.0625  -0.0867574
-0.1875  -0.245831
0.09375  -0.0926177
-0.15625  0.0706653
0.0625  0.00321813
0.125  -0.09612
0.03125  -0.0382106
-0.15625  -0.244723
0  -0.0547242
-0.03125  -0.0204245
0.25  -0.185955
0.125  0.0548188
0.1875  0.0784745
0.1875  -0.266063
-0.09375  -0.146711
0.03125  -0.0112103
0.0625  -0.145725
-0.15625  -0.0277966
-0.03125  -0.0492649
0.0625  -0.0120052
-0.0625  -0.162137
-0.03125  -0.116401
-0.125  0.0610138
-0.25  -0.169882
-0.03125  -0.12213
0.15625  -0.100655
-0.1875  -0.0218947
0.28125  -0.160432
0.03125  -0.0734629
-0.1875  -0.0117382
-0.0625  -0.0919565
-0.0625  -0.162607
-0.15625  -0.00531146
-0.03125  0.0381525
-0.03125  0.0228381
-0.21875  -0.144501
0.03125  0.0721703
-0.0625  -0.0030019
0.21875  -0.0826698
0.0625  0.00482607
0.03125  -0.255596
0  -0.378493
-0.03125  -0.0951299
-0.125  -0.145767
-0.125  0.0697568
0.09375  -0.212554
0.03125  0.0556606
-0.09375  -0.0795695
-0.03125  0.054382
0.09375  -0.258185
-0.09375  -0.283573
0.03125  -0.110451
-0.125  -0.278176
0.09375  -0.0564546
0  0.0827637
-0.25  -0.208214
-0.0625  -0.0281191
-0.0625  -0.0647506
-0.03125  -0.16754
0.03125  0.0254191
-0.03125  0.18106
0.1875  0.0199037
0.125  -0.0353011
-0.125  -0.214277
-0.0625  -0.054466
-0.03125  -0.24189
-0.03125  0.0221573
0  -0.345454
-0.125  -0.223334
0.0625  -0.117038
0.09375  -0.0840802
-0.15625  -0.0101874
-0.09375  -0.172488
-0.09375  -0.106828
0.125  -0.279861
-0.09375  -0.0766674
-0.0625  0.0752975
-0.0625  -0.100508
-0.09375  -0.046815
0  -0.0857204
-0.21875  0.00540626
-0.09375  -0.0345351
0.03125  0.0606998
0.125  -0.0647937
0.0625  -0.0941998
0.0625  0.0477466
-0.09375  0.164762
0.0625  -0.0361406
0.0625  -0.0600288
-0.25  -0.172761
-0.0625  0.0129321
-0.03125  -0.126252
0.03125  -0.0875081
0.25  -0.142978
0.375  -0.0968605
-0.03125  -0.202322
0.0625  -0.0318141
-0.0625  -0.190331
-0.09375  0.0500472
-0.15625  -0.214193
-0.0625  -0.173805
0  -0.230293
0.03125  -0.00968295
0.03125  -0.135649
0.03125  -0.0683157
0  -0.352308
0.0625  -0.183817
0.03125  -0.177237
-0.1875  -0.135995
0.03125  -0.253392
-0.0625  -0.0471923
0.15625  -0.0372616
-0.15625  0.152061
0.15625  -0.119488
-0.0625  -0.0929149
-0.15625  -0.11134
-0.03125  -0.185105
-0.09375  0.0956569
-0.03125  0.0820982
0  0.0879086
0.03125  0.101763
0.21875  -0.169016
0.09375  -0.0317235
-0.21875  -0.261124
-0.03125  -0.113081
-0.0625  -0.0724696
-0.15625  0.219386
0.03125  -0.0358087
0  -0.0382423
0.0625  -0.224558
-0.09375  -0.0464563
-0.21875  -0.0758005
0  0.000573909
0.03125  -0.0468378
-0.09375  -0.110387
-0.03125  -0.229747
-0.25  -0.257304
-0.09375  -0.193299
0.03125  0.00680859
-0.09375  -0.110588
-0.0625  -0.0101798
0.1875  -0.018747
0  -0.0146516
-0.03125  -0.08509
-0.125  0.122554
0  0.0950791
0.25  0.131572
-0.09375  0.0910486
-0.21875  -0.00185219
-0.09375  0.150397
-0.25  -0.230525
0  -0.0877611
0.09375  -0.23488
0.125  -0.0706552
-0.125  -0.252653
-0.125  -0.177239
0  -0.0263577
0.0625  -0.0902752
0.15625  -0.227191
-0.03125  -0.20399
0.03125  -0.168759
0.125  -0.102889
0.28125  -0.0236796
-0.0625  -0.0352228
0.0625  -0.0784332
0.03125  0.035076
-0.21875  -0.21303
-0.3125  0.115182
0.0625  -0.112386
-0.03125  -0.119194
0.09375  -0.179886
-0.09375  -0.0214653
-0.1875  -0.188183
0.0625  0.124547
0.15625  -0.190737
0.1875  0.0161757
0.03125  -0.124726
-0.21875  -0.0640242
0.125  0.003578
0  -0.0331354
0.03125  0.0454052
-0.0625  0.0673654
0.0625  0.0465798
0  -0.0047299
0.25  0.0459792
0.03125  -0.118266
-0.34375  -0.0557015
0.1875  -0.0417667
-0.1875  -0.158978
-0.125  0.0668235
-0.15625  -0.11255
0.15625  -0.208195
0  -0.103249
-0.125  0.0237515
0.15625  -0.00892168
-0.0625  -0.1749
-0.03125  -0.30777
0.03125  -0.154275
0.21875  -0.0238453
0.1875  0.0500544
0  -0.274528
-0.0625  -0.0676156
-0.15625  0.00948935
0.03125  -0.0887951
0.03125  0.0151621
0.0625  -0.203917
-0.0625  -0.0273996
0  0.0016403
-0.21875  -0.111469
-0.125  0.0103079
0.15625  0.0350961
0.03125  -0.101396
0  0.13971
0.03125  -0.01486
0.15625  0.0828806
-0.09375  0.144972
0.125  -0.0201147
0.09375  -0.0842654
-0.09375  -0.265652
-0.0625  0.102125
0  -0.150945
0.21875  0.0863555
0.125  -0.106932
0.03125  -0.00105647
0.0625  -0.312263
0.03125  0.132242
0.03125  -0.150568
0.03125  -0.119862
0  -0.152606
0.09375  -0.0979321
0.0625  0.0235194
0.0625  0.0435611
0.03125  -0.186409
0.15625  -0.0421732
-0.0625  0.0647734
-0.09375  -0.016825
0.375  -0.266863
-0.3125  -0.0404886
-0.0625  0.191001
-0.3125  -0.0847764
0  -0.266015
0.0625  -0.30516
0.0625  -0.0325346
-0.03125  -0.0220983
0.09375  -0.0503333
0.15625  -0.0847917
0  0.168118
-0.1875  -0.0516058
0.09375  -0.201319
0.125  0.00605566
0  -0.0860103
-0.03125  -0.0860986
0.03125  -0.118628
-0.0625  -0.155954
0.25  -0.0996101
-0.0625  -0.120792
0  -0.0507269
0.03125  0.145606
-0.09375  0.0707703
-0.0625  -0.173269
0.0625  0.0273104
-0.09375  -0.118017
0.03125  -0.0555563
-0.15625  -0.143853
0.21875  -0.239662
0  -0.106005
0.21875  0.0235631
0.15625  -0.144104
-0.125  0.024857
0.125  0.107837
-0.125  -0.0284742
-0.125  -0.128669
-0.1875  -0.209083
0.03125  -0.192439
-0.125  0.00684402
-0.15625  -0.267997
-0.1875  -0.038059
0.0625  0.00594844
-0.0625  0.0888137
-0.09375  0.065775
-0.3125  0.0273212
-0.1875  0.150614
0.1875  -0.177806
-0.09375  -0.267893
-0.15625  -0.0264439
-0.03125  -0.0996387
0.0625  0.320539
0.125  0.0938734
0.09375  0.0131238
-0.09375  -0.100587
0.21875  -0.248392
0.09375  -0.0458117
-0.0625  -0.195112
-0.03125  -0.222677
-0.03125  0.0504423
-0.1875  0.0723305
-0.0625  -0.0635245
0.09375  -0.159092
0.0625  0.0826136
-0.1875  -0.0856365
0  -0.198464
0.03125  -0.201742
-0.09375  -0.251704
0.09375  0.180319
0.0625  -0.200249
0.09375  0.159312
0.125  -0.120342
-0.03125  -0.0759859
-0.25  0.0741183
-0.15625  -0.145859
0  0.104601
0.125  -0.133022
-0.125  -0.221258
0.0625  -0.15977
0.25  0.0372349
0.0625  -0.0822671
-0.03125  -0.266657
-0.03125  -0.210102
0  -0.0449491
-0.03125  0.0411849
0.21875  -0.256673
0.125  -0.0642784
0.21875  -0.0238449
0.09375  -0.0924237
0.125  -0.0583271
0  -0.171574
-0.1875  -0.13116
-0.03125  -0.00593357
0.0625  -0.0659965
-0.21875  -0.069123
0.09375  -0.125371
0  0.0120296
0.09375  0.182846
0.09375  -0.111969
-0.1875  -0.27275
0.125  -0.0215738
-0.03125  0.0916538
0.09375  -0.00264072
-0.03125  -0.110019
-0.0625  -0.296126
0.15625  -0.0311403
0.09375  -0.111276
0.0625  -0.139023
0.09375  -0.126949
-0.15625  -0.186832
0.09375  -0.272754
0  0.0415355
-0.40625  -0.0945838
0.125  0.0373106
0.0625  -0.142978
-0.15625  -0.185977
-0.03125  0.0298777
-0.03125  0.079096
-0.1875  -0.182478
0.03125  -0.0413131
0.1875  -0.201771
0.1875  -0.202336
0.09375  -0.184602
0.09375  -0.0502541
-0.03125  0.0166331
0.0625  -0.184271
0.0625  -0.120039
0.1875  -0.0914066
0.0625  -0.148891
0.03125  -0.21204
-0.0625  -0.0111643
0  0.158231
0  -0.0399683
-0.03125  -0.101232
0.25  -0.203783
-0.0625  -0.165426
0  -0.182491
0.1875  0.0856631
-0.0625  -0.140765
0.125  -0.130762
0.1875  -0.0475252
0.1875  -0.05368
-0.09375  -0.226731
-0.15625  0.0302651
-0.09375  0.221602
0.03125  -0.144361
0.03125  0.119034
-0.0625  -0.0872357
-0.15625  -0.0633216
0.09375  -0.163225
0.09375  -0.003973
0.125  -0.267236
0  0.186061
-0.03125  -0.340378
0.03125  -0.0808547
-0.125  -0.291637
-0.125  -0.0321557
-0.125  -0.230929
0.21875  -0.309772
0.0625  -0.441332
0  -0.0111442
0.0625  0.0482356
0.09375  0.11048
0.0625  -0.322324
0.21875  -0.1901
0.0625  -0.0505916
0  -0.0509194
0.1875  -0.21111
-0.0625  -0.119472
0.21875  -0.198901
-0.3125  0.112104
0.0625  0.0442975
0.03125  -0.0717853
-0.0625  -0.271236
0.15625  0.111035
0.09375  -0.0387476
-0.21875  0.0158818
-0.28125  -0.192623
-0.03125  -0.019928
0.0625  -0.0329109
0.0625  -0.187365
0.03125  -0.12051
0  -0.016116
0.15625  -0.0781637
0.03125  -0.0412027
0.0625  -0.0374195
0.09375  0.0236412
0.28125  -0.0619994
0.21875  -0.208915
0  0.0796066
0.03125  -0.0271566
-0.15625  -0.0684303
-0.1875  -0.08578
0.1875  -0.301588
-0.1875  -0.261886
0.0625  0.105049
-0.03125  -0.0483923
-0.15625  -0.230628
-0.03125  0.00119479
-0.0625  -0.0111859
-0.125  -0.139044
0.0625  -0.250434
-0.03125  -0.232202
0.125  0.0571752
0.21875  -0.0636538
-0.15625  -0.0578739
-0.03125  0.149005
0.1875  -0.244103
-0.28125  -0.0798291
0  0.0227127
0  -0.181803
-0.03125  -0.244274
0.15625  -0.36548
0  -0.0965751
-0.21875  0.081051
0.21875  -0.0480899
0.03125  -0.167587
0.21875  -0.127879
-0.1875  -0.0562643
-0.0625  -0.0787163
0.1875  0.0237007
-0.125  -0.0756415
-0.0625  -0.216532
0.125  -0.104974
0.0625  -0.299064
-0.0625  -0.158174
0.125  -0.0823655
-0.25  -0.0585728
0.15625  0.109334
0.125  -0.186559
-0.03125  -0.185311
-0.03125  0.0332483
-0.03125  -0.0500861
0.125  0.0352852
-0.09375  -0.107206
-0.125  -0.184215
-0.15625  0.0271861
-0.125  0.0333893
-0.09375  -0.0547244
0.0625  -0.348082
0.03125  -0.0691471
-0.125  -0.246423
-0.09375  -0.166128
-0.09375  0.0991662
-0.09375  -0.381863
0.15625  -0.207719
-0.1875  0.197641
0.21875  0.161496
0.09375  0.0457659
0.09375  -0.141593
-0.125  -0.107545
0.1875  -0.228772
-0.03125  0.0488289
0.0625  0.0229404
0.09375  -0.152731
0.03125  -0.0241931
0.09375  -0.0254331
-0.125  -0.160957
0  0.0218871
-0.21875  0.0417437
0.09375  0.0125426
0  0.058318
0.15625  -0.185171
0.09375  -0.11983
0.15625  0.16438
-0.03125  -0.0173855
-0.21875  -0.085238
-0.21875  -0.037725
0.1875  -0.020555
0.125  -0.0572796
0  0.0953219
-0.03125  -0.0213908
0.09375  -0.212547
-0.03125  -0.200929
0.15625  -0.116047
-0.25  -0.172997
-0.0625  0.0335602
0.15625  0.0324862
0.0625  -0.0420114
0.0625  -0.158435
0  -0.21708
0.15625  -0.176533
0.21875  -0.132313
-0.0625  -0.112722
-0.03125  -0.249178
0.03125  -0.124209
0.0625  -0.0587885
0.09375  -0.000812495
-0.125  0.172565
0  -0.13994
0.03125  -0.123699
-0.1875  -0.291544
0  -0.0218086
0.0625  -0.0683572
-0.09375  -0.111264
-0.25  0.115757
0  -0.183923
0  -0.147721
-0.03125  -0.0472761
0.21875  -0.179249
0.0625  -0.115235
0.125  -0.226072
0.09375  -0.176973
-0.03125  -0.0485697
-0.03125  -0.0199314
0.03125  -0.0760838
-0.125  -0.0783761
-0.125  -0.0781102
0.09375  -0.10066
0.0625  -0.194724
0.09375  -0.0168979
0.03125  -0.10606
0.03125  -0.305512
-0.09375  -0.139367
-0.1875  -0.194631
-0.25  -0.0577481
0.0625  -0.148255
-0.0625  -0.0743748
0.09375  -0.247201
-0.21875  -0.266731
-0.21875  -0.103958
-0.09375  -0.146206
-0.03125  -0.185646
-0.1875  0.0215368
-0.1875  -0.110867
0.1875  -0.18837
0.125  0.0434796
0.0625  -0.268123
-0.0625  -0.0286487
0.1875  0.0237428
-0.03125  -0.284069
-0.15625  0.0915906
0.09375  0.0613865
0.09375  -0.193645
0.0625  -0.135117
0.1875  -0.123763
-0.0625  0.0888679
0.21875  -0.282429
0.21875  -0.212843
-0.09375  -0.12486
0.09375  -0.0775934
-0.0625  -0.266611
-0.09375  0.0497269
-0.03125  -0.0406786
-0.0625  -0.266348
-0.0625  -0.0789174
0.125  -0.0696184
-0.21875  -0.129964
0  -0.0262769
0  -0.271373
-0.125  0.0409569
0.15625  -0.00945037
0.21875  -0.167589
-0.15625  -0.0144948
-0.15625  0.07734
-0.09375  -0.233373
0.09375  -0.0822708
0.0625  -0.126023
0.03125  0.00926259
0.03125  -0.00174913
0.15625  0.0165822
-0.125  0.110793
-0.21875  -0.150448
-0.0625  -0.0726061
0.09375  -0.150838
-0.0625  -0.111875
-0.0625  -0.230898
0.0625  -0.114432
0.03125  -0.088073
0  0.0243313
0.03125  -0.158889
0  -0.169651
0.0625  -0.161965
-0.03125  -0.0352962
0  -0.10521
-0.09375  -0.0364075
-0.09375  -0.235811
-0.09375  -0.288538
0  -0.127574
0  -0.0973684
0.09375  0.106579
-0.375  -0.107793
0.28125  0.0114116
0.25  -0.10292
0.0625  -0.00475584
0.0625  0.0946584
-0.125  -0.0210127
-0.03125  -0.190189
0.0625  0.0594531
0.21875  0.134531
0.03125  -0.192917
0.15625  -0.0943958
-0.15625  0.108934
0.0625  -0.0112439
-0.09375  -0.173039
-0.15625  -0.135625
-0.125  -0.186264
0.03125  -0.102031
-0.125  0.0274259
-0.03125  0.0828562
0.25  -0.0324492
0.125  -0.0855802
0  -0.113036
0.125  -0.0484345
0.0625  -0.0206678
0.21875  -0.135616
0.03125  -0.146866
-0.0625  0.0149743
-0.09375  -0.0719977
-0.0625  -0.0320942
-0.21875  -0.261228
0.125  -0.0832901
-0.09375  -0.133308
0.15625  -0.35662
0.09375  0.0721645
-0.03125  0.058304
-0.0625  -0.184618
0.0625  0.0571947
0.09375  -0.0184468
-0.03125  -0.12847
0.28125  -0.193414
-0.09375  -0.133227
0  -0.0144804
-0.0625  -0.226584
-0.03125  -0.0234028
0  -0.0369448
0.03125  -0.297488
-0.03125  -0.129025
0.09375  -0.162642
-0.09375  -0.0940353
-0.15625  -0.241911
0  -0.0295496
0.1875  -0.202428
0.125  -0.303297
-0.15625  -0.0922118
0.1875  0.286319
0.03125  -0.0761285
-0.09375  0.0965343
0  -0.135396
-0.0625  0.0821881
0.1875  -0.199637
0.125  -0.0561428
0.03125  0.075274
0.03125  0.0136824
-0.0625  -0.229004
-0.0625  -0.16147
-0.09375  0.0863497
0  -0.00887638
-0.125  -0.0773006
0.0625  0.149281
-0.09375  0.0636339
0.1875  -0.167194
-0.15625  0.195668
-0.09375  -0.264319
0.125  0.162552
0.0625  -0.12542
-0.09375  -0.356768
0  0.0620332
-0.25  -0.371802
-0.125  0.150651
0.0625  -0.294896
-0.21875  0.0882756
0.25  0.127314
-0.0625  -0.0930346
0.0625  -0.120998
0.03125  -0.109755
0.0625  -0.0400807
-0.0625  -0.0178418
0.09375  -0.0262546
-0.125  -0.1948
-0.1875  -0.000926171
-0.09375  -0.180697
0.125  0.0350974
-0.1875  -0.187277
0.375  -0.0603295
0.0625  -0.176516
-0.03125  -0.146082
-0.03125  -0.198686
-0.25  0.0217247
0.0625  0.18006
-0.25  -0.332603
0.25  -0.0264767
-0.03125  -0.219384
0.28125  -0.0895757
-0.125  -0.0629221
0  0.108474
-0.15625  -0.134293
-0.03125  -0.0307559
-0.0625  0.128288
-0.09375  -0.275572
0.03125  -0.0828345
0  -0.00550113
0.0625  0.147223
-0.15625  0.173509
-0.09375  -0.388116
0  0.0309539
0.09375  -0.19955
0.0625  -0.0534439
0  -0.00905816
-0.125  -0.210343
0.09375  0.0313599
-0.0625  0.0828664
0  -0.0159348
0.09375  -0.135245
0.09375  -0.173442
-0.03125  -0.240897
0.125  -0.00923522
0.0625  -0.0499454
0.0625  -0.301972
0.25  -0.202581
-0.125  -0.104821
-0.15625  -0.23615
0.03125  0.041258
-0.09375  -0.387028
-0.03125  -0.139692
-0.125  -0.123894
0.09375  -0.0500483
0.0625  -0.023249
-0.03125  0.1034
0.09375  -0.129773
0  -0.0201106
0.0625  -0.0244018
0.15625  -0.0402065
0.09375  -0.176694
-0.0625  -0.0991476
0  -0.091074
0.21875  -0.0388395
0.03125  -0.108337
-0.09375  0.0823334
0.0625  -0.258996
0.09375  -0.402337
-0.09375  -0.190588
0.125  -0.10026
0  -0.0147944
-0.09375  -0.201715
0.125  0.032105
-0.0625  -0.101381
-0.125  -0.136231
0.09375  0.0203599
-0.09375  -0.167372
-0.09375  0.114975
0.03125  0.0517857
0.0625  -0.0822129
-0.0625  -0.258441
0  -0.107246
-0.0625  -0.236415
-0.125  -0.128153
-0.125  -0.0234396
0.03125  0.148143
-0.21875  -0.133372
0.09375  0.110271
0  -0.191051
-0.09375  -0.167638
0.03125  0.20659
0.03125  0.0508594
-0.0625  -0.21408
0.25  -0.0926682
-0.03125  0.0288344
0.28125  -0.0227038
0  0.0555456
-0.125  -0.141195
0.03125  -0.0982392
0.125  0.0642644
0.09375  0.122019
-0.15625  -0.108583
-0.375  -0.243599
0.0625  -0.0909008
0.03125  0.0574964
-0.25  -0.0156198
-0.0625  -0.0994188
0.03125  0.0103956
0.21875  0.0789993
0.03125  0.180207
0.125  0.103297
0  -0.255956
-0.03125  -0.166256
0.09375  0.0693095
-0.03125  -0.0461484
0.0625  -0.0867654
0.0625  -0.00706785
0  0.0143069
0.21875  -0.316536
0.0625  -0.210844
0  -0.207293
0.125  -0.116242
-0.03125  -0.04791
0.125  -0.0586816
0.15625  -0.419204
0.125  -0.291521
-0.09375  0.0993973
0.09375  -0.118113
0  0.0106084
0  -0.0891415
-0.125  -0.0514086
-0.03125  -0.192421
0  -0.12746
0.0625  -0.103707
0.25  -0.210179
0  -0.143009
-0.1875  -0.105735
0.09375  -0.087235
-0.3125  0.0137143
-0.0625  0.0908474
0.1875  -0.222212
0  -0.169131
-0.125  -0.054332
0.03125  -0.0416394
-0.125  -0.19354
-0.0625  0.197748
-0.03125  -0.154334
0.0625  -0.059693
0.09375  0.147783
0  -0.127734
0.03125  -0.144781
-0.15625  0.117976
-0.0625  -0.010832
0  0.171364
-0.15625  0.00201253
-0.09375  -0.0662336
-0.0625  -0.0692122
0.15625  -0.184579
-0.15625  -0.0434937
-0.1875  0.0830542
0.15625  -0.210697
-0.21875  -0.0997168
-0.15625  -0.0693187
0.0625  0.043535
-0.125  0.0411921
-0.03125  -0.144548
-0.125  -0.148491
0.09375  -0.140405
-0.15625  0.13605
0.09375  -0.176908
0.03125  -0.137113
0.03125  -0.055559
0.03125  0.052898
-0.28125  -0.0917783
-0.1875  -0.0913752
-0.125  -0.0692503
-0.15625  0.257136
-0.15625  -0.291935
0.03125  -0.245679
0  -0.101724
-0.125  -0.418908
0.03125  -0.20636
-0.03125  0.136477
-0.1875  -0.126762
0.03125  -0.034243
0.09375  -0.0175299
0.0625  -0.0537813
0.0625  -0.0249203
-0.0625  -0.0734751
-0.21875  0.00657282
-0.03125  0.0234032
0  -0.00377283
0.1875  0.0582631
-0.21875  -0.0530949
-0.15625  0.133653
0.125  -0.106194
-0.28125  -0.185457
0.15625  -0.233501
-0.21875  -0.0825445
0  0.113943
0.0625  0.0581615
-0.0625  -0.0413966
-0.15625  -0.204539
0  -0.12968
0.03125  0.2034
0.03125  -0.118601
0.21875  -0.172659
0.1875  -0.195236
0.09375  -0.285794
0.03125  -0.0180177
-0.09375  -0.159026
0.0625  -0.107499
0.1875  -0.272937
-0.21875  -0.0624576
-0.1875  -0.0616047
-0.3125  -0.223036
0.03125  0.0151998
0.125  0.0750264
0.28125  -0.266079
-0.15625  -0.162024
0.15625  -0.0769526
0.1875  -0.0394853
0  -0.103093
0.0625  0.0452185
0.1875  -0.20869
0.21875  -0.0157552
0.03125  -0.099226
0.15625  0.0325116
-0.09375  -0.0654849
-0.0625  0.142492
0.09375  0.0186124
-0.125  -0.076489
-0.09375  -0.225497
0.15625  -0.0887606
0  -0.0239569
0.0625  -0.0600739
-0.09375  -0.0449803
0.03125  -0.09194
-0.21875  -0.0550672
0.09375  0.00126609
-0.09375  0.292476
-0.125  0.164677
-0.125  -0.0177866
0.0625  -0.0772306
0.0625  -0.0306334
0.1875  -0.046822
0.0625  0.0539707
0.125  0.118041
-0.0625  -0.182368
0.125  -0.177653
0.15625  -0.189402
0.125  -0.111175
0.15625  -0.107457
0.21875  -0.0856059
0.0625  0.239496
0.25  -0.0185519
0.125  -0.0407805
-0.09375  -0.24281
-0.21875  0.101219
0.15625  -0.257332
0.25  -0.12169
0.125  -0.17344
0.125  0.0723049
-0.03125  0.058752
0  -0.192983
0  0.00818494
-0.21875  -0.020808
0.0625  -0.285312
-0.15625  -0.0570525
-0.09375  0.0146999
0.09375  -0.214137
0.1875  0.00779707
-0.03125  -0.0671985
-0.09375  -0.172041
0.0625  0.0892468
0  -0.079674
0  -0.0701864
0.25  -0.0895359
-0.03125  -0.183564
0.09375  -0.204571
0.09375  -0.0438461
0.0625  -0.160593
0.09375  0.0438976
0.21875  -0.1228
-0.03125  -0.00771762
0.25  0.0570222
0.09375  -0.0985886
-0.03125  -0.119253
0.0625  -0.0682689
-0.0625  -0.185746
-0.0625  -0.109651
0.0625  -0.19255
-0.21875  0.0034256
-0.1875  0.0174178
-0.03125  0.00430059
0.21875  -0.133177
-0.09375  -0.0271842
-0.03125  -0.0175656
0.125  0.179063
0.03125  -0.252047
0.03125  -0.0203771
0.09375  0.0438892
-0.09375  -0.070571
-0.15625  -0.309801
0  0.0259249
-0.125  -0.269961
-0.09375  -0.189691
-0.03125  -0.181828
0.03125  -0.0384236
0.28125  -0.0145544
-0.15625  0.125162
0.03125  0.0288179
-0.09375  0.0597044
0.03125  -0.324412
0.0625  0.041972
0.09375  -0.246847
-0.03125  -0.0093652
-0.1875  -0.158201
-0.0625  -0.133139
0.03125  -0.137953
0  -0.0743626
0.0625  0.0833106
0.125  -0.055448
0.25  -0.369702
-0.03125  -0.372697
0.0625  0.0504157
-0.09375  0.00412977
0.09375  -0.258378
0.1875  -0.113321
0.0625  -0.199377
0.09375  0.0424354
-0.25  -0.255667
0  -0.157404
-0.03125  -0.108274
-0.0625  -0.270934
-0.125  -0.0430862
0.125  -0.161659
0.03125  -0.17956
0.15625  -0.152404
0  -0.127904
-0.15625  -0.126534
-0.03125  -0.0038526
0  0.037461
-0.0625  -0.0943131
0  -0.100212
-0.125  0.029046
-0.09375  -0.0555915
0  -0.0427058
0.09375  -0.109883
0.09375  -0.31075
-0.0625  -0.0371747
0.09375  -0.01136
0.125  -0.137084
-0.03125  -0.0146439
0  -0.111891
0  0.0781836
-0.0625  -0.0627411
-0.03125  -0.354868
0.15625  -0.137589
0.03125  0.000662782
0  -0.343958
-0.15625  -0.0919338
0.15625  -0.0687107
0.0625  -0.0430703
0.0625  -0.33552
0.1875  -0.0567992
-0.25  -0.209636
0.03125  -0.0584126
0.0625  -0.136114
0  -0.142395
-0.03125  -0.149887
0.0625  -0.0964154
0.21875  -0.219121
-0.125  -0.083249
0.1875  -0.00126951
-0.09375  -0.176248
-0.21875  -0.0543404
0.09375  -0.0912487
0  -0.102848
0  0.0837797
0.03125  -0.1599
0.15625  -0.0930139
-0.03125  -0.0933554
0.09375  -0.314123
0.25  0.105852
0.09375  -0.152688
-0.0625  -0.0917367
0.09375  -0.0415222
-0.09375  -0.0597528
-0.125  -0.166918
-0.15625  -0.0293892
0.1875  -0.15471
0.125  -0.128239
0.0625  -0.202338
-0.0625  -0.3314
-0.0625  -0.065568
-0.0625  0.0376286
0.0625  0.0107823
0.09375  -0.126376
-0.21875  -0.18722
0.125  -0.217594
0.0625  -0.124834
-0.125  0.171126
0.15625  -0.234289
-0.125  -0.0742691
0.03125  -0.153023
-0.0625  -0.113813
0.15625  -0.09981
-0.09375  -0.131294
-0.0625  -0.0547564
-0.03125  0.10932
0  -0.181885
-0.21875  0.0808144
0.125  -0.0485335
-0.03125  -0.0762982
0.21875  -0.0811883
0.375  -0.0657862
-0.3125  -0.060406
0.15625  -0.0208761
-0.03125  -0.0895156
0.1875  0.00691411
0.03125  -0.0514449
-0.0625  -0.196793
0.25  -0.17961
0.125  -0.188525
0.125  -0.251931
0.125  -0.0743124
-0.09375  -0.179211
0.0625  0.0300785
-0.15625  -0.107169
0.09375  0.0846145
0  -0.162827
0.15625  0.221581
-0.03125  -0.102985
-0.1875  -0.214962
-0.03125  -0.0457654
0.09375  -0.0508843
0.1875  -0.127058
-0.09375  0.0361027
0.0625  -0.109294
0.25  -0.00692826
0.0625  -0.194318
-0.0625  -0.288712
0.0625  0.021843
0.0625  -0.00855478
-0.0625  -0.242355
-0.0625  -0.105829
0  -0.0778911
0.125  0.16984
0  -0.0665186
-0.125  0.193461
-0.03125  0.103874
-0.09375  0.0257753
0.09375  -0.0777553
0.0625  -0.272404
0  -0.0789546
-0.03125  -0.15406
0  -0.0807316
0.15625  0.039039
0.15625  -0.224032
-0.15625  -0.327449
0.09375  -0.178191
0.09375  -0.070075
0.1875  -0.142072
-0.0625  -0.0963756
-0.09375  0.035136
-0.125  -0.08915
0  -0.0677622
0.03125  -0.263172
-0.15625  -0.288379
0.03125  -0.214392
-0.125  -0.15366
0.03125  -0.0815066
0.1875  -0.0129134
0  -0.113662
0.3125  -0.206441
0.03125  -0.130117
0.1875  -0.076462
0.0625  -0.0436679
-0.0625  -0.316559
0  -0.182666
0.03125  -0.229316
0  0.269946
-0.03125  -0.374924
0.0625  0.114536
-0.125  -0.131568
-0.03125  -0.0444309
-0.375  -0.163313
-0.15625  -0.0688751
0.03125  0.0950481
0.0625  -0.104295
0.125  -0.263129
-0.09375  -0.0392165
-0.03125  -0.147252
0.1875  0.00133225
0.09375  -0.117775
-0.125  -0.0958415
0.0625  -0.035067
-0.15625  -0.038691
0  0.121691
-0.0625  0.0141787
-0.28125  -0.170719
0.03125  -0.0952474
-0.0625  -0.215154
0.1875  0.041071
-0.21875  0.0733037
-0.125  0.153136
-0.03125  0.16505
-0.09375  0.00971305
-0.0625  -0.138727
-0.03125  -0.0815774
-0.21875  0.0282339
-0.0625  -0.11413
-0.0625  0.00618221
-0.0625  0.0536382
0.09375  0.178498
0  -0.0266294
-0.125  -0.119065
-0.28125  -0.0795451
-0.125  -0.023755
0.15625  -0.174026
0.09375  -0.0718519
0.0625  -0.317963
-0.03125  -0.104039
0.09375  0.165699
0.03125  -0.240854
-0.09375  -0.161902
-0.0625  -0.0679545
0.0625  -0.0553334
0.15625  -0.164747
-0.03125  0.102991
-0.09375  -0.193387
0.03125  -0.0942799
0  -0.243481
-0.0625  -0.358272
0.0625  -0.331627
-0.03125  -0.211178
-0.09375  -0.0498969
-0.125  -0.25071
0.09375  0.0505704
-0.1875  -0.200893
0.03125  -0.0357329
0.0625  -0.16525
0  0.0985434
-0.03125  -0.0853467
0.28125  -0.09923
-0.125  -0.105311
0.03125  -0.0253286
0.03125  -0.0742771
-0.0625  -0.195824
0.03125  -0.0355301
-0.0625  -0.129006
0  0.155027
0.03125  -0.180445
-0.0625  -0.0417303
0.125  -0.11025
-0.1875  0.0434949
0.21875  -0.275801
0  -0.197488
0  -0.186623
0.0625  -0.169116
0.0625  -0.185085
-0.09375  -0.0552037
0.0625  -0.103654
-0.125  -0.186153
-0.1875  -0.221185
0.0625  -0.150125
0.3125  0.07367
0.375  -0.355088
0  -0.0842722
-0.09375  -0.135037
-0.21875  0.00443666
0.0625  -0.164463
-0.15625  -0.206482
-0.03125  0.0402163
0.09375  -0.127633
-0.09375  -0.143577
0.03125  -0.263446
-0.1875  -0.191791
-0.0625  0.152157
-0.0625  0.105999
-0.0625  -0.0500286
-0.3125  -0.124126
-0.03125  -0.202601
-0.0625  -0.237609
0  -0.0669585
-0.03125  -0.320986
0.125  -0.0623194
-0.25  -0.0894313
-0.03125  -0.199027
0.0625  0.0610776
0.09375  -0.211776
0  -0.288003
0.03125  -0.102409
0  0.0566633
0.03125  -0.0314777
0.125  -0.251048
0  0.00670438
-0.15625  -0.079278
0.125  -0.00573562
-0.0625  -0.117048
0.09375  -0.0694512
0.15625  -0.160274
-0.09375  -0.212517
-0.15625  -0.0554194
-0.03125  -0.00689743
-0.03125  -0.0285449
-0.09375  0.0654892
-0.125  -0.307097
0.15625  0.263307
-0.03125  -0.0506862
0.03125  0.0468643
-0.1875  -0.0251772
0.15625  -0.246065
-0.0625  0.019974
0.09375  -0.103026
0.0625  -0.182499
0.03125  0.0105963
-0.21875  -0.0456168
0.125  -0.200106
0.0625  -0.0551825
0.15625  -0.123338
0.125  0.160742
-0.09375  -0.177639
-0.0625  0.0474427
0.125  -0.0947448
-0.03125  -0.0466317
0.1875  0.111444
0.03125  -0.120299
0.03125  -0.152872
-0.03125  0.19812
-0.15625  0.0584467
-0.1875  0.0949622
-0.3125  -0.0948498
-0.125  -0.000350933
0.09375  -0.233634
0  0.136535
-0.21875  -0.0862989
0.03125  -0.0598039
-0.15625  0.238096
0.125  -0.0427203
0.0625  -0.201557
0.03125  -0.042193
-0.03125  0.20828
0.03125  0.0498832
-0.03125  -0.0605778
0  -0.138186
0.03125  -0.173929
-0.15625  -0.211075
0.15625  -0.228938
0.125  -0.0616985
-0.125  -0.0591571
-0.0625  -0.181527
-0.1875  -0.196735
0.125  -0.0390454
0.125  0.064443
0.03125  -0.0580566
0.1875  0.0202266
0  -0.00150953
-0.03125  -0.0610651
-0.03125  0.0449807
-0.1875  0.136748
0.125  0.0416542
-0.1875  -0.0941463
0.03125  -0.184636
-0.125  -0.185578
-0.125  -0.0277179
-0.125  -0.0892616
-0.0625  0.0888476
-0.0625  -0.00335525
-0.03125  -0.238752
0.0625  -0.111158
-0.03125  -0.285106
0.09375  0.0027103
-0.09375  -0.35651
0  0.0048923
0.09375  -0.109206
-0.03125  -0.128638
-0.03125  -0.154939
-0.0625  -0.0603938
-0.03125  -0.219375
-0.03125  0.0252863
0.0625  0.062926
0  -0.190958
0.15625  -0.0595654
-0.3125  -0.433697
0.09375  -0.402262
0  -0.237945
0.125  -0.159965
0.0625  -0.0470103
0.125  0.158039
-0.25  0.0122079
0.21875  -0.0951853
-0.1875  -0.143613
0.125  -0.216121
0.125  0.0187648
-0.0625  0.0487412
0.03125  -0.255539
0.09375  -0.154839
0.09375  0.161843
-0.125  -0.0249924
0.125  0.00340503
0.25  -0.196519
-0.28125  0.120408
0.03125  -0.23078
0.15625  -0.024902
0.1875  -0.110799
-0.03125  -0.180812
-0.1875  -0.216144
0.03125  -0.0881342
-0.125  -0.144823
0.0625  -0.299974
-0.21875  -0.166196
-0.03125  -0.103694
0.125  -0.115556
0  -0.0384614
-0.0625  -0.341977
0.03125  0.0980929
-0.03125  -0.326798
-0.09375  -0.164959
-0.3125  -0.0918801
0.03125  0.184856
0  -0.107786
-0.03125  -0.151037
0.15625  0.0489334
0  -0.068958
0.28125  -0.0258547
0  -0.182638
-0.03125  0.059817
0  -0.0942236
-0.03125  -0.0563422
-0.0625  -0.0821191
0.03125  0.00479558
0.21875  -0.0578292
0.21875  -0.0184405
-0.03125  -0.37329
-0.125  -0.194739
-0.0625  -0.474078
-0.125  -0.104568
-0.09375  -0.0881412
-0.09375  -0.0934014
0.15625  -0.250983
0.03125  -0.0973206
-0.03125  -0.153715
0.03125  0.197049
-0.03125  -0.343651
0.0625  -0.1622
-0.21875  -0.191396
-0.15625  -0.307616
0.0625  -0.0745571
0.03125  -0.234682
0.03125  0.184996
0.03125  -0.0532997
-0.0625  0.0855973
-0.125  -0.146149
0.25  -0.159152
0.03125  -0.197203
-0.09375  0.071654
-0.375  -0.0356266
0.09375  0.111232
0.1875  -0.170408
0.03125  -0.0323007
0.0625  0.057909
-0.125  -0.0340676
0.21875  0.15393
-0.03125  -0.0990948
-0.0625  0.0430714
0.21875  -0.00823343
-0.03125  -0.0710725
0.0625  -0.139577
0.03125  0.208416
0.1875  -0.163535
0.21875  -0.0200959
-0.09375  -0.088559
-0.0625  0.0464433
0.125  0.0104032
-0.0625  -0.00531839
0  -0.0815661
-0.0625  -0.155901
0.0625  -0.169991
0.25  -0.0976802
-0.09375  -0.293448
0  0.0826991
0  0.048886
0.15625  -0.0560958
0  0.0204582
0.09375  -2.82917e-05
-0.125  -0.0153975
-0.1875  0.0820585
0.28125  -0.0148393
0.0625  -0.00191698
0  -0.263086
0  0.047562
0.03125  0.00995156
-0.09375  0.0154505
-0.03125  -0.172212
0.09375  -0.110949
0.28125  -0.161648
0.0625  0.125125
0  -0.156576
0.03125  -0.104121
0.15625  -0.131301
-0.03125  0.0816243
-0.09375  0.10681
0.03125  -0.0549886
-0.09375  -0.00637826
-0.09375  -0.236087
-0.0625  -0.211967
0.125  -0.193691
-0.09375  -0.252691
0.03125  -0.299461
-0.125  -0.167565
0.03125  -0.154643
0.0625  0.0623672
0.09375  -0.067494
-0.03125  -0.169618
-0.0625  -0.0435416
-0.03125  -0.407038
0.125  0.0722758
-0.15625  -0.141638
-0.0625  -0.0342508
0.125  -0.158133
0.1875  -0.169856
-0.03125  -0.29129
-0.125  -0.118271
-0.09375  -0.144405
-0.15625  -0.226889
0.0625  -0.0485238
0.09375  -0.0958039
0.15625  -0.210553
-0.28125  -0.254134
0.28125  -0.100037
-0.0625  -0.15554
0.03125  -0.0822414
0.03125  -0.158181
0  -0.13747
-0.21875  -0.111313
0.15625  -0.0161844
-0.03125  0.0212133
-0.0625  -0.162836
0  -0.0638969
0.21875  -0.126115
-0.03125  0.0545311
0  -0.145563
0.09375  -0.0403898
0.0625  -0.183059
0.03125  -0.196963
-0.15625  0.109746
-0.34375  -0.041221
-0.15625  0.0749464
0.15625  -0.109551
-0.25  -0.0896204
0.125  -0.163573
-0.125  -0.29603
-0.03125  -0.224043
-0.0625  -0.220793
0.09375  -0.0342178
0.28125  -0.0322721
0.15625  -0.173108
-0.125  0.202615
-0.0625  -0.0906743
0.21875  -0.130776
0.03125  -0.131018
-0.0625  -0.120029
0.25  -0.0641325
0.21875  -0.20298
0  -0.205988
0.0625  0.00932225
-0.1875  0.0870192
-0.09375  -0.167043
0  -0.156073
-0.03125  -0.171982
-0.03125  -0.113265
0.09375  -0.123491
0  -0.113247
0  -0.138375
-0.1875  -0.0200741
0.03125  -0.0108787
0.125  0.0462706
-0.0625  0.0386693
0.09375  -0.214118
0.09375  0.00403377
0.125  -0.0412274
-0.09375  -0.0493798
-0.25  -0.129549
-0.09375  -0.279699
-0.03125  0.0819092
-0.0625  -0.010112
0.09375  -0.0598857
0.125  -0.130501
-0.1875  0.0599567
-0.125  0.259497
0.03125  -0.086852
-0.0625  -0.119395
0  0.116635
-0.21875  -0.197528
0.09375  -0.0923072
-0.0625  -0.241638
0.03125  -0.038046
-0.09375  -0.107414
-0.40625  0.175841
0  -0.263998
-0.09375  -0.31838
0.21875  -0.273662
-0.09375  -0.0973027
-0.09375  -0.0781263
-0.0625  -0.00819771
-0.21875  0.0453695
0.15625  -0.0509529
0.0625  -0.0170453
0.0625  -0.145974
-0.03125  -0.127907
-0.09375  -0.102996
0.0625  -0.0171799
-0.125  -0.24638
-0.25  -0.0257362
0.28125  -0.0983626
0.09375  -0.221852
-0.21875  -0.0812959
0.0625  -0.139286
-0.28125  -0.103392
0.0625  0.0155399
0.125  -0.0362962
-0.03125  -0.0543779
-0.03125  -0.0408856
-0.25  0.0502523
-0.03125  -0.110176
0.09375  -0.0450568
-0.03125  -0.366985
-0.03125  -0.147064
-0.125  -0.0721513
-0.15625  -0.0945162
0.15625  -0.217841
-0.125  -0.322417
0.15625  -0.090349
0.09375  -0.039542
-0.125  -0.188663
0.09375  -0.043041
-0.15625  0.0579919
0.09375  -0.0873903
0.09375  0.222461
-0.03125  0.218786
0.15625  -0.0392105
-0.03125  0.233206
0.15625  -0.239405
-0.03125  -0.164286
0.03125  -0.00527078
-0.03125  -0.264185
0.03125  -0.0490933
-0.03125  -0.131819
-0.125  0.0289126
0.125  0.143868
-0.09375  -0.32175
-0.03125  -0.0272143
-0.0625  -0.00239532
-0.09375  0.066308
0.03125  0.00709961
0.03125  -0.0963216
0.125  0.0813667
-0.0625  -0.177782
0.125  0.0487405
0.21875  -0.301389
-0.09375  -0.320586
0.125  0.0741127
-0.15625  0.0182197
0.15625  -0.0565057
0.15625  -0.239512
0.125  -0.149252
0.09375  -0.178434
0  -0.160687
-0.15625  -0.0813179
-0.15625  0.13303
0.34375  -0.145322
0  0.121494
-0.125  -0.164316
-0.09375  -0.135764
-0.03125  -0.310189
0.03125  0.151971
0.25  0.0517991
-0.1875  -0.0576652
-0.0625  -0.0380111
0.0625  -0.0350154
-0.03125  0.0296111
0.1875  -0.218045
0.09375  0.0705712
-0.0625  -0.242866
-0.125  0.00335074
0.21875  -0.243364
0.0625  0.0498679
0.09375  -0.0715942
0  -0.113425
-0.25  -0.281572
-0.03125  -0.12438
-0.0625  -0.117545
-0.15625  -0.0990072
0.0625  -0.114853
-0.1875  -0.00836326
-0.0625  -0.0483898
0  -0.0583621
0.25  -0.0291404
-0.0625  -0.258212
0  -0.1272
-0.0625  -0.130028
-0.5  -0.112545
-0.03125  0.120081
-0.1875  -0.317679
-0.09375  0.137818
0.09375  -0.0961208
-0.03125  -0.0218549
0.25  0.0355846
0  -0.254612
0.21875  -0.279871
0.03125  -0.151229
0  -0.165325
-0.0625  -0.00124918
-0.0625  0.012168
-0.21875  -0.160235
-0.21875  0.0490898
0.09375  0.0521498
-0.09375  -0.351539
-0.0625  -0.146221
0.15625  0.0615865
0  0.0196333
-0.0625  -0.0901199
0.03125  -0.0561257
0  0.032481
-0.125  0.0148789
-0.25  0.0739833
-0.1875  -0.179886
-0.0625  -0.141846
-0.09375  0.0129656
0.09375  -0.0359838
0.09375  -0.07567
0.0625  -0.134963
-0.0625  -0.0798104
-0.09375  0.0697056
0.09375  0.0336051
-0.0625  -0.0160382
0.125  -0.107085
-0.0625  -0.156364
-0.0625  -0.13257
-0.0625  -0.157117
0  -0.227487
-0.03125  -0.178169
-0.15625  -0.0442448
-0.03125  -0.135611
0.09375  -0.160466
-0.0625  0.00929934
0.375  -0.14278
0.1875  -0.177943
0.125  -0.175771
-0.15625  0.129381
0.03125  -0.0177234
0.09375  -0.0478555
0.1875  -0.458355
-0.21875  -0.293801
-0.1875  -0.176822
-0.09375  -0.12969
-0.03125  -0.204131
0  -0.0450525
0.125  -0.0273681
-0.0625  -0.144233
-0.1875  -0.108009
0.0625  0.10127
0.125  -0.00199263
-0.25  -0.131651
0.0625  0.0434582
0.03125  -0.243673
0.03125  -0.181966
0.0625  0.0417342
0.03125  -0.0606346
0.09375  -0.224434
0.09375  -0.225757
0.1875  -0.185707
0.03125  0.0354323
0.28125  -0.195757
-0.1875  -0.175837
-0.15625  -0.138594
0  -0.0829156
0.0625  -0.16734
0.03125  -0.29011
-0.34375  0.0154071
-0.0625  -0.170136
-0.125  -0.1599
-0.0625  -0.399638
-0.125  -0.110109
0.03125  0.0568061
-0.03125  -0.132729
0.0625  -0.153479
0.1875  -0.0864667
0.0625  -0.0357359
0.09375  -0.153389
-0.03125  -0.184305
0.03125  -0.0318685
0  -0.273045
-0.125  -0.0398366
0.09375  -0.0855797
0.125  0.00675004
-0.03125  -0.0858552
-0.1875  -0.0132974
-0.09375  -0.181275
0.0625  -0.0838552
0  -0.0761251
-0.15625  -0.173921
0.09375  -0.00880605
0.03125  -0.086699
0.1875  0.111557
0.21875  0.0758448
-0.03125  -0.294583
0.09375  -0.204993
0.1875  -0.182074
-0.15625  -0.127984
0.0625  -0.0821958
0  -0.184359
-0.09375  -0.143318
-0.15625  -0.272367
0.125  0.0497285
0.25  -0.295266
0.09375  -0.070389
-0.03125  -0.158175
0.09375  -0.404114
-0.03125  -0.0391488
-0.03125  -0.237707
-0.03125  -0.133789
-0.15625  -0.112427
0  0.245181
-0.0625  -0.255072
0  -0.225496
-0.03125  0.0290108
0.21875  -0.0915934
-0.25  -0.102005
0.03125  -0.132521
-0.03125  0.0800329
0.0625  -0.0118774
0  -0.179015
-0.03125  -0.0782873
-0.0625  -0.113472
-0.125  -0.0805648
0.0625  -0.0342966
0.03125  -0.108129
0.15625  0.0191253
-0.03125  0.128602
-0.125  -0.139763
-0.09375  0.115804
-0.0625  -0.122171
-0.15625  -0.196332
-0.09375  -0.120831
0.0625  -0.0978241
0.125  -0.187867
-0.21875  -0.174158
0.15625  -0.0981212
0.03125  -0.14302
0.1875  -0.0249642
-0.125  -0.0581372
-0.09375  -0.0128271
0.03125  -0.132711
-0.15625  -0.0242534
0.09375  -0.145304
0  -0.0369686
-0.21875  -0.224745
0.09375  -0.0704845
0  -0.0363792
0.09375  -0.0821817
0.15625  -0.126058
-0.15625  -0.146301
0.0625  -0.392303
-0.09375  -0.199067
-0.21875  -0.0683687
0.0625  -0.200095
-0.09375  -0.0638808
0.125  0.0820881
-0.21875  -0.149453
0  -0.155073
0.03125  -0.219344
0  0.002662
-0.09375  -0.233496
-0.125  -0.286496
0.1875  -0.146536
0.125  0.0989939
0.03125  -0.127423
-0.1875  -0.0637055
-0.15625  0.0490679
0.03125  -0.208239
0.15625  -0.122975
-0.1875  -0.197563
0.0625  -0.156989
-0.21875  -0.13778
0.03125  -0.118066
0.125  -0.126111
0.125  -0.262259
0.03125  -0.196059
0.09375  -0.112544
-0.15625  -0.355973
-0.09375  -0.0451482
0.0625  -0.177291
0.0625  -0.217713
0.03125  -0.203063
0.125  -0.161065
0.09375  -0.142714
-0.34375  -0.0633572
0.125  -0.225633
-0.15625  -0.0984502
-0.03125  -0.0734183
-0.03125  0.114706
0.15625  -0.0307422
0.0625  -0.3358
0.0625  -0.0691328
-0.15625  -0.247185
0.28125  -0.219087
-0.0625  -0.237332
-0.25  0.0231308
0  -0.181973
-0.21875  -0.0395817
0  -0.29528
0.21875  0.05655
0.09375  -0.0544907
-0.25  -0.0560218
-0.15625  -0.366936
0.09375  -0.283507
0.0625  -0.209661
0.125  -0.0738878
-0.09375  -0.346897
-0.09375  -0.249636
0.09375  -0.242093
0.125  -0.441849
-0.125  -0.226755
-0.21875  -0.120805
-0.21875  -0.0544207
0.125  -0.0814807
0  0.0381653
0.0625  -0.245578
0  -0.0288521
0.125  -0.302738
-0.125  -0.154115
0.03125  -0.0683975
-0.0625  -0.152855
0.0625  -0.0733754
0.1875  -0.0983858
-0.03125  -0.0428795
0.15625  -0.0246201
-0.0625  -0.226012
0.25  0.0137318
-0.03125  -0.0551807
0.0625  -0.108619
0.09375  -0.21322
0.03125  -0.223105
0.0625  0.106794
-0.09375  -0.00561621
0.03125  -0.291285
0  -0.246983
-0.09375  -0.0339839
0.15625  -0.167832
0  -0.092871
-0.03125  -0.210929
-0.0625  0.0480858
0  -0.150781
0.34375  -0.0877226
-0.125  -0.21579
0  -0.204377
0.03125  -0.06093
0.0625  -0.0760093
0.0625  -0.132839
-0.15625  -0.000244812
-0.09375  -0.140023
0.1875  0.0170033
0.125  -0.210022
0.09375  -0.245576
-0.0625  -0.0852527
0.125  0.0411104
-0.1875  0.0496958
0.0625  -0.0610058
-0.03125  -0.00318245
-0.125  0.124678
-0.0625  -0.0632449
0.125  -0.0374589
0  -0.183103
-0.0625  -0.133645
-0.0625  -0.0645979
-0.0625  0.0569296
0.03125  0.00956986
-0.0625  -0.135896
0.1875  0.0309484
0.03125  -0.24354
-0.03125  -0.0757928
0.03125  -0.0397322
-0.125  0.03675
-0.0625  -0.253557
0.03125  -0.191476
-0.28125  -0.139247
0.0625  -0.313347
-0.09375  -0.00138963
-0.0625  -0.0114986
-0.125  -0.0818236
-0.25  -0.233577
0.0625  0.00470959
0.15625  -0.0981216
-0.03125  -0.122862
-0.03125  -0.0188999
-0.125  -0.0738898
-0.0625  -0.0953619
0.1875  -0.191997
0.21875  0.0799962
0.21875  -0.292944
-0.15625  -0.121347
-0.125  -0.207211
-0.34375  -0.176394
0.03125  -0.234867
-0.0625  -0.115852
0.125  -0.0974393
0.09375  -0.2161
0  0.133608
0.15625  0.0103018
-0.0625  -0.166967
0.03125  -0.120718
-0.03125  -0.10867
0.25  0.0458245
-0.125  -0.141336
0  -0.183679
0  -0.251213
0  -0.0500853
0.03125  -0.0888857
0.03125  -0.239019
0.125  -0.0517606
-0.125  -0.153261
-0.03125  0.0236844
-0.03125  -0.3074
-0.0625  -0.110069
-0.125  -0.0798917
0.3125  -0.162785
0.0625  -0.298989
0.15625  -0.116645
0.28125  -0.102204
0.0625  -0.140315
-0.1875  -0.0175762
-0.21875  -0.214609
-0.0625  -0.126221
0.03125  -0.0344358
-0.09375  -0.286465
-0.1875  -0.189942
0.25  -0.000964584
0.09375  -0.203991
0.09375  -0.374998
-0.03125  -0.13367
-0.15625  -0.0614239
0.28125  -0.0652306
-0.1875  -0.246023
0.25  -0.0859039
0.125  -0.488805
-0.125  -0.105426
0.125  -0.129769
0.03125  -0.429106
-0.0625  0.0373143
-0.125  -0.141494
0.0625  -0.192383
-0.03125  0.0428523
0.03125  -0.109156
-0.0625  0.0470482
0.125  -0.103556
0.09375  0.0655474
0.03125  -0.114589
-0.21875  -0.174258
-0.03125  -0.185133
-0.09375  -0.144736
-0.3125  -0.239779
-0.1875  -0.152576
-0.1875  -0.0450472
-0.0625  0.0499344
-0.1875  -0.0577415
-0.15625  -0.188056
0.1875  0.0929138
0.125  -0.0234108
0.15625  -0.257179
0.09375  0.0758272
-0.1875  -0.166499
0.09375  -0.184443
0.0625  0.120722
-0.125  -0.279814
-0.09375  -0.0458432
-0.15625  -0.0900539
0.0625  -0.300841
-0.0625  -0.0544264
0.125  -0.0697677
-0.25  -0.189343
0.03125  -0.014385
0.03125  -0.249146
0.03125  0.0215512
-0.25  -0.0369787
0.03125  0.0187331
0.15625  -0.0133944
0.03125  0.272662
-0.03125  0.0777156
0.0625  -0.0460282
0.09375  0.00135932
0.0625  0.155102
0.03125  -0.17935
0.03125  -0.200979
-0.0625  0.0537793
0.03125  0.0684044
-0.09375  -0.157436
-0.15625  -0.20636
-0.125  -0.0368239
-0.125  -0.0385366
0  -0.0313182
0.15625  -0.0438216
-0.09375  -0.0551383
-0.1875  -0.308529
0.25  -0.0344722
-0.03125  -0.073891
0  -0.147748
-0.0625  -0.167756
0.03125  -0.105824
-0.1875  -0.0986601
0.0625  -0.117321
0.125  -0.180867
-0.09375  0.0610117
-0.03125  -0.0156484
-0.1875  0.0276455
0.03125  0.0178738
0.03125  -0.0669304
-0.125  -0.201368
0.09375  -0.120239
0.09375  0.104627
-0.09375  0.0174441
0.09375  0.0290346
-0.09375  -0.206632
-0.09375  -0.0831293
-0.09375  -0.196246
0.09375  -0.178092
0.125  -0.0475229
0.125  -0.150476
-0.03125  -0.104994
0.09375  -0.17628
0  -0.0502962
0.0625  -0.226472
-0.125  0.0292128
-0.21875  -0.102397
0  -0.13411
0.0625  -0.0569171
-0.15625  -0.142441
0  -0.1375
0.09375  -0.0528838
0.15625  -0.0514001
0.0625  -0.225448
-0.03125  -0.167119
0.25  -0.0135294
-0.09375  -0.0553784
0  -0.136129
-0.03125  -0.134473
-0.0625  0.0110115
-0.03125  -0.0162319
-0.28125  -0.0400474
-0.15625  0.0289865
-0.09375  -0.00684417
0.03125  -0.234467
0.15625  0.0601829
-0.03125  -0.126313
0.09375  -0.365606
0.03125  -0.183711
0  0.0265594
0.03125  -0.0305728
-0.03125  -0.00576723
-0.09375  -0.119599
-0.25  0.0473567
0  -0.182905
-0.03125  -0.0496629
-0.125  -0.118897
0.125  -0.0810952
-0.1875  0.153558
-0.03125  -0.310281
0.03125  -0.34481
0.1875  -0.187622
-0.09375  -0.0531383
-0.15625  0.0588554
0.0625  -0.152907
0.0625  -0.0978808
0.0625  -0.158504
-0.03125  -0.217234
0.0625  0.00631116
0.15625  -0.0306319
-0.21875  -0.0238407
0.25  -0.252475
-0.1875  0.124506
-0.15625  -0.0441027
0.09375  -0.0588427
0.21875  -0.074518
0.0625  -0.142119
0.03125  0.217677
-0.0625  -0.17514
-0.1875  -0.145448
-0.09375  0.00885123
0.09375  -0.16393
-0.1875  -0.133736
-0.0625  -0.0600332
0.09375  -0.0934604
0  -0.121717
0.09375  -0.118352
0.0625  0.0485542
-0.03125  -0.162009
0.15625  -0.149381
-0.09375  0.0990216
-0.09375  0.0261487
0.03125  -3.83455e-05
0.125  0.112448
0.03125  -0.289535
0.15625  -0.00763572
0.21875  -0.408079
0.125  -0.272556
-0.0625  -0.0955859
0.15625  -0.147037
-0.21875  -0.169512
-0.09375  -0.0265066
-0.03125  -0.380976
0.0625  0.171235
0.0625  -0.136001
0.21875  -0.16233
0.1875  0.0981295
0  -0.250721
-0.03125  -0.0254494
0.1875  -0.141758
0  -0.0527008
0  0.0431681
0.03125  -0.0966907
-0.15625  -0.135737
0.03125  -0.217325
0.125  -0.0839129
-0.09375  -0.295687
-0.03125  -0.220042
0.1875  -0.147813
0.09375  -0.071547
-0.15625  -0.0630416
0.09375  -0.102776
-0.125  -0.129996
0  -0.194295
0.0625  -0.130068
-0.0625  0.0428631
-0.125  -0.0625814
-0.125  0.000146309
0.25  -0.134877
0.09375  -0.237617
0.03125  -0.00271699
0.09375  -0.113636
0.03125  -0.26753
0.25  -0.145061
0.09375  -0.159984
0.21875  -0.0569863
0.15625  -0.247896
-0.0625  0.0818655
0.15625  -0.156803
-0.1875  -0.0357583
-0.03125  -0.189618
0.25  -0.277745
0.1875  -0.0295845
0.125  -0.0684352
-0.15625  -0.174384
0  -0.302494
0  0.132244
0.0625  -0.0620814
-0.0625  -0.0147195
-0.0625  -0.273855
-0.0625  0.010148
0.21875  -0.125148
0.09375  -0.310279
-0.03125  -0.200214
0.15625  -0.0118442
0.0625  -0.165334
-0.0625  0.0750991
0.15625  -0.236303
0.0625  0.0579957
-0.03125  -0.307062
0.09375  -0.0857964
-0.09375  -0.0745438
0.125  -0.0475464
-0.09375  -0.00237532
0  -0.0343449
-0.15625  -0.00257561
0.125  0.000372094
0.125  -0.107876
0.0625  -0.307871
-0.03125  0.16435
-0.09375  0.0768444
0.125  -0.135875
0.03125  -0.0884042
0.125  -0.0277503
0  -0.0696217
-0.03125  -0.079776
-0.0625  0.0439282
0.03125  -0.217601
-0.03125  0.0830324
-0.09375  0.124097
0  0.106223
-0.03125  0.114746
-0.09375  -0.0722977
0.125  -0.36417
0.03125  -0.1925
0  -0.243381
0  0.145703
-0.03125  0.0740808
-0.03125  -0.0964585
-0.03125  0.0104543
0.03125  -0.223734
-0.09375  -0.141079
-0.09375  0.0105331
0.03125  -0.177743
0  -0.127759
0.125  0.0375329
0.125  0.0388426
-0.125  -0.0818697
0.21875  -0.268052
0.125  -0.148522
-0.0625  -0.192788
-0.0625  -0.0389685
-0.125  0.199133
0.03125  -0.250766
0.0625  0.0246869
0.375  -0.0348764
-0.03125  -0.12424
0.15625  -0.183902
-0.09375  -0.205766
-0.03125  -0.0485471
0.0625  -0.31367
0.34375  -0.00656383
0  0.0764168
0  0.131367
-0.0625  -0.14538
-0.15625  -0.0920321
0.09375  -0.118796
-0.0625  -0.101471
-0.125  -0.040109
0.1875  -0.0575247
-0.09375  -0.0896736
0.25  0.130941
-0.09375  -0.165212
0  0.124988
-0.0625  -0.105202
-0.15625  0.0259781
0.09375  0.00264936
0.1875  0.226666
-0.15625  -0.118112
-0.09375  -0.046889
-0.28125  -0.264186
-0.09375  0.0374809
-0.03125  -0.0730185
-0.1875  -0.210948
-0.25  -0.142373
-0.15625  -0.15405
-0.125  0.0486605
0.03125  -0.16721
0.03125  0.0883623
-0.09375  0.0169552
0  0.142334
-0.0625  0.0870391
0.1875  -0.0268196
0.15625  -0.0489881
-0.15625  -0.0584922
0.1875  -0.0627375
0  -0.0452101
-0.0625  -0.433194
0.125  0.0101411
0.09375  -0.158833
0  -0.0324229
0.0625  -0.167423
-0.15625  0.0484925
-0.03125  -0.0878678
0.0625  -0.159936
-0.0625  -0.0566236
-0.09375  0.129937
-0.03125  -0.175692
0.09375  0.141521
0.03125  -0.299746
0.09375  -0.199879
-0.21875  0.224693
-0.125  0.013212
-0.125  -0.268892
0.03125  0.000457456
-0.09375  0.0811263
0.09375  -0.0453799
0.03125  -0.0169866
-0.03125  -0.149861
-0.125  -0.0409058
0  -0.241358
-0.03125  0.00827111
-0.125  -0.158745
0  -0.243713
0.0625  0.0823658
-0.125  0.0647497
0.125  -0.082895
-0.0625  -0.0797605
-0.0625  0.0754084
-0.03125  -0.0916041
0.125  -0.154315
-0.0625  -0.0753861
-0.03125  -0.0245011
-0.03125  -0.0236719
-0.125  -0.187352
-0.09375  0.00610576
0  -0.0953411
0  -0.161415
0.125  -0.0858448
0.125  -0.252739
0.25  -0.00574016
0.03125  -0.259093
0  -0.0432406
0.0625  -0.00980178
0.0625  -0.158372
0.0625  -0.131653
-0.125  -0.190831
-0.09375  -0.00619436
-0.125  0.125438
0.0625  0.20843
0.03125  0.0378828
0.0625  0.0263503
0.21875  0.0128289
0.0625  -0.0830842
-0.1875  -0.296475
0.0625  -0.399346
0.28125  -0.0597038
0.125  -0.114918
-0.09375  -0.224074
0.03125  0.0119211
0.0625  -0.0289537
0.125  -0.154942
0  0.0259852
0.1875  -0.00967636
0  -0.0529207
-0.125  -0.0872659
-0.0625  -0.0303101
0  -0.178867
0.25  -0.39883
0  0.0943623
0.09375  -0.0851465
0.03125  0.214228
0.0625  -0.0973019
0  -0.104569
0.15625  -0.0315262
0.09375  -0.0711582
-0.0625  0.221464
0.09375  0.143898
0  -0.147271
0  -0.0540679
0.0625  -0.0847494
-0.125  -0.0657099
-0.15625  -0.409215
0.09375  -0.153668
0.15625  0.00430671
0.125  -0.167379
0.0625  -0.0083739
-0.03125  -0.0554221
0.21875  -0.077474
-0.21875  -0.107448
0.03125  -0.264394
0.125  -0.00055344
-0.03125  -0.31749
0.09375  0.0032813
-0.03125  0.0964752
0.09375  -0.0389317
0  -0.151347
-0.125  -0.0960036
-0.03125  -0.0297705
0  -0.0173532
0.21875  -0.26662
-0.09375  -0.0757217
0.03125  -0.210981
0.125  -0.00994765
-0.03125  -0.0739164
0.03125  -0.204711
-0.15625  -0.169784
0.1875  0.0020305
0  0.112324
-0.03125  0.00905698
0.03125  -0.023063
-0.125  -0.028428
0  0.210585
-0.0625  -0.175458
0  0.000858947
0.03125  0.051971
-0.0625  -0.226616
-0.09375  0.00751261
0  -0.345879
0.0625  -0.128835
-0.0625  -0.0419263
0.09375  -0.0211853
0.0625  0.121573
0  -0.0652414
-0.125  -0.30407
-0.25  -0.155977
-0.03125  -0.115358
0.03125  -0.16184
0.0625  -0.140657
-0.03125  0.0430473
0.21875  -0.144296
0.3125  0.00701128
-0.03125  -0.105607
0  -0.251582
0.03125  -0.123088
0.125  -0.128598
-0.1875  -0.0888324
0.0625  0.045394
0.0625  0.0513844
-0.1875  -0.0939587
-0.15625  0.0519982
-0.03125  -0.238995
-0.09375  -0.0447292
0.15625  0.135617
-0.15625  -0.25702
0.03125  0.0327275
0.03125  -0.211371
0.0625  0.0505137
-0.03125  -0.364086
-0.0625  -0.279239
-0.03125  -0.182673
0.125  -0.147062
0.1875  -0.039834
-0.125  -0.120091
-0.375  -0.2101
-0.125  0.158156
-0.03125  -0.0876361
-0.0625  0.110274
0.0625  -0.166144
-0.15625  -0.0423345
0  0.119539
0.21875  -0.0774356
0.25  -0.273461
0.15625  -0.229003
0.03125  -0.0465287
0.1875  -0.181899
-0.09375  -0.218323
-0.15625  0.232648
-0.125  -0.203996
0.09375  0.164327
0.03125  -0.224001
0.21875  -0.219911
0  -0.00716854
0.125  -0.0305274
-0.0625  -0.196462
-0.09375  0.114816
0.15625  0.000697617
-0.03125  -0.176037
-0.21875  -0.209008
0  -0.230363
0  -0.164508
-0.09375  -0.108468
0.09375  0.141125
0.0625  -0.212649
0.25  -0.113652
-0.09375  -0.0492182
-0.09375  0.0178801
0.0625  0.102047
0  -0.0189182
-0.03125  -0.145177
-0.1875  0.126149
-0.15625  -0.21621
0.125  -0.113937
0.0625  -0.237803
0.09375  -0.155943
-0.03125  -0.201024
-0.15625  -0.13611
0.125  -0.0172976
-0.125  -0.199624
-0.15625  -0.0196126
0.03125  0.10048
-0.09375  -0.22425
-0.03125  -0.221687
0.09375  -0.144833
-0.03125  0.0591407
0.0625  -0.318914
0.03125  -0.0745514
0.1875  -0.0316268
0  0.128454
-0.21875  -0.183833
0.0625  0.0695082
-0.0625  0.00486069
0.15625  0.0557215
0.15625  0.0708273
0  0.0479623
-0.03125  0.146962
-0.03125  -0.218948
-0.09375  0.0181881
0.125  -0.16531
-0.21875  -0.0675669
-0.21875  -0.178581
0.03125  -0.167173
0.09375  -0.180859
-0.03125  -0.289609
-0.09375  -0.283205
-0.03125  -0.114933
-0.125  -0.0966621
-0.21875  -0.0752304
0.03125  -0.13773
0.09375  0.0363149
-0.125  -0.0103694
0.125  -0.214044
0.125  -0.108062
-0.03125  -0.280716
-0.09375  0.0572408
0.09375  0.0834127
0.0625  -0.235604
0.15625  -0.176271
-0.25  0.0352738
-0.09375  -0.172662
-0.21875  -0.187058
-0.0625  -0.250228
0.03125  -0.239064
-0.125  -0.162951
0.125  -0.224216
-0.03125  0.0877296
0.1875  -0.256182
-0.25  -0.0660251
-0.1875  0.180334
0.25  0.292204
0.03125  -0.0260743
-0.0625  -0.202461
0.03125  -0.14915
-0.125  -0.103098
-0.03125  -0.103504
0.28125  -0.212964
-0.0625  -0.0855295
0.125  0.0227673
-0.09375  -0.289599
0.03125  -0.233921
0.03125  -0.0972131
0.03125  -0.0490881
-0.09375  0.0361766
0.1875  -0.05827
0.09375  -0.105954
0.15625  0.0348487
0.03125  -0.281614
0.1875  -0.117179
0.03125  -0.0141948
-0.125  -0.22501
0.21875  0.00326123
0.09375  -0.207908
0.03125  -0.0536912
0.15625  -0.294715
0.0625  0.136516
0.03125  -0.200679
-0.0625  0.0122773
-0.125  -0.432193
-0.0625  -0.185269
0  -0.0866876
0.0625  -0.391233
0  -0.147869
-0.0625  -0.049116
-0.125  0.150643
0.09375  0.000446437
0  -0.108856
-0.1875  -0.116018
0.03125  -0.26264
0.09375  0.0245625
0.15625  0.174953
0.03125  -0.0291664
-0.1875  0.0226319
-0.15625  -0.0763166
-0.0625  -0.00406386
-0.0625  0.0144083
0.15625  0.141843
0.03125  -0.216451
0.0625  -0.0324093
0.0625  0.194977
-0.125  -0.231876
-0.15625  -0.0400171
0.03125  -0.154544
0.03125  0.10261
-0.1875  -0.0532796
0.125  -0.00424079
0.15625  -0.0147765
0.15625  -0.0212012
0.125  -0.0969359
0.0625  -0.154492
0.0625  -0.0043169
-0.125  -0.0418149
0  -0.0644178
0  -0.04038
0  0.0479411
0.15625  -0.0485559
0  -0.296446
-0.125  0.0442378
-0.21875  0.0279305
0.09375  0.0688178
0.15625  0.0603466
-0.125  -0.0758337
-0.09375  0.151752
0  -0.0465219
-0.09375  -0.160748
-0.09375  -0.0993239
-0.21875  -0.153269
-0.09375  0.131112
0.125  0.0259941
0.0625  -0.024614
0.09375  -0.135661
-0.28125  -0.147176
-0.03125  -0.0362578
0.21875  -0.0977709
0.125  -0.017382
0.09375  -0.145794
-0.0625  0.144611
0.3125  0.188082
0.1875  -0.155138
0.09375  0.0501098
0.0625  -0.448433
0  -0.0644484
-0.03125  0.00735392
0.03125  0.104089
0.125  0.0542377
-0.0625  0.0336496
-0.03125  -0.172471
-0.03125  -0.218211
0.25  -0.265579
0.0625  -0.149776
0.03125  -0.261657
0.21875  -0.244214
0.15625  -0.0487929
0.15625  0.0666343
-0.1875  -0.25982
0.125  -0.14069
0.15625  -0.110355
0.09375  -0.247474
0.03125  0.021611
0.125  -0.157506
0  -0.253385
-0.21875  -0.177322
0.0625  -0.162574
-0.09375  -0.0939471
-0.0625  -0.190334
-0.21875  -0.0932241
0.03125  0.0675677
0.09375  -0.106553
-0.03125  -0.102799
-0.25  -0.132194
0.1875  0.182784
-0.125  0.191772
-0.125  0.0893737
0.0625  -0.0205003
0.1875  -0.118464
0.0625  -0.0533599
0.0625  0.135132
0.03125  -0.0758108
0.21875  0.00332348
-0.1875  -0.0355223
0.21875  -0.0113505
-0.09375  -0.169924
0.125  -0.166901
-0.15625  -0.117575
-0.0625  -0.119089
-0.25  -0.0330234
0.125  0.170035
0.125  0.0246608
-0.28125  -0.338963
-0.21875  -0.0432101
0.0625  -0.0829204
-0.15625  0.0202414
0.03125  -0.257581
-0.03125  -0.207935
-0.25  -0.178598
-0.28125  0.100014
-0.0625  -0.232271
0.0625  -0.209189
-0.15625  -0.302656
0.03125  -0.0827478
-0.03125  -0.103935
-0.0625  -0.247504
0.125  0.0677463
0.03125  -0.0188623
-0.09375  -0.206289
0.125  -0.0634883
0.0625  -0.0622363
0.03125  -0.211349
-0.15625  -0.0399641
-0.03125  -0.320842
0.21875  -0.246026
0.09375  -0.0998342
0.21875  -0.263456
0.0625  -0.0675286
0.25  -0.107423
-0.125  0.128989
-0.09375  -0.0753241
0.21875  -0.129347
0  -0.284491
0.03125  -0.227339
0.03125  -0.164309
-0.09375  -0.127789
-0.125  -0.208404
-0.09375  -0.124006
0.15625  -0.124629
-0.15625  -0.00320584
-0.03125  0.0170528
0.09375  -0.0561488
-0.03125  -0.0854757
-0.09375  -0.0801726
-0.15625  -0.0269751
0.09375  0.0470684
-0.03125  -0.0568275
0.28125  -0.237756
0.28125  -0.171212
-0.125  -0.181321
0.25  -0.0588022
-0.125  -0.232605
-0.0625  -0.117168
-0.15625  -0.0606221
-0.15625  -0.230105
-0.09375  -0.210876
0.09375  -0.193663
0.09375  -0.115441
-0.21875  -0.0295676
-0.125  -0.095677
0.0625  -0.244531
-0.0625  -0.190749
-0.125  -0.136563
-0.125  0.0561562
-0.0625  -0.0218585
-0.0625  0.0287329
0.03125  -0.00767138
-0.125  -0.0300818
0.03125  -0.0856507
0.21875  -0.0695011
0  0.230667
0.03125  -0.12719
-0.03125  -0.175201
0.15625  -0.0479888
0.15625  -0.0262238
0.03125  -0.225736
0.0625  0.0669508
-0.3125  -0.0252398
0  -0.0444849
-0.28125  -0.107814
-0.09375  -0.117023
-0.03125  0.0727332
-0.1875  -0.211548
-0.03125  -0.130014
-0.1875  -0.171233
0  -0.139651
0  -0.000698129
-0.09375  -0.245019
0.09375  0.0667832
0.0625  0.0100141
-0.1875  -0.0178145
0.03125  -0.0692644
-0.09375  0.00480114
-0.0625  -0.00704831
0.125  0.0121232
0.03125  -0.26763
-0.0625  -0.0161917
0.125  -0.0314715
0.28125  -0.128395
-0.25  -0.0471395
-0.125  -0.0815172
-0.125  0.00934653
-0.15625  -0.214812
0.21875  0.117045
0.0625  -0.0552057
0.15625  0.135154
0.125  0.132402
-0.1875  -0.260653
0.09375  -0.0284799
0.125  -0.271936
-0.09375  -0.220995
0  -0.17737
-0.09375  -0.209735
0.09375  -0.0938242
0.125  -0.0433513
0.15625  -0.128899
0.125  -0.150549
0  -0.176176
0.15625  0.0591777
0.125  0.0132086
0.15625  -0.240252
-0.0625  -0.0330302
0  0.108185
-0.25  -0.0197176
-0.0625  -0.0223047
0.125  0.0847407
-0.1875  -0.18267
-0.09375  -0.0545888
0.09375  -0.301964
0  0.0668126
-0.0625  -0.151023
0.0625  -0.0173328
0  -0.285911
0.1875  -0.0166774
-0.03125  -0.100009
0.0625  -0.224029
0.1875  0.097304
-0.09375  -0.0436432
0.09375  0.136995
0.125  -0.183239
-0.34375  -0.304112
0.0625  0.185437
0.15625  0.031267
-0.0625  -0.353441
-0.15625  -0.121506
-0.21875  -0.286688
-0.125  -0.0729073
0.125  -0.220848
0.0625  -0.281404
0.09375  0.10069
0  0.0668326
-0.0625  -0.0806328
-0.03125  -0.033658
-0.21875  -0.160609
-0.0625  -0.131929
0.1875  0.0343587
0.28125  -0.145057
-0.125  -0.0704906
0.15625  0.00416373
-0.0625  0.312424
0  -0.0740516
0.03125  -0.0891328
-0.09375  -0.194733
-0.09375  0.120855
0.03125  -0.153409
-0.09375  0.00218531
-0.0625  -0.180443
-0.03125  -0.149376
-0.0625  -0.163441
0.03125  0.0571697
0.21875  -0.0648057
0.15625  0.0600423
-0.03125  -0.0789058
-0.03125  -0.15176
-0.15625  -0.0268909
-0.125  -0.0616204
0.15625  -0.171536
0.09375  -0.0826737
-0.25  -0.164877
0.25  0.139247
-0.25  -0.19498
0.15625  0.0572722
-0.09375  -0.111972
0  0.00180646
0  -0.219026
-0.28125  0.0699669
-0.09375  0.0426277
0  -0.0323199
0.0625  -0.000826726
-0.03125  -0.257523
-0.0625  -0.0823542
0.0625  0.0166651
-0.09375  -0.321415
-0.03125  -0.0411924
-0.1875  -0.134048
-0.09375  -0.251688
-0.375  -0.105862
-0.0625  0.0551161
-0.28125  -0.0181897
-0.03125  -0.0751706
0.125  -0.116421
0.25  -0.0170066
0  -0.126697
0  -0.126377
0  -0.19245
0  -0.166526
-0.09375  -0.194879
-0.1875  -0.00852531
0.03125  -0.00263089
0.03125  0.0458521
0.03125  -0.0961088
0.03125  -0.224226
-0.09375  0.00666086
-0.0625  -0.0773973
0  0.153949
0.0625  -0.0622338
0.03125  0.0182524
0  -0.0610544
-0.125  -0.058171
-0.09375  -0.0698854
0.09375  -0.142291
-0.09375  -0.25797
-0.125  0.0137399
-0.0625  0.253598
-0.03125  -0.186336
-0.03125  0.151966
0.21875  -0.198484
-0.1875  0.00140431
-0.125  -0.0485496
0.125  0.0919105
-0.09375  -0.0812674
0.09375  -0.0500386
0.03125  -0.0334772
0.125  -0.0897907
-0.28125  0.0789534
-0.125  0.0938524
0.03125  -0.0966901
-0.0625  -0.088356
-0.09375  -0.00419341
-0.25  -0.00299853
-0.0625  0.0472967
0.15625  -0.175369
-0.125  0.110142
-0.09375  -0.0314278
0.1875  -0.274078
-0.15625  -0.0783462
-0.15625  0.118103
-0.09375  -0.0863959
0.09375  -0.155309
0  -0.0443319
0.03125  -0.104891
0.21875  -0.157922
0.03125  0.233691
-0.15625  -0.110627
-0.21875  -0.190127
0.09375  0.0494143
0.0625  -0.185828
0.0625  -0.000129667
-0.125  -0.167162
-0.03125  -0.0993755
0.21875  -0.0669037
0  -0.149192
-0.0625  -0.0260801
-0.09375  -0.0234161
-0.0625  0.0200219
-0.03125  -0.0268299
