0.15625  -0.0499902
0.03125  0.0219752
0.28125  -0.183629
-0.09375  -0.129122
0.15625  -0.154433
-0.03125  -0.179446
0.0625  0.0618845
-0.125  0.0632511
-0.125  -0.145359
0.125  -0.0549372
0.0625  -0.0335858
-0.09375  -0.162569
-0.09375  -0.0612117
-0.1875  0.0422473
-0.09375  0.102957
-0.09375  0.279992
0  0.295936
-0.125  -0.0883876
-0.03125  -0.108029
-0.09375  0.132689
-0.03125  0.0557811
0.03125  -0.0829277
0  -0.155602
0.03125  0.0342755
-0.3125  0.0888085
0.09375  -0.0350775
0.09375  0.118097
0.09375  0.0634824
0  -0.295582
-0.125  0.101582
-0.28125  0.0245153
0.09375  -0.121005
0.0625  -0.134394
0.15625  -0.168226
-0.03125  -0.0975925
-0.0625  -0.181833
-0.25  -0.0705424
0.03125  0.0653712
-0.03125  -0.0582034
-0.09375  0.119142
0  -0.139307
-0.09375  0.0785084
0.09375  -0.13957
-0.1875  0.05532
0.125  0.0511075
0.03125  0.0658339
0.09375  -0.144641
-0.15625  0.087231
0.0625  -0.231832
-0.03125  -0.00647952
0.0625  0.138939
0.125  0.013302
-0.15625  -0.0115688
0.125  -0.0541514
-0.0625  0.00530186
-0.03125  0.0654058
0.03125  0.038478
0.0625  0.0462513
0.0625  0.119477
0.125  -0.168849
0.03125  0.0343033
-0.125  0.0312956
0.15625  -0.0562819
0.03125  0.114634
0.28125  -0.0247109
-0.0625  -0.0820529
-0.0625  -0.0366092
-0.0625  -0.127458
-0.09375  -0.00436079
-0.03125  -0.206798
-0.0625  -0.115757
0.03125  -0.138075
-0.15625  0.123701
-0.125  0.096389
0.125  -0.153708
0.03125  0.00160505
0.125  0.165297
0.03125  -0.0646095
-0.03125  0.0256898
0.1875  -0.0223294
-0.25  -0.13024
-0.125  -0.0237939
-0.0625  -0.0561023
-0.28125  0.027895
0.0625  0.0306648
-0.15625  0.0380513
-0.03125  -0.168897
0.03125  -0.174388
-0.21875  -0.166842
-0.09375  -0.0713769
-0.09375  0.0254575
0.0625  -0.0970265
-0.09375  -0.111588
0.15625  -0.0699361
-0.03125  -0.12109
-0.21875  -0.13303
-0.03125  -0.177251
-0.09375  -0.201224
0.125  -0.00532082
0.125  -0.00297433
-0.28125  -0.184119
-0.0625  0.153797
0.15625  -0.165269
-0.125  -0.0884391
-0.03125  -0.0992719
-0.03125  0.00669537
0.25  0.011213
-0.15625  -0.126642
-0.3125  -0.256359
-0.125  0.0165763
0.03125  0.137076
0  -0.100702
0  -1.78061e-05
0.03125  0.0364193
-0.09375  0.0140384
-0.25  -0.0651023
0.03125  0.0666586
-0.21875  -0.222064
-0.03125  -0.0604773
-0.15625  0.140228
0.03125  -0.0562127
-0.0625  -0.264808
-0.0625  -0.167108
-0.15625  0.0751029
-0.03125  -0.22773
0.1875  -0.130953
0  -0.102208
0.21875  -0.00861559
0.0625  0.209547
-0.03125  0.00787389
-0.15625  -0.0511134
-0.03125  -0.0783952
0.21875  0.107438
-0.09375  0.0191345
0.40625  0.0670231
0  -0.319202
0.09375  -0.197033
0.03125  -0.0134032
-0.0625  -0.0848064
-0.03125  -0.0793737
-0.0625  0.0014231
0.0625  -0.016579
-0.09375  0.032834
0  -0.0560303
0.21875  -0.0864906
-0.0625  -0.135731
0.03125  -0.28257
-0.125  -0.150557
0.03125  0.137677
0.09375  0.0173793
0.125  -0.207126
0.28125  -0.298372
-0.21875  0.00192402
0.03125  0.0336509
0.15625  0.0123609
0.03125  -0.1225
0.03125  -0.0681467
0.0625  0.147698
0  0.0578352
-0.03125  0.031101
0.1875  -0.0873878
0.03125  -0.0757746
0.15625  -0.165584
0.25  0.115278
-0.15625  -0.0243479
0.0625  -0.0112542
-0.03125  -0.119261
-0.0625  -0.0652058
-0.0625  -0.061569
-0.0625  -0.11532
-0.03125  -0.207649
0.21875  -0.0971927
-0.03125  -0.172066
-0.125  0.200627
-0.03125  -0.122315
-0.09375  0.0275594
0.125  -0.347575
-0.0625  -0.0468956
0.03125  0.130382
0  0.19667
-0.21875  0.305966
0.03125  -0.0807862
-0.0625  -0.00131413
-0.03125  -0.28524
0.03125  -0.325695
-0.03125  -0.230903
0.03125  -0.0927547
-0.125  0.128993
-0.03125  -0.0102012
-0.125  -0.112182
0.34375  0.108768
0.0625  0.032313
0.03125  -0.00348467
0.03125  -0.0622176
0  0.0678627
0.125  -0.178989
0.09375  -0.00691459
-0.0625  0.0395181
0.0625  -0.0826419
-0.03125  -0.150747
0  -0.0523558
-0.0625  -0.0632839
0  0.0863304
0.125  -0.0445847
-0.125  0.242617
-0.125  0.15368
-0.1875  -0.12034
-0.03125  -0.131847
0.4375  -0.0311544
-0.03125  0.154757
-0.125  -0.145645
0.09375  0.0411707
0.03125  -0.0241531
-0.21875  -0.143032
-0.09375  -0.162394
-0.125  -0.221271
0.0625  -0.0970514
0.03125  -0.0644787
0.15625  -0.341452
0.15625  -0.109558
0.0625  -0.209293
0  0.116136
0.21875  0.103102
0.0625  -0.0985577
0.1875  -0.073633
0  -0.103297
0  0.0483139
0  -0.300643
0.03125  0.0236084
0.25  0.0606594
0.15625  0.0414585
0.1875  -0.0111433
0.25  0.00116513
-0.125  -0.208413
-0.03125  -0.0972456
-0.15625  -0.072722
0  -0.166622
-0.03125  -0.115429
0.09375  -0.0655072
0.09375  -0.0927742
-0.125  0.00715134
0.21875  0.00413542
-0.21875  0.0489372
-0.125  -0.0257837
0.0625  -0.118403
0.09375  -0.192883
0.1875  -0.114334
-0.03125  -0.0416179
0.09375  0.105503
0.09375  -0.293474
-0.0625  -0.213567
-0.0625  -0.119572
0.125  0.216326
0  0.105806
-0.03125  -0.0260148
0.09375  0.0730943
0.0625  0.0751896
-0.03125  -0.0773441
-0.0625  -0.0302352
0.0625  -0.157545
-0.1875  -0.101093
0  -0.0452704
-0.09375  -0.112966
-0.03125  -0.0914068
-0.09375  -0.0124469
-0.0625  0.0374638
0  0.240641
-0.15625  -0.201019
-0.0625  -0.157255
-0.0625  -0.0637433
0.15625  -0.202743
-0.0625  -0.0342901
0.03125  0.0805569
-0.21875  0.0516339
-0.15625  -0.123166
0.09375  -0.0155969
-0.03125  -0.232433
-0.25  -0.245769
-0.0625  -0.0540127
0.09375  -0.104286
-0.21875  0.0768898
-0.125  -0.112483
0  -0.0792012
0.28125  -0.197505
0  0.0157812
0.25  -0.11342
0.03125  0.150246
0.1875  -0.0960386
-0.09375  -0.221414
0.125  -0.0577315
-0.0625  0.183851
0  -0.036745
-0.0625  0.00973538
0.21875  0.0889175
0.0625  0.135913
-0.0625  0.00263246
-0.03125  -0.040097
-0.09375  -0.149512
0.25  -0.12701
-0.0625  -0.14965
0  0.031572
0.15625  -0.214826
0.1875  -0.174121
0  -0.145452
0.03125  0.0303974
0.0625  -0.224475
0.1875  0.00947669
-0.15625  0.186001
0.125  0.110923
-0.09375  0.174687
0  0.0559303
-0.1875  -0.107109
0.15625  0.201124
0.125  -0.176429
0.125  0.22729
-0.09375  -0.151512
0.21875  -0.155491
0.15625  0.0267587
-0.15625  -0.154111
0.03125  0.132191
-0.09375  0.187713
0.15625  5.33022e-05
0.125  -0.107132
-0.03125  -0.0910377
-0.03125  -0.10123
-0.0625  0.21191
0.15625  0.0609189
0  -0.300579
0.25  0.034742
-0.21875  -0.0989931
0.125  -0.049165
0.03125  -0.206674
-0.125  0.345683
-0.03125  0.110455
-0.0625  -0.0791043
0.1875  -0.140795
0.125  -0.144724
-0.0625  0.105543
-0.25  -0.130081
-0.03125  -0.158226
0.125  -0.122417
-0.0625  0.129127
-0.0625  0.0192546
-0.09375  -0.229187
0.0625  0.114084
-0.03125  0.0549149
-0.03125  0.16821
0.09375  -0.0864507
0.09375  -0.0469512
0.15625  -0.0164109
0.15625  0.00678423
-0.09375  0.0240898
-0.09375  0.153436
-0.03125  -0.166023
0.03125  -0.0639868
0.25  -0.350231
-0.09375  -0.0211696
-0.0625  -0.178514
0  -0.361723
-0.0625  0.0219477
0.15625  0.0836066
0.03125  0.0119704
0.03125  -0.182233
-0.09375  -0.112639
0.125  0.0150586
0  -0.101026
0.03125  -0.0224382
-0.0625  -0.0540303
0  -0.293572
0.0625  -0.00184338
0.0625  -0.0729012
0.0625  -0.00816317
0.25  -0.0838996
-0.125  -0.0589685
-0.09375  -0.111329
0.28125  -0.273403
-0.03125  -0.0373947
-0.03125  0.0030709
0  -0.198184
0  -0.0956257
-0.0625  -0.024191
0.03125  0.0193878
0  0.0455085
0.125  -0.205772
0.0625  -0.0316733
-0.1875  -0.100822
0.0625  -0.00350043
-0.0625  -0.000545484
0.03125  -0.0644433
0.125  -0.154603
-0.0625  0.221794
-0.21875  -0.140422
0.125  -0.01343
0.09375  -0.167576
0.0625  -0.0205947
0.03125  -0.135278
-0.03125  -0.27416
0.03125  -0.0161523
0.125  -0.133497
-0.25  -0.014376
-0.03125  -0.254244
-0.03125  -0.186411
0  0.0434937
0.1875  0.00777553
-0.125  0.0801489
-0.09375  -0.0948054
0  0.0231163
-0.09375  0.119757
0.125  0.0447012
-0.125  -0.151226
0.09375  -0.136762
-0.0625  -0.285523
0  0.0527378
-0.21875  -0.182541
0.03125  -0.459101
0.375  -0.1114
0  -0.107145
-0.0625  -0.0373182
0.0625  -0.0598611
-0.09375  0.152897
0.125  -0.0701896
0.15625  -0.116237
0  -0.0279423
-0.15625  -0.15659
-0.125  -0.0535534
0.21875  0.0148451
0.09375  -0.190675
-0.03125  -0.15883
0  -0.0722643
0.125  -0.041071
-0.1875  0.106538
-0.03125  -0.005067
0.15625  -0.0898674
-0.03125  -0.0229223
-0.125  -0.0732094
-0.0625  0.0461069
0  -0.0546714
-0.15625  -0.0594313
-0.28125  0.150466
-0.125  -0.0106574
-0.0625  -0.205982
-0.03125  -0.300836
-0.03125  -0.0419843
0.125  -0.0253358
-0.0625  -0.191438
-0.1875  -0.18411
0.0625  -0.0452337
0.09375  -0.0402918
-0.1875  -0.0551668
0.03125  0.141073
-0.0625  -0.104299
0  0.0273483
0.03125  -0.187379
0.0625  0.0669774
-0.09375  0.157975
0  -0.154184
0.28125  -0.2867
-0.09375  0.00512637
0.03125  -0.0699398
0.09375  -0.0569067
-0.0625  -0.00672037
-0.1875  0.0068733
0  -0.226559
0.15625  -0.244898
0.0625  0.197896
0  0.118281
-0.1875  -0.00539652
0  0.127165
0.21875  0.0569289
-0.03125  -0.123906
0.0625  -0.0663726
0.21875  0.0466779
0.0625  -0.172436
0.09375  -0.359286
0.03125  0.137241
-0.15625  0.155632
0.03125  0.0332923
0.03125  0.026337
0.03125  0.0715138
-0.125  0.0447115
0  -0.251644
0.0625  -0.0699555
0.28125  -0.0672612
0.28125  -0.274185
-0.15625  0.00498029
-0.03125  0.00638618
0.125  -0.0271124
-0.125  0.0725435
0.09375  -0.0244719
-0.1875  -0.243964
-0.09375  -0.0296059
0.0625  0.097233
0.03125  -0.169781
-0.125  0.0728217
0.21875  -0.10943
-0.0625  0.0917916
0.125  -0.391813
0.03125  0.0210392
-0.03125  -0.208528
-0.09375  -0.230644
0.03125  0.0749929
0.0625  -0.132791
-0.1875  -0.112731
-0.15625  -0.0615843
-0.125  0.0675577
0.03125  -0.114068
-0.0625  0.0149824
-0.0625  -0.162001
-0.15625  -0.0669723
0.09375  0.0600442
-0.34375  -0.0653488
0  -0.339016
-0.0625  0.121315
-0.03125  -0.0398295
0  -0.177764
-0.25  -0.0725357
-0.1875  -0.0639604
-0.0625  0.00350318
0.09375  -0.262318
-0.25  -0.190633
0.03125  -0.294801
-0.0625  -0.0700768
-0.09375  0.138836
-0.0625  -0.133912
0.15625  0.000109893
0.09375  -0.116296
0.0625  -0.109224
0.28125  0.0165218
0.03125  0.00865117
0  -0.118265
0.1875  -0.0887028
0.0625  -0.163857
-0.125  -0.160542
-0.0625  -0.165226
-0.125  -0.238731
0.03125  -0.15468
-0.0625  -0.256452
-0.03125  -0.204181
-0.0625  0.0816758
-0.3125  0.0436286
0.15625  -0.0806324
0.09375  -0.107553
0.09375  -0.13065
0  -0.00096103
-0.03125  0.00306124
0  0.00162758
0.21875  -0.124435
0.03125  0.00117824
0.25  -0.249949
-0.15625  0.130729
0.1875  0.049526
0.03125  0.0371111
-0.125  -0.012069
0.125  -0.286237
0.09375  -0.0430679
-0.1875  -0.115486
-0.125  0.00869573
-0.03125  -0.240821
0.21875  -0.106602
-0.0625  -0.148375
-0.0625  0.107008
-0.1875  -0.151153
0.03125  -0.0958562
-0.15625  -0.238417
0.0625  -0.186137
0.03125  0.0765853
-0.1875  -0.219889
0.09375  0.14534
0.0625  0.00421256
0  -0.034205
0.03125  0.0604633
-0.03125  0.265722
0  -0.235825
0.03125  -0.11037
0.03125  -0.0562382
-0.09375  0.0444012
-0.09375  -0.0842953
-0.1875  -0.00642335
0.21875  -0.186848
0.0625  0.0349564
-0.15625  0.0252778
0.09375  0.0325624
-0.1875  0.0948525
0  -0.0452953
0.0625  -0.0703772
-0.21875  -0.0976289
0.0625  0.0519856
-0.125  0.0259477
-0.125  -0.0301356
-0.03125  -0.00836504
-0.15625  -0.2037
0.125  0.111057
-0.25  0.0379767
-0.25  0.0905268
-0.21875  -0.176688
0.0625  -0.104281
-0.125  -0.131621
-0.3125  0.162103
0.09375  0.121289
-0.0625  0.107872
-0.0625  -0.0664767
0.125  -0.0829279
0  -0.167703
0.03125  -0.247535
0  -0.00441352
0.03125  -0.134036
0.03125  0.0207816
0.0625  -0.112665
-0.0625  -0.150555
0  -0.0184709
0.03125  -0.113617
-0.0625  -0.077305
-0.03125  -0.0308095
0.125  -0.193208
0.0625  -0.079933
-0.1875  0.258212
-0.03125  -0.158693
-0.0625  0.095017
0.21875  -0.109716
-0.03125  -0.216324
0.15625  -0.165782
0.0625  -0.15816
0.09375  0.0282111
0  -0.0304571
0  -0.0231208
0  0.0469794
0.0625  -0.0236482
-0.28125  -0.241013
-0.125  -0.0474787
-0.03125  0.0486136
0.125  0.159196
-0.125  0.0273468
0.0625  0.0705384
0.0625  -0.178485
-0.0625  -0.0372377
0.0625  -0.0386902
0.0625  -0.139704
-0.03125  -0.00803631
0.1875  0.00180671
-0.0625  -0.0895643
-0.0625  -0.0161063
0  0.0389666
0.15625  -0.0295552
-0.3125  0.0973065
0.1875  -0.0321978
-0.125  -0.0966816
0  -0.0772402
0  0.088776
0.21875  -0.314186
-0.125  0.196348
-0.15625  0.0944073
-0.0625  -0.174276
-0.15625  -0.0244968
0.09375  0.0744078
-0.1875  -0.284732
-0.09375  0.0164362
0.125  -0.150306
-0.125  -0.0894583
-0.0625  0.0996805
-0.125  -0.209149
0.1875  -0.0677628
-0.03125  -0.158801
0.0625  -0.0561172
-0.21875  -0.307357
0.03125  -0.0309572
0.09375  0.0446717
0.21875  -0.111832
0.15625  -0.0281907
-0.1875  -0.11534
0  -0.0426975
0.1875  -0.0582797
-0.15625  -0.00974587
0.125  -0.110308
0.15625  -0.057217
-0.1875  0.153231
0.1875  -0.169431
0  -0.209706
-0.25  -0.0579655
0.09375  -0.135616
0.03125  0.0866406
0.125  -0.127592
-0.09375  0.128269
0.0625  -0.201319
0.03125  0.1135
-0.21875  0.12017
-0.125  0.203464
-0.03125  0.0448854
-0.28125  -0.0796286
0.09375  -0.0178062
0  -0.167345
-0.21875  -0.0126476
0.09375  -0.0560573
0.09375  -0.0081373
0  0.212086
0.09375  0.0818763
0.03125  -0.0635477
0.0625  -0.0131911
-0.0625  -0.310874
-0.03125  0.338723
0.03125  -0.130393
-0.15625  0.196466
-0.09375  -0.0194138
0.09375  0.0273123
-0.09375  -0.118103
-0.0625  -0.0660934
0.09375  -0.0186263
-0.28125  0.0582701
-0.09375  -0.100824
0  -0.282078
-0.125  -0.0106312
-0.15625  -0.21777
-0.09375  -0.177518
0.0625  -0.174947
-0.1875  0.0561693
-0.125  -0.0698383
0.15625  0.115596
0.15625  -0.175935
-0.03125  -0.0426982
0.09375  -0.127069
0.03125  -0.341044
-0.09375  -0.302919
-0.09375  -0.0426016
-0.0625  -0.0265917
-0.03125  -0.136622
-0.0625  0.171627
-0.15625  -0.0750021
0.09375  -0.0892947
-0.0625  0.00362568
-0.03125  -0.0373941
-0.0625  0.021392
0  -0.0642113
0.03125  -0.133934
-0.0625  -0.0661597
-0.21875  -0.258915
0.125  0.168492
-0.09375  0.171284
-0.03125  -0.201997
-0.21875  0.104446
0.0625  -0.0321873
-0.15625  0.0623123
-0.0625  -0.0842103
0.03125  -0.119977
0.0625  0.162287
-0.03125  -0.00623212
-0.0625  -0.370803
-0.1875  0.279646
-0.125  -0.0667536
0  0.0511193
-0.03125  -0.189987
0.09375  -0.0423594
-0.03125  -0.0562593
0.3125  0.073969
0  0.137286
0.0625  0.073319
0.0625  -0.00633029
-0.03125  0.133927
-0.03125  -0.0286263
0.03125  -0.0316424
0.09375  0.100907
0.0625  -0.266434
-0.125  -0.0548595
0  0.0166847
0.1875  -0.0522411
0  -0.00422178
0  -0.182025
-0.0625  -0.112791
0  -0.0969397
0  -0.081966
-0.0625  -0.0741588
0.25  0.197486
0.21875  0.0865421
-0.0625  -0.153626
0.1875  0.00271448
-0.0625  0.0123563
-0.0625  0.105548
-0.125  -0.421306
0.03125  0.0129
-0.3125  0.106103
0.0625  0.0252935
0  -0.236858
0.0625  0.00662258
0  0.0573479
0.09375  0.100198
0.1875  -0.111686
0  0.0691875
0.09375  0.0751048
-0.0625  0.133648
-0.125  -0.0265731
0.09375  0.0303261
-0.03125  -0.0807375
0.09375  0.0460242
-0.0625  -0.199708
0.125  0.0849117
0.0625  -0.114427
0.15625  -0.184677
-0.0625  -0.0658918
0.03125  0.187772
-0.09375  0.0348461
0.09375  0.0535638
0.03125  -0.0647415
0.0625  -0.0811296
0.09375  0.0807471
-0.125  0.224922
0.0625  -0.142255
0.21875  -0.0539729
-0.0625  0.123529
-0.03125  -0.145809
0.03125  -0.0676634
0.15625  -0.0070924
0.0625  0.165861
-0.0625  0.103199
0.03125  -0.344438
0.15625  -0.234453
-0.125  -0.0843322
0.125  0.193004
0.1875  -0.152328
-0.21875  -0.0459638
0.0625  -0.0591096
-0.09375  -0.122902
0  0.0623075
0  0.291947
0.15625  -0.107661
-0.03125  -0.0763961
-0.0625  0.0608717
-0.03125  -0.0414734
-0.28125  -0.0610765
-0.0625  0.113749
0.09375  -0.299511
-0.03125  -0.132888
-0.34375  -0.198824
0.125  -0.113235
-0.0625  0.127487
0.09375  0.0350134
0.15625  -0.17315
-0.0625  0.00220432
0.0625  -0.407295
0.1875  -0.0723019
-0.125  -0.0718233
0.15625  -0.0925326
-0.0625  0.0850359
0.1875  -0.147805
0.0625  -0.0616667
0.1875  -0.203586
-0.15625  0.0930801
0.15625  0.112356
-0.28125  -0.105879
0.125  -0.236538
0.0625  -0.0844608
0.09375  -0.0356419
-0.21875  0.00242682
-0.0625  0.0924139
0.0625  0.0016173
-0.03125  0.0285976
-0.15625  -0.294829
0.15625  0.0459501
-0.125  -0.020317
0.0625  -0.0457001
0.15625  -0.0709693
0.03125  -0.11744
-0.0625  -0.017546
-0.03125  0.0436636
-0.09375  0.136176
0.03125  -0.0848566
-0.125  0.00458071
-0.125  -0.197407
0  0.0957821
0.125  0.0440476
-0.34375  -0.0731139
-0.03125  -0.179219
-0.21875  0.131058
0  -0.141729
-0.09375  0.0853252
-0.125  -0.0771183
0.25  -0.158104
-0.15625  -0.28195
0.09375  -0.176664
-0.21875  -0.108309
-0.21875  -0.0692794
0.03125  -0.030096
-0.03125  -0.0373475
-0.0625  0.0707954
-0.09375  0.131398
0.03125  -0.136977
-0.125  -0.089313
0.09375  0.0673157
0  0.164517
-0.03125  -0.0749437
-0.09375  0.0468602
0.0625  -0.0328949
-0.09375  0.0085274
0.09375  -0.0602375
0.15625  0.0900018
0.1875  -0.23371
-0.21875  -0.104886
0.1875  0.113032
-0.21875  0.236609
0.15625  0.000286064
-0.09375  0.0295277
-0.03125  0.12236
-0.125  -0.057178
-0.21875  -0.247842
-0.1875  -0.107524
0.1875  -0.129604
0.03125  -0.00923906
0.15625  -0.0449282
-0.03125  0.0586906
0.25  0.0836483
-0.28125  -0.117046
0.28125  -0.249161
-0.1875  -0.002008
0.0625  -0.0965092
0  -0.0039309
0.21875  -0.044991
-0.03125  0.214994
0.09375  -0.121766
0.15625  -0.0275
-0.125  -0.338898
0.125  0.24996
0.0625  -0.0135824
-0.09375  -0.131737
-0.1875  0.137765
0  -0.26443
0.125  -0.0186946
0.125  0.035905
0.125  -0.00162198
0.125  -0.0296162
0.03125  -0.0181029
-0.1875  -0.331665
-0.03125  0.0140424
-0.15625  -0.14881
0.03125  -0.122939
-0.0625  -0.0379609
0  -0.0604732
-0.09375  -0.0423959
0.25  -0.00138036
0.0625  -0.140962
-0.0625  0.0333033
0.0625  0.0039746
-0.125  -0.0922635
-0.1875  -0.375133
-0.1875  -0.000577624
0.09375  0.00540711
-0.0625  0.173817
0  -0.0918171
-0.09375  0.0637135
0.0625  -0.282448
-0.0625  -0.167013
-0.125  -0.064507
-0.125  -0.137527
-0.09375  -0.0706382
0.3125  -0.0411666
0.1875  -0.102828
0  0.0911362
-0.0625  -0.0394729
-0.0625  -0.120272
-0.25  -0.0135399
0  -0.222584
0.03125  0.114059
-0.21875  -0.129244
-0.34375  0.00114287
0.03125  -0.25273
0  -0.0473529
-0.09375  -0.0538977
0  0.134313
0.09375  -0.0466864
-0.03125  0.0309965
0  -0.080083
-0.0625  0.00372876
0.1875  0.00308619
-0.1875  -0.0200066
-0.09375  -0.0943696
-0.09375  -0.0147742
-0.0625  0.0396659
-0.03125  0.0459364
0.15625  0.207613
-0.03125  -0.0252542
0.28125  -0.102686
-0.03125  0.150709
0.15625  0.175849
-0.21875  -0.0475119
0.03125  -0.0989736
-0.0625  0.0153713
-0.15625  -0.0225161
0.09375  -0.11957
-0.125  -0.163077
0.34375  -0.0944811
-0.125  -0.118607
-0.09375  -0.05687
0  -0.323867
-0.3125  -0.0147059
-0.0625  -0.0729918
-0.0625  -0.0977916
0.125  0.0783145
-0.03125  -0.146492
-0.0625  0.00350753
0.125  -0.0981052
0.21875  -0.19854
-0.25  -0.089796
0.125  -0.0193677
0.125  -0.173078
-0.0625  -0.0419153
0.15625  -0.182856
-0.09375  -0.0992209
0  -0.14793
0  -0.23982
0  -0.0436059
-0.03125  0.0451889
0  -0.0205918
-0.09375  0.0683743
0.1875  -0.0301825
-0.09375  0.0578736
-0.09375  -0.230778
0.1875  0.038755
-0.125  -0.125696
-0.0625  0.0380012
-0.125  -0.0406595
-0.125  0.0915514
-0.03125  -0.00389045
-0.1875  -0.124922
0  0.069514
0.1875  -0.215549
0.03125  0.0992996
-0.03125  -0.133764
-0.03125  -0.0609336
-0.21875  -0.0935208
-0.0625  -0.119232
-0.0625  -0.0603249
-0.03125  -0.00140186
-0.0625  -0.211774
0.125  -0.274297
0.125  -0.026053
-0.03125  0.0687561
0.125  -0.000880517
0  -0.135023
0.09375  -0.0771986
-0.28125  -0.153536
0.1875  0.0160764
-0.0625  0.083859
-0.03125  0.021713
0.15625  -0.0511388
-0.09375  -0.105032
-0.03125  -0.00111378
0.03125  -0.176909
0.15625  -0.06669
-0.15625  0.123394
-0.15625  -0.0817297
0  -0.036024
-0.15625  -0.0283874
-0.09375  0.0316352
0.0625  -0.241158
-0.15625  -0.068001
0.15625  0.0906368
0.09375  0.103488
0.03125  -0.247871
0.09375  0.0879737
-0.09375  -0.276322
-0.21875  -0.0296759
-0.25  0.0357529
0  -0.0681915
-0.03125  -0.0968237
-0.125  -0.0278232
-0.125  -0.0750663
0.1875  -0.183132
0.0625  0.00534146
0.125  0.161051
0.03125  -0.118469
-0.21875  0.0511555
0.15625  -0.175652
0.09375  -0.0031767
0  0.174196
-0.09375  -0.00143628
-0.1875  0.108764
-0.09375  0.0180027
-0.15625  -0.0626473
-0.09375  0.11138
-0.21875  -0.0829913
-0.0625  -0.0996868
0.28125  -0.0367004
-0.1875  -0.0631091
0  -0.0551326
-0.0625  -0.0407255
0  0.196593
0.21875  0.0234904
0.125  0.161833
0.1875  0.0621556
-0.28125  -0.0628512
0  0.0239052
0.03125  0.203188
0.03125  0.0399539
0.09375  0.0776859
0  -0.0532282
-0.03125  0.00897543
0.03125  -0.16573
-0.03125  0.0191387
-0.0625  -0.151856
0.1875  -0.0552329
0.0625  0.067064
-0.0625  0.00888834
-0.21875  -0.0164464
-0.15625  -0.0438191
0.0625  -0.0105026
-0.03125  -0.0311321
-0.25  -0.132978
-0.125  0.067276
-0.0625  0.142356
-0.3125  -0.135754
0.03125  0.0502483
-0.25  0.100804
0.3125  -0.0280752
0.09375  0.0356167
-0.0625  0.00375344
-0.1875  -0.102687
0.125  -0.22044
-0.03125  -0.263822
0  0.130247
-0.15625  -0.0555152
0.0625  -0.0465853
-0.0625  0.0100168
0.09375  0.190494
-0.25  0.120086
0.1875  -3.79751e-07
0  0.11822
0  -0.0850935
0.09375  -0.16493
-0.125  0.0847093
0.0625  0.110754
0.21875  0.0575543
0.28125  -0.131809
-0.03125  0.0532558
-0.0625  -0.0166441
0.09375  -0.163053
0.09375  -0.178448
-0.125  0.0288845
-0.0625  -0.0763681
0.0625  -0.00114101
0.0625  -0.183549
0.09375  -0.293649
0  0.0227125
-0.0625  0.104082
0.25  -0.0306237
-0.09375  0.251388
-0.09375  0.0134807
0.0625  -0.0587969
0.03125  -0.0531203
0.0625  0.0689819
0  -0.0381744
-0.0625  0.0492442
-0.15625  -0.214797
0.34375  -0.0801806
0  -0.116719
0.03125  0.093258
0.03125  0.0389162
0  -0.0858
0.15625  -0.0801283
-0.09375  -0.159902
-0.09375  -0.163828
-0.125  -0.00815721
-0.1875  0.0683474
0.125  -0.0288892
-0.25  -0.295202
-0.03125  -0.0889204
0.0625  -0.222145
0.0625  -0.143114
0.03125  0.0321206
0.15625  0.167049
-0.03125  -0.0773729
0  0.057275
-0.3125  -0.0364129
0.125  0.0306989
0  0.191801
-0.3125  -0.137805
0.1875  0.195437
-0.21875  -0.235025
0  -0.133026
0  0.0314007
-0.0625  -0.0522353
-0.03125  0.0299116
-0.03125  -0.122413
-0.03125  0.0202521
-0.125  -0.0684678
-0.09375  0.00692317
0.09375  -0.121118
-0.09375  -0.275469
0  -0.144718
0.53125  -0.214595
0.03125  0.0487765
0.03125  0.216192
0.03125  -0.158353
0.03125  0.20856
-0.34375  -0.179141
0.0625  -0.185688
0  0.0759261
-0.03125  0.135165
0.125  0.286902
0.09375  -0.240831
-0.0625  -0.331691
0  -0.192407
-0.125  -0.159759
0.09375  -0.18464
-0.3125  -0.182104
-0.15625  0.0855371
0  0.144548
0.03125  -0.124482
0.125  0.113721
0.28125  -0.159365
0.15625  0.122427
-0.09375  -0.055875
-0.125  -0.135593
-0.125  -0.325845
0.03125  -0.34105
0.0625  -0.254802
-0.21875  -0.137216
-0.03125  -0.0331127
0.15625  -0.0930837
-0.03125  -0.0920195
0  0.244723
-0.125  0.125194
-0.21875  0.0738156
0  -0.0366929
-0.03125  0.0288172
0.125  0.118457
0.1875  -0.0375789
0.21875  -0.107183
0.15625  0.19348
0.09375  -0.0840807
-0.0625  -0.157742
-0.15625  0.0753476
-0.03125  0.231982
0.03125  -0.199658
-0.03125  -0.141616
0  0.0689332
-0.03125  -0.258381
-0.15625  -0.0456503
-0.09375  -0.184348
-0.1875  0.000542416
-0.03125  0.0113905
0.0625  0.0292531
-0.03125  0.0654046
-0.03125  -0.119451
0  -0.318186
0.125  -0.13445
-0.03125  0.00475274
0.34375  -0.127695
0  -0.109101
-0.15625  -0.024133
-0.09375  -0.038555
0.15625  -0.162794
0.03125  0.233226
0.0625  0.0965279
-0.0625  -0.102168
0.1875  0.00816756
0.125  -0.0407931
-0.09375  -0.208964
-0.0625  -0.288891
0  -0.232816
-0.0625  0.0060319
-0.125  -0.275544
0  -0.0539059
0.125  -0.260339
0.0625  -0.0955118
0.1875  -0.0784437
0.0625  0.0978554
0  -0.0368116
0.09375  -0.0543819
-0.03125  -0.0117087
-0.15625  -0.199698
0.09375  0.0130511
0.09375  -0.00640185
0.125  -0.000786556
-0.09375  -0.0117812
0.0625  0.170167
0.03125  -0.0488588
0.0625  -0.076922
-0.09375  -0.190685
-0.0625  0.119677
-0.0625  -0.107982
-0.15625  -0.0336588
-0.09375  0.0656102
-0.03125  0.171444
-0.1875  -0.00903802
-0.09375  0.0428735
0.03125  -0.0328876
0.0625  -0.028412
-0.09375  -0.0862796
-0.0625  0.0741208
-0.1875  -0.0141884
0.21875  -0.0142353
-0.03125  -0.0623691
0.0625  -0.22987
-0.03125  -0.188155
0.125  0.224146
0.03125  -0.0290946
-0.25  -0.245525
-0.25  -0.226866
-0.21875  -0.200995
-0.125  0.00531535
-0.0625  -0.00447456
0.1875  0.142333
-0.0625  -0.121649
0.1875  -0.101813
-0.0625  0.00450869
0.03125  -0.165791
0.15625  -0.221721
0.03125  0.0270689
-0.03125  -0.242619
0.28125  -0.149544
0.03125  -0.0733851
0.03125  -0.0408951
0.09375  0.0083163
-0.09375  0.0153358
-0.125  0.0625539
-0.09375  -0.0118333
0.0625  -0.138923
-0.125  0.153624
-0.0625  -0.0158694
-0.03125  -0.00722805
-0.03125  0.162165
0.0625  -0.211597
-0.125  0.0740796
0.09375  0.124084
0.25  -0.213231
0.0625  -0.216428
0.125  -0.0863516
0.125  -0.0895676
0  -0.203645
-0.1875  -0.108491
0.0625  -0.0870997
-0.25  0.145238
-0.03125  0.0889678
0.0625  -0.145136
0.125  -0.103143
-0.125  -0.218526
-0.03125  -0.121233
0.09375  -0.0571897
-0.03125  -0.0810964
-0.03125  0.0823201
0.09375  -0.0251008
0.0625  0.120582
0.1875  0.179439
0.03125  -0.240493
0  -0.000693595
-0.15625  -0.149713
0.15625  -0.0603892
-0.125  -0.203977
0.125  -0.217117
-0.0625  0.0279832
0  -0.338845
0.15625  -0.0171978
-0.1875  0.0763305
-0.25  0.157445
-0.09375  -0.0852665
0.0625  0.0439898
0.09375  -0.000561176
0.125  -0.0203365
0.09375  0.17781
-0.0625  0.0151738
0.15625  -0.10981
0.0625  -0.0165955
0.09375  -0.0263811
-0.03125  0.0316832
0.09375  -0.131042
-0.15625  0.0801454
0.09375  0.0784011
0.0625  0.0722333
0.125  -0.111451
0.0625  0.0816574
0.09375  -0.183149
0.0625  0.0494438
0.0625  -0.0437194
-0.125  -0.159709
-0.03125  -0.177541
0.03125  0.211622
-0.09375  -0.018151
0.0625  0.0707885
-0.1875  -0.301356
-0.09375  0.0105407
-0.15625  -0.0746303
-0.03125  -0.0961447
0.1875  0.0870341
0.1875  0.0654931
-0.03125  -0.00239956
-0.125  -0.119521
0  -0.19533
0  -0.0737308
0.125  0.173709
-0.125  0.055242
0.15625  0.0855919
0  0.069317
-0.03125  0.00824266
0.09375  0.0701025
-0.3125  -0.0625603
-0.09375  -0.100382
0.125  0.120716
0.0625  -0.226283
0.09375  -0.268339
-0.03125  0.043657
-0.03125  -0.222788
0.09375  -0.111659
-0.125  -0.239967
-0.09375  -0.263779
0.03125  0.0173512
0.0625  -0.10082
0.03125  0.0916384
0.09375  0.0192849
0  0.0666925
0  -0.217515
-0.03125  -0.144705
-0.21875  -0.0932582
0.09375  -0.0842548
0.0625  0.143913
0  -0.284259
0.0625  -0.173348
-0.0625  0.0353997
0.21875  0.00591721
-0.0625  -0.174875
-0.28125  -0.377991
0  -0.122344
0.1875  0.110756
-0.25  -0.193146
0.09375  -0.0958981
-0.0625  -0.128859
-0.03125  -0.13811
0.0625  -0.0390739
-0.0625  -0.116917
0.25  -0.00620206
-0.125  -0.198113
0.03125  -0.0535832
-0.15625  0.29606
0.25  -0.0571859
-0.25  -0.0120856
0.3125  0.202423
0.0625  -0.0167953
0.03125  -0.0537009
0.0625  0.0150038
-0.1875  -0.14718
-0.25  -0.127474
0.0625  -0.056239
-0.09375  -0.019422
0.125  0.0457838
-0.15625  -0.105691
0.0625  -0.250805
0.03125  -0.341254
-0.1875  -0.0706643
-0.0625  0.0333629
-0.03125  0.0926401
0.125  -0.0716469
0  0.0858859
0.0625  0.120363
0.125  0.0793204
-0.03125  -0.228668
0  0.206275
0.0625  0.128086
-0.25  -0.0265598
0.03125  0.00276959
0.15625  0.116882
0  0.0829846
0.0625  -0.109942
0  0.0652946
0.03125  -0.227753
0.09375  -0.100474
-0.125  -0.0278423
-0.09375  -0.152971
-0.1875  -0.184915
-0.15625  -0.114585
-0.09375  0.0115828
-0.09375  0.233334
0.25  -0.096152
0.3125  0.132074
-0.09375  -0.169154
-0.09375  0.0259888
-0.125  0.119753
0  0.136912
-0.03125  0.023614
0  -0.186657
-0.15625  -0.13503
0.125  -0.0929145
-0.28125  -0.103715
0.15625  -0.17939
-0.09375  -0.0731004
-0.125  -0.190165
0.03125  0.0220018
0.09375  -0.159904
0.03125  0.249255
0.09375  -0.139633
-0.03125  0.138868
-0.125  -0.0936971
0.03125  0.0861452
-0.03125  -0.130755
-0.09375  0.0171472
0.09375  -0.150136
-0.0625  0.0196277
0  0.0187647
0.0625  -0.134007
0.09375  0.0851513
0.25  -0.0210653
-0.09375  0.283212
-0.3125  0.0188434
0.0625  -0.0616786
0  0.0441656
0.28125  0.0135155
0  0.0374287
0.0625  0.37864
0.15625  0.116258
0.0625  0.037036
-0.03125  -0.14927
0.09375  -0.00880612
0.03125  0.0774363
-0.03125  -0.0811811
0.0625  0.150228
0  0.206363
-0.28125  -0.208764
0.03125  0.093751
0.15625  -0.0364387
-0.0625  0.103885
-0.25  -0.00140673
0.09375  -0.0551149
-0.0625  -0.211588
0.15625  -0.194484
0.03125  -0.0547892
0  0.160106
0.125  0.0942818
0.09375  -0.169294
-0.03125  -0.117785
0.15625  0.0534011
0.15625  -0.11625
0.0625  -0.0146808
0.03125  -0.125906
0.03125  0.179289
0.15625  0.109633
-0.09375  -0.181733
-0.0625  0.197955
0  -0.0369311
0.09375  -0.0550664
0  0.0800475
-0.1875  -0.0860288
0.0625  -0.118713
-0.125  0.203456
-0.15625  -0.0395078
0.0625  0.0402267
0.0625  -0.0546336
0.15625  -0.294166
-0.03125  0.0347983
0.03125  -0.0698888
-0.03125  -0.105044
-0.25  -0.114043
-0.1875  -0.127175
0.03125  -0.269631
-0.09375  0.256243
-0.03125  -0.165686
-0.0625  0.00486914
0.09375  -0.144051
0.03125  -0.00438481
0.1875  -0.0508727
0.3125  -0.0623293
0.09375  0.117235
0.28125  -0.0236441
-0.09375  -0.0310333
-0.125  -0.0121508
0.0625  -0.223338
0.09375  -0.0501068
0.03125  0.176465
-0.09375  -0.0450746
-0.28125  -0.00771017
0  -0.0360474
0  -0.247589
-0.0625  -0.059752
-0.0625  -0.115072
-0.15625  0.0316651
0.125  -0.100889
0.375  0.0114031
0.03125  -0.00920076
-0.0625  -0.0678095
0.03125  0.0536127
0.125  -0.303134
0.0625  0.000529947
-0.03125  0.0810446
0.21875  -0.112819
0  -0.0372381
-0.0625  -0.104488
0.0625  0.161674
-0.1875  0.0891279
-0.03125  0.0931006
0.21875  0.106799
0.125  0.122234
0.0625  -0.0867242
0.25  -0.19466
-0.03125  0.0498243
0.25  -0.0643983
-0.0625  -0.1893
0.15625  0.0120446
-0.0625  -0.00779999
-0.0625  0.0110353
-0.03125  0.187476
-0.125  0.113882
-0.0625  0.000199964
-0.21875  0.147917
0.09375  -0.00314636
0.125  -0.0101478
-0.03125  -0.122554
0.28125  -0.179963
0.21875  0.00944946
0.15625  -0.107773
-0.15625  -0.0452708
0.0625  -0.0943015
0.0625  -0.0459643
-0.0625  -0.270131
0.15625  0.0761935
-0.1875  -0.00935719
0.125  -0.086607
0.15625  -0.0684095
0.15625  -0.145893
-0.09375  -0.00372161
0.15625  -0.0863217
-0.15625  0.0551114
-0.125  0.0174809
-0.0625  0.124253
0.15625  0.0562125
-0.125  -0.0614801
0.125  -0.0993157
-0.0625  0.0452915
0.0625  -0.0135288
-0.09375  -0.00114729
0.1875  0.0395146
0.0625  -0.220327
0.1875  0.135986
0.09375  -0.173655
-0.1875  0.145435
0.15625  -0.0513737
0.09375  -0.0690433
0  0.0779762
0  0.172356
0.0625  0.130002
0.15625  -0.127309
-0.28125  -0.108034
-0.03125  -0.269132
-0.09375  -0.0572664
-0.03125  -0.169599
-0.3125  0.050445
-0.0625  -0.0488107
-0.0625  -0.140853
-0.3125  0.178058
-0.03125  0.0845972
-0.09375  -0.0394839
-0.09375  0.25276
-0.03125  0.00513997
0  -0.294993
0  -0.269213
-0.125  -0.150441
0.0625  0.0348969
-0.09375  -0.0466115
0.15625  0.0415723
-0.03125  -0.018801
0.125  -0.106303
-0.15625  -0.121126
-0.09375  -0.0398982
0.1875  0.0994313
0.125  0.0588183
-0.25  -0.0417289
0.03125  -0.0627686
0.0625  -0.0842247
0.25  0.0895129
-0.0625  0.0394861
-0.0625  -0.190984
0.21875  -0.060511
0.03125  0.0797688
-0.03125  -0.165462
-0.15625  0.0225597
0  0.0239815
-0.0625  -0.166635
-0.03125  0.0687284
-0.15625  -0.110621
0  -0.0100642
0.1875  -0.069919
0.03125  -0.181721
-0.15625  0.103628
0.03125  -0.158746
0.03125  0.00165285
0.03125  0.0688337
-0.09375  0.0437583
0.09375  -0.0557255
0.09375  -0.0728837
0.125  -0.0514755
-0.125  0.136962
0.09375  0.0765869
0.0625  -0.0177447
0.03125  0.00386592
0.125  -0.143232
-0.125  0.138112
0.15625  -0.0622187
0.125  0.0466166
0.03125  -0.205502
0.03125  0.0158531
0.125  -0.266153
0.09375  0.0545151
0.125  -0.0906796
-0.09375  -0.0338721
-0.1875  0.0657616
-0.09375  0.0938409
-0.125  -0.295763
-0.0625  -0.0471015
0.28125  -0.268954
-0.09375  0.0624159
-0.03125  0.135079
0.03125  -0.092816
0.15625  -0.317084
0.03125  -0.173977
0.1875  0.0537268
0.03125  -0.0844339
-0.03125  -0.0768702
0.09375  0.103536
0.0625  -0.0728091
0.21875  -0.0536144
-0.09375  -0.117983
0.1875  -0.045115
0.25  0.0165493
-0.0625  -0.0755619
0.0625  -0.0839841
-0.25  -0.118201
-0.25  -0.200611
-0.0625  -0.00535732
0.0625  -0.0539984
0.125  0.152039
-0.09375  -0.132567
0.0625  -0.25337
-0.25  -0.0811821
-0.28125  -0.0247728
0.09375  0.156917
-0.03125  -0.109431
-0.09375  -0.0628622
-0.0625  -0.155592
-0.03125  0.0559424
-0.09375  0.472149
0.09375  -0.144431
0  -0.0197547
0.0625  0.0470134
0  0.0241601
0.0625  0.155758
-0.25  -0.00413408
0.0625  0.0310091
0  -0.10852
0.09375  -0.0369055
-0.15625  0.0348908
-0.125  0.0862872
0.28125  0.119433
-0.0625  -0.103981
-0.125  -0.115657
0  -0.0433498
-0.125  -0.0297951
-0.0625  -0.228141
0.1875  -0.0786964
-0.0625  0.0432478
0.03125  -0.0493032
0.15625  -0.150928
0.21875  -0.248213
-0.0625  -0.109436
0.28125  0.00469278
0.1875  -0.0449692
0.0625  -0.0630398
0.03125  -0.0958059
-0.09375  -0.0410294
-0.125  -0.0187313
-0.0625  0.051497
-0.03125  0.218723
0  0.0417858
-0.03125  -0.000355587
-0.125  -0.149738
0.09375  0.111871
-0.03125  -0.0456813
-0.03125  0.259683
0  0.143995
0.125  -0.017033
0.125  0.0533639
0.03125  0.138303
-0.125  -0.156051
-0.03125  -0.022761
-0.125  0.00377364
-0.0625  -0.0770925
0.03125  -0.0217815
-0.15625  0.149016
0.03125  -0.126191
-0.03125  0.0922018
-0.15625  0.0411921
-0.125  0.0345077
0  0.097493
0.09375  -0.227439
0.09375  0.0681395
-0.03125  0.0665956
-0.03125  -0.159772
-0.0625  0.00452912
-0.0625  -0.103029
-0.0625  0.0709348
-0.125  -0.159922
-0.125  -0.275559
0  0.111382
0.125  0.019158
-0.15625  -0.17055
0.1875  -0.0868568
-0.125  0.0816449
0.09375  0.140357
-0.1875  -0.196873
-0.15625  0.131425
0.0625  -0.197987
-0.125  0.131179
-0.125  -0.00640063
0.21875  -0.116278
0  -0.128403
0  0.00921459
0  -0.0779399
0  -0.0969852
-0.03125  -0.142595
0.28125  -0.0900374
0.25  -0.113827
0.09375  -0.0792668
-0.03125  -0.240716
0.21875  -0.0340232
0.21875  0.0439317
-0.03125  -0.0913158
-0.125  0.0585563
0.03125  -0.0556353
0  -0.115871
0.1875  -0.00307581
0.0625  -0.148736
-0.0625  -0.275461
-0.15625  -0.236511
-0.3125  -0.125822
0.125  0.0364879
0.21875  -0.0137959
0.03125  -0.0230342
0.21875  -0.283127
0  -0.0596251
0.09375  -0.155297
-0.03125  0.0600407
0.09375  -0.0492705
-0.15625  -0.0577121
0  0.110284
0.125  -0.0788968
-0.09375  0.0510336
0  0.070435
-0.1875  -0.108626
-0.03125  0.0494436
0  -0.0290322
-0.1875  0.0094556
0.0625  -0.0685642
0.03125  -0.0283527
0.0625  -0.0554369
-0.15625  -0.11092
-0.1875  -0.244552
-0.15625  -0.29067
-0.03125  -0.0964807
-0.28125  -0.0124673
-0.0625  0.044549
0.03125  0.0527895
0.09375  -0.312738
-0.28125  -0.15237
0.03125  -0.0635848
0.15625  -0.151323
0.03125  0.0944297
0.0625  -0.0466264
-0.0625  -0.0119354
-0.03125  -0.317282
-0.03125  0.0114714
-0.0625  0.000469659
-0.03125  0.0837396
0.25  -0.302445
0  -0.195145
-0.0625  0.0215725
0.125  -0.38524
0  -0.0294339
0.125  0.248524
0.0625  -0.130611
-0.25  0.087463
0  0.0225444
0.125  -0.00176832
-0.125  0.12497
0.125  -0.166466
0.125  0.123234
0.09375  -0.016388
0  0.165232
0.1875  -0.0166877
-0.0625  -0.153909
0  0.0884829
-0.21875  -0.0592672
0  -0.0644555
0.09375  -0.073704
-0.15625  -0.0489864
0  -0.0548017
0  -0.327318
0.03125  0.105839
-0.34375  0.00248247
0  0.000137492
0.28125  0.000962003
-0.03125  -0.184088
0.09375  -0.0811263
-0.0625  -0.0818312
0.09375  -0.208094
-0.15625  -0.0958823
-0.03125  -0.0397546
0.03125  -0.110543
-0.21875  0.105773
0.03125  0.0532788
0.03125  -0.184702
-0.09375  -0.251592
-0.09375  -0.0582134
0.15625  -0.0874911
-0.03125  -0.191152
0.28125  0.140283
-0.21875  -0.0386105
0.09375  -0.00138047
-0.09375  0.050537
-0.15625  -0.0815462
-0.125  -0.113473
-0.1875  -0.0904868
-0.03125  0.0385041
-0.0625  -0.157294
-0.15625  -0.0971081
0  0.0185877
0.03125  0.0902281
0  -0.216908
-0.125  -0.00782247
-0.0625  -0.06416
0  -0.011352
0  -0.0630428
0.25  -0.35018
-0.09375  -0.183586
0.15625  0.214647
-0.03125  -0.218403
-0.09375  -0.0097014
-0.09375  -0.0923978
0.125  -0.0797758
-0.03125  -0.00640191
0.15625  -0.0237742
-0.03125  0.0801117
0.3125  -0.0206453
-0.21875  -0.251089
-0.09375  0.0928387
-0.03125  -0.032854
0.28125  -0.100865
-0.09375  -0.0112937
0  -0.26733
0.03125  0.0762889
0.21875  -0.109752
0.0625  -0.210497
-0.125  0.10629
-0.0625  0.0472924
-0.21875  -0.0383721
-0.0625  -0.0445366
-0.15625  0.037118
-0.09375  -0.0969804
0.09375  -0.147236
0  -0.0359704
-0.0625  -0.0671225
-0.1875  -0.0325054
-0.125  0.138403
0.1875  0.156387
0.1875  -0.0267003
0.0625  0.0492402
0.03125  -0.00321889
0.40625  -0.0916951
-0.0625  0.0306445
0.125  -0.0711752
-0.0625  -0.0284734
0.0625  0.091448
-0.15625  -0.0761247
-0.09375  -0.158432
-0.21875  -0.000612736
-0.03125  -0.243848
-0.09375  0.0176159
-0.0625  -0.0353855
-0.09375  -0.0063317
-0.1875  -0.0673625
0  0.053012
0.1875  0.0745
0.09375  -0.022687
0.0625  -0.120298
-0.0625  0.113509
0.0625  -0.133189
0.0625  0.0643051
-0.15625  0.0208587
-0.09375  -0.00389302
-0.125  -0.131028
0.03125  0.179611
-0.1875  -0.148131
-0.0625  -0.0977607
0.03125  -0.0716197
0.0625  -0.148149
0  -0.0233008
-0.15625  0.120106
0.21875  -0.390241
-0.09375  -0.108457
0  -0.0760625
0.03125  0.00437251
-0.03125  -0.0773653
-0.0625  -0.0962479
0.09375  -0.0107628
-0.25  0.148002
-0.03125  0.0580561
0.03125  -0.153779
0.0625  -0.284069
0.09375  0.0698073
0.0625  -0.0843888
0.125  -0.0377574
-0.03125  0.0379312
-0.0625  -0.0663776
-0.1875  -0.00692974
0.125  0.2513
0.0625  -0.107136
-0.09375  -0.121739
-0.09375  0.0645252
0.25  -0.187281
0.15625  0.0234655
-0.03125  0.0821381
-0.15625  -0.128652
0.03125  0.0747429
-0.125  -0.0265606
0.0625  -0.19244
0.15625  -0.122853
-0.09375  -0.0718518
0.0625  0.146041
0.09375  0.0978472
-0.1875  -0.0637736
-0.125  -0.129351
-0.125  0.0199453
0.21875  -0.148532
0.03125  -0.0525448
-0.0625  0.0739249
-0.1875  -0.0819424
-0.09375  -0.316692
-0.15625  -0.00630608
-0.1875  -0.00624348
0.09375  0.0895096
0.03125  -0.0548666
-0.0625  -0.00859784
0.03125  -0.0471317
0.0625  0.212089
-0.09375  -0.157242
0  -0.00406438
0.125  -0.118339
0.03125  0.0416156
0  -0.00185153
-0.03125  0.0129597
-0.15625  -0.159273
0.03125  -0.190505
0.125  -0.0907964
0  0.175223
-0.09375  -0.112638
-0.09375  -0.090568
0.125  -0.0806853
0.21875  0.0579622
0.09375  -0.101655
0.0625  -0.460935
0.0625  -0.0366872
0  0.199231
0.03125  -0.165588
-0.15625  -0.0463163
0.03125  0.157787
0.09375  -0.0253995
0.09375  -0.0833542
0.03125  0.101943
-0.1875  -0.0547108
0.03125  0.146636
-0.15625  0.136887
0  -0.00551266
-0.21875  0.159301
-0.15625  -0.175268
0.0625  0.0192946
-0.03125  -0.28251
0.15625  0.171798
-0.15625  -0.186033
-0.15625  -0.0775443
-0.03125  -0.00390831
0.09375  -0.0348806
0.0625  0.0498954
-0.1875  0.129374
-0.03125  -0.085764
-0.21875  -0.00153541
-0.03125  -0.0648218
0.125  0.0567565
-0.21875  -0.266274
0.09375  -0.12199
0.125  0.16858
0.03125  0.105811
-0.09375  -0.111879
-0.0625  -0.133118
0.3125  0.0736205
-0.1875  -0.196988
0.0625  0.0219266
0.09375  -0.162278
-0.09375  -0.0999629
-0.3125  -0.0939487
-0.0625  -0.0844442
0.09375  0.00338804
0.09375  -0.0717514
-0.03125  -0.28211
0.0625  -0.0323192
-0.125  0.031837
-0.09375  0.116635
0.3125  -0.024857
0.21875  -0.278674
-0.125  -0.195068
-0.125  -0.0780167
0.0625  -0.183678
0.03125  -0.0020942
0.1875  -0.111374
-0.15625  -0.190232
-0.15625  -0.289439
0  -0.119604
0.0625  -0.107987
0.15625  -0.240991
0.0625  -0.160859
-0.0625  0.0194764
0.15625  -0.256365
0.15625  -0.0614441
0.09375  -0.122842
0.0625  -0.0190742
0.125  -0.234363
-0.03125  -0.0319887
0  0.0158919
0.21875  0.0147591
0  -0.0765197
0.09375  -0.00890404
0.21875  0.251103
-0.03125  -0.0945047
0.0625  -0.102546
0  -0.10212
0.03125  0.14961
0.09375  -0.0178796
-0.0625  -0.0416631
-0.09375  0.0975217
0  -0.0748399
-0.15625  -0.132956
-0.25  0.041395
0.0625  -0.148229
-0.09375  0.0921055
-0.0625  0.00854379
-0.09375  -0.287807
-0.03125  0.0791108
0.0625  -0.219487
-0.03125  0.069714
0.09375  -0.0702566
-0.03125  0.125072
-0.03125  -0.109479
0.0625  -0.163922
0.03125  -0.00472554
0.21875  0.129028
-0.21875  0.206874
-0.15625  0.13109
0.125  -0.144441
0.1875  -0.0495592
-0.03125  0.0512155
-0.09375  -0.014151
0  -0.0573243
-0.0625  0.00237212
-0.0625  0.0848244
0.03125  0.017203
-0.09375  -0.134492
-0.0625  -0.0543026
0  0.0647852
-0.03125  -0.161892
-0.0625  0.100256
-0.0625  0.0253152
-0.0625  0.0211217
0.28125  -0.161212
0.25  0.0066563
-0.09375  0.0191412
0.0625  -0.128463
0  -0.00172373
0  -0.287074
-0.3125  0.0183429
0.0625  -0.0399037
-0.15625  -0.229175
-0.1875  0.106919
0.03125  -0.288771
-0.0625  -0.0440403
0  0.0585647
-0.125  0.176981
0.09375  -0.268956
-0.21875  -0.0306339
-0.03125  0.110983
0.0625  -0.182711
-0.125  0.0120644
-0.1875  -0.0910392
0  -0.00938782
-0.1875  -0.17103
0.0625  0.19177
0.125  -0.101024
-0.15625  0.0255114
-0.03125  0.142101
0.21875  -0.17167
-0.15625  0.10577
0.09375  -0.0429251
0.09375  0.0127871
-0.09375  0.0615311
0.15625  -0.0906448
0.25  0.0667246
0.1875  -0.187292
-0.0625  0.00893983
-0.125  0.065787
-0.09375  -0.0801995
0.125  -0.148652
-0.0625  -0.0810274
-0.0625  0.0216348
0.25  -0.0559702
-0.0625  -0.222176
-0.21875  0.127256
-0.21875  -0.0419888
-0.03125  -0.0363853
-0.0625  -0.0192416
0.0625  -0.0494476
0.09375  -0.0224547
-0.09375  -0.103598
-0.0625  -0.263422
-0.09375  -0.0625481
0  -0.0177122
-0.03125  -0.0174592
0.125  -0.0324782
0.1875  -0.185319
0.03125  -0.253733
0.125  -0.223162
-0.09375  -0.0469979
0  0.0496306
0.03125  0.119154
-0.1875  -0.15215
-0.15625  0.103353
0.09375  -0.124564
0.0625  -0.0638184
-0.03125  0.0215105
-0.46875  0.0336655
0.15625  0.196144
0.03125  0.127099
0.125  0.134916
-0.09375  0.232736
-0.1875  0.0203734
0.0625  0.104845
0  -0.00969673
0.15625  -0.291037
0  -0.0738599
-0.03125  -0.0974976
-0.1875  -0.175927
0.0625  -0.245138
-0.15625  -0.0730929
-0.03125  0.0458153
-0.03125  -0.135878
-0.03125  -0.0545584
0.09375  0.137362
0.0625  -0.171045
0.0625  0.149548
-0.09375  0.183217
0.21875  -0.290601
-0.15625  0.118469
0.21875  -0.113072
0.03125  -0.0237749
-0.0625  0.00400418
0.09375  -0.0355886
-0.25  -0.170646
-0.125  0.244773
-0.125  -0.139331
0  -0.00245516
0.15625  -0.0238694
-0.1875  -0.176052
0.09375  0.106373
0.0625  -0.146228
-0.0625  0.0382626
-0.09375  -0.274214
-0.15625  0.145197
0.125  -0.103964
0  -0.137665
-0.125  -0.165589
-0.0625  0.108961
0  -0.103952
-0.09375  -0.0812695
-0.0625  -0.137797
-0.21875  -0.106222
-0.03125  -0.1055
0.125  -0.0465941
-0.125  0.205542
0.0625  -0.237861
0.09375  -0.191554
0  -0.209039
-0.03125  -0.246462
0.0625  0.0213445
-0.15625  -0.0612724
0.0625  -0.252024
0.125  0.00998812
0.125  0.0201189
-0.15625  -0.053559
-0.28125  0.0743737
-0.03125  -0.200284
-0.03125  -0.0269092
-0.15625  -0.0010337
0.1875  -0.0287308
-0.125  0.237095
0.0625  -0.0595516
0.09375  -0.0934222
0.1875  -0.0621817
0.125  -0.132085
-0.25  -0.135168
0.125  0.0199773
0.0625  0.167851
-0.21875  -0.145701
0.125  0.0715107
0.03125  0.0605755
-0.21875  -0.0364713
-0.0625  -0.109804
-0.28125  -0.0575954
0.03125  -0.0198318
-0.09375  0.0148553
-0.125  -0.0971353
-0.09375  0.100938
-0.0625  -0.214794
0.09375  -0.310332
0.15625  0.0767695
0.03125  0.0917108
-0.0625  0.0846965
0.15625  -0.0261653
-0.0625  0.0305737
-0.15625  -0.129222
0.125  -0.0519238
-0.03125  0.0506547
0.15625  0.0332161
0.0625  -0.228155
0.34375  -0.0787292
0.0625  -0.18793
0  -0.0422682
0.1875  0.0735854
0.09375  -0.158883
0.21875  -0.0122011
-0.03125  -0.185267
0.0625  -0.111513
0.15625  -0.189675
-0.1875  -0.0493273
0.15625  0.0242135
0  0.115345
-0.09375  -0.144381
0.0625  -0.0457965
-0.1875  0.027635
-0.09375  0.150918
0.125  -0.216419
-0.0625  -0.0735054
-0.09375  -0.373346
0.03125  -0.0602285
-0.0625  0.227886
-0.09375  0.04401
-0.03125  -0.136683
-0.15625  -0.212647
0.15625  -0.048994
0  0.148918
0.15625  -0.0148691
0.1875  0.116804
0  -0.00527908
0.21875  0.00814509
0  -0.0491375
0.03125  -0.113376
0.125  -0.135306
-0.03125  0.168664
-0.03125  -0.134834
0.21875  -0.0240153
0.03125  -0.0195748
0.0625  0.223963
0.09375  -0.228605
0.03125  -0.265965
-0.125  -0.0307997
0.09375  -0.00488655
0  -0.126217
-0.03125  -0.168655
0.28125  0.0165601
-0.0625  0.0241714
0.125  -0.0928887
-0.03125  0.0467476
0.0625  -0.187857
-0.125  -0.0412569
0  0.148487
-0.03125  0.0236816
0.1875  0.223638
0.09375  -0.0164967
-0.125  0.0694126
0.125  0.0778436
-0.03125  -0.161571
-0.15625  0.153126
-0.15625  -0.110466
0  -9.01212e-05
-0.03125  0.0434468
0.15625  -0.0108311
0  0.0214954
-0.125  -0.179831
0.125  -0.253423
0.03125  -0.104529
-0.0625  -0.0485087
-0.03125  -0.126196
0.03125  0.0459968
0.125  -0.0229085
-0.28125  0.141121
-0.15625  0.163437
0.09375  -0.0477603
0.1875  0.1239
-0.03125  -0.114925
0.21875  0.0167334
-0.0625  0.0375017
0  -0.177744
-0.0625  -0.199517
0.09375  -0.155066
0.09375  -0.254091
-0.125  0.0585136
-0.09375  -0.160265
0.0625  -0.103181
-0.125  -0.0667658
-0.09375  -0.289423
0  -0.0434007
0.125  -0.177906
-0.21875  -0.0874324
-0.40625  0.0635599
0.3125  0.105632
-0.125  -0.1333
-0.09375  -0.0957554
-0.0625  -0.0295716
0.09375  -0.246824
-0.0625  -0.0661363
-0.125  -0.0544716
-0.15625  -0.192353
-0.1875  0.0642203
0.0625  -0.0526663
-0.0625  -0.0858205
0.0625  0.034963
-0.03125  0.118035
0.0625  -0.0618226
0.125  -0.059003
0.1875  0.0180088
0.1875  0.054794
-0.15625  -0.0708371
-0.125  -0.168231
0.09375  -0.0985047
0.03125  -0.202557
0.21875  -0.235411
-0.125  -0.0719416
0.03125  -0.174014
-0.125  0.132831
-0.03125  -0.155159
0.125  -0.0161752
0.21875  0.136433
0.0625  -0.191678
-0.0625  0.0994516
0.0625  0.155721
-0.03125  0.108257
0.21875  -0.0152606
0.0625  0.0365215
0  -0.0926413
0  -0.10164
-0.15625  0.226039
0.03125  -0.0488833
-0.09375  -0.162329
0.09375  -0.168424
0.0625  0.134943
0.03125  0.0343916
0.1875  -0.0576379
0  -0.0172319
0.03125  0.21295
0  -0.0922549
0.0625  -0.00149657
-0.125  0.07637
0  -0.0971494
0  0.0604779
0.15625  0.134362
0  -0.0482528
-0.03125  0.111853
-0.03125  -0.0398573
-0.125  -0.12312
-0.0625  -0.148296
-0.25  -0.127547
0.09375  -0.163431
-0.125  -0.18397
-0.125  0.0947151
-0.09375  0.0800772
0.15625  0.15294
0.0625  -0.199338
0.03125  -0.100764
0.1875  -0.264352
-0.28125  -0.208766
-0.1875  -0.282172
-0.125  0.152793
-0.34375  -0.110836
-0.0625  -0.0112816
0.09375  -0.0358912
-0.03125  0.106963
-0.09375  0.123998
0.125  -0.119188
0  -0.319939
-0.03125  -0.0966952
0  -0.139121
-0.03125  0.107122
0.03125  0.0275809
0.21875  -0.0432158
-0.03125  0.0363392
0  0.242706
0  -0.208146
0  0.00384462
0.03125  -0.0947352
0.09375  -0.0467717
0.125  -0.157985
-0.09375  -0.162428
0.0625  0.0263318
0.03125  -0.00861659
0  -0.0469051
-0.0625  0.122158
0.09375  -0.0939312
-0.0625  0.108959
0.125  -0.0327553
0.125  0.0717938
-0.03125  -0.00546701
-0.1875  -0.174783
0.03125  -0.0578607
0.03125  -0.0493766
-0.09375  0.189332
0.09375  -0.090775
-0.125  0.0338225
0.0625  -0.0893615
-0.09375  -0.265922
-0.1875  -0.10491
0.09375  -0.127059
0.03125  -0.245563
0.09375  0.143731
-0.09375  0.207632
0.09375  0.0302464
-0.25  -0.000185299
-0.03125  -0.20425
0  -0.162404
0  0.0879897
0.125  -0.14093
0.0625  -0.141791
-0.15625  0.030869
0.09375  -0.14419
-0.0625  -0.125607
0  -0.00118776
-0.25  -0.276946
-0.03125  0.121959
-0.15625  0.0686186
0.09375  0.0631705
-0.09375  0.0216418
0.125  -0.0452687
0.0625  0.00663975
0  -0.122172
-0.0625  -0.0983234
-0.0625  0.00866856
-0.1875  0.0687606
-0.25  -0.134267
0  -0.122618
0.21875  -0.133024
0  -0.0529866
0  0.0100899
-0.25  0.0712125
-0.09375  -0.0322967
-0.09375  -0.160838
0.1875  -0.171721
-0.03125  -0.251231
0.15625  -0.121614
0  -0.0606308
-0.09375  0.126914
-0.125  -0.0112158
0.0625  -0.0813234
-0.09375  -0.136528
-0.0625  0.0964383
0.0625  -0.153615
0.1875  0.194861
-0.125  0.0438487
0.125  -0.160387
-0.03125  -0.103136
0.03125  0.0971506
0.1875  0.126054
-0.09375  -0.0536728
0.03125  0.16773
0.125  -0.0893468
0  -0.063825
0.09375  0.111346
0.03125  0.166391
-0.09375  0.0915887
-0.09375  0.100382
0.09375  -0.0417464
-0.09375  -0.0760193
0.09375  0.0154808
0.21875  -0.127558
0.125  -0.126697
0.03125  -0.192506
0.21875  -0.109113
0.0625  -0.176009
0.03125  0.103216
-0.125  0.108464
0.15625  -0.19914
-0.0625  -0.0303396
0.03125  -0.0623379
-0.03125  0.0315061
-0.0625  -0.23721
0  0.0458935
-0.0625  -0.00582915
0.03125  -0.0178569
-0.28125  -0.16383
-0.15625  0.254501
0.09375  -0.115602
-0.09375  0.00472447
-0.125  -0.0268132
-0.09375  0.195569
-0.03125  -0.207373
-0.25  0.0223225
0.09375  -0.105246
0  0.160903
-0.125  -0.0439477
-0.34375  -0.088954
-0.15625  0.0703239
0.28125  -0.0285485
0.21875  0.00556448
-0.28125  -0.170131
-0.0625  -0.298018
0.0625  -0.150527
-0.03125  0.183181
0.15625  0.0362257
0.0625  -0.0152544
0.125  -0.0340975
-0.125  0.0629852
0  -0.0546315
0.09375  0.00582544
0.0625  -0.0943369
0.09375  -0.0427594
0.21875  -0.0660175
0.1875  0.0191985
0.0625  -0.142879
0.0625  0.135634
0  -0.00217046
0.03125  -0.0655664
-0.3125  -0.105268
0.125  -0.224636
-0.15625  0.230158
0.34375  -0.0700242
0.15625  -0.00925928
0.03125  -0.0695014
0  -0.222686
-0.09375  0.0676089
-0.03125  0.0211338
0.09375  -0.111713
0.09375  -0.10043
-0.03125  0.0226079
0.15625  0.0949526
0  -0.134719
-0.03125  -0.0995813
0.15625  0.00221095
0.0625  -0.146309
0.0625  0.106356
-0.03125  -0.147871
-0.0625  -0.176978
0.09375  -0.234998
0.15625  0.183491
-0.25  -0.055496
0.125  0.0919403
0.03125  -0.0942019
-0.0625  -0.297717
0.1875  -0.102113
0.0625  -0.120105
0  -0.177957
-0.125  -0.0971
0.03125  -0.103531
0  -0.0255205
0.09375  -0.154918
-0.03125  0.061266
0.15625  0.129234
0  0.160875
-0.03125  0.0280205
-0.21875  0.0201095
-0.0625  -0.122724
0.09375  -0.106437
0.0625  -0.0529412
-0.03125  -0.0677124
-0.03125  -0.0813685
0.0625  -0.0554034
-0.125  0.015562
-0.09375  0.0291628
0.0625  -0.0771699
0.09375  -0.167295
0.0625  -0.0876726
0.125  -0.143111
0.28125  -0.235142
-0.03125  -0.0999459
-0.125  -0.197977
-0.0625  -0.257239
-0.0625  -0.128694
0  -0.140787
0  -0.000366042
0  -0.243911
0.1875  -0.0413052
0.09375  0.00561168
0.09375  -0.128232
0.125  -0.0787869
0.0625  -0.140935
0.03125  0.107848
0.09375  -0.125847
0.1875  -0.135183
-0.125  -0.0250281
0.03125  -0.0956103
-0.09375  -0.309693
0.03125  -0.136894
0.0625  0.162564
0.0625  -0.125158
-0.125  -0.171517
0.09375  0.091488
0.0625  -0.0100871
0.03125  -0.107157
-0.03125  0.0195471
0.28125  -0.00544284
-0.09375  -0.0326818
-0.0625  -0.132249
-0.0625  -0.0579499
0.09375  0.0508915
0.03125  -0.257108
0  -0.0867336
0  -0.274325
-0.09375  0.0103993
-0.03125  0.0621101
-0.09375  -0.193651
0.0625  -0.11853
0.09375  0.198922
0.21875  -0.285733
-0.125  0.0742339
0.3125  -0.0217228
0.0625  0.048256
-0.34375  -0.101802
-0.15625  0.0847361
-0.09375  0.0500249
0.0625  -0.107523
-0.03125  0.0235709
-0.15625  0.144923
0  -0.0253512
-0.21875  -0.0779801
-0.03125  0.0881738
0  0.156942
-0.09375  -0.168597
-0.0625  -0.0997937
-0.15625  0.0358273
-0.0625  0.0599339
0.125  -0.0885304
0.03125  -0.0674453
-0.09375  -0.132941
-0.0625  -0.255358
0.125  -0.172028
0.09375  -0.148384
0.1875  -0.127341
0.0625  -0.0718856
0.03125  0.212352
-0.125  -0.122095
-0.03125  0.0373115
-0.03125  -0.0262027
0.0625  -0.0848271
-0.09375  -0.193122
0.03125  0.0377774
-0.0625  0.0335917
-0.125  -0.0531185
-0.09375  0.10219
0  -0.0850435
0.1875  0.136729
-0.0625  0.126389
-0.1875  -0.12876
-0.09375  -0.151045
0.0625  -0.102384
-0.03125  0.204822
0.28125  0.127798
-0.1875  -0.0653754
0.03125  0.0342081
-0.3125  -0.122951
-0.125  -0.274645
-0.21875  -0.166544
0.03125  -0.124996
0.03125  -0.135301
-0.0625  -0.0809848
-0.03125  -0.116932
0.0625  -0.384104
0  0.231454
0.21875  -0.0604339
0.03125  -0.000367955
-0.21875  0.153399
-0.09375  -0.000557793
0.15625  -0.258125
0.0625  -0.0811454
0.28125  0.232908
0.03125  -0.0350976
-0.1875  0.106812
0.09375  -0.0545119
-0.03125  0.021187
0.25  0.0493842
-0.09375  -0.0674437
0.0625  0.130748
0.21875  -0.0104857
0.21875  -0.193975
-0.03125  -0.219575
-0.15625  0.0950409
0.03125  -0.198546
-0.125  -0.111533
0  0.034079
-0.0625  -0.139325
0.03125  0.101432
0.0625  -0.000279169
0.0625  -0.00127991
-0.15625  -0.160427
0.09375  0.0552913
0  0.0223153
0.125  -0.12547
-0.34375  0.221137
0.03125  0.00215803
0.0625  0.114653
-0.0625  0.0998936
0.125  -0.10714
-0.09375  0.0907061
-0.0625  -0.0608544
-0.03125  0.00815868
-0.0625  0.00559397
0.0625  0.00313477
-0.03125  0.00887388
0.15625  0.0039741
-0.15625  -0.0375996
-0.0625  0.115306
0  -0.172578
-0.03125  0.0347388
0.0625  -0.0393977
0  -0.0889598
0  0.113016
-0.1875  -0.144468
0.03125  -0.240547
0.1875  -0.269674
-0.09375  0.0998507
-0.0625  0.172442
0  -0.112113
0.09375  -0.0399304
-0.03125  -0.00447731
0.03125  -0.13274
0  0.0362485
-0.25  -0.102815
0.09375  -0.135844
-0.28125  0.109302
-0.15625  -0.0719112
-0.03125  -0.215125
0.28125  0.05897
0.0625  -0.215546
0.03125  0.117511
-0.0625  -0.135966
-0.125  0.0433622
-0.125  -0.0241214
0  -0.0153539
0.15625  -0.00285533
0  -0.0798142
-0.03125  0.00958281
-0.03125  0.138444
-0.09375  -0.137517
0.0625  -0.20324
-0.03125  -0.00509501
-0.03125  0.137913
-0.0625  -0.00193589
-0.09375  -0.0392312
-0.03125  0.174122
0.125  -0.090494
0.0625  0.0602128
0.1875  0.0254566
0.15625  -0.126217
0.1875  -0.167294
0.0625  0.119137
0.03125  0.111077
-0.15625  -0.151739
0.25  -0.0106643
-0.0625  0.135176
0.1875  0.0833003
-0.15625  -0.0731807
0.21875  -0.0367721
-0.03125  -0.194847
0  -0.163841
0.03125  0.148209
-0.03125  0.0608649
0.0625  -0.0131662
-0.0625  0.0164682
-0.09375  -0.151243
-0.09375  0.0761328
0.1875  -0.0370308
-0.0625  -0.149546
-0.1875  -0.141797
0.03125  0.00741086
0  0.0699942
0.28125  -0.0868026
0.09375  -0.107267
0.03125  -0.0968583
0.125  0.0823711
0.15625  -0.155586
-0.03125  -0.0639467
0.125  0.149715
0.0625  -0.189169
0.09375  -0.253737
0  -0.00476188
-0.25  0.0603792
0.0625  0.116934
0.03125  -0.204866
-0.125  0.0626452
0.125  0.0730458
0.03125  0.05045
-0.15625  0.0654039
0.0625  -0.201373
0.3125  -0.291992
0.03125  -0.197436
-0.28125  -0.0743849
0.21875  -0.0484228
-0.0625  0.219816
0.15625  0.135407
0.03125  -0.256847
-0.1875  -0.481069
-0.0625  0.104563
-0.0625  -0.0816266
0.125  0.0466746
0  0.00798555
0.25  0.174614
0  0.144983
0.34375  -0.213688
0.15625  0.197066
-0.0625  -0.211737
-0.03125  -0.229686
-0.03125  -0.229799
-0.03125  -0.144965
-0.09375  -0.134388
0.25  -0.115982
0.0625  -0.065343
-0.0625  0.00546699
0.15625  -0.154046
0.15625  -0.12659
0.0625  -0.0518855
-0.0625  0.0245694
-0.03125  0.0363288
-0.03125  0.0848264
-0.1875  0.00650172
-0.1875  0.102201
-0.03125  -0.024244
0  -0.00456171
-0.09375  -0.140044
0.03125  -0.0411967
-0.03125  -0.141901
-0.1875  -0.188588
-0.125  -0.238446
-0.09375  -0.15062
0.21875  -0.270311
0.1875  -0.354896
0  -0.0667792
-0.1875  0.0834687
0.09375  -0.127545
0  -0.0681982
0.0625  0.0722386
0  -0.178915
0.09375  -0.0642801
0.09375  0.0366146
-0.09375  0.010109
0.125  -0.15171
0.125  -0.128347
0.0625  -0.235065
-0.03125  -0.227594
0.125  0.126232
0  -0.143489
0.03125  -0.0945518
-0.0625  -0.0984453
0.15625  -0.0758185
-0.0625  0.0700169
-0.0625  0.122894
0.03125  0.0346616
-0.0625  0.0358824
-0.34375  -0.253802
0.0625  -0.202327
-0.0625  0.12985
-0.15625  0.0440427
0.125  0.0199375
-0.25  -0.241965
-0.09375  -0.0898984
-0.15625  0.169637
0.09375  -0.0539682
0.0625  -0.0268996
-0.1875  -0.0974053
0.09375  -0.0469244
0.09375  -0.0419913
-0.0625  -0.00261612
-0.03125  0.00856144
0.1875  -0.0169334
-0.0625  -0.228146
-0.03125  0.0236485
0.25  0.0429966
-0.03125  0.0491906
-0.03125  0.081308
0.03125  0.243184
-0.1875  0.196722
-0.03125  0.128027
0.0625  -0.0774572
-0.125  -0.113988
0.03125  0.134743
-0.1875  -0.0827484
-0.125  -0.0552064
0.09375  0.0329161
-0.09375  -0.154483
0.125  0.157193
-0.125  0.00779182
0  -0.0638186
0.15625  0.0253255
0.0625  0.0271711
0.09375  -0.185492
0.1875  -0.126924
-0.03125  -0.0770432
-0.09375  0.0950111
-0.125  -0.151162
0  0.00829335
0  -0.0352925
-0.21875  -0.192905
-0.15625  -0.0436283
-0.09375  -0.251281
0.15625  0.0496837
-0.03125  -0.235792
-0.09375  -0.145571
0.0625  0.0852158
-0.125  -0.256147
0.1875  -0.0731568
0.0625  0.0972962
0.25  0.184193
0.3125  -0.00921453
0.1875  -0.0698932
0.03125  0.00774024
-0.1875  -0.220335
0.03125  0.00366353
-0.09375  -0.141689
-0.09375  -0.209827
-0.21875  0.011219
-0.125  -0.0727651
0.0625  -0.0108836
0.03125  -0.224791
0.1875  -0.277878
0  0.0146602
-0.03125  -0.0788204
0.28125  -0.175341
0.0625  -0.0439554
-0.03125  0.127569
0.125  -0.0751138
0.09375  -0.0335111
-0.15625  -0.0796311
-0.0625  0.0721209
0.25  0.0308754
-0.28125  0.0253116
0.03125  0.270979
-0.0625  -0.0823192
0  0.0808956
0  -0.2539
-0.09375  -0.252826
-0.09375  -0.0320866
0.09375  0.0628699
0.0625  -0.0803224
-0.03125  -0.0195913
0  -0.294184
-0.03125  -0.111761
0.1875  -0.167628
0.0625  -0.0812468
0.15625  0.0113568
0.09375  -0.0218503
0.0625  -0.0779
-0.125  -0.164404
0.09375  -0.120571
-0.0625  -0.1137
-0.03125  0.0480526
-0.03125  -0.0240921
0.15625  0.0918851
-0.1875  -0.109015
0.21875  0.0410204
0.09375  0.0755728
-0.15625  -0.0820184
0  -0.0876155
0.09375  -0.106041
0.03125  -0.0102674
0.0625  0.0600356
-0.03125  -0.222192
-0.0625  0.0118792
-0.1875  -0.0667791
0.15625  -0.0648148
0.25  -0.100385
0  0.0588762
-0.03125  -0.114587
0.25  -0.0557932
-0.125  -0.0451699
0.21875  0.0533092
-0.0625  0.00933997
0  -0.135591
0  -0.0322837
-0.15625  -0.0305275
-0.125  -0.0963906
0.28125  0.0768758
-0.03125  -0.0121466
0  0.00914372
-0.125  -0.018436
0.1875  -0.0804689
0  -0.0502373
-0.15625  -0.158257
-0.15625  -0.147039
0.03125  -0.246006
0.125  -0.153967
0.15625  -0.0928374
-0.125  -0.00700476
0.03125  0.0887368
0.09375  0.13985
-0.125  0.0241983
-0.03125  -0.0639306
-0.0625  -0.310884
-0.15625  -0.108614
0.15625  -0.234079
-0.09375  -0.0411875
0.0625  -0.0054578
-0.25  -0.0583058
0.125  0.170286
0.40625  -0.252991
0.3125  0.0493405
0.0625  -0.00390802
0.125  0.149669
0  -0.0021291
-0.0625  0.0219912
0.0625  -0.133649
0.15625  -0.143906
0  -0.260406
0.125  0.0355625
0.03125  -0.00013585
0.09375  0.23929
-0.125  -0.203816
0.0625  -0.255295
0.125  -0.348997
-0.0625  -0.138084
-0.21875  -0.181965
0.15625  -0.0849409
0.375  -0.391281
-0.0625  -0.163449
-0.125  0.0195195
0.03125  -0.0483509
0.03125  0.0477075
0  0.0766095
0.25  0.0628459
-0.28125  0.0995624
0.3125  0.0779022
0.25  -0.13063
-0.21875  -0.15628
0.09375  -0.0957169
-0.09375  0.0412496
0.25  -0.0106283
0  0.224718
-0.09375  0.114494
0.0625  -0.137242
-0.03125  -0.109813
-0.15625  0.133486
0.03125  0.0586076
-0.0625  0.345815
0.03125  0.0154448
-0.125  0.0611337
-0.125  -0.0464036
0.3125  -0.235063
-0.09375  -0.122292
0  -0.0956094
0.0625  -0.128823
0.03125  0.120381
-0.09375  -0.163318
0.09375  -0.0134346
-0.15625  -0.13121
-0.09375  -0.037667
0.125  0.00765392
0.0625  0.111987
-0.03125  -0.0337948
0  -0.0217121
0.1875  0.140192
-0.125  -0.0201516
-0.0625  -0.119779
-0.03125  -0.213347
-0.28125  -0.0711624
-0.09375  -0.0403811
0.03125  -0.154837
-0.03125  0.0535648
0  -0.172277
0  0.0455646
-0.15625  -0.0571399
0.0625  -0.0323755
0.125  -0.137008
0.0625  -0.0495502
-0.125  0.0510905
0  -0.00493974
0.15625  -0.0397718
-0.0625  -0.0129617
0.0625  0.00469339
-0.03125  -0.240944
0.09375  0.00586918
0.21875  0.0723434
-0.0625  0.0132938
-0.03125  -0.24997
-0.0625  -0.0714177
-0.25  -0.068088
0.15625  -0.0814533
0  0.0301628
-0.34375  -0.128275
0.15625  -0.08671
0.15625  -0.0433635
0.09375  -0.0844434
-0.28125  0.2153
0.03125  0.123001
-0.1875  -0.209536
0.03125  -0.072585
-0.21875  -0.0304402
-0.21875  0.0474008
0  -0.126278
0.1875  -0.154989
-0.25  -0.101863
0.09375  -0.0798273
-0.1875  -0.35817
0.0625  -0.0313195
-0.03125  -0.0589646
-0.0625  0.0562352
-0.125  -0.0446483
0.125  -0.0120487
0.125  0.115923
0.125  0.0109569
-0.03125  -0.028414
-0.15625  -0.0739082
-0.125  -0.0201723
-0.0625  0.0314298
0.15625  -0.0464463
-0.09375  -0.016852
-0.03125  -0.034928
-0.3125  -0.0613702
0  -0.0923862
0.0625  -0.0555399
-0.03125  0.149622
-0.1875  0.0295334
-0.0625  -0.19489
0.28125  -0.0982653
-0.125  -0.124981
-0.125  -0.0762342
0.3125  -0.150988
-0.125  -0.199013
-0.09375  0.242182
0.03125  -0.205723
-0.09375  0.0252028
0.125  -0.0588668
0  0.0113956
0  0.0232514
0.3125  0.0335281
0.0625  0.0117415
0.15625  -0.110119
0.15625  0.150286
0.15625  0.084559
-0.03125  0.00521345
0  0.13313
-0.03125  0.00765296
0.25  -0.117934
-0.09375  0.216003
-0.1875  -0.0511671
-0.03125  -0.0810364
0.03125  0.134247
0.03125  -0.0247933
-0.03125  0.024198
-0.03125  0.0645362
0.125  0.128635
-0.15625  -0.223611
0.03125  -0.0400168
0.0625  0.0745746
0  -0.19004
-0.1875  -0.261218
0  0.0465375
0.09375  0.0726812
0.0625  0.0919506
0.125  0.133051
-0.0625  -0.118317
-0.15625  -0.0572115
0  0.135491
-0.15625  0.0603233
0.09375  0.0550529
0.21875  -0.185023
-0.03125  0.120184
0.3125  -0.172089
-0.125  0.0753166
-0.09375  -0.0819431
0.0625  0.010646
0  0.22539
0.09375  -0.177549
0.1875  0.00735023
-0.03125  -0.295909
0.1875  -0.180938
0.0625  0.0297771
-0.09375  -0.17488
0.09375  0.0538071
-0.21875  -0.0742928
0.09375  -0.0678981
-0.15625  -0.0545956
0.15625  -0.0809534
-0.125  -0.131651
0.1875  -0.331451
-0.21875  -0.0305163
0.03125  -0.0403901
-0.125  -0.0819353
-0.15625  -0.0378591
0.0625  -0.0609027
0.0625  0.0609885
0.21875  -0.160822
-0.1875  0.00366423
-0.1875  -0.0997171
0.03125  -0.232988
-0.21875  0.0706928
0.03125  -0.267347
0.09375  -0.219333
0.03125  -0.28544
0.03125  0.0438019
0.0625  0.0984185
-0.125  -0.023199
-0.09375  -0.0680967
-0.03125  -0.0101434
-0.03125  0.061921
-0.15625  -0.000810356
0.03125  -0.376083
0  -0.158456
-0.125  0.0828126
-0.09375  0.0333316
0.0625  0.0206583
-0.125  0.0935613
-0.15625  -0.0640067
-0.03125  0.0217973
0  -0.140496
-0.1875  0.108975
-0.03125  -0.0930585
-0.0625  0.0348007
-0.125  -0.00403639
0  0.0847371
-0.0625  -0.135809
0.03125  -0.25772
-0.0625  -0.0987819
-0.09375  -0.198197
-0.0625  -0.102116
0.0625  -0.134115
-0.1875  -0.231798
0.15625  0.0761917
-0.0625  0.106719
0.125  -0.208954
0  0.092475
0.09375  -0.168917
0  0.045313
-0.03125  0.0431271
-0.1875  0.00844978
0.0625  -0.0393255
-0.09375  -0.0491723
0.125  -0.100297
0.125  -0.0503215
0.03125  -0.0076628
0.21875  -0.153908
-0.0625  0.0892859
0.0625  0.0627021
0.03125  -0.10462
0  -0.274099
-0.09375  -0.0479014
0  0.0126358
-0.1875  -0.182255
0.03125  0.0227259
-0.09375  -0.319242
0  0.0313939
-0.15625  0.0839539
0.0625  -0.0508529
0.03125  -0.164272
-0.0625  -0.0660947
-0.0625  0.0341415
0.09375  -0.276844
0.15625  -0.0738168
0.03125  -0.317509
0.21875  0.114535
-0.15625  0.0451978
0.0625  0.0590135
-0.03125  -0.0559835
-0.0625  -0.371867
-0.34375  -0.0873093
-0.28125  0.00679752
-0.15625  0.00359584
0.03125  0.0353325
0.03125  -0.0525563
-0.09375  -0.0978009
-0.03125  -0.165791
-0.1875  -0.0720881
0.03125  -0.124116
0.0625  -0.113216
0.15625  -0.231415
0.125  -0.136076
0.15625  -0.0353247
-0.0625  0.151546
0.03125  0.139661
0.0625  -0.266064
0  0.114068
0.15625  -0.273409
0.125  -0.0724889
0.15625  -0.173492
-0.09375  -0.187375
0.125  0.0857049
-0.0625  -0.1252
-0.21875  0.0279604
-0.0625  0.0962651
0  -0.0593175
0.15625  -0.0535514
0.09375  -0.190716
-0.03125  -0.277425
0.125  0.0581794
-0.0625  -0.0213636
0.21875  -0.181495
0.09375  0.00394896
0  -0.109843
0.0625  -0.208818
0.125  -0.0816429
0.125  0.0611016
-0.1875  0.0840566
-0.0625  0.0874902
-0.09375  0.00651076
0  -0.187938
0.03125  -0.158763
-0.03125  0.000978267
-0.09375  -0.17002
-0.15625  -0.0868309
-0.03125  0.00600766
0  -0.0977142
-0.125  0.22845
0.21875  -0.327021
-0.125  -0.123178
-0.1875  -0.109849
-0.21875  -0.109306
-0.03125  -0.00220779
0.03125  -0.0970076
0.03125  0.03507
-0.0625  -0.0681067
0.03125  0.0946164
0.15625  -0.161297
-0.1875  0.0467937
0.03125  0.160923
0  -0.0363748
-0.03125  -0.0186494
0.0625  0.0607408
0.0625  -0.0668925
0  -0.0956281
0  0.0648001
-0.25  0.011338
0.0625  -0.223753
0.125  -0.0375252
0.25  -0.112504
-0.15625  -0.0853207
-0.03125  -0.145367
-0.09375  0.00366953
-0.15625  0.0697213
-0.03125  0.0482951
0  0.0377253
0.0625  0.109688
0  -0.04381
0.15625  0.0361574
0  -0.141442
-0.0625  -0.0289011
-0.0625  -0.254377
0.03125  -0.21834
-0.0625  0.00858897
-0.03125  0.0248659
0  0.0760988
0.25  -0.134956
0  0.0592658
-0.125  -0.122348
-0.28125  -0.140182
-0.1875  -0.295628
0.09375  -0.0138133
0.03125  -0.0417401
0.125  -0.148512
0.15625  -0.186434
0  -0.0439894
0.28125  0.161319
0  -0.0990644
-0.09375  -0.187167
-0.09375  -0.202446
0.09375  0.0327951
0  -0.178055
-0.21875  -0.04087
-0.03125  0.0990203
-0.03125  0.159326
-0.03125  -0.130743
0.09375  0.171586
0  -0.143148
-0.0625  -0.140156
0.09375  -0.0524604
-0.0625  -0.191916
0  -0.233964
-0.1875  -0.241212
-0.03125  -0.10133
0.1875  -0.0319246
-0.25  -0.0237933
-0.0625  -0.0823983
0.25  -0.0733192
0.03125  0.118533
-0.15625  -0.12523
0  -0.305694
-0.03125  -0.0985394
0.03125  -0.0861115
-0.125  0.0958896
-0.03125  -0.208699
-0.3125  0.00259658
-0.125  -0.193348
0.1875  -0.0454605
-0.03125  -0.131022
-0.125  -0.292481
-0.1875  -0.062694
0.03125  -0.000374039
-0.15625  0.0833248
0.0625  -0.0847313
0.0625  0.168452
0.03125  0.162536
0  -0.0232342
0.03125  -0.1573
-0.0625  -0.00710974
0  -0.10132
0.09375  -0.254266
0.09375  -0.29499
0.125  0.000458738
-0.125  -0.262541
-0.125  -0.135461
-0.125  0.0618028
0.0625  0.0663627
-0.0625  0.0711727
-0.15625  0.0403853
0.09375  -0.0285505
0.1875  0.00626336
0.15625  -0.00961929
0.21875  -0.276725
-0.03125  0.0999416
-0.1875  0.148186
0  0.0143901
-0.03125  0.0344037
-0.03125  0.206179
0  -0.0870425
0.15625  0.106467
-0.125  -0.082066
-0.0625  0.0660006
-0.0625  -0.0639722
0  -0.0933951
0.125  -0.177924
-0.0625  0.00185817
0.1875  -0.066824
0.0625  -0.156204
0.03125  -0.109063
0.0625  0.0294472
0  0.0367219
-0.03125  -0.10079
-0.15625  -0.106252
0.09375  -0.063926
0.15625  -0.139684
0.125  -0.226445
0  0.0753327
-0.15625  -0.00989633
0  -0.0288257
0.125  -0.107056
0.125  -0.226936
-0.21875  -0.0857745
-0.09375  -0.112174
0.09375  -0.00150132
-0.0625  0.0521054
-0.03125  -0.153748
-0.15625  -0.0686779
-0.09375  -0.102305
-0.09375  -0.0867661
-0.09375  -0.112153
0.15625  -0.147339
-0.03125  -0.0457864
-0.0625  -0.0274333
0  0.00722373
0.0625  0.216189
0.03125  0.138535
0.25  -0.189829
0.09375  -0.14765
-0.03125  0.0372563
0.0625  -0.030093
-0.03125  -0.0520039
-0.03125  0.134127
0.0625  -0.00534588
0.03125  -0.115546
0.25  -0.0164129
-0.125  -0.0632065
-0.0625  -0.0313223
-0.09375  0.225632
0.03125  -0.110658
-0.1875  -0.0169337
0.03125  -0.116007
-0.15625  -0.00515052
0.125  -0.0446588
-0.125  -0.101108
0.15625  0.168771
0.28125  -0.0432176
-0.1875  -0.0844074
0.0625  -0.0265279
0.03125  -0.056943
0.1875  -0.142801
-0.09375  -0.225513
0.03125  -0.0278749
-0.125  0.0586726
0.21875  -0.324226
-0.125  -0.169863
-0.03125  -0.120424
0.03125  -0.0281653
-0.03125  -0.0702292
0.125  -0.167954
-0.125  -0.0106155
0.0625  0.000767747
-0.09375  -0.280321
0.15625  -0.100857
0.09375  0.011742
0.09375  -0.0864724
-0.09375  0.0544886
-0.1875  -0.0638643
-0.0625  -0.0099666
0.09375  -0.0919501
-0.0625  0.209423
0.09375  -0.151565
-0.09375  -0.188678
0.09375  0.160288
0.25  -0.206229
-0.21875  -0.0331335
0.09375  0.0142415
-0.125  0.0103871
0.09375  0.0450469
0.03125  -0.107006
0.0625  -0.0036322
0.0625  0.0316773
0.1875  -0.0015788
-0.03125  0.0804619
-0.09375  0.106525
-0.09375  -0.0564382
-0.0625  -0.0783311
-0.0625  0.098614
-0.0625  0.238817
-0.15625  -0.0752563
0.1875  -0.238282
-0.21875  -0.104588
-0.09375  0.0202518
0.09375  -0.139879
-0.03125  0.116281
-0.125  -0.203254
0.09375  -0.00244971
0.125  0.0300332
-0.09375  -0.128455
-0.03125  -0.130279
-0.03125  -0.198518
-0.28125  -0.0796114
0  0.0885353
0.15625  0.049074
-0.0625  -0.136571
0.125  -0.191716
-0.0625  -0.142566
-0.125  0.0416284
0.03125  -0.0770524
0.125  -0.0668269
-0.25  -0.201887
0.21875  -0.0832024
0.03125  0.0696123
0.0625  -0.00260999
-0.09375  -0.0408715
0.1875  -0.109938
0.03125  -0.118396
-0.0625  -0.0111839
-0.03125  -0.0836342
0.125  -0.0176094
0.15625  -0.0059211
0  0.0367219
0.03125  0.0558874
0.0625  -0.153665
-0.125  -0.203118
-0.15625  -0.14149
0.15625  -0.170271
0.1875  -0.142496
-0.09375  0.0503655
-0.0625  -0.266497
0  -0.102468
0.1875  0.0502073
-0.09375  0.112469
0.0625  0.0778258
0  -0.0735731
-0.03125  -0.100039
0.15625  -0.0805135
-0.0625  -0.312592
0  0.0686809
-0.0625  -0.218299
-0.0625  0.0644366
-0.03125  -0.176059
-0.03125  0.206119
0.03125  -0.114957
0.0625  0.145083
-0.125  0.179622
-0.03125  -0.183257
0.09375  -0.105973
0.0625  -0.0381554
0.03125  -0.0120956
0  -0.0721054
-0.21875  0.000866517
0  -0.0509968
-0.25  0.0581545
-0.15625  -0.206719
-0.0625  -0.0697554
0  0.21218
-0.03125  -0.109671
0  -0.159399
0.09375  0.0881133
0.125  0.00190058
0.03125  -0.105995
0.03125  -0.0753104
-0.0625  -0.0449825
0  -0.220475
0  -0.111676
-0.03125  -0.047299
0.15625  -0.152016
-0.21875  -0.232408
-0.0625  -0.0182031
-0.125  -0.10246
-0.1875  -0.14984
-0.0625  -0.0829567
-0.03125  -0.209049
0.0625  -0.109619
0.1875  -0.0675657
0.03125  -0.186638
-0.0625  -0.0166817
0.09375  0.0782869
0.0625  -0.276334
-0.09375  -0.220908
0.1875  -0.0852643
0  0.101155
-0.28125  0.217852
-0.09375  0.0283895
0.03125  -0.0386076
0.0625  -0.188068
-0.09375  -0.0789493
0.125  -0.0612334
0.125  -0.0904936
-0.03125  0.172767
0.0625  0.270674
0  0.0729575
-0.0625  -0.051956
0.15625  -0.0807851
-0.09375  -0.215136
0  0.0510787
0.03125  -0.0944757
0  -0.0516956
-0.3125  -0.155489
0.0625  0.225609
-0.1875  -0.0203102
0  -0.0330061
0  0.209746
-0.03125  -0.127179
-0.0625  0.105345
-0.03125  -0.0865715
-0.09375  -0.0966108
0.03125  -0.0718795
0.0625  -0.201536
-0.125  0.146452
-0.125  0.179802
0  0.0657626
-0.0625  -0.0618623
-0.09375  0.0103335
0  0.0522083
0.3125  0.137317
0.21875  -0.11212
0.15625  0.0500976
0.03125  -0.123564
-0.09375  -0.204594
0.09375  -0.158541
0.0625  0.0255646
0  -0.116019
0.125  0.196653
-0.03125  -0.0971592
0.0625  0.0398131
0.03125  -0.158193
0.0625  0.0350994
0.0625  -0.00840832
-0.09375  -0.0335672
0.0625  0.0864279
0.03125  -0.277354
0.0625  0.17409
0.03125  -0.162314
-0.09375  -0.103893
0.28125  -0.0825418
0.15625  0.0114179
-0.0625  0.119212
0.09375  -0.105253
-0.15625  -0.170298
-0.15625  -0.0997729
0.03125  -0.0468338
0.125  -0.0421191
-0.03125  -0.0265496
-0.125  -0.15219
-0.125  0.105343
0.0625  -0.0691515
-0.0625  0.0195596
-0.1875  0.0608384
0.03125  -0.184307
0.0625  0.135214
-0.1875  -0.0851022
-0.03125  0.151005
0.125  0.193222
-0.1875  -0.0852728
0.09375  -0.0899614
0.03125  0.0641343
-0.125  -0.153583
0.03125  -0.205026
0.125  0.0818869
0.09375  -0.20497
0.375  -0.284107
0.0625  -0.0306925
0.25  0.10406
0.03125  0.145876
0.09375  -0.0716049
-0.1875  0.0202707
0  0.0767873
-0.21875  0.00254822
0  -0.00188192
-0.0625  -0.00932043
0  -0.155115
0  0.142499
0.21875  -0.0860874
-0.21875  -0.144737
-0.125  0.0901064
0.25  0.0936816
0.09375  0.152136
-0.03125  0.0153988
0.0625  -0.10134
0.3125  -0.0848731
0.03125  -0.197951
0.09375  0.0772642
-0.1875  -0.253135
0.09375  -0.0599615
0  -0.127471
-0.0625  0.205041
0.1875  0.17665
-0.15625  0.0179658
-0.15625  -0.155694
-0.03125  0.0381932
0.0625  -0.14923
-0.28125  0.0710311
-0.15625  -0.0121626
-0.3125  -0.285731
-0.03125  0.00105536
0.15625  -0.0912215
0.0625  0.0696861
0.09375  0.0257923
-0.0625  0.0413403
0  0.0413999
-0.15625  -0.0365233
0.125  -0.10019
0.15625  -0.00414281
0.09375  0.144272
-0.0625  -0.0837596
-0.03125  0.155726
0.0625  -0.145849
0.21875  -0.115891
-0.0625  -0.144744
0.15625  0.0404971
-0.21875  0.152081
-0.1875  -0.00563798
-0.15625  -0.18399
0.0625  -0.170825
0.25  -0.169376
0.03125  0.131467
-0.21875  -0.249498
-0.0625  0.0902912
-0.03125  -0.243714
0.03125  -0.0435787
-0.125  0.0497836
0  -0.093885
0  -0.137855
0.28125  -0.00857958
-0.03125  -0.184987
-0.15625  0.120856
0  -0.149483
-0.03125  0.0630294
-0.125  -0.1105
-0.03125  -0.103418
0.03125  0.0800627
0.03125  -0.122902
0.0625  -0.0933436
-0.0625  -0.11381
0.03125  0.0382982
0.09375  0.0102824
-0.09375  -0.0518984
-0.25  -0.0352978
-0.09375  -0.11945
0.0625  -0.0635605
0.09375  0.127109
0.09375  -0.0119994
0.1875  0.0214518
-0.03125  0.0432999
-0.15625  0.0721524
-0.03125  -0.152134
-0.15625  0.0558705
0.125  -0.12327
-0.03125  -0.0717325
-0.03125  0.0866567
0  -0.0641491
0.0625  -0.00261727
-0.0625  -0.0260538
-0.1875  -0.0953008
-0.03125  0.0848136
0.21875  -0.0838448
0.125  0.0163704
0.03125  -0.00356117
0.09375  -0.137324
0.21875  -0.21995
0  -0.213054
-0.03125  0.0288166
0.125  0.154886
0  0.169839
-0.0625  -0.0266506
0.03125  -0.227865
0.03125  -0.0601047
0.125  0.100842
0.21875  0.0913366
-0.03125  0.0271646
0.09375  0.0299653
-0.03125  0.035088
0.03125  -0.113917
0.03125  -0.156441
-0.0625  -0.0488558
-0.15625  -0.0576961
0  0.10454
0.125  0.12166
-0.0625  -0.00427152
-0.03125  0.130604
-0.0625  -0.0886931
-0.125  -0.137532
0  0.0119128
0.1875  0.0348685
0.25  -0.0039377
-0.0625  -0.0840168
0.0625  -0.251372
0.03125  -0.162947
-0.0625  0.0839298
0.125  0.0319247
-0.21875  -0.133252
0.03125  0.00639796
0.03125  -0.163335
0.125  -0.00279641
0.0625  -0.0816183
0.09375  -0.00863913
0.09375  0.0367237
0.09375  0.028726
-0.125  -0.172546
0.1875  0.0386273
0.09375  0.0883696
-0.03125  -0.0575987
0.0625  -0.177246
0.0625  0.0874297
0.1875  0.142366
0.15625  -0.0868655
-0.09375  0.113838
0.125  0.0374755
0.15625  -0.156012
0.03125  -0.234644
-0.125  0.172591
-0.09375  -0.0668693
-0.15625  0.0538242
0.09375  -0.141941
0.0625  -0.233633
-0.0625  -0.0914823
-0.21875  -0.103218
-0.0625  -0.141598
0.09375  -0.235673
0.03125  -0.134302
-0.125  -0.158196
-0.1875  -0.17174
-0.1875  -0.205733
0.1875  0.0387891
0.21875  0.0114923
-0.09375  -0.1946
0.03125  -0.196902
0.21875  0.045335
0.15625  -0.142248
-0.03125  0.10222
0.15625  -0.0305656
-0.03125  -0.02181
-0.09375  0.127664
-0.0625  0.0294472
0  -0.0691673
0  0.0906734
0.15625  -0.097449
0.1875  -0.130525
-0.09375  -0.0722351
-0.125  0.144271
0.125  -0.128286
-0.0625  0.24255
-0.03125  -0.088314
0.125  -0.268233
-0.15625  0.128205
0.25  -0.0468101
0.1875  0.0145278
0.0625  0.0148256
-0.0625  -0.02208
0.0625  -0.034191
0.125  -0.13089
0.15625  -0.0331105
-0.03125  0.067465
0.03125  -0.165162
0.09375  -0.0406707
-0.0625  -0.025785
0  -0.0187577
0  0.0189418
0  -0.299444
-0.15625  -0.092384
-0.09375  0.128107
-0.0625  -0.018168
-0.09375  -0.0994694
-0.0625  0.0221065
-0.09375  -0.173349
0  0.045488
-0.3125  -0.0749762
-0.03125  -0.00719328
0.21875  -0.0647959
0.125  -0.134962
0.125  -0.338894
-0.125  -0.0338468
0.03125  0.013958
-0.03125  0.120152
0.09375  0.083892
0.25  0.00533585
0.28125  -0.310753
-0.0625  0.0430722
0  -0.0636423
-0.21875  0.0376684
-0.03125  0.0520122
0.21875  -0.166699
-0.03125  -0.201759
0.09375  -0.0679234
-0.15625  -0.213261
-0.125  0.26836
0.09375  -0.0842692
0.09375  -0.173988
0.03125  -0.114672
-0.09375  0.0778907
0.09375  -0.0221596
0.1875  -0.165709
0.15625  -0.211799
-0.125  -0.10393
-0.125  -0.076893
0.0625  -0.0588998
0.09375  0.0342443
-0.15625  0.0672215
0.09375  -0.0106581
0.25  -0.106612
0.03125  -0.150255
0.1875  -0.261304
0.0625  -0.127766
0  0.011865
0.125  0.0672415
-0.15625  -0.164457
-0.1875  -0.0430274
-0.1875  -0.343612
-0.0625  -0.0834313
0.0625  -0.0846804
-0.03125  -0.151252
-0.0625  0.0549919
0  -0.102664
-0.09375  -0.142717
0.1875  0.130935
0.09375  -0.00567806
-0.125  0.133965
0.125  0.0433547
0  -0.117333
0.0625  0.0897457
-0.03125  -0.0930138
-0.03125  -0.138274
-0.03125  -0.111593
-0.0625  -0.296814
-0.0625  0.134786
-0.09375  -0.363216
0.1875  -0.0335271
-0.15625  -0.0631215
-0.15625  -0.164898
-0.125  0.123049
-0.09375  0.102464
0.09375  -0.216116
-0.09375  0.0751683
0.25  0.0796682
0.125  -0.115988
-0.0625  0.0646689
0.03125  0.0922394
-0.09375  0.0469849
0.125  0.04556
0.09375  -0.178509
-0.09375  0.048964
-0.0625  -0.0313208
0  -0.0450744
-0.0625  -0.0908481
0  0.0054184
-0.03125  -0.173942
-0.15625  -0.0749916
0.15625  0.122222
0  -0.0342895
0.15625  -0.153305
0.0625  0.183664
0.09375  -0.00588122
-0.0625  0.0426985
-0.03125  -0.232072
0.125  -0.178398
-0.09375  0.364732
-0.03125  0.0176756
0.125  -0.21098
0.3125  -0.043049
-0.125  0.186635
-0.09375  -0.19383
-0.0625  -0.153192
-0.03125  -0.117499
0.125  0.102926
-0.0625  0.174172
0.09375  -0.0800792
-0.15625  0.213756
0.1875  -0.3158
-0.125  -0.119662
-0.0625  -0.12837
-0.15625  -0.00130009
-0.21875  -0.1494
-0.0625  -0.00429756
0.03125  0.0660674
0.1875  -0.0173594
0.0625  0.140384
0.15625  -0.112855
-0.09375  -0.220347
0.15625  -0.0924804
-0.25  -0.154481
0.09375  0.113864
-0.0625  -0.0273813
0.03125  -0.118928
-0.03125  -0.0614249
-0.03125  -0.0424403
0.15625  -0.0667954
0.125  -0.0565568
-0.125  0.11843
0.0625  0.032343
0.09375  0.0935597
0.09375  -0.0832564
-0.28125  -0.0716273
-0.15625  0.0102782
-0.125  0.18023
0.0625  -0.129533
-0.25  -0.0733502
0.15625  -0.112404
0.0625  0.00912213
0.15625  -0.158891
-0.03125  -0.00104331
0.03125  -0.0200498
0.0625  0.0864074
-0.09375  -0.0346117
0.21875  -0.167066
-0.1875  0.196051
0.09375  0.00234784
-0.15625  0.0251803
-0.0625  -0.124517
0.03125  -0.287743
0  -0.00496551
0.0625  -0.131894
-0.15625  0.00828891
-0.15625  -0.10272
-0.15625  0.0931589
-0.25  -0.0679895
0.15625  0.166679
-0.21875  -0.110549
0.125  0.0358583
0  -0.221084
-0.0625  0.16353
0.25  -0.219634
0.03125  0.0747182
0  -0.0334479
-0.0625  -0.0295403
0.09375  -0.172325
0.0625  -0.299766
0.25  0.109991
0.09375  0.0684075
-0.03125  -0.0762418
-0.0625  -0.0917522
-0.09375  -0.0617742
0.0625  0.00675115
0.0625  -0.00750719
-0.09375  -0.184712
-0.15625  -0.270316
0.125  -0.118195
0.09375  0.0452277
0  -0.0624876
-0.0625  -0.0118878
0.03125  0.0889632
-0.25  0.147835
-0.1875  -0.0755725
0.0625  0.070721
0.3125  0.0318346
0.03125  0.061067
-0.09375  -0.0728245
-0.125  -0.109803
0.125  0.0135631
0.09375  -0.156561
-0.03125  -0.232304
0.125  0.00836662
-0.09375  -0.0114129
0.03125  -0.105991
-0.125  -0.127899
0.25  -0.0702727
-0.09375  0.0580648
0  0.0914016
0.15625  0.0389601
-0.03125  -0.187853
-0.09375  0.138161
-0.15625  -0.104891
-0.03125  0.227378
-0.09375  -0.0678298
0.21875  -0.0497629
-0.15625  -0.235921
0.0625  -0.178919
-0.0625  -0.225477
-0.28125  -0.199868
0.09375  0.108537
-0.0625  -0.103078
-0.0625  -0.228952
-0.03125  0.0168504
0.28125  0.041269
0.09375  0.0853845
0.09375  0.0919071
0.03125  -0.0122308
0.21875  -0.37468
-0.125  -0.117401
-0.0625  0.0307652
0.0625  -0.123105
0  0.233071
0.125  -0.182409
-0.25  0.00714323
0.1875  -0.0861392
0.0625  -0.16108
0.15625  -0.0188941
-0.03125  -0.0970707
-0.03125  0.0713663
0.03125  -0.0550177
-0.03125  -0.150432
-0.09375  0.0645629
0.03125  0.0495152
-0.1875  -0.195231
0.21875  -0.134655
0.03125  0.38807
-0.0625  -0.249983
-0.03125  -0.0127862
-0.15625  -0.167241
0.1875  -0.0653167
-0.28125  -0.0691944
-0.21875  -0.00896271
0.21875  -0.00673935
0.21875  -0.107315
-0.09375  0.00264852
0.0625  -0.120405
-0.15625  -0.117785
0.03125  -0.0176601
-0.0625  -0.29793
0.03125  0.0321363
-0.125  0.0364684
-0.03125  -0.317805
-0.03125  0.0785126
-0.03125  -0.0455575
0  -0.0289457
0.125  -0.0364362
0.03125  0.0598111
0.09375  -0.210976
0  -0.0769359
-0.125  0.237084
0.21875  -0.0579581
0  -0.150604
-0.09375  0.00199936
0  0.0289315
-0.125  -0.0610509
-0.1875  0.0679549
-0.0625  -0.28984
-0.1875  -0.00631989
0.03125  -0.0482465
0.0625  -0.238766
0  -0.237387
-0.0625  -0.154598
-0.15625  -0.167409
-0.15625  0.0340054
-0.125  -0.161326
0.03125  -0.112208
0.125  0.182999
-0.03125  -0.136503
-0.0625  0.179297
-0.03125  -0.0350473
0.15625  0.00191888
0.03125  -0.30304
0.09375  0.0724326
0.03125  -0.195
0.15625  0.116807
-0.09375  0.00356505
-0.09375  0.0161095
0.09375  0.182312
0.09375  0.296552
0.03125  0.21411
-0.09375  -0.0938423
0  -0.0484759
-0.1875  -0.0590568
0.125  -0.0391407
-0.125  -0.0405763
0.09375  0.149166
0.0625  0.0457522
-0.28125  -0.0120305
0.25  0.0412659
0.03125  0.0539426
-0.09375  0.0252075
0.28125  -0.0420562
0.125  0.00225274
0.0625  -0.0084323
0.1875  -0.0534345
0.125  -0.0683329
0  -0.000223235
-0.28125  -0.137997
-0.3125  -0.0743746
0  -0.199502
0  -0.0762723
0.0625  0.0969091
-0.09375  0.0347292
-0.125  -0.0946295
0.125  0.111885
-0.0625  -0.191732
-0.03125  0.0138638
0.09375  -0.146146
0.0625  0.032628
0  0.0467922
0  0.0390702
0.03125  -0.150814
-0.09375  -0.148635
0.125  -0.20632
0.0625  0.0811489
0.0625  -0.0188813
-0.1875  -0.0312761
0.09375  0.117032
0  -0.0165478
0.21875  -0.0332875
0.09375  -0.0586606
0.0625  -0.112649
0.03125  -0.0885449
-0.1875  -0.132705
0.03125  -0.0485877
-0.1875  -0.0926027
0  0.218668
-0.03125  -0.097422
-0.03125  -0.356082
0.09375  0.0206985
0.03125  -0.347531
0.1875  -0.0808975
0.09375  -0.0888591
0.0625  -0.0371854
0  -0.206456
0.125  -0.111448
-0.09375  -0.0505991
0  -0.179811
-0.15625  -0.179609
0.0625  0.0232107
0.21875  -0.29999
-0.125  0.0557398
0.0625  -0.087016
0.25  0.0432826
-0.0625  -0.186077
-0.03125  0.0282395
-0.09375  0.150024
0  -0.269879
0.0625  -0.162536
-0.0625  0.143156
0.0625  0.0340174
-0.0625  0.00795203
0.09375  -0.130902
0.09375  -0.353014
0.09375  -0.155632
0.09375  0.136728
-0.1875  -0.0663194
-0.03125  -0.151001
-0.1875  -0.102144
0.15625  -0.0684189
-0.03125  -0.0539926
-0.09375  -0.213981
-0.03125  0.0555761
0.03125  0.0629618
-0.0625  0.072446
0.0625  0.0222242
0.125  -0.043843
-0.03125  -0.0956083
0.15625  -0.181499
-0.03125  -0.0741651
0  -0.0723519
-0.09375  -0.0442038
0.03125  -0.0646024
-0.0625  -0.130307
0.1875  0.0638325
-0.21875  -0.0176431
-0.0625  0.171663
-0.125  -0.397728
0.25  -0.208656
-0.03125  -0.0975044
0.1875  -0.124483
-0.1875  0.0761241
-0.09375  -0.223578
-0.09375  -0.130028
0.0625  -0.0452946
0.03125  -0.0497168
0.09375  0.0145871
0.125  0.00820597
-0.0625  -0.0291094
0.09375  0.0805738
0.0625  -0.0294657
0.21875  -0.0150872
0  0.0291857
-0.125  -0.192791
-0.0625  -0.0497091
0.0625  -0.0775161
0.1875  -0.15831
-0.03125  -0.177038
0.03125  -0.0947314
0.125  -0.122242
-0.0625  0.126202
-0.09375  0.0442687
0.15625  0.0652015
-0.125  -0.0771018
0.0625  -0.000795508
0.0625  0.145374
0.03125  -0.251268
0.0625  0.193964
-0.25  -0.170451
0.09375  0.0256171
0.25  -0.231593
-0.03125  -0.347406
-0.21875  -0.0931515
-0.03125  0.197623
-0.125  -0.303431
-0.03125  -0.0186714
0.03125  -0.106568
0  0.221461
0.3125  -0.162587
0.125  -0.237504
-0.1875  -0.079698
0.125  0.0887488
0.15625  -0.0904313
-0.09375  -0.137386
-0.1875  -0.076692
0.125  -0.0596056
-0.0625  -0.134983
-0.09375  0.0463494
0.0625  -0.129808
0.0625  -0.168704
0.0625  0.129411
-0.15625  -0.0579519
-0.09375  -0.175794
0.03125  0.180736
0  -0.130122
-0.15625  -0.00196817
-0.03125  0.0710277
0.09375  0.0910831
-0.0625  -0.127122
0.0625  -0.0156965
0.375  -0.12539
-0.09375  -0.0926283
0.03125  -0.259035
0.09375  0.0621982
0.0625  -0.229273
0.21875  0.0354026
0.125  -0.0949746
0.0625  -0.0651622
-0.09375  -0.208762
0.125  -0.0376611
0  -0.157524
0.1875  -0.0770159
-0.03125  -0.0356208
0.09375  -0.170872
-0.15625  0.0461669
-0.1875  0.0582691
0.09375  -0.0507575
0.0625  -0.00786161
-0.125  -0.0615155
0  -0.0982076
-0.09375  0.140354
0.03125  0.00362006
0.0625  0.190172
-0.03125  -0.104259
-0.1875  0.161428
0.0625  0.0177101
-0.25  -0.171441
0.1875  -0.149539
-0.0625  -0.0416323
-0.0625  -0.182546
0.125  -0.312553
-0.03125  0.0337578
0.03125  -0.213145
0.03125  0.0314305
0.0625  -0.0858463
0.125  0.116293
0.0625  0.00367929
-0.15625  0.148534
0.03125  0.164798
-0.03125  -0.0808494
-0.09375  -0.0704193
0.03125  0.0129531
-0.125  -0.295727
-0.1875  0.148245
0.03125  -0.0124719
-0.375  -0.0766455
0  -0.0969685
0.0625  0.0474679
0.03125  -0.0781577
0  -0.139254
0.125  -0.123052
0  -0.032636
0.0625  0.0539302
0.15625  -0.0840177
0.0625  -0.0142109
-0.03125  0.0191421
-0.09375  -0.0149448
0.25  0.0318789
0.1875  0.103191
-0.03125  -0.242621
0.1875  0.0624214
0.03125  -0.0686596
0  -0.226186
0.0625  -0.194321
0.125  0.097713
-0.09375  -0.0124053
-0.0625  -0.0885219
0  -0.112791
0.0625  0.186122
0  0.0650333
0.03125  0.0599684
0  -0.268913
0  -0.112021
-0.09375  0.0612539
-0.15625  -0.229099
-0.0625  0.179844
-0.09375  -0.0775567
0  -0.135573
0  0.0324445
0.125  -0.164602
0.15625  -0.119488
0.09375  -0.389453
0.0625  -0.128353
-0.0625  0.00558677
-0.0625  -0.156683
0  0.0826628
-0.125  0.0535558
0.09375  0.0824311
0.125  -0.156559
-0.09375  -0.00880986
-0.0625  0.059951
0.09375  -0.233219
0.3125  -0.0152878
-0.15625  -0.0160598
-0.0625  0.115421
0.0625  0.00580324
-0.1875  -0.189435
-0.03125  0.0169607
0.15625  0.0102554
-0.0625  0.0400019
-0.0625  0.0885721
0.09375  0.0411395
-0.0625  0.0886176
-0.09375  -0.211198
-0.03125  0.127575
-0.15625  -0.216065
0.125  0.230054
0.25  0.127774
0.09375  0.113845
0.09375  0.0764386
-0.125  0.254023
-0.09375  -0.190806
-0.25  -0.0516455
-0.09375  -0.0818375
0.1875  0.0870072
0.1875  -0.112379
-0.03125  0.0141373
-0.03125  -0.0883665
0.28125  0.0209115
-0.0625  0.0130475
0  -0.193395
-0.1875  -0.136364
0.15625  -0.0348201
-0.03125  0.138372
-0.21875  0.148911
0  -0.115862
-0.03125  -0.024002
0.03125  -0.142744
-0.03125  0.0700718
-0.15625  -0.0100584
-0.03125  -0.118055
0.21875  0.0464418
-0.25  -0.0956963
-0.0625  0.145864
-0.03125  -0.0270255
-0.1875  0.22281
-0.28125  0.0428232
0.0625  -0.14896
0.125  -0.124856
0.125  -0.136982
0  0.0047411
-0.1875  0.139302
0.15625  -0.0446903
0.09375  -0.000731495
0.09375  -0.113392
0.09375  -0.304963
-0.03125  0.242739
0.25  -0.0469947
-0.0625  -0.0471783
0.03125  0.100676
-0.03125  0.0954215
-0.0625  -0.0120511
0  0.0900703
0.0625  -0.0849083
-0.0625  -0.214043
0.125  0.129492
-0.1875  -0.0669098
-0.125  -0.00509108
0.0625  0.0703794
0.15625  0.0833963
0  0.0809838
-0.125  0.0436755
-0.0625  0.0694244
-0.21875  -0.228827
-0.28125  0.0400419
0.125  -0.153392
-0.125  0.079096
0.15625  -0.0917397
0.1875  -0.072603
0.125  0.0372918
-0.03125  -0.200669
0.03125  0.0616004
0  0.0522161
-0.03125  0.111303
0.15625  -0.177161
-0.09375  -0.157
0.21875  -0.13515
-0.15625  0.00131622
-0.25  0.0102007
0.03125  -0.115638
0.1875  -0.15407
-0.21875  -0.0036666
-0.03125  -0.0194964
-0.125  -0.187514
0.09375  0.0621171
-0.09375  -0.0960171
0.03125  0.0136946
-0.1875  0.0868368
0.03125  0.0577089
-0.09375  -0.0466023
-0.09375  0.0578202
0.25  0.0153703
0.0625  -0.131551
0.0625  -0.0772387
-0.03125  -0.239281
-0.09375  0.0534593
-0.0625  -0.199828
0.1875  -0.0580809
-0.09375  0.0748918
0  -0.11439
0.0625  -0.0254477
-0.1875  0.00216684
-0.125  -0.0268736
0.125  -0.0976766
-0.0625  0.16432
0.03125  -0.338446
-0.125  0.0233331
-0.03125  0.134309
0.03125  -0.00840451
0.09375  -0.0474805
-0.03125  -0.0966279
0.15625  -0.197307
0.0625  0.226292
-0.09375  -0.325874
0  -0.0552763
-0.25  -0.120589
0.0625  0.0213451
-0.09375  0.093713
-0.03125  0.112928
0.0625  -0.0865607
0.0625  0.093526
-0.125  -0.138081
0.125  -0.0141384
-0.09375  0.0407725
0.125  -0.19113
0.0625  -0.134473
-0.03125  -0.156684
-0.125  -0.0607817
-0.1875  -0.050994
-0.28125  0.14247
0.03125  0.0611436
0  -0.0750696
-0.125  0.131225
0  -0.0378691
-0.0625  0.0317598
-0.03125  0.121333
0.125  -0.109746
-0.125  -0.235042
-0.0625  0.100552
0.09375  -0.0134212
0.09375  0.176305
-0.125  -0.0222156
0  -0.0210975
-0.03125  -0.00243875
0.03125  -0.148799
-0.03125  0.171195
0.0625  -0.219822
0.03125  -0.0834541
0.03125  -0.0688593
-0.15625  -0.121196
0.125  -0.1325
-0.15625  0.12553
0.09375  -0.0796466
0.1875  -0.163563
0  0.000424089
0.03125  0.0993608
-0.0625  -0.00966192
0.15625  -0.263943
-0.21875  0.020173
-0.3125  0.119435
-0.09375  -0.147757
-0.03125  -0.122198
-0.03125  0.103537
-0.125  0.103739
-0.25  0.0258945
0.125  0.247083
0.03125  -0.166537
0  0.143567
0.03125  -0.0280852
-0.0625  -0.168955
0  -0.321126
0.3125  -0.0395483
0  0.0586918
-0.0625  -0.0679396
-0.09375  -0.0740122
0.15625  0.0242549
0  -0.0519977
-0.125  -0.0597575
-0.09375  -0.0329238
-0.03125  0.1276
0.0625  -0.209732
-0.0625  0.0421257
0.1875  -0.0235827
-0.03125  0.0692546
0.1875  0.144546
-0.03125  -0.0328881
0  -0.163393
0.15625  -0.146282
-0.09375  0.194412
0.125  -0.0590599
0.09375  0.0373936
0  -0.0802895
-0.03125  -0.222843
0.3125  0.13895
-0.1875  0.0519855
0.03125  0.0848678
-0.03125  0.216961
-0.0625  -0.0182093
0.125  -0.276126
0.28125  -0.141225
0.21875  0.0942561
-0.125  0.0805856
0.15625  -0.0848656
-0.125  -0.0569796
-0.09375  -0.0538885
-0.03125  0.103901
-0.125  -0.0476706
-0.0625  0.112075
-0.21875  0.0074439
-0.03125  -0.0858947
-0.03125  -0.148227
0.03125  0.0290051
0.125  -0.0374318
-0.28125  -0.0572055
-0.0625  -0.186922
-0.0625  0.0379291
0  0.0678558
0.0625  -0.0963697
-0.09375  -0.00670954
-0.28125  -0.0512704
-0.28125  0.0315637
-0.21875  -0.109716
-0.09375  -0.0890063
-0.03125  0.163222
-0.0625  -0.155526
-0.03125  -0.211795
-0.03125  0.0346275
0.03125  0.183323
-0.03125  -0.117693
0.25  -0.109215
0.125  -0.127901
-0.15625  -0.145946
-0.09375  -0.276013
0  -0.177766
-0.0625  -0.185981
-0.1875  -0.127962
-0.09375  -0.174258
0.03125  -0.122467
0.03125  -0.111833
0  -0.316481
-0.0625  0.042175
0.0625  0.0775039
-0.15625  -0.0107839
0.03125  -0.0971839
0.125  -0.333948
0.03125  -0.0403728
-0.03125  0.143496
-0.0625  -0.105606
0.0625  -0.00409373
0.375  0.134189
0.09375  -0.0930251
0  0.205956
-0.125  0.00746203
0  0.262411
0.25  0.241464
-0.15625  -0.0720001
0.03125  -0.0607802
0.09375  -0.0713364
0.0625  -0.0623664
0.125  -0.0822563
0.03125  0.121742
-0.09375  -0.106024
0.0625  -0.0214599
0.1875  0.00882794
-0.125  -0.0218758
0.09375  -0.172612
0.0625  0.0072472
0.125  -0.224539
-0.125  -0.163393
-0.09375  -0.0755133
-0.0625  -0.150321
-0.09375  -0.15941
0.15625  0.000827879
0.28125  0.0309048
0.03125  -0.115307
-0.0625  0.0628295
-0.125  -0.0195512
0.1875  -0.064648
0.15625  0.0717376
0.09375  -0.0154468
0.125  -0.137728
0.1875  -0.0092481
0.125  -0.0207299
-0.125  -0.184448
-0.03125  -0.175158
0  -0.0986382
0.09375  -0.252857
0.09375  -0.0412123
0.09375  -0.174983
-0.03125  -0.252439
0.09375  -0.202395
-0.1875  0.074709
-0.125  -0.130782
-0.15625  0.0717683
0.21875  -0.0832021
0.03125  0.126655
0.1875  -0.273182
-0.09375  -0.173177
0.03125  0.0770108
-0.3125  0.138244
-0.03125  0.000231411
0.03125  0.147945
-0.15625  0.06847
0.0625  -0.0626438
-0.0625  -0.127229
0.0625  -0.284813
0.21875  0.0112622
-0.125  -0.32123
-0.125  0.100322
0.0625  0.0123015
0.1875  0.0083596
0.1875  0.00481697
0.03125  0.00757657
0.09375  -0.033662
-0.15625  -0.134743
-0.03125  0.02633
-0.125  -0.0575928
-0.03125  -0.02879
0  0.0420732
-0.125  -0.0221919
-0.03125  -0.0048801
0.0625  0.0327653
-0.03125  0.017334
-0.03125  -0.0257386
0.15625  -0.0734008
-0.03125  0.148557
0.1875  -0.139269
0.34375  -0.0141827
0.0625  -0.148969
0.03125  -0.0978387
0.125  -0.148668
0.28125  -0.0575346
0.15625  0.159128
0.0625  0.080121
0.03125  0.125864
0.0625  0.0649771
-0.03125  0.130863
-0.0625  -0.0952798
-0.03125  -0.0958877
0.1875  0.082216
0.21875  -0.168116
-0.28125  -0.217037
-0.0625  -0.211098
0  0.091369
0.125  -0.156625
-0.0625  -0.153768
0.03125  -0.15897
-0.09375  0.220738
-0.125  0.114659
0.125  0.201364
-0.15625  -0.0402711
-0.03125  -0.0273102
0.125  0.106701
0  0.0398001
0.0625  0.0299653
-0.09375  0.14303
0.09375  -0.0152301
0.15625  0.00789721
0.25  -0.165087
0.0625  0.0266089
0.03125  0.00743095
0.09375  -0.173008
0.0625  -0.0248165
-0.3125  -0.184239
0.1875  -0.118618
0.0625  -0.191702
-0.03125  -0.0102109
0  -0.0614314
-0.03125  -0.106603
0.28125  -0.171483
-0.125  -0.336509
0.125  0.127315
0.03125  0.0945268
-0.09375  0.157322
-0.1875  0.15091
-0.25  -0.00556247
-0.0625  0.0437113
0.15625  -0.154021
-0.34375  0.0492669
0.03125  -0.0850068
0.09375  -0.0572091
0.0625  -0.0371824
-0.09375  -0.175833
-0.15625  -0.124221
0.03125  -0.235529
0.03125  -0.0855011
-0.25  0.0178355
-0.1875  -0.170564
-0.0625  -0.198911
-0.375  0.0793673
-0.09375  -0.157815
-0.03125  -0.020736
-0.09375  0.0285902
0.09375  0.0173706
-0.15625  0.031595
0.0625  0.215007
-0.125  0.160015
0  -0.261554
-0.03125  0.00355848
0.125  -0.0426914
-0.03125  -0.204636
0  -0.077051
0.0625  0.207995
0.03125  -0.0299735
0.03125  0.0550701
0.15625  0.128049
-0.0625  0.0301322
-0.03125  0.0837498
0.21875  -0.0408133
0.125  0.0355295
-0.03125  -0.0343329
0  0.272961
0  -0.297045
0.09375  -0.121059
0.09375  -0.211011
-0.15625  -0.297526
0.0625  -0.178464
-0.1875  -0.250709
-0.1875  0.0428017
-0.03125  -0.129746
-0.0625  0.0226632
0.0625  -0.0877775
-0.15625  -0.00452358
0.03125  -0.0423085
0.15625  -0.0146288
-0.0625  0.0452932
-0.09375  -0.119869
0.125  -0.0231907
0.09375  0.0632521
0.09375  0.0144763
0.1875  -0.0514698
-0.125  -0.160316
-0.125  -0.21462
0.09375  0.0196186
0.09375  -0.144589
-0.0625  -0.0390055
-0.03125  -0.15641
0.09375  0.0903135
0  -0.050427
0  -0.0715103
0.0625  -0.0295958
0  -0.0117585
0.09375  -0.132164
0.0625  0.00287733
0.25  -0.101035
-0.15625  -0.0587646
-0.03125  0.0510756
0.09375  0.0138851
-0.0625  -0.169168
-0.03125  -0.257476
-0.03125  0.00190306
-0.0625  -0.22316
-0.09375  0.0690832
0.03125  0.116023
0.09375  0.0769625
0.03125  0.214275
0  0.157681
-0.15625  0.0260251
0  0.053779
0  -0.18728
-0.15625  -0.194446
0.21875  -0.120927
-0.03125  -0.0667784
0.03125  0.0557545
-0.03125  0.101864
0.125  -0.0705428
0.03125  -0.0430324
0.21875  -0.0367877
-0.03125  -0.0461288
0.125  -0.195928
0.09375  0.1313
0.0625  0.0715333
0.1875  -0.167493
-0.28125  -0.121134
0.25  0.0119563
0.03125  -0.128893
0.03125  -0.0882513
0.03125  -0.0565104
0.0625  0.0746498
0.125  0.0853411
0  -0.045305
-0.0625  -0.194585
0.03125  -0.123213
0.03125  -0.0489923
0.0625  0.021145
0.03125  0.0313253
0.03125  -0.0165162
-0.125  0.159479
0  -0.0616154
0.0625  -0.0627951
-0.1875  0.0115815
0.09375  0.179383
-0.0625  -0.145419
0.03125  -0.0781297
-0.09375  -0.0782167
0.09375  0.046459
0.125  0.14757
-0.03125  -0.0430148
0.0625  0.178847
0  -0.224173
0.0625  -0.0729871
-0.09375  -0.0954459
-0.09375  -0.25603
-0.09375  0.0228689
-0.125  -0.0261748
0.0625  0.0833135
-0.125  -0.261627
-0.125  0.0875556
0.25  -0.255029
0.03125  -0.259454
0.125  -0.13249
0.09375  0.0852775
0.0625  0.00527624
-0.09375  -0.0168078
-0.0625  0.12093
0.09375  0.169463
-0.1875  -0.00534722
-0.03125  -0.0559551
-0.0625  -0.276094
-0.125  -0.0696496
0.0625  -0.219522
0  -0.0355068
-0.1875  -0.0042898
-0.375  -0.00659759
0.15625  0.104669
0.125  0.00331881
0.0625  -0.201873
-0.09375  0.0605092
0.09375  -0.0684536
0.28125  -0.00382202
0.03125  0.0518516
0.0625  0.114579
0.09375  -0.314598
0.28125  0.214272
0.125  -0.178
0  0.0775401
0.03125  -0.11154
-0.09375  0.0875958
0.03125  -0.271319
0.09375  -0.0662905
0.03125  -0.0304487
-0.0625  -0.189357
-0.03125  0.0321327
-0.03125  -0.143649
-0.03125  -0.181548
0  0.138141
0.0625  0.168426
-0.1875  -0.0192727
-0.09375  -0.184469
-0.125  0.0142234
0.0625  0.0021887
-0.03125  0.060121
-0.15625  -0.290876
-0.125  -0.107807
0  0.0306474
0.3125  -0.0991704
-0.0625  -0.0196343
-0.125  -0.0476216
-0.0625  -0.0351611
-0.03125  -0.201444
0.09375  -0.0197718
-0.0625  0.0251852
-0.21875  -0.0520794
0.125  0.00283095
-0.0625  0.00467639
0.34375  -0.121393
0.0625  0.12671
0  -0.102721
-0.09375  -0.0105726
0.28125  -0.0113725
-0.03125  -0.0794812
0.03125  -0.140317
-0.125  -0.0150787
-0.25  -0.029154
0.125  0.00923264
0  0.0501807
0.125  -0.00342606
-0.15625  -0.15573
-0.09375  -0.16994
0  0.0855728
-0.28125  -0.0446728
-0.125  -0.164888
0.25  -0.21784
0.03125  0.082623
0.03125  0.00462684
0.15625  -0.0642608
-0.125  0.0191817
0.0625  0.194269
-0.09375  0.0181051
-0.03125  -0.0610881
0.0625  0.0148659
0  -0.0555193
0.21875  -0.177935
0.1875  -0.459382
0.1875  0.0245155
-0.0625  -0.126
-0.03125  -0.0465834
-0.15625  0.0514555
-0.03125  0.0430647
-0.03125  -0.103906
0.0625  -0.108481
0.125  -0.291771
0.03125  0.15153
-0.125  -0.0134367
-0.125  0.152641
0.21875  0.088245
0.125  -0.0219468
-0.03125  -0.0530347
-0.03125  -0.0343687
0.125  -0.0988489
-0.15625  -0.195725
0.03125  -0.0450748
-0.1875  0.0356081
0.1875  -0.07613
0.09375  -0.259384
-0.125  0.124274
0.0625  0.153255
0.125  0.0264356
-0.03125  0.0203852
0.03125  0.0424347
0.40625  -0.0393834
0.03125  0.070576
0.0625  -0.109082
0.15625  0.173865
0  -0.186896
0.0625  0.0136809
-0.125  -0.191262
0.25  -0.0689447
-0.15625  -0.204426
0.15625  0.0161117
-0.09375  -0.0730932
-0.15625  -0.152876
-0.125  -0.104251
-0.125  -0.12323
-0.0625  -0.154016
-0.40625  -0.0666893
-0.09375  -0.192417
0  0.158665
0.09375  0.0422171
-0.15625  -0.233303
0.1875  0.100094
-0.0625  -0.329181
0.03125  0.137068
-0.03125  -0.13811
-0.0625  0.285584
-0.09375  -0.0158996
-0.25  -0.0253087
-0.34375  0.0568337
0  0.00351131
-0.09375  0.0346305
0  -0.100096
-0.0625  -0.0436337
0.0625  0.0208175
-0.21875  -0.0362772
-0.03125  0.177816
-0.03125  -0.206343
-0.125  -0.0864747
-0.125  0.0504816
0.03125  -0.0914445
0.15625  0.0648331
0.09375  0.130217
0.125  0.0819311
0.1875  0.00672894
-0.1875  0.0873086
0.1875  -0.0541248
0  -0.210086
-0.28125  0.0911495
0.15625  -0.0512337
-0.125  0.185333
0.0625  -0.171327
-0.21875  -0.056293
0.0625  0.0153478
0.15625  -0.0731965
-0.0625  0.0306617
0.125  -0.0700331
0.0625  0.0116501
0  0.0125979
-0.09375  0.01645
-0.03125  0.0604872
-0.03125  0.0227172
0.0625  -0.0637407
0.40625  -0.0777404
-0.125  0.0580636
0.21875  -0.169177
0.125  -0.048971
0  0.103858
-0.125  0.0263651
-0.1875  -0.188793
-0.1875  0.212685
0.09375  -0.060372
-0.03125  -0.281499
0.03125  -0.105398
0.1875  0.124928
0.09375  0.0332851
-0.09375  -0.2102
-0.125  -0.113751
-0.09375  0.0774724
-0.03125  0.0505534
0  -0.247157
-0.1875  0.0101805
0.1875  0.175595
-0.03125  -0.173499
-0.28125  -0.0133983
0  0.0370529
0.25  -0.078099
-0.09375  -0.187161
0  -0.173559
0.21875  -0.165943
0  -0.0450008
0.15625  -0.00935063
-0.15625  0.0648823
-0.0625  0.0688406
-0.09375  0.0520278
0  -0.0507777
-0.25  -0.0488312
0  0.0355243
-0.09375  -0.150848
0.1875  -0.00902703
-0.03125  -0.0697705
0.125  0.0833617
0.34375  0.0754871
0  -0.251062
-0.1875  -0.16316
0.03125  0.00152394
0.03125  -0.040718
0.15625  0.200281
-0.0625  -0.0676209
-0.03125  0.0427244
-0.1875  -0.0851218
0.09375  -0.00108016
-0.03125  -0.132475
-0.09375  -0.190744
-0.03125  0.0688718
-0.1875  -0.141268
0  -0.0849741
0.21875  0.0829644
0.21875  -0.0927473
-0.0625  -0.150617
0.0625  -0.0299102
-0.15625  -0.062115
0  -0.129443
0.0625  -0.0252468
0.3125  -0.179438
-0.28125  -0.164804
0.03125  -0.0487559
0.1875  -0.244991
0.125  0.0755885
0  -0.0327899
-0.09375  -0.0273265
0.03125  -0.11424
0.03125  0.00320819
-0.0625  -0.130564
0.15625  -0.061978
-0.3125  -0.206361
0.03125  -0.288379
-0.1875  -0.16471
-0.125  -0.0768103
0.25  -0.172236
0.25  -0.143349
0  -0.0406469
0.09375  -0.0148964
0  0.0154326
0.09375  0.0317431
-0.125  0.0688317
0.25  -0.106992
0.03125  -0.0468398
0.03125  -0.103194
-0.03125  -0.0899836
0.125  -0.12006
0.1875  -0.163334
0  -0.0270737
0  -0.125351
0.09375  -0.0428832
-0.125  -0.187028
0.125  0.0141678
0.21875  -0.17392
0.0625  0.126355
0.1875  -0.471921
0.0625  -0.0482489
-0.125  -0.198986
0.03125  -0.183013
0  0.0735896
0  0.116031
0.0625  -0.204774
0.15625  0.127151
-0.09375  -0.129174
0.34375  -0.0440131
-0.0625  0.0360023
-0.09375  -0.0739164
-0.03125  -0.0836818
0  -0.0212507
-0.1875  -0.276671
-0.03125  0.0360645
0.375  -0.296921
0.0625  -0.0138315
-0.15625  0.00228693
-0.09375  0.187762
-0.09375  0.0413767
0  -0.0990264
0.03125  0.00753041
0.15625  0.0604034
0.03125  0.121885
0  0.269898
0  -0.01094
0.15625  -0.334859
0.0625  -0.0650291
0.1875  0.0547977
-0.34375  -0.256086
0.03125  -0.0320596
0.09375  0.0930365
-0.0625  0.0134141
0.125  -0.21838
-0.15625  0.127879
0.09375  -0.0100138
0.1875  0.0297705
0.21875  -0.206071
-0.03125  -0.140253
-0.21875  0.0050346
-0.15625  0.0816353
0.03125  -0.348976
0.15625  -0.0932382
0.09375  -0.0854259
0  0.0836327
-0.21875  0.022631
-0.0625  0.119649
0  -0.00270204
0.1875  0.0278343
0  -0.222004
0.15625  0.015304
-0.0625  0.140401
-0.125  0.125855
0  0.0301175
-0.125  -0.280914
0  -0.292208
-0.21875  -0.0762896
-0.09375  -0.120849
0.25  -0.377631
0.03125  -0.028025
-0.1875  0.0693045
0.09375  -0.108396
-0.0625  0.035985
-0.0625  -0.203196
-0.0625  -0.247368
0.1875  0.0404724
0.15625  0.0876162
-0.09375  -0.11712
0.21875  0.139867
-0.09375  -0.0715501
0.09375  -0.0238275
0.09375  -0.0530218
0.1875  -0.157224
0.09375  -0.00988504
-0.03125  -0.212492
-0.03125  0.0879193
-0.15625  0.0124723
0.15625  0.123837
0  -0.106994
0.28125  -0.147463
-0.0625  0.0427615
-0.09375  0.0123697
0.0625  0.00714871
0  0.0341574
-0.1875  0.166069
0.1875  0.0632055
0.125  -0.0659844
-0.09375  -0.0940312
-0.0625  -0.0827491
0.0625  0.0337969
0.1875  0.0562408
0.15625  -0.0922677
-0.125  0.028711
0.0625  -0.21469
-0.125  -0.0497604
0.0625  0.0191839
-0.03125  -0.16891
0.21875  -0.17077
0.03125  0.0539355
-0.15625  -0.223638
-0.1875  0.0169636
-0.125  0.119952
0  0.0809895
-0.15625  -0.118448
0.09375  -0.0713038
-0.03125  -0.14248
-0.0625  -0.0641134
0.0625  0.0932073
0.09375  -0.203326
-0.03125  -0.0439508
-0.03125  0.0594652
-0.21875  0.146152
0.09375  0.145494
-0.03125  0.0619297
-0.1875  -0.0431856
-0.0625  -0.0400818
0  0.0552714
0.0625  0.0840946
0.09375  -0.154385
0  -0.0874406
0.03125  0.038069
0  0.013065
-0.21875  -0.223509
-0.0625  0.0615926
0.0625  -0.0140385
0.09375  -0.151182
-0.03125  -0.0883589
0  -0.117593
-0.25  -0.176944
-0.03125  0.047486
-0.21875  -0.217193
0.09375  -0.0604983
0.03125  -0.123019
0.125  -0.158951
-0.03125  -0.064228
-0.03125  -0.0748244
0.1875  0.174547
-0.0625  -0.19316
0.0625  0.0142443
-0.03125  -0.163678
-0.125  0.0848399
-0.0625  0.132016
0  -0.0230262
0.03125  0.0784328
-0.125  -0.0547183
0.03125  -0.107677
0.03125  -0.0307712
0.03125  -0.0444235
0.09375  0.028975
0  -0.169665
0.1875  -0.0223736
0.09375  0.111143
-0.09375  0.0321687
0  -0.0879646
0.0625  0.0522719
0.0625  0.225119
-0.15625  -0.0380536
-0.21875  0.0379895
-0.09375  -0.138361
-0.15625  -0.0179186
0.03125  0.0253217
-0.15625  0.0320868
-0.03125  -0.301195
-0.03125  -0.0778406
0.09375  -0.164432
-0.03125  -0.112977
-0.15625  0.132337
-0.125  0.0556702
-0.09375  -0.00944818
-0.15625  0.010145
0.03125  -0.0273527
0.03125  -0.206325
-0.09375  -0.160631
-0.25  0.0591839
0.0625  0.174011
0.03125  0.148942
0.0625  0.00386387
0.03125  0.0903393
0.15625  -0.159251
0.03125  -0.0596666
-0.0625  0.0320309
-0.15625  -0.243494
0.0625  0.0361145
0.09375  -0.0315832
0.21875  0.034198
0  -0.145614
0.03125  0.0991685
0.0625  -0.0568199
0.15625  -0.107764
-0.15625  -0.171104
-0.15625  -0.0845686
-0.25  0.0460446
0.03125  -0.140795
-0.0625  -0.00784217
-0.03125  -0.123748
0.125  0.0801845
-0.125  -0.0660483
0  0.0868565
0  0.151159
-0.1875  -0.118495
0.03125  -0.174318
0.09375  0.080351
0.125  0.109784
0.09375  -0.151319
0  -0.0481799
-0.0625  0.000631433
-0.0625  -0.203533
0.1875  -0.211676
-0.0625  -0.21921
0.15625  0.0554747
-0.03125  0.163233
-0.09375  -0.0996339
0.0625  -0.0299087
-0.09375  0.0847765
0.0625  -0.0222566
0  -0.15423
0  -0.0527606
-0.09375  0.114416
0.0625  -0.0208137
-0.1875  -0.132006
0  0.0823604
-0.1875  -0.200254
0.125  -0.00392455
-0.125  -0.0623405
-0.125  0.0335775
-0.03125  0.0808115
-0.21875  -0.182029
0  0.0637421
0.09375  0.183418
-0.25  0.0789336
0.03125  -0.0383804
-0.0625  -0.0401012
-0.21875  -0.120226
-0.15625  0.000140326
0.09375  -0.0981952
0.09375  -0.0448404
-0.09375  -0.043004
0.03125  -0.16979
-0.03125  -0.132682
0.1875  -0.0839555
-0.03125  -0.0107705
-0.125  -0.171297
-0.09375  0.0435175
0.15625  -0.0708542
0.1875  0.0312186
-0.15625  -0.210218
-0.09375  -0.120862
0.0625  -0.229213
-0.0625  -0.200935
0.03125  0.125521
0.125  0.0016053
-0.125  -0.117393
-0.0625  0.149852
0.03125  -0.0211995
0.15625  0.073067
0.0625  -0.0369547
-0.15625  -0.0602942
0  -0.162646
-0.03125  -0.0860204
-0.1875  -0.111289
-0.0625  -0.0628651
0.0625  -0.00374844
-0.09375  -0.0379787
-0.125  0.14655
-0.1875  -0.223787
-0.15625  -0.368452
-0.0625  -0.102524
-0.0625  0.105002
0.1875  0.0239771
0.1875  -0.207903
0.09375  0.107069
0  -0.0613473
0.03125  -0.0721822
-0.0625  0.0240784
-0.0625  0.021266
0.09375  0.0621761
0.25  -0.014232
-0.09375  0.0651109
-0.03125  -0.14217
-0.15625  0.0624778
0.09375  -0.1184
0.03125  -0.0898806
0.15625  0.0575237
0.0625  -0.135863
0.125  0.0644107
0.03125  -0.389273
0.15625  -0.161645
0.03125  -0.0807722
-0.125  -0.170513
0.0625  0.0654526
0  -0.238074
-0.03125  -0.107423
-0.0625  -0.111177
-0.21875  -0.0288032
0.0625  0.11496
-0.125  -0.307914
0.09375  -0.208452
0.03125  -0.109652
-0.03125  -0.0366715
0.125  -0.0523199
0.21875  -0.0516143
-0.0625  -0.0311983
0  -0.144809
-0.125  0.0399797
0.03125  0.117064
0.1875  -0.107122
0.03125  -0.0402701
-0.03125  0.0918713
0  -0.0327552
0.03125  -0.341287
-0.09375  0.00390861
-0.1875  -0.163511
-0.0625  0.132798
-0.03125  -0.00915265
-0.25  0.0598696
0  -0.137425
-0.09375  -0.000743205
0.0625  -0.353832
0.03125  0.0352186
0.1875  0.0679763
0  -0.0231698
0.03125  0.0620505
-0.21875  -0.0590608
0.25  -0.0511571
0.03125  0.0654229
-0.09375  -0.266968
0  0.00873124
-0.125  -0.225185
0.03125  -0.165748
0.1875  0.12883
0  -0.179931
0.0625  0.0260999
0  0.0736745
0.125  0.119983
0.03125  -0.148663
-0.0625  0.0606556
0  -0.00274358
-0.0625  0.0321931
0.09375  -0.207414
-0.09375  0.0151238
-0.125  -0.143071
0  -0.114371
0.03125  0.0670821
-0.0625  0.204714
-0.1875  -0.160209
0  0.0470084
0  -0.279341
0.1875  0.0879551
0.09375  -0.0298753
0.0625  0.0538446
0.03125  -0.116429
-0.125  -0.112336
-0.03125  -0.217524
0.15625  -0.0860898
-0.03125  -0.072587
0.0625  0.12043
0.28125  -0.257363
0.0625  0.0446399
-0.03125  0.103067
-0.0625  0.200503
-0.375  0.0514821
-0.09375  -0.0437914
-0.125  -0.0148107
-0.03125  -0.239884
0.03125  -0.125487
0.09375  -0.0865989
0.15625  -0.0145039
-0.09375  0.0539422
0  -0.117072
-0.125  0.0801494
0.25  -0.0187629
0  0.0992989
0  -0.266568
-0.09375  -0.0736141
0.1875  -0.207152
0.125  0.321466
-0.03125  -0.0656402
0.09375  0.0850006
0.125  -0.193948
0.03125  -0.101194
-0.15625  -0.056339
0.21875  -0.101373
-0.03125  -0.0209624
-0.34375  0.0116974
0.21875  0.0596245
-0.125  0.117415
0.125  0.0825924
-0.25  -0.248628
0.03125  -0.221222
0.03125  0.0727078
0.09375  0.0510518
-0.0625  -0.038964
0.125  -0.0393364
-0.03125  -0.304288
0.09375  -0.00281828
-0.03125  0.196083
0.09375  -0.019637
0.0625  -0.220672
0.125  -0.0578951
0.28125  -0.151528
-0.34375  -0.0520753
0.125  -0.0395733
0.125  -0.0418236
0.125  -0.0137058
0.03125  -0.182915
-0.09375  0.0369717
-0.21875  -0.0988953
0.21875  -0.269605
0.0625  0.136335
-0.03125  0.0357681
0.125  -0.128657
-0.03125  -0.118532
0.03125  -0.0620513
0.25  -0.0617104
0.0625  -0.0435635
0.09375  0.0603115
-0.0625  0.0492906
0.21875  -0.0391398
-0.1875  -0.100115
0.125  -0.139537
-0.15625  -0.081351
-0.125  0.0202423
0.0625  -0.215594
0.03125  -0.0668722
-0.0625  0.150035
-0.03125  -0.00669055
0.09375  0.0519998
-0.09375  -0.173482
-0.15625  -0.016916
-0.03125  -0.156938
-0.0625  -0.170343
-0.09375  -0.118098
0.125  0.0490104
0  -0.10291
0  -0.0716117
-0.125  -0.118969
-0.125  -0.0441498
0.0625  0.0306574
0  -0.120585
-0.125  -0.0068684
0.0625  0.2102
0.09375  -0.166812
0.03125  -0.390225
-0.15625  0.00226112
0.03125  0.0428883
-0.09375  -0.0548866
-0.21875  0.106629
-0.21875  -0.165213
-0.0625  -0.113782
-0.21875  0.0926226
-0.125  0.1301
0.0625  0.0100473
-0.0625  -0.147174
-0.15625  -0.140554
-0.03125  -0.239243
-0.09375  -0.181272
-0.09375  -0.290713
0.21875  -0.133555
0.125  -0.206313
0  -0.000419278
0.0625  -0.271275
-0.0625  0.115308
-0.125  -0.107034
0.0625  -0.143188
0.03125  -0.135431
0.1875  0.0435694
0.0625  0.0495787
0.09375  -0.147697
-0.09375  -0.0859561
0  -0.173954
0  -0.024847
0.21875  -0.103326
0.125  -0.0577527
0.09375  -0.14928
-0.125  -0.106265
0.15625  -0.113772
-0.15625  0.00216603
-0.125  -0.0478864
-0.1875  -0.073891
-0.09375  -0.152116
0.0625  -0.0916546
0.03125  -0.0634443
-0.40625  -0.101661
0.3125  -0.157929
-0.28125  -0.0730065
-0.09375  -0.00860366
0.1875  -0.0966779
0.09375  0.0529627
0.125  -0.0803922
-0.0625  -0.0351221
0.15625  -0.0570391
-0.15625  0.111278
0.3125  0.0054437
0.1875  -0.0163786
0.28125  -0.0569919
-0.03125  -0.311289
-0.21875  0.0147989
-0.0625  0.0878588
-0.03125  0.107834
-0.25  0.083664
-0.15625  -0.156957
0  0.124991
-0.125  -0.015651
-0.21875  -0.191124
-0.0625  -0.143409
0.125  -0.157083
0.09375  0.241439
-0.03125  -0.0322954
-0.0625  -0.145248
0.09375  0.0169361
0.09375  -0.086056
0.03125  -0.11305
-0.03125  -0.0523562
-0.03125  -0.210307
0  0.103691
0  0.170974
0  -0.200238
0  -0.0611692
-0.1875  0.0243455
0.09375  -0.0312881
-0.09375  -0.115213
-0.09375  0.175751
0.125  -0.128472
0.09375  0.175852
-0.21875  0.0322409
-0.03125  0.0605725
-0.125  -0.0301863
-0.1875  -0.208439
-0.03125  -0.274233
-0.0625  -0.0263027
-0.15625  0.0154278
0.3125  -0.0160179
0.15625  -0.26475
-0.03125  -0.00262426
0.15625  0.0879785
0.125  -0.0320379
0.03125  -0.107396
0.0625  -0.102161
-0.125  -0.126087
-0.0625  -0.0153132
0.0625  0.199212
-0.09375  -0.0561236
0.1875  -0.203608
-0.125  0.0202504
0.21875  0.0191842
0.125  0.132508
0.125  0.0041767
-0.09375  -0.0336482
-0.03125  -0.159218
-0.03125  0.0608141
0.03125  0.00345911
0.09375  -0.147142
0.09375  -0.3178
0.1875  -0.0962969
0.03125  0.0167322
-0.1875  0.0252217
0  0.0447798
-0.15625  -0.199659
0  0.186418
0.125  -0.0982898
0  -0.194469
-0.125  -0.0613832
0.25  -0.299465
0  -0.184211
0.125  0.0482822
-0.15625  -0.116126
-0.21875  -0.0242314
0.15625  -0.0111634
-0.15625  -0.221301
-0.0625  0.0609846
0.09375  0.136057
-0.15625  0.00593926
0.09375  -0.0896759
-0.0625  -0.188833
0.09375  0.0993461
-0.03125  0.0319537
0  -0.152994
0.03125  -0.233602
0  0.06162
0.15625  -0.105557
0.09375  -0.0730561
-0.21875  -0.123339
-0.09375  -0.347921
-0.1875  -0.0594534
-0.125  -0.160262
0.15625  -0.0272134
-0.0625  -0.0893805
-0.15625  0.166516
-0.15625  0.0359127
-0.21875  0.0338642
-0.03125  -0.197128
-0.03125  0.172788
0.0625  -0.102472
0.125  -0.249758
0.3125  -0.105962
-0.03125  0.0189764
0.15625  -0.171278
-0.0625  -0.0500946
0.125  -0.126665
-0.03125  -0.059747
0.09375  0.0561051
0.09375  0.102268
0.09375  -0.160879
-0.25  -0.106219
-0.0625  -0.173826
0.03125  -0.0179429
0.15625  -0.124823
-0.03125  -0.140198
0.15625  -0.19918
0  -0.0253726
-0.09375  -0.19315
0.03125  -0.0207797
0.0625  -0.0101434
-0.0625  -0.0166163
-0.09375  -0.0158196
-0.09375  0.0888031
0.125  -0.00339729
-0.03125  0.148973
0.03125  -0.113497
0.15625  -0.0471758
0.125  0.112817
-0.09375  -0.0907514
0.03125  -0.534936
0.21875  0.0581838
0.21875  0.0525524
-0.03125  -0.198135
0.15625  -0.239918
0.125  -0.0204551
-0.03125  -0.0646042
-0.03125  -0.120893
-0.0625  0.196714
-0.0625  0.0445553
-0.03125  -0.0749653
-0.28125  -0.209913
0.15625  -0.286422
0  -0.271065
-0.25  -0.233447
0  0.270914
-0.09375  -0.134517
0.15625  -0.0450766
0.03125  0.139505
-0.15625  -0.340678
0  -0.00808064
-0.0625  -0.0874868
-0.0625  -0.0346437
-0.0625  -0.0667651
0.03125  -0.163868
0.125  -0.201494
0  -0.436794
0.15625  0.0727256
0.03125  0.236742
-0.09375  -0.0916245
0.03125  0.0534967
0.15625  0.0556335
-0.15625  -0.130839
0.125  -0.312392
0.03125  0.14994
0.0625  -0.291237
0.0625  -0.186486
0.125  -0.0117978
-0.1875  -0.13206
-0.28125  -0.0304921
0.09375  -0.237574
-0.15625  -0.0702703
-0.1875  -0.0327664
0  -0.0551314
-0.03125  0.00235966
0.03125  -0.122695
-0.0625  0.078041
0.1875  -0.108542
-0.09375  -0.0686137
0.15625  -0.195957
-0.125  0.0709263
0.09375  0.0184636
-0.09375  -0.0323266
-0.0625  -0.0363571
0.1875  -0.137649
-0.0625  -0.249727
-0.125  -0.0370381
-0.09375  -0.10655
-0.09375  0.19453
0.03125  0.230871
0.03125  -0.0967855
0.09375  -0.0407813
0  0.110711
-0.09375  -0.0872078
-0.15625  -0.281908
-0.03125  -0.00309431
0  -0.0476216
-0.15625  -0.293062
-0.125  -0.172995
-0.15625  0.0571833
-0.09375  0.145511
0.09375  -0.295593
0.125  -0.0349583
0.25  0.0756484
0.03125  -0.245862
0.25  -0.199482
-0.09375  -0.0210636
-0.125  -0.00820453
-0.09375  0.075349
0.15625  -0.0561766
0.0625  -0.0770939
0.09375  -0.0276433
0.125  -0.0198205
0.15625  0.064591
-0.09375  0.266971
0  0.00532928
0.0625  -0.151503
0.03125  -0.172904
0.03125  0.145743
0.125  0.080023
0.09375  -0.116971
0.03125  -0.116878
-0.09375  0.0333106
-0.0625  -0.0501154
0.0625  0.175321
-0.1875  -0.0232294
-0.03125  -0.214148
0.15625  0.0347371
0.15625  -0.309362
-0.1875  -0.039985
0.21875  -0.310101
0.0625  -0.133529
0  -0.144541
0.1875  -0.00676335
0  -0.0726304
0.09375  -0.0745448
-0.25  -0.120809
0.03125  -0.0246139
0.03125  0.0229277
0.0625  -0.161917
0.125  -0.177416
-0.3125  -0.0980758
-0.0625  -0.0967065
0  -0.0625641
0.21875  0.156946
0.15625  0.0366802
-0.25  0.0191201
-0.125  -0.241008
0.15625  -0.18841
-0.15625  -0.106614
-0.0625  -0.0269302
0.09375  0.157127
0.09375  0.208425
0.03125  0.142932
-0.0625  -0.273792
0  0.202224
0.0625  0.03242
0.21875  0.0124723
-0.0625  -0.116264
-0.0625  0.0128987
0.15625  0.128005
-0.03125  -0.110396
0.03125  0.0188812
0.0625  -0.0337522
-0.0625  -0.0115928
0.09375  -0.252701
-0.15625  -0.00610656
0.03125  -0.182351
0  0.0141915
0.03125  0.166798
0.03125  -0.0101182
-0.0625  -0.0543683
0.125  0.0522331
-0.03125  0.0328939
0.25  -0.153728
0.09375  -0.160638
-0.1875  -0.289898
0.03125  0.0154954
0.0625  0.139981
0.03125  -0.0183309
0.1875  -0.206674
-0.0625  -0.0485159
-0.03125  -0.0618103
0  -0.013854
0.0625  0.0937059
0.09375  0.311559
0.1875  -0.0227074
-0.15625  -0.229391
-0.125  -0.106275
-0.09375  -0.205194
0.125  0.0156969
0.15625  0.237638
0.21875  -0.156478
-0.125  -0.0872827
-0.125  0.0711179
0.0625  0.0512166
0  -0.2855
0.03125  -0.19741
0.25  0.0324991
0.0625  -0.0272184
0.15625  -0.0919726
-0.1875  -0.359444
-0.09375  0.0294425
0.03125  0.108938
0.0625  -0.0851656
0.125  -0.0910863
0.15625  0.0195745
-0.03125  -0.0746337
-0.03125  -0.12124
0  -0.303052
0.0625  -0.216317
0.125  -0.0721468
0.03125  -0.0207608
0.09375  -0.0698214
-0.09375  -0.0205221
-0.125  0.0957076
0.03125  0.093492
0.21875  0.0288003
-0.03125  -0.166481
0  -0.0344432
-0.15625  -0.0565981
0.09375  -0.0574066
-0.09375  0.0637172
-0.03125  -0.0572367
-0.0625  -0.261206
0.15625  -0.117453
0.03125  -0.0674334
-0.09375  0.1491
0  -0.121863
0.03125  0.0310679
0.0625  0.106875
-0.15625  -0.075651
-0.03125  0.0634595
-0.125  0.0113489
-0.1875  -0.200194
0.09375  -0.219158
0.03125  -0.048271
0.125  -0.0633198
0.09375  0.0619248
0.21875  0.0563725
0.0625  -0.175604
-0.0625  0.0789649
0.125  -0.12548
-0.125  -0.0042753
-0.125  -0.0284314
0.21875  0.0327447
-0.0625  0.114819
-0.21875  -0.111149
0.0625  -0.176991
0  -0.0807154
0.21875  -0.113985
0.125  0.000804237
0.0625  0.0306201
0.1875  -0.228261
-0.03125  0.117286
-0.0625  -0.0214298
0  -0.373447
-0.1875  0.0113733
0.1875  -0.0835307
-0.125  -0.112405
-0.0625  -0.134689
0.03125  -0.119358
0.0625  -0.012247
0.03125  -0.0479732
0.09375  0.109613
0  -0.149212
0.28125  -0.0686078
0.0625  -0.115235
0  -0.19108
0.1875  0.123315
0.15625  -0.029284
0.03125  -0.110436
-0.15625  -0.077295
0.0625  -0.105713
0.28125  0.0831599
0.0625  -0.401954
-0.1875  -0.186004
-0.09375  -0.0785482
-0.28125  -0.068536
-0.125  0.0243892
-0.28125  0.0133247
0.125  -0.342172
-0.03125  -0.282622
0.03125  0.16821
0.0625  -0.118569
-0.15625  0.24372
-0.15625  -0.0490914
0.03125  -0.00483592
-0.0625  -0.116194
-0.3125  -0.0561216
0.21875  0.0360215
-0.0625  0.172369
0.0625  0.0773181
0.09375  -0.274311
0.09375  0.00146034
-0.0625  0.155875
0.125  0.0574752
-0.0625  -0.00846492
0.25  0.27082
0  0.0764838
0.09375  -0.0427219
0.125  0.23739
0.0625  -0.147137
0.03125  -0.198483
0.0625  -0.121918
0.1875  -0.168729
-0.0625  -0.0548458
-0.09375  -0.0843171
0.0625  -0.042542
0  -0.180367
-0.09375  -0.0744114
0.0625  -0.154819
-0.125  -0.0601144
-0.3125  -0.0377886
-0.03125  -0.163871
0.1875  0.0660832
0.21875  -0.0291018
-0.09375  -0.230364
0.0625  -0.112748
0  -0.24404
-0.125  0.0166933
0.125  -0.0435184
-0.21875  0.0735931
0.09375  -0.0674819
-0.125  0.0386288
0.03125  0.0627511
0  -0.0903007
0.125  -0.0628925
0.15625  -0.0178626
-0.25  -0.119306
0.03125  0.0967094
-0.21875  0.199202
0.0625  -0.0674338
0.21875  0.241425
-0.0625  -0.219681
0.25  -0.107001
-0.03125  -0.144922
0  -0.0167077
0.09375  -0.0812567
0.03125  -0.163982
0.09375  -0.0171576
0.09375  -0.0322438
0.03125  0.106456
0.03125  0.0869975
0.25  -0.11009
0  0.057619
0.34375  0.099398
0.0625  -0.162461
0.0625  -0.220531
-0.0625  0.0811426
-0.1875  -0.064355
0.03125  -0.18311
0.03125  0.0819606
0.15625  -0.157893
0  0.187268
-0.15625  -0.119884
0.09375  0.0289199
-0.09375  -0.0642878
-0.25  -0.212579
-0.1875  -0.195579
-0.21875  0.0269682
0.21875  -0.178986
0.21875  -0.0607131
0.03125  -0.154513
-0.125  0.0458198
0.125  -0.0871323
0.03125  -0.0836252
0.15625  -0.0179018
-0.03125  -0.0269643
0.125  -0.0735737
0.03125  -0.0489569
-0.125  -0.274561
0.03125  -0.157242
-0.15625  -0.0102636
0.09375  -0.083071
0.125  -0.0979496
-0.125  -0.0553898
0.125  -0.0877382
0.125  0.116485
0.0625  0.0430143
-0.03125  0.0233557
0.0625  -0.293755
-0.15625  -0.176198
-0.0625  0.0582854
-0.03125  -0.0647465
-0.15625  0.0495974
0  0.0183198
0.03125  0.0340986
-0.0625  0.0213076
-0.03125  -0.305488
0.1875  -0.0303078
0.0625  -0.0697778
0.21875  0.0678146
-0.0625  -0.204662
0.25  0.114573
0.03125  -0.0097979
0.125  -0.150559
-0.09375  -0.272413
-0.15625  -0.0878268
0.125  0.289849
-0.125  -0.0990475
-0.03125  -0.0254534
-0.03125  -0.105572
-0.28125  -0.180964
-0.0625  -0.0732234
-0.1875  0.191872
-0.03125  0.0499522
0  0.236179
0.03125  -0.392722
-0.1875  -0.310892
-0.0625  -0.397998
-0.03125  -0.0210621
-0.21875  -0.259921
0.09375  0.0639233
-0.15625  -0.270829
0.09375  0.0384108
0.15625  -0.25798
0.21875  -0.00723112
0  -0.246238
0.09375  -0.214387
-0.0625  -0.271845
-0.0625  -0.233285
-0.21875  -0.116149
0.03125  -0.059034
-0.15625  -0.137942
-0.15625  -0.154431
0.09375  -0.104851
0.03125  0.137121
0.0625  -0.0791521
0.0625  -0.221511
-0.0625  -0.12633
-0.03125  -0.116248
0.0625  0.0604125
-0.21875  0.0427496
0.125  0.0221935
-0.15625  -0.111727
-0.03125  -0.079789
0.1875  -0.0911056
-0.15625  -0.0576999
0.125  -0.0561237
-0.15625  -0.145613
0.34375  -0.0800823
-0.0625  0.0192014
0.09375  -0.240868
-0.03125  -0.147045
0.15625  -0.0948381
0.125  0.0539367
0.1875  0.0849612
0.15625  0.0886688
0.15625  -0.306775
-0.125  -0.185846
0.1875  0.228939
0.09375  0.227147
0  -0.102159
-0.1875  0.149697
0  -0.04986
-0.15625  0.046031
-0.125  -0.272453
0.09375  -0.072547
0.09375  -0.228171
0.09375  -0.0940907
0.03125  0.0337778
0.375  -0.237483
-0.1875  -0.0589136
0.125  0.0623607
0.0625  -0.150656
-0.1875  -0.0228809
0  0.00113859
0  -0.260751
-0.125  -0.280502
0.03125  -0.104638
0.03125  0.132486
0.03125  -0.0132611
-0.09375  -0.157943
0.03125  -0.119091
0.03125  -0.00693872
-0.21875  -0.0110508
0.1875  -0.0217377
0  -0.139389
0.15625  -0.202875
-0.09375  -0.00563005
-0.15625  0.13282
0.125  -0.055056
-0.125  -0.138881
-0.0625  0.074914
0.1875  -0.263301
0.125  -0.146257
0  -0.289561
-0.09375  0.00865046
-0.0625  -0.0614927
0.15625  0.105261
0.125  -0.0765064
-0.0625  -0.103086
0.03125  -0.127226
-0.15625  -0.129059
-0.09375  -0.0937457
0.125  0.0882837
-0.125  0.103448
-0.09375  0.0347676
0.28125  -0.117509
0.125  -0.0976227
0.25  -0.168268
0.1875  -0.0118214
-0.125  -0.186236
-0.15625  -0.0777258
-0.125  0.048301
-0.25  -0.164169
0.03125  -0.0751984
-0.03125  0.132409
0.125  0.0229645
-0.03125  -0.102832
0.0625  -0.297712
0.03125  0.0165956
0.21875  -0.195004
0  -0.142721
-0.125  -0.214619
0.03125  0.055841
0.0625  -0.166006
-0.0625  -0.0572947
-0.1875  -0.0761861
0.125  -0.0381214
-0.0625  -0.196276
-0.03125  0.0899248
-0.15625  0.176862
0.0625  0.0550443
0.0625  -0.325835
-0.0625  -0.277755
0.09375  0.0638004
0.21875  -0.193323
0.21875  -0.121655
-0.15625  0.0726763
0  -0.00668949
0.0625  -0.00939397
-0.03125  0.0241235
0.03125  -0.0754933
0.0625  0.141488
-0.15625  -0.0896268
-0.0625  0.0337569
-0.09375  -0.0269354
0.0625  0.220595
0.15625  -0.107079
-0.0625  0.0501962
0.0625  -0.171445
0.03125  0.0376285
0  -0.089189
-0.125  0.229786
-0.25  -0.177356
-0.03125  -0.0501544
0  -0.0577735
0.21875  -0.0624883
-0.15625  -0.118851
0  0.0802318
-0.03125  -0.0261658
0  -0.0310473
-0.21875  -0.0768807
0.15625  -0.0802404
0  -0.164153
-0.15625  0.142681
0.03125  -0.0339986
-0.3125  -0.0628717
0.03125  0.0914031
-0.09375  0.0559329
-0.09375  0.0126017
-0.03125  -0.0853576
0.0625  0.0583285
-0.09375  -0.241437
-0.09375  -0.143523
-0.03125  -0.0285905
0.09375  0.0150292
0  -0.234572
-0.125  0.0544867
0.03125  0.0953332
0.1875  -0.0879799
0  -0.120628
-0.15625  0.027804
0.03125  0.0314619
-0.15625  -0.114131
-0.0625  0.116413
0.0625  -0.016214
0.03125  -0.159774
0.0625  -0.108641
-0.09375  0.0753901
0  -0.143798
-0.09375  -0.125874
0.03125  -0.115165
0.1875  0.0296732
-0.0625  -0.0486404
0.03125  0.0831088
0.15625  -0.136148
-0.09375  0.116397
-0.15625  -0.119801
-0.09375  -0.029469
0.15625  -0.0739055
0.21875  0.0283965
-0.125  -0.200594
-0.15625  -0.135401
-0.03125  0.00252132
0.1875  -0.0922884
-0.0625  -0.0955261
0.125  -0.176641
0.125  0.0591834
-0.125  -0.0422007
0.125  -0.0640405
0.1875  -0.127912
0  0.137547
-0.0625  0.0731155
-0.28125  0.0523916
-0.0625  -0.178522
0  0.187903
-0.0625  -0.110632
-0.03125  -0.0397817
-0.03125  -0.0923449
0.15625  -0.0166307
0.125  -0.109353
-0.0625  -0.0706519
0  -0.258653
0  0.0437803
-0.21875  0.0161887
0.21875  -0.07902
-0.03125  -0.105667
0  -0.134742
-0.03125  0.123542
-0.0625  -0.17928
0.0625  -0.099183
0.125  -0.106024
0.125  -0.133585
-0.25  -0.158617
-0.125  0.0210484
0  -0.277863
0.0625  -0.0711787
0.15625  -0.0392137
-0.03125  -0.0343893
0.21875  -0.0362618
0.0625  -0.216822
-0.09375  -0.163378
-0.0625  0.0604804
0.25  0.00121401
0.03125  -0.274717
0.28125  0.00739328
0.0625  0.142866
0.21875  -0.0470677
0.03125  -0.0747856
-0.125  -0.0181495
0.03125  -0.147097
0.1875  -0.0655818
-0.03125  -0.163902
-0.21875  -0.167238
-0.03125  0.0488631
0.125  -0.139513
-0.0625  0.157166
0.09375  -0.131131
-0.125  0.265899
0.03125  0.18344
0  -0.0282348
0.09375  -0.147373
-0.15625  -0.270199
0.25  -0.206699
0.0625  0.010389
0.125  -0.231566
-0.09375  -0.205082
0.3125  0.0882619
0.09375  -0.0597819
-0.03125  -0.157855
0.0625  -0.15387
0.09375  -0.203751
-0.03125  -0.182383
0  0.0543113
0.21875  0.0106136
0.03125  -0.0614748
0.03125  -0.0356956
-0.09375  -0.0458489
-0.21875  -0.0848939
-0.0625  -0.360153
-0.125  -0.0403111
-0.09375  -0.0808293
-0.0625  -0.0663643
-0.09375  -0.0682831
0.1875  -0.158231
-0.0625  -0.013506
-0.03125  -0.0228018
-0.09375  -0.125389
-0.125  -0.0433779
-0.09375  -0.0222421
-0.0625  -0.102956
0.1875  -0.137454
-0.09375  -0.251939
0.03125  -0.397028
-0.15625  -0.0309619
0  -0.0913271
0  0.0102414
0.1875  -0.0900367
-0.09375  -0.0336074
-0.3125  0.125025
0.0625  0.0871017
0.15625  -0.198231
-0.1875  0.025033
-0.09375  -0.0601743
0.0625  0.16436
-0.0625  0.0438117
0.15625  -0.0948046
-0.03125  -0.0047209
0  -0.0302596
0.21875  -0.0832475
0.3125  0.206031
-0.0625  -0.180748
0.03125  -0.0985545
0.15625  -0.0934416
0.03125  -0.0577695
0.03125  0.051329
0.03125  -0.113656
0.09375  -0.119703
-0.09375  0.0436023
0.3125  -0.143262
-0.0625  -0.102335
0.15625  -0.171805
-0.09375  -0.0478988
-0.03125  -0.162875
0.09375  -0.0459918
0  -0.0521095
0  0.0233464
0.09375  0.0452065
0  -0.151453
0.28125  0.106482
-0.03125  -0.109311
-0.03125  0.142186
0.1875  -0.0840998
0.03125  -0.0986773
-0.03125  -0.00867603
0  0.068143
0.0625  -0.147608
0  0.0857992
0.0625  -0.333512
0.03125  -0.193891
-0.15625  0.0328526
-0.09375  0.0797445
-0.09375  -0.11669
0.15625  0.119371
0.0625  -0.0147301
0.03125  0.0350068
-0.15625  -0.159876
0.0625  0.10828
0.0625  0.0725171
0.03125  -0.166291
0.21875  -0.00731846
0  -0.0140049
-0.09375  -0.130751
-0.03125  -0.117394
0.1875  -0.0126704
-0.0625  0.118555
0  0.120892
-0.03125  0.136605
0.03125  0.0811405
-0.15625  -0.0412978
0.125  0.181418
0.09375  -0.135626
0.21875  0.112391
0.09375  0.0477624
0.0625  0.149215
0.09375  -0.161793
-0.03125  0.0957088
-0.0625  -0.104789
0.125  -0.0707612
0.03125  -0.0365796
-0.21875  0.00675484
0.125  0.30022
0.25  -0.320239
0.03125  0.0722307
-0.1875  0.0903498
0.0625  -0.0125771
0  -0.0818422
0.09375  -0.11757
0.125  -0.192857
-0.15625  -0.0271106
0.25  -0.122506
0.09375  -0.0830802
-0.15625  -0.00411731
0  -0.0926873
-0.0625  -0.118021
-0.09375  -0.0942788
0.09375  -0.311201
0.0625  -0.0743972
0.0625  0.0764241
0.28125  0.0604554
0  0.163331
-0.125  -0.157199
0.15625  0.087586
-0.03125  -0.0687664
0  0.085932
0.09375  -0.0544544
-0.03125  -0.164254
0.03125  0.0376268
-0.125  -0.227932
0.03125  -0.180078
-0.15625  -0.0222338
-0.03125  -0.167755
0.03125  -0.0317883
0.03125  -0.0329427
-0.125  -0.0479429
0.125  -0.0790597
0  0.0109808
-0.09375  -0.111758
-0.09375  -0.0508021
-0.03125  -0.038453
0.15625  -0.117825
-0.09375  -0.0747704
-0.09375  -0.195512
-0.09375  -0.0707543
-0.09375  -0.259326
0.0625  0.0390748
0.09375  -0.0617181
-0.125  -0.0758359
-0.03125  -0.0194794
-0.1875  -0.0262718
0.03125  -0.26638
-0.03125  0.022853
0.09375  -0.0724761
0.03125  0.00428189
-0.09375  0.0137698
0.15625  0.182913
-0.125  0.00609332
-0.03125  -0.000313751
0  -0.0770347
-0.03125  -0.0313032
-0.15625  -0.143185
0.03125  -0.262736
0  0.103464
0.09375  -0.0463657
-0.125  -0.0252347
-0.25  -0.292532
0  -0.274192
-0.1875  0.117445
0.0625  -0.0845693
-0.0625  -0.076946
-0.125  -0.202407
-0.0625  -0.0963344
-0.0625  0.0042913
-0.125  0.102917
0.125  -0.046227
-0.125  0.116261
0.125  -0.239744
0.21875  0.0945472
-0.09375  0.00668588
0.09375  0.0514488
0.15625  -0.195203
0.21875  -0.191985
0.03125  -0.0604171
0.1875  -0.1598
0.1875  0.0141512
0.21875  -0.00181777
0  -0.149193
0.03125  -0.101448
0.03125  -0.0881624
0.0625  -0.184318
0.09375  -0.123647
0.0625  0.115987
0.03125  -0.0956213
-0.03125  0.258013
0.1875  -0.0678748
0.0625  -0.235973
-0.09375  0.00488463
0.125  -0.259647
0  -0.00682834
0.0625  -0.0947722
0.09375  0.130527
0.1875  -0.0540844
-0.03125  -0.0172625
-0.15625  0.0955153
-0.09375  0.191983
0  -0.13511
-0.0625  -0.0552637
0  -0.0902784
0.125  -0.104312
0.0625  -0.092163
0  0.0661133
-0.1875  -0.225597
-0.1875  0.160082
0.0625  -0.234867
0.09375  -0.00348123
-0.1875  0.233383
0.09375  -0.0484692
0.0625  -0.0396804
0  -0.127375
-0.03125  -0.0762668
0  -0.106753
0.03125  -0.0113364
-0.125  0.170083
-0.03125  0.00300943
0  -0.00836352
0.09375  0.0766804
0  -0.0498498
0.03125  -0.150522
-0.0625  -0.288161
-0.15625  -0.0128998
-0.09375  0.175184
0.0625  -0.109101
0.09375  -0.0432088
0.125  -0.27667
-0.34375  -0.0742784
-0.03125  -0.106213
-0.0625  -0.00814175
-0.125  -0.0458123
0.125  0.010473
0.0625  -0.0926471
-0.03125  -0.0183447
-0.0625  0.000892508
-0.15625  -0.000374724
0  -0.20443
0.28125  -0.104259
0.0625  -0.00839839
-0.0625  0.154202
0.09375  -0.312116
0.0625  -0.0894851
0  -0.0370998
0  -0.00416145
-0.03125  -0.0414123
-0.0625  0.018596
0.1875  0.0631318
-0.15625  -0.307257
0.0625  0.0836056
-0.03125  0.0270388
0.03125  -0.058916
0.0625  0.0787865
-0.0625  -0.10267
0.09375  -0.118154
-0.09375  0.160094
-0.125  -0.212827
0  -0.0402831
0.15625  -0.0218217
-0.15625  -0.117831
0  -0.0604549
0.03125  -0.128075
-0.1875  0.0681523
-0.0625  -0.0404836
0.0625  -0.0613617
0.09375  -0.171733
-0.09375  -0.158065
0  -0.228098
0.0625  -0.205461
0.03125  -0.0137078
-0.125  0.0234616
-0.15625  0.0231164
0.21875  -0.0796286
-0.03125  -0.0544501
0.09375  0.292172
0.0625  -0.19424
-0.1875  -0.0740907
-0.21875  0.0738388
-0.15625  0.00611309
-0.15625  -0.0901679
0.09375  0.0136477
-0.03125  0.21708
0  0.0126594
0.0625  0.0306788
0.15625  0.0263368
0.1875  -0.0619438
-0.03125  -0.1585
-0.125  -0.187889
0.09375  -0.0790094
0.0625  -0.303555
-0.21875  -0.364782
0.1875  -0.125163
0.09375  0.0880391
-0.03125  -0.0149485
0.03125  0.0177482
-0.15625  -0.00446249
0.15625  -0.159704
0.09375  0.0207523
0.21875  -0.00507349
-0.09375  -0.00413691
-0.09375  -0.0793282
0  -0.110006
0  -0.0703422
0.125  0.00728638
0.0625  0.054585
-0.25  -0.0472036
-0.125  -0.095596
-0.21875  0.0451443
-0.0625  -0.0292361
-0.09375  -0.157482
-0.03125  0.122814
0.09375  0.0654361
0.03125  -0.138174
0.09375  0.16606
-0.0625  0.0525425
0.21875  0.0303661
0.125  -0.0551402
-0.03125  -0.00416956
0.125  0.000522139
0.0625  -0.255772
0.0625  -0.0500634
0.09375  -0.106549
-0.0625  0.0672556
0.03125  0.0687334
0.03125  -0.180601
0  -0.408844
-0.03125  0.0597534
0  0.0326369
0.0625  -0.183372
-0.0625  -0.0782233
0.03125  0.0966151
0.1875  -0.106877
-0.03125  -0.0806361
-0.28125  -0.05362
-0.125  -0.30258
-0.25  -0.199504
0.09375  -0.112533
-0.09375  0.14649
-0.09375  -0.0260018
0.09375  -0.213964
-0.09375  -0.100432
0.28125  -0.189979
0.0625  0.19644
0.0625  0.0875492
0.1875  -0.109535
-0.1875  0.124098
0.15625  0.207778
-0.0625  -0.133691
-0.15625  -0.0441525
0.03125  -0.206261
0.09375  -0.189735
-0.125  0.0609811
-0.09375  0.144137
0  -0.131427
0  -0.298977
0.125  0.138304
0.03125  -0.0620222
-0.21875  -0.130017
-0.40625  -0.123631
-0.25  -0.116648
0.09375  -0.0468823
0.0625  -0.211662
0.09375  0.0482605
0.03125  0.0461291
0.0625  -0.174833
-0.0625  -0.196669
0.125  -0.00176373
-0.125  -0.176965
0.0625  -0.0551598
-0.125  0.0836449
0.03125  0.0301722
-0.09375  0.0995861
0.03125  0.135725
-0.21875  0.0684638
-0.03125  -0.141239
0.125  0.181079
-0.21875  -0.11889
0.125  0.12251
0.09375  -0.172656
0.25  -0.145084
0.15625  -0.0409291
-0.125  -0.03875
-0.03125  -0.055862
0.09375  -0.132961
-0.03125  0.0301538
-0.34375  0.0570865
0  -0.119228
0.09375  0.06873
-0.03125  0.133531
0.125  -0.157985
0.125  -0.119056
-0.125  -0.112945
0.03125  0.0732244
0.03125  -0.269169
-0.3125  -0.0652789
0.09375  -0.18889
0.03125  0.0191981
0  0.102438
0.125  0.176206
-0.1875  0.0450548
-0.0625  0.0293307
-0.09375  0.0701542
0.125  -0.152765
0.21875  -0.0281473
0  0.13633
-0.09375  0.0838169
-0.125  0.164916
0  -0.0074527
-0.15625  -0.0350789
-0.0625  -0.0196224
-0.1875  -0.0507637
0.125  -0.00664953
-0.03125  -0.254735
0.09375  -0.0106617
-0.0625  -0.268003
0.09375  0.0758207
-0.1875  -0.207236
-0.09375  -0.10885
-0.21875  -0.160797
-0.0625  -0.263905
-0.03125  -0.0186055
-0.03125  0.0405451
0.03125  -0.112709
0.0625  -0.0309726
0.25  -0.212527
0.09375  0.0862651
-0.1875  0.194481
0.03125  0.0439371
0.0625  0.222204
0.3125  -0.182174
-0.15625  -0.0126319
-0.125  0.228912
0.125  -0.152515
-0.0625  0.0282662
0.03125  -0.152753
0.03125  -0.079832
0.09375  -0.0187603
0.21875  0.0109773
-0.09375  0.0375995
-0.25  -0.0403833
0.3125  -0.237356
-0.125  -0.181354
-0.09375  -0.0906007
0.15625  -0.125788
0.03125  0.0785085
-0.125  -0.019549
-0.125  0.176261
-0.125  -0.119355
0.09375  -0.172859
0.0625  -0.0303018
0.125  -0.232042
0  0.0409085
0.09375  -0.156325
0.15625  -0.170673
0.0625  -0.164333
0.15625  -0.238551
-0.03125  0.193002
0.1875  0.0525065
0.03125  0.0901285
-0.0625  -0.168118
0.09375  0.00738609
-0.03125  -0.0272337
-0.3125  -0.0439393
0.15625  -0.0744572
-0.0625  -0.174361
-0.0625  -0.201301
0.0625  0.195174
0  -0.0328116
-0.125  -0.0219865
0.28125  -0.115729
0.03125  -0.00877489
0.0625  0.0603368
0.15625  -0.218427
0  -0.101829
-0.09375  -0.0698355
0  -0.0683205
-0.0625  -0.117691
-0.0625  -0.182994
0.09375  -0.045373
0.25  0.145087
-0.0625  -0.150724
-0.03125  -0.010197
-0.0625  0.177445
-0.0625  -0.0784917
0.15625  -0.10464
0.1875  -0.00246093
0.15625  -0.0199298
-0.15625  -0.0991301
0.03125  -0.114166
0  0.0793697
0  0.0257233
-0.1875  0.0470013
0.03125  -0.0284759
-0.03125  -0.0960339
0.0625  -0.0898512
0.125  -0.0123319
0.15625  -0.195214
-0.21875  -0.0652436
0.09375  0.13874
0.125  0.00516982
0.0625  -0.0476656
0.0625  -0.111174
0.125  0.0346508
-0.0625  -0.0740949
0  -0.0687764
0.21875  0.179965
-0.09375  -0.0626578
-0.0625  -0.0981273
0.03125  0.0482716
-0.03125  0.0766481
-0.0625  -0.137236
0.3125  0.0970964
-0.03125  -0.187642
-0.09375  -0.174374
-0.0625  0.0272306
0.125  -0.194692
0.125  -0.229316
-0.03125  -0.134851
0.21875  -0.0680097
0.15625  0.00180177
-0.125  0.0618197
0.03125  0.184618
-0.25  -0.15243
-0.03125  0.0441934
-0.0625  0.0673602
0.0625  -0.247547
0.125  0.100834
0.09375  0.0345646
-0.09375  -0.0716851
0.03125  0.0326946
-0.25  -0.0276004
-0.0625  -0.0913712
0  0.208309
0  -0.165733
0.25  0.0734071
0.09375  -0.0126926
-0.1875  -0.127284
-0.03125  -0.160616
0.03125  -0.250966
0  -0.0976227
0.09375  0.0430203
0.15625  0.0814317
-0.15625  -0.0623508
0.0625  -0.0553246
-0.09375  0.0670905
-0.125  0.223338
-0.0625  -0.319163
0.3125  -0.0551593
-0.21875  0.0913443
-0.125  -0.0908825
-0.03125  -0.0483476
0.03125  -0.123035
-0.03125  -0.177849
-0.1875  -0.128313
0.1875  -0.154197
0.03125  0.0421049
0.09375  0.164843
-0.09375  -0.0864697
0.0625  0.0318762
-0.15625  0.186069
-0.125  -0.0030625
0.09375  -0.076522
-0.4375  -0.189621
0.15625  -0.0952658
0  -0.0315902
0.03125  0.0637864
-0.03125  -0.063498
0.1875  -0.10867
0.03125  -0.170124
0  -0.0765797
-0.1875  -0.0122223
0.0625  -0.170785
0.09375  -0.152041
0.09375  0.0499622
0.09375  -0.344091
0.0625  0.0811516
0  -0.0396908
0.03125  -0.173269
-0.03125  -0.166124
-0.0625  -0.109624
-0.03125  -0.100305
-0.0625  0.0638027
0.1875  -0.101792
0.03125  -0.309403
0.09375  -0.314487
0.09375  0.0910083
0.03125  -0.177842
-0.125  -0.0147635
-0.3125  -0.169301
0.03125  -0.0634912
-0.09375  -0.030689
0.0625  -0.0919467
-0.21875  -0.0530491
0  -0.0035453
-0.03125  -0.0489874
0.03125  0.044398
-0.03125  -0.181744
-0.09375  -0.0428631
0  -0.039736
0.1875  0.0394939
-0.0625  -0.0023018
0.03125  0.0555168
-0.1875  -0.0918302
-0.15625  -0.0796909
0.28125  -0.144242
0.125  0.133877
0.125  -0.0598998
0.03125  0.176043
-0.03125  -0.0251541
-0.125  -0.148252
-0.15625  0.00223735
0.0625  0.00788681
0  -0.042919
0  0.229889
0.0625  -0.0140218
0.0625  -0.279973
0.09375  -0.141037
0.25  -0.338359
-0.0625  0.0741605
0.03125  0.21961
0.03125  -0.0264411
0.21875  0.000804966
-0.09375  -0.099789
0.125  0.0720211
-0.1875  -0.136879
0.125  0.0382383
0.09375  0.0641827
-0.0625  -0.132454
0.1875  -0.17337
0.03125  -0.0865301
0.03125  -0.126384
0.09375  -0.305836
-0.09375  -0.0923695
0.125  -0.127697
-0.28125  -0.24416
0.1875  0.160223
0.125  -0.34931
-0.21875  -0.213446
-0.15625  -0.249731
-0.03125  0.0307188
-0.125  -0.0419165
-0.21875  -0.118336
-0.28125  -0.0259236
-0.1875  0.0772735
-0.21875  0.12582
-0.15625  -0.344397
0.0625  0.249805
-0.34375  -0.0167042
-0.15625  -0.125814
0.25  -0.0276637
-0.09375  -0.208088
-0.03125  0.259002
-0.09375  -0.066421
-0.21875  0.0633755
0.125  -0.0214985
-0.03125  -0.177284
0.1875  -0.0142222
0  -0.0489222
-0.25  -0.208549
0.09375  0.0318709
-0.09375  -0.0679551
0.0625  0.187538
0  -0.169853
-0.125  0.0373694
-0.0625  0.169925
0.1875  -0.0152034
0.03125  -0.0187292
0.03125  -0.0610464
0.28125  -0.157183
0  -0.314168
0.15625  -0.191942
-0.03125  -0.0889347
-0.21875  0.0509148
-0.15625  -0.0673815
0.03125  -0.0313254
0.09375  -0.0677441
-0.09375  0.102516
0.0625  -0.00016836
0.25  -0.205092
-0.0625  -0.156532
0.25  0.0118635
0  -0.0614445
0  -0.139278
0.09375  0.133096
-0.09375  -0.134848
0.0625  -0.0111437
-0.03125  -0.0128074
0  -0.0446293
0.03125  0.12621
0.0625  0.189919
0.125  -0.320334
0.125  -0.0639317
0.09375  -0.0509749
-0.125  -0.173943
0.15625  -0.0524503
-0.09375  -0.139913
0.09375  -0.119959
0  -0.0972768
-0.125  0.064053
-0.03125  0.00850852
-0.0625  -0.267539
0  -0.105122
0.15625  -0.169435
0.03125  -0.0106267
0.09375  0.0378444
-0.125  -0.0601269
-0.09375  -0.0784701
-0.125  0.0906942
-0.125  -0.364654
-0.28125  -0.0220352
-0.125  0.231026
-0.03125  0.11585
0.0625  0.0298503
0.1875  -0.0463049
-0.03125  0.0455005
0.125  0.0330679
0.0625  -0.00707543
-0.125  -0.0230622
0.125  -0.0549711
-0.03125  -0.10318
0.0625  0.214734
-0.0625  -0.309393
0.03125  0.162339
-0.0625  -0.136324
0.0625  -0.222639
-0.15625  0.0646543
0.0625  -0.114382
0.125  -0.027736
0.125  0.0539848
-0.1875  -0.0884473
0.09375  -0.103539
0.125  -0.12258
0.03125  0.164715
-0.15625  -0.0683901
0  -0.155266
0.03125  0.253282
0.03125  -0.282327
0.125  0.113233
0.125  0.0683314
-0.125  -0.134777
-0.09375  -0.0980351
-0.0625  -0.152961
-0.03125  -0.0814844
0.03125  -0.193185
-0.1875  -0.157759
0  -0.0429011
-0.0625  -0.130763
0.0625  -0.0817316
-0.125  0.226606
-0.125  -0.039199
0.03125  -0.0997109
-0.0625  -0.0877467
-0.09375  0.140472
-0.03125  -0.0313118
0.1875  -0.307166
0.0625  -0.338404
0.09375  0.0382117
0.1875  -0.200591
-0.03125  -0.0881953
0.09375  -0.090187
-0.09375  -0.0355909
-0.15625  0.0544151
-0.15625  -0.131006
-0.25  0.119117
0.09375  0.149114
0.3125  -0.108626
0.03125  0.147218
0.03125  0.0747803
-0.09375  0.0432617
0  -0.131154
0.03125  0.0786512
0.125  0.0619988
-0.34375  -0.00756918
-0.125  0.244781
0  0.0189365
-0.09375  0.152268
0.28125  -0.162216
-0.0625  -0.198837
0  -0.0453742
0.0625  -0.0296104
0  -0.075796
-0.03125  -0.136342
0.0625  -0.0204323
-0.125  0.234187
-0.15625  0.129679
0  -0.287882
0.21875  0.233354
0  -0.148354
-0.03125  0.0216444
0.09375  -0.169321
0.15625  0.091632
-0.03125  -0.208916
-0.03125  -0.0773839
0.03125  -0.143643
-0.28125  0.359544
-0.0625  0.00225248
0.09375  -0.112734
-0.09375  -0.0581444
0  -0.0700218
-0.25  -0.0392735
-0.125  0.0100658
-0.03125  0.0396304
-0.03125  0.0214474
-0.25  -0.192555
-0.03125  -0.0226998
-0.0625  0.0343961
-0.09375  0.20965
0.09375  0.229926
0.09375  0.0279101
-0.0625  0.0150666
0.0625  -0.0481675
-0.03125  -0.0646008
-0.15625  -0.119193
-0.0625  -0.230663
0.125  0.0682056
0.0625  -0.0594096
-0.09375  0.171409
-0.09375  -0.0799548
0.21875  0.0843101
0.03125  -0.089615
-0.09375  -0.278351
0.0625  0.0132538
-0.03125  -0.224834
0.03125  -0.278103
0.25  -0.170409
0  0.00905979
0.15625  0.169984
0  -0.135964
-0.09375  -0.254742
-0.21875  -0.0296846
-0.0625  -0.135494
-0.125  0.0914517
0.03125  -0.163096
-0.15625  -0.125195
0  -0.0641712
0.21875  -0.217899
0.1875  -0.0944188
-0.0625  -0.0979689
-0.1875  -0.174241
0.0625  -0.0106272
0  -0.0723209
-0.09375  -0.0196745
-0.125  -0.019091
0.0625  -0.0843808
-0.15625  -0.1536
0  -0.000792288
0  -0.0733228
0.09375  0.0805325
0.21875  0.109033
-0.34375  0.0043684
0.03125  0.0363829
0.09375  0.104213
-0.03125  0.0265957
-0.0625  -0.00855668
0.09375  0.0702212
0.03125  -0.0501976
0.28125  0.0488452
0  0.0290133
-0.03125  -0.166956
0.03125  -0.249209
0  -0.191306
0.03125  -0.0663256
-0.125  0.0809042
0.125  -0.169079
0.0625  0.00501023
-0.125  0.115743
0.09375  -0.0572378
0.09375  0.128553
0.1875  0.116766
-0.0625  -0.0759525
0.03125  -0.0824968
-0.0625  -0.0122163
-0.15625  0.00748993
-0.03125  -0.131622
-0.03125  -0.168647
-0.15625  -0.102685
-0.03125  -0.198237
0.0625  -0.0336702
-0.125  -0.218497
0.03125  0.059058
-0.34375  -0.322476
-0.25  -0.188792
0.09375  -0.185192
0.125  -0.179194
-0.03125  -0.0949804
0  -0.0617528
-0.3125  0.00230142
-0.03125  -0.204085
-0.09375  0.150903
-0.125  0.044107
-0.09375  0.146224
-0.0625  -0.203331
-0.125  0.0294417
-0.125  0.261686
-0.03125  -0.0594747
-0.03125  -0.0835716
-0.21875  -0.20604
0.0625  -0.0479313
0.25  -0.0618405
-0.125  0.130693
-0.0625  -0.180735
0.03125  -0.043849
-0.03125  -0.0198195
-0.0625  -0.121619
-0.15625  -0.0750684
0  -0.0318469
-0.125  -0.114646
0.125  0.150586
-0.125  0.0512315
0.15625  0.304745
0.09375  0.0930111
0.03125  -0.0295865
-0.1875  -0.0940183
-0.09375  0.103954
0.1875  0.0540974
0.03125  -0.0339243
0.125  -0.0891524
-0.03125  0.0457088
-0.03125  0.10608
0.03125  0.0802501
-0.21875  0.0297209
0.1875  -0.0507732
0.0625  0.0309398
0.03125  -0.109804
0.0625  0.0753802
0.03125  -0.0424623
0.03125  0.0620212
-0.03125  -0.0687419
0.09375  -0.0249955
0.0625  -0.269743
-0.125  0.0610963
0.0625  -0.1668
0.03125  -0.0477235
0.09375  0.0874399
0.0625  -0.150134
-0.0625  -0.0939703
-0.03125  -0.0361443
0.03125  0.115958
0.03125  -0.0910265
0  -0.215848
-0.0625  -0.0194358
0.03125  -0.0694157
-0.25  -0.142731
-0.09375  -0.158866
0.125  0.15985
-0.125  -0.254331
-0.125  -0.156593
-0.0625  -0.154476
-0.0625  -0.255303
-0.0625  -0.040528
-0.0625  -0.0761516
-0.0625  0.14305
0.09375  -0.193308
0.03125  -0.168777
0.03125  -0.182263
-0.03125  -0.0725816
0.03125  0.0966006
-0.03125  0.0237041
-0.03125  0.230787
0.03125  -0.198411
0.1875  0.027628
0.03125  0.0590553
0.1875  -0.0350758
-0.125  0.224807
-0.03125  0.121752
-0.25  -0.0596363
-0.125  -0.0833997
0.15625  -0.0473418
0.09375  0.0308457
-0.03125  -0.074396
-0.125  -0.0444651
0.1875  -0.0640031
0.03125  -0.167495
-0.125  -0.203349
-0.15625  -0.182897
0  -0.0246362
0.1875  0.0200123
-0.125  -0.136265
0.03125  -0.189674
-0.0625  0.0301632
-0.15625  0.0381285
-0.09375  -0.00315276
-0.03125  0.00953749
0  -0.00225625
-0.125  -0.121907
-0.15625  -0.123791
-0.15625  -0.0371613
-0.125  0.0217407
-0.03125  -0.0413563
0.09375  -0.216667
-0.09375  0.0801769
-0.15625  -0.172826
0.03125  -0.124458
0.09375  -0.112722
0.1875  0.00174807
0  -0.0631552
-0.28125  -0.0857126
0.09375  -0.0727275
0.21875  -0.0790228
-0.0625  0.0131502
0.15625  0.179221
0  -0.187351
0  -0.162542
-0.09375  -0.0492188
0.03125  0.322913
-0.15625  0.312624
-0.03125  -0.148055
-0.03125  -0.0609608
-0.21875  0.0411884
-0.09375  -0.0828426
0.03125  -0.0407141
0.03125  -0.163478
-0.0625  -0.0232837
-0.125  -0.0559408
0.03125  -0.133781
0.15625  -0.148846
-0.125  -0.0764141
-0.09375  -0.0765377
-0.125  -0.0156635
-0.09375  -0.0988598
-0.03125  -0.00498766
0.125  -0.169122
0.15625  0.110411
0.125  0.00179852
-0.125  0.00157286
-0.1875  -0.0361239
-0.0625  -0.11261
-0.03125  -0.113264
0.21875  -0.40728
-0.0625  -0.179833
0  -0.0101665
0  -0.0821928
0.1875  0.0839194
-0.03125  -0.0850495
0.0625  0.0975788
0.0625  -0.120944
0.09375  -0.0968982
-0.03125  0.106011
-0.1875  -0.355044
-0.125  -0.123834
0.03125  -0.337446
-0.09375  -0.142695
-0.03125  0.0916684
0  0.27419
0  -0.274696
-0.15625  -0.148758
-0.03125  -0.196923
-0.25  -0.00508006
-0.09375  0.16009
0.0625  -0.05328
0.28125  -0.100521
0.15625  0.137236
-0.125  0.202013
-0.09375  -0.0887072
-0.0625  0.0180878
-0.0625  -0.145089
0.09375  -0.215072
-0.03125  0.0607
0.125  -0.029085
0.125  -0.0199885
-0.03125  -0.114344
0.03125  -0.0613873
-0.0625  -0.236811
0  0.00215995
0.03125  -0.180945
-0.09375  0.0858953
0  -0.0742026
-0.09375  0.161585
0.25  0.207984
-0.0625  -0.102842
-0.0625  0.105889
-0.0625  0.0972019
-0.09375  -0.0395908
-0.09375  0.0802234
-0.125  -0.208264
-0.15625  -0.158549
0.1875  0.027764
0.09375  -0.214033
0.15625  -0.0551584
0.0625  -0.104808
0.28125  0.040207
0.125  -0.145667
-0.09375  -0.174133
0.125  -0.00955063
-0.0625  0.133324
-0.21875  -0.17445
0.0625  0.0562689
0  -0.308523
0.0625  0.120245
-0.0625  0.153984
0.21875  -0.092535
0.09375  0.0612681
-0.125  -0.0617138
0.09375  -0.112824
-0.125  -0.189523
0.09375  -0.199116
0.125  -0.248132
-0.125  -0.147317
0.0625  -0.183718
0  -0.208189
-0.03125  -0.180578
-0.03125  -0.117375
0.1875  0.00481522
0.03125  -0.156862
-0.09375  -0.107729
0.03125  0.0733773
0.0625  0.206861
0  0.000969988
-0.03125  0.101298
0.09375  -0.0990945
0.15625  -0.150127
-0.125  -0.0556744
-0.09375  0.147836
-0.125  -0.175231
0.125  -0.0165275
-0.21875  -0.0368868
0.1875  -0.106322
-0.125  -0.0104933
-0.15625  -0.0852916
-0.15625  0.0602237
-0.09375  0.123376
0  0.00452627
0.0625  0.0453378
-0.25  -0.0994968
0.03125  -0.298496
0.09375  -0.132811
0.15625  -0.137834
0.03125  0.140941
-0.03125  -0.107593
-0.03125  -0.0546579
0.125  -0.0972132
-0.15625  0.041187
0.09375  0.0665541
-0.0625  -0.137005
-0.03125  0.0990642
-0.03125  -0.00479291
0.09375  -0.0982776
-0.03125  -0.0199349
0.09375  -0.188154
-0.03125  -0.064006
0.03125  -0.284607
0.1875  -0.0336785
-0.28125  -0.22612
-0.0625  -0.147807
0.125  0.170956
-0.03125  0.0633688
0.21875  0.0460907
-0.09375  0.0519534
-0.15625  0.0786546
-0.125  -0.243828
-0.1875  0.0706467
-0.09375  0.0789682
0.0625  -0.167588
0.09375  -0.0403323
-0.03125  0.0222902
0.09375  0.0110485
-0.03125  -0.050929
0.15625  -0.107817
0.25  -0.183719
-0.03125  0.037424
0.03125  0.00729528
-0.0625  0.0203153
-0.1875  0.282012
-0.25  -0.149645
0.03125  -0.0852446
-0.0625  -0.0746768
-0.09375  -0.0225423
0  0.22865
0  -0.0740348
0.03125  -0.0725083
0  -0.0884119
0.09375  -0.120216
-0.0625  -0.152646
-0.125  0.255965
-0.21875  -0.0776891
-0.03125  0.162553
0  -0.0273933
0.0625  -0.241457
-0.03125  -0.133181
-0.28125  0.0160599
0.0625  -0.0148798
0.0625  0.119814
-0.03125  -0.290636
0.03125  -0.01572
0.125  0.0159994
-0.25  -0.0501401
-0.09375  0.0636145
0  -0.0770336
0.125  -0.0915384
0.125  -0.00557327
0.0625  0.0402981
-0.21875  -0.189915
0.03125  -0.0158351
-0.03125  -0.157341
-0.03125  0.186981
-0.03125  0.0462635
-0.125  0.0638197
0.03125  0.0474179
0.09375  0.0423344
-0.15625  -0.127034
-0.1875  -0.273401
0  -0.0697269
0.0625  0.106273
-0.03125  0.0753068
0.09375  -0.0902968
0.09375  0.0108338
-0.09375  -0.0950279
-0.03125  0.2016
0  -0.0569521
-0.125  -0.0401644
-0.03125  -0.0982644
0.15625  0.143554
0  -0.117522
0.09375  -0.0754661
-0.3125  -0.255806
0  -0.0737034
-0.0625  0.0614363
0  0.0249226
-0.125  -0.00162798
-0.125  -0.134995
0.1875  -0.0595546
0.125  0.0472978
-0.125  0.213137
0.03125  0.111656
-0.03125  0.0573957
-0.0625  -0.128609
-0.125  -0.0499317
0.0625  -0.0988712
0  -0.158072
0.09375  -0.0771151
0.03125  -0.0220274
0  0.151144
-0.25  -0.121973
0.1875  0.110793
0.125  -0.0904517
0  -0.229974
0.09375  -0.149841
-0.15625  0.0417126
0.03125  0.0175213
0  0.0222817
-0.09375  -0.152873
-0.15625  -0.140125
0.0625  0.128347
-0.03125  -0.210181
0  0.030709
0.15625  -0.0956261
0.03125  -0.103997
0.09375  -0.00688904
0.03125  -0.0710614
0  -0.108748
-0.125  -0.184797
0.125  -0.181991
-0.0625  -0.14838
0.15625  0.0164356
0  0.0856124
-0.03125  0.0728544
0.0625  0.0127799
0.03125  0.139911
0.0625  -0.107536
0.25  -0.0718739
-0.0625  -0.048586
-0.03125  0.0853226
-0.25  -0.163325
0  -0.0411844
-0.03125  -0.0222435
-0.09375  0.0921019
-0.0625  -0.205312
0.125  0.0585088
-0.03125  0.0160603
-0.21875  -0.0529434
-0.3125  0.0619607
0.0625  -0.00871196
-0.09375  -0.126323
0  -0.215581
-0.0625  0.0716123
-0.09375  0.21303
0  -0.0629896
-0.25  -0.0682687
0.0625  -0.0542521
0.125  -0.033433
0  -0.245253
0.21875  0.0570014
0.1875  -0.155367
0.125  0.068578
0.15625  0.06692
0.28125  0.0143488
0  0.0312567
0.15625  -0.105932
-0.0625  0.0955887
0.03125  -0.158704
0.09375  -0.169488
-0.15625  0.0280404
0.15625  -0.0930344
-0.1875  -0.225478
0.15625  0.0276102
0.03125  -0.16173
0  -0.131364
0.09375  -0.114824
0.125  -0.0148092
0.0625  -0.0305139
0.0625  -0.0974379
-0.09375  -0.167734
0.09375  0.15369
0.03125  0.0146942
-0.3125  -0.0586286
0  0.0243509
-0.125  0.123822
-0.125  -0.0957587
0.21875  -0.100174
0.09375  0.0166536
-0.125  -0.121907
0.0625  -0.0751651
0.15625  0.0351509
0  -0.0283485
0  0.177897
0.09375  -0.0427284
-0.0625  -0.029513
-0.03125  0.067895
-0.3125  -0.0907364
-0.09375  -0.0138778
0.0625  -0.255236
-0.0625  -0.130515
0.09375  -0.0447961
-0.125  -0.0406878
0.125  0.15633
0.03125  -0.109204
0.1875  -0.0868657
-0.03125  -0.162939
0.25  0.0565005
-0.15625  -0.0456039
0.09375  -0.142328
0.03125  -0.0609473
-0.03125  -0.167128
-0.0625  0.000458665
0.03125  0.0482398
0.0625  -0.0765709
-0.1875  0.1663
0  -0.110705
-0.0625  -0.0856743
0.0625  -0.0656399
-0.09375  0.187232
-0.0625  -0.0878473
0  -0.121488
0.21875  0.0971717
0.0625  -0.0890555
0.21875  0.15017
-0.25  0.0158063
0.03125  -0.0123644
0  0.0232269
-0.03125  0.0177279
0.21875  -0.171271
-0.0625  -0.184215
-0.125  -0.00898131
-0.1875  -0.0436942
-0.15625  -0.000242837
-0.03125  0.0331261
0.15625  -0.000358353
0.1875  -0.156653
-0.03125  0.0306258
0.03125  -0.0143616
-0.09375  -0.220649
0.28125  0.07669
0.0625  -0.0574369
0.125  -0.150465
0.0625  -0.065098
0.03125  0.0756696
0.09375  0.0989287
0.03125  0.0542108
-0.09375  -0.00771335
-0.0625  -0.0532941
0.125  -0.0382329
-0.125  -0.0996363
0  -0.182171
0  0.0260289
-0.15625  0.111417
-0.125  -0.114419
-0.03125  -0.0509288
-0.21875  -0.140974
-0.0625  -0.00895937
-0.03125  -0.11055
0.15625  -0.109991
0.03125  -0.111212
-0.09375  -0.0193472
0.0625  -0.0348048
-0.1875  -0.0479337
-0.21875  -0.0487045
-0.15625  -0.0907777
-0.15625  -0.213237
0.21875  -0.041072
-0.1875  -0.268655
-0.03125  0.105937
-0.03125  -0.0389035
0  -0.122344
-0.125  0.0957534
0.03125  -0.00355477
0  0.103653
-0.1875  -0.0965149
0.0625  -0.0371308
0.1875  -0.136485
-0.15625  0.0138643
0.0625  -0.304267
-0.0625  -0.226032
0.09375  0.0355458
-0.28125  -0.0646278
-0.09375  -0.0407553
-0.0625  0.184007
-0.0625  -0.171007
0.0625  -0.171039
0.03125  -0.211252
-0.09375  -0.0280818
-0.0625  0.0343684
-0.0625  -0.0439983
0  -0.0444441
0.09375  -0.229922
-0.1875  -0.265347
0  0.0454025
-0.0625  0.0388849
0.09375  -0.0685251
0.0625  -0.079815
0.0625  -0.0445421
0.125  0.108382
-0.09375  -0.133138
-0.03125  0.174539
-0.0625  -0.178705
-0.15625  0.0326232
0.1875  -0.188386
-0.03125  -0.117391
0.0625  -0.00659846
-0.09375  -0.112475
-0.25  -0.0956239
-0.0625  -0.321176
0  -0.0682808
0.125  0.0807075
0  0.020853
0  -0.0182953
0.375  -0.124671
0.03125  -0.173946
0.21875  -0.0266173
-0.03125  0.0135559
-0.15625  -0.0611346
0.125  0.0291977
0.125  0.025109
-0.03125  -0.0439923
0.09375  0.0295378
-0.1875  -0.159058
-0.1875  -0.214787
0.09375  0.00519024
0.0625  -0.179472
0.09375  0.132643
0.25  -0.0393962
0.1875  -0.209337
-0.1875  -0.0198558
0.03125  -0.0817196
0  -0.0368874
-0.0625  -0.0929457
0.03125  -0.243726
0.0625  -0.0339699
0.15625  -0.0303911
0.03125  0.164669
-0.09375  -0.0142852
0.25  -0.203707
-0.125  -0.0273971
0  -0.207564
0.0625  -0.107541
-0.03125  -0.178569
-0.0625  0.240899
0  -0.0216246
0.09375  -0.0822943
-0.21875  -0.198518
0  0.00680289
0.03125  -0.0459086
0  -0.144372
-0.15625  -0.162043
0.125  0.135702
0.1875  0.000915765
0.09375  -0.014098
0.0625  -0.0829016
-0.125  -0.101915
-0.0625  -0.0907747
-0.21875  0.187358
0.15625  0.00681416
0.25  -0.0719523
0.03125  -0.17308
0.15625  -0.0942422
0.125  0.0582189
-0.09375  0.010929
-0.09375  0.0206896
-0.0625  -0.115388
0.0625  0.0833918
0.1875  0.0811748
0.09375  -0.116541
0.09375  -0.0254953
0  -0.208932
0.03125  -0.0842646
0.03125  -0.0509153
0.125  0.0862936
0  0.193345
-0.09375  -0.120517
0.15625  -0.141749
0  0.227413
0.09375  -0.106803
-0.03125  -0.251073
-0.09375  -0.0237943
-0.125  -0.177757
-0.0625  -0.130651
0.1875  0.0941652
-0.3125  -0.0810747
-0.0625  -0.106506
-0.03125  0.0327651
-0.28125  -0.21974
-0.0625  -0.0327594
-0.0625  -0.332138
-0.03125  -0.179628
-0.03125  -0.14957
0  -0.0763764
-0.0625  -0.00906547
0  -0.0522236
0.03125  -0.0936765
0.1875  -0.243976
0.03125  -0.169484
-0.15625  -0.0381717
0  -0.0630542
-0.03125  0.20268
-0.0625  0.0734011
-0.03125  -0.120973
-0.09375  0.0312855
-0.125  0.00739916
0  0.060167
0  -0.244699
-0.1875  -0.0821823
0  -0.0412307
-0.125  -0.0612547
-0.5  0.0224049
-0.1875  -0.0658187
-0.09375  0.0551444
-0.09375  -0.179993
0.0625  -0.138256
-0.09375  0.0146429
0.1875  -0.368542
-0.1875  0.120418
0.125  -0.0312311
-0.1875  0.154426
0.03125  0.112617
-0.125  -0.18021
0.09375  -0.0594672
-0.03125  -0.0251018
-0.125  0.0942249
0.125  0.0869227
0.21875  0.0166297
0  -0.204455
-0.09375  -0.204027
0.4375  -0.143443
0.03125  0.0162587
-0.15625  0.0307974
0.125  -0.142419
0.03125  -0.0350185
-0.1875  -0.083576
0.25  -0.102652
0.0625  -0.123268
0.21875  -0.145143
0.03125  0.0409629
0.03125  -0.0257238
-0.21875  -0.457335
-0.125  -0.0933766
-0.0625  0.0579931
-0.03125  -0.222955
-0.21875  0.110296
0.09375  -0.0362665
-0.09375  -0.242959
0.0625  -0.0957361
0.125  -0.271021
-0.03125  0.0193019
0.3125  0.0103852
0.03125  -0.0422121
-0.0625  -0.040109
0.0625  0.142521
-0.0625  0.22233
0.21875  0.0183244
0.28125  -0.0992171
0.1875  -0.0104814
-0.25  -0.0737021
0.0625  0.0216804
0.0625  -0.0021169
-0.1875  0.0602312
0.0625  -0.0119328
0.125  -0.295156
0.03125  0.0824533
-0.03125  0.101555
-0.09375  -0.0936409
-0.125  -0.127587
-0.03125  -0.0781328
-0.0625  -0.170251
-0.03125  0.259113
0.03125  -0.138509
-0.0625  0.0474741
-0.125  0.0627823
0.0625  -0.193061
0.0625  -0.0743441
-0.15625  -0.0663679
0  -0.121595
-0.15625  -0.0796522
0  -0.08805
0  -0.232763
-0.25  -0.233375
0.125  -0.309127
-0.125  -0.205392
0.03125  -0.0215904
-0.0625  0.0510453
0.25  -0.0223727
0.09375  -0.162186
-0.15625  -0.0282404
0.0625  0.0464134
-0.125  0.0403166
0.28125  0.113858
0.25  0.058187
-0.40625  -0.0307132
-0.25  -0.0772974
0.25  -0.0502065
0.09375  0.0325945
0.125  0.0261849
-0.25  -0.0489474
0.0625  -0.228181
0.21875  -0.112773
-0.1875  -0.344583
-0.34375  -0.0893185
-0.09375  -0.0444476
-0.125  -0.0331907
0.03125  0.0296648
0.03125  -0.231757
-0.03125  0.00532317
0.1875  -0.105265
-0.03125  -0.0157464
0  -0.263038
-0.03125  -0.0229809
0.125  -0.0963332
0.03125  0.0207386
-0.0625  -0.218207
-0.03125  -0.0702195
0.125  -0.287464
-0.0625  -0.295308
-0.125  -0.141933
-0.03125  -0.261063
0.1875  -0.039591
-0.09375  -0.299238
0.15625  -0.169023
0  -0.0915367
-0.21875  0.00477275
0.03125  -0.218927
0  -0.082582
0.125  0.0102005
0.0625  0.0442375
-0.03125  -0.131934
-0.1875  0.143865
-0.125  -0.125023
0.03125  -0.00312162
0.09375  0.0339168
0  -0.151969
-0.25  0.0119317
0.03125  0.0435574
-0.15625  -0.0753229
0.1875  0.0279909
-0.03125  0.210075
-0.125  -0.0314009
0.0625  -0.0511504
0.03125  0.0398655
0  -0.304517
-0.0625  0.031102
0.03125  -0.116493
-0.0625  -0.070895
-0.0625  -0.040016
-0.0625  -0.287847
-0.125  -0.0679819
0  -0.0984547
0.0625  0.0575176
-0.09375  -0.0843662
0.21875  -0.0990829
-0.0625  -0.18696
0.0625  -0.102498
0.0625  -0.0945818
-0.0625  -0.0871192
-0.0625  0.0605119
-0.0625  -0.0990083
-0.09375  -0.0121433
-0.15625  -0.159342
0.09375  -0.174268
-0.1875  -0.121058
0.0625  -0.224663
-0.0625  0.0943283
-0.03125  -0.184612
-0.03125  -0.259846
0.03125  -0.00733981
0.09375  0.0322886
0  0.0913044
0.03125  -0.0293759
0  -0.0770274
0.125  -0.154316
0.03125  0.0183914
-0.1875  -0.0599257
-0.1875  -0.116409
-0.09375  0.198321
0.0625  -0.126817
-0.03125  -0.103059
0  -0.0657119
0.0625  -0.0915525
-0.15625  -0.318911
-0.15625  0.0801516
0.03125  -0.0828406
-0.09375  0.418692
-0.1875  0.0997187
0  -0.161752
-0.03125  0.06033
-0.0625  0.0182741
0.03125  -0.0719636
-0.0625  0.246348
0.125  -0.0894675
0.15625  -0.121791
-0.0625  -0.0414371
0.09375  -0.0802759
0.03125  -0.0205189
0.03125  -0.0327462
0.0625  -0.105093
-0.28125  0.0303972
-0.25  -0.0425322
0.09375  0.0707924
-0.0625  -0.108355
0.09375  0.086815
-0.125  -0.142389
0.1875  -0.167008
0.15625  -0.136484
0.0625  0.177297
0.15625  -0.109628
-0.1875  -0.135029
0.03125  -0.0553024
-0.25  0.0163661
-0.1875  -0.104472
-0.1875  -0.0268738
0.09375  -0.147598
0.3125  -0.103802
0.0625  -0.156114
0.125  -0.0840058
-0.0625  -0.0743242
-0.0625  0.00595416
0.03125  -0.334865
-0.0625  -0.139091
0.28125  0.0246461
-0.09375  -0.167219
0.09375  -0.0518038
-0.15625  -0.072635
0  -0.19255
0.21875  -0.0617531
-0.03125  0.0738609
0.09375  0.0116572
-0.15625  0.0177874
0.09375  -0.0119995
0.125  -0.143094
0.25  0.167079
-0.1875  0.296328
0.1875  -0.0553968
0.09375  -0.198068
0.09375  0.0596746
-0.21875  -0.0395372
-0.09375  -0.247953
0.1875  -0.0538078
-0.03125  -0.0999038
0.03125  -0.106859
-0.09375  -0.137184
-0.09375  0.0224998
0.0625  0.0629577
0.0625  -0.175221
0  0.0301201
0.15625  -0.0370353
0.0625  -0.117615
0  0.00662168
0.0625  0.0423638
0  0.039731
-0.03125  -0.0160017
-0.09375  0.0183067
-0.0625  -0.162362
0.0625  -0.282738
-0.125  0.0755456
-0.15625  0.00352455
0.125  0.184746
0.09375  0.0358909
0  -0.113934
0  -0.265643
0  -0.0749319
0.03125  -0.0728803
0.03125  -0.0198279
0  -0.14899
0.03125  0.0670343
0.03125  -0.0772646
0.28125  -0.016843
0.0625  0.0754544
0.0625  0.177162
-0.0625  -0.0794918
-0.09375  -0.207165
-0.03125  0.0364362
-0.03125  -0.0956699
-0.1875  0.156092
0.1875  0.0805975
-0.21875  -0.00409681
-0.03125  -0.148406
-0.28125  -0.0527097
0.09375  -0.309939
0.1875  -0.0522914
-0.03125  -0.00381254
0.25  -0.126637
-0.125  0.210116
-0.03125  -0.00460509
0  -0.150343
-0.09375  -0.0599458
-0.34375  -0.0411472
-0.0625  -0.0115521
-0.15625  -0.0356875
-0.15625  0.058406
-0.0625  0.192297
0.09375  0.0940375
0.15625  -0.157379
0.125  -0.0554728
-0.15625  0.0238297
0.15625  -0.208456
-0.0625  -0.176432
0.0625  -0.130576
-0.25  0.0767024
0.125  -0.121367
0.0625  -0.186614
-0.0625  -0.156915
-0.0625  0.120766
0.0625  0.0584129
0  0.152491
0  -0.00516877
0.03125  -0.181436
-0.1875  -0.135005
-0.15625  0.144862
-0.21875  -0.0113106
-0.0625  0.0205885
0.125  -0.0520873
0.25  -0.0611734
-0.1875  -0.240331
-0.25  0.0143319
0.0625  0.0465773
-0.03125  0.0342997
-0.125  0.0412633
0.0625  -0.0674978
-0.03125  -0.216799
0.09375  -0.216395
0.125  0.0667265
0.125  0.126578
0.03125  -0.295849
-0.28125  -0.132842
-0.09375  -0.0248798
-0.03125  -0.0687537
0.15625  -0.0520967
-0.03125  -0.1074
-0.125  -0.0181315
0.03125  -0.149199
-0.15625  -0.137097
-0.1875  0.060039
0.0625  0.0174628
0.03125  0.0215017
-0.09375  -0.137259
-0.09375  0.0680345
-0.15625  -0.105328
-0.25  -0.130903
-0.125  -0.15204
-0.09375  0.1056
0.1875  -0.000447206
-0.15625  -0.0602527
-0.15625  0.13337
-0.09375  0.0308667
0.03125  0.0175549
0.03125  -0.0648194
0.15625  -0.0894461
-0.0625  -0.0971969
0.09375  -0.110518
-0.0625  -0.198327
-0.0625  -0.0771155
0.09375  0.0821908
0.0625  -0.0282356
0.09375  -0.151266
0.125  -0.159121
0.0625  -0.185035
0.1875  0.0700691
-0.09375  -0.127013
0.0625  -0.258667
-0.125  -0.138716
-0.0625  -0.0717476
0.28125  -0.0636339
0.1875  -0.142097
0.15625  0.0617246
0.09375  -0.379606
0  -0.0454311
-0.03125  -0.22228
-0.125  0.111574
-0.21875  -0.131439
0  0.0186873
0.125  0.199996
0.125  -0.167537
0.09375  0.224738
-0.03125  -0.0947542
-0.15625  -0.0960683
-0.15625  0.0292098
-0.09375  -0.129746
0  -0.171041
-0.3125  0.0313285
0  -0.0165201
-0.09375  -0.270606
-0.09375  -0.331514
0  0.0507486
0  -0.109363
0.25  0.0980084
0.09375  -0.0752414
-0.125  -0.00051436
0.25  -0.0668913
-0.03125  0.205517
0.21875  0.0173646
0.0625  -0.0780678
-0.125  -0.183142
0.09375  -0.180828
0  0.0988888
0  -0.191029
0.28125  -0.027706
0.09375  0.114762
-0.0625  -0.195223
-0.0625  -0.185506
-0.03125  0.0468269
0.0625  -0.0482356
-0.1875  -0.0868061
0  0.0556183
0  0.0024958
-0.15625  0.113834
-0.09375  -0.202976
-0.21875  0.088849
-0.1875  -0.168141
0.3125  -0.0394902
-0.03125  0.0803998
0.09375  -0.092171
0.03125  0.0258279
-0.0625  0.0697302
0  0.00454554
-0.09375  -0.158421
0.125  0.0824268
-0.15625  -0.0382505
0.03125  0.009906
0  0.0239022
-0.09375  -0.0245635
0.1875  0.107256
0.1875  -0.21079
0.15625  -0.009851
0.125  -0.0579606
0  -0.118924
-0.03125  -0.0576278
-0.03125  0.06507
0.3125  -0.0453724
-0.09375  -0.141853
0.03125  0.0386935
0.09375  -0.158681
0.09375  0.0614177
0.0625  0.247297
-0.125  -0.228678
-0.03125  -0.0152314
0.125  -0.0196911
-0.09375  0.0204659
-0.09375  0.128095
-0.09375  -0.059304
-0.125  0.143857
-0.03125  0.00529712
-0.09375  0.130536
0.375  -0.00745793
-0.125  -0.0168699
-0.03125  -0.131274
-0.25  -0.040249
0  0.136248
-0.09375  0.154032
-0.03125  -0.123083
-0.09375  0.131941
-0.03125  -0.0323113
0  -0.00821915
0.125  -0.337284
0  -0.122209
0  -0.194218
-0.25  0.103864
-0.15625  -0.0524992
-0.09375  -0.165098
-0.15625  -0.0102619
0  -0.131103
-0.09375  0.128034
0.1875  0.0067105
0.125  -0.029988
-0.0625  -0.0972732
-0.0625  -0.145983
-0.09375  -0.144012
-0.125  0.127308
-0.09375  -0.0543784
-0.09375  -0.0839671
0.09375  -0.147353
0.3125  -0.185695
-0.125  -0.111989
0.0625  -0.156617
-0.03125  0.0984059
-0.0625  -0.0530672
0  -0.212294
0.1875  -0.145016
-0.125  -0.0342156
-0.15625  0.0299215
-0.21875  -0.235167
-0.28125  -0.188434
-0.34375  0.026467
-0.03125  -0.253147
0.15625  -0.0586117
0.21875  0.0286753
0  -0.0215983
0.0625  -0.135591
-0.0625  -0.0584883
-0.0625  0.0534248
-0.0625  0.0551469
0.125  -0.00665748
-0.03125  -0.221566
0.0625  0.0363987
-0.1875  -0.068911
0.0625  -0.2429
-0.09375  -0.0619057
0.0625  -0.136501
-0.03125  0.0581896
-0.15625  0.180383
-0.03125  0.00867119
0.09375  -0.168402
-0.28125  -0.176342
-0.375  0.0709107
-0.1875  0.140056
-0.03125  0.108748
-0.0625  0.0572994
0  -0.202254
0.15625  -0.190209
-0.125  -0.0405264
0.03125  0.160439
-0.03125  -0.0314912
0.09375  -0.0362696
-0.09375  -0.0783865
0.15625  -0.081803
-0.03125  -0.094475
-0.03125  -0.201744
-0.0625  -0.0347165
0.03125  -0.0456119
-0.15625  0.071096
-0.0625  -0.361591
-0.03125  0.0937771
-0.125  0.132911
0  -0.0306249
0.21875  0.298063
-0.09375  -0.224559
0  0.111379
0  -0.111691
0.125  -0.0644964
0  -0.12244
-0.0625  -0.116869
-0.15625  -0.225782
0.25  -0.339862
-0.3125  -0.0580316
-0.0625  0.0146686
-0.21875  -0.0474302
-0.0625  -0.135349
-0.28125  -0.111699
0  -0.239917
0.1875  0.0314499
0.25  -0.149011
-0.09375  -0.150187
0.125  -0.0542554
0.21875  -0.0692679
-0.15625  -0.133978
-0.03125  -0.0177264
0.03125  0.0900378
0.03125  -0.185417
-0.1875  -0.0771672
0  -0.0636108
0.15625  -0.0733117
0  0.0856983
0.125  -0.121468
-0.125  -0.0775371
0.03125  -0.130405
-0.125  -0.0528378
-0.21875  -0.118717
-0.09375  0.0890501
-0.09375  -0.234042
0.125  0.112143
0.03125  -0.0287245
-0.125  0.000555218
-0.0625  -0.0319883
-0.03125  -0.0680981
-0.3125  0.122739
-0.15625  -0.171649
-0.15625  -0.0891658
0.125  -0.0386081
-0.125  -0.0306814
-0.1875  0.0341877
0  0.0488004
0.0625  -0.145749
0.125  0.0945591
-0.09375  -0.2563
0  -0.122772
0.0625  0.146062
0.15625  -0.257695
0.09375  0.012245
0  0.229457
-0.09375  -0.363413
0.03125  -0.0958741
0.21875  -0.0188525
-0.1875  -0.207831
-0.03125  -0.279312
0  -0.0522578
-0.03125  -0.0952525
-0.1875  -0.0557787
-0.1875  -0.0101255
-0.1875  -0.235632
-0.15625  -0.0830151
0.125  -0.418824
-0.125  -0.167255
-0.125  0.029487
0.125  -0.0341963
-0.03125  -0.0678241
-0.0625  -0.207323
0.0625  -0.137444
-0.03125  0.0718403
0.09375  0.145072
0.125  -0.0677018
-0.03125  -0.170954
-0.125  -0.0205058
-0.0625  0.101004
-0.09375  -0.0225326
-0.15625  0.105355
0.03125  -0.189043
0.09375  0.0948063
0.125  0.076922
0.0625  -0.222836
-0.375  -0.070883
-0.03125  -0.120635
0.15625  0.331101
-0.09375  0.0652394
0.0625  -0.0613903
0  -7.08145e-05
-0.15625  -0.196409
-0.09375  0.068663
0.03125  -0.265769
0.03125  0.154234
0.15625  0.0706591
0.03125  0.16309
-0.0625  -0.020643
-0.1875  -0.042634
-0.03125  -0.342049
0.09375  -0.151894
0.25  -0.110254
-0.03125  -0.0856952
-0.1875  0.051403
0.21875  -0.0994917
0.09375  -0.0552498
-0.28125  0.118464
0  -0.276016
0  -0.0138585
-0.21875  0.0363501
0.0625  -0.000916654
0.28125  0.0750066
0.15625  -0.342991
0.28125  -0.366294
0.03125  0.232587
-0.21875  0.0138037
0.34375  -0.0926021
0.09375  -0.264117
-0.09375  0.0139125
0.0625  -0.16795
0.03125  -0.0769925
0.25  0.100746
0  0.0541924
0.125  -0.107473
0  0.14491
0.125  0.071876
-0.03125  0.00862646
0.03125  0.0225511
-0.0625  -0.246317
0.125  0.119443
0.125  -0.0939413
-0.28125  -0.0810689
0.15625  -0.0256585
-0.03125  -0.219012
-0.09375  0.00369337
-0.03125  -0.262116
0.125  -0.169846
0.25  -0.123335
-0.09375  -0.0477271
0  0.0515917
-0.03125  -0.135004
0  -0.00985134
0.21875  -0.118823
0.15625  0.0589973
-0.125  -0.149783
-0.0625  0.0380399
-0.15625  0.247285
-0.15625  -0.213621
0.03125  -0.0658031
-0.125  -0.00714142
-0.125  -0.261927
-0.125  -0.302397
0  -0.285049
0.125  0.149382
0.21875  -0.0947113
-0.09375  -0.0365462
-0.0625  -0.0753616
0  0.0700974
-0.0625  0.080295
0.1875  0.0957627
0.09375  0.00071785
-0.09375  -0.0885291
-0.09375  0.0851969
0.0625  -0.226453
0  0.0672812
0  -0.0379316
-0.03125  0.0616971
0.0625  -0.117012
0.1875  -0.189208
-0.03125  -0.271083
-0.09375  -0.226759
0.125  0.0410551
0.0625  -0.0944359
0  0.083436
0.15625  -0.0942058
-0.09375  -0.00638851
0.09375  -0.230813
-0.0625  -0.160536
-0.0625  -0.0269109
-0.03125  0.0176087
0.125  0.0262823
0.09375  -0.0218544
0.03125  -0.133889
0.21875  -0.0221865
0.0625  0.156635
-0.09375  0.0807947
0.21875  -0.11153
-0.1875  0.0156787
-0.03125  -0.159554
0.0625  0.108931
0  -0.0900889
-0.15625  -0.150908
0.03125  -0.0195807
0.125  -0.272653
0.125  -0.0150162
0.15625  -0.047992
0.03125  0.0420321
-0.0625  -0.206919
0.03125  -0.0986494
-0.0625  0.0133384
-0.03125  -0.0671372
-0.1875  -0.0947978
-0.0625  0.061155
0.03125  0.0218566
0  0.0205232
0.0625  -0.0175472
0  -0.0532075
0.03125  -0.0178386
-0.0625  -0.154316
-0.03125  -0.11268
-0.15625  -0.121232
0.0625  -0.102166
-0.0625  0.0692855
0.125  -0.152706
0.0625  -0.0512196
-0.34375  0.00974125
-0.125  -0.166405
-0.0625  0.114941
-0.03125  0.0920067
-0.25  -0.15099
0.0625  -0.17697
0.0625  0.0197924
-0.0625  -0.16567
0.25  -0.112974
0.15625  -0.0807829
-0.21875  -0.243296
-0.125  -0.0944774
-0.03125  0.043943
-0.125  -0.209841
0.1875  0.0898598
-0.0625  -0.0720323
0  -0.0661294
0.0625  -0.265642
0  0.202897
-0.125  -0.146018
0  0.221506
-0.09375  -0.0780222
0.0625  0.240334
-0.0625  -0.129309
-0.03125  -0.0635744
-0.0625  0.0708996
-0.0625  -0.131615
-0.125  0.100885
-0.0625  -0.271346
-0.09375  0.0515668
-0.09375  -0.20162
-0.15625  0.0013085
-0.1875  -0.147477
-0.0625  0.14771
-0.03125  -0.00379199
0.0625  -0.190241
-0.0625  -0.00335489
-0.0625  0.142356
0.03125  0.0414773
0  0.089437
0.125  -0.15014
-0.0625  -0.0488356
0.0625  -0.0292015
0.125  -0.00856332
0  -0.122507
0.03125  -0.237399
0.03125  -0.0745039
0.125  -0.287554
0.0625  -0.102376
-0.03125  -0.0104127
-0.125  0.102343
0.0625  -0.142566
0.1875  -0.287774
0.25  -0.0109299
-0.09375  -0.1689
-0.09375  0.0818936
0.125  0.0390554
0.0625  0.128053
-0.09375  0.0582623
0.0625  -0.13763
-0.03125  -0.0530517
0.0625  -0.0692099
0.0625  -0.129838
0.1875  -0.0936972
-0.15625  0.0651624
0.09375  -0.0207019
-0.125  -0.0960085
0.03125  -0.128678
-0.125  -0.181252
-0.25  -0.131142
0.0625  0.0871888
-0.3125  0.050768
-0.0625  0.0591582
-0.09375  -0.0810586
0.03125  -0.115657
0.125  -0.19597
0.125  -0.182989
-0.1875  0.0205001
-0.0625  0.0382075
0.125  0.152361
0.03125  -0.200681
0.09375  -0.137983
-0.03125  -0.335539
0.0625  0.0435334
0.03125  -0.0174245
-0.09375  -0.0146011
-0.03125  0.0732525
0.125  0.129694
-0.15625  0.119408
0.0625  -0.108751
-0.0625  -0.218606
0.09375  -0.0591601
0.125  -0.133795
0.03125  -0.129063
0.0625  0.143477
-0.1875  -0.0263583
-0.0625  -0.0330371
0.1875  -0.0257464
-0.03125  0.0482534
-0.34375  -0.404963
0.21875  -0.236226
-0.15625  -0.224972
0.15625  0.0888587
-0.03125  0.234197
0.03125  -0.075234
-0.09375  -0.264753
-0.28125  -0.0987806
0.15625  0.0113063
0.0625  -0.201007
-0.03125  -0.0829595
0.125  -0.0644984
-0.0625  -0.187194
-0.15625  -0.162384
-0.125  -0.19405
-0.03125  -0.070157
-0.09375  0.00271298
-0.03125  -0.0672377
0.0625  -0.19522
0.0625  0.0805123
-0.125  -0.0209551
0.0625  -0.172144
0  -0.039537
0.0625  -0.0640451
0  -0.0653752
0.34375  0.157391
-0.09375  -0.18441
0.0625  -0.0813202
0.15625  -0.185475
0.0625  0.00155351
0.28125  -0.106703
-0.0625  -0.0418559
-0.09375  -0.246546
0.03125  -0.218153
-0.0625  -0.104176
-0.125  -0.0051789
-0.03125  -0.139866
0.28125  -0.0888574
-0.09375  -0.112188
-0.09375  0.142974
-0.21875  -0.0130964
0.15625  -0.246702
0  -0.0845292
0.125  -0.0127993
-0.125  -0.224406
0.1875  -0.185733
-0.03125  -0.232821
0.15625  -0.0322581
0.21875  0.177703
-0.09375  -0.216702
0.125  0.0728298
0.0625  -0.157558
0.125  0.0188153
-0.09375  -0.237081
0.21875  0.0894399
-0.03125  -0.127382
-0.0625  -0.000426019
0  0.11662
-0.1875  -0.058116
0.03125  0.121576
0.125  -0.0391076
-0.125  -0.14077
0  0.216946
-0.0625  -0.214868
-0.0625  0.0199372
0  -0.00729856
0  0.0236134
0.375  -0.0527573
-0.28125  0.0542339
0.0625  -0.0693817
-0.03125  0.0614669
-0.125  0.213921
-0.03125  -0.00448922
-0.0625  -0.279947
0.09375  -0.219566
-0.15625  -0.0520827
-0.15625  -0.223887
0.125  -0.171549
-0.125  -0.240636
0.09375  -0.0372254
-0.15625  0.0731502
-0.1875  0.0141149
0.03125  -0.093268
0  0.0491694
-0.125  -0.054336
0  -0.175657
0.125  0.104601
-0.03125  0.0568294
-0.03125  -0.123484
0.15625  0.032114
0.0625  -0.10783
0  -0.225919
-0.1875  0.241454
0.15625  -0.0526392
-0.0625  -0.223758
0.125  -0.123419
0.03125  0.0473657
-0.0625  0.0300547
-0.03125  0.0527173
0.21875  0.0509037
0.03125  -0.165296
0.21875  -0.235368
-0.125  -0.112792
-0.03125  -0.199836
0.03125  -0.021788
0.03125  0.0318484
-0.09375  -0.144369
0.09375  -0.0866895
-0.15625  -0.0621936
0.03125  0.00393257
-0.03125  -0.10538
-0.09375  -0.296736
-0.09375  0.155124
0.125  -0.101386
-0.0625  -0.00403441
0.03125  -0.0364395
0.0625  -0.0509522
-0.375  -0.0108033
0.125  0.0824641
0.1875  0.0444613
-0.09375  0.150606
-0.09375  0.140252
-0.0625  -0.0730223
0  0.0608279
0.15625  -0.0859519
0.0625  -0.184949
0.03125  -0.284925
-0.09375  -0.0310109
0.03125  -0.0144849
0.0625  -0.13196
-0.1875  0.0251816
0.09375  -0.118916
0.0625  -0.10023
-0.15625  0.173992
0.15625  0.132378
0  -0.322204
-0.0625  -0.0607934
-0.09375  -0.0667647
0.0625  -0.0994074
-0.09375  -0.0731201
0.03125  -0.136143
-0.03125  -0.0408882
0.125  0.187645
-0.0625  -0.183492
0.03125  -0.0716398
0.15625  -0.1246
0.34375  -0.26832
-0.125  -0.146833
-0.0625  -0.084428
0.28125  0.0174683
-0.21875  0.134909
-0.09375  0.127228
-0.09375  0.0226123
0.25  0.043493
-0.0625  0.0422489
0.125  -0.105821
0.09375  -0.0329165
0.03125  -0.00469447
-0.25  -0.208712
0.21875  -0.151048
0.03125  -0.112105
0.03125  -0.0631672
-0.21875  -0.0236196
-0.0625  -0.0708378
-0.03125  -0.165122
-0.03125  -0.0742489
0.0625  -0.0683756
-0.125  0.0424969
0.1875  0.0971005
-0.125  -0.0084719
0.03125  0.0268948
0.28125  -0.00190561
0.03125  -0.0684072
0.125  -0.0194539
0.125  -0.0804164
0.09375  -0.0881564
-0.125  -0.11961
-0.21875  -0.0100986
-0.0625  -0.169344
0  0.156008
-0.1875  0.0868011
0.21875  -0.111966
-0.0625  -0.158643
-0.28125  0.0196321
-0.09375  -0.0993534
-0.09375  -0.0948529
0.125  -0.0412273
0.0625  -0.117221
-0.15625  -0.264809
-0.0625  0.14238
0.125  0.0663614
0.0625  -0.0370604
0.0625  -0.0365121
0  0.305724
0.15625  0.134685
0.09375  0.118041
0.0625  -0.0638347
-0.03125  -0.135621
0.21875  -0.0115067
-0.0625  -0.202146
0  -0.162352
0.0625  -0.15035
0.03125  -0.0876242
-0.09375  -0.00565861
-0.09375  0.0890196
-0.0625  -0.0336727
0.25  -0.0545451
-0.03125  0.0583976
-0.03125  -0.0652613
-0.15625  -0.229199
0.09375  -0.179853
0.28125  0.073974
0.0625  -0.105244
-0.125  -0.265697
0.03125  0.0273678
0.25  -0.29099
-0.1875  -0.0227252
0  -0.235615
-0.15625  0.235189
-0.21875  -0.19877
-0.21875  -0.13024
-0.125  -0.233282
0.375  -0.20491
0  -0.117159
0.03125  0.0975698
-0.03125  -0.211585
0.1875  -0.0787481
0.0625  -0.161881
0.21875  0.0334813
0.0625  -0.00540948
0.125  -0.0927398
-0.25  -0.10269
-0.03125  0.100502
-0.21875  -0.118189
-0.15625  -0.133379
0.09375  0.0969782
0  0.0976141
0  -0.1294
-0.1875  0.209049
-0.1875  0.106933
-0.03125  0.0382557
0.375  0.194208
-0.03125  -0.185301
0.09375  -0.0461198
-0.15625  -0.0432557
-0.0625  -0.240057
0.09375  -0.142029
-0.125  0.0760014
-0.0625  0.0225849
-0.0625  0.00201354
-0.03125  0.0988608
-0.03125  0.102272
0.0625  -0.0350747
-0.0625  -0.24144
-0.15625  -0.0125338
0  0.137108
-0.28125  -0.0261046
-0.0625  -0.201858
-0.03125  -0.0377963
0.125  -0.10349
-0.0625  0.0500593
0.0625  -0.17795
0.3125  -0.300146
0.09375  -0.125622
-0.21875  0.0849223
-0.125  -0.155414
-0.03125  0.138887
0.125  -0.162107
-0.0625  -0.0564779
-0.125  0.0148038
0.125  0.0795083
0.09375  0.0838144
0.03125  0.0320997
-0.125  -0.0793656
0.1875  -0.284964
0.03125  0.113766
-0.03125  0.0658368
0.15625  0.00408323
-0.03125  -0.0159682
0.1875  -0.109543
-0.21875  0.0734605
0.1875  0.104093
-0.125  -0.141069
0  -0.108204
0.21875  0.07419
0.125  -0.342212
0.0625  0.0487131
-0.03125  -0.120175
0.03125  0.0405366
0.09375  -0.126731
0.21875  0.118917
-0.15625  -0.152063
0.09375  -0.174088
0.1875  -0.239598
-0.09375  -0.0415546
0.15625  -0.160529
-0.09375  -0.0212783
0.25  -0.235276
0.15625  -0.1908
-0.125  0.035755
0.125  0.0308785
-0.09375  -0.107006
0.125  -0.11206
-0.25  0.0799933
0  0.143303
0.03125  0.101729
-0.0625  0.228441
-0.1875  -0.0900941
0.25  0.0393654
0  0.162899
0.0625  -0.0855016
0.125  -0.0809619
0.03125  -0.0854233
-0.03125  0.120718
0.0625  0.0188275
0.125  0.0834295
0.1875  0.00412968
0.03125  -0.18183
-0.03125  -0.152495
-0.15625  0.177748
0.09375  0.0646563
-0.03125  0.087787
-0.125  -0.0626728
-0.03125  -0.128355
0.03125  -0.29184
-0.09375  -0.238433
-0.125  -0.0672195
0.03125  0.0409588
-0.15625  -0.0503023
0.125  0.0424646
-0.0625  0.0265233
0.375  -0.0522572
0.15625  -0.371055
0.125  0.034848
-0.0625  0.0630723
-0.21875  -0.102112
-0.1875  0.0266393
-0.09375  -0.145411
-0.03125  0.109438
-0.03125  -0.0365965
0  -0.029341
-0.09375  0.0665032
-0.03125  -0.0688657
-0.09375  -0.0110707
0  -0.105429
-0.125  0.0788958
0.125  -0.0443977
-0.1875  -0.152403
0  0.0108854
0.1875  0.0612346
-0.21875  -0.0804706
-0.09375  -0.0197256
0.0625  -0.025784
0  -0.212917
-0.0625  -0.148779
-0.03125  -0.0357494
-0.15625  -0.0754716
-0.09375  -0.122192
-0.15625  0.0141226
0.125  0.0393737
0.03125  0.243596
0  0.0534621
0.15625  -0.113719
0  -0.202484
0  -0.0593025
-0.125  -0.0227493
0.0625  -0.0649303
-0.15625  -0.0572258
-0.28125  -0.0845991
0.21875  -0.0107961
0.1875  0.0313275
0.15625  0.156806
-0.21875  -0.119176
0.03125  -0.0175103
0.03125  -0.101781
-0.0625  0.0317063
-0.0625  -0.120064
-0.21875  -0.225108
0.0625  -0.00980224
0  -0.158059
-0.03125  -0.00400433
0.09375  0.0449417
0.1875  -0.1679
0.03125  0.0411667
-0.125  -0.149271
-0.25  -0.306322
-0.1875  0.00839292
0.03125  0.00641662
-0.03125  0.0644108
-0.09375  -0.0767475
0  0.121574
0.125  -0.138512
0  -0.121233
-0.03125  -0.0507544
0.1875  0.0282785
0.03125  -0.193393
0.28125  0.00477726
-0.15625  -0.0837552
0.03125  -0.00756909
0  -0.21364
0.0625  0.345293
0.0625  0.0197867
0.125  -0.0643691
-0.0625  -0.100338
0  0.0474242
0.15625  -0.170347
-0.09375  -0.0337787
0  0.19543
-0.125  0.0443916
-0.03125  -0.0724024
0.03125  -0.0640058
0.15625  0.0641418
0.0625  0.0305781
0.0625  -0.10244
-0.03125  0.0463603
-0.0625  -0.0239933
0.21875  -0.146969
0.15625  -0.214372
0.09375  0.0669148
0.09375  5.17645e-05
0.125  -0.0702736
-0.28125  -0.0272967
-0.3125  -0.0381169
0.0625  0.0150952
-0.03125  0.14288
-0.0625  0.036424
0  -0.0777267
0.09375  0.0655741
0.0625  -0.0526434
0.125  -0.13788
0.0625  -0.162865
0.03125  0.109788
0  -0.117514
-0.125  -0.0284234
-0.15625  0.0872314
-0.28125  -0.0691633
-0.15625  0.00443848
-0.0625  0.228861
0.1875  -0.100818
0  -0.177016
0.0625  -0.0648473
-0.0625  0.0802119
0  0.0157567
-0.0625  -0.104902
-0.125  -0.0948649
-0.03125  0.00158417
0.03125  -0.138928
0.0625  -0.136178
0.25  0.190695
0.125  -0.349837
0.03125  0.0220137
0.09375  -0.139816
0  -0.111694
0.21875  -0.231631
-0.03125  -0.062459
-0.0625  -0.104373
0.0625  -0.0256474
-0.09375  -0.0939783
0.09375  -0.108827
0.1875  -0.0495468
-0.09375  0.0368394
-0.1875  -0.0419295
0  -0.0275905
-0.03125  -0.139667
0.09375  -0.00421047
0.0625  -0.329497
0  -0.0867645
-0.1875  0.0918234
0.3125  -0.0341477
-0.03125  -0.0214168
0.03125  -0.0304393
-0.09375  -0.148476
-0.125  -0.0909223
-0.0625  -0.00546224
0.15625  0.0578096
0.0625  0.0465423
0  -0.237531
0.1875  -0.1643
0.15625  -0.0774692
-0.09375  0.239256
0.0625  -0.0854219
0.03125  -0.196552
0.03125  0.140795
-0.0625  0.0941128
-0.09375  -0.308757
0  -0.010055
-0.21875  -0.206299
0.25  0.0282805
-0.15625  -0.083711
0.0625  0.00935576
0.03125  -0.0937548
0  -0.109601
0.0625  -0.135885
0  0.0410636
-0.15625  -0.0818012
0.15625  0.00395086
-0.03125  -0.105795
-0.0625  0.0703166
0  -0.0322285
-0.03125  0.197357
0.125  -0.147315
-0.03125  0.014113
-0.03125  -0.060809
-0.15625  -0.0437614
0.03125  -0.164999
-0.03125  0.0890996
-0.03125  0.121208
0.03125  0.0377297
0.21875  -0.0132055
0.09375  0.02828
0.21875  0.0995683
0.03125  0.0491483
0.15625  0.152871
-0.125  0.0699691
-0.09375  0.058882
0.09375  -0.085863
0.0625  0.15129
0.0625  -0.162644
0  0.0319977
0.03125  0.180982
-0.0625  -0.0152971
-0.125  -0.0550174
-0.0625  -0.0285979
0.09375  0.0881911
-0.0625  0.0262573
-0.21875  -0.0948649
-0.0625  -0.0106728
-0.0625  -0.122845
0.15625  -0.161566
0  0.139865
-0.0625  -0.118729
-0.1875  -0.042789
-0.1875  0.00914992
-0.25  0.103907
0  -0.057996
0.1875  -0.0376058
0.15625  0.00387112
-0.0625  0.050101
0.25  0.0105606
0.09375  -0.103034
-0.03125  0.0497094
0  -0.187835
0.3125  -0.0999317
-0.03125  -0.000169008
0.09375  -0.172951
0  -0.133772
0.09375  0.0369009
-0.25  -0.259401
0.09375  -0.181525
0  0.00787391
-0.03125  -0.19094
0.03125  0.10742
0.125  -0.183263
0.125  0.162572
0  0.116111
-0.03125  -0.145836
0.0625  -0.215953
-0.03125  -0.0502231
0  -0.23713
-0.09375  0.138396
-0.125  0.0631672
-0.09375  0.0777234
0.03125  -0.139721
0.03125  -0.076825
-0.03125  -0.245751
0.125  -0.0430522
0.03125  -0.298038
0  0.00360491
0.03125  -0.0408363
0.15625  -0.0972263
-0.0625  -0.170406
0  0.0460016
-0.1875  -0.267579
0.09375  -0.156198
0.09375  0.0417532
0.03125  0.0714122
-0.09375  -0.172118
-0.15625  -0.131544
-0.28125  -0.115304
-0.0625  -0.167979
0.15625  0.0622462
-0.1875  -0.0130511
-0.0625  -0.04741
0  -0.131538
-0.09375  0.00387656
0  0.124534
-0.09375  0.123324
0.09375  0.0632114
0  -0.0181026
0.03125  0.142094
-0.09375  -0.252943
-0.1875  0.261825
-0.21875  -0.075653
0  -0.289449
0  0.0925392
-0.0625  -0.0302379
-0.03125  -0.0499533
-0.03125  -0.00230875
0.09375  -0.0510268
-0.03125  -0.172171
0.125  -0.0360213
-0.0625  -0.123712
-0.0625  -0.0762039
-0.09375  -0.0820949
0.125  0.0308129
-0.03125  0.120345
-0.1875  0.0963269
0.09375  -0.111071
0.1875  -0.116252
0.34375  -0.144433
0.03125  -0.200846
-0.03125  -0.0389837
-0.09375  -0.226837
0.25  0.0213643
-0.125  -0.230459
-0.28125  -0.0945121
0.1875  -0.133986
0.09375  -0.177796
0.0625  0.114999
0.03125  -0.0232362
0  -0.068589
-0.1875  0.0655145
0.0625  -0.114663
0.03125  -0.127849
0  0.117535
0.03125  -0.177803
-0.09375  -0.0444009
0.125  -0.109981
-0.15625  0.0327812
-0.03125  0.0367412
-0.15625  -0.0528986
-0.0625  0.0832326
0.0625  -0.0261364
0.09375  -0.125233
-0.09375  0.0228705
0.15625  -0.055773
-0.21875  0.000582726
-0.15625  -0.0328167
0.1875  -0.0266041
-0.09375  0.0660331
0.09375  -0.0655223
0.03125  0.168494
-0.09375  -0.120622
-0.15625  0.00619867
-0.09375  -0.206177
0.09375  -0.158259
0.0625  -0.110273
-0.125  0.0307141
0.0625  0.0971882
-0.125  -0.00106029
0.15625  -0.255633
-0.15625  -0.142548
-0.09375  0.0904137
0.15625  -0.0907683
0.1875  -0.0307797
0.0625  0.231948
0.03125  -0.0257765
0.125  -0.274725
-0.125  -0.0868459
-0.09375  0.0939372
0.21875  0.174244
0.0625  -0.131808
0.15625  0.129461
-0.09375  -0.184272
0.0625  0.0752421
0.15625  -0.0370568
0.0625  -0.0225398
0.125  -0.12766
-0.3125  -0.0119835
-0.09375  0.0184074
0.1875  -0.03088
0.25  -0.0268515
-0.125  0.0926226
-0.0625  -0.371399
0.1875  0.00754348
0  0.0525133
-0.0625  -0.122482
0  -0.078852
0  -0.0167712
-0.09375  0.160713
-0.15625  -0.129409
-0.21875  -0.0677556
-0.15625  0.0466829
-0.03125  -0.195341
-0.28125  0.151365
0.03125  0.153482
0.15625  -0.044521
-0.1875  -0.208928
-0.0625  -0.101379
0.03125  -0.094199
0.1875  0.0904251
0.09375  -0.00684777
0.28125  0.0373675
0.125  -0.0429559
0.03125  -0.0210885
0.28125  -0.16597
-0.09375  0.0356326
0.25  -0.055041
0.1875  -0.0425204
-0.03125  -0.029771
0.0625  0.180744
-0.0625  -0.170707
-0.0625  -0.0116413
-0.21875  -0.062979
0.28125  -0.0795692
0.03125  0.00662229
0.125  -0.0506382
-0.0625  -0.221774
-0.28125  0.00616467
0.09375  0.00626285
0.125  0.0307144
0.03125  0.0725135
-0.03125  0.0205101
0.03125  -0.114802
0.125  -0.0470866
0.0625  -0.0609721
0.1875  -0.00175322
0  0.0440607
-0.15625  -0.079495
-0.1875  -0.030644
0.03125  -0.0267806
0.09375  0.0222244
0.09375  -0.176286
0.03125  0.161291
-0.1875  0.1149
0  -0.0296746
-0.25  -0.0187152
-0.03125  -0.200512
0.03125  -0.0363212
0  0.183885
0  -0.116478
0.125  0.0265962
0.0625  0.0860316
0.125  0.0697966
0.25  -0.13428
0.09375  0.161538
0.25  -0.20845
0  0.209862
-0.09375  0.0912915
0.25  -0.0770888
-0.125  -0.191929
-0.0625  -0.0775135
-0.0625  -0.442763
0.125  -0.0864657
-0.1875  -0.193853
0.09375  -0.197007
-0.15625  0.0907279
0.21875  0.233194
-0.09375  -0.0501556
0.09375  -0.264909
-0.15625  -0.231233
0.03125  -0.0818043
-0.09375  -0.161264
-0.03125  0.127558
0.125  -0.0818943
0.1875  0.0219601
-0.09375  0.0602027
0  0.117423
-0.125  -0.0849427
0.03125  -0.106423
0.03125  0.0255952
0.15625  -0.119059
0.125  -0.191724
0.0625  -0.0840938
0.03125  -0.31969
0.21875  -0.226319
-0.03125  -0.00199017
0.0625  -0.219274
0.15625  -0.269781
-0.03125  -0.0521432
-0.09375  -0.0260742
0.0625  0.173257
-0.0625  -0.124036
-0.1875  -0.0762923
0.125  0.173849
0.03125  0.0299968
0  -0.0307158
-0.0625  0.0264803
0.0625  -0.10128
0.15625  0.121707
0.03125  0.0281776
0.15625  0.00702353
-0.03125  -0.0571081
-0.09375  0.0674703
0.125  -0.0322036
0.03125  -0.0973306
-0.1875  -0.0291199
0.125  -0.249129
-0.03125  0.0407158
-0.03125  -0.143193
0.25  -0.170681
0.28125  -0.237108
-0.125  -0.191458
0.03125  -0.00612094
0.03125  -0.0698502
-0.0625  0.0606075
0.03125  -0.271243
0  -0.0996533
-0.03125  -0.162775
0.0625  0.110064
0.125  -0.202457
0  -0.0705364
0  -0.0228646
0.09375  -0.0485529
-0.09375  -0.141385
-0.03125  -0.226051
0  0.105252
-0.0625  0.088574
0.1875  -0.257757
0.0625  -0.388541
-0.03125  -0.252672
-0.125  -0.157328
-0.1875  -0.0777994
-0.15625  -0.0678618
0  0.0273137
0.09375  -0.096281
0.15625  0.0399694
-0.03125  0.019173
0.09375  -0.0850657
-0.28125  -0.0437396
-0.03125  -0.224479
0.03125  -0.128771
-0.0625  -0.0576964
0.125  -0.235075
-0.03125  -0.111707
-0.15625  0.048195
-0.125  -0.111133
0.1875  -0.0497688
0.09375  0.0567192
0.125  0.0511066
-0.21875  0.0737005
-0.03125  -0.154427
0.125  -0.0314788
0  -0.2627
-0.21875  0.0863684
0.03125  0.283397
0.0625  0.179027
0.03125  -0.0768885
-0.03125  -0.119278
-0.09375  0.0339644
0.03125  -0.0177354
-0.03125  0.0646647
0.125  -0.0641567
0  -0.16296
0.03125  -0.149063
-0.3125  -0.0952676
-0.25  0.144974
0.03125  0.136339
-0.03125  0.041994
0.03125  0.216841
0.1875  -0.00894314
0.03125  0.0924021
-0.34375  0.004447
0.09375  -0.0490917
0.21875  -0.148433
0.03125  -0.0904866
0.28125  -0.0528416
0  -0.241181
-0.125  0.019078
0  -0.0596756
0.15625  -0.0101008
0.0625  -0.238246
-0.1875  -0.0822966
0.0625  -0.104899
-0.0625  -0.086892
-0.09375  -0.0502204
-0.125  0.122869
-0.0625  0.092955
0.03125  -0.0900621
0.09375  -0.0480426
0.0625  0.227272
0.03125  0.00798487
0  -0.237091
0.125  -0.0682125
0.0625  -0.258213
0.09375  -0.176674
0.03125  -0.0575938
0.125  -0.228608
-0.0625  -0.126476
0  -0.268975
0.15625  -0.0623729
-0.15625  -0.221305
0.125  -0.0763503
0.03125  -0.250333
-0.09375  0.172382
0  0.0712069
0.125  0.0663937
0.21875  -0.0300393
0.21875  0.000702999
-0.0625  0.00555771
0.03125  -0.245332
0.0625  -0.0565376
0.0625  -0.0314712
0.0625  -0.133187
-0.09375  0.0149505
0  0.0126317
-0.09375  0.0589069
-0.125  0.103485
-0.03125  -0.0808129
-0.15625  0.00825991
-0.03125  0.0911466
0.03125  -0.0792697
-0.125  0.130474
-0.0625  0.00782101
-0.125  -0.0573894
-0.125  -0.0768583
0  -0.0737617
0  -0.169926
0.09375  0.00600642
-0.21875  -0.0777771
-0.21875  -0.0528789
-0.03125  -0.0299839
-0.125  0.208092
0.09375  0.0228876
0.28125  -0.0944029
-0.15625  -0.273468
-0.125  0.039585
0  0.0591691
0.25  -0.12559
-0.0625  -0.0651458
-0.125  0.0876086
0.0625  -0.0327637
-0.125  -0.165054
0.0625  0.0390097
-0.03125  -0.258374
-0.125  -0.14848
-0.09375  -0.0582936
-0.125  0.0452936
0.0625  -0.0279585
0.03125  -0.186428
-0.03125  0.102281
-0.09375  0.088169
0.28125  -0.304917
-0.03125  -0.118264
0.125  -0.129785
-0.0625  -0.111141
-0.03125  -0.0635399
-0.03125  0.0927295
0.03125  -0.152778
0.09375  -0.233761
0.03125  -0.103618
0.0625  -0.0510473
0.125  0.00506794
0.03125  -0.0828355
0.21875  0.0373613
-0.21875  0.0773982
0.0625  0.0928434
0  -0.206564
0.03125  -0.220983
-0.09375  0.128757
0.125  -0.101843
0  -0.440541
0  -0.132281
0.0625  -0.339103
-0.0625  -0.111107
-0.03125  -0.159961
0.125  -0.297294
-0.1875  -0.0337941
0  -0.127801
0.125  -0.103555
0.03125  0.105213
0.03125  -0.226514
0.0625  0.0218838
-0.09375  0.000256105
0.15625  -0.125426
0.0625  0.0298455
-0.125  -0.231491
-0.03125  0.0157697
0.09375  -0.226769
0  -0.136127
-0.1875  -0.0131754
-0.0625  -0.127472
0.15625  -0.0917758
-0.0625  -0.0544736
0.1875  -0.243217
0.21875  -0.101833
-0.03125  -0.21605
0.03125  -0.088987
0.09375  0.0333287
-0.125  0.219171
0.0625  -0.0648309
0.03125  -0.0181208
0.09375  -0.0705823
0.09375  -0.33115
-0.09375  -0.0872528
-0.0625  -0.110431
-0.0625  0.109947
0.25  -0.225216
0.09375  0.130003
-0.1875  0.0810858
-0.09375  -0.0968231
-0.09375  -0.0288924
0.125  -0.140441
0.0625  0.0685652
-0.03125  -0.13868
0.09375  -0.13867
-0.25  -0.163975
0  -0.0748227
0.03125  -0.213334
0.09375  -0.243964
-0.15625  -0.12658
0.125  -0.198772
-0.15625  -0.0418204
0  -0.0593602
-0.125  -0.00547207
0.15625  -0.0584104
0.0625  0.015529
0.125  0.0415533
0.125  0.0921028
0.03125  -0.0685621
0.03125  0.118152
0.03125  -0.248264
0.09375  -0.024165
0.0625  -0.196579
0  -0.0396865
-0.0625  -0.086844
0.03125  0.0139518
-0.15625  -0.167901
0.21875  -0.336356
0  -0.214247
-0.125  -0.115954
0.0625  -0.17515
-0.03125  0.0520457
-0.03125  0.096842
-0.125  0.108615
-0.0625  0.0495065
0.03125  -0.00551519
0.09375  0.00168328
0.125  0.103543
-0.1875  -0.102777
0  -0.04507
0.0625  -0.0183473
0.0625  0.0963171
-0.15625  -0.185382
0.0625  -0.114303
0.125  0.204709
-0.15625  0.0395605
0.09375  0.105072
0  -0.182896
0.0625  0.0435665
-0.09375  0.0732847
0.15625  -0.185469
-0.0625  -0.0760822
0.09375  -0.055956
-0.0625  -0.194486
0.3125  0.189273
-0.5  -0.0446296
0.21875  0.0218424
-0.1875  -0.108397
0.1875  -0.21403
0.0625  0.0853751
0.3125  -0.0322885
-0.09375  -0.0653827
-0.125  -0.00560851
-0.0625  -0.00659939
0.03125  -0.0203438
0.1875  -0.273974
-0.1875  -0.0192499
0.0625  -0.34544
0.25  0.16243
-0.0625  -0.0884556
0.125  -0.167854
0.125  -0.00379513
0.09375  -0.0764169
0.1875  0.0409185
-0.1875  0.0903257
0.03125  -0.000775446
0.25  -0.114225
0.0625  -0.0464259
-0.09375  -0.0716893
-0.09375  0.00631527
-0.03125  -0.319581
-0.0625  -0.0656826
0.0625  0.0906152
0.09375  -0.0820534
-0.0625  0.0461468
-0.03125  -0.0760339
-0.1875  0.0977269
-0.15625  -0.0295455
-0.0625  -0.00996806
0.21875  0.118885
-0.25  -0.0797928
0.03125  -0.0535827
-0.28125  -0.27038
-0.09375  -0.256122
-0.03125  -0.147944
-0.15625  -0.103333
-0.09375  -0.0285805
0.15625  -0.118175
-0.0625  -0.0933487
-0.25  -0.227264
-0.125  -0.180148
-0.0625  -0.100415
0  -0.00409588
-0.03125  0.102097
-0.03125  0.0643575
-0.0625  0.159683
0.09375  -0.0358727
0.03125  0.0126541
0.09375  -0.125557
-0.0625  -0.0381224
-0.0625  -0.00231615
-0.125  -0.296063
0.0625  -0.0388858
-0.03125  0.0147024
-0.03125  -0.13754
0  -0.0708455
-0.125  0.0603649
-0.03125  0.132671
0.09375  0.0728223
0  0.261759
-0.03125  0.0734562
-0.0625  0.0153617
0.1875  -0.215292
-0.15625  -0.0712355
0.0625  -0.134357
-0.03125  0.10035
0.125  -0.100071
-0.09375  0.0924011
0  0.0709913
0.0625  -0.131606
0.03125  -0.015107
0  -0.170317
0.03125  -0.0637829
0.09375  -0.0967135
0.09375  0.00970439
0.09375  -0.172753
-0.03125  0.0821736
0.0625  0.0415796
-0.125  -0.189768
0.09375  -0.0635398
-0.09375  0.093688
0  -0.0228189
-0.15625  -0.0492782
-0.03125  0.0514417
0.03125  -0.207301
-0.09375  -0.199585
0  0.103633
-0.15625  -0.152998
-0.0625  0.0935195
-0.125  0.0872271
-0.1875  0.0703679
0  -0.135618
0  -0.0493175
0.15625  0.0864036
-0.0625  -0.0297487
-0.15625  -0.0205645
0.03125  -0.292897
0  -0.148829
-0.0625  -0.0156624
-0.15625  -0.0355067
-0.21875  -0.11845
0.1875  -0.185449
0.0625  -0.146485
-0.3125  -0.0314731
0.09375  -0.0642159
0  0.0878594
0.0625  -0.0555021
-0.1875  -0.0946857
-0.1875  0.0456854
-0.125  0.0769126
0.03125  0.0912697
-0.03125  -0.127048
0.125  -0.0653948
0  0.177832
-0.09375  0.0317426
0.0625  0.125686
0.03125  -0.00568762
0  -0.0842155
0.03125  -0.0750296
-0.0625  0.0881251
0  -0.0703843
-0.03125  0.315504
-0.0625  -0.159798
-0.09375  -0.0693352
-0.125  -0.239877
0.09375  -0.120581
0.03125  -0.0489598
0  0.0375107
0.3125  -0.113959
-0.1875  -0.0569595
0.15625  -0.0560411
-0.09375  0.0645806
0.09375  -0.1113
-0.0625  0.11483
0.3125  -0.144521
0.03125  -0.132195
-0.0625  -0.0101878
0  0.0999687
0.125  -0.270542
0.1875  -0.167767
-0.15625  -0.0206915
-0.09375  -0.186946
-0.09375  -0.103535
-0.09375  0.139695
-0.03125  0.0275152
0.28125  0.0113515
0  -0.0888487
-0.125  -0.157647
-0.25  -0.124564
-0.15625  0.105009
0.25  0.170922
-0.09375  -0.0191821
-0.09375  -0.0414862
0.0625  -0.0223773
-0.09375  0.0587417
-0.09375  -0.201966
-0.1875  -0.0171815
0.21875  -0.0391834
0.125  0.0825312
-0.09375  0.0321143
0.03125  -0.085238
0.03125  -0.138193
-0.15625  -0.0973175
-0.1875  0.114655
0.03125  0.0184478
-0.0625  -0.0124664
-0.28125  -0.120921
-0.15625  0.0302769
-0.03125  -0.159091
0.125  -0.0144063
0.15625  -0.177351
0  0.0757267
0.0625  0.0249629
-0.21875  -0.0511341
0.03125  -0.110224
-0.0625  -0.253983
-0.09375  -0.0935391
-0.03125  0.0818106
-0.125  -0.161427
0.0625  -0.0561731
-0.21875  0.00889916
-0.0625  -0.187797
0.3125  -0.174505
0.21875  -0.125872
-0.03125  -0.319248
0.03125  0.143725
-0.09375  0.0370926
0.125  -0.0834434
-0.03125  -0.00910924
-0.25  0.0755981
-0.3125  -0.079658
-0.15625  -0.294578
0.21875  -0.00662381
0.09375  -0.219107
0.21875  0.0240397
-0.1875  0.0620493
0.25  0.0664281
0.1875  -0.0314097
-0.1875  -0.105507
0.09375  0.0688052
0.0625  0.0255841
0.09375  0.00996004
0.09375  -0.065738
0.28125  0.110907
-0.0625  0.134726
0  0.0803075
0.09375  -0.204191
0.0625  0.122522
0  -0.324909
0.09375  -0.134384
-0.09375  0.127158
0  -0.0377814
0.125  -0.0838131
0.0625  -0.195137
0.0625  -0.0779997
0  0.177253
0.0625  -0.0373467
-0.0625  -0.0514757
0  -0.178732
0  -0.194446
-0.03125  -0.0212031
-0.09375  -0.191351
0.03125  0.0144712
0.0625  0.0524251
-0.25  -0.227882
-0.125  -0.134254
0  -0.00118382
-0.03125  -0.388403
-0.09375  -0.0920257
0.0625  0.113164
-0.0625  -0.162312
-0.1875  -0.108054
0.21875  0.107246
-0.21875  0.0464331
0.15625  0.113177
0.0625  -0.138997
0  0.0992452
-0.15625  0.0133651
0.1875  -0.195683
0.1875  -0.0343363
-0.125  0.0125458
0.15625  -0.0715801
-0.34375  -0.0623918
0.15625  0.039422
0  0.214069
-0.0625  -0.188075
-0.28125  -0.0433554
-0.0625  -0.154847
0.125  0.0168027
0.03125  0.209004
-0.15625  0.0794116
0.0625  -0.0850054
0.21875  -0.250088
0.03125  -0.250541
0.125  0.182912
-0.28125  -0.00550723
0.125  -0.0874
-0.125  -0.211686
0  0.0283843
-0.1875  0.0751583
0.0625  0.231304
-0.09375  -0.274719
0  0.117215
-0.15625  -0.231805
0.03125  -0.175894
-0.0625  -0.0189018
-0.03125  0.0983595
-0.15625  0.071242
0.125  -0.00190041
-0.1875  0.0738112
-0.15625  -0.196618
0.09375  -0.0172214
0.09375  -0.254271
0  -0.0681212
-0.21875  -0.0207648
0.1875  -0.0844574
0.125  -0.111021
-0.1875  -0.193356
0.03125  -0.0660214
0.09375  -0.117093
-0.03125  0.0186473
0.0625  -0.0989926
0.125  -0.161305
0.125  -0.0776909
0  -0.0672952
-0.03125  -0.124422
-0.46875  0.273223
0.4375  -0.101543
-0.09375  -0.106634
0.25  0.0318139
-0.25  -0.196788
0.125  -0.0951799
0  -0.275554
0.09375  -0.204587
0  -0.115638
0.09375  -0.124497
-0.09375  -0.00803998
-0.09375  -0.0767711
0.03125  0.0822349
-0.09375  0.120421
-0.03125  -0.041134
0  -0.0694035
-0.0625  -0.0404314
-0.0625  -0.0823199
-0.25  0.104567
0.21875  -0.113206
-0.03125  -0.0519736
0  -0.210293
-0.21875  -0.104047
-0.15625  0.0100772
-0.1875  -0.0972885
0.09375  -0.0631772
0  -0.143515
-0.0625  -0.059131
0.09375  -0.0276358
0.21875  0.00695398
-0.1875  0.0758966
0  -0.208232
-0.09375  0.0330524
-0.21875  -0.165097
-0.03125  -0.00762707
-0.0625  -0.0794965
-0.0625  -0.130859
-0.0625  0.081519
0.15625  -0.111217
-0.0625  -0.0489531
0.03125  -0.101027
-0.0625  0.167197
-0.0625  0.000516865
-0.125  -0.20336
0  -0.114659
0.09375  -0.222586
0.03125  -0.283859
0.15625  -0.099036
-0.0625  -0.132114
-0.125  -0.0707869
-0.03125  0.0793108
-0.03125  -0.0941241
0  -0.00406829
-0.03125  0.0810853
-0.03125  0.0438569
-0.1875  -0.142043
-0.0625  -0.0484801
0.0625  0.0117291
0.03125  -0.114123
-0.125  0.0493038
0.0625  -0.306406
0  -0.0358714
0.125  -0.2593
-0.125  -0.212609
0  0.0314225
-0.1875  0.0192599
-0.15625  -0.0993563
0.0625  -0.136027
-0.09375  -0.148759
-0.09375  -0.0323532
-0.34375  -0.0890164
0.125  0.0258978
-0.15625  0.036602
-0.03125  -0.106889
-0.1875  0.0218446
-0.125  -0.0878091
-0.09375  0.104592
-0.0625  0.124659
0.09375  0.0223721
0.0625  -0.0218748
0.1875  -0.326004
-0.03125  0.0128282
0  -0.0871674
-0.09375  -0.211471
0.09375  -0.178014
0.1875  -0.258868
0.0625  -0.0889918
-0.125  -0.0579309
-0.28125  -0.0861935
0.09375  -0.19347
0.09375  0.0525337
-0.125  -0.0755119
-0.125  -0.053861
0.125  -0.0164293
-0.09375  0.0750969
-0.15625  -0.276657
0  0.194698
-0.0625  -0.0905281
0.0625  -0.065222
-0.21875  -0.182409
-0.09375  -0.0655058
0.15625  -0.141996
0.0625  -0.403489
0.0625  -0.0313359
-0.1875  -0.232985
0  -0.260434
-0.21875  -0.000866542
0.0625  0.0659375
0.0625  0.130675
-0.1875  0.0634696
0.03125  -0.0898756
-0.0625  -0.154109
0  0.057015
0.03125  0.0935927
-0.15625  -0.0685825
-0.03125  0.0583141
-0.03125  -0.117753
-0.1875  0.0361139
0.21875  -0.0476583
-0.125  -0.311566
-0.09375  -0.123288
-0.09375  0.0821265
0.0625  0.0269692
0.09375  -0.0563943
-0.09375  0.00954082
-0.125  -0.137049
0.03125  0.0361112
0.03125  -0.063317
-0.15625  0.0611658
-0.125  0.158586
-0.1875  -0.0139166
-0.125  0.10704
-0.15625  0.103483
0.125  -0.0354748
-0.0625  0.049136
-0.15625  -0.11341
-0.125  0.020694
-0.09375  0.150543
-0.03125  -0.146989
0  0.0134762
-0.0625  -0.24419
-0.03125  -0.192322
-0.25  -0.0851434
-0.21875  0.0270755
0.03125  0.189814
0.125  -0.0738642
-0.03125  -0.0451756
0.03125  -0.0826248
0.03125  0.0989878
0.0625  -0.160607
0.15625  -0.0899337
0.28125  -0.0406318
-0.28125  0.0291377
-0.03125  -0.0204057
-0.03125  0.119389
0.09375  0.00968046
0.0625  0.0379254
-0.09375  -0.095388
0.09375  -0.0246164
-0.03125  -0.0311065
-0.15625  0.0508083
0.21875  -0.0451132
0.0625  0.0920962
0  -0.105202
0.09375  -0.0526112
0  -0.182669
-0.1875  -0.0445212
0.09375  -0.2064
0.03125  -0.0525029
0  -0.161501
0.15625  0.0363204
0.21875  -0.0925759
-0.15625  -0.0287486
0  0.0914626
0  0.230923
-0.15625  -0.0670405
0.1875  -0.0125816
0.03125  -0.00160719
-0.125  0.0950514
-0.125  -0.127187
-0.09375  0.0915744
-0.03125  -0.286346
-0.125  -0.0816027
0.3125  0.00340638
-0.125  -0.077204
-0.03125  -0.106639
0.0625  -0.099895
-0.15625  0.0724108
0.21875  -0.133274
0.125  0.00993875
0.0625  -0.0872554
0.15625  0.0689979
0.03125  -0.215011
0.375  0.0249975
-0.03125  -0.239891
0.09375  -0.147976
-0.09375  -0.0998932
-0.1875  -0.0849645
0.21875  0.0539403
-0.1875  0.0753653
-0.03125  0.00304067
0.03125  -0.0846685
-0.1875  -0.0480181
-0.09375  -0.13317
-0.03125  0.0548712
-0.09375  -0.102014
0.03125  0.117607
-0.0625  0.00897115
-0.1875  -0.0776005
-0.1875  -0.26751
-0.125  0.0854966
0.3125  -0.227736
-0.0625  0.0909886
0.25  0.0266806
-0.03125  -0.036776
-0.21875  -0.0385808
0.03125  -0.0427524
0.125  -0.0875883
-0.25  -0.358693
-0.09375  -0.0133973
0.125  -0.227972
0  -0.0339625
-0.03125  0.0674562
-0.25  -0.110723
0.03125  -0.0424414
-0.09375  -0.122692
0.1875  -0.159865
0.1875  -0.0808542
0.1875  -0.00782169
-0.25  -0.0227279
0.03125  -0.0924413
-0.125  -0.116843
-0.0625  -0.255459
0.03125  0.0488571
0.03125  -0.0649181
0.0625  -0.0670885
-0.0625  -0.145687
0.03125  -0.0165151
0.09375  -0.106425
0.15625  0.155677
-0.03125  0.0664578
0.09375  -0.231856
0.03125  0.0108136
-0.09375  -0.0372696
0  0.175879
-0.0625  -0.0280171
-0.3125  0.0242007
0  0.289975
-0.21875  -0.247014
-0.0625  0.131985
0.09375  -0.153855
0  0.0716346
0.125  0.317552
-0.0625  0.160414
0  0.0345289
-0.15625  -0.237459
0  -0.268268
0  -0.132761
0.09375  0.0449531
0.15625  -0.138433
-0.1875  -0.0457418
0.15625  0.0400535
-0.03125  -0.0836985
0.15625  -0.0872797
0.0625  0.0365691
-0.03125  -0.0734472
0.03125  -0.23087
-0.03125  -0.0361351
0.15625  -0.11969
0.09375  -0.0132373
0.09375  0.123195
0.03125  -0.108124
0  -0.0352854
-0.03125  -0.0561166
-0.125  -0.0820291
0.0625  -0.07982
-0.09375  -0.0916364
-0.03125  -0.209453
0.09375  -0.0636688
0.125  -0.0148251
-0.125  -0.0760222
-0.03125  -0.142474
0.1875  -0.0673099
0.15625  -0.0446382
0.1875  -0.0964934
0.25  -0.0910939
0.3125  -0.162261
-0.21875  -0.0309668
0.125  0.0677371
-0.0625  0.185039
0.09375  -0.10086
-0.0625  0.0785333
0.09375  0.0241026
0.09375  0.061337
0  -0.0440314
0.09375  -0.00369477
-0.09375  -0.101671
0.0625  -0.111856
0.125  0.0942261
0.15625  0.0268482
-0.125  -0.27001
0  0.111089
-0.125  0.142401
0.125  0.0625556
-0.1875  -0.0738112
-0.21875  -0.0300125
-0.0625  -0.0427658
-0.125  -0.21532
0.1875  -0.0560449
0.125  0.238629
-0.0625  0.221592
0.125  0.0634517
0.09375  -0.110733
0.0625  0.198888
-0.125  -0.250022
-0.0625  0.06603
-0.28125  -0.0651279
-0.0625  -0.209028
0.15625  0.147087
-0.21875  0.0759145
0.03125  -0.18638
0.15625  0.0121587
-0.0625  -0.3453
0.21875  -0.0222416
-0.125  -0.0175987
0  -0.038728
-0.1875  -0.240006
0  -0.14188
0.03125  -0.013191
0.0625  0.0046022
0.125  -0.0719236
0.09375  -0.134826
-0.15625  -0.0927584
0.1875  -0.0590673
0.09375  -0.159466
-0.125  -0.346978
-0.125  0.0378016
-0.1875  0.0462242
-0.125  -0.0503114
-0.0625  -0.138208
-0.09375  0.119865
-0.03125  -0.123975
0.0625  0.328774
-0.125  0.0215791
0.09375  -0.154306
-0.125  -0.0711399
-0.0625  0.00853149
0.0625  0.0767602
0.09375  0.134698
-0.03125  0.103539
0.0625  0.104149
0.125  -0.169442
0.09375  -0.14942
0.28125  0.0249171
0.15625  0.0502652
0.03125  -0.120227
-0.03125  -0.0842002
-0.0625  -0.0758066
-0.09375  -0.0746266
0.15625  -0.146754
0.21875  -0.219409
-0.25  -0.214587
0  -0.260101
-0.40625  -0.059183
0.09375  -0.116371
0.15625  -0.0196047
0  0.0350125
-0.125  -0.165028
0.09375  0.0350805
0  -0.119937
0.03125  0.176515
0.09375  -0.139843
-0.25  -0.23536
-0.125  -0.188187
0  -0.0241625
-0.0625  -0.067727
0.03125  0.0383225
0.25  -0.22662
-0.03125  -0.174073
0.15625  -0.0754233
0.0625  0.0539793
-0.0625  -0.131713
-0.25  -0.102982
-0.03125  0.084652
0.03125  0.145213
0.03125  -0.0723241
-0.09375  -0.0687218
0  0.00264654
-0.09375  0.0994863
0.125  0.0683557
0.25  -0.00317348
-0.21875  0.0681031
-0.03125  -0.0447952
-0.03125  -0.0315248
0.15625  0.0485216
0.0625  -0.273334
-0.0625  -0.0717995
0.1875  -0.0617796
0.09375  -0.125407
0.0625  -0.0143444
-0.15625  -0.0540072
0.09375  -0.0911847
-0.0625  0.0879129
-0.125  -0.133935
0.125  0.0177329
-0.09375  -0.0971505
0.125  0.0240599
0.0625  -0.0483926
0.0625  -0.0750631
-0.03125  -0.126355
-0.125  -0.127932
0.0625  0.00571589
0.125  -0.117947
-0.03125  -0.0931731
-0.0625  -0.15521
0.09375  -0.240037
0.0625  -0.0130589
0.0625  0.045122
0  -0.0573954
0  -0.135072
0.03125  0.016743
0.09375  0.0662459
-0.0625  0.277231
-0.09375  -0.0398373
-0.03125  0.0732555
-0.21875  -0.0222049
-0.03125  0.0830218
0.1875  0.0693742
-0.03125  -0.245178
0.25  -0.143836
-0.1875  -0.153577
-0.0625  -0.27741
0.125  -0.00204407
0  -0.0652273
-0.125  -0.127175
0  -0.0870251
0.03125  0.294718
0.03125  -0.215773
-0.09375  -0.0681774
0.03125  -0.0393025
-0.03125  -0.0408768
-0.0625  0.0117278
0.09375  -0.0505096
-0.03125  -0.00436675
0.09375  -0.0973563
-0.0625  -0.0853715
0.03125  0.00317633
0.125  -0.13971
0.0625  0.0938954
-0.09375  -0.192256
-0.0625  -0.18281
-0.125  -0.20148
-0.0625  -0.132351
-0.1875  -0.209597
0  -0.162201
0.09375  -0.171286
0.25  -0.361933
0.0625  -0.159009
-0.0625  -0.206713
-0.21875  0.0680409
0.25  0.159203
-0.03125  0.268048
-0.21875  -0.111137
0  0.0868468
-0.21875  -0.07264
-0.1875  -0.0317245
0.21875  0.0863468
-0.0625  -0.0618947
-0.15625  -0.121883
0.03125  0.00685404
-0.09375  -0.0103037
-0.1875  0.0533486
-0.09375  -0.127585
-0.25  -0.0284458
-0.03125  -0.148225
0.15625  -0.16903
-0.0625  -0.156032
0.125  -0.232512
0.125  0.0343714
-0.21875  0.201324
0.09375  -0.0678509
-0.15625  -0.175798
0.0625  0.0220615
-0.09375  -0.207198
0.09375  -0.0931759
-0.1875  0.10014
-0.0625  -0.00161987
0.125  -0.0717515
0  0.00613129
0.09375  0.0231127
0.0625  -0.0828418
0  0.140126
0.0625  -0.00906797
0.15625  0.120154
0.1875  -0.0683416
0.09375  0.0190485
-0.0625  0.00445069
0.15625  -0.17817
-0.0625  0.0246836
-0.09375  -0.188498
0.0625  0.121345
0.0625  0.00647424
-0.0625  0.224432
-0.125  -0.0773936
-0.09375  -0.277706
0.15625  -0.0905304
0  -0.130776
0  -0.136618
-0.03125  0.00901724
0.0625  -0.0290499
0.09375  0.0775497
-0.0625  0.0789713
-0.1875  0.137199
-0.0625  -0.0495215
-0.0625  -0.217262
-0.3125  0.0903701
0  0.0324439
0.0625  -0.103723
-0.125  -0.116073
0.125  0.0130764
0.03125  -0.20615
0.03125  -0.126371
0.03125  -0.210741
0.0625  -0.088254
-0.03125  -0.0905837
-0.125  -0.10477
0.03125  -0.00357266
0.0625  -0.0355479
0.09375  -0.0214689
0.1875  -0.0698018
0.03125  -0.109899
0.125  -0.138942
0.125  0.0526342
-0.15625  0.00710347
-0.09375  0.121373
-0.09375  -0.249633
0.09375  -0.0516872
-0.1875  -0.278046
0.25  -0.107168
0.09375  -0.151778
0.125  -0.103648
0.125  -0.0594093
-0.0625  0.0686382
0  -0.0721446
-0.09375  -0.00236376
-0.0625  -0.109302
0.0625  0.0158835
-0.15625  -0.0741887
-0.0625  0.0714431
0.1875  -0.0446389
0.15625  0.000610264
-0.09375  0.0551891
-0.09375  0.0750998
0.125  -0.193864
0.03125  -0.0152406
0.03125  -0.0809496
0.125  -0.00120892
-0.1875  0.108088
-0.1875  -0.0550346
0.0625  0.0721369
0.09375  -0.0452383
0.125  -0.0377943
0.0625  -0.105335
-0.0625  -0.0678186
0.0625  0.0609454
0.125  -0.0279741
0.0625  0.0138641
-0.1875  0.0649591
0.09375  -0.0277037
-0.03125  0.0299236
-0.21875  -0.23581
0.09375  -0.0380557
-0.09375  -0.10676
-0.125  -0.120324
-0.09375  -0.102179
-0.09375  -0.0835235
0.03125  -0.162627
0.15625  -0.135675
-0.03125  -0.127568
0.03125  -0.0417504
0.09375  -0.0874931
0.09375  -0.0864248
-0.21875  0.139722
-0.125  -0.201337
0  0.108447
0  -0.0988382
-0.15625  -0.217127
-0.28125  0.074329
-0.09375  -0.205058
0.15625  0.0410867
-0.0625  -0.157864
0.03125  -0.152246
0.03125  -0.106324
-0.03125  -0.00915439
0  0.0281132
0.15625  0.263646
-0.1875  -0.182273
-0.125  -0.25979
-0.0625  0.0255798
0.21875  0.0254538
-0.25  0.0608598
0  -0.29555
0.09375  0.145925
0.125  0.127495
0.09375  -0.258661
-0.09375  -0.255002
0.03125  0.00115004
0.0625  -0.0282826
0.09375  -0.0619343
0.03125  0.0534637
-0.15625  -0.0638707
0.03125  -0.0305954
0.0625  -0.0943584
-0.09375  -0.0882144
-0.09375  0.1798
0.125  -0.178287
0.1875  0.0118073
-0.09375  0.19448
-0.0625  -0.147652
0.09375  0.0491945
0  -0.0478638
-0.15625  0.0398988
0.03125  -0.176409
0  -0.290016
-0.28125  0.215377
-0.15625  -0.110466
-0.21875  -0.123501
-0.09375  -0.173982
0.125  -0.101445
0.1875  0.00196797
-0.09375  -0.0301443
0.25  -0.0651118
-0.0625  0.0728563
-0.21875  -0.172804
0.03125  -0.0903545
0.125  -0.199741
0.15625  0.0670158
-0.3125  -0.139678
0.09375  0.211461
-0.03125  0.0427192
0.09375  0.134062
0.09375  -0.170796
0.15625  -0.196538
-0.03125  -0.0850048
-0.1875  0.0885203
0.125  -0.0147156
-0.0625  0.180789
0.09375  -0.137603
0.09375  -0.101115
0.28125  -0.26701
-0.03125  -0.149099
-0.09375  0.117986
-0.125  -0.0364428
0.46875  0.0237919
0  0.0738032
0.03125  -0.22591
-0.0625  -0.217568
-0.09375  0.0282416
-0.125  -0.325883
-0.125  -0.0283989
0.0625  0.0410659
-0.25  0.161632
0.09375  -0.00104635
0.1875  -0.176308
-0.1875  -0.00673523
0.0625  -0.0229592
0.09375  -0.177342
0.15625  -0.078946
-0.1875  0.00670282
-0.03125  -0.127505
0.09375  -0.128771
-0.21875  -0.101621
-0.03125  0.0117171
0  -0.0859265
0  -0.1877
0.1875  0.0278943
0.09375  -0.192396
0.09375  -0.25058
-0.0625  -0.04657
0.0625  0.0764026
0  -0.0212185
0.09375  -0.0756876
0.09375  -0.127414
-0.0625  0.140692
0.125  0.221995
0.21875  -0.10359
-0.0625  0.139228
0.03125  0.132308
-0.09375  -0.00734785
0  -0.288907
0.0625  -0.27013
-0.3125  0.166249
-0.09375  -0.153564
0  0.0747907
-0.03125  -0.0680088
0.25  -0.224582
0.125  -0.103336
0.0625  -0.0747061
-0.03125  -0.0976317
0.09375  -0.0562956
-0.1875  -0.211687
-0.09375  0.0118569
-0.15625  0.177454
-0.0625  -0.00304971
0.0625  -0.0616163
-0.03125  0.0590584
0.0625  0.109444
-0.0625  -0.16728
0  -0.12019
-0.0625  -0.103738
0.03125  0.00167875
-0.21875  0.118465
0.1875  0.300403
-0.03125  0.00504269
0.03125  -0.0844899
0  0.136183
-0.03125  -0.00899409
-0.09375  0.03632
0.15625  -0.159016
0.09375  -0.20086
-0.0625  -0.0859215
0.125  -0.10974
0.03125  -0.212949
0  0.0127075
0.03125  -0.20818
0.03125  -0.101344
-0.03125  -0.0871995
0.15625  0.0436606
0.1875  0.0250032
0.1875  -0.0938149
0.125  0.0484887
0.09375  -0.188468
0.0625  -0.17344
-0.15625  -0.182249
0.09375  -0.195074
-0.0625  -0.0261924
0  -0.162865
0.1875  0.00409846
0.25  0.0726991
-0.09375  -0.212595
0  0.151179
0.0625  -0.166182
0.09375  0.0286006
0.15625  -0.0974986
-0.0625  -0.212915
0.03125  -0.0832918
-0.125  0.146287
-0.09375  0.0743484
-0.0625  0.15729
0.25  0.0347904
-0.03125  -0.140798
-0.03125  0.2447
0.0625  -0.1163
-0.0625  -0.163279
0.3125  -0.00605606
0.03125  -0.0456316
-0.0625  -0.203724
0.125  -0.0756877
0.21875  -0.00546689
0  0.173768
-0.125  -0.0221149
-0.1875  -0.0248004
0.125  -0.159498
0.0625  -0.143985
0.25  -0.0540687
-0.125  -0.157344
0.15625  0.182155
-0.21875  -0.0745312
-0.125  0.0199244
-0.1875  -0.0544165
-0.125  -0.104831
0.125  -0.00898968
0.03125  -0.0069052
-0.03125  0.0688265
-0.03125  -0.101045
0.1875  -0.0965699
0.03125  -0.0755227
0.15625  -0.0210594
-0.21875  0.100006
-0.3125  -0.249803
0.0625  -0.107393
0.21875  -0.0281549
0.15625  -0.00386342
-0.09375  0.0315994
-0.25  -0.212681
0.09375  -0.0205285
0.0625  0.0692753
-0.0625  -0.126906
0.09375  -0.261825
0.03125  -0.260975
0.03125  -0.141574
0.03125  -0.120733
0  0.0220539
-0.03125  0.209737
-0.0625  0.0374396
0.0625  0.0248303
0.03125  -0.210241
0  -0.0995396
-0.03125  -0.179131
-0.1875  -0.0190093
0.1875  0.0500401
0.0625  -0.0888387
0.09375  -0.247506
0.125  -0.0987917
0.0625  -0.134071
-0.125  0.0803442
0.1875  0.0824232
-0.0625  -0.333538
-0.0625  -0.0366136
0.03125  0.086533
-0.09375  -0.0800038
0.09375  0.0575104
0.0625  0.114515
0  -0.159148
-0.0625  0.151103
0  0.0504548
-0.09375  0.0603059
0.34375  -0.000835696
0.0625  -0.104707
0.125  0.0832152
0.15625  -0.202379
0  0.0446754
0.15625  -0.277444
0.03125  0.214022
-0.09375  -0.172443
-0.15625  -0.20161
0.1875  -0.0903675
-0.0625  0.0689387
-0.28125  -0.0824437
-0.09375  -0.0974831
0.125  -0.0608065
-0.03125  0.0957984
0.09375  0.148311
-0.1875  -0.157021
-0.1875  -0.118153
0.15625  -0.0472295
0.03125  0.123618
-0.0625  0.0129972
0.0625  -0.0991436
0.03125  -0.230674
-0.0625  0.28904
-0.125  0.102318
0.15625  -0.116826
0.125  -0.14024
-0.09375  0.0236772
-0.1875  0.0147508
-0.0625  0.0976075
-0.1875  -0.130639
0  -0.110445
-0.0625  -0.0352907
-0.28125  -0.119075
-0.125  0.0197381
0.03125  -0.0788592
0.0625  -0.242602
0.15625  -0.1351
-0.15625  0.23072
0.09375  0.164253
-0.0625  0.0143122
0  -0.0596081
0  0.0279913
-0.28125  0.0791976
-0.25  -0.106593
-0.0625  -0.204742
-0.0625  -0.00203318
-0.15625  0.0332315
0.0625  0.0746763
-0.3125  -0.0689732
0.1875  0.20124
0  -0.00776366
0.0625  -0.173245
0.09375  -0.0190218
-0.28125  0.051172
-0.0625  -0.00340425
0.21875  0.11553
0.125  0.134619
0.21875  0.0946766
-0.03125  0.140988
0.15625  -0.0480053
0.09375  -0.117659
-0.21875  -0.188443
0.03125  -0.0937922
-0.0625  -0.036678
0.1875  -0.0233199
0.03125  0.079558
-0.15625  -0.142935
0.03125  -0.0890162
0.25  -0.245614
-0.0625  0.116727
0.125  -0.0917368
-0.1875  0.0216885
0.15625  -0.251354
0  0.0313267
0.0625  -0.00250433
-0.0625  0.0937401
0.09375  0.0171375
-0.0625  0.162661
0.09375  -0.00862677
0  0.245115
-0.1875  -0.215897
0.03125  0.0984301
-0.03125  0.0328111
-0.09375  0.0459575
0.03125  0.0568474
-0.0625  -0.174029
0.09375  -0.250576
0.03125  0.00186527
-0.09375  -0.0956971
-0.125  -0.137677
0.21875  0.0223011
-0.3125  -0.199244
0.03125  -0.101422
0.125  -0.210475
-0.03125  -0.18339
-0.28125  -0.280549
0.09375  0.0492487
-0.0625  -0.108089
-0.0625  0.255695
0.15625  -0.0414943
-0.09375  -0.106674
0.28125  0.150935
0.0625  0.0423488
-0.03125  -0.0776268
0.03125  -0.0738212
-0.03125  0.307334
0.09375  0.195581
0.0625  -0.0658675
-0.03125  -0.216926
-0.15625  -0.123572
-0.09375  -0.0428702
-0.09375  0.0582862
0.0625  -0.194373
0.0625  0.0497394
-0.21875  0.0510818
-0.03125  -0.0547003
-0.125  0.0723435
0  -0.0751728
0.1875  0.119881
0.09375  0.0807826
-0.09375  0.0123136
0.03125  0.113851
0  -0.00322125
0.21875  0.0154685
0.1875  -0.0416943
0  0.0245972
0  -0.131331
0.0625  0.107597
-0.0625  -0.0418217
-0.09375  -0.0496709
-0.125  -0.134965
0.03125  -0.235896
0.09375  0.0687725
0.03125  -0.195883
-0.03125  0.146306
0  -0.360097
0.09375  -0.114395
-0.0625  0.093896
-0.125  -0.0562637
-0.21875  -0.0449155
0.03125  -0.170742
0.03125  -0.00792348
-0.15625  -0.0454732
-0.125  0.0247349
0.15625  -0.135396
-0.03125  -0.0639612
-0.0625  0.0860594
0.03125  0.150808
0.125  -0.198448
0  -0.0152328
-0.0625  0.204612
0.09375  -0.0506604
0.09375  -0.000106883
-0.15625  -0.0160154
0.21875  -0.0846555
0.03125  0.0147542
0.09375  0.0675326
0.125  -0.111496
-0.0625  0.0548514
0.03125  -0.220563
-0.09375  -0.00985284
-0.03125  -0.2527
-0.125  -0.116079
0.0625  0.0352699
0.0625  0.0544012
0.1875  -0.0551274
0.125  -0.0847346
-0.0625  0.111784
0  -0.138145
0.0625  -0.100134
-0.125  -0.117786
-0.09375  0.0740775
0.03125  0.0810107
0.15625  -0.0782084
0.15625  0.041114
-0.15625  -0.0346506
0.15625  0.106434
-0.0625  0.0463015
-0.15625  -0.0656345
-0.21875  -0.281929
-0.21875  -0.0747605
-0.21875  0.0971793
0  -0.100307
-0.0625  0.112442
-0.0625  -0.0968963
-0.03125  0.103808
-0.03125  0.0540011
0.25  -0.11829
-0.25  0.103104
-0.15625  0.0748702
0.0625  -0.177726
-0.03125  -0.0092464
-0.1875  0.0922645
-0.1875  0.0257397
-0.09375  0.0524035
0.09375  -0.021971
-0.03125  0.0255357
-0.15625  0.0649997
0  -0.192183
0.09375  -0.0267818
0.09375  0.072245
0.125  -0.00733959
0.15625  -0.215674
0.125  -0.23318
-0.03125  0.0664131
0.0625  0.0895323
-0.03125  -0.0954248
0.21875  0.0545361
0.03125  0.121826
0.0625  -0.12258
-0.03125  -0.0730671
0  -0.177178
-0.09375  -0.0688797
-0.15625  0.00466333
0.0625  -0.0524668
-0.09375  0.0360331
0.03125  -0.0281518
0.03125  0.043458
-0.125  0.0578018
0.09375  -0.155067
-0.0625  -0.273652
-0.1875  -0.157013
0.03125  -0.0597961
-0.09375  -0.0381623
0  -0.139351
0.09375  -0.0213598
-0.0625  -0.229762
-0.09375  0.0144319
0.0625  0.0334135
0.15625  0.131045
0  0.15582
-0.25  -0.0177535
0.03125  0.129185
0  -0.103826
0.25  -0.0974681
0.09375  -0.212338
0.09375  0.120735
-0.21875  -0.0675154
0  0.115499
0  -0.00306198
-0.21875  -0.00908581
-0.15625  0.0239487
-0.125  0.0465686
0.03125  0.0643234
0.03125  -0.11436
-0.09375  0.114468
-0.0625  -0.00979853
0.21875  0.0575923
-0.09375  -0.189835
0.0625  0.0904388
-0.21875  0.00706309
-0.0625  0.0488007
0.125  -0.0286801
0.03125  -0.172243
0.125  -0.190193
-0.125  -0.288417
-0.0625  -0.0479183
0.03125  -0.139651
-0.125  0.147794
0  -0.0921896
0.125  -0.188933
-0.125  -0.0600743
-0.03125  -0.210164
-0.25  0.136834
-0.03125  0.0394133
-0.0625  0.00326442
-0.03125  -0.0683193
-0.15625  -0.114704
-0.09375  -0.286935
0.1875  -0.0263876
0.03125  0.0677101
-0.21875  0.184514
-0.0625  -0.300349
0.25  -0.173589
-0.03125  0.0698741
-0.09375  -0.131579
-0.09375  0.0382438
0.15625  0.0691428
0.21875  -0.116957
0.125  -0.179001
-0.03125  -0.206116
-0.03125  -0.142442
-0.25  0.0252809
0.15625  0.023631
0.03125  0.106895
0.03125  -0.191809
-0.03125  0.0418194
0.0625  0.139994
0.03125  0.0177526
-0.125  0.0256726
-0.125  -0.18761
0.0625  -0.139462
0.3125  -0.0862466
-0.09375  0.0462512
0.1875  -0.124962
0.03125  0.0595532
-0.03125  -0.158286
-0.21875  -0.222047
-0.1875  0.0379174
-0.03125  -0.355115
0  -0.195593
0.25  -0.0714127
0.0625  -0.00869945
-0.09375  -0.223317
0.03125  0.015603
0.125  0.0248621
-0.1875  0.0819662
0.125  0.0332838
0.125  -0.132724
-0.1875  -0.0907044
-0.09375  0.011328
0.0625  -0.0554969
-0.09375  -0.0571944
0.0625  0.027
-0.09375  0.0146189
-0.1875  -0.153674
-0.125  0.0260702
0.03125  0.0884758
-0.03125  -0.252909
0.125  0.267327
-0.09375  -0.0396256
0.03125  -0.449595
0.15625  -0.04831
0.34375  -0.0112772
-0.15625  -0.160179
-0.0625  -0.080289
-0.15625  -0.0482572
-0.09375  0.0284301
-0.0625  -0.0795614
-0.21875  -0.142193
-0.03125  -0.206053
-0.09375  0.102122
0.0625  0.113744
-0.09375  0.324324
0  -0.166489
0  -0.0243934
0.09375  -0.286379
0.03125  0.127875
-0.125  0.138508
0.15625  -0.118485
-0.0625  0.019516
0.25  -0.139577
-0.21875  -0.0640745
-0.09375  -0.00113137
0.09375  -0.0838849
0.125  -0.15999
-0.1875  0.0787727
-0.28125  -0.130247
-0.0625  0.00186752
-0.1875  -0.228751
0.125  -0.058483
0.09375  -0.0270067
0.125  -0.0317513
-0.09375  -0.0336753
0.09375  -0.153858
0  -0.211878
0.09375  -0.0989643
0.15625  -0.184641
0.09375  -0.108337
0.03125  -0.0930289
-0.09375  -0.00814975
-0.03125  0.111143
-0.03125  -0.064568
0.09375  0.0826944
0.125  0.138533
0.21875  -0.013462
0  -0.0344269
0.28125  -0.217314
0  0.0493269
-0.03125  -0.135984
-0.03125  -0.144779
0.125  0.174432
-0.09375  -0.178791
0.03125  -0.0705733
-0.1875  0.0184417
0.15625  -0.142958
-0.03125  -0.110632
0.0625  0.0423475
-0.03125  -0.113698
-0.09375  0.0491507
-0.21875  -0.122617
0  -0.182995
0  0.142035
0.125  -0.0191747
-0.09375  -0.170696
-0.09375  -0.19214
-0.1875  0.0266673
0.09375  -0.346036
0.09375  -0.0657254
-0.125  -0.177392
0  -0.128411
0  -0.0944851
-0.0625  -0.137618
0.1875  -0.263363
-0.0625  0.0445918
-0.21875  0.0508397
0.125  -0.0895488
0  -0.273617
-0.0625  -0.0100477
0.15625  0.00359543
-0.15625  -0.109959
0.0625  -0.118464
0.03125  -0.373359
-0.09375  -0.154141
-0.1875  -0.0219399
0.125  0.0681468
0.0625  -0.0600737
-0.09375  0.0898148
0.03125  -0.0689056
-0.125  0.115171
-0.15625  0.024431
0.09375  -0.226554
-0.09375  0.063462
-0.25  -0.112081
-0.25  -0.0732125
0  -0.264479
0.125  -0.131821
0.0625  0.0438938
-0.09375  0.00703018
-0.0625  -0.173989
0.15625  0.266319
-0.125  -0.0476733
0.0625  0.0807476
0  -0.131023
-0.0625  -0.125312
-0.09375  -0.237719
-0.0625  -0.245629
0  -0.260644
-0.1875  -0.0339653
0.1875  -0.165037
0.0625  -0.0220987
0.03125  -0.278045
-0.125  -0.108107
0.25  -0.0291056
0.0625  0.133762
-0.09375  -0.0633
0.125  0.00587697
-0.09375  0.0508428
-0.0625  0.174204
-0.28125  -0.136851
-0.25  -0.017009
-0.1875  0.0485685
-0.0625  0.0205583
0  0.0773629
0.03125  0.00649053
0.03125  0.100131
0.03125  -0.224296
-0.03125  -0.0652372
0.03125  0.16781
-0.0625  0.0175781
-0.1875  0.0230434
0.0625  -0.13756
-0.15625  -0.191341
-0.25  -0.230879
-0.0625  -0.21263
-0.0625  -0.0654451
0.125  -0.193025
0.15625  0.0647926
0  0.0231709
0.1875  -0.168819
0.0625  -0.169041
0.125  -0.214577
0.09375  -0.0934101
0.09375  0.0823312
-0.125  -0.148786
0.03125  -0.270559
0  -0.0658624
-0.0625  -0.138628
-0.25  -0.174727
0.1875  0.0582697
-0.125  0.240974
0  0.141265
-0.1875  -0.114196
-0.09375  0.0127995
0.03125  -0.0348213
-0.03125  -0.114551
-0.03125  -0.0322763
-0.21875  0.0493228
-0.03125  0.202862
0.0625  0.00718884
0.15625  0.0230904
0.0625  0.00368455
0.1875  -0.113908
0  -0.0565023
0  -0.0518242
-0.125  -0.0138909
-0.25  0.0659168
0.09375  -0.0764339
0  0.119333
-0.21875  -0.0752701
0  -0.136077
0.03125  -0.102809
0.125  -0.0744941
0.09375  0.025271
-0.25  0.0555116
0.15625  0.180777
-0.0625  0.00615118
-0.28125  -0.188811
0.0625  -0.0446702
-0.1875  0.199163
-0.125  -0.00775365
-0.0625  -0.0200127
-0.21875  -0.0129327
-0.0625  0.102527
0.25  0.0712542
-0.03125  0.00898838
0.1875  0.0161068
-0.03125  -0.0625395
-0.125  -0.269063
0  0.0743571
0.03125  -0.101965
0  -0.27814
-0.03125  0.0816469
-0.09375  -0.0941502
0.0625  0.0342899
0.09375  0.00618435
0.0625  -0.0778904
-0.03125  -0.00965166
-0.03125  0.0613312
-0.0625  0.0276065
0.125  -0.0905158
-0.15625  -0.0414644
0.15625  -0.147266
0  -0.0438925
-0.25  -0.0163133
-0.125  0.00607563
0.09375  0.0860807
0  -0.0450034
-0.0625  -0.0980295
-0.0625  -0.159369
-0.0625  0.121964
0.03125  -0.00140461
0  -0.181101
0.09375  -0.104155
-0.09375  -0.058839
0  -0.0626584
-0.03125  -0.0434664
0.0625  0.0579346
0  -0.039416
-0.0625  0.105932
0.0625  -0.177192
0.25  0.171733
0  -0.0913107
-0.0625  0.0279237
-0.03125  0.119791
0.09375  -0.0478261
0.25  -0.157241
-0.21875  -0.233562
0.0625  -0.0196486
0.125  0.0676274
0.03125  0.0363608
0.03125  -0.17512
0.21875  0.0049194
0.0625  -0.0893414
0.0625  0.0713498
0.1875  0.111416
-0.1875  -0.0748921
0.0625  -0.0547733
-0.03125  -0.248658
0.09375  -0.165629
-0.09375  0.010465
-0.125  -0.187452
0.1875  -0.168705
0  0.0128395
-0.15625  -0.236412
-0.09375  0.11045
0  -0.0932342
-0.09375  0.109462
0.03125  -0.0901974
0.03125  0.0621878
0.03125  -0.00216939
-0.03125  0.197263
-0.0625  -0.164292
0.125  0.0585578
-0.0625  0.0838895
0.09375  -0.22623
0.09375  -0.136114
-0.1875  0.191001
-0.25  0.00873283
0.09375  -0.16707
0.03125  0.131372
0.03125  -0.137986
-0.09375  -0.126791
-0.25  -0.124149
0.0625  0.027612
0.25  0.0392227
0.0625  -0.0214236
0.15625  -0.00681974
-0.09375  -0.0499333
0.125  0.118212
-0.0625  -0.0851656
0.28125  -0.0360748
0.09375  -0.174899
-0.1875  -0.236884
0.03125  0.0892106
0.125  -0.138008
-0.125  -0.147357
0.0625  -0.165421
0.125  -0.0729246
0.03125  -0.125409
-0.125  -0.248524
0.1875  -0.0347438
0.09375  -0.11407
-0.03125  0.142119
0.0625  -0.22309
-0.09375  -0.0889485
-0.28125  0.086104
-0.03125  -0.0493223
0.1875  0.0649683
-0.125  -0.366508
0.0625  0.0799928
-0.0625  -0.233914
0.0625  -0.327967
0  0.0463377
0  -0.114199
-0.25  0.0254489
-0.15625  -0.00220671
0.0625  0.0484021
0  -0.180822
0  -0.327321
-0.125  -0.0833697
0.28125  0.0290336
-0.0625  0.0987026
-0.125  -0.174382
-0.09375  -0.136607
0.0625  0.027016
-0.0625  0.00128204
0.125  0.116343
0.28125  0.12554
0  0.0273185
-0.0625  -0.010521
0  0.203485
-0.09375  -0.064875
-0.1875  0.175303
0.03125  0.162274
0.03125  0.0616757
0.15625  -0.208994
-0.03125  0.114339
0.09375  -0.36861
-0.03125  -0.289611
-0.03125  0.167992
-0.15625  0.0809492
-0.1875  -0.0978911
-0.125  0.0423024
0.03125  -0.092224
0.125  -0.216865
0.0625  -0.0195224
-0.03125  -0.0876599
-0.28125  -0.235391
-0.3125  0.16888
0.15625  -0.0545629
0.03125  -0.00247214
-0.0625  0.105761
0.1875  -0.104044
-0.15625  -0.0885823
0.1875  0.251163
-0.03125  -0.146319
0.03125  0.00051001
-0.09375  0.0452071
0  -0.0513784
0.03125  -0.201645
0.15625  -0.00636349
0.0625  -0.113088
0.0625  -0.0844414
0.15625  -0.189823
0.0625  -0.119122
0.03125  0.000273064
0  -0.215974
0.09375  0.025763
0.1875  -0.13253
-0.0625  -0.148447
-0.1875  -0.164209
0  0.0741077
-0.03125  -0.0982783
-0.03125  -0.160798
-0.03125  0.33586
0.09375  -0.243426
-0.03125  0.0731797
0.1875  -0.200665
0.15625  0.0437699
0.09375  0.0135349
-0.1875  0.145016
0.03125  -0.101333
0.09375  0.00318929
0.0625  -0.263079
-0.03125  -0.198352
-0.03125  0.159486
0.03125  0.042597
-0.25  -0.163702
0.09375  -0.229776
0.09375  -0.0174974
0.21875  -0.181969
-0.21875  -0.235678
0.1875  -0.210153
0.03125  0.0222588
0  -0.00181319
0.03125  0.0192822
0.28125  -0.204948
-0.03125  0.173966
-0.0625  -0.16091
0.125  -0.102123
0.15625  -0.0611077
0  -0.153164
0.125  -0.111934
0.15625  0.0716477
-0.21875  -0.0577612
0.1875  0.0613719
0.21875  0.0131763
0.125  -0.198018
-0.21875  0.0208505
0.09375  -0.18268
-0.21875  0.275221
-0.125  -0.0670293
0.0625  -0.0631835
0.0625  0.0161916
0.21875  0.00929563
-0.09375  -0.0840083
-0.1875  0.0141246
-0.0625  -0.118661
-0.125  -0.133836
-0.03125  -0.0702585
-0.0625  0.151278
0.125  -0.124257
0.21875  -0.0777797
-0.0625  0.03126
-0.25  -0.0377449
0.03125  0.0354815
-0.125  -0.0318641
-0.0625  -0.0844757
0.125  -0.000115835
0  -0.0507622
-0.0625  -0.203241
-0.09375  -0.231741
-0.0625  0.169765
0  -0.081064
0.0625  0.0852831
0.15625  -0.204202
-0.28125  -0.170613
-0.0625  -0.145146
0.1875  0.0201108
-0.1875  -0.11068
-0.125  0.149249
0.09375  0.0714857
-0.09375  0.0431535
-0.0625  0.143984
0.125  0.0113244
0.0625  -0.21219
0.03125  -0.0733034
0.0625  0.249088
-0.09375  -0.0359762
0.1875  -0.0622929
0  -0.107639
0.09375  0.205898
0.21875  -0.300008
-0.03125  -0.092535
0.03125  -0.155933
-0.0625  0.0392656
0.03125  0.0562576
-0.09375  -0.112947
0.0625  -0.239355
-0.09375  -0.177063
0.25  0.149271
0.09375  -0.0229356
-0.21875  -0.03225
0  0.224731
0.09375  0.0608037
0  -0.143133
0.125  -0.353809
0.125  -0.0750199
-0.15625  -0.062918
0.03125  0.173035
0.25  -0.115384
0.09375  -0.169466
0.03125  -0.258286
-0.03125  -0.0595518
-0.3125  0.0313586
0.03125  -0.0775194
-0.0625  -0.12813
-0.0625  -0.184242
-0.125  -0.195944
0.03125  0.0896159
0  -0.074803
0.125  0.205903
-0.09375  -0.0994597
-0.03125  -0.145154
0.21875  -0.020103
0.1875  0.0192768
0.1875  -0.0695726
0.09375  -0.207981
-0.125  0.157844
0.21875  -0.170828
0.25  -0.386424
0  -0.0605081
0  0.00942057
-0.125  0.044017
0  0.209863
-0.125  0.331123
0  0.0450427
-0.03125  0.0356676
0.03125  0.0468196
0.09375  -0.0108893
-0.125  0.169929
-0.1875  -0.0788361
-0.1875  -0.00462221
-0.28125  -0.0380615
0.09375  0.0877557
-0.34375  -0.0755475
0.15625  -0.183073
0  0.319918
0.03125  -0.086457
-0.09375  -0.117652
-0.15625  -0.0513531
0.09375  0.134029
0  -0.136309
0  -0.1971
0.0625  -0.154086
0.125  0.19779
0.03125  -0.246516
-0.28125  -0.00290185
-0.21875  -0.181604
-0.15625  -0.084099
0.03125  -0.0258392
0.0625  0.0604679
-0.0625  0.247669
0.0625  0.0104999
0.09375  0.0678869
-0.0625  -0.0646563
0.0625  0.0194149
-0.03125  0.135007
0  0.128247
-0.09375  -0.185406
0  -0.0227636
-0.03125  0.102545
-0.28125  -0.0350811
0.0625  -0.0547365
-0.0625  -0.0884256
-0.125  -0.120808
-0.15625  -0.0564453
0.03125  -0.0672614
0.09375  0.160111
0.15625  -0.0650075
0  -0.0889792
0.03125  -0.0297273
0.09375  -0.213617
-0.09375  -0.00633775
-0.09375  0.0975626
-0.125  -0.0858032
-0.09375  -0.316523
0.21875  -0.0693671
-0.03125  -0.32538
-0.125  -0.226487
-0.125  0.0428135
0.09375  -0.059363
-0.03125  -0.264748
0.125  -0.0336039
0.0625  -0.125358
-0.28125  -0.0642988
0.09375  -0.0271426
-0.28125  0.154605
-0.09375  0.091722
-0.25  0.0689009
-0.125  0.0674186
0  -0.241347
0.03125  -0.0658737
-0.03125  0.0750407
-0.15625  -0.0877227
0.03125  0.122201
0.0625  0.00258111
0.09375  -0.0297539
0.03125  -0.218679
-0.15625  -0.0840978
0.03125  0.218287
-0.15625  0.138322
0.03125  -0.241734
-0.09375  -0.0108621
-0.03125  -0.133853
0  0.12281
0.03125  0.00528074
0.03125  -0.0835122
0.09375  -0.0545201
0.34375  -0.00345034
0  -0.0904727
0.15625  0.0455523
-0.0625  -0.0948759
0.03125  0.0248328
0  -0.213781
0  -0.0972339
-0.03125  -0.285572
0.21875  0.070167
0  0.0850419
-0.21875  0.187388
0.21875  0.22276
-0.09375  -0.0564116
-0.125  0.0499097
-0.34375  -0.120089
-0.03125  -0.0800139
0.09375  -0.0678837
-0.09375  -0.146768
0.15625  -0.0961327
0.09375  0.00283601
0.0625  0.00579018
0.125  0.136172
0.0625  0.0361475
-0.125  0.0676788
-0.0625  0.196585
0.21875  0.0961207
0.0625  0.0572443
-0.09375  -0.0252578
0.0625  -0.11882
-0.34375  -0.147217
-0.375  0.0343621
-0.375  0.00339544
-0.09375  -0.0880503
-0.21875  0.0741591
-0.21875  -0.189068
0.03125  0.0963069
-0.0625  -0.172955
0.0625  -0.0660624
-0.09375  0.0903325
-0.09375  -0.00937194
-0.125  -0.125289
-0.1875  0.0569126
-0.0625  -0.237249
-0.03125  -0.103989
-0.15625  0.0879179
0.15625  0.0122905
-0.03125  0.174559
-0.0625  0.0140476
-0.03125  0.0558315
0.15625  0.0264961
0.125  -0.0812962
-0.0625  0.00135637
0.25  -0.00139054
-0.28125  0.0391988
-0.125  -0.116254
-0.1875  -0.0516491
0.09375  -0.027409
0  -0.145899
0.125  -0.0969444
0.09375  -0.0873597
-0.03125  -0.00592209
0.03125  0.0758872
0.125  -0.0938228
0.09375  -0.222745
0.3125  -0.0361013
0.03125  -0.328624
0.0625  -0.175035
-0.28125  -0.162375
0.09375  -0.275348
-0.125  -0.0895394
0  -0.0471169
0  -0.159803
0  -0.0309832
0.09375  -0.0602459
0  -0.11956
0  -0.069328
-0.03125  -0.186537
0  -0.128043
-0.03125  -0.116924
0  -0.0203525
0.0625  0.0460503
-0.0625  0.0790737
-0.0625  -0.0368344
-0.03125  -0.120452
0.0625  -0.0985655
0.1875  0.0136227
0.03125  0.138815
0.1875  0.170306
-0.125  -0.15548
0.0625  -0.0206721
-0.1875  -0.112431
-0.03125  0.0362812
0.125  0.0473924
0.03125  -0.162943
-0.28125  -0.0209588
-0.1875  -0.182757
0.15625  0.0516066
0.09375  0.125215
-0.03125  -0.1752
-0.125  -0.120631
0  0.00917957
-0.03125  -0.0547165
0  -0.0755449
0.03125  -0.048666
-0.09375  0.10075
0.0625  -0.0252659
-0.125  -0.197669
-0.09375  -0.212869
0.0625  0.155161
0.03125  0.157028
-0.03125  -0.197826
0.0625  0.21747
-0.03125  0.0814867
0.0625  -0.0724943
0.03125  -0.0961211
-0.09375  0.105052
0  -0.167219
0.21875  -0.121768
0  0.0556442
-0.03125  -0.0708438
0.28125  0.0428656
0.09375  -0.247715
-0.03125  0.072108
0.03125  0.0730313
0.1875  -0.0670704
0  -0.0288712
0.09375  0.0484758
0.09375  0.021561
-0.21875  -0.0706245
0.125  -0.0183769
-0.1875  -0.0914317
0.25  0.0845223
0  0.0724752
0  -0.0463074
0.03125  -0.21031
0  -0.146427
0.125  -0.104998
-0.0625  0.0468566
-0.03125  0.0435257
0.21875  0.0814042
0.125  -0.108455
-0.0625  0.143465
0  -0.0588846
-0.1875  -0.0861826
-0.0625  0.00340609
-0.125  0.0119475
0.03125  0.0767103
0.0625  0.0344656
-0.1875  -0.0522688
0.09375  -0.109598
-0.03125  -0.104493
-0.125  -0.190028
-0.125  0.224996
0  -0.175139
0.21875  0.0252726
0  0.0946012
-0.125  -0.332624
-0.09375  0.180224
-0.1875  -0.00626203
0.0625  0.137381
-0.125  0.078659
0.09375  -0.103674
0.0625  -0.116751
-0.1875  0.0911216
-0.15625  -0.0588778
0.15625  -0.167323
0.1875  -0.337402
-0.15625  -0.00815746
0.15625  -0.113157
-0.03125  0.141573
-0.125  0.0322317
-0.125  -0.140564
0.125  -0.0714669
-0.09375  0.0150009
-0.125  -0.226314
-0.03125  0.0257971
0.0625  0.14766
-0.0625  -0.172642
-0.0625  0.0231951
0.0625  -0.0879259
-0.03125  -0.116096
-0.03125  -0.152702
-0.0625  -0.0547875
-0.25  -0.0120072
-0.125  0.125541
0.125  -0.169435
-0.09375  0.117908
-0.15625  0.0923924
0.15625  0.158117
-0.125  -0.117086
0.0625  -0.205594
-0.125  0.118684
-0.1875  -0.190905
0.03125  0.163719
-0.125  -0.116873
0.21875  -0.0333754
0.125  0.119046
0.09375  -0.0322945
-0.0625  -0.0787058
-0.15625  -0.0498119
-0.125  0.00148138
0.125  0.0422039
0.125  -0.237622
-0.03125  -0.0857509
-0.03125  -0.08922
0.21875  -0.230214
-0.09375  -0.0347348
-0.0625  -0.0242055
0.15625  -0.0790894
-0.0625  -0.275964
0.15625  -0.00682871
0.15625  -0.150787
0  0.0189278
0.21875  -0.110285
-0.25  -0.117103
0.0625  -0.170628
-0.1875  -0.0324017
-0.09375  -0.144595
0.1875  0.0249386
-0.25  -0.184252
0  -0.0949799
0.0625  -0.104413
0.15625  -0.268368
0.0625  -0.109976
-0.0625  -0.0848927
0.09375  -0.0847366
0.15625  -0.126247
0.03125  -0.120691
-0.03125  -0.000362515
0  0.0843592
0.15625  -0.131444
0.0625  -0.0670349
-0.0625  -0.25983
-0.09375  -0.0488881
-0.09375  0.0727123
0.125  0.229051
0.125  0.126853
-0.1875  0.185
-0.09375  -0.0221131
-0.1875  -0.328451
0.0625  -0.171866
0.03125  -0.21233
0.03125  -0.147363
-0.0625  -0.050148
0  0.0446538
0.09375  0.0987722
-0.03125  -0.0478874
-0.125  0.0149762
0.0625  -0.0139406
-0.21875  -0.10913
0  0.0586976
-0.28125  -0.0768572
-0.21875  -0.0261033
-0.03125  -0.0431612
-0.125  -0.139252
0.03125  -0.18098
0  -0.147615
0.125  0.222503
0.03125  0.0789862
0  0.167915
0.0625  -0.0795314
0.03125  -0.136034
0.09375  -0.0128543
-0.15625  -0.165302
0  -0.151532
-0.03125  -0.120957
0.34375  -0.0724091
-0.09375  -0.0441736
0.28125  -0.0620545
-0.0625  -0.102437
-0.15625  0.00554259
0.1875  0.081121
0.125  0.115264
0.09375  -0.114469
0.21875  -0.104058
-0.09375  -0.147343
0.0625  -0.0883926
-0.0625  0.0666425
0.0625  -0.211468
-0.03125  0.145346
-0.03125  -0.283009
0.375  -0.0445272
-0.03125  -0.283706
-0.125  0.172976
-0.0625  -0.275331
-0.0625  -0.0794391
-0.125  -0.0327823
-0.15625  -0.253529
0.1875  0.0366099
-0.125  -0.138412
-0.125  -0.219816
-0.03125  -0.0748879
-0.15625  -0.216009
-0.09375  -0.0436969
0.09375  -0.0154037
0  -0.22787
0.15625  -0.0784082
-0.125  -0.180179
-0.0625  0.0600037
-0.125  -0.303226
0.0625  -0.259551
-0.125  -0.0178002
0.125  0.185626
-0.03125  -0.0370324
0.09375  -0.264843
0.1875  0.0223307
-0.1875  -0.283112
-0.09375  -0.165101
-0.125  -0.16498
-0.09375  -0.248068
-0.03125  0.00187034
-0.125  0.0129066
0  0.0268949
0.15625  0.0557955
-0.03125  -0.149947
-0.03125  -0.0149578
0.25  0.1097
0.0625  0.0303006
0.125  -0.146184
-0.1875  -0.208465
0  0.118175
-0.0625  -0.0669101
0.125  -0.169102
-0.03125  -0.0847606
-0.25  -0.283698
-0.03125  -0.0363246
-0.03125  -0.168969
-0.09375  0.238399
-0.21875  -0.256206
0.03125  -0.0414496
-0.25  -0.13235
0  -0.278491
-0.1875  -0.120508
-0.0625  0.0742526
-0.15625  -0.231934
0.03125  -0.32462
0.0625  -0.313584
0.09375  -0.0102779
-0.25  0.100853
-0.1875  -0.00429175
-0.15625  0.0590045
-0.15625  -0.0229287
0.09375  -0.0476345
0  0.00877253
-0.09375  -0.137207
0.09375  0.0570766
0.1875  -0.115383
0.03125  -0.101695
0.0625  -0.0616576
0.09375  0.109321
0.09375  0.151503
-0.0625  -0.0943002
-0.09375  -0.0159322
0.1875  -0.202662
0.09375  -0.22079
0.0625  -0.112176
-0.03125  0.00453624
0.125  0.111905
0.15625  -0.0223507
-0.03125  -0.0771007
-0.09375  -0.131972
-0.125  -0.0369958
-0.0625  -0.058345
-0.03125  -0.051782
0.15625  0.0473382
0.15625  0.0990713
0.0625  0.0557828
0.125  0.0254905
-0.15625  -0.0234865
0.0625  0.105859
-0.1875  -0.203173
-0.25  0.00538899
0.28125  -0.0183475
-0.0625  0.0700228
-0.03125  0.0156505
-0.03125  -0.0961977
-0.03125  -0.0212463
-0.03125  0.0619165
-0.09375  0.0840628
-0.03125  -0.150203
-0.15625  0.146054
0.09375  -0.0133782
-0.15625  -0.0640399
-0.1875  -0.216983
-0.0625  0.0719095
0.0625  0.105471
-0.21875  -0.217912
-0.15625  -0.154585
0  -0.324995
0.25  -0.0451894
-0.09375  -0.0710766
0  -0.178185
0.09375  0.0636532
0.1875  -0.12307
-0.21875  -0.217502
0.15625  -0.175367
-0.0625  -0.0508522
0.0625  -0.0161878
0.15625  0.182591
-0.03125  -0.0668087
-0.03125  -0.190909
0.03125  0.174961
-0.15625  0.0766257
-0.15625  -0.328613
0.15625  -0.00864113
0  -0.117209
0.03125  -0.0440227
0.0625  -0.0132316
-0.03125  -0.145974
-0.09375  -0.0181292
0  0.0253776
-0.1875  -0.1773
0  -0.026189
-0.1875  0.127081
0.09375  -0.131865
0.03125  -0.0147133
-0.34375  -0.171994
0.03125  -0.0224333
-0.03125  -0.0426287
-0.03125  -0.00794897
0.0625  0.0527589
0.125  -0.0108534
-0.03125  -0.0456819
0.03125  -0.123362
-0.03125  -0.139264
0.28125  -0.0728207
0.15625  0.196462
0.03125  -0.116754
0.03125  -0.0190791
-0.125  -0.296808
0.0625  -0.188958
-0.0625  0.0254977
0  -0.0848819
0.1875  0.0331477
-0.03125  -0.258941
0.125  -0.143843
-0.03125  0.12317
-0.125  -0.141892
0.125  -0.0743375
-0.21875  0.122913
0.0625  0.017996
0  -0.348347
-0.09375  0.0223384
0  -0.0228363
-0.03125  -0.114378
-0.03125  0.0804738
0.03125  -0.0789867
-0.1875  0.0458069
-0.09375  -0.169674
0.03125  -0.00111102
-0.03125  0.0552682
0  0.282463
0.15625  -0.0962267
0.0625  -0.113509
-0.03125  -0.04961
-0.0625  -0.138343
-0.09375  -0.0996627
0.09375  -0.275039
0.03125  -0.105338
0.09375  -0.0680485
-0.15625  -0.0910234
-0.0625  -0.0659983
-0.125  -0.00459258
0.1875  0.0959424
0.1875  -0.249572
-0.0625  0.00940113
-0.03125  -0.114777
0.03125  -0.0467977
-0.0625  -0.14828
-0.21875  -0.0670287
0.125  0.120002
0.25  0.0661236
-0.21875  0.0620587
0.09375  0.112229
-0.09375  0.0531628
-0.09375  -0.333598
0  0.0202754
-0.1875  0.0134609
0.15625  -0.161171
0.28125  -0.13959
-0.125  -0.0707371
-0.09375  -0.448659
-0.03125  -0.256184
-0.125  0.0944309
-0.03125  -0.0810401
-0.03125  -0.227956
-0.125  -0.0710462
-0.09375  -0.134654
0.125  -0.0357678
0.125  -0.115921
-0.0625  -0.194589
-0.0625  0.0344898
0.0625  -0.0309067
-0.09375  0.0140173
0.09375  0.0359293
0.125  0.0615966
-0.0625  0.0264741
-0.09375  -0.0636808
-0.1875  0.024286
0  0.00819076
-0.03125  0.0208464
0.09375  0.197491
0.1875  -0.12648
-0.21875  -0.00618504
0.15625  -0.000594665
0.03125  0.0577707
0.125  0.0391133
0.0625  -0.226528
0.09375  -0.0316407
-0.28125  0.0968003
-0.28125  -0.0438714
0  -0.114618
0.21875  0.0205477
0.0625  -0.181014
-0.15625  -0.0488631
0.15625  -0.0545613
0  -0.126373
-0.03125  -0.0560958
0  -0.238434
-0.15625  -0.189902
-0.125  0.145909
-0.1875  0.0100682
-0.03125  0.209018
0.03125  -0.0844299
0.125  -0.214143
0.3125  -0.0518596
0.03125  -0.147952
0.09375  0.0219218
-0.0625  -0.0016053
-0.125  -0.0274742
-0.09375  0.137582
0  -0.0991513
-0.03125  0.0205594
-0.03125  -0.221198
0.125  0.106503
0.0625  -0.0563848
0.03125  0.0556682
0.0625  -0.129461
-0.21875  -0.139759
0.1875  -0.0113294
-0.03125  -0.0361327
0.125  -0.185345
0.0625  -0.180059
0  0.0216024
0.21875  -0.125481
0.03125  0.129074
-0.0625  -0.0129318
0.15625  0.00178806
0  -0.00482684
0  0.0366098
0  0.0964592
-0.09375  -0.0697894
-0.0625  -0.179296
0  -0.000580816
-0.03125  0.0282924
-0.125  0.0697144
-0.09375  -0.124462
0.03125  -0.0166651
-0.15625  -0.0560616
0.125  -0.076364
-0.1875  -0.158992
0.09375  -0.186201
0.15625  0.254332
0.0625  -0.417497
0.09375  -0.185104
0.0625  0.236925
0.0625  0.0763495
0.1875  0.101171
0.03125  -0.149416
0.21875  -0.0432508
-0.15625  0.00252064
0  -0.220603
-0.0625  -0.00130719
0.25  -0.126887
0  0.110875
0.03125  0.0232699
0.1875  0.00739711
-0.03125  -0.182969
-0.15625  -0.21398
0.09375  0.03223
0.0625  0.00609269
0.09375  0.0336473
0  -0.13815
0.1875  -0.0620204
0.0625  -0.108401
-0.21875  0.110127
0  0.0783746
-0.0625  -0.0616472
0.1875  -0.11355
0.09375  -0.0933166
0.15625  -0.0770529
-0.09375  -0.108039
-0.21875  0.0873915
0.03125  -0.110903
0  -0.10636
0.25  -0.0116149
-0.09375  -0.12901
0.125  -0.074919
-0.09375  -0.109985
0.09375  -0.147298
-0.15625  -0.0243396
-0.15625  0.0199599
0.03125  0.103938
0  -0.0829921
0.21875  -0.0924575
0  -0.309551
-0.15625  -0.179872
0  -0.0439361
0.03125  -0.0874375
-0.03125  0.129433
0.125  0.179699
0.15625  0.197697
0  -0.147781
-0.09375  0.00319762
0.1875  -0.0613821
0  0.0181136
0.03125  0.00709577
0.125  -0.254453
-0.0625  -0.104724
0  -0.0737559
0.1875  -0.0353753
-0.125  0.010241
0  0.038157
0.09375  -0.0987138
0.03125  0.0697927
0.0625  -0.198892
0.09375  0.00322075
-0.25  -0.184851
-0.125  -0.0405151
-0.0625  0.00607151
0.125  -0.350016
0.03125  -0.268397
0.09375  -0.060727
0.0625  -0.289224
0.03125  -0.0696431
0  -0.0427583
0.03125  -0.10901
-0.125  0.0107638
0.15625  -0.19271
-0.1875  -0.175792
0  -0.0782601
0  -0.109557
-0.09375  0.02197
0.1875  -0.0142396
0  -0.0452458
-0.09375  0.0881914
-0.09375  -0.0642521
0.125  0.0653661
-0.0625  0.0461983
-0.1875  -0.256851
0  -0.00677133
-0.0625  0.0247596
-0.125  -0.11065
0  0.0846969
0.09375  -0.00351363
0.0625  -0.089664
0  -0.0443795
0.21875  -0.0134287
-0.03125  -0.10259
-0.1875  0.0513748
0.1875  -0.132399
0.15625  0.127351
0.125  -0.135519
0.03125  0.0723178
0.03125  -0.0521481
0.0625  -0.0957418
0  0.169
0.03125  -0.129113
0.09375  0.0121152
0  -0.270714
-0.125  0.0487214
0.0625  0.00665604
0  -0.154783
0.03125  -0.00261315
-0.1875  -0.0234874
-0.0625  0.0251362
0.0625  -0.0120343
-0.09375  0.059552
0.0625  -0.12
-0.125  -0.0910093
0  0.0686941
-0.3125  -0.0412562
0.0625  0.0646854
0.09375  -0.0735651
0.125  0.0096231
0.09375  -0.067354
-0.09375  -0.00725382
0  -0.140986
0.125  0.0206195
-0.03125  0.0556215
0.0625  0.0114565
-0.0625  -0.0932438
-0.1875  -0.040701
0.0625  -0.0885907
0.15625  0.0642643
0  0.0167569
0.0625  0.000125553
-0.03125  0.184752
0.03125  0.00747075
-0.03125  -0.0156497
0  0.127904
-0.09375  -0.0228692
0.09375  -0.0407677
-0.125  0.0948075
0.25  0.034309
-0.15625  -0.000915389
-0.03125  0.0246584
-0.03125  -0.00294561
-0.03125  -0.130476
-0.21875  -0.145794
-0.125  -0.116654
-0.03125  0.233974
-0.09375  -0.254619
0.03125  0.0273444
0.0625  -0.310055
0.25  -0.0131193
0.1875  0.282754
-0.03125  0.0991009
0.03125  -0.0694396
-0.1875  0.0253361
-0.03125  -0.150106
-0.03125  -0.148188
0.125  0.131865
0.25  -0.247392
-0.03125  -0.084321
0.03125  -0.126131
0.15625  -0.0313977
-0.0625  0.0258327
-0.03125  -0.367934
-0.03125  0.072916
0.15625  0.00413017
0.0625  -0.130828
-0.125  -0.115573
0  -0.10207
0  0.0487895
-0.3125  -0.0276621
-0.0625  0.0158261
-0.09375  -0.0184523
-0.09375  0.0945554
0.09375  0.188085
0.21875  0.13162
0  -0.210017
-0.03125  -0.190448
0.09375  0.00727202
-0.09375  -0.0288997
0.03125  -0.0979915
-0.0625  -0.206998
0.1875  -0.0945157
0  -0.0421977
-0.1875  0.216532
0.03125  -0.161694
0.15625  -0.000714957
-0.0625  0.0285966
0.03125  0.201571
0.03125  -0.111229
-0.0625  0.0794031
0  0.210233
0.09375  0.0562019
-0.15625  -0.147442
0.09375  0.00502822
0.125  -0.0681069
0.15625  -0.0760577
-0.0625  -0.268049
0.03125  -0.0335887
0.03125  -0.063906
-0.15625  0.0199983
0.09375  0.111265
-0.03125  -0.0995397
-0.0625  -0.0972173
0.125  -0.002262
-0.15625  0.079815
0.1875  -0.0939503
0.125  -0.203753
0.125  0.00289122
-0.125  0.252803
-0.25  -0.198979
0  0.259321
-0.125  0.0356456
-0.15625  0.151231
0.0625  -0.0158691
0.03125  -0.0326948
-0.0625  -0.0233676
0.1875  -0.229795
-0.125  -0.125817
0  -0.0846202
0.0625  -0.227056
0.0625  -0.0678738
-0.09375  -0.12829
-0.0625  -0.152884
0  0.0694581
-0.15625  0.110968
0.03125  -0.019346
0.1875  -0.0881111
0.125  0.0269744
-0.03125  0.0406135
0.09375  0.0943463
-0.25  -0.12685
-0.0625  0.0315881
0.03125  -0.169821
0.1875  0.112715
-0.09375  -0.270472
0.03125  -0.126927
0.1875  -0.183679
0  -0.169996
0.0625  -0.031227
0.1875  0.0335286
0.1875  0.0482042
0.0625  -0.00828199
-0.21875  -0.0974784
0.0625  0.198972
0.03125  -0.180648
0  -0.183938
-0.0625  0.0446191
-0.03125  -0.0499885
-0.125  -0.0717208
0  -0.219558
0.03125  -0.121051
-0.09375  -0.0589017
-0.03125  -0.129437
-0.1875  -0.0470814
0.0625  -0.210645
0.0625  0.0975664
0.0625  -0.0323202
-0.09375  -0.0357004
0.21875  0.116881
0.09375  -0.0860743
0  0.00644179
0.03125  -0.0269778
-0.0625  0.0405493
-0.09375  -0.10336
-0.09375  0.00270054
0.125  0.0492228
-0.03125  -0.122736
-0.15625  -0.0901215
-0.28125  -0.0929201
-0.03125  -0.0138833
-0.03125  -0.0710123
-0.1875  0.0896863
0.09375  0.278785
-0.15625  -0.0230313
-0.09375  -0.0986555
0.09375  -0.0272576
-0.0625  0.0503869
-0.03125  -0.243351
0.03125  0.0560317
0.0625  -0.205941
0.09375  -0.110206
-0.03125  -0.193632
0.1875  -0.121225
-0.03125  0.121644
0.03125  -0.0659971
-0.1875  -0.109451
0.03125  -0.269391
-0.0625  -0.0585918
-0.0625  0.150813
-0.09375  -0.0473509
-0.0625  -0.154235
0.15625  -0.149768
0.21875  -0.0943709
-0.125  -0.401606
0.125  -0.196219
-0.03125  0.0375147
-0.09375  0.0516812
0.03125  -0.234507
0.09375  0.0345107
-0.03125  -0.0724597
-0.25  0.0360526
0.0625  -0.0932613
0.3125  0.119621
0.15625  -0.0770931
0.15625  0.00696784
0.125  -0.115819
0.0625  -0.224601
0.25  -0.0123077
0.0625  -0.0395376
0.3125  0.0450551
0.0625  0.0757877
-0.15625  0.0816001
0.09375  0.0369901
0.0625  -0.100417
0.03125  -0.199226
-0.1875  -0.0564105
-0.1875  -0.106555
-0.21875  -0.0972451
0.1875  -0.0250229
-0.25  0.0359658
-0.03125  -0.0240768
0.03125  0.00213005
0.09375  0.116243
0.21875  -0.044542
-0.03125  0.0435903
0.03125  -0.223158
-0.1875  -0.195889
-0.15625  -0.0601337
-0.0625  0.0481112
-0.0625  -0.322314
0  0.0329255
-0.125  0.0706467
0.0625  0.014294
0.09375  0.0399588
-0.15625  -0.0820086
0  0.100363
-0.09375  -0.246357
-0.28125  -0.0634306
0  0.0480386
0.125  0.0409669
0  -0.301306
0.125  -0.00773857
0.0625  -0.0411751
0.0625  0.261039
0  -0.0329226
0.1875  -0.214269
0.125  -0.198553
-0.21875  0.0749696
0.125  -0.195866
0.09375  0.251653
0  0.0184576
0.09375  0.0879108
0.03125  -0.0721522
0  0.0451065
0.125  -0.199916
0.125  0.190561
-0.15625  0.0875287
-0.0625  0.0465865
0.03125  -0.059049
-0.03125  -0.129052
0.09375  -0.0802051
0.25  -0.0793014
-0.15625  -0.0747227
-0.15625  -0.0908737
-0.0625  -0.170584
-0.03125  -0.0596919
-0.0625  -0.13059
-0.1875  -0.0649252
-0.125  -0.0155903
0.125  0.086988
0  0.100472
0  -0.0364177
0.15625  -0.28337
-0.15625  -0.0715813
0.15625  -0.184958
-0.25  -0.259223
0  -0.0387196
0.15625  -0.134187
-0.125  0.0656738
-0.125  0.0671204
0.25  0.0457667
-0.0625  0.0275345
0.03125  0.199221
0.15625  0.095216
0.28125  0.178689
0.09375  -0.166138
-0.03125  -0.0323488
-0.0625  -0.00203835
-0.09375  0.137951
0.03125  -0.173906
0.03125  -0.0241705
0.28125  -0.221501
-0.15625  -0.0860541
0  -0.0458316
-0.09375  -0.175563
0.1875  0.0985053
-0.25  -0.0801369
0.0625  0.103213
0  -0.164622
0.03125  -0.174779
-0.03125  -0.0779535
-0.03125  0.127159
0.09375  0.192447
0.3125  0.0436246
0  0.0200575
0.15625  0.100231
-0.21875  -0.0758212
0.125  0.221164
-0.0625  -0.167503
-0.1875  -0.0182185
0.09375  -0.0252962
0.09375  -0.23867
0.28125  -0.211875
0.03125  -0.00690991
0.125  -0.0637664
0  0.00963874
-0.09375  -0.209222
0.0625  -0.0135338
0.15625  -0.438699
0.15625  -0.144142
-0.09375  -0.0215591
0.09375  -0.230298
0.03125  -0.200823
-0.0625  -0.204227
0  -0.124843
0.1875  0.0789624
0.03125  -0.107685
0.03125  -0.102869
0.03125  0.00407405
-0.125  -0.241564
-0.1875  -0.012389
0.15625  -0.0258897
-0.28125  -0.0779498
0.0625  0.0905902
0  -0.188536
-0.09375  0.0173242
0.15625  -0.115288
0.03125  0.0940014
0.0625  0.211898
-0.15625  -0.106574
0.03125  -0.0649763
-0.28125  -0.213826
0.125  0.0592602
-0.0625  -0.0976816
-0.0625  0.160092
-0.21875  -0.144133
0.0625  0.135258
-0.09375  -0.158193
0.09375  -0.111955
0.03125  -0.119647
0.03125  -0.235828
-0.03125  -0.1478
0  -0.0273655
0.1875  -0.165864
0.0625  -0.0611408
0.09375  -0.0821325
0.125  -0.0139404
-0.125  -0.0159861
0.1875  -0.0976003
0.28125  -0.109354
-0.125  -0.132461
-0.03125  0.0393582
-0.0625  -0.0794537
-0.03125  -0.202953
0.09375  -0.197488
-0.125  -0.0547831
-0.09375  -0.171416
-0.28125  -0.218404
-0.03125  -0.0285935
0.03125  0.0163857
0.3125  0.00710291
-0.125  0.0441868
0.09375  -0.138556
-0.0625  -0.0692856
-0.25  -0.153685
-0.0625  -0.181344
-0.21875  0.071421
-0.125  -0.107618
-0.125  0.157644
0.03125  0.0533438
-0.28125  -0.148143
0.03125  -0.080595
0  -0.143387
0.0625  -0.112954
-0.0625  -0.197285
-0.03125  -0.0635647
-0.09375  0.0167687
-0.125  0.00953571
-0.0625  -0.0780827
-0.1875  -0.326173
0  0.094525
0.0625  -0.0659551
0.125  -0.125808
-0.15625  -0.294232
-0.125  -0.0305947
-0.03125  -0.0847165
-0.09375  -0.203082
-0.09375  -0.160242
0.15625  -0.0322178
0.0625  0.0262475
-0.03125  0.0374421
0  -0.10789
-0.15625  -0.202277
0.09375  0.103562
0.03125  0.0398707
0.0625  -0.0344567
0  -0.143449
-0.0625  -0.0646025
0.125  -0.138753
-0.125  -0.139475
-0.125  -0.0687445
0  0.222112
0.09375  -0.12207
-0.03125  -0.0351804
-0.03125  -0.172583
0.28125  0.14043
0.03125  -0.0434985
0.0625  0.0291589
0.03125  -0.1895
0.09375  0.236878
0.0625  -0.202007
-0.15625  -0.142864
-0.1875  -0.0900599
-0.0625  0.0661337
0.15625  -0.18365
-0.03125  -0.0462185
-0.09375  -0.2294
-0.125  0.183887
0.09375  -0.0208536
0.03125  -0.319007
-0.125  0.119656
0.28125  -0.198748
0.09375  -0.0815237
-0.09375  -0.121618
-0.0625  -0.217801
-0.125  -0.0647949
-0.03125  -0.229786
-0.0625  -0.162409
-0.0625  0.0510246
-0.03125  -0.105771
0.03125  -0.141722
-0.15625  0.052064
-0.03125  -0.123833
0  -0.277375
0.125  0.0794406
0.03125  0.0159833
0.09375  0.116709
-0.125  0.0739277
-0.09375  0.0317433
-0.21875  0.0404249
0.09375  0.203253
-0.0625  -0.223192
-0.15625  -0.179968
0  -0.121426
0.125  0.130811
0  0.0158039
0.15625  -0.110268
-0.03125  0.0119327
0.0625  -0.00224911
0  -0.185144
0.09375  -0.0692204
0  0.1555
0  0.0798372
0.0625  0.0285141
0  0.0269692
0.25  -0.0132834
-0.21875  0.157505
-0.15625  0.0689778
0.1875  0.0926025
-0.125  -0.00135178
0  0.12155
-0.0625  -0.0342728
-0.15625  -0.187045
0.21875  -0.0484976
0  -0.219749
0  0.109306
0  -0.198941
0.1875  0.0620547
0.09375  0.0454567
0  -0.144918
0.3125  0.0155494
-0.09375  -0.0198123
0  0.09809
-0.21875  0.126433
-0.03125  -0.114849
0.125  0.102742
-0.0625  -0.0341254
0  0.198286
-0.0625  0.115186
0.0625  0.0616889
-0.125  -0.0969188
-0.1875  -0.174572
0.09375  -0.0550973
0  0.0399013
-0.03125  -0.0463404
0.0625  0.00323319
-0.03125  0.0801132
0  -0.0241516
0  0.0721993
0  0.172465
-0.0625  0.133126
-0.125  -0.0357776
-0.1875  -0.131543
0  -0.00375224
-0.0625  -0.0181586
0.1875  -0.153111
-0.03125  -0.042221
-0.0625  0.0963386
0.125  0.0328579
-0.125  0.137739
-0.03125  -0.163703
-0.03125  -0.239882
0.1875  0.0283057
-0.125  0.0737285
0.03125  -0.00806807
0.28125  -0.191664
0.0625  0.014589
-0.1875  -0.00849127
0.09375  -0.0411667
-0.125  -0.168327
-0.1875  -0.0339664
0.21875  -0.041752
-0.1875  -0.0357475
0.03125  0.133977
0.09375  -0.0258877
0.15625  0.127316
0  -0.120684
0.21875  -0.223365
-0.25  -0.264846
0.125  -0.0738246
0.0625  0.162258
0  0.100489
0  -0.249296
-0.03125  -0.0491898
-0.03125  0.0798164
-0.21875  -0.0222061
0.0625  -0.125359
-0.125  0.0115326
-0.125  0.14851
-0.28125  -0.199405
0.09375  -0.107279
-0.0625  -0.0577055
0.0625  -0.136668
0.28125  -0.0581059
-0.125  -0.12935
-0.125  -0.071339
0.0625  -0.147758
-0.25  -0.0654
-0.0625  0.103653
-0.09375  0.0524027
0.15625  -0.200995
0.125  -0.0419797
0.21875  -0.183188
0.09375  -0.134403
0  -0.0590567
0.1875  0.0253312
0.125  0.0838243
0.15625  0.0742633
0.1875  -0.243779
-0.0625  -0.111794
0  -0.153849
-0.09375  0.0189779
-0.03125  0.148677
0.21875  -0.104247
-0.15625  0.120704
0.15625  -0.151382
0  -0.115548
0.09375  -0.107934
-0.03125  0.105102
-0.0625  0.00966523
0.03125  -0.067792
-0.0625  -0.232374
-0.03125  -0.107981
0.09375  -0.0765008
-0.09375  -0.101953
0.03125  -0.0590878
0.3125  -0.0160951
-0.21875  -0.0388457
0.09375  -0.0375887
0.09375  0.159208
0.03125  0.00673022
-0.03125  -0.162231
0.03125  0.00269651
0  -0.165549
-0.09375  -0.0341762
-0.09375  -0.130756
0.03125  -0.0304572
-0.09375  -0.0505279
-0.125  -0.157485
0  0.0414521
0.03125  0.278044
-0.09375  -0.038644
0.03125  0.147683
-0.25  0.0146997
0.03125  0.13594
0.09375  -0.00504001
-0.09375  -0.0140804
0  0.0803966
0.125  -0.0820289
0.03125  0.125257
-0.3125  -0.0968455
0  -0.174485
-0.09375  -0.110825
-0.28125  -0.160619
-0.125  -0.137323
0.15625  0.0841813
-0.0625  0.0631003
-0.125  0.164317
0  -0.0576831
0.28125  -0.145682
-0.15625  -0.00907765
-0.0625  -0.124155
-0.21875  0.00419878
0.09375  -0.0714476
-0.09375  -0.157935
-0.0625  0.0085629
0  -0.014466
-0.09375  0.00525288
0.1875  -0.0190039
-0.25  -0.0685131
0  0.0165298
0.21875  0.164062
0.125  -0.0216202
0.125  -0.219718
-0.25  -0.298011
0.15625  -0.0641523
-0.0625  0.0758616
0.25  -0.211703
0.0625  -0.0834926
-0.0625  -0.00564818
0.03125  -0.066436
-0.1875  -0.115111
0.21875  -0.0903847
0.03125  -0.0701335
0.09375  0.209027
-0.03125  0.0671111
0.21875  -0.0175712
0  -0.0581965
0.03125  -0.116674
-0.03125  0.00851829
-0.15625  -0.0948264
-0.09375  -0.0524865
-0.03125  -0.132901
0  -0.303879
-0.21875  0.0581618
-0.15625  -0.0991023
-0.1875  -0.039322
-0.21875  0.0388059
-0.0625  0.224093
-0.03125  -0.198476
-0.15625  0.0650414
0.25  0.0591674
-0.03125  -0.0687772
0  -0.0294205
0  -0.216626
-0.03125  -0.0961467
-0.125  -0.0902384
0.0625  -0.0556154
0  -0.0610578
0.03125  0.089504
0.03125  -0.107021
-0.1875  -0.00734822
0.09375  -0.100008
0.28125  -0.00152315
-0.1875  -0.447364
-0.125  -0.1556
0.125  -0.175413
0.03125  -0.280985
0.09375  0.00073426
0.03125  0.000630059
0.03125  -0.0980299
0.1875  -0.0029795
0.0625  0.0103245
0.15625  -0.0617821
-0.0625  0.248504
0.0625  0.25649
0  -0.185089
0.1875  0.0614218
0.125  0.0533885
-0.0625  0.0987526
0.0625  -0.0783547
0.1875  -0.0217226
0.03125  -0.05681
-0.03125  -0.174233
0.0625  -0.153759
0.125  -0.0405213
-0.03125  -0.169033
-0.1875  -0.2123
-0.03125  0.148325
-0.09375  0.04585
0  -0.0156101
-0.25  0.204111
-0.03125  -0.0597447
-0.0625  -0.18734
0.0625  -0.0731858
0.15625  0.129862
0.125  -0.177918
-0.15625  0.008927
-0.125  -0.130556
0.21875  -0.254186
0.125  0.0753772
0.0625  0.0823284
0  0.304892
-0.21875  -0.148485
0.25  -0.171771
-0.0625  -0.0406742
0.125  -0.257389
-0.1875  -0.125867
-0.1875  0.00849977
-0.09375  0.0104648
0  -0.1653
0.1875  -0.0300277
0.03125  0.0436789
0.1875  -0.090381
-0.15625  0.0736877
0.125  -0.141309
-0.25  -0.0932672
-0.03125  -0.12316
0.03125  -0.0304165
0.25  0.00538622
-0.03125  0.239611
0  0.00473606
0.28125  0.0687469
-0.09375  -0.108267
0.03125  0.00130739
-0.15625  0.0184664
0.0625  0.179213
0.125  0.0189479
-0.15625  -0.154198
0.0625  0.0346365
0.09375  0.0303944
0.03125  -0.103805
-0.1875  0.0723762
0.0625  0.025256
-0.125  -0.30947
-0.0625  -0.0180801
-0.15625  -0.0711821
-0.0625  0.0863301
0.03125  -0.0800973
0.09375  -0.155541
0.125  -0.022856
0.0625  0.0711308
0.09375  0.120516
-0.15625  -0.251056
-0.0625  0.163545
-0.125  -0.140141
0  -0.112766
-0.09375  0.0420982
0.09375  -0.0646822
0.03125  -0.239002
0.03125  -0.215438
0.0625  -0.120306
0.15625  0.0811337
-0.125  -0.0771572
-0.03125  0.110794
0.09375  -0.137385
-0.09375  -0.122861
0.03125  -0.168473
0.15625  -0.226956
0.1875  0.0216457
0.0625  -0.138109
-0.09375  -0.0412522
0.0625  -0.206986
0.0625  0.0230499
-0.1875  -0.148869
0.15625  0.146272
-0.125  -0.0104172
-0.15625  -0.0793556
-0.125  -0.158744
0.125  0.134918
0.125  0.11684
0.0625  -0.185039
0  0.0511052
-0.03125  -0.149075
-0.09375  -0.0806026
-0.03125  -0.072677
0  -0.0993505
-0.0625  -0.0541069
-0.0625  -0.0131466
0.21875  0.088671
0.125  -0.107027
0  0.0254941
-0.15625  0.0657298
0.1875  -0.0630752
0.125  -0.0130198
-0.0625  -0.0575133
0.0625  0.127387
-0.03125  -0.153251
0.03125  0.0069406
0.0625  0.0295651
0.21875  -0.0931027
0.03125  -0.0666252
0.09375  -0.0749616
-0.03125  -0.0486684
-0.03125  -0.0670835
-0.03125  0.162144
-0.0625  0.00794374
0.09375  -0.0628567
0  -0.0484916
-0.09375  -0.0782611
0.25  -0.0248464
0.03125  -0.092939
0.0625  0.148326
-0.03125  -0.18247
-0.0625  -0.20135
-0.0625  0.166336
0.125  -0.0603825
0.1875  0.067961
-0.03125  0.0326044
-0.15625  -0.143553
0.125  -0.0385968
0.125  -0.265191
-0.03125  -0.031431
0.15625  -0.143835
0  -0.0373469
0  0.0649785
0.09375  0.196796
0.09375  0.265135
0.21875  0.0804194
0.15625  -0.0213576
0.28125  -0.0707845
-0.0625  -0.214176
0.15625  -0.14
0  -0.11302
0.1875  -0.166892
0.0625  -0.184714
0.21875  -0.0553898
0.125  -0.0526874
0  0.109502
-0.0625  0.00284411
0.03125  -0.205679
0.03125  -0.037666
-0.125  -0.0753473
0  0.057431
0.03125  -0.220522
-0.25  0.194157
-0.03125  -0.104115
0.34375  -0.249075
0.15625  -0.164131
0.03125  0.0290172
-0.1875  -0.0453199
-0.03125  -0.150609
-0.03125  -0.115023
-0.09375  -0.0538683
0  -0.246724
0.09375  -0.201325
-0.15625  0.163451
-0.03125  -0.00490672
-0.0625  -0.11589
-0.03125  -0.0979765
-0.0625  0.11853
0.03125  -0.0313441
-0.0625  -0.127402
0.09375  0.138801
0.21875  0.00254642
0.09375  0.00441517
0.125  -0.234094
0.0625  -0.275904
0.09375  0.0187474
-0.21875  0.0459257
0.1875  -0.132449
-0.0625  -0.238082
0.09375  -0.107898
-0.15625  -0.0957754
-0.09375  -0.125302
0.125  -0.0977416
-0.03125  -0.0882973
-0.0625  -0.0883601
0.03125  0.0192999
-0.375  -0.0214545
-0.0625  -0.0416873
-0.15625  0.196247
-0.125  -0.107216
-0.1875  -0.137128
0.125  0.0378301
-0.03125  -0.167893
0.0625  -0.0850629
-0.1875  -0.122245
-0.03125  -0.204346
-0.03125  0.0358972
0.09375  -0.176449
0.1875  0.0502705
0.0625  -0.274251
-0.0625  0.0479663
-0.03125  0.0413346
-0.1875  0.0853514
-0.15625  0.0394109
0.125  -0.0423958
-0.0625  0.00620996
0.15625  -0.0203778
-0.125  -0.147447
-0.125  0.204214
0.15625  -0.262855
0  -0.0532259
-0.34375  -0.0849678
-0.125  -0.179167
0.125  0.0943145
0.25  -0.314624
0.0625  -0.103532
0.1875  0.0371613
-0.0625  0.0143754
-0.34375  -0.161982
-0.15625  -0.12825
0.09375  -0.0215107
-0.1875  -0.0609652
0  -0.0626454
0.03125  -0.0597738
-0.03125  -0.014597
0.125  -0.133756
0.0625  -0.00675104
-0.09375  -0.043002
0  -0.11263
-0.15625  -0.174259
-0.03125  -0.0781225
0.0625  -0.0478597
-0.0625  -0.146525
-0.15625  -0.0382062
-0.03125  -0.113726
-0.03125  -0.086913
0.09375  -0.00764228
-0.0625  -0.0989148
-0.0625  0.0276949
-0.1875  -0.134259
-0.0625  0.0707143
-0.0625  -0.00876915
0.03125  -0.289573
0.0625  0.0316917
-0.03125  0.0312148
-0.125  -0.00960916
0.15625  0.123734
-0.125  -0.013248
-0.03125  0.0795622
0  -0.0406709
0.15625  -0.00299056
-0.03125  0.143859
-0.0625  -0.00911848
0.125  -0.115632
0  0.0618767
0.1875  -0.0203032
0.15625  -0.275554
-0.0625  0.0414536
-0.09375  -0.0343896
-0.03125  -0.131189
0.0625  0.0823676
-0.0625  -0.21526
0.0625  0.130894
0.03125  -0.0805141
-0.25  0.150319
0.09375  -0.0359857
0.03125  0.00928395
0.25  0.00272393
0  0.0136107
-0.0625  -0.291295
-0.15625  -0.0163566
0.09375  -0.213884
0.0625  0.100172
0  0.0360191
-0.21875  0.100226
-0.0625  0.0660948
0.3125  -0.152871
0.125  -0.169296
0  -0.130992
0.03125  -0.026716
-0.375  0.0604684
0  0.086093
0.0625  -0.179158
0.21875  0.0013099
-0.125  -0.0119362
0.0625  -0.17706
0.125  -0.150118
0.09375  -0.077821
-0.3125  -0.187939
-0.0625  -0.0402335
-0.09375  -0.17762
-0.1875  -0.328276
0.03125  -0.0936936
-0.03125  0.0504111
0.0625  -0.043578
-0.125  0.0173745
0.1875  -0.0992266
0  0.0312397
-0.09375  0.105141
-0.125  0.208842
0.03125  -0.118967
0.15625  0.0302506
0.21875  -0.149528
-0.09375  -0.242109
0.0625  -0.20034
-0.09375  -0.0474654
0  0.123468
0.125  -0.0550379
-0.125  0.0412537
0.0625  -0.0759722
-0.125  0.033182
-0.25  -0.0209204
-0.09375  -0.1584
0.09375  0.0852048
-0.03125  -0.144663
-0.25  -0.162436
-0.09375  -0.11083
-0.0625  0.0585841
-0.03125  0.0766549
0.1875  -0.174398
0.03125  -0.0444899
0.03125  -0.0296624
0.09375  0.129039
0  -0.250603
0.03125  -0.223551
0  -0.0673326
-0.125  0.119137
-0.0625  -0.211079
0  0.000917586
0.0625  -0.161141
0.15625  -0.200771
-0.125  -0.092717
0.1875  0.00469116
0.03125  0.0553113
0  -0.0374733
0.03125  -0.0278934
-0.1875  -0.325501
0.1875  0.100023
-0.0625  -0.0983297
-0.09375  0.159766
-0.0625  0.13486
-0.0625  0.00203512
0  -0.207342
-0.0625  -0.000369681
0  0.0801275
-0.15625  -0.00779466
-0.21875  -0.204288
0.15625  0.0976763
-0.15625  -0.0921139
0.09375  -0.0572183
-0.0625  -0.241545
-0.03125  -0.0646989
0.0625  -0.01569
-0.09375  -0.102952
0.21875  0.016059
0.15625  -0.0701302
-0.3125  -0.175673
0.09375  -0.238989
-0.03125  -0.129956
-0.21875  0.0103272
-0.03125  -0.0728566
0.15625  -0.00355709
-0.0625  0.156679
0.21875  -0.0108564
-0.125  -0.00104246
-0.125  0.102663
-0.03125  -0.107393
0.03125  -0.049922
-0.25  -0.0333915
0  0.0280069
-0.125  0.0677307
-0.0625  -0.0323114
-0.03125  -0.0203811
-0.09375  -0.114878
-0.125  0.01339
0.125  -0.0819253
0.09375  -0.032356
-0.09375  -0.0621837
-0.3125  -0.220175
0.125  -0.133955
0.03125  -0.212051
-0.03125  -0.275039
0.15625  -0.262033
-0.1875  -0.173053
0.03125  -0.0242195
0.1875  -0.0378786
0.09375  -0.101441
-0.21875  0.0237294
0.125  -0.160351
-0.0625  -0.247382
-0.03125  -0.183827
0.21875  0.040589
0  0.121102
0.125  0.00869533
0.15625  0.115269
-0.09375  -0.0693647
-0.09375  -0.0824304
-0.0625  -0.00234739
0.125  -0.0697105
-0.03125  -0.0771606
0.125  -0.17517
0.03125  0.123491
-0.15625  -0.0937935
0.03125  0.109024
-0.125  -0.239645
-0.03125  0.22609
0.09375  -0.0802107
0.28125  0.10734
0.125  -0.0855311
0.125  -0.166931
-0.09375  -0.140689
0.03125  0.00964099
-0.03125  -0.0153799
0  -0.039363
-0.1875  0.128928
0.0625  0.168902
-0.03125  0.134315
0.125  0.0531275
0.0625  -0.00489426
0.03125  0.0697205
0.09375  -0.119985
-0.0625  0.0650891
-0.0625  -0.0981304
0.21875  0.078522
-0.0625  -0.162546
-0.0625  -0.246598
0.125  -0.0330169
-0.0625  -0.0358821
0  -0.154422
0.0625  -0.202183
0.0625  -0.19355
-0.125  0.17165
-0.1875  -0.18034
0.03125  0.0864675
0.03125  -0.0167428
-0.09375  -0.268356
-0.125  -0.113298
0.03125  -0.293904
0.0625  -0.235967
0.125  0.0328322
-0.125  -0.108849
0.03125  0.215433
0.28125  -0.217745
0.03125  -0.157516
0.09375  0.00484632
0  -0.0464533
0.15625  -0.27792
0.03125  -0.109666
0.1875  -0.0481179
0.09375  0.0611686
0.09375  0.0145971
-0.03125  -0.139109
0.03125  -0.029889
0.03125  0.00653978
-0.0625  0.135484
0.21875  0.0573735
-0.0625  -0.0282684
0.1875  -0.142631
0.3125  0.133928
-0.09375  0.0691674
0.09375  -0.0761309
0.125  -0.111102
0  0.0748479
-0.125  -0.144463
0.25  -0.111961
0.125  -0.0500244
0.03125  0.116454
0.03125  0.0113952
0.0625  0.13864
0.03125  -0.133393
-0.03125  -0.0502211
-0.15625  -0.0938418
0  0.0875394
-0.15625  -0.000661047
0.03125  0.0717619
0  -0.0359576
0.03125  0.0933089
-0.125  0.133938
-0.125  -0.202344
0.09375  -0.0627968
0.03125  -0.0193927
-0.09375  0.00322408
0.25  0.0916436
0.21875  -0.0690716
0.09375  -0.0627671
-0.03125  0.246997
-0.09375  -0.0156761
-0.0625  -0.0298493
0.03125  0.260194
0.03125  -0.0606341
-0.21875  -0.103371
0.125  -0.0119193
-0.15625  0.0996945
0.09375  -0.0211429
0.03125  0.122556
0.15625  -0.0365775
0.25  -0.125368
0.0625  0.178548
-0.03125  -0.0613625
0.125  -0.0473871
0.03125  -0.0419893
-0.21875  -0.0645074
0  -0.0433345
0  -0.146814
0.03125  0.127933
0.03125  0.0180043
0.03125  0.136247
0.03125  -0.240544
0.21875  0.100416
0.0625  -0.033041
-0.1875  0.00670074
-0.0625  0.00731443
0.09375  -0.243996
0.1875  0.170926
0.09375  -0.00122596
-0.09375  -0.0186787
-0.09375  -0.209212
0.28125  -0.039861
-0.0625  -0.00764508
0.03125  -0.0892194
0.0625  -0.104764
0.25  -0.0766396
0.03125  0.0135893
0.125  -0.0978526
0.03125  -0.310113
-0.0625  -0.307488
0  -0.0492957
0.0625  -0.137683
0.15625  -0.137511
0  -0.0612983
0.0625  -0.192178
0.03125  0.0504118
-0.09375  0.0186073
-0.15625  -0.140174
0.09375  -0.114643
0.09375  -0.110552
-0.1875  -0.143057
0.0625  -0.122327
-0.0625  -0.0433934
-0.0625  -0.106033
0  -0.196407
-0.03125  0.00032582
0.09375  -0.0347638
0.1875  -0.0240252
0  -0.0556744
-0.125  -0.18466
0.0625  -0.235283
-0.03125  -0.0336295
0.15625  0.0760112
0.03125  0.0628404
-0.03125  -0.0485013
0.1875  0.130882
-0.15625  -0.0509236
-0.03125  0.0289182
0.03125  -0.090354
-0.09375  -0.258856
0  0.0374784
0.21875  -0.114827
0  -0.030047
0.125  -0.092936
-0.3125  -0.0131523
0.0625  0.0922056
0.25  0.0647316
0.03125  0.241971
0  -0.259067
-0.0625  -0.108592
-0.03125  -0.0571337
-0.03125  -0.0910905
0.03125  0.0638389
0.1875  0.0579862
0.125  -0.172179
-0.125  -0.280961
-0.09375  0.0915792
-0.09375  -0.100926
-0.03125  0.0246837
0.03125  -0.165337
0.25  0.028472
-0.0625  0.152467
0.09375  -0.20854
-0.3125  -0.240284
-0.125  -0.0667471
-0.0625  0.0729789
-0.15625  0.0240261
-0.09375  0.042136
0.375  0.00173034
0.0625  -0.0208954
0.0625  -0.206854
-0.21875  -0.185224
0.09375  0.238965
0.03125  -0.100796
0.03125  -0.0332268
-0.1875  -0.0490275
-0.3125  -0.164127
-0.15625  0.00628246
-0.15625  -0.311432
0.03125  -0.203446
0.15625  -0.036309
-0.1875  0.102869
-0.1875  0.128797
-0.0625  -0.173346
-0.03125  0.0944062
0.0625  0.107293
-0.0625  0.110861
0.03125  0.0946812
-0.0625  -0.199917
-0.03125  -0.168667
0  -0.00698427
0  -0.0960977
0.03125  -0.0834161
-0.09375  0.0463133
0.09375  -0.091692
-0.25  -0.0344766
0.0625  0.0935303
0.125  0.191639
0.15625  -0.32237
-0.28125  0.187029
0  0.0186089
0.03125  -0.0982007
-0.0625  -0.072061
-0.03125  -0.193224
-0.03125  0.135297
-0.125  0.0884034
-0.0625  0.0631838
0.03125  -0.0797223
0.125  0.150622
0.0625  -0.112779
0.15625  0.138269
-0.09375  0.083376
0.03125  -0.0235828
0.1875  -0.0755022
-0.0625  -0.117281
0  -0.139055
0.03125  -0.0165474
-0.1875  -0.160025
0  0.152228
-0.09375  -0.0446731
0.15625  -0.122049
-0.125  -0.0752071
0.0625  -0.252079
0.21875  -0.217897
0  -0.117637
-0.0625  -0.327405
0.15625  -0.213139
0.09375  -0.0475769
0.03125  -0.177835
-0.125  -0.0865835
0.03125  -0.181257
-0.03125  -0.282061
-0.03125  0.0342642
-0.15625  -0.0801272
-0.03125  0.0582968
0  0.0946703
0.15625  0.0914236
0  -0.0141824
-0.15625  -0.111053
0.1875  0.0177651
-0.1875  -0.160112
0.03125  -0.0501435
-0.03125  -0.0781352
0.15625  0.0302729
-0.09375  -0.0742787
0.03125  -0.0209657
0.03125  -0.00279307
0.03125  -0.109303
0.25  -0.156739
-0.03125  -0.107737
0.15625  -0.117519
-0.0625  -0.0638015
0.0625  -0.0881307
0.25  -0.194075
-0.125  -0.0727431
0.0625  -0.27985
0.0625  -0.0662876
-0.03125  -0.162568
0  0.0675634
-0.09375  0.16452
0.125  0.0270077
0.25  -0.129256
-0.03125  -0.110707
0.09375  -0.234658
0.0625  -0.244097
0.125  0.0325789
-0.0625  -0.0444551
0  -0.0701867
0.03125  0.0862523
0.09375  -0.27172
-0.03125  -0.154287
-0.0625  -0.123191
-0.125  -0.167884
-0.09375  -0.0626876
0.125  -0.0686249
0.28125  -0.0567437
0.1875  0.0129496
0.0625  0.0116962
-0.03125  0.0467134
-0.09375  -0.101356
0.0625  0.0154892
-0.09375  0.0388329
-0.125  0.0120429
0.125  0.0396261
-0.0625  -0.134125
0.0625  -0.0190408
-0.15625  -0.229704
-0.15625  -0.203361
-0.0625  0.249385
-0.0625  0.106876
-0.09375  -0.0925999
-0.09375  -0.0881392
0.21875  -0.0297873
0.21875  0.0805637
0.03125  0.0234675
0  -0.127817
-0.28125  0.00092676
-0.0625  -0.10333
-0.09375  -0.0177487
-0.25  -0.131276
0.03125  0.0469782
-0.03125  0.275386
0.09375  0.0340578
-0.03125  0.0748823
-0.09375  -0.182339
0.03125  0.127471
0.28125  -0.155359
0  -0.1688
-0.125  -0.0378577
-0.09375  0.0775479
0.125  0.0276817
0.15625  0.10375
0.1875  -0.0216274
-0.15625  -0.1284
0.0625  0.0543967
0.0625  0.142524
-0.0625  -0.155981
0.09375  0.0311753
0.15625  0.0997646
0  0.0287053
-0.03125  -0.0530817
0.15625  0.0807027
0.09375  0.0400624
-0.15625  -0.067617
-0.09375  -0.13322
0.0625  0.010458
0.0625  -0.0384871
-0.03125  -0.210392
-0.0625  -0.129323
-0.03125  -0.0960626
-0.1875  0.143947
-0.09375  -0.037026
0.09375  0.162355
-0.3125  -0.0585266
0.03125  0.117351
-0.125  -0.102605
0  0.0921202
0  -0.241988
0.03125  -0.0326938
0.03125  0.0396377
0  -0.311276
0.0625  0.0489402
0.0625  -0.0111108
0.15625  -0.0494819
0.15625  -0.049065
0.125  -0.0618919
-0.25  -0.326545
0.03125  -0.0659712
0.0625  0.226065
-0.15625  -0.0629103
0  0.0229193
0.1875  -0.392297
0.09375  -0.108378
-0.15625  0.0766305
-0.09375  0.166323
0.09375  0.173145
0.09375  0.149928
0  -0.0330192
-0.0625  -0.0347873
0.0625  0.0563453
-0.09375  0.0369048
0.03125  0.0825687
-0.0625  -0.123599
0.03125  -0.0466494
0.0625  -0.198989
0.125  0.234164
-0.03125  0.192489
-0.21875  -0.0476167
0.1875  -0.193016
-0.0625  0.0603872
-0.03125  -0.307707
-0.0625  0.0431455
-0.0625  -0.130707
0.03125  0.0472164
0.09375  -0.105478
0  -0.0210632
0.0625  0.0634191
0.09375  -0.100008
-0.09375  0.0503983
0.125  -0.0694462
0.03125  0.044825
-0.0625  -0.191489
0  -0.0576644
0.25  0.0859802
-0.03125  -0.168222
0.09375  -0.0869297
-0.03125  -0.0412398
0.03125  0.0960829
-0.15625  -0.206198
0.25  -0.0697273
0.03125  -0.14951
0.3125  -0.148854
-0.15625  -0.043015
-0.03125  -0.0993539
0.0625  0.109362
0.09375  -0.0355555
0.0625  -0.275042
0.09375  -0.0607742
0.25  0.0184804
-0.125  -0.00303324
0.15625  0.0151506
0.25  -0.0281641
0.0625  -0.194858
-0.21875  -0.16623
-0.15625  -0.0113926
0.15625  -0.184257
0.09375  -0.0704781
-0.125  -0.061091
0.0625  0.18469
0.15625  -0.115712
-0.125  -0.114926
0.15625  0.135673
0.09375  -0.0552579
0.0625  0.0221815
-0.0625  -0.00773534
0.1875  0.122712
0.28125  -0.194735
-0.03125  -0.0141624
0  -0.209894
0.09375  0.0345748
-0.09375  -0.148531
0.0625  -0.0318349
0.1875  -0.0795889
0.25  -0.052387
0  -0.12423
0  -0.0595201
0.0625  -0.0816644
0.0625  -0.301693
0  -0.137316
-0.15625  0.0217993
-0.21875  -0.13149
0.125  0.112156
0.03125  0.114653
-0.0625  -0.0189728
-0.09375  -0.165465
-0.125  -0.10541
-0.09375  0.0694928
0.0625  -0.128833
0.125  -0.00789897
0.28125  -0.0754245
-0.1875  -0.213534
-0.125  -0.0434677
0.0625  -0.190732
-0.0625  0.055277
0.15625  0.0671934
-0.15625  -0.175732
0.0625  -0.138719
0.15625  0.188174
0.0625  -0.0623196
-0.375  -0.307988
-0.125  -0.0220342
0.0625  0.0909942
-0.15625  -0.103942
-0.0625  -0.0525416
0.03125  0.0695777
0  0.0433254
-0.0625  0.0158513
0.125  0.134946
-0.09375  0.0304533
0  -0.0766829
0.1875  -0.180078
0.03125  -0.116418
0.0625  -0.0236055
-0.125  -0.0556149
-0.21875  0.0974346
0  -0.0404
0.0625  -0.0585095
-0.0625  -0.172984
0.09375  -0.0205519
0.09375  -0.169313
0.15625  -0.0703956
-0.0625  -0.183791
0.15625  -0.0904472
0  0.00251222
-0.125  -0.0610805
0.03125  -0.0220762
-0.09375  0.0134565
0.0625  -0.090344
0.125  -0.139951
-0.09375  -0.235843
-0.09375  -0.233666
0.1875  -0.048791
-0.09375  -0.0936874
0.28125  -0.106709
0  -0.0665015
0.09375  -0.111281
0.25  0.0923001
0  -0.137674
0.03125  0.00907689
0.0625  -0.153119
0.1875  -0.256561
-0.28125  -0.101164
-0.0625  -0.385745
-0.09375  -0.0393071
0.15625  0.137876
-0.125  -0.132205
0.03125  0.0668777
-0.28125  -0.138696
0.09375  0.0917242
0.03125  -0.0491313
0.1875  0.144455
0.03125  -0.00578559
-0.125  -0.0374378
-0.0625  -0.307342
0.0625  0.313616
-0.0625  -0.250298
-0.15625  0.0210216
-0.09375  -0.00223441
-0.21875  0.00184112
-0.15625  -0.0419288
-0.09375  -0.101247
0.09375  -0.129143
-0.0625  0.0285562
-0.03125  -0.0851661
-0.09375  0.0771873
-0.09375  0.0437397
-0.125  -0.170948
-0.03125  0.0736149
-0.125  -0.143608
0  -0.0183292
0  0.015229
0.09375  0.0212365
0.0625  0.0601336
-0.15625  0.0476887
-0.28125  0.203321
0.09375  -0.205266
0.125  -0.0927508
0.09375  -0.185858
0.125  0.0368069
-0.0625  -0.0112918
-0.125  0.13934
-0.125  -0.156908
0  0.0415937
0.09375  -0.217113
-0.0625  -0.0939913
0  -0.121417
-0.03125  -0.124824
0.03125  -0.0974746
-0.125  -0.0284585
0.09375  -0.190873
0.28125  0.0890054
0.15625  -0.06144
0.28125  0.0281583
-0.1875  0.0447553
-0.09375  -0.0320389
0.125  -0.020557
0.0625  -0.0396909
0.1875  -0.138609
-0.09375  0.0864487
0.125  -0.0426929
-0.03125  0.210058
-0.0625  -0.125487
0  -0.0444366
-0.09375  -0.142609
-0.0625  -0.293803
0.03125  -0.0647927
-0.03125  -0.259488
0  0.145619
0.03125  0.173978
-0.1875  0.000957472
-0.0625  0.123857
-0.09375  0.0551198
0.09375  -0.0575096
-0.09375  -0.159238
-0.3125  -0.0509924
0  -0.0541096
-0.09375  0.00621415
-0.125  0.177562
-0.0625  -0.205482
-0.1875  -0.144273
0.21875  -0.0193185
-0.03125  0.0056645
0.09375  -0.0412033
0.03125  -0.128494
0.125  0.0362109
-0.15625  -0.078466
0.09375  0.214832
-0.15625  -0.260563
-0.03125  0.139276
0.125  -0.133216
0.125  0.110892
0  0.012875
-0.03125  -0.0557724
0.0625  -0.00452318
0.125  -0.138562
0.09375  -0.110465
-0.15625  -0.0477556
-0.1875  -0.155133
0  0.222147
-0.15625  0.0543243
-0.125  -0.0614175
-0.09375  0.202831
-0.0625  0.211609
-0.09375  -0.068998
-0.0625  0.114571
0.125  -0.0858174
-0.125  0.034507
0.09375  -0.0581879
-0.03125  -0.219437
0.0625  0.0647146
0.21875  0.088205
-0.09375  0.0440902
0.03125  -0.098165
-0.0625  -0.164304
-0.1875  -0.0735413
-0.125  -0.125764
-0.03125  -0.191401
0  0.0226727
0  0.0790202
0.09375  0.0346629
-0.1875  -0.0659305
0  -0.111138
0.0625  -0.217387
-0.09375  0.1098
-0.0625  -0.0695729
0.0625  -0.0691078
-0.03125  -0.269184
0.03125  -0.0231323
0.03125  -0.231399
-0.0625  -0.0233961
-0.125  -0.0800374
0  0.0672508
-0.09375  0.041282
0.03125  -0.044623
0  0.0311839
0.09375  0.121713
0.125  0.086281
-0.03125  0.076588
0.03125  -0.127653
-0.03125  -0.156659
0.09375  -0.160105
0.03125  -0.106631
-0.0625  0.00441539
0.09375  0.191875
0.15625  -0.0730824
0.03125  0.0236469
-0.09375  0.00304171
-0.03125  -0.157811
0.03125  -0.0457661
-0.03125  -0.0709884
-0.125  -0.311711
-0.125  -0.157094
0.21875  0.0337054
-0.03125  -0.13152
-0.1875  -0.0907573
0.03125  -0.0646505
0.21875  -0.114909
-0.03125  -0.181104
-0.03125  0.0349837
-0.0625  0.0652386
-0.125  0.0381092
0  0.175961
-0.03125  -0.126086
0  -0.179895
0.0625  -0.0259009
0.09375  0.0099241
-0.125  0.00822777
0  0.121451
0.15625  -0.0122507
0.09375  -0.17555
0  0.133068
0.0625  -0.139638
0.0625  -0.0656585
0.125  -0.167922
0.25  0.0283122
-0.03125  -0.0134068
0.03125  -0.0868556
0.09375  -0.199167
0.0625  -0.0666781
-0.0625  -0.2224
-0.125  -0.156993
-0.0625  -0.0946864
-0.21875  -0.0385689
-0.03125  -0.180976
-0.0625  0.0254605
-0.09375  0.0194916
-0.03125  0.138741
0.21875  -0.0358398
0.1875  0.190132
0.15625  0.128858
-0.1875  0.00762188
0.09375  0.156408
0.03125  -0.299978
0.03125  0.109906
-0.09375  0.0997468
0.09375  0.0318288
0.28125  -0.0192573
0.0625  -0.121261
0.09375  0.0132435
0.09375  0.0604542
0.09375  0.00298934
-0.09375  0.0276769
0.15625  -0.051082
-0.25  -0.258833
0  0.0697089
0.125  -0.120528
0.1875  0.179614
0.15625  -0.149571
0.0625  0.00193646
-0.125  0.0588015
-0.09375  0.0378694
0.03125  -0.149296
0  0.0520135
0.125  0.0213032
-0.15625  -0.21913
-0.09375  -0.101913
-0.0625  -0.00853202
-0.15625  -0.071071
0.03125  -0.153407
-0.09375  -0.0512078
-0.09375  0.0211586
-0.125  0.110672
0.0625  0.069279
-0.28125  -0.0459639
-0.125  0.0585194
0.3125  -0.0833768
0.0625  0.0260141
0.21875  0.0442508
-0.09375  -0.150364
-0.125  -0.0993187
-0.15625  -0.0822612
0.03125  -0.131937
0.0625  -0.223085
-0.21875  -0.0176661
0.0625  0.0132687
0.03125  -0.0820914
-0.0625  -0.0375793
0  -0.167677
-0.03125  0.0269396
0.125  -0.041993
-0.0625  -0.120228
0.0625  -0.0944515
0  0.0111982
0  0.0342035
0.125  0.00634719
0.0625  -0.00493734
-0.1875  -0.125677
0.09375  -0.0341613
0  0.108842
-0.125  0.156582
0.09375  -0.0727719
0.125  -0.00847284
0.09375  -0.0607911
-0.09375  0.0513923
0.03125  -0.210418
0  0.0862031
-0.0625  -0.154809
0.125  -0.0236279
-0.03125  -0.0853841
0.03125  -0.13649
-0.0625  -0.178981
0.15625  0.0183166
-0.15625  0.0796196
0.03125  0.0366215
-0.09375  -0.148991
0.28125  -0.0428308
-0.03125  -0.243914
0.09375  -0.0445938
0.125  0.138839
0.125  -0.148256
-0.09375  -0.132972
-0.03125  -0.319599
0.28125  0.142187
0.09375  -0.142966
-0.125  0.132481
0.0625  0.102729
-0.03125  -0.25464
-0.03125  -0.0231371
0  0.0259949
-0.0625  0.120576
0.21875  -0.0478215
0.1875  -0.0739182
0.09375  0.0838546
-0.03125  0.0180022
0.03125  0.0598761
-0.21875  -0.337704
-0.125  0.0099116
0.0625  -0.14776
0.0625  -0.0264055
-0.0625  0.0296731
-0.125  -0.109083
-0.03125  0.0436073
0.125  0.0746682
-0.0625  0.00644366
0  -0.0197596
-0.0625  -0.0446681
0.21875  -0.358169
-0.09375  -0.107663
0.0625  -0.136365
0.09375  -0.0538163
0.125  -0.166928
0.0625  -0.0205788
-0.125  -0.0613828
0.03125  0.0228773
0.0625  -0.241515
0.0625  -0.137732
0  -0.136203
0.125  -0.00968641
0.09375  0.0338058
-0.0625  -0.199959
0  0.134705
-0.03125  -0.125685
0  -0.142809
-0.0625  0.0835046
0  -0.0890457
0.15625  -0.170935
0.21875  0.0771836
-0.03125  -0.22487
0.03125  0.222587
-0.125  0.145974
-0.03125  0.0028508
0.03125  0.053705
0.25  -0.129397
0.09375  0.0375354
-0.125  0.0827862
0  0.0710677
-0.1875  0.0723186
0  0.156022
0.125  -0.0707004
0.125  0.000114558
-0.03125  -0.21927
-0.21875  -0.00565475
-0.1875  -0.101506
0  0.00541076
0.03125  -0.170646
-0.09375  0.0065736
0.15625  -0.139968
-0.09375  -0.119596
-0.125  0.127074
0.1875  0.114407
0.0625  0.252688
-0.1875  -0.124539
-0.25  -0.16387
0.15625  0.0884355
-0.09375  0.0304198
-0.09375  0.156278
-0.03125  0.0216434
0.1875  -0.0314226
-0.09375  -0.11589
-0.09375  0.0154894
0  -0.237849
0.125  -0.0986912
0.09375  0.0282222
-0.03125  -0.153233
0.1875  -0.0807449
0  -0.0339955
-0.03125  -0.120085
-0.03125  0.196353
-0.15625  -0.098193
0  -0.0350841
0.125  -0.0210277
0.125  -0.258647
0.28125  -0.175899
0.15625  -0.126482
0  -0.0236282
0  -0.0740536
0  0.024744
-0.09375  0.151365
0.1875  0.114044
0.25  0.00548827
0.03125  0.131803
0.25  -0.170828
-0.09375  -0.210424
-0.03125  0.0390468
-0.125  -0.0548013
0.09375  -0.0405067
0.03125  0.00950171
-0.21875  -0.14347
-0.03125  -0.158132
0.0625  -0.00236167
-0.0625  -0.0385718
0.0625  -0.130636
-0.125  -0.180114
-0.03125  -0.296792
-0.03125  0.063062
0.125  0.00173218
0.1875  0.254083
0  -0.174474
0.21875  -0.135796
-0.09375  -0.0400723
0.15625  -0.0552639
-0.1875  0.0540454
-0.0625  0.017443
-0.3125  -0.203118
0.21875  -0.220547
0  -0.170225
-0.34375  -0.114118
0  -0.180334
0.03125  0.10951
0  -0.204528
-0.15625  -0.0316839
-0.09375  -0.0582727
0  0.13306
0  -0.147378
0.25  -0.184658
-0.1875  -0.137039
-0.125  -0.180085
0.09375  0.196675
0.0625  -0.141619
0  -0.0654483
0.125  0.0147713
0.0625  0.0987387
-0.1875  -0.103956
0.03125  -0.0794445
0  -0.0698723
0  0.0293825
0.03125  0.130929
0.03125  -0.0792056
-0.15625  0.00391779
-0.0625  0.0179438
0.09375  -0.0141342
-0.0625  -0.0921013
-0.3125  -0.0345046
-0.125  0.109201
0.0625  -0.15795
-0.0625  -0.0754991
-0.09375  -0.042854
0.0625  -0.0878866
0  -0.00384307
0.0625  -0.172872
-0.21875  -0.131539
-0.09375  -0.312994
0  -0.118612
-0.25  0.11781
0.0625  -0.132319
-0.03125  -0.220583
0.03125  -0.108405
0  -0.184118
0  0.0073755
0.125  -0.0438302
-0.09375  0.0975945
-0.125  -0.112123
0  -0.213432
0.15625  -0.081283
0.03125  0.0556281
-0.21875  0.0572341
-0.21875  -0.103322
0.03125  0.0149999
0.09375  0.0776455
0.0625  0.0251426
0.21875  -0.0370806
0.03125  0.00562688
-0.0625  -0.0576854
-0.0625  0.0127348
0.1875  -0.0612322
-0.0625  0.0106783
-0.1875  0.0736123
0.125  -0.197895
0.03125  -0.177437
-0.03125  -0.0694773
-0.25  -0.250664
-0.125  0.00861963
0  -0.0788676
0  -0.0988751
-0.03125  -0.0105734
0.125  -0.194524
-0.25  -0.0928255
-0.125  -0.209844
-0.15625  -0.119026
0.09375  -0.255159
-0.0625  -0.00535615
0  0.182285
0  -0.161208
0  -0.157616
-0.15625  0.0687529
0.03125  -0.259469
0  0.0754976
-0.125  0.0200114
0.03125  0.0180643
0.21875  -0.310554
-0.125  -0.147217
-0.0625  0.203495
0.03125  -0.257289
-0.03125  0.0893182
-0.125  -0.168071
-0.34375  0.00627283
-0.1875  0.00537119
0.1875  0.0726448
-0.1875  -0.0367542
0.125  -0.294563
0  0.0463252
-0.125  -0.0472702
0  -0.153263
0.0625  0.0466101
-0.09375  0.0346605
0.0625  -0.148285
-0.03125  -0.0108542
0.09375  -0.116879
-0.0625  -0.32711
0.09375  0.0630817
0.0625  0.00694256
0  -0.0529492
-0.03125  -0.129712
-0.0625  -0.00381522
0  0.0428509
-0.21875  -0.171586
-0.0625  -0.208578
0  -0.284551
0.03125  -0.0466209
0  0.0863232
0.25  -0.201469
0.03125  -0.0666782
0  -0.292287
-0.03125  0.134739
0.09375  -0.183646
0.03125  -0.255013
-0.09375  -0.0333749
-0.21875  0.0795219
-0.03125  -0.067846
-0.03125  -0.018213
0.125  -0.00786299
0.09375  0.0416346
-0.03125  -0.0467197
0.15625  0.0379738
-0.125  -0.0644032
0.09375  -0.0858794
-0.125  -0.169608
0.15625  0.154769
0.15625  -0.0562778
0.03125  0.0155475
0  0.0652965
-0.0625  -0.0443442
0.21875  0.0764291
-0.15625  -0.0635092
0.09375  -0.00269221
-0.0625  0.19672
-0.09375  -0.224352
-0.125  0.0995468
-0.15625  -0.252918
0.09375  -0.107401
-0.0625  0.0681903
0.09375  -0.0862943
0.0625  0.156991
-0.125  0.0970139
0.125  -0.158769
-0.125  -0.205871
0.0625  -0.0695159
0.03125  0.216599
-0.125  0.0240553
-0.125  0.0812632
-0.0625  -0.0615505
-0.03125  -0.0358802
-0.125  0.0552459
-0.0625  -0.0734449
0.09375  -0.0824625
0.09375  -0.0701842
-0.09375  0.132877
0.25  -0.158358
-0.03125  0.0819396
0  -0.0493407
0.15625  -0.201425
0  -0.0855149
-0.25  -0.0112188
0  0.0183162
0.03125  0.061391
0.0625  -0.0410101
0.0625  -0.0163145
-0.09375  -0.131881
0.125  -0.0412159
0.0625  -0.000793376
-0.03125  -0.0811954
-0.15625  0.0080257
0.15625  -0.0208347
-0.15625  0.0503391
0.03125  -0.129805
0  0.0207916
-0.09375  -0.0972743
0.03125  -0.11867
0  0.0261075
-0.125  -0.00747911
0  0.0058456
0.125  0.0777766
0.0625  -0.117005
0  0.032368
0.21875  -0.037224
0.1875  -0.104692
-0.03125  -0.0599564
-0.28125  0.0370852
0.25  -0.0578145
0.0625  -0.204898
0.125  -0.0643046
-0.125  -0.125582
0.21875  -0.144108
-0.09375  0.138577
-0.0625  0.00886532
-0.0625  -0.073905
0.03125  -0.0165687
-0.125  -0.398326
-0.21875  -0.0934725
0.125  -0.0777474
0.03125  0.0844695
0  -0.206269
-0.03125  -0.110786
0.03125  0.0151772
0  -0.102862
-0.21875  -0.0128363
0.09375  -0.00297156
0.09375  -0.12671
-0.0625  -0.0781831
0  -0.154587
0.1875  -0.228968
0.1875  -0.232177
0.03125  0.146558
0  -0.0664021
-0.0625  0.105352
0.0625  -0.0731889
0.15625  0.0897672
-0.1875  0.0156939
-0.15625  -0.0921435
-0.0625  -0.0424694
0.09375  0.060433
0.125  0.037671
0.21875  -0.0381027
-0.0625  0.00565768
0.03125  0.0498951
-0.15625  -0.0314534
0.03125  0.0118415
-0.21875  -0.00494226
-0.0625  -0.00985769
-0.125  0.063599
-0.03125  -0.0222047
-0.09375  0.0362056
0  -0.221222
0.03125  -0.120431
0.15625  0.0692505
-0.0625  -0.368853
0.25  0.0547084
-0.1875  -0.225335
-0.125  -0.176056
0.03125  -0.0740508
0.0625  -0.202731
0.25  -0.134168
0.21875  0.0407873
0.03125  0.225171
-0.03125  0.205564
-0.0625  0.0542589
-0.21875  -0.0860427
0  -0.15147
0.09375  0.141754
0.125  0.00347202
0.15625  -0.0313811
0  -0.212356
0.15625  -0.190911
0.0625  0.00690457
-0.09375  -0.0651762
-0.09375  -0.143105
0.15625  -0.0112394
-0.09375  0.0357907
-0.125  -0.233265
-0.03125  -0.0898713
-0.09375  -0.0229962
0.1875  -0.0657005
0.0625  0.164374
0.34375  0.0254292
-0.15625  0.174173
0  -0.147075
-0.15625  0.168092
0.03125  -0.269577
0  0.224318
-0.15625  -0.0498322
0.0625  0.0668147
-0.03125  0.0182183
-0.28125  -0.103074
-0.125  -0.414681
0.25  -0.0955641
-0.1875  0.0944392
-0.09375  -0.138921
0.03125  0.0337836
0.0625  -0.152924
0.21875  -0.0400402
0.15625  -0.239151
-0.15625  0.0158435
-0.0625  -0.126788
-0.03125  -0.263929
0.1875  0.063592
-0.0625  -0.0240231
-0.03125  -0.0420471
-0.21875  -0.0776262
-0.03125  0.0700414
0.09375  0.285927
0.15625  0.0845224
0.1875  0.0809798
0.03125  -0.226705
-0.0625  0.0993402
0.09375  -0.059421
-0.3125  0.00765018
0.25  -0.129098
-0.15625  0.0891064
-0.03125  -0.136449
0.25  -0.16842
-0.0625  0.183479
0.03125  -0.0210131
0.09375  -0.0271209
0.03125  -0.148408
-0.03125  0.0983505
-0.125  -0.247456
0  -0.144355
0.03125  0.038296
0.28125  -0.100615
0  0.179251
-0.09375  -0.0197644
0.09375  -0.0602591
0.125  -0.095327
0.03125  0.0514044
0  0.0850206
-0.15625  -0.117377
0  -0.0417719
0.125  -0.149832
-0.15625  -0.114076
-0.21875  0.0243429
0.09375  0.0252983
0.125  -0.349707
0.0625  -0.177431
-0.09375  -0.0239825
0.09375  -0.0290695
-0.09375  -0.0294418
0.03125  0.0174709
-0.03125  0.00136234
0  -0.0586654
-0.21875  -0.0617855
0.125  -0.193341
-0.03125  0.0275497
-0.21875  -0.0202161
0.1875  -0.0525746
-0.09375  -0.0115971
0.1875  0.0227197
-0.0625  -0.033955
0.1875  0.0132119
-0.03125  -0.190106
0.1875  -0.0848605
0.1875  -0.270365
0  -0.0948481
0.0625  -0.0649009
0.15625  -0.0421959
-0.09375  -0.0346051
-0.0625  0.0944991
-0.25  -0.0163146
-0.09375  -0.16334
-0.09375  -0.125376
0.34375  -0.0843126
-0.125  0.0355432
-0.3125  0.0344146
-0.0625  0.034361
0.1875  -0.0349407
0.03125  0.114439
-0.125  -0.220704
0.125  -0.12197
0.03125  0.133777
0.0625  -0.0363697
0.0625  -0.1204
-0.125  0.0560062
-0.03125  0.00683908
-0.28125  -0.180163
0.0625  0.201735
-0.15625  -0.230016
-0.125  -0.0337539
0.125  -0.113096
0.09375  -0.163968
0.125  0.0470428
0.21875  -0.11769
-0.09375  0.107985
-0.15625  -0.287035
0.03125  -0.0604535
-0.03125  -0.0699969
-0.21875  0.0141076
-0.15625  -0.191032
0.03125  -0.367171
-0.1875  -0.187725
-0.0625  -0.130399
-0.09375  0.140583
0.0625  0.0433316
-0.15625  -0.0560681
0.09375  0.0809681
-0.21875  -0.0633528
-0.1875  -0.188394
0.0625  -0.113068
0  -0.0898209
-0.03125  0.0670618
0.15625  -0.169541
0  -0.183234
0.125  0.0424461
0.15625  0.0276799
0.15625  -0.166757
-0.03125  -0.294345
0.0625  -0.139327
0.03125  -0.137564
0.0625  -0.0864838
0.03125  -0.23792
0.03125  0.083343
0  -0.102913
-0.125  -0.0834499
-0.125  0.202928
0.0625  -0.289296
0.21875  -0.344686
0.0625  -0.15037
0.15625  -0.125822
-0.09375  -0.133437
-0.09375  0.0166822
0.0625  -0.026926
-0.09375  0.167482
-0.03125  -0.0275381
0.0625  0.0150052
0  -0.017091
-0.03125  -0.0534527
-0.0625  -0.0747701
0.125  0.100421
-0.03125  -0.226519
-0.03125  -0.217422
-0.1875  -0.130021
-0.0625  -0.240595
-0.03125  -0.201455
-0.03125  -0.133263
-0.28125  -0.126496
0.125  -0.0629969
0.03125  0.0476088
0.15625  0.137962
-0.0625  -0.0824862
0.1875  0.0634835
0  -0.137616
0.125  -0.183248
-0.03125  0.160356
-0.03125  -0.0384729
0.0625  0.0623287
0.0625  -0.260505
-0.09375  0.131082
0.03125  -0.253458
0.21875  -0.074817
0.28125  -0.22018
-0.125  -0.0829936
0.03125  0.0768184
0.0625  -0.118203
0.21875  -0.168581
-0.03125  -0.0525218
-0.0625  -0.148423
0.125  -0.0670951
-0.09375  0.0704755
-0.125  0.000390977
0.15625  -0.119552
-0.03125  0.0684428
0.03125  -0.000177055
0.125  0.040044
0  -0.00648456
-0.03125  0.0237552
-0.15625  -0.289671
0.03125  0.0900538
0.25  0.0968918
0.0625  -0.0063881
0.03125  -0.0649802
-0.0625  -0.0278461
0  -0.0343442
-0.25  0.0295122
-0.125  0.0899733
-0.1875  -0.0941705
-0.0625  -0.00568728
-0.0625  -0.0735801
0.09375  -0.0110719
0.15625  0.0653322
0.0625  -0.174767
-0.1875  0.0375168
-0.03125  0.00986971
-0.0625  0.087315
-0.0625  -0.0417224
0.125  -0.0696299
0.125  0.142639
-0.0625  -0.18652
-0.03125  -0.0179171
0.03125  -0.408432
0.0625  -0.195569
0.09375  -0.163973
-0.09375  0.0987728
-0.125  -0.173715
-0.09375  0.12983
-0.1875  0.0542802
-0.03125  0.00455706
-0.03125  -0.190249
0.03125  0.0196918
-0.09375  -0.20135
-0.0625  -0.0304753
0  -0.244996
-0.125  -0.0373704
0  -0.0901041
0.03125  0.0801909
-0.09375  -0.174803
0.1875  0.0194057
-0.0625  0.0169634
-0.03125  -0.0282202
-0.03125  -0.243792
-0.21875  -0.129634
0.1875  0.02231
-0.125  -0.0590349
0.15625  -0.218524
0.09375  -0.000197689
0.09375  -0.0348732
-0.03125  0.0403246
0  -0.0664382
-0.03125  0.00191479
0  0.0120675
-0.03125  -0.212475
-0.21875  -0.0100679
-0.125  -0.120041
-0.1875  0.0829449
-0.0625  0.0977264
0.0625  0.103064
0.125  -0.117194
-0.03125  -0.204125
-0.03125  -0.267625
0.03125  0.12878
-0.09375  -0.2109
0.125  -0.159273
0  -0.02611
0.125  0.0316454
-0.125  -0.0951317
0.0625  -0.1247
-0.15625  0.119361
0.1875  0.0502802
-0.09375  -0.129765
-0.1875  0.0824914
0  -0.125402
0.125  0.0531867
-0.0625  -0.192046
0.15625  0.116332
0.0625  -0.12806
0  0.117048
-0.09375  0.0636477
-0.03125  -0.234965
-0.09375  0.0172794
-0.125  -0.181991
-0.09375  -0.0319319
0.15625  -0.0598413
-0.15625  -0.0559332
0.0625  0.0234761
0.15625  -0.196533
0.09375  0.0148496
-0.15625  -0.25485
-0.09375  -0.0861571
0  -0.0765434
0.03125  -0.0642427
-0.09375  0.0332792
0  0.0254545
-0.125  -0.111072
0.0625  0.0485949
0.0625  -0.0845873
0.3125  0.181433
-0.03125  -0.232564
-0.125  0.0394268
-0.125  0.0701697
-0.03125  -0.133929
0.15625  -0.0389313
0.09375  -0.0865292
0.0625  0.00582696
0.125  -0.143375
0.09375  0.11357
-0.0625  -0.0373209
-0.15625  -0.0854279
-0.1875  0.0727578
-0.125  -0.0749378
0.03125  0.0327041
-0.09375  -0.144521
0.03125  -0.00613714
-0.125  -0.022712
0  0.0233203
0.125  -0.27407
-0.125  -0.121336
-0.21875  -0.0292102
0.125  -0.177348
0.09375  -0.0986396
0.09375  -0.0917338
0.09375  0.178885
0.125  -0.048957
0.09375  0.00659265
-0.1875  0.00365328
0.03125  -0.109947
0.09375  -0.0426971
-0.09375  0.0410635
-0.03125  -0.123489
-0.15625  -0.00398851
-0.15625  0.13529
-0.0625  -0.0181644
0.03125  0.356164
-0.125  0.0611801
-0.03125  0.0647196
0.125  -0.159374
-0.09375  -0.0779214
-0.125  0.0296715
0  -0.163709
-0.03125  -0.14189
-0.125  -0.235411
-0.0625  -0.122584
0.03125  0.0649174
-0.03125  0.047649
0  -0.296702
0.03125  0.100165
0.125  -0.195354
-0.125  0.133686
-0.09375  -0.0862736
-0.15625  -0.21937
0  0.127728
0  -0.200637
-0.09375  -0.123555
0.0625  0.1202
0.03125  -0.149983
0.09375  -0.0400269
0.0625  -0.071416
0.375  -0.192866
0  -0.228271
0  -0.113233
0.03125  0.236693
0.15625  -0.0150442
0.21875  -0.0989931
0.15625  0.18994
-0.03125  -0.012428
0.1875  0.0291949
0.125  -0.0303194
0.09375  -0.264693
-0.03125  -0.0929106
-0.09375  0.00454042
0  -0.203317
-0.03125  0.168166
0.25  -0.147768
0.125  -0.0586706
-0.0625  0.0794745
0.0625  0.00587777
-0.03125  0.122495
0  -0.0576791
0.0625  0.148372
0  -0.142153
-0.0625  -0.0306072
0.15625  -0.00539779
0.21875  -0.0420544
-0.09375  -0.132356
-0.0625  0.184515
-0.09375  0.046079
-0.125  -0.081905
-0.125  0.0705926
-0.09375  -0.146779
-0.03125  -0.0827617
0  -0.138479
0.03125  0.0788258
0  0.175685
-0.15625  -0.101465
0.21875  -0.102775
0.15625  -0.164136
0.125  0.0233897
-0.25  0.0164275
0  0.0761436
0  -0.0048917
-0.1875  0.0294235
-0.0625  -0.0959068
0  0.193529
-0.125  0.145308
0.09375  0.0127539
-0.0625  -0.163183
0.15625  -1.82639e-05
0.1875  -0.138818
-0.0625  -0.111548
0.28125  -0.0534588
-0.28125  -0.118714
0.0625  -0.240131
-0.09375  0.0832031
0  -0.115983
-0.21875  0.0231378
0.0625  0.248511
-0.125  0.0826234
-0.09375  0.157052
-0.15625  0.00656589
0.0625  -0.201657
0.09375  -0.0803878
-0.09375  -0.291008
-0.25  -0.0326056
-0.0625  -0.0975668
0.125  -0.170969
0.03125  -0.0943561
-0.0625  -0.221724
0.09375  0.0682149
0.15625  -0.0207454
-0.125  -0.118008
0.03125  0.0746423
0.03125  0.0666218
0.1875  -0.0667359
0.03125  -0.272372
0.125  -0.214672
-0.21875  -0.0484381
0.25  -0.0313355
-0.03125  0.0739665
-0.03125  -0.102428
0.09375  0.00453897
-0.0625  0.0248535
-0.0625  0.0479949
-0.09375  0.174248
0.125  -0.0124434
0.1875  -0.148406
0  -0.0159425
-0.0625  0.0455111
0.0625  -0.0448763
0.09375  -0.141302
-0.09375  -0.196123
-0.03125  -0.112892
-0.09375  -0.0655109
-0.09375  -0.0743194
0.125  -0.238203
0.09375  0.0407443
0.03125  -0.278618
-0.09375  0.150274
0  -0.106257
0.15625  -0.0506248
-0.0625  -0.110433
0.0625  0.221065
0.0625  -0.0331343
-0.125  -0.236853
0.15625  -0.220975
-0.03125  0.0113795
0.1875  -0.113495
0.03125  -0.247525
-0.0625  -0.196974
-0.0625  -0.327162
0.0625  -0.201527
0.1875  0.027171
0  -0.229693
0.09375  -0.273177
-0.03125  0.0272416
0.09375  0.0434344
-0.09375  0.0900687
-0.09375  -0.107818
0.0625  0.00587762
0.15625  0.0385443
0.15625  -0.170976
0.15625  -0.0318593
0.125  -0.201884
-0.125  0.191009
0.09375  0.0253758
-0.15625  0.00759299
-0.0625  -0.032337
-0.1875  0.0530097
0  -0.0639045
-0.21875  -0.076145
-0.03125  -0.179696
0.125  -0.0925496
0.0625  -0.159489
0.21875  -0.300788
0  -0.219657
0.09375  0.00105974
0.09375  0.0869468
-0.09375  0.0541993
0.0625  0.0548073
0.1875  0.0950671
-0.0625  -0.146954
0.03125  0.0540474
0.03125  0.00271495
0.09375  -0.0498701
0  -0.133465
0.25  -0.183485
-0.1875  -0.320031
-0.21875  0.173587
-0.15625  0.164438
0.0625  -0.17316
0.0625  0.144746
-0.09375  -0.307261
0  0.0827828
0.0625  -0.146501
-0.03125  0.0682109
0.09375  -0.12781
-0.03125  0.0212601
-0.09375  -0.0130239
-0.03125  -0.170882
-0.1875  -0.023369
-0.0625  -0.0831289
-0.0625  -0.0481726
-0.1875  0.182783
0  -0.077077
0.1875  -0.111027
0.125  0.110705
0  -0.125735
-0.03125  0.095758
0  -0.0320546
0.15625  -0.129239
0  -0.00529628
0.125  -0.0471941
0.0625  0.0805985
0  -0.148468
0  0.114883
-0.125  -0.137095
0  -0.177104
0.25  -0.145862
0.03125  0.0243217
0  -0.152619
-0.125  -0.006656
-0.03125  -0.0931966
-0.125  0.0863397
0  0.0393479
-0.125  -0.0703927
0.15625  -0.042594
0.0625  -0.230276
-0.15625  -0.21185
0.0625  -0.081017
0  -0.0452347
-0.0625  -0.234047
0  -0.249692
0  -0.138788
0  -0.0851632
-0.0625  0.112682
-0.21875  0.120475
0.09375  0.0153538
0  -0.104853
0.0625  0.0731185
0  0.165917
0  0.0265778
-0.15625  0.117171
0.03125  -0.1125
-0.03125  0.0642447
-0.15625  -0.0220707
-0.03125  0.109307
0  0.122494
0.03125  -0.0445515
0.0625  -0.123093
0.25  0.0703631
0.0625  0.0689542
0  0.162731
-0.1875  0.0051734
0.09375  0.0559067
0.03125  0.0685668
0.125  -0.0647323
0  -0.259993
-0.21875  -0.0146393
-0.3125  -0.0843419
0.21875  -0.197237
-0.09375  0.0998041
-0.03125  0.0450388
0  -0.170129
0.09375  -0.0195969
0.0625  0.301581
-0.125  -0.022804
0.03125  -0.00902079
-0.3125  0.162313
0.21875  -0.0971072
0  -0.0593184
0.09375  0.175747
0  -0.134093
0.125  0.136164
-0.125  -0.0680252
0.09375  -0.0697666
0.0625  -0.027008
0.1875  -0.0239641
0  0.0034558
-0.03125  0.0232089
-0.15625  0.0165378
-0.125  -0.192458
-0.09375  -0.0429599
-0.125  0.0361321
0.03125  -0.15422
0.28125  -0.0068577
0.0625  -0.139437
0.125  0.0998703
0.03125  -0.112875
-0.09375  0.0817589
0.09375  -0.180017
-0.34375  -0.117287
-0.125  0.0806926
-0.125  -0.0871225
0.0625  -0.0870884
-0.0625  0.0337313
-0.1875  0.347863
-0.125  -0.149552
-0.25  -0.0961022
-0.09375  -0.0246067
0.03125  -0.0329832
-0.0625  -0.190553
-0.0625  -0.0822836
0.1875  0.0624804
-0.09375  -0.0377295
-0.03125  -0.0819948
0.0625  -0.147908
-0.1875  -0.131469
-0.1875  -0.0260204
-0.03125  -0.191816
0.125  0.0458243
-0.09375  0.0205451
-0.0625  0.00260468
-0.0625  -0.168501
0.0625  -0.129335
-0.09375  -0.135653
-0.15625  -0.0514631
0.125  -0.0692962
0.3125  -0.0184191
0.3125  -0.0167416
0  0.0848631
-0.09375  -0.144202
0  0.224238
0.03125  -0.0668772
-0.34375  -0.0119073
-0.125  0.0493092
-0.09375  -0.176561
-0.15625  0.0583494
0.09375  -0.0501426
-0.125  -0.197473
0.0625  -0.0883985
0.1875  -0.0846596
0.15625  -0.054859
-0.0625  0.0981356
-0.1875  -0.0833222
-0.03125  -0.238335
0  -0.302687
0.03125  -0.454263
-0.0625  -0.0475229
-0.03125  0.0229653
-0.0625  -0.08253
-0.1875  -0.339436
0.03125  -0.196616
-0.15625  -0.0890947
0.03125  0.128359
0.1875  -0.136416
0.15625  -0.0895522
0.09375  -0.053733
-0.21875  0.242538
-0.125  -0.0575751
0.125  0.0900733
-0.1875  0.0780477
-0.03125  -0.295876
-0.09375  0.061817
-0.25  -0.0358255
-0.0625  -0.0997384
0.125  -0.0187965
0.0625  0.103783
0.0625  0.211336
0.125  0.0953478
-0.0625  0.167509
0.03125  0.278132
0.1875  -0.152935
0  0.0546701
0.09375  -0.0376872
-0.09375  -0.128409
-0.0625  -0.111537
-0.0625  0.0292349
-0.15625  0.121725
-0.125  -0.0144349
0.03125  -0.252688
-0.09375  0.0589943
0  0.0723835
0  0.0661344
0.09375  -0.106199
0  0.116003
-0.0625  -0.169359
-0.0625  -0.0635182
-0.09375  -0.268015
0.09375  0.0311295
-0.09375  0.07997
-0.0625  -0.152745
0.15625  0.323634
-0.03125  0.13053
-0.0625  0.0792729
-0.0625  -0.188079
0.1875  -0.279999
0  -0.0805991
0.25  -0.0926446
-0.09375  -0.219953
0.0625  -0.189106
-0.21875  -0.0442877
0.15625  -0.184283
0  -0.115947
-0.09375  0.0532009
0.0625  -0.02159
0.1875  0.0643183
0.03125  -0.111341
0.09375  -0.203899
0.03125  -0.0333291
0.09375  0.0955822
0  -0.106835
0.03125  -0.137059
-0.09375  -0.238358
0.21875  0.180768
0  -0.0963529
0.0625  -0.0456884
-0.03125  -0.0251639
0.125  -0.0252175
0.1875  -0.0431044
0.03125  0.0315458
-0.125  -0.134893
-0.09375  0.0384715
-0.125  -0.0812283
0.09375  -0.242339
0.03125  -0.125776
0.0625  -0.00870596
0.25  -0.201781
-0.0625  -0.0874304
0  0.0375105
-0.0625  -0.0615691
0.125  -0.467672
0.21875  -0.0222327
0.0625  0.0638369
-0.03125  -0.0206202
0  -0.0685021
0.0625  0.00431709
0.15625  -0.176357
0  -0.095429
0.28125  -0.10037
0.1875  0.153691
-0.28125  -0.0796464
-0.21875  -0.0210047
-0.03125  -0.0831047
0.0625  -0.0085601
0.0625  0.0374149
-0.15625  0.00837604
-0.03125  -0.00549565
0.0625  0.0546597
0.0625  0.0766514
0  -0.362538
0.0625  -0.0327737
-0.15625  -0.0583964
0.0625  -0.0285682
0.09375  -0.0197925
-0.03125  -0.0901531
0.15625  0.0379665
0.03125  -0.143056
0.125  -0.10179
0.0625  0.209988
0.03125  0.166475
0.03125  -0.121055
0.09375  0.0153622
0  0.013711
-0.0625  -0.183074
-0.03125  0.0575674
-0.09375  -0.0449279
0.15625  -0.119052
0  0.0748031
0.0625  -0.0642857
0.0625  0.0631202
-0.125  -0.219793
-0.03125  0.0806227
-0.09375  -0.0442268
0  -0.0614939
0.15625  -0.137589
0.09375  0.0185048
-0.03125  -0.0464429
0.21875  0.207122
-0.15625  0.0185486
0.0625  0.0314155
-0.21875  -0.279473
-0.03125  -0.0102144
-0.15625  -0.0661691
0.03125  -0.10947
0.1875  -0.136837
-0.125  0.0805114
-0.15625  -0.0349053
-0.125  -0.104602
-0.125  -0.149549
-0.03125  0.00553358
0  0.126922
0.21875  -0.0866213
-0.0625  -0.107245
-0.125  0.0831764
0.125  -0.0879532
-0.03125  0.0353944
0.21875  -0.0239635
0.25  -0.298057
0.09375  -0.107005
0.09375  0.108284
0.25  -0.0686985
-0.03125  0.133982
-0.0625  -0.0899797
-0.0625  0.00375961
0.03125  -0.082793
-0.125  -0.00196367
0.125  0.0225224
-0.0625  -0.0609017
-0.09375  0.00681997
0.15625  -0.0556322
0.125  -0.0282393
0  0.00435627
0.25  0.0312958
-0.0625  0.194568
0.125  -0.0694401
0.09375  -0.191916
0.03125  -0.067832
-0.0625  -0.163548
-0.03125  -0.07586
0.09375  -0.320687
-0.125  0.0879525
-0.125  -0.0465608
-0.15625  0.0751303
0.125  0.00544784
0.09375  -0.0742519
-0.03125  -0.050397
0.15625  -0.0852895
0.0625  0.0499144
-0.28125  0.176225
-0.09375  0.0216212
0.125  -0.0413356
-0.1875  0.00802286
-0.21875  -0.0663602
-0.21875  0.109099
0.0625  -0.00202248
-0.21875  -0.180942
-0.125  -0.11943
0.125  -0.0370235
-0.09375  -0.0556164
0.15625  0.132267
0.1875  -0.0253109
-0.03125  -0.200474
-0.03125  0.0342056
0.1875  -0.194148
0.09375  -0.0669386
-0.0625  -0.0552031
0.09375  0.0301139
-0.125  0.160405
0.125  -0.10348
0.1875  -0.322653
0.09375  0.117236
0.0625  -0.138787
-0.28125  -0.0442444
0.03125  0.0250529
0.1875  -0.185095
-0.03125  -0.0988354
-0.21875  -0.0788545
-0.09375  -0.0125806
0  -0.122133
-0.0625  -0.0209957
-0.1875  0.110561
-0.125  -0.272785
-0.125  -0.0546757
0.25  -0.188759
-0.1875  0.138444
0.1875  0.0377808
-0.03125  -0.00674479
-0.09375  0.109464
-0.03125  0.0754589
0.125  -0.120681
0.15625  0.0307387
-0.125  -0.0265194
0  0.135862
-0.0625  0.111564
0.21875  -0.132847
-0.125  -0.2368
0.09375  -0.077531
0.0625  0.187325
-0.09375  -0.297076
0  0.052185
-0.1875  -0.0803938
0  0.117984
0.09375  -0.202109
-0.125  0.0536834
0.09375  -0.31051
-0.03125  -0.0275123
-0.375  0.0450551
-0.03125  0.0312613
0.03125  -0.132224
0.15625  0.0561122
-0.03125  -0.034258
0.0625  -0.025624
0.15625  -0.00407534
0.03125  0.0769944
0.21875  -0.146083
0.25  -0.0478174
0.28125  0.0728033
-0.03125  0.0806868
-0.15625  -0.0474631
-0.03125  -0.0325989
-0.09375  -0.264608
-0.21875  0.0933796
-0.0625  -0.0986219
0  -0.209464
0.03125  0.0413772
0.03125  -0.16694
0.1875  0.132475
0.34375  -0.188752
-0.125  -0.18286
-0.03125  0.138864
-0.1875  -0.129605
-0.0625  -0.140367
0.09375  0.0882802
-0.15625  -0.0830916
0.15625  0.191455
0.0625  0.0298613
0.0625  -0.0424116
0  -0.0511309
-0.25  -0.173879
0.03125  -0.108973
0.28125  -0.211765
-0.1875  0.0878569
-0.0625  -0.0600169
0.03125  -0.330533
-0.125  -0.053881
0.125  -0.0290937
0.15625  -0.0659233
0.09375  0.0356251
-0.125  0.133302
-0.09375  -0.0588572
0.15625  -0.0562946
-0.09375  0.04496
0.15625  -0.224882
0.09375  -0.0698008
0.03125  -0.100532
0  -0.263675
0.09375  0.136452
0.1875  0.23654
0  -0.229395
-0.1875  0.0221262
0.03125  0.0637003
-0.03125  -0.118472
-0.125  -0.0904206
0.03125  -0.176753
-0.03125  -0.0912751
0.09375  -0.224474
-0.03125  0.0368343
-0.03125  -0.0350683
-0.21875  0.200721
-0.09375  -0.0239427
-0.0625  -0.131373
0.0625  0.201687
0.3125  -0.159272
0  0.0572012
-0.03125  0.0174614
0.03125  -0.0856822
0.0625  -0.00635875
-0.03125  -0.150106
0  0.0219328
-0.0625  -0.0922663
0.03125  -0.0044012
-0.25  -0.139283
-0.125  -0.115614
0.1875  -0.0224753
0.15625  0.113451
-0.0625  0.187222
-0.0625  0.0162096
-0.125  -0.0571692
0.125  0.0232615
-0.03125  -0.225402
-0.03125  -0.334123
-0.03125  -0.201874
0.125  -0.041638
-0.03125  -0.145766
-0.28125  -0.0299872
-0.09375  -0.144389
0.15625  -0.0212619
0.15625  0.00318521
-0.09375  0.0494146
-0.125  -0.0486376
-0.0625  0.133124
0.0625  0.225053
-0.125  -0.130215
0.125  -0.0444654
0.1875  -0.11066
0.09375  -0.016162
0  -0.0536796
-0.03125  0.0356189
0.15625  0.0475102
-0.25  -0.0717202
0.09375  0.0761022
-0.03125  -0.185851
0.03125  0.17886
0.28125  -0.0548701
-0.15625  -0.107975
-0.0625  -0.0615815
0.09375  -0.031343
0.03125  -0.0444649
0.25  0.153883
-0.0625  0.0187796
-0.0625  -0.0339775
-0.03125  -0.0846134
-0.125  0.211177
0  -0.126807
0  -0.132147
-0.0625  -0.0439395
-0.0625  -0.323693
-0.03125  0.158558
0.15625  -0.205173
-0.03125  0.00691877
0.03125  -0.360518
0  -0.127689
-0.125  -0.12859
0.125  -0.0161556
0.125  -0.162159
-0.1875  -0.0384815
0.03125  -0.130306
0.21875  -0.0832878
-0.0625  0.0851393
-0.125  -0.132997
0.15625  0.130071
0.15625  0.0781713
-0.0625  -0.256366
0.21875  0.0302948
0.0625  -0.0623392
-0.03125  0.0473754
-0.03125  -0.0135993
-0.09375  0.0868987
-0.09375  -0.0468689
0.25  0.139978
0  0.0174021
-0.09375  -0.159076
0.15625  -0.159555
0  0.208087
0.09375  0.163004
0.125  -0.193844
-0.1875  -0.234979
0.21875  -0.0280161
0.03125  -0.246547
-0.03125  0.164523
-0.125  -0.0517091
-0.34375  -0.148757
-0.09375  -0.0376785
0  -0.131949
0.21875  -0.199271
-0.03125  0.0994763
0.0625  0.0389747
0.0625  -0.09007
0.03125  -0.131222
0  0.141331
-0.09375  -0.045214
-0.03125  -0.0723122
-0.1875  -0.167529
0.125  -0.0872346
0.3125  0.097549
0.03125  -0.126275
0.0625  -0.115236
0.21875  -0.236775
0.125  -0.0708853
0.125  0.289101
0.1875  -0.144404
0.0625  0.0225327
0.09375  0.0274156
-0.0625  0.165833
-0.15625  -0.0306045
-0.03125  0.0621988
-0.1875  0.00780197
0.25  -0.124541
0.0625  -0.196911
-0.1875  0.163707
-0.15625  -0.196976
0  0.269042
0  0.129323
-0.125  -0.00217987
0.125  0.0462957
0.125  -0.0830633
0.15625  -0.0121991
-0.25  -0.0378735
-0.1875  -0.0775579
-0.28125  -0.0677456
0.03125  -0.0917222
0.15625  -0.0443723
-0.09375  -0.0681411
-0.125  -0.0236112
-0.03125  -0.131057
-0.21875  -0.00816752
-0.1875  -0.0193035
-0.21875  0.0975182
-0.15625  -0.153668
0  -0.0848675
0  -0.152627
-0.09375  -0.00443923
-0.03125  -0.0558975
-0.0625  0.0729974
0.15625  0.0882524
0.03125  0.112736
0  -0.129
-0.125  0.0375111
-0.03125  -0.195844
-0.34375  -0.0554185
-0.15625  -0.153754
0.125  0.0864035
0.0625  0.055558
-0.0625  -0.159282
0  0.0538163
0.25  -0.135891
-0.125  0.0659535
0.03125  -0.0203726
0.21875  0.047975
0  0.00682014
0.375  -0.205628
0.09375  -0.00341407
0.0625  0.146986
-0.15625  -0.0815323
0.03125  0.0461208
-0.125  -0.0474187
0.0625  -0.12431
-0.125  0.129908
-0.15625  -0.214243
-0.15625  0.18317
0.1875  -0.389127
0  0.123281
0.09375  -0.0260472
0.03125  0.0154454
-0.0625  0.11001
0.125  0.196002
0.0625  0.0640839
-0.1875  -0.200963
-0.0625  -0.271671
0.1875  -0.201584
0.03125  -0.0587634
0.125  0.0543509
0.09375  -0.153798
0.03125  -0.138729
-0.0625  -0.125559
0  0.0123979
0  0.050478
-0.0625  -0.0864104
-0.125  -0.118507
-0.15625  -0.00170541
0  -0.0495859
0.09375  -0.320596
-0.0625  -0.149964
0  0.0121002
-0.125  -0.158316
-0.125  -0.245676
-0.09375  -0.0467575
0.09375  -0.0281477
-0.03125  -0.166555
-0.0625  0.0277736
-0.15625  -0.115234
-0.125  0.117003
-0.03125  -0.192214
-0.03125  -0.0548458
0  0.118589
0.03125  -0.240881
-0.03125  0.0287195
-0.25  -0.139228
-0.03125  -0.0211989
0.09375  -0.0269825
0  0.011878
0.15625  -0.0385704
0  0.00665442
0.03125  -0.189806
0.1875  -0.0450567
0.25  -0.175049
0.125  0.0584189
0.15625  -0.103789
-0.0625  0.174742
-0.03125  -0.15505
0.125  -0.268844
0.1875  -0.270985
-0.25  -0.0599903
-0.15625  -0.20887
-0.15625  -0.233673
0.09375  0.0865792
0.1875  -0.114353
0.25  -0.174627
0.0625  0.0674142
-0.125  -0.0209403
0.125  -8.24812e-06
-0.09375  -0.165063
0.15625  -0.227124
0.15625  -0.129155
-0.03125  0.0517366
-0.15625  -0.058836
-0.09375  -0.0337383
-0.0625  0.12255
-0.03125  -0.0709285
0  -0.105922
0.125  0.0667417
0.125  -0.224383
-0.0625  -0.241301
0.15625  -0.230102
0  0.0493551
0.15625  -0.289028
-0.0625  0.068952
-0.0625  -0.174477
0.1875  -0.00709801
-0.0625  -0.156587
-0.09375  -0.202191
-0.0625  -0.0915325
-0.09375  -0.0980861
0.03125  -0.0186462
-0.09375  0.012663
-0.125  0.0212268
-0.09375  -0.0339454
0.09375  -0.0143264
0.0625  -0.100727
0  -0.0193558
-0.03125  -0.0609974
0.03125  -0.00698119
-0.03125  -0.00926786
0.09375  -0.0815214
0.03125  -0.0158102
-0.0625  -0.11661
0  0.0356631
-0.28125  0.105768
0.125  -0.175828
0.0625  0.0245798
-0.03125  -0.152771
0  0.0300342
0  0.0142908
-0.03125  -0.135581
0.0625  -0.0579499
-0.15625  -0.150809
0.25  -0.0022818
0.15625  -0.0518557
-0.03125  -0.126124
0.09375  0.158393
-0.03125  -0.016315
-0.125  -0.0465724
0.125  -0.0214702
-0.1875  0.1048
0.03125  0.0658652
-0.15625  -0.100648
-0.0625  -0.180177
0.09375  -0.151614
0.15625  -0.136197
-0.1875  -0.0878354
0.09375  -0.0200885
-0.0625  0.0885104
-0.125  -0.0499709
-0.15625  -0.107284
-0.1875  -0.128937
-0.28125  -0.328529
-0.0625  -0.0665389
-0.09375  -0.0435728
0.125  0.00352899
-0.03125  -0.140124
-0.03125  0.210199
0.0625  -0.0702568
0.0625  -0.100046
0.09375  -0.154555
0.0625  -0.0311922
-0.03125  -0.222253
-0.03125  -0.301921
-0.28125  -0.118905
-0.0625  0.232754
-0.1875  0.120724
0.09375  -0.102439
-0.09375  -0.301585
0.0625  0.0794303
-0.03125  0.190079
-0.03125  -0.0482842
-0.09375  -0.26221
-0.09375  -0.190393
0  -0.115692
0  0.0229171
0  0.183952
-0.125  0.169517
0.125  -0.0501336
0.0625  -0.287228
0.03125  0.0712677
-0.0625  -0.245962
0  -0.106773
0.125  -0.0630629
0.03125  0.0851042
0.125  0.0144494
0.03125  -0.112714
0.09375  -0.0456623
0.125  0.16313
0.125  -0.102701
0.09375  -0.0234899
0.09375  -0.115065
-0.25  0.19478
-0.125  -0.197234
-0.09375  -0.0194248
0.0625  -0.212432
-0.03125  0.0437843
0.0625  0.00918483
0.03125  0.0406202
0.03125  0.0199926
0.125  0.0143654
-0.03125  0.0635665
0.0625  -0.129791
0.125  0.120129
-0.125  0.0519409
0.09375  -0.0634214
0.03125  0.0192073
-0.0625  0.202382
0.0625  -0.220704
-0.09375  -0.172717
0.21875  -0.277027
-0.03125  0.0691466
0.28125  0.0715075
-0.25  -0.203265
0.03125  -0.269893
0.03125  0.0646471
0  0.169201
0  -0.00993295
0.0625  -0.298649
0.21875  -0.267189
-0.0625  -0.0504486
-0.03125  0.05992
-0.125  0.020832
-0.15625  0.0287119
0.03125  -0.138877
0.21875  -0.080281
-0.25  -0.247682
0.21875  0.122632
0  -0.225531
-0.0625  -0.189562
-0.0625  0.0993559
-0.09375  0.0934022
-0.09375  -0.0612983
0.09375  -0.0314891
0.03125  0.116887
-0.125  0.145087
-0.0625  -0.0779244
-0.09375  0.0720013
0.125  -0.0206013
-0.1875  0.0947405
-0.125  -0.0843703
-0.125  0.0655981
0.125  -0.135253
0  -0.309864
0.0625  -0.0713584
0  -0.132736
0.0625  0.110084
-0.03125  -0.147572
0.1875  -0.223609
0.09375  -0.0541729
-0.09375  -0.131923
-0.09375  -0.203044
-0.15625  0.125653
-0.09375  0.10116
-0.03125  -0.0712835
-0.21875  -0.0571994
0.03125  0.00324672
0.15625  0.00457695
-0.21875  -0.156123
-0.03125  -0.21566
-0.0625  -0.0339189
-0.09375  -0.0710382
0.0625  -0.218907
-0.09375  0.0193362
-0.15625  -0.169353
0  -0.235398
0  0.0523201
-0.0625  -0.10714
0.15625  -0.004046
-0.0625  0.128513
0.0625  -0.0420807
0  0.0789044
0.0625  -0.113342
-0.15625  -0.0795463
-0.125  0.0808616
-0.1875  -0.195429
0  -0.174829
0.15625  -0.139864
-0.09375  0.00908661
0.03125  -0.06849
-0.0625  -0.152677
0  -0.121202
0.125  -0.331073
0  -0.0945921
0.03125  -0.161223
0.03125  -0.245781
-0.03125  0.0197352
0.0625  0.208742
0.0625  -0.120996
0.125  -0.0304614
-0.0625  -0.106992
0.125  0.0672121
-0.0625  -0.0708263
0  0.0541131
-0.03125  -0.0186664
0.15625  -0.0289734
0.25  0.101206
0.0625  -0.0544611
-0.0625  -0.135731
0.125  -0.194762
-0.09375  0.112365
-0.0625  0.256675
-0.0625  0.0418127
-0.0625  0.0627986
-0.03125  0.0484841
-0.21875  -0.149845
0.1875  -0.0721031
0.0625  -0.199
-0.0625  -0.0904918
-0.1875  0.00822734
0.09375  -0.0584575
-0.0625  -0.0243864
0.15625  0.102201
0.1875  -0.0461269
0.03125  0.205295
0.1875  -0.125683
-0.0625  0.0458329
-0.1875  0.0519074
0.09375  -0.0248569
-0.09375  0.0802908
-0.03125  0.0436627
0.0625  -0.200959
0  0.150895
-0.09375  -0.0518635
0.0625  0.0348514
-0.03125  -0.0488908
-0.125  -0.0839208
0.03125  -0.105379
0.15625  0.0410398
-0.03125  0.0394331
0.0625  -0.039497
0.0625  0.267492
-0.15625  -0.0800275
-0.1875  -0.090152
-0.15625  -0.0635075
-0.09375  -0.150256
0  0.00544455
0.03125  -0.0396063
0.1875  -0.204373
0.125  0.228502
0  -0.264254
0.15625  -0.0911543
-0.15625  0.0986493
0.1875  0.0223744
-0.03125  -0.148382
-0.0625  0.0248831
0.0625  0.149461
-0.09375  0.0861021
-0.03125  0.125229
0  -0.173911
0.0625  0.0940854
-0.15625  -0.142424
0.1875  -0.16631
-0.15625  -0.0073982
0.1875  -0.170829
-0.03125  0.0788652
-0.03125  0.0746758
-0.03125  0.0133593
-0.09375  -0.0541827
0.0625  -0.0167138
0.1875  -0.0875853
0  -0.201492
0.21875  -0.0244075
0.21875  -0.233088
0.125  0.104077
0.125  -0.0741691
0.21875  0.057687
0.03125  0.212461
0.375  0.0707159
0.0625  -0.0612034
-0.09375  -0.462319
-0.0625  -0.18024
0  -0.1496
0.125  -0.0787869
0.21875  0.131194
-0.125  0.0588592
-0.15625  -0.0626238
0  0.107759
0.125  -0.0688564
0.0625  -0.0396922
-0.09375  -0.259517
0.125  0.113195
0.15625  -0.198296
0.0625  -0.075385
0.15625  0.0668172
0.09375  0.044791
0.03125  -0.130355
0.09375  -0.219751
0.03125  0.0472838
0.21875  -0.0360648
0  0.0476915
0.28125  -0.0757121
-0.03125  -0.0263993
-0.28125  -0.10923
-0.03125  0.0370872
0.21875  -0.0987276
0.03125  0.0802682
0.15625  -0.0366126
-0.15625  -0.158225
0.15625  -0.0647549
-0.21875  -0.213527
-0.15625  -0.2059
0.09375  -0.16879
0.09375  -0.0783682
-0.03125  -0.0814269
0.03125  -0.102835
-0.1875  -0.147909
0  -0.00105224
-0.0625  -0.00668719
-0.0625  -0.00598884
-0.1875  0.0502369
0.09375  -0.076513
0  -0.119388
0.0625  -0.0860324
0.03125  -0.133449
0  0.0565446
0.1875  -0.0457186
-0.03125  -0.00315186
-0.125  -0.429088
-0.125  -0.0750302
0.09375  0.0197073
0.125  -0.0978519
0.03125  0.0669106
-0.09375  -0.18808
-0.15625  0.00979186
-0.25  0.0103392
-0.09375  -0.0399496
-0.0625  -0.0977832
-0.03125  -0.122206
0.125  0.0750221
-0.03125  -0.0063212
-0.0625  -0.282623
0.03125  -0.0241985
-0.0625  -0.238423
0.125  -0.202207
-0.09375  -0.194946
-0.03125  0.121152
-0.125  -0.115894
-0.09375  0.114336
0.0625  -0.0697339
-0.125  0.160671
0.28125  -0.0789738
-0.125  0.0279127
-0.21875  -0.189331
-0.03125  0.0340005
-0.03125  0.0513316
0  0.0338657
-0.09375  -0.0503718
0.1875  -0.10132
0.21875  -0.365465
0.125  -0.0730794
0.0625  -0.0353951
-0.3125  -0.279631
-0.1875  0.109798
0.03125  -0.0655695
-0.0625  -0.0966958
-0.0625  -0.202217
0  -0.0335292
-0.0625  -0.0405329
-0.125  -0.112761
-0.125  0.150467
-0.09375  -0.106176
-0.15625  -0.0766519
-0.03125  0.0659726
0.125  -0.123307
-0.03125  -0.00593862
0.125  -0.195141
-0.0625  -0.124201
-0.09375  -0.114857
0.09375  -0.120168
-0.125  0.00401269
0.03125  -0.149632
0.15625  0.0891059
0  -0.133991
0.15625  -0.225714
0.03125  -0.0147508
-0.09375  -0.179657
0.03125  -0.161187
-0.15625  -0.0813919
-0.15625  -0.206193
0  -0.236532
0.125  -0.00942992
0  -0.0659948
0.0625  0.148961
-0.03125  -0.00998661
-0.09375  -0.0831684
0  0.0881807
-0.03125  -0.0916416
-0.1875  0.00454371
-0.0625  -0.108358
0.09375  -0.174049
-0.0625  -0.0699327
0  -0.0758396
0.0625  -0.048245
0.09375  -0.115888
0.09375  -0.167723
-0.21875  -0.134475
0.03125  0.0187522
-0.09375  -0.103999
-0.09375  -0.196277
-0.28125  -0.0909865
-0.09375  0.113826
0.0625  -0.0543479
-0.1875  0.055416
0.09375  -0.0200641
0.03125  0.0244173
-0.15625  0.0857048
0.125  -0.15854
-0.03125  -0.147187
-0.03125  -0.267846
0.21875  -0.196944
0.09375  -0.28967
-0.21875  0.170206
-0.03125  0.0166933
-0.15625  -0.225095
0.15625  -0.0208841
0.0625  -0.188173
-0.21875  -0.257088
0.15625  -0.184566
-0.09375  -0.0171475
0  0.168464
-0.21875  0.0704536
-0.03125  -0.0309034
0.03125  0.162543
-0.03125  -0.0248699
-0.03125  0.0296061
-0.09375  0.315547
-0.21875  -0.0874368
-0.125  -0.163014
0  -0.0418552
0  0.052753
0.125  -0.141165
0.09375  0.0354368
-0.125  0.0820074
-0.125  -0.0553886
0.15625  -0.0223745
0  0.0629373
-0.0625  -0.04414
0  -0.00293767
0.09375  0.102729
-0.15625  0.0130892
0  -0.185588
-0.125  -0.026103
0.03125  0.143772
-0.09375  -0.0276055
-0.09375  0.119161
-0.03125  0.111667
0.125  -0.0632563
0.09375  -0.250738
-0.1875  0.157581
-0.09375  -0.0184959
0.0625  0.143771
0.0625  -0.195258
-0.09375  -0.0395822
-0.125  -0.0816804
0  -0.283234
0.0625  -0.0955326
-0.03125  -0.064746
-0.09375  -0.105241
-0.0625  -0.238189
0.1875  -0.242427
-0.09375  -0.112962
0  -0.0999278
0.21875  -0.18939
0.125  0.0585624
0  0.0474043
-0.09375  -0.0909626
-0.09375  -0.032801
0.125  -0.0334575
-0.125  0.0680473
0.125  -0.0614468
-0.28125  -0.00452618
-0.09375  -0.0240075
0.1875  0.206269
-0.15625  -0.200998
0.15625  -0.179711
0.0625  -0.057719
0  0.0786636
0  -0.0224403
-0.09375  -0.273011
-0.125  -0.335689
0.0625  0.0548061
0  0.0822513
-0.09375  -0.0319949
0.03125  0.156626
0.1875  -0.00311573
0.03125  0.142565
0.0625  0.154788
0.125  0.013948
0  0.000431418
-0.1875  -0.0253492
0.03125  -0.173154
0.09375  -0.190732
-0.125  -0.0413302
-0.28125  -0.108406
-0.0625  -0.0702392
-0.09375  -0.058301
-0.3125  -0.247417
-0.0625  0.0190836
-0.15625  0.0075074
0.0625  -0.154525
0.21875  -0.119287
-0.03125  -0.102982
-0.125  0.0915526
0.09375  -0.147314
-0.25  -0.0775484
0.0625  -0.200583
0  -0.10532
-0.21875  0.13779
0.15625  -0.0350634
0.15625  -0.0963251
-0.125  0.0709903
0.03125  0.00889071
-0.1875  -0.132751
0  -0.129324
-0.15625  -0.00995615
0.0625  -0.104661
0.125  0.182485
-0.0625  -0.0524294
-0.15625  0.158669
-0.03125  0.0693886
0.15625  -0.212352
0.0625  0.116681
0.125  -0.00377787
0.0625  -0.153196
-0.03125  -0.0329595
-0.0625  -0.247012
-0.03125  0.182807
-0.03125  0.0593277
0.0625  -0.110656
0.375  0.0772653
0  -0.237263
0.03125  0.17608
0.0625  -0.149247
-0.03125  0.0944593
0.03125  -0.0777274
-0.09375  -0.192872
0  -0.0831069
0.125  0.13785
0  -0.0603933
-0.0625  -0.230906
0.125  -0.13547
0.15625  -0.239304
-0.28125  0.112136
-0.1875  -0.00856062
-0.1875  -0.113118
0.28125  -0.0339634
0.15625  0.21157
0.03125  -0.151642
0.03125  0.124487
0.1875  0.0829665
-0.0625  0.0353155
-0.21875  0.090835
-0.15625  -0.166227
0.28125  -0.163426
0.0625  0.0970726
-0.0625  0.206582
-0.0625  -0.0715256
0.1875  -0.0857273
-0.15625  -0.2833
0.09375  -0.011012
-0.09375  -0.0732282
-0.0625  0.0854006
0.125  -0.195114
0.15625  0.0900332
0.03125  0.0300988
0.1875  0.228097
0.0625  -0.168016
-0.03125  -0.0468767
0.0625  0.0277956
0.09375  -0.0751899
0.0625  -0.061632
-0.15625  -0.0481974
-0.09375  -0.0105946
0.0625  -0.130656
-0.125  -0.198887
-0.21875  0.0233776
0.125  -0.0784064
-0.09375  -0.22847
0.09375  -0.0770151
0.0625  -0.147358
0.09375  -0.311486
0.125  -0.0171657
-0.125  -8.49265e-05
-0.1875  -0.253261
0.28125  0.0216851
-0.09375  -0.0986612
-0.03125  -0.0440196
-0.0625  -0.0607654
-0.0625  0.148985
-0.0625  0.0115707
-0.15625  0.0204242
-0.15625  -0.0276433
0.03125  -0.0731051
0.03125  -0.0510054
0.03125  -0.187451
0.0625  -0.109843
0.125  -0.0750088
-0.125  0.0300327
-0.0625  -0.320532
0.0625  0.018341
0.25  -0.170741
0.09375  -0.117236
0.1875  -0.274985
0.125  -0.0500738
0.125  -0.0972807
0.03125  0.02739
0  -0.147541
-0.125  -0.203391
-0.0625  0.00891166
-0.0625  0.153132
0.125  -0.0845951
-0.0625  -0.134356
-0.125  -0.264498
-0.03125  -0.126355
0.25  -0.0790567
0.125  -0.0356277
-0.09375  0.189193
-0.21875  0.0398964
0.03125  -0.262084
-0.0625  -0.0120991
-0.03125  -0.336331
0.125  -0.0213117
0.21875  0.215349
0  0.00813546
0.09375  -0.170951
-0.03125  -0.0752421
-0.15625  -0.00704882
-0.21875  -0.0349901
0.0625  -0.0610009
0.03125  -0.0597068
-0.0625  0.00870356
0.125  -0.0950253
0.0625  -0.0755662
0.09375  -0.0372754
0.125  0.0554113
0.09375  -0.309256
0.09375  0.145967
-0.09375  -0.128089
0.0625  -0.117649
-0.0625  -0.0642313
-0.1875  -0.156662
0.125  -0.000842367
0.15625  0.00619722
-0.03125  0.036693
-0.15625  0.00913568
0  0.163706
0.09375  -0.0904447
0  -0.0167668
0.0625  -0.232042
-0.09375  -0.107232
-0.28125  -0.0493367
-0.21875  -0.252937
0.125  -0.106542
0.28125  -0.00149052
0.125  -0.0945313
-0.03125  0.000490987
-0.125  -0.183821
-0.1875  0.0314833
0.0625  -0.103464
0.125  -0.0381726
0  0.099344
0.0625  -0.0716988
-0.1875  -0.102412
-0.0625  -0.165248
0.15625  -0.0849471
0.21875  0.0256323
-0.0625  0.0958195
0.03125  0.0746393
0.0625  0.045341
0.0625  -0.115117
-0.15625  0.0436475
-0.0625  -0.0890705
-0.125  -0.0171603
0.125  -0.294453
0.03125  -0.0293332
-0.09375  0.122508
0.125  0.0455071
0.125  0.23764
-0.3125  -0.109011
-0.09375  -0.110157
0  0.0427566
-0.0625  -0.108948
-0.15625  0.174187
0.125  0.0705952
0.03125  -0.0260853
0  0.0658999
-0.15625  -0.141669
-0.0625  0.026674
0.15625  0.235776
0.03125  -0.0893105
0.125  -0.17108
0.21875  0.0727824
-0.09375  0.0910032
-0.1875  -0.0638247
0.03125  -0.129111
-0.125  -0.110817
-0.09375  -0.0881105
0.03125  -0.284166
0.15625  0.0858239
0.03125  -0.194809
0.15625  -0.180404
-0.125  0.0935922
0.21875  -0.0835857
-0.3125  -0.089016
0  0.0365015
-0.1875  0.0793305
0.25  0.103989
0.15625  -0.0998595
0.125  0.0396634
-0.25  -0.0561073
0.125  -0.00986628
0.21875  0.076563
-0.0625  0.102321
-0.0625  -0.0538758
0.0625  0.106899
0.09375  0.0181711
0.09375  -0.147499
0.03125  -0.00200326
0.15625  0.115203
0.03125  0.0704994
0.09375  -0.213116
0  0.180728
0.25  0.1268
-0.125  0.145124
-0.15625  -0.110901
0.03125  -0.115451
0.0625  0.240614
0.1875  0.109784
-0.09375  -0.0505657
-0.09375  -0.0742045
-0.0625  -0.0491853
-0.1875  0.0031346
0.03125  0.00767042
-0.0625  -0.0448543
-0.0625  0.0753263
-0.125  0.173505
0.09375  0.218628
0.0625  0.0601977
-0.03125  -0.0012125
0  -0.124168
0.03125  0.0697403
0  0.160736
-0.25  -0.0627235
0.15625  -0.20265
-0.125  0.104897
-0.125  -0.254552
0.09375  -0.169347
0.15625  0.0146523
0  0.153386
-0.25  0.0044828
0.09375  0.0312591
0.03125  -0.129808
0.1875  0.114742
-0.1875  -0.114174
-0.34375  -0.171123
0  -0.179394
0.125  -0.0308797
0  -0.170604
0  -0.0507451
-0.09375  -0.218227
0.21875  0.102439
0.1875  -0.288123
0.1875  -0.113283
0.03125  -0.0997822
-0.03125  -0.13114
-0.03125  -0.104864
0.03125  -0.16058
-0.09375  -0.0809981
0.15625  -0.202489
-0.0625  -0.204771
-0.0625  -0.361351
-0.03125  -0.0755611
-0.09375  0.0560165
-0.21875  0.0134033
0  -0.0408668
0.0625  0.0238421
-0.125  0.174434
0.03125  -0.140569
0.0625  -0.0388225
-0.09375  0.00736134
0.0625  -0.152818
-0.25  -0.11625
0.1875  -0.164344
-0.1875  0.0312841
0.15625  0.209381
0.21875  -0.0658622
-0.0625  0.0308381
0.21875  0.176757
-0.03125  -0.0460453
-0.25  -0.0168461
0  0.130876
0.125  0.14335
0.09375  0.0172266
0.1875  -0.0254127
-0.03125  0.0822811
0  -0.211301
-0.09375  -0.158048
0.1875  -0.197984
-0.0625  -0.124152
-0.375  -0.068597
-0.09375  -0.155599
0.09375  0.227879
0.0625  -0.00843955
-0.0625  0.057823
0.09375  0.1549
0.125  0.21734
-0.03125  0.0131526
-0.03125  -0.00305087
0.0625  0.118399
-0.03125  0.0119126
0.125  0.135492
-0.0625  -0.123408
-0.0625  -0.0638068
0.15625  0.221427
0.09375  -0.271674
-0.09375  0.112378
-0.09375  -0.193866
-0.3125  -0.121446
0  0.0113917
0  -0.0845759
-0.03125  -0.137219
-0.28125  -0.0358219
0.4375  0.0227269
0.0625  0.0432293
0.03125  0.142925
-0.0625  -0.135374
0.0625  -0.114386
0.03125  0.229577
0.125  0.104278
-0.03125  -0.0255846
-0.0625  -0.0924636
0.125  0.0454621
0  0.0143362
-0.09375  0.010182
-0.125  -0.151879
0.28125  -0.0330937
-0.03125  -0.0826818
-0.09375  0.234048
-0.09375  0.224256
-0.03125  0.171314
0.03125  -0.0319475
0.125  0.0101784
-0.15625  0.113758
-0.15625  -0.101531
0.21875  -0.280285
-0.125  0.0763904
-0.0625  -0.174206
0.15625  -0.001074
-0.25  -0.144306
-0.09375  -0.110372
0.09375  -0.113261
-0.0625  0.0636623
0.1875  -0.0300438
-0.1875  0.00594422
0.09375  -0.418312
-0.25  -0.00356523
-0.21875  -0.0746577
0.15625  -0.21562
0.3125  0.00987015
-0.15625  -0.0425596
0.0625  -0.0371946
-0.125  -0.175055
-0.0625  -0.245033
0  -0.161696
-0.03125  -0.0571353
0  -0.0232929
0.03125  0.115515
-0.09375  0.12018
-0.21875  0.179591
0.1875  0.0788787
-0.0625  0.0432044
-0.09375  -0.0141805
0.1875  -0.319828
-0.0625  -0.0711704
0.0625  0.129492
-0.25  0.183907
-0.09375  -0.154029
-0.03125  -0.18548
0.21875  0.0333065
0.25  -0.0586127
-0.03125  0.128407
0.09375  0.0692274
-0.03125  -0.0176651
-0.0625  0.0154463
-0.0625  0.226017
0  0.0824763
0.03125  -0.0706371
-0.0625  0.0370669
0.125  -0.154429
0.0625  -0.234634
0.15625  -0.107616
-0.1875  0.0946791
-0.03125  0.0729742
-0.09375  -0.0156758
0.25  -0.348205
0.03125  0.0679794
0.03125  -0.00375362
0.03125  -0.0860235
0.03125  0.0877977
0.125  -0.122619
0.28125  0.124555
-0.09375  0.076703
0.1875  0.164626
0.03125  0.0126952
0.0625  0.325454
0.09375  -0.0822031
-0.125  -0.0936057
0  -0.211943
-0.09375  -0.0523648
0.09375  -0.102818
-0.03125  -0.0155163
0.125  -0.0506787
-0.03125  -0.204612
-0.125  -0.220064
0.09375  0.00655552
-0.09375  -0.112046
0  -0.0143257
0.09375  0.113777
0.125  -0.122642
-0.15625  -0.249045
0  0.0143571
-0.15625  -0.0959471
0  -0.00542348
0  -0.0341036
-0.1875  -0.126894
0.0625  -0.0274
-0.15625  0.0617905
0.125  -0.0158727
0  -0.0212621
-0.1875  0.0711954
0  -0.0927372
-0.21875  -0.108516
-0.25  -0.0323524
0.1875  -0.101027
-0.0625  -0.088093
0.15625  0.0418773
-0.15625  -0.0417059
0.0625  0.0528559
0.03125  0.0402867
-0.15625  -0.164113
0.09375  -0.135222
-0.03125  0.0607142
-0.09375  0.0699524
0.09375  -0.0345356
-0.03125  -0.0727725
0.09375  -0.218456
0  0.0690447
0.25  -0.0211151
0.0625  -0.258058
-0.125  -0.0803477
-0.1875  -0.147664
0.21875  -0.0274044
0.1875  -0.187881
0.125  0.0142172
0.125  -0.00966838
0.0625  -0.0303073
-0.03125  -0.0783971
-0.09375  -0.131437
0  -0.0682353
0.03125  -0.121625
-0.03125  -0.289942
0.09375  -0.15973
-0.125  -0.0501078
-0.1875  -0.0276188
-0.0625  0.00283176
0.125  -0.0419685
0.03125  -0.0518722
0.21875  -0.00346187
-0.0625  0.0627521
0.15625  -0.128351
0.1875  -0.115784
0.1875  -0.137577
0.15625  -0.179658
0.1875  -0.243818
-0.09375  -0.18557
-0.09375  -0.220588
-0.03125  0.011522
0.03125  -0.0113031
-0.03125  -0.00668557
0.09375  -0.0455805
-0.3125  0.105164
0  0.0801913
-0.03125  -0.286553
0.03125  -0.06775
0.1875  0.0994955
-0.4375  -0.167994
-0.0625  -0.192994
0.0625  0.0547284
-0.03125  0.0546916
0.0625  0.0185826
-0.21875  -0.0702833
0.09375  0.0870438
0.03125  -0.0653973
0.03125  0.00852728
-0.15625  0.0922976
-0.03125  -0.173659
0.03125  0.15179
0.21875  -0.0968316
0.09375  0.0466911
0.0625  -0.101658
-0.09375  -0.132635
-0.0625  -0.247799
0.09375  -0.00122984
0.09375  0.0535404
0  -0.152673
0  0.0420105
-0.15625  -0.054102
-0.0625  0.179446
0.125  -0.0245812
0  -0.00268815
0.1875  0.0419667
-0.0625  -0.0853128
-0.1875  -0.0869373
-0.125  -0.00912055
-0.09375  0.197072
0.1875  -0.134642
0.03125  -0.106524
-0.1875  -0.185489
-0.21875  -0.0393757
-0.1875  -0.113734
0.15625  -0.302391
0.0625  0.0159692
0.09375  -0.146464
0.0625  0.0322567
-0.0625  -0.0627892
-0.09375  -0.0779964
0.09375  -0.0900856
0  -0.326665
0.09375  -0.055658
-0.09375  -0.0620405
-0.03125  -0.104968
-0.125  -0.225943
0.09375  0.0687032
-0.1875  0.166654
-0.09375  -0.0461955
0.15625  0.0444794
-0.09375  -0.0298857
-0.0625  0.102935
-0.03125  -0.0479169
-0.15625  0.239665
0.09375  -0.223725
-0.125  0.0735169
-0.0625  -0.0362327
0  -0.0159589
0.3125  -0.226596
-0.09375  0.0277949
0.21875  0.19981
0.09375  -0.0387869
-0.09375  -0.0332789
0.125  0.0304848
-0.03125  -0.0629699
0  -0.331915
-0.03125  -0.0585659
0.03125  0.127343
0.3125  0.062897
0.03125  0.0727599
0.15625  -0.184466
-0.03125  0.0327044
0.03125  -0.256237
0.125  -0.0476335
-0.1875  -0.0715312
0.15625  -0.251412
0.15625  -0.100093
0.03125  -0.24122
0.09375  -0.00418529
-0.125  -0.0723761
0.0625  0.0123624
-0.0625  -0.139229
-0.03125  0.0619603
-0.21875  -0.0838956
-0.03125  -0.131595
-0.0625  0.132558
0.09375  -0.133073
-0.03125  -0.0489595
-0.09375  -0.199488
0.03125  -0.275483
0.03125  -0.0118274
0.0625  0.0199837
-0.03125  0.186693
0.0625  -0.116712
-0.0625  0.0802674
0.21875  -0.172481
-0.0625  0.077714
-0.15625  -0.238005
0.03125  0.118183
-0.1875  -0.270337
0.03125  -0.132198
0.0625  0.106666
-0.21875  -0.117864
0  -0.0345647
0.03125  -0.0261624
0.03125  -0.1452
0  -0.0927052
0.28125  -0.204086
0.125  -0.201418
-0.03125  -0.098334
-0.0625  -0.157751
0  0.0247318
-0.09375  -0.122941
-0.3125  -0.174146
-0.09375  -0.00765231
0.25  -0.21842
0.15625  -0.0333937
-0.125  -0.213671
-0.0625  -0.172084
-0.28125  -0.0720597
-0.25  0.168497
-0.125  0.0989825
0.25  0.0665885
0.03125  -0.149463
-0.25  0.0403314
0.4375  0.198588
-0.09375  0.149753
-0.1875  -0.178394
0.03125  -0.179621
0.03125  -0.0626006
0.15625  -0.123732
0.03125  -0.171012
-0.0625  -0.0364532
-0.125  -0.112381
-0.03125  -0.063149
0.0625  -0.210045
0.125  -0.123353
-0.03125  -0.111698
0.03125  -0.191749
-0.09375  0.067731
-0.15625  0.0587182
0.03125  -0.0230769
-0.15625  -0.0882025
0.0625  -0.0476941
0.15625  0.0440612
0.15625  -0.197396
0.09375  0.040874
0.15625  -0.0890724
0  0.041489
0.03125  0.106716
0  0.102293
0.09375  -0.0199838
-0.25  -0.146613
-0.0625  -0.0738817
-0.125  0.0594649
0.03125  -0.070881
-0.09375  0.0932242
-0.03125  -0.157287
-0.1875  0.00152449
-0.0625  -0.0234329
-0.1875  0.0263632
-0.125  -0.168917
0.1875  -0.00968223
-0.03125  -0.246044
-0.09375  -0.276293
0.09375  -0.0523192
0.0625  -0.209138
-0.09375  0.030753
0.3125  -0.100041
-0.03125  0.0348304
-0.0625  0.0761453
-0.15625  0.0543568
-0.0625  0.0599055
-0.125  0.0311664
0.09375  -0.144589
0.15625  -0.0758665
-0.0625  0.220626
0.09375  0.0232295
-0.03125  0.116863
-0.1875  -0.0590016
0.125  -0.116152
0.03125  -0.00550632
-0.09375  -0.135709
0.09375  -0.102445
0.0625  0.0155428
0.0625  -0.0336518
-0.0625  -0.104172
-0.0625  0.0894339
-0.0625  -0.0619622
0.03125  -0.0231041
0.03125  -0.229906
0  0.0479794
0.0625  -0.0899206
-0.125  -0.144023
-0.09375  -0.236852
-0.09375  0.0599397
0.03125  -0.0899235
0.03125  0.202154
0  -0.016207
0  -0.174181
-0.03125  0.0304095
0.09375  -0.16195
0  -0.124471
0.0625  0.0328868
0.15625  -0.361727
-0.0625  -0.160267
-0.09375  -0.238403
0.09375  0.0163843
0.125  0.128328
0.03125  0.0191886
0.0625  -0.103717
0.03125  0.067294
0.1875  0.0543745
0.09375  -0.0471231
0.125  -0.160253
0.125  -0.0394413
-0.15625  0.119207
-0.0625  -0.117856
-0.09375  -0.0233849
-0.125  -0.0405959
0.15625  -0.197608
0  -0.0155672
0.03125  -0.164036
0.03125  -0.0370625
0.09375  0.016623
0.125  0.052338
-0.09375  -0.265211
0.25  -0.322958
-0.03125  -0.14555
-0.09375  0.112213
0.03125  -0.0965224
0.125  -0.129367
0  0.013927
0.125  0.114943
0.125  -0.0395778
-0.09375  0.00538219
-0.0625  -0.198853
-0.0625  -0.0325488
0.125  -0.34892
-0.1875  0.00728274
-0.0625  0.125517
-0.125  -0.011104
0.09375  -0.0195573
-0.03125  -0.0115646
0  0.170821
0.25  0.0314139
0.28125  0.110267
0.125  -0.0898364
-0.03125  -0.0166801
0.09375  -0.142212
0.15625  -0.0809089
-0.0625  0.0406859
0.03125  0.0504359
0  0.174959
-0.125  -0.0879315
-0.09375  0.211734
0.09375  0.271144
0.1875  -0.141403
0.09375  -0.214891
0.1875  -0.148149
-0.03125  -0.169171
0.15625  0.208532
0.0625  -0.124946
-0.03125  0.191544
0.1875  -0.216279
0.25  -0.439089
0.09375  -0.0716962
0.03125  -0.0708561
-0.03125  0.030259
-0.1875  -0.241788
-0.03125  -0.125688
0.03125  -0.0651738
0.21875  -0.0245296
-0.25  -0.168419
0.125  0.0267809
0  -0.194604
-0.0625  -0.100685
-0.1875  -0.056037
0.0625  0.216476
0.15625  -0.0555988
0.0625  -0.18608
0.15625  0.2924
-0.1875  -0.114459
0  -0.191679
0  0.0478199
0.28125  -0.290541
0.03125  -0.179658
-0.09375  -0.260804
-0.0625  0.0176324
0.03125  0.0815073
0  -0.108603
-0.28125  -0.12388
-0.15625  0.231729
0.125  -0.0767627
0.0625  -0.0762736
0.03125  0.00348817
-0.125  -0.0987249
-0.15625  -0.103436
0.125  0.00900326
0.125  -0.0710915
0.09375  -0.0531902
0  -0.0908553
-0.09375  -0.0339771
-0.03125  0.0573392
0.03125  -0.00324991
0  -0.344963
-0.1875  0.126706
-0.03125  -0.16917
-0.15625  -0.0531439
0.0625  -0.199769
-0.21875  -0.205686
0.03125  0.154904
-0.09375  0.0178634
0.03125  0.113993
0.0625  -0.0288223
0.28125  -0.120994
-0.21875  -0.030721
0.0625  -0.118437
0.03125  0.0319276
-0.125  -0.0860468
0.03125  -0.111203
-0.03125  0.0768522
-0.03125  -0.024581
0.03125  -0.176024
0.25  -0.165595
-0.0625  0.0899501
0  -0.0552102
0.125  0.286355
-0.15625  -0.177236
0.21875  -0.153006
-0.09375  -0.0278324
0.15625  -0.101113
0.09375  0.130302
-0.0625  0.0557894
-0.03125  -0.128853
0.03125  -0.179809
-0.15625  -0.013578
0  -0.160189
0  0.0300873
0.0625  0.0372344
0.3125  -0.0128543
0.09375  -0.123802
0.15625  -0.201362
-0.09375  -0.12719
0  -0.200784
0.0625  -0.0271048
-0.09375  -0.280287
0.1875  -0.173575
-0.125  0.0179424
0.125  -0.0912912
-0.21875  -0.185503
0  0.0716667
-0.125  -0.158221
0.03125  -0.0366965
-0.15625  -0.131217
0.0625  -0.0169016
0.03125  -0.0439547
-0.125  -0.237013
0  0.00540625
-0.21875  -0.12688
0.1875  -0.0938301
0.125  0.0211547
-0.0625  -0.23801
-0.125  0.0625715
-0.125  -0.039596
-0.0625  0.0824526
0.28125  -0.216736
-0.40625  0.0465119
0  -0.206704
-0.09375  -0.182854
0.15625  0.0854504
-0.03125  -0.0649483
-0.21875  -0.109305
0  0.0239841
0  -0.0910422
-0.03125  -0.159671
-0.03125  -0.151087
0.03125  0.039784
0  -0.0335434
-0.09375  0.0884866
0.15625  0.00636518
0.03125  -0.0428646
-0.125  0.301116
0  -0.231446
-0.15625  0.18139
-0.125  -0.164985
-0.15625  -0.0467431
-0.0625  -0.0994511
-0.1875  -0.0450362
-0.125  0.0180273
0.375  0.0676726
0.09375  -0.027356
0.0625  -0.029413
-0.1875  -0.250415
-0.15625  0.0249326
-0.0625  -0.140416
0.15625  0.142017
0.03125  -0.173543
0.0625  -0.220844
0  0.0798019
0.0625  -0.0439126
0.15625  -0.04151
-0.03125  -0.212108
0.03125  -0.21153
-0.15625  -0.263983
-0.15625  -0.0104698
0  0.0523069
-0.21875  -0.0453146
0.1875  -0.0511693
-0.03125  -0.00448778
-0.0625  0.168512
0.125  -0.276371
0.21875  0.0307612
-0.21875  -0.157628
0  -0.195999
0  -0.130264
0.0625  0.0860732
-0.09375  -0.0499214
0.09375  -0.261763
-0.3125  -0.14926
-0.03125  -0.0385325
-0.125  -0.0881648
0.15625  0.151909
-0.09375  0.217688
0.03125  -0.0608933
-0.125  0.0401245
0  -0.124339
0.1875  -0.0210674
-0.28125  -0.108863
-0.1875  0.0806101
-0.09375  0.122923
0.125  0.0563121
-0.1875  -0.0431415
0.125  0.0168144
0.0625  -0.0411138
0  -0.25334
0.09375  -0.16131
0.25  0.00535865
0.125  -0.072725
0.03125  -0.329774
0.0625  0.0128363
0.03125  -0.33517
-0.0625  0.0484771
0.09375  -0.00241115
0.03125  -0.106365
0  -0.0453717
-0.0625  0.0362164
-0.0625  0.0170222
-0.09375  0.0901854
0.0625  0.0930839
-0.03125  0.073797
-0.1875  0.109425
0.0625  -0.0784497
-0.15625  -0.0889196
-0.03125  -0.0576743
0.0625  -0.0386521
-0.21875  -0.260636
0.15625  -0.104901
-0.09375  -0.00750728
0.21875  0.028919
0.03125  0.15042
-0.09375  -0.105667
0.1875  -0.239783
0.03125  -0.199946
0.15625  -0.0856833
0.03125  0.114339
-0.125  0.0788065
0.09375  -0.0597965
-0.03125  -0.15268
0.03125  -0.152037
-0.03125  -0.0284561
-0.03125  -0.135632
0.03125  0.02116
0.03125  0.153865
0.09375  -0.0978484
0.15625  -0.113073
0.09375  -0.190309
-0.09375  -0.134527
-0.15625  -0.192382
0  0.0186424
0.1875  -0.207772
-0.15625  0.0121814
0  -0.0872931
-0.21875  0.0144459
0.15625  0.00864599
-0.21875  -0.123104
-0.03125  -0.0055441
-0.1875  -0.0403663
0  -0.0543261
0  -0.19546
-0.09375  -0.244243
0.25  -0.00438471
0  0.0320544
-0.0625  -0.152033
-0.21875  -0.103243
-0.03125  0.051861
0.0625  0.0741466
0.03125  -0.016008
-0.125  0.0626965
-0.125  -0.112013
0.15625  -0.0202393
0.3125  -0.130417
-0.03125  0.0729178
0.125  -0.0663998
-0.03125  -0.227423
-0.03125  -0.114543
-0.09375  -0.121396
-0.1875  -0.290527
-0.0625  0.0572635
0.15625  -0.18174
-0.25  0.0324176
0.03125  -0.176197
-0.28125  -0.131848
0.03125  -0.0342788
-0.03125  -0.0130514
-0.0625  -0.153884
-0.125  -0.0268588
-0.0625  -0.127772
-0.03125  0.0994067
-0.15625  -0.0629488
-0.09375  -0.318517
-0.125  -0.125275
0.0625  -0.0138844
-0.0625  0.000191358
-0.125  0.0516724
0.03125  -0.158684
0  0.113467
0.03125  0.0134494
0  0.0517348
-0.125  -0.12697
-0.03125  -0.101569
-0.28125  -0.213027
0.125  -0.167085
0  0.0500106
0.09375  0.0115746
-0.21875  0.0553265
-0.03125  -0.0933672
-0.0625  -0.0486927
-0.03125  0.0378142
0.03125  -0.0245886
0.125  -0.25884
0.09375  -0.0111335
0.15625  0.125026
-0.1875  0.082301
0  -0.0536964
-0.09375  -0.0272562
-0.0625  0.087249
-0.125  -0.00751415
0.09375  0.0232221
-0.1875  0.122616
0.09375  0.136166
0  -0.0279408
0  0.155586
0.1875  -0.0697328
0  -0.250694
0.09375  -0.0890383
0.15625  0.0430795
-0.125  -0.0114237
0.03125  -0.19316
0.03125  -0.132312
-0.03125  -0.0417162
-0.09375  -0.0354397
-0.03125  0.0270947
0.15625  -0.185276
-0.03125  0.0649578
0.0625  -0.331746
-0.03125  -0.264157
0.03125  -0.0873363
-0.15625  -0.224315
0.03125  -0.04642
0.09375  0.0155692
-0.15625  -0.0726029
0  -0.0795292
0.0625  -0.20557
0.1875  -0.107606
-0.1875  -0.132054
-0.125  -0.0285579
0.0625  0.0651199
-0.125  0.108529
0.15625  -0.258935
0.125  -0.324273
-0.03125  -0.110533
0.0625  -0.0293807
0.125  -0.0817264
-0.09375  0.202512
0.09375  0.0223176
-0.125  0.039364
-0.09375  0.0759494
-0.0625  -0.124005
0.03125  -0.00188873
-0.09375  -0.311929
-0.09375  -0.0894269
0.125  -0.164013
0.15625  0.0905843
0.25  -0.100435
-0.03125  -0.178993
0.03125  -0.148087
0.15625  0.110589
-0.15625  -0.132343
-0.09375  -0.302071
0.1875  -0.203204
0.09375  -0.219988
0  0.0412457
-0.09375  0.0188591
-0.0625  -0.111384
-0.0625  -0.283186
-0.21875  -0.0835932
-0.0625  0.055738
0.09375  0.0092122
0.15625  -0.0506364
-0.0625  -0.0373181
-0.09375  -0.0801386
0.1875  0.0580084
0  -0.255269
-0.15625  0.00911724
0.15625  -0.122947
0.28125  -0.0485637
0.09375  0.0467242
-0.15625  -0.0394934
0  0.154008
0.15625  -0.158837
0.03125  -0.0817182
0.15625  -0.188082
0.21875  0.0930696
0  -0.176668
-0.09375  -0.133408
-0.25  0.0364231
0.25  -0.194221
0.03125  0.0600039
-0.125  -0.0657383
-0.09375  -0.124147
-0.1875  0.0841685
-0.0625  0.0462841
0.125  0.0501856
-0.0625  0.0716433
0  -0.13756
0  0.280962
-0.03125  -0.128577
-0.15625  0.105819
-0.0625  -0.0199224
0.21875  -0.178573
-0.03125  -0.087961
-0.0625  -0.115583
-0.25  0.155659
-0.0625  -0.209457
0.15625  0.00960948
0.09375  -0.085794
-0.0625  -0.203624
-0.1875  0.163517
0.09375  -0.0780846
0.0625  -0.213586
0.0625  -0.251593
0.1875  -0.161558
0.09375  -0.0150126
-0.125  -0.171522
-0.03125  0.034317
-0.0625  0.05183
0.0625  -0.0757952
-0.0625  -0.173375
0.09375  -0.157867
0.03125  -0.200297
0.03125  -0.135503
0.0625  -0.0572565
0.09375  0.0463494
-0.15625  -0.0649758
0.0625  0.0121582
-0.0625  -0.146904
0.09375  -0.0892604
0.125  -0.298737
-0.125  -0.142077
0.03125  -0.0761928
0.21875  -0.156163
-0.0625  -0.228957
0.34375  -0.10938
-0.09375  -0.0959408
0.09375  0.127879
-0.25  -0.0223421
0.125  -0.173362
-0.03125  -0.414447
0.21875  0.278796
0.09375  -0.182534
-0.09375  -0.0782047
-0.03125  -0.0347693
0  0.150357
0  0.0522521
0.125  0.0175528
0.15625  -0.05651
0.03125  0.0393378
-0.0625  0.11424
0.09375  0.103267
0.1875  0.147654
0  -0.0043324
0.15625  0.0105136
-0.15625  -0.208089
-0.03125  -0.25385
0.03125  -0.187887
0.1875  -0.139951
-0.125  0.229881
0  -0.0849964
-0.09375  0.0134766
0.125  -0.00947014
0.03125  -0.0443061
0  -0.115649
0.0625  -0.112697
-0.09375  -0.0120025
-0.25  0.0252186
-0.0625  0.160329
0.03125  -0.0938526
0  0.0250008
0.09375  0.0190118
-0.1875  0.0177926
0.15625  -0.215241
-0.03125  0.00556671
-0.125  0.170062
0  -0.134468
0.25  -0.0031117
0  0.0333962
-0.34375  -0.0808064
-0.0625  -0.0849007
0  0.0572243
-0.09375  0.0173032
-0.15625  -0.0160392
0.03125  -0.131757
0.0625  -0.0232122
0.03125  -0.00434533
0.125  0.108789
0.0625  -0.0631638
0.09375  -0.197007
-0.09375  -0.295393
-0.09375  0.0780396
0  0.0871154
0.09375  0.183532
0.15625  -0.215318
0.03125  -0.0858425
0.03125  -0.0736087
-0.15625  0.0254396
-0.09375  -0.035222
-0.09375  -0.201708
0.15625  -0.139793
-0.125  0.107142
0.09375  -0.082836
-0.09375  0.0214514
-0.0625  0.0243176
-0.09375  0.0177522
-0.21875  0.156999
-0.03125  -0.0294711
-0.09375  -0.00182552
0.03125  -0.0252727
0.125  0.078286
-0.03125  -0.0721377
0.0625  -0.0143946
0  -0.231329
0.0625  0.052311
0.15625  0.0604974
0.03125  -0.0283298
0.03125  -0.00257056
-0.125  -0.140635
-0.0625  -0.0998976
0.0625  -0.0785182
-0.09375  -0.0260978
0.03125  0.156193
0.25  -0.0497931
0.0625  -0.411689
0.03125  -0.0294959
-0.09375  0.0743614
-0.125  -0.056974
-0.1875  -0.0117004
-0.0625  -0.137142
0.09375  -0.139809
-0.15625  -0.0958017
-0.21875  0.0707336
-0.03125  -0.0686573
0.03125  0.0821739
0.1875  -0.228191
0.09375  0.0292853
-0.09375  -0.164052
-0.21875  0.0923011
0.09375  0.0810258
0  -0.261939
-0.15625  -0.102555
0.03125  0.0692352
0  -0.0443587
-0.125  -0.384199
-0.15625  -0.195663
-0.0625  -0.102084
-0.09375  -0.0554281
-0.15625  -0.236785
0.15625  -0.206181
0.21875  -0.174025
0  0.00914765
0.125  0.124729
-0.09375  -0.166223
-0.0625  0.0882146
-0.03125  -0.180896
-0.1875  0.213997
-0.125  -0.13782
0  0.00127319
0.09375  -0.122388
-0.03125  -0.187736
0  -0.245111
0.0625  -0.13205
-0.21875  0.0959401
0.0625  -0.219318
0.0625  -0.116304
-0.09375  0.120178
0.0625  0.116292
0  -0.0687199
0  -0.186849
-0.09375  -0.240063
0.09375  -0.0469815
0  0.0312348
0.03125  -0.0821467
-0.03125  -0.0585449
0.03125  -0.191302
0.25  0.0325539
0.15625  -0.00768
-0.1875  -0.107353
0.0625  -0.139865
-0.09375  -0.137759
0  0.0765323
0.25  -0.321548
-0.125  -0.0936841
0.09375  -0.251124
0.03125  -0.0476452
0  -0.0139589
0.125  0.125467
0.09375  -0.0676613
0.0625  -0.193246
-0.0625  0.0606676
-0.125  -0.205436
-0.03125  0.0423821
0  -0.134443
-0.0625  -0.199327
0.15625  -0.212385
-0.15625  0.0420756
-0.0625  -0.00449904
0  -0.103342
-0.09375  0.0426353
0.03125  -0.0805996
-0.125  -0.0991375
-0.09375  -0.0109119
-0.0625  0.0693604
-0.03125  -0.347865
0.09375  -0.0146891
-0.03125  -0.0723366
-0.15625  0.00597909
0.15625  -0.0019116
-0.03125  -0.10562
0.28125  -0.11439
0.09375  -0.169583
0.15625  0.247461
0.03125  0.0751971
0.15625  0.00335536
0.03125  -0.0193501
0.03125  -0.0105394
0.09375  -0.0814508
0.125  -0.287694
0.09375  0.0824824
-0.0625  -0.118134
-0.09375  -0.127959
0.0625  -0.233568
0.03125  0.0383346
-0.03125  -0.0307822
0.125  0.0677044
0  -0.0878746
0.15625  -0.141789
-0.1875  -0.0271176
-0.03125  -0.130354
-0.03125  0.183721
0.1875  0.144263
0.0625  0.0941303
0.125  -0.0644202
-0.15625  -0.0654211
0.21875  0.0681723
0.15625  -0.0679643
0.0625  0.177593
-0.09375  -0.177083
0.0625  -0.112355
0.15625  -0.202388
0.1875  0.083816
0.15625  0.102788
-0.125  -0.177306
-0.0625  -0.022219
0  0.281783
-0.03125  -0.0355283
0.03125  0.0568002
-0.03125  -0.0291698
-0.09375  -0.0588496
0  -0.106881
-0.0625  -0.0960317
0.21875  0.0349911
-0.03125  -0.0627375
0  -0.0949007
0.03125  -0.16528
0.03125  -0.0375159
-0.0625  -0.243101
0.03125  -0.201376
0.125  0.0882802
0.03125  -0.0980762
-0.15625  -0.0691431
0.03125  -0.0726142
0.03125  0.00749582
-0.15625  -0.0755558
0.03125  -0.0990732
-0.0625  -0.0381873
-0.0625  -0.223456
-0.25  0.0103922
-0.0625  -0.158912
0.0625  -0.228732
0  -0.298537
-0.03125  -0.0214254
-0.25  0.0755196
-0.0625  0.019722
-0.125  0.024992
-0.09375  -0.1468
-0.09375  -0.152699
0.09375  0.00460835
-0.3125  -0.180007
-0.03125  -0.223151
0.0625  0.151808
0  -0.211238
0.125  0.0683515
-0.1875  0.102431
-0.28125  0.00190187
0.125  -0.027893
-0.03125  -0.0811746
-0.03125  0.147033
0.125  0.00113837
0  -0.262208
-0.125  -0.0794974
-0.03125  0.12388
0.09375  -0.0668508
-0.125  -0.264635
-0.09375  0.0308412
-0.125  -0.0643287
0.03125  -0.0175097
0  0.0470349
0  -0.140865
0.375  -0.0998504
-0.15625  -0.35169
0.1875  0.0638703
-0.125  -0.146527
-0.03125  -0.0905835
-0.03125  0.0607981
0.0625  -0.0556897
-0.03125  -0.143652
-0.21875  -0.266662
-0.0625  -0.277037
0  -0.0119007
-0.125  -0.19932
-0.0625  -0.108325
0.15625  -0.0421685
0.03125  -0.15428
-0.09375  -0.0750121
-0.0625  0.143812
0.09375  -0.106115
-0.09375  -0.00583316
0.15625  -0.0394169
0.21875  -0.111771
-0.0625  -0.188503
0.0625  0.172433
0  0.112303
-0.15625  -0.167693
0.03125  -0.151678
0.125  -0.0381538
0.09375  0.00348608
0.375  -0.294105
-0.1875  -0.0291691
-0.125  -0.121442
-0.09375  0.106077
-0.125  -0.0158584
-0.15625  -0.108181
-0.21875  0.122711
0.0625  -0.193846
-0.09375  -0.0989303
0.0625  0.0743139
-0.125  -0.0983833
0  0.04816
0.09375  0.0888086
0.09375  -0.137735
0.125  0.0563443
-0.03125  -0.0396103
0.09375  -0.0145357
-0.09375  -0.0549833
0.15625  0.0110352
-0.09375  0.0133474
0.125  0.0123938
-0.0625  0.0239923
0.15625  -0.0318755
0.0625  -0.073394
0.0625  -0.110076
0.0625  -0.270499
-0.03125  -0.121968
0  -0.14498
0  -0.107006
0.03125  0.0189744
-0.03125  0.0392665
0.125  -0.198254
0.03125  0.0114086
0.125  -0.128526
0.1875  -0.114897
0  0.054119
0.09375  -0.031167
0.03125  -0.086583
0  -0.163508
-0.0625  -0.0297591
0.15625  0.0141144
0.125  -0.17579
0.03125  -0.213417
0.1875  0.00529309
0.09375  -0.234916
0.09375  -0.0859378
-0.03125  -0.0404485
0.0625  -0.046652
0.03125  -0.173064
0.21875  0.0188632
0  0.193959
0.09375  -0.0598267
-0.0625  -0.145416
-0.03125  0.118208
-0.0625  0.00152417
0.03125  0.0264035
0.125  0.015408
-0.15625  -0.0240363
0.0625  -0.0340084
-0.09375  -0.11581
0.21875  0.0342524
0.03125  -0.0137794
-0.0625  0.0502519
-0.125  -0.234113
0.1875  -0.0403542
-0.0625  -0.132431
0  0.127301
-0.03125  -0.112826
0.0625  0.00771168
0.03125  0.170029
0.0625  0.0998498
-0.03125  -0.0534663
0.3125  -0.164214
0.0625  -0.100695
0.03125  -0.0615392
0.125  -0.0507611
0.09375  -0.123216
0.09375  -0.124929
-0.3125  0.177893
-0.0625  -0.0106489
-0.0625  0.00753064
-0.15625  -0.0287317
-0.25  0.0125691
-0.03125  -0.166652
0  -0.139711
-0.25  -0.0657173
0.0625  0.0569116
0.09375  -0.0580433
-0.09375  0.0174419
0.09375  0.0666274
0.21875  -0.00612972
-0.03125  0.134733
0.0625  0.0855489
-0.03125  0.0407276
-0.03125  -0.0263101
0.0625  -0.141091
0.0625  -0.0923847
0  -0.14011
-0.125  -0.014853
0.21875  0.0958502
0  -0.0657835
0  -0.000539256
-0.0625  -0.275475
0.03125  0.0795187
-0.0625  -0.083581
0.0625  -0.0477068
-0.0625  0.139005
-0.03125  0.0621428
0.03125  -0.201314
0.21875  -0.0980838
0.1875  0.024162
0  -0.0506201
-0.15625  -0.0880413
0.125  0.141013
0.15625  -0.127498
-0.0625  0.180997
-0.15625  0.209725
0.25  0.114183
0  -0.0944983
0  -0.181172
-0.125  -0.111273
0  -0.0354658
-0.15625  -0.0800294
0.125  -0.0197588
0.15625  -0.113922
0.125  -0.0597015
0.25  -0.0241108
0.125  -0.111268
-0.03125  -0.299595
-0.1875  -0.08572
-0.0625  -0.0799143
-0.125  -0.0686008
0.09375  0.16208
-0.1875  -0.11948
0  -0.161194
-0.21875  0.10685
-0.0625  0.0296025
0.03125  -0.0546261
0.15625  -0.0388675
-0.125  0.153951
0.125  0.107103
-0.125  -0.234331
0.25  0.0531278
0  0.0297304
-0.21875  -0.0903179
0.03125  0.393163
0.09375  -0.0286201
0  -0.29252
0.09375  -0.00419235
0.03125  0.000432558
0.15625  -0.0314673
-0.09375  -0.101873
0.375  -0.163604
0.125  0.130989
0.1875  -0.0930661
0  -0.0296156
-0.03125  -0.227789
0.125  -0.0920748
0.09375  0.0253264
0.0625  -0.0135279
0.0625  -0.0412401
-0.03125  0.0484752
0.0625  -0.177594
0.15625  0.041234
-0.03125  0.129033
0.03125  0.104288
-0.03125  -0.0738321
0.15625  -0.00714841
0.3125  -0.153732
0  -0.000898666
0.1875  -0.0833431
-0.03125  -0.0362201
0.03125  -0.187282
0.125  -0.111226
0.0625  0.0866422
-0.09375  -0.00997908
0.1875  0.0721912
0.125  -0.0978207
-0.3125  0.0151853
0.09375  -0.0443767
-0.09375  0.0306633
-0.34375  -0.153579
0  0.0131844
0.0625  0.0687846
0.03125  0.0366868
0.09375  -0.0798568
0.125  -0.0537072
-0.0625  -0.0560809
0.1875  -0.0190413
0.28125  -0.335835
0.09375  -0.186031
-0.0625  0.106303
-0.0625  -0.0732898
0  -0.184856
-0.03125  0.0541483
0  -0.118591
-0.15625  -0.0812292
-0.0625  -0.170393
-0.03125  -0.271614
0.21875  -0.0803616
-0.09375  0.00767386
-0.03125  -0.077881
0.0625  0.219647
0.1875  -0.0341595
0  -0.102302
-0.09375  -0.0485126
0.09375  0.125401
0.03125  -0.0219745
-0.09375  -0.0433517
0.15625  -0.0881669
0.125  -0.0901999
0.0625  0.0559662
-0.125  -0.049769
0.0625  0.05649
0.125  -0.0737746
0.09375  -0.171021
0  0.021084
-0.125  0.1882
-0.0625  -0.10625
0.0625  -0.18373
-0.03125  -0.126216
-0.09375  -0.0581283
0  0.204913
0.1875  0.127984
0.03125  0.355954
-0.0625  -0.00250112
-0.15625  -0.233246
0.0625  0.0510397
0  -0.185536
0.03125  -0.170872
-0.0625  -0.107502
0.09375  -0.201019
0.15625  -0.0271623
0.21875  -0.177261
0.09375  -0.00288534
0.03125  -0.00274385
0.125  0.0806387
-0.125  0.111264
-0.125  0.0103421
0.09375  -0.0908837
-0.0625  -0.0123621
0.03125  -0.128633
0.125  -0.178551
0.03125  -0.0299917
0.15625  0.0751777
0  -0.0692249
-0.28125  0.0545598
0.0625  -0.271052
-0.09375  -0.0149523
0.09375  0.124956
-0.03125  -0.243704
-0.0625  0.229148
0.09375  0.0108342
-0.09375  -0.0226315
-0.15625  -0.0650154
-0.15625  0.0267419
0.03125  0.0456185
-0.15625  0.219229
-0.0625  0.00601841
0.125  0.174762
-0.3125  0.0413387
0.03125  -0.0205508
-0.1875  -0.156071
0.125  -0.117819
-0.125  -0.154378
0.03125  -9.68983e-05
0  0.116068
0.0625  0.0337194
-0.03125  -0.0590249
-0.0625  -0.0543268
0.03125  0.0137286
-0.09375  -0.120979
0.1875  0.153485
0  0.100876
0  -0.25376
0  0.167054
-0.15625  -0.0376271
-0.09375  0.0445633
0.03125  0.0404726
-0.0625  0.0151873
-0.0625  0.0808408
-0.03125  -0.0334273
0.125  -0.246417
0.1875  -0.154745
0.03125  0.0670585
-0.25  0.0587895
-0.03125  0.0483859
-0.25  -0.0885223
0.0625  0.103258
-0.09375  -0.162538
-0.03125  -0.0441067
0.09375  -0.0489963
0.03125  -0.039036
0.1875  -0.0295969
0.0625  -0.101833
-0.0625  0.0134965
-0.15625  -0.176501
-0.03125  0.145802
0.03125  0.069525
0.0625  -0.0979785
-0.0625  -0.104235
0.125  0.0133478
0.0625  -0.0102892
0  -0.134283
-0.03125  -0.0501602
0.21875  0.128769
0  -0.272993
-0.15625  0.00834161
0.15625  -0.0258342
-0.125  -0.110048
-0.03125  0.00479096
0.09375  -0.188291
0.125  -0.122109
-0.125  0.000145175
-0.03125  -0.0412777
-0.09375  -0.140209
0  0.0793345
-0.09375  -0.058985
0.15625  -0.320519
0  0.0581277
-0.03125  0.0714446
0.125  -0.154028
-0.03125  -0.00631406
0.15625  0.0340442
0.0625  -0.0587133
-0.21875  -0.103313
0.0625  0.047404
-0.0625  -0.0736096
0.3125  0.10094
0.15625  -0.188311
0.03125  0.0317276
-0.09375  0.11405
0.0625  -0.0575799
-0.03125  0.0269623
0.03125  0.0132068
0.21875  0.0216266
-0.09375  -0.13466
0.0625  0.0275615
0.15625  -0.0724644
-0.09375  -0.206466
0.15625  -0.02302
0.09375  -0.0571346
-0.125  -0.248126
0  0.0296171
0.15625  -0.0786272
0.03125  -0.201991
-0.125  0.0226826
0.125  -0.160137
-0.3125  0.0900509
-0.0625  -0.280379
0.125  -0.353854
-0.0625  -0.0415311
-0.34375  0.0192883
0.09375  -0.202054
-0.03125  0.0501114
0  -0.0525818
0.1875  -0.183093
0.0625  0.0620879
-0.09375  0.226214
0.125  -0.118756
-0.125  0.00207787
0.09375  -0.116707
-0.0625  0.0271458
0.0625  -0.0168015
0  -0.184921
0.0625  -0.218771
-0.0625  -0.229911
-0.0625  0.0472042
0  -0.0868544
-0.3125  -0.206843
-0.21875  0.0106073
0  -0.20266
0.125  0.151856
-0.0625  0.265847
0  0.0779201
-0.0625  -0.153289
0.1875  0.0855219
-0.09375  -0.207637
-0.15625  -0.0687886
0.15625  0.0300047
0.15625  0.218993
-0.03125  -0.180026
-0.0625  -0.204774
-0.34375  -0.271763
0.03125  -0.0564192
0.09375  -0.00825923
0.40625  -0.0987876
0.0625  -0.097523
0.1875  -0.222611
0.15625  -0.0110587
0.1875  0.0381872
-0.125  0.131819
-0.0625  0.0144282
-0.03125  0.110694
-0.125  0.0318192
0.09375  -0.217492
0.1875  -0.0153644
0  -0.0281209
0.25  -0.156356
0  -0.0574343
0.0625  -0.0256344
0.21875  -0.0652873
-0.03125  0.178159
0.15625  -0.0989367
0.0625  0.0139595
0  -0.174515
0.125  0.068585
0.0625  0.0607477
0.40625  0.238889
0.09375  -0.0637128
-0.21875  0.182958
-0.0625  -0.124285
-0.0625  0.119194
-0.03125  -0.171675
-0.0625  -0.0819139
-0.21875  -0.0678741
0  -0.169824
-0.15625  0.00991623
0  0.0365588
-0.15625  -0.0916878
0.15625  -0.104683
0.09375  -0.0572506
-0.1875  -0.107432
-0.0625  -0.0272992
-0.03125  -0.277394
-0.0625  -0.041568
-0.03125  -0.0560439
0.0625  0.0464537
0.03125  -0.0803071
0.25  -0.0480433
0.0625  -0.341545
0  0.0193462
-0.1875  -0.0610912
0  -0.0556977
0.0625  0.0817037
0.03125  -0.194966
0  -0.00147835
-0.15625  0.1774
-0.1875  0.0875463
-0.09375  -0.0496473
0.0625  0.0352887
0.125  0.0528317
0.09375  0.175393
0.03125  -0.0370559
-0.0625  0.0414732
0.21875  0.15756
-0.03125  0.0610449
0  0.010421
0  0.0886426
0.1875  -0.0715067
0.0625  0.120262
0.125  -0.022259
-0.0625  -0.061052
-0.03125  -0.0219053
0.0625  -0.0284678
0.28125  -0.033511
-0.34375  -0.0213944
-0.0625  0.108616
-0.0625  -0.00628579
0.0625  -0.056163
0.28125  -0.00778314
0  -0.0599253
0.09375  0.0129235
0.125  -0.218122
0.25  -0.204533
-0.09375  -0.0595595
0.1875  0.165864
0.09375  -0.296185
-0.21875  0.0710986
-0.15625  -0.228663
-0.03125  -0.105082
0.34375  -0.166342
-0.125  0.0566177
-0.09375  -0.110463
-0.09375  -0.133297
0.03125  0.0881978
-0.03125  -0.00459219
-0.1875  0.111898
0  -0.127228
-0.1875  -0.137664
0.25  0.127619
-0.21875  -0.039042
-0.09375  -0.11567
-0.03125  -0.196222
0.09375  0.0546241
-0.09375  0.0255525
0.0625  -0.0499756
0.375  -0.00127295
-0.0625  -0.0534274
0.03125  0.145414
-0.28125  -0.10764
0.1875  -0.0605941
0  0.0322861
0  -0.0271056
0.15625  -0.213661
0.09375  -0.184853
0.03125  -0.200958
0.28125  -0.296637
-0.125  -0.0135469
0.15625  -0.112647
-0.1875  0.0241227
0.0625  0.0379439
0.03125  0.0474997
0.21875  -0.0151886
0.0625  0.192939
-0.0625  0.0242142
0.125  -0.112464
-0.1875  0.0585603
-0.03125  0.00970274
-0.15625  0.0700791
0.03125  -0.0432079
0.125  0.0405395
0.21875  0.0357997
-0.1875  -0.342599
-0.125  0.102136
0.03125  0.0932123
-0.03125  -0.0914475
-0.1875  -0.122089
0  0.0344916
-0.28125  0.0399852
-0.09375  -0.122772
-0.21875  -0.242931
-0.03125  -0.111381
0.15625  -0.0720684
0.03125  -0.083251
-0.0625  -0.240626
-0.03125  0.0434246
-0.03125  -0.0780633
0.28125  -0.00181388
-0.09375  -0.167355
0.03125  0.0260293
0.21875  0.0862169
0.25  -0.0185435
0.09375  -0.0508727
0.03125  0.048231
0.15625  -0.141335
0.0625  -0.116009
-0.1875  0.267911
-0.0625  -0.027655
0.21875  -0.231533
0.1875  0.0948165
0.0625  -0.0380503
0.09375  -0.0748577
-0.125  -0.051043
-0.125  -0.0844617
-0.0625  -0.0122322
0.1875  -0.129225
0  -0.182968
0.09375  -0.104898
0.25  0.0845041
0.03125  -0.074581
0.0625  -0.0490683
-0.0625  0.0757993
0.0625  0.0892715
0  -0.324931
0.03125  -0.129071
0.0625  0.0419193
0.0625  0.0420821
-0.03125  0.00363237
0.15625  0.0842889
-0.25  -0.0112695
-0.09375  -0.291202
-0.15625  -0.00947001
-0.21875  0.0978551
0  -0.0298152
-0.0625  -0.0507416
-0.0625  0.158147
0  -0.124746
0.09375  -0.147556
-0.15625  0.204136
0  0.0364807
0.1875  -0.134922
0.1875  -0.0791607
0.1875  -0.223701
-0.03125  -0.0614179
0.25  -0.0245523
-0.03125  0.0109059
-0.09375  -0.0435882
0  -0.133546
-0.15625  0.132719
-0.1875  0.143041
0.15625  0.118638
-0.09375  -0.247505
0.09375  0.036996
0.09375  -0.0850344
-0.09375  0.0479648
-0.1875  -0.101001
0.03125  -0.209865
-0.125  0.00726004
-0.15625  -0.34935
0.1875  0.136825
0.0625  0.106482
-0.0625  0.0233007
-0.09375  -0.0178753
0.09375  0.117481
0.0625  -0.0929855
0.03125  -0.200441
0.09375  -0.144317
0  0.012352
0.21875  -0.151182
0.125  -0.0699285
-0.09375  -0.194029
0  -0.29157
0.21875  -0.0291481
-0.03125  -0.0262926
0.09375  -0.0705906
0.03125  -0.0813824
-0.03125  -0.0751661
0.09375  -0.153496
-0.21875  -0.0969438
0.34375  -0.0181789
-0.03125  -0.159127
-0.09375  -0.0662173
0  -0.0891257
-0.09375  -0.17147
0.125  0.0514325
0.0625  -0.0521567
0.03125  -0.101332
0.1875  0.0832867
0  -0.130438
-0.03125  0.00361354
-0.125  -0.0626109
0.125  -0.185838
0.03125  -0.0967945
0.21875  -0.135401
0.1875  0.257719
0  0.0196768
-0.0625  -0.00249667
-0.0625  -0.169781
0.15625  -0.0294057
-0.21875  -0.0268378
-0.03125  -0.0779215
0.1875  -0.250559
-0.09375  -0.159553
0.1875  0.0697608
0.03125  -0.106849
-0.09375  -0.0622439
-0.125  -0.21265
-0.21875  0.00278464
-0.03125  0.242049
-0.09375  -0.0404395
0  0.116514
0.09375  -0.0782422
0.0625  0.0401083
0.1875  0.0919235
0.125  -0.0861639
0.0625  0.0192138
0  -0.195225
0.03125  -0.079518
-0.1875  -0.04457
0.09375  0.158754
0.09375  -0.103462
-0.0625  -0.166175
-0.0625  0.0496195
0  -0.0196166
0.15625  0.0436291
-0.09375  -0.115451
-0.125  -0.257091
0.09375  0.0310707
0.125  0.0149489
0.09375  -0.146302
0.0625  0.218012
0.09375  -0.124077
-0.0625  0.22554
0.03125  -0.0531478
0.03125  -0.0908249
-0.03125  0.121388
-0.09375  -0.167015
-0.0625  0.231825
0.0625  -0.0284248
-0.125  -0.19356
-0.1875  -0.10213
0.28125  -0.255659
0.03125  -0.247308
-0.125  0.101139
-0.0625  0.0227906
-0.21875  0.0747631
0.125  -0.293313
-0.09375  -0.0645718
-0.03125  0.0474511
-0.09375  -0.0224548
0.0625  0.106461
-0.09375  -0.314631
0.15625  0.0115913
-0.125  -0.179242
0.25  -0.0669795
0.09375  0.260849
-0.34375  -0.190913
0.21875  0.00107475
-0.09375  -0.125983
0.03125  0.132293
-0.125  0.0272148
0.0625  0.167311
-0.125  -0.0883497
-0.09375  -0.125024
0  0.0168255
0  0.0103036
0  0.000946557
-0.0625  -0.0201833
-0.15625  0.124824
-0.125  -0.208239
0  0.08042
0.03125  0.0760827
-0.1875  0.0700359
-0.125  -0.00354172
0.3125  0.0722805
0.03125  -0.248559
-0.0625  -0.123801
0.125  0.242847
0.0625  -0.101824
-0.125  -0.0148898
0.3125  0.132893
0  0.0207934
0.15625  -0.0272597
-0.03125  -0.117244
0.09375  -0.136973
0.25  0.202206
0.0625  -0.226785
0.0625  -0.00300953
0.03125  -0.0303475
0.15625  -0.340809
0.15625  -0.14601
0.125  -0.0176654
0.0625  -0.0295052
0.09375  -0.124524
0.09375  0.00192939
0.15625  -0.21165
0.125  0.0104001
0  -0.117008
0.375  -0.183801
0  -0.321888
-0.125  -0.0118991
0.0625  -0.191256
-0.09375  -0.178566
-0.0625  -0.145901
0.21875  -0.0455035
0.125  -0.187827
-0.09375  -0.0207964
0.03125  0.0541311
0  -0.0603243
-0.15625  -0.164094
0.03125  0.129285
-0.09375  0.0687453
-0.125  0.05172
-0.25  -0.132967
-0.03125  0.0439406
0.15625  -0.0782407
0.03125  0.120556
-0.15625  -0.0541612
0.15625  -0.0192424
0.03125  0.0847417
0.09375  -0.0107381
-0.0625  -0.0166284
0.25  -0.183144
0.0625  0.0997512
0.09375  0.00092742
-0.125  0.161516
0.15625  -0.208285
0  -0.198173
0.3125  0.172484
0.1875  -0.0678093
0.09375  0.0475336
0.09375  0.064937
0.0625  0.0570923
0  -0.152257
0.15625  -0.176742
-0.125  0.0184112
-0.0625  -0.120388
-0.25  -0.123819
0.03125  0.102387
0.03125  0.0708816
0.0625  0.0797165
-0.09375  -0.0465183
0.03125  0.0934885
0.03125  -0.0905469
0.09375  -0.153402
0.09375  -0.0427518
0.15625  0.101808
-0.09375  0.189027
0.0625  -0.167343
-0.1875  0.0561531
0.09375  -0.112078
0.1875  0.182486
-0.125  0.0412623
-0.03125  0.0147767
0  0.167702
-0.21875  -0.134134
-0.15625  0.100673
-0.0625  -0.0261705
0.1875  -0.115865
0  -0.259608
-0.1875  0.0746796
-0.09375  -0.0522225
-0.09375  -0.143095
0.0625  -0.243427
0.0625  0.019419
-0.0625  -0.0740089
0.15625  -0.0168834
-0.09375  -0.0498395
-0.03125  -0.109403
-0.0625  0.203638
-0.0625  -0.029507
-0.1875  0.037569
0.03125  -0.108959
-0.03125  0.0803718
0.03125  -0.145186
0.09375  -0.176934
-0.03125  -0.0974174
0.09375  -0.00290456
0.15625  -0.0172711
0.125  -0.0781107
-0.15625  -0.167157
-0.09375  -0.208797
0.03125  -0.108801
-0.0625  0.0164766
0  -0.221633
0  -0.0487742
0.15625  -0.155563
0  -0.0495813
-0.03125  0.0846953
0.15625  0.164585
0.28125  -0.0476792
0.09375  -0.0848791
-0.1875  -0.0332362
-0.15625  0.0104233
0.25  -0.0619502
-0.125  0.0974026
-0.15625  -0.253168
-0.15625  -0.0979114
-0.0625  0.0718787
-0.0625  -0.258282
0.0625  0.00803576
0.0625  0.0335308
-0.0625  -0.301973
-0.125  -0.0519889
0.125  -0.141246
-0.0625  -0.130064
0.125  -0.268271
-0.0625  -0.027026
0.09375  -0.136567
0  0.137632
0.09375  -0.136684
-0.0625  0.051731
0.1875  0.135922
-0.25  0.00108705
0.21875  -0.000661027
-0.09375  -0.242724
-0.03125  0.0198355
0.09375  -0.135089
-0.0625  -0.109829
0.1875  0.00780867
0.125  -0.155619
-0.25  0.0359554
0.0625  -0.055904
-0.0625  -0.0980567
-0.09375  0.043558
0.21875  -0.0930154
-0.125  0.265012
0.03125  0.0119144
0  0.146406
-0.125  -0.138304
0.1875  -0.112264
-0.125  -0.245137
-0.125  0.121059
-0.125  0.0423714
-0.0625  -0.357419
-0.03125  -0.113098
-0.125  0.263439
-0.125  0.156122
0.1875  0.0896873
-0.125  -0.099588
0.15625  -0.180864
-0.03125  -0.000909076
0.09375  -0.129255
0.09375  0.0966374
0  -0.100109
-0.09375  -0.10431
0  -0.0338554
0.03125  -0.211177
-0.125  -0.118349
-0.15625  0.0748516
0.125  -0.210082
0.09375  -0.145855
-0.1875  -0.0849127
0.21875  0.116346
0.09375  -0.11447
-0.15625  -0.00670299
0.0625  -0.0680985
0.25  -0.0912652
-0.125  -0.0412692
0.09375  -0.131792
0.125  -0.0219809
0  0.0783414
-0.0625  0.00104128
-0.03125  0.245091
0  0.0694339
0.3125  -0.104343
-0.03125  -0.123637
-0.125  0.121236
0  0.0114143
-0.0625  -0.0304052
0.25  -0.192939
0.40625  -0.139887
0.03125  0.00294316
-0.03125  -0.122663
0.3125  -0.299582
0.125  -0.0517683
0.28125  -0.0988548
-0.25  0.129865
-0.09375  -0.103768
-0.15625  -0.00194162
0.09375  -0.0184909
0.125  0.129979
0.09375  -0.0147773
-0.0625  -0.152376
-0.0625  -0.14602
-0.0625  -0.0383839
-0.09375  -0.0837945
0.0625  -0.0139608
0  0.0996753
0.34375  0.103659
0.15625  -0.0378567
0.0625  0.0669511
-0.15625  0.149813
-0.03125  -0.292005
-0.21875  -0.0766739
0.0625  0.0845586
0  -0.135402
-0.0625  -0.0365057
-0.21875  -0.0405486
-0.0625  -0.362839
-0.0625  -0.0491519
0.0625  -0.0491239
-0.125  0.0667312
0.03125  -0.109473
0  -0.222527
0.03125  0.022013
-0.0625  -0.190214
0  -0.240146
-0.0625  -0.10368
-0.09375  -0.0436852
0.1875  -0.132111
-0.09375  -0.158741
0.09375  0.0215458
-0.0625  -0.125914
-0.40625  -0.132731
0.03125  -0.314575
0.03125  -0.174274
-0.0625  -0.158547
0.09375  0.0460501
-0.0625  -0.0322184
0.1875  0.0733582
0.15625  -0.120447
-0.03125  -0.237175
0  -0.0212194
-0.25  0.125229
0.0625  -0.0281626
-0.0625  0.100998
0.03125  -0.00434297
0.25  -0.128241
-0.28125  -0.21242
-0.0625  -0.0972714
0.125  -0.142445
-0.0625  0.0385431
-0.09375  -0.132045
-0.0625  0.118413
0.125  0.0725924
-0.25  -0.3239
-0.09375  -0.0680394
-0.0625  -0.120564
-0.03125  0.106748
0.15625  -0.119345
0.125  -0.166959
0.28125  -0.0706495
0  0.064925
-0.0625  -0.0360983
-0.03125  -0.204755
0.09375  0.134392
-0.0625  -0.02868
-0.21875  0.203375
0.15625  0.040878
0.09375  -0.0181482
0.25  0.0417791
-0.03125  -0.268819
-0.1875  -0.0460621
0.03125  -0.186147
0.0625  -0.0157895
0  0.0618031
0.03125  -0.117998
-0.21875  -0.0927811
-0.03125  0.0270474
-0.28125  -0.122181
-0.0625  -0.0255919
-0.03125  -0.0713585
-0.0625  0.0960659
0.03125  -0.064328
-0.25  -0.0775999
-0.125  -0.129542
0.09375  -0.129882
-0.125  -0.0227344
-0.03125  -0.0127491
-0.09375  0.0284789
-0.03125  -0.262874
0.0625  -0.259927
0  -0.132849
-0.03125  -0.148942
-0.125  -0.200654
0.0625  -0.0793025
0.15625  -0.140737
0.125  -0.0131179
0  -0.13492
0.1875  0.111373
0.25  0.124452
0.1875  0.0088284
-0.0625  0.177846
0  0.109943
-0.09375  -0.00107259
0.125  0.0940681
0.03125  -0.0138003
-0.15625  -0.144003
-0.0625  -0.140091
0.1875  -0.238317
0.125  -0.0354223
0.0625  -0.272481
0.15625  -0.0366101
-0.0625  0.00195686
0.0625  -0.138458
0.1875  0.00751478
-0.0625  -0.130051
0  -0.161988
0.03125  0.0254057
-0.0625  -0.0374737
0.125  -0.048912
-0.03125  0.0202471
0.25  0.0962907
0  0.0654128
0.1875  -0.0793023
-0.03125  -0.159238
0.21875  -0.0584153
-0.28125  0.0448033
0.0625  0.237762
0.0625  0.0442309
0  -0.0235286
0.125  -0.10868
0.125  0.228683
0.15625  -0.14908
0.25  -0.0640054
0  -0.190854
-0.25  -0.122292
-0.03125  0.183566
-0.03125  -0.0924641
0.09375  -0.244063
-0.03125  0.182866
0.0625  -0.0797911
-0.03125  -0.00785251
0.09375  -0.0125934
0  -0.0980699
0.0625  0.177233
0.09375  -0.206311
0.1875  -0.146963
0  0.0724529
0.0625  -0.0694096
0.28125  -0.254324
0  -0.018777
-0.1875  -0.00672593
-0.21875  -0.136731
0.125  -0.114438
0.125  -0.332072
-0.09375  -0.224758
0.09375  -0.0556438
-0.25  0.0732707
-0.15625  -0.0362411
0.25  -0.00805883
-0.125  -0.0480011
0.28125  -0.178987
-0.09375  0.129192
-0.125  0.257109
-0.09375  -0.165684
0.09375  -0.175939
-0.0625  0.0787223
0.125  -0.0145099
0.25  -0.00904221
0  -0.184958
0.09375  -0.14975
0.1875  -0.106938
0.03125  0.0516096
0.0625  -0.0513354
0.21875  -0.135525
0.21875  -0.0498791
0  0.182197
-0.0625  -0.0165252
-0.0625  0.122718
0.09375  -0.0480089
-0.03125  0.0131678
-0.09375  -0.0799414
0.09375  -0.130226
-0.15625  -0.131285
0.0625  -0.0279985
-0.0625  0.0653285
0  -0.0454433
0.125  -0.104189
0.03125  -0.0188437
-0.09375  0.0185058
0.125  0.0291696
0.0625  0.0403102
0  -0.015232
-0.25  0.160425
-0.03125  -0.205787
0.03125  -0.133659
-0.0625  -0.157532
-0.0625  0.0214019
-0.21875  -0.158816
0.125  0.0505846
-0.21875  -0.0258806
-0.125  0.0941787
0.0625  -0.0218287
-0.125  -0.0845752
-0.125  -0.195123
-0.0625  -0.240033
-0.09375  -0.303566
-0.125  -0.15874
0.03125  -0.034801
0.125  -0.0556595
0.21875  0.118729
0.0625  -0.171514
-0.09375  -0.263126
-0.25  0.0497051
-0.03125  -0.038419
-0.09375  -0.0544625
-0.03125  -0.0604548
-0.03125  -0.0851185
0.03125  -0.273071
-0.125  -0.169748
0.03125  -0.240807
0.03125  0.20626
0.1875  -0.0331152
0.0625  -0.0154881
0.125  0.0618722
0.125  -0.0649802
0.09375  0.0917113
0.03125  -0.13682
-0.125  -0.0675778
-0.0625  -0.106266
0.15625  -0.112038
0  0.0802631
-0.09375  0.152577
-0.03125  -0.0411578
0.09375  -0.190511
0.03125  -0.0584964
0.0625  0.129895
-0.28125  0.0344787
0.03125  0.164271
-0.15625  -0.0670495
-0.0625  -0.0997765
-0.03125  0.196369
-0.0625  -0.0320103
-0.09375  -0.186585
-0.15625  -0.00383392
-0.0625  0.0739834
0.03125  0.112354
-0.28125  -0.222543
-0.03125  0.179649
-0.125  0.202433
0.34375  -0.0718912
0.15625  -0.0850537
-0.03125  0.120355
-0.25  -0.0970442
0.03125  -0.264595
-0.09375  0.216555
-0.09375  -0.208984
0.03125  -0.0604165
0  -0.0433062
0.15625  -0.169135
-0.1875  0.085596
0.03125  -0.121394
0.09375  -0.0436198
0.125  -0.047623
0.0625  -0.0648876
-0.25  0.0637509
0.09375  -0.0817626
0.09375  -0.012499
-0.125  0.0160373
0.125  -0.0603099
0.0625  0.205686
0  0.0454232
0.09375  -0.137379
0.25  -0.207072
0  0.281533
0.0625  -0.124552
0.03125  0.0047926
-0.03125  -0.042524
0.125  -0.0089889
0.15625  -0.0968436
-0.1875  -0.195961
-0.09375  -0.060982
0.03125  -0.11776
-0.03125  0.00541039
0.0625  0.112178
-0.25  0.0101643
-0.0625  -0.180133
-0.15625  0.0298267
-0.125  -0.128987
0.34375  -0.00295297
0.03125  0.156221
0.125  -0.0890026
-0.03125  -0.0590627
0.0625  -0.0508973
0.28125  0.113637
-0.03125  -0.0370067
-0.09375  0.0178732
-0.125  -0.0338972
-0.03125  0.0147151
0.03125  -0.203293
0  -0.107174
0.21875  0.100388
0.0625  -0.263035
-0.0625  -0.0619443
-0.125  -0.141363
-0.0625  -0.127788
-0.0625  -0.0410312
0.0625  -0.110403
0.1875  0.0698523
0.09375  -0.0310306
-0.09375  0.116443
-0.0625  -0.157872
0.0625  -0.177232
0.03125  -0.0871237
0.0625  -0.0986645
-0.1875  -0.23763
-0.09375  -0.0645066
-0.3125  -0.130483
0  -0.0113956
0.15625  0.0286977
0.09375  -0.285456
-0.09375  -0.174344
-0.09375  0.0517218
0.125  0.0408538
0.125  -0.101197
0.0625  -0.317381
-0.03125  0.171156
-0.15625  -0.108501
-0.09375  0.113903
0  -0.0383477
0.125  -0.0688012
0.03125  0.0245793
0.0625  -0.0308017
0.1875  -0.143565
0.125  0.0326177
0.0625  0.00707857
-0.09375  0.044829
0.03125  -0.146664
-0.15625  -0.116708
0.0625  -0.0245232
0.125  0.0747944
0.1875  -0.0317375
-0.0625  0.114646
-0.0625  -0.0342071
-0.09375  -0.0240651
-0.15625  -0.0447102
0  0.00951595
0.3125  -0.154411
0.03125  -0.0639619
-0.1875  -0.142395
0.09375  -0.127794
-0.0625  -0.0260925
-0.0625  -0.00652782
-0.09375  0.167205
0.15625  0.0262989
-0.125  -0.144484
0.0625  -0.0864785
0.03125  -0.225791
0.15625  0.0275514
0.03125  -0.203029
0.0625  -0.11821
0.03125  -0.0884875
-0.0625  -0.061183
-0.125  -0.170978
0.0625  0.0742419
0.125  0.0571856
0.0625  -0.113513
0.0625  0.195005
-0.09375  -0.00553348
0.09375  -0.131258
-0.15625  0.139034
-0.03125  0.0208546
-0.09375  -0.139965
0.125  -0.146833
0.09375  0.133539
-0.0625  -0.0265405
0.09375  -0.0650809
0.09375  -0.0751206
0.28125  -0.030893
-0.125  0.117143
0.09375  -0.294477
-0.25  -0.13149
-0.21875  0.124125
-0.0625  -0.10339
-0.125  -0.125479
-0.03125  -0.0713825
0.0625  -0.102599
-0.25  0.0440202
-0.125  -0.242224
-0.0625  -0.0895986
-0.15625  -0.0486954
-0.0625  -0.0257377
-0.03125  0.13008
-0.03125  0.140664
-0.125  -0.0495032
0.03125  -0.207363
-0.125  0.037326
0.1875  -0.0132645
0.15625  -0.161108
-0.125  -0.102439
-0.28125  -0.25481
-0.03125  0.0798528
0.125  -0.117531
0  0.128321
0.09375  -0.0444375
0.125  -0.164199
0.125  -0.200673
-0.0625  -0.311167
-0.03125  -0.0784905
-0.0625  -0.177803
0.09375  -0.120618
0  -0.0831773
-0.28125  0.0430055
-0.21875  0.135988
-0.15625  0.0750695
-0.25  -0.197201
-0.15625  -0.316115
-0.03125  -0.101379
0.125  -0.199295
0.21875  -0.190611
0.28125  -0.00463121
-0.125  0.112019
0  0.0725076
-0.25  -0.0617086
0.125  -0.108807
0.1875  -0.191514
-0.0625  0.107453
0.0625  0.166655
0.03125  0.0878937
-0.1875  -0.0296978
-0.15625  -0.0352878
-0.0625  -0.0416247
-0.125  0.102317
0.03125  0.0462023
0.03125  0.131638
0.0625  -0.0548928
0.0625  -0.0830118
-0.25  -0.0957107
0.0625  -0.238775
0.1875  0.0192629
0.09375  0.0212204
-0.125  0.167926
-0.09375  -0.0161971
0.28125  -0.131749
0.125  -0.116759
0.15625  -0.00682847
-0.0625  0.0434556
0  0.138255
0  -0.195105
0  -0.268278
0  -0.176543
0.125  0.136549
-0.15625  -0.0984051
0.34375  0.137919
0.03125  -0.0608396
0.125  0.100675
0.1875  -0.107219
-0.0625  0.113417
0.125  -0.0326553
-0.25  0.0230488
-0.0625  -0.0465889
-0.03125  -0.239195
0.0625  0.176061
-0.125  0.0934808
-0.125  -0.102027
0  -0.11959
0.09375  -0.200937
-0.03125  -0.100201
0.125  -0.226396
0.15625  0.0823622
-0.25  -0.0267075
-0.15625  -0.135308
-0.15625  -0.145844
-0.0625  -0.0206139
-0.09375  0.00617451
-0.21875  0.15484
-0.09375  -0.219294
0.09375  -0.00429713
-0.3125  -0.233748
0.125  -0.0527229
-0.03125  -0.042539
0.03125  0.083967
-0.1875  -0.170659
-0.0625  -0.314631
0  -0.0261264
0.09375  -0.0518746
0.09375  -0.200982
-0.09375  -0.00326548
-0.0625  -0.166675
0.03125  -0.071424
-0.09375  -0.0535105
0.125  -0.0343279
0.1875  -0.237443
0.125  -0.0809769
0.0625  -0.255184
0.0625  0.0528569
-0.0625  -0.183195
0.09375  0.0182035
-0.03125  -0.0953418
-0.09375  0.192779
0.0625  -0.0473411
0.03125  -0.0924479
0.03125  -0.0307687
0.0625  0.0583645
-0.125  -0.0335602
0.15625  0.102381
0  -0.0441448
0.125  -0.0719193
0.09375  -0.0389609
0.03125  0.0878259
-0.28125  0.174388
0.21875  -0.0964817
0.25  -0.0127255
-0.03125  0.0730919
0.09375  -0.221041
-0.15625  -0.177764
-0.21875  -0.0588765
0.1875  -0.267912
0.03125  -0.116534
0.03125  0.219122
0.09375  -0.135965
0.03125  -0.0755599
-0.125  -0.0218196
-0.03125  0.0855823
-0.1875  0.0312129
0  -0.0626698
0.09375  -0.0494762
-0.125  -0.273444
-0.0625  -0.111339
0.15625  -0.041682
0  0.126038
-0.15625  0.0966189
0.03125  0.128562
0.15625  0.0121748
-0.1875  0.00501394
0.21875  0.0934388
0.125  0.0331303
0  -0.178569
-0.1875  -0.157772
0.03125  0.0108774
0.0625  -0.0936104
-0.21875  -0.0833269
0  -0.0148443
0.03125  0.0472695
-0.0625  -0.0291605
0.09375  0.0601292
0.21875  0.00111036
-0.09375  0.0194473
-0.15625  -0.0599915
-0.03125  0.217131
-0.1875  0.313192
-0.0625  0.0870007
0.0625  -0.117032
-0.21875  -0.00916446
0.0625  0.0773745
-0.0625  -0.00405915
0.09375  -0.0735015
0.0625  0.0909441
0.1875  0.144986
-0.03125  0.113684
0.15625  0.128362
0.15625  -0.127126
-0.125  -0.290603
0.09375  -0.118956
-0.03125  -0.0860312
-0.15625  -0.0841747
0.0625  -0.0615264
0.03125  0.0833521
0.09375  -0.0513979
0.09375  0.0483998
0.0625  -0.103354
0.03125  0.0574309
0.03125  0.0330579
-0.03125  -0.0285385
-0.0625  -0.00405361
0.09375  0.0266215
0  -0.230247
0.25  0.0135511
-0.0625  -0.00827164
0.15625  0.0689398
-0.03125  -0.0376782
-0.15625  -0.0673185
-0.125  -0.107835
0.21875  -0.234908
0.125  -0.445245
-0.03125  0.0835543
0  0.0402715
-0.03125  0.0170651
0.15625  -0.0224488
0.0625  -0.0679254
0.09375  0.0849244
-0.03125  -0.183526
0.1875  -0.143375
0.09375  -0.032664
0.1875  -0.0356562
-0.03125  0.0776372
0.03125  -0.203155
-0.03125  0.0605203
-0.09375  -0.307616
-0.28125  -0.149388
0.03125  0.103336
-0.1875  -0.101209
0.09375  -0.0854287
0.125  -0.101894
0  -0.227079
0.125  -0.349885
0.09375  -0.280077
0.0625  0.0605805
0.09375  -0.0812695
0  -0.154118
-0.21875  0.067824
-0.0625  -0.044084
0  -0.0340306
0.09375  -0.0224347
-0.03125  -0.0305164
-0.125  0.0778256
0  -0.114428
0.0625  0.0767168
-0.0625  0.16339
-0.03125  -0.0817458
-0.21875  0.145451
-0.28125  -0.182261
0.125  -0.129363
0  -0.124321
0.0625  0.218314
-0.0625  -0.157822
0.0625  -0.0879351
-0.28125  -0.0322963
-0.03125  0.0599887
-0.28125  -0.0912163
0.03125  -0.105206
0.0625  -0.0173288
0.21875  -0.250466
-0.3125  0.0363234
0.21875  0.125526
-0.0625  0.0931049
-0.03125  -0.17441
-0.03125  0.103616
0.0625  -0.162075
-0.03125  0.0288588
-0.1875  -0.0561049
0.03125  -0.0829899
0.15625  0.0180282
0  -0.0235498
0  -0.199831
0.09375  0.0381989
-0.03125  0.2413
-0.03125  0.0283863
-0.0625  -0.298178
-0.15625  0.0545804
0.1875  -0.0588391
0.0625  0.0567284
-0.09375  -0.0271088
0.1875  -0.0874431
-0.1875  -0.240976
0.03125  -0.0794662
0  -0.253772
0.09375  -0.124707
0.03125  -0.269394
0.25  -0.0563896
0  0.0472755
0.0625  -0.258807
0.0625  0.00632351
-0.1875  0.120218
-0.0625  -0.0179007
-0.03125  -0.0947184
-0.03125  -0.0382924
-0.21875  -0.0703318
-0.125  -0.156497
0.1875  -0.0706282
-0.125  0.102314
0.09375  -0.00898316
-0.09375  0.19972
-0.15625  0.0388514
0.125  0.0859103
0.125  -0.0847643
0  0.0568035
-0.09375  -0.0546281
0.03125  0.0198848
-0.15625  0.0694567
0.09375  -0.187401
0  0.0944092
-0.09375  -0.0992525
0.125  -0.143446
0.09375  0.00934427
-0.0625  0.0703749
-0.03125  0.0767654
-0.0625  -0.0710794
0.1875  -0.0628906
-0.3125  0.00298244
0  -0.0965591
-0.3125  -0.216503
-0.21875  0.0633752
0.0625  -0.020478
0.0625  0.105514
0.03125  -0.267062
0.15625  -0.172964
0.09375  -0.00790009
0.03125  -0.128601
0  -0.157698
-0.03125  -0.0635098
0.125  -0.194381
-0.03125  -0.0134041
-0.03125  0.0827976
0.125  -0.0779938
0.1875  -0.0573795
0  -0.124287
0  -0.02867
-0.03125  -0.155312
-0.09375  -0.0151362
0.21875  0.074226
0.25  -0.118163
0.1875  0.205906
-0.03125  0.0900763
0.0625  0.18246
0.125  -0.0631277
0.09375  -0.0984872
0.03125  0.186424
0  -0.0696132
0.0625  0.0397766
0.15625  -0.0478281
-0.28125  -0.0238487
0.1875  0.0968884
-0.09375  0.0254218
0.1875  0.0772645
-0.0625  -0.256871
0.1875  -0.208579
0.03125  -0.062533
0.40625  -0.11409
0  0.0073354
-0.0625  -0.253876
0.125  0.173088
-0.0625  -0.051514
0.125  0.150736
0.09375  -0.145957
-0.09375  -0.0182545
-0.09375  -0.181207
-0.03125  -0.027387
0  0.255111
0  -0.119901
0.0625  -0.0389317
0.1875  0.0101263
-0.1875  -0.152329
0.0625  -0.0291657
-0.15625  -0.0795361
-0.09375  -0.235681
0.03125  -0.0552903
0.03125  0.00705965
0.03125  0.107834
0  -0.0334254
-0.03125  -0.0682559
-0.03125  -0.0575557
0.125  0.0462471
0.21875  0.227442
0.09375  0.135928
0.09375  0.136632
-0.15625  0.410789
0.1875  -0.00117261
0.21875  0.0440567
0.25  -0.167007
0.1875  -0.0497296
0  0.215648
0.03125  -0.00700959
-0.0625  0.081147
-0.09375  -0.0615815
-0.03125  -0.197614
-0.0625  -0.019482
0.09375  0.11308
-0.28125  0.0662168
0.125  -0.0712256
0.0625  -0.203654
-0.03125  -0.00672347
0.125  0.138357
-0.03125  -0.0405459
0.0625  -0.201932
0  -0.287705
-0.375  -0.167133
-0.1875  -0.0796799
0.0625  -0.0955554
-0.15625  0.14522
-0.15625  0.0283187
0  0.0132463
-0.09375  -0.0749697
-0.21875  -0.160193
0.25  -0.278046
-0.0625  0.018629
0.15625  -0.0409307
-0.0625  0.0969351
0.0625  -0.0673699
-0.0625  0.042411
0  0.0862997
-0.03125  0.0428384
0.0625  0.00168422
-0.03125  0.040179
-0.03125  -0.116322
-0.1875  -0.00618073
0.09375  -0.131545
0.125  -0.0424115
-0.125  -0.0800387
0.125  0.0839461
-0.09375  0.104337
0  -0.233299
-0.09375  -0.256266
-0.125  -0.0602571
-0.09375  -0.112055
0.125  -0.0517502
-0.03125  -0.106631
-0.03125  -0.126825
0  0.0101869
0  0.173829
-0.0625  -0.166671
0.0625  -0.106773
0.21875  0.0176824
0  0.00815336
0.0625  0.0531355
-0.125  0.205807
-0.0625  0.059428
0.03125  0.0014485
-0.09375  0.0554262
0.09375  0.231313
-0.0625  0.0699097
-0.03125  -0.0943257
-0.03125  0.0909637
0.1875  0.204669
0  -0.0704225
0.09375  0.006623
-0.125  -0.0131143
0.15625  -0.0229817
0.09375  -0.13323
-0.03125  -0.186839
0.1875  0.264951
-0.125  0.0225438
-0.1875  0.0667077
0.125  -0.152642
0.09375  0.0552407
-0.0625  0.0831734
-0.0625  -0.0532048
0.34375  0.0541775
0  0.00760007
0.03125  -0.0790454
-0.0625  -0.110899
0.1875  -0.151996
0.21875  -0.0357096
-0.125  0.179058
0.125  -0.0884515
-0.15625  0.226562
-0.0625  -0.268971
0  -0.0705002
-0.125  0.00731587
0.1875  -0.0041297
-0.09375  -0.0886948
0.125  0.0869296
-0.09375  -0.0023769
-0.03125  0.0513302
0.0625  0.0847413
0.0625  0.0429102
-0.15625  -0.056227
0.09375  0.0585779
-0.25  0.0372444
-0.15625  -0.10651
0.125  -0.117902
-0.15625  -0.0932114
0.15625  -0.0837398
-0.125  0.190675
-0.0625  0.0457694
-0.15625  -0.0230208
0.0625  -0.115189
-0.28125  -0.230447
-0.15625  -0.224115
-0.03125  -0.123871
-0.0625  0.0266125
0.09375  -0.248696
-0.125  -0.0897785
0.03125  -0.116198
-0.0625  -0.0997998
-0.125  0.0292087
0.1875  0.0238779
0.125  -0.0905731
-0.03125  0.105055
-0.09375  -0.174126
-0.0625  0.0462267
-0.15625  0.219006
-0.0625  0.00225183
-0.03125  -0.0898916
0.0625  -0.349861
0.1875  0.0815067
-0.0625  0.0469894
0.03125  0.156132
-0.125  -0.0106454
0.0625  -0.0144619
0.09375  -0.0395204
-0.28125  -0.205089
-0.03125  -0.21213
-0.09375  0.00334842
-0.1875  0.0264754
-0.0625  -0.0559325
0.09375  0.030417
-0.1875  -0.108117
-0.09375  0.148849
0.15625  0.0191676
0.21875  -0.0852558
-0.0625  0.0435844
-0.15625  -0.128804
0.03125  -0.184272
0.09375  -0.0897457
-0.25  0.0616375
0.1875  0.111344
-0.3125  -0.154509
-0.03125  -0.0708346
-0.125  -0.268419
0.0625  -0.156517
0  0.0603197
0.0625  -0.00574986
0.21875  -0.251809
0.0625  -0.0122349
0.375  0.013724
0.1875  -0.134529
-0.09375  0.00173832
-0.03125  -0.0642959
0.15625  -0.155754
0.25  -0.207815
-0.03125  -0.113423
0.21875  -0.268674
-0.09375  0.0750374
-0.1875  -0.107726
0.15625  0.109428
-0.03125  0.190566
-0.03125  0.00792329
0.21875  -0.269156
0.09375  -0.0450594
-0.15625  0.16116
-0.15625  -0.0556491
0  -0.188105
-0.09375  -0.0582658
-0.09375  -0.0731855
0.25  0.102274
-0.03125  0.0784302
0.03125  -0.159718
0.1875  0.072057
0.1875  -0.0388947
-0.03125  -0.0785979
0.125  0.263317
0  0.0308408
-0.1875  -0.0873034
-0.125  0.0626764
-0.03125  -0.13905
0  -0.297278
-0.15625  -0.106938
0.0625  -0.104861
0.15625  -0.155311
-0.09375  -0.069043
-0.03125  -0.162337
-0.0625  -0.205386
0.0625  -0.0156337
-0.09375  0.0975107
-0.3125  -0.00421277
0.09375  0.13226
0.15625  0.088287
0.28125  0.0981133
-0.03125  -0.140392
-0.15625  0.0191096
-0.0625  -0.126485
0.09375  -0.0207671
-0.0625  -0.0139177
-0.15625  -0.076186
-0.09375  0.0808051
-0.1875  -0.0829877
-0.03125  -0.146827
-0.1875  -0.0596436
0.03125  -0.0853965
-0.21875  -0.143317
0.125  -0.184203
0.15625  -0.0351027
0.03125  -0.235932
0  0.140091
0  -7.86381e-06
0.09375  -0.192492
0  -0.0476868
0.03125  -0.028941
-0.15625  0.0244859
-0.03125  -0.143767
0.0625  0.0582494
0  -0.0822861
-0.125  -0.0288245
-0.03125  -0.0282872
0.1875  0.0573712
-0.03125  -0.0541585
0  -0.205013
-0.0625  -0.129378
0.03125  -0.199697
-0.03125  -0.00338502
0.03125  -0.146246
0.15625  -0.0467498
-0.125  -0.0432285
-0.125  -0.0765954
-0.0625  -0.262236
0  -0.207012
0.0625  -0.0799307
0.03125  0.261768
-0.03125  -0.132128
0.125  -0.0457784
-0.03125  -0.422397
-0.125  0.122255
0.0625  -0.15907
-0.125  -0.131546
0.0625  -0.115241
-0.125  -0.22555
0.0625  -0.0248075
0  0.221886
-0.09375  0.256277
0.09375  -0.00230183
0.25  -0.00121142
0.03125  -0.0708409
0.25  -0.0997431
-0.125  0.01303
-0.0625  0.00409224
0.125  -0.138306
0  -0.124871
0.03125  0.0268595
-0.1875  -0.00648878
0.03125  -0.0183312
0  -0.0126786
-0.125  -0.0549353
0.125  -0.128552
0.0625  -0.0739391
0.25  0.140802
0.21875  0.0487465
-0.1875  -0.0697809
0.28125  -0.113155
0.03125  -0.189595
0  0.0495522
0.09375  -0.0770913
-0.0625  -0.0633718
-0.09375  0.00363447
0.1875  0.0578679
0.125  -0.126824
-0.1875  -0.107096
-0.25  -0.100021
-0.125  0.0617047
0.125  0.162307
0.09375  -0.0801534
0.09375  -0.180883
