-0.28125  0.0801162
0.15625  0.109708
-0.25  -0.108513
0  0.0341392
-0.03125  -0.103016
0  -0.0686924
0.21875  0.0448756
-0.03125  0.0778444
0.09375  -0.156724
0.09375  -0.0410964
0.09375  0.141142
0  0.0396232
-0.125  -0.0160879
0.03125  0.137204
-0.09375  0.204716
0.15625  -0.189864
0.03125  0.0569022
0.09375  -0.0871583
-0.0625  0.141348
-0.21875  -0.109747
-0.125  0.0599271
0.125  -0.104951
0.125  0.262074
0.0625  0.125363
0.125  0.111064
-0.0625  0.0327635
0  -0.097316
0.09375  0.178276
0.03125  0.0518989
0.125  0.074885
-0.0625  -0.208192
-0.21875  0.000555275
0.1875  -0.0581215
0  0.120909
-0.125  0.149485
0  -0.00768223
0.09375  -0.267923
0.125  -0.0807251
-0.03125  -0.094148
0  0.117373
0.15625  0.106
0.15625  0.0545825
0.09375  0.0380563
-0.15625  -0.0611918
0.0625  -0.116879
-0.1875  -0.127566
0.0625  0.308771
0.15625  -0.215912
0.0625  0.088065
-0.0625  -0.148941
0.0625  -0.230729
0.0625  -0.0833712
0.09375  -0.0409953
-0.0625  0.0598152
0.28125  -0.118036
0.0625  0.0682181
0.03125  -0.051918
-0.0625  0.158405
0.03125  -0.125119
0  -0.0353189
0  0.12458
-0.125  0.1352
0  0.0613116
-0.125  0.074822
-0.03125  0.111889
0  -0.115337
-0.125  -0.103308
-0.09375  -0.363667
0.28125  0.0473532
0.09375  0.218048
-0.21875  -0.0119526
-0.15625  0.304384
0  0.114596
-0.09375  -0.0177224
0  0.130795
-0.0625  0.026854
0.1875  -0.0896457
0  -0.114973
-0.21875  -0.0338704
0  -0.231615
-0.125  -0.0881976
0.125  -0.138902
0.03125  -0.118176
-0.0625  0.152541
-0.15625  0.185152
0.0625  -0.0351574
0  -0.106093
-0.03125  -0.159879
0.03125  -0.110173
0  -0.0241524
0  -0.131456
-0.15625  -0.314373
0.0625  -0.18426
-0.09375  -0.258565
-0.1875  0.197076
-0.03125  0.20481
0.0625  0.0703678
-0.0625  0.0414463
-0.0625  -0.13448
0.125  -0.202224
-0.09375  -0.0839329
0.03125  -0.350922
0.1875  -0.220521
0.03125  0.0401869
0.0625  -0.178238
0.09375  0.0431817
-0.15625  -0.0289264
-0.09375  0.030479
-0.375  -0.141885
-0.0625  -0.152555
0.1875  -0.120741
0.0625  -0.089454
-0.03125  -0.0126838
-0.125  -0.0840543
-0.25  -0.0943187
0.09375  -0.00542455
0.03125  -0.103397
-0.03125  -0.171269
0.09375  0.0430647
0.15625  -0.192398
0  -0.157737
-0.03125  -0.0135357
0.03125  0.0359896
-0.03125  -0.0697544
0.09375  -0.145125
-0.09375  0.00846975
0.09375  -0.127805
0.3125  -0.110007
0.1875  -0.0266692
0.0625  0.0888673
0  0.100534
-0.0625  -0.0121112
-0.09375  0.0623836
-0.03125  -0.200391
-0.0625  -0.216607
-0.21875  -0.197238
0  0.242818
0.03125  -0.0873511
0.03125  -0.0619346
-0.21875  -0.119997
0.1875  0.125392
0.0625  -0.207222
-0.09375  -0.154555
0.125  0.0175621
0.1875  0.0188898
-0.125  -0.120371
0.15625  0.00462655
0.15625  -0.115517
-0.1875  0.151352
-0.09375  0.178795
0  -0.0870399
-0.0625  -0.210204
0.125  -0.011453
0.03125  -0.186378
0.0625  0.103726
0.15625  -0.082007
-0.125  -0.0602693
-0.09375  -0.175916
-0.125  -0.0335166
-0.09375  -0.0665556
-0.03125  0.00485368
0.0625  0.114548
-0.03125  -0.18309
0.15625  -0.0187912
-0.0625  -0.0247374
-0.125  -0.0162444
0.15625  0.0515545
-0.1875  -0.102442
-0.03125  -0.0405777
0.375  -0.174958
0.15625  -0.0682165
0.0625  -0.0509092
-0.03125  -0.20029
-0.0625  -0.0228183
0.15625  0.120223
0.09375  0.196294
0.125  0.146797
0.03125  0.0441803
-0.09375  -0.0149057
0.03125  0.0480485
-0.125  0.143848
0.03125  -0.0211935
0.125  0.105104
0.15625  0.14812
0.03125  -0.0146852
0  -0.332742
0.15625  -0.115726
0  -0.0343098
0  -0.10991
-0.03125  0.232688
0.1875  -0.157001
0.15625  -0.0526758
0.09375  -0.0846294
0  0.149806
0.0625  0.210356
0.0625  -0.112695
-0.15625  -0.205809
0.0625  -0.241027
-0.21875  -0.0413171
0.125  0.0121381
-0.0625  -0.018522
-0.0625  -0.0925237
0.21875  0.0210948
-0.125  0.0267708
-0.09375  -0.0164552
-0.125  0.0340847
-0.15625  0.168792
-0.125  0.0819013
0  -0.149669
0.09375  0.127139
-0.1875  0.0567246
-0.09375  -0.0767728
-0.15625  -0.00147414
0.03125  0.363285
-0.03125  -0.244475
0  0.0316968
0.0625  -0.0145857
0.15625  -0.0416102
0.09375  -0.0825824
-0.0625  0.00729698
0  -0.0315134
-0.15625  -0.10846
0.03125  0.109393
0.375  -0.142466
0.0625  -0.0300416
0  -0.167201
-0.15625  0.0483934
0.0625  0.0484585
-0.03125  -0.243326
-0.15625  -0.121445
-0.125  -0.132312
0.09375  -0.152862
-0.0625  -0.138952
0.03125  0.09846
-0.25  -0.117917
0.15625  -0.0561679
0.03125  0.029339
0.125  -0.0917619
-0.125  -0.0459342
0.09375  -0.0143455
-0.0625  -0.328377
0.03125  -0.230638
0.1875  -0.191954
0.09375  0.094433
0.09375  -0.216575
0  0.168058
-0.09375  -0.0685411
-0.09375  0.0675827
0  0.0445033
-0.21875  -0.18858
-0.15625  0.0963089
-0.0625  0.0342794
-0.03125  0.066776
-0.0625  -0.0544848
-0.03125  0.120669
-0.125  0.268181
-0.03125  -0.164821
-0.0625  0.0499702
0.15625  -0.12114
0.09375  -0.0299624
0.09375  -0.0291861
0.03125  -0.119858
0.03125  0.244534
0.03125  0.17639
-0.125  -0.0345102
-0.125  -0.468669
-0.125  -0.123197
0.0625  0.177654
0.0625  -0.179451
0.1875  0.0300806
0  -0.0134125
-0.09375  0.0650928
-0.03125  0.0184796
0.09375  -0.0999065
-0.1875  -0.20787
-0.3125  0.00979011
0.09375  -0.056365
0  -0.0868256
0.1875  -0.0370103
0.21875  0.0368857
0.0625  -0.0337634
-0.15625  -0.149599
-0.09375  -0.041615
-0.125  -0.028865
0.21875  0.112153
-0.125  0.0167646
-0.03125  0.163853
-0.0625  -0.246654
-0.0625  -0.150587
0  0.266195
0.03125  -0.0292796
0.09375  -0.318059
0  -0.0784976
-0.1875  0.170786
-0.1875  -0.0499391
0.03125  0.0772987
0.125  0.156154
-0.125  -0.0336843
-0.0625  0.0761818
-0.09375  0.0781509
-0.34375  -0.229534
-0.15625  -0.253238
0.09375  -0.0552405
-0.0625  0.106641
0  -0.189419
-0.03125  0.0146754
0.09375  0.103093
-0.03125  0.0615617
-0.125  0.0415097
0.09375  -0.244663
0  0.0369539
0.09375  0.0612837
0.03125  -0.108341
0.125  0.102977
0.21875  -0.0215685
-0.03125  0.25297
0.28125  -0.280086
-0.125  -0.255569
0.09375  -0.0176404
0.09375  0.0883276
0.15625  -0.152918
0.0625  -0.136861
0.15625  -0.252466
-0.09375  0.0689518
0.03125  0.175357
0.09375  -0.00123519
0.09375  0.0632645
-0.03125  0.0667685
-0.1875  0.114589
-0.09375  -0.0856804
-0.03125  0.0159542
0.15625  0.0621356
0.03125  0.193943
0.0625  -0.303856
0.1875  -0.125831
0.21875  -0.176629
0.09375  -0.00491716
-0.03125  -0.0262619
0  -0.182894
-0.25  0.0749315
0.25  -0.30871
-0.3125  -0.149473
0.125  -0.020433
0  -0.00256891
-0.0625  0.185361
-0.03125  -0.0730554
-0.09375  -0.144506
-0.15625  -0.176309
0.25  -0.0711436
-0.25  -0.0277995
-0.09375  0.181013
0.1875  -0.152334
-0.15625  0.0485558
-0.1875  -0.217835
0.15625  0.153534
-0.125  -0.043837
0.125  -0.06953
-0.09375  0.0604031
-0.03125  -0.119448
-0.21875  0.0670187
-0.0625  -0.0935174
-0.03125  0.039006
-0.40625  -0.0799998
-0.09375  -0.198726
0.15625  0.0310004
0.09375  -0.124885
-0.21875  -0.102809
0.3125  -0.0337548
0.0625  -0.09871
-0.03125  -0.292366
-0.0625  -0.137579
0  0.00467784
-0.28125  -0.122575
-0.0625  -0.218192
-0.0625  -0.121906
0  0.00194156
-0.25  -0.225898
0.09375  0.132342
0  -0.11846
-0.125  -0.338376
-0.125  -0.179086
0.09375  -0.124567
0.15625  0.0781096
-0.0625  -0.0199022
-0.125  -0.253342
0.03125  -0.108488
0.15625  -0.0189296
0.0625  0.0178757
0.125  0.131835
-0.03125  0.0996745
0.03125  0.0922939
-0.09375  0.207716
-0.03125  -0.0141169
-0.0625  -0.154791
-0.15625  -0.0220336
0  -0.243743
-0.09375  -0.114113
0.1875  -0.27562
0.09375  -0.0927752
0.0625  -0.238381
-0.21875  -0.156709
0  -0.011878
0.1875  0.16375
-0.09375  0.0663631
-0.1875  -0.155645
0.0625  -0.201506
0.09375  -0.159982
-0.09375  -0.00885767
-0.15625  -0.273642
0.125  -0.124879
-0.15625  -0.0382755
0.0625  -0.133921
0.0625  -0.103339
0  -0.11464
-0.1875  0.0562126
0.0625  0.0211445
0.1875  -0.080168
0  -0.120248
0.0625  -0.127521
-0.125  -0.0365862
-0.09375  -0.195073
-0.09375  -0.186375
0.09375  -0.0469017
-0.125  0.0987855
0.03125  -0.106129
0  0.252321
-0.03125  -0.20344
-0.21875  -0.182321
0.15625  0.247371
-0.15625  -0.241536
-0.09375  -0.218673
-0.03125  0.000721954
0.0625  -0.00557893
0  0.159821
0  0.110574
-0.03125  0.00475922
0  -0.00892982
0.21875  -0.317285
-0.125  -0.10158
0  0.412995
0.0625  -0.0971487
-0.09375  0.116927
0.0625  0.00398034
-0.09375  0.0628231
-0.125  -0.271782
0.03125  0.0222806
0.1875  -0.077892
-0.0625  0.069253
0.1875  0.0962904
-0.09375  0.0352342
-0.0625  -0.108433
0.09375  -0.0158358
-0.03125  -0.0759675
-0.03125  -0.0636517
0.125  -0.0608264
0.1875  -0.0837645
0  -0.0948035
-0.21875  0.0349077
0  -0.204786
-0.21875  -0.0284697
0  -0.251338
0.125  -0.0783193
0.0625  0.178709
-0.03125  0.0731284
-0.03125  -0.129466
0.0625  -0.143707
0.3125  -0.163878
0  0.060268
0.0625  0.0407465
-0.1875  -0.057472
0.0625  0.122626
-0.0625  -0.157528
0.1875  0.0131768
-0.03125  0.0902532
-0.15625  -0.0361713
0.15625  -0.288356
0.25  -0.261482
-0.0625  -0.2031
0  0.083933
0.03125  -0.178664
0  0.0490009
-0.15625  -0.175964
0.03125  0.0370272
0.09375  -0.00436245
0  -0.235578
-0.15625  -0.037769
-0.125  0.0147499
0  0.0790036
0.09375  -0.02228
0.125  -0.0416897
-0.1875  0.0115731
-0.125  0.0641269
0.15625  0.0973575
-0.21875  0.0496086
-0.09375  -0.0768355
-0.125  0.0309271
0  -0.181772
-0.1875  0.0870625
0.0625  -0.234335
0.09375  0.0462771
-0.125  -0.216298
-0.09375  0.123736
-0.03125  -0.0259995
0.09375  0.23717
-0.21875  0.0311025
0  -0.246615
0.0625  0.0830958
0  0.206075
0.03125  -0.110346
0.15625  0.123082
0  -0.0259801
0.34375  -0.104015
-0.03125  -0.278506
-0.0625  0.0302172
0.0625  -0.00589198
0.15625  -0.0544887
0.0625  -0.0798721
0.25  -0.0448555
0  0.084845
0.0625  0.0692703
-0.1875  0.0718975
0  0.00852863
-0.1875  0.0231946
-0.0625  -0.0318432
-0.03125  -0.0479382
0.09375  0.0352241
-0.21875  -0.0503801
-0.03125  0.177467
0.09375  -0.00378901
0.125  0.0856487
-0.03125  0.0702797
0.09375  0.0566392
-0.03125  -0.141101
-0.0625  -0.0785377
0.15625  0.213115
-0.125  0.132148
-0.15625  -0.00840635
-0.09375  -0.180378
0.03125  -0.0248329
-0.15625  -0.18113
-0.0625  0.117872
0.15625  0.245667
-0.1875  -0.0768559
0.0625  0.307228
-0.03125  -0.258173
0  -0.319081
-0.1875  -0.070504
-0.15625  0.0298766
0.03125  0.0470445
-0.1875  0.0125832
0  -0.095075
-0.0625  -0.126417
0.125  -0.300219
0.09375  0.0532097
-0.03125  -0.403446
0.0625  -0.195001
-0.0625  -0.197317
-0.09375  0.231102
0.0625  -0.0427179
-0.3125  0.0238491
-0.15625  0.00370482
-0.125  -0.131982
0.09375  -0.216439
0.03125  -0.141985
0.3125  0.00470726
-0.03125  0.111364
0.21875  0.00791414
0.21875  -0.0245291
0.09375  -0.321232
0.125  0.136439
0.0625  -0.170439
0.03125  -0.211729
-0.03125  0.00440388
0.09375  0.14085
0.25  -0.189249
0.15625  -0.155489
-0.0625  0.136563
0.0625  0.0706928
0.03125  0.164141
0.25  -0.206855
-0.03125  -0.103534
0.09375  -0.226594
0  0.0408177
-0.09375  -0.137913
-0.0625  -0.143419
-0.21875  0.00631208
0.125  -0.0748038
0.09375  0.0719157
-0.09375  -0.127756
-0.1875  -0.102091
0.125  -0.12287
0.1875  -0.0925421
0.0625  -0.0280958
-0.0625  -0.0410776
-0.03125  -0.0503364
-0.03125  -0.163728
-0.0625  -0.334845
0  0.0376485
-0.0625  0.131771
0  -0.0892311
-0.0625  0.0912566
-0.0625  0.105554
0.0625  -0.155175
0.03125  -0.0196408
0.1875  -0.0267414
0.15625  -0.165349
0.09375  0.0452898
0.1875  0.0843928
-0.0625  0.116209
0  -0.0998575
0.125  -0.0949468
0.1875  0.117724
0.15625  -0.0938389
-0.15625  -0.19046
0.03125  -0.103108
0.125  0.115199
-0.15625  0.185389
0.0625  0.0701231
-0.125  0.0626597
-0.125  -0.108868
-0.15625  -0.030596
-0.21875  -0.166161
0.1875  -0.144291
-0.0625  -0.111861
-0.0625  -0.0114505
0.15625  -0.11846
-0.03125  -0.0847442
0.125  -0.102483
-0.03125  0.00266577
0.03125  0.206591
-0.125  -0.116009
-0.03125  -0.105831
0.15625  -0.178192
-0.28125  0.110689
-0.1875  -0.138949
-0.0625  0.149885
-0.03125  -0.312486
0  -0.116007
0.0625  0.0635973
0  -0.106775
-0.09375  0.0583617
-0.03125  -0.142967
-0.09375  0.125256
-0.09375  0.0316054
0.09375  -0.220816
0.03125  0.197894
-0.03125  0.116764
-0.0625  -0.212388
0.0625  -0.136534
-0.15625  -0.225176
-0.375  -0.223074
-0.15625  0.0276565
0.15625  0.213899
0.0625  -0.0736137
0  0.123041
0.0625  -0.228026
0.1875  0.123207
-0.125  -0.131899
0.03125  0.125554
-0.03125  0.00028378
0.09375  -0.0220405
0.0625  -0.206793
0  -0.28674
-0.3125  -0.160129
0.125  -0.0518318
-0.25  0.0959587
0.03125  0.117099
-0.125  0.0677902
0.09375  -0.0339874
0.09375  -0.152485
0.15625  0.0201251
0.125  0.264162
0.1875  0.0607006
0.125  0.0631864
0.09375  -0.0605431
-0.03125  0.210685
0  -0.14926
-0.03125  0.0647855
0.15625  -0.171285
-0.1875  0.0642484
0.1875  -0.0903809
0.15625  -0.0185625
-0.28125  0.0114517
0.09375  0.14673
-0.0625  -0.0457751
-0.125  0.263614
0.15625  -0.0315085
0.03125  0.00679837
0.09375  -0.134021
0.09375  -0.254135
-0.0625  -0.0998997
0.09375  -0.112383
0  0.0422131
-0.0625  -0.301461
-0.0625  -0.169721
0.03125  -0.0689348
0.0625  -0.226275
0.125  0.237608
0.125  -0.355656
-0.15625  0.0720059
-0.1875  -0.214292
0.0625  0.0611378
-0.125  -0.266909
-0.0625  0.132517
-0.21875  -0.15955
0.125  -0.242745
0.09375  -0.126389
0  -0.19986
0.03125  -0.017786
0.1875  0.0587472
0.03125  -0.0211638
-0.21875  0.0203154
0.03125  -0.165004
-0.15625  0.140033
-0.25  0.206799
-0.28125  -0.101779
-0.03125  0.0839019
0.09375  0.22905
0.03125  0.0030435
0.09375  -0.118833
-0.03125  -0.141479
-0.0625  0.00955074
0.1875  -0.0998454
-0.09375  -0.0834714
0.03125  0.0439381
0  0.147186
0.21875  0.123794
-0.0625  0.125651
-0.03125  0.281624
0.21875  0.0474078
0  0.181971
-0.1875  -0.132727
-0.03125  -0.0849792
-0.15625  0.0944176
-0.0625  -0.227217
0.03125  -0.176692
-0.09375  -0.224934
-0.0625  0.108961
-0.0625  0.00158183
-0.03125  -0.0803624
-0.03125  0.19642
-0.28125  0.0257582
-0.03125  -0.107874
0.125  -0.196764
0.15625  0.00912045
0.0625  -0.0588364
-0.3125  0.00835396
0.15625  -0.20182
-0.03125  -0.0765462
0.03125  -0.0137271
0.125  -0.0366521
0.28125  0.0420646
0.15625  0.133737
-0.1875  -0.132963
-0.0625  0.0949177
-0.15625  -0.147604
-0.0625  0.0425158
0.09375  -0.1503
0.21875  -0.261768
0.03125  0.0708822
0  -0.0223029
-0.09375  0.135542
-0.125  0.035856
-0.09375  -0.230919
0.0625  -0.112983
0.03125  0.165321
-0.03125  -0.00701703
-0.09375  -0.256246
-0.0625  0.0489823
0.21875  -0.184883
0.125  -0.0790875
0.21875  -0.174929
0.03125  0.0777598
0.0625  -0.280189
-0.0625  -0.129863
-0.0625  -0.215901
-0.0625  0.0424582
0.09375  -0.122299
0.28125  -0.263629
-0.21875  0.0349509
-0.15625  0.157653
0.09375  -0.0923212
0.03125  0.149559
0.03125  0.0231386
-0.125  0.159577
-0.1875  0.0686843
-0.09375  -0.0767897
0  0.0428877
0.15625  0.0905107
0.125  0.126008
0.28125  -0.229811
-0.25  0.0580187
0.125  0.0104044
-0.0625  -0.0474404
0.09375  -0.19862
-0.21875  -0.284896
0.1875  0.106876
0.1875  0.0086338
0  -0.23914
-0.09375  -0.18638
-0.03125  -0.0669311
0.0625  -0.0477219
0.09375  -0.224229
0.1875  0.0372274
0.03125  0.0388896
-0.0625  -0.141205
-0.0625  0.118833
0.21875  -0.123032
-0.125  0.109504
-0.03125  0.0178086
-0.0625  0.126782
0  -0.134581
-0.1875  -0.124756
0  -0.175947
-0.125  0.087065
0  -0.144113
0.09375  -0.184433
-0.0625  -0.0156532
-0.0625  -0.112396
0.03125  -0.0675171
0.0625  -0.221063
0.03125  0.128605
-0.0625  -0.28735
0.125  -0.103983
-0.03125  -0.0461747
-0.09375  -0.131227
0.09375  -0.0348824
0.0625  -0.178361
0.09375  -0.100336
0.03125  -0.156215
0.0625  0.144157
0.125  -0.333486
-0.09375  0.0191941
-0.0625  -0.0540798
0.0625  -0.0791749
0.09375  -0.214134
-0.1875  -0.0607503
0.125  -0.171479
-0.21875  -0.0907474
-0.0625  -0.155288
-0.125  0.11733
0.03125  -0.0488451
0.125  -0.0263013
-0.03125  -0.0444957
0.21875  0.146597
-0.15625  0.153827
0.09375  -0.0142584
0  -0.0365394
0.0625  0.176539
0.15625  0.0697239
0.09375  -0.0966198
0.0625  0.0945638
-0.0625  0.00966733
-0.03125  0.229242
-0.15625  -0.13259
-0.21875  -0.191557
-0.09375  -0.203357
0.03125  0.154448
-0.09375  0.178286
-0.15625  0.144508
0  -0.106197
0.03125  0.0785727
0  -0.106139
0  0.0822527
-0.375  -0.0237347
0.09375  -0.146088
0.125  0.153777
-0.0625  0.00906925
-0.03125  0.149557
-0.125  -0.158598
-0.03125  -0.122704
0.0625  -0.33691
0.0625  -0.0925143
0.21875  -0.0784391
-0.03125  0.22693
0.1875  -0.199865
-0.09375  0.0253605
0.0625  -0.175199
0.25  -0.134642
-0.03125  0.0139737
-0.0625  0.184808
-0.03125  0.114972
0.125  0.144606
0  -0.0316487
0.09375  -0.140242
-0.09375  0.0400019
0.09375  -0.00934529
-0.15625  -0.0210784
-0.0625  0.160341
0.125  -0.0533921
0.09375  0.0229512
-0.15625  0.213439
0  -0.291664
0.0625  -0.0834673
0.0625  0.0125957
0.15625  0.124354
-0.15625  -0.0377299
-0.15625  -0.133721
-0.09375  0.00534709
0.0625  -0.0443187
-0.03125  -0.0292616
0  0.105886
0.15625  -0.236763
0.15625  -0.0435034
0.09375  -0.0281204
0.125  0.0126407
0.0625  0.0781517
0.03125  -0.21633
0.125  -0.106293
-0.1875  -0.0902997
0.09375  0.100676
0.03125  -0.298462
0.0625  -0.135847
-0.09375  -0.272143
-0.1875  -0.0217273
0  -0.115365
0.09375  -0.315799
-0.15625  -0.0954761
0.28125  0.00316979
0.09375  -0.201176
-0.15625  -0.219921
0.09375  0.103675
-0.125  0.0184699
0.25  -0.148992
0  -0.134789
-0.0625  0.18047
0.03125  -0.0399932
0  -0.189655
0  -0.245982
0.09375  0.108531
-0.03125  -0.216599
-0.0625  0.0313213
-0.0625  -0.0948004
0.15625  0.102382
0.09375  0.0813916
0.09375  -0.0782004
-0.125  0.0741869
0.0625  0.136761
0.1875  -0.10323
0.21875  -0.172864
-0.0625  0.039022
-0.15625  0.0950643
-0.03125  -0.253978
-0.03125  -0.00351837
0.0625  -0.0996762
-0.09375  -0.187625
0.21875  0.189672
0  -0.0854399
0.1875  -0.204819
-0.09375  -0.0159805
0  -0.00190299
-0.125  -0.0955534
-0.125  0.0792538
0.28125  -0.0667905
-0.03125  -0.209458
0.15625  -0.0624903
-0.09375  0.0326623
-0.125  0.0773594
-0.15625  -0.082045
0.03125  -0.0783216
-0.09375  0.168436
0.21875  0.0731687
0.03125  0.226628
-0.28125  -0.215277
0.03125  0.180781
0  0.254314
0.03125  0.0759538
0  -0.189911
-0.03125  0.0770306
-0.15625  0.0131005
-0.03125  -0.0317192
0.125  0.033346
0.125  -0.0572696
0.125  -0.0030401
-0.25  0.101308
0.125  0.122566
0.15625  0.105143
0.1875  0.0275793
0.0625  0.112061
0.125  0.141382
-0.03125  -0.0760909
0.15625  0.216319
0.0625  0.0822196
-0.125  -0.289431
0.03125  0.0419918
0.15625  0.0869554
0.15625  0.161822
0  -0.0888121
-0.0625  0.122071
0.03125  -0.156519
-0.03125  -0.0493046
-0.09375  -0.122695
-0.03125  0.135566
-0.25  -0.00945874
-0.09375  0.02349
0  -0.304475
0.21875  0.146253
0.1875  0.00404971
0.03125  -0.0482344
0.0625  0.0545797
0.0625  -0.139374
-0.09375  -0.204519
0  -0.104793
0.0625  -0.143896
0.03125  -0.201729
0.09375  -0.0277573
-0.0625  -0.0402359
-0.25  -0.046699
0.09375  -0.0201251
0  -0.00587867
0  -0.0619289
-0.09375  0.052881
0  0.0256095
0.03125  -0.159869
-0.125  -0.199672
-0.125  -0.211129
0.0625  -0.141899
-0.03125  0.00868682
0.25  -0.00530063
0.125  0.0348055
-0.125  0.00698392
0.15625  -0.175859
0  0.0308742
-0.15625  -0.0327722
-0.09375  -0.154953
0.09375  -0.0155856
0.03125  -0.19837
-0.0625  -0.202372
-0.15625  0.017173
0  -0.032132
-0.15625  0.067462
0.15625  -0.105975
0.03125  -0.094044
0.03125  -0.0125437
0.0625  0.00120496
-0.125  -0.0719768
0.09375  -0.266686
0.15625  0.0644657
-0.03125  -0.111371
0.15625  -0.0511913
0.0625  -0.00103393
0  0.0727301
-0.03125  0.209672
-0.125  -0.157833
-0.125  -0.160675
0.15625  0.0462354
0.0625  -0.115551
0.0625  -0.122169
0.0625  -0.145751
0.0625  0.0342873
-0.125  -0.140059
-0.09375  -0.0904864
-0.03125  0.206201
-0.1875  -0.0739884
-0.125  0.0302583
0  0.384441
-0.03125  -0.116345
-0.1875  -0.0357651
-0.0625  -0.172874
0  -0.0950055
0.125  -0.299611
-0.1875  -0.112062
0.15625  0.0691446
0.0625  0.142768
0  -0.327987
0  0.121247
-0.1875  -0.199352
-0.1875  0.0603618
0  -0.0868956
0.21875  0.076064
-0.03125  0.0316839
-0.15625  -0.0978611
-0.125  -0.0220432
-0.25  -0.287287
0.125  -0.24895
0.15625  -0.000252491
0.15625  0.0315317
-0.03125  -0.0223496
0.25  -0.0425189
0.25  -0.0758177
0.03125  -0.000741015
0.09375  -0.241514
0.125  0.128403
0.15625  -0.155187
0.0625  0.124416
0.03125  0.0333852
-0.03125  0.0440362
0.03125  0.129795
0.09375  -0.0828736
0.0625  -0.00437661
0  -0.105272
-0.0625  -0.131344
0.25  -0.169568
0  0.00561896
0.03125  0.100288
0  0.0492895
-0.0625  0.00771035
0.1875  -0.115078
0.25  -0.0626596
-0.09375  0.0115613
-0.03125  -0.169231
-0.0625  -0.012408
0.125  -0.0263915
0.125  -0.177965
-0.25  -0.0480681
-0.4375  -0.137235
-0.03125  -0.193117
0.125  -0.0866097
0  0.0490483
0  0.171161
0.0625  0.0161348
0.03125  0.0648842
0.03125  0.00435182
0.0625  0.252047
0  -0.25851
-0.15625  -0.129462
-0.09375  -0.174495
0.09375  0.114401
0  -0.144736
-0.09375  -5.93481e-05
-0.125  -0.0457474
0.0625  -0.201904
-0.25  -0.274977
-0.0625  0.0363383
0.09375  -0.0380165
-0.03125  -0.0528436
-0.125  -0.110706
-0.15625  -0.0759447
-0.09375  0.0586329
0.28125  -0.0922175
0.0625  -0.33018
0.03125  0.199894
-0.1875  -0.0212683
-0.0625  -0.129115
-0.09375  -0.0942394
0.0625  -0.167446
0.03125  0.174891
-0.0625  -0.0791312
-0.0625  -0.0783371
-0.03125  0.0957728
0.03125  -0.0241546
-0.03125  -0.160834
-0.125  0.0375333
-0.1875  -0.220854
0.21875  0.025364
0  0.0999393
0.21875  -0.0420156
-0.28125  0.153189
-0.09375  0.0773985
0.0625  -0.202563
0.0625  -0.243592
-0.09375  -0.0421221
0  -0.025405
0.0625  -0.131309
0.03125  -0.00307662
-0.09375  -0.0489283
0.09375  -0.326021
0.03125  0.0640074
0  -0.0654672
0.09375  -0.12708
0.03125  -0.385963
-0.03125  -0.0717566
-0.09375  0.0864773
0  0.229305
-0.03125  0.00189359
0.03125  -0.307272
0.40625  -0.264196
0  -0.290551
-0.03125  -0.0335668
0.03125  -0.407037
-0.0625  0.0524305
-0.15625  0.188981
0.03125  -0.101463
0.25  0.128087
0  0.0685867
0.1875  -0.185177
-0.03125  -0.114701
0.09375  0.00854991
-0.09375  0.0314643
-0.125  -0.0163045
0.09375  0.0179013
0  -0.00649822
0.21875  -0.305951
0.1875  -0.00838993
0.03125  -0.0285317
-0.03125  -0.0627774
-0.0625  -0.0535026
-0.125  0.0752322
-0.03125  0.0365206
0.15625  0.0860894
0.125  -0.0366666
0.21875  -0.00835326
0.15625  -0.180817
-0.21875  0.0514097
-0.09375  0.0476029
0  -0.0571967
-0.0625  0.000516703
0  0.0428557
0.15625  0.0180063
0.03125  0.325272
0.0625  -0.0472525
-0.09375  -0.0247876
-0.15625  0.0458237
0  0.153124
-0.0625  -0.0727546
-0.03125  0.01698
-0.125  -0.187448
-0.1875  -0.100289
0.03125  -0.157481
0  -0.0591001
-0.15625  0.0299227
-0.125  -0.190554
0.0625  -0.120699
-0.15625  -0.163708
-0.125  -0.272257
0  -0.0973937
-0.34375  -0.0718939
-0.21875  -0.190108
0.0625  0.109864
-0.09375  0.330208
-0.0625  0.0438425
0  -0.0424572
-0.09375  -0.13427
0.125  0.0652174
-0.0625  -0.255674
-0.0625  -0.0858704
-0.3125  0.130366
0.0625  0.073144
-0.25  -0.0197612
0.0625  -0.287322
-0.1875  0.0482457
-0.1875  -0.281644
0.03125  -0.0363859
-0.1875  0.0665789
0  -0.0419631
-0.125  -0.224358
0.09375  -0.131869
-0.03125  -0.153682
-0.21875  -0.11579
0.0625  -0.200967
-0.03125  -0.00482188
-0.125  -0.271055
-0.03125  0.204479
-0.0625  -0.101075
0.0625  -0.10279
0  -0.188093
0  -0.0856281
0.125  -0.0755027
0.0625  0.0618088
0.125  0.317835
-0.09375  0.0998999
0.0625  0.0135269
-0.15625  -0.111339
0  0.0418379
0.09375  -0.195807
0  0.0627747
-0.03125  -0.155707
0.125  -0.049301
-0.15625  -0.0919731
0  0.0413563
0.1875  0.15113
0.09375  -0.00363021
-0.03125  0.0319549
0.0625  -0.150985
-0.125  0.0700817
-0.25  -0.0309967
0  0.128758
-0.03125  -0.010503
-0.03125  -0.218774
0  -0.197753
0  -0.349912
-0.09375  0.0555801
0.0625  0.2622
0  0.301639
0.15625  -0.184218
0.03125  -0.0796492
0.03125  -0.100766
-0.03125  0.0842285
-0.1875  0.0655856
-0.21875  0.107099
0  0.0201661
0  -0.0628026
0.0625  -0.110165
-0.09375  0.000168477
-0.125  -0.0312682
-0.15625  0.271091
0.15625  -0.0727743
0  -0.0381057
-0.1875  -0.0161507
-0.0625  0.0972631
-0.0625  -0.0641081
-0.09375  -0.0624343
0.0625  -0.232811
0  -0.211471
0  0.153449
0.03125  -0.0377822
0.09375  -0.34028
0.03125  0.0126836
0.25  -0.104047
-0.1875  0.0631209
-0.125  0.0103063
-0.03125  -0.0337078
0.03125  0.160032
0.15625  -0.112329
-0.125  0.023099
0.125  -0.117107
0  0.00734778
0  -0.201169
0.0625  0.0947946
0.03125  -0.0763417
0.03125  0.158503
0.125  -0.0945625
0.125  -0.283319
0.125  0.0924295
0.125  0.150002
0.125  -0.0649628
0.25  -0.0038264
0.15625  0.101231
0.09375  -0.225754
0.03125  -0.164006
0.0625  -0.259201
-0.09375  -0.106483
-0.125  -0.0350476
-0.09375  -0.120104
0.21875  0.00863353
0.09375  -0.0111789
0.0625  -0.0931254
-0.1875  -0.140954
0  -0.140262
-0.09375  0.0180266
-0.03125  -0.131692
0.0625  0.0388524
-0.21875  0.082197
-0.0625  -0.103492
0.09375  -0.179186
0.09375  0.0917477
0.03125  -0.0787258
-0.1875  -0.100612
0.21875  0.17793
0.1875  -0.055619
-0.1875  -0.0371925
0.0625  -0.0158332
0.28125  -0.0893382
0  -0.153194
-0.09375  -0.0884259
-0.125  0.0191298
-0.15625  -0.0178002
0.09375  -0.388646
-0.0625  0.0861478
-0.03125  -0.227404
0  -0.127342
0  -0.239059
0.03125  0.166145
-0.0625  -0.014259
0.03125  -0.13006
0.09375  0.05716
0.0625  -0.13735
-0.15625  0.0547992
0.09375  0.180104
0.21875  0.00918013
-0.09375  -0.150994
-0.09375  -0.140608
-0.15625  0.235194
-0.15625  -0.0349014
-0.09375  -0.0270019
-0.03125  -0.0731983
0.0625  -0.133099
0.1875  -0.0524684
-0.03125  -0.0317716
0.09375  -0.34272
0.09375  0.160847
0  -0.211442
0.125  -0.121143
0.03125  0.0224139
-0.25  0.0339105
0.0625  -0.0704421
0.15625  0.145093
0.125  -0.208462
-0.25  -0.0606191
0.0625  0.0921621
-0.0625  -0.147265
-0.125  -0.258687
0.125  -0.0510729
-0.09375  0.140398
0.0625  -0.343141
-0.1875  -0.133057
-0.0625  -0.0914814
0.21875  0.293872
-0.15625  -0.00661049
-0.03125  0.00543168
-0.3125  0.00748763
0.03125  0.112347
-0.09375  0.0838604
0.03125  -0.168749
0.0625  -0.348749
0.09375  -0.0309414
0.09375  0.012472
-0.03125  -0.182163
-0.09375  0.107268
0.09375  0.22736
-0.0625  0.255968
0.09375  -0.0727034
-0.0625  -0.0223412
-0.03125  -0.209915
0.0625  0.135343
0.03125  -0.00709855
0.03125  0.24254
-0.09375  -0.106492
0  -0.0928498
-0.0625  0.00819718
-0.09375  -0.195946
-0.09375  -0.176141
-0.0625  0.0543744
-0.09375  -0.150453
-0.09375  -0.153037
0  -0.174172
0.125  0.148003
0.09375  0.033
0.25  -0.0914433
-0.03125  -0.0324758
-0.03125  -0.204832
-0.25  0.0325928
0.1875  -0.0730168
0  -0.17415
0.3125  -0.00144326
0.0625  0.104064
0.03125  -0.101
0  -0.0773038
0.03125  -0.134379
0  0.0752882
0.125  0.119418
0.03125  0.0933851
-0.0625  0.154422
0.0625  0.0619121
0.125  0.157925
0  -0.210558
-0.0625  0.024744
-0.09375  0.101851
0.09375  -0.107219
0.125  0.111536
-0.125  -0.0185807
-0.0625  0.00408642
0.1875  -0.308063
0.15625  -0.00936508
0.15625  0.187828
-0.09375  0.0242946
0.125  -0.039692
-0.09375  0.0283927
-0.1875  -0.10596
0.03125  0.0722396
0.25  0.0588146
-0.09375  -0.158845
0.125  -0.211129
-0.0625  -0.0432236
-0.0625  0.150127
0  -0.137899
0.125  -0.167863
0.125  -0.0819157
0.0625  0.112716
-0.03125  -0.0554192
-0.125  0.10002
-0.0625  0.0677681
-0.0625  -0.121114
0  -0.0242386
-0.03125  -0.203739
-0.09375  -0.0969158
-0.25  -0.140223
0.25  -0.201191
-0.03125  -0.150317
-0.03125  0.0118753
-0.125  -0.176069
-0.15625  -0.189135
-0.0625  -0.168504
-0.0625  0.258866
0.0625  0.0616756
0.0625  -0.152401
-0.125  -0.00237968
0.15625  -0.0447611
0.0625  0.152056
-0.09375  -0.0599374
-0.1875  -0.116647
-0.03125  -0.120988
-0.125  0.0293233
-0.0625  0.143024
-0.0625  -0.102548
0  0.0797317
0.03125  -0.126982
0.03125  -0.0355224
-0.03125  0.149338
0.03125  -0.271176
0.09375  0.01414
0.09375  -0.0757993
-0.0625  -0.177148
-0.21875  -0.0630832
-0.03125  0.0701241
-0.03125  0.239782
-0.125  -0.271028
0.125  -0.179993
-0.125  0.104151
-0.03125  -0.211454
-0.125  0.0859364
0  -0.104422
0.15625  -0.103986
0  -0.073242
0.0625  -0.271087
-0.15625  -0.00413537
0.15625  0.0654359
0.1875  -0.110695
0.03125  -0.0750548
0.15625  0.0494857
0.0625  -0.00213791
-0.03125  -0.214526
-0.03125  -0.230909
-0.03125  -0.0531539
0  -0.0302458
0.0625  -0.310084
0.09375  -0.0409468
-0.09375  -0.154775
0.09375  -0.263565
0  -0.0821419
-0.09375  -0.139983
-0.1875  -0.0748246
-0.0625  -0.14303
-0.03125  0.145403
0.125  0.0233157
-0.09375  0.134064
-0.0625  -0.0434847
-0.09375  0.0386496
0  -0.129871
0.125  -0.00767566
0.09375  -0.0275281
-0.0625  -0.0168037
0.125  -0.0853384
0.03125  0.133974
-0.03125  0.132445
-0.03125  0.0195014
0.03125  0.124925
0  -0.0991556
-0.03125  -0.0416692
0  -0.133445
0.21875  -0.101103
-0.09375  -0.119797
-0.125  -0.120958
-0.0625  -0.150156
0.09375  0.0429964
-0.15625  -0.234027
-0.0625  0.0173441
-0.09375  0.126151
-0.1875  0.0217954
-0.0625  -0.0817224
-0.1875  -0.145179
-0.15625  -0.0645983
0.0625  0.18774
0.09375  -0.156901
-0.09375  -0.0186751
0.125  -0.0592476
-0.03125  0.120966
-0.09375  -0.178621
0.21875  -0.0159389
-0.0625  -0.0969137
-0.09375  -0.193471
0.15625  0.0820405
0.09375  -0.353739
0.0625  -0.0441873
-0.09375  0.0886367
0.125  0.157509
0.125  -0.237206
-0.25  -0.040684
0.03125  0.0933518
-0.15625  0.0616711
-0.125  -0.0960051
0  -0.0374579
0.125  0.0735143
0.125  -0.2359
0.0625  -0.210428
-0.0625  0.0784514
-0.09375  0.0571571
-0.09375  0.0470081
-0.21875  -0.183877
0.21875  -0.127666
0.1875  -0.185981
-0.09375  -0.0177507
0.1875  -0.0464797
-0.15625  -0.191997
-0.3125  -0.0313625
0.03125  0.114146
0.09375  0.031829
-0.0625  -0.0736287
0.09375  0.0648856
-0.15625  0.105043
0  -0.130677
0.1875  -0.207911
-0.125  -0.14098
0.15625  -0.426498
0.15625  0.0445154
-0.0625  0.0963887
-0.0625  -0.0132176
0.03125  -0.121699
-0.03125  -0.0136718
0  -0.149349
0.0625  -0.0349838
0  0.198037
0.09375  -0.184713
0.09375  -0.271772
-0.09375  -0.239229
0  0.110256
0.125  -0.0723875
0.21875  -0.0694724
-0.0625  -0.198314
-0.03125  -0.00551309
0.0625  -0.0971005
0.125  0.0592758
0.15625  -0.296181
-0.125  -0.20284
-0.03125  -0.330323
0.1875  -0.107294
-0.03125  0.0180464
-0.15625  0.214885
0.03125  0.0628565
-0.03125  -0.0176238
-0.09375  0.00729175
0.03125  -0.00692183
-0.09375  -0.139168
-0.25  -0.230941
0.03125  0.154571
-0.09375  -0.0170221
0.1875  0.19073
0.09375  -0.177982
0  -0.199029
0.28125  -0.0248023
-0.03125  -0.00555818
0  0.136716
-0.03125  0.248871
0.0625  -0.0213352
-0.125  -0.0793238
-0.0625  0.0288065
-0.125  0.134837
0.03125  0.0677069
0.0625  -0.101132
0.0625  0.175225
0.09375  -0.235262
-0.0625  -0.122198
-0.03125  0.0871883
-0.09375  -0.150448
-0.21875  0.148761
-0.1875  -0.0707081
0.09375  -0.103165
0.03125  -0.209917
0.03125  -0.00471933
-0.09375  -0.147587
0.03125  -0.335375
0.1875  -0.178651
0.3125  -0.0530181
0.25  -0.0988497
0.09375  -0.009389
-0.1875  0.0957149
0.09375  -0.119313
0  0.095751
-0.28125  -0.0422693
-0.09375  -0.215827
0.21875  0.104896
0  -0.215493
0.03125  -0.106256
-0.03125  0.0751145
-0.0625  -0.0198745
-0.15625  0.0394205
0.03125  -0.0307187
-0.09375  -0.00540314
-0.3125  0.00938521
0  0.109807
0  -0.0519018
0.03125  -0.111871
-0.15625  -0.190958
-0.03125  0.234851
-0.1875  -0.0760912
0.03125  0.0334613
0.03125  -0.243476
-0.03125  -0.0107488
0  -0.0413935
-0.03125  -0.0460052
-0.1875  0.06387
-0.21875  0.0171456
0.1875  -0.141956
-0.0625  -0.149016
0.21875  0.235215
-0.03125  -0.207842
-0.25  -0.000399032
0.125  -0.0965433
0.125  -0.0505246
-0.1875  0.033665
0.09375  0.140166
0  -0.180647
0.09375  0.0563219
-0.125  0.172659
0.03125  -0.0548996
-0.15625  0.0588324
0  -0.119511
0.03125  -0.015531
-0.09375  0.0556526
-0.03125  0.00944632
0.28125  0.149606
0  -0.0272785
0  0.232769
0.25  -0.132872
0.21875  0.0924064
-0.09375  0.0719765
-0.09375  0.130208
-0.125  -0.287916
-0.0625  -0.0071019
0  -0.159485
0.125  -0.203858
0.03125  -0.112694
0.21875  -0.127235
0  -0.0382375
-0.03125  0.0596712
-0.125  0.0389151
-0.0625  -0.318811
0  0.234021
-0.0625  0.152149
0.1875  -0.0570713
0.09375  0.17932
-0.09375  0.260637
-0.0625  -0.0736141
0.03125  0.0483747
-0.09375  0.107563
-0.03125  -0.00665243
-0.15625  -0.211047
0  -0.202569
0.03125  -0.0402133
0.03125  -0.103175
0.15625  -0.0553053
0.125  0.101284
0.09375  -0.118144
-0.15625  -0.144034
0.09375  -0.0992612
0.03125  -0.0207435
0  0.00240058
-0.1875  -0.113032
0  0.0476811
0.03125  -0.0567243
0.03125  -0.16247
-0.1875  0.0133241
0.09375  -0.0354599
0  -0.079406
-0.03125  0.0547138
-0.09375  -0.00657553
-0.09375  -0.184637
0.09375  -0.00651692
-0.03125  -0.16994
0.25  -0.135763
-0.15625  -0.188648
0.125  -0.027779
0.1875  -0.138155
-0.0625  0.120631
0.1875  -0.0125606
-0.3125  -0.0426809
0.21875  -0.0381084
-0.1875  0.102376
0  0.0624946
0.0625  0.0466809
-0.0625  -0.237186
-0.09375  -0.207997
-0.15625  -0.0974422
0.03125  -0.0489838
0.15625  -0.26842
-0.09375  0.0927347
0  -0.21707
0.0625  0.169102
-0.03125  0.0219451
0.15625  -0.154918
-0.1875  0.100256
-0.03125  0.0922005
0.03125  -0.138307
0.3125  -0.0473407
-0.1875  0.159379
-0.09375  -0.0465187
-0.125  -0.0928585
0.03125  -0.0353939
-0.03125  0.119307
-0.0625  -0.023068
-0.125  -0.0359779
-0.25  -0.292933
-0.28125  -0.228707
0.21875  -0.183467
0  -0.0901591
-0.3125  0.0423602
-0.125  -0.127285
-0.21875  -0.10958
0.09375  0.172323
-0.03125  -0.22671
0.0625  0.329175
-0.03125  0.282921
0.09375  0.272501
-0.0625  -0.00858984
-0.0625  -0.0525933
-0.09375  -0.25467
0  -0.0894209
0.125  -0.0274283
-0.1875  -0.0215298
0.15625  -0.0853487
0.0625  0.11448
0  -0.0747117
-0.125  -0.0132007
0.03125  -0.324243
-0.09375  -0.260976
0.09375  -0.213524
-0.09375  -0.190946
0.03125  0.150176
-0.03125  -0.0569939
0.03125  -0.369909
0.125  0.133559
0.09375  -0.0217187
-0.125  0.0722891
0.03125  -0.103714
0.0625  -0.00101621
-0.09375  0.0692453
-0.0625  0.100903
0.0625  0.0888035
-0.0625  -0.402109
-0.15625  0.0825646
-0.0625  0.0704386
-0.03125  -0.159331
0.09375  -0.293426
0  0.187064
0.09375  0.0630907
-0.09375  -0.0994118
-0.09375  0.0317846
0.25  -0.115252
-0.34375  -0.0345165
-0.03125  -0.0181124
0.125  -0.251863
-0.15625  0.11272
0  -0.140589
0.25  0.110024
-0.0625  -0.00351995
0.09375  0.055806
0.0625  -0.228885
0.21875  -0.255668
0.125  -0.0338379
0.03125  0.0459511
-0.3125  0.208738
0.09375  0.00815208
0.03125  -0.0515094
0.125  0.0473712
0.125  0.142409
0.125  -0.0842507
0.125  0.095634
0  -0.0293184
-0.09375  -0.050119
-0.0625  -0.309417
0.09375  0.0253741
-0.0625  -0.0871908
0.0625  -0.0716123
-0.09375  -0.00485296
0.0625  -0.0593849
0  -0.0143844
0.09375  -0.0879257
-0.09375  -0.123213
0.21875  0.12944
0.03125  -0.0222091
-0.03125  -0.0946312
-0.125  0.0604509
0.09375  -0.00792328
0.21875  -0.0167367
-0.21875  -0.114661
0  0.00937063
-0.03125  -0.187133
-0.1875  0.0185808
0.09375  -0.082583
0.03125  -0.130382
0  0.022944
-0.125  0.129829
-0.09375  -0.0235934
-0.25  -0.0249481
-0.125  -0.0825057
-0.1875  0.00555309
0.15625  -0.206484
0.09375  0.0954246
0.09375  -0.228537
0.09375  -0.491224
0.09375  -0.135245
-0.1875  -0.345187
0.125  -0.147124
0  -0.082174
0.28125  -0.124819
0  0.213537
0.15625  -0.0987146
-0.1875  -0.177778
0.03125  0.0374675
0.03125  0.0365083
-0.0625  -0.104416
-0.0625  -0.104129
0  -0.076424
-0.125  0.137063
-0.09375  0.17038
-0.09375  0.0368964
-0.125  -0.044471
0.03125  -0.0681997
-0.0625  0.059869
-0.03125  -0.177005
0.21875  -0.0293583
-0.09375  -0.189671
-0.0625  0.0765773
0.03125  0.0430087
0.0625  -0.21336
0.0625  0.168392
0.0625  0.237442
0.03125  0.183031
0.21875  -0.125108
0.03125  -0.26667
-0.03125  -0.101962
-0.03125  -0.0178743
0.0625  0.0375639
0.0625  0.00250273
-0.0625  0.343163
0.21875  0.0385991
-0.15625  0.0826214
-0.21875  -0.0178071
0  0.122371
-0.1875  0.204411
0.0625  0.0529257
0.03125  0.178423
0.0625  -0.0999153
0  -0.00868
0  -0.184919
0.25  -0.17985
-0.125  0.077458
0.125  -0.134775
0.1875  -0.182395
0.15625  -0.0523792
-0.0625  0.0686484
0.1875  -0.26889
-0.09375  0.0185772
-0.09375  -0.0886263
0.0625  0.164463
0.03125  -0.0857523
-0.0625  -0.0227215
-0.03125  -0.181362
-0.1875  0.114757
0.15625  -0.102168
-0.0625  -0.133993
0.03125  0.0685574
0.03125  -0.0184003
0  -0.110824
0.0625  0.204933
-0.125  -0.0120358
-0.0625  0.17491
0.21875  -0.137442
0  -0.130003
-0.09375  -0.149497
-0.03125  0.196405
-0.03125  -0.0252089
0  0.103261
0.1875  -0.0640828
0.125  -0.163692
0.03125  0.0704219
0.09375  -0.119353
-0.09375  0.0350953
0.125  -0.231779
-0.21875  -0.0312206
-0.125  -0.0384152
0.125  -0.225466
-0.03125  -0.446666
-0.125  -0.172644
0.21875  -0.0633888
0.15625  -0.0328832
-0.25  -0.0441237
0.125  -0.161439
0.15625  -0.146872
-0.21875  0.01625
-0.0625  0.0829969
0.15625  -0.139036
-0.09375  -0.124971
0.25  -0.123063
0.125  -0.00494871
-0.03125  0.14157
-0.03125  0.146002
-0.125  0.0128088
0.0625  -0.161655
0.0625  0.0212039
-0.03125  -0.114808
-0.125  -0.172648
0  -0.176142
-0.09375  -0.219644
-0.15625  -0.0525073
0.25  -0.0317659
0.09375  0.0310201
0.0625  -0.18534
-0.09375  -0.101692
0.03125  0.0205938
-0.03125  -0.11182
0.09375  -0.00411897
0.0625  -0.183764
0  0.194084
0  0.00176189
0  -0.0279716
-0.28125  -0.150468
-0.21875  -0.195771
-0.0625  -0.164403
0.125  -0.0612136
-0.1875  0.113374
0.03125  -0.150412
-0.09375  -0.154169
-0.1875  0.0859088
0.0625  -0.0368238
0.125  -0.183429
0.21875  -0.0228895
0.21875  -0.0214725
0.125  0.103157
0  -0.0942593
0.15625  -0.232543
0.0625  -0.0259267
-0.125  -0.2593
0.15625  0.0425074
-0.0625  -0.166664
0.09375  -0.0208152
-0.125  0.104981
-0.0625  0.0211659
0.03125  -0.155634
0.09375  -0.0757059
0.03125  -0.107405
0.125  0.00672158
0.21875  -0.0776276
0.1875  0.081508
0.03125  -0.137308
0  -0.399535
0.1875  -0.0822884
-0.125  -0.104062
0.0625  0.0920797
0.03125  0.102172
-0.1875  -0.128786
0.03125  0.0939735
0.0625  -0.0625273
0.03125  -0.206528
-0.21875  -0.161627
-0.0625  -0.22708
0.0625  0.0459889
-0.0625  0.111691
0.0625  -0.172833
0.03125  0.0380593
-0.0625  -0.0496774
-0.125  0.172024
-0.0625  -0.0171222
0.09375  -0.204063
-0.03125  0.112961
0.125  0.0607599
0  -0.0613931
-0.0625  -0.000189072
0  -0.133771
0.0625  -0.148125
-0.3125  -0.209022
0.28125  -0.113677
-0.0625  0.117282
-0.0625  0.0621318
0  -0.0331838
-0.0625  -0.211805
-0.15625  0.0971555
-0.0625  0.0848466
0.09375  -0.410301
0.03125  -0.12404
0  -0.36933
-0.09375  -0.189403
0.25  0.126738
0  -0.275126
-0.28125  -0.382043
-0.09375  0.0603732
0.0625  -0.0105351
-0.03125  0.105665
0.09375  -0.179534
-0.125  -0.24408
-0.0625  -0.0433692
-0.03125  -0.130516
0  -0.00253849
0.15625  -0.361464
-0.15625  0.121277
0.0625  -0.163143
-0.15625  0.12629
-0.0625  0.121719
-0.03125  -0.224794
-0.0625  0.0329585
-0.15625  -0.137516
-0.03125  0.249153
-0.0625  -0.0295267
-0.15625  0.249472
0.09375  -0.114004
-0.125  -0.0361212
0.03125  0.192483
0.0625  -0.131919
-0.1875  -0.169236
0.15625  -0.0380369
0.15625  0.0153703
-0.125  -0.000155579
-0.15625  -0.122076
-0.28125  0.182942
0.15625  0.0260237
0.15625  0.0973347
-0.09375  0.0897894
-0.03125  -0.25229
-0.21875  -0.166245
0.125  -0.0792437
-0.21875  -0.121359
-0.0625  0.0527104
0.28125  -0.128951
0.0625  -0.0524862
-0.0625  0.0792498
-0.03125  -0.0724371
-0.09375  -0.141885
0.0625  -0.184833
-0.21875  0.0110087
0.03125  0.266189
0.03125  -0.114717
-0.125  0.0465225
-0.0625  0.0296941
0.125  0.0214971
0.125  0.0330946
0.15625  -0.34896
-0.21875  -0.00426809
-0.09375  0.042111
0.03125  0.0938314
0.1875  -0.00201882
0.15625  -0.0969795
0.21875  -0.298405
-0.0625  0.00307679
-0.125  0.151507
-0.09375  -0.293451
0  0.184614
0.125  0.00174636
0.1875  0.121419
-0.03125  0.0958841
0  0.132595
0.09375  -0.109392
-0.09375  -0.200389
-0.1875  -0.283934
-0.09375  0.0387705
0.0625  -0.196342
-0.1875  -0.175498
-0.03125  0.0069228
0.03125  -0.182955
0.125  -0.224505
-0.0625  -0.0884067
0.3125  0.106033
0.0625  0.0125115
-0.21875  -0.188619
0.09375  -0.0847432
0.09375  -0.183621
0.0625  -0.0190921
-0.09375  -0.0890198
-0.25  -0.112274
-0.25  -0.0117782
-0.09375  -0.26628
0.0625  -0.145792
0.0625  -0.0444186
0.21875  0.112577
0.03125  0.0766915
-0.21875  -0.0239333
0.03125  -0.14333
0.0625  -0.0074615
0.125  -0.173795
0.15625  -0.0440082
-0.125  0.0866822
0.03125  -0.0931611
0  -0.049676
-0.21875  0.157029
0.03125  0.030099
-0.09375  0.0849769
0.03125  -0.233218
0.03125  -0.152635
-0.1875  -0.183902
-0.1875  0.279219
-0.1875  0.191864
-0.1875  0.0799118
-0.03125  0.0298517
-0.15625  -0.0269552
0.3125  0.00325292
0  0.103851
0.03125  0.0685074
-0.09375  -0.16617
-0.03125  0.0383643
0.15625  0.0732966
0.0625  0.136698
0  0.108204
-0.125  0.0216418
-0.125  -0.103969
-0.125  0.160639
0.0625  0.111577
0.09375  -0.108162
0.03125  -0.122418
-0.03125  -0.0204828
0  0.0270862
-0.125  -0.0263713
0  -0.103331
0.125  0.1258
0.03125  0.12813
-0.15625  -0.105087
-0.125  0.0739503
-0.1875  0.0666814
0.15625  0.126574
0.375  -0.00495317
-0.21875  0.00202327
0.03125  0.00655825
0  -0.0726578
-0.0625  0.0822149
-0.21875  0.0570342
0.0625  -0.0218952
0.09375  -0.278455
0.1875  0.188638
-0.15625  0.0415541
-0.0625  -0.0266157
0.03125  -0.0411561
-0.125  0.119235
0.03125  -0.0463827
-0.125  -0.181247
-0.21875  -0.0803838
-0.0625  0.279573
-0.03125  -0.250046
-0.1875  -0.149186
0.0625  -0.0917808
-0.03125  0.00476861
-0.03125  -0.0178876
0.0625  -0.0186853
0  -0.131305
-0.09375  -0.0163769
0.125  -0.0348192
0.03125  -0.0987555
0.03125  0.00847117
-0.03125  0.0312933
-0.09375  0.01296
0.09375  0.0262421
-0.03125  0.120905
0.0625  0.0837388
0.09375  -0.0760841
-0.125  0.180225
-0.125  -0.265863
0.0625  -0.110336
-0.15625  0.331471
-0.03125  0.0431555
-0.09375  -0.150638
0.3125  -0.0376144
0.1875  0.0564711
0  0.047622
-0.21875  -0.0186952
-0.125  -0.0765749
0.09375  -0.120947
-0.25  -0.000526463
0.125  0.00452766
0.03125  0.0214471
0.03125  -0.0379495
-0.21875  -0.113359
-0.125  0.0496416
-0.03125  -0.243223
-0.03125  -0.224939
-0.125  -0.0897342
0.09375  0.034841
0  0.0289331
0.09375  0.198166
-0.0625  -0.283577
0.125  -0.0675386
-0.21875  -0.160124
-0.09375  -0.0531486
0.28125  0.0234267
0.125  -0.0741691
-0.125  -0.100838
-0.15625  0.0788617
0  -0.0719109
0.0625  0.214319
0.09375  -0.121211
-0.03125  -0.0453351
-0.0625  -0.129096
0.0625  0.0747862
0.15625  -0.00987457
0.25  0.023143
-0.09375  -0.135491
0.1875  0.0559033
0.03125  0.291264
-0.1875  -0.313662
-0.03125  -0.0199179
-0.09375  -0.0411346
-0.09375  -0.110418
-0.125  -0.1259
0.25  0.148691
0.125  -0.10888
-0.03125  -0.131053
0.09375  -0.160154
-0.03125  0.00377647
-0.15625  0.107211
0.15625  -0.0368748
0.125  0.0408081
-0.03125  -0.0677518
0.09375  -0.129
-0.09375  0.0192858
0.03125  -0.0157816
0.125  0.00633695
0  -0.0754077
-0.0625  -0.0216397
-0.34375  -0.187927
0.125  0.0500647
-0.03125  0.0067118
0.1875  -0.0258343
-0.09375  0.182795
0.125  0.1806
-0.125  -0.0676601
0  0.144976
-0.15625  0.0527725
0.09375  -0.0710957
-0.03125  0.319598
0  -0.00848504
0.09375  0.060451
0.03125  -0.153847
0.0625  -0.124127
0.09375  -0.163971
-0.09375  0.150153
-0.03125  -0.0791023
-0.03125  0.0583676
0.15625  0.137851
0  -0.10576
-0.03125  0.22772
-0.15625  -0.0807635
-0.15625  -0.200293
-0.0625  -0.0158727
0.0625  -0.053093
0  -0.0256287
-0.125  -0.282919
0.0625  0.22307
0.0625  -0.0722871
-0.03125  0.00294843
-0.09375  -0.0801675
0.03125  0.00387035
-0.0625  -0.103764
-0.125  -0.0309316
0.0625  -0.132366
0.15625  -0.0278406
-0.1875  0.262346
-0.15625  0.149409
0  0.173665
-0.03125  0.0058095
0.0625  0.0424304
-0.125  0.0992476
0.03125  -0.041245
0.0625  -0.27084
0.09375  0.102306
-0.1875  0.0611615
-0.21875  -0.118724
0  -0.0555919
0.25  0.155691
0.09375  -0.242796
-0.03125  0.0864793
-0.125  -0.032284
0  0.119163
-0.3125  0.00871107
-0.09375  -0.0365966
-0.0625  0.158444
0.03125  0.11679
0  -0.0734908
-0.1875  0.0093784
0.09375  -0.0514579
0.03125  0.0110211
0.09375  -0.120638
-0.125  -0.0810157
-0.21875  -0.0813789
-0.21875  -0.229374
0.0625  -0.437882
-0.03125  -0.246658
-0.15625  0.25533
0.09375  -0.0867638
-0.125  0.0222648
-0.0625  -0.0375405
0.21875  0.0476414
0.3125  -0.232035
-0.0625  -0.1888
-0.125  -0.193448
0.15625  0.0889244
0.09375  0.0314657
-0.0625  -0.0532169
0.03125  -0.158534
0.21875  -0.226174
-0.125  -0.0891719
0.03125  -0.071469
0.09375  -0.0289232
-0.1875  -0.0943605
0.09375  -0.300145
0  -0.182216
0.03125  0.0296221
0.0625  -0.204354
0  0.142018
-0.09375  -0.0536642
-0.03125  0.0436198
0.0625  -0.256386
-0.0625  -0.0728917
-0.15625  0.0209865
-0.0625  -0.0286856
0  0.206041
-0.0625  -0.0349474
0.15625  -0.161842
0.09375  -0.0732518
0.0625  0.1022
0.0625  0.00586136
0.21875  0.0124776
-0.09375  0.0312748
0  -0.100313
0  0.014168
0.125  -0.105653
0.03125  -0.319373
0.125  -0.0900162
0.03125  -0.15349
0.0625  -0.0286566
0.15625  -0.240815
0  -0.193961
0.21875  -0.226576
0  -0.0975096
-0.125  -0.0349663
-0.0625  -0.204313
-0.09375  -0.213889
0.15625  -0.351208
-0.25  -0.0438513
0  -0.181549
-0.0625  0.177393
-0.0625  0.134983
0.125  -0.0714803
0.09375  -0.100425
0  -0.0698952
-0.21875  0.0216798
0.1875  0.101656
-0.03125  -0.173899
-0.09375  -0.0173061
0.3125  -0.242566
-0.03125  0.0223158
-0.28125  -0.182701
0.21875  -0.101487
0.03125  -0.00215257
0.125  -0.236056
-0.09375  -0.0989018
-0.125  0.0121688
-0.09375  0.0389916
0.15625  -0.0336097
-0.125  -0.0849745
0.125  0.197201
0.09375  -0.0847051
0.1875  -0.132131
-0.1875  -0.0474668
-0.0625  0.0103492
0.125  0.0494336
-0.03125  0.0302908
-0.09375  0.125749
-0.03125  0.0572147
-0.0625  -0.147665
0.15625  0.0316618
0.25  0.195832
0.15625  -0.0392327
-0.0625  -0.0318984
-0.0625  0.0933473
-0.1875  0.0585326
-0.21875  -0.101722
-0.09375  -0.0291614
0.0625  -0.0924942
-0.0625  0.0370655
-0.09375  -0.159864
0.125  0.0583186
-0.09375  -0.262822
-0.15625  -0.0310656
-0.1875  -0.068995
-0.0625  0.0891813
0.28125  -0.284799
0.03125  -0.140943
-0.125  -0.185155
0.03125  -0.083001
-0.03125  0.0877871
-0.0625  -0.00723774
-0.0625  -0.0159874
-0.15625  -0.164873
0  -0.00145528
0.03125  0.178422
0.25  -0.0182542
0.03125  0.0323481
0.09375  -0.0393216
-0.125  0.357648
0.21875  0.102526
0.03125  -0.344269
0  -0.0684641
0  0.101421
0.15625  -0.0569837
-0.21875  0.165607
0.21875  0.043675
0.15625  0.125186
-0.09375  0.111262
0.03125  -0.017114
0.125  0.137416
-0.15625  0.00738384
0  -0.0812289
0.0625  0.0310928
-0.09375  -0.0182577
-0.1875  0.00494302
-0.0625  -0.117702
0.125  -0.160881
-0.09375  0.18492
-0.03125  -0.108772
0.125  0.0996874
-0.28125  -0.070911
0.0625  -0.00999913
0.21875  -0.0876185
0.03125  0.0605914
0.125  0.0423807
0.1875  0.162368
0.125  0.199921
-0.1875  -0.109829
0.03125  -0.155828
0  0.321205
0.0625  -0.101273
0.09375  -0.148796
-0.15625  -9.13707e-05
-0.125  0.0143414
-0.0625  0.0745998
0.03125  -0.0285355
0.0625  -0.035363
-0.1875  0.0681521
0.1875  0.179609
-0.25  -0.0347557
-0.03125  0.0915855
-0.0625  -0.0808411
0.0625  -0.0530915
-0.1875  0.0441279
0.125  -0.280998
0.03125  -0.00557391
-0.125  -0.0274928
0.1875  -0.115985
0.0625  -0.0279548
-0.09375  -0.0577979
-0.125  -0.0309574
0.21875  0.113555
0  -0.0580554
-0.09375  0.0237475
-0.03125  0.166024
-0.0625  0.144102
0.21875  -0.154938
-0.0625  0.00763336
0.09375  -0.192572
-0.0625  -0.224794
-0.03125  0.0383608
-0.3125  -0.159352
-0.15625  -0.102572
0.09375  -0.151202
0.1875  0.214911
-0.0625  0.0718379
-0.0625  0.0424728
-0.34375  -0.00961083
0.1875  -0.0448916
-0.09375  -0.130848
-0.03125  0.0463629
0  0.0074162
-0.09375  -0.0341153
-0.09375  -0.117846
-0.09375  -0.084731
-0.0625  -0.0435707
-0.0625  0.0337582
-0.0625  -0.113343
-0.03125  0.13595
-0.125  -0.0785514
0  -0.167412
0  -0.0764734
0.03125  -0.241843
-0.09375  -0.298899
0.0625  0.0312554
-0.03125  -0.00953152
0.0625  -0.0444937
-0.0625  -0.223738
-0.0625  -0.0766363
-0.09375  0.40234
-0.03125  -0.0690209
-0.1875  -0.0130042
0.125  -0.166611
0.1875  -0.159799
0.28125  -0.0250482
0.09375  -0.0537208
-0.03125  -0.189475
0.15625  -0.0866017
0.28125  -0.141848
0.0625  -0.20153
0.03125  -0.361998
-0.15625  -0.154266
-0.0625  -0.00403751
0.125  -0.392254
-0.09375  -0.237471
0.03125  0.247691
-0.09375  -0.221732
-0.0625  -0.133456
-0.09375  -0.0878132
-0.25  -0.0220994
0.25  -0.0526772
0.09375  -0.0454739
-0.09375  -0.121545
0  0.134523
0.0625  -0.134632
0.03125  -0.0247917
0.03125  -0.13734
0.21875  -0.0841335
0  -0.151494
0.125  0.0729253
-0.125  0.0234571
-0.1875  -0.176297
0.21875  -0.0357575
-0.125  0.204142
-0.09375  -0.0853308
0.09375  -0.0351013
0  0.156701
0  -0.0732587
-0.1875  0.116997
0  -0.153319
0.25  0.162106
0  -0.0374616
0.09375  -0.025502
0.03125  0.065733
0  -0.099408
0.0625  -0.2237
0.125  0.187147
0.125  -0.204478
0.0625  0.184808
-0.09375  0.134391
-0.0625  -0.0309696
-0.15625  0.053898
0.09375  -0.163698
-0.125  0.175997
0.03125  -0.20002
-0.0625  -0.131182
-0.0625  -0.122299
0.03125  0.335436
-0.09375  -0.19802
0.25  -0.142026
-0.125  0.217543
0.1875  -0.111035
0.1875  -0.252477
-0.125  -0.440106
0.21875  0.0501593
-0.0625  0.0903415
-0.03125  -0.182023
-0.03125  0.0654282
-0.0625  0.117338
0.03125  0.172567
-0.03125  0.154133
0.0625  0.150657
0.125  -0.0748089
-0.28125  -0.0547093
-0.28125  -0.243598
-0.3125  -0.170206
0.1875  -0.226596
0.3125  -0.0668391
0.15625  0.0541758
0.03125  -0.0929126
0.03125  0.06247
0.125  -0.0338125
0.03125  -0.230901
0.03125  0.015359
0.03125  0.0678316
-0.125  -0.275906
-0.03125  -0.114689
-0.09375  0.219477
-0.0625  -0.0767254
-0.03125  0.00995163
0.21875  -0.065576
-0.125  0.0419451
-0.125  -0.0633198
-0.0625  -0.298776
0.15625  -0.00123468
0.0625  -0.0714379
0  -0.0544646
-0.125  0.124676
-0.03125  0.0401859
-0.125  0.0461142
0  0.00726576
-0.09375  -0.167228
0.0625  0.440358
-0.03125  0.0788967
-0.125  -0.0285068
0  -0.178792
0.15625  0.00841178
0.1875  0.0323046
0.15625  -0.291604
-0.1875  0.225168
-0.03125  0.0246814
-0.0625  0.14415
0  -0.0258774
-0.0625  -0.0946898
-0.21875  -0.16928
0.28125  -0.222725
0.15625  0.0106162
-0.15625  -0.00124879
0.03125  -0.0666717
0.125  -0.0456862
0  -0.0350068
0  -0.165518
0.09375  -0.225831
-0.15625  0.091225
-0.03125  -0.00623957
0.0625  -0.261355
-0.0625  0.146464
0.25  0.222997
-0.03125  0.00275708
0  -0.0545429
-0.09375  -0.0155033
0.03125  -0.0144077
-0.0625  -0.196344
0.125  0.18544
-0.21875  0.157715
-0.21875  -0.041778
0.03125  0.0132432
-0.21875  -0.00261948
-0.09375  -0.0672702
0  -0.0301501
-0.09375  -0.171287
0.0625  0.0813076
-0.0625  -0.209846
-0.1875  0.125398
0.1875  0.0427212
-0.15625  -0.103451
0  0.00872893
-0.0625  -0.0252929
-0.0625  0.052905
-0.15625  -0.0527911
0.1875  -0.0864033
-0.09375  0.148526
-0.0625  -0.0787693
0.375  -0.151061
-0.125  -0.202651
0  0.203042
0  0.0980579
0.03125  0.0267181
0  -0.291049
-0.125  0.0087232
0.15625  -0.198015
-0.15625  0.0330009
0.1875  -0.101696
-0.0625  0.119616
0.125  -0.130496
-0.03125  -0.163673
-0.03125  -0.0563408
0.0625  0.0528045
-0.1875  -0.234821
0.0625  0.0574852
0  -0.161932
0.09375  -0.142624
-0.03125  0.122095
0.09375  0.0197148
0  -0.0153127
-0.09375  -0.125604
0.125  0.0971114
-0.125  -0.0195541
0.03125  0.136052
0.03125  0.265945
0.28125  0.0181618
0.0625  0.0452561
0.0625  0.0929415
0.1875  -0.284348
-0.125  -0.115932
-0.125  -0.098696
-0.03125  -0.182527
-0.15625  0.0680418
-0.0625  0.0977331
-0.09375  -0.149362
-0.21875  -0.147018
0  -0.00413343
-0.0625  -0.00755778
0.09375  -0.134494
0.0625  -0.0791394
0.09375  -0.110618
0.0625  0.00504066
0.03125  -0.0260256
-0.1875  -0.132866
-0.125  0.0943617
0  -0.0950769
-0.1875  -0.123206
-0.15625  -0.136986
-0.03125  -0.0820035
0  -0.0401133
0.03125  -0.0157059
-0.15625  0.0327707
-0.03125  -0.322058
0.03125  0.216117
-0.1875  -0.0518314
0.125  0.0299216
0.03125  -0.100225
-0.28125  0.0625878
-0.03125  0.137866
0.09375  -0.0682807
-0.03125  0.0787811
0.0625  0.0828822
0.15625  -0.113708
0.03125  -0.060116
0.09375  -0.0711239
0.09375  0.156363
-0.09375  -0.16792
0.1875  -0.300455
-0.0625  -0.179203
0.03125  0.183203
0.15625  -0.099871
-0.1875  -0.103972
-0.09375  -0.0425169
-0.125  0.0129438
0  0.103214
0.1875  -0.0168814
0.15625  -0.144909
-0.25  0.0514299
0.09375  0.192653
0.09375  -0.147363
0.25  0.0528278
0.09375  -0.034743
0.03125  -0.0379067
-0.03125  -0.366124
0.15625  -0.217259
-0.0625  -0.330957
0.03125  0.0882844
-0.125  0.0533581
-0.125  -0.00252763
-0.125  0.125308
0.28125  -0.203461
-0.21875  -0.140358
0.0625  0.075617
0.25  -0.0713737
0.15625  -0.119313
-0.03125  -0.199069
-0.0625  -0.241026
0.3125  0.0583443
0.03125  0.0476924
0  -0.0192895
-0.1875  0.100892
-0.09375  -0.0711786
0.0625  0.0458647
0.09375  -0.0662225
-0.09375  0.0915884
0.15625  -0.00223217
0.125  -0.0387024
0.1875  -0.00519907
0.03125  0.117394
-0.03125  0.101833
0.125  -0.0932369
-0.03125  0.181964
-0.1875  -0.0229771
0  -0.137102
0.09375  -0.177257
-0.1875  -0.0490272
0.09375  0.0800608
-0.09375  0.080316
-0.03125  0.0335738
0.03125  -0.0303444
0.03125  -0.0922076
0.03125  -0.211046
0  -0.260163
-0.0625  0.0821314
-0.15625  -0.344146
0  -0.113283
-0.03125  0.0953901
0.125  0.13787
-0.15625  -0.263395
-0.03125  -0.0173018
0.0625  -0.129973
0.1875  -0.120374
0  0.0507954
0.15625  -0.0788583
0.03125  -0.102485
0.21875  0.214651
-0.1875  -0.194388
-0.03125  -0.158723
0  -0.0321914
-0.09375  -0.0830157
0.0625  -0.140165
0  -0.188847
-0.1875  -0.00244035
-0.125  0.173164
0  -0.0426847
-0.09375  0.113494
0.09375  -0.0589857
0.1875  -0.155853
0.1875  -0.243551
0.03125  -0.0263461
0.1875  -0.0258949
-0.03125  -0.107252
-0.09375  -0.185069
-0.03125  -0.232745
0  -0.102187
-0.15625  -0.0994475
-0.0625  -0.162288
0  -0.089821
-0.125  -0.0342481
0.1875  -0.0755613
0  0.0549617
-0.125  0.0338919
0.125  -0.129835
0.0625  0.153455
0.09375  -0.0758074
-0.0625  0.162107
0.09375  0.185764
-0.03125  -0.150986
0.03125  -0.0626416
0  -0.384762
0.15625  -0.235752
0.15625  -0.131045
-0.0625  -0.0647122
-0.15625  0.10981
-0.21875  -0.00222175
-0.09375  -0.0488867
0.125  -0.037762
-0.09375  -0.0644584
0.15625  -0.0761374
-0.03125  -0.066009
-0.03125  -0.181527
-0.03125  0.0455055
0.09375  -0.132963
0.125  -0.0183495
0.15625  0.130895
-0.15625  0.0372412
0.15625  0.112661
0.21875  -0.0867508
0.0625  0.0341851
0.21875  0.0178573
0  -0.0896837
-0.125  0.0216969
0.21875  -0.188639
0.0625  0.0511761
-0.21875  -0.0096213
0.125  -0.0981697
-0.125  -0.0727257
0.125  0.0397592
-0.15625  -0.0278392
0.0625  0.23581
-0.09375  -0.0321542
0.0625  -0.0540431
-0.0625  0.0509398
-0.03125  -0.0528207
0.1875  -0.136408
0.0625  -0.133913
0.03125  0.00238072
-0.28125  0.054426
-0.09375  0.212843
-0.03125  -0.118222
0.125  -0.0970395
0  -0.00883454
-0.0625  -0.0458801
0.25  -0.288265
0.125  0.0529749
-0.15625  0.0132703
0.1875  -0.0939753
-0.125  -0.0897271
0  -0.205779
0.25  0.0151792
0.125  -0.12038
-0.09375  0.0269529
0.15625  -0.0473895
-0.03125  0.0785578
-0.09375  -0.0493252
0  0.0372551
-0.21875  -0.282019
-0.09375  -0.112926
0.0625  0.0310548
0.15625  -0.0601172
-0.0625  -0.161174
0.03125  -0.292823
0.15625  -0.0394527
-0.0625  -0.217321
-0.09375  -0.118736
0  -0.0995427
-0.125  -0.148018
-0.03125  0.154436
-0.125  -0.169345
0.0625  -0.0336297
0.0625  -0.118071
0.125  -0.113463
0.03125  -0.158064
0.1875  -0.425198
0.15625  -0.044774
-0.09375  0.137181
0.125  0.219471
-0.09375  0.27654
0  0.019986
0.0625  -0.20101
0  0.0190874
0.21875  0.0794021
-0.125  0.0410698
-0.28125  -0.0285145
0  0.00561434
0.09375  -0.359429
0.03125  -0.0565926
0.0625  -0.0648617
0.25  0.0818226
0.03125  -0.0695366
-0.0625  0.141807
0.09375  -0.0873152
-0.03125  -0.226719
0.0625  -0.0508913
0  -0.0319161
-0.0625  0.211713
-0.03125  -0.402269
-0.09375  -0.0382745
-0.0625  0.0715497
0  -0.0669019
0  -0.233605
-0.09375  0.00939957
0.03125  -0.0134531
-0.09375  0.110783
-0.09375  -0.0129101
-0.03125  0.0778755
0.03125  0.129921
0.0625  -0.0878947
0.09375  0.16748
0.21875  0.0473069
0.15625  -0.236474
0.03125  -0.057477
0  -0.17407
-0.1875  0.0139015
-0.0625  0.0142754
-0.1875  0.146762
0.09375  -0.281351
0.09375  -0.136363
-0.03125  -0.0793641
0.0625  -0.219919
-0.09375  -0.204214
-0.125  0.0788445
-0.03125  -0.164326
0  -0.00899535
-0.25  0.105614
-0.09375  -0.115232
0  -0.0446438
0.09375  0.254621
0.28125  -0.225871
0.125  -0.106677
-0.0625  -0.137432
-0.03125  -0.0934398
0  -0.0501812
-0.09375  0.105124
0.21875  -0.193787
0  0.0139512
-0.03125  0.176451
0.0625  0.0467787
0.15625  -0.140184
-0.09375  -0.0395602
0  -0.248743
0.0625  -0.0296189
-0.15625  0.0846172
-0.09375  0.0281683
-0.0625  0.173271
0.125  0.109039
0.125  -0.122923
0  -0.0353972
-0.03125  -0.0608219
-0.15625  0.0475732
-0.03125  -0.0109901
0.125  0.0236146
-0.1875  0.0835085
-0.0625  0.154987
-0.125  0.145594
0.125  -0.0285701
-0.0625  -0.115646
-0.15625  -0.128647
-0.03125  -0.0286244
-0.09375  -0.0593348
-0.03125  -0.17717
0.15625  -0.0632138
-0.125  0.00251689
-0.0625  0.21035
0.03125  -0.391496
0.21875  -0.228493
0.0625  -0.220444
-0.09375  -0.0380765
-0.125  0.00419004
-0.09375  -0.0734682
0.125  0.0939655
0.3125  -0.189493
-0.21875  0.109032
-0.125  -0.274886
0.0625  -0.0348003
0  0.0271807
0.3125  -0.0588696
0.09375  -0.114829
0.21875  0.034897
-0.1875  0.0334698
0.03125  0.0804217
-0.125  0.0328179
-0.09375  0.0178421
0.0625  0.0159599
-0.125  -0.0790004
0.0625  -0.219248
-0.25  0.128311
0.09375  0.124022
0.15625  -0.0116595
0.0625  -0.107712
0.15625  -0.085943
-0.0625  0.14159
-0.25  -0.164551
0.28125  -0.0370365
-0.25  -0.133601
-0.21875  0.010114
0.09375  -0.0807393
-0.15625  -0.0861442
-0.09375  0.179749
-0.03125  -0.0364083
0.03125  -0.171893
-0.09375  0.296156
-0.125  -0.0721567
-0.125  -0.0342886
-0.1875  -0.0100403
0.0625  0.0269978
0.1875  -0.0975132
-0.0625  -0.141051
0.15625  0.185307
0.15625  -0.15971
-0.09375  0.00998236
-0.09375  -0.0748176
-0.03125  0.18542
-0.0625  -0.0509177
-0.03125  0.00973581
0.09375  -0.114012
0  -0.213752
0.125  0.0225634
-0.03125  0.0494491
0.09375  -0.325925
-0.09375  -0.18678
0.03125  -0.301064
0.125  0.161292
0  -0.350986
-0.125  0.078232
0.03125  -0.108519
-0.1875  0.107533
0.0625  0.236464
-0.0625  -0.12411
-0.125  -0.0398605
-0.0625  -0.024301
0.03125  0.152914
-0.09375  0.0334673
0.125  -0.0518616
0  -0.0488623
0  -0.0983425
0.09375  0.0327801
-0.21875  -0.315991
0.15625  -0.355771
0.125  -0.0671848
0.09375  0.313421
-0.15625  -0.167873
0.03125  -0.192996
-0.09375  -0.308685
0.0625  -0.0515777
0.09375  -0.0265105
-0.0625  -0.184867
-0.21875  -0.100665
0.03125  0.429386
0.03125  -0.0855178
0.28125  -0.190244
-0.03125  -0.0640798
-0.21875  0.0215667
0.09375  -0.0938102
-0.15625  0.0474889
0  -0.0118265
-0.28125  -0.0242301
-0.09375  -0.102452
0.09375  0.0814983
-0.09375  -0.227403
0.09375  0.197244
0.09375  -0.00344747
0  -0.0407849
-0.21875  0.0413673
0.125  0.0889186
0.03125  -0.160925
-0.0625  -0.0319443
-0.15625  0.150214
0  0.0808325
0.15625  -0.366903
-0.09375  -0.150817
0.0625  -0.0471776
0.0625  0.225908
0.03125  -0.010177
-0.0625  -0.0899579
0  -0.068026
0.125  -0.0897796
-0.0625  -0.0969067
-0.03125  0.124559
-0.125  -0.0491956
0.0625  -0.100406
0  0.0752885
0.03125  0.254208
0.0625  -0.190427
0.03125  -0.0361041
0.09375  0.032012
-0.09375  0.0169246
0  -0.197956
0.125  -0.125685
0.15625  -0.119098
-0.03125  0.0715569
0.125  0.0578922
-0.03125  0.0058756
0.03125  -0.372206
0  -0.215236
0  -0.153958
-0.15625  -0.0390862
0.03125  -0.136176
-0.0625  -0.0385914
0.03125  -0.0766425
0.25  0.088622
0.0625  0.122131
-0.09375  0.125536
-0.0625  0.190882
0.1875  -0.0332146
0.03125  -0.0109628
-0.0625  0.0101278
-0.1875  -0.205951
0  0.132519
0.09375  0.176626
-0.1875  -0.0308177
-0.03125  0.229565
-0.21875  0.117744
0.09375  -0.153962
0  0.119171
0  0.0251031
-0.0625  -0.0733011
0.125  0.0076927
0.03125  -0.236543
0.0625  0.075785
-0.0625  -0.0246262
0  -0.0981168
-0.0625  0.0788955
0  -0.27876
-0.09375  -0.00769263
-0.125  -0.1693
0.15625  -0.0559301
-0.09375  -0.0613647
-0.0625  0.0647425
0.15625  0.0828071
0.03125  -0.0153474
-0.0625  -0.0816012
0  0.164092
0.09375  0.110851
0.09375  -0.0618795
-0.21875  -0.252356
-0.03125  0.133959
-0.1875  0.0719229
0.03125  0.17223
-0.03125  -0.029596
-0.3125  -0.0909165
-0.03125  -0.0353516
0.0625  -0.034374
-0.09375  -0.424949
0  -0.0347807
-0.28125  -0.180498
-0.125  0.0216899
0.125  0.0342959
-0.09375  -0.0781133
-0.15625  -0.190201
-0.125  -0.0686766
0.0625  -0.0338175
-0.125  0.142272
0.15625  -0.0921088
-0.15625  -0.0758605
0.0625  0.134445
0.15625  0.115706
0.21875  -0.239076
0  0.109716
-0.09375  0.11745
0.0625  0.0640916
0.125  -0.116338
-0.0625  -0.0822774
-0.03125  -0.120142
-0.03125  -0.0302778
0  -0.128459
0.28125  -0.271751
0.0625  -0.0599598
-0.15625  0.092984
0  -0.359755
0.03125  -0.252494
-0.0625  -0.0704584
-0.0625  0.17615
-0.21875  -0.0133427
-0.03125  0.0099762
0.3125  -0.319192
-0.125  -0.0894015
-0.09375  -0.129663
0.28125  -0.0464772
0.125  -0.0142162
0.0625  0.144052
-0.03125  -0.0154514
0  0.0280769
-0.03125  -0.0905064
-0.15625  -0.0525386
0.125  -0.121215
0.125  0.227399
0.03125  0.0106559
0  -0.0762928
0  -0.354719
-0.09375  -0.0673473
-0.25  -0.108538
0.09375  0.0695055
-0.0625  0.0603067
0.0625  -0.095204
0.125  0.0377976
-0.125  -0.201552
0.03125  -0.0739325
0.0625  -0.1797
0.0625  -0.186753
0.03125  0.0247747
0.21875  0.034827
-0.03125  0.00598555
0.09375  0.0697047
-0.09375  -0.326086
-0.0625  0.0760389
0.125  -0.141057
0.09375  -0.130752
0.09375  -0.0360589
0.03125  -0.0141889
0.03125  0.0345741
0.125  0.151634
-0.28125  -0.212129
-0.15625  -0.0255413
0.03125  0.0853739
0.1875  0.0827564
-0.15625  -0.128305
-0.09375  -0.0161259
-0.0625  -0.131719
0.15625  0.0384132
-0.09375  -0.185336
0.1875  -0.0423011
0.09375  -0.275418
-0.125  0.051072
-0.03125  -0.046043
-0.15625  -0.0407242
0.125  0.0324393
0.15625  -0.0302757
0.125  -0.217689
0.09375  -0.095941
-0.1875  -0.0857977
-0.0625  0.0993536
-0.15625  0.0028387
-0.0625  -0.0685979
0.15625  -0.0907251
0.0625  -0.131223
-0.09375  -0.142457
-0.15625  0.0563186
0.125  -0.0205286
-0.15625  -0.0383388
-0.3125  -0.109572
0.09375  -0.225589
0.125  -0.235111
0.03125  -0.131007
0.03125  0.116614
0.34375  0.179692
0.03125  0.208983
0  0.0419459
-0.03125  0.0307484
0.03125  0.0117787
0  -0.112173
-0.09375  0.248987
-0.125  -0.190794
0.1875  0.155274
0.03125  -0.0142454
0.0625  0.0259038
0.0625  0.137814
-0.09375  -0.0828528
0.125  -0.163868
0  -0.264575
0.21875  -0.148649
-0.09375  -0.0499351
-0.0625  -0.104829
-0.15625  0.310393
-0.09375  -0.211357
0  -0.134731
-0.03125  0.0409059
0.0625  -0.0160576
0  0.116178
0.15625  0.00578755
0.125  -0.0356199
-0.1875  -0.182641
0.03125  0.0630336
0.09375  0.272107
-0.125  -0.0710019
0.125  -0.0256884
0.09375  -0.0847797
-0.03125  0.0626818
0.09375  0.0871779
0.15625  -0.227253
0.15625  0.132949
-0.03125  -0.0995717
0  0.0321767
-0.03125  -0.105218
-0.1875  0.137169
0  0.127788
-0.0625  0.0731299
0.34375  0.0985527
0.1875  -0.0484287
0.0625  -0.0127524
0.125  -0.0215057
0  0.0279193
-0.125  0.0772985
0.0625  0.0215995
0.1875  -0.0732202
-0.15625  0.0425054
-0.1875  0.162162
-0.09375  0.0113377
0.1875  -0.314207
0.125  -0.0471294
0.0625  -0.0733244
-0.09375  0.209223
-0.25  0.173887
-0.125  0.0738782
-0.0625  -0.198995
-0.09375  -0.056154
0.09375  -0.0722865
0.03125  0.0231499
-0.0625  0.150843
-0.09375  -0.292022
0.0625  -0.0916711
-0.0625  -0.0277892
0.09375  -0.0444688
0.1875  -0.0449133
0.03125  -0.0738961
-0.125  0.0529883
-0.09375  -0.0898739
0  0.0423208
-0.09375  -0.181895
-0.15625  -0.0242187
0.03125  0.00381364
0.21875  -0.064118
-0.21875  -0.0348083
0.125  -0.029269
-0.21875  -0.00787289
-0.15625  -0.131928
-0.09375  -0.291816
-0.09375  0.170189
0.0625  0.0509471
0.09375  0.0790902
-0.03125  -0.0688781
-0.03125  -0.118684
-0.0625  -0.046938
0.09375  -0.205533
0.15625  0.0645433
0.21875  -0.113022
0.0625  -0.0403577
0.09375  -0.141618
0.09375  -0.131526
0.03125  -0.283961
-0.0625  -0.167945
-0.03125  -0.237971
0.0625  -0.217267
-0.0625  0.0913705
-0.0625  0.0986478
0.0625  0.1667
0.375  -0.0129303
-0.15625  0.127982
-0.0625  0.09719
0.03125  0.0419911
-0.125  -0.134032
0.15625  0.119062
0  -0.0716771
-0.09375  -0.130893
0.0625  -0.231024
-0.03125  0.117928
0  -0.0861587
0  0.0478211
0  -0.0421665
0.125  -0.0390713
-0.28125  -0.142334
0  0.0293119
0.25  -0.00175772
-0.09375  0.121804
-0.0625  -0.274345
0.125  0.194569
0.03125  0.234551
0.125  -0.054923
0.125  -0.115206
-0.1875  0.0554912
0.03125  -0.0158023
0.25  0.0127726
-0.0625  -0.119991
0.09375  0.0266853
-0.03125  0.102722
0.03125  -0.210343
0.125  0.0823462
0.03125  -0.101916
0  -0.181149
0.21875  -0.0290708
-0.03125  0.0996737
0.125  -0.174216
0.09375  -0.0793379
-0.09375  -0.0355695
-0.125  0.291709
-0.09375  -0.221997
-0.0625  -0.405005
-0.09375  0.186064
-0.03125  -0.10308
-0.125  -0.0362787
0.09375  -0.0359491
0  -0.0707188
0.21875  -0.0261092
0.25  0.156261
-0.0625  -0.0700072
0.03125  -0.31967
-0.15625  -0.209454
0.1875  -0.0887464
0.0625  -0.0323154
0.0625  0.0421871
0.125  -0.0251394
-0.21875  -0.175831
0.0625  -0.151008
-0.03125  0.153462
0.15625  -0.0551359
0.03125  -0.24697
-0.03125  -0.0210558
-0.03125  -0.117787
-0.03125  -0.0287849
-0.15625  0.000350456
-0.25  -0.087103
0.03125  -0.00235851
0.125  -0.227562
0.0625  -0.181203
0.03125  0.111346
0.09375  -0.308133
-0.03125  -0.296883
0.25  0.101034
0.28125  0.026077
-0.09375  -0.195054
0.09375  0.0479534
-0.21875  -0.131145
0.0625  -0.123547
-0.03125  0.105384
-0.03125  -0.0320191
-0.1875  -0.0513467
-0.0625  -0.0142745
-0.125  -0.122265
0.0625  -0.0255181
0  -0.102526
0.03125  0.198771
-0.03125  0.0932835
-0.1875  -0.0502964
-0.15625  -0.0671745
-0.09375  -0.0853861
0.0625  -0.20022
-0.09375  -0.160336
0.09375  0.0104848
-0.125  0.096513
-0.21875  0.32345
0.09375  -0.0119735
-0.09375  0.0109388
0.21875  -0.178282
0.0625  -0.219202
0.09375  -0.075694
-0.28125  -0.168978
-0.0625  0.0166215
-0.09375  0.0743126
-0.25  0.0544353
0.09375  -0.107369
-0.09375  -0.126826
-0.0625  -0.171716
-0.15625  -0.0906589
0.125  -0.117519
-0.03125  -0.151268
-0.125  -0.0540706
0.03125  -0.192879
0.125  0.113632
-0.125  -0.00559459
-0.03125  -0.233399
-0.0625  0.138918
-0.15625  -0.175396
-0.09375  -0.00464067
0  -0.253388
0.09375  -0.199045
-0.125  -0.349663
0.09375  -0.0290902
-0.09375  -0.330518
0.03125  -0.000905646
0.03125  -0.0221165
0  0.341584
-0.03125  0.0175073
-0.03125  0.0328526
0  -0.115111
0.03125  -0.0926102
0.09375  -0.0710697
-0.1875  -0.0598047
0.09375  0.0887129
0.0625  0.0485892
0.09375  -0.0223987
0.0625  -0.0367182
0  0.00373393
0.34375  -0.0633977
0.03125  0.0667567
-0.1875  -0.0572149
-0.0625  -0.250839
0.03125  -0.228169
0.125  0.145409
0.15625  0.174903
0  -0.104948
0  -0.00147128
-0.0625  -0.061335
0.375  -0.139505
0.1875  0.140956
-0.03125  0.0405583
-0.125  -0.103057
-0.03125  -0.203793
0.0625  0.191003
0.21875  -0.0168256
0.1875  -0.233105
-0.125  0.0700961
0.0625  -0.094845
0.03125  0.0243091
-0.0625  -0.177167
-0.0625  -0.230076
0.03125  0.0860403
-0.0625  0.0661736
0.03125  -0.156015
0  -0.0453966
0.28125  0.100166
0.03125  0.151365
0.15625  -0.172538
-0.03125  -0.0215391
-0.03125  -0.0276755
-0.09375  -0.165799
0.125  -0.153592
0.3125  -0.163714
0  0.0209958
-0.21875  -0.143048
0.0625  -0.137294
-0.125  -0.237887
-0.0625  0.199188
-0.0625  -0.157884
-0.15625  -0.134488
-0.1875  -0.0472816
-0.03125  0.00284423
0.03125  0.274829
-0.0625  -0.0288211
0.09375  0.0977925
-0.28125  0.102347
-0.09375  -0.0464185
-0.21875  -0.142478
-0.125  0.0602993
-0.03125  -0.0826051
-0.09375  -0.076333
0.0625  -0.0118725
0  -0.137179
-0.03125  -0.192042
0  0.100581
-0.0625  0.0386285
-0.09375  -0.110065
0.0625  -0.0564309
0  0.169228
0.125  -0.1497
0  -0.0427269
0.03125  0.071019
0.15625  -0.255962
-0.0625  -0.159071
0.0625  0.157637
0.125  0.00827714
-0.03125  -0.0169058
-0.0625  0.0722697
-0.15625  0.162815
0  0.0287606
0  0.136115
0.09375  0.0112531
-0.15625  -0.0801442
0.0625  -0.0682984
-0.03125  -0.165534
-0.0625  -0.0283176
-0.3125  0.0599071
-0.125  -0.105231
-0.125  0.0282371
0.125  -0.0861169
-0.15625  -0.163521
-0.03125  -0.110566
0  -0.0786165
-0.125  0.029584
-0.15625  0.104392
0.03125  0.274503
-0.125  0.0926421
0.0625  0.351493
0.09375  0.000749742
-0.03125  -0.0184847
-0.0625  0.141394
-0.125  -0.110473
-0.0625  -0.0910959
-0.09375  0.136352
0.1875  0.0479242
0.28125  -0.235858
-0.15625  -0.210189
0.0625  0.00398441
0  -0.110803
-0.0625  -0.036731
0.1875  -0.20003
-0.0625  -0.167089
-0.03125  -0.14069
-0.15625  0.15729
-0.0625  -0.0553332
-0.28125  0.0439308
0.1875  0.139008
0.09375  0.0731447
-0.09375  0.140753
-0.09375  0.262126
0.125  0.16878
0.125  0.0723138
0.1875  -0.0688598
0.03125  -0.1037
0.3125  0.0472017
-0.15625  -0.0991613
-0.1875  -0.0409916
0.28125  -0.000496139
-0.0625  -0.141554
0.25  0.0542634
0.03125  0.0355833
0.125  -0.0860176
-0.0625  0.0706404
-0.03125  -0.0938674
0.25  0.000654124
0  -0.100039
-0.21875  -0.39535
0.0625  0.133366
-0.15625  -0.0456459
-0.1875  0.21112
-0.15625  0.162002
0.09375  -0.0411925
-0.09375  -0.101999
-0.15625  -0.0843565
-0.03125  0.139464
0.03125  -0.127061
-0.09375  0.257079
-0.03125  0.088962
-0.09375  -0.0499275
0.0625  -0.0109961
0.15625  0.233919
0.125  -0.20513
-0.0625  -0.216601
-0.125  -0.283198
-0.1875  -0.0184494
-0.03125  -0.207976
0.25  0.119124
-0.09375  -0.0252889
0.09375  -0.0294068
0.1875  -0.0675235
-0.0625  0.296651
0.15625  0.0138884
0.09375  -0.198913
0  -0.12684
0.09375  -0.046309
0  0.0671924
0.15625  0.0638993
-0.125  -0.132947
0.125  0.0364993
-0.1875  -0.157246
0.0625  -0.158507
0.1875  0.00687338
-0.15625  -0.0953683
0.15625  0.132725
-0.09375  -0.125458
-0.0625  -0.183827
0.1875  -0.0716901
0  -0.00936796
0.125  -0.154236
0  0.176429
0.125  0.114214
0.03125  0.0675573
0.125  -0.013304
0  0.260037
-0.09375  0.103179
0.0625  -0.222843
-0.03125  0.119711
-0.09375  0.0033992
-0.125  0.0206602
0.03125  -0.0603815
0.1875  -0.0523381
0.09375  -0.0425949
0.0625  -0.328191
-0.21875  -0.0284399
-0.03125  0.349535
-0.03125  -0.0587836
-0.125  -0.260949
0.09375  0.144067
-0.15625  -0.0527421
0.25  0.100128
0.03125  -0.0320432
0.125  -0.0691071
0.1875  0.0484745
-0.09375  0.0990015
-0.28125  0.171734
0  -0.14699
0.09375  -0.155217
-0.15625  -0.186296
-0.21875  0.0944963
-0.125  0.233769
-0.125  0.0898148
0.28125  0.252644
-0.125  -0.0899927
-0.25  -0.0391092
0.03125  -0.00206002
-0.3125  -0.124514
-0.25  0.216271
-0.03125  0.124756
-0.15625  0.00102512
0.0625  0.014403
0  -0.126267
-0.03125  -0.00998327
0.0625  0.131307
-0.0625  -0.0483769
0.09375  -0.0275776
0.0625  -0.0569893
-0.09375  -0.206524
0.1875  -0.0622704
-0.0625  -0.349273
-0.125  -0.0697182
-0.0625  -0.114239
-0.125  -0.0707108
-0.03125  -0.0421038
0.15625  -0.179285
-0.15625  -0.123105
-0.09375  0.0274975
0.0625  0.0926944
0  -0.184844
-0.03125  -0.00931614
-0.125  0.0543809
0.21875  -0.0984077
-0.15625  -0.338354
0.125  -0.0902757
0.03125  -0.131954
0.3125  -0.0178435
0.03125  0.00794948
-0.09375  -0.0675013
0.125  -0.2527
0.03125  -0.0693948
-0.03125  -0.0382561
0.1875  0.0437666
0.0625  -0.246268
0.15625  -0.0820459
0.15625  0.0136005
-0.125  -0.0580908
-0.25  0.171616
0.09375  -0.013504
-0.15625  -0.149824
-0.09375  -0.0172712
0.03125  0.0212505
0.09375  -0.138142
0.125  -0.0194296
0.125  0.111682
-0.1875  0.02968
-0.09375  -0.24869
-0.0625  0.0714868
0.21875  -0.162495
-0.03125  -0.19308
-0.09375  -0.185684
0.09375  -0.0674603
-0.0625  -0.00130368
-0.21875  -0.0382065
-0.1875  0.124609
0.0625  -0.128514
-0.25  0.122121
-0.09375  0.0438856
-0.03125  -0.0729593
-0.1875  0.18705
-0.09375  -0.0520038
-0.3125  0.102749
-0.0625  0.108889
0.125  -0.113876
0  -0.255843
0.0625  -0.228499
0.03125  0.161394
0.0625  0.136064
0.15625  -0.0457172
-0.21875  0.00709795
0.09375  -0.102616
-0.28125  0.00473422
0.125  0.0293406
-0.09375  0.0149081
0.125  -0.189909
0.0625  -0.258515
-0.34375  -0.0298096
0  0.0707938
0.09375  -0.147606
-0.125  -0.110375
-0.125  -0.0562381
-0.28125  0.12511
0.03125  -0.0354191
-0.09375  0.116276
-0.125  -0.0825602
-0.09375  -0.175218
-0.03125  -0.117276
0.125  -0.0135757
-0.125  0.0371005
-0.0625  0.0738738
0.0625  -0.010317
-0.03125  0.130029
0.15625  -0.235404
0.0625  -0.168249
-0.1875  0.0269571
-0.03125  0.00361724
0.03125  -0.14418
0  0.244261
-0.03125  -0.152205
0.15625  -0.0577036
-0.1875  -0.0455691
-0.03125  0.106249
0.125  -0.00419335
-0.1875  0.0164976
-0.03125  0.0868468
0.0625  -0.0392069
0.0625  -0.35073
-0.125  -0.246983
-0.0625  0.154536
0.0625  -0.181382
-0.125  -0.0697563
0  0.140478
0.09375  -0.113747
0  -0.0132058
-0.21875  -0.321815
0.125  0.170565
-0.15625  -0.218582
-0.0625  -0.153607
0  -0.229185
-0.03125  -0.184554
-0.3125  -0.143671
0  0.163571
0  -0.141577
0.09375  -0.0509504
-0.125  -0.00262651
-0.125  -0.334146
-0.03125  -0.138327
-0.09375  -0.16327
0.0625  -0.227632
0.15625  0.0121526
0.125  0.0100288
-0.03125  -0.0750486
-0.125  0.00816383
0.03125  -0.0870845
0.15625  -0.0678176
-0.15625  -0.0966628
0.21875  -0.0841
0.09375  -0.175697
-0.09375  -0.148379
0.03125  -0.142703
-0.15625  -0.141261
0  -0.155867
-0.15625  0.0639728
-0.03125  0.0757206
-0.125  -0.156423
-0.15625  0.334794
0.15625  -0.0271857
-0.125  -0.200456
0.0625  -0.0225251
0.21875  -0.0364618
0.09375  -0.194846
0.03125  0.195053
-0.03125  -0.155505
-0.09375  0.235209
0  -0.357437
-0.03125  -0.0892194
0.15625  -0.0717834
-0.21875  -0.133031
0.09375  0.0637564
-0.0625  -0.113668
0.125  -0.0495759
-0.125  -0.159164
-0.0625  -0.154012
-0.03125  -0.0548192
-0.15625  -0.166196
-0.09375  0.0317543
-0.03125  -0.039956
-0.15625  -0.140833
0.125  -0.153781
0.03125  -0.0571336
-0.03125  0.152719
-0.0625  -0.129845
0.03125  -0.198206
0.09375  -0.0191877
-0.03125  -0.02401
0.09375  -0.0810405
-0.0625  -0.0487068
0.0625  0.0900157
-0.0625  -0.129487
0.09375  0.0480537
-0.1875  -0.0996778
0.21875  0.0754219
0.09375  0.160595
-0.125  -0.186271
-0.09375  -0.0825777
-0.03125  0.151566
0.09375  0.143276
0.0625  -0.149807
0.15625  -0.0911057
-0.15625  -0.0454343
-0.03125  -0.476335
-0.15625  0.138783
-0.09375  -0.0909575
-0.03125  0.210136
0  0.0046452
-0.125  -0.268247
0.09375  0.032571
0.03125  -0.0353803
-0.15625  -0.157581
0.375  0.10037
0.09375  0.0662829
-0.09375  0.0554796
-0.34375  -0.239438
0.0625  0.057951
0.125  0.102173
0.03125  -0.199882
0.0625  0.0204124
0.03125  -0.100297
0.15625  -0.176226
-0.28125  0.220331
0.15625  0.0749899
-0.15625  -0.174204
0.0625  -0.204209
-0.09375  0.0332137
0.0625  -0.0375918
0.125  -0.311608
0.15625  0.000585947
0.21875  -0.0833175
-0.09375  0.021876
-0.03125  -0.250389
0.21875  -0.0726303
0.0625  0.0440627
0  0.0280163
0.125  -0.0593897
0.0625  -0.0526281
0.125  0.0838665
0  -0.112274
-0.28125  -0.138744
-0.15625  -0.128388
-0.25  0.0243575
-0.03125  0.0787866
-0.03125  -0.0566586
0.03125  -0.260554
-0.09375  0.108965
-0.09375  -0.00670555
0.1875  -0.15196
0.15625  -0.00561723
0.03125  0.113679
-0.15625  0.0518575
-0.0625  -0.2682
0.1875  -0.110935
-0.09375  -0.029328
0.125  -0.292647
-0.03125  0.124436
0.1875  -0.284793
-0.0625  0.0326863
-0.21875  -0.0856766
-0.15625  -0.0482301
0.09375  0.126641
0.1875  0.173615
0.21875  0.0361008
0  -0.0288474
0.0625  0.160674
-0.03125  0.0501313
-0.03125  -0.0136005
-0.0625  -0.170363
0.09375  0.00623395
-0.125  -0.136368
0.0625  0.13419
-0.25  -0.0415655
0.1875  0.0841749
0  0.067325
-0.125  -0.217373
-0.15625  -0.226706
0.0625  -0.0574377
-0.0625  -0.0714966
0.09375  0.0816037
-0.0625  0.0338021
-0.21875  -0.139827
-0.03125  0.0113605
0.03125  -0.0744998
0  -0.14923
0.25  -0.114936
-0.15625  0.110736
0.0625  -0.138595
0  -0.110559
-0.09375  -0.0840347
0.0625  0.0367004
-0.1875  -0.122571
0.09375  -0.114869
0.09375  0.278557
-0.03125  -0.222523
0.03125  0.0567907
0.03125  0.0659665
0.09375  0.106003
0  -0.180888
0  0.0966824
-0.09375  -0.0115454
-0.0625  -0.0306136
-0.15625  -0.0541959
-0.09375  -0.0925613
0.03125  0.0901289
-0.09375  -0.228247
-0.1875  -0.310148
0.0625  -0.0641204
0.09375  0.0844709
-0.3125  0.0127355
-0.0625  -0.028641
0.03125  0.0882692
0.0625  0.199364
-0.09375  0.0205252
0.0625  -0.170634
0.125  -0.0342953
0  -0.000776856
-0.03125  -0.0536721
0.03125  -0.30924
0.0625  -0.205935
0.28125  0.186101
-0.21875  0.0870491
0  0.0612053
0.03125  -0.200984
-0.1875  0.0870448
-0.1875  0.146757
0.15625  0.065344
-0.03125  -0.190846
-0.15625  -0.0401159
-0.125  -0.0927373
0.125  -0.366473
-0.03125  -0.0996001
-0.0625  -0.026827
0.0625  -0.0675895
-0.21875  0.0517041
0  -0.181175
0.09375  0.114135
-0.0625  -0.0658173
-0.1875  -0.0503619
0.1875  -0.216445
0.125  -0.111165
0  0.0720747
-0.09375  -0.0422543
0.0625  0.00394021
0.15625  0.0721158
0.03125  0.0840903
-0.1875  -0.105291
-0.0625  -0.0851547
0.1875  -0.205904
-0.09375  -0.226416
0.125  0.0638337
-0.25  0.0880458
0.0625  -0.079209
0.09375  -0.134438
0.0625  -0.237122
0.15625  -0.121694
0.03125  -0.181609
0.0625  0.0286625
-0.0625  0.13877
-0.09375  -0.136743
-0.0625  0.0978188
0.0625  -0.0340685
-0.03125  0.0016633
0.03125  -0.118901
-0.125  0.262979
0.03125  -0.172503
0.0625  0.0122164
-0.09375  -0.0735423
0.09375  0.0774049
-0.0625  -0.0628264
-0.0625  -0.141393
-0.125  -0.15355
0  0.0291259
-0.09375  -0.138432
-0.15625  -0.0760793
-0.15625  -0.147596
-0.125  -0.0544126
-0.09375  2.44455e-05
0.03125  -0.128246
-0.15625  0.00260365
0.15625  -0.161677
-0.1875  0.0611539
-0.09375  -0.113398
0.0625  -0.202278
0.03125  -0.00683459
0.03125  0.0324049
0.1875  -0.0520187
-0.15625  -0.0871147
-0.0625  -0.111809
-0.1875  -0.0518377
0  0.0123568
0  0.000284769
-0.09375  -0.235101
-0.0625  0.120561
-0.09375  -0.0944487
-0.03125  -0.182528
0  0.0804738
-0.09375  -0.070826
-0.0625  -0.342331
0.0625  0.071789
0  -0.0807642
-0.375  0.126623
0  0.00350098
0  -0.0840321
-0.0625  0.0980692
-0.09375  0.0501054
0.15625  -0.250019
0  -0.1431
-0.03125  -0.138082
0.125  0.0540419
-0.125  -0.28822
0.125  -0.0936674
0.15625  0.0277501
0.03125  -0.0769663
0.15625  0.0261602
0.15625  -0.0225445
-0.125  0.0246386
0.25  -0.0834307
-0.125  -0.085732
-0.09375  -0.194565
0  -0.0156588
0.03125  0.188892
-0.09375  -0.0711147
-0.125  -0.13879
-0.09375  0.162792
-0.28125  -0.0155392
0.15625  -0.258995
0.1875  -0.0959385
-0.03125  -0.00875201
-0.21875  0.181165
-0.0625  -0.0151118
0.09375  0.0714138
-0.03125  -0.281203
0.1875  -0.0731756
-0.03125  -0.13007
0  0.0525223
-0.03125  -0.108098
0.0625  -0.0824478
-0.0625  0.0145303
-0.03125  0.133198
-0.09375  -0.0255159
0.28125  -0.104999
0.0625  -0.150032
-0.15625  -0.0199035
-0.21875  -0.228252
0.09375  -0.00369657
-0.0625  0.0123365
0  0.29347
0  -0.00554942
-0.09375  -0.255874
-0.0625  -0.00256015
-0.0625  -0.0154295
0.03125  -0.152938
0.125  -0.0653422
-0.0625  -0.108942
-0.03125  -0.166965
-0.1875  0.0735429
0.1875  -0.12617
0.09375  -0.0305483
-0.03125  -0.0929116
0.0625  -0.206587
0.15625  -0.360035
-0.125  0.0922887
-0.21875  -0.00222759
0  -0.192291
-0.1875  -0.00948996
-0.0625  -0.316798
0.09375  -0.137944
0.21875  0.0700286
0.15625  0.0924402
0.125  0.135432
0.0625  0.131265
0.0625  -0.00781064
0.15625  -0.174602
0  -0.00641109
-0.15625  -0.163633
0.25  -0.177956
-0.15625  0.0459973
-0.21875  -0.00576251
0.03125  -0.102251
0.15625  -0.186255
0.15625  -0.0808502
0.0625  -0.199855
0.0625  0.173403
-0.15625  0.158907
-0.21875  0.113183
0.03125  -0.0621581
0.03125  0.150357
0.125  -0.187921
-0.0625  0.0947819
-0.03125  -0.182691
-0.0625  0.0197169
0.21875  -0.0854934
0.09375  0.0951866
0.125  -0.00336343
0  -0.0523216
0.1875  0.0783268
-0.21875  -0.087792
0.03125  -0.0336913
-0.15625  0.0034152
0.0625  0.0384081
-0.0625  -0.0692601
-0.15625  0.0436162
0.03125  -0.18052
-0.09375  -0.0721968
0.1875  -0.105887
0.125  0.224725
0.25  -0.130643
0.0625  -0.210634
0.15625  -0.169392
0.25  -0.193233
-0.0625  -0.0457205
0.0625  -0.0622267
-0.03125  0.00578167
0.15625  0.0764404
0.0625  0.0505411
0.03125  -0.197021
-0.0625  -0.0442802
-0.15625  -0.01677
-0.1875  -0.324865
-0.15625  -0.00839341
-0.125  0.0682604
0.09375  -0.0685958
-0.15625  0.154645
0  -0.186527
0.0625  -0.0499392
0  -0.0883842
0  0.0032283
0.3125  0.183211
0.3125  -0.0609733
0.0625  0.125891
-0.09375  -0.121597
0  -0.0166191
-0.03125  0.151216
-0.09375  0.199089
0.125  0.113113
0.0625  -0.0998146
-0.125  -0.0904771
-0.15625  -0.0962523
-0.03125  -0.0930428
0.03125  0.0970921
-0.03125  -0.0717492
-0.15625  -0.138179
0.03125  -0.197166
0  -0.219404
-0.03125  -0.111846
-0.03125  -0.179163
0.1875  -0.0793086
0.28125  -0.139038
0.09375  0.102015
-0.125  -0.186912
0.0625  -0.0310836
-0.03125  -0.203583
-0.25  -0.196923
-0.03125  -0.0647503
0  0.0102277
-0.09375  -0.148693
0.28125  0.0299172
0.1875  0.0278284
-0.125  -0.335498
-0.0625  0.112922
-0.03125  0.0165525
0.21875  -0.0306952
-0.09375  0.0505783
-0.0625  -0.0367384
0.0625  0.0807894
0.15625  -0.133374
-0.03125  -0.303182
-0.09375  0.0678429
-0.03125  -0.269781
0.03125  -0.0532871
0.09375  0.168344
0.03125  0.0157673
0.09375  0.212762
0.03125  -0.0953069
0  0.0162268
0  -0.0853199
-0.09375  -0.0110301
0.09375  -0.215946
0.09375  0.0420972
0.09375  -0.111208
0.15625  -0.134149
-0.0625  0.0683789
-0.09375  0.0150834
0.125  0.0540289
-0.03125  -0.224824
-0.09375  -0.12339
0.03125  -0.0236716
0.09375  -0.163278
-0.0625  -0.0179321
0.15625  -0.19842
0.0625  -0.0945519
0.15625  -0.030028
0.34375  -0.162627
-0.0625  -0.236114
-0.125  0.035937
-0.03125  -0.28979
0  -0.0526918
-0.09375  0.14572
0  -0.049955
0.03125  -0.259281
-0.03125  -0.101127
-0.1875  -0.14475
-0.03125  0.0454784
0.09375  -0.217527
-0.03125  0.122208
-0.03125  0.0710904
-0.0625  -0.172139
0.21875  -0.00310786
-0.03125  -0.0391382
0.3125  -0.0228386
0.0625  -0.00105475
-0.09375  -0.109583
0.09375  -0.153849
-0.09375  0.0444131
0.0625  -0.019078
0.0625  -0.0767934
-0.03125  -0.097592
0.0625  0.024898
-0.09375  0.147013
-0.125  0.105373
0  -0.255334
-0.03125  -0.0354819
-0.125  -0.153178
0  -0.23579
0.0625  -0.0434706
-0.34375  -0.348653
0.03125  -0.0578968
0.0625  0.00289779
-0.0625  0.00742743
0  0.014502
0.125  0.146999
0.125  -0.128843
-0.125  -0.0646966
-0.15625  -0.0264023
0.0625  -0.136458
0.0625  -0.161347
0.09375  0.0594987
0  -0.112037
-0.03125  -0.0675762
-0.09375  0.036042
-0.125  0.0448635
-0.03125  0.0597841
0.03125  0.0855052
-0.09375  -0.0267481
0.09375  -0.0937899
0  -0.090048
0.03125  -0.390225
-0.03125  0.04375
-0.03125  0.117593
-0.09375  0.0820063
-0.0625  -0.0596964
-0.09375  -0.376542
0.15625  -0.201721
0.0625  -0.0329428
0.0625  -0.172302
0.09375  -0.17922
-0.125  -0.0872032
0  0.0518218
0  0.302422
-0.0625  0.04664
-0.28125  -0.287736
-0.1875  0.0215829
0.15625  0.180608
0.03125  -0.0668104
0.03125  -0.327755
0.125  -0.0284055
-0.21875  0.107307
0.1875  -0.00389353
0.03125  0.00139803
0.03125  -0.0491077
-0.0625  -0.0721303
0.15625  -0.0604827
0.03125  -0.204387
-0.03125  0.175682
0  -0.015528
0.125  0.164192
-0.125  0.0130806
-0.09375  -0.0608177
0  -0.00596153
0.03125  -0.0262758
0  -0.0788501
-0.09375  -0.200346
-0.1875  -0.0203059
-0.1875  0.0357023
-0.03125  0.0793805
-0.0625  0.0939334
-0.125  0.0430369
0.09375  0.0592598
0.0625  0.0399644
-0.0625  -0.0819487
0.09375  -0.181476
0.03125  -0.122321
0  0.0392956
-0.28125  0.0965294
0  -0.290959
-0.09375  0.144796
-0.03125  -0.18792
0  0.220307
-0.1875  -0.0388543
0.125  -0.100418
0.125  -0.239201
-0.0625  -0.0837134
0.125  -0.246995
-0.125  0.127314
0.125  -0.180539
-0.09375  -0.151966
0.03125  -0.134075
-0.03125  0.144284
0.125  -0.0901177
0.28125  -0.0742182
0.03125  -0.0729889
0.1875  0.0672028
-0.0625  -0.0511309
-0.0625  0.00460842
0.125  -0.0149717
0.15625  0.0871349
-0.125  -0.0176188
0.03125  -0.2431
0.03125  0.0307089
0.125  0.0106059
0.09375  -0.0597102
-0.125  -0.195594
0.09375  0.12269
0.125  -0.248729
0  0.0396944
-0.09375  -0.222781
0.3125  0.0447014
0  -0.191326
-0.03125  0.0985362
0.1875  -0.00180412
0.1875  -0.0404268
0.15625  -0.0760005
-0.09375  0.0971957
-0.09375  -0.0809552
-0.125  -0.141075
0.0625  0.0458296
0.09375  -0.137182
0.03125  0.113844
0.125  0.144685
0.09375  -0.227723
0  -0.165486
0.15625  0.0788681
0  -0.204667
0.03125  -0.0619595
0.15625  -0.119612
0  -0.0102967
0.03125  0.315186
-0.03125  -0.272708
0.125  -0.146163
0.125  0.129154
0.125  -0.161822
0.15625  -0.0279752
-0.0625  -0.265371
-0.25  0.114256
-0.25  0.211336
0.15625  -0.0434101
-0.125  -0.203312
-0.21875  0.034108
-0.125  0.00856246
0.28125  0.0905397
0  -0.239136
0.0625  -0.201499
0.125  -0.253641
-0.0625  -0.117942
-0.0625  -0.0759295
0.125  -0.247882
0.03125  -0.0135871
-0.0625  0.185612
0.03125  0.0247744
-0.09375  0.161041
-0.0625  0.128055
-0.03125  0.141772
0  -0.0863646
-0.0625  -0.0692854
0.15625  0.0342569
0.25  -0.0157492
-0.03125  -0.0640029
-0.15625  -0.155129
0.0625  -0.0323622
0.03125  0.0877551
0.0625  0.0392166
0.09375  0.00586744
-0.03125  0.0369696
0.21875  0.0703271
-0.03125  0.0711134
0.03125  -0.0875092
-0.03125  0.0503454
0  -0.0504707
-0.0625  -0.0857692
0.03125  0.0487079
-0.125  0.0943178
0.03125  -0.0380673
0.0625  0.0961597
-0.03125  -0.177727
0  0.16009
-0.03125  -0.0781404
0.03125  -0.00791108
0.15625  -0.129813
0.03125  -0.27086
0.1875  0.0416531
-0.34375  0.234059
0.0625  -0.139088
-0.09375  0.0442265
-0.0625  -0.0433873
0.03125  -0.0915943
0.03125  -0.29559
-0.21875  -0.118076
-0.15625  -0.0667695
0.03125  -0.138945
0  -0.0527453
-0.1875  -0.183166
0.0625  0.0682769
-0.09375  0.23317
0.0625  -0.0555591
-0.03125  -0.0437464
-0.21875  -0.117381
0.09375  0.131657
0  0.0807743
-0.0625  0.139328
-0.0625  -0.0101
0.09375  0.063662
-0.0625  -0.144321
0.0625  -0.0315802
-0.09375  -0.0204412
-0.09375  0.145725
-0.15625  0.0214072
0.0625  0.161551
-0.09375  -0.0458671
0.09375  -0.0458256
-0.0625  -0.0859317
0  -0.117085
0.1875  -0.0412789
0.1875  -0.0553983
-0.03125  -0.0501969
0.0625  -0.0207645
-0.125  0.104488
-0.03125  -0.0639988
0.03125  -0.051356
-0.0625  -0.277251
0  -0.108354
-0.09375  -0.0882459
0.03125  -0.0614683
0.0625  0.0897511
0.03125  -0.012012
-0.03125  0.127003
-0.0625  0.0582104
0.15625  0.0694775
0.125  -0.168399
-0.28125  -0.0510584
-0.1875  -0.182397
-0.21875  -0.116718
0.09375  -0.282786
-0.28125  0.132416
0.0625  0.0147365
0.25  0.114072
0.125  0.183506
-0.25  -0.0558765
0.0625  0.0490419
0.09375  0.0353959
0.03125  -0.0282808
-0.03125  0.0245758
0.1875  -0.103288
0  -0.228794
-0.15625  -0.154886
0.21875  -0.0316091
-0.09375  -0.0840043
-0.09375  -0.0421187
0.09375  0.0399348
-0.09375  0.110371
0  0.0217489
-0.125  -0.066778
0.28125  -0.0285932
0.28125  0.1726
0  0.021808
0.03125  -0.177163
0.1875  -0.168296
-0.125  0.0157998
0.3125  -0.268241
0.09375  -0.0199357
0.0625  -0.116445
-0.21875  -0.250386
-0.0625  0.0287518
-0.125  -0.0913309
0.03125  0.0160291
-0.3125  -0.0953761
-0.09375  -0.115
-0.03125  -0.0809235
0  -0.0604622
-0.21875  -0.182819
-0.0625  -0.108975
0.15625  0.020268
0.09375  0.137598
-0.03125  0.077911
0.125  -0.119712
-0.03125  -0.0951002
0  -0.165809
-0.15625  -0.274849
0.25  -0.0018967
0.03125  -0.204367
0.09375  0.179266
-0.03125  -0.0552191
0  0.0607712
-0.09375  -0.0017606
0.03125  0.126872
0.21875  -0.189526
-0.3125  -0.146941
0.03125  -0.0123391
0.0625  0.267796
0.0625  0.2025
0.09375  0.00984294
0.09375  -0.116546
-0.03125  0.0776636
-0.15625  0.104653
0.03125  -0.136879
0  -0.199345
-0.1875  0.150242
-0.09375  -0.0218877
0  -0.238142
0  0.0756851
0.09375  -0.0875364
-0.0625  -0.0183477
-0.1875  0.016324
-0.1875  -0.221084
0  -0.0790181
-0.09375  -0.0820229
-0.3125  -0.176268
-0.09375  -0.203371
0.0625  0.0317671
-0.0625  -0.0160358
0.09375  0.0507634
-0.03125  -0.048439
0.1875  0.208182
0.15625  -0.136739
-0.09375  -0.052788
-0.09375  0.00272131
0.03125  0.0747634
-0.03125  -0.127285
-0.28125  -0.00365693
0.1875  0.102031
0  0.0651669
-0.03125  -0.098166
0.40625  -0.00705037
0.03125  0.0202936
-0.28125  -0.0952691
-0.09375  -0.0747737
0  -0.143917
-0.0625  -0.0202561
0.0625  -0.211762
0.09375  -0.0364418
0.1875  -0.0104873
-0.125  -0.146336
-0.125  0.14533
-0.09375  0.078274
-0.1875  -0.219577
-0.125  0.0453477
0.0625  0.080898
0.09375  -0.116092
-0.0625  -0.0694715
0  0.158357
0.28125  -0.204287
0.09375  0.00501456
0.03125  -0.0703425
0.03125  -0.0682163
0.09375  -0.151649
0.15625  0.0316295
0.1875  -0.0671015
0  -0.0898397
-0.0625  -0.104718
0.15625  -0.0546769
-0.125  0.226485
-0.09375  0.143596
-0.125  -0.206504
-0.03125  -0.033432
0.0625  -0.0694063
-0.03125  -0.180735
0.0625  -0.0613111
-0.03125  -0.141972
0.15625  -0.071677
0.0625  -0.0490701
0  -0.114781
-0.03125  -0.0784352
0  -0.0882105
-0.1875  -0.313079
0.1875  -0.0960797
-0.21875  -0.0899811
0.15625  -0.109308
-0.0625  -0.239317
-0.09375  -0.382088
0.1875  0.151088
0.09375  -0.241918
-0.09375  -0.0151459
0.15625  -0.0406605
-0.03125  -0.163837
-0.09375  0.123443
-0.03125  -0.097246
-0.03125  0.0790424
-0.1875  -0.112775
0.03125  -0.185957
0.0625  -0.185782
0.15625  0.0852704
0.03125  -0.0130495
-0.09375  -0.122409
0  0.139098
0.21875  0.0158294
0.375  -0.146637
0.125  -0.0717264
0  -0.263049
-0.03125  -0.0796061
-0.03125  -0.22973
0.0625  -0.0806831
0.125  -0.0178133
0.15625  0.0394864
0.1875  -0.183166
-0.09375  0.230838
0.09375  -0.255351
-0.03125  -0.0657873
-0.0625  0.0969496
0  -0.175462
0.03125  0.0142036
0.0625  0.125269
0.25  0.0105146
0.03125  0.0146151
0.28125  0.0925656
-0.0625  -0.130702
-0.09375  0.265636
0.15625  -0.0369742
0.09375  -0.199526
0.09375  -0.0992487
-0.21875  -0.171708
-0.03125  -0.10164
0.09375  -0.065851
-0.09375  -0.00233828
0.0625  -0.160234
0  0.0534462
0.1875  0.091774
-0.09375  -0.0475267
-0.125  -0.0728293
0.25  -0.0389584
-0.1875  -0.241057
-0.03125  -0.121486
-0.21875  -0.0586406
-0.03125  0.0610296
0.0625  -0.0274378
-0.09375  0.0783959
0  -0.0264381
0  -0.125091
0.1875  -0.249957
0.09375  -0.0151302
0.21875  0.0636434
0.0625  -0.0685549
0.09375  0.0395964
-0.0625  -0.111215
0.0625  -0.398988
-0.375  -0.114356
0.09375  -0.0176157
0.21875  0.00832205
0.09375  -0.102276
-0.03125  -0.323612
0  0.1527
-0.03125  -0.19986
0.09375  -0.0381584
-0.0625  -0.120902
0.15625  -0.0752029
0  -0.0772424
0  -0.224133
0.03125  -0.0628782
-0.21875  0.00228281
0.1875  -0.157684
-0.125  0.0074073
0.09375  0.185716
0.1875  0.0863232
0.09375  0.166516
0.0625  -0.000997472
0.0625  0.104692
0  -0.0638516
-0.15625  -0.110797
0.0625  0.0696238
-0.1875  0.137749
0.0625  0.134787
-0.21875  -0.382753
0.4375  -0.0741117
0.1875  -0.201512
0  -0.0766368
0.03125  -0.0985261
0.03125  -0.0516855
-0.03125  -0.153912
0.28125  -0.0448559
-0.0625  -0.200577
-0.09375  -0.109145
0.125  0.000979173
0.125  0.112729
-0.03125  0.00957112
-0.0625  -0.00596163
-0.03125  -0.0287924
-0.03125  -0.069119
0.125  -0.276973
-0.15625  -0.0427313
-0.25  -0.10445
0.03125  -0.0854568
0  -0.192658
-0.03125  -0.101944
-0.21875  -0.131029
0.0625  -0.225184
0.0625  -0.268146
-0.09375  -0.170961
0.0625  0.067416
-0.03125  -0.0430463
0.09375  0.0854002
0.03125  -0.185435
-0.03125  -0.214328
-0.03125  0.289829
-0.09375  -0.0885457
-0.1875  0.0913915
0.0625  -0.0489213
0.15625  0.174432
-0.125  -0.0651811
-0.1875  -0.0950718
0.03125  -0.12322
-0.0625  0.245548
-0.125  0.0802955
-0.125  -0.143442
-0.21875  -0.147238
0.21875  -0.0813663
0  -0.0212583
0.03125  0.0432812
0  -0.310023
-0.03125  0.110818
-0.03125  -0.0779969
-0.09375  -0.0666739
0  0.0333665
0.09375  -0.289881
0.09375  -0.00452355
-0.0625  -0.289081
0  0.314998
-0.09375  -0.20353
0.0625  0.166648
-0.0625  -0.0466752
-0.125  0.120835
-0.1875  0.153223
0.09375  -0.116154
0.125  0.182901
-0.0625  -0.0767504
0.1875  0.158893
0.125  -0.0892673
0.09375  0.243509
0.09375  -0.157365
-0.0625  -0.0397639
-0.09375  0.0896058
0.0625  0.0624096
0.03125  0.0855998
-0.25  -0.0579006
0.03125  -0.109945
-0.125  -0.128385
0  0.048179
-0.34375  -0.173909
-0.03125  -0.164863
0  0.114302
0.09375  -0.252905
0.0625  0.0492959
0.0625  -0.161754
-0.03125  -0.172594
-0.125  0.0225433
-0.0625  0.109178
0.09375  0.174796
-0.0625  0.150102
-0.0625  -0.287201
0.09375  -0.0741307
0.28125  0.0515854
0.09375  0.203689
-0.09375  -0.117247
-0.125  0.00207944
0.09375  -0.213302
-0.09375  -0.0043216
-0.03125  0.156403
0  0.0492744
-0.03125  -0.239599
0  -0.129755
0.03125  -0.0754818
0.09375  -0.10003
0  0.043507
-0.09375  -0.0408886
-0.15625  -0.0949199
0.0625  0.148997
0.03125  0.0484289
0.09375  -0.073093
0.03125  0.0131822
-0.0625  0.0881612
0.125  -0.0682938
-0.1875  -0.136193
0.1875  -0.116744
0.09375  -0.160825
0.0625  -0.186794
0.03125  -0.122912
0.125  0.128778
-0.03125  -0.0978785
0.0625  0.107822
0  -0.0144807
0.03125  -0.17406
-0.15625  -0.0239284
-0.34375  -0.156744
-0.09375  -0.0486217
0.125  0.0435598
0.3125  0.0441256
0.15625  -0.161727
0.21875  0.0933543
0  0.0717998
0.21875  0.104926
0.0625  0.00689589
0.03125  -0.0589193
0.1875  -0.0763801
0.15625  -0.385651
0.125  -0.0261637
-0.1875  -0.177739
0.03125  -0.137748
-0.375  -0.221479
0.1875  -0.0385454
0.09375  -0.158776
0  0.0467852
-0.15625  -0.216876
-0.0625  0.073616
0  0.0190838
0  0.0792366
0.0625  0.044616
-0.0625  0.0443717
-0.3125  0.217297
0.15625  0.232855
0.125  -0.0152488
0.0625  -0.187511
0.09375  -0.0947841
0.15625  -0.0918873
-0.09375  -0.109662
-0.09375  -0.122976
0.1875  0.103824
-0.1875  -0.0259206
0.15625  -0.198952
-0.09375  0.0385623
-0.03125  -0.095002
0.15625  -0.0973956
-0.09375  0.173619
0.09375  -0.187442
0.15625  -0.0502363
0.15625  0.129792
-0.09375  -0.0807765
0  -0.0420467
0.21875  -0.0588718
-0.125  -0.0900725
-0.09375  -0.182056
-0.1875  -0.0555419
0.21875  0.0243301
0.0625  0.164944
0.25  0.0144607
-0.0625  -0.288363
0.125  0.200293
-0.21875  -0.197463
0.0625  -0.122146
-0.09375  -0.119408
-0.09375  0.132624
-0.0625  -0.130332
-0.0625  -0.148332
-0.125  0.01939
-0.03125  0.082535
-0.1875  0.128056
-0.03125  -0.0697579
-0.03125  0.208089
-0.09375  -0.0968562
-0.03125  0.0451677
0  -0.175568
0.09375  0.00549002
-0.03125  0.0955363
0.03125  0.0392964
0.03125  0.216107
-0.125  -0.175062
0.03125  -0.256267
-0.125  -0.039289
0.125  -0.169883
-0.0625  0.143953
0.03125  -0.00978612
0.09375  -0.0683135
0.15625  -0.178011
0.0625  0.0491369
0.09375  0.0274481
0.125  -0.104812
0.09375  -0.0261206
0.03125  -0.208075
-0.03125  0.263989
0  -0.12831
-0.03125  -0.279059
0.125  -0.138059
0.15625  0.0861237
0.1875  0.165149
-0.21875  -0.0414997
0.03125  0.0463733
0.25  0.164845
-0.09375  0.11503
0.0625  0.0996095
0.0625  -0.0161511
0.125  -0.0688554
-0.09375  -0.123782
-0.125  -0.0357885
-0.0625  0.103825
0.03125  0.0486722
-0.125  -0.206238
0  -0.0673413
-0.125  -0.11954
0.125  0.17549
0.0625  -0.0397297
-0.21875  0.180641
0.03125  -0.11972
-0.09375  -0.0165933
-0.1875  0.0354085
-0.0625  -0.117481
-0.09375  0.137329
0.03125  -0.175736
0.0625  0.0439796
-0.0625  -0.111138
0.0625  0.0755232
0.09375  0.0583673
-0.125  0.0443674
0.0625  -0.00362829
-0.0625  0.0531653
0.0625  0.0552069
-0.09375  -0.0186219
0.21875  -0.028937
-0.21875  -0.17503
0.15625  -0.0264021
-0.15625  -0.064042
0.1875  -0.0903306
0.03125  0.0589427
0  -0.00295301
-0.09375  0.0388008
0.21875  0.0913694
0.0625  -0.00740429
0.0625  0.0306565
-0.21875  -0.152776
-0.0625  0.0381999
0.1875  -0.00702883
0.25  -0.23279
-0.25  -0.0892008
0.0625  0.00866492
0.0625  -0.00859375
-0.1875  0.0514847
0  -0.308256
0.03125  0.0291916
0.03125  0.113288
-0.15625  -0.0223811
-0.125  -0.00973289
-0.03125  -0.187837
0.09375  0.0337525
0.03125  -0.107619
-0.0625  -0.189992
0.09375  -0.213137
-0.0625  -0.24979
0  0.0675633
-0.09375  0.0371057
0.125  0.0474856
-0.15625  -0.285548
0.25  -0.157733
-0.25  -0.0219917
0  -0.181503
-0.0625  -0.22815
0.125  -0.137728
-0.1875  0.0917847
0  0.0721597
0.125  0.193323
0  0.181208
0.1875  0.139649
-0.09375  0.204202
-0.0625  0.0942373
0.125  0.0118805
0.03125  -0.2367
-0.1875  0.296992
-0.125  -0.102332
0.03125  -0.0343773
-0.34375  0.0789673
0.15625  -0.0609201
-0.09375  -0.135599
0.03125  -0.00655714
0.125  -0.223276
-0.0625  0.0375969
-0.21875  0.10805
0.03125  -0.16703
-0.03125  0.322471
0  -0.103745
0  -0.151893
0.15625  -0.0067743
-0.03125  0.196881
0.03125  0.0179755
0.09375  0.1315
-0.03125  -0.0372509
0.03125  -0.0145568
0.15625  0.0615531
0.125  -0.105694
-0.09375  0.265582
0.21875  0.209001
-0.3125  0.272003
0.125  0.184702
0.125  -0.0713738
-0.0625  0.11087
-0.25  0.0808121
0.40625  -0.317002
0.0625  -0.0887783
-0.125  0.00153248
0.09375  -0.22178
0.125  -0.212923
0.28125  -0.0494542
-0.0625  0.0264137
0.03125  -0.197176
-0.21875  -0.117425
-0.0625  -0.141341
-0.28125  -0.102951
-0.0625  -0.00559432
-0.03125  -0.0572367
-0.03125  0.145159
-0.15625  0.262358
0.21875  -0.0126179
-0.03125  -0.0600966
0  -0.0308754
-0.09375  -0.210599
0.0625  -0.107839
-0.09375  0.0173077
-0.03125  -0.418417
0.1875  0.00626739
0.0625  0.194835
0.09375  -0.020439
0.125  0.157833
0.0625  0.103865
0.09375  0.0353694
0.0625  -0.0334005
-0.0625  -0.0330312
-0.09375  -0.0134713
-0.09375  -0.175364
-0.125  -0.0341663
-0.15625  -0.00365489
0  -0.26411
0.15625  -0.10663
-0.03125  0.0335096
0.0625  -0.157231
-0.125  -0.0155977
-0.09375  -0.023458
-0.1875  -0.251823
0.0625  -0.0602163
0.28125  0.0117782
0.15625  0.125539
0.09375  -0.230524
-0.15625  0.184318
-0.03125  0.0468001
-0.03125  -0.0274834
-0.0625  -0.128043
-0.09375  -0.102777
-0.15625  -0.151175
-0.03125  0.0124975
-0.03125  -0.0412822
0  0.0849536
0.03125  -0.18843
-0.09375  0.0638139
0.15625  -0.268179
0.0625  0.102986
0.1875  -0.10659
0  -0.110298
0  -0.060106
-0.09375  0.0465674
0  0.187589
-0.09375  -0.199403
-0.0625  -0.00134454
-0.09375  -0.0741253
-0.21875  -0.0327518
-0.03125  -0.284125
-0.15625  -0.0712022
-0.21875  0.209529
0.09375  0.0833406
0.15625  -0.187686
0  -0.211465
0.1875  0.0575345
-0.125  -0.130154
0.0625  0.117837
-0.1875  0.134948
-0.15625  0.168755
0.09375  -0.170131
0.03125  -0.075176
0  0.130608
-0.28125  0.036123
0.0625  -0.0711052
-0.15625  -0.143887
-0.09375  0.00723833
0.0625  -0.00964495
0.125  0.149196
-0.0625  -0.0625994
-0.1875  0.0734483
0.1875  -0.174036
-0.0625  -0.232494
-0.03125  -0.132017
-0.15625  0.0791803
0.09375  -0.0874667
0.15625  -0.0687539
-0.09375  -0.24949
-0.03125  -0.0431854
-0.09375  0.0076264
-0.15625  -0.124427
-0.09375  0.0220832
-0.125  -0.278129
-0.1875  -0.183433
-0.0625  -0.152557
-0.1875  -0.116955
0.03125  -0.166754
0.125  0.178829
0.1875  -0.105528
-0.03125  -0.220163
0.15625  -0.0600766
0  0.0516917
0  -0.164009
0.125  -0.0402928
0.1875  -0.00164589
0.0625  -0.10099
0.21875  -0.0171176
0.125  -0.0429797
0  -0.0631125
-0.09375  -0.191552
-0.125  0.00336989
-0.09375  -0.104684
-0.0625  0.101378
-0.03125  0.0506088
-0.03125  0.0571464
0.1875  -0.0243819
0.03125  -0.160592
-0.03125  -0.12867
0.0625  -0.104875
-0.1875  -0.0456517
-0.0625  -0.231312
0.03125  -0.0424518
0.15625  0.0767742
0.1875  -0.067652
-0.03125  -0.139359
0.09375  -0.0596868
0.03125  0.253513
0.25  -0.1385
-0.09375  -0.0776996
0.1875  0.0881188
0.25  -0.0929884
-0.21875  0.107284
-0.09375  -0.0848773
-0.0625  0.169603
-0.09375  -0.0323036
-0.03125  -0.0280408
0.125  -0.0648263
0.15625  -0.245502
-0.03125  0.0789522
-0.0625  -0.126273
0.0625  -0.250666
0.125  -0.185789
-0.09375  -0.230881
-0.03125  0.0688278
0.125  -0.328353
-0.03125  0.032526
-0.09375  -0.234368
-0.03125  -0.0843366
-0.03125  -0.316747
-0.0625  -0.253422
-0.03125  -0.0681239
-0.0625  0.0148913
-0.09375  -0.21549
0  0.0703412
0  0.120424
-0.125  -0.262082
0.09375  0.159879
0.03125  0.0912019
0.09375  -0.192982
-0.0625  -0.226885
-0.25  -0.276925
-0.15625  -0.0477862
-0.09375  -0.0276747
-0.125  -0.246951
-0.21875  -0.0305707
0.125  0.0826599
-0.0625  -0.118336
0.0625  -0.0483214
0.03125  -0.241227
0.09375  0.274373
-0.125  -0.207482
0.125  0.0636732
-0.15625  -0.0304933
-0.03125  -0.0905585
-0.03125  0.0171859
-0.0625  -0.150989
-0.03125  -0.0577482
0.1875  -0.184066
0  -0.179433
0.125  -0.0784583
0.0625  0.0964417
0.03125  -0.224934
-0.21875  -0.154648
-0.28125  -0.281999
-0.09375  0.0277963
-0.375  -0.177663
-0.03125  0.0646652
0.1875  -0.0281616
-0.03125  -0.0158027
0.09375  -0.00568802
-0.0625  -0.0609274
0.09375  0.11418
-0.0625  0.211596
-0.03125  -0.130998
-0.1875  0.000809146
-0.15625  -0.178323
0.0625  -0.0877974
0.0625  -0.101396
0.125  -0.0181913
-0.0625  0.103227
0.21875  -0.302128
0  -0.0577281
0.25  -0.0336543
0.09375  -0.263208
-0.125  0.0723566
-0.0625  0.0185799
-0.15625  -0.181758
-0.15625  0.110579
-0.03125  -0.0580931
0.0625  -0.135051
0.125  -0.0922063
-0.09375  -0.109804
-0.03125  -0.0185117
0.125  0.0563346
-0.09375  -0.0403312
0.21875  -0.0434665
0.09375  -0.00439657
0.09375  0.0134107
0.15625  -0.0297626
-0.03125  -0.215345
-0.03125  -0.0320413
0  0.131905
0.1875  -0.00727273
0.1875  -0.0309314
0  0.18414
-0.03125  0.0242576
0.09375  0.05862
-0.09375  0.0976859
0  -0.0840302
-0.03125  0.202114
0.03125  -0.0909656
0.3125  -0.00701561
-0.15625  0.159877
-0.0625  0.0848421
-0.03125  -0.0409836
-0.09375  0.16164
-0.21875  0.107623
0.25  0.16205
0.09375  -0.0733149
0.03125  -0.243581
0.09375  0.0434208
-0.375  -0.082359
-0.1875  0.143921
-0.09375  -0.0548788
0.03125  -0.113491
0.0625  -0.0707682
-0.1875  -0.108907
-0.0625  -0.296301
0  0.0471964
-0.1875  -0.174858
0.0625  0.0568996
-0.125  -0.127064
0.0625  -0.115508
-0.15625  -0.140237
-0.03125  -0.0908903
-0.125  0.190912
0  0.0518027
0.03125  -0.150573
-0.1875  0.0576539
0.125  -0.151494
-0.34375  -0.0235288
0.09375  0.0780367
-0.09375  0.155348
0.09375  -0.348721
0.0625  -0.0673851
0.03125  -0.271331
0.03125  0.0334994
0.03125  0.188587
0.09375  0.00481678
-0.15625  0.0756482
0  0.0584759
0.375  0.0632386
0.0625  -0.132999
0.25  0.104611
-0.03125  -0.00273234
-0.1875  0.0872457
0.21875  -0.103398
0  0.155541
-0.09375  -0.055623
-0.03125  -0.012391
0  -0.0624052
-0.1875  -0.081867
0.15625  0.0443119
-0.09375  0.0677906
0.0625  0.0605541
-0.09375  -0.103503
0.03125  -0.0444388
-0.03125  -0.190431
-0.09375  -0.0546195
0.0625  -0.220957
-0.28125  -0.13306
-0.28125  0.125103
0.0625  -0.17969
0  -0.116192
0.0625  -0.0709187
0.03125  0.15187
-0.125  -0.0919524
-0.09375  -0.155289
-0.0625  0.00410615
0.09375  -0.146996
-0.09375  0.0219904
-0.28125  -0.0712812
0.09375  0.107348
-0.03125  -0.122787
0.125  -0.0945725
-0.03125  -0.022193
0.15625  -0.147171
-0.0625  -0.219815
0.125  -0.0817621
-0.21875  -0.145969
-0.125  -0.141011
0.09375  -0.0950371
-0.03125  -0.0520061
-0.15625  -0.0965553
-0.15625  -0.327112
-0.03125  -0.0141178
-0.125  -0.0464797
0.125  -0.22068
0  0.208653
0.1875  -0.248916
-0.0625  -0.303805
0.125  0.0578574
0.1875  0.208542
-0.03125  -0.0774693
0.03125  -0.1265
0.0625  -0.0949303
0.09375  -0.125689
0.0625  0.0182715
0.125  0.134618
-0.09375  -0.193657
-0.09375  -0.0887512
0.125  -0.0169784
0  -0.237414
-0.125  -0.220665
0.1875  -0.139794
0  0.304066
-0.125  0.195009
0.0625  0.155037
-0.03125  -0.125802
0.28125  -0.0401197
-0.0625  0.131113
0.09375  -0.124693
0.03125  -0.112977
0.0625  -0.0480672
0  0.00731596
0.09375  0.0661231
-0.03125  -0.335884
0.1875  -0.336556
0  0.191576
-0.125  -0.266515
-0.0625  0.0737397
-0.1875  -0.140708
-0.03125  0.022049
-0.15625  0.0165902
0.0625  0.123024
0.09375  -0.0820412
0.25  -0.0384071
0  -0.153564
-0.1875  -0.104359
-0.0625  -0.19967
-0.1875  -0.208829
-0.15625  -0.0864438
0.15625  0.0421237
0.0625  -0.0981744
-0.03125  -0.00235831
0.0625  -0.0706618
0.03125  0.220105
0.15625  -0.204883
0.125  -0.185725
0.03125  0.000225082
-0.25  0.2034
0.03125  -0.132937
-0.125  0.0462512
0.03125  0.141249
0.28125  -0.0667551
-0.34375  -0.200764
-0.0625  -0.0380155
-0.1875  -0.0818359
0.21875  -0.103427
0.15625  -0.271592
0.0625  0.228624
-0.09375  0.200509
0.125  -0.141062
0.1875  -0.0784207
-0.03125  -0.0399223
0.03125  0.0398258
0.09375  -0.0962915
0.21875  -0.183185
0.03125  0.260138
-0.03125  -0.107743
0.0625  0.274177
-0.15625  -0.267306
-0.03125  -0.172259
0.125  0.0386062
0.0625  -0.287971
-0.0625  -0.138871
-0.09375  0.0742477
0.125  -0.194621
-0.1875  0.102137
0  -0.228742
0.1875  -0.3772
-0.0625  -0.265505
-0.125  0.140476
0.0625  -0.0497755
0.09375  0.279724
-0.125  0.124014
0  -0.0856391
-0.03125  0.181849
0.03125  -0.261977
0  -0.0989614
0.1875  -0.000681586
0.03125  0.147475
-0.03125  -0.044076
0.09375  0.00925314
0.15625  0.0139408
-0.0625  0.0382102
0.03125  0.103216
-0.125  0.0611914
0  -0.0817295
-0.25  0.263971
-0.15625  0.239846
0.125  0.153307
-0.28125  -0.1484
0.0625  -0.0163883
-0.0625  0.215442
0.0625  -0.0474504
-0.25  -0.255598
0.0625  0.0181623
0  -0.0130587
0.0625  -0.072722
0.09375  -0.081326
0.03125  -0.0644706
0.03125  0.0694273
-0.1875  -0.178612
-0.03125  0.027484
0.09375  -0.0364389
-0.0625  -0.144783
0.03125  -0.03107
0  -0.107847
0.15625  -0.0354751
0.0625  -0.292881
0.03125  0.161278
0.0625  0.0860735
-0.0625  -0.0871385
0  -0.252247
-0.125  -0.288713
0.0625  -0.132398
0.03125  0.218841
0.03125  -0.0310992
0.09375  -0.0476821
-0.09375  0.138551
0.09375  -0.0477385
-0.0625  -0.124797
-0.21875  -0.0361985
0.03125  -0.127904
0.28125  -0.0630417
-0.125  -0.102303
-0.03125  -0.143063
0.09375  0.128245
-0.09375  0.00958416
-0.1875  -0.0486248
-0.15625  -0.338463
-0.03125  -0.0411733
0.15625  -0.0443622
0.03125  -0.0292569
0.21875  0.143786
0  -0.0234751
-0.09375  0.0906128
0.09375  0.0409665
0.03125  -0.0440755
0.03125  0.0291044
0.125  -0.136143
0.21875  0.244724
-0.125  0.208231
-0.09375  -0.0600049
0.125  -0.206113
0.125  0.083764
-0.125  0.0231081
0.03125  -0.296768
0.0625  -0.178563
0.1875  -0.136498
0.03125  0.00377603
-0.09375  0.177583
0.03125  0.0921209
0  0.0744259
-0.03125  0.15531
-0.0625  -0.121843
-0.03125  -0.00485905
-0.15625  0.214923
-0.03125  0.00655219
0.09375  -0.0503782
0.03125  -0.036717
-0.15625  0.0563484
0.15625  -0.110691
0.09375  -0.0521896
-0.03125  -0.440064
0.0625  0.0867348
0.25  -0.0956597
-0.0625  -0.123864
-0.15625  0.0224357
0.09375  0.198267
0.03125  -0.176345
-0.0625  -0.0958918
-0.09375  -0.0381518
-0.03125  -0.0160942
0  0.00130796
-0.21875  -0.133576
-0.125  -0.0482313
0  0.083013
-0.125  -0.23726
-0.03125  -0.0717099
0.09375  -0.0869616
-0.125  -0.0741322
0.03125  0.0438724
-0.21875  0.181294
0.0625  0.094255
0  -0.242759
0.0625  -0.0414005
0.0625  -0.0718854
-0.03125  -0.0233868
-0.03125  -0.206505
0.0625  -0.124041
0.03125  -0.127135
0.1875  0.0213349
0.09375  0.0251803
0.03125  0.09792
0  -0.129449
0  -0.133352
0  -0.202549
-0.1875  -0.163422
0.0625  -0.0698837
-0.125  0.00887267
-0.0625  0.054756
0.28125  -0.0898507
-0.03125  -0.307462
0.09375  0.167739
-0.15625  -0.263318
0  -0.241932
-0.1875  -0.0298776
0  0.0831661
0.0625  -0.0124956
0.0625  -0.3575
-0.03125  0.00919663
0.03125  -0.287496
0.03125  -0.0938833
-0.03125  0.169751
-0.15625  -0.230131
0.09375  0.0463458
0.15625  0.0940757
-0.03125  -0.138151
0  -0.0248078
-0.03125  0.0557194
0.03125  -0.0365146
0.25  0.0542597
-0.03125  -0.114705
0.0625  -0.111041
0.03125  -0.167702
0  0.104507
-0.09375  0.048018
-0.15625  -0.0840617
0.15625  0.15558
-0.0625  -0.078965
-0.1875  -0.167312
0.125  0.05956
-0.0625  0.0187656
-0.125  -0.118876
0.125  0.140765
0.0625  0.0908544
-0.25  0.0256887
0.3125  0.0376858
0  -0.0717441
-0.0625  -0.187447
0.09375  0.0412836
-0.15625  0.178637
0  -0.208253
-0.03125  -0.0394041
-0.0625  0.187866
-0.03125  0.0224804
0.21875  0.0841602
0.25  0.196586
-0.09375  -0.0396503
-0.21875  -0.140493
-0.0625  0.0673994
-0.1875  -0.0108849
-0.15625  0.0447675
0.0625  -0.0444014
0.09375  0.155254
-0.03125  0.207753
0.09375  -0.308277
0.09375  0.133135
0.0625  -0.158679
-0.125  -0.0528436
0.09375  -0.00117847
0.1875  -0.0155672
-0.03125  0.154101
0  0.0754279
0  0.0864008
0.03125  -0.0767246
-0.03125  -0.21577
-0.0625  -0.0452298
0.25  -0.374441
0.125  -0.243792
0.03125  0.154951
0.15625  0.0642304
-0.25  -0.0469842
0.28125  -0.238127
-0.0625  -0.133474
-0.0625  -0.0358409
-0.0625  0.0330425
0.03125  -0.218834
0.03125  0.0348245
0.125  0.0614898
-0.0625  -0.0756218
0.125  -0.177457
-0.09375  -0.00897617
0  0.213549
0.25  -0.051958
-0.0625  -0.0045435
0  -0.106558
0  -0.271905
0  -0.268263
0.03125  0.254595
-0.15625  -0.160004
0.28125  -0.202399
0.09375  -0.323254
-0.03125  -0.0397771
-0.1875  -0.135256
0.25  -0.206823
0  -0.054441
-0.21875  -0.0228753
-0.03125  -0.0885575
0.25  -0.0979998
0.09375  -0.0596254
-0.09375  -0.172782
-0.03125  -0.267232
-0.03125  -0.0502937
0.0625  -0.345151
-0.03125  0.000769029
0.21875  -0.183445
0  -0.240399
0.0625  0.251777
0.09375  0.0346273
0  0.0141026
0.1875  0.0753323
0.125  -0.103647
0.09375  0.00533716
-0.125  -0.128904
-0.09375  0.0220695
0.09375  0.0919377
0.1875  -0.0129762
0.03125  -0.00118542
0.03125  0.109003
0.125  -0.140764
0.03125  0.0119555
-0.1875  0.0786724
0.03125  -0.024557
0.21875  -0.260091
-0.125  0.100462
0  -0.137006
0.0625  -0.148516
0.09375  -0.0966056
0  -0.0385357
0.09375  -0.0352919
-0.03125  0.0256376
-0.03125  -0.143449
0.21875  -0.0457171
-0.03125  0.175405
0  -0.0611387
-0.0625  0.152366
0.09375  0.0312071
0  0.0956572
0.15625  -0.258975
0  -0.235953
-0.0625  -0.0828305
-0.125  -0.156862
-0.09375  0.164253
0.0625  0.137906
0.0625  -0.186949
-0.25  -0.278043
-0.03125  -0.221456
0.03125  -0.0190213
0.0625  0.327715
-0.28125  -0.214117
0.125  0.046412
-0.15625  -0.152845
0.03125  -0.0924213
0  -0.081379
-0.03125  -0.0375153
-0.125  0.218614
0.09375  -0.171297
-0.25  -0.106184
-0.0625  0.0294789
-0.125  0.0233499
0.09375  0.0454317
0.15625  -0.0125996
-0.03125  -0.114833
0.0625  -0.159475
-0.125  0.253503
-0.28125  -0.240505
-0.0625  0.0155754
-0.09375  -0.0350114
0.03125  -0.0833858
0.03125  -0.0980959
-0.0625  -0.0579665
-0.03125  -0.143729
-0.15625  -0.0348226
0.15625  -0.00198338
0.125  -0.0285466
0.25  -0.0762167
-0.09375  -0.176797
-0.125  -0.0764587
-0.03125  -0.0654518
-0.09375  0.0157472
0.25  0.0375907
0.25  -0.282984
0.0625  -0.0352258
0.09375  -0.000821902
-0.0625  0.0265618
0.09375  -0.0651737
-0.03125  0.0815849
-0.03125  -0.116573
-0.09375  -0.08833
-0.03125  0.0472728
0.09375  -0.0839295
0.15625  0.0581373
-0.125  0.277809
-0.125  -0.126691
0.125  -0.0601443
0.0625  -0.111523
0.15625  0.00204697
-0.0625  -0.122934
-0.125  -0.0287265
0.15625  0.0722134
-0.03125  0.136286
0.03125  0.0266313
0.03125  -0.109874
-0.09375  -0.314067
0.0625  -0.0704124
0  0.0265414
0.03125  -0.122433
0  0.0414159
-0.28125  -0.165867
0.0625  -0.118773
0.125  -0.135301
0.03125  -0.0455349
0.21875  0.131342
0.03125  -0.0436996
-0.09375  -0.167869
0.125  0.128266
-0.09375  -0.113217
-0.0625  -0.205651
0  -0.0478742
-0.03125  0.0198643
0.03125  -0.229416
0  -0.149333
-0.0625  -0.0323031
0.0625  -0.0334725
-0.0625  -0.100901
0  0.0759127
0.03125  0.0597197
0.09375  0.140536
0.0625  0.0724615
0.09375  0.192124
0.03125  0.120819
0  -0.104565
0.21875  -0.218258
-0.28125  0.0275168
0.03125  -0.0316854
0.0625  -0.184783
-0.03125  0.151833
0.0625  0.0752192
-0.125  0.112752
0  -0.231192
0.0625  -0.113816
-0.03125  -0.195614
0  -0.0964201
0.125  -0.123718
-0.03125  -0.068522
-0.03125  -0.217736
0.125  -0.0197114
-0.03125  -0.18055
-0.03125  -0.0589431
0.1875  -0.132231
-0.0625  0.0139753
0.0625  0.145346
-0.03125  -0.0433314
-0.125  0.00906319
0.15625  -0.233341
-0.0625  0.111344
-0.09375  -0.0808281
0.28125  0.19808
0.0625  -0.227369
0.03125  0.0213772
0.03125  -0.280512
0.21875  0.0136754
0  0.0186686
0.125  -0.0342759
0.1875  0.00182033
0.03125  -0.208197
0.03125  -0.158519
0  -0.104301
0.0625  -0.173189
-0.0625  -0.117474
0.0625  -0.0834811
0.09375  0.248815
-0.0625  -0.141736
-0.09375  -0.127367
-0.0625  0.021525
0.09375  -0.141958
0.15625  -0.147833
0.28125  -0.118956
0.0625  -0.00218648
0  -0.0320106
-0.0625  0.0233321
-0.03125  -0.0760876
0.125  0.258098
0  0.00432371
-0.0625  -0.080625
-0.125  0.110617
0.1875  -0.229834
0.0625  -0.0544705
0.09375  0.0608168
-0.125  -0.0371715
0.21875  0.0816679
0  -0.159561
-0.09375  -0.00789254
0.15625  -0.206251
0.03125  -0.107021
-0.09375  -0.0214708
0  0.00236624
0.03125  -0.125789
-0.0625  -0.196715
0.15625  -0.266911
0.0625  0.217367
0.25  0.132448
0  -0.165772
0.0625  -0.0392428
0.0625  -0.0417868
0.03125  0.086201
-0.0625  -0.0230144
-0.0625  0.248953
0.21875  0.064893
-0.09375  0.290401
0.125  -0.127714
0.03125  0.163465
0  0.141715
-0.03125  -0.155285
0.0625  0.180363
0.0625  0.00579743
-0.09375  -0.216586
0  -0.327427
-0.125  -0.0981798
-0.25  -0.137273
-0.03125  -0.0130039
0.34375  0.0170991
-0.15625  -0.129589
-0.15625  0.105524
0  -0.144794
0.03125  0.0826108
0.21875  -0.236444
-0.09375  -0.130606
-0.09375  -0.091418
-0.125  -0.154039
-0.03125  -0.0388097
-0.25  -0.00965716
0.03125  0.135868
0.125  0.12896
-0.0625  -0.224529
-0.1875  -0.240936
-0.15625  0.0282253
0  -0.173374
0.1875  -0.106613
0.0625  -0.0448817
0.1875  -0.153389
-0.0625  0.110809
-0.03125  -0.0125675
0.0625  -0.174367
-0.15625  -0.00824827
0.125  -0.0656978
-0.1875  0.0966723
0.125  -0.0895077
-0.21875  -0.0993847
0.21875  -0.0725664
0.1875  0.00527085
-0.21875  0.0600504
-0.28125  -0.0603182
0.03125  -0.221965
0.28125  -0.243868
-0.0625  -0.18832
0.21875  0.0504945
-0.15625  0.0412191
-0.1875  -0.121419
0  -0.0144436
0.03125  0.140773
0.0625  -0.077075
0.21875  0.07002
0.0625  0.0245171
-0.21875  -0.0698159
-0.125  0.0623704
0.15625  0.0760984
-0.15625  0.170618
0  -0.2056
-0.03125  -0.178337
0.15625  0.0116756
-0.03125  -0.0829121
-0.0625  -0.0540569
0.0625  -0.185824
-0.15625  -0.0524433
0.09375  0.100006
-0.09375  -0.0175415
-0.125  0.000479705
0.125  0.135331
0  -0.00377766
0.125  -0.0932957
-0.0625  -0.0807464
-0.03125  -0.0448468
0  -0.216798
-0.09375  -0.0789793
-0.03125  -0.0208742
0.03125  0.0491925
-0.09375  -0.0856516
0  0.212475
0  -0.163226
-0.21875  -0.1597
-0.09375  -0.255954
0.15625  -0.16099
0.21875  0.0157214
-0.15625  0.132097
0.25  -0.106459
0.0625  0.265469
-0.125  5.43398e-05
0.25  -0.208709
0.125  0.0239881
0.15625  -0.0168662
-0.15625  -0.240728
-0.0625  -0.15462
-0.15625  -0.168911
-0.1875  0.152455
-0.09375  -0.0957273
0.09375  -0.130718
-0.09375  -0.0211651
0.25  0.232734
0.0625  0.0510859
0.09375  0.0112473
-0.1875  -0.193064
-0.03125  0.15274
0  0.270538
-0.03125  -0.0352712
-0.03125  -0.0889241
-0.03125  0.0129975
0.03125  -0.133007
-0.09375  -0.151866
-0.03125  -0.114155
-0.21875  -0.0722671
0  -0.121113
0.125  -0.0622248
0.15625  -0.0878441
-0.0625  -0.0547315
0  -0.216412
0.03125  -0.170492
0  0.0203708
0.15625  0.0901619
0.0625  -0.173351
-0.09375  0.0399866
0.15625  0.179745
0.125  0.0304265
0.25  -0.189766
0.125  -0.157188
0.03125  -0.0867467
-0.0625  -0.166762
0.09375  0.0727959
-0.09375  -0.00420857
0  -0.0460575
0.15625  -0.124525
-0.1875  -0.0399022
0.03125  -0.112914
-0.0625  0.119825
0.03125  -0.0493678
0  0.00575965
-0.0625  -0.0440776
-0.125  0.0147217
-0.0625  0.211967
-0.09375  -0.0786118
-0.21875  -0.064081
-0.3125  0.12434
-0.0625  0.0306812
-0.09375  -0.0634704
0.125  -0.39386
0.0625  0.146731
0  -0.0836098
-0.0625  -0.0570398
-0.0625  -0.0958838
-0.09375  0.0850442
0.0625  0.0391826
-0.0625  0.0158529
-0.0625  0.0282944
0.09375  0.0762586
-0.03125  -0.050631
-0.09375  0.0882
0.03125  0.134218
-0.15625  -0.0627697
-0.15625  -0.405053
0.09375  -0.0137016
0.03125  0.219058
0.03125  -0.0341721
0.03125  0.205775
0.03125  0.103714
0  0.144169
-0.25  -0.140709
-0.15625  -0.0714061
-0.0625  -0.252627
-0.15625  -0.0720103
-0.15625  -0.131634
-0.09375  -0.0262044
0  0.0448279
0.28125  0.188718
0.0625  0.0165152
-0.21875  -0.0578296
-0.0625  -0.0628448
-0.09375  -0.169708
0.21875  0.0456917
-0.0625  -0.199649
0.09375  -0.0504298
-0.09375  -0.0179337
-0.25  -0.131752
-0.09375  0.0159356
0.15625  -0.128779
-0.03125  -0.0476408
-0.1875  -0.251161
0  -0.18764
-0.03125  0.135451
0.03125  -0.20715
0.03125  0.0274051
0.25  -0.0988952
0.03125  -0.0614474
0.03125  -0.139468
0  -0.0343708
0.15625  -0.0963382
-0.0625  -0.0790243
0.0625  -0.169419
0.03125  0.0622656
0.03125  0.139293
0.1875  0.0706536
-0.0625  -0.0110606
-0.03125  0.148428
0.21875  0.116166
0.125  0.142317
0.09375  -0.117192
0  0.155645
0  -0.0735881
0.125  -0.164297
0.0625  -0.0508828
0.15625  0.173654
0.21875  0.0522641
0  0.0970628
-0.21875  -0.118613
0.03125  0.0176684
0.03125  -0.00622903
0.0625  -0.161464
-0.09375  0.0629475
0.03125  -0.0276405
-0.09375  -0.03103
-0.0625  -0.0464852
0.09375  -0.00423026
-0.03125  -0.251611
0.15625  0.0102255
-0.03125  0.0295528
0  0.0654593
-0.0625  -0.189645
-0.03125  0.0310881
-0.125  -0.060367
0.03125  -0.0351089
-0.0625  -0.196598
0.0625  0.137742
0.03125  -0.171334
0  -0.0849612
-0.25  -0.11377
-0.21875  -0.157514
0.03125  -0.037887
-0.09375  -0.070076
0.09375  -0.125868
0.09375  0.0240001
-0.0625  0.0885144
0  0.000838303
0.15625  -0.212848
0.0625  -0.129111
0.03125  -0.252574
0.21875  -0.0525178
0.03125  -0.252848
-0.09375  0.0129558
-0.1875  0.0245582
0.03125  -0.284139
0.03125  0.0385528
0  -0.294943
0  0.278973
-0.21875  0.118292
-0.0625  -0.00352645
0.03125  0.0426748
-0.09375  0.210098
-0.125  -0.14243
-0.125  0.113025
0.03125  -0.00848716
-0.09375  -0.0356453
-0.21875  -0.0469639
-0.03125  -0.047196
0.3125  -0.0759662
0  -0.206051
0.03125  -0.303382
0.09375  -0.0281623
0.3125  -0.115896
0.15625  -0.171117
-0.125  -0.106522
0.09375  -0.0854864
-0.0625  0.132293
0  -0.0850711
-0.0625  0.128954
0  0.231659
0.28125  -0.0768585
0.15625  0.00618308
0.0625  0.0228334
-0.03125  -0.206368
0.03125  -0.0736925
0.0625  0.0890829
-0.0625  0.169408
-0.0625  -0.0744986
-0.09375  -0.141029
0  -0.122997
0.125  -0.169955
0.09375  0.20544
-0.03125  0.0394351
-0.09375  -0.233914
-0.21875  0.0681975
-0.1875  0.191463
0.15625  -0.0250578
0  -0.0830284
-0.25  0.0422527
0.125  -0.089041
0.09375  0.0235712
-0.03125  0.019981
0.0625  -0.135233
-0.125  0.0942074
0.03125  0.0371234
0.125  -0.0335014
-0.03125  0.111837
0  -0.0129293
-0.15625  -0.0212183
-0.09375  -0.328297
0.125  -0.29537
0.15625  -0.0675188
-0.03125  0.0886794
0.21875  -0.118731
0.15625  0.0329095
0.03125  -0.00846761
0  -0.138579
0.09375  -0.0482106
0.1875  -0.133928
0.09375  -0.131611
0.1875  -0.0209801
-0.1875  -0.0325197
-0.03125  0.101311
-0.0625  0.0386305
0.09375  -0.137235
-0.03125  -0.0875828
-0.0625  -0.0847678
-0.0625  -0.00147736
-0.25  -0.212543
0.1875  -0.14366
0.15625  -0.174903
-0.03125  -0.0922504
0.0625  0.130798
-0.25  -0.352326
0.15625  0.133738
-0.15625  0.00838228
-0.15625  -0.130016
-0.03125  0.0225347
-0.125  0.0393221
-0.03125  0.0658433
0.125  -0.349814
-0.03125  -0.151563
0.15625  -0.242428
0.125  -0.0390245
-0.0625  -0.141116
0.21875  0.000909276
0.0625  -0.131607
0.125  -0.18423
-0.125  0.125757
-0.0625  -0.0188212
-0.1875  -0.0786596
-0.03125  -0.20865
0.09375  0.0115926
0  0.184907
-0.09375  -0.0632849
-0.25  -0.0321994
-0.03125  0.0510151
0.125  -0.0157755
0.15625  0.0263942
0.09375  -0.0853042
-0.0625  0.0379991
0.15625  -0.170438
-0.25  -0.351887
0.09375  -0.108192
0.15625  -0.0534377
0.15625  -0.0736722
-0.03125  -0.113249
0.09375  -0.0956822
-0.0625  0.017011
0  -0.130066
-0.09375  -0.236201
0.0625  -0.0436509
0  -0.00119754
0.09375  -0.298048
0.15625  0.0661909
-0.03125  -0.00679559
0.03125  0.0845348
0.25  -0.0577369
0  -0.235375
-0.0625  -0.281547
-0.0625  -0.0642579
0.0625  0.00505257
0.09375  0.037791
-0.0625  0.0533621
-0.0625  0.130491
-0.125  0.265275
-0.09375  -0.0112607
0.125  -0.0550432
-0.125  0.0652362
0.15625  0.154613
-0.09375  -0.1451
0.0625  -0.186152
-0.0625  -0.000492258
-0.1875  -0.322901
0  0.0246564
0  0.0674115
-0.125  0.0865888
0  0.0176162
-0.09375  0.170613
0.09375  -0.0240432
0.03125  0.0952585
0  -0.134713
-0.03125  0.236337
-0.03125  -0.0047773
0.03125  -0.0243756
0.03125  -0.2463
0.25  -0.00217895
-0.125  -0.0196026
-0.1875  -0.0163803
0.15625  -0.0758131
-0.15625  -0.0246014
0.0625  0.133255
0.09375  -0.160446
-0.03125  0.0860409
-0.125  -0.0309587
-0.0625  -0.263049
0  -0.0758742
0.03125  0.0102081
-0.09375  -0.0305375
-0.1875  -0.167492
-0.28125  -0.0622811
-0.09375  0.0389638
0.1875  0.0154294
-0.1875  -0.124149
0  -0.106482
-0.0625  0.108431
0.09375  -0.126767
-0.0625  0.189481
0.28125  -0.00878915
-0.0625  0.0475965
-0.1875  0.0350485
-0.09375  0.000759583
0  -0.250635
-0.03125  0.0915877
0.0625  -0.103959
-0.03125  0.0796827
-0.15625  0.128177
0.03125  -0.00115599
-0.09375  0.113489
0  -0.286551
-0.03125  -0.13645
0.09375  -0.192968
0.125  0.0542723
-0.03125  -0.0123785
-0.03125  0.164893
-0.0625  0.0299729
-0.1875  -0.0115266
0.125  -0.14052
-0.0625  0.150911
0  -0.0371252
-0.21875  0.100871
-0.03125  -0.197799
0.21875  0.0333892
0.03125  0.00395448
-0.0625  -0.0188311
-0.15625  -0.206726
-0.09375  0.249942
0.0625  -0.128077
0.09375  -0.0309877
-0.0625  0.0841423
0.03125  -0.0272212
0.25  0.0947336
-0.28125  0.0197252
0.28125  0.0237436
0.21875  0.0167663
-0.125  0.148007
0  0.151342
0.125  0.0768792
0.09375  -0.116182
-0.09375  -0.00641134
0.03125  -0.188422
-0.0625  -0.00131792
0  -0.203096
0  0.156118
-0.03125  -0.045509
-0.125  -0.00277869
0  0.0555125
-0.03125  0.0685995
-0.0625  0.0374806
0.0625  0.210602
0.21875  -0.0781748
-0.09375  -0.11479
0.15625  -0.0956
-0.03125  0.222121
-0.09375  -0.122751
0.15625  -0.273304
-0.0625  -0.220393
-0.1875  0.12846
0.15625  -0.0201325
0  -0.02116
-0.1875  -0.1429
-0.03125  -0.118322
0  -0.176026
-0.03125  0.0468699
-0.15625  0.0458839
0  0.0871682
-0.0625  0.0266403
0  -0.1119
0.125  -0.0877523
-0.03125  -0.0514649
0.15625  0.0235224
-0.0625  0.00226213
-0.15625  0.109398
-0.0625  -0.338012
-0.125  0.0347436
0.0625  -0.000722773
-0.1875  -0.0872682
0.03125  -0.188554
-0.0625  -0.0272201
0.03125  -0.015401
0  -0.00100301
-0.21875  0.0199568
0.125  -0.341216
0.25  -0.0937159
0.03125  -0.126357
-0.09375  -0.136826
0.0625  -0.0815959
-0.09375  -0.127658
0.0625  -0.00316142
0.125  -0.0440013
0.15625  -0.26895
-0.03125  -0.134682
0.09375  0.0592684
0.15625  0.190007
0.15625  0.115239
0.125  -0.256758
0.09375  0.0354932
0.0625  0.0870896
0.1875  0.0248212
0.09375  -0.179743
-0.125  -0.154583
-0.21875  0.012326
0.1875  -0.0315862
0.09375  0.0520459
-0.15625  -0.160896
-0.03125  0.0146533
0.21875  0.0983081
-0.03125  -0.135464
0.0625  -0.271345
-0.125  0.0809752
-0.09375  -0.0498558
0.15625  -0.0608245
-0.21875  0.0786922
-0.15625  -0.244536
0.0625  0.00445725
0  -0.153989
0  -0.222548
0.0625  0.0353187
-0.09375  0.0963422
0.15625  -0.0712869
0.15625  -0.00754777
0.1875  0.0175032
0.28125  0.116834
-0.03125  -0.093771
-0.15625  -0.0174195
0.15625  -0.0683699
-0.1875  -0.0296738
-0.03125  -0.0246345
0  0.156929
-0.0625  -0.134088
-0.0625  -0.33935
0  0.0679306
-0.0625  0.0497943
-0.125  -0.20428
0.03125  -0.034782
-0.09375  -0.133268
-0.0625  -0.200403
-0.03125  -0.0505654
0.21875  -0.0587795
0.1875  -0.0611348
0.15625  -0.0551938
0.125  -0.261968
-0.125  -0.0435709
-0.0625  -0.128912
0.1875  0.0460137
0.125  -0.0853137
-0.0625  0.160496
0.15625  0.0943252
-0.03125  -0.0055791
0.0625  -0.142952
0.125  -0.00981854
0.15625  -0.00619417
-0.0625  -0.113879
0.125  -0.287521
-0.09375  -0.0254942
0.15625  0.07029
0.125  0.0364956
-0.03125  -0.235106
-0.15625  -0.14863
0.25  0.136653
0.15625  -0.154171
0.09375  -0.258544
-0.0625  -0.0845249
-0.125  -0.125995
0.1875  0.201839
0.21875  -0.183909
0.15625  -0.157858
0  -0.198116
-0.0625  0.11324
0.125  0.247098
-0.1875  0.112133
0.03125  -0.0470464
-0.125  -0.115536
0.125  -0.0538285
0.15625  -0.0237237
0  -0.0998536
-0.03125  -0.00354837
-0.1875  0.00671501
0.03125  -0.131335
0.03125  -0.00303325
-0.0625  -0.110953
-0.34375  -0.148056
0.0625  0.00925439
-0.125  0.0499125
0.09375  0.0943379
0  -0.0526506
-0.1875  -0.046951
-0.15625  0.0294246
-0.125  0.0276925
0.1875  0.308368
0.0625  -0.119372
-0.1875  0.00395054
-0.09375  0.0241344
-0.21875  -0.050844
0.09375  0.164473
0.15625  0.0242619
-0.1875  0.0386012
-0.03125  0.146021
-0.09375  -0.00934193
-0.03125  -0.195999
-0.09375  0.046227
0.09375  -0.146655
-0.0625  -0.0403126
0.1875  -0.187005
-0.125  -0.22067
-0.125  0.0138272
0  -0.0553019
-0.0625  0.0777795
0.15625  -0.0976429
-0.0625  -0.184039
-0.125  -0.00712865
-0.09375  -0.00527351
0  0.131909
0.09375  0.326668
0  -0.135863
0.0625  0.192677
-0.3125  -0.179386
-0.0625  0.0192902
0.0625  0.11082
0.09375  0.00391929
-0.25  0.0653547
0.15625  0.0826134
-0.0625  -0.0970631
-0.125  0.114728
0  -0.041183
0.0625  -0.00163992
-0.125  -0.0146137
-0.21875  -0.0899552
0.03125  -0.0824837
0.09375  -0.16306
-0.0625  -0.192194
0  0.050093
0.0625  -0.23651
0  -0.0910192
0.15625  -0.13662
-0.15625  0.0757641
-0.0625  0.0289539
0.15625  -0.0487795
-0.09375  0.143162
0  0.258508
-0.03125  -0.404364
0.15625  0.14131
-0.125  -0.110731
-0.0625  -0.144819
0.03125  -0.0405377
-0.25  0.0677473
0.09375  -0.0130658
0.25  -0.374276
0.21875  0.0321256
-0.0625  0.0153735
-0.1875  -0.381076
-0.03125  -0.0572457
-0.09375  -0.120465
-0.0625  -0.0953957
-0.125  -0.245698
0.03125  0.0011777
0  -0.236065
0.03125  0.0393116
0.0625  -0.120943
-0.125  -0.178391
-0.03125  0.000596991
-0.0625  -0.18589
-0.09375  -0.0331165
0.09375  -0.139677
0.1875  -0.011562
0.03125  0.130369
0.03125  0.0532458
0.09375  -0.0728549
-0.125  -0.139153
-0.15625  -0.284042
-0.1875  0.0588954
0.09375  -0.211571
0.15625  -0.0947759
-0.15625  0.102609
0.03125  -0.115239
-0.15625  -0.0221844
0.03125  -0.283217
-0.03125  0.0298798
0  -0.0313403
0.125  0.0398692
0.0625  0.0710008
-0.15625  -0.152904
0.125  0.12875
0  -0.0928184
0.09375  -0.167623
-0.125  0.0625384
0.09375  -0.00889769
0.09375  0.0113409
-0.03125  -0.0592647
0.03125  -0.0504855
0  -0.181192
0  0.034521
0.125  -0.160733
0.09375  -0.178166
0.125  -0.0353284
0.125  -0.0292732
-0.09375  -0.108869
-0.0625  -0.131746
0  0.140133
-0.03125  -0.158845
-0.125  0.0853496
0.03125  0.0809058
0.03125  0.051393
0  0.0826122
0.03125  0.104322
0.0625  -0.232575
-0.09375  0.0280565
0.09375  0.211785
-0.09375  -0.242571
0.0625  -0.0499899
0.03125  -0.0135794
-0.09375  -0.039721
0.0625  -0.00241944
-0.03125  0.0687068
0.15625  0.1552
0.09375  -0.266458
0.09375  -0.0467264
-0.0625  0.04966
-0.09375  0.0753199
0.28125  0.0216365
0.3125  -0.203337
0.0625  -0.00438227
0.09375  0.050783
0.3125  -0.142566
-0.09375  0.166673
0.03125  -0.106716
0  -0.239549
0.125  -0.0111601
0.03125  0.115891
0.09375  -0.230918
-0.125  0.0161621
-0.0625  0.108711
-0.1875  0.282193
0.09375  0.11762
-0.03125  -0.102136
0.0625  -0.0613287
-0.03125  0.104621
0.09375  0.122013
0.125  0.0570818
0.125  -0.170339
-0.03125  -0.104869
0.0625  0.00993934
0.0625  -0.0128191
-0.03125  -0.0635438
-0.03125  -0.0854219
-0.0625  0.0228772
0.03125  -0.0891459
-0.0625  -0.0275404
-0.1875  -0.0922787
-0.125  -0.175127
0  0.0345727
0  0.103409
0.125  -0.0288267
-0.125  -0.107695
0.09375  -0.12694
0.0625  -0.214031
-0.15625  -0.0132094
-0.03125  -0.040018
0  -0.263495
-0.21875  -0.183568
0.15625  0.0135162
0.0625  -0.142537
-0.1875  -0.0210273
0  -0.16792
-0.15625  0.124931
0.03125  0.10234
-0.09375  -0.0474968
-0.21875  -0.260223
0  0.163206
0.09375  -0.0488351
0.09375  0.0195053
0.03125  0.0585387
0  0.0860541
0.09375  0.0910596
0.09375  0.134975
0.15625  0.0592873
-0.09375  -0.0826723
-0.0625  0.0504487
-0.09375  -0.0994481
-0.28125  0.0704688
0  -0.178923
0.0625  -0.00780348
0.09375  -0.171113
0.0625  0.066586
-0.1875  -0.0739071
-0.0625  -0.264369
0.0625  -0.141658
0.15625  0.181958
0.1875  -0.0418247
0  0.0646353
0.15625  -0.117217
-0.15625  -0.109351
-0.09375  0.0154886
0.09375  -0.0552422
-0.125  -0.0267877
0.0625  0.0275594
0.125  -0.231596
-0.125  0.0952626
0.28125  -0.17545
0.0625  -0.0304177
-0.0625  -0.178137
-0.0625  0.0443672
-0.15625  -0.353209
0.125  -0.110226
0.25  -0.16623
0.0625  -0.144305
-0.03125  -0.143606
0.03125  -0.0179603
-0.1875  -0.0916367
-0.03125  -0.233131
-0.125  -0.0319674
0.1875  0.0822366
-0.03125  0.00860085
-0.125  -0.143915
-0.03125  0.119873
0.1875  -0.00113167
-0.125  -0.0740399
-0.21875  -0.0498306
-0.03125  -0.0207478
-0.0625  0.255926
0.03125  -0.0356254
0.03125  0.122508
-0.125  -0.144019
0.09375  -0.0626875
-0.0625  0.132284
0.1875  -0.0037539
-0.25  -0.3132
0  -0.078718
-0.03125  0.149676
0  0.0276031
-0.03125  0.0671035
-0.0625  -0.262558
0.03125  0.000273212
-0.09375  0.0504251
0.1875  -0.0167337
0.03125  0.216113
-0.0625  -0.0952293
0.03125  -0.0724809
0.09375  0.0114991
-0.1875  -0.166029
-0.25  0.106918
0  -0.094312
-0.03125  0.0175675
-0.125  -0.0205345
0.0625  -0.132424
-0.125  -0.0909185
-0.03125  -0.139079
-0.03125  0.092968
0.03125  -0.281103
0  -0.0839217
-0.125  -0.123368
0  -0.0590367
-0.0625  -0.488856
-0.09375  -0.068585
0  -0.222429
0.0625  -0.0447547
0.03125  0.22461
-0.03125  -0.0666058
-0.03125  0.219379
0.0625  0.0642644
-0.03125  -0.195532
-0.0625  0.00432896
0.0625  -0.0888315
0.21875  -0.0255461
0.0625  -0.11417
0.03125  -0.0612059
0.03125  -0.0311808
0.1875  -0.0418599
0.03125  0.0304408
0.09375  -0.196716
0.03125  0.226054
0.09375  0.0453364
0.21875  -0.0420835
-0.15625  -0.208236
-0.125  -0.0361518
0  0.143941
0.125  0.176709
-0.03125  -0.0775675
0.03125  -0.110171
-0.03125  0.15189
0.03125  0.0487175
0  -0.227248
0.125  -0.0397547
-0.15625  -0.11079
0.125  -0.235796
-0.15625  -0.169919
0  -0.0979424
0.09375  -0.246456
0.03125  0.0454159
0.03125  0.0501742
0.0625  -0.221207
-0.0625  -0.194081
-0.125  -0.363794
-0.0625  -0.293269
-0.09375  -0.0850047
0.21875  -0.110657
0.03125  -0.0256941
0.1875  0.0140655
0  -0.056946
0.15625  -0.0411483
-0.0625  0.0915087
0.125  -0.0475211
-0.0625  -0.0963383
-0.0625  0.0735347
-0.0625  0.0318194
-0.28125  -0.0541181
-0.03125  -0.0650861
0.03125  -0.192563
0.125  0.230401
0.15625  0.0243766
0.0625  0.0795447
0.15625  -0.0840604
-0.0625  0.0659671
-0.09375  -0.100948
-0.125  -0.0127576
0.0625  0.114345
0  0.0384569
0  -0.181176
0.125  0.0268037
-0.03125  -0.127973
0  -0.0788531
0.125  -0.203548
0.03125  0.258574
-0.03125  -0.153914
-0.0625  0.0652624
0.125  -0.138593
-0.15625  -0.293727
-0.21875  -0.010674
-0.125  0.178742
-0.15625  0.121839
0  -0.10499
-0.125  0.0169462
-0.15625  0.000747469
0.125  -0.215986
-0.125  0.0286876
-0.03125  -0.0741568
-0.125  -0.202877
-0.09375  0.123919
-0.28125  -0.196629
-0.03125  -0.0272584
-0.125  -0.0790573
0.1875  0.121349
0.0625  0.183223
-0.03125  -0.0131364
0.125  -0.0578954
0.15625  0.0830513
-0.0625  0.0749503
-0.09375  -0.143328
0.03125  0.0737902
-0.09375  -0.0924705
0.03125  0.0772609
0  -0.0893679
0.09375  -0.0736722
0.1875  0.0462404
0.0625  0.0176414
-0.03125  -0.1234
0.1875  -0.0241544
-0.0625  0.0128757
0  -0.0146646
-0.03125  -0.338627
0  -0.249125
0.09375  0.0898335
-0.15625  -0.267221
-0.0625  -0.13509
0.1875  -0.087486
-0.03125  -0.236355
0.15625  -0.00883268
0  0.240627
0.125  0.0460154
0.0625  -0.00545998
0.125  0.124624
-0.125  0.073354
0.03125  -0.0602491
0.03125  -0.0564893
-0.125  -0.130048
0.03125  -0.0440678
0  -0.0610663
0.03125  -0.0213321
0.1875  -0.157414
0  -0.0113151
-0.03125  -0.0370431
-0.15625  -0.322221
-0.125  -0.129394
-0.03125  -0.0582505
0.0625  0.145141
-0.21875  -0.0637333
-0.09375  0.0319986
-0.09375  -0.0840262
0.21875  0.0956213
0.0625  0.0617575
-0.25  0.18653
-0.15625  -0.138413
-0.125  -0.141925
0.03125  -0.395669
0.21875  -0.0543147
-0.15625  -0.12253
0.1875  -0.0464736
0.03125  -0.312503
0  -0.044742
-0.15625  0.0415237
-0.1875  0.0142541
-0.25  0.132385
-0.03125  0.102617
-0.09375  -0.219146
-0.125  -0.13097
0.03125  0.0167635
0.03125  -0.105508
0.21875  -0.203697
0.1875  -0.0466779
-0.25  -0.16225
0  0.0147175
-0.1875  -0.0577127
0.21875  0.0934695
0.09375  0.094372
0.09375  0.0526151
0.0625  -0.0263038
0  0.262702
-0.25  -0.125753
0.03125  -0.113355
0  0.0325796
0.03125  -0.120644
0.03125  -0.12884
0.0625  -0.17589
-0.15625  -0.0109667
0.0625  -0.00426203
0.15625  0.299153
0.03125  -0.131283
0.03125  -0.0572249
0.03125  0.115063
0.15625  -0.23892
0.09375  0.221306
0.03125  0.1692
0.15625  0.10408
0.09375  0.0579779
-0.125  -0.0578925
0.09375  0.0729417
0.03125  -0.145606
0.125  -0.12285
-0.1875  -0.00197115
-0.125  -0.103235
0.21875  0.0508374
0.03125  0.0216456
0.0625  -0.180394
0.21875  -0.0373016
-0.125  -0.0156366
-0.09375  -0.163173
0.09375  -0.0601546
-0.0625  0.234867
0.15625  0.169358
0.0625  -0.142414
0.125  0.140393
0  0.0757547
-0.1875  -0.0774135
-0.09375  0.0319209
0  -0.0463256
-0.0625  -0.417925
0.0625  -0.23765
-0.15625  -0.0131157
0.0625  0.182063
-0.03125  -0.0445009
-0.15625  -0.045004
-0.03125  0.22564
0.09375  0.111346
-0.28125  -0.218471
0.28125  -0.109443
0.21875  -0.0752408
0.0625  -0.086991
0.0625  -0.0896223
0  -0.144488
0.03125  0.0989739
-0.1875  -0.0654378
-0.09375  -0.195747
0.03125  -0.0269685
-0.125  -0.108161
0.09375  -0.227557
0.21875  -0.105017
-0.0625  -0.283811
0.21875  -0.0629652
-0.15625  -0.188315
0.15625  -0.225238
0.03125  0.0893889
-0.28125  -0.177458
0.15625  -0.184659
-0.09375  -0.0301584
0.0625  -0.181341
0.09375  0.0665782
0.28125  -0.217274
-0.15625  0.0635376
0.0625  -0.0769974
-0.09375  0.0522924
0.09375  -0.107972
0.03125  -0.205007
0.09375  -0.00788338
-0.0625  -0.030316
-0.125  -0.0633994
-0.15625  0.0455462
0.21875  -0.0878908
0.09375  0.0861792
0.03125  -0.0325775
0  -0.172731
0.125  0.0466975
-0.09375  0.298794
0.125  -0.234995
0.03125  0.138841
0.125  0.124428
0.09375  -0.214157
-0.09375  0.132494
-0.03125  -0.26328
-0.25  -0.198486
0.1875  0.127397
-0.09375  -0.0310005
-0.125  0.0466635
-0.125  -0.047541
-0.25  -0.00151917
0  -0.0702709
0.09375  -0.170268
0.125  0.0591423
0.0625  -0.0967859
-0.03125  -0.133754
0.21875  -0.0673546
-0.03125  -0.0440963
-0.1875  -0.214576
0.21875  -0.0531802
0.21875  0.0895625
-0.15625  -0.158516
0  0.0459596
-0.03125  0.135769
-0.03125  -0.164774
0.125  -0.149967
0.03125  0.0412178
0.0625  -0.0394697
0.0625  -0.301675
-0.09375  -0.117386
-0.125  -0.125679
0.34375  0.176221
-0.15625  -0.173214
-0.03125  -0.0330247
0.03125  0.0510303
0.21875  -0.380829
0.09375  -0.187615
0.0625  -0.0849196
-0.09375  0.163621
0.09375  0.0696233
-0.03125  -0.0301911
-0.125  -0.152474
-0.0625  0.0406357
0  0.104672
0  0.0125426
-0.09375  -0.0987852
-0.09375  -0.165727
0.09375  0.135413
-0.03125  -0.0919623
0.0625  0.198737
0.03125  0.0664635
-0.0625  0.197111
0.0625  0.0911634
-0.03125  -0.0434504
-0.125  0.139361
-0.09375  0.0307868
0.03125  -0.21502
-0.09375  0.0104567
0.0625  -0.0238393
0.03125  0.0696818
0.09375  -0.108177
-0.15625  -0.0729182
0.03125  -0.0841669
0.03125  -0.321987
-0.09375  0.180926
-0.09375  -0.00893554
-0.28125  0.0272465
-0.15625  -0.100037
0.0625  0.0417589
-0.09375  -0.183063
0.0625  -0.0973127
0  -0.0146761
-0.03125  0.000183837
0  -0.297135
0  -0.114604
-0.0625  0.02347
-0.15625  0.0880581
-0.0625  -0.107202
0.03125  0.0597565
0.15625  -0.136707
-0.03125  0.145237
0  -0.0657696
-0.15625  0.0746906
0.09375  -0.00362728
-0.21875  -0.182171
-0.03125  -0.0813786
-0.0625  -0.120337
-0.21875  0.101058
-0.1875  0.0686927
-0.0625  -0.0694037
-0.0625  -0.00488654
-0.1875  -0.0336199
0  -0.0381306
-0.3125  -0.0663201
0.03125  -0.0181983
-0.03125  0.124603
-0.03125  0.0581206
-0.03125  -0.166378
-0.0625  -0.0064881
-0.03125  -0.413625
0.03125  -0.142308
0.03125  -0.0427018
0.15625  -0.26549
0.0625  -0.185946
0.375  -0.0589787
0  0.00882284
-0.03125  0.0473091
-0.125  -0.0159542
0.15625  -0.00365145
0.03125  0.0473595
0.0625  -0.15222
0.15625  -0.0174383
-0.1875  0.0911867
0.03125  0.0912375
-0.0625  -0.0472913
0.125  0.0331086
-0.09375  0.200374
-0.15625  -0.109794
-0.375  -0.0521227
0.25  -0.083959
-0.0625  -0.0456446
0.03125  0.180617
-0.1875  -0.105596
-0.09375  0.0603277
-0.03125  0.0505761
-0.09375  -0.0520548
0.0625  -0.169338
0  -0.196356
0.1875  -0.230769
-0.09375  0.157905
0.03125  -0.262086
0.25  0.258077
0.03125  -0.131973
0  -0.103538
0.03125  -0.12333
0.0625  0.00480726
0  -0.196293
-0.125  -0.0435988
-0.125  -0.157517
-0.0625  -0.144636
-0.125  0.0933077
0  0.0875426
0.1875  -0.0861391
0.03125  -0.0524796
-0.03125  0.0702071
0.15625  -0.164389
-0.03125  0.0438226
0.25  -0.0286117
-0.0625  -0.358169
0  -0.356188
-0.1875  0.0261827
-0.0625  -0.0322989
-0.125  -0.0254406
0.0625  0.0624601
-0.03125  0.0195625
-0.15625  0.206325
0.15625  -0.0547573
-0.125  0.089017
0  0.0358689
-0.09375  -0.0857593
0.15625  -0.00414553
0.03125  0.175919
0.03125  -0.149408
0.21875  -0.193032
0.1875  -0.259211
-0.0625  -0.185398
0.125  0.0529603
-0.0625  -0.0257574
-0.03125  -0.0419869
-0.09375  -0.0950223
-0.0625  -0.0124021
0.1875  -0.0601346
0.28125  -0.217242
0  -0.167887
0.09375  -0.266595
0.03125  0.0390333
0.03125  -0.180629
0  -0.11274
0.09375  0.114637
0  0.055876
-0.34375  -0.0916266
-0.03125  0.204535
0.09375  0.0702062
-0.15625  -0.0999773
-0.0625  -0.0847615
0.0625  -0.0841173
-0.21875  -0.114158
-0.0625  -0.263495
-0.0625  -0.139366
-0.03125  0.0508024
0.25  0.0397823
0.25  -0.141654
0.25  -0.0635803
0.21875  0.0887715
0.03125  -0.170727
0  0.10178
-0.125  0.213505
-0.09375  0.12564
0.125  -0.117189
0.09375  -0.142868
0.0625  -0.081075
0  0.0314241
0.0625  -0.0349973
-0.03125  0.0418617
0.0625  0.0226846
0  -0.0329408
-0.0625  -0.270131
-0.1875  -0.0304168
0.0625  -0.194619
0.15625  0.254668
-0.0625  0.198133
-0.1875  0.236659
-0.0625  0.0054788
-0.09375  -0.339799
-0.03125  -0.207424
-0.03125  -0.128106
0.125  -0.23257
0  -0.0849643
-0.09375  -0.200707
-0.21875  -0.0186458
-0.09375  0.0416557
0.0625  -0.101201
-0.0625  -0.166267
-0.09375  0.185137
0.0625  -0.12478
0.1875  -0.0706703
0.125  -0.0414149
-0.15625  0.0732874
-0.0625  -0.0585382
0.03125  -0.0216346
-0.0625  0.138863
0.21875  0.214837
-0.0625  -0.0181306
0  0.000150126
0.0625  0.202172
0.1875  -0.0208292
-0.15625  0.0564466
0.03125  0.0910874
0.1875  -0.0481733
-0.15625  -0.0119837
0.03125  -0.196487
0.0625  0.214193
-0.21875  -0.199215
0.0625  -0.0748809
0.1875  0.0333021
-0.0625  0.111952
-0.09375  -0.0456988
0.03125  -0.299937
-0.25  0.0100899
-0.09375  -0.197757
0.03125  -0.0867568
0  -0.191014
0.15625  -0.128479
0.0625  -0.128135
-0.125  -0.0942594
-0.0625  0.0421544
0.25  -0.00624334
0.125  -0.241425
0.21875  -0.0231663
0.03125  -0.11422
0.15625  0.0153953
0.09375  -0.0738635
0.0625  0.125674
-0.0625  -0.0729039
-0.09375  -0.0167257
-0.0625  -0.433267
0.1875  -0.0615127
0.09375  -0.139077
0.1875  0.0502258
0.09375  -0.251807
-0.03125  -0.139628
-0.09375  -0.100638
0.125  -0.125699
0.09375  -0.0171289
0.09375  0.00966394
-0.1875  0.0271954
-0.0625  0.147635
-0.03125  -0.14184
0.0625  -0.0198354
0  0.263843
0.0625  0.050797
-0.15625  0.0720861
0  0.12464
-0.21875  -0.253029
0.21875  -0.0397711
0  -0.111532
-0.125  -0.0985477
-0.15625  -0.081614
-0.125  -0.0248177
0.1875  0.192297
0.21875  -0.0720759
-0.125  0.00822597
0  0.0438645
0.15625  -0.0781399
-0.09375  0.0639831
-0.1875  -0.180983
0.03125  -0.00804316
-0.125  -0.0725884
0.03125  -0.0164071
0.09375  -0.239793
0  -0.170492
-0.3125  0.0406992
-0.125  -0.0662231
0.09375  -0.0699717
0.1875  -0.0253483
-0.125  -0.310952
0.09375  -0.0536223
-0.15625  -0.0289445
0.15625  0.0449567
-0.125  0.157377
-0.15625  0.0139843
-0.09375  0.0221912
-0.09375  -0.164042
0.09375  -0.271433
0  -0.0599558
-0.21875  -0.100111
-0.09375  -0.0773418
-0.03125  -0.151939
-0.09375  -0.169647
0.15625  -0.116498
-0.03125  -0.0440317
0.125  0.329161
0  0.00463778
-0.1875  -0.214694
-0.15625  -0.0457542
-0.15625  -0.0207372
0.25  0.129416
-0.15625  -0.0795593
0.09375  -0.208695
-0.125  -0.0130695
-0.125  -0.227089
-0.21875  -0.0247787
-0.09375  -0.0311139
-0.0625  0.135567
0.25  -0.0776753
0.21875  0.0921302
-0.125  -0.0636085
0.15625  -0.129501
-0.09375  -0.023528
-0.34375  -0.286145
0.09375  0.0823475
-0.0625  -0.127811
-0.09375  -0.314785
-0.15625  0.111889
-0.0625  0.0882491
0.03125  -0.00245434
-0.03125  -0.292723
-0.03125  -0.0655904
0.125  -0.363194
-0.03125  -0.104834
0.03125  -0.242587
-0.0625  -0.077544
-0.15625  0.153892
0.21875  -0.253209
0  -0.0886019
0.03125  -0.00688587
0.09375  0.140864
0.0625  -0.116272
0  -0.121545
-0.0625  0.15478
-0.125  -0.146704
0.03125  -0.101774
0.0625  -0.0664096
-0.15625  0.000682799
-0.09375  0.11523
0.15625  -0.235421
-0.125  -0.205303
0.0625  -0.198544
-0.03125  -0.0581893
0.15625  0.258715
0.15625  -0.143433
-0.125  -0.0023103
0.125  -0.0201379
-0.03125  -0.0211097
0  -0.149166
0.1875  -0.0270566
0.125  -0.0055267
-0.0625  -0.198263
0.0625  -0.1463
-0.0625  -0.185195
-0.1875  -0.0352067
-0.375  -0.133949
0.0625  -0.040292
0.03125  0.261041
-0.03125  0.0801118
0.0625  -0.209249
-0.15625  0.0325276
0.03125  -0.0765349
0  -0.0125616
0.0625  -0.0357065
0.03125  -0.0506754
-0.15625  0.145334
-0.15625  -0.0809804
0.1875  0.135099
0  0.00397949
0.0625  -0.16582
-0.21875  -0.129038
-0.125  -0.153294
0.09375  0.106151
0  0.165609
-0.1875  0.0415836
0  -0.129271
0.25  -0.0691046
0  -0.0850013
-0.1875  0.0996015
0.21875  0.123968
-0.15625  -0.241795
-0.03125  -0.103163
0.0625  0.0967246
0  -0.303074
-0.15625  -0.254585
0.0625  0.0880932
-0.125  -0.0669973
-0.125  0.189633
0.03125  0.264121
-0.03125  0.161321
0.15625  0.067448
0.0625  0.174481
0  -0.239521
-0.03125  -0.108699
0.0625  -0.0477036
0.34375  -0.0624283
0.25  -0.0248829
0.15625  -0.0953036
0.09375  0.17562
-0.09375  0.0598817
0.25  -0.461175
-0.09375  -0.0107261
0.09375  -0.2348
0.21875  0.10131
-0.1875  0.00631982
0.09375  -0.0203858
-0.15625  0.128331
0  0.161374
-0.125  0.128024
0.1875  -0.0834166
0.03125  -0.0548512
0.09375  -0.134296
0.03125  -0.115641
-0.1875  -0.171938
0.1875  0.120894
-0.03125  0.200272
0.125  -0.0814666
0.1875  -0.0246904
0.125  -0.0426937
0  0.114296
-0.25  0.052795
0.1875  0.00870065
-0.0625  0.284299
0.03125  0.155778
0.0625  0.009969
0.03125  0.00690343
0.03125  0.140619
-0.3125  0.23116
-0.0625  0.101778
0.15625  -0.0383984
0.125  -0.0345967
0.03125  0.0127829
-0.21875  -0.0282477
0  -0.183629
-0.09375  0.068049
-0.03125  -0.00836433
-0.03125  0.0166356
-0.09375  0.0310094
0  0.171863
0.15625  -0.039342
-0.0625  0.201681
-0.125  -0.124789
-0.15625  -0.104859
0  -0.00761377
0.0625  -0.266666
-0.15625  0.120669
0.28125  0.0189396
-0.21875  0.0732871
0.15625  -0.0883569
0.03125  0.0203078
0.15625  -0.0244013
0.15625  -0.154417
-0.09375  0.0687236
-0.03125  -0.0618084
0.125  0.0558275
0.0625  -0.151387
-0.0625  0.000776473
0  0.186823
-0.15625  -0.0950578
0.03125  0.0339409
0.09375  0.074983
0.09375  -0.329984
-0.125  -0.307063
-0.125  0.0701536
-0.15625  0.130035
-0.0625  -0.00042813
0  0.0771571
0.15625  0.120178
-0.0625  0.12877
0.15625  0.0997624
-0.03125  -0.210702
-0.15625  -0.0425211
-0.125  -0.049218
0.125  -0.0328088
-0.21875  -0.257656
0.1875  0.100248
0.03125  0.087151
0.125  -0.133629
-0.0625  -0.166236
0.125  0.174452
0.125  -0.192233
0  -0.101037
0.1875  0.0232059
-0.125  -0.0279975
-0.1875  -0.141855
0.15625  -0.0335042
0.03125  -0.0659574
0.125  -0.13112
-0.03125  0.157738
-0.25  0.260995
-0.25  0.0486819
-0.0625  -0.135963
-0.1875  0.0220128
0.125  -0.201752
0.0625  -0.228577
-0.03125  -0.193915
0.0625  -0.169792
0  -0.160178
-0.03125  -0.0543043
0.03125  -0.0699544
0.28125  -0.0392651
0  0.0306083
0.03125  -0.144012
0.03125  -0.0867979
0.125  -0.153357
0.03125  -0.0176548
0.03125  -0.100998
-0.09375  0.149165
0.03125  -0.0657695
-0.03125  -0.189795
0.15625  0.0264003
-0.125  0.126076
0.03125  0.0217461
-0.3125  -0.00211121
-0.1875  -0.178607
-0.0625  0.129149
0.0625  -0.359212
0.03125  0.193978
-0.21875  0.205212
0.0625  0.158581
0.0625  0.0410186
-0.03125  -0.21819
-0.125  -0.111218
-0.125  -0.0935244
-0.1875  -0.132486
-0.09375  -0.0949973
0.09375  0.0345262
0.0625  0.0777607
0.125  0.0723656
0.03125  0.0281152
-0.0625  -0.173626
0.03125  -0.00572818
-0.125  0.219655
-0.125  0.114969
-0.03125  -0.0550928
-0.15625  -0.043842
0  -0.0529325
-0.0625  0.0415015
0.1875  0.00892798
0  -0.0283058
0.1875  0.00469497
0.09375  -0.199565
0  -0.197065
0.15625  -0.079646
-0.15625  0.0771474
0  -0.306801
-0.125  -0.415779
-0.03125  0.00969498
0  -0.184079
-0.1875  0.109373
-0.03125  0.0469348
-0.15625  -0.0557828
-0.125  -0.393754
0.15625  -0.172556
0.09375  -0.0336203
0.03125  -0.0763101
0.0625  -0.0418388
0.03125  -0.114388
-0.0625  -0.0732419
0.125  -0.209471
-0.1875  -0.163229
-0.03125  0.17535
-0.0625  0.222523
0.0625  -0.122431
0  0.050372
-0.09375  0.0475161
0.03125  -0.107514
-0.125  -0.0584565
-0.03125  -0.150307
-0.25  -0.296586
-0.0625  -0.0686414
-0.03125  -0.12357
-0.3125  0.161854
0.03125  -0.202791
0.125  0.0243898
0.0625  0.0882702
-0.03125  -0.0540805
0.09375  0.0279425
-0.21875  -0.00464815
-0.03125  0.102688
0.21875  0.163715
0.15625  -0.34647
-0.03125  -0.0867739
0.21875  -0.101721
-0.09375  -0.112896
0  0.0881623
0  -0.215644
-0.03125  -0.0952114
-0.0625  -0.0722756
0  0.0647031
-0.25  -0.0331414
0.0625  0.0668258
0.03125  0.021176
0.1875  -0.288123
-0.125  0.183486
0.1875  0.0111621
-0.09375  0.0550302
-0.15625  -0.181276
-0.0625  0.0800098
0.0625  0.037739
0  -0.0754257
-0.09375  -0.160428
0.09375  -0.0689378
-0.09375  -0.0836525
-0.09375  -0.0495971
0  -0.0250709
0  0.198051
0.03125  0.180079
0.125  0.00716434
0.09375  0.0717813
-0.09375  -0.092532
0.0625  -0.156657
-0.03125  0.0952798
0.03125  -0.00436535
-0.03125  -0.00821829
0.03125  -0.247243
0.28125  -0.0280917
0.03125  -0.108729
0.3125  -0.00378008
0.0625  -0.124344
0.28125  0.0896444
0  0.0953289
-0.125  0.233667
-0.125  -0.200796
0.09375  -0.108393
0.0625  0.0658707
0  0.0113517
-0.0625  0.118626
-0.09375  -0.171624
-0.125  -0.0226811
0.09375  -0.0283442
0.03125  -0.11232
0  -0.153119
0.03125  -0.197269
0.1875  -0.245894
0.15625  0.00484245
-0.0625  0.0051369
-0.15625  0.0559501
0.15625  -0.0332374
-0.21875  -0.205759
0.28125  -0.0553277
-0.25  0.197919
-0.1875  -0.144562
-0.125  -0.127045
-0.125  -0.0269031
0.03125  0.0926509
-0.15625  0.174823
0.28125  -0.0864646
0.1875  -0.0489129
0.03125  0.0473747
-0.28125  -0.279255
-0.15625  -0.0867105
0.03125  -0.112606
-0.03125  -0.202236
0.125  -0.273853
0.0625  -0.0107908
-0.03125  0.189547
0.03125  0.0650184
0.1875  -0.0173058
-0.09375  -0.0625333
-0.125  0.0319216
-0.21875  -0.213566
-0.0625  -0.285007
0.09375  -0.0555474
-0.09375  -0.0379498
-0.03125  -0.0530665
0.125  0.0737711
0.0625  0.107752
0.03125  -0.200277
-0.375  -0.022064
-0.15625  -0.0877529
0.03125  -0.212955
0.0625  0.0187362
0  0.105448
0.09375  0.109949
-0.0625  -0.158847
0.03125  -0.185726
0.03125  0.0403433
0.125  -0.252866
0.21875  0.046224
-0.03125  0.047686
0.125  -0.0216662
-0.1875  0.295461
0.21875  0.0702999
0  -0.0975518
0.0625  -0.288807
0.09375  -0.115763
-0.0625  -0.19687
-0.125  0.0106668
-0.21875  -0.138108
0.1875  -0.0993235
0.09375  -0.141972
0  -0.296587
0.03125  0.0309323
0.0625  0.0363527
0.09375  0.17263
-0.1875  0.0813029
-0.0625  -0.152437
-0.28125  -0.0586108
0.09375  0.110718
0.3125  0.174453
-0.0625  -0.0564979
0.375  0.0589046
0.15625  0.266031
0.0625  0.0954026
-0.15625  -0.108707
0.03125  -0.332123
0.0625  0.273684
0.0625  -0.000830904
0.15625  0.070381
0.125  0.249705
-0.125  -0.0648349
0  0.14984
-0.28125  0.0377795
0.15625  -0.129293
-0.125  -0.259513
-0.0625  0.238897
0.03125  -0.126767
0.0625  0.148829
0.03125  0.144913
-0.125  -0.0735795
-0.34375  -0.426
0.03125  0.0279415
0.03125  -0.238428
-0.03125  -0.124181
-0.09375  -0.00660818
-0.0625  -0.078516
0  -0.078659
-0.25  0.0358077
-0.0625  0.0520338
0.09375  -0.061791
-0.0625  -0.0436298
-0.0625  0.0656827
0.28125  0.121652
0.0625  -0.155746
0.15625  -0.0916401
0.03125  -0.00620733
0.15625  0.0339463
0.0625  -0.316875
-0.09375  0.0281303
0.0625  -0.0209707
-0.125  -0.0733024
0.1875  -0.0690492
-0.0625  0.0287973
0.09375  -0.193617
-0.125  -0.0499504
-0.1875  -0.0302928
0.09375  -0.112694
-0.0625  0.0588368
0.15625  0.177313
0.03125  -0.114422
-0.1875  -0.0359353
0.09375  -0.119987
-0.0625  -0.0777142
0.21875  -0.0671417
0.125  -0.118595
0.1875  0.0135308
-0.15625  0.0411609
-0.0625  -0.0777303
0.09375  -0.0744047
0.25  -0.105603
-0.21875  -0.131868
0.3125  0.0876824
-0.15625  0.0332269
0.0625  -0.123162
-0.09375  0.0100203
0.0625  0.346032
-0.28125  -0.00975858
-0.1875  -0.177132
-0.25  0.0602715
-0.125  -0.0701717
-0.03125  -0.0499097
-0.125  -0.079315
0.0625  -0.110457
-0.15625  0.019416
0.15625  -0.0462037
0.21875  0.173411
-0.1875  0.00416989
0.0625  -0.0960857
-0.0625  -0.181552
0  -0.124065
-0.15625  -0.0739327
0.125  -0.0491497
0  0.00041757
0.03125  -0.311961
0.125  -0.0253659
-0.125  0.0784315
0.03125  0.0310752
0.28125  -0.0921331
0.03125  -0.0542743
0.1875  0.109815
0  0.0867689
-0.0625  -0.0621855
-0.1875  -0.169554
0.28125  -0.097
-0.0625  0.0713051
0.09375  0.149231
0.125  -0.142873
0.25  0.101955
-0.03125  -0.0202143
-0.0625  -0.132602
-0.125  -0.115246
0.1875  -0.121739
0.0625  -0.200472
-0.03125  0.078625
-0.0625  -0.154016
0.0625  -0.0666704
0.03125  -0.0227293
-0.1875  -0.340738
0.03125  -0.0826111
-0.125  8.90101e-05
-0.09375  -0.05854
-0.125  0.0721275
0.09375  0.000504043
0.0625  0.129516
0.09375  -0.0518529
0.125  -0.0899225
0  -0.164314
0.09375  -0.0273825
0  0.128725
0  0.101475
-0.125  0.1287
0.0625  -0.0276757
-0.03125  -0.0297733
-0.09375  0.0150863
-0.3125  -0.342197
0.09375  0.121264
-0.1875  -0.270064
0  0.0540678
0.09375  -0.107242
0.0625  -0.00442845
-0.03125  -0.180254
0.25  0.0601143
-0.0625  -0.120246
0.0625  0.0661738
-0.09375  0.142617
-0.125  0.186158
-0.03125  -0.0843053
0  -0.107109
-0.0625  -0.268895
0  0.0351555
0.125  -0.0853707
0.15625  -0.14707
-0.0625  -0.146992
0.15625  0.0665605
-0.3125  0.000462101
0.21875  -0.00874452
0.03125  -0.318403
-0.0625  -0.201961
0.1875  -0.0740961
0.0625  -0.211056
0.25  -0.216863
0.03125  -0.183878
0.125  -0.0551807
0.125  -0.107448
-0.0625  -0.051649
0.03125  -0.00710941
-0.0625  -0.287242
0.03125  0.0669042
0  0.00584411
-0.125  -0.260252
0.03125  -0.150172
0.25  0.0174024
-0.03125  0.0256886
0.0625  -0.149354
0.0625  -0.0110347
0.0625  -0.044444
0.09375  0.0583574
-0.1875  -0.138127
0  0.0201999
0.03125  0.222926
0  -0.0629076
0  -0.296167
0.15625  0.0144642
0.03125  0.0717039
0  0.023621
-0.125  0.041477
0.03125  0.168482
0.03125  0.0190768
-0.03125  0.0281638
0  0.110525
-0.03125  0.124571
-0.21875  -0.200755
-0.125  -0.0444185
-0.15625  -0.206185
-0.0625  -0.0755117
-0.09375  -0.0629995
0.09375  -0.177288
0.125  0.0351286
0.0625  -0.220064
-0.0625  -0.307557
-0.03125  0.102688
-0.15625  -0.20543
0.0625  0.0761463
-0.15625  -0.0695979
0.09375  0.150897
-0.03125  -0.116311
-0.09375  -0.112916
-0.21875  -0.0465599
0.09375  0.0558599
-0.21875  0.0368103
-0.15625  0.0290096
0.21875  -0.10323
0.28125  0.050557
0.0625  0.0206858
-0.0625  0.108375
0.125  -0.0608619
0.0625  0.0153593
-0.21875  -0.0882738
0.21875  0.135917
0  -0.132726
0.09375  -0.0501518
-0.09375  0.158749
0.15625  0.0390033
0.0625  -0.0909094
0.15625  -0.289251
0.0625  -0.187648
0.0625  -0.195306
0  -0.0226135
0.125  -0.22498
0.0625  0.151838
0.09375  -0.0233665
0.125  0.0996128
0.15625  -0.105967
0.03125  -0.0192934
0  -0.208394
0.15625  0.0695414
0.0625  -0.242301
-0.03125  -0.0955826
0  -0.1064
0.15625  0.0214925
-0.03125  -0.234314
0.03125  -0.0185361
0  -0.142149
0.03125  -0.0132343
-0.0625  -0.187492
0.03125  0.00454806
0.09375  0.0286936
-0.03125  -0.198494
0.125  0.00846986
0.03125  0.061713
-0.125  -0.111111
0  -0.0148721
0.0625  -0.278794
-0.0625  -0.0516165
0.0625  -0.0297407
0.125  0.0672965
0.15625  0.163163
0.0625  0.0388884
0  -0.115565
-0.21875  0.106183
0.21875  -0.155155
0  -0.16192
-0.21875  -0.207271
-0.125  -0.29561
-0.09375  0.138511
-0.15625  -0.198975
-0.125  -0.231808
-0.15625  -0.0660388
-0.15625  0.0167051
0.09375  -0.0686115
0.21875  -0.0766323
-0.3125  0.127718
0.03125  -0.15248
-0.03125  -0.00901099
-0.21875  -0.110973
0.09375  -0.00961597
0  0.162246
0.0625  -0.172105
0.0625  0.0519196
-0.03125  0.069885
0.125  -0.0661025
-0.1875  -0.166034
0.1875  -0.0587786
0.09375  -0.0572021
-0.03125  0.271459
0.0625  -0.0709041
0  0.165809
-0.03125  -0.102836
-0.125  -0.132294
0.03125  -0.0502685
0.03125  -0.0822198
-0.03125  0.0677648
0.0625  -0.217966
0.0625  0.0295764
0.15625  -0.0247159
-0.09375  -0.222511
0  -0.0752288
0.15625  0.00485033
0.03125  -0.065147
0.125  0.079342
0.15625  -0.000942294
-0.03125  0.0803706
-0.03125  0.0970429
0.125  0.103487
-0.125  0.0307706
-0.03125  -0.256091
0.0625  0.149824
-0.09375  0.0245903
-0.15625  0.066768
-0.15625  -0.110365
0.15625  -0.0803562
-0.09375  0.0709602
0.125  0.00183418
-0.03125  0.192778
0.125  -0.0185766
0.3125  0.00172723
0  -0.0620162
-0.125  -0.288423
-0.09375  -0.284661
0.03125  0.0683723
-0.25  -0.233498
-0.1875  0.146797
0.0625  -0.0349133
-0.03125  0.0306965
0.125  -0.175406
0.09375  0.136205
-0.09375  0.0420069
0.09375  0.07905
0.15625  -0.145115
-0.09375  -0.0429011
0.28125  0.211413
0.09375  0.0657287
0.125  0.183239
-0.03125  -0.00145321
0.09375  -0.186763
-0.125  -0.147667
-0.03125  -0.0314983
-0.09375  -0.011357
0  0.201141
-0.09375  -0.261863
0.125  -0.218013
0  0.268643
0.03125  -0.0775148
-0.0625  0.250828
0.0625  0.0088263
0.15625  0.0127423
-0.125  0.085872
-0.0625  -0.0864388
-0.15625  0.130653
-0.03125  -0.177886
-0.15625  0.0299536
0.0625  -0.0928019
0.03125  0.0138052
0  -0.204168
-0.03125  -0.0721912
-0.125  0.084341
0.125  0.0724531
-0.25  0.0450949
-0.09375  -0.160584
0.0625  0.0687705
-0.09375  -0.0575008
0.375  -0.132065
-0.03125  -0.0111929
-0.1875  0.296158
0.03125  -0.313614
0.09375  -0.24478
-0.125  -0.0376501
0.03125  -0.151397
-0.125  0.0348847
0  -0.0706817
0  -0.0690938
0.15625  -0.286348
0.03125  -0.230732
0  -0.210598
0.03125  0.200431
-0.125  -0.210243
-0.21875  0.0383031
-0.15625  -0.0896929
-0.03125  -0.0592004
-0.03125  -0.00997433
-0.125  0.105302
0.125  -0.0585007
0.125  -0.176999
-0.15625  -0.0393373
-0.03125  0.0186867
-0.15625  -0.0154368
0.03125  -0.132854
0.09375  -0.186998
0.03125  0.183394
-0.0625  -0.0258705
0.0625  0.106399
-0.03125  -0.125136
0.125  -0.272751
0  -0.134171
0  0.0544784
-0.15625  0.0439781
0  0.00314686
-0.1875  0.0418459
0.09375  -0.168424
-0.03125  -0.0550228
-0.03125  -0.040735
0.1875  -0.0896469
-0.21875  -0.178088
0  -0.143388
0.09375  0.103851
-0.09375  0.0520463
-0.0625  -0.424048
0.03125  -0.0285168
0.09375  -0.228622
-0.03125  -0.0661957
-0.0625  0.169239
0.25  0.111332
0.0625  -0.0166919
-0.21875  -0.102763
0.1875  0.0561009
-0.0625  -0.237186
-0.28125  0.0230033
0.0625  -0.107438
0.15625  -0.139086
0.15625  -0.212605
0.0625  -0.210158
0.125  -0.0942165
0.0625  0.0473203
0.0625  -0.217598
0.125  -0.0806826
0.09375  0.0915873
0.1875  -0.135157
0.0625  -0.0552898
0.09375  -0.0740908
0.21875  -0.0365853
0.125  0.0272683
-0.03125  -0.0379202
0.125  -0.166235
0.1875  0.0459897
-0.09375  0.0372382
-0.03125  0.0420044
0.09375  -0.158784
-0.03125  -0.0467764
0.125  -0.156705
-0.0625  -0.0553923
0.03125  -0.268622
0  -0.062713
0.1875  -0.0353814
-0.0625  0.0194592
0.15625  -0.015281
-0.0625  -0.303255
0.03125  -0.100564
0.0625  0.222189
0.09375  0.0200486
-0.0625  0.0588066
-0.125  -0.148725
0.0625  -0.0745692
-0.125  -0.0798784
0.125  0.0785653
-0.125  -0.0139325
0.125  0.0458472
0.15625  -0.376666
0.0625  -0.142766
0.15625  -0.201857
0.09375  -0.154469
0.09375  -0.293253
0.09375  0.0444492
-0.15625  0.155876
-0.21875  0.0165737
-0.125  0.0544397
-0.0625  -0.0775026
0.09375  -0.364598
-0.0625  0.116683
0.15625  -0.135026
0.25  0.00202699
0.25  0.20283
0  0.182515
-0.09375  0.161219
0  -0.167703
0.0625  -0.0889114
0.125  -0.150605
-0.0625  -0.203719
0.0625  0.282336
-0.09375  -0.105942
-0.09375  -0.0463147
0.0625  -0.0591517
-0.03125  -0.137692
0.03125  -0.087508
0.0625  -0.0547678
0  -0.206084
-0.0625  -0.0172298
-0.0625  -0.198389
0  0.0371799
0.03125  -0.149207
-0.125  0.114625
0.125  -0.000931647
0.03125  -0.0585899
-0.09375  -0.181936
0.125  -0.012977
-0.0625  0.178602
0.15625  -0.305977
0.03125  0.101325
0.125  -0.0282251
0.03125  0.13769
-0.15625  -0.0994233
-0.125  -0.134266
0.03125  -0.0329315
-0.125  -0.172472
0  0.171981
-0.1875  0.228375
0  0.113963
-0.0625  0.0347895
-0.0625  -0.0810117
0.09375  -0.093107
-0.25  -0.081254
-0.15625  -0.11294
0.09375  -0.107423
0.09375  -0.0915583
-0.1875  -0.141833
-0.09375  0.125762
0.25  0.178749
-0.0625  -0.0805666
-0.125  -0.140264
0.3125  -0.0223191
-0.0625  -0.231287
-0.0625  -0.258321
-0.09375  -0.149444
0.03125  -0.0873305
0.125  -0.112324
-0.1875  -0.139282
-0.0625  -0.107987
-0.09375  -0.0540521
-0.0625  -0.0286872
0.0625  -0.0268397
0.0625  0.0638458
-0.0625  0.0405747
-0.09375  -0.0689629
0.03125  -0.101445
-0.3125  -0.142756
-0.1875  -0.0553119
0.0625  0.0711218
0.1875  0.173381
0.03125  -0.244742
0  -0.132592
-0.03125  -0.0471564
0.0625  0.0199002
0.0625  0.0674313
0.21875  0.0835432
0.0625  0.144877
-0.03125  0.0349643
0.03125  0.246667
-0.0625  -0.212406
0.09375  0.0299322
0  -0.124453
0.0625  -0.0736561
0.15625  0.233282
0.1875  0.0733597
0.09375  0.00888657
-0.09375  -0.11254
-0.03125  -0.0509054
-0.3125  -0.0129114
0  -0.03024
0.1875  -0.133659
0.0625  0.0743943
-0.125  0.066518
-0.0625  -0.125587
-0.0625  -0.266288
-0.21875  -0.00270349
-0.03125  0.0609717
0.125  -0.0286793
0.0625  -0.0894059
-0.125  -0.233874
0.09375  0.139046
-0.03125  -0.123416
0.09375  -0.109929
0.03125  -0.282755
0.0625  -0.0642394
0.09375  -0.0915028
-0.0625  0.257527
0.25  -0.0550477
-0.03125  0.0902609
0.09375  0.0912868
0.03125  0.238376
-0.09375  -0.297685
0  0.156286
-0.28125  -0.0113708
0  0.0903619
-0.0625  0.214251
-0.125  -0.0952124
0.1875  -0.0212803
-0.03125  -0.0304784
0.03125  0.000157495
-0.125  -0.179763
0.15625  -0.0773549
-0.125  -0.048423
-0.0625  -0.00240839
0.03125  -0.0450797
0.09375  0.112664
0.15625  0.0262047
-0.125  -0.115238
0.15625  -0.055735
-0.1875  -0.0409178
-0.25  0.153972
-0.03125  -0.159787
-0.0625  -0.180617
0.09375  -0.0568241
0.0625  0.0669328
0.09375  0.0023254
0.15625  0.161755
0.0625  -0.215091
0.125  -0.0532067
0.03125  -0.122572
-0.21875  0.150191
-0.03125  -0.343678
-0.1875  -0.0253246
0.21875  0.0273764
0.09375  -0.0358134
-0.0625  -0.0479652
-0.09375  0.194312
0.09375  0.0351805
0.1875  -0.174875
0.03125  0.00829752
0.03125  -0.209249
0.09375  0.0109942
0  0.00166633
0  -0.086732
0.03125  -0.0935289
-0.0625  0.16659
0.21875  -0.0753519
0.28125  0.166486
-0.1875  0.0835437
0  0.229945
-0.1875  -0.283403
-0.03125  -0.135889
0.0625  -0.0576669
0.125  0.154592
0  0.0765502
0  -0.179391
-0.1875  -0.316122
-0.03125  -0.148208
0.28125  -0.238292
-0.125  0.0491964
-0.125  0.245449
-0.0625  -0.0587014
0.15625  -0.117895
0.21875  0.00930175
0  0.245664
-0.03125  -0.162747
-0.03125  0.173322
-0.09375  0.00774813
0  -0.144214
-0.03125  -0.152643
-0.0625  -0.0243648
-0.0625  -0.13884
0.03125  -0.137973
-0.03125  -0.259956
0.03125  -0.281043
-0.09375  -0.130541
0  0.0352154
-0.15625  -0.177196
-0.15625  0.105502
-0.03125  0.0776552
-0.03125  -0.0156967
0.0625  -0.196283
0.0625  -0.00698272
0.03125  0.0409881
-0.125  -0.0510544
0.1875  -0.0695431
0.03125  0.0894464
0.03125  -0.0391108
0  -0.0131966
0.09375  0.161609
0.28125  0.0105735
0.28125  -0.037056
0.0625  -0.198074
-0.09375  -0.0935264
-0.0625  0.0481145
-0.15625  -0.189897
-0.21875  -0.120647
-0.125  -0.202672
0.25  -0.0404927
0.1875  0.0321695
-0.125  -0.0757983
-0.0625  0.0674243
0.03125  0.145646
0.03125  0.0970178
-0.15625  0.187692
0  -0.12211
-0.03125  -0.0911586
-0.125  -0.0719863
0.03125  -0.0895246
0.03125  -0.128895
0  -0.000432004
-0.09375  0.112228
-0.15625  0.0475617
0.03125  0.0786201
-0.0625  0.0727137
-0.1875  -0.188065
0  -0.366661
0.15625  -0.162966
0  0.0803523
0.21875  0.00247535
0  -0.148843
-0.15625  -0.134378
-0.125  -0.158639
-0.21875  -0.0585501
-0.21875  -0.163603
0.09375  -0.0113125
0.09375  -0.304449
0.1875  0.0935892
0.03125  -0.07655
-0.28125  0.0101413
0.28125  0.132998
-0.125  -0.212024
0.0625  -0.149493
0.25  0.0342419
0.09375  -0.0774502
0.125  0.226774
-0.125  -0.0989569
-0.1875  -0.123943
0.09375  -0.147615
-0.09375  -0.16741
0.09375  -0.152013
0.1875  -0.0291851
-0.09375  -0.329287
0.46875  -0.174204
0.03125  0.000177494
0.09375  -0.0611787
-0.125  -0.0329478
-0.25  0.00964555
-0.0625  -0.0612058
-0.03125  -0.0901939
-0.03125  0.228149
-0.0625  -0.0190112
-0.03125  0.0894042
0.03125  0.0685603
-0.09375  -0.0371669
0.125  0.0604593
0.0625  0.0651552
0.0625  -0.176587
-0.0625  0.070679
0.15625  0.0599854
-0.15625  -0.143805
-0.0625  -0.202884
-0.1875  -0.106229
-0.09375  -0.276766
0  -0.0121128
-0.25  -0.0722533
-0.25  -0.163418
0  -5.63401e-05
-0.125  0.0168308
-0.0625  -0.192592
0.09375  -0.0891028
-0.15625  0.0849337
0.03125  0.0895882
-0.03125  -0.0848501
0  -0.0771802
0.03125  0.08754
0.125  -0.205739
0.21875  0.191495
0  -0.187112
0.03125  -0.195069
0.03125  -0.0273127
-0.1875  0.118996
-0.09375  0.125418
-0.09375  0.0145986
-0.03125  0.201748
0.21875  0.0804951
-0.0625  -0.0340755
-0.03125  -0.0424946
-0.0625  0.143663
0.21875  0.128329
-0.03125  -0.0196871
-0.1875  0.0248305
-0.03125  -0.0531037
0.28125  0.0371179
0.1875  -0.108464
-0.34375  -0.144859
-0.09375  -0.373162
-0.125  -0.130485
-0.125  0.0504125
0.03125  0.0831012
0.0625  -0.107856
-0.0625  -0.110778
0.125  0.174862
0.0625  0.0320675
-0.0625  -0.0721835
0.03125  -0.0879002
-0.25  0.0538682
-0.1875  0.200589
0  0.0954573
-0.03125  -0.048117
0.15625  0.0844117
-0.0625  -0.329083
-0.09375  -0.0334106
-0.0625  -0.158641
0.1875  0.0660729
0.25  -0.00316861
-0.03125  0.0619855
-0.125  0.078236
0.28125  0.230768
-0.28125  -0.00207173
0.09375  -0.00519004
-0.09375  0.00792405
-0.125  -0.163512
0.0625  0.249611
0.09375  -0.0106305
-0.375  0.080781
0.03125  -0.221461
-0.15625  -0.0592942
0.1875  0.0384072
0.03125  0.279017
0  0.217159
-0.03125  -0.0603244
-0.15625  0.118271
-0.03125  -0.0263158
0.0625  0.0373302
0.125  -0.0683165
0.09375  0.197685
0.03125  0.0113284
0.0625  0.0725091
0.15625  -0.164936
-0.03125  -0.0633109
0  0.0908942
0.3125  -0.149688
-0.1875  -0.273826
0.1875  -0.0884015
-0.03125  -0.000257241
0.125  -0.0719491
-0.03125  -0.212511
-0.0625  0.0605442
-0.03125  0.343615
-0.15625  -0.0983254
-0.09375  -0.0508036
0.1875  0.0724638
0.15625  0.027151
-0.21875  0.00396947
-0.15625  -0.118317
-0.03125  -0.167247
0.15625  0.143806
0.0625  0.0691756
-0.0625  -0.0201172
0  -0.0232106
0  -0.277292
0.15625  -0.220494
-0.0625  -0.146811
-0.125  -0.151469
0  0.199559
-0.09375  0.13547
-0.0625  -0.266873
0.15625  0.22572
0.125  0.098908
-0.09375  0.00240465
0.125  -0.0839597
-0.03125  -0.0651643
0  -0.115456
-0.15625  0.215435
0.09375  0.32872
-0.0625  -0.266515
-0.03125  0.216748
-0.21875  -0.00397646
0.03125  0.143069
-0.3125  -0.0415988
-0.15625  -0.080508
0  0.147889
-0.0625  -0.121549
0.21875  -0.126665
-0.125  0.0841638
0.0625  0.0677128
-0.28125  -0.28877
0.125  0.0675776
0.09375  0.185944
0.125  0.0800577
0.125  -0.0153527
0.0625  0.0579531
0.03125  -0.153565
-0.125  -0.0265881
-0.03125  -0.122278
-0.0625  -0.0167902
-0.1875  -0.0262423
0.1875  0.104198
0.0625  -0.192667
0.1875  0.301089
0.25  -0.0551877
0.03125  -0.143271
0.03125  -0.089979
-0.09375  -0.0972183
0.3125  0.0667371
0.15625  0.342585
-0.03125  -0.0994884
-0.0625  0.0979032
0  -0.236781
0.125  0.138282
0.03125  0.0284742
0.09375  -0.0888004
0.0625  0.0769338
0  -0.330176
0.09375  -0.159042
-0.0625  -0.139923
-0.125  0.001936
0.0625  -0.191495
-0.09375  0.0453541
0.21875  -0.0787904
0.28125  -0.0172428
-0.1875  -0.0936763
-0.21875  -0.134436
-0.0625  0.1684
-0.0625  -0.0249279
0.125  -0.212541
0.1875  -0.0535506
-0.15625  -0.0523568
0.0625  -0.270651
0.0625  0.153085
-0.15625  -0.213446
-0.09375  -0.146339
-0.15625  0.0285533
0.0625  0.206656
0.0625  -0.177618
0.03125  0.0214282
0.125  0.0864695
-0.3125  -0.110342
0.0625  -0.28181
-0.03125  -0.32573
0  -0.166506
-0.1875  -0.226174
0  0.0534234
-0.09375  0.0784204
-0.40625  -0.0275012
-0.21875  -0.126129
-0.0625  -0.173814
0.125  0.0725698
-0.09375  -0.137439
0.125  -0.157558
-0.15625  -0.0138873
-0.15625  -0.00521893
0.15625  0.0115982
0  -0.0146664
0.15625  -0.0516228
0.03125  -0.0650416
-0.03125  -0.027691
0  -0.167732
-0.09375  -0.160701
-0.15625  -0.110898
0.125  -0.068709
-0.25  0.0442411
-0.15625  -0.212366
-0.03125  -0.167913
0.15625  0.0366955
0.0625  0.0137118
-0.25  -0.0523335
-0.09375  0.0203827
-0.21875  -0.180129
-0.15625  -0.161251
0.21875  -0.0224567
-0.09375  0.126144
-0.15625  0.00158441
0.25  0.0905457
0.0625  0.143593
0.15625  -0.0120497
-0.03125  -0.114193
-0.03125  -0.0852072
0.09375  0.0671789
0.125  -0.0631968
0  -0.138279
-0.15625  -0.116666
0.28125  -0.132255
-0.15625  0.0416177
0.03125  -0.0697095
0.0625  0.077874
0.03125  0.0292193
-0.21875  -0.00733407
0.0625  -0.214854
-0.0625  0.0655184
-0.15625  -0.110603
-0.09375  -0.17061
0  -0.0350419
-0.125  0.0326365
0.0625  -0.0612458
0.1875  -0.0837886
0.0625  0.157264
-0.25  0.256575
0.03125  -0.0834595
-0.1875  0.0976311
0  0.126121
0  -0.0688371
0.03125  0.0859125
0.1875  -0.00405193
0.125  -0.156907
-0.0625  -0.163545
-0.03125  -0.251737
0  0.207531
0.125  0.0074249
0.09375  -0.0203684
-0.21875  -0.214126
-0.09375  -0.194416
0.21875  -0.0729905
-0.3125  -0.0953043
-0.0625  -0.0736017
-0.09375  0.00428197
-0.125  0.0394891
-0.09375  0.00888508
0.03125  -0.120754
-0.09375  -0.15467
0.125  -0.202524
-0.28125  -0.0564773
0  0.0253027
-0.03125  -0.0149244
-0.21875  -0.182136
-0.15625  0.00985493
0  0.097699
0.03125  -0.0502611
0.03125  0.0296225
0.1875  -0.0518797
0.125  -0.108715
0.09375  0.00730903
0.0625  0.0256352
-0.03125  -0.0197994
-0.1875  0.14419
0.03125  0.00812779
-0.125  -0.192143
0.03125  0.0545581
0.125  -0.272098
-0.09375  -0.112275
-0.0625  -0.0127322
0  -0.0210369
0  -0.0533176
-0.1875  -0.125578
-0.125  0.127448
0.09375  -0.157887
0.0625  0.255562
-0.03125  -0.0323681
-0.03125  -0.0669104
0.03125  -0.0175823
0.1875  0.0225184
0.28125  -0.130867
-0.09375  -0.0480982
-0.3125  -0.0300208
0.15625  0.0560104
0.0625  -0.192259
-0.03125  0.0545012
-0.15625  0.014047
0.1875  0.00147851
0.125  0.289632
-0.09375  -0.0614324
0  -0.181205
-0.0625  0.0140717
-0.03125  -0.11877
-0.15625  -0.0745394
0.03125  0.0567937
0.09375  0.287186
-0.09375  -0.13028
-0.15625  -0.186887
0  0.109952
-0.15625  0.0643831
0.03125  0.0273762
-0.1875  0.0277892
-0.03125  -0.112503
0  0.0376493
-0.0625  0.0330316
-0.0625  -0.228095
0.09375  -0.300043
0.03125  0.0479882
0.09375  -0.202707
-0.0625  -0.142527
0.21875  -0.156927
0.0625  -0.239451
0  -0.109812
-0.0625  0.188685
-0.1875  -0.104613
0  -0.0974949
-0.21875  -0.140101
0.1875  -0.077899
0.15625  -0.269741
-0.09375  -0.0754604
0.03125  0.0900992
-0.03125  0.110994
0.125  0.227567
0  -0.0212027
-0.25  0.0430573
0.0625  0.0817503
-0.09375  -0.159653
-0.09375  -0.00551024
-0.03125  -0.182608
0.09375  0.107459
0.4375  0.210893
-0.03125  -0.0111259
0.09375  -0.148229
0.03125  -0.0774747
0.15625  -0.0445585
0.125  -0.189076
-0.0625  0.224198
-0.15625  0.0361619
-0.09375  -0.0652368
-0.40625  -0.100451
0.21875  0.129065
0.25  -0.100018
-0.15625  0.107737
0.09375  0.139556
0.1875  -0.21979
-0.125  0.339213
0.0625  -0.223664
0.0625  0.0746754
0  0.0574874
-0.125  -0.0784447
-0.03125  -0.0695131
0.15625  0.0493026
0.0625  -0.00948754
0.03125  0.0599684
0  0.104434
0.09375  -0.0429908
0.15625  -0.0048226
-0.09375  0.0105055
0.03125  -0.103201
0  0.12184
0.03125  0.117
-0.0625  0.0884181
0  0.0730146
-0.125  0.0692102
0.28125  -0.0483549
-0.03125  -0.367799
-0.09375  0.00485923
0.0625  0.119307
-0.09375  -0.115412
-0.0625  0.0207298
0.09375  0.0918752
-0.0625  -0.0489233
0  -0.0672335
0.09375  0.0911915
0.09375  -0.0563104
0.125  -0.0104005
0.1875  -0.00624244
0.03125  -0.201868
0.09375  0.226291
0  0.0480305
0.1875  -0.0977943
0.15625  -0.0557423
-0.125  -0.24638
0.0625  -0.0017803
0  0.282831
-0.0625  -0.0274571
-0.21875  -0.0781033
0.15625  -0.104401
0.09375  0.176101
-0.03125  0.105475
-0.03125  0.0392879
-0.125  -0.0681601
0.25  0.0176648
-0.15625  0.0414142
0.0625  -0.250679
-0.0625  0.0772622
-0.15625  -0.0743882
-0.09375  0.110528
0.09375  -0.0530218
0.0625  0.0324075
0.03125  -0.166211
-0.09375  -0.14927
0.1875  -0.27111
0.125  0.126929
0.21875  0.0208428
-0.28125  -0.227921
0.09375  0.00149721
0.09375  0.025546
-0.03125  0.0263786
-0.03125  0.0506423
0.125  -0.027749
-0.09375  -0.109934
0.03125  -0.089039
-0.125  -0.116965
0.03125  0.162429
0.0625  -0.0364632
-0.0625  -0.0619765
-0.0625  0.273652
0.03125  -0.210055
-0.1875  -0.0671246
-0.15625  0.102182
0.15625  -0.074072
-0.03125  -0.165998
0.15625  -0.114191
0.28125  -0.170534
0  -0.0542234
0.0625  -0.0853889
0.09375  -0.0769282
0.15625  0.274831
-0.09375  0.0198858
0.03125  0.000493715
-0.09375  -0.00633988
0.0625  0.117241
0.09375  0.109211
-0.0625  -0.220568
0.15625  -0.260571
0.21875  -0.0120701
0  -0.105732
0.21875  -0.104477
0.09375  0.0374648
-0.09375  -0.0992333
0.09375  -0.120664
-0.15625  -0.0602917
-0.09375  -0.0422351
-0.09375  0.122034
0.15625  -0.214164
0.03125  -0.179686
0.03125  -0.299451
-0.15625  -0.32082
-0.0625  -0.221373
0.0625  -0.439596
0.125  -0.0405061
-0.03125  -0.116643
-0.09375  -0.156505
-0.03125  -0.119792
0.03125  -0.0371466
-0.0625  -0.0608961
0.125  0.00336957
-0.0625  -0.00474254
0.03125  -0.210486
0.15625  -0.10501
0.21875  0.125671
0.125  -0.206998
-0.0625  0.179001
0.0625  -0.268263
0.0625  -0.0202759
0.21875  -0.351947
-0.09375  -0.181136
0.03125  0.0223103
0.0625  0.116469
0.3125  -0.0253895
0.09375  -0.0172019
0.0625  -0.190693
0  -0.0139226
-0.0625  -0.0336196
0.125  -0.154068
-0.09375  -0.175263
-0.03125  -0.036053
0.15625  -0.020755
-0.0625  -0.235915
-0.09375  -0.33844
-0.09375  -0.116103
0.0625  0.0364293
-0.03125  -0.267245
0.21875  0.0342025
-0.34375  -0.155926
0  -0.269714
0.03125  -0.175339
-0.25  0.0221528
0.0625  -0.103534
0.15625  0.0416249
-0.09375  -0.169728
0.03125  -0.0409173
-0.09375  0.0386999
0.09375  -0.0646291
-0.03125  -0.132722
-0.125  -0.00161536
-0.15625  0.0241655
0.03125  -0.256392
0.03125  -0.00632286
0  0.0118742
-0.15625  0.367885
0.375  0.11069
-0.03125  0.0499499
0.09375  0.134802
0.125  -0.273779
-0.125  -0.343227
0.28125  0.00296865
0.1875  -0.152072
-0.0625  -0.121523
-0.125  -0.00967228
-0.125  -0.0708118
0.15625  -0.0209051
0.125  0.24487
-0.125  0.104866
0.0625  0.153178
-0.03125  -0.272668
-0.1875  -0.0902719
0.09375  0.377508
0.1875  -0.234771
-0.09375  -0.0308581
-0.15625  0.0926274
0.0625  0.10631
0  -0.0158152
0  0.0140767
-0.09375  -0.0786657
0.125  0.129848
-0.25  -0.14323
0.28125  -0.173055
0  0.0521149
0  -0.121374
0.21875  -0.29533
0.09375  -0.00876698
0.15625  -0.173236
-0.15625  0.183137
-0.0625  0.0874433
0.1875  -0.0346865
-0.09375  -0.0497033
-0.03125  -0.0379941
-0.1875  -0.149862
0.03125  -0.258281
-0.125  -0.0779815
0.0625  -0.0664389
0.0625  0.107211
-0.0625  -0.0853593
-0.0625  -0.237415
0.0625  0.031874
-0.09375  -0.0209337
0.09375  -0.0645246
0  0.0285655
0.125  -0.0221262
0.21875  0.0146889
-0.0625  -0.0438144
-0.03125  -0.108917
0.09375  0.0164999
0.0625  -0.0648222
0.0625  0.0438863
-0.125  -0.183321
0.25  0.013305
0.1875  -0.0743718
0.09375  0.125659
-0.15625  0.125147
-0.21875  -0.0596335
-0.0625  -0.0953912
0.25  -0.323339
0.0625  0.175046
0.15625  -0.0549955
0.03125  0.112731
0.0625  0.0936745
0.03125  -0.00296324
-0.25  0.157489
-0.0625  -0.217596
-0.03125  -0.19161
-0.03125  -0.0544281
-0.03125  -0.00650347
0.03125  -0.169672
0  -0.326133
0.03125  0.0518733
0.03125  -0.106555
0.0625  0.195378
0.03125  -0.00679663
0  0.00462865
0.03125  -0.186593
-0.09375  -0.0782055
-0.03125  0.0452157
0.03125  -0.160405
-0.03125  -0.0708158
-0.03125  -0.261402
0  -0.171624
0.0625  0.1964
-0.125  -0.0176806
0.09375  -0.00503705
0.09375  -0.270951
0.03125  0.14265
0.125  -0.290012
0.125  -0.0518513
0.21875  0.138153
0.03125  0.0763501
0.09375  0.0115185
0.0625  0.00596177
-0.125  -0.0331702
0.09375  0.0884221
-0.03125  -0.134225
-0.03125  -0.0497392
0.1875  -0.208738
-0.15625  -0.193804
-0.1875  -0.000407918
0.03125  -0.221938
0.125  0.187396
0.28125  -0.133034
-0.0625  -0.200371
0.25  -0.238436
-0.03125  -0.241374
-0.03125  -0.129393
0.1875  -0.353104
-0.0625  -0.0435222
0.28125  0.083633
0.03125  0.239692
0.09375  -0.185248
-0.0625  0.269052
-0.21875  0.0682074
0.09375  0.0193254
0.1875  -0.300224
0  -0.0542605
-0.25  0.0123575
-0.28125  -0.0425032
-0.21875  0.0597836
-0.09375  -0.0673972
-0.3125  -0.00864995
-0.125  -0.0949913
-0.03125  0.0780304
-0.0625  -0.0947456
-0.1875  0.0444844
0  -0.159847
-0.125  -0.248067
0.125  -0.0784945
-0.03125  -0.160502
0.25  -0.252161
0.125  -0.11782
0.125  0.224735
0.21875  -0.236992
0  -0.163629
-0.0625  0.0241232
-0.15625  0.0336887
0.0625  0.0690537
-0.0625  -0.116315
0.15625  -0.0615499
-0.0625  0.0916975
0.1875  -0.108426
-0.03125  -0.19737
0.25  0.115976
-0.03125  -0.068348
0.09375  0.0739933
0.21875  -0.0620733
-0.03125  -0.2296
0.0625  0.0202905
-0.21875  -0.299624
-0.28125  0.0820587
0.21875  0.0173642
0.0625  -0.177401
0  -0.133632
-0.03125  -0.0929487
-0.03125  -0.119287
0.0625  0.0153848
0.21875  -0.212307
0.03125  0.148814
-0.09375  0.17462
0.125  -0.138859
0.03125  -0.167073
0.09375  -0.216273
0.09375  -0.167463
0  0.0523217
0.03125  -0.101952
0.0625  -0.133285
0  -0.127264
-0.03125  -0.252928
-0.0625  -0.189148
0.03125  -0.396122
0.125  -0.0953903
0.03125  0.110329
-0.09375  -0.0329386
0.0625  -0.0653203
0.1875  0.062186
-0.09375  -0.110199
0.03125  0.363175
0.03125  0.2305
-0.1875  0.158011
-0.03125  -0.195025
0.15625  -0.10121
0  0.0214263
0.03125  -0.345946
0  0.0248937
-0.09375  -0.1919
0.125  -0.0309252
-0.09375  0.1186
-0.0625  -0.256333
-0.09375  -0.201482
0.03125  -0.156512
0.09375  -0.0598286
0  0.0719745
-0.09375  0.229695
-0.09375  0.133439
-0.21875  -0.0649995
0.0625  0.0599929
0.09375  -0.0484253
0.0625  -0.0579052
0.125  -0.0534456
0.15625  -0.0623445
0  -0.0860339
-0.15625  -0.00571196
-0.0625  0.112232
-0.03125  -0.263329
-0.0625  -0.106735
0.125  -0.00650253
-0.1875  0.0193032
0.1875  -0.140822
-0.1875  -0.0798749
0.0625  -0.019968
-0.0625  -0.044784
-0.09375  0.0509152
-0.0625  0.130672
0.03125  -0.274973
0  -0.199253
0.0625  -0.100424
0.3125  0.100645
-0.1875  0.140195
-0.0625  -0.141835
0.25  0.0476541
0.125  0.0310326
-0.09375  -0.163159
-0.03125  0.0147024
0  -0.120538
-0.09375  -0.146483
0.15625  0.129821
0.125  -0.115821
-0.03125  0.00572929
-0.1875  -0.125363
0.25  -0.362342
-0.03125  -0.0366629
0.09375  -0.207009
0  -0.0366024
-0.0625  0.0609239
0.15625  -0.0425123
-0.03125  -0.159675
-0.03125  0.0681367
-0.15625  -0.0788924
-0.09375  0.100155
-0.0625  -0.184019
-0.0625  -0.0704699
0.125  0.02654
-0.09375  0.181429
0.28125  -0.122199
-0.125  -0.166898
-0.0625  0.031108
-0.15625  0.0583927
-0.125  -0.057948
-0.09375  0.0977927
-0.03125  0.237001
-0.28125  0.203655
0.0625  -0.0792127
-0.03125  -0.242603
0.0625  -0.0793344
0.03125  0.0564092
-0.25  -0.373187
0.09375  -0.229329
0  0.00696939
-0.1875  -0.159629
0.03125  -0.0209524
0.125  -0.0319362
-0.125  0.0503386
0.0625  -0.232232
-0.125  0.0396109
-0.03125  0.00521934
0.15625  0.0804352
0  -0.112785
-0.125  -0.0899022
0  -0.0130545
0.09375  -0.24931
-0.25  0.237683
-0.03125  0.230343
0  -0.0742252
0.15625  -0.217437
0.0625  -0.2011
0  0.0407313
0.03125  -0.231926
-0.125  0.0295804
0.125  0.0210363
0.09375  -0.105541
-0.0625  -0.412081
-0.0625  -0.0417172
-0.0625  0.185705
0.09375  0.163154
-0.0625  -0.279344
-0.125  -0.146314
0.09375  0.132986
0.1875  -0.170637
-0.09375  0.0185737
0  -0.110172
-0.21875  -0.013855
-0.0625  -0.0883317
0  0.101772
-0.0625  -0.186172
-0.21875  -0.0522057
0.09375  -0.105087
0  -0.0788676
-0.1875  0.0821547
0.125  0.0539356
0  -0.0569047
-0.0625  -0.112225
0.21875  -0.193107
0.15625  -0.213931
0.1875  0.0349328
0.0625  -0.0836294
-0.0625  -0.0334676
-0.09375  0.00243644
-0.125  0.102316
0.0625  -0.0342919
-0.03125  0.0338381
0  0.00704725
-0.09375  -0.0515679
0.1875  -0.119942
-0.0625  -0.163845
0.09375  -0.185916
-0.125  0.0652376
-0.09375  -0.0898709
0.0625  0.166846
0.0625  -0.0222961
0.09375  0.040897
-0.09375  -0.198389
-0.125  -0.0781725
0.0625  -0.112594
0.09375  -0.116357
0.25  -0.272533
-0.09375  -0.165858
0.09375  -0.0985121
-0.03125  -0.0477817
0.25  0.0994888
-0.0625  0.306939
-0.03125  -0.0296227
-0.25  -0.0770737
-0.125  0.0982862
0.15625  -0.0477997
-0.34375  0.077819
0.1875  -0.0640721
-0.21875  -0.103851
0.1875  -0.0074196
0  -0.00500333
-0.03125  0.0130144
0.25  -0.165815
0  -0.0679978
0  -0.129815
0.21875  0.242381
0.03125  -0.210139
-0.09375  0.0317045
-0.0625  0.000519165
-0.03125  0.0741381
0.125  0.0516734
0.125  -0.108969
-0.09375  0.245004
0.0625  -0.0353708
0.125  -0.0662459
0.09375  -0.114528
-0.0625  0.177572
0.0625  0.162383
-0.03125  -0.0532091
0.09375  0.0114614
-0.03125  0.123299
-0.09375  -0.318785
0.03125  0.163519
0.28125  -0.0206797
-0.1875  -0.0246527
-0.21875  0.0748263
0.03125  -0.0541099
0.25  0.0699653
-0.15625  0.0783716
0.03125  -0.128496
-0.09375  -0.110919
-0.1875  0.00832026
-0.09375  -0.0740634
0  -0.298359
0.09375  -0.109079
-0.28125  0.0142745
-0.34375  0.125957
0.0625  0.139125
0.125  0.0277251
-0.03125  -0.0493392
0.0625  -0.234666
-0.03125  0.143067
-0.0625  -0.00237673
-0.0625  -0.25066
-0.125  0.173771
0  -0.060925
-0.09375  -0.190514
-0.03125  -0.128523
-0.09375  0.154023
-0.03125  0.021354
0.0625  0.0512582
0.03125  -0.135877
0.03125  -0.0142834
0.09375  0.0794242
0  -0.12511
0.28125  -0.358048
0.03125  0.203639
-0.03125  0.0340278
-0.09375  -0.128744
-0.03125  -0.15617
0.03125  -0.130536
-0.09375  0.126962
-0.0625  -0.0453692
-0.09375  0.0620238
0  -0.0862421
0.03125  -0.144121
0.125  0.153567
0  0.160512
0.15625  0.280574
0.09375  0.171772
-0.15625  -0.00296867
-0.34375  0.0482895
0.0625  0.107708
0.0625  0.220739
-0.125  -0.0831007
-0.03125  -0.166314
0  -0.00496479
-0.0625  -0.175485
-0.03125  -0.0838181
0.09375  0.217394
0.0625  0.0232216
0.25  0.111187
0  -0.0741691
0.25  -0.214209
0.09375  -0.106727
0.15625  -0.143824
0  0.0132791
-0.03125  0.00383824
0  0.0923454
-0.03125  -0.0363173
0.125  -0.212054
0.03125  -0.0125965
-0.03125  0.028931
0.1875  -0.0142948
-0.15625  -0.00243651
0.0625  -0.148219
-0.03125  -0.0938586
0.28125  0.0150098
-0.15625  -0.174445
0.125  -0.200862
0.0625  -0.0105031
0.09375  0.232346
-0.1875  0.0822411
-0.25  0.0688168
0.09375  0.174384
-0.09375  -0.0942879
-0.21875  0.11399
0.125  0.0514236
0.15625  0.0154695
0.03125  -0.0781292
0.125  0.193116
0  0.122134
0.09375  0.245174
-0.34375  -0.0786047
0  -0.0580142
-0.21875  -0.0619422
0.03125  0.0124533
-0.0625  -0.207632
-0.0625  -0.188571
-0.15625  0.110225
0  0.0873009
0.25  -0.132354
0.15625  -0.150112
-0.0625  -0.0638312
0  -0.13199
0.0625  -0.136273
0.3125  -0.0566676
0  -0.287177
0.15625  -0.186491
0.15625  -0.123328
0  -0.157563
-0.03125  -0.159733
-0.09375  -0.0950742
-0.15625  0.168502
-0.15625  -0.103378
-0.125  -0.0252199
0.25  -0.0793893
-0.25  -0.0982089
-0.0625  -0.142286
-0.09375  0.0992053
-0.0625  -0.100637
-0.125  0.0398502
0.25  -0.0791367
-0.21875  -0.118737
0.3125  -0.00180399
0.25  -0.123435
0.0625  -0.055318
0.25  -0.27487
-0.0625  -0.261551
0.03125  0.26577
-0.0625  0.181438
0.1875  -0.218235
0.15625  -0.142169
0.15625  0.113826
-0.03125  0.153675
0.0625  0.198349
0.125  0.0259026
0.03125  0.0822606
0.03125  0.035955
-0.1875  -0.0960013
0.21875  -0.0568038
-0.0625  -0.31168
0  -0.0164965
-0.03125  -0.336322
-0.0625  0.347506
0.25  -0.12899
-0.09375  -0.147972
-0.03125  0.0157912
-0.21875  -0.163966
0.21875  -0.274208
-0.03125  0.0724424
0.09375  -0.199661
-0.03125  -0.00563868
0.0625  0.0171318
0.09375  -0.176742
0.09375  -0.0477068
-0.0625  -0.119752
0.125  -0.0565769
0.0625  -0.084933
-0.03125  0.0624263
-0.0625  -0.199695
-0.125  -0.273963
-0.0625  -0.111222
0.03125  -0.142413
0.21875  -0.0248215
0.0625  0.181507
0.0625  0.12057
0.0625  0.0715548
-0.03125  -0.0477467
0  -0.033581
0.03125  0.0941173
-0.15625  -0.0926792
0.09375  -0.159955
0  -0.113525
-0.21875  -0.0657246
-0.03125  -0.0113021
0.1875  0.246897
-0.25  0.0711914
0.15625  0.0550652
0.0625  -0.101506
-0.09375  -0.0568191
-0.1875  -0.106372
-0.09375  -0.342203
-0.125  0.291375
0.125  -0.120188
-0.03125  -0.0245698
0.0625  -0.0628015
-0.125  -0.339152
0.125  0.120905
-0.03125  0.057417
0.15625  -0.17335
-0.03125  0.177801
0.125  -0.0528775
0.03125  0.172736
0.0625  -0.225427
-0.125  -0.0527981
0  0.14604
0  -0.0968543
0.21875  0.194131
-0.1875  0.122342
-0.03125  0.107096
-0.0625  -0.0798815
-0.125  0.0383408
-0.15625  0.25288
-0.03125  -0.111532
0  -0.0161025
0.15625  0.0252951
0  -0.0683786
0  0.0108368
0.125  -0.0392483
0.03125  0.125875
0  0.0560029
0  0.00473553
-0.125  -0.11934
0.125  -0.268636
0.03125  -0.1559
-0.0625  -0.0398558
-0.0625  -0.0878121
0.0625  -0.119216
-0.03125  0.135062
0.0625  -0.206943
0.1875  -0.00591243
0.03125  0.208977
-0.09375  0.126773
0.03125  -0.233047
-0.21875  -0.0201256
0.0625  -0.159876
-0.09375  -0.013984
0.1875  -0.0200848
0.03125  -0.0317643
-0.0625  0.110159
-0.03125  -0.0384068
0.03125  -0.00198883
0.0625  0.064919
0  -0.043049
-0.03125  -0.0185548
-0.09375  0.169998
-0.25  -0.0784894
0.03125  -0.244038
0.15625  -0.121519
0.0625  0.0798513
0.09375  0.00438363
0.09375  0.190268
0.125  0.094465
0.15625  -0.0321693
-0.0625  -0.113061
0.0625  -0.111539
-0.03125  -0.0650091
-0.15625  0.123382
0  -0.136946
0.1875  0.073353
0.15625  -0.00209096
0.0625  -0.140906
-0.09375  -0.110352
0.0625  -0.134751
-0.03125  0.0177781
0.0625  0.160286
0  -0.28176
-0.03125  -0.145493
-0.0625  0.0359632
-0.09375  0.00420104
0.15625  0.0829294
-0.09375  -0.0773982
-0.09375  0.116739
0.03125  0.0728546
0.1875  -0.0472657
-0.0625  -0.154932
0.125  -0.11405
0.21875  -0.0227598
0  -0.0271268
0.09375  -0.102398
0.03125  -0.0901157
0.03125  -0.334207
0.125  0.047883
0  -0.167429
-0.15625  -0.0765473
-0.125  -0.221813
-0.1875  -0.138462
-0.25  -0.375411
0.21875  -0.230888
-0.03125  0.0489798
0.03125  0.216773
0.0625  -0.196128
0.09375  0.103346
0.03125  -0.141704
-0.1875  -0.0291625
0  -0.0887104
0.15625  -0.0595928
-0.03125  -0.0708769
-0.25  -0.125402
0.125  -0.165032
-0.3125  0.177117
-0.15625  -0.339728
0.03125  -0.0761548
0.125  0.203437
0.03125  -0.00738733
0.03125  0.164592
0.21875  0.0224318
-0.125  -0.0336217
0  0.0212208
0  0.198814
0.0625  0.0323065
-0.09375  -0.024355
0.03125  -0.334176
-0.03125  0.213684
0.03125  -0.0422147
-0.1875  -0.0541067
0  -0.209261
0.125  -0.180661
0.125  0.0676617
0.21875  -0.0714736
-0.125  0.00284016
-0.0625  -0.122489
0.0625  -0.376463
0.125  -0.108196
-0.09375  0.117759
-0.125  -0.218081
0.15625  -0.188342
0.0625  -0.233409
0.03125  0.0141584
-0.0625  -0.12641
-0.21875  0.0260538
0.09375  -0.0505279
0  -0.288466
-0.0625  -0.0584463
0  0.00544582
0.125  -0.0959486
0.03125  -0.179785
0  -0.067555
-0.21875  -0.123354
0  -0.244081
-0.09375  0.140002
0.03125  0.232366
-0.0625  0.055627
0.03125  -0.00797263
-0.0625  -0.150974
-0.125  0.110598
0.21875  -0.0185107
0.15625  0.0407014
0.09375  -0.118172
-0.09375  -0.212036
-0.09375  0.147173
-0.0625  0.0247251
-0.125  0.10629
0.125  -0.0536762
0.0625  -0.108636
0  -0.0128605
0.03125  -0.0391153
-0.0625  -0.0363641
-0.28125  0.0597186
-0.03125  0.0863937
0.0625  -0.214924
-0.125  0.0941306
-0.0625  0.0361681
0  -0.266102
-0.03125  -0.279621
0.09375  -0.0706333
-0.1875  -0.0100322
0.125  -0.12545
0  -0.271156
0.0625  -6.31504e-05
0.0625  -0.0053744
-0.03125  -0.223167
0.125  -0.16887
0.125  -0.426245
0.09375  0.217171
-0.25  0.0681236
0  -0.0203959
-0.03125  -0.0540771
-0.03125  0.152927
0.125  -0.131077
0.03125  -0.0266032
0.25  0.132501
0.09375  -0.173351
0.25  -0.131938
0.15625  -0.0263576
0  -0.129781
0  0.176159
0.03125  -0.134509
-0.03125  -0.0715555
-0.15625  -0.0293317
0.03125  -0.158265
-0.125  -0.0264498
-0.09375  0.146954
0.1875  0.0764648
0.0625  -0.131698
0.0625  -0.0347624
-0.375  0.041379
-0.125  -0.0874942
0.15625  0.112391
-0.0625  -0.156112
-0.09375  0.0851027
0  0.0376273
0.1875  -0.1491
-0.09375  -0.133647
0.0625  -0.0870177
0  0.0586865
0.21875  -0.108977
-0.15625  -0.0942887
0.21875  -0.168506
0.0625  -0.00840819
-0.03125  0.0904706
0.0625  -0.0616855
0.1875  0.0476423
-0.0625  -0.133674
0  -0.209376
0.15625  -0.164253
0.125  0.0383312
-0.09375  -0.0989059
0.09375  -0.104314
-0.09375  0.174638
-0.03125  0.0829742
0.1875  -0.123197
0.09375  -0.0572502
0.15625  0.0630799
-0.03125  -0.053263
0  0.0929796
0.0625  0.0805386
0.125  0.318952
-0.1875  -0.0256836
-0.0625  -0.0269612
-0.03125  -0.0857096
-0.03125  0.115184
-0.09375  -0.00175054
-0.0625  -0.127918
0.15625  0.0105702
0.09375  0.0730561
0.09375  -0.142414
0.03125  0.0475118
-0.375  -0.217893
0.15625  -0.102699
-0.0625  0.17312
-0.09375  0.113399
0  0.0918235
0.15625  -0.0606083
0  0.157572
0.03125  0.080977
-0.125  0.0747966
0.09375  -0.207782
-0.03125  0.128013
0.03125  0.13065
-0.0625  0.223326
0.0625  0.171753
-0.15625  0.158202
-0.15625  -0.0626481
-0.03125  0.152414
0.15625  0.22704
0.21875  -0.140931
0.15625  -0.216638
0.15625  -0.0529166
-0.03125  -0.0117545
0.125  -0.0961938
0  0.0162975
0.1875  -0.138762
-0.03125  -0.254588
-0.125  -0.0825797
-0.0625  -0.092081
0.03125  0.0126422
-0.03125  -0.104732
-0.25  0.129307
0.0625  0.201885
-0.03125  -0.0912614
0.03125  0.0982057
-0.21875  -0.14538
-0.1875  -0.232849
-0.09375  0.173555
0.09375  -0.207448
0.125  0.255898
-0.0625  -0.11027
0.34375  0.0610794
-0.09375  0.047152
-0.09375  -0.137373
-0.125  -0.104248
-0.0625  -0.122355
0.1875  -0.21865
0.0625  -0.27852
0.15625  0.142663
-0.125  -0.0301799
0.03125  -0.13568
-0.1875  -0.179564
0.15625  -0.0691937
-0.09375  -0.0675704
-0.15625  -0.276217
0  -0.168555
-0.15625  0.160318
-0.21875  -0.114036
0.0625  -0.172429
-0.03125  -0.127854
-0.0625  -0.353527
-0.1875  -0.145571
-0.125  0.166246
-0.09375  0.0600849
0.125  -0.0731701
-0.09375  0.0127872
0.125  0.0771085
-0.03125  -0.385252
0.03125  0.213923
0.03125  -0.124299
-0.0625  -0.292634
0.09375  -0.176913
0.0625  0.136957
0.0625  0.0901138
-0.09375  0.0280219
-0.0625  -0.0822173
-0.0625  -0.0726809
-0.0625  -0.0340721
-0.1875  -0.00770793
0.03125  -0.0833875
-0.0625  -0.0857687
0.21875  0.140452
0.09375  -0.0481404
0.15625  -0.0013203
-0.0625  -0.281718
0.0625  -0.0114251
-0.03125  0.0582703
-0.09375  -0.205737
0.03125  0.041077
0  -0.17243
-0.1875  0.309899
-0.03125  -0.273697
-0.09375  0.0973446
0.03125  0.204308
-0.0625  -0.0479766
0  -0.143379
0  0.141382
0.0625  -0.183668
0.1875  -0.155989
0.03125  0.149103
-0.0625  -0.0471548
0.1875  0.0111641
0.03125  0.0868799
-0.21875  -0.113802
0.1875  -0.203247
0.0625  0.00589808
0.125  -0.168265
-0.0625  0.0265715
0.09375  -0.0659618
-0.21875  0.0568273
-0.0625  -0.0348503
0.1875  -0.244728
-0.03125  -0.269957
0.09375  -0.0774555
-0.0625  -0.118995
0.0625  0.0225438
0  -0.0451229
0.09375  0.025302
-0.25  -0.115695
-0.15625  -0.11206
0  0.002671
0.125  -0.301782
0.09375  -0.0152859
0.03125  -0.208564
0.0625  0.105684
0.15625  0.0774948
-0.0625  -0.191485
-0.125  0.0892194
-0.1875  0.0631134
0  -0.0462954
0.1875  -0.0434597
-0.0625  -0.0908381
-0.125  0.0704496
0  -0.164861
0.09375  0.101501
-0.1875  0.134752
-0.09375  0.0106293
-0.0625  0.140559
-0.09375  -0.140299
0  0.262541
0.03125  -0.0842576
-0.09375  0.0134522
0.1875  -0.10144
-0.15625  0.11493
0.15625  0.0502659
-0.09375  0.00139048
0.125  -0.0476885
-0.03125  0.144861
-0.03125  0.160417
-0.03125  0.187523
0.21875  -0.143263
-0.21875  -0.0602215
0.0625  0.256524
-0.0625  -0.145927
0.15625  -0.0545324
-0.09375  0.00801702
0.0625  -0.0774321
0.09375  -0.0809288
0.28125  -0.0680193
-0.09375  0.0392334
-0.125  -0.130128
-0.25  0.0807238
-0.0625  -0.15308
-0.09375  0.333282
-0.03125  0.0855954
0.125  0.176109
-0.125  -0.260108
0.125  0.165559
0  -0.200879
0.28125  -0.182555
0.09375  0.0521039
0.09375  -0.0658393
-0.1875  -0.236834
0.09375  -0.0185122
0  -0.104931
-0.09375  -0.0894949
-0.15625  0.0629602
0.09375  -0.0823749
-0.125  -0.248758
0.03125  -0.146652
-0.21875  -0.0735509
0.0625  0.00934618
-0.03125  -0.108023
0.03125  0.0701036
0.0625  0.0735825
-0.03125  0.158599
0.25  -0.0802518
0.25  -0.170374
0.03125  0.0200037
0.125  -0.0745989
0.0625  -0.180536
0.03125  0.000492077
-0.0625  -0.131785
0.03125  -0.0835489
0  0.0695689
-0.125  -0.0460676
0.03125  0.0854094
0.1875  0.017037
-0.0625  -0.00175317
0.03125  -0.0233747
0.03125  0.129119
0  0.127643
0.21875  -0.0452826
0.03125  0.0269452
-0.1875  -0.10014
0.125  -0.0217054
-0.15625  -0.0869068
0.21875  0.0613613
-0.125  0.10193
0.0625  -0.221388
0  0.157369
-0.09375  0.0589988
0.09375  -0.112063
-0.03125  -0.0673943
0.09375  -0.0766765
-0.0625  -0.0281104
-0.15625  0.141297
-0.1875  -0.0908435
0.0625  -0.14726
-0.15625  -0.0889525
0  -0.189576
0.125  -0.116315
-0.1875  0.101204
0.03125  0.0191472
0.1875  0.0367022
-0.0625  0.23638
0.03125  0.0828994
-0.0625  -0.0162782
0.125  -0.00535088
-0.03125  -0.143477
-0.15625  -0.0456234
0.21875  -0.0486285
-0.03125  -0.0447083
0.125  0.0532625
0.03125  0.0293883
0.09375  0.0347609
-0.0625  -0.137798
0.03125  -0.0969427
0.21875  0.0712842
0.40625  0.0135293
0.09375  -0.0154429
-0.09375  -0.122639
0.28125  -0.0361933
0.15625  -0.0981849
-0.09375  -0.0511486
0.15625  -0.10578
-0.21875  -0.226301
-0.28125  -0.171252
-0.125  -0.318644
0.0625  -0.141869
0  -0.0770211
0.28125  -0.097096
-0.1875  0.0776376
0  -0.352498
0  -0.195505
-0.09375  -0.213129
0  -0.139953
0.1875  0.19028
0.09375  0.134074
-0.25  -0.325086
0.03125  0.165285
-0.0625  0.0281424
0.125  -0.0672314
0.125  0.154859
-0.1875  0.0224331
0.09375  -0.19711
0.03125  0.0133084
-0.03125  -0.184242
-0.15625  -0.171155
-0.125  0.176571
0.09375  0.0881397
-0.0625  -0.100451
0.0625  -0.0625038
0.03125  -0.10863
0.15625  0.0428949
0.03125  0.234459
0.0625  -0.259881
-0.03125  -0.0233361
-0.21875  -0.0203021
0.09375  -0.0154129
-0.21875  -0.172592
-0.0625  0.115259
-0.25  -0.15731
0.125  0.0719349
0.09375  -0.158234
0.03125  -0.221317
0.1875  -0.153319
0.03125  0.0647418
-0.1875  -0.167662
0.0625  -0.0252497
-0.0625  0.0450164
0.03125  0.0588872
0.09375  -0.0241404
-0.03125  0.00649763
-0.09375  -0.324817
0.21875  -0.257228
0  -0.0369584
-0.1875  0.0325662
-0.34375  0.0481684
0.03125  -0.0814084
0.28125  0.011318
0.0625  -0.116903
0.03125  0.0259877
0  -0.0453877
-0.09375  -0.00328194
-0.09375  0.0186931
0.1875  -0.0339072
-0.1875  0.117619
0.25  0.218904
0.1875  0.0525815
0.03125  0.121741
0.1875  -0.0695514
-0.03125  -0.214043
0  0.0451749
0  0.0648684
0.09375  -0.173901
0.0625  -0.0110724
0.03125  0.0102585
-0.125  0.0545608
-0.125  -0.0900287
0.09375  0.0497744
0.125  -0.285699
0.28125  -0.0342436
0  -0.021005
-0.0625  -0.00037727
-0.09375  0.211143
0.1875  -0.088572
-0.1875  -0.06661
-0.15625  -0.0804133
0.21875  -0.185044
0.125  -0.100003
0  -0.145173
-0.0625  -0.0681369
0.03125  -0.0826341
0.03125  -0.0333661
-0.0625  0.170032
0.09375  -0.040314
0.125  0.026475
-0.125  -0.160853
-0.03125  -0.0607528
0.0625  0.111209
0.125  0.234802
0.0625  0.082564
0.0625  0.094939
-0.15625  0.144586
0.125  -0.15376
-0.1875  -0.0412559
-0.03125  -0.0609178
0  -0.0998321
-0.09375  0.0723863
-0.03125  0.183355
-0.0625  -0.0947165
-0.0625  -0.115907
0.0625  -0.129858
0.03125  -0.0149949
-0.125  -0.050014
0.03125  0.0593605
0.0625  -0.0426398
0  -0.198852
0.09375  -0.0057381
-0.09375  -0.0972794
-0.09375  0.0662685
0.15625  -0.153008
0.15625  0.0343866
-0.15625  -0.0641924
-0.1875  0.0190621
-0.09375  -0.10081
-0.0625  0.031365
0.21875  -0.114288
-0.15625  0.00872344
0.125  0.0705679
0  0.0322686
0.09375  -0.0690762
0  0.111365
0.03125  -0.172496
0.15625  0.0376777
0.0625  -0.153617
0.0625  -0.00213701
0.0625  0.0205129
0.0625  0.0220917
-0.0625  0.211136
0.0625  -0.103685
-0.0625  -0.0660574
-0.15625  -0.0890728
0  -0.0619014
-0.03125  0.0317889
0  0.0577941
-0.125  -0.013092
0.0625  0.0230189
0.1875  -0.142457
0.0625  -0.0172395
-0.21875  -0.281336
0  -0.00552232
-0.03125  -0.0785945
-0.1875  -0.111345
-0.28125  -0.0416261
0.03125  -0.0233816
-0.0625  -0.281294
0.21875  0.030155
0  -0.042321
-0.125  0.0647617
0.0625  -0.11778
-0.0625  0.0154303
0.1875  0.0857832
0.0625  0.103461
0  0.0676207
0.03125  0.168695
-0.09375  -0.224375
0  0.0534444
-0.03125  -0.0605416
0  -0.190769
-0.25  -0.0907924
-0.1875  0.202635
0.09375  0.127493
-0.25  -0.0962167
0.1875  -0.23883
0  -0.207591
0.09375  0.0276847
0.03125  0.0849901
0  0.123462
-0.25  0.0673619
0.125  -0.105477
0.0625  -0.00332884
0.03125  -0.366272
0.03125  0.0377978
0.09375  0.00562622
0  0.146565
-0.28125  0.0956635
-0.0625  -0.0831221
-0.0625  -0.164106
-0.03125  -0.0185042
-0.03125  -0.236936
-0.15625  0.146053
-0.0625  -0.0539842
-0.15625  -0.117978
0  0.193511
0.125  0.0256441
-0.25  0.173614
-0.09375  0.0833018
0.15625  -0.133274
-0.21875  0.0796224
0.0625  -0.105383
0.03125  0.0253379
0.09375  -0.202456
0.28125  -0.0198417
0  -0.159249
-0.0625  -0.0566294
0  -0.00935448
0  -0.0161406
-0.0625  -0.200435
-0.09375  0.148265
0.03125  -0.195452
0  0.0283764
0.125  -0.142292
-0.03125  -0.0255953
-0.28125  -0.00965154
0.03125  -0.0293763
-0.0625  0.229987
0.0625  -0.0474159
-0.03125  -0.125571
0.21875  0.00861537
-0.0625  -0.195677
0  0.0166918
0.15625  -0.0714417
-0.0625  -0.19181
0.125  -0.0417609
0.0625  -0.168111
-0.21875  0.0121844
-0.0625  -0.0556441
-0.0625  0.149998
0.0625  -0.082779
0.1875  0.0131066
-0.03125  -0.104354
0.0625  -0.12512
0.09375  -0.0464854
-0.09375  -0.133505
0.15625  -0.112943
-0.0625  -0.0733446
-0.09375  -0.155611
-0.125  0.33819
0.0625  -0.0934333
0.125  -0.234237
0.03125  0.0556821
0.0625  -0.192244
-0.1875  0.0185062
-0.03125  -0.0796785
0.0625  -0.0836076
-0.03125  -0.00333975
0.09375  0.0311598
0  0.0524416
0.1875  -0.137445
-0.15625  0.00378564
0.09375  0.141761
-0.125  -0.197077
-0.1875  -0.132016
-0.09375  -0.166271
0.21875  -0.11066
-0.1875  -0.0710307
-0.1875  -0.284039
0.125  -0.0243507
-0.03125  0.0333138
0  -0.0223568
0.125  -0.11498
0.15625  -0.242835
0.09375  0.0331145
0.3125  0.0711821
0.0625  -0.0285303
0.0625  -0.251052
0.09375  0.142097
0  -0.0192553
0.0625  -0.067011
0  0.0146791
0  0.109747
0.0625  -0.0715984
0  -0.246498
-0.03125  0.104776
-0.09375  -0.00131999
-0.1875  0.0200679
0.03125  -0.118906
0.125  0.0547251
0.09375  -0.0548041
0.03125  -0.00380178
-0.03125  -0.0825996
-0.0625  -0.010007
0  0.00903525
-0.125  -0.197868
-0.21875  0.124273
-0.09375  -0.204715
-0.09375  -0.101613
0.0625  -0.00665841
-0.0625  0.0953344
-0.0625  -0.381617
-0.0625  -0.0823741
-0.09375  0.0639322
-0.03125  0.0158019
0  0.0785581
0.15625  -0.00929467
-0.125  0.0516902
-0.09375  -0.224286
0  0.081054
-0.03125  0.0707641
0.1875  -0.156984
0.125  -0.0962959
-0.125  -0.185168
0.03125  -0.0365526
0.125  -0.0693498
-0.09375  -0.217041
-0.15625  0.0200823
-0.09375  -0.198149
0.03125  0.0779157
0.125  0.136404
-0.1875  0.196609
0.0625  -0.0725324
-0.09375  -0.0157399
-0.0625  0.0686587
-0.25  -0.0492353
0.21875  0.125878
0.09375  -0.126017
0.0625  -0.0100495
-0.0625  0.0470217
0.25  -0.0805295
0.0625  -0.115792
-0.03125  -0.154939
-0.0625  -0.0447162
0.09375  0.0732645
0  -0.0131272
-0.0625  0.028752
-0.03125  -0.0355846
-0.09375  0.0632138
0  0.116344
0.03125  0.244979
-0.09375  -0.0667449
0.03125  -0.118048
0.125  -0.336688
-0.0625  -0.349549
0.1875  -0.208739
-0.125  -0.30187
-0.03125  -0.236074
0.21875  0.0380832
0.25  0.0310041
-0.03125  0.130192
0.125  -0.257975
0  -0.179823
-0.15625  -0.162707
-0.15625  -0.341218
-0.03125  -0.0555361
0.0625  0.0514553
-0.21875  -0.1896
-0.0625  0.0808819
0.15625  0.110152
0  -0.00552013
0.0625  -0.0760023
-0.03125  -0.236281
0  -0.0663173
0  0.160288
0  -0.114586
0.15625  0.0270667
0.0625  -0.102026
-0.21875  0.0138757
0.09375  -0.097065
0  -0.138893
-0.03125  -0.126592
0.21875  -0.135778
0.125  -0.100105
0.125  0.102909
0.1875  0.145514
-0.15625  -0.0342621
0  0.184308
0.0625  -0.173827
0.125  0.0845437
0.03125  -0.0691005
0  0.0769543
-0.03125  0.12088
0.03125  -0.157579
-0.125  -0.0450753
-0.15625  -0.0132705
-0.03125  -0.0366827
0.125  -0.0388336
-0.03125  -0.0733127
0.03125  -0.0709933
-0.21875  0.0276475
0.09375  -0.223608
0.21875  -0.0906569
0.1875  -0.0128054
0.25  -0.107103
0.03125  0.0183558
-0.03125  -0.186262
0.1875  0.013041
-0.03125  -0.187281
-0.28125  -0.0330801
0.03125  0.0189661
-0.0625  0.0493002
0.03125  0.105553
0.1875  -0.0443175
-0.125  -0.240633
-0.03125  0.146562
0.21875  -0.121349
0.09375  0.12312
0.15625  0.129422
0  0.0978944
0.1875  -0.0865846
-0.09375  0.165698
-0.1875  -0.0392659
0.03125  0.13506
-0.0625  -0.010772
0.09375  -0.133224
-0.125  -0.174003
-0.09375  0.000580627
-0.15625  -0.194795
-0.1875  0.154091
0.125  -0.0700838
0.28125  -0.227492
0.09375  -0.26092
0  0.141107
0.09375  -0.0158155
0.125  0.00454135
0.1875  -0.0837907
0  -0.0725738
0.03125  -0.101126
0.09375  -0.0292369
-0.03125  0.0682152
0  0.014941
0.1875  -0.211284
0.125  -0.0195084
-0.0625  0.208596
0.125  0.170253
-0.09375  -0.156442
0  -0.166879
0.0625  0.0266079
-0.1875  0.120533
-0.0625  -0.00677396
-0.03125  -0.030437
0.03125  -0.0299266
0.0625  0.0741034
-0.09375  -0.0134162
-0.125  -0.164234
0  -0.117143
-0.09375  0.0540811
0.125  -0.117762
-0.21875  0.0254575
-0.1875  0.0376185
-0.0625  0.0948091
0.15625  0.00893415
0  -0.208815
0.0625  0.0354121
0.21875  0.136472
0.125  0.0970636
-0.03125  0.118841
0.21875  -0.103759
0.03125  -0.308889
-0.09375  0.0922962
0  -0.192647
-0.1875  0.0411423
0  0.027779
0.25  -0.0302438
-0.1875  -0.165525
0  -0.0616429
0.1875  -0.102055
0.125  0.0559145
-0.09375  0.00539582
-0.0625  0.189228
0.21875  -0.0734728
0.09375  -0.170917
0.125  -0.0193014
-0.0625  -0.178912
0.125  0.0469159
-0.15625  0.0878054
-0.09375  -0.331468
-0.21875  -0.127107
0.0625  -0.192309
0  0.063512
0  0.138268
0.0625  0.0481895
-0.09375  -0.202131
-0.15625  0.0257299
0.03125  -0.0835989
0.03125  0.249116
-0.15625  0.0926895
0.09375  -0.400108
-0.28125  -0.0830721
0.0625  -0.00898356
0.09375  -0.0588135
0.03125  0.146166
0.15625  0.0147489
0.0625  0.0339749
0  0.145726
-0.03125  -0.017926
-0.125  0.0465327
-0.09375  -0.071655
0.03125  0.138475
-0.09375  0.107952
0.09375  -0.176087
0.0625  -0.0410888
-0.125  0.0840684
-0.03125  0.271138
0  0.0726171
0.03125  0.0412927
-0.28125  0.0600817
-0.03125  -0.0207572
0  0.0641738
0.0625  -0.150978
-0.0625  0.197
-0.09375  -0.0283602
0.0625  0.129337
-0.0625  0.101621
0.15625  -0.094424
-0.09375  -0.142202
-0.03125  -0.0809424
0.03125  0.137436
-0.0625  0.0153258
-0.3125  -0.0794019
-0.03125  -0.111246
0.125  0.215633
-0.1875  0.0695632
-0.09375  -0.292499
-0.03125  -0.00331839
-0.15625  -0.0223093
0.125  -0.0235851
-0.0625  -0.119121
-0.09375  -0.176251
0.1875  -0.0983806
-0.0625  0.0591448
-0.125  -0.0574638
0.125  -0.312867
-0.03125  0.0632287
0.0625  0.17604
0.03125  -0.0938535
-0.28125  0.0929925
0.09375  0.0448361
-0.03125  0.0181156
0.09375  0.002686
-0.0625  0.163556
0.0625  -0.206714
0.03125  -0.139835
0.03125  0.104146
0.21875  0.0142858
0.09375  -0.0176218
0  -0.0219372
-0.125  0.159712
0.0625  -0.0854803
0  -0.11577
0.125  -0.079797
0.21875  -0.373939
0.15625  0.315081
-0.09375  0.0978946
0.09375  -0.0407947
-0.03125  0.0222111
0.0625  -0.0320517
0.4375  0.0671276
-0.21875  0.0210605
0.0625  -0.0123764
-0.09375  -0.17503
-0.0625  -0.0519884
0.03125  -0.033111
0  -0.121932
0.09375  -0.337047
-0.125  0.197323
0.125  -0.11171
-0.09375  0.0593196
0.25  0.0769193
-0.21875  -0.0803199
0.0625  -0.0931423
0.0625  0.24441
-0.0625  0.120476
0.09375  0.027039
0.15625  -0.0789663
-0.0625  -0.0714346
0.125  0.0551916
0.03125  -0.111098
-0.1875  0.141272
-0.1875  -0.0948452
0.09375  0.0362583
-0.0625  -0.120836
0.09375  -0.182235
-0.03125  -0.187199
0.1875  -0.0631505
0  0.0996011
-0.09375  0.234729
-0.25  -0.190948
-0.03125  0.0314309
-0.125  -0.00748043
0.125  -0.0783759
-0.0625  -0.057236
0.1875  -0.106232
-0.15625  -0.12209
0.125  0.065197
0  -0.10588
0.125  -0.134925
0.15625  -0.117421
-0.03125  0.0424523
0  -0.165297
-0.0625  -0.0716238
0.03125  0.0882941
-0.125  0.11808
-0.125  -0.218543
0  0.00368068
0  -0.00697053
0.09375  -0.228133
0.0625  -0.202374
0  -0.177953
-0.03125  -0.0792858
-0.15625  -0.43016
-0.03125  -0.115967
0  0.285491
-0.0625  -0.281339
-0.03125  -0.0710748
0.09375  0.166355
-0.0625  0.105029
0.21875  -0.0386406
-0.0625  0.171505
-0.03125  0.0134073
0  0.00184244
0.125  0.0284795
-0.09375  -0.155806
0.09375  -0.22365
0  -0.0923096
-0.03125  -0.0753469
0.28125  -0.115303
0.3125  0.0868091
-0.1875  -0.0498234
-0.15625  0.0730387
-0.09375  -0.0222334
-0.15625  -0.474073
-0.0625  0.00677239
-0.03125  0.0132362
0.09375  -0.32276
-0.03125  -0.00235596
-0.03125  -0.258963
0.0625  -0.0951276
-0.125  -0.0687048
-0.1875  0.0088744
-0.03125  -0.0451249
0.0625  -0.047007
0.1875  0.011888
0.25  -0.120892
0.03125  0.0247888
0.03125  0.122115
0.03125  0.043783
0.03125  0.0176836
0.1875  0.112913
0.1875  -0.0520052
-0.03125  -0.0211293
0.0625  0.0255994
0.0625  -0.0243421
-0.09375  -0.118164
0.0625  0.129278
0.125  -0.0607685
0  -0.0122401
-0.03125  0.0592319
-0.0625  0.178073
0.25  0.223475
0  0.146838
-0.09375  -0.215899
0.28125  -0.0840105
-0.09375  0.101898
0  -0.0883497
-0.09375  -0.0229633
-0.09375  -0.115781
-0.03125  -0.175393
0.15625  -0.25926
0.15625  0.0921243
-0.03125  -0.0540086
0.15625  -0.284192
-0.03125  0.0172334
0  0.00184152
-0.0625  -0.0790074
-0.03125  0.0240859
0.03125  0.173662
-0.125  -0.0216863
0.0625  0.176052
0.0625  -0.270519
0  -0.00419678
-0.03125  0.0765832
0.03125  -0.0348265
0.1875  -0.0764852
0.125  0.0784185
0.03125  -0.356075
-0.03125  -0.113219
-0.0625  -0.215394
-0.09375  0.0117575
0.03125  -0.140703
-0.09375  0.0600713
0.09375  -0.26108
0  0.216715
-0.15625  -0.098368
0.03125  -0.072977
0.15625  0.00325374
0.21875  -0.0453521
0  -0.249747
0.125  -0.175717
-0.0625  0.131573
0.09375  -0.0956075
-0.3125  0.188564
0  -0.0235802
0.125  -0.126328
-0.03125  -0.120962
-0.03125  0.235292
0  0.021032
-0.21875  -0.232125
-0.09375  -0.38529
0.09375  -0.0375014
-0.28125  -0.0759522
0.15625  -0.0182275
-0.0625  -0.113251
-0.125  -0.301798
-0.03125  0.0927033
-0.15625  -0.0263305
0  0.064828
0  0.0993549
0.28125  -0.0426563
0  0.0291075
0.125  -0.120964
-0.03125  0.0782663
0.0625  0.329108
0.0625  0.163011
-0.25  0.0422634
0.21875  -0.00383091
-0.0625  -0.176652
0.0625  0.0603408
0.09375  -0.100398
0.15625  0.0134844
0.125  -0.0963471
0.25  -0.367814
0  -0.091684
0.09375  0.112633
-0.0625  -0.178408
-0.03125  -0.196819
0.0625  -0.247568
0.125  -0.0582639
0.15625  0.199747
-0.0625  0.0939532
0.0625  -0.101621
-0.15625  -0.0334141
-0.125  0.108333
-0.09375  0.128009
-0.28125  -0.134847
0.09375  -0.198691
0.09375  0.095218
0.03125  0.0380294
-0.15625  0.123924
-0.03125  0.310565
0.15625  -0.374074
-0.0625  -0.0230418
-0.1875  0.0523365
0.03125  0.10662
-0.125  -0.0760399
0.125  -0.144582
-0.1875  0.0187167
0  -0.0840363
0.03125  -0.00943615
-0.03125  0.0771433
0.15625  -0.0692792
0.125  0.122189
-0.03125  0.0916792
0.09375  0.0616664
0.15625  0.0258232
0.0625  0.065604
0.15625  0.120224
0.0625  0.0213434
-0.0625  0.0642407
0.1875  0.0799984
-0.0625  -0.0734145
-0.125  -0.0281982
-0.15625  -0.0939459
0.09375  -0.00298777
-0.15625  0.0328764
0  -0.0686039
-0.09375  -0.0349215
0.0625  -0.108038
0  -0.173152
-0.0625  -0.108899
-0.125  0.0450868
-0.03125  -0.160195
0.03125  -0.187203
0.0625  -0.0838863
-0.03125  -0.0388782
0.0625  -0.0778795
-0.03125  -0.159087
0.09375  -0.124806
0.0625  0.137381
0.03125  -0.28433
0.125  -0.0210457
-0.09375  -0.099423
-0.0625  0.18389
0.3125  -0.09714
0.125  -0.0735963
0.03125  0.0936023
-0.0625  0.24382
-0.125  -0.251655
0.09375  -0.0904514
0.0625  -0.158183
-0.09375  0.0233247
0.0625  0.0626175
-0.125  -0.177908
0  0.0439069
-0.03125  0.220796
0  0.16082
0.125  0.176431
-0.03125  0.176155
0.21875  0.0339831
0.15625  -0.16128
0.03125  -0.0981888
0  0.0168726
-0.03125  0.0613548
-0.0625  0.000138265
0.25  -0.10609
0.09375  0.0138438
-0.0625  0.0168912
0.03125  -0.244972
-0.0625  -0.0641919
-0.09375  0.171453
0.25  -0.103058
0  -0.0760393
0.1875  -0.0168504
-0.125  0.101995
0.0625  -0.145122
0  0.0563008
0.125  -0.0870197
-0.1875  -0.0890353
-0.125  -0.102408
0.03125  -0.0131023
0  0.000381963
0  -0.0133302
-0.03125  -0.138288
-0.03125  0.133732
-0.28125  -0.00277556
-0.09375  -0.232403
-0.15625  0.0886074
-0.09375  -0.0806151
0.03125  -0.00764291
-0.15625  0.00824447
0.03125  -0.0997286
-0.09375  0.10099
0.15625  -0.0307007
0.09375  -0.0486311
0.125  -0.021155
0.125  0.0665629
0.03125  -0.0513867
0.09375  0.0768221
0.25  -0.196959
0.0625  -0.0710413
0.03125  -0.0203157
0.03125  -0.162347
0.28125  0.0666999
-0.03125  0.164197
0.09375  0.136829
0.1875  0.0140815
-0.3125  0.0633516
0.34375  0.0364217
0.1875  0.127886
-0.0625  -0.00927541
-0.125  -0.19435
0  0.0206598
0  0.060038
0.03125  -0.182387
-0.1875  -0.0135755
-0.21875  0.0631129
0.09375  -0.186293
-0.25  0.0993468
-0.0625  -0.162938
-0.28125  0.0737545
-0.09375  0.106097
0.125  0.0533555
-0.09375  0.0889404
0.125  0.0802925
0.03125  -0.258941
0.09375  0.072304
0.21875  0.224265
0.0625  -0.0525122
-0.25  -0.0296718
0.03125  -0.0193895
0.15625  -0.0864177
0.09375  -0.0699868
-0.03125  0.0346286
-0.09375  0.177606
0.09375  0.026022
0.1875  -0.241885
0.125  -0.0348775
0.15625  0.25166
0  0.144255
0  -0.0200279
0.03125  0.312103
0.03125  -0.0950713
0.21875  -0.0978528
0.28125  -0.233975
0.03125  0.131924
0  -0.0299641
-0.0625  -0.0858839
-0.03125  0.173702
0.21875  -0.245543
0.03125  -0.053364
-0.0625  -0.113629
-0.09375  0.0987736
0.21875  -0.241529
-0.0625  -0.0634711
0.03125  -0.0126296
0.0625  -0.198111
0.1875  -0.286393
-0.03125  -0.0835971
-0.09375  -0.0939576
-0.09375  -0.0758935
0.15625  -0.044456
0.09375  -0.185058
0.15625  -0.145315
0  -0.0131866
0.21875  0.0066007
0  -0.142194
0.09375  0.397011
-0.0625  0.088643
0.0625  -0.0573023
0.40625  0.18419
-0.0625  0.0698271
-0.15625  -0.0567989
0.09375  0.0681047
0.03125  -0.137858
-0.09375  -0.156219
-0.09375  0.197758
0.0625  0.0521748
0  -0.0362795
0.09375  0.0592476
-0.03125  0.0384877
0.03125  -0.113197
-0.0625  0.0147312
0.09375  0.157838
-0.1875  0.106151
-0.09375  -0.0647978
0  -0.0332684
0.15625  0.0775166
0.03125  0.0675558
-0.09375  -0.137864
0.0625  0.163351
0.0625  0.192266
-0.03125  -0.225502
0.03125  -0.117088
0.09375  -0.018548
0.0625  -0.0191598
0.0625  -0.0322923
0.0625  -0.095809
0.03125  0.180677
-0.0625  -0.13316
0.03125  0.129774
0.03125  -0.0482567
-0.15625  -0.00449454
0.125  -0.026109
-0.15625  -0.0308646
-0.03125  0.0164063
0.09375  -0.184713
0  -0.042832
0.0625  -0.205165
0.03125  -0.0751547
0.0625  -0.135109
-0.03125  -0.0622719
0  -0.0262907
0.03125  -0.040297
0  -0.0105594
0  -0.00266547
-0.09375  0.060117
0.0625  -0.009005
0.28125  -0.00861376
0  -0.0470911
0  0.0503971
0  0.0143014
0.25  -0.143707
-0.03125  -0.128532
0.125  0.0120448
-0.03125  -0.119304
-0.125  0.032947
-0.25  -0.00709958
0.09375  0.227194
0.25  0.0651406
0.03125  -0.121684
0.125  -0.20537
-0.125  0.0217726
0.0625  0.171862
0.03125  -0.0707396
-0.21875  -0.0891809
-0.15625  -0.0286498
0.03125  -0.0467778
0.125  0.178966
-0.03125  -0.199507
-0.21875  -0.0176297
0  0.0863518
-0.0625  -0.0513469
-0.0625  0.0446158
-0.09375  0.0615372
-0.03125  0.0917497
-0.03125  0.207397
-0.28125  -0.151335
-0.3125  0.109549
0.0625  0.097011
0.125  -0.11745
-0.0625  -0.0818946
0.15625  0.114791
0.25  0.251031
-0.03125  0.0115497
-0.0625  0.0201657
-0.15625  0.102955
-0.0625  -0.115053
-0.21875  0.14765
-0.09375  -0.139047
-0.03125  0.0230186
-0.03125  0.0277491
0.0625  -0.0234373
0.03125  0.0373181
-0.03125  0.0462111
0.03125  -0.0718788
-0.125  -0.0159037
-0.21875  -0.0775783
-0.0625  0.100387
0  -0.197933
-0.0625  -0.0373509
0.03125  -0.103503
0.0625  0.234447
0.28125  -0.13357
-0.125  0.0559662
-0.1875  -0.0169906
-0.125  0.0924387
0  -0.041648
-0.03125  -0.284384
0.09375  -0.0385182
-0.03125  -0.0921974
0.03125  -0.109471
0.0625  -0.204052
-0.09375  -0.188225
-0.03125  -0.0966406
0.15625  -0.0848269
0.03125  -0.115499
0.1875  -0.00561476
0.09375  0.0382503
0.21875  -0.142239
-0.0625  -0.0913586
-0.125  0.0257694
0.15625  -0.12556
-0.0625  -0.136014
0  0.0147883
0.03125  -0.066969
0  -0.181491
0.0625  0.00873772
0.1875  0.0368473
-0.09375  -0.163443
-0.03125  0.066451
-0.0625  -0.119822
0  -0.322729
-0.09375  0.181203
-0.03125  0.196198
0.0625  0.0238644
-0.125  -0.202104
0.03125  -0.102063
-0.125  -0.0413794
-0.3125  -0.0479781
-0.09375  0.00986588
-0.15625  0.167801
-0.125  -0.0947235
0.15625  0.160725
0.0625  0.12441
0.125  -0.208806
-0.125  -0.0331296
0.0625  -0.341245
-0.09375  -0.0331001
0.25  -0.02146
0.03125  0.0735331
0.125  -0.0682492
-0.03125  -0.250832
-0.0625  0.069784
-0.1875  -0.0167066
0.0625  0.274272
0  -0.0863584
0.03125  -0.132691
-0.125  -0.141575
-0.03125  -0.0990293
-0.1875  0.0967596
0.125  -0.126779
0.09375  -0.196008
0.0625  -0.030058
0.1875  -0.0257921
-0.03125  0.017834
-0.15625  0.00922426
0.09375  0.00201262
0.03125  0.0864705
-0.125  0.0674913
-0.03125  0.163316
0.1875  -0.0520155
-0.15625  0.178891
0.0625  -0.0694635
-0.0625  -0.225166
-0.21875  -0.161478
0.03125  -0.0148677
-0.28125  0.0772962
-0.125  -0.0207216
0.03125  0.0636525
0.125  -0.114044
-0.125  -0.0795619
0  0.0517072
-0.0625  0.163388
-0.09375  -0.0958192
0.03125  0.0931447
-0.1875  0.167172
0.03125  -0.28375
0.03125  0.00611077
0.21875  -0.132788
-0.25  -0.159458
0.03125  0.080538
0.09375  0.128184
-0.15625  0.0672451
0.1875  0.38383
-0.0625  0.28241
-0.125  0.0122289
0.03125  0.0490598
-0.09375  -0.162266
-0.34375  -0.0482339
0.125  -0.0308543
-0.0625  0.132778
-0.0625  -0.189908
0.1875  -0.105008
-0.15625  -0.125641
0.15625  0.0922189
0.0625  0.253608
-0.125  -0.206544
0.03125  -0.257638
-0.1875  -0.0887027
-0.03125  0.176556
0.15625  0.0375424
0.15625  -0.281444
0.09375  0.0161093
-0.09375  -0.156992
-0.125  0.0813594
-0.21875  -0.113413
0.15625  -0.0845558
0.125  -0.148393
0  0.0552308
-0.03125  0.13177
0.03125  0.0181881
0  -0.103571
-0.03125  0.0110007
0.03125  -0.171951
-0.03125  0.235126
0.09375  0.131851
-0.125  0.0611843
0.0625  -0.140496
0.0625  -0.184977
0  0.0867547
-0.1875  -0.106901
0.0625  -0.0847829
0.1875  -0.0127766
-0.21875  0.157373
-0.0625  -0.118163
0.25  0.028292
0  -0.0293184
-0.03125  0.0429522
0.21875  -0.203448
0.03125  -0.0617367
0.09375  0.168454
0.09375  -0.0969974
-0.0625  -0.12094
-0.03125  0.175905
0.0625  -0.0961061
0.09375  0.125662
-0.0625  -0.0377754
-0.09375  0.116474
0  -0.169559
-0.125  0.0520812
-0.0625  0.155269
0.09375  -0.150337
0.15625  0.0763876
0.15625  -0.188898
0.0625  -0.116843
-0.0625  0.0271419
0.03125  -0.146883
0.03125  -0.0600948
0.03125  0.114455
0.09375  0.11978
-0.03125  -0.0950525
0.03125  -0.148905
0.03125  -0.0224978
0.09375  0.0718899
-0.09375  0.230996
0.03125  0.142846
0.0625  0.137416
0  -0.264148
-0.03125  -0.0060259
0.125  -0.0306054
0.0625  0.140424
-0.1875  0.0626944
0.0625  -0.0854502
-0.125  -0.191708
-0.0625  0.0652205
0.34375  -0.159734
-0.1875  -0.0859972
0.03125  -0.276433
-0.03125  -0.14948
0.03125  -0.144275
0.0625  0.00408738
0.15625  -0.117682
-0.09375  0.110059
-0.0625  0.0348099
-0.09375  0.183463
0.0625  -0.223453
-0.125  -0.144112
0.125  0.18137
-0.03125  0.0212108
0.0625  -0.00251253
0.03125  -0.0451676
0.15625  -0.248052
-0.125  -0.32875
0.0625  -0.0157098
0.21875  -0.0763931
-0.03125  -0.00753591
0.09375  -0.0444121
0.21875  0.187961
0.0625  0.0324465
0.0625  -0.192282
0  -0.322302
0.03125  -0.0445719
-0.15625  -0.0432338
-0.03125  0.0180075
-0.15625  -0.0293249
0.09375  0.036394
0.0625  -0.348658
-0.125  -0.0940887
0.15625  -0.080628
-0.03125  -0.0616332
0.0625  -0.311179
-0.03125  0.116002
0.0625  -0.0837564
0.09375  -0.11955
0.03125  -0.331227
0.25  -0.106995
0.15625  -0.0862882
0.21875  0.188018
-0.0625  0.0208844
-0.21875  0.0330709
-0.0625  0.176482
0.21875  -0.11044
-0.03125  0.02757
-0.125  0.0787807
0  -0.193385
-0.125  -0.136357
-0.09375  0.278028
0.03125  0.0480226
-0.15625  -0.11112
0  -0.111227
0.09375  -0.076065
-0.0625  0.0139878
0  -0.00157589
-0.125  -0.233063
-0.09375  -0.0833976
0.15625  0.12953
-0.25  -0.0616249
-0.09375  -0.0231869
0.03125  -0.106609
-0.03125  0.208267
-0.21875  -0.0766722
-0.1875  0.0608211
-0.09375  -0.0939267
-0.15625  0.143269
0.25  -0.0286114
-0.15625  -0.0362646
-0.09375  -0.0250095
0.21875  0.245139
-0.03125  -0.155803
0.125  0.150374
0.09375  -0.00466623
0.0625  -0.161702
0.1875  0.106975
0  -0.140193
-0.21875  -0.0986748
-0.09375  -0.107444
-0.0625  -0.164968
0  0.118604
0.0625  -0.0354835
0.15625  -0.142583
0.21875  0.354718
0.0625  0.0457584
-0.03125  -0.13937
0.0625  -0.085039
0.09375  0.132482
-0.21875  -0.00471
0.15625  -0.0918936
-0.21875  -0.207736
0.25  0.129189
-0.03125  0.074802
0  -0.177156
0.03125  -0.0491677
0.03125  -0.0241431
-0.125  0.0302671
-0.125  0.114348
0.125  0.0124776
-0.0625  -0.0138286
-0.09375  -0.30662
0.25  -0.0801079
0.03125  0.048596
-0.28125  -0.112408
-0.0625  -0.130995
-0.0625  -0.12087
-0.0625  -0.0210381
0  0.0270601
-0.15625  -0.23302
-0.09375  -0.0199262
-0.09375  -0.119538
0.125  -0.169199
-0.0625  -0.307214
-0.28125  -0.0328315
-0.0625  -0.052971
0.03125  -0.279512
-0.125  0.0407475
-0.15625  -0.0847977
-0.125  -0.0173903
0.03125  0.0605929
0.03125  -0.0389652
-0.0625  -0.230336
0.15625  -0.179972
-0.1875  -0.123641
-0.15625  -0.237779
0  -0.056682
0.21875  0.0141868
-0.15625  -0.145743
-0.03125  -0.0330176
0.03125  0.123051
0  0.0529508
-0.03125  -0.141484
-0.0625  -0.072515
0  -0.195021
-0.375  -0.345391
-0.125  -0.194689
0.0625  -7.91259e-05
0.125  -0.105439
-0.21875  -0.0973976
-0.1875  0.115236
0.125  -0.0502133
-0.0625  0.268446
-0.09375  -0.0251682
-0.125  -0.0809757
0.09375  -0.164314
0.21875  -0.209896
-0.125  -0.228221
-0.0625  0.0493515
0.125  -0.135903
0.125  0.143073
0.0625  -0.327824
-0.09375  -0.0665226
-0.21875  -0.0171755
0.09375  -0.117064
0.1875  -0.0389222
0.15625  -0.21781
-0.375  -0.0756203
0  -0.170582
0.125  0.0897635
0  -0.0789818
0  -0.176221
-0.09375  -0.112882
-0.0625  0.13298
0.03125  -0.222405
-0.0625  0.173408
-0.09375  -0.0307888
0.03125  -0.187433
-0.21875  0.117775
0.21875  -0.00726553
-0.03125  -0.0470408
0  0.103673
0.125  0.0262188
-0.0625  -0.0498741
0.15625  0.102638
0  -0.00764141
0.0625  0.0174158
-0.125  -0.403535
-0.03125  -0.154037
0.1875  -0.00574571
0.15625  0.215202
-0.09375  -0.316288
-0.09375  0.290222
-0.1875  0.0736919
0  -0.0599992
0.125  0.0440138
-0.125  0.0864348
0.03125  0.0977634
-0.03125  0.0868149
0.1875  -0.0888171
-0.1875  -0.302817
0  -0.180848
-0.0625  0.042881
0.03125  -0.213358
-0.21875  0.16734
-0.09375  0.0037255
-0.03125  0.0229159
0  -0.275136
0.09375  0.107913
0.03125  -0.0493755
-0.0625  0.0299156
0  -0.19562
0.25  -0.177074
0.1875  -0.280121
-0.03125  -0.0571191
-0.0625  -0.168474
-0.0625  0.141103
0.03125  0.181093
0.15625  0.119785
0.09375  0.0717655
-0.0625  0.147033
-0.0625  0.249914
-0.25  -0.0403115
-0.0625  -0.251486
-0.0625  0.124114
0  -0.0980942
-0.09375  -0.0474758
0.125  -0.23331
-0.0625  -0.0476747
-0.0625  -0.231466
0  0.110113
-0.0625  0.0166464
-0.15625  -0.119697
-0.1875  0.0129744
-0.125  -0.260139
-0.125  -0.123396
0.1875  -0.237697
-0.0625  0.218799
0  0.0151148
-0.09375  -0.211213
0.125  -0.0935217
0  -0.0106563
0.125  -0.104537
0.0625  0.102748
0  0.254801
0.1875  -0.144876
-0.0625  0.0222396
0.15625  0.0463213
-0.21875  0.014155
-0.03125  -0.0389928
-0.21875  -0.302067
0  0.119287
0  -0.0282383
-0.15625  0.046407
0.125  0.208891
0  0.174818
0.09375  -0.186717
0.03125  -0.37354
0.0625  0.00422532
0.09375  0.0359614
0  -0.0584706
-0.25  0.088858
0.03125  0.0458954
0.0625  -0.00216757
-0.21875  -0.0262233
0.125  -0.0898818
0.21875  0.100813
-0.25  -0.281192
0.09375  0.232415
-0.15625  0.00962694
-0.0625  -0.0715948
0.0625  0.0772714
0.03125  -0.0104461
-0.21875  -0.112359
-0.0625  -0.175115
0.09375  -0.11456
-0.125  -0.0924558
-0.03125  -0.132317
0  0.0190024
-0.09375  0.278766
-0.0625  -0.078166
0.09375  -0.150359
-0.0625  0.0243071
0.03125  -0.0556614
0.03125  -0.138518
-0.125  -0.0233668
-0.0625  -0.0744366
-0.09375  0.00364244
-0.09375  0.16135
0.21875  -0.0197509
0.0625  0.162797
-0.0625  0.0138471
0.09375  0.0764671
-0.125  -0.000899119
-0.09375  0.0958138
0.25  -0.036855
-0.09375  -0.154063
-0.0625  -0.0680529
0.1875  0.0802067
-0.09375  -0.140672
0  -0.139084
0  0.0619216
0.0625  0.0206904
0.0625  -0.184191
0.125  -0.0471935
0.09375  -0.165095
0.09375  -0.166721
0.03125  0.140053
0  -0.108814
-0.09375  0.015027
-0.03125  0.0003483
0  0.0656459
0.1875  0.0336167
-0.15625  -0.23694
-0.09375  0.0211945
-0.15625  -0.0946491
-0.125  -0.170894
-0.03125  -0.116211
-0.09375  0.159484
-0.03125  0.200085
0.25  0.0608029
0.125  -0.0740088
0.09375  -0.22038
-0.1875  0.018766
-0.25  -0.122454
-0.03125  0.230451
-0.0625  -0.343003
0.0625  -0.00979802
-0.0625  0.190092
0.1875  -0.0305817
-0.25  -0.0485857
0.125  0.0145944
-0.15625  -0.146497
-0.09375  0.0684271
0  -0.00960612
0.25  0.173599
-0.0625  0.0611754
-0.1875  0.160068
0.0625  -0.197
0.09375  0.116512
0.125  -0.247493
0.0625  -0.290058
0.0625  -0.191384
-0.03125  -0.0842899
-0.03125  -0.0321259
-0.09375  0.0654319
-0.0625  -0.0309902
0.21875  -0.137081
-0.03125  0.0338686
0.0625  0.0195331
0.125  -0.0908325
0.03125  -0.0937361
0.125  -0.255397
-0.09375  0.0429935
-0.15625  -0.125382
-0.03125  0.0269317
0  -0.0637743
0.03125  0.200158
0.09375  -0.124116
-0.03125  0.0586697
0.09375  -0.0877516
0.125  -0.186068
0.125  -0.0722638
0.09375  -0.207411
0.03125  0.126607
-0.09375  0.0157581
-0.1875  -0.229717
-0.0625  -0.119268
-0.03125  -0.0357704
-0.125  -0.0392904
0  -0.0828397
0.0625  0.0169612
-0.0625  0.126499
0.15625  0.0628851
-0.03125  -0.108437
0.15625  -0.0575359
0.03125  0.0994788
-0.0625  -0.331229
-0.09375  -0.145575
0.03125  0.118519
-0.09375  -0.153338
-0.0625  -0.270336
0.09375  0.0172462
-0.0625  -0.122465
0.0625  -0.112088
0.03125  -0.0254103
0.1875  0.0826729
0.0625  -0.279499
-0.09375  -0.109832
0.125  -0.170473
0.0625  0.177126
-0.28125  0.0658823
0  0.175932
-0.1875  -0.103896
0.125  -0.264151
-0.0625  -0.104928
-0.03125  0.104204
0.0625  -0.0241134
0.03125  -0.0317638
-0.21875  -0.165231
0.1875  -0.112759
0.0625  -0.0322601
-0.03125  0.227327
-0.09375  -0.338266
0  0.0111806
-0.03125  -0.047873
-0.03125  -0.168221
-0.09375  0.0344749
0.03125  -0.094169
0.28125  -0.0981729
0.03125  -0.174991
0.15625  -0.0320771
-0.03125  -0.0438174
0.03125  0.0485524
0.09375  -0.160482
0.03125  -0.288553
0.25  -0.0846505
0.03125  0.0204235
-0.03125  -0.196294
0.0625  0.0851018
-0.0625  0.116239
0  0.120264
-0.03125  -0.0577195
0.25  -0.0353771
-0.0625  -0.135476
0.1875  -0.337892
0  0.00827796
-0.09375  -0.0145391
-0.09375  0.0492894
0.28125  -0.123264
0.125  0.00261343
0.03125  0.0537956
-0.1875  -0.11309
-0.03125  -0.162099
0  0.0207865
-0.0625  -0.117238
-0.15625  0.167514
-0.03125  -0.206231
0.125  -0.137741
0.09375  0.0252585
0  -0.0299886
-0.15625  -0.00970281
0.09375  -0.215891
0.15625  0.0163884
-0.125  0.0740707
-0.09375  -0.207297
-0.1875  -0.0992105
-0.15625  -0.078571
0.0625  -0.245505
-0.1875  0.165237
0.15625  0.0226325
-0.0625  -0.258087
-0.03125  0.0354898
0.125  0.0711998
0.03125  0.00212354
-0.09375  -0.123768
-0.03125  -0.207408
0.125  -0.0335752
0.09375  0.0301497
-0.09375  -0.188676
0.15625  0.0941801
0.1875  0.21865
0.0625  -0.0250102
-0.09375  0.0661866
0.03125  -0.111968
-0.09375  -0.04453
0  -0.125552
0.03125  -0.05425
0.03125  0.0370101
0.15625  -0.112754
0.03125  0.01109
0.0625  0.0217214
0.125  -0.0239651
-0.03125  -0.121938
-0.03125  0.259102
-0.09375  0.0494311
-0.09375  -0.109964
0.0625  0.0491973
-0.09375  0.0335862
-0.125  0.0468239
-0.15625  -0.0820982
0.03125  0.125712
-0.09375  0.0855361
0.1875  -0.0545976
0  0.0505694
0.0625  0.0696072
0.09375  -0.192642
0.09375  -0.202685
-0.09375  0.0897117
-0.0625  0.0277724
0.15625  0.128421
0.0625  0.379667
-0.09375  0.0895326
-0.125  -0.036156
0.28125  -0.0801698
0.0625  0.0390682
-0.28125  -0.13097
0.1875  -0.221574
-0.15625  0.0386376
0.09375  0.199261
0.21875  0.0926245
0.0625  -0.276461
0.21875  -0.285486
0  0.0308637
-0.1875  -0.153607
-0.125  0.100551
0.03125  0.175357
-0.09375  0.124723
-0.28125  0.0185239
-0.21875  0.00896183
-0.03125  -0.0424001
0.03125  0.0149393
0.1875  -0.00473126
0.15625  -0.163557
0.15625  -0.111419
-0.1875  -0.296991
-0.1875  -0.0328269
-0.0625  -0.0678369
-0.15625  -0.145333
-0.09375  -0.189874
0.03125  -0.0301059
-0.15625  -0.0345295
-0.15625  -0.237195
0.21875  -0.018158
0.125  0.13663
0  -0.0650414
-0.0625  0.025174
0.28125  0.243971
0.125  -0.0566781
0.0625  -0.0520105
-0.21875  0.0759377
-0.03125  0.0201438
-0.03125  -0.18429
0.03125  -0.223662
-0.28125  -0.114567
-0.21875  0.12149
-0.03125  -0.270445
-0.15625  0.285841
-0.0625  -0.017314
-0.03125  0.168624
0.0625  0.000885396
-0.03125  0.178398
0  0.0530205
0.0625  0.171807
0.15625  -0.172414
-0.03125  -0.0357967
0  0.0633061
0  -0.181723
0.03125  0.0909811
0  -0.0053023
-0.09375  -0.0833345
0.09375  -0.136084
0.03125  -0.0788647
-0.03125  -0.00612127
-0.3125  -0.155432
0.03125  -0.0530262
-0.125  -0.0417335
0.09375  -0.113873
0.25  -0.00106093
-0.0625  -0.0981851
-0.03125  -0.154213
0.03125  -0.0702915
-0.09375  0.0493378
0  -0.13943
0.125  -0.1406
-0.21875  -0.0300865
-0.03125  0.0289119
-0.0625  -0.0920819
0.125  0.0314393
-0.1875  -0.0197038
0.09375  0.0316691
-0.125  -0.104276
-0.15625  -0.30097
-0.09375  -0.0519921
0.21875  0.0495674
-0.15625  -0.228015
-0.03125  -0.099999
-0.0625  -0.0834976
0.15625  -0.108583
0.09375  0.00714722
0  -0.0504979
0.21875  -0.266088
-0.15625  0.146918
-0.09375  -0.00505191
-0.0625  -0.0671256
0.1875  -0.104793
-0.09375  0.0563628
0.0625  -0.0331767
-0.03125  -0.146954
-0.03125  0.210076
0.15625  0.0182485
0.0625  -0.13898
0.09375  0.032241
-0.0625  0.136821
-0.15625  0.0620959
-0.15625  -0.0847682
0.0625  -0.0358517
0.21875  0.0832347
-0.1875  0.0146897
0  -0.349713
-0.0625  0.0309167
0.1875  -0.0143635
-0.09375  0.270242
-0.03125  -0.297438
0.21875  0.0529858
-0.0625  0.280009
0.28125  -0.0999018
0.0625  0.127561
0.09375  -0.0520181
0.03125  0.105621
0.0625  0.0240047
0.125  -0.181609
-0.125  -0.209288
0.0625  -0.146181
0.03125  -0.333108
-0.03125  0.0185526
-0.15625  0.0781058
-0.15625  -0.341663
0.0625  -0.00143366
-0.03125  0.0592102
0.0625  0.0972355
0.03125  -0.1887
0.125  -0.0240457
0.15625  0.37351
0.09375  0.219866
0.03125  0.0669476
0.15625  -0.0906638
0.125  -0.143619
0.09375  0.0898106
0.0625  -0.0553811
0.0625  -0.114198
-0.03125  -0.0556423
0.1875  0.19429
-0.09375  0.0964971
-0.09375  -0.172484
-0.03125  0.00961742
-0.03125  -0.166311
0.0625  -0.109711
-0.0625  -0.216642
-0.125  -0.0799556
-0.125  -0.20182
-0.125  -0.0306732
-0.0625  0.110111
-0.03125  0.0742427
0.03125  -0.249385
0  -0.122597
0.125  0.0515845
0.03125  -0.0728587
0.0625  -0.029065
0  -0.19059
-0.21875  -0.124044
0.03125  0.00495567
0.15625  0.0348652
-0.03125  0.179318
-0.09375  -0.0322914
-0.03125  -0.00378932
0.21875  -0.121171
0  0.0461997
-0.0625  0.0602062
-0.0625  -0.065167
0.03125  -0.113599
-0.03125  -0.0358515
0  -0.266846
0.09375  -0.29131
-0.25  0.0264456
0  0.100888
0  -0.167321
0.15625  -0.213663
0.21875  0.0736367
0.0625  -0.0642929
0.0625  0.00861389
0.125  -0.0927115
0.03125  -0.0894085
0  -0.0778123
-0.0625  0.0475003
0  -0.11975
0.03125  0.0761464
0  -0.058151
-0.03125  0.03326
0.09375  -0.104832
0.25  0.0714292
-0.1875  -0.0499637
0.125  0.101697
0.15625  0.107905
-0.09375  0.0348116
-0.03125  0.0851306
0.03125  0.0144357
-0.125  0.373263
-0.03125  0.0589978
0.0625  -0.299633
-0.09375  -0.224885
0.1875  -0.148642
0.1875  -0.0327376
-0.0625  -0.164199
0.15625  -0.138974
0.03125  0.133113
0.0625  -0.18157
-0.0625  -0.175209
-0.09375  -0.156382
-0.3125  -0.312455
0.09375  0.00899795
0.03125  -0.129698
0.25  0.0645816
-0.09375  -0.304045
-0.125  0.149955
-0.0625  -0.222404
0  0.111654
0.0625  -0.0318067
0.1875  -0.0947436
0.0625  0.137817
-0.3125  -0.31941
0  -0.251109
0.21875  -0.180778
-0.125  -0.190898
-0.03125  -0.177663
-0.125  -0.260649
0.03125  -0.00406809
0.1875  -0.153392
0.25  -0.129236
0.03125  -0.0620408
-0.0625  0.0497637
-0.1875  -0.160414
-0.03125  -0.197371
0.3125  0.0148803
-0.125  -0.26845
-0.15625  -0.0157912
0.21875  -0.197971
0.03125  -0.184494
-0.0625  -0.035797
0  -0.14986
0.03125  0.10904
-0.0625  0.0894693
-0.0625  -0.192392
-0.125  0.0218285
0.15625  -0.0425216
0.15625  -0.240985
0.03125  -0.0848971
0  -0.127709
0.0625  -0.0405918
-0.1875  0.0506696
-0.0625  0.135991
0  -0.0645013
-0.0625  -0.151993
-0.0625  -0.0459398
0.03125  -0.0683449
-0.0625  0.00656221
0.03125  0.0217328
0.1875  -0.189782
0.0625  0.124177
-0.15625  -0.243034
0.0625  0.034426
-0.125  -0.0774273
0.15625  -0.125668
-0.03125  0.0478878
0.03125  0.0393872
-0.03125  0.152594
-0.1875  -0.0475032
-0.0625  -0.21983
0.15625  -0.220231
-0.0625  -0.0884708
0.125  0.0122068
-0.0625  0.00352277
0.0625  0.0478778
0.0625  -0.0706791
-0.09375  -0.137745
0.0625  -0.114716
-0.21875  -0.0171165
-0.03125  -0.00813678
0  -0.250479
-0.21875  0.0118565
0  -0.154506
0.125  -0.0873212
0.03125  -0.178251
0  0.0764693
-0.03125  -0.0118374
0.1875  -0.197965
0.125  -0.0890419
-0.28125  -0.246331
-0.09375  -0.0701374
-0.0625  -0.226026
-0.03125  -0.0373943
0.21875  0.176732
0.09375  -0.198879
-0.03125  0.170458
-0.15625  -0.052975
-0.09375  -0.0934353
0.15625  -0.0383479
0.0625  0.0729575
-0.125  -0.0735404
0.25  -0.0222546
-0.125  -0.101491
0.125  0.0720787
-0.0625  -0.0895628
-0.03125  0.235576
0.125  -0.00719842
-0.15625  -0.0805802
-0.0625  -0.0492733
0.03125  -0.00399258
-0.21875  -0.225769
0  -0.0751416
0  -0.240127
0.0625  0.00226191
-0.03125  -0.110672
0.09375  0.145102
-0.09375  -0.133874
-0.125  -0.156216
-0.25  -0.082781
-0.125  0.0945251
0.03125  0.291473
-0.15625  -0.0424955
0.1875  0.0413309
0.21875  -0.140591
0.125  -0.0920557
-0.09375  -0.0825858
-0.09375  0.0908323
0  0.0234915
0.03125  -0.136976
-0.15625  0.00619548
-0.125  -0.132634
-0.25  0.0467873
-0.125  -0.0543093
0.03125  0.184514
0.03125  0.24146
-0.28125  -0.0671206
0.0625  -0.107665
0.03125  -0.126776
0.3125  -0.0274192
0  -0.0460077
-0.15625  -0.111461
-0.15625  0.0287941
0.21875  -0.00355149
-0.1875  0.00880046
0  0.0806629
0.03125  -0.0598603
-0.09375  0.00435232
-0.09375  -0.135414
-0.125  -0.0735622
0.09375  0.0237965
-0.09375  0.000696157
-0.21875  -0.127153
0.03125  0.0951377
0.125  0.107669
0.125  -0.0462506
-0.09375  -0.0513782
-0.09375  -0.429361
0.375  0.180704
-0.125  0.0284459
0.0625  0.0318588
0.09375  -0.269516
-0.125  -0.0501792
0.15625  -0.0967989
0.03125  -0.268209
-0.0625  -0.122922
-0.03125  -0.118926
-0.03125  -0.0771465
-0.125  0.116487
0  -0.195958
-0.0625  0.0843184
0.21875  0.272049
-0.0625  -0.0312222
0.0625  0.0283278
0.03125  -0.0641504
-0.28125  0.307371
0.34375  0.340572
-0.125  0.103404
-0.03125  -0.35357
0  -0.280813
-0.09375  -0.0799097
0.09375  -0.0476702
-0.21875  0.143815
0.09375  0.0497323
0.03125  -0.14754
-0.0625  -0.0274011
0.125  0.0675756
-0.34375  -0.304948
0.09375  0.142452
-0.125  -0.213948
0.09375  0.145365
0.03125  -0.0680971
-0.0625  -0.25053
0.15625  0.0702496
0  0.0732101
0.0625  0.181313
-0.09375  -0.108606
-0.1875  0.0645952
0.09375  0.101476
-0.15625  -0.17434
0.03125  -0.133446
0.03125  0.0374065
-0.03125  0.0310717
0.03125  0.00699521
-0.09375  -0.141683
-0.0625  0.308925
-0.0625  -0.0822486
-0.09375  -0.0661594
0.09375  -0.0731586
0.1875  -0.123143
-0.03125  -0.0953115
0.0625  -0.0241375
0  0.0996463
-0.1875  -0.295936
0.0625  0.0372519
-0.125  0.0211247
0.03125  -0.0407203
0.09375  0.0471752
0.40625  0.0742622
0.15625  0.0757467
-0.1875  -0.0966576
0.34375  0.0248991
0.125  0.133558
0.09375  -0.069409
0.09375  -0.0701236
0.125  -0.108706
0.09375  -0.130446
0  -0.0532754
-0.375  -0.0478945
0  -0.137623
0  -0.0235348
0  -0.224676
0.125  0.035435
0.21875  -0.0243501
-0.21875  0.0493032
0.03125  0.0845687
0.03125  -0.0350542
0.09375  0.0804486
-0.09375  -0.100482
0  -0.113341
-0.125  -0.143915
0.03125  -0.114649
-0.125  -0.060797
-0.03125  -0.0575858
0.0625  -0.214703
-0.15625  0.0486987
0  -0.128556
-0.125  0.10998
-0.03125  -0.128716
0.125  -0.247124
0.15625  0.00620883
0.125  -0.107546
0.0625  0.0702179
0.125  -0.024449
0.1875  0.0144111
0.21875  0.13424
-0.125  -0.0606871
-0.15625  -0.268793
0.0625  -0.146082
0.15625  0.176544
0.15625  -0.0228093
0  0.0073736
-0.0625  -0.0451144
0.09375  -0.218759
-0.34375  0.153412
-0.15625  0.0194514
0.1875  -0.0985468
-0.21875  0.0800785
-0.03125  -0.0520047
0.25  -0.153805
-0.25  -0.0859405
-0.15625  -0.0609903
0  -0.0466365
-0.0625  -0.331137
-0.15625  -0.0162945
0.15625  -0.152388
0.03125  -0.206376
0.09375  -0.0300264
0.0625  -0.166777
0.1875  0.0864639
0.125  -0.0181022
0.0625  -0.284396
0  0.108564
0.03125  -0.110041
0.03125  -0.168318
0.09375  -0.187079
-0.125  0.0448241
-0.03125  -0.0343126
-0.0625  0.19404
-0.03125  -0.0324158
-0.03125  -0.220275
0.25  -0.263762
-0.125  -0.0175956
-0.28125  -0.130296
0  -0.103731
0.125  -0.404072
-0.09375  0.00146139
-0.0625  0.0100206
0  0.0188179
0.0625  0.095175
-0.03125  0.0943757
-0.125  -0.252388
0.21875  -0.0281445
0.03125  0.0372934
0.03125  -0.106126
0.03125  0.221103
0.03125  0.00393824
-0.09375  0.0766645
0.28125  -0.0399565
-0.09375  0.141297
0.03125  0.151422
0.03125  -0.340104
0.0625  -0.201017
0.03125  0.220302
0.125  -0.0937249
0  -0.120876
-0.03125  0.148
0.34375  -0.23239
-0.03125  -0.107449
-0.0625  0.0926606
0.15625  -0.0767987
-0.03125  -0.13542
0.0625  0.0634462
0.03125  -0.104764
-0.1875  -0.016515
0.03125  0.00370247
0.09375  -0.111867
0.25  -0.00883418
0.09375  -0.0701917
-0.03125  -0.0499815
0.03125  -0.190736
-0.03125  -0.224633
-0.125  0.0123136
0.09375  -0.100797
0.09375  0.136215
-0.03125  -0.195522
-0.0625  -0.167695
0.0625  -0.283426
-0.03125  0.105032
0.15625  -0.0232227
0.21875  -0.0874809
-0.03125  -0.160926
0.0625  -0.0172844
0.09375  -0.282995
-0.3125  -0.0191189
-0.0625  0.054797
-0.125  -0.0415229
-0.0625  0.0409726
-0.03125  -0.0752707
-0.28125  0.139446
-0.09375  -0.138344
0.21875  0.140951
0.125  0.0874933
0.125  0.0165442
-0.03125  0.0482634
-0.15625  0.212574
-0.1875  0.0148486
0.125  -0.0182017
-0.03125  -0.0689979
-0.21875  -0.259695
0.03125  0.00907725
0.03125  0.239972
0  -0.164286
0.125  -0.0731477
0.125  -0.31551
-0.03125  -0.225516
-0.03125  0.153354
0.15625  -0.0651447
-0.03125  -0.0891665
0.03125  -0.238714
-0.03125  -0.0628314
-0.09375  0.0399469
0  0.103201
-0.125  -0.03359
0.125  -0.113657
0.0625  -0.0753143
-0.03125  -0.226454
0  0.00248728
0.0625  -0.0364413
0.15625  -0.180429
-0.03125  0.0809675
0.125  -0.102878
-0.0625  0.0306911
-0.125  -0.416817
0.21875  -0.247063
-0.15625  -0.230479
0.15625  -0.0539117
-0.09375  -0.105637
0.0625  -0.2031
0.21875  0.0180003
0.0625  -0.155591
-0.03125  0.0669642
0.15625  -0.131816
0  -0.193151
0.0625  -0.0518184
0.3125  0.311621
0.125  0.053104
0.0625  0.187621
0.0625  -0.0520156
0.09375  -0.0550785
0.1875  0.301009
-0.0625  -0.092173
-0.125  0.0903275
-0.03125  0.00212184
0.0625  -0.160513
0.09375  -0.196686
0.03125  -0.0807798
0  -0.0761405
0.03125  0.0559503
-0.1875  -0.271467
0  0.133987
0.21875  -0.0672679
0.25  -0.0677622
0  -0.169153
0.0625  -0.11796
0  -0.0396832
-0.21875  -0.0672393
0.0625  0.266341
0.0625  -0.244414
0.25  -0.0488491
-0.09375  -0.108723
0.125  -0.0424382
-0.0625  0.113318
-0.25  0.0943362
0.21875  -0.142239
0.0625  -0.16258
-0.03125  0.0079371
-0.125  -0.0128298
-0.0625  -0.323471
0.34375  -0.0900618
-0.0625  -0.0524967
0.03125  -0.216664
-0.25  0.206426
0.3125  -0.00119654
0.09375  -0.0798826
-0.15625  -0.039842
-0.03125  -0.112753
0.0625  -0.294709
-0.03125  0.227924
-0.09375  -0.082432
0.03125  -0.132556
0.25  0.0362715
0.09375  0.129218
-0.09375  0.0205361
-0.09375  -0.184584
0.125  -0.168626
-0.125  -0.293802
0  0.0147632
-0.03125  -0.197543
-0.03125  -0.135567
0.1875  0.138158
-0.03125  0.0496197
0.0625  0.109156
0  0.0241522
-0.125  0.204744
0  -0.134726
-0.15625  -0.395667
-0.03125  -0.157491
-0.25  0.12992
-0.09375  -0.0817786
0.09375  -0.411088
-0.03125  -0.0525009
0.28125  0.216288
0.125  0.125438
0.15625  0.117433
0.03125  0.0429548
-0.0625  -0.0220923
-0.125  -0.0167522
0.0625  -0.0149071
-0.125  0.055473
-0.09375  -0.144437
-0.09375  -0.108355
-0.03125  0.0940921
-0.25  0.231051
-0.1875  -0.088078
0.0625  0.0213499
-0.21875  0.069171
0.15625  0.221045
-0.0625  -0.166636
-0.03125  0.0489023
0.09375  -0.245307
-0.0625  0.105452
-0.125  -0.0986798
0.0625  -0.271899
0.09375  -0.177208
0  0.051742
0.28125  -0.0279768
-0.09375  -0.199271
0.03125  0.250261
-0.0625  -0.0556946
0.1875  -0.113637
-0.0625  -0.0912681
0.09375  -0.11091
0  -0.154222
-0.03125  -0.0271536
-0.21875  0.0124484
-0.34375  0.00694743
0.125  -0.0141173
0.0625  -0.139168
0.03125  0.105316
0.125  -0.158722
-0.0625  -0.0907473
0.03125  -0.0952893
0.03125  0.00443618
0.21875  0.0185316
-0.0625  -0.00130885
0  -0.064494
-0.09375  -0.120231
0.0625  -0.184821
0.0625  -0.256084
0.03125  -0.109379
0.0625  -0.089726
-0.09375  -0.171654
0.1875  -0.0254308
-0.0625  -0.0498565
0.15625  0.0888471
-0.1875  -0.213246
0.125  -0.0872372
0.0625  0.0785603
0.03125  -0.3769
0.125  0.0337377
-0.09375  -0.150867
0.15625  0.0478171
-0.21875  -0.120748
0  -0.0660126
0.09375  0.0957158
0.15625  -0.0845
0.09375  -0.0939303
0  -0.181696
0  -0.195731
0.0625  -0.0216606
0.09375  -0.0579202
0.28125  0.138223
-0.03125  0.231622
0.125  0.0661451
-0.125  -0.220961
-0.03125  0.105445
0.25  -0.272367
0.03125  -0.125047
0.125  0.0558006
0.21875  -0.0904976
0.28125  -0.24674
-0.28125  -0.0646165
-0.0625  -0.0536722
0.03125  0.130557
0.15625  -0.106009
0.03125  0.152845
0.15625  -0.168134
-0.21875  -0.0559845
-0.0625  -0.297772
0.125  -0.203224
0.1875  -0.0342337
-0.25  0.174088
0  -0.0989392
-0.15625  -0.00845852
0.09375  -0.0313843
0.09375  0.084129
0.15625  -0.184458
0.03125  -0.152211
0.25  -0.0791207
0.15625  0.135526
-0.03125  -0.138322
0.03125  0.0442361
0.03125  -0.014835
-0.25  0.100903
-0.03125  0.0870596
0  -0.0780166
0.21875  -0.0196636
-0.0625  0.218617
0.21875  -0.075358
0.09375  0.0585576
0.15625  -0.0321111
0.0625  0.0520134
0.0625  -0.00854232
-0.0625  -0.0169916
-0.03125  -0.217434
0.0625  0.0509289
0.1875  -0.115292
0.28125  0.0228977
-0.03125  0.0211139
0.125  -0.168167
0  -0.0142026
-0.0625  -0.0858915
-0.03125  -0.168879
-0.25  -0.059033
0.0625  -0.115386
-0.125  -0.21736
0.03125  0.262442
0.21875  0.118418
-0.0625  0.0385259
0.03125  -0.21837
0.125  0.121783
0.1875  -0.0696642
0  0.111521
-0.21875  -0.0819257
0  -0.0240382
-0.03125  -0.0644896
0.125  -0.0837096
0.0625  -0.247624
-0.1875  0.00881062
0.0625  -0.0542827
-0.03125  -0.104056
-0.09375  0.104236
0.03125  -0.111983
-0.09375  -0.214958
0  -0.198533
-0.15625  0.0393559
0.21875  -0.10781
-0.09375  -0.00243918
0  -0.0939847
-0.0625  0.108636
0.0625  -0.0548159
0  0.0160645
-0.0625  0.112714
0  0.167596
0.21875  -0.173097
0.0625  -0.0596571
-0.09375  -0.0316579
-0.03125  0.0517034
0.09375  -0.336661
0.0625  0.180348
0.0625  -0.43172
0  0.0957659
-0.21875  -0.261879
0  -0.0705824
0  -0.014489
-0.125  -0.139023
0  -0.181359
0.125  -0.0402254
0.15625  0.00111365
-0.28125  -0.0728713
-0.0625  -0.172807
0.15625  -0.0926976
-0.09375  -0.05716
0.125  -0.32443
-0.09375  0.0795738
-0.125  -0.128426
0.09375  0.0465782
0  0.0441132
-0.15625  0.0176326
-0.03125  -0.130014
0.15625  -0.133006
-0.1875  -0.175792
0.3125  0.00909101
-0.375  0.128479
0.0625  0.0260872
0.1875  0.03699
-0.03125  0.091652
-0.125  0.0195105
0.0625  -0.0718857
-0.1875  -0.209463
0.03125  0.0222834
-0.03125  -0.221761
-0.0625  -0.0785466
0.125  -0.227816
-0.15625  -0.00912227
0.0625  0.118889
0.1875  -0.126042
0  0.0182539
0.0625  -0.268414
-0.15625  -0.0662538
0.09375  -0.0859012
0.125  -0.180512
0.15625  -0.0577146
-0.125  -0.0431393
0  0.126839
0.0625  -0.0886791
-0.03125  -0.0644133
0  -0.0931552
-0.03125  -0.0173843
0.1875  -0.114953
0  0.00832684
0.03125  0.123871
0.0625  -0.222599
-0.0625  -0.149042
0  -0.128777
-0.1875  -0.253265
-0.03125  -0.152109
0.09375  -0.111782
0.125  0.0990309
-0.0625  0.08413
0.03125  -0.18569
0.03125  -0.00631423
-0.125  0.0643383
-0.15625  0.0507248
0.0625  0.0417114
0.125  -0.167833
-0.03125  -0.0068851
0.25  -0.0767738
0.0625  -0.269162
-0.09375  0.195638
0  -0.133911
-0.09375  -0.0443141
-0.03125  0.0160978
0.21875  -0.180896
0.03125  0.0356492
0.0625  -0.309732
0.0625  0.0595005
-0.03125  -0.00140909
-0.03125  -0.019078
-0.09375  -0.0110638
-0.15625  -0.0065204
-0.15625  -0.131199
-0.15625  -0.176077
0.0625  0.216772
0.0625  0.0277948
0.125  -0.125084
0  -0.0925529
-0.0625  -0.0421055
0.03125  0.0782084
-0.0625  -0.159064
-0.03125  -0.203567
-0.03125  -0.0534841
0  0.0793936
0.15625  -0.150659
0.1875  0.0587743
0.15625  0.0315575
0.03125  0.00599041
0.03125  0.179028
0.03125  -0.203212
-0.0625  -0.250447
0.25  -0.000549904
-0.09375  0.157513
-0.21875  0.254452
0.0625  0.0331987
-0.03125  -0.259252
-0.03125  -0.0855018
-0.09375  0.0754786
0  0.136721
0  -0.0917502
-0.0625  -0.0767989
-0.09375  -0.124552
-0.03125  0.0476504
0  -0.0736579
-0.03125  0.0207944
-0.03125  -0.116454
0.0625  -0.0590815
0.125  -0.0767015
0.0625  0.0608691
-0.09375  0.0146652
-0.09375  -0.246896
0.1875  -0.133841
0.09375  0.0282385
-0.09375  -0.0539863
0.1875  -0.157701
0  -0.095131
-0.125  -0.180044
-0.03125  0.0980354
-0.125  0.0419304
0  0.0385738
0  -0.240062
-0.125  -0.178067
0  0.0781073
0  0.014642
0.0625  -0.126205
0.0625  0.0283328
0.0625  -0.286641
-0.09375  0.0373691
-0.09375  -0.00861293
0.0625  -0.115822
0.15625  0.0608018
-0.15625  0.0878613
0  0.0483032
-0.0625  0.119315
0.0625  -0.0328138
0.03125  0.184471
0.09375  -0.0650368
0.28125  -0.253211
-0.0625  -0.221314
-0.15625  -0.0651011
0.28125  -0.0350424
-0.09375  -0.0527538
-0.28125  0.0466951
0.09375  0.0951091
0.0625  -0.014361
-0.03125  -0.066727
0.09375  -0.0416459
0.03125  0.193886
0  -0.00966388
-0.125  0.157018
-0.03125  0.10998
-0.0625  0.205766
-0.1875  -0.132611
0.1875  0.00525625
-0.28125  -0.0111847
-0.125  0.169906
-0.03125  0.00397456
0.03125  0.256803
-0.125  -0.0593953
0.21875  -0.0860448
-0.0625  -0.105781
0.0625  -0.0784617
-0.1875  -0.195792
-0.125  -0.167817
0  0.146858
0.0625  -0.120338
0  0.0593463
-0.0625  -0.174571
0.09375  0.235719
0.125  -0.195037
0.03125  -0.201171
0.0625  -0.0359083
0.125  0.0149608
0.28125  -0.176383
0.125  -0.159961
-0.0625  -0.044832
-0.0625  -0.131654
-0.09375  -0.046925
0.03125  0.105064
0.28125  -0.0728116
-0.03125  -0.284853
0.09375  0.120496
0  -0.0101106
-0.03125  -0.0403587
0.0625  0.0998267
0.09375  -0.150147
0.03125  0.0633329
-0.03125  -0.114386
0.21875  0.0897692
-0.03125  -0.103558
0.03125  -0.0690936
0.03125  0.179178
-0.0625  -0.228659
-0.03125  0.0241461
-0.125  -0.115416
-0.03125  0.0368755
0.0625  -0.112618
0.1875  -0.0583714
-0.15625  0.30638
-0.09375  0.142501
-0.125  -0.00611321
-0.15625  -0.0157964
-0.0625  -0.144284
-0.0625  0.0143482
0.0625  0.139561
-0.03125  -0.137054
0.15625  0.154026
0.125  -0.144315
0  0.0705631
-0.03125  0.04492
-0.3125  -0.149351
-0.03125  -0.15999
0.1875  -0.0292015
0.03125  -0.160195
0  0.00596395
0  0.0316313
-0.0625  0.0152757
-0.0625  -0.0839897
-0.1875  -0.141987
0.125  -0.186887
0.125  0.0142801
-0.0625  0.153952
-0.0625  -0.150656
-0.0625  0.0113406
-0.28125  0.0142563
0.1875  -0.348128
0.21875  0.181205
0.0625  0.216066
-0.03125  -0.151261
0.15625  -0.0391736
0.0625  0.0644312
-0.125  -0.128722
-0.125  -0.0314244
-0.09375  0.181893
0.125  -0.0717003
0.03125  0.0470098
-0.0625  0.226512
0  -0.0539558
0  -0.215577
0.03125  0.108214
0.15625  -0.24578
-0.125  0.087327
-0.09375  -0.169574
-0.375  -0.311363
-0.0625  -0.0969078
0  -0.0325086
0.03125  0.0271178
-0.03125  -0.02731
0.25  -0.0739617
0.125  0.0329857
-0.21875  0.0913295
-0.03125  0.153171
0.0625  -0.264626
0  -0.0664898
-0.0625  -0.0158147
-0.09375  0.307486
0.03125  0.18302
0.21875  -0.0508993
0  -0.17459
-0.09375  -0.101355
0  -0.0128147
-0.09375  0.000298983
-0.3125  -0.13641
0.03125  -0.00369184
0.125  -0.0824323
-0.0625  -0.296045
-0.03125  0.0408145
-0.03125  -0.226802
-0.0625  0.0530871
0.15625  0.165469
0.03125  -0.175921
0.28125  -0.123192
-0.03125  0.206362
-0.0625  -0.250683
-0.15625  0.0323338
-0.09375  -0.0175836
-0.15625  0.0755018
0.125  -0.189033
0.03125  -0.05462
0  -0.224144
-0.125  -0.289037
-0.09375  -0.0523852
-0.125  0.029239
-0.0625  0.125181
0.1875  0.0391761
-0.1875  -0.233278
0.09375  -0.0115236
-0.125  0.254114
-0.03125  -0.00501872
-0.1875  0.00672056
-0.03125  0.0278151
-0.0625  -0.162632
-0.0625  -0.250326
0  0.117336
0.03125  -0.117061
-0.1875  0.0477972
0.03125  0.103489
0.09375  -0.00449639
0.1875  0.0539519
-0.15625  0.0554223
0.1875  -0.0855818
0.1875  -0.0451908
0.0625  -0.220257
0.0625  -0.138882
0.0625  -0.122216
0  -0.182941
-0.15625  0.124496
0.09375  -0.0236302
-0.09375  -0.0572045
-0.125  -0.0404328
0.03125  0.0375035
0.1875  0.093026
-0.25  -0.117928
0  0.155798
0  0.171209
0.09375  0.0110335
0.1875  -0.0506694
-0.0625  -0.224455
0.25  -0.200581
-0.03125  -0.253437
0.0625  0.0991976
0.0625  0.0769819
-0.03125  -0.171955
-0.09375  -0.22443
-0.0625  0.0109086
0.0625  -0.176941
0.21875  -0.392255
0.0625  -0.365605
-0.125  0.183231
-0.09375  -0.0674819
-0.375  0.00234334
-0.0625  -0.167163
0.0625  -0.0844967
-0.21875  -0.0366859
-0.03125  0.108564
0  0.0579944
-0.125  -0.0553327
0.21875  0.182732
0.25  0.158753
-0.0625  0.106763
0.125  -0.0419587
0  -0.110943
0.09375  -0.253143
0  -0.108411
0.03125  -0.257678
-0.03125  -0.247604
0.125  0.165886
-0.09375  0.120982
0.15625  -0.0471929
-0.125  0.0480929
-0.1875  0.186788
0.09375  -0.0206337
-0.03125  -0.0636169
-0.09375  0.00062147
-0.125  -0.0210512
-0.125  -0.0299903
-0.09375  -0.201755
-0.0625  -0.254145
0.3125  -0.0958586
0  -0.113831
0.25  -0.047162
-0.125  -0.137277
0.125  -0.300376
-0.21875  -0.228851
-0.03125  -0.183051
-0.09375  -0.077585
0  -0.0446123
0.1875  0.0129555
0.03125  -0.238045
0.09375  0.181575
0.125  -0.27093
-0.03125  -0.208637
0.15625  0.0190966
0  -0.12746
0.0625  -0.0570195
-0.15625  -0.0418115
-0.09375  0.0147079
-0.125  0.215264
0.15625  -0.0217965
-0.0625  -0.145047
0.03125  0.00700845
-0.1875  -0.170835
0.09375  -0.213439
-0.03125  -0.138474
-0.09375  -0.127196
0  -0.035779
0.21875  0.0498859
0.21875  -0.062078
-0.21875  0.0728528
0.0625  0.122686
-0.125  0.137619
0.03125  -0.0246005
0  -0.11488
0.25  0.0294929
-0.0625  0.0736158
-0.0625  0.254769
-0.0625  0.0680607
0.1875  0.140531
0.09375  -0.0960358
-0.15625  -0.211805
0.0625  0.038981
0  -0.00944844
-0.09375  -0.0327822
0.25  0.0468828
0.125  -0.194647
-0.09375  -0.156962
0  -0.0806614
-0.09375  -0.0112123
-0.25  -0.0701103
-0.03125  0.0833732
0.1875  -0.179598
-0.0625  0.222757
0.125  -0.130664
-0.28125  0.35854
-0.15625  -0.209573
0.125  -0.222915
-0.09375  -0.149664
0.0625  0.335915
0.09375  -0.145069
0.28125  -0.295829
0.21875  -0.179566
0.03125  0.101861
-0.0625  -0.103087
-0.09375  -0.1993
0.125  0.0132852
0.1875  -0.13089
0.03125  -0.15335
0.15625  -0.170187
-0.0625  -0.215374
0.125  -0.0202041
0.15625  0.000318797
0.09375  -0.0345715
0.0625  -0.0664954
0.28125  -0.0707517
0  -0.198636
0  0.042504
-0.0625  -0.040639
-0.09375  -0.0142763
-0.25  0.0712969
-0.03125  0.188705
0.15625  -0.124898
-0.03125  -0.266777
-0.0625  -0.0249685
0.125  0.155341
-0.09375  -0.151737
-0.15625  -0.0712424
-0.03125  0.179113
0.09375  0.0569781
-0.03125  -0.0629174
-0.21875  0.191741
0.09375  -0.0891543
-0.03125  -0.13069
-0.15625  0.173449
0.03125  0.0126503
0.03125  -0.309578
0.125  -0.145944
-0.03125  0.0503138
0.09375  0.0258562
-0.125  -0.172908
-0.03125  0.206243
0  -0.0573208
-0.03125  -0.0946421
-0.125  -0.0164644
-0.125  0.016759
0.09375  -0.0608423
-0.1875  0.0649647
0.03125  -0.0835834
-0.03125  0.0623434
0  0.156787
-0.125  -0.0666383
-0.21875  -0.117284
0.0625  -0.11825
0.0625  -0.035356
0.03125  0.0755287
0.15625  0.145495
0.03125  -0.0681237
-0.125  -0.123225
-0.1875  0.0600435
-0.0625  0.239829
0.0625  -0.0821223
0.125  -0.0365219
0  -0.160437
-0.125  -0.229268
-0.0625  0.0288078
0.1875  -0.18227
-0.25  0.0593268
0.09375  -0.357126
0.09375  -0.174541
-0.09375  0.0857823
-0.03125  0.147871
0  0.0862167
0  -0.0908621
0.09375  0.144918
0.0625  0.0729789
0.0625  -0.00783165
-0.1875  -0.0206765
0.0625  -0.0324419
0.1875  -0.0340422
0.09375  -0.209695
-0.1875  -0.0164538
-0.0625  -0.120417
-0.0625  -0.00756096
0  -0.0852198
-0.09375  -0.098997
-0.0625  -0.0364952
-0.0625  -0.278142
-0.03125  -0.224697
0.03125  0.116901
0.09375  -0.073808
-0.1875  -0.139775
0  0.041962
0.09375  0.166227
0  -0.099052
0.125  0.0388833
-0.09375  0.181222
0.25  -0.130102
0  -0.206876
-0.09375  -0.0545768
-0.0625  -0.196421
-0.03125  0.0194884
0.0625  -0.0109444
0.125  0.131195
-0.125  -0.275525
0.125  0.230269
0.09375  -0.284077
-0.09375  -0.0870855
0.03125  -0.0417987
0  -0.166255
0.1875  0.0167912
0  0.0306514
0.125  0.113921
0.125  -0.0743729
0.03125  -0.0627281
0.09375  -0.125505
0.03125  -0.0691197
-0.09375  0.0243745
-0.28125  -0.136533
0  0.0520573
-0.1875  -0.119141
-0.125  -0.266295
-0.03125  0.0983364
-0.03125  0.0505317
0.1875  0.113011
0.09375  0.0188679
0.40625  -0.109294
0.03125  -0.265265
-0.0625  0.0274977
-0.09375  0.13663
-0.0625  0.111884
-0.1875  0.0328461
-0.15625  -0.247302
-0.03125  0.0518905
-0.03125  0.0358262
-0.03125  -0.0423557
-0.125  -0.328415
-0.28125  -0.0835512
0.1875  -0.233036
-0.1875  -0.104063
0.09375  -0.136278
0  -0.0911572
-0.125  -0.0603544
-0.0625  -0.0445452
-0.0625  -0.15429
0.03125  -0.0232374
-0.09375  -0.0942178
-0.21875  -0.281104
0.15625  -0.08348
-0.21875  -0.00430982
-0.03125  -0.0485294
-0.125  0.0454882
0  -0.270399
0.03125  0.0232272
-0.03125  -0.207857
-0.0625  -0.0338131
-0.1875  -0.012242
0.1875  -0.205527
-0.09375  0.0303782
-0.15625  -0.0580144
0.25  -0.0651644
-0.09375  -0.0452859
0.09375  -0.323982
0.09375  -0.197006
-0.0625  0.0738179
0.1875  -0.0892743
0.1875  0.00598981
-0.0625  0.166416
0.0625  -0.0879073
-0.3125  -0.176645
0  -0.210618
0.125  -0.162287
0.03125  -0.117016
-0.15625  0.235584
-0.09375  0.0173181
0.09375  -0.143435
0.09375  -0.085137
0.03125  0.0663375
-0.1875  -0.235906
-0.0625  0.00692479
-0.0625  -0.00230272
-0.03125  -0.0817315
-0.125  -0.136276
0.125  -0.0536621
0.03125  -0.122537
-0.21875  -0.155952
-0.15625  -0.0867381
0.09375  0.015402
0.03125  0.0173704
-0.03125  -0.0799037
0.03125  -0.0443003
0.0625  -0.310333
0.21875  -0.0436948
0  0.111081
0.28125  -0.180801
-0.3125  0.28131
-0.125  -0.315899
-0.03125  -0.0966128
-0.0625  -0.161144
0.0625  -0.124035
0.09375  0.116481
-0.0625  0.203122
-0.09375  -0.116386
0.09375  0.130279
0.1875  -0.12525
-0.125  -0.211209
0.15625  -0.125731
0.03125  0.0781371
-0.09375  -0.107394
-0.09375  -0.0724311
0.0625  -0.0105644
0.125  0.0821486
-0.21875  0.0224897
0.125  0.0725527
-0.09375  -0.288686
0.1875  -0.131952
0.125  -0.115489
0  -0.0513939
-0.125  -0.100164
-0.09375  -0.268003
0.21875  -0.0990678
0.1875  -0.155254
-0.09375  -0.0619132
0.15625  -0.00695987
-0.21875  0.186443
-0.09375  0.051191
-0.09375  0.0356529
-0.03125  0.28073
0.15625  -0.0534079
0  -0.155193
0  -0.080039
0.125  -0.244458
-0.03125  -0.0216823
0.125  -0.0184358
-0.0625  -0.250268
0.0625  -0.0242184
0.03125  -0.131503
-0.0625  -0.0716973
0  0.118406
0.0625  -0.356552
-0.03125  -0.227343
-0.0625  -0.00838732
0.28125  -0.330341
-0.03125  0.130121
0.28125  0.0449441
0.25  -0.173475
-0.125  0.291926
0.15625  0.0453109
0.125  -0.061498
-0.125  0.104684
0.03125  0.0714143
0  -0.041258
-0.0625  -0.0301672
0.03125  0.0555761
0.09375  -0.0800552
-0.03125  0.15742
0.125  0.0226342
-0.1875  0.149455
0.1875  0.107023
-0.125  0.0391785
-0.09375  -0.164467
0  0.000113065
-0.09375  0.0559193
0  -0.156433
0.09375  -0.0373727
0.03125  0.0825611
0  0.10154
-0.15625  0.0654971
-0.125  -0.00640579
-0.09375  -0.121257
0.09375  -0.186158
0  -0.00923936
-0.0625  0.125077
0.15625  -0.0347228
-0.25  0.0304971
0.09375  -0.201402
0  0.0551524
0.0625  0.100104
-0.03125  -0.0162995
-0.03125  -0.0663501
-0.1875  -0.217295
-0.15625  -0.0883139
-0.03125  0.0867814
0.0625  0.0876381
-0.25  0.147751
0.03125  0.323572
0.15625  0.177658
0  0.0974256
-0.1875  0.185661
0.1875  0.0232501
-0.125  -0.0893123
0.09375  -0.122886
-0.125  0.157367
0  0.122125
-0.09375  -0.0102807
0.21875  0.0818275
0.09375  -0.0304741
-0.125  0.00950199
0.09375  0.0844943
0.09375  -0.07176
-0.0625  0.0303188
-0.21875  0.0395499
-0.0625  0.0033134
0.125  0.14407
-0.21875  0.06665
-0.1875  -0.0198855
0  -0.117017
-0.125  0.0639545
0.1875  -0.122471
-0.0625  0.00470038
0.03125  -0.235054
0.15625  0.0331471
0  -0.137921
-0.03125  -0.330204
-0.03125  -0.0839454
0.15625  -0.242426
0  -0.252018
-0.09375  -0.0156942
0.09375  -0.0616941
0.03125  -0.167521
-0.03125  -0.0808688
0  -0.00348459
-0.1875  -0.00344496
0.09375  -0.102712
0  -0.144256
-0.1875  0.221793
-0.0625  -0.146921
-0.1875  0.0821958
0.15625  0.0893178
-0.03125  -0.141967
-0.125  0.0368914
0.21875  -0.0448122
0.0625  0.150529
0  -0.0956826
0.15625  0.106955
0.21875  0.0271874
-0.28125  -0.104934
0.03125  -0.208953
-0.125  -0.0894162
0.15625  0.0458425
0.0625  -0.428898
-0.09375  -0.224526
0.125  -0.166769
-0.125  -0.0242612
0.03125  0.0137112
-0.0625  -0.0304977
0  -0.0428048
0.0625  0.068579
0.09375  -0.12678
-0.0625  -0.200106
-0.21875  -0.0544419
0.28125  0.0260831
-0.03125  0.181228
-0.1875  -0.110929
-0.21875  -0.000344734
0  0.255482
-0.03125  0.176348
0.125  -0.0960006
0  -0.16982
0.09375  -0.0594925
0.125  6.47705e-05
0.21875  -0.121237
0.125  -0.0944996
-0.09375  -0.0751119
0  -0.262809
0  0.0557562
0.125  0.168354
-0.09375  -0.0684329
0.125  -0.132956
0.125  0.164897
-0.15625  0.000522653
-0.0625  0.37738
0.09375  -0.040351
-0.09375  0.1048
0  -0.253036
0.15625  -0.0988535
0.28125  -0.299194
-0.09375  -0.0601211
-0.1875  0.0351498
0.125  -0.04022
0  0.0402121
-0.125  -0.0574353
0.09375  0.00721189
0.03125  -0.0736032
-0.03125  -0.190281
0.15625  0.139136
-0.21875  -0.0538262
0.0625  -0.0101765
0.125  -0.00787014
-0.28125  0.199977
-0.28125  -0.181826
0.0625  9.13155e-05
-0.03125  0.046039
-0.03125  -0.145181
0.1875  0.210527
0.09375  0.21221
-0.21875  0.0516921
-0.03125  0.224353
-0.21875  0.118822
0.15625  -0.0953463
0.0625  -0.0944301
-0.0625  0.100999
-0.0625  -0.235127
-0.0625  -0.135728
0.09375  -0.269949
0.1875  -0.0584619
0.09375  0.228035
-0.03125  -0.256426
-0.3125  -0.0859173
0.125  -0.0637775
0  -0.0780779
0.15625  -0.154361
0.09375  0.164027
0.0625  -0.0352284
-0.125  -0.188674
0.3125  -0.335557
0.0625  0.140969
0.09375  0.131378
-0.03125  -0.13055
-0.03125  0.0357977
-0.15625  0.0442376
0.03125  0.0456835
0  -0.121323
0  0.0680512
-0.3125  -0.0263476
0.03125  -0.140522
-0.03125  -0.0790157
0.0625  -0.0340665
-0.34375  0.147261
0.09375  -0.030232
0  -0.0724731
0.21875  -0.0513465
0.09375  -0.198427
-0.0625  -0.266058
0.1875  -0.00327092
-0.03125  0.0946371
0.125  -0.0559238
-0.0625  -0.0142884
-0.09375  -0.205725
-0.0625  -0.114436
0  -0.0192014
0  -0.0197249
0.03125  -0.166548
-0.09375  0.00163295
-0.15625  0.00809494
0.25  -0.0371936
-0.0625  -0.249946
-0.09375  0.0599522
0.0625  -0.0827389
0.09375  -0.0363136
-0.0625  -0.035573
0.0625  0.117933
-0.15625  -0.128799
0.09375  0.106353
-0.15625  0.0979249
-0.21875  -0.246499
-0.125  0.169108
0.0625  0.0716895
0.03125  -0.114365
-0.09375  -0.0922501
-0.09375  0.118826
-0.09375  -0.244833
0  0.105017
-0.09375  -0.126736
0.03125  -0.226338
-0.09375  -0.0194798
-0.0625  0.0361436
-0.0625  -0.0677378
0.15625  -0.0228709
0.09375  -0.243601
0.1875  -0.294697
-0.09375  -0.0302089
-0.03125  0.190309
-0.21875  -0.133286
-0.0625  0.0727062
0.03125  -0.00635782
-0.03125  -0.126516
-0.1875  0.127846
0.0625  0.0235203
-0.125  -0.152112
0  0.0532521
0  -0.136671
-0.125  -0.0650496
0.1875  -0.166943
0  -0.0990532
-0.125  0.0892344
-0.28125  0.115765
-0.15625  -0.245996
-0.15625  -0.244229
-0.125  -0.192015
0.03125  -0.0229889
0  0.145516
0.1875  -0.198688
-0.21875  0.0518963
0.09375  -0.0135424
0.125  -0.0174694
0  -0.368089
0.1875  -0.205441
-0.15625  -0.10854
-0.09375  -0.00612666
-0.03125  -0.0300034
-0.03125  -0.223105
0.09375  -0.106359
-0.21875  0.0639628
0  0.16087
0.0625  -0.00850901
-0.125  -0.0449064
0.25  0.0432951
0.25  -0.0545323
-0.09375  -0.0175245
-0.15625  0.183203
-0.03125  -0.267752
0.0625  0.00996848
-0.03125  -0.114226
-0.03125  -0.0137718
-0.15625  -0.250822
-0.09375  0.274829
0.09375  0.0455153
-0.1875  -0.0658003
-0.09375  0.116975
-0.0625  -0.149437
-0.09375  -0.153942
0.0625  0.0491536
-0.3125  -0.000969139
-0.25  -0.154716
0.03125  -0.154836
0  -0.231458
-0.15625  -0.00937664
-0.0625  -0.0799557
-0.09375  -0.031496
0.0625  0.0569949
-0.03125  0.227173
-0.125  0.03398
-0.125  -0.00456192
0.09375  0.0506752
0.15625  -0.0209598
0  -0.147367
-0.15625  0.0198019
0.03125  0.00244782
-0.03125  0.196627
-0.1875  -0.113147
-0.0625  -0.322693
0.3125  -0.0889617
0.03125  -0.183103
0.125  -0.234242
-0.15625  -0.304764
0.25  0.10559
0.0625  -0.0792528
-0.03125  0.0133919
0.1875  0.0981887
0.03125  -0.0379124
0.1875  -0.110048
-0.125  0.0140653
-0.03125  -0.121633
0.3125  -0.0228228
-0.28125  -0.18648
0.15625  -0.0202154
-0.1875  -0.0976575
0.09375  0.0278958
0.0625  -0.181381
0.1875  -0.0472
0.21875  0.0570333
-0.3125  -0.171411
0  -0.0382699
0.0625  -0.174978
0.09375  0.0988458
-0.03125  -0.0295545
0.0625  0.0783456
0.0625  -0.174851
-0.0625  -0.170819
0.0625  0.0905301
-0.09375  0.113557
-0.03125  0.0331778
-0.0625  -0.0949036
-0.09375  0.124341
0.09375  0.0475027
0  -0.143866
-0.15625  -0.0553519
0.03125  -0.0191247
0.0625  0.0759459
0.15625  -0.203892
0.09375  -0.0229209
-0.03125  0.0289538
-0.125  0.0766296
0.125  -0.120545
-0.1875  -0.107002
-0.03125  -0.00524578
0.03125  -0.143195
-0.15625  -0.0642296
-0.03125  -0.0917977
0  0.198273
0.09375  0.0545286
0.28125  -0.192351
0.09375  -0.0769902
0.0625  0.0644278
-0.03125  -0.357823
0.03125  -0.189926
0.25  -0.14302
0.0625  -0.0052753
0.09375  0.0281532
0.125  -0.00272324
0  -0.0299923
-0.09375  0.0410804
0.34375  0.104832
0.0625  0.0513549
0.125  -0.186133
-0.03125  -0.28856
0.09375  -0.0883406
0.15625  0.145806
-0.21875  0.129456
0  -0.274168
0.0625  -0.160245
-0.15625  -0.0851062
0  0.0696021
0  -0.00397716
0  0.02297
0.03125  -0.105735
-0.09375  -0.136006
-0.09375  -0.114773
0.09375  -0.159562
-0.09375  0.227919
-0.21875  -0.147512
0.15625  -0.152575
0.09375  -0.111319
-0.0625  -0.039498
0.0625  -0.263672
-0.0625  -0.0566176
0.21875  -0.191189
-0.0625  -0.258141
0.21875  -0.188117
0.15625  -0.0427282
-0.34375  -0.0499483
0.03125  -0.0659277
0.15625  -0.269099
0.09375  -0.0321359
-0.09375  -0.00603372
0.09375  -0.0819846
-0.15625  0.0921098
0.09375  -0.117895
-0.03125  0.0318896
0.1875  -0.0889043
-0.03125  -0.113667
-0.15625  -0.0396751
0  -0.0127603
0.03125  0.0597616
-0.0625  -0.0311511
0.0625  0.0468134
0.03125  -0.0944423
0.03125  -0.0616291
0.21875  0.0190326
0.15625  0.0139372
-0.125  -0.114076
0.15625  -0.0732791
0.15625  -0.166758
0.0625  0.126036
0.25  -0.286456
-0.0625  -0.269351
0  -0.0841934
0.0625  0.162605
0  -0.0489392
0.21875  -0.0869068
-0.03125  -0.20889
0.09375  0.0442224
-0.03125  0.0812269
0.09375  -0.130703
-0.09375  -0.311943
0.0625  -0.134289
0.25  -0.0540591
0.03125  0.0357438
-0.21875  -0.118514
0  -0.0361396
-0.0625  -0.414116
-0.15625  -0.0940435
0  -0.0824384
0  -0.146703
-0.09375  -0.259662
0.15625  -0.175504
-0.0625  -0.0512956
-0.125  -0.169922
-0.03125  0.0316365
-0.15625  -0.199123
-0.125  -0.208912
0.0625  -0.0360328
0.21875  0.122859
0.0625  -0.331684
0.28125  -0.164929
0.125  -0.0203903
0.03125  -0.21813
0.09375  -0.113222
-0.09375  -0.0733996
-0.125  -0.0504615
0  -0.0451508
0.03125  -0.212611
-0.09375  0.187501
-0.0625  -0.120848
0.0625  -0.182282
-0.0625  -0.0951551
0.03125  -0.00318739
0  -0.0492592
0.1875  -0.26055
0.09375  0.0855436
-0.0625  -0.15159
0  -0.0204024
-0.25  -0.250102
0.21875  0.060877
-0.03125  0.0107747
0.0625  -0.0810789
0  0.115338
0.09375  0.173941
-0.15625  -0.0227188
0.09375  0.0489532
0.0625  -0.1297
-0.03125  -0.000532259
0.3125  -0.156101
0  -0.123418
-0.0625  0.0109492
-0.03125  -0.0608974
0  0.164667
0.0625  -0.0411786
0  0.0436193
-0.0625  -0.0046619
-0.09375  -0.0782077
-0.03125  -0.124729
0.1875  -0.031383
-0.03125  0.0127298
-0.25  -0.0254421
0.25  -0.203574
0.15625  0.233709
-0.0625  0.260957
0.25  0.211637
-0.21875  0.035786
0.03125  -0.186401
0  0.0605813
-0.15625  -0.0301755
0.15625  -0.171437
-0.09375  0.0759756
0.25  0.150093
-0.15625  -0.121901
0  0.064349
0.1875  0.105987
-0.15625  0.0056435
0.0625  0.0934522
0.15625  -0.195961
0.1875  0.0491701
0.0625  0.156158
0  -0.0627451
0.0625  -0.0774555
-0.03125  -0.00513893
0.03125  -0.00660541
0.03125  -0.0853715
0.125  -0.134601
-0.09375  0.0337049
0  -0.0538655
0  0.0925331
-0.15625  0.155744
0.0625  -0.146402
-0.0625  -0.0965147
-0.15625  0.00371871
0.125  -0.19193
-0.25  -0.111307
0.03125  0.304972
0.15625  0.0780269
-0.09375  -0.327552
0.03125  -0.0704656
0  -0.0208605
0.03125  0.109666
0.125  -0.00797712
0.15625  0.0479343
0.125  -0.0150668
0.15625  -0.0678915
0.15625  -0.0261345
0.09375  0.0932093
-0.03125  -0.153338
0  -0.155734
0.03125  0.0367335
0.1875  0.0284977
0  -0.130488
0.03125  -0.234576
0.03125  -0.091362
0  -0.0722
0.09375  -0.137672
0  0.0538337
0.21875  -0.119336
0.15625  -0.0304193
0.15625  0.0468708
0.21875  -0.075252
0.09375  0.0978344
-0.09375  -0.137684
-0.125  -0.0494025
0.09375  0.0702291
-0.09375  0.0112313
-0.0625  -0.0549256
-0.03125  -0.0664778
-0.125  -0.144629
-0.09375  -0.196064
0.25  0.0799211
-0.125  -0.0457489
-0.03125  -0.103
0  -0.1165
0.1875  -0.0371231
0.03125  0.240711
0  0.0085319
0.125  0.0245966
-0.0625  -0.00379778
-0.25  0.0618364
-0.125  0.00524892
-0.09375  -0.116521
0.15625  -0.0135724
0.0625  0.155343
-0.15625  -0.00421797
0.125  -0.0144108
-0.125  0.134068
-0.1875  -0.334573
0.1875  -0.193739
0.15625  -0.054704
0.125  -0.034933
-0.125  0.0336686
-0.09375  0.133162
-0.21875  -0.199639
-0.1875  0.0304561
-0.125  -0.0298306
-0.03125  -0.315583
-0.125  -0.114654
0.0625  0.0465944
0  0.128466
0.125  -0.301721
-0.25  -0.0461556
0.3125  -0.191282
-0.09375  -0.111391
0.0625  -0.0785793
0  -0.0307983
-0.125  0.0189247
0.125  -0.090774
0.03125  0.0510391
-0.1875  -0.0227085
0.15625  -0.00556415
-0.03125  -0.0608782
-0.1875  -0.0976187
-0.21875  0.107045
-0.125  -0.202001
-0.125  0.295759
0.03125  0.0925969
0.125  -0.12291
-0.15625  0.0356098
-0.28125  0.0717022
-0.125  -0.157372
-0.03125  0.0329095
-0.1875  0.000594339
-0.0625  0.00638603
0  0.173706
-0.0625  0.0892956
-0.21875  -0.225362
0  -0.0551557
0.09375  -0.128029
0.09375  0.025426
-0.03125  0.0211782
-0.1875  -0.173007
0.03125  -0.0944857
0.09375  -0.133811
0.125  -0.304576
0  0.0772377
0.03125  -0.275682
0.15625  -0.0538332
-0.03125  0.0577964
0.125  0.128777
0.03125  0.105817
0.09375  0.194288
-0.0625  0.222132
-0.125  -0.028053
0.03125  0.0655511
-0.0625  -0.0178023
-0.03125  0.0302067
-0.15625  0.123783
-0.25  -0.239457
-0.09375  -0.13524
0.03125  0.0443662
0.09375  -0.140792
0.09375  -0.0925514
0.03125  -0.102882
0.0625  -0.0207928
0.0625  0.0975459
-0.125  -0.012888
0.15625  0.0385024
-0.125  0.365285
0.15625  -0.0762415
-0.09375  0.0988256
0.25  -0.0963454
-0.21875  -0.15726
0.0625  0.0145491
0.34375  0.081945
-0.03125  -0.148206
-0.25  -0.0998403
0.15625  -0.316761
-0.09375  0.0458699
-0.09375  -0.314435
0.0625  -0.0632322
0  -0.104622
-0.09375  0.00357236
-0.09375  0.0181425
-0.125  0.16068
-0.03125  -0.00511271
-0.09375  -0.167515
0.09375  -0.348566
0.1875  -0.0836207
0.0625  -0.097506
0.09375  0.0864788
0.0625  -0.117732
-0.03125  -0.00273913
0  -0.0773106
0.09375  -0.251521
0.09375  0.0335195
0.03125  -0.153819
0.09375  0.0269496
0.21875  -0.156569
0.0625  -0.201822
0.03125  -0.140902
-0.03125  -0.0329468
0.03125  -0.0451327
0.15625  0.178827
-0.125  0.14495
-0.21875  -0.172545
0.03125  -0.133613
0.09375  0.0189806
0.03125  -0.0292994
0  -0.271352
-0.09375  -0.042437
-0.34375  0.0545355
-0.1875  -0.181837
-0.09375  -0.0997161
0.03125  -0.0226636
-0.0625  0.017752
-0.15625  -0.0951264
0.03125  -0.19765
-0.0625  0.176906
0.09375  -0.175973
0.0625  0.109054
0.09375  -0.0488532
-0.1875  0.0823312
0.09375  -0.218656
0.0625  -0.0738019
-0.21875  -0.0587645
-0.125  -0.112564
-0.03125  0.00766651
-0.3125  -0.116072
-0.03125  -0.188481
0.03125  -0.0281608
0  -0.327002
0.125  0.0615864
-0.21875  -0.312654
0.1875  0.242956
0.03125  0.021078
0.0625  -0.00613886
-0.0625  -0.158459
0.03125  -0.129185
0.09375  0.00680573
0  -0.0864038
0.09375  0.00400281
0.15625  -0.0901964
-0.03125  0.0360805
-0.15625  -0.162544
0.0625  0.210967
-0.125  -0.200058
0.0625  0.00498534
0.03125  0.207162
0.15625  0.0887999
0.03125  0.0208722
-0.09375  -0.0124904
0.09375  0.0654457
0.0625  0.356337
0.28125  -0.15149
0.0625  0.0419317
-0.09375  -0.00650547
0.0625  -0.110906
-0.15625  0.0301941
0.0625  0.0660419
0.03125  0.16452
-0.34375  0.07489
0.03125  0.0640787
-0.0625  0.0606487
0.0625  -0.0691057
0.28125  0.222973
-0.0625  -0.0673217
0.125  0.0638385
0  0.0457248
0.09375  0.00311028
-0.03125  -0.186065
-0.15625  -0.0183949
-0.03125  -0.193455
-0.03125  -0.00591032
-0.1875  -0.12601
0.03125  0.0421521
-0.0625  -0.0357548
-0.1875  -0.0603124
0.03125  0.0300204
-0.1875  -0.10368
0.03125  -0.0705198
0.0625  0.164465
0.28125  -0.0721734
0  -0.202407
-0.15625  -0.133859
0.09375  -0.00548247
0.125  -0.0603731
-0.09375  -0.264898
0.0625  0.179771
0.09375  -0.158392
-0.0625  -0.293816
-0.0625  -0.225146
0.125  0.0739157
-0.21875  -0.108747
0  -0.0833106
0.03125  -0.216606
0.09375  -0.113266
-0.0625  0.460835
0.03125  -0.0379841
-0.09375  0.0253751
0.0625  -0.207148
0.03125  0.0363453
-0.1875  -0.00904501
-0.15625  -0.0804784
0  0.225458
-0.0625  -0.0474893
-0.09375  -0.0540276
0.0625  -0.354552
-0.125  0.070062
0  0.0946696
-0.0625  -0.040964
-0.1875  -0.0706848
-0.125  0.124575
0.15625  -0.150455
-0.09375  -0.264173
-0.1875  -0.192515
0.09375  0.0370471
0.0625  -0.0282842
0  -0.274418
0.03125  -0.0460362
-0.15625  0.0833222
-0.0625  0.0148327
-0.03125  0.117236
0.125  -0.0352148
0.03125  0.0913864
0.125  -0.0254461
-0.125  -0.0761489
-0.09375  0.0164531
0.125  -0.195728
-0.125  0.0630548
0.09375  0.14345
-0.0625  0.247659
0.1875  -0.117558
-0.15625  0.00115475
-0.09375  0.176579
-0.03125  -0.0884377
-0.09375  -0.218634
-0.09375  0.119148
-0.125  -0.0980016
-0.03125  0.0888719
0.125  -0.129588
0.25  -0.0539348
-0.03125  0.0356368
0.09375  0.0221806
0.0625  -0.0272148
0  -0.231759
0  -0.0924006
-0.0625  0.0154851
-0.03125  0.0443659
0.15625  0.0173222
0.03125  -0.0360275
-0.03125  0.0454099
0.0625  -0.200938
0.1875  0.0361328
-0.0625  -0.132087
0.0625  0.170744
0.0625  -0.0775332
0.0625  0.031641
-0.125  -0.246744
-0.125  0.0972771
0  -0.22653
0  -0.172284
0.03125  -0.0896413
0.09375  -0.110125
0.09375  -0.118016
-0.125  0.140663
-0.03125  0.0725591
0.09375  -0.0719494
0  0.0253079
-0.125  -0.0536196
0.0625  -0.0969608
-0.3125  -0.108716
0.0625  -0.0826965
-0.09375  0.190283
-0.1875  -0.117257
0  -0.200607
-0.3125  -0.243488
-0.125  0.035208
0.125  0.194595
-0.125  0.233146
0  -0.163046
0.125  -0.0962596
-0.03125  -0.132687
-0.375  -0.378604
-0.125  -0.0821437
-0.15625  0.0153137
0.09375  0.0849667
0.1875  -0.0675252
0.0625  -0.0365722
-0.09375  -0.258252
-0.03125  -0.0605071
0.09375  0.0858809
0.28125  -0.0362994
0  0.0504203
0  -0.0975285
0.0625  -0.0558018
0.03125  -0.0688011
0.1875  -0.0733447
0.03125  0.0336296
0.0625  -0.20021
-0.28125  -0.0969814
0.28125  0.0457514
0.03125  -0.134755
0.03125  -0.170375
-0.125  0.235897
-0.0625  -0.0443448
0  0.151135
0.1875  0.0457721
0  0.019021
-0.09375  -0.0471449
-0.09375  -0.229382
-0.09375  0.0160163
-0.125  -0.158847
-0.0625  -0.108214
0  -0.0225374
-0.125  0.0887241
0.15625  0.00689498
0.15625  -0.0645111
0.1875  0.0759818
0.25  -0.113595
0.15625  -0.0305696
0  -0.311063
-0.1875  0.00815176
-0.15625  -0.00287394
0.1875  -0.00424349
0.09375  -0.0911135
-0.0625  -0.0659226
0.125  -0.0980336
-0.1875  -0.0824206
0  -0.0250766
-0.09375  -0.0758558
0  0.0424877
-0.09375  0.0976918
0.09375  -0.0943631
0  0.0697498
0.125  -0.0507565
0.0625  -0.065928
0.09375  -0.0734123
-0.25  -0.272203
-0.0625  -0.0163639
-0.09375  -0.126376
0.09375  -0.230818
-0.03125  0.103103
0.1875  0.0617288
-0.1875  0.118355
-0.03125  -0.0972458
0.125  -0.263603
0.09375  -0.163833
-0.125  -0.142124
0.0625  -0.123543
0.09375  0.104377
-0.09375  -0.0591829
0.03125  0.00360177
0.15625  -0.0222916
0.03125  0.166314
0  0.186318
-0.1875  0.0873533
0.15625  0.157257
0  0.0715287
0.0625  -0.102291
-0.21875  0.0502051
0.03125  -0.0181564
-0.15625  -0.0360597
-0.03125  -0.142343
0.1875  -0.297877
-0.09375  -0.0428426
0.0625  -0.350819
0  -0.00210027
0.09375  0.0275247
-0.09375  -0.11469
-0.0625  -0.0806049
-0.03125  -0.146704
0.1875  0.133988
-0.34375  -0.068241
0.0625  -0.34358
0  -0.0075451
0.1875  0.148054
0.125  -0.301925
0.0625  0.100802
-0.125  0.0888803
-0.09375  -0.0856798
0  0.0788627
-0.1875  0.0434092
0.03125  0.112803
0.03125  -0.113934
-0.15625  0.105436
0  -0.0978593
0  0.12055
0.1875  -0.0353901
0.1875  -0.126521
0.0625  -0.297113
0.09375  -0.177524
-0.28125  -0.178722
0  -0.0405208
-0.09375  -0.0595699
0.0625  0.195441
0.0625  0.141626
-0.0625  -0.0335062
0.0625  -0.146281
0.125  0.0134928
-0.15625  -0.0349877
-0.25  0.0628566
0  -0.215911
0.09375  -0.0304469
-0.03125  0.00505541
-0.15625  -0.0160934
0.15625  -0.173083
-0.125  0.289437
-0.0625  -0.213952
0.03125  0.0327861
0.03125  -0.0164715
-0.125  -0.323235
0  -0.241589
-0.0625  -0.22274
0.125  0.11786
0.15625  -0.0479968
0.03125  0.0417823
0.03125  0.1106
-0.15625  -0.017912
0.03125  -0.0853673
0.21875  -0.104479
0.125  -0.230347
0.15625  -0.314446
-0.21875  0.014781
-0.1875  -0.100304
0.09375  0.18521
0.09375  -0.183385
-0.15625  0.137396
0.0625  0.0374453
0.21875  -0.317143
0.1875  -0.12429
-0.0625  -0.139954
0.09375  -0.0833342
-0.03125  -0.0707235
-0.09375  -0.229061
-0.125  0.0294183
-0.03125  -0.138243
-0.09375  0.0786643
0.03125  -8.72696e-05
0  -0.0910348
-0.0625  -0.0311703
-0.0625  -0.0253878
0.15625  0.11572
0.0625  -0.163273
0.28125  -0.260918
0.1875  0.14357
-0.21875  0.0249871
-0.09375  0.0433227
-0.03125  -0.00505212
-0.0625  -0.015779
-0.09375  0.0220974
-0.03125  0.00529226
0  -0.200207
0.28125  -0.0159268
-0.15625  -0.0862413
0.03125  0.0304439
0.09375  -0.036666
0  -0.0931933
-0.15625  -0.167656
-0.03125  -0.12019
-0.03125  -0.129746
-0.03125  -0.129209
-0.1875  -0.122643
-0.0625  0.1117
-0.125  -0.139215
-0.25  -0.250953
-0.03125  0.0642104
-0.1875  -0.207271
-0.09375  -0.168217
0.03125  -0.116614
-0.125  0.0360169
0.03125  -0.173781
0.15625  0.292687
0.15625  -0.0901363
-0.1875  -0.268955
-0.0625  -0.228012
-0.09375  -0.0251872
0.0625  -0.0119036
-0.125  -0.115838
0.28125  -0.0537342
0.03125  0.0128653
0.09375  0.0830289
-0.09375  -0.184214
0.25  -0.0385905
0.0625  0.164802
0.0625  -0.185544
-0.09375  -0.0987664
0.09375  -0.0977672
-0.0625  0.0607436
-0.03125  -0.202064
-0.09375  0.0686102
-0.03125  -0.0756705
-0.0625  -0.0603855
-0.03125  0.0133308
-0.125  -0.119528
-0.125  -0.190163
0.09375  -0.00601843
-0.15625  -0.288888
0.25  -0.0562935
-0.15625  0.109896
0.09375  -0.205036
-0.125  -0.103603
0  -0.0336347
0.0625  -0.0757421
-0.15625  -0.132771
0.09375  0.127494
-0.15625  -0.0804491
-0.25  0.260575
0  -0.145341
-0.09375  0.0625268
0.125  0.158651
-0.03125  -0.259351
0.09375  -0.242251
0.125  0.178803
-0.34375  0.0925089
0  -0.0487588
-0.125  -0.0370956
-0.03125  0.0860657
-0.15625  0.0374578
0.15625  0.105036
0.09375  -0.0166484
0.1875  0.0861658
-0.09375  0.0206063
-0.03125  0.119195
0.125  -0.147745
0.03125  -0.165846
-0.03125  -0.238191
0  0.0725426
0.0625  0.175998
0.0625  -0.0463195
0.25  0.0696469
0.09375  -0.0395839
-0.1875  -0.16009
-0.25  -0.11899
0.15625  -0.140206
0.125  -0.240451
0.1875  -0.109322
-0.1875  0.12332
0.125  -0.13411
0  -0.050806
0.1875  -0.237008
0  -0.141867
-0.03125  -0.141598
0  -0.108675
-0.21875  0.0080761
0.15625  -0.202661
-0.1875  -0.140754
0.03125  0.0695761
0.03125  0.327209
0.15625  -0.017919
-0.09375  0.0135791
-0.21875  -0.091378
-0.03125  -0.0501047
0.25  -0.188814
0.03125  -0.434335
0.09375  0.0401704
0.09375  -0.0742991
0.03125  0.215727
-0.15625  0.157099
-0.03125  -0.0205658
0.0625  -0.0194626
-0.125  0.13219
0  -0.112887
-0.03125  0.0140801
-0.28125  -0.184022
0.15625  0.0865507
0.21875  0.014865
-0.03125  -0.126517
0  0.0151014
-0.15625  -0.0971155
-0.125  -0.0794383
-0.125  -0.0413767
-0.03125  0.0111789
0.1875  -0.0527012
-0.03125  0.168791
0.1875  -0.0794244
0.09375  0.0569297
0.03125  -0.0602444
-0.09375  0.0279707
-0.125  0.0892544
-0.03125  -0.0607021
0.15625  -0.0954966
0.125  -0.0442614
0.09375  -0.252343
0.03125  -0.0307799
-0.15625  -0.131552
0.15625  -0.161838
-0.1875  0.147378
-0.15625  -0.0885501
0  -0.0368272
0.09375  -0.0842613
-0.0625  -0.217689
0.125  0.109969
0.03125  0.0994064
-0.03125  -0.0740526
-0.25  0.0664416
-0.03125  -0.110834
-0.0625  -0.0892569
-0.1875  -0.0371256
-0.15625  -0.188097
-0.21875  0.00192447
0.0625  0.00811309
-0.21875  0.0941079
-0.03125  -0.252585
0.09375  -0.0964617
-0.1875  -0.0642565
0.09375  -0.0808469
0  -0.0793373
0.03125  -0.0768186
-0.0625  0.0377758
0  -0.037024
-0.03125  0.176221
-0.1875  0.0858228
-0.0625  -0.140594
-0.125  -0.0751969
0  -0.174122
-0.09375  0.00210619
0.0625  -0.107989
0  -0.106513
0.03125  -0.171817
-0.03125  -0.170484
0.03125  -0.0350587
-0.125  -0.284894
-0.0625  -0.152914
-0.15625  0.133571
0  0.208367
0.1875  0.106698
-0.03125  -0.0930559
0.09375  -0.0543426
0.03125  0.069517
-0.0625  -0.00498943
-0.03125  0.214345
-0.09375  0.176212
-0.03125  -0.104079
0.125  0.0120784
-0.125  -0.0763272
-0.0625  -0.0167485
-0.03125  -0.0901738
-0.125  -0.0392588
-0.1875  0.0629288
0.125  -0.286706
0.125  -0.0364312
0  0.067733
0.0625  -0.282737
0.03125  -0.205176
-0.15625  -0.0560774
0  -0.177917
-0.125  -0.079529
0.03125  -0.070009
0.1875  -0.0737257
0.0625  -0.101043
0  -0.0386468
-0.03125  -0.153688
-0.15625  0.0426121
-0.09375  -0.204038
-0.125  0.14866
0.09375  -0.22115
-0.09375  0.05097
-0.125  -0.00915144
0.03125  -0.20565
-0.0625  -0.171732
0.09375  -0.052487
0.03125  0.0740407
0.0625  -0.204424
-0.0625  0.0499416
0.0625  -0.00805932
0.03125  0.0411858
-0.0625  -0.0107063
0  0.133629
-0.0625  -0.150442
0.125  0.0086589
-0.0625  0.147963
0  -0.416846
0.0625  0.0240516
-0.03125  0.0287421
-0.15625  -0.005667
-0.125  0.190414
0.15625  -0.116168
0.15625  -0.25979
-0.09375  -0.0429021
0  0.123647
0.03125  -0.122851
0  -0.0450477
-0.09375  -0.114036
-0.1875  0.0493671
0.15625  0.0702664
-0.3125  -0.159635
-0.25  -0.014744
0.0625  -0.123147
0.03125  -0.0119816
-0.03125  -0.151485
0.0625  0.20114
0.09375  0.0145324
-0.28125  -0.0623945
-0.0625  0.0105948
-0.0625  -0.106106
-0.15625  -0.117179
0.03125  -0.151722
-0.21875  -0.0791743
0.0625  -0.0783728
0.0625  -0.306411
-0.09375  0.04512
0.03125  -0.0421456
-0.1875  -0.214944
0.15625  0.0806606
0.125  -0.11184
-0.15625  -0.0241028
0.03125  0.00547343
-0.15625  -0.42922
0.25  -0.194516
-0.28125  0.14431
0.1875  -0.124132
-0.03125  -0.204612
0.28125  0.151352
-0.03125  -0.037392
0.03125  -0.22334
0.03125  -0.361322
0.03125  -0.305198
0.0625  -0.0164842
-0.0625  -0.148028
-0.03125  0.143321
-0.25  0.0775264
-0.1875  -0.278452
0.34375  -0.0949123
-0.28125  0.0119164
0.09375  0.0617808
-0.15625  0.10409
-0.21875  0.0423975
0.09375  -0.0332115
0.03125  0.102711
-0.15625  -0.129309
-0.125  -0.22972
0.21875  -0.162577
0  -0.211945
-0.28125  -0.132837
-0.03125  0.101017
-0.09375  0.0632756
0.1875  -0.0573685
0.0625  -0.0630183
0.03125  -0.0440405
-0.125  -0.0929787
-0.125  0.197902
-0.09375  0.0495034
-0.125  -0.0686787
-0.125  -0.144725
0  0.0370613
0.125  -0.0804083
-0.03125  0.021304
0.0625  0.103973
-0.09375  0.0433018
-0.03125  -0.00644183
-0.03125  0.0476162
-0.125  0.0366057
0.125  -0.012717
-0.09375  0.0559906
0.125  -0.127645
0.15625  0.0049925
0.125  -0.189715
-0.125  -0.0970431
0.03125  -0.223274
-0.1875  -0.168985
0  0.0741767
0.28125  -0.0333367
-0.125  0.00326103
-0.1875  0.162379
0.1875  -0.130582
0  0.0952247
0  0.138609
0.09375  0.0568595
-0.03125  -0.134583
0  -0.111222
-0.09375  0.0598399
-0.28125  0.0288421
-0.03125  0.0830502
-0.15625  -0.117733
-0.25  0.161995
0.28125  -0.0455243
-0.03125  -0.0313525
-0.09375  0.0298879
0.0625  0.0674752
0.03125  -0.0240816
0  -0.0912832
0.0625  -0.214449
-0.03125  0.0117887
-0.03125  -0.0851935
-0.03125  0.265276
0.03125  0.12292
-0.15625  -0.171194
-0.09375  -0.0785768
-0.21875  0.0797654
-0.03125  -0.0950333
-0.15625  -0.121382
0.03125  -0.0256493
0.0625  -0.00872348
0.15625  -0.104321
-0.15625  -0.222471
0  0.135632
0  -0.114152
-0.09375  -0.105029
0.09375  0.0345965
-0.15625  0.0837004
0.09375  -0.0611966
0.0625  -0.104658
-0.03125  -0.047194
0.03125  0.228876
-0.125  0.102725
0.0625  0.308757
0.03125  -0.00684357
0.03125  -0.058135
0.03125  0.023631
-0.0625  -0.125496
0.0625  0.247443
-0.25  0.00396432
0.1875  -0.108348
0.0625  -0.228256
0.125  -0.16404
0  0.0889901
0.03125  -0.0095967
-0.125  -0.0301583
-0.0625  -0.0578969
-0.125  -0.228021
-0.09375  -0.000603377
-0.03125  -0.221328
0  -0.0979498
0.03125  0.0635355
0.15625  0.221604
0.1875  -0.000787143
0.125  -0.202178
-0.09375  -0.0690705
-0.125  0.0177281
0.0625  0.260671
0  -0.00621201
0  -0.0436761
0.03125  -0.0039756
0.09375  -0.0913963
-0.03125  0.0639165
-0.25  -0.402203
-0.15625  -0.243217
0.0625  -0.0191596
0.09375  -0.0242614
0  -0.194623
-0.21875  -0.122995
-0.15625  0.034833
0.03125  -0.123557
0.125  0.0100276
0.125  -0.0785774
0.0625  -0.00857288
0.0625  -0.054706
-0.125  -0.233043
-0.15625  -0.00818959
-0.09375  -0.305222
-0.125  0.000620483
0.21875  -0.0962835
-0.0625  0.0564259
-0.03125  -0.00713596
0.125  -0.0312074
-0.15625  -0.0335134
-0.125  0.0519053
-0.21875  -0.0666572
0.15625  0.0350547
-0.15625  0.0498501
-0.1875  -0.346076
0.15625  -0.171827
-0.0625  -0.259874
0.09375  0.0633506
-0.0625  -0.212392
0  -0.28331
-0.09375  -0.101333
0.1875  0.257834
0  0.0275137
-0.0625  -0.138297
-0.03125  0.0608639
0.09375  0.133267
0  -0.0784952
0.15625  -0.0726381
0.0625  0.0476912
-0.03125  -0.329536
0.15625  -0.186944
0.0625  0.0513828
-0.09375  0.0296728
-0.03125  -0.148195
0.1875  -0.0468927
0.21875  -0.153796
-0.03125  0.109398
0.25  0.00665205
-0.03125  0.11466
-0.03125  -0.00710561
0.0625  -0.087515
0  -0.0696351
0.0625  0.0482889
0.0625  -0.0985385
-0.0625  -0.146193
-0.03125  -0.262892
-0.15625  -0.149363
-0.03125  -0.101327
0.03125  -0.0822195
0.125  -0.0257192
-0.09375  -0.153388
-0.15625  0.146896
-0.09375  0.0806276
0.1875  -0.0841352
0.0625  -0.129279
-0.03125  0.0217635
0.15625  -0.0799452
0.0625  -0.384491
-0.09375  -0.0570594
0.25  0.0124455
-0.0625  0.198094
-0.03125  -0.0752146
-0.09375  -0.199377
0.15625  0.0212267
-0.03125  0.147514
0.03125  -0.0973996
0.15625  0.131732
0.21875  0.01931
-0.0625  0.0363828
0.09375  -0.169742
0  -0.00309948
0.0625  0.0311774
-0.09375  -0.180042
-0.0625  -0.0822227
-0.1875  -0.00672639
-0.09375  0.134488
0.0625  -0.0720913
-0.03125  0.114788
-0.0625  -0.135217
0.09375  -0.120958
0.15625  -0.139594
-0.0625  -0.0514071
0.03125  -0.134634
-0.09375  0.20466
0.21875  -0.203915
-0.0625  0.153216
-0.1875  -0.223974
0  -0.0448651
0.03125  -0.0502071
0.1875  -0.243297
0.0625  0.11866
0.09375  -0.135596
0.09375  0.0843146
0  0.0950198
-0.15625  0.184103
0.125  0.102039
0.03125  0.146857
-0.03125  -0.168443
0.0625  0.112534
0.03125  0.0727377
-0.125  0.00684225
0  0.09155
-0.03125  -0.175314
-0.125  -0.0292043
0.03125  0.0760175
0.125  -0.0791528
0  0.24494
0.0625  -0.215086
-0.09375  0.0832551
-0.15625  0.0305043
0.03125  0.0129151
-0.03125  0.00180359
0.03125  -0.138359
0  -0.00154398
-0.0625  0.081427
0.09375  0.0388462
-0.03125  0.0406742
0.0625  -0.0375325
0.0625  -0.221617
-0.03125  -0.145672
0.15625  0.0864194
0.0625  -0.047437
0.09375  -0.0687441
-0.09375  -0.00238369
0.15625  0.0777559
0.03125  -0.0119941
-0.1875  -0.237057
-0.125  -0.109836
0.0625  -0.31899
0.1875  0.0392537
0.03125  -0.16126
-0.09375  -0.042672
0.21875  -0.134088
0  -0.12494
0.09375  0.127966
0.09375  -0.0551241
0.0625  -0.168319
-0.21875  0.0692001
0.09375  -0.123521
-0.21875  -0.207624
0.15625  0.024042
-0.0625  -0.0214661
0.28125  0.144565
0.03125  -0.150226
0.03125  0.0884085
-0.1875  -0.169295
0.09375  -0.249736
0.09375  -0.0103931
0.0625  0.0335292
-0.15625  -0.171205
0  0.116426
0.0625  0.152974
0.09375  0.0487116
-0.03125  0.219811
-0.125  -0.0223805
0.03125  0.153222
0.09375  -0.135699
0.1875  0.0376836
0.125  -0.230054
-0.125  -0.193687
0.0625  0.0840366
0.03125  -0.0357076
-0.09375  0.163983
-0.1875  -0.0641867
-0.15625  0.163619
0.0625  -0.367489
-0.125  0.041735
-0.15625  -0.0293189
0.0625  -0.112252
-0.09375  0.136388
-0.125  0.298545
-0.15625  -0.0623456
-0.03125  0.0433307
-0.125  -0.173001
0.09375  -0.142852
0.09375  0.0302568
0.125  0.0232572
-0.1875  -0.213283
0.1875  0.0971957
0.1875  0.0250946
0  -0.0787535
0.125  0.13201
0.21875  0.0637192
0.03125  0.0285779
-0.0625  -0.223815
0.1875  -0.144858
-0.125  -0.160782
0.15625  -0.0346765
0.09375  0.162543
0.0625  0.041297
0.125  -0.0151287
-0.09375  -0.305531
0.34375  -0.134281
0.09375  0.0409679
0.1875  0.0772117
0.125  -0.263657
0.15625  -0.00887222
-0.25  0.14299
0.03125  -0.0696984
-0.21875  -0.15571
0.125  0.234749
0.0625  0.200141
-0.0625  -0.135609
0  0.0314764
0.0625  -0.0931689
0.1875  -0.181019
-0.15625  0.0757925
-0.125  0.0841489
0.125  0.00929633
0.09375  0.0284032
-0.0625  0.0138971
-0.0625  -0.129023
0.21875  0.0514156
0.0625  0.0419872
-0.03125  -0.135172
-0.15625  -0.0346853
0.21875  0.00892784
0.09375  -0.055815
-0.0625  0.111045
0.25  -0.23212
-0.0625  -0.17741
0.0625  -0.148618
0.03125  -0.0421033
0  -0.0954925
-0.09375  -0.0354111
0.0625  -0.0150348
0.125  0.0301973
0.03125  -0.00337426
-0.1875  -0.0100576
-0.15625  -0.18847
0.21875  0.126019
0.09375  0.130939
-0.03125  -0.119453
0.09375  0.133829
0.03125  -0.0829036
0  0.034146
0.125  -0.245825
0.03125  0.321659
-0.0625  -0.11757
-0.0625  -0.00881325
0.03125  0.158199
0  -0.302676
-0.09375  0.00445381
-0.125  -0.0657989
0.09375  -0.20364
0  0.22764
0.03125  -0.32066
-0.0625  -0.0455846
0.03125  0.0343516
0.15625  -0.132638
-0.0625  0.0175773
0.0625  -0.0350195
-0.03125  0.0808909
-0.15625  -0.134069
-0.09375  -0.00381094
0.0625  0.0120136
-0.03125  0.199391
0.03125  0.00785357
0.09375  -0.00144326
0  -0.20394
0.15625  0.125058
0.15625  -0.0789357
-0.03125  0.15466
0.09375  -0.0852348
-0.03125  -0.122905
0.0625  0.0508875
0.125  -0.0549598
0.0625  -0.053945
0.0625  -0.0490901
0.125  0.0319537
0.03125  -0.0719797
-0.0625  -0.141733
0.03125  -0.18498
0  -0.0291867
0.09375  0.0508287
-0.09375  0.087776
-0.03125  -0.0190933
0.09375  0.0957668
-0.0625  -0.19965
-0.0625  0.130969
0.15625  0.134696
-0.21875  -0.197794
0.1875  -0.159018
-0.09375  -0.0369288
0.15625  -0.103914
0.0625  -0.084349
-0.0625  -0.146235
-0.21875  0.222505
0.09375  -0.102522
0.125  0.11998
0.0625  -0.0417421
0.03125  -0.0937915
0.21875  -0.0920388
0.0625  -0.112075
0.03125  -0.0713958
0.0625  -0.0773435
0.03125  -0.0648302
0.15625  0.0835137
-0.15625  0.0749334
0  -0.0454818
0  -0.288569
0.09375  -0.12469
0.125  -0.237035
0.03125  0.0140495
-0.0625  -0.0223911
0.03125  -0.036203
-0.125  0.0770749
0  -0.0719153
0  -0.26639
-0.125  -0.0848198
0  -0.156049
-0.125  0.111727
-0.09375  -0.176864
-0.125  -0.0991812
-0.34375  -0.209704
-0.125  0.131312
-0.125  0.0487868
0.1875  0.142257
0  0.163654
-0.03125  0.0773086
0  0.153248
-0.03125  -0.107765
-0.03125  -0.318304
0  -0.005452
0.0625  0.0454449
0.03125  -0.0649091
0.09375  0.0545606
0  -0.184101
-0.03125  -0.0692692
0.03125  0.0193737
-0.125  -0.212919
0.125  -0.136026
0  -0.0286101
0  -0.0804173
-0.3125  -0.103181
-0.125  -0.0511583
-0.0625  -0.0270282
0.03125  -0.108231
0.125  0.0204338
0.0625  -0.0876406
-0.28125  0.108242
-0.03125  -0.155229
-0.15625  -0.0740299
0.0625  -0.169045
-0.0625  -0.195192
0.03125  0.0587121
-0.1875  -0.195208
0.09375  0.0607738
0.0625  -0.0662037
0.0625  0.0178033
-0.125  -0.120494
-0.09375  -0.0862253
0.09375  0.12662
0.09375  -0.0359828
-0.03125  -0.081862
0.25  0.18007
0.15625  -0.355799
0  -0.088512
0.25  -0.199188
0.125  -0.137666
0.28125  0.0505163
0.09375  0.0107161
-0.0625  -0.0191834
0  0.122909
-0.28125  0.05774
0.03125  -0.196566
-0.0625  -0.124971
-0.09375  -0.199226
0  -0.168885
0.15625  0.226995
0.03125  -0.0446098
-0.03125  0.0014527
0.25  -0.0257475
-0.09375  -0.00751292
-0.0625  0.13453
-0.125  0.119823
0.0625  0.0546905
-0.25  -0.0460004
0.0625  -0.0651134
0  -0.00775009
0.09375  -0.127167
-0.03125  -0.045407
-0.03125  -0.0396282
0.125  -0.0614302
-0.0625  -0.0713374
-0.09375  -0.212798
-0.34375  -0.0142687
-0.25  0.0833156
-0.09375  -0.0726167
-0.03125  0.0814644
-0.09375  0.0550929
-0.09375  0.154523
-0.125  -0.100761
-0.125  0.232403
0.15625  0.0385591
-0.21875  -0.0357009
0.15625  0.0396474
-0.0625  -0.138863
-0.21875  0.134167
0.0625  -0.118771
0.09375  0.0773371
-0.125  -0.142804
-0.03125  0.105297
-0.125  -0.259135
0  -0.0651183
-0.03125  0.0302615
-0.0625  0.285889
0  0.193198
0  -0.219069
-0.0625  0.0695006
0  -0.0930768
0.09375  -0.126537
-0.125  -0.0712081
-0.09375  -0.109197
-0.0625  -0.216422
-0.03125  0.0624038
0.125  -0.0900806
0.0625  0.127251
-0.15625  0.144094
0.0625  0.01281
-0.09375  0.216176
-0.09375  0.127412
0.125  0.165917
-0.09375  -0.0142602
0  0.073009
0.09375  0.175185
-0.03125  -0.0609886
0.125  -0.235254
-0.03125  0.0438596
-0.15625  -0.0211254
0  -0.26724
0.125  -0.158507
-0.0625  -0.0780153
-0.09375  -0.033969
0.0625  -0.155081
0.0625  0.0144101
0.34375  -0.0191335
-0.1875  0.0261116
0.15625  -0.242784
-0.125  0.163765
0.09375  -0.136765
-0.09375  0.210021
0.21875  0.0081236
-0.09375  -0.157941
-0.03125  0.0372527
0.03125  -0.176072
-0.0625  -0.100962
0.15625  0.0468496
0.15625  -0.0938627
0.1875  0.0874686
0.21875  -0.0170524
0.03125  -0.215674
-0.0625  -0.0225646
-0.0625  0.186112
-0.125  -0.131089
0.0625  -0.303146
-0.03125  0.16803
0.1875  0.0471522
0.0625  0.181035
0  0.22216
0.125  0.0637966
0.0625  0.175587
0.03125  -0.160874
0.03125  -0.311551
-0.375  -0.195654
-0.21875  -0.171173
-0.125  -0.0239191
-0.09375  -0.204313
-0.25  -0.142571
-0.0625  -0.00299772
0  -0.0144999
0.125  0.178861
0  -0.172467
0  0.0985036
0.15625  -0.152532
0.03125  -0.202088
0.21875  -0.0848634
0  -0.0748062
0.09375  -0.133615
0.03125  -0.210621
-0.0625  -0.228578
-0.25  0.131222
0  0.0223487
0.15625  0.0303834
-0.125  -0.0446905
0.125  -0.188706
-0.28125  -0.0718414
-0.03125  -0.158821
-0.3125  0.0228355
-0.125  -0.0331366
-0.09375  -0.185675
0.1875  0.104064
-0.09375  0.0928409
0.125  -0.270955
-0.1875  0.222763
0.125  0.0179414
0.125  -0.164168
0.03125  0.0175619
-0.09375  -0.15182
-0.25  0.227047
-0.09375  -0.202981
-0.0625  0.0856443
-0.03125  -0.543083
0.15625  0.0229667
-0.09375  0.070728
-0.1875  -0.0247488
0.0625  0.0540694
0.15625  -0.106009
-0.125  0.124111
-0.03125  0.191731
0.03125  0.0592026
0.15625  0.267633
0.34375  -0.0640836
0.125  -0.38187
-0.15625  0.223913
-0.0625  0.093172
0.125  0.0357039
0.15625  -0.148489
0  -0.163021
0.125  -0.171596
-0.0625  0.138595
-0.28125  -0.216109
-0.21875  -0.119368
0.1875  -0.00219614
0.0625  0.0108654
0.03125  -0.0601572
0  0.0639692
-0.1875  -0.0186093
0.0625  0.0628742
-0.125  -0.0698479
0.09375  -0.0613457
-0.09375  -0.0173183
-0.1875  0.112058
-0.1875  -0.136429
-0.03125  0.139
-0.375  0.0236985
-0.09375  -0.00502754
-0.21875  -0.160737
0.09375  -0.119738
-0.1875  0.167706
0.1875  -0.1763
-0.0625  -0.209242
0.03125  -0.0120711
0.15625  0.048091
-0.03125  -0.0752733
0.03125  -0.0843523
-0.25  -0.105409
-0.125  0.109558
-0.15625  -0.204262
0.0625  0.172573
-0.09375  0.0634454
-0.3125  0.20439
0  0.0724354
0  -0.0706527
0.03125  0.159654
0.125  0.0735468
-0.09375  0.0175483
0.25  0.0809232
0.03125  0.224061
-0.03125  0.130322
-0.15625  0.0871965
0.125  0.0742556
0.125  0.219442
-0.15625  -0.0557839
0.3125  0.101879
0  -0.138534
0.125  0.111028
0  -0.184473
0.125  -0.0164923
0.0625  -0.165873
0.0625  -0.124524
0.125  -0.247124
-0.1875  0.0112508
0.03125  -0.0712679
-0.09375  -0.0442916
-0.03125  -0.227
0.0625  -0.0718044
0  0.00910813
0.1875  0.0786375
0  -0.0879723
0  -0.0174658
0.09375  -0.119963
-0.25  -0.0117079
-0.09375  0.107439
0.09375  0.0479945
0.21875  -0.14931
0.0625  -0.000628538
0  -0.267386
-0.03125  -0.0808246
-0.21875  -0.0996456
-0.0625  0.0906266
-0.09375  -0.122313
-0.125  -0.0183891
-0.125  -0.0702608
0.03125  -0.119758
-0.0625  -0.0668034
0.0625  0.00265998
0.09375  -0.0667395
0.0625  -0.121803
-0.09375  0.226725
0  0.127212
-0.125  -0.144973
0.15625  -0.180347
0.25  -0.103411
-0.0625  -0.0344411
-0.15625  -0.109178
-0.15625  -0.0277616
0.09375  0.0170533
0.03125  0.0883954
0.0625  0.131774
0.0625  -0.230737
-0.15625  -0.21155
-0.1875  0.0493284
0.0625  0.0862983
0.03125  -0.0861774
0  -0.146254
-0.15625  0.00274662
-0.03125  0.0384498
0  -0.20788
0.09375  0.0157151
-0.125  0.193696
0  0.0700641
0.03125  -0.0107511
-0.03125  0.19104
0  -0.128056
-0.09375  0.0857668
-0.21875  0.015691
0  -0.204127
0.03125  -0.148258
0.15625  -0.0796662
-0.15625  -0.0148093
0.0625  -0.089902
-0.1875  -0.112949
-0.1875  -0.0597322
-0.0625  -0.378988
0.03125  0.12205
0  0.257696
-0.0625  -0.323031
0.125  -0.177529
-0.09375  -0.146015
0.09375  -0.334705
-0.21875  0.0250929
-0.0625  -0.221683
-0.1875  -0.105868
-0.15625  -0.116582
-0.1875  -0.132697
0.1875  0.00299026
0.03125  0.0869065
0.0625  -0.14788
-0.09375  -0.216349
-0.125  -0.000748079
0.1875  -0.092217
-0.125  -0.0299766
0.03125  -0.263381
0.1875  0.0399368
-0.125  -0.192988
-0.0625  0.0634476
-0.1875  0.00462005
-0.0625  0.0480209
0.0625  -0.132912
0.0625  -0.0966229
-0.09375  -0.00739324
-0.09375  -0.110658
0.15625  -0.00705614
0.125  -0.240494
-0.1875  -0.397098
0  0.134228
-0.125  -0.165224
-0.15625  -0.0411565
0.375  -0.0592508
-0.09375  -0.0426737
0.0625  0.0639976
0.0625  0.0416641
-0.15625  0.0335646
-0.28125  -0.190474
0.0625  0.150937
0.25  0.250238
-0.15625  -0.174315
0.25  -0.0228828
-0.03125  -0.187006
-0.0625  -0.255536
-0.09375  -0.240214
0.0625  0.00474435
-0.0625  -0.250595
0.125  -0.323456
0  0.0451629
-0.03125  -0.120699
-0.03125  -0.0804327
0  0.0311729
-0.0625  0.156043
-0.1875  -0.103906
-0.125  -0.206536
0  -0.280108
-0.09375  0.0643803
-0.09375  -0.0446603
0.125  0.0523958
-0.21875  -0.0962804
0.03125  -0.117389
-0.09375  0.0382527
-0.0625  0.0686702
-0.03125  -0.0730719
-0.0625  -0.207413
0.125  0.346784
0.03125  -0.16689
-0.0625  -0.213635
0.28125  -0.157825
0.21875  -0.187223
0.125  -0.0047564
0.125  0.0496154
-0.0625  0.0983044
0.1875  -0.02912
0.125  -0.0537817
0  -0.129358
-0.09375  -0.19591
0.0625  -0.0965908
-0.03125  0.0881232
-0.03125  -0.00796956
0  -0.127511
-0.125  -0.0752599
0.03125  -0.209189
-0.0625  -0.0383506
0.15625  -0.138815
0.21875  0.186159
-0.09375  -0.320841
0.125  -0.240469
0.0625  0.0271465
-0.0625  0.161187
0.1875  -0.491768
0.375  -0.0357702
0.15625  -0.0159364
0.09375  -0.106351
-0.15625  -0.0358989
-0.09375  -0.133167
-0.03125  0.0426736
-0.375  0.181727
-0.0625  0.0253891
0.125  -0.125713
0  0.00484228
-0.03125  0.00618551
0  -0.0538309
0.15625  0.0367193
0.03125  -0.338837
0.0625  -0.175744
-0.09375  -0.249965
0.21875  0.125566
-0.1875  0.209417
0.125  -0.0243299
0  0.0405508
-0.125  -0.193234
0.34375  -0.0709284
0.15625  0.0661491
0.03125  0.150677
0.0625  0.00393617
0.03125  -0.195275
0  0.0735783
0.1875  0.0832269
-0.1875  -0.119938
-0.09375  -0.28877
-0.125  -0.0600173
-0.15625  0.149021
-0.125  -0.0173017
-0.21875  0.123937
-0.125  0.0497366
-0.15625  -0.173805
0.0625  -0.126419
-0.15625  0.095849
-0.21875  0.0136565
-0.0625  -0.13259
0.03125  -0.0888181
-0.25  -0.0832228
-0.28125  -0.18397
-0.1875  -0.00514078
0.0625  0.0850149
0  0.00838576
-0.03125  -0.149479
-0.03125  -0.295478
0.125  -0.0402766
0.0625  -0.165022
0.15625  -0.142917
0.21875  0.0350291
-0.0625  -0.128255
-0.03125  0.146535
0.09375  -0.0550431
-0.09375  -0.00990162
-0.0625  0.0671771
-0.09375  -0.162117
-0.03125  -0.119317
-0.09375  0.274978
-0.21875  -0.00973931
0.1875  0.0540802
-0.125  0.0839357
-0.3125  0.0844461
-0.0625  -0.0388344
-0.125  -0.176135
0.03125  -0.158068
0.0625  -0.130348
-0.03125  -0.00927144
0.15625  -0.0778206
0.15625  0.0745953
0.03125  -0.0867938
0.15625  -0.261717
-0.15625  -0.0598494
-0.03125  0.0152472
0.03125  -0.187534
0.15625  -0.0557674
0.1875  -0.18174
-0.15625  -0.421631
0.03125  -0.124176
0.09375  -0.0581819
-0.1875  -0.132393
-0.15625  0.0329262
0.28125  -0.0434861
-0.09375  0.115395
0.0625  -0.0133941
0.28125  0.0602758
0.125  -0.0255654
0.125  -0.131822
0.03125  -0.0664224
0.125  0.0972398
0.15625  -0.060911
0  -0.0190988
-0.15625  -0.129552
-0.03125  -0.154328
-0.21875  -0.000783128
0.1875  0.0507281
-0.125  -0.0159731
0.09375  0.0984122
0.09375  -0.139104
0.28125  -0.0311137
-0.0625  -0.109343
0.0625  0.121066
0.15625  -0.0354079
0.125  -0.243553
-0.03125  -0.0458903
0.15625  0.101122
0.09375  -0.162164
-0.0625  0.27708
-0.15625  -0.0332573
-0.125  -0.308797
-0.25  0.0436263
0.03125  -0.0286653
0.09375  -0.0144079
-0.0625  -0.120315
0  0.0101598
0.0625  -0.0728763
-0.1875  0.0235335
-0.0625  -0.0606697
0  -0.216885
0  -0.0170655
0.21875  -0.23592
-0.09375  -0.00143691
-0.15625  0.218628
0.1875  -0.209499
-0.125  -0.0980395
-0.03125  0.241872
-0.15625  -0.315502
-0.0625  0.00803477
-0.125  -0.125759
0.125  -0.045627
0.15625  -0.283843
-0.21875  -0.0376004
-0.1875  0.191478
-0.03125  0.0240721
0  -0.126082
0.03125  -0.340685
-0.0625  -0.235884
0.03125  0.0175973
0.3125  -0.347955
-0.09375  -0.0118921
0.125  0.0969999
-0.09375  0.245496
-0.125  -0.0251806
-0.03125  -0.0396686
0.09375  0.0314875
0.125  0.028965
0.15625  -0.0647603
-0.0625  -0.0382062
-0.15625  -0.0556336
-0.125  0.212469
-0.1875  -0.231999
-0.15625  -0.0557995
-0.125  -0.215604
0.09375  -0.00330618
-0.125  -0.0132668
0.03125  -0.0426974
0.09375  -0.00490431
0.0625  0.0682157
0.09375  0.0377547
-0.09375  -0.08096
0.0625  -0.221506
-0.28125  -0.028688
0.03125  -0.0909334
0.09375  0.119931
-0.03125  0.151412
-0.0625  -0.184155
0  0.0625608
-0.0625  0.0213767
-0.1875  -0.0665026
0.03125  -0.0130259
0  0.212491
0.0625  -0.142396
0.1875  0.147459
0.1875  -0.22121
0.03125  -0.213451
-0.09375  -0.0752188
0.125  -0.0670247
0.03125  -0.0577661
0.03125  0.144507
0.09375  -0.00180722
-0.09375  -0.0772729
0.15625  0.112083
-0.0625  -0.150041
0.25  -0.115377
0.15625  -0.266108
0.125  -0.260884
0.125  -0.018762
0.125  -0.159203
-0.09375  -0.145429
-0.21875  -0.068297
-0.0625  -0.181506
0.25  -0.235083
-0.125  0.0546429
-0.03125  -0.120632
-0.09375  0.106748
-0.09375  -0.0889719
-0.03125  -0.179873
0.0625  -0.172094
0.0625  -0.188284
0.1875  0.000695951
-0.09375  -0.10932
0  -0.13862
0.0625  0.113999
-0.1875  0.187401
0.03125  0.00914277
0  -0.0529812
-0.09375  -0.319114
-0.125  -0.222393
0.125  0.000760269
-0.03125  -0.0841692
0.03125  -0.0972603
0.03125  0.011206
-0.09375  0.00402113
0.03125  0.04797
-0.1875  -0.0654317
0.15625  -0.133474
0.15625  -0.0751918
-0.15625  -0.190151
-0.09375  0.0257068
0  -0.193595
0  0.212158
-0.03125  0.15535
-0.03125  -0.105256
-0.03125  -0.0120131
-0.1875  -0.145687
0.125  -0.0148772
0.0625  -0.00844992
-0.0625  -0.277029
0  0.0655523
-0.09375  -0.192463
-0.21875  -0.170004
-0.0625  -0.134508
-0.125  0.0543187
-0.0625  -0.171975
0  -0.216755
0.21875  -0.0502867
-0.09375  -0.114996
-0.0625  -0.128414
0.03125  -0.125219
0.0625  -0.0633582
-0.125  -0.0351872
-0.1875  0.0276759
0  -0.229715
-0.15625  -0.0332767
-0.0625  0.16274
0.125  -0.327589
-0.1875  -0.00835968
0  0.070631
-0.09375  -0.0624048
-0.28125  0.0417236
0.25  0.21239
0  -0.0265167
-0.125  -0.209302
-0.34375  -0.00134911
-0.03125  -0.037553
0.09375  -0.169678
0.03125  -0.114737
-0.03125  -0.0277563
0.09375  -0.160887
0.03125  0.106772
-0.125  0.0263254
0.15625  0.0314703
-0.09375  -0.0308834
-0.09375  -0.163446
-0.3125  0.221887
-0.09375  0.0841984
0.0625  -0.0306409
0.125  -0.336259
-0.34375  0.305895
-0.0625  -0.104996
0  0.149303
0.09375  -0.00829321
0.21875  0.0111626
0  -0.0819927
-0.25  0.11103
-0.03125  0.0578186
0.03125  -0.06674
0.0625  -0.117873
0.03125  -0.0377353
-0.09375  0.151241
0.0625  -0.136226
0  0.142987
0  -0.0132562
-0.03125  -0.169914
0.09375  -0.439289
0.09375  0.0782504
-0.125  0.148132
0.03125  -0.0192289
-0.03125  -0.0269709
-0.125  -0.169056
0.0625  0.13659
0.09375  -0.12918
0.21875  0.0838317
0.03125  -0.0971309
-0.0625  -0.151612
-0.125  0.0356301
-0.125  -0.0103991
-0.03125  0.0213477
0.15625  0.104696
0.03125  -0.155548
0.15625  0.121891
0.09375  -0.0148313
-0.1875  -0.159749
0.1875  -0.179057
0.03125  0.0486626
-0.28125  -0.0779327
-0.03125  -0.0350688
-0.03125  0.130925
-0.1875  -0.1739
0.125  0.101952
0.0625  0.0823221
-0.03125  -0.0451114
-0.03125  -0.146361
-0.0625  -0.0350633
0.0625  0.111175
0.21875  -0.202526
-0.0625  -0.278719
0.28125  -0.277485
-0.03125  -0.0334002
0.03125  0.173589
-0.09375  0.107458
0.03125  0.186636
0.03125  -0.124226
-0.03125  0.163206
-0.0625  -0.24378
-0.03125  0.00253358
0.09375  0.0833624
-0.15625  -0.193805
-0.09375  0.186441
-0.21875  -0.00833713
-0.09375  0.141093
0  -0.0315205
0.125  -0.0768583
-0.0625  -0.180334
0.03125  -0.0149455
0.03125  0.0145954
0.125  -0.31181
0.1875  -0.128247
-0.1875  -6.47701e-05
-0.34375  -0.0508298
0.09375  -0.0895157
0.125  -0.0777641
-0.03125  -0.233776
-0.09375  -0.0617571
-0.15625  0.11967
0.0625  -0.0956094
0.25  -0.01593
0.0625  -0.24297
-0.03125  0.00757254
-0.25  -0.0205204
-0.03125  -0.277506
0.125  0.00132002
-0.125  -0.209623
-0.03125  0.153911
0  -0.260791
0.09375  -0.272862
0  -0.0934096
0.21875  -0.094285
-0.0625  -0.197754
0.0625  0.16457
0.09375  0.0713863
-0.15625  -0.161577
0.125  -0.175322
-0.1875  -0.132787
-0.125  -0.321302
0.125  -0.234849
0.09375  -0.134515
0.03125  -0.10233
0.09375  -0.0740211
0.03125  -0.139125
0.03125  -0.2433
0.125  0.0269048
-0.0625  0.090988
0.15625  -0.278696
-0.09375  0.0872967
0  -0.107275
-0.09375  -0.10278
-0.125  -0.0483857
0.03125  -0.214622
-0.125  -0.221503
0.0625  0.0371212
-0.09375  -0.20065
-0.28125  -0.204993
0  -0.0946576
0  0.140662
0.03125  -0.00522892
0.0625  -0.0238874
-0.15625  0.0150306
-0.09375  -0.159035
0.1875  0.100068
-0.125  -0.0565664
0.0625  0.354454
0.0625  -0.151386
-0.0625  -0.0313861
0.125  -0.0307552
0.09375  -0.0294
0  -0.245618
-0.125  0.175987
0.125  0.226934
0.03125  0.0236703
-0.03125  0.181368
0  0.121903
0.09375  -0.217202
0.1875  -0.0312303
-0.15625  -0.191074
0.09375  0.045545
0.0625  -0.254053
-0.0625  -0.0452342
0.09375  0.084037
-0.21875  0.0625297
0.1875  -0.192029
-0.15625  -0.0426741
0  -0.0212983
0  0.073274
-0.25  0.0153776
0  -0.144005
-0.09375  -0.030968
0.09375  -0.0387755
0.125  -0.0437369
0.0625  0.194924
-0.09375  0.00887116
0.1875  0.098155
0  -0.00905326
-0.15625  0.0207564
0.09375  -0.0915496
-0.09375  0.0952432
0.125  -0.00397529
0.15625  -0.253572
-0.375  -0.0240022
-0.09375  -0.357609
0.09375  -0.118383
0.03125  -0.100585
-0.125  0.199548
0.15625  0.116277
-0.1875  -0.128382
0.0625  -0.106046
-0.03125  -0.152719
-0.1875  0.096166
-0.03125  -0.0983828
0.46875  0.102557
-0.34375  0.00316356
0.15625  -0.192472
-0.03125  0.0898325
-0.125  0.00820734
0.21875  -0.0602329
0.21875  0.0167802
-0.1875  0.339747
0.0625  0.0207063
0  0.265015
-0.09375  0.0712791
0.28125  -0.129507
-0.25  -0.287283
0.125  0.043161
-0.0625  -0.0680513
-0.125  -0.0803366
-0.03125  0.118354
-0.03125  -0.102303
0  -0.187631
0.1875  0.150236
-0.0625  0.00237441
-0.15625  0.129649
-0.0625  -0.0716874
-0.28125  -0.00904985
-0.15625  -0.0536332
0.03125  -0.0792383
-0.03125  0.179178
0.15625  -0.182285
0.125  0.176179
-0.03125  -0.027889
-0.15625  -0.113549
0.0625  0.147596
0.125  -0.00603518
-0.125  0.0807587
0.03125  0.0500789
-0.28125  -0.01871
-0.09375  -0.114581
0  -0.0522827
0  -0.121056
-0.0625  -0.108885
-0.1875  -0.196333
-0.15625  -0.152047
0.28125  0.0511461
0.09375  -0.0693927
-0.03125  -0.313439
-0.1875  -0.0839966
0.0625  -0.0123559
0.15625  -0.0274034
-0.15625  -0.223908
0.03125  -0.217062
-0.03125  0.0609704
-0.09375  0.0137159
-0.0625  0.17407
0  -0.5598
0.25  -0.139558
-0.1875  -0.101788
0.21875  0.202008
0.0625  0.036738
0  0.0366278
0.09375  -0.0930102
0.4375  -0.117521
0.25  -0.260331
0.15625  -0.227395
0.125  0.164877
-0.125  -0.0080245
-0.09375  0.123406
0.0625  -0.202581
-0.125  0.227584
-0.15625  0.0230629
0.21875  -0.00520448
0.15625  -0.316258
-0.1875  -0.108271
0.0625  0.0992078
0.125  -0.142474
0.125  -0.0664658
0.25  -0.009652
-0.0625  0.00681391
-0.15625  0.10122
-0.15625  0.0572496
-0.28125  -0.0847349
0.1875  0.0346165
0.15625  0.0109526
0  0.0890422
-0.125  -0.180439
-0.03125  -0.289661
0.09375  0.135151
0.15625  -0.0140835
0  -0.151134
-0.15625  -0.0169147
0.15625  0.0520292
-0.09375  0.0373129
-0.15625  -0.14624
0.15625  0.0630732
-0.125  -0.0605483
0.0625  0.0886927
0.03125  -0.209915
0.03125  0.159191
0.28125  -0.0729029
-0.03125  0.0645165
0.09375  -0.148816
-0.0625  0.124652
0.15625  0.0626404
-0.125  0.238405
-0.03125  -0.270103
-0.09375  -0.256537
0.0625  -0.0615854
-0.1875  0.0653141
-0.21875  -0.188484
-0.34375  0.0166021
0.03125  -0.0151557
-0.1875  -0.043387
0.125  -0.119579
-0.09375  -0.0568406
-0.09375  -0.121537
0  -0.240139
0.0625  -0.050542
0  0.176095
0.0625  0.0288397
-0.09375  -0.143162
0.0625  -0.414044
-0.03125  0.150948
0.03125  -0.101769
-0.03125  -0.0726726
0.09375  -0.186749
0  -0.152159
-0.0625  -0.0450775
0.0625  -0.168682
0.21875  0.00499005
0.1875  -0.205968
-0.09375  0.0249812
-0.21875  -0.0248439
0  0.0875141
0.21875  -0.176739
0.25  -0.143978
-0.03125  0.000285091
0.15625  -0.0213865
-0.09375  -0.230185
0.0625  -0.108477
0  -0.10361
-0.0625  -0.271972
0.03125  -0.0379483
0.125  0.0188139
0.09375  -0.146775
0.15625  -0.0747181
-0.28125  0.106678
0.03125  -0.0480033
-0.03125  -0.0219725
-0.09375  0.0052419
0.125  -0.232599
-0.09375  0.0645928
0.15625  -0.208982
0.09375  0.0978551
-0.09375  -0.18538
0.09375  -0.312744
-0.125  0.0284394
-0.09375  0.043288
-0.28125  0.162896
0.3125  -0.140407
-0.125  0.152675
-0.15625  -0.0959262
-0.1875  -0.191898
-0.25  -0.0412971
-0.25  0.107642
0.0625  -0.102013
-0.03125  -0.20391
-0.03125  0.143563
-0.15625  0.174411
0.125  0.0481087
0.03125  -0.0281698
0.09375  0.00516435
0.09375  0.180549
-0.15625  -0.229399
0.09375  -0.0591021
0.125  -0.133185
0.03125  -0.109961
-0.1875  0.122832
-0.125  -0.124181
-0.09375  -0.134628
-0.03125  0.0337373
0.125  0.0117185
-0.125  -0.0167078
-0.125  -0.182224
-0.03125  -0.105281
-0.25  -0.115433
-0.1875  -0.269788
-0.125  0.0778869
-0.03125  -0.101175
-0.3125  -0.261536
0.0625  -0.0730799
0  0.0652583
0.125  0.0466303
-0.09375  0.226554
0.03125  -0.090192
0.125  -0.0263478
-0.09375  -0.167382
0.15625  -0.168478
-0.09375  -0.140039
-0.03125  0.0311972
0.1875  -0.13556
0.125  0.124406
-0.125  0.0667747
-0.09375  -0.0404278
-0.09375  -0.253014
-0.03125  -0.00386062
-0.25  0.0228785
-0.21875  0.0524343
0  -0.135839
0.09375  -0.0102922
0.09375  0.159334
0.09375  -0.0754357
0.125  -0.120808
-0.34375  0.0593364
-0.0625  -0.175883
0.21875  0.0647803
0.0625  0.077848
-0.03125  -0.147282
-0.0625  -0.113203
0.0625  0.091777
0.0625  -0.167825
-0.03125  0.0199604
0.1875  0.0253562
-0.0625  -0.00028683
0.03125  -0.0207793
-0.15625  0.121954
-0.1875  -0.218739
-0.09375  -0.0609226
-0.09375  -0.17202
-0.03125  -0.218938
-0.03125  -0.132363
-0.03125  -0.0184194
0.125  -0.0236084
0.03125  0.0856312
0.21875  -0.260483
-0.09375  0.0513939
-0.03125  -0.270618
0.0625  0.0392795
0.03125  0.348056
-0.25  -0.0326908
-0.09375  -0.0172214
0.03125  -0.0917785
0  0.00293285
0.125  0.203002
-0.0625  -0.23881
0.03125  -0.121425
0.0625  -0.0778513
0.0625  -0.16299
0  0.260544
0  -0.00266366
0.09375  -0.124015
0.15625  0.00158436
0.03125  0.0478105
0.15625  -0.0324545
0  -0.0443972
0  -0.17831
-0.0625  -0.114375
-0.0625  -0.106326
-0.125  0.0211366
0  0.0367746
-0.09375  -0.0618988
-0.09375  0.0203212
0.09375  0.203792
0.125  0.146157
-0.0625  -0.0411039
0  0.18151
-0.1875  0.0685312
0.1875  0.325609
0.21875  -0.110522
-0.03125  -0.00746773
0.125  -0.152221
-0.15625  0.041694
-0.03125  -0.070838
-0.1875  -0.0166935
0  0.00847723
0.25  -0.105066
-0.0625  0.127497
0.03125  0.240531
-0.0625  -0.0644721
-0.03125  -0.146152
0.1875  -0.251181
-0.25  0.172386
-0.0625  -0.251311
-0.0625  -0.17217
0.09375  0.151575
-0.125  -0.0245167
-0.125  -0.153549
0.09375  -0.0736441
0  -0.0090668
0.09375  0.107325
-0.15625  -0.0149184
-0.1875  -0.00981007
-0.09375  0.169115
0.03125  -0.0828266
0.03125  -0.212367
0.1875  -0.0765951
-0.21875  -0.0485925
-0.03125  -0.118394
0.15625  -0.0468272
0.1875  -0.187676
0.125  -0.12775
0.03125  -0.119243
0.03125  -0.179636
0.3125  -0.0372845
0.25  -0.0704634
-0.09375  -0.0348925
0.0625  -0.0403167
-0.09375  0.230477
0.09375  0.0741132
0  -0.176778
0.0625  0.00857753
0.125  0.012089
0.28125  -0.187475
0.125  0.0304519
0.03125  -0.00131339
-0.25  -0.00706217
0.1875  -0.183502
0.09375  -0.00893918
0  0.0481655
0.09375  0.0475619
0.09375  -0.258681
-0.28125  0.0180122
-0.03125  -0.186723
0  -0.133947
0.0625  0.0942591
0.125  -0.119294
0.0625  -0.135823
0.15625  0.14811
-0.1875  -0.0315219
0.15625  -0.0250863
0  0.0826046
-0.03125  -0.220595
-0.03125  -0.286194
0.125  0.0589392
0.0625  0.0482035
0.34375  0.0893262
0.1875  -0.114343
-0.03125  -0.05935
0.25  -2.62481e-05
-0.03125  -0.0437612
0.0625  0.0595916
0.34375  -0.110129
0  -0.0463568
-0.0625  -0.311334
0.03125  -0.0895527
0.03125  -0.136909
0.1875  0.130195
-0.25  -0.16236
0.125  0.117635
0.125  0.115696
-0.03125  -0.33179
0.03125  0.164074
0  -0.0200971
0.1875  0.187956
0.03125  0.0450149
0.03125  0.0398462
-0.0625  -0.184051
-0.0625  -0.195653
-0.03125  0.0310306
-0.0625  -0.199282
-0.0625  0.0184207
0.03125  0.0359645
0.0625  -0.0626225
-0.125  -0.253899
0.15625  -0.0922256
-0.0625  -0.136184
-0.0625  0.236519
0.0625  -0.0335588
-0.09375  -0.127476
-0.21875  -0.183839
0.09375  0.0245158
-0.125  0.0611073
0.09375  -0.22365
0  -0.041583
0.09375  -0.00692304
0.09375  -0.0534586
0.09375  -0.111183
0.0625  -0.163913
0  -0.125097
0.15625  -0.120861
-0.0625  -0.0643243
0.03125  -0.108167
-0.125  -0.0762544
0.125  -0.113147
-0.03125  0.0421467
0.0625  -0.163389
-0.09375  -0.0206624
0  -0.0928563
0.125  -0.0880309
0.125  0.000516063
0.03125  -0.0124497
0.0625  -0.249795
0  -0.178773
0.03125  -0.126144
-0.15625  -0.177773
0.1875  0.00436435
-0.09375  -0.144031
0.03125  -0.10018
0.09375  -0.274681
0.15625  -0.0301845
0.1875  -0.189351
0.15625  0.189279
0.03125  0.186439
0  0.238226
0  0.0273485
-0.03125  -0.0290184
-0.125  0.024649
0.03125  0.103004
0.09375  -0.0826465
0.09375  -0.024633
0.03125  -0.0549656
0.125  -0.0948485
0.125  0.0594667
0.03125  -0.0739108
0  -0.231441
0.03125  0.151035
0.03125  0.00530989
-0.09375  -0.00158422
-0.03125  -0.113518
0  -0.154775
0.03125  -0.13719
0.1875  -0.269255
0.125  -0.217975
0  -0.170545
0  -0.247485
0.09375  0.0526641
-0.0625  -0.12933
0.09375  -0.0509988
-0.0625  -0.0885768
0.125  0.221407
0.0625  0.0493933
0.09375  -0.0289757
-0.09375  -0.124352
-0.03125  -0.116489
0  0.108337
-0.03125  -0.140381
-0.15625  0.0326299
0.09375  -0.0302006
0  0.18208
0.03125  0.142813
-0.0625  -0.0527541
-0.03125  -0.213104
-0.03125  -0.0237216
0  -0.105921
-0.34375  0.0221933
0.09375  -0.0800064
0.125  0.13489
0  -0.204646
0.03125  -0.0180032
0.03125  0.0887852
-0.03125  -0.282748
-0.09375  -0.00208925
0.125  -0.074083
-0.125  -0.152346
0  0.135017
-0.0625  -0.00650095
0.34375  0.0399434
-0.21875  0.00456516
-0.0625  -0.18521
-0.03125  -0.0590639
-0.09375  0.128652
0.15625  -0.0642948
0.0625  0.0289049
0.0625  -0.0271717
-0.09375  0.0892588
0.0625  0.0820914
-0.0625  0.0549117
-0.28125  -0.090957
0.0625  -0.120776
-0.0625  -0.252803
0.125  -0.0686425
0.03125  0.0522109
0.0625  0.00356717
-0.15625  0.121009
0.0625  0.0387432
0  0.0942226
-0.03125  -0.243819
-0.09375  0.0552697
0.1875  0.230349
0.03125  -0.165528
0.15625  -0.23136
-0.0625  0.0846817
0.03125  -0.0429733
0.125  -0.173443
-0.15625  -0.038342
-0.1875  -0.0625481
0.1875  0.213416
0.3125  -0.0537235
0.0625  -0.0926807
0.15625  -0.101157
-0.125  -0.0434146
0.09375  0.0591291
-0.09375  6.44201e-05
-0.03125  -0.0730228
0.25  -0.0841126
-0.03125  -0.155351
-0.03125  -0.0929066
0  0.0666606
-0.09375  0.0152628
0.1875  0.0725055
-0.1875  -0.17817
0.15625  0.00327756
0.03125  -0.22696
0  -0.107124
-0.25  -0.0296126
-0.0625  -0.135402
0.0625  -0.0286289
0.21875  0.175515
-0.125  -0.173525
-0.0625  -0.0346923
-0.1875  -0.239208
-0.15625  -0.129186
0  -0.00189873
-0.09375  -0.319476
0.0625  0.105871
0.03125  -0.161838
-0.15625  0.0363547
-0.03125  0.0790257
0.03125  0.0878343
0.03125  -0.154537
0.15625  0.144396
0.0625  -0.235708
0.15625  0.174426
-0.03125  0.194058
0.0625  -0.0437052
-0.09375  -0.0323646
-0.125  -0.143294
-0.21875  0.109468
-0.15625  0.0948122
0  -0.0215629
0.03125  0.0508634
0.09375  0.040202
0.03125  0.153191
-0.03125  -0.145596
0.03125  -0.10415
0.09375  -0.0926722
-0.15625  0.00971612
-0.09375  -0.0768697
-0.03125  -0.302932
0.125  -0.0932901
0.1875  -0.0392303
-0.0625  0.101289
-0.03125  -0.0204045
0.21875  0.0148674
-0.0625  -0.0140104
0.125  -0.11299
-0.03125  -0.0796422
-0.125  -0.190182
-0.0625  0.0323229
-0.09375  -0.102343
-0.09375  0.00889933
0  -0.101033
0.0625  -0.173705
0.03125  0.0112976
-0.1875  0.00414175
0.125  0.0295417
-0.25  0.0107208
-0.03125  -0.326958
-0.09375  0.120465
0.09375  -0.162384
-0.125  0.046297
-0.125  -0.20128
-0.25  0.0391718
0  -0.165014
-0.0625  0.278642
-0.03125  -0.112959
0.03125  -0.138778
-0.09375  0.0142972
0.09375  0.0977035
-0.0625  -0.125918
0.15625  -0.2451
0  -0.125757
0.15625  0.127253
-0.21875  -0.0291486
0.21875  -0.186222
-0.21875  -0.218463
-0.0625  0.11071
-0.09375  -0.0815817
-0.09375  0.0368334
0.1875  0.188677
0.03125  -0.231722
-0.0625  -0.00126872
0.03125  -0.304957
-0.0625  0.174619
0.15625  -0.170672
0.125  0.0190053
0  -0.00440147
-0.15625  -0.159232
0  -0.25076
-0.09375  -0.047533
-0.21875  -0.0594218
0.09375  0.104357
0.03125  -0.179965
0  -0.0663206
-0.1875  0.233476
0.15625  -0.149486
-0.0625  -0.151721
-0.03125  0.043412
0.0625  -0.182182
0  0.096708
-0.125  0.0296679
-0.1875  -0.0972656
0.09375  -0.0780046
0.09375  -0.258157
0.21875  -0.193901
-0.0625  -0.179686
0.09375  0.0965806
-0.0625  -0.224173
-0.1875  -0.30233
-0.09375  0.00686552
0.3125  -0.132058
0.125  0.214543
0.09375  0.268946
0.09375  -0.102148
0  0.245374
0.0625  0.159544
-0.3125  -0.148635
0  -0.0486764
0  -0.0253448
0.09375  0.102102
-0.03125  -0.0791705
0.125  -0.110834
0.03125  -0.108559
0.09375  -0.0437301
0  -0.0753622
0.21875  -0.222665
-0.03125  0.0859314
-0.125  -0.0134691
-0.15625  0.184434
0.0625  -0.0257187
0.09375  0.0746327
0.375  -0.252057
0.03125  -0.141908
-0.25  -0.0819298
0  -0.297222
0  -0.024638
0.15625  0.00756671
0.0625  -0.172865
0.21875  -0.176396
-0.1875  0.250628
0.125  0.0530694
-0.125  0.0461081
0  0.0149624
0.1875  -0.0394477
-0.125  -0.0671595
0.15625  0.00444722
0  0.0239622
0.03125  -0.173541
0  -0.227538
-0.03125  0.00681858
-0.0625  -0.0411531
0.1875  0.0816464
-0.15625  -0.0203396
-0.09375  -0.168844
0.0625  -0.159602
-0.03125  -0.0735993
0.03125  -0.249577
0.0625  -0.0307165
0.03125  -0.0814603
-0.09375  0.0918059
-0.09375  -0.183676
-0.4375  0.148232
0.03125  0.0072403
0  -0.136146
0.0625  0.110504
0  0.123729
-0.09375  -0.250056
0.15625  -0.0365487
0.0625  0.0740183
0.21875  -0.195652
-0.25  0.0508756
-0.09375  -0.0476781
0.25  -0.0588596
-0.0625  -0.110994
-0.1875  0.10509
0.09375  0.0589857
0.125  0.35889
-0.15625  -0.175905
0.0625  -0.0965496
0.0625  0.116436
-0.21875  0.147053
0.09375  -0.0501232
-0.21875  -0.21986
0.21875  -0.179291
-0.03125  -0.135774
-0.0625  -0.152789
0.125  0.167983
0.0625  -0.0916228
-0.0625  -0.0287713
-0.09375  0.0350543
0.09375  -0.0198209
0  -0.0437641
0  0.0840704
0.15625  -0.0644784
-0.09375  0.17922
-0.03125  -0.0318473
-0.0625  -0.290239
-0.03125  -0.206944
0.09375  -0.0780114
0.125  -0.274789
-0.0625  -0.0990988
-0.46875  -0.218497
-0.03125  -0.117351
0.0625  -0.127937
-0.1875  -0.171189
0.125  -0.0408593
-0.125  -0.195116
0.0625  -0.191083
-0.15625  0.0630012
-0.125  -0.0282157
-0.15625  -0.20441
0.03125  0.0807232
0.15625  0.0533241
0.15625  0.0303577
0.09375  -0.200015
0.125  -0.0980144
-0.15625  -0.201612
0  0.162781
0.03125  0.0454786
-0.15625  -0.235087
-0.125  0.0791051
-0.125  -0.117565
0.03125  -0.0541023
-0.25  -0.029206
0  -0.218213
0  -0.132876
0.0625  -0.250163
-0.21875  -0.124796
0.03125  -0.140312
0.0625  -0.160753
0.0625  -0.239549
0.0625  -0.00746181
-0.0625  -0.064541
0.0625  0.0880058
-0.1875  0.21756
0  -0.0398204
0.15625  -0.00632282
-0.03125  -0.230237
0.15625  -0.074845
-0.125  -0.0974843
-0.15625  0.0569486
-0.03125  -0.143939
0  -0.13507
0.15625  -0.0218536
-0.09375  -0.0484066
-0.125  0.0460736
-0.03125  -0.0642324
-0.21875  -0.0760288
-0.15625  -0.00328126
-0.1875  -0.0098996
0.1875  -0.342952
0.25  0.164797
0.0625  -0.0691439
-0.03125  0.134173
-0.03125  -0.148344
0.125  -0.184762
0.125  -0.0481894
0  -0.0850987
0.03125  0.0170965
0.1875  -0.257186
0.0625  -0.070368
0.125  0.0184057
0.0625  -0.119549
0.03125  -0.153129
-0.0625  0.0227779
-0.0625  0.0114286
0  -0.16318
0.15625  -0.02834
-0.03125  -0.0998149
0.28125  0.144636
-0.09375  0.0836245
0  0.115468
-0.21875  -0.182236
0.03125  -0.113277
0.09375  0.0779604
-0.09375  0.0578258
0.15625  -0.270682
-0.0625  -0.105717
0.09375  -0.0853139
0.125  0.188679
-0.21875  0.0990501
0.0625  0.0785009
-0.1875  -0.0783855
0.1875  -0.0981437
0  -0.082006
-0.1875  0.013797
-0.03125  0.00552728
-0.0625  0.138975
0  -0.189021
-0.15625  0.0556941
0.125  -0.146365
0.0625  -0.00198341
0.09375  0.177894
0  -0.0217908
-0.03125  0.175556
-0.03125  0.0197366
0  -0.0228229
0.125  -0.00860484
0.25  -0.0176388
0  0.0968977
-0.125  0.0637295
-0.03125  0.0526037
-0.0625  -0.113192
0.09375  0.058332
0.34375  -0.0602909
-0.125  -0.238034
0.03125  -0.0995743
0.03125  -0.0948336
-0.0625  -0.177645
0  -0.100324
-0.0625  -0.0997841
-0.1875  -0.149926
-0.03125  0.129152
0.125  0.144374
0.0625  -0.0316414
-0.03125  0.130031
0.0625  -0.0860616
0.03125  0.0604638
0.125  -0.162419
-0.03125  -0.0587396
-0.125  -0.0555078
-0.0625  -0.119228
0  -0.117045
0.15625  -0.215432
0  -0.23742
-0.1875  0.204594
0.15625  -0.193745
-0.21875  0.0938294
0.03125  -0.111168
-0.09375  -0.0327145
0.15625  -0.113962
0  -0.0601061
0.0625  -0.127598
-0.125  -0.0969535
0.15625  -0.301907
-0.09375  0.0344501
-0.03125  0.252839
0.1875  0.186251
-0.0625  0.181359
-0.0625  -0.205098
0.0625  -0.15944
-0.03125  0.0610405
0  0.133211
0.09375  0.105821
-0.03125  -0.137753
0.03125  -0.222023
0.03125  0.252189
-0.0625  0.0433199
0.125  -0.122602
0.09375  0.0165762
-0.125  -0.0826637
-0.0625  0.0882133
-0.15625  -0.161869
0.0625  -0.0831682
-0.125  0.128619
0.09375  0.151367
-0.15625  0.024894
-0.0625  -0.0568127
-0.28125  0.0653329
0.1875  0.350521
-0.25  0.16431
0.09375  -0.0763421
0.0625  -0.145899
0.03125  -0.0268723
-0.0625  0.140562
0.0625  -0.0430502
-0.1875  -0.0432274
0.15625  -0.0540981
0.1875  -0.0477224
0.0625  -0.116841
-0.09375  -0.184819
-0.0625  0.0607563
0.0625  0.131949
0.0625  0.0721531
0  -0.161934
0.09375  -0.340661
0  0.0353342
0.03125  -0.018195
0.03125  -0.12373
-0.09375  0.0179808
0.21875  -0.199233
-0.0625  -0.0473526
0.25  -0.0600219
0.1875  0.205828
-0.1875  -0.0463301
0.0625  0.00736135
0.0625  -0.00784857
0.0625  -0.203334
-0.25  -0.0478734
-0.03125  -0.0776978
-0.125  -0.314173
0.03125  -0.0030792
0.09375  -0.0411367
0.03125  -0.153097
0.28125  0.147186
-0.25  0.0488202
-0.03125  0.0892046
0.09375  0.0044021
0.125  -0.0442883
0  0.0743716
0.09375  0.121327
-0.09375  0.0580767
-0.03125  -0.0501151
-0.09375  0.00169147
0.03125  -0.0167372
0  0.0625211
0.1875  -0.0377852
-0.03125  -0.18139
0.03125  -0.0107205
-0.125  -0.136268
0.21875  0.0736534
0.125  0.0188468
0  -0.0530912
0.0625  -0.00387663
0.125  0.218556
-0.0625  0.239085
-0.21875  0.0335513
-0.25  -0.162673
0.09375  0.177919
-0.375  -0.0580247
-0.25  -0.0769857
-0.0625  -0.11318
0  -0.0089125
-0.28125  -0.25078
0.125  0.155675
-0.0625  -0.0175817
-0.0625  -0.0771415
0.09375  -0.022111
0.1875  -0.0758627
0.21875  -0.146295
-0.09375  -0.173342
-0.09375  -0.00128469
-0.09375  -0.0730469
0.09375  0.0365061
-0.0625  0.264558
-0.0625  0.218368
-0.0625  0.120453
-0.0625  -0.0365643
-0.03125  -0.250696
-0.0625  -0.216377
0.03125  0.172455
-0.09375  -0.0775286
-0.125  0.0691031
-0.15625  -0.141035
-0.03125  0.0569237
-0.21875  -0.149674
0.25  -0.276176
0.03125  -0.223469
0  -0.278205
0.09375  -0.101218
-0.0625  -0.0218992
0.21875  -0.159108
0.03125  0.119145
0.09375  0.049984
-0.03125  0.0185914
-0.0625  0.168662
-0.15625  0.131066
0.1875  0.0687151
-0.09375  0.015561
-0.15625  -0.119888
0.03125  0.0134776
-0.0625  0.116399
0.125  -0.0671669
-0.0625  -0.14111
0.5  -0.324548
0.03125  0.000312694
0.125  -0.0309946
0.0625  -0.0409914
0.03125  0.0882093
-0.0625  0.218809
-0.28125  -0.13771
0.0625  -0.27587
-0.125  -0.0828393
-0.15625  0.0104825
0.125  -0.174336
0.25  0.0282856
0.125  -0.120292
-0.125  0.0214995
0.03125  0.0944028
-0.0625  -0.0182704
0.0625  0.0811739
0.125  0.0384315
0.03125  0.0733243
0.0625  -0.238289
-0.03125  -0.142799
0.125  -0.0227052
-0.03125  0.00908444
-0.03125  -0.0800395
0.1875  0.031591
0.0625  -0.0539209
-0.0625  -0.0843632
-0.03125  -0.0883331
0.1875  0.0184798
-0.3125  -0.0876408
-0.1875  0.0372128
0.09375  -0.14233
-0.03125  0.306745
-0.03125  -0.105666
-0.21875  -0.0888133
0.0625  -0.0390931
-0.0625  -0.102636
0.09375  0.0780893
-0.15625  0.037813
-0.25  -0.118151
0.03125  -0.147107
-0.0625  -0.370662
0.03125  -0.0521651
-0.21875  0.140685
0.03125  -0.056897
0  -0.155186
0.0625  -0.272873
0.15625  -0.0158242
0.03125  0.0437232
0  0.0349753
-0.1875  -0.0619355
0.1875  0.0187201
-0.125  -0.0223117
-0.03125  0.18487
-0.09375  0.138903
-0.125  0.0520134
-0.21875  0.00244979
0.125  -0.155754
0.03125  -0.0664365
0.03125  -0.187614
-0.09375  -0.0138219
0.03125  -0.0746481
-0.0625  -0.203255
0.0625  -0.0565984
0.21875  -0.0965692
0.03125  0.0808888
-0.09375  -0.194168
0.0625  0.115173
0.0625  -0.0993535
-0.3125  -0.119994
-0.03125  0.0926546
-0.125  -0.074888
-0.0625  0.0836093
0.125  -0.216818
-0.125  -0.0399713
-0.21875  0.127337
0.0625  -0.0631259
-0.03125  -0.0840546
-0.25  -0.0242023
-0.09375  0.192194
0.0625  -0.14133
0.0625  0.167978
-0.0625  -0.0762625
0.125  0.0473616
0.0625  0.0716847
0.1875  -0.0245005
0.09375  0.00636017
-0.0625  -0.00263036
0.09375  0.0824341
0.0625  -0.0233868
0.0625  0.0080865
0.21875  -0.181796
0.03125  -0.080603
0.03125  -0.0635804
0.09375  -0.162881
-0.03125  -0.115827
-0.0625  -0.108409
0.0625  -0.190026
0.0625  -0.107756
0.0625  -0.289048
-0.125  -0.0172138
0.09375  -0.0339082
-0.0625  -0.132951
0.0625  0.24716
-0.21875  0.0925241
0.15625  -0.0167234
-0.15625  -0.345204
0.28125  -0.0762736
0  -0.0420423
0.03125  -0.137681
0  -0.143983
0  -0.222698
0  0.106196
-0.03125  0.0729119
0  0.217326
0  -0.148403
-0.21875  -0.377564
-0.1875  -0.098662
0.15625  0.00302593
-0.15625  -0.167547
-0.03125  -0.217567
-0.09375  -0.191904
-0.03125  -0.163671
0.09375  -0.143961
0.09375  -0.134418
-0.25  -0.0735002
-0.125  0.0105229
-0.09375  -0.00530189
0.09375  -0.0340272
0.09375  -0.193025
-0.03125  -0.187068
-0.15625  0.112047
-0.09375  0.196118
0.09375  0.0729651
0.15625  -0.0614534
-0.09375  0.176523
0.09375  -0.00667132
0.0625  -0.0302648
-0.15625  -0.0706863
0.03125  -0.0650468
-0.0625  -0.0239319
0.1875  -0.0856689
-0.03125  0.127892
-0.03125  -0.0188524
-0.03125  -0.137277
0.09375  -0.111857
-0.09375  -0.0549363
0.0625  0.0663593
-0.09375  -0.0944685
0  0.0383618
0.15625  -0.220707
0.3125  -0.0720189
0  -0.0108504
-0.03125  0.171572
-0.03125  -0.0210619
-0.03125  -0.267188
0.125  -0.105417
-0.125  -0.0538409
-0.09375  -0.0342779
0.09375  0.0894907
0.0625  0.173288
0  0.210661
0.09375  0.0357504
0  0.0154802
-0.15625  -0.0459617
-0.15625  -0.0432501
-0.03125  0.145131
-0.03125  0.0376477
-0.125  -0.12441
0.15625  -0.0429491
0.125  0.195801
-0.25  0.0493449
0.03125  0.16836
0.21875  0.269186
-0.09375  0.0463355
0.09375  0.0694755
-0.03125  0.0600407
-0.125  0.0582655
-0.21875  -0.0423324
0.1875  0.125707
-0.09375  0.157112
-0.03125  0.0291095
0.0625  -0.114534
0  -0.111444
-0.0625  -0.0355881
0.03125  -0.0398186
-0.03125  -0.0167367
0.09375  -0.144747
0.125  -0.138343
-0.125  -0.145018
-0.15625  -0.122496
0  -0.185112
-0.09375  -0.202737
0.125  -0.193226
0  -0.351537
0.21875  -0.0503689
-0.09375  -0.258922
-0.03125  0.0178699
0.15625  -0.0626032
-0.15625  -0.220296
0.03125  0.0870385
-0.125  0.0263708
-0.09375  -0.0193171
-0.125  -0.293015
-0.0625  0.198351
0.09375  -0.17404
0  -0.070359
-0.15625  -0.0333067
0.1875  -0.172531
0  -0.01724
0  0.0677296
-0.0625  -0.0307332
-0.15625  -0.190179
0.03125  0.130067
-0.03125  0.154594
-0.1875  -0.13419
-0.03125  0.0255945
0  -0.0271295
0.03125  -0.122267
0.25  -0.0545189
0.03125  -0.154236
-0.125  -0.101865
-0.03125  0.00983865
-0.21875  -0.168592
-0.0625  0.0874786
0.0625  0.099093
0.21875  -0.133313
0.03125  -0.228654
0.1875  -0.141885
0.125  -0.199536
0.1875  0.0915171
0  -0.0376452
-0.0625  -0.17856
-0.25  -0.121499
0.125  0.0389651
-0.09375  -0.292558
-0.15625  -0.107668
-0.15625  -0.11497
0.09375  -0.0356031
0.03125  -0.221811
0  -0.154688
0  0.0324534
-0.0625  0.0388379
0.125  -0.0266604
0.0625  0.0556384
-0.0625  -0.110961
-0.03125  -0.024751
-0.0625  -0.0972476
0.0625  -0.0274656
0.1875  -0.0197953
0.0625  -0.00844292
-0.09375  0.00745235
0.1875  -0.069591
0  0.231895
0.03125  0.155617
-0.125  -0.25721
-0.0625  0.338104
-0.15625  -0.0793517
-0.09375  0.0193484
0.125  -0.287085
0.25  -0.0103679
-0.125  -0.20451
-0.125  -0.110435
0.1875  0.0436067
-0.15625  -0.216097
0.25  -0.0678107
0.0625  0.0531506
0.21875  -0.25398
0.0625  -0.212461
0  0.188468
0  0.0906443
-0.15625  -0.100728
0.125  -0.099584
-0.03125  0.0197652
-0.125  0.0549386
0.0625  -0.156797
0  0.145148
0.1875  -0.184038
0.0625  -0.0511931
-0.34375  -0.117603
0.09375  0.224718
0.09375  0.0255014
0.21875  0.165359
0.03125  0.254592
0.1875  -0.0393129
0.125  -0.0111925
-0.21875  0.210255
0  -0.198782
0.09375  -0.0814382
0.0625  -0.199076
-0.125  -0.132274
-0.15625  0.134993
-0.0625  0.0435806
0.125  0.117631
0.09375  -0.0706141
0.15625  -0.010018
0.15625  -0.0302455
0.25  0.0568372
-0.09375  0.239087
-0.03125  0.0280493
-0.09375  -0.181709
-0.1875  -0.0776011
-0.0625  0.00484169
-0.1875  -0.115457
0.21875  -0.0789619
-0.03125  0.0192781
0.21875  -0.262737
-0.03125  -0.201308
0.21875  -0.163283
-0.15625  -0.209487
-0.09375  0.166338
-0.09375  -0.125004
0.0625  0.0491989
-0.21875  0.0375438
-0.21875  0.0031248
0  -0.0310715
0.28125  -0.149481
-0.03125  0.112264
-0.125  -0.314433
0.09375  -0.0602523
-0.125  -0.0113625
-0.15625  0.185331
0.0625  0.0277831
-0.0625  0.0948794
0.1875  -0.159153
0  -0.0306076
0.125  -0.00762122
-0.15625  0.0338067
-0.15625  0.0519701
-0.0625  -0.0975555
-0.03125  0.0061453
-0.125  -0.167934
0.0625  -0.0266079
0.1875  0.0492514
-0.0625  0.113233
0.0625  0.067997
-0.15625  -0.13253
0.1875  0.0930583
0.0625  -0.130217
0.21875  -0.115773
-0.0625  -0.0955056
-0.03125  -0.233311
0.0625  -0.114527
-0.125  -0.15515
-0.15625  -0.191325
0.15625  -0.147154
-0.125  -0.0583587
-0.15625  0.0067909
-0.3125  -0.0819242
-0.09375  -0.102442
-0.125  -0.046238
0.15625  0.22327
-0.03125  -0.251743
0.15625  0.106499
0.09375  -0.212799
-0.09375  -0.164505
0  -0.0780722
0.125  0.0137731
0.09375  -0.133738
-0.21875  0.0607934
-0.09375  -0.209325
-0.1875  0.0874868
-0.125  -0.184276
0  0.158157
-0.1875  -0.0866781
0.125  -0.194848
0.03125  -0.285789
0.0625  0.325146
-0.03125  0.0975844
0.0625  0.143058
-0.125  -0.304278
0  0.0602937
0  0.174289
-0.28125  0.086171
-0.125  -0.292389
0.03125  0.0247499
0.25  -0.188094
-0.0625  0.117354
-0.09375  -0.304798
-0.09375  0.0779361
0.03125  0.00374774
0.28125  -0.166507
0.03125  0.175913
0.03125  0.101181
0  0.0477168
-0.09375  0.00553204
-0.03125  0.194975
-0.3125  0.0922999
-0.03125  0.0226784
0  0.0262285
0  0.0118794
-0.03125  -0.0609984
-0.125  0.0372929
-0.125  -0.131077
0.03125  0.0190167
-0.21875  0.0204268
-0.0625  -0.312567
-0.09375  0.0879797
0.0625  -0.140561
0.0625  0.068013
0.28125  0.0394889
-0.25  -0.165148
0.1875  -0.202926
0  -0.0893609
0.03125  0.0218932
0.09375  -0.125077
-0.0625  0.338644
-0.21875  0.0791595
0.09375  -0.0498231
-0.0625  -0.0149525
0.1875  0.00132173
0.15625  -0.0372157
-0.21875  0.13999
0  -0.208587
-0.1875  -0.103517
0.0625  -0.00158396
-0.03125  0.133817
-0.15625  -0.0796749
0  -0.150324
0.0625  -0.0787164
-0.03125  0.123627
-0.0625  -0.165104
-0.15625  -0.060097
-0.15625  0.224996
0.09375  0.320064
-0.0625  0.125011
-0.0625  0.178849
-0.15625  0.256257
0  0.115078
-0.0625  0.0711127
0.09375  0.0406906
0.09375  -0.293553
-0.03125  -0.0193797
0.15625  0.0419003
0.0625  -0.139614
-0.09375  0.10558
0.0625  0.0605035
0.0625  -0.0941346
-0.09375  0.0549087
0  -0.000649246
0  0.0131141
0.0625  -0.235287
0.03125  -0.0412075
-0.0625  -0.0157881
-0.1875  0.0311225
0.40625  0.106284
0.03125  -0.0406005
-0.03125  0.129039
0.125  -0.0257425
-0.03125  -0.0842096
-0.21875  0.0698209
0.03125  -0.0260673
0  0.0355639
-0.03125  -0.102698
-0.21875  0.0343648
0.03125  -0.043557
0.15625  -0.0823075
0.03125  -0.010934
-0.09375  -0.0730639
-0.09375  -0.19135
0.09375  -0.221604
-0.125  -0.257911
0  -0.0250505
0.03125  0.106987
0.28125  -0.0700617
0.03125  -0.308486
0.03125  -0.112163
-0.15625  0.0156222
-0.15625  -0.203919
-0.125  0.0580137
0.03125  -0.388336
0.09375  -0.211221
-0.03125  -0.0390768
-0.28125  0.139432
0.03125  -0.118612
-0.03125  -0.0149464
-0.03125  -0.258526
0.15625  0.000733999
0  -2.82032e-06
-0.09375  -0.0439658
-0.09375  -0.262499
-0.125  0.208396
0.09375  -0.12305
-0.09375  -0.0883058
0.03125  -0.167058
0.0625  0.0437599
-0.0625  -0.165505
0.03125  -0.0972842
-0.125  -0.105186
0  -0.222127
0  0.0155516
0.09375  0.0340948
0  -0.176431
-0.09375  -0.112492
0  -0.19524
0.0625  -0.11928
0  0.0824124
-0.0625  -0.0392337
-0.09375  -0.195894
-0.125  0.0150959
-0.0625  -0.0122485
-0.03125  0.194429
-0.03125  0.115744
0  -0.0881049
-0.0625  -0.0794947
0.03125  -0.174257
-0.03125  0.0721839
0.15625  -0.275183
-0.0625  0.0483783
0.21875  0.219395
0.03125  0.137504
-0.0625  -0.117114
0.125  0.0775293
-0.15625  -0.178663
0.03125  0.0253075
0.09375  -0.0788446
0.09375  0.0162069
-0.09375  -0.0720273
0.4375  -0.0768505
-0.0625  0.168715
0  -0.099929
0.03125  0.10636
-0.09375  0.0544788
0.3125  -0.0274917
-0.0625  -0.191847
0.0625  -0.0774604
0  0.023659
-0.09375  -0.0921529
0.09375  -0.0159236
-0.0625  -0.0164269
-0.1875  0.0826367
-0.09375  -0.199914
0.09375  -0.0830587
-0.1875  0.0161136
0.125  -0.154945
-0.03125  0.243697
-0.03125  -0.165552
-0.0625  -0.159757
0.125  0.0482808
0.21875  0.0779937
0.03125  -0.232343
-0.09375  0.0925755
0.09375  -0.359755
-0.09375  -0.203242
0.03125  -0.0533867
-0.21875  0.053898
0.0625  -0.289061
0.03125  -0.108931
-0.09375  -0.118633
-0.03125  0.0580458
-0.09375  -0.15132
-0.03125  -0.2001
0.09375  0.0438759
-0.03125  0.0778684
-0.21875  0.0385972
-0.1875  0.0283244
-0.125  -0.0941062
-0.03125  0.13337
-0.21875  -0.171549
0.03125  0.0905836
-0.03125  -0.136191
0.03125  -0.0589569
-0.1875  0.0592878
0.21875  -0.207074
0.03125  0.0257616
0.09375  0.0240372
0.0625  0.155645
0.0625  0.0916635
0.09375  -0.0691269
-0.15625  0.218578
-0.125  0.0247048
-0.0625  0.042503
0.0625  0.0319503
0.125  -0.0430588
0  0.159542
-0.15625  0.0454127
-0.03125  -0.175976
0.1875  -0.144937
-0.125  -0.175524
0.125  0.0308872
-0.125  -0.182856
-0.0625  -0.351422
-0.03125  0.135633
-0.15625  -0.225384
-0.125  0.229764
0.15625  0.00164015
-0.0625  -0.191239
0  -0.0232761
0.25  0.206437
-0.03125  -0.0876354
0  0.00271065
-0.09375  0.0413559
0  -0.136832
0.0625  -0.0396945
0.0625  0.194729
0.21875  -0.229349
0.0625  -0.127543
0.03125  -0.222393
0.0625  0.120872
-0.0625  -0.031708
0.09375  0.217706
0.0625  0.22528
-0.0625  -0.0363375
0.125  0.134201
0.03125  0.0158174
-0.1875  0.104271
-0.03125  -0.305727
0.0625  -0.00889935
-0.03125  0.0793352
-0.125  -0.196904
0.1875  -0.154049
-0.09375  0.257911
0.0625  -0.26644
-0.125  -0.0450061
-0.25  0.0736778
0.09375  0.0305419
0.125  0.104384
0  -0.0438032
-0.125  -0.0182829
-0.1875  -0.103696
0.1875  -0.0363061
0.125  0.0299548
0.09375  -0.132849
0.125  -0.082623
0.125  -0.00952112
0  -0.0464003
-0.0625  -0.043647
0.03125  -0.174703
0.09375  0.0522111
0.09375  -0.108459
0.0625  0.0973769
-0.03125  -0.0484393
-0.125  -0.173329
0.0625  -0.222624
-0.09375  -0.0838538
0.15625  0.0965891
0  -0.063009
-0.125  -0.17916
-0.125  0.000611179
0  0.0967226
-0.0625  -0.122757
0.03125  -0.0368957
-0.03125  0.138394
-0.09375  0.190729
0  -0.0403696
-0.15625  -0.0562879
0  0.112946
-0.15625  0.0554912
0.09375  -0.318992
-0.25  -0.159296
0.03125  -0.11541
0.03125  0.00490559
0.09375  -0.0267679
0.15625  -0.057417
-0.21875  0.0568083
-0.0625  -0.10706
-0.03125  -0.0249571
-0.03125  0.133095
-0.03125  -0.0496762
0.0625  0.00378463
-0.125  0.102362
-0.21875  -0.42103
0  -0.0218008
0  -0.238955
0.15625  -0.204313
-0.21875  -0.0429443
0.03125  -0.152038
0.03125  0.0623799
-0.0625  0.104104
-0.21875  -0.136415
0.125  0.10774
0.03125  0.0710342
0.09375  -0.239042
-0.15625  -0.279285
0.125  -0.249792
-0.09375  -0.0870168
0.1875  -0.0773878
-0.03125  0.109108
-0.0625  -0.0688269
0.0625  -0.0246535
0.0625  -0.190395
0  -0.0330823
0.09375  0.13176
0.09375  -0.0761931
0.25  -0.323563
-0.15625  -0.324474
-0.125  0.0647995
0.1875  0.0491954
0.15625  0.0606969
-0.03125  -0.136904
0.125  0.00152912
0.09375  -0.0565199
-0.0625  0.052529
-0.125  -0.028905
0.1875  0.137277
-0.0625  0.0862754
-0.09375  0.04571
0.25  -0.0806711
-0.21875  -0.214472
0  -0.07093
0.0625  -0.124287
-0.21875  -0.0180414
0.1875  0.0801889
-0.125  -0.153723
-0.21875  -0.112092
-0.15625  0.20739
-0.1875  -0.190613
-0.0625  -0.0292704
-0.03125  -0.0222183
-0.09375  -0.0357922
-0.25  0.00835475
0.03125  -0.0929884
0.25  0.211142
-0.03125  -0.0147714
-0.125  0.0432229
-0.28125  0.0548877
-0.0625  -0.333917
-0.1875  -0.299461
0.28125  0.181224
-0.0625  -0.37155
-0.1875  0.0332854
-0.03125  0.239959
0.125  -0.0688188
0  -0.0411121
0.15625  -0.141445
0.21875  -0.189401
-0.1875  0.0177126
0.0625  -0.172318
-0.15625  -0.117546
-0.09375  -0.098167
0  0.133189
-0.0625  0.166404
-0.09375  -0.226834
0.15625  0.182959
-0.09375  -0.120964
-0.03125  -0.16196
-0.21875  0.0496102
0.0625  -0.285915
0.03125  -0.145506
-0.25  0.0963344
0.09375  -0.0310557
-0.03125  -0.114623
-0.03125  0.153353
-0.1875  -0.196783
-0.03125  -0.198964
0.03125  -0.132252
-0.09375  -0.0767288
0.15625  -0.309474
-0.03125  0.0595936
-0.09375  0.127836
-0.21875  0.133036
0.125  -0.00113044
0.09375  0.146163
0.0625  -0.207002
-0.03125  0.0292874
0.0625  0.105947
0.15625  0.1523
-0.1875  0.0846863
0.0625  0.136072
-0.0625  -0.130128
-0.1875  -0.126958
0  0.15271
0.03125  -0.0977248
-0.1875  -0.106743
-0.03125  -0.0804697
0.03125  -0.0799631
0  -0.140115
-0.03125  0.0221125
0.15625  0.00786071
0  -0.322892
0.125  -0.135922
0  -0.137438
0.09375  0.0459234
0.03125  -0.0738488
-0.0625  0.0236976
0.0625  -0.133495
0.03125  -0.0560764
0.125  -0.0900236
-0.28125  -0.261329
0.03125  -0.140414
-0.125  -0.221447
-0.0625  0.0102486
0.21875  -0.331533
0.125  -0.212791
-0.3125  -0.281272
-0.03125  -0.135006
-0.15625  -0.0997814
0  -0.106674
-0.0625  0.0299398
-0.03125  -0.107345
0  -0.0847652
-0.125  -0.130427
0.0625  0.321656
-0.34375  -0.0831162
-0.15625  -0.0476443
-0.15625  0.0178227
-0.15625  0.00896463
0.0625  -0.0786212
0.03125  0.00404066
-0.21875  -0.055045
0.0625  0.0112407
-0.125  0.211642
0.09375  0.0909976
0.0625  -0.00975945
-0.0625  0.0825394
0.0625  -0.0179805
0.0625  -0.300261
0.0625  -0.312359
0  0.11472
0.09375  0.0565521
-0.0625  -0.340644
-0.09375  -0.204482
0.28125  0.249005
0.0625  -0.0991089
0.09375  -0.391895
-0.21875  -0.144063
-0.03125  -0.0741719
0.03125  0.137722
-0.21875  0.15928
0.03125  -0.368298
-0.03125  0.0762078
-0.03125  -0.0439694
-0.09375  -0.0412174
0.09375  0.203841
0.21875  0.103402
0  -0.134131
0.125  -0.133361
0.1875  -0.197468
0.0625  0.115926
0.1875  0.00417373
-0.0625  0.332636
0.09375  0.106047
0.125  -0.146002
0.09375  -0.0397205
-0.21875  -0.161377
-0.03125  -0.160099
0.125  0.0917584
0.0625  -0.00966276
-0.28125  -0.228179
0.03125  -0.0222846
0.0625  0.182384
-0.09375  -0.287069
-0.0625  0.0806197
0.03125  0.321373
0  -0.0484178
0.0625  -0.214457
-0.09375  -0.180124
-0.125  0.213027
-0.09375  0.132246
-0.125  -0.0434401
0.03125  -0.215792
0.125  -0.214712
-0.15625  0.100628
0.15625  0.060481
0  -0.269353
-0.03125  0.105292
0.03125  0.0212134
0  0.0149154
-0.03125  -0.0537317
0.15625  -0.013195
-0.0625  -0.0587644
-0.03125  -0.157271
0.1875  -0.248932
0.1875  -0.0584564
0.125  0.0262228
0  0.100427
-0.125  -0.126265
0  -0.0878545
-0.03125  -0.0707151
-0.125  -0.250708
0  -0.216525
0.0625  -0.0207442
-0.09375  -0.308875
-0.21875  0.0563569
-0.0625  -0.0476666
0.03125  -0.171604
0  -0.0408762
0.09375  0.116064
-0.03125  -0.0267689
0  0.224833
0.03125  -0.0680555
0.09375  -0.191593
0.0625  0.00285101
-0.09375  -0.0723491
0.09375  -0.0406678
-0.25  0.0212754
-0.0625  -0.172488
0.125  -0.0538647
-0.0625  0.133523
-0.21875  -0.0482821
0.15625  0.0641248
0.03125  -0.00739705
-0.125  -0.171706
-0.03125  0.0494816
0.03125  -0.103708
-0.15625  0.000893948
0  0.0285802
-0.0625  -0.192008
0.09375  -0.0118679
0.1875  -0.408283
0  0.112782
0.09375  -0.143786
-0.1875  -0.35344
0.09375  -0.0152091
-0.09375  -0.0168698
-0.21875  -0.131621
0  0.0516428
0  -0.150921
0.0625  0.159607
0  0.0155113
-0.1875  0.0351011
-0.0625  -0.132437
0.125  -0.0859246
0.0625  0.0481762
0  -0.0677355
0  0.209488
0.03125  0.0969158
-0.03125  -0.0959359
-0.125  -0.14597
0.09375  -0.0705016
0.03125  -0.25615
-0.15625  0.0550836
-0.15625  -0.0973303
0.1875  -0.0061429
0  -0.0355306
0.1875  -0.0399006
0.03125  -0.232255
-0.03125  -0.00873168
0  -0.240287
0.0625  -0.0203252
0.09375  -0.260125
0.03125  -0.130465
-0.125  -0.0121474
-0.03125  -0.0805526
-0.03125  -0.0336909
0.15625  -0.231824
0.0625  -0.118693
0.125  -0.127541
0.03125  0.0233081
0.0625  -0.421502
0.0625  -0.0981718
-0.09375  -0.131741
-0.03125  -0.103701
0.125  -0.177943
0.15625  0.0832549
-0.21875  0.15213
-0.03125  -0.0714124
-0.03125  0.258581
0  0.0217843
0.09375  0.225105
-0.03125  -0.146227
-0.09375  0.0973729
0  0.0174131
0.09375  -0.116342
0.125  -0.23784
-0.09375  -0.122592
-0.125  0.0174663
-0.0625  -0.0418803
-0.03125  -0.0289308
0.125  -0.307015
-0.1875  -0.128288
-0.09375  -0.0892995
0.125  0.054597
0  -0.107654
-0.0625  0.00967705
-0.03125  -0.00422302
0  0.127313
0.09375  0.0237513
0.0625  -0.0217987
-0.125  0.187762
0.09375  -0.168254
0.03125  -0.176986
-0.3125  0.163419
0.21875  -0.12732
-0.21875  -0.00387872
-0.03125  -0.0247347
0.15625  0.187499
-0.09375  -0.0284601
0.1875  -0.108211
0.0625  0.242146
0.1875  -0.00990346
0  0.119893
-0.125  0.0169485
0.0625  -0.046388
0  -0.203428
0.03125  0.0688396
-0.25  -0.13923
-0.0625  -0.012768
-0.1875  0.090935
0.03125  0.0968854
0.125  0.0679261
-0.125  -0.0467438
0  -0.109382
-0.1875  -0.059981
-0.125  -0.0817177
0.1875  0.0491118
-0.09375  0.0808438
0.03125  -0.0569325
-0.0625  -0.0448669
0  0.0120904
0.03125  -0.0136736
-0.1875  0.0928652
0.03125  -0.0975805
0.03125  -0.100894
-0.15625  -0.157605
-0.09375  0.233601
0.34375  0.183357
-0.09375  0.00336779
-0.0625  0.0579986
0.03125  -0.0507127
0  -0.0438854
-0.09375  0.0642359
-0.15625  -0.0779664
-0.21875  -0.177573
0.1875  0.101307
-0.09375  -0.208226
0  -0.0302537
-0.03125  -0.00920616
-0.09375  -0.338591
0.03125  -0.0636163
0.1875  -0.114985
0.03125  0.106064
0.03125  -0.123979
0  -0.0301839
-0.09375  -0.0726481
0.3125  -0.0282883
-0.0625  0.0181142
0.15625  -0.130231
-0.0625  -0.133186
-0.15625  -0.156184
-0.03125  0.147169
-0.28125  0.0474824
-0.15625  -0.176331
0  0.157935
0.125  -0.0634046
0.0625  -0.325161
0.09375  0.0938584
-0.125  -0.103315
0.0625  -0.039254
0  -0.0791144
0.03125  -0.00735833
0.0625  -0.0977761
-0.03125  -0.34743
0.125  -0.326932
-0.09375  0.193393
0.15625  0.0429761
-0.25  -0.261973
0  -0.0742704
-0.125  -0.157811
0.0625  -0.0829445
0.03125  -0.115139
0.15625  0.0173523
0.28125  -0.115523
0  0.22417
0.03125  0.374311
0.15625  0.0561635
0.0625  0.0435211
0.3125  -0.146012
0.125  -0.104478
0  -0.118206
0  -0.0640151
0.0625  -0.0703075
0.0625  0.0661994
0.1875  -0.185461
0.03125  -0.20928
-0.1875  -0.125629
-0.09375  -0.159667
0.0625  0.0870521
-0.0625  -0.34028
-0.03125  0.144654
-0.0625  -0.0820019
-0.25  0.0712279
0  0.095562
0.03125  0.0488951
-0.125  0.111544
0.0625  -0.025123
0.21875  0.0245585
0.03125  0.0358805
0  0.129048
0.03125  -0.185911
-0.1875  -0.230605
0.03125  0.00754653
0  -0.113304
-0.0625  -0.20487
0.03125  -0.130143
0.03125  0.00708309
0.0625  0.0250699
0.0625  -0.168958
0.0625  -0.189696
0.03125  -0.187879
-0.15625  -0.0863544
0.09375  -0.150124
0.03125  0.047583
-0.0625  0.264392
-0.09375  -0.149832
0.0625  0.0261055
0.1875  -0.0620455
-0.03125  -0.197727
-0.0625  -0.0892969
0.03125  -0.25614
0.0625  -0.187514
-0.03125  -0.0410475
0.15625  -0.307223
0.28125  -0.183654
-0.125  0.0050449
-0.03125  0.00139803
0.21875  -0.0216709
0  -0.191604
-0.0625  -0.0329904
0  -0.0228425
-0.03125  -0.0966849
0.03125  -0.163644
-0.03125  -0.0529187
-0.25  0.155486
0.03125  -0.150062
-0.21875  0.0364495
0.28125  -0.0891822
0.0625  0.0669648
-0.15625  0.000414522
-0.03125  -0.0226008
0.0625  0.111978
-0.0625  -0.069556
0.03125  0.0735629
0  -0.0638165
0.0625  0.133
0.03125  -0.25627
0.0625  -0.0953062
0  -0.178874
-0.1875  -0.0490501
0.21875  -0.200431
0.09375  -0.036928
0.0625  0.0403294
-0.03125  0.0648636
0  -0.143325
-0.0625  0.0768739
0  -0.0669948
-0.03125  -0.0514215
-0.09375  -0.0766201
-0.125  -0.191056
-0.0625  -0.0852395
-0.03125  -0.0476765
-0.1875  -0.245106
-0.0625  -0.214017
-0.21875  -0.0828326
0.125  -0.0756015
-0.125  0.129875
-0.21875  -0.298647
0.34375  0.0388964
-0.28125  -0.326201
0.09375  -0.118821
0.09375  -0.0206359
0.0625  -0.075441
-0.09375  -0.0379665
-0.09375  -0.101273
-0.125  -0.19658
0.03125  -0.163365
0.09375  -0.170486
0.1875  0.047844
-0.34375  0.030338
-0.0625  -0.0855364
-0.125  -0.0329372
-0.1875  0.139329
0.03125  -0.267307
-0.03125  0.0104516
-0.03125  -0.00111239
-0.0625  -0.209147
0.125  0.0155948
-0.34375  0.150349
0.03125  -0.0456039
-0.1875  -0.14922
0.09375  0.0680692
-0.125  -0.186466
0.09375  0.042708
0.03125  -0.137999
-0.25  -0.0509721
0.0625  0.000715402
-0.0625  0.00182021
-0.03125  0.034375
-0.0625  0.217318
-0.0625  -0.128831
-0.21875  -0.0794824
0.03125  -0.126837
-0.0625  0.0898953
0.125  -0.0612077
0.15625  -0.310095
-0.03125  -0.190008
-0.03125  -0.0173245
-0.15625  0.126108
0.0625  -0.127924
0.40625  0.145182
-0.03125  -0.184665
-0.0625  -0.308774
0.21875  -0.0904078
0.0625  -0.0187589
-0.03125  -0.182942
0  -0.183377
-0.15625  0.15437
0.03125  0.093567
-0.03125  -0.00906295
-0.09375  -0.112787
0.1875  0.00755165
0.09375  -0.172885
-0.09375  -0.205353
0.09375  -0.112912
-0.03125  -0.116682
0.3125  -0.0528432
0  -0.221706
0.0625  0.0918315
-0.03125  -0.142734
-0.0625  0.19288
0.03125  -0.0030141
0.03125  0.120757
-0.125  0.185544
-0.0625  -0.278508
0.03125  -0.161056
-0.1875  0.0114567
0.0625  0.0861891
0.09375  -0.161709
0.25  -0.0789948
-0.09375  0.30342
-0.0625  -0.229
-0.25  0.00280721
0.03125  -0.152813
0.03125  -0.0880184
0.03125  0.199163
-0.15625  -0.168502
-0.25  0.0116466
-0.0625  0.0502796
-0.0625  -0.101594
0.03125  -0.170584
0.0625  0.109193
-0.21875  0.195153
-0.15625  0.0241858
0  -0.238007
0  -0.210708
0.03125  -0.0110702
0.0625  -0.0458121
0  0.0411781
0.09375  -0.187082
0.1875  0.182318
-0.09375  0.0134314
0.125  -0.116314
-0.03125  0.0431277
0.03125  -0.12154
0.125  0.0301112
0.15625  0.0678259
0.25  0.0617133
-0.03125  -0.0675414
-0.03125  0.160276
0.15625  0.0166747
0.03125  0.0792055
0  -0.112031
-0.03125  -0.145638
0.03125  -0.203762
-0.09375  0.00975304
-0.25  -0.308403
0.15625  -0.11238
0.0625  -0.0491771
-0.03125  -0.0184875
-0.09375  -0.0273009
-0.09375  -0.186945
0.125  0.00851318
0.25  0.0186369
0  -0.210633
-0.09375  0.0401062
-0.03125  -0.295448
-0.15625  -0.0826694
0  -0.0413972
0.0625  0.036309
-0.15625  -0.261365
0  -0.217065
-0.03125  -0.0706169
0  0.0194332
0.15625  -0.147953
-0.03125  -0.00298437
0.1875  -0.061571
0  -0.275278
0.09375  -0.130872
0.09375  0.0451333
0.03125  -0.119107
0.25  0.0893166
-0.28125  -0.130412
0  -0.119367
-0.09375  0.183328
-0.125  -0.109045
-0.03125  0.196365
-0.1875  0.201396
-0.0625  0.145009
0  -0.0719653
0.125  -0.135884
0  0.0257166
-0.03125  -0.0191269
-0.15625  -0.0677766
-0.09375  -0.0830875
0.0625  -0.122198
-0.03125  -0.207525
0.03125  -0.0139588
0.0625  -0.0436191
0.25  0.186712
-0.09375  -0.140875
0.09375  -0.000969206
0  -0.112631
-0.25  0.11696
0.03125  -0.180943
-0.09375  0.054006
0.09375  -0.0740628
0.09375  -0.0849039
-0.15625  0.0500066
0.03125  -0.0418317
-0.0625  0.015335
0.125  0.0695253
-0.09375  0.0562693
0.03125  0.0196601
0  -0.108257
0.03125  0.0030264
0.09375  -0.15649
-0.3125  -0.16329
0.03125  0.0979397
0.25  0.0230126
0.125  0.0229186
-0.03125  0.0486713
0  -0.00720599
-0.21875  0.104963
0.125  0.0907105
-0.21875  -0.201712
-0.03125  -0.0438619
0.03125  -0.152359
0.3125  -0.3353
0  0.0459154
-0.15625  -0.0743195
-0.03125  0.00988338
-0.125  -0.00642503
0.03125  -0.103617
-0.0625  -0.0526
-0.0625  0.0958885
0.0625  -0.113049
0.21875  -0.0133089
-0.1875  -0.067985
-0.0625  -0.0967998
-0.03125  -0.0865374
-0.34375  0.0744809
-0.03125  -0.187816
0  -0.298496
0.0625  -0.135504
0.25  -0.0648727
-0.21875  0.129421
-0.03125  -0.000473879
-0.125  0.0922458
0.15625  0.050398
0.09375  -0.079845
-0.09375  -0.0478872
0.21875  -0.0427675
0.15625  0.0548911
0.25  0.00157585
0  0.0754271
-0.0625  -0.000193268
0  0.0135261
-0.09375  -0.100509
-0.15625  -0.161304
-0.25  0.0104901
-0.03125  -0.174591
0.09375  -0.0824383
0.125  -0.0911229
-0.15625  0.0251294
-0.09375  -0.0494158
-0.125  0.0737861
0.09375  0.120253
-0.1875  0.143461
-0.0625  -0.0136937
0.09375  -0.166462
0.25  0.0680292
-0.09375  -0.117676
-0.125  -0.0299341
-0.125  -0.0934451
0.09375  -0.033151
0.15625  0.026618
0.125  -0.00067325
0.125  -0.277228
-0.21875  0.213226
0  0.0980413
-0.03125  0.0313525
0.25  0.057671
-0.15625  -0.0477551
-0.1875  -0.0732966
-0.34375  -0.0274966
-0.125  -0.0396965
0  0.0129791
0.0625  -0.0467079
0  -0.0566586
-0.03125  0.114171
0.21875  0.0561869
-0.1875  0.081258
0.09375  0.00190858
-0.03125  -0.246195
-0.125  0.264985
-0.03125  -0.032007
-0.03125  -0.209721
-0.0625  -0.257719
-0.0625  -0.0165575
0.125  0.0611747
0.09375  0.0940243
-0.15625  0.10175
-0.125  -0.15344
-0.03125  0.0356685
-0.15625  -0.138354
0.0625  0.00262696
-0.09375  -0.291643
0.03125  0.0666389
0  0.105466
-0.09375  -0.210256
0.21875  0.0707639
-0.09375  -0.0825945
-0.4375  -0.117411
-0.3125  -0.273857
0.0625  0.00769865
0.09375  0.09615
0  -0.194618
-0.15625  0.00749458
0.21875  0.0423191
0.1875  -0.173979
0  -0.125571
0  -0.0911498
0.03125  0.0106533
-0.09375  -0.0966818
-0.09375  0.0630216
-0.0625  0.0906397
-0.03125  0.0025136
0.25  -0.0124807
0.15625  0.0501509
0.21875  0.0390956
-0.21875  0.0463603
0.15625  -0.127971
-0.03125  0.0714997
-0.09375  -0.109471
0.0625  -0.0385384
0.0625  0.0110212
-0.03125  0.156209
-0.25  0.0403247
0.09375  -0.156138
0.09375  0.0700071
0.15625  0.169807
0.1875  0.127995
-0.25  0.10262
-0.09375  -0.258789
0  0.210679
-0.03125  -0.0408355
-0.03125  -0.289697
0  0.104862
-0.125  0.221608
-0.21875  0.293044
0.125  0.115811
0.0625  -0.130524
0.0625  -0.123366
0.09375  0.251851
-0.125  0.0413434
-0.03125  -0.110678
-0.0625  0.203631
-0.125  -0.0948042
-0.09375  0.00664611
0  -0.0415552
0  -0.0109921
0.1875  -0.0915478
0  -0.116465
0.1875  0.0239585
0.09375  0.0589738
0.125  -0.11459
0.125  -0.0873741
0.09375  -0.0467336
0.0625  0.118245
-0.09375  0.1366
0.0625  0.0304946
0.15625  -0.0495239
0  0.0558802
0.0625  0.0117601
0.0625  -0.105832
0.09375  -0.0325284
0.125  -0.0275829
-0.09375  0.0374571
0.0625  -0.0129641
-0.09375  -0.0504737
0.03125  -0.12665
-0.03125  -0.0784336
0.0625  -0.120443
0  -0.207676
-0.0625  0.0717745
-0.375  -0.0666904
0.0625  -0.00716518
0.03125  -0.0846457
0.15625  -0.125275
-0.1875  -0.133518
-0.0625  0.0598113
0.03125  -0.109144
-0.0625  -0.0554742
-0.15625  -0.220223
-0.1875  -0.0241724
0.1875  -0.0619895
-0.03125  -0.0646928
-0.125  -0.130509
0.1875  -0.0620109
0.125  0.148014
-0.09375  0.0921497
0.125  -0.212385
0  -0.0779628
0.15625  -0.0762126
0  -0.335344
0.25  0.000705914
-0.15625  0.016199
0.03125  0.180485
-0.03125  0.0600481
-0.03125  0.00616891
0.0625  0.137923
0.0625  -0.168635
0  -0.0649464
0.125  -0.172754
-0.125  0.0806396
0.1875  0.0790086
-0.03125  -0.00583942
0.0625  -0.0726773
-0.03125  -0.0921503
0.125  -0.0999734
-0.03125  0.136481
0  -0.129229
0.0625  0.0185713
0.03125  -0.0784417
-0.09375  -0.0851603
-0.09375  -0.100049
-0.03125  0.102617
0.0625  -0.429725
0.15625  0.211815
0.28125  0.0945031
0.25  -0.0381062
-0.15625  0.00715174
-0.40625  -0.0389573
0.28125  -0.159625
0.09375  -0.155609
0.03125  0.0232699
-0.03125  -0.0599929
-0.1875  -0.0279277
-0.09375  -0.292924
0.0625  -0.0119174
0.15625  0.00480204
-0.1875  -0.108066
0.125  -0.0379369
0  0.109745
-0.125  0.106555
-0.125  0.112291
0.125  -0.213175
0.09375  -0.0399543
0  0.286396
0  -0.0600119
0.0625  0.0768169
-0.03125  -0.15317
-0.15625  -0.228486
0.1875  -0.272569
-0.03125  -0.0103355
0  -0.192132
0  0.0858081
-0.15625  -0.142388
0.21875  0.0585402
0.15625  -0.0760011
0.15625  -0.32163
0.375  0.00285557
0.03125  0.0269929
-0.09375  -0.122004
0.28125  0.0311371
-0.125  -0.181602
0.03125  -0.119951
0  -0.11324
-0.15625  0.135329
-0.03125  -0.141155
0.125  0.14088
0.03125  -0.0905997
0  -0.0288396
-0.03125  -0.0778845
-0.09375  -0.285086
0.0625  -0.210056
-0.0625  0.0184252
-0.125  -0.162185
0.125  0.111743
0.0625  0.0177404
-0.0625  0.274339
-0.125  -0.1668
0.0625  -0.0852736
0.1875  -0.157
-0.1875  -0.0707343
0.09375  -0.00592405
0.0625  -0.22746
-0.09375  -0.129714
-0.125  -0.10067
-0.03125  0.0622013
0.34375  0.0991115
-0.21875  -0.116895
-0.03125  -0.117831
-0.125  -0.274458
0.0625  0.0327353
-0.125  -0.0840444
0.0625  0.081062
-0.125  0.0452314
0  0.0654202
0.09375  -0.0122795
-0.15625  -0.213014
-0.125  -0.00731171
-0.0625  -0.0411452
0.15625  0.122299
0.125  0.207763
0.125  0.0037023
-0.0625  0.214893
-0.03125  -0.115065
0.1875  -0.0806156
0.09375  -0.0420369
0.15625  0.113582
0  -0.0923945
-0.09375  0.107103
0.03125  -0.107839
-0.09375  0.287525
0.09375  -0.092754
-0.03125  -0.075315
-0.0625  -0.198888
0.0625  -0.0477121
-0.03125  0.0267103
0.03125  -0.0981631
-0.40625  0.0637803
0.125  -0.189374
-0.15625  0.126879
0.09375  0.0293427
-0.125  0.032877
0.09375  -0.114043
0.0625  0.175477
0  0.228224
0.09375  -0.0769478
0.09375  -0.14104
-0.03125  -0.0940895
0  -0.0627825
0.25  -0.238828
-0.09375  -0.0142238
0.03125  -0.169641
-0.34375  -0.36693
0.25  0.0649394
-0.09375  0.0129313
0.125  0.143317
-0.03125  0.295992
0.03125  0.123706
-0.0625  0.097483
-0.09375  0.00715685
0.125  -0.0416157
-0.09375  0.0515152
0  0.0619352
-0.0625  -0.0912755
0.21875  -0.27863
0.125  -0.270761
-0.0625  -0.133894
-0.0625  0.0114996
0  -0.0197343
-0.25  -0.186544
0.0625  -0.0926894
0.09375  -0.00153059
-0.15625  -0.173719
0.25  -0.0450622
-0.09375  0.0871165
-0.0625  -0.0605996
-0.0625  0.115254
0.15625  0.0230488
0.15625  -0.0640525
-0.125  -0.16813
-0.03125  -0.181139
-0.0625  0.131012
-0.21875  -0.0284648
0.21875  0.163518
0.09375  -0.182556
0.0625  -0.0606036
-0.25  -0.203531
0.0625  -0.0537708
0.21875  0.0257841
-0.09375  -0.160424
0.125  -0.0739436
-0.25  0.0339817
0  0.060047
-0.03125  -0.134263
-0.03125  0.0380555
-0.28125  -0.164388
-0.09375  0.196283
0.125  -0.236414
0.09375  -0.126061
-0.09375  -0.0601042
0.1875  -0.0829256
-0.09375  0.0823272
-0.0625  -0.154001
0.15625  0.158146
0.09375  0.00991558
-0.25  -0.0658559
-0.1875  0.0635905
-0.125  -0.117842
-0.1875  -0.00419915
0.125  -0.00891346
0  -0.106057
-0.0625  0.0909751
-0.0625  -0.0404682
-0.09375  -0.143464
0.125  -0.0722572
0.03125  -0.0442081
0  0.215005
0.03125  0.0413078
0.3125  -0.105332
-0.15625  0.258841
0.03125  -0.192862
-0.03125  -0.286993
0.0625  -0.0981839
0.03125  -0.262484
0.0625  0.147945
0.1875  -0.202038
-0.21875  -0.0474066
0.28125  0.0326617
0  -0.097491
0  0.250552
-0.125  -0.0244035
-0.1875  -0.201604
0.125  -0.0127872
-0.09375  -0.080997
-0.25  -0.157199
-0.1875  0.0929486
-0.03125  -0.132143
-0.0625  -0.0245577
0.125  -0.50366
-0.3125  -0.214841
0.03125  -0.262949
0.28125  0.0835776
-0.03125  -0.166734
0.0625  -0.109794
0.09375  0.0199568
-0.0625  0.0339354
-0.09375  -0.138975
0.0625  -0.0539748
-0.09375  -0.106616
0.21875  -0.0400061
0  -0.144183
0  -0.123548
-0.0625  0.0293176
0.09375  -0.26116
-0.21875  0.140981
0  0.0661483
0.1875  0.0230282
-0.0625  -0.0387325
-0.0625  0.07469
-0.03125  0.0643551
0  -0.155568
0  -0.0806506
0.125  0.169544
0.125  -0.077585
0  0.123966
0.125  -0.00819661
-0.03125  -0.100767
0.09375  0.193138
-0.1875  -0.0356368
0.0625  0.0623085
-0.21875  -0.26049
0.125  -0.255138
-0.09375  0.0158301
0.375  -0.0794546
-0.1875  -0.166529
-0.0625  -0.00661724
0.25  0.0170933
-0.03125  0.0532761
-0.09375  -0.0016782
0.125  0.277209
0.03125  -0.117775
-0.125  -0.0825347
0.25  -0.0873735
-0.03125  -0.119481
0  -0.0302793
-0.125  0.0030204
-0.15625  -0.079535
-0.0625  -0.0529984
-0.03125  0.208726
0.03125  0.229599
-0.125  -0.00360707
0.0625  -0.0201874
-0.15625  -0.10457
-0.15625  0.140672
-0.03125  0.207745
-0.125  -0.321434
0.09375  -0.134275
0.09375  -0.0849155
0.03125  0.214797
-0.0625  -0.208515
0  -0.019546
0.125  -0.200544
0  -0.0891928
-0.3125  -0.168622
-0.03125  0.01006
0.15625  0.087976
0.21875  -0.0779506
0.125  -0.229338
-0.0625  0.059032
0.0625  0.207549
-0.03125  -0.287735
-0.03125  -0.0586489
-0.125  -0.0494295
-0.09375  0.274753
0.09375  0.000114063
-0.125  -0.130223
0.09375  0.010166
-0.03125  -0.0323701
-0.0625  0.0976942
0.25  -0.0432512
-0.0625  -0.077952
-0.25  -0.0785826
0.25  -0.0230381
-0.09375  0.253302
-0.03125  -0.0532964
-0.15625  0.125531
-0.0625  0.0931868
-0.03125  -0.0534833
0.28125  -0.0282238
0  -0.0360031
0.09375  0.0363494
0.21875  -0.0306713
0  -0.120069
-0.15625  -0.0946756
0.0625  -0.183074
-0.09375  0.0806764
0.15625  -0.234486
0.125  0.0591598
0.03125  0.184488
0  -0.0613737
0.03125  0.121463
0.125  -0.140157
0.25  0.0306142
-0.03125  0.115543
0.03125  -0.247608
-0.40625  -0.0820295
-0.0625  -0.0595899
0.125  0.101061
-0.125  0.0548059
-0.1875  0.358656
0  0.0193735
0.125  -0.0172449
0.0625  0.0314284
0.15625  0.140458
-0.1875  -0.169654
-0.0625  -0.0717317
0  -0.18524
0  0.0564116
-0.125  -0.0774173
0.09375  -0.00354472
0  -0.141495
-0.21875  -0.0853467
0.21875  -0.0273287
-0.03125  0.0529554
0.15625  0.0164429
0.0625  0.155954
0.03125  -0.0548505
-0.125  -0.0225384
0.125  0.147598
-0.03125  0.0755838
-0.34375  0.0657848
-0.03125  0.220371
-0.03125  -0.148684
0  0.00429361
0.09375  0.0640868
-0.03125  0.167264
-0.3125  -0.267404
0.03125  -0.101888
0.09375  0.0467363
0.28125  -0.0365133
0.15625  -0.0757048
0.03125  -0.240817
0.125  -0.110555
-0.0625  -0.0392734
0.125  -0.133194
-0.0625  0.0458787
-0.15625  -0.17552
-0.125  0.141717
-0.03125  -0.0382332
-0.125  -0.270445
0.03125  -0.0648826
0.125  0.021735
0.25  -0.215475
-0.03125  0.0837799
-0.125  0.0289622
0  -0.171361
-0.125  -0.350581
0.15625  -0.168923
-0.21875  -0.109018
-0.1875  -0.0800967
0.25  0.0948441
0.21875  -0.124105
0.0625  -0.0775305
-0.0625  -0.133409
0.03125  0.126806
-0.03125  -0.148796
-0.1875  -0.0390155
0.03125  0.0476907
-0.0625  -0.0318115
-0.03125  -0.207419
0  -0.111186
-0.15625  -0.104374
0.25  -0.0413759
0.1875  0.238681
0.09375  0.0713927
0.0625  0.0682029
-0.0625  0.171449
-0.03125  0.168473
-0.15625  0.069113
-0.0625  0.092064
0  -0.0559949
-0.21875  -0.117629
0.15625  -0.358346
-0.15625  -0.19726
0.03125  0.0360659
0.15625  -0.138357
0.125  0.111412
-0.0625  0.0525922
-0.15625  -0.159755
0  -0.273093
0.0625  -0.0988397
0.09375  0.100325
0.03125  -0.12955
-0.03125  -0.00554087
0.03125  -0.145208
0.0625  0.0305211
0  -0.0860271
0.0625  -0.157441
-0.03125  -0.215582
-0.25  -0.0244849
-0.28125  -0.015642
0.0625  0.100851
0.25  -0.040599
-0.25  0.0647964
-0.1875  -0.115562
0.03125  -0.138733
0.09375  0.0253328
0.125  0.135625
-0.03125  -0.151155
0.125  -0.166227
-0.03125  0.203842
-0.03125  0.0839477
-0.03125  -0.148708
0  -0.26254
0.3125  -0.173291
-0.15625  -0.103624
-0.25  -0.0479717
-0.15625  -0.116738
0.03125  -0.0473055
-0.0625  0.0598634
-0.03125  -0.0936661
0.125  0.090764
0.125  0.108763
-0.03125  -0.0189314
-0.21875  -0.0339704
0  0.10278
-0.03125  0.0861568
0  0.223198
-0.09375  -0.232796
-0.03125  -0.0855406
-0.09375  -0.169183
-0.03125  -0.00401201
0.21875  -0.0733293
-0.0625  -0.109609
-0.21875  0.0786205
0.03125  0.0339692
-0.0625  0.0916627
-0.125  -0.137298
0.0625  0.0313426
0.03125  -0.274484
-0.15625  0.0980676
0  0.111184
-0.03125  0.0433158
0.09375  0.0637862
-0.21875  0.115901
0  -0.0194016
0.09375  -0.0104863
0.21875  -0.100905
-0.03125  -0.203925
0.03125  0.0443684
0.15625  0.0753663
-0.03125  0.0591546
-0.0625  -0.116061
0.25  -0.0779249
0  -0.0675052
0.03125  0.105734
-0.15625  -0.0182695
-0.1875  -0.0987392
0.21875  0.09162
-0.09375  0.161593
-0.25  0.16468
0.03125  -0.274585
0.09375  0.0401353
-0.03125  0.141159
0.28125  -0.394144
-0.09375  -0.121818
0  -0.140715
-0.15625  0.109806
-0.09375  -0.206565
-0.0625  -0.192307
0.125  -0.205938
0.125  -0.223897
-0.21875  -0.139059
-0.125  0.0698343
0  0.0477947
0.0625  0.0190347
-0.21875  -0.111436
0.15625  0.111631
-0.21875  0.0497019
0.0625  0.0158438
-0.21875  0.0711736
-0.25  0.0687239
-0.125  -0.0642736
0.1875  -0.134841
-0.09375  -0.363313
0.125  0.106027
0.15625  -0.0283117
0.09375  -0.113237
0.0625  0.0684076
0.25  -0.118424
0.03125  -0.0231162
0.09375  -0.0354536
-0.0625  -0.103381
0.21875  -0.275475
0.09375  0.119648
0.03125  8.44847e-05
-0.1875  -0.111418
0.03125  -0.257471
-0.03125  -0.183569
-0.25  -0.281213
0.21875  0.0267987
-0.25  -0.142156
0.125  0.0560574
0  -0.109242
-0.0625  0.0334446
0.125  0.0260335
-0.1875  -0.119516
-0.03125  -0.155487
-0.125  -0.354418
0  -0.257587
0.125  -0.0883581
-0.0625  0.110426
-0.125  -0.108129
0.125  -0.233441
0.09375  0.0763833
-0.09375  0.0531384
0.0625  -0.176785
0.03125  0.024597
0.125  -0.409966
0.03125  -0.0302333
-0.1875  0.0122923
-0.125  0.0346151
0.03125  -0.00808838
-0.03125  -0.094333
0.125  -0.144427
0.03125  0.160829
0  -0.0298057
0.09375  0.136011
-0.03125  -0.101514
0.0625  0.0440926
0.0625  -0.0463577
0  -0.0900503
0.3125  0.0347467
-0.09375  -0.154141
0.25  -0.115601
0  -0.0793907
0.25  -0.0994766
0.125  0.150443
-0.28125  -0.0186616
-0.125  0.0435674
-0.0625  0.0170691
0.15625  0.194592
0  0.124415
0  0.217122
-0.09375  0.097337
-0.03125  -0.233335
0.28125  0.208446
-0.125  -0.0757948
-0.03125  -0.0320894
0.25  -0.130484
-0.03125  0.00643034
-0.09375  -0.146544
-0.125  0.202323
0  -0.0739187
0.125  0.279565
-0.125  -0.190756
0.0625  0.00710807
0.03125  -0.190004
-0.125  -0.205841
-0.03125  0.181456
0  -0.0280606
0.03125  0.233846
0  -0.0633929
0.125  -0.0237808
-0.25  -0.0697683
-0.25  -0.110014
-0.03125  -0.215637
-0.03125  0.0842324
-0.15625  0.0822255
0.0625  -0.0550957
0.15625  -0.234816
0  0.151374
0  -0.00458177
0.125  -0.000241263
-0.1875  -0.0628852
-0.03125  0.164744
0  -0.388591
-0.1875  -0.0887461
0.125  -0.0969241
0.15625  -0.000678328
0.03125  -0.345997
0  0.173133
0.1875  -0.173401
-0.03125  0.280802
0.21875  0.0653412
-0.0625  0.269793
-0.03125  0.00932054
-0.09375  0.0126003
0  0.028488
0.0625  0.0612053
-0.09375  -0.239721
0.03125  0.206773
0.0625  -0.120732
0.09375  0.239001
0.15625  0.402522
0.15625  -0.276005
0.0625  -0.107625
-0.03125  -0.217206
-0.1875  -0.135205
0.15625  0.028773
0  -0.217991
-0.03125  -0.0013529
0.125  -0.0457814
-0.125  0.106545
0.1875  0.0288955
0.03125  -0.0554617
0.09375  -0.113525
-0.03125  -0.116548
-0.03125  -0.060431
0  -0.195841
-0.09375  -0.201781
-0.09375  -0.236745
0.0625  -0.2149
0.125  0.211358
-0.125  -0.145074
-0.15625  -0.0137425
-0.0625  -0.202437
-0.1875  -0.111707
-0.09375  0.211833
0.0625  -0.0702004
0.0625  -0.159039
0  -0.0544779
0  -0.0858202
-0.125  -0.308779
0.25  -0.0577107
-0.125  -0.0749505
-0.34375  -0.225251
-0.0625  0.0952068
0.0625  0.112949
0  0.0468224
-0.1875  0.0195722
-0.09375  0.0598099
0.03125  0.0895286
-0.0625  0.0917805
-0.125  0.148685
-0.0625  -0.0223625
0.21875  -0.0397791
-0.125  0.0424711
0.09375  0.125753
0.125  0.0583679
-0.21875  0.173015
0.03125  -0.199022
0.0625  -0.0213657
-0.125  0.0158806
0.125  0.0457546
0  -0.0909881
0.21875  -0.409899
0  0.01289
0.09375  -0.0827266
0.03125  -0.0554222
-0.28125  -0.00373625
0.03125  -0.0758782
-0.09375  0.110486
0.15625  0.112158
0  0.0429466
-0.0625  -0.0406467
-0.0625  0.0334014
-0.125  -0.200826
0.0625  -0.0428856
0  -0.150884
-0.125  -0.181056
-0.125  0.0935647
0.1875  0.0437022
0.03125  -0.0618994
0.15625  0.0283916
-0.09375  -0.305819
-0.0625  0.0749344
-0.03125  -0.356204
-0.0625  -0.355791
-0.125  -0.0584434
-0.09375  0.0309358
0.125  0.00868139
0.09375  0.024931
0.21875  0.0387712
0.125  -0.0350007
0.03125  -0.23568
-0.1875  0.0378925
-0.03125  -0.0467808
0.03125  0.0472125
0.0625  -0.0131819
-0.03125  -0.0189065
-0.125  -0.128271
-0.125  -0.283694
0  0.0704686
-0.0625  -0.0374957
0.0625  0.0286865
-0.09375  -0.091269
-0.09375  0.0441596
0  -0.00682436
0.03125  -0.0714234
0.1875  -0.0693127
0.0625  0.26929
0.125  -0.201549
0.125  -0.06158
0.03125  -0.155982
-0.15625  0.0020136
-0.03125  -0.00630268
-0.03125  -0.268419
0  8.54512e-05
-0.03125  -0.0935711
0.03125  0.0339628
0.09375  0.126314
-0.03125  -0.0719792
-0.1875  -0.0527942
-0.1875  0.0774233
-0.03125  -0.0843092
-0.125  -0.41403
-0.0625  -0.0923568
0.0625  0.128402
-0.1875  -0.156531
0.09375  -0.293283
0  -0.187809
0.1875  0.0145768
0.15625  0.151409
0  0.119186
-0.1875  -0.344066
-0.0625  -0.167311
-0.0625  0.22984
0.03125  0.362858
0.09375  -0.0427858
0.15625  0.292084
-0.03125  0.062037
0.15625  0.0405815
0.09375  -0.0903496
0.0625  0.0268226
0.0625  -0.0272979
0.09375  0.109352
0.09375  -0.210979
-0.03125  -0.185303
0.21875  0.0503832
0.0625  0.0937738
-0.09375  -0.155948
-0.03125  0.104831
0.03125  -0.16124
0.09375  -0.0643864
-0.03125  -0.170802
0.28125  -0.112318
-0.03125  -0.275263
0.0625  0.0917897
0  0.010561
0.09375  -0.177822
0.0625  0.0372652
0.09375  0.0508058
0.21875  -0.000590081
-0.15625  -0.145462
-0.09375  0.206704
-0.28125  -0.143483
0  -0.0474363
-0.0625  -0.0412255
0  -0.158171
-0.125  -0.217659
-0.21875  -0.262597
-0.15625  0.246429
-0.21875  0.0818747
0  -0.0486944
0  -0.0980158
0.0625  0.143019
-0.0625  -0.082299
0.0625  -0.0956524
0.125  -0.00951697
0.125  -0.0602878
-0.0625  0.0523813
0.03125  -0.028731
-0.0625  -0.181957
0.3125  -0.194528
0.0625  -0.0616532
-0.125  -0.195561
-0.09375  0.0425933
0.0625  -0.0148326
-0.03125  0.0476758
0.15625  -0.21784
-0.09375  -0.0605274
0  0.153738
0.03125  0.0204663
0.03125  -0.375085
0.125  0.0127089
0.0625  0.0780624
0  0.192258
0.21875  -0.0504366
0.1875  0.0554742
0.125  -0.0598359
0.125  0.119251
-0.21875  0.0324026
-0.34375  0.0603395
0.03125  0.158213
0  -0.0354942
0.125  0.0195572
0  0.0471862
0.125  -0.00697207
-0.03125  -0.0121675
-0.09375  -0.046223
-0.03125  -0.100098
0.125  -0.158691
-0.09375  0.044939
-0.0625  -0.0280228
0  -0.00529545
-0.21875  -0.14436
-0.0625  0.121999
0.0625  -0.225701
0.0625  -0.244272
0.03125  -0.0688231
0.0625  0.16026
0.125  0.154581
0  0.0287075
0.125  -0.0721947
0.09375  -0.0892806
0.1875  -0.10878
-0.125  0.0972618
0.15625  -0.0187735
-0.03125  -0.174865
0  -0.0646476
0.125  -0.0680452
-0.03125  -0.237583
0.03125  0.0363944
0.125  0.274157
-0.0625  0.068032
0.03125  0.26584
0.1875  -0.0275849
0.09375  -0.0549722
-0.1875  0.186802
-0.25  0.0121247
0.21875  0.108729
0.09375  -0.0381619
-0.03125  -0.209137
0.09375  0.0317684
0.0625  0.00841681
0.0625  -0.016236
0.1875  -0.124413
0  0.160895
0.03125  -0.127393
0.125  -0.0666478
0.09375  0.210989
-0.21875  -0.0920983
-0.03125  0.130484
0.125  0.120998
0.09375  0.0907151
0.1875  0.00814544
0.21875  0.0328094
0.03125  0.182892
-0.15625  -0.203712
-0.03125  -0.35376
-0.09375  0.0150196
0  -0.0348332
-0.21875  -0.301994
-0.09375  -0.0134534
-0.25  0.00818534
-0.0625  0.177406
0.03125  -0.0705485
-0.09375  0.0459856
0.125  0.0469112
0.09375  -0.0416666
0.03125  -0.084565
-0.15625  0.102726
0  0.0652649
0  -0.277307
0.125  0.0478341
0.03125  0.0474496
-0.03125  0.138802
-0.03125  0.0460122
0.03125  0.0172579
0  -0.0390242
0.03125  0.0466885
0.15625  -0.130608
0.15625  0.0943076
-0.09375  0.0912526
-0.03125  0.0230694
-0.125  -0.12315
0.125  -0.114729
0.03125  -0.0253383
-0.0625  0.0452146
0.125  0.15916
0.28125  0.0134769
0.25  -0.087837
0.125  -0.108868
-0.09375  -0.239354
-0.125  0.0295143
-0.03125  -0.191513
-0.09375  -0.0276875
-0.03125  0.178188
-0.09375  -0.307654
-0.28125  -0.285057
0  0.324762
-0.21875  0.0878133
-0.0625  -0.264864
-0.0625  0.0937863
-0.09375  -0.00254853
0  0.163419
0.09375  -0.0649602
-0.0625  -0.0644004
-0.15625  0.0969668
-0.09375  -0.102861
0  -0.329852
0.09375  0.0292156
0.0625  0.011353
-0.1875  -0.0493037
-0.03125  0.0738479
-0.09375  -0.274847
-0.09375  -0.00828608
0.15625  0.0760536
0.09375  0.0930382
-0.3125  0.00204809
-0.125  -0.0301149
0.09375  0.119803
0.25  0.190198
0.0625  -0.156441
-0.03125  -0.31165
-0.09375  0.0616441
-0.1875  0.0267249
0.03125  -0.190338
0.15625  0.0453483
0  0.00396471
0.0625  -0.256186
-0.03125  0.0634696
-0.15625  -0.0937031
-0.25  -0.161247
0.28125  -0.0646095
-0.0625  -0.220091
0  -0.0703019
-0.0625  0.0243498
-0.0625  0.0153827
-0.03125  0.040461
-0.1875  -0.0570869
-0.0625  -0.173098
0.0625  0.0131708
-0.0625  -0.0519675
-0.0625  -0.15093
-0.125  -0.162522
-0.0625  -0.253453
-0.15625  -0.0439342
0.03125  -0.0977868
0.0625  0.0210402
-0.0625  -0.0481104
-0.1875  -0.0545564
-0.03125  -0.33117
0.09375  0.0309765
0.03125  -0.144463
-0.03125  -0.0215808
0.125  -0.0677322
-0.15625  -0.0111772
-0.125  -0.0725396
-0.21875  -0.0177601
-0.09375  -0.0754688
-0.03125  0.107746
-0.3125  -0.0796039
0.09375  0.0574171
-0.125  0.105718
0.15625  0.0231708
0.09375  -0.273471
-0.0625  -0.14443
-0.0625  -0.3515
0  0.127543
-0.03125  0.273826
-0.125  -0.0585348
0.125  -0.0497717
-0.0625  0.0442467
-0.09375  -0.0782181
-0.0625  -0.0333968
0.0625  -0.0276236
0.03125  0.101782
0.03125  0.0713267
0.0625  -0.153941
0.09375  0.0280295
-0.03125  -0.0151521
-0.25  -0.223707
-0.15625  0.108943
0.03125  -0.235498
0.15625  0.0155033
-0.0625  0.0283628
0.09375  0.0192965
0.0625  0.215712
-0.03125  -0.178288
0.09375  -0.0910128
-0.15625  0.051529
-0.0625  -0.332832
0.03125  -0.26598
0.0625  -0.108141
-0.125  -0.0864162
-0.09375  -0.244588
-0.125  -0.100279
0  0.0414966
0.0625  -0.0704651
-0.09375  0.157965
-0.15625  -0.00270905
0  -0.0346876
-0.15625  -0.02979
0.03125  0.192269
0  -0.10367
0.09375  0.0851517
-0.25  0.0601055
-0.03125  0.129882
0  -0.226573
0.03125  0.0469433
0.0625  -0.0906616
0  -0.0983585
-0.1875  -0.126959
0.15625  -0.0486234
0.03125  -0.0411048
-0.1875  0.0735828
-0.125  -0.0539477
0.03125  -0.00951343
0.25  -0.165606
-0.09375  0.225792
0.0625  -0.0413214
0  0.0132054
0.09375  0.221101
-0.1875  0.00725093
-0.34375  -0.112975
0.03125  0.189289
0.15625  -0.0564304
-0.09375  -0.00533341
-0.0625  0.0136028
0.0625  0.022711
-0.1875  -0.00221139
-0.0625  0.0607431
0.125  -0.268253
0.21875  -0.00998882
-0.125  -0.00740429
0  -0.181425
-0.09375  -0.184528
-0.21875  0.0904829
-0.125  0.0284708
0.25  -0.117695
0.15625  0.0907903
-0.125  -0.209199
0.09375  0.0655493
-0.03125  0.015792
-0.0625  0.11676
0.0625  -0.0873683
-0.1875  0.0123033
0.15625  -0.183904
0  0.225409
-0.125  -0.0916057
-0.03125  0.0722978
0.03125  0.0986729
-0.125  -0.0299101
0  -0.147785
-0.0625  -0.0159053
0  -0.168754
-0.03125  0.124253
-0.09375  -0.112305
0  -0.0247067
0.1875  0.00432919
0.0625  0.204512
0.0625  -0.0699129
0.1875  -0.312414
-0.1875  -0.133683
0.15625  -0.163231
0  0.0712997
0.0625  -0.0306192
-0.0625  0.0330353
0.125  0.150361
0  0.179986
-0.125  0.0642881
0.0625  0.133555
0.15625  -0.119815
-0.25  0.0132196
0  -0.0634743
0.125  0.0342839
0  0.167569
-0.21875  0.0703721
0.15625  0.0242301
0.09375  -0.200881
0.15625  -0.264463
0.0625  0.116831
0.09375  0.284095
0.03125  -0.0597327
0  -0.12124
0.15625  0.118105
-0.0625  -0.0947363
0.09375  -0.277691
0  -0.139987
-0.125  -0.188043
0.09375  -0.0287142
-0.0625  0.00280707
0.125  0.106146
-0.25  0.196493
-0.125  0.136071
0.21875  0.00475243
0.15625  0.134543
-0.1875  -0.0356345
0.21875  0.199562
-0.0625  -0.0720934
-0.125  0.0173613
-0.28125  -0.109187
0.03125  -0.326538
0.21875  -0.0812259
0.125  -0.196451
-0.25  -0.0655754
0  -0.00474306
-0.0625  -0.28306
-0.03125  -0.0842039
-0.28125  -0.200852
0.09375  -0.385783
0.03125  -0.00025498
0.03125  0.0930212
-0.09375  -0.0662781
-0.0625  0.0181408
-0.0625  0.129994
-0.09375  -0.320258
-0.09375  -0.074302
0  0.0119576
0.1875  0.0153344
-0.03125  0.0669914
0.09375  -0.023753
-0.0625  -0.121981
-0.15625  0.10648
0.125  -0.0247193
0.09375  8.63003e-05
0.09375  0.0558668
-0.0625  0.0126652
0.09375  0.0414916
-0.1875  -0.00853343
0.09375  0.144177
0.1875  -0.224479
0.375  -0.0318436
-0.03125  -0.150797
-0.03125  0.0590874
0.0625  0.066172
-0.125  0.157379
0.1875  -0.0199909
-0.125  -0.0799098
0.28125  -0.302112
-0.15625  -0.0168581
0.03125  0.103938
-0.03125  -0.122065
-0.0625  0.0093926
-0.28125  -0.0984792
0.0625  -0.131621
-0.125  0.00503251
-0.1875  -0.174423
0  -0.085887
0.09375  0.115085
-0.1875  -0.0371701
-0.03125  0.0519754
0.0625  -0.418842
0.03125  -0.138321
-0.0625  -0.187382
0.03125  -0.337244
-0.09375  0.057673
-0.125  0.0879193
0.0625  -0.141426
0.1875  0.174603
0.03125  0.100139
-0.0625  -0.0110869
-0.03125  -0.0621849
-0.09375  -0.0136973
0.09375  0.275247
0  0.110027
-0.0625  0.0791308
0.0625  0.140971
-0.09375  -0.237935
0  -0.0799862
-0.03125  -0.0463352
0.1875  0.159259
0.03125  0.0799381
0  -0.0823074
-0.125  -0.211375
0  -0.15695
0.25  -0.0243192
0  -0.313206
0.125  0.0360032
0.03125  0.236713
-0.15625  -0.12463
0  -0.208508
-0.1875  0.0732047
0.03125  0.157016
0.28125  -0.0729756
0  -0.158633
-0.125  -0.156805
-0.1875  -0.0716798
0.03125  0.171713
-0.03125  0.0139463
-0.15625  0.209365
0.09375  -0.225615
-0.1875  0.0318056
0  0.0733968
0.03125  0.123036
0.21875  0.0335857
0.125  -0.137567
-0.15625  -0.146283
-0.125  -0.0509119
0.03125  -0.187342
0  -0.187562
0.0625  -0.0972775
0  0.0184113
-0.09375  -0.0801879
0.03125  -0.09971
0.0625  0.266745
-0.125  -0.00622245
0.03125  0.0834433
0.03125  0.0167486
0.1875  -0.192724
0  -0.115019
-0.09375  0.14027
-0.125  0.313388
-0.0625  -0.0643628
0.0625  -0.0153418
0.21875  -0.0819519
-0.0625  0.0665546
0.125  -0.0600347
0.03125  -0.0917319
-0.09375  -0.28619
0  0.140267
0.09375  -0.0993783
-0.09375  -0.127083
0.28125  0.00230385
0.125  -0.150271
-0.0625  0.230413
0  0.114533
-0.125  -0.01539
-0.09375  0.00798278
0.09375  0.0585698
0.1875  0.0552369
-0.09375  -0.0359604
0.28125  0.0149252
0.25  0.0811747
0.09375  -0.0937511
0.09375  -0.179525
0.03125  -0.170862
0.3125  0.106658
0.15625  0.0210978
-0.25  -0.129586
0.125  -0.01737
0  0.0162286
-0.0625  0.226058
0.15625  -0.0675252
-0.125  -0.350478
0.1875  -0.150651
-0.15625  -0.220658
0.125  -0.194398
0.03125  -0.139047
0.0625  -0.173182
-0.03125  -0.367133
-0.03125  0.117035
0  -0.109501
0.03125  -0.205077
-0.125  -0.0411417
-0.3125  0.126997
0  -0.130514
0.09375  0.0405292
-0.09375  -0.281226
-0.21875  -0.154192
0.15625  0.0284704
-0.0625  0.13729
-0.03125  0.0192563
0  -0.00583684
-0.09375  -0.0616672
-0.21875  -0.000838246
0  0.168816
0.25  -0.00525844
-0.03125  0.114354
0.03125  0.102397
0.15625  -0.226914
0.21875  -0.010882
-0.03125  -0.122093
-0.09375  0.108458
-0.03125  0.0436944
0.03125  -0.0148847
-0.1875  -0.0877293
0.03125  0.188043
0.0625  0.01956
-0.125  -0.0388337
-0.0625  -0.0548012
0.1875  0.090637
0.1875  -0.0202406
-0.03125  -0.0341791
0.125  0.00934392
-0.1875  -0.0803767
0  -0.107564
-0.0625  -0.0214072
0.125  -0.0599643
-0.1875  -0.13329
-0.125  -0.214912
-0.125  -0.272605
-0.0625  -0.116872
-0.03125  -0.260608
0  0.0125333
0.125  -0.0526217
0.125  -0.0464821
0.0625  -0.168891
-0.0625  0.0615996
-0.15625  -0.175005
-0.09375  0.063462
0.25  -0.144588
-0.1875  0.0348089
0.0625  -0.0981686
0.21875  0.190641
0.25  -0.080661
-0.03125  0.033109
0.0625  -0.0332972
0.15625  -0.0330835
-0.125  -0.172397
0.25  0.0166752
-0.03125  -0.0777484
0.0625  -0.204951
0.1875  -0.259465
0.15625  -0.112753
0  -0.21232
-0.125  0.143204
-0.03125  0.106972
0.0625  -0.196521
-0.25  -0.0696376
-0.09375  0.0137921
-0.03125  -0.172595
0.0625  -0.119293
0.0625  -0.100231
-0.25  -0.0024784
0  0.219472
-0.15625  0.165846
0  -0.0562546
0.03125  -0.148318
0  0.102056
0.09375  0.234496
-0.1875  0.0476844
0  0.0803404
0.21875  -0.0778544
0  -0.0508103
0.15625  0.0196596
-0.1875  0.0211806
-0.15625  0.0148207
-0.0625  -0.101143
0.28125  -0.221652
0  -0.0995984
0.09375  -0.171832
-0.0625  -0.154097
0.15625  -0.149852
0.03125  -0.0096415
-0.03125  -0.0643481
0.125  -0.029827
0.125  -0.0323195
-0.125  -0.0253713
-0.0625  0.0192727
0.0625  0.0509912
-0.0625  0.0988082
0  0.00878239
-0.09375  -0.189974
0.125  -0.0287159
0  0.0428604
0.03125  -0.0891551
0.03125  -0.144652
-0.03125  0.104006
-0.03125  -0.115805
0.21875  -0.0284464
0.15625  0.168422
0.125  0.0451331
-0.03125  -0.138743
0.125  -0.0770981
0.03125  -0.139023
-0.09375  -0.126855
0.09375  -0.0973827
0.15625  -0.293135
-0.0625  0.15901
0.0625  0.136232
-0.03125  0.0291256
-0.0625  -0.0375941
-0.0625  0.170803
-0.21875  0.0940737
-0.09375  -0.133852
-0.03125  -0.253823
-0.03125  -0.13989
0.09375  -0.165102
-0.0625  -0.000410194
-0.1875  0.0577122
0.0625  -0.219387
0.03125  -0.0742602
-0.03125  -0.0650429
0.09375  0.340672
0.03125  0.0790411
0.125  -0.030197
0  -0.12456
-0.09375  -0.248339
-0.1875  -0.0344948
0.09375  0.160143
-0.0625  -0.161417
-0.125  -0.0329007
-0.0625  -0.159854
0  0.118224
0.125  -0.181904
-0.15625  0.0377736
0.25  -0.112557
0.03125  0.123974
0.0625  -0.0809998
-0.21875  0.0510176
0.21875  -0.0697084
0.09375  -0.00192012
0.0625  -0.194853
0.15625  0.192361
-0.03125  -0.0937329
-0.125  0.0659016
0.03125  0.0254754
-0.15625  -0.138153
0.0625  -0.167422
-0.09375  -0.0989888
-0.0625  -0.129377
-0.0625  -0.153854
-0.03125  -0.00771012
0.03125  0.0314039
0.15625  0.0916365
0  0.00767653
0.0625  0.150543
0.25  -0.0223366
0  0.091012
-0.0625  -0.297564
-0.03125  -0.129303
0.03125  -0.0284188
0  -0.125101
-0.125  -0.100523
-0.21875  -0.119247
0.09375  -0.0197518
0  -0.0731717
-0.15625  0.0619772
0.03125  -0.172352
-0.09375  -0.176349
0.125  -0.178434
0  0.172531
0.125  0.0617228
0.0625  0.0922163
-0.03125  0.17008
-0.125  -0.0866091
-0.0625  0.0674266
0.03125  -0.154065
0.0625  -0.156584
-0.09375  -0.224685
-0.125  0.000957162
0.125  0.0671089
0.0625  -0.205032
-0.125  -0.148729
0  0.0842296
0.21875  -0.198394
-0.0625  -0.140804
0.09375  -0.111429
0  -0.365751
0.46875  -0.375029
0.09375  -0.0961353
0.03125  -0.203246
0.21875  0.0613755
-0.03125  -0.0349739
0.0625  0.00609216
0.03125  -0.162175
0  -0.201802
-0.25  -0.159214
-0.09375  0.188395
-0.0625  0.0702266
0.3125  0.00241863
0.125  -0.333099
0.125  0.0651958
-0.09375  -0.0979189
0  -0.351797
-0.0625  -0.142882
0.0625  0.0521577
0.125  -0.20054
0  -0.0599103
0.09375  0.0267218
0.0625  -0.0538846
-0.09375  -0.0543605
0.21875  -0.177893
0.03125  -0.142554
0  0.0217621
0.0625  -0.0532703
0  -0.0503095
0.09375  0.0749143
-0.03125  -0.390304
0.0625  -0.118002
0.15625  -0.131189
0.15625  -0.00540294
-0.09375  0.0371313
-0.1875  -0.193075
0.15625  -0.147709
0.03125  0.00678752
0.03125  0.0428499
0.15625  -0.0321898
0.1875  0.0134641
0.1875  0.031364
-0.0625  -0.165473
-0.15625  0.0842357
-0.0625  0.217833
0.1875  -0.124605
0.09375  0.0535135
0.09375  0.157216
-0.0625  -0.27161
-0.21875  -0.134325
0.03125  0.017392
0.0625  0.0563668
0.375  0.0269031
0.125  0.0405655
0  0.0360303
0  0.0280652
-0.0625  0.32723
-0.0625  0.0797245
0.03125  0.208551
-0.03125  0.0875718
0.25  -0.013852
-0.0625  -0.113716
0.03125  -0.007179
0.125  -0.0364678
0.03125  0.0174809
-0.0625  0.268099
0.03125  -0.139386
0.1875  0.00848245
-0.03125  -0.0555445
-0.15625  -0.0813461
0.15625  0.0809436
0.0625  0.0689485
0  0.129529
-0.0625  0.0149938
-0.09375  -0.00956374
0.1875  -0.134801
-0.03125  0.118229
0  -0.152908
-0.125  0.414018
-0.09375  -0.0882819
-0.03125  -0.0560631
0.125  -0.0182198
-0.1875  -0.0964964
-0.03125  0.246804
-0.0625  -0.0162665
-0.03125  0.069451
0.28125  -0.0807371
0.09375  0.189113
0.1875  -0.148846
-0.09375  -0.0908029
-0.1875  0.0584217
0.0625  -0.270185
0.09375  -0.0725582
-0.09375  0.146028
0.09375  0.0554987
-0.0625  0.134738
0  -0.182029
0  -0.0421595
-0.125  0.185451
-0.15625  0.0957426
0.03125  0.129722
-0.09375  0.0137435
-0.0625  -0.113142
0.125  0.0193109
-0.15625  -0.0820085
0  0.0320586
0  -0.167774
-0.09375  0.00225521
0.1875  0.142134
-0.0625  0.143033
-0.21875  -0.216791
-0.0625  0.0879223
-0.0625  -0.15157
-0.03125  -0.0432907
0.15625  -0.145
-0.15625  0.0577283
0.09375  -0.0507976
0.25  -0.0795715
-0.21875  -0.091742
-0.09375  -0.0940616
-0.03125  0.0362787
-0.03125  -0.102164
-0.09375  -0.352347
0.03125  -0.186027
-0.0625  0.0771531
-0.0625  0.202555
0.15625  0.134177
0  0.155084
-0.15625  -0.0173943
0.09375  -0.156324
-0.0625  -0.136598
0  -0.136296
-0.09375  -0.0752178
0.03125  -0.209746
-0.25  -0.0155614
0.0625  -0.183308
-0.09375  -0.207988
-0.09375  -0.0915669
-0.125  -0.0968892
0.03125  0.115341
-0.03125  -0.0371796
-0.03125  -0.0187368
0.0625  -0.202635
0.125  -0.316247
-0.03125  -0.202654
0.125  0.274504
-0.125  -0.00456959
0.09375  -0.182912
0.09375  -0.0504035
0  -0.0272661
0.15625  -0.17447
-0.03125  0.0998723
0.0625  0.0365132
-0.15625  -0.209078
-0.03125  -0.0540708
-0.03125  -0.141503
0.1875  0.030882
-0.0625  -0.103002
-0.0625  -0.0261038
0.03125  -0.0965327
-0.15625  -0.224724
0.3125  -0.181943
0.09375  0.120019
0.03125  -0.0137231
-0.03125  -0.0728197
-0.125  -0.0867947
0.125  -0.216752
0  -0.113909
0.21875  0.0440588
-0.0625  -0.0920178
-0.125  -0.0134762
-0.125  -0.0767118
0.03125  -0.0711272
0.09375  -0.0786938
0  0.00642587
0.03125  0.203573
0.125  0.116906
-0.0625  -0.329515
-0.125  0.0220582
0.21875  0.0239463
0.15625  -0.243803
-0.09375  -0.188009
-0.03125  -0.0697993
0.125  -0.141296
0  0.22949
0.09375  -0.045412
0.1875  -0.176554
0.03125  0.144658
0.1875  -0.0789549
-0.03125  0.0446545
0.1875  0.0565963
-0.03125  0.127306
0.0625  -0.00506363
0  0.0955212
