0.1875  0.189882
-0.09375  -0.501997
-0.1875  -0.336362
0  -0.348153
-0.0625  -0.822342
0  -0.330435
0  -0.691464
0.0625  -0.3873
0.0625  -0.691092
0.125  -0.369083
-0.03125  -0.547135
-0.03125  -0.528096
-0.0625  -0.459325
0.0625  -0.635373
0  -0.705151
-0.0625  -0.396129
0.0625  -0.488104
-0.21875  -0.550227
0.09375  -0.418789
0.125  -0.600132
-0.25  -0.377892
-0.125  -0.63364
0.125  -0.200461
-0.03125  -0.612311
-0.0625  -0.525902
0.15625  -0.329187
0.09375  -0.566942
-0.125  -0.582018
-0.0625  -0.585358
0  -0.620426
0.125  -0.514811
0.0625  -0.43056
-0.28125  -0.484456
-0.0625  -0.621161
0.03125  -0.443564
0.03125  -0.54031
0.21875  -0.355195
-0.03125  -0.610236
-0.0625  -0.565087
0  -0.630891
-0.03125  -0.739968
-0.03125  -0.454374
0.25  -0.534758
-0.15625  -0.6148
0.125  -0.550354
-0.03125  -0.496753
0.125  -0.597843
-0.03125  -0.658197
-0.03125  -0.60883
0.0625  -0.324075
0.0625  -0.497146
0  -0.570952
-0.125  -0.675383
0.0625  -0.618916
0.125  -0.467658
0.0625  -0.505983
0.15625  -0.571994
0.15625  -0.405129
0.25  -0.607485
-0.28125  -0.396511
-0.0625  -0.539239
0.03125  -0.409197
0.09375  -0.486846
-0.03125  -0.384472
-0.125  -0.54544
-0.0625  -0.552775
-0.0625  -0.588254
0.125  -0.527904
-0.1875  -0.633289
0.15625  -0.451668
-0.09375  -0.568127
0.09375  -0.569565
-0.25  -0.492324
0.09375  -0.513835
-0.0625  -0.348904
-0.0625  -0.698661
-0.1875  -0.591682
0  -0.530272
-0.09375  -0.674848
-0.125  -0.473128
-0.15625  -0.648315
-0.0625  -0.396383
-0.0625  -0.440058
0.09375  -0.561474
0.15625  -0.614805
-0.0625  -0.417157
-0.21875  -0.576433
-0.03125  -0.549235
-0.15625  -0.436023
-0.125  -0.638976
0.03125  -0.458481
-0.09375  -0.3864
0  -0.535056
0.21875  -0.62496
0.25  -0.404864
-0.09375  -0.660465
-0.21875  -0.555208
-0.03125  -0.645103
-0.21875  -0.553495
0.0625  -0.565952
0.09375  -0.3263
-0.09375  -0.55449
-0.1875  -0.279695
0.03125  -0.541961
-0.15625  -0.531357
-0.125  -0.41578
0.125  -0.43036
0.15625  -0.431864
-0.0625  -0.604322
-0.03125  -0.554292
0.09375  -0.375013
0.21875  -0.386307
-0.09375  -0.455088
0.03125  -0.33947
-0.21875  -0.581227
0.21875  -0.694866
-0.03125  -0.585611
0.1875  -0.513503
0.15625  -0.517564
-0.03125  -0.555636
-0.125  -0.681818
0  -0.377483
0  -0.538544
0.21875  -0.538837
0  -0.542016
0.34375  -0.384513
0.09375  -0.40905
0.125  -0.381178
0  -0.492811
0  -0.402327
0.125  -0.586711
-0.03125  -0.588194
-0.03125  -0.323399
-0.1875  -0.308597
-0.15625  -0.659763
-0.125  -0.467993
0.03125  -0.427484
0.0625  -0.43781
-0.46875  -0.349923
0.0625  -0.52047
-0.15625  -0.404417
0  -0.492256
-0.03125  -0.499971
0.0625  -0.669722
-0.09375  -0.582726
0  -0.675765
-0.03125  -0.671201
0.09375  -0.449064
-0.09375  -0.696401
-0.03125  -0.534076
0.03125  -0.481366
-0.125  -0.763009
-0.0625  -0.490958
-0.125  -0.704511
0.125  -0.553752
-0.03125  -0.780327
-0.03125  -0.415156
-0.125  -0.633983
-0.03125  -0.508033
0.03125  -0.579382
-0.0625  -0.341208
0  -0.536128
0.03125  -0.360094
-0.09375  -0.614092
-0.09375  -0.436762
0.0625  -0.605037
0  -0.486724
0.09375  -0.586198
0.0625  -0.462942
0  -0.575666
0.28125  -0.436275
0.21875  -0.718243
-0.125  -0.327593
0.125  -0.599682
0.09375  -0.672612
0.09375  -0.583135
-0.15625  -0.426604
0  -0.424371
-0.15625  -0.218174
0.15625  -0.439433
-0.03125  -0.479405
-0.0625  -0.612631
0.0625  -0.699913
0  -0.343263
-0.0625  -0.635128
-0.0625  -0.431788
0.09375  -0.578685
-0.03125  -0.533677
-0.03125  -0.325366
0.03125  -0.404849
0.03125  -0.520874
0.03125  -0.468678
0  -0.530254
0.0625  -0.440079
-0.09375  -0.271976
-0.0625  -0.359663
0.09375  -0.644222
-0.21875  -0.535197
-0.0625  -0.400467
-0.25  -0.52055
-0.0625  -0.594578
-0.03125  -0.533035
0.1875  -0.471993
0  -0.663859
-0.34375  -0.500006
0.09375  -0.372297
0.15625  -0.210754
-0.03125  -0.492662
0  -0.556007
0.0625  -0.537127
0.03125  -0.620215
0.09375  -0.387938
0.03125  -0.542946
0.15625  -0.689033
-0.125  -0.496913
0.1875  -0.476546
-0.0625  -0.284738
0.15625  -0.39172
-0.03125  -0.330984
-0.03125  -0.503031
0.125  -0.488471
-0.28125  -0.712126
-0.125  -0.64386
0  -0.511975
-0.125  -0.404356
0.03125  -0.3746
-0.15625  -0.646374
0.125  -0.459256
-0.25  -0.5157
0.0625  -0.750407
-0.09375  -0.445138
0.03125  -0.540876
0.125  -0.39402
0.0625  -0.545515
0.1875  -0.427724
-0.03125  -0.555891
0.125  -0.315005
-0.125  -0.338247
0.09375  -0.624294
-0.09375  -0.432074
-0.03125  -0.558426
0.1875  -0.343718
0.125  -0.540872
-0.0625  -0.260294
-0.34375  -0.602375
0.125  -0.666022
-0.09375  -0.332598
-0.1875  -0.512116
0.03125  -0.699291
-0.125  -0.362122
0.25  -0.533499
-0.03125  -0.612621
-0.09375  -0.564229
0  -0.410488
0.15625  -0.401678
0.15625  -0.784626
0.125  -0.464548
0.1875  -0.311722
0.03125  -0.480775
-0.03125  -0.438241
-0.09375  -0.608776
-0.15625  -0.704927
-0.03125  -0.463307
-0.125  -0.548619
0.09375  -0.499171
0.03125  -0.475977
0  -0.309575
-0.15625  -0.503134
0.3125  -0.535052
-0.125  -0.540074
0.125  -0.413623
-0.03125  -0.615741
0  -0.589782
-0.34375  -0.35597
0.03125  -0.699892
0.03125  -0.392492
0.0625  -0.409257
0.125  -0.319539
0.0625  -0.550598
0.0625  -0.607237
0.0625  -0.706475
0  -0.562211
0.03125  -0.176252
-0.09375  -0.657608
0.125  -0.700172
-0.125  -0.582575
-0.15625  -0.570692
0.125  -0.633466
0.125  -0.415202
0.09375  -0.464206
-0.09375  -0.683886
0.09375  -0.689502
0  -0.468308
-0.1875  -0.639237
0.1875  -0.499035
-0.15625  -0.481194
0.0625  -0.528576
0.03125  -0.514566
-0.0625  -0.500892
0.21875  -0.622637
-0.125  -0.409222
-0.0625  -0.522837
0.0625  -0.583168
0.0625  -0.599729
0.125  -0.554778
0.09375  -0.469031
0.0625  -0.616154
-0.21875  -0.575967
-0.0625  -0.45343
-0.0625  -0.549074
-0.125  -0.546187
0.125  -0.575879
-0.03125  -0.592303
0.125  -0.209711
0.09375  -0.452759
0.0625  -0.37549
0.1875  -0.54906
0.25  -0.447673
-0.03125  -0.430034
0.15625  -0.537314
0  -0.664623
-0.09375  -0.425778
0.09375  -0.292245
0.03125  -0.384808
-0.1875  -0.450834
0.03125  -0.444971
0.0625  -0.331671
-0.03125  -0.631844
-0.125  -0.435438
-0.125  -0.351423
-0.15625  -0.457047
0  -0.464652
-0.125  -0.583873
0.15625  -0.639449
-0.0625  -0.417643
0.15625  -0.37549
0.0625  -0.638767
-0.15625  -0.567706
0.09375  -0.570344
-0.1875  -0.647168
-0.15625  -0.664586
0  -0.472607
-0.09375  -0.770598
0.125  -0.310162
-0.0625  -0.615133
-0.09375  -0.217361
0.1875  -0.553898
0.25  -0.50438
0.21875  -0.494435
0.0625  -0.648872
0.09375  -0.496565
0.125  -0.498973
-0.03125  -0.599179
-0.21875  -0.596666
0  -0.42086
0.15625  -0.366887
-0.03125  -0.445742
0.125  -0.481875
-0.15625  -0.365095
0.09375  -0.497489
-0.125  -0.261437
0.125  -0.562897
0  -0.369772
0  -0.381268
-0.25  -0.59655
-0.15625  -0.485609
0.03125  -0.414024
-0.09375  -0.547481
-0.09375  -0.333217
-0.0625  -0.470061
0  -0.33065
0  -0.34252
0.25  -0.611573
0.28125  -0.672199
-0.15625  -0.47754
0.03125  -0.415254
-0.21875  -0.515962
0.1875  -0.667935
-0.21875  -0.284102
0.15625  -0.30752
0.03125  -0.474165
0  -0.534507
0.0625  -0.528001
0.0625  -0.512232
-0.03125  -0.418759
-0.1875  -0.424625
-0.0625  -0.415518
-0.03125  -0.496555
0  -0.381241
-0.03125  -0.655455
0.03125  -0.492664
-0.1875  -0.611045
-0.03125  -0.555602
-0.03125  -0.58667
0.0625  -0.471559
0.28125  -0.523914
-0.15625  -0.445964
0.09375  -0.536434
0.0625  -0.256922
0  -0.473843
-0.0625  -0.473013
0.03125  -0.357924
0.125  -0.294972
0.1875  -0.583699
0.0625  -0.487927
0.03125  -0.389895
-0.25  -0.478485
0.15625  -0.368685
0.09375  -0.487914
0.125  -0.621823
-0.03125  -0.511705
0.09375  -0.277948
-0.03125  -0.672748
0  -0.531598
-0.09375  -0.266469
-0.0625  -0.365682
0.1875  -0.732873
0.09375  -0.479996
0.03125  -0.374963
0.03125  -0.427646
0.09375  -0.486047
-0.0625  -0.320621
0.03125  -0.59988
0.03125  -0.558135
0.15625  -0.582495
0.0625  -0.612226
0.125  -0.637498
0.03125  -0.510445
0  -0.441325
0.125  -0.644014
0.125  -0.68218
-0.125  -0.567451
0.09375  -0.417246
-0.125  -0.235664
0.0625  -0.393054
0  -0.60887
-0.15625  -0.558061
0.09375  -0.607984
-0.125  -0.694062
0.09375  -0.463879
-0.09375  -0.373851
0.09375  -0.538472
-0.03125  -0.564272
-0.03125  -0.446233
0.03125  -0.519113
-0.125  -0.519668
-0.03125  -0.541565
0.09375  -0.56794
-0.0625  -0.609929
0.0625  -0.77561
0.09375  -0.586688
-0.125  -0.565326
0.15625  -0.395699
-0.0625  -0.501821
-0.15625  -0.358656
0.15625  -0.323037
-0.125  -0.433825
0.09375  -0.559145
0.125  -0.558161
0.03125  -0.475706
0.125  -0.294973
-0.09375  -0.341265
0.03125  -0.719996
0  -0.433455
-0.09375  -0.627852
-0.03125  -0.3008
0.125  -0.442499
0.0625  -0.40974
0  -0.458628
0.09375  -0.56055
-0.0625  -0.491929
0.15625  -0.360329
-0.03125  -0.521785
-0.15625  -0.487136
0.03125  -0.394781
-0.1875  -0.348143
0.1875  -0.525417
-0.125  -0.486823
0.21875  -0.470337
-0.09375  -0.625779
0.0625  -0.521385
0.09375  -0.563371
-0.3125  -0.545019
0.09375  -0.559492
-0.1875  -0.401415
0.1875  -0.507377
-0.21875  -0.511928
-0.15625  -0.702993
-0.09375  -0.43468
-0.1875  -0.283942
0.21875  -0.446022
-0.09375  -0.607006
0.0625  -0.570802
0.125  -0.33277
-0.09375  -0.720351
0.15625  -0.559572
0  -0.682986
0.25  -0.578917
0.09375  -0.432287
0.21875  -0.412231
-0.09375  -0.559882
0.28125  -0.666319
-0.09375  -0.516759
-0.0625  -0.488074
0.125  -0.718851
0.0625  -0.291818
0.1875  -0.469092
-0.03125  -0.669006
-0.1875  -0.463736
0.15625  -0.429945
-0.0625  -0.39872
0.03125  -0.631024
-0.09375  -0.479148
-0.03125  -0.448952
0  -0.548586
-0.03125  -0.486648
-0.15625  -0.457166
0.125  -0.715361
0  -0.450797
0  -0.575942
-0.21875  -0.54592
-0.03125  -0.64499
0.125  -0.218958
0.03125  -0.634237
-0.1875  -0.387515
-0.0625  -0.357793
0  -0.409188
-0.125  -0.492108
-0.03125  -0.443331
0.03125  -0.391087
0.125  -0.550782
0  -0.58339
-0.15625  -0.431015
0.1875  -0.466933
-0.21875  -0.327595
0.03125  -0.221657
-0.15625  -0.556759
-0.0625  -0.443425
0.125  -0.217133
0.125  -0.509917
0.25  -0.530474
0.0625  -0.533383
-0.03125  -0.605013
-0.03125  -0.534792
-0.125  -0.416069
-0.09375  -0.536425
0.15625  -0.530084
-0.09375  -0.333788
0.0625  -0.478768
-0.0625  -0.319722
0.15625  -0.587707
-0.09375  -0.542102
0.15625  -0.533606
-0.125  -0.450482
-0.03125  -0.450092
-0.03125  -0.577405
-0.0625  -0.426337
0.15625  -0.57277
-0.03125  -0.335095
0.0625  -0.537639
-0.09375  -0.495659
-0.09375  -0.546691
0  -0.573678
0.03125  -0.730413
-0.03125  -0.687494
-0.34375  -0.533149
-0.09375  -0.770356
-0.09375  -0.335354
-0.125  -0.553388
0.09375  -0.589117
0  -0.46085
0.3125  -0.612328
-0.03125  -0.662663
0.1875  -0.34279
0.21875  -0.421776
0.25  -0.373439
-0.1875  -0.428034
-0.0625  -0.64221
0  -0.326665
-0.0625  -0.541265
-0.0625  -0.409443
0.09375  -0.243491
-0.09375  -0.462413
0.09375  -0.68295
-0.25  -0.618579
-0.09375  -0.565391
-0.03125  -0.802326
0.03125  -0.488405
0.0625  -0.359436
-0.125  -0.562548
-0.03125  -0.297611
-0.125  -0.574948
-0.09375  -0.515264
0  -0.515977
0.09375  -0.513165
-0.15625  -0.528309
-0.09375  -0.504395
-0.25  -0.516878
-0.03125  -0.46885
-0.21875  -0.642247
0.03125  -0.258312
-0.03125  -0.576725
-0.0625  -0.408302
-0.0625  -0.561639
-0.125  -0.668251
-0.21875  -0.418516
-0.0625  -0.464009
0  -0.521582
-0.125  -0.573565
-0.03125  -0.471377
-0.21875  -0.554166
0.25  -0.431227
0  -0.601942
0.0625  -0.332921
0.1875  -0.388561
-0.0625  -0.655021
-0.34375  -0.404319
0.0625  -0.465944
0.1875  -0.414356
-0.03125  -0.327496
-0.09375  -0.500507
0.03125  -0.513623
-0.15625  -0.582294
-0.09375  -0.462822
0  -0.354777
-0.0625  -0.528355
-0.03125  -0.626063
0.125  -0.434386
0  -0.433607
0  -0.602252
-0.15625  -0.342087
0.0625  -0.446217
-0.03125  -0.594202
-0.0625  -0.610001
0.21875  -0.36298
0.0625  -0.537167
0.15625  -0.433475
-0.0625  -0.628172
0.15625  -0.642064
-0.09375  -0.57978
0.03125  -0.568024
0.03125  -0.590935
0.0625  -0.443412
0.03125  -0.524009
-0.09375  -0.292689
-0.125  -0.541194
-0.03125  -0.456695
0.03125  -0.528729
0.03125  -0.584989
-0.09375  -0.48526
0.21875  -0.52128
-0.125  -0.281852
-0.1875  -0.572029
-0.0625  -0.380911
0.0625  -0.556717
0.25  -0.372807
-0.03125  -0.403513
0  -0.501861
-0.03125  -0.532493
-0.03125  -0.597521
0.21875  -0.558295
0  -0.699538
-0.15625  -0.391685
0.15625  -0.536211
0.0625  -0.57222
-0.125  -0.548948
-0.0625  -0.72464
0.09375  -0.59387
-0.09375  -0.436735
-0.09375  -0.454907
0  -0.778609
0  -0.665833
0.15625  -0.404387
0.0625  -0.532013
0.0625  -0.320874
0.21875  -0.227247
-0.21875  -0.464098
0.125  -0.326495
0  -0.659419
-0.125  -0.459884
0.0625  -0.63242
0  -0.486098
0.0625  -0.464592
-0.28125  -0.517985
-0.03125  -0.365406
0.21875  -0.381097
0.21875  -0.427019
-0.125  -0.437152
-0.1875  -0.555098
-0.03125  -0.393578
0.0625  -0.566963
0  -0.701594
-0.03125  -0.367141
-0.09375  -0.475851
-0.0625  -0.765109
0  -0.501781
-0.1875  -0.484882
-0.03125  -0.455013
0.25  -0.594746
-0.0625  -0.444323
0.21875  -0.416081
0.03125  -0.466277
0.28125  -0.671644
-0.125  -0.550898
-0.09375  -0.393875
0.0625  -0.440161
-0.03125  -0.617862
0  -0.544978
-0.15625  -0.521755
0  -0.635861
0.0625  -0.280911
0.15625  -0.458866
0  -0.376625
-0.1875  -0.578542
0.03125  -0.390934
0.15625  -0.604615
0.125  -0.565168
-0.1875  -0.393855
-0.125  -0.572502
-0.125  -0.498797
0.125  -0.538618
0.125  -0.370445
0.03125  -0.600939
0.09375  -0.525667
-0.09375  -0.49595
-0.125  -0.554277
0.09375  -0.590517
0.15625  -0.352045
0.1875  -0.557255
-0.0625  -0.333049
-0.1875  -0.515159
0.09375  -0.541615
0.21875  -0.633497
-0.03125  -0.396169
0.09375  -0.510289
-0.03125  -0.318081
0.03125  -0.452603
-0.125  -0.612241
0.125  -0.294855
-0.125  -0.645744
0.125  -0.604934
-0.0625  -0.499956
0  -0.506141
0.1875  -0.539204
0.09375  -0.428754
-0.1875  -0.337111
0.09375  -0.662113
-0.03125  -0.356542
-0.0625  -0.390057
-0.09375  -0.506326
0.1875  -0.54827
-0.09375  -0.564152
0.03125  -0.501509
-0.125  -0.704368
0.03125  -0.394449
-0.03125  -0.550624
-0.0625  -0.477674
-0.21875  -0.511172
0.09375  -0.509808
0.03125  -0.639192
-0.03125  -0.513609
0.34375  -0.521917
0  -0.327532
-0.15625  -0.373592
0.09375  -0.565784
-0.25  -0.629154
-0.21875  -0.24416
-0.1875  -0.421445
0.0625  -0.464199
0.1875  -0.451855
0.03125  -0.499193
0.28125  -0.474652
0  -0.633428
0  -0.399773
0.03125  -0.477692
0.125  -0.472228
0.0625  -0.426958
-0.03125  -0.354068
0.15625  -0.619494
0.25  -0.534965
-0.125  -0.468741
0.0625  -0.651811
-0.03125  -0.707513
-0.03125  -0.456453
0  -0.515921
0.03125  -0.445435
-0.15625  -0.657396
0.21875  -0.403822
-0.125  -0.468758
-0.09375  -0.487465
0.1875  -0.375015
0.0625  -0.606159
-0.28125  -0.470519
-0.125  -0.526087
0.0625  -0.652782
-0.03125  -0.434648
0.0625  -0.421336
0.03125  -0.49494
-0.09375  -0.432853
-0.125  -0.442832
0.15625  -0.538814
-0.125  -0.302782
0.03125  -0.636258
0.09375  -0.543425
0  -0.579585
-0.0625  -0.360439
-0.1875  -0.436589
0.125  -0.293664
-0.03125  -0.492777
0.1875  -0.602378
0.125  -0.424326
0.09375  -0.539021
-0.125  -0.53038
0.1875  -0.575413
-0.21875  -0.484048
-0.03125  -0.529775
0.1875  -0.493596
0.34375  -0.544461
0.21875  -0.568587
0.125  -0.526225
-0.125  -0.33778
0  -0.551782
0.09375  -0.455374
-0.0625  -0.623498
-0.09375  -0.458694
-0.0625  -0.537122
-0.09375  -0.316048
-0.1875  -0.568167
-0.03125  -0.711997
-0.25  -0.309192
-0.03125  -0.72189
0.15625  -0.680047
0.1875  -0.695916
0.3125  -0.576571
-0.03125  -0.509781
0.03125  -0.351734
-0.09375  -0.394762
-0.1875  -0.491156
-0.09375  -0.567003
0.03125  -0.495074
-0.125  -0.632658
-0.0625  -0.468554
-0.0625  -0.50338
0.125  -0.381737
0  -0.635481
0  -0.293585
-0.09375  -0.560241
-0.03125  -0.526742
0.25  -0.49438
-0.21875  -0.559193
0.125  -0.645422
-0.0625  -0.446119
0.25  -0.502536
-0.125  -0.337719
-0.09375  -0.369689
0.1875  -0.498606
-0.09375  -0.590896
-0.125  -0.606718
-0.25  -0.419603
-0.1875  -0.386143
0  -0.588456
0.09375  -0.581538
-0.15625  -0.432669
-0.125  -0.45604
0.09375  -0.572698
0.09375  -0.464462
0.0625  -0.562999
0.125  -0.563575
0.09375  -0.537358
0.15625  -0.552518
-0.3125  -0.519811
0.125  -0.560439
0.1875  -0.426496
0.03125  -0.437669
-0.09375  -0.653864
-0.0625  -0.491638
0.03125  -0.325294
-0.03125  -0.538334
-0.09375  -0.418615
0  -0.570954
0.0625  -0.526744
-0.09375  -0.486332
0  -0.519945
-0.0625  -0.414066
-0.15625  -0.503928
0.03125  -0.671102
-0.375  -0.664612
-0.125  -0.42408
-0.03125  -0.471115
-0.09375  -0.551214
-0.3125  -0.612961
-0.03125  -0.525242
-0.09375  -0.433881
-0.0625  -0.558789
-0.09375  -0.686854
-0.125  -0.417293
0.125  -0.621653
-0.03125  -0.606297
0.09375  -0.415553
0.03125  -0.496983
-0.0625  -0.68682
-0.03125  -0.681452
0.09375  -0.701146
-0.1875  -0.589285
0  -0.6653
-0.0625  -0.556797
-0.28125  -0.422302
0.0625  -0.506697
0.125  -0.629968
0.09375  -0.410186
0.125  -0.589693
-0.09375  -0.474173
-0.03125  -0.45051
0  -0.633528
-0.15625  -0.364059
-0.03125  -0.436885
0.0625  -0.437994
0.125  -0.578538
0  -0.374932
0.21875  -0.345267
-0.09375  -0.562631
0.03125  -0.555135
-0.15625  -0.586118
0.09375  -0.4906
0.03125  -0.484773
0.125  -0.591096
0.03125  -0.446546
-0.125  -0.655221
-0.0625  -0.500672
0.0625  -0.51739
0.21875  -0.60639
0.09375  -0.486116
0.0625  -0.267842
-0.25  -0.381464
-0.125  -0.308874
0.03125  -0.491251
0.0625  -0.659377
-0.03125  -0.549038
0.03125  -0.486777
-0.03125  -0.604694
-0.03125  -0.62637
-0.25  -0.21632
-0.09375  -0.734557
0.03125  -0.458836
0.03125  -0.583807
-0.09375  -0.608397
0.09375  -0.457464
-0.09375  -0.47564
-0.0625  -0.426733
0.0625  -0.258438
0  -0.476975
0.03125  -0.484165
0.03125  -0.430664
0.125  -0.589034
0.03125  -0.384376
0.125  -0.444924
0.15625  -0.67601
-0.03125  -0.292599
-0.1875  -0.405765
-0.15625  -0.408817
0.03125  -0.537994
0.0625  -0.307209
-0.09375  -0.387315
-0.21875  -0.487552
0.1875  -0.653472
0.125  -0.384775
-0.0625  -0.59014
-0.15625  -0.441806
0.3125  -0.507285
0.1875  -0.304414
0.21875  -0.558163
-0.125  -0.421507
0.09375  -0.487328
0.0625  -0.554095
0.125  -0.588404
0.15625  -0.820817
-0.1875  -0.404149
-0.21875  -0.487992
0  -0.309967
-0.03125  -0.477774
-0.25  -0.359917
0.15625  -0.558427
0.09375  -0.410722
0  -0.512395
-0.03125  -0.270536
0.125  -0.564879
0.0625  -0.368894
0.0625  -0.503262
-0.15625  -0.480865
0.15625  -0.655934
0.03125  -0.738186
-0.28125  -0.378316
0  -0.523351
0.0625  -0.544658
0.0625  -0.510101
-0.0625  -0.49075
-0.125  -0.470495
0.1875  -0.432324
-0.1875  -0.438154
-0.03125  -0.417018
-0.1875  -0.604301
0.0625  -0.468835
0.03125  -0.662287
-0.03125  -0.481306
0.03125  -0.533465
-0.125  -0.63266
-0.125  -0.612813
-0.3125  -0.485547
-0.09375  -0.718053
0.125  -0.365933
0.0625  -0.616085
-0.0625  -0.267387
0.1875  -0.420082
-0.0625  -0.226632
0.21875  -0.651439
0.03125  -0.379964
0.03125  -0.550109
-0.3125  -0.70808
0  -0.428037
0.09375  -0.390959
0  -0.49629
-0.21875  -0.56526
0.09375  -0.344669
0.125  -0.494719
-0.125  -0.470226
0.03125  -0.443567
-0.125  -0.489233
0  -0.618773
-0.0625  -0.273921
-0.28125  -0.605736
-0.25  -0.680894
0.125  -0.472485
-0.03125  -0.396449
0.0625  -0.469246
0.03125  -0.417105
0.0625  -0.560649
0.09375  -0.667635
0.09375  -0.461355
0.15625  -0.172098
-0.09375  -0.607817
0.15625  -0.457374
-0.09375  -0.416954
0.15625  -0.595308
-0.125  -0.323608
-0.09375  -0.290298
-0.09375  -0.281712
0  -0.608831
-0.15625  -0.501264
0.125  -0.49715
-0.03125  -0.576707
-0.03125  -0.542907
0.09375  -0.464845
0.15625  -0.573615
0.125  -0.444793
-0.15625  -0.621517
0  -0.633894
-0.03125  -0.489603
-0.21875  -0.527046
0.03125  -0.4901
0.0625  -0.611244
0.03125  -0.373711
-0.15625  -0.282189
-0.21875  -0.46843
0  -0.412422
-0.15625  -0.486131
-0.0625  -0.43731
-0.1875  -0.548856
-0.125  -0.540592
-0.03125  -0.58332
-0.125  -0.31219
-0.0625  -0.596427
-0.125  -0.373653
-0.09375  -0.474507
-0.1875  -0.589432
0  -0.388703
-0.0625  -0.0762763
0.03125  -0.552825
0.03125  -0.337623
0  -0.377062
-0.09375  -0.485067
0.0625  -0.516519
0.09375  -0.387884
-0.03125  -0.452444
-0.09375  -0.448001
-0.03125  -0.377178
-0.09375  -0.617067
-0.25  -0.465251
0  -0.413377
-0.25  -0.369833
0  -0.403502
0.03125  -0.533506
0.03125  -0.473216
-0.09375  -0.586509
-0.125  -0.410117
0  -0.427446
-0.0625  -0.390392
0.03125  -0.371154
0.03125  -0.36949
-0.125  -0.652616
0.125  -0.291471
0.21875  -0.406743
0.1875  -0.72556
-0.15625  -0.400123
0  -0.430264
-0.09375  -0.501688
0.21875  -0.691147
-0.1875  -0.520079
-0.03125  -0.737945
0.09375  -0.592164
0.25  -0.556922
-0.15625  -0.398209
0.0625  -0.428607
0  -0.660437
0.0625  -0.337678
0.03125  -0.476878
-0.1875  -0.43386
-0.03125  -0.575535
-0.0625  -0.576961
0.03125  -0.275662
-0.0625  -0.58168
-0.125  -0.428276
-0.03125  -0.63963
-0.09375  -0.533451
0.09375  -0.632847
-0.3125  -0.385389
-0.0625  -0.553526
-0.03125  -0.330266
0.0625  -0.731875
0.125  -0.446321
-0.125  -0.428005
0  -0.335019
-0.03125  -0.446834
0.03125  -0.500719
0.25  -0.455318
-0.0625  -0.617683
-0.0625  -0.475801
-0.125  -0.691205
-0.09375  -0.539243
-0.125  -0.538674
0.125  -0.487312
0.28125  -0.320996
-0.125  -0.585977
-0.0625  -0.577124
-0.0625  -0.522158
-0.09375  -0.46382
0.09375  -0.387832
0.0625  -0.432641
0.15625  -0.488396
0.15625  -0.773562
-0.03125  -0.572919
-0.0625  -0.691687
0.15625  -0.256411
0.09375  -0.492793
0.09375  -0.438485
0.0625  -0.414562
0.15625  -0.654662
0.03125  -0.589379
-0.28125  -0.353738
0.1875  -0.644234
-0.1875  -0.481148
0.03125  -0.465498
0  -0.427288
-0.0625  -0.497854
0  -0.599788
-0.125  -0.540066
0.0625  -0.459562
-0.125  -0.611815
-0.03125  -0.53819
-0.09375  -0.506773
0.09375  -0.475137
-0.03125  -0.54705
0.09375  -0.410044
-0.03125  -0.54274
0.3125  -0.343596
-0.09375  -0.383464
0.125  -0.73733
0.0625  -0.6122
-0.0625  -0.463166
0.03125  -0.455087
0.28125  -0.53759
0.03125  -0.642436
0  -0.397449
-0.09375  -0.567938
0.1875  -0.35036
0.03125  -0.361756
0.03125  -0.503049
0.3125  -0.3293
0.0625  -0.537846
0.09375  -0.461023
0.0625  -0.553813
-0.03125  -0.418907
0.15625  -0.424832
0.0625  -0.426334
0.03125  -0.423785
0.0625  -0.425017
-0.03125  -0.565613
0.03125  -0.729026
0  -0.561112
0.125  -0.489314
-0.09375  -0.50598
0.0625  -0.471788
-0.0625  -0.413999
-0.21875  -0.410232
0.03125  -0.585251
0.28125  -0.232012
-0.0625  -0.584258
0.03125  -0.446382
-0.28125  -0.647408
0.125  -0.75502
-0.0625  -0.588549
0.15625  -0.279097
0.0625  -0.570556
-0.21875  -0.608154
-0.0625  -0.498498
0.0625  -0.23844
-0.09375  -0.444977
-0.09375  -0.461093
0.03125  -0.610953
0.03125  -0.486689
0.09375  -0.430108
-0.125  -0.536234
-0.25  -0.35674
0  -0.555323
0.09375  -0.485459
0.0625  -0.459517
0.125  -0.496117
0.03125  -0.342178
0  -0.580109
0.03125  -0.351239
0.0625  -0.416921
0.03125  -0.437789
0  -0.420245
-0.03125  -0.175494
0.03125  -0.521146
0.125  -0.635155
-0.0625  -0.693165
0.15625  -0.348237
-0.0625  -0.560652
0.15625  -0.522
0.1875  -0.380335
0.0625  -0.41249
-0.09375  -0.560249
0.21875  -0.41592
0.03125  -0.485245
-0.15625  -0.59762
0.03125  -0.371521
-0.09375  -0.54866
0.0625  -0.251722
-0.125  -0.44745
-0.09375  -0.235163
-0.125  -0.4096
-0.0625  -0.231943
-0.09375  -0.460755
-0.03125  -0.336234
0  -0.404256
-0.125  -0.436472
-0.0625  -0.483996
-0.03125  -0.497143
0.125  -0.353985
-0.25  -0.300217
0  -0.56098
0.15625  -0.525118
0.25  -0.606787
0.1875  -0.760705
0  -0.409066
0.1875  -0.527726
0.15625  -0.496541
-0.0625  -0.387023
0.03125  -0.399757
-0.15625  -0.336391
0.0625  -0.596951
-0.0625  -0.657692
-0.09375  -0.542487
-0.03125  -0.360821
-0.21875  -0.529637
0.09375  -0.402259
-0.1875  -0.607329
-0.09375  -0.433484
0  -0.477017
0.125  -0.552906
-0.0625  -0.653716
0.0625  -0.612879
-0.15625  -0.409731
-0.0625  -0.528477
-0.09375  -0.522397
-0.0625  -0.66018
0.1875  -0.474514
0.03125  -0.512371
-0.03125  -0.448041
0.21875  -0.503602
0.125  -0.471337
0  -0.559995
0.03125  -0.768796
-0.09375  -0.454256
0  -0.533317
-0.0625  -0.475105
-0.09375  -0.706293
0.21875  -0.495077
0.15625  -0.445661
-0.09375  -0.69419
-0.0625  -0.357374
-0.0625  -0.210193
-0.1875  -0.622747
0.03125  -0.567244
0.25  -0.652287
-0.0625  -0.523739
-0.125  -0.649128
0.03125  -0.465984
0.25  -0.578551
0.15625  -0.222692
-0.21875  -0.286094
0.125  -0.498057
-0.0625  -0.553084
0.125  -0.583966
-0.125  -0.603252
0.28125  -0.602132
0  -0.662461
0.125  -0.544938
-0.03125  -0.392946
-0.09375  -0.421032
-0.21875  -0.617252
0.1875  -0.402087
0.125  -0.695239
0.125  -0.405554
-0.03125  -0.630293
0.125  -0.608936
0.09375  -0.694941
0.09375  -0.66481
0.1875  -0.330453
0.1875  -0.41313
0  -0.873946
0.25  -0.539145
0.1875  -0.405952
0.0625  -0.720533
-0.0625  -0.63942
-0.09375  -0.397893
0.0625  -0.454271
-0.0625  -0.551243
0.03125  -0.547163
-0.0625  -0.410687
0.09375  -0.542957
-0.03125  -0.511018
0  -0.509482
-0.09375  -0.404367
0.03125  -0.509368
-0.03125  -0.48816
-0.03125  -0.507805
0.21875  -0.373123
0.15625  -0.601446
0.125  -0.485999
0.15625  -0.452469
0.21875  -0.512068
0  -0.336771
0  -0.355759
-0.0625  -0.539191
0.34375  -0.405665
0.125  -0.41513
-0.03125  -0.384482
-0.03125  -0.512753
0.03125  -0.454572
0  -0.479607
-0.03125  -0.48089
-0.15625  -0.614247
-0.09375  -0.578723
0.0625  -0.56072
-0.21875  -0.363772
0.15625  -0.689813
-0.03125  -0.465323
0.0625  -0.385637
-0.0625  -0.446975
0.25  -0.570781
0.0625  -0.638742
0.28125  -0.499916
-0.0625  -0.548726
0.03125  -0.390744
-0.125  -0.393875
0.03125  -0.463468
-0.25  -0.511708
0  -0.589018
0.09375  -0.705728
-0.03125  -0.309865
-0.09375  -0.665791
0.0625  -0.373051
-0.0625  -0.593906
-0.125  -0.338156
0  -0.530263
-0.0625  -0.536704
0.0625  -0.425016
0.09375  -0.526391
0.09375  -0.181967
-0.09375  -0.488138
-0.03125  -0.455839
0.3125  -0.45633
0.21875  -0.52451
0.0625  -0.62844
-0.21875  -0.612022
0.25  -0.466625
-0.09375  -0.45309
0.15625  -0.485534
-0.03125  -0.54296
-0.09375  -0.420368
0.15625  -0.422207
0.09375  -0.676576
-0.25  -0.51733
-0.03125  -0.389298
-0.09375  -0.451185
0.1875  -0.581526
-0.0625  -0.475215
-0.03125  -0.549709
0  -0.585102
0.03125  -0.322547
0.03125  -0.610125
0.09375  -0.632061
-0.15625  -0.525169
0.03125  -0.478736
0.0625  -0.498523
-0.125  -0.523519
-0.0625  -0.665739
0.0625  -0.628969
0  -0.379578
0.0625  -0.559567
-0.09375  -0.510136
-0.3125  -0.527243
0.09375  -0.47325
-0.03125  -0.352241
0.03125  -0.495068
-0.03125  -0.5098
-0.0625  -0.594235
-0.03125  -0.663095
0  -0.569936
-0.03125  -0.477774
0.21875  -0.510196
0.03125  -0.461316
0.0625  -0.302627
0.03125  -0.424079
0.125  -0.403701
-0.03125  -0.571665
0  -0.642499
0  -0.366776
-0.125  -0.593041
0.125  -0.374828
0.0625  -0.57168
0.03125  -0.501286
0.0625  -0.527005
0.1875  -0.590501
0.1875  -0.593765
0.0625  -0.43676
-0.03125  -0.599848
0.125  -0.476741
0.0625  -0.46582
0.28125  -0.273513
-0.03125  -0.532335
0.125  -0.433369
-0.28125  -0.470799
0.34375  -0.596913
0  -0.639968
0.03125  -0.381151
0.125  -0.627684
-0.09375  -0.535308
0.21875  -0.443515
-0.0625  -0.746036
-0.0625  -0.388048
0.09375  -0.384467
0.09375  -0.441589
0.25  -0.484222
-0.0625  -0.329318
0.125  -0.343976
-0.03125  -0.45787
-0.03125  -0.349596
-0.03125  -0.484557
-0.1875  -0.443728
-0.0625  -0.732229
-0.1875  -0.579575
0.09375  -0.609005
0.125  -0.576044
0.21875  -0.471386
0.09375  -0.620228
-0.09375  -0.503153
-0.125  -0.69435
0.15625  -0.507869
0.03125  -0.497627
-0.03125  -0.547287
-0.125  -0.450959
-0.09375  -0.599285
-0.25  -0.50933
0.125  -0.667915
0  -0.473826
0  -0.461945
0.03125  -0.279022
-0.0625  -0.295428
-0.28125  -0.429825
0.0625  -0.507828
-0.03125  -0.453456
-0.0625  -0.264919
-0.09375  -0.569189
0.0625  -0.426328
0  -0.682406
-0.0625  -0.619331
-0.25  -0.432575
-0.03125  -0.636022
0.0625  -0.441478
-0.25  -0.597961
-0.03125  -0.409759
0.125  -0.419579
0.21875  -0.41574
-0.0625  -0.330377
-0.34375  -0.633255
-0.0625  -0.82001
0.0625  -0.4354
0.15625  -0.369304
0.15625  -0.592275
-0.15625  -0.167512
-0.1875  -0.236467
-0.1875  -0.695049
-0.125  -0.481892
0.03125  -0.677423
0.09375  -0.580059
-0.1875  -0.546397
-0.03125  -0.615097
0.1875  -0.44777
-0.1875  -0.46021
-0.125  -0.61757
0  -0.453776
0.125  -0.427329
0.09375  -0.380491
0.0625  -0.65597
0.03125  -0.465983
0.03125  -0.443112
0.03125  -0.620727
0  -0.573587
0.125  -0.526422
-0.21875  -0.583322
0.1875  -0.525445
0.15625  -0.609705
0.03125  -0.592957
0  -0.708816
0.03125  -0.411513
-0.03125  -0.497852
-0.125  -0.394894
-0.03125  -0.416207
0.25  -0.432659
-0.0625  -0.364736
0.1875  -0.438523
-0.09375  -0.242083
0.25  -0.609271
-0.125  -0.657163
-0.15625  -0.361148
0.09375  -0.467998
-0.15625  -0.327218
0.0625  -0.489756
0.0625  -0.493003
0.21875  -0.435851
-0.25  -0.373884
-0.0625  -0.57545
0.125  -0.654787
0  -0.388979
0.03125  -0.419247
-0.3125  -0.363324
-0.03125  -0.587932
0.03125  -0.645171
-0.125  -0.480133
0  -0.472929
0.0625  -0.588947
-0.03125  -0.599764
-0.03125  -0.455873
0.125  -0.345229
0.03125  -0.362445
0.03125  -0.646123
-0.15625  -0.533804
-0.0625  -0.626429
-0.1875  -0.434796
-0.1875  -0.495143
-0.03125  -0.482526
-0.0625  -0.367223
0.0625  -0.499127
0.0625  -0.427133
0.125  -0.447384
0.21875  -0.593562
-0.125  -0.603381
0  -0.396361
-0.09375  -0.632048
0.125  -0.285464
0  -0.398131
0.15625  -0.406166
-0.15625  -0.615267
-0.125  -0.423775
-0.125  -0.518458
-0.09375  -0.573421
0.125  -0.504122
0  -0.536302
0  -0.475588
-0.0625  -0.376142
0.03125  -0.659981
-0.03125  -0.276551
0.125  -0.554787
-0.1875  -0.500975
-0.1875  -0.478497
0.09375  -0.540824
-0.125  -0.588952
-0.0625  -0.63634
-0.09375  -0.446541
-0.15625  -0.434675
-0.0625  -0.49076
0.15625  -0.594652
0.03125  -0.583299
0  -0.580765
0.03125  -0.524469
0.0625  -0.527346
0  -0.568522
-0.0625  -0.299552
0.28125  -0.452715
0.25  -0.416164
0.21875  -0.642198
0.03125  -0.64918
-0.03125  -0.574503
0.09375  -0.602166
-0.1875  -0.731771
0.125  -0.456199
0.0625  -0.507371
0.0625  -0.3308
-0.03125  -0.594442
0.03125  -0.653675
0.125  -0.543952
-0.09375  -0.56026
0.15625  -0.482657
0  -0.440295
0.09375  -0.565516
0.1875  -0.507371
-0.0625  -0.617137
0.03125  -0.411266
0  -0.507969
0.0625  -0.472
0.21875  -0.582052
0.03125  -0.534898
0.3125  -0.531962
-0.03125  -0.475053
-0.03125  -0.365735
-0.03125  -0.198036
-0.09375  -0.557545
-0.0625  -0.463772
0  -0.631084
-0.03125  -0.411811
-0.03125  -0.370491
0.03125  -0.530436
-0.03125  -0.516221
0.03125  -0.449422
-0.09375  -0.460731
0.15625  -0.558694
-0.03125  -0.463925
-0.03125  -0.364131
-0.0625  -0.448561
-0.125  -0.456973
-0.15625  -0.469333
-0.125  -0.330831
0.1875  -0.540978
0  -0.40676
0.0625  -0.565788
0.15625  -0.555985
-0.25  -0.425509
0.09375  -0.529389
0.15625  -0.343939
-0.125  -0.351906
0.0625  -0.381056
0  -0.509213
0.28125  -0.458483
0.09375  -0.462004
-0.03125  -0.438405
0.125  -0.53764
0.03125  -0.709576
-0.0625  -0.434388
0.15625  -0.610719
-0.1875  -0.274709
0.0625  -0.43507
0.0625  -0.287721
0.0625  -0.50915
0.1875  -0.488783
0.03125  -0.691425
0.09375  -0.518138
0.03125  -0.314509
-0.0625  -0.598788
0.25  -0.487505
-0.1875  -0.227823
0.25  -0.488776
0.125  -0.396131
-0.125  -0.534697
-0.15625  -0.499186
-0.03125  -0.325712
-0.09375  -0.497602
-0.09375  -0.53993
0.03125  -0.497224
0.0625  -0.455567
0.03125  -0.57369
0.0625  -0.458097
0.0625  -0.473303
-0.03125  -0.518018
0  -0.409325
0.125  -0.644322
0  -0.746531
0.3125  -0.464827
0  -0.635298
0.15625  -0.472132
-0.15625  -0.697329
0.03125  -0.598276
-0.03125  -0.637787
0.125  -0.568011
0.0625  -0.394057
-0.0625  -0.616607
-0.09375  -0.530081
-0.09375  -0.464176
-0.0625  -0.508687
0  -0.425893
0.0625  -0.806622
-0.1875  -0.614415
0.0625  -0.400263
0.03125  -0.635513
-0.03125  -0.673019
-0.125  -0.438367
0.15625  -0.412508
0.125  -0.276731
-0.0625  -0.498626
-0.0625  -0.331937
0.1875  -0.422271
0.0625  -0.639185
0.09375  -0.629555
0.125  -0.432158
-0.03125  -0.515794
0  -0.620928
0.0625  -0.452359
-0.0625  -0.55452
0.1875  -0.422066
-0.03125  -0.266049
0.21875  -0.604132
0.0625  -0.570053
-0.125  -0.423927
0.03125  -0.422282
0  -0.565046
-0.03125  -0.614118
0.03125  -0.623639
0.25  -0.520228
0.15625  -0.566052
-0.125  -0.577469
0.125  -0.417111
0.0625  -0.503845
0.09375  -0.590923
0.125  -0.714019
0.125  -0.430499
-0.15625  -0.294226
0.21875  -0.544773
0.0625  -0.52737
0.09375  -0.54313
-0.15625  -0.324672
0.15625  -0.402455
0.03125  -0.543463
-0.25  -0.299427
-0.09375  -0.577272
0.25  -0.455685
-0.09375  -0.14027
-0.0625  -0.340441
0.125  -0.590824
0.125  -0.662745
0.03125  -0.426328
0.21875  -0.485473
0.09375  -0.470744
0.1875  -0.564611
-0.03125  -0.409868
0.125  -0.494964
-0.21875  -0.496977
0.0625  -0.560186
-0.03125  -0.325918
-0.15625  -0.560471
-0.09375  -0.588503
-0.03125  -0.589212
0  -0.434187
0  -0.348884
0.25  -0.562112
-0.03125  -0.405437
0.09375  -0.605289
-0.03125  -0.435979
0.09375  -0.695739
0  -0.402868
0  -0.43642
0.125  -0.424007
0.21875  -0.564528
0.1875  -0.312169
-0.15625  -0.550892
-0.0625  -0.509903
0.21875  -0.730044
0.0625  -0.623349
0.09375  -0.480069
0  -0.464168
-0.125  -0.561236
0.09375  -0.53277
-0.28125  -0.326323
-0.1875  -0.487817
0  -0.498656
0.03125  -0.620759
-0.21875  -0.529765
-0.0625  -0.698724
0.125  -0.328571
0.09375  -0.427563
0.09375  -0.614296
-0.15625  -0.724504
-0.1875  -0.490585
-0.03125  -0.698366
0.1875  -0.524208
0.03125  -0.54718
0.21875  -0.215843
0.0625  -0.656866
0.0625  -0.556335
-0.0625  -0.536762
-0.125  -0.680106
-0.15625  -0.57521
0  -0.552376
0.15625  -0.264358
-0.09375  -0.520227
0.25  -0.414956
-0.0625  -0.32153
0.09375  -0.476166
-0.03125  -0.544366
0.125  -0.331023
-0.09375  -0.652014
0.125  -0.655501
0.09375  -0.333537
-0.15625  -0.599455
0.09375  -0.510785
0  -0.552683
0.0625  -0.472098
0.15625  -0.595643
0.1875  -0.455995
-0.03125  -0.542613
0.125  -0.299691
0  -0.540112
-0.0625  -0.371753
0.0625  -0.71134
-0.15625  -0.581713
0.125  -0.466879
-0.125  -0.481389
0.1875  -0.503499
-0.09375  -0.658907
0.15625  -0.541282
-0.03125  -0.635516
0.0625  -0.440155
-0.15625  -0.365983
0.09375  -0.572087
0.25  -0.678252
-0.125  -0.42327
-0.03125  -0.500635
0.03125  -0.399503
0.03125  -0.365661
-0.0625  -0.835551
0.0625  -0.716486
0.09375  -0.537847
-0.15625  -0.397198
-0.03125  -0.432537
-0.125  -0.535572
0.03125  -0.657993
0.21875  -0.400211
-0.09375  -0.330385
0.3125  -0.411233
0.09375  -0.375365
-0.09375  -0.677801
0.03125  -0.649686
0.0625  -0.575324
0.125  -0.709332
0.03125  -0.318989
-0.125  -0.523877
0  -0.60858
0.09375  -0.375004
0.09375  -0.430154
0.21875  -0.614135
-0.09375  -0.409954
0.03125  -0.60809
-0.0625  -0.441415
-0.28125  -0.567145
-0.0625  -0.597802
0.03125  -0.610893
0  -0.515196
0.03125  -0.611694
0.03125  -0.352135
0.21875  -0.72116
-0.28125  -0.339506
0.09375  -0.600444
-0.09375  -0.528665
0.25  -0.553751
-0.15625  -0.561037
-0.03125  -0.547748
0.125  -0.617386
0.03125  -0.525726
0.09375  -0.689118
0.1875  -0.448357
-0.03125  -0.642441
0.15625  -0.643649
0.15625  -0.748891
0.25  -0.511446
0.125  -0.474328
-0.125  -0.419293
-0.21875  -0.283825
0.125  -0.448744
0.0625  -0.555066
0.09375  -0.579362
0  -0.60148
0.25  -0.204583
-0.34375  -0.670744
0.03125  -0.278185
-0.0625  -0.679112
0.28125  -0.496362
-0.1875  -0.804768
0.0625  -0.614708
0.09375  -0.291696
0.09375  -0.424376
-0.09375  -0.660361
0.125  -0.424153
0.0625  -0.540278
-0.21875  -0.700699
0  -0.521311
-0.0625  -0.592824
-0.15625  -0.49938
0.1875  -0.505354
-0.09375  -0.554938
0.03125  -0.446074
-0.125  -0.541181
-0.1875  -0.515014
0.25  -0.431436
0.03125  -0.487827
-0.03125  -0.333571
0  -0.665228
0.125  -0.618945
0.03125  -0.443935
-0.125  -0.398732
0  -0.508023
-0.1875  -0.433236
0.03125  -0.708694
-0.0625  -0.559153
0.03125  -0.502269
0.15625  -0.615209
0.15625  -0.573686
-0.125  -0.320887
0.03125  -0.572527
0  -0.715813
0  -0.358077
0.03125  -0.4024
0.0625  -0.515821
-0.0625  -0.666302
0.125  -0.675025
-0.03125  -0.284267
-0.3125  -0.433208
-0.1875  -0.356487
-0.09375  -0.518959
0.21875  -0.384149
0.0625  -0.398449
-0.03125  -0.361131
0  -0.489329
-0.03125  -0.456481
0.0625  -0.41618
-0.125  -0.477511
0.15625  -0.371031
0.03125  -0.470719
0  -0.688216
0.125  -0.53489
-0.1875  -0.272749
-0.15625  -0.292255
-0.21875  -0.415407
-0.03125  -0.500081
-0.21875  -0.529968
0.0625  -0.650377
0.03125  -0.313765
0.15625  -0.41769
0.03125  -0.500974
-0.03125  -0.366751
-0.1875  -0.614016
0.03125  -0.504004
-0.125  -0.5308
-0.1875  -0.622208
-0.3125  -0.69346
-0.0625  -0.742803
-0.15625  -0.557846
-0.0625  -0.516335
0  -0.529427
0.09375  -0.538134
-0.0625  -0.622084
-0.1875  -0.428553
0.1875  -0.428055
-0.15625  -0.605817
-0.0625  -0.614817
0.0625  -0.377239
-0.125  -0.565345
0.1875  -0.36916
0.09375  -0.375316
-0.0625  -0.422986
-0.03125  -0.616791
-0.0625  -0.490911
-0.1875  -0.480911
-0.1875  -0.424113
-0.03125  -0.535429
0.3125  -0.498259
0.09375  -0.505678
-0.15625  -0.507458
0.03125  -0.401437
-0.0625  -0.517884
0.0625  -0.603532
0.15625  -0.459303
-0.15625  -0.657663
0  -0.576496
-0.0625  -0.410447
-0.1875  -0.40277
0.125  -0.418768
-0.125  -0.399909
-0.25  -0.566188
0.03125  -0.582622
0.09375  -0.438605
0.125  -0.583847
-0.46875  -0.248787
0.09375  -0.649815
-0.03125  -0.515108
-0.03125  -0.570143
0  -0.318222
0.03125  -0.287318
-0.09375  -0.671191
0.03125  -0.641838
-0.0625  -0.519394
-0.09375  -0.473403
-0.1875  -0.49974
0.03125  -0.454943
0.0625  -0.499305
-0.0625  -0.499845
-0.0625  -0.43227
-0.03125  -0.682969
0.125  -0.540828
-0.0625  -0.580041
-0.03125  -0.502276
-0.125  -0.58427
0.125  -0.724952
-0.09375  -0.417918
0  -0.62006
0.03125  -0.299502
-0.28125  -0.417542
0.0625  -0.55191
0  -0.505191
0.21875  -0.61435
-0.21875  -0.473708
-0.25  -0.784388
0.0625  -0.352852
-0.34375  -0.536547
-0.0625  -0.578267
-0.1875  -0.43229
0.03125  -0.520434
0.0625  -0.534974
-0.1875  -0.361152
-0.1875  -0.448317
-0.0625  -0.69955
-0.03125  -0.506918
-0.0625  -0.566044
0.25  -0.499098
0.09375  -0.39921
-0.1875  -0.573699
0.09375  -0.456559
0.0625  -0.525412
0.34375  -0.65498
0.03125  -0.536801
0.0625  -0.475732
0.09375  -0.533542
0  -0.66472
-0.03125  -0.517565
-0.09375  -0.254182
-0.03125  -0.472934
-0.1875  -0.242207
-0.03125  -0.359695
0.125  -0.703314
-0.1875  -0.539626
0.03125  -0.553981
0.1875  -0.425314
0.0625  -0.658239
-0.0625  -0.53992
-0.09375  -0.421221
0.15625  -0.471226
-0.0625  -0.250786
0  -0.641652
0  -0.560912
-0.25  -0.542252
0  -0.656642
0.09375  -0.473453
-0.15625  -0.457008
-0.03125  -0.575882
0.0625  -0.744354
-0.09375  -0.589087
0.03125  -0.414621
0.15625  -0.505818
-0.125  -0.517888
-0.1875  -0.544976
-0.03125  -0.480059
-0.15625  -0.527418
0  -0.329098
-0.25  -0.624346
0.09375  -0.50937
0.03125  -0.56588
0.28125  -0.52815
-0.03125  -0.432593
-0.0625  -0.799012
-0.15625  -0.59827
-0.125  -0.286698
-0.0625  -0.556305
0.03125  -0.359727
0  -0.583828
0.09375  -0.493836
0.125  -0.628046
0  -0.43013
0.0625  -0.457017
-0.0625  -0.51991
0.21875  -0.491814
0  -0.58032
-0.15625  -0.387584
0.03125  -0.329913
0.125  -0.589924
0.09375  -0.601308
0  -0.562665
-0.15625  -0.540778
-0.1875  -0.682173
0.21875  -0.305158
-0.03125  -0.566985
-0.125  -0.363541
0.09375  -0.587481
0  -0.424726
-0.03125  -0.456004
-0.0625  -0.717566
0.03125  -0.495188
0.21875  -0.560756
0.03125  -0.364496
-0.09375  -0.508442
0  -0.201461
0.125  -0.518263
0.03125  -0.43146
0.21875  -0.506827
0  -0.490019
-0.15625  -0.598303
0.0625  -0.379005
-0.0625  -0.49664
-0.1875  -0.420401
0.21875  -0.483198
0.0625  -0.444702
0.09375  -0.552515
0  -0.618323
0.0625  -0.634341
0.03125  -0.478441
0  -0.468197
-0.15625  -0.550102
0.21875  -0.54871
-0.03125  -0.470577
-0.09375  -0.684202
-0.15625  -0.550055
0.0625  -0.367352
0.0625  -0.493592
0.21875  -0.470699
-0.125  -0.456733
0.0625  -0.384004
0.125  -0.451411
0  -0.548639
-0.34375  -0.448951
-0.09375  -0.417897
0.03125  -0.530583
0.09375  -0.425012
0.09375  -0.434452
0.0625  -0.451502
-0.15625  -0.53366
-0.15625  -0.616015
0  -0.598974
-0.125  -0.416021
-0.09375  -0.373668
-0.0625  -0.667084
-0.125  -0.534769
0  -0.43127
-0.03125  -0.482467
0  -0.563444
0  -0.454979
-0.09375  -0.551061
0.03125  -0.595918
0.21875  -0.458765
-0.0625  -0.432167
-0.09375  -0.52245
0.03125  -0.366157
-0.03125  -0.524238
0.125  -0.428755
-0.1875  -0.528378
-0.1875  -0.578548
-0.21875  -0.481728
-0.03125  -0.610823
0.125  -0.346789
0.03125  -0.54404
0.09375  -0.516126
0.09375  -0.602902
-0.0625  -0.309658
-0.09375  -0.627591
0.4375  -0.462084
-0.09375  -0.503714
0.03125  -0.646751
0.0625  -0.588949
0.03125  -0.363907
-0.125  -0.479194
0.15625  -0.471897
0.09375  -0.431707
0.125  -0.470933
-0.09375  -0.471946
0.09375  -0.505601
0.09375  -0.351843
0.03125  -0.487132
-0.21875  -0.53173
0  -0.537541
0.15625  -0.712675
0.09375  -0.466259
-0.0625  -0.430412
0.0625  -0.595925
0  -0.461449
0  -0.567105
-0.125  -0.760779
-0.21875  -0.470694
-0.03125  -0.410512
0.03125  -0.588668
0.15625  -0.363602
-0.1875  -0.479439
-0.03125  -0.414397
-0.21875  -0.485285
0.21875  -0.345681
-0.03125  -0.487537
-0.125  -0.425352
0.03125  -0.607742
0.0625  -0.200064
-0.1875  -0.43351
-0.03125  -0.670615
0.125  -0.76023
0.125  -0.741387
-0.28125  -0.685073
-0.09375  -0.49693
-0.15625  -0.49253
0.0625  -0.555148
-0.0625  -0.311416
-0.0625  -0.563497
-0.09375  -0.619473
-0.03125  -0.307318
0.0625  -0.768963
0.125  -0.457088
-0.125  -0.519743
0.15625  -0.430057
0.3125  -0.409282
0.03125  -0.4419
-0.21875  -0.323808
0.0625  -0.608106
-0.03125  -0.350221
0.125  -0.616649
0  -0.53011
0.09375  -0.418452
0.03125  -0.430243
0.125  -0.47334
0.0625  -0.493111
0.0625  -0.394885
0.03125  -0.543835
0.03125  -0.582178
0.21875  -0.566544
-0.125  -0.507221
0.0625  -0.409553
-0.03125  -0.281356
-0.0625  -0.577678
-0.03125  -0.418244
-0.0625  -0.49651
0  -0.579639
-0.03125  -0.404217
0.15625  -0.284402
-0.25  -0.460113
0.125  -0.548323
0.1875  -0.498367
-0.0625  -0.780134
0  -0.542471
-0.09375  -0.334944
0.0625  -0.435971
0.09375  -0.578443
0  -0.682138
-0.21875  -0.440146
0  -0.329497
-0.15625  -0.636212
-0.15625  -0.469553
-0.03125  -0.495867
0.125  -0.454975
0  -0.386018
-0.03125  -0.264526
-0.0625  -0.623424
0  -0.323698
0.03125  -0.528785
-0.0625  -0.468282
0.15625  -0.474801
0.03125  -0.41103
0.03125  -0.427573
-0.0625  -0.371956
0.28125  -0.553496
-0.03125  -0.374335
0.15625  -0.642496
0.0625  -0.499636
-0.03125  -0.553978
-0.0625  -0.575316
0.28125  -0.541287
0  -0.517037
-0.0625  -0.648183
-0.09375  -0.688695
0.3125  -0.497715
0.0625  -0.440763
-0.03125  -0.662501
-0.03125  -0.593282
-0.1875  -0.583994
0.03125  -0.39655
0  -0.380428
-0.21875  -0.651566
0.0625  -0.408439
-0.1875  -0.328254
-0.03125  -0.455206
-0.125  -0.696855
0.03125  -0.5009
0.03125  -0.322582
-0.15625  -0.420117
-0.0625  -0.656763
0.15625  -0.454346
0.0625  -0.185537
-0.15625  -0.699957
0.03125  -0.342798
0.0625  -0.654857
0.03125  -0.470836
0.09375  -0.759555
0  -0.367502
-0.3125  -0.420756
0.125  -0.51942
-0.03125  -0.21516
-0.125  -0.595919
-0.15625  -0.605341
-0.03125  -0.427486
0  -0.498348
0.125  -0.619091
-0.15625  -0.484212
-0.125  -0.40361
0.125  -0.516375
-0.25  -0.442179
-0.0625  -0.557245
-0.125  -0.708227
0.125  -0.409751
-0.15625  -0.29558
-0.0625  -0.455825
-0.09375  -0.556348
0.03125  -0.535718
-0.03125  -0.518583
-0.15625  -0.61249
-0.125  -0.518399
-0.03125  -0.433969
-0.09375  -0.551175
-0.09375  -0.447234
-0.03125  -0.593856
-0.28125  -0.289831
-0.03125  -0.433924
0.0625  -0.543015
0.0625  -0.617269
-0.0625  -0.307119
0  -0.245337
-0.125  -0.234954
0.03125  -0.602916
-0.15625  -0.52136
-0.0625  -0.544793
0.09375  -0.695127
-0.125  -0.416799
0  -0.537418
0.03125  -0.618214
0.0625  -0.415918
0.03125  -0.341431
-0.1875  -0.704961
0.15625  -0.557382
-0.09375  -0.368597
0  -0.435509
-0.125  -0.491243
-0.34375  -0.41373
0.15625  -0.598074
0.0625  -0.48683
-0.125  -0.509311
0  -0.425404
0.03125  -0.355192
-0.125  -0.310666
0  -0.281677
0.03125  -0.486529
0.09375  -0.487085
-0.09375  -0.360937
-0.09375  -0.454821
0.03125  -0.600585
0.0625  -0.464855
-0.21875  -0.407825
-0.09375  -0.40176
0.03125  -0.559806
-0.03125  -0.375228
0.0625  -0.457909
0.1875  -0.698146
-0.15625  -0.49729
-0.1875  -0.645168
-0.03125  -0.52809
-0.15625  -0.531021
0.0625  -0.646356
0.09375  -0.631489
0.21875  -0.470398
-0.03125  -0.601191
-0.125  -0.482221
0.09375  -0.411974
0.03125  -0.407748
-0.21875  -0.235787
0.125  -0.230172
0.21875  -0.503089
0.03125  -0.352975
-0.0625  -0.246972
0.09375  -0.51536
0.125  -0.475299
0  -0.455012
-0.09375  -0.384224
0.09375  -0.45476
0.15625  -0.413345
-0.09375  -0.411132
-0.0625  -0.562834
-0.125  -0.564641
0.28125  -0.556152
0  -0.497463
0.03125  -0.499561
-0.125  -0.554309
-0.125  -0.449875
-0.125  -0.525337
0  -0.583684
0.09375  -0.484181
0  -0.651026
0.1875  -0.506356
-0.03125  -0.179597
-0.1875  -0.621097
-0.03125  -0.483057
-0.21875  -0.433212
0.03125  -0.640375
0.125  -0.429838
0.25  -0.517581
-0.0625  -0.423153
0.125  -0.51633
-0.25  -0.387071
0.0625  -0.63391
-0.0625  -0.453097
-0.15625  -0.576977
0.0625  -0.426819
-0.1875  -0.435092
0.125  -0.504646
-0.15625  -0.546363
0.03125  -0.467655
0.03125  -0.666354
-0.0625  -0.658885
0.03125  -0.499603
0  -0.454825
0.03125  -0.22734
-0.03125  -0.2639
-0.0625  -0.508889
-0.15625  -0.186412
0.0625  -0.359468
0.25  -0.439443
-0.03125  -0.474943
0.125  -0.46553
0.09375  -0.387163
-0.1875  -0.444745
0.09375  -0.515914
0.28125  -0.245581
0.03125  -0.583065
-0.0625  -0.38921
0.1875  -0.610451
0  -0.400756
-0.09375  -0.549265
0.0625  -0.520181
0.125  -0.509127
0.21875  -0.276466
-0.15625  -0.643296
0.125  -0.813828
-0.0625  -0.728431
-0.28125  -0.521602
0  -0.496582
0.03125  -0.54264
0.03125  -0.482102
0.0625  -0.394183
0.03125  -0.552097
-0.03125  -0.542273
-0.125  -0.533545
0.03125  -0.53068
-0.1875  -0.692179
-0.375  -0.643378
-0.03125  -0.501483
0.25  -0.517032
-0.09375  -0.546555
-0.03125  -0.480024
-0.28125  -0.525997
0.125  -0.565426
0.03125  -0.478914
-0.125  -0.642265
0.15625  -0.410914
0.09375  -0.481503
-0.15625  -0.448854
0.03125  -0.579064
0.03125  -0.504843
0.09375  -0.550323
-0.09375  -0.495628
0.21875  -0.670127
-0.0625  -0.409703
-0.0625  -0.518371
-0.0625  -0.550891
0.15625  -0.25546
0  -0.405022
0.125  -0.585533
-0.125  -0.501716
-0.03125  -0.504268
-0.15625  -0.572108
-0.03125  -0.487113
-0.0625  -0.529297
0.09375  -0.543412
0  -0.486439
0.25  -0.600614
0.09375  -0.476295
0.125  -0.488009
0.25  -0.492431
0.0625  -0.501397
-0.03125  -0.451158
0.0625  -0.73927
-0.1875  -0.543833
0.21875  -0.568627
0.1875  -0.362834
0.28125  -0.557029
-0.09375  -0.439555
0.03125  -0.370011
0.125  -0.450285
0.03125  -0.603463
-0.3125  -0.4675
-0.3125  -0.515015
0.03125  -0.368574
-0.0625  -0.368285
0.03125  -0.339898
0.09375  -0.384944
-0.0625  -0.521035
0.375  -0.636547
0.03125  -0.703696
-0.03125  -0.660945
-0.0625  -0.123504
0.1875  -0.50519
-0.125  -0.493343
0.125  -0.638921
-0.15625  -0.364089
0  -0.634535
-0.09375  -0.208962
-0.09375  -0.35536
0.03125  -0.528035
0.15625  -0.40912
0  -0.46771
0  -0.343963
0.0625  -0.411009
0.125  -0.361927
0  -0.621145
0.125  -0.70828
0.09375  -0.654655
0.09375  -0.640308
0.125  -0.569602
-0.0625  -0.448194
0.0625  -0.487663
-0.09375  -0.496104
-0.03125  -0.502645
-0.03125  -0.541073
0.0625  -0.528277
-0.125  -0.300153
-0.21875  -0.559902
0.25  -0.58411
-0.09375  -0.441564
0  -0.414126
-0.21875  -0.509902
-0.09375  -0.45822
0.15625  -0.345701
0  -0.632898
0.09375  -0.595565
-0.125  -0.603816
-0.1875  -0.577598
-0.03125  -0.582138
0.09375  -0.564499
-0.0625  -0.43429
-0.25  -0.450724
0  -0.392087
0.03125  -0.498144
-0.0625  -0.315417
-0.125  -0.486632
0.28125  -0.637392
-0.09375  -0.542126
0.03125  -0.386114
-0.0625  -0.453415
-0.03125  -0.545932
0  -0.351652
0.125  -0.454657
0.0625  -0.670843
-0.1875  -0.585394
-0.03125  -0.551669
0.3125  -0.447446
-0.09375  -0.608613
-0.09375  -0.285172
0.28125  -0.489763
0  -0.473163
0.15625  -0.566681
-0.125  -0.432324
-0.03125  -0.432708
-0.03125  -0.472263
-0.09375  -0.427014
0.09375  -0.402713
0.09375  -0.480833
0.25  -0.492236
0  -0.322861
-0.25  -0.310424
0.28125  -0.565058
-0.03125  -0.486844
-0.25  -0.491942
-0.125  -0.529604
0  -0.565949
0.125  -0.547185
-0.21875  -0.21666
0.09375  -0.315571
0.03125  -0.416786
-0.1875  -0.700366
-0.21875  -0.446959
0.15625  -0.711384
0.125  -0.123415
0.03125  -0.615894
0.125  -0.551169
-0.0625  -0.286134
-0.03125  -0.480712
0.15625  -0.453722
-0.0625  -0.347913
-0.09375  -0.570081
0.125  -0.6064
0.1875  -0.446418
0  -0.414679
0  -0.493168
0.0625  -0.582399
-0.0625  -0.62036
0.09375  -0.42454
-0.0625  -0.582808
0  -0.542948
0.0625  -0.587346
-0.28125  -0.680386
0.15625  -0.579065
0.0625  -0.547806
-0.0625  -0.547037
0.125  -0.500086
-0.1875  -0.456756
-0.03125  -0.509558
0.0625  -0.467199
-0.09375  -0.633756
-0.0625  -0.386504
-0.1875  -0.548019
0.03125  -0.459937
0.0625  -0.766427
-0.21875  -0.641329
0.03125  -0.338315
0.125  -0.243087
-0.03125  -0.442592
-0.03125  -0.403204
0  -0.393708
0.03125  -0.34303
0.125  -0.332317
-0.03125  -0.686158
0  -0.62461
-0.125  -0.614464
-0.1875  -0.408057
-0.21875  -0.56072
-0.28125  -0.71979
0.09375  -0.605247
-0.03125  -0.496136
0.0625  -0.374261
-0.0625  -0.668715
0.125  -0.402873
-0.03125  -0.569333
-0.1875  -0.546966
-0.0625  -0.6686
-0.125  -0.758286
-0.125  -0.385665
0.1875  -0.567843
0.0625  -0.568978
-0.09375  -0.481356
0.09375  -0.365278
-0.3125  -0.541564
-0.125  -0.850465
0.21875  -0.498543
0.03125  -0.552466
-0.1875  -0.655715
-0.125  -0.493741
-0.21875  -0.645838
-0.0625  -0.378964
-0.0625  -0.528594
0.125  -0.435076
0.03125  -0.44763
0.09375  -0.418716
0.09375  -0.355081
-0.09375  -0.603389
-0.09375  -0.430847
-0.09375  -0.581078
0.09375  -0.67253
-0.0625  -0.500908
-0.03125  -0.506921
0.03125  -0.312614
-0.15625  -0.44851
0.03125  -0.482063
-0.03125  -0.386871
0.21875  -0.52047
-0.15625  -0.393303
0.09375  -0.43161
-0.03125  -0.433676
-0.1875  -0.520748
0.0625  -0.583422
-0.15625  -0.410998
0.0625  -0.424145
0.28125  -0.501948
0  -0.511553
0.25  -0.52776
-0.15625  -0.621959
0.09375  -0.426554
0.125  -0.47288
0.09375  -0.542239
-0.15625  -0.784165
0.0625  -0.627802
-0.03125  -0.634118
-0.375  -0.30738
0.09375  -0.643664
-0.125  -0.598737
0.09375  -0.593487
0.0625  -0.106698
-0.15625  -0.275253
0.0625  -0.485549
-0.03125  -0.440532
0  -0.47433
0.15625  -0.519228
0.1875  -0.461351
-0.03125  -0.439524
-0.1875  -0.469042
0.125  -0.554654
-0.09375  -0.538632
0.03125  -0.469572
-0.15625  -0.463422
0.09375  -0.446985
-0.09375  -0.543084
0.09375  -0.426395
-0.0625  -0.479984
0.15625  -0.388886
-0.09375  -0.495099
0.03125  -0.664868
0.125  -0.688059
0.125  -0.464744
0.0625  -0.359574
0.03125  -0.713598
-0.125  -0.411653
0  -0.669125
0.03125  -0.416552
0.25  -0.440005
-0.03125  -0.356841
-0.09375  -0.503088
-0.15625  -0.483208
-0.0625  -0.623507
0.09375  -0.736663
-0.09375  -0.45638
0.0625  -0.444292
-0.09375  -0.481809
-0.1875  -0.550683
-0.09375  -0.588008
-0.1875  -0.419411
-0.03125  -0.561718
0.03125  -0.151466
-0.1875  -0.352949
-0.0625  -0.327432
-0.09375  -0.490073
0.09375  -0.495015
0.09375  -0.408782
0.21875  -0.501963
0.03125  -0.542541
-0.0625  -0.592721
-0.09375  -0.45033
-0.0625  -0.506585
-0.125  -0.479904
0.09375  -0.374434
0.03125  -0.577433
-0.09375  -0.424216
0.125  -0.533359
-0.125  -0.709971
-0.0625  -0.444321
0  -0.471988
0.125  -0.444168
0.1875  -0.466603
0.09375  -0.559014
0  -0.458144
0.125  -0.425146
-0.15625  -0.503361
0.09375  -0.513836
-0.03125  -0.373276
-0.09375  -0.477256
-0.03125  -0.532277
0.0625  -0.571928
-0.125  -0.306882
-0.03125  -0.344658
0.1875  -0.467381
0.03125  -0.455324
-0.125  -0.752814
0  -0.494289
-0.1875  -0.397165
-0.15625  -0.607176
0.15625  -0.530069
-0.1875  -0.650266
-0.03125  -0.251286
0.09375  -0.580465
0.03125  -0.503765
-0.09375  -0.773145
-0.03125  -0.484451
-0.1875  -0.332557
0.03125  -0.476816
-0.09375  -0.651304
-0.21875  -0.592007
0.125  -0.624726
0.09375  -0.172791
0.03125  -0.533618
0.125  -0.293267
-0.03125  -0.456576
-0.03125  -0.373876
-0.0625  -0.513793
-0.09375  -0.315911
0.21875  -0.573172
-0.0625  -0.556338
-0.09375  -0.450055
-0.03125  -0.619841
0.0625  -0.528675
0  -0.752339
-0.1875  -0.314103
0  -0.60819
0.15625  -0.51124
-0.125  -0.410309
0.09375  -0.602519
-0.15625  -0.586224
-0.125  -0.557278
0.0625  -0.523505
0.09375  -0.443234
0.09375  -0.460547
0.03125  -0.44778
0.0625  -0.460208
-0.1875  -0.428015
-0.03125  -0.416276
0.34375  -0.697119
0.125  -0.408295
0.0625  -0.480526
0.15625  -0.769034
-0.28125  -0.659746
-0.0625  -0.304136
0.125  -0.611234
0.28125  -0.441052
-0.125  -0.7311
-0.0625  -0.447508
-0.03125  -0.645048
-0.03125  -0.454658
0.03125  -0.383897
-0.09375  -0.458118
-0.03125  -0.484273
-0.0625  -0.483315
0.0625  -0.604282
-0.03125  -0.422081
0.09375  -0.569253
-0.15625  -0.607874
0  -0.643413
-0.125  -0.561627
0.03125  -0.545133
-0.1875  -0.394529
0.09375  -0.553009
0.0625  -0.473492
0.09375  -0.547243
0.03125  -0.295515
0.0625  -0.426872
0.15625  -0.354939
0.03125  -0.614588
0.09375  -0.465969
0.03125  -0.379708
-0.09375  -0.738502
-0.09375  -0.622571
0.15625  -0.496013
-0.0625  -0.499857
-0.21875  -0.735841
0.09375  -0.348857
-0.09375  -0.434346
-0.15625  -0.45288
-0.0625  -0.490924
0.0625  -0.636769
0.0625  -0.573426
-0.03125  -0.55839
0.03125  -0.370497
-0.09375  -0.420249
0.09375  -0.543316
0.03125  -0.406051
0.0625  -0.588029
-0.03125  -0.488207
0  -0.421879
0.0625  -0.385855
-0.09375  -0.52525
0.03125  -0.34432
0.03125  -0.694421
0.03125  -0.443812
-0.03125  -0.591111
0.1875  -0.495804
0.125  -0.430509
-0.15625  -0.509627
-0.125  -0.722301
-0.0625  -0.228992
-0.125  -0.606943
-0.125  -0.163479
0.0625  -0.301877
0.03125  -0.552842
0.09375  -0.49893
0.3125  -0.456689
0.0625  -0.640068
-0.0625  -0.392107
-0.25  -0.530562
0.1875  -0.399515
-0.03125  -0.477914
-0.0625  -0.496583
0.15625  -0.525632
-0.0625  -0.659953
0.25  -0.3418
0.09375  -0.477474
-0.21875  -0.646478
0.0625  -0.58908
-0.3125  -0.342022
0.0625  -0.468372
-0.03125  -0.364835
-0.15625  -0.361399
0.125  -0.434699
-0.0625  -0.393876
0.25  -0.655462
0.03125  -0.433534
0.03125  -0.674356
-0.09375  -0.485321
-0.0625  -0.474496
-0.03125  -0.451808
-0.03125  -0.591358
0.125  -0.541281
0.0625  -0.550751
-0.09375  -0.415463
0.1875  -0.342891
-0.125  -0.469161
-0.0625  -0.503089
-0.21875  -0.338977
-0.0625  -0.363982
0.09375  -0.391833
0.125  -0.360063
-0.09375  -0.371672
-0.21875  -0.475613
0.0625  -0.588026
0.09375  -0.505494
-0.09375  -0.596784
-0.125  -0.348378
0.1875  -0.59951
0.3125  -0.603247
0.03125  -0.355238
0.0625  -0.159489
0.125  -0.503287
0.03125  -0.516219
-0.28125  -0.67894
-0.09375  -0.3588
0.15625  -0.486998
-0.0625  -0.530778
0  -0.383621
0.03125  -0.6625
0.15625  -0.531286
-0.03125  -0.5946
0.125  -0.637589
-0.03125  -0.529122
0.15625  -0.430656
-0.03125  -0.483852
0.09375  -0.711508
0.21875  -0.665966
0.1875  -0.409153
0.1875  -0.53923
0  -0.480976
0.03125  -0.411415
-0.03125  -0.680053
0.25  -0.381423
-0.03125  -0.429268
-0.1875  -0.536679
0.03125  -0.456595
0.1875  -0.375743
-0.28125  -0.435973
-0.21875  -0.469743
0  -0.458103
0.21875  -0.516846
-0.03125  -0.538195
0.03125  -0.473164
0  -0.509832
0.125  -0.401733
0.125  -0.349827
0.03125  -0.415276
-0.1875  -0.396413
0.09375  -0.514372
-0.0625  -0.681834
0  -0.502127
0.09375  -0.48908
-0.15625  -0.78404
0.125  -0.295639
0.0625  -0.234053
-0.15625  -0.417629
-0.03125  -0.482857
0.125  -0.589218
0.0625  -0.438639
0.0625  -0.621251
0.15625  -0.360545
-0.125  -0.205523
-0.03125  -0.587219
0.0625  -0.414916
-0.03125  -0.58648
0.03125  -0.574225
0.0625  -0.440078
-0.125  -0.596018
0  -0.702152
0.125  -0.355739
0.03125  -0.424634
0  -0.506296
0.0625  -0.775236
0.09375  -0.516182
-0.125  -0.32524
0  -0.350568
0.03125  -0.638112
-0.21875  -0.594544
0.03125  -0.3573
-0.03125  -0.544749
0.03125  -0.757589
0.1875  -0.40037
0.125  -0.315393
0  -0.319915
0.09375  -0.375027
-0.09375  -0.547793
0.09375  -0.66738
-0.0625  -0.554199
0.03125  -0.236465
0.15625  -0.437973
0.03125  -0.418742
-0.1875  -0.568328
-0.03125  -0.518677
-0.15625  -0.459812
-0.25  -0.448189
0.125  -0.741465
-0.09375  -0.462084
-0.09375  -0.602105
-0.25  -0.653621
0.21875  -0.672971
-0.125  -0.529467
0.0625  -0.384307
-0.0625  -0.465209
-0.09375  -0.663245
0.125  -0.553452
-0.03125  -0.370657
0.03125  -0.528113
0.125  -0.671635
-0.21875  -0.681306
-0.125  -0.39133
-0.03125  -0.493576
-0.03125  -0.380061
0.34375  -0.384829
-0.03125  -0.370076
-0.09375  -0.563421
0.0625  -0.397796
0.15625  -0.528163
0.09375  -0.446776
0  -0.346407
0.1875  -0.338303
0.21875  -0.536499
0.0625  -0.525392
0.125  -0.563008
0.03125  -0.400033
-0.03125  -0.585194
0.21875  -0.485754
-0.25  -0.400627
0.125  -0.444886
0.125  -0.4473
-0.0625  -0.476052
-0.21875  -0.52142
-0.15625  -0.549451
0.03125  -0.511493
-0.09375  -0.52597
-0.1875  -0.465343
-0.09375  -0.695341
0.03125  -0.421068
0  -0.5287
0.125  -0.566223
-0.0625  -0.543879
-0.09375  -0.492889
0.125  -0.560359
0  -0.483032
0.03125  -0.643642
-0.09375  -0.494738
0.1875  -0.57662
0.03125  -0.57874
0.09375  -0.371345
0.34375  -0.373788
-0.09375  -0.563006
0.09375  -0.373999
0  -0.574059
0.0625  -0.326669
-0.125  -0.576827
0.0625  -0.287346
-0.0625  -0.349278
-0.125  -0.48858
-0.3125  -0.318439
0.03125  -0.442682
0.0625  -0.272575
0.09375  -0.458868
-0.09375  -0.674337
-0.15625  -0.418626
0  -0.384451
0.0625  -0.614883
-0.125  -0.53319
-0.1875  -0.499263
0.0625  -0.4959
-0.15625  -0.532298
-0.03125  -0.358083
-0.0625  -0.742082
-0.125  -0.329629
0.15625  -0.595913
0.21875  -0.621497
-0.0625  -0.530724
-0.15625  -0.341179
0.125  -0.578955
-0.125  -0.469383
-0.25  -0.496519
-0.28125  -0.730886
0.09375  -0.582639
-0.15625  -0.514329
-0.34375  -0.565252
0  -0.539021
-0.125  -0.557993
-0.09375  -0.420319
-0.1875  -0.399165
-0.25  -0.498347
0  -0.440999
-0.125  -0.292279
-0.125  -0.380316
0.09375  -0.340967
-0.25  -0.568575
0.03125  -0.444293
-0.03125  -0.555856
0.25  -0.629501
0.125  -0.497368
-0.125  -0.46019
0.1875  -0.654607
0.03125  -0.435251
-0.03125  -0.509869
0  -0.497157
-0.0625  -0.58398
-0.0625  -0.564024
0.09375  -0.542517
-0.15625  -0.295484
-0.0625  -0.469199
-0.125  -0.349257
-0.125  -0.280361
-0.3125  -0.179987
-0.21875  -0.527846
-0.0625  -0.434077
-0.0625  -0.576117
-0.21875  -0.460954
0.21875  -0.542996
-0.03125  -0.435962
0.09375  -0.388558
0.03125  -0.480357
0.0625  -0.553186
-0.1875  -0.670699
-0.09375  -0.285684
-0.15625  -0.47197
0.1875  -0.516338
-0.0625  -0.579942
-0.09375  -0.395835
-0.0625  -0.346901
0.15625  -0.567254
-0.03125  -0.493089
0  -0.503002
-0.03125  -0.544428
-0.0625  -0.676988
0.15625  -0.727643
-0.03125  -0.438131
-0.125  -0.312331
-0.15625  -0.480201
-0.1875  -0.226627
0.09375  -0.386341
-0.28125  -0.635827
0.09375  -0.527014
-0.03125  -0.52866
-0.0625  -0.490084
-0.125  -0.395887
0.09375  -0.478909
-0.0625  -0.45388
0.09375  -0.35884
-0.0625  -0.611473
-0.03125  -0.462113
0  -0.547586
0  -0.419077
0  -0.396921
0.125  -0.62444
-0.03125  -0.623349
0.125  -0.553579
-0.03125  -0.43593
0.0625  -0.535728
-0.09375  -0.513155
0.03125  -0.392999
0  -0.328158
0.1875  -0.350694
0.0625  -0.568665
-0.125  -0.434758
0.0625  -0.549083
-0.03125  -0.51735
0  -0.322654
-0.40625  -0.466377
0.34375  -0.267775
-0.28125  -0.589473
-0.03125  -0.670258
-0.09375  -0.408328
-0.15625  -0.515322
0.03125  -0.459427
0  -0.41669
0.09375  -0.408828
0.0625  -0.403753
0.0625  -0.562825
0.1875  -0.419048
-0.09375  -0.363132
-0.03125  -0.440049
0.0625  -0.275644
0  -0.20779
0.03125  -0.497565
-0.125  -0.503459
0.03125  -0.393891
0.0625  -0.561497
0.03125  -0.410909
0.09375  -0.641342
-0.03125  -0.506486
0.09375  -0.396616
-0.09375  -0.654984
-0.0625  -0.468897
0.0625  -0.509769
0.0625  -0.638953
-0.0625  -0.494014
0.15625  -0.718364
-0.1875  -0.655033
0.03125  -0.486867
0.0625  -0.535016
0.15625  -0.53904
-0.09375  -0.704114
-0.03125  -0.606628
0.09375  -0.401475
-0.03125  -0.559435
0.03125  -0.316871
0.0625  -0.447109
-0.09375  -0.646245
0  -0.489286
0  -0.689123
-0.09375  -0.452984
-0.15625  -0.305555
0  -0.546038
-0.21875  -0.338584
0.25  -0.524266
-0.09375  -0.669496
-0.03125  -0.527429
0.0625  -0.34736
0.125  -0.628722
-0.15625  -0.436855
0.09375  -0.550153
0.0625  -0.526252
-0.0625  -0.629759
0.21875  -0.531563
0.09375  -0.581355
-0.21875  -0.485798
0.0625  -0.383523
-0.03125  -0.591469
-0.28125  -0.35257
0  -0.358532
0.21875  -0.362803
0.125  -0.343827
-0.0625  -0.40264
0  -0.596126
0.03125  -0.625409
0.1875  -0.394607
-0.0625  -0.696894
0.125  -0.50994
-0.1875  -0.434155
0.125  -0.462174
0.15625  -0.608048
-0.0625  -0.62003
-0.125  -0.398555
-0.25  -0.45263
-0.0625  -0.565088
-0.03125  -0.637194
-0.0625  -0.552077
-0.21875  -0.616511
-0.15625  -0.494385
0.21875  -0.561921
-0.1875  -0.468725
-0.1875  -0.386645
0.03125  -0.457114
-0.15625  -0.427798
-0.15625  -0.359317
-0.0625  -0.467097
-0.1875  -0.517286
-0.0625  -0.385187
-0.15625  -0.606759
0.125  -0.462522
0.125  -0.315364
0.03125  -0.259126
0.1875  -0.634881
-0.03125  -0.635821
0  -0.655553
-0.25  -0.47325
-0.21875  -0.612116
0.03125  -0.380105
-0.0625  -0.429279
0  -0.403833
-0.1875  -0.405572
-0.09375  -0.494707
0.21875  -0.489817
-0.1875  -0.534456
0  -0.603506
0  -0.437243
0.0625  -0.687461
-0.03125  -0.454009
0.15625  -0.48691
0.1875  -0.580636
-0.09375  -0.666127
0.09375  -0.585352
-0.125  -0.548929
-0.125  -0.637393
-0.25  -0.24702
0.0625  -0.519078
0.125  -0.574885
0.34375  -0.277441
0.03125  -0.499827
-0.03125  -0.31672
-0.21875  -0.693712
0.09375  -0.428243
-0.125  -0.650081
0.03125  -0.385389
-0.1875  -0.593861
-0.0625  -0.523804
-0.09375  -0.493671
-0.03125  -0.403156
0.09375  -0.603402
0  -0.38088
-0.0625  -0.700279
-0.28125  -0.52062
0  -0.490587
0.09375  -0.665307
-0.09375  -0.261842
0.03125  -0.372188
-0.09375  -0.733825
0.09375  -0.743357
-0.15625  -0.487055
0  -0.388181
-0.09375  -0.680972
-0.25  -0.505722
0.34375  -0.373104
-0.21875  -0.405384
-0.125  -0.579049
-0.03125  -0.451617
-0.0625  -0.660007
-0.3125  -0.494606
0.125  -0.634548
-0.125  -0.366953
-0.09375  -0.490006
-0.21875  -0.561622
0.09375  -0.355946
0.21875  -0.541101
0  -0.766969
0.03125  -0.300864
0.1875  -0.234304
0.125  -0.447619
-0.25  -0.369144
0.09375  -0.440776
0  -0.325373
-0.09375  -0.63165
-0.03125  -0.574436
0.125  -0.537368
-0.0625  -0.408683
-0.1875  -0.664887
0.09375  -0.450567
0.09375  -0.546906
0.03125  -0.553674
-0.09375  -0.650953
-0.15625  -0.517503
-0.03125  -0.419395
0.25  -0.368243
0  -0.441909
-0.28125  -0.319402
-0.03125  -0.328684
0  -0.355783
0  -0.4553
-0.21875  -0.548723
0.25  -0.335125
0.03125  -0.56135
-0.0625  -0.541353
0.03125  -0.399433
0.125  -0.542508
0.125  -0.578992
-0.03125  -0.308545
-0.09375  -0.527333
-0.28125  -0.622963
-0.21875  -0.480173
0  -0.390309
0.09375  -0.516657
0  -0.443687
0.09375  -0.417491
0.0625  -0.451738
0.09375  -0.525551
-0.125  -0.666567
-0.03125  -0.451532
0.125  -0.535989
0.25  -0.666492
0.1875  -0.598352
-0.03125  -0.388513
0.03125  -0.382883
-0.125  -0.547927
-0.03125  -0.213903
-0.15625  -0.488836
-0.0625  -0.563581
0.0625  -0.44391
-0.03125  -0.613624
0.0625  -0.469356
-0.21875  -0.494197
-0.125  -0.593014
0.0625  -0.562932
0  -0.633809
0.21875  -0.549282
0  -0.542937
0.125  -0.422078
0.15625  -0.521409
-0.1875  -0.458423
-0.15625  -0.619475
-0.21875  -0.535136
0.125  -0.685914
-0.09375  -0.537024
0  -0.646307
-0.125  -0.12569
-0.03125  -0.491984
0.125  -0.562161
0.0625  -0.450439
-0.21875  -0.57843
0.1875  -0.652998
0.0625  -0.601688
-0.09375  -0.550339
-0.03125  -0.501644
-0.03125  -0.499032
-0.0625  -0.425529
-0.0625  -0.578193
-0.21875  -0.519716
-0.21875  -0.731723
0.1875  -0.380413
-0.03125  -0.484935
0.0625  -0.4426
-0.21875  -0.395306
0.0625  -0.602473
0.03125  -0.632892
-0.0625  -0.66233
-0.09375  -0.572878
0  -0.331972
0.21875  -0.519007
0.09375  -0.604132
-0.03125  -0.457193
-0.28125  -0.530591
0  -0.362313
0.03125  -0.467503
0.09375  -0.575922
0.25  -0.425371
-0.0625  -0.400361
0.03125  -0.591673
0.21875  -0.337662
-0.09375  -0.571941
0  -0.547749
-0.0625  -0.717669
-0.25  -0.471383
-0.15625  -0.702722
0  -0.337396
0.09375  -0.437594
0.03125  -0.446052
-0.28125  -0.550637
-0.09375  -0.591911
0  -0.561855
0.03125  -0.699875
0.03125  -0.445797
-0.125  -0.356676
0  -0.443523
-0.09375  -0.796406
0.0625  -0.518738
0.125  -0.461496
-0.125  -0.288406
0.0625  -0.187151
0.03125  -0.388641
-0.09375  -0.571699
0.15625  -0.628221
-0.125  -0.528024
0  -0.511389
0.15625  -0.445037
0.03125  -0.383371
-0.15625  -0.384903
-0.09375  -0.660988
0.03125  -0.416684
0.1875  -0.329841
0.09375  -0.42969
-0.1875  -0.384211
0.15625  -0.531948
-0.09375  -0.384486
0.0625  -0.463891
0.1875  -0.590601
0.125  -0.514046
-0.03125  -0.631829
0.0625  -0.470071
-0.03125  -0.672517
0.125  -0.60924
-0.125  -0.660539
-0.125  -0.536582
-0.15625  -0.551897
0.375  -0.376274
-0.15625  -0.388425
0  -0.553916
0.09375  -0.467617
0.09375  -0.499395
0.0625  -0.292549
-0.03125  -0.34753
0.09375  -0.609585
0.15625  -0.559385
0.03125  -0.605172
-0.21875  -0.495649
0.09375  -0.47439
0.0625  -0.424291
-0.03125  -0.509598
0.15625  -0.713015
-0.0625  -0.365475
-0.09375  -0.353595
0  -0.397076
0.375  -0.481719
0.03125  -0.625117
-0.1875  -0.426757
0.125  -0.552099
-0.1875  -0.497241
-0.21875  -0.512639
0.21875  -0.336979
0.09375  -0.540457
-0.15625  -0.50755
0.125  -0.595518
-0.03125  -0.419302
0.09375  -0.448274
0.03125  -0.625283
-0.03125  -0.515949
0.15625  -0.509808
-0.09375  -0.462302
0.03125  -0.553678
0.21875  -0.485826
0.09375  -0.486525
0.0625  -0.583068
-0.09375  -0.491115
0.09375  -0.237214
0.1875  -0.742509
0  -0.77268
-0.125  -0.501085
-0.09375  -0.529847
-0.0625  -0.361053
-0.03125  -0.45259
-0.25  -0.526224
-0.09375  -0.55814
0.03125  -0.555124
-0.0625  -0.594386
-0.125  -0.43911
0.0625  -0.628187
0.09375  -0.572069
0.21875  -0.599579
0  -0.593151
-0.125  -0.391441
-0.03125  -0.258005
-0.03125  -0.716927
-0.125  -0.612103
-0.09375  -0.506048
-0.03125  -0.400118
-0.21875  -0.339127
-0.0625  -0.372455
-0.09375  -0.497746
-0.125  -0.271398
-0.28125  -0.270236
-0.03125  -0.342986
-0.03125  -0.372702
0.21875  -0.590307
-0.03125  -0.292793
0.03125  -0.642104
-0.0625  -0.508028
-0.09375  -0.589488
-0.25  -0.404519
-0.09375  -0.559964
0.03125  -0.477827
-0.0625  -0.700652
0  -0.566009
0.15625  -0.651104
-0.125  -0.573443
0.125  -0.349714
0.0625  -0.622679
0.125  -0.493554
-0.1875  -0.489408
0.21875  -0.441441
-0.03125  -0.319622
-0.125  -0.591732
-0.03125  -0.419268
0.03125  -0.489061
0.25  -0.377674
-0.15625  -0.347687
0.21875  -0.448196
0  -0.494754
0  -0.337376
0.0625  -0.369671
0.21875  -0.557771
-0.21875  -0.478728
0.0625  -0.360346
-0.125  -0.469405
0  -0.382082
-0.0625  -0.288969
0.0625  -0.522026
-0.03125  -0.657399
0.125  -0.578544
0.09375  -0.541877
-0.09375  -0.536141
-0.15625  -0.664507
-0.0625  -0.452346
0  -0.413441
-0.09375  -0.473175
-0.21875  -0.576627
-0.03125  -0.308085
0.21875  -0.32795
0.03125  -0.643616
-0.03125  -0.271398
0.15625  -0.418131
-0.125  -0.478208
0.03125  -0.707202
0.15625  -0.67399
0.03125  -0.689965
0.0625  -0.667223
-0.03125  -0.667663
-0.03125  -0.410695
0.0625  -0.534676
0.1875  -0.678479
0  -0.524285
0.125  -0.306098
-0.15625  -0.51817
0.25  -0.281293
0.03125  -0.67412
0.21875  -0.55834
0.03125  -0.547471
0.0625  -0.189589
-0.15625  -0.537794
-0.0625  -0.495469
0  -0.320101
0.21875  -0.615398
-0.125  -0.518222
-0.15625  -0.489648
0.0625  -0.584846
-0.0625  -0.365136
0.0625  -0.512966
0.21875  -0.585405
0.09375  -0.520523
0.125  -0.586924
0.0625  -0.615863
0.09375  -0.425105
0.09375  -0.589218
0.25  -0.356843
0.125  -0.429413
0.03125  -0.415766
0.03125  -0.598761
0.03125  -0.69984
0.125  -0.621232
-0.21875  -0.545316
-0.03125  -0.398115
0.03125  -0.461908
-0.21875  -0.49476
-0.09375  -0.308041
0.125  -0.486694
0  -0.407606
0  -0.38666
0.125  -0.62487
0.15625  -0.49091
0  -0.553032
0.1875  -0.794832
-0.09375  -0.623981
-0.03125  -0.675046
0.0625  -0.549214
0  -0.474384
0.09375  -0.456912
-0.03125  -0.653971
0.03125  -0.74587
0.0625  -0.434397
0.09375  -0.680327
0.0625  -0.576102
-0.03125  -0.557952
-0.09375  -0.463268
-0.0625  -0.419987
-0.3125  -0.487691
-0.03125  -0.558484
-0.03125  -0.431462
0.1875  -0.742931
0.03125  -0.347507
0  -0.612305
0.15625  -0.570181
-0.09375  -0.482958
-0.03125  -0.456312
-0.28125  -0.706049
-0.03125  -0.485942
0.125  -0.276898
0.03125  -0.379321
-0.125  -0.55859
0.09375  -0.496635
-0.15625  -0.480248
0.21875  -0.386308
0.0625  -0.47364
-0.28125  -0.625001
0.1875  -0.359095
0  -0.501336
-0.1875  -0.526046
0.0625  -0.328043
-0.09375  -0.530611
0.03125  -0.598751
0.03125  -0.4793
-0.09375  -0.55146
0.21875  -0.800982
-0.0625  -0.57535
0  -0.587718
-0.125  -0.622711
0.1875  -0.505942
0.21875  -0.64834
0.09375  -0.587527
-0.15625  -0.667459
-0.0625  -0.424081
-0.03125  -0.607979
0.28125  -0.48985
-0.09375  -0.431812
-0.0625  -0.499392
-0.09375  -0.573304
0.03125  -0.236103
0  -0.687882
0  -0.533957
0.0625  -0.586504
-0.0625  -0.586888
0.03125  -0.607461
0.1875  -0.679861
0.25  -0.457184
-0.0625  -0.494195
-0.03125  -0.635058
0.09375  -0.637194
-0.25  -0.297569
-0.03125  -0.406066
-0.03125  -0.577836
0.03125  -0.548368
0.0625  -0.457199
-0.1875  -0.463365
-0.03125  -0.56103
-0.09375  -0.473337
-0.09375  -0.544364
0  -0.424078
0.09375  -0.475018
0  -0.543946
0.125  -0.641277
0.03125  -0.336724
0.03125  -0.469878
-0.03125  -0.408665
-0.1875  -0.580823
-0.21875  -0.622242
0.3125  -0.419492
0.28125  -0.532867
0.0625  -0.415229
0  -0.651411
0.125  -0.386071
0.0625  -0.454513
-0.03125  -0.332221
0.125  -0.591472
0.0625  -0.343655
0.0625  -0.624478
-0.125  -0.490046
0.125  -0.492364
0.0625  -0.500961
-0.09375  -0.670861
0  -0.60652
-0.03125  -0.609204
0.09375  -0.462491
0.125  -0.386199
-0.15625  -0.412672
0  -0.636648
-0.125  -0.578135
-0.1875  -0.540202
0.0625  -0.290696
0.21875  -0.576722
0.125  -0.54411
0.21875  -0.38621
0.15625  -0.320936
0.15625  -0.428579
-0.09375  -0.447937
-0.09375  -0.763786
0.28125  -0.547008
0.1875  -0.263534
0.15625  -0.564118
0.03125  -0.597175
0.21875  -0.738966
0.15625  -0.271909
-0.09375  -0.614066
0.0625  -0.525671
0  -0.353048
0.0625  -0.319656
0.21875  -0.554007
-0.09375  -0.478368
-0.0625  -0.503864
-0.03125  -0.37173
0.0625  -0.356326
-0.09375  -0.483615
0.1875  -0.518168
-0.15625  -0.585625
0.03125  -0.46075
-0.0625  -0.490034
0.21875  -0.526237
0.0625  -0.398749
-0.0625  -0.456044
-0.09375  -0.634987
0.09375  -0.431113
-0.15625  -0.421953
-0.1875  -0.612813
-0.03125  -0.448792
-0.09375  -0.716686
0.125  -0.685865
-0.09375  -0.582573
-0.15625  -0.499271
0.03125  -0.401872
0.125  -0.365592
-0.03125  -0.433751
-0.1875  -0.317275
0.34375  -0.584428
-0.15625  -0.648001
0.0625  -0.493652
0.1875  -0.66587
-0.15625  -0.542571
-0.15625  -0.786938
0.125  -0.689375
0.125  -0.34024
0.25  -0.38203
0  -0.45548
0.0625  -0.65475
-0.0625  -0.549141
0  -0.502754
0.15625  -0.535763
-0.09375  -0.313339
0.03125  -0.515904
0.03125  -0.660327
-0.15625  -0.340622
-0.03125  -0.369709
-0.28125  -0.523447
0.0625  -0.545703
0.21875  -0.517019
-0.03125  -0.654398
0  -0.382764
-0.03125  -0.717543
-0.0625  -0.660639
-0.09375  -0.522115
0.03125  -0.538891
-0.125  -0.14535
0.125  -0.476587
0.09375  -0.483019
-0.03125  -0.478941
-0.0625  -0.533498
0  -0.439697
-0.03125  -0.687899
0.09375  -0.634858
0.03125  -0.618728
-0.125  -0.682341
-0.25  -0.57624
0.09375  -0.372086
-0.25  -0.830164
0.09375  -0.649462
0.125  -0.217001
-0.125  -0.39673
0.1875  -0.345294
-0.125  -0.538003
0.125  -0.485619
0.25  -0.641384
0.03125  -0.653748
0.125  -0.466003
-0.15625  -0.570635
0.125  -0.65383
0.15625  -0.52632
-0.15625  -0.549019
0.28125  -0.148603
0.15625  -0.385786
0  -0.62493
-0.21875  -0.572969
-0.03125  -0.415168
-0.03125  -0.509553
0.0625  -0.547909
-0.0625  -0.67454
0.03125  -0.533041
0.125  -0.48478
-0.0625  -0.383961
0.03125  -0.453286
-0.0625  -0.67897
-0.25  -0.474768
-0.03125  -0.64355
0.125  -0.398908
0.09375  -0.540656
-0.0625  -0.516428
-0.0625  -0.405801
-0.03125  -0.532252
-0.15625  -0.443039
-0.0625  -0.542792
0.15625  -0.238091
-0.25  -0.596892
0.28125  -0.36221
0.0625  -0.512467
-0.15625  -0.696619
0  -0.549822
-0.03125  -0.495674
-0.15625  -0.40165
-0.03125  -0.379715
0.125  -0.49837
-0.125  -0.499167
-0.03125  -0.539893
0.1875  -0.488821
-0.15625  -0.489252
-0.03125  -0.240555
0.03125  -0.439701
-0.125  -0.517387
-0.34375  -0.65212
0.03125  -0.664696
0.03125  -0.653203
-0.0625  -0.609061
-0.3125  -0.579512
0.03125  -0.736457
0.03125  -0.464625
-0.0625  -0.503912
0.21875  -0.665561
0.0625  -0.56977
-0.125  -0.627079
0.15625  -0.403405
-0.0625  -0.457368
0.15625  -0.60025
0.34375  -0.591868
-0.21875  -0.402936
0.03125  -0.482659
0.03125  -0.564413
-0.1875  -0.34056
-0.09375  -0.554135
-0.0625  -0.420432
-0.09375  -0.428565
-0.125  -0.53031
-0.125  -0.611606
0.0625  -0.265937
0.0625  -0.594917
0.1875  -0.543793
0.09375  -0.700219
0.0625  -0.396386
-0.09375  -0.542144
0.09375  -0.163113
-0.125  -0.570911
-0.09375  -0.488042
0.03125  -0.623664
-0.03125  -0.462001
0  -0.504951
-0.09375  -0.492798
-0.03125  -0.55461
-0.09375  -0.447625
-0.125  -0.432761
0.03125  -0.514029
-0.03125  -0.558089
0  -0.348163
-0.0625  -0.497366
-0.0625  -0.285609
0  -0.398593
0.09375  -0.542964
0.09375  -0.569233
0.0625  -0.327474
-0.15625  -0.306559
0.1875  -0.520882
-0.125  -0.582046
-0.03125  -0.443578
0.1875  -0.687321
0.3125  -0.548441
0.125  -0.660546
0.09375  -0.527021
-0.21875  -0.549868
-0.125  -0.592175
0.0625  -0.386715
0.15625  -0.509941
-0.09375  -0.351517
-0.125  -0.517688
0  -0.415008
0.0625  -0.610366
0.21875  -0.42941
-0.03125  -0.293773
0  -0.307042
0.09375  -0.471257
-0.15625  -0.429777
-0.03125  -0.205661
-0.25  -0.428175
0.03125  -0.285356
0.125  -0.347793
-0.03125  -0.404152
-0.03125  -0.619483
-0.1875  -0.537148
0  -0.496278
0.25  -0.58031
-0.15625  -0.498335
-0.0625  -0.599468
0.09375  -0.485913
-0.15625  -0.645501
0.0625  -0.449107
-0.03125  -0.359686
0.125  -0.592223
0  -0.699193
-0.03125  -0.703801
0.09375  -0.450919
0.0625  -0.455266
-0.09375  -0.37376
0.0625  -0.482849
-0.03125  -0.582987
0.09375  -0.424698
-0.21875  -0.652454
0  -0.547617
0.21875  -0.401865
-0.03125  -0.52395
-0.0625  -0.602338
0.125  -0.539923
-0.0625  -0.581331
-0.15625  -0.437803
-0.03125  -0.644113
0.0625  -0.476941
-0.09375  -0.550587
0.0625  -0.595825
-0.03125  -0.440626
0.03125  -0.597988
-0.03125  -0.344884
-0.125  -0.59224
-0.21875  -0.495378
-0.15625  -0.49986
0.25  -0.239799
0.03125  -0.430277
-0.03125  -0.336498
-0.1875  -0.508686
0  -0.369614
0  -0.495848
0.09375  -0.613889
-0.21875  -0.367481
0  -0.606202
0.21875  -0.508385
-0.0625  -0.212983
-0.15625  -0.464721
-0.0625  -0.596631
0.03125  -0.353574
0.0625  -0.623294
-0.09375  -0.482054
-0.03125  -0.570575
0.125  -0.686091
0.03125  -0.420663
0.03125  -0.397357
0.125  -0.657845
0.0625  -0.460499
0.15625  -0.528243
0.03125  -0.347176
0.15625  -0.137318
-0.15625  -0.301186
0  -0.455543
-0.125  -0.449569
0  -0.484671
-0.09375  -0.512484
-0.125  -0.506941
-0.0625  -0.483067
-0.0625  -0.42118
-0.09375  -0.593163
0  -0.362953
-0.0625  -0.412533
-0.125  -0.644141
0.0625  -0.57138
0.125  -0.475397
0.09375  -0.288505
-0.0625  -0.588698
0.09375  -0.601126
0.21875  -0.57771
-0.03125  -0.512206
-0.21875  -0.594663
-0.0625  -0.686355
0.0625  -0.413217
0.1875  -0.570153
-0.125  -0.368005
0.125  -0.571645
-0.03125  -0.644291
-0.0625  -0.616952
-0.15625  -0.463691
0.1875  -0.629635
0.03125  -0.628023
0.03125  -0.626555
0.25  -0.381893
-0.03125  -0.424964
0.125  -0.450277
-0.09375  -0.460435
0.03125  -0.560002
-0.09375  -0.641174
-0.09375  -0.598546
-0.125  -0.408155
0.25  -0.641467
-0.09375  -0.482484
0.09375  -0.634217
-0.0625  -0.578463
0  -0.272507
-0.125  -0.470468
0.3125  -0.625944
-0.03125  -0.784337
0.09375  -0.580314
-0.0625  -0.570086
-0.125  -0.47542
-0.3125  -0.536988
0  -0.576172
-0.125  -0.376572
-0.09375  -0.41743
-0.0625  -0.407172
-0.09375  -0.652858
-0.28125  -0.653882
0  -0.275768
-0.0625  -0.308525
-0.125  -0.366407
0.15625  -0.439597
0.09375  -0.789212
-0.09375  -0.512335
0.15625  -0.279625
0  -0.6672
0.03125  -0.457065
-0.28125  -0.436604
0.125  -0.53567
-0.15625  -0.3803
0.03125  -0.608481
0  -0.255299
-0.21875  -0.637126
0.0625  -0.519619
-0.03125  -0.550597
0  -0.611303
-0.0625  -0.52196
-0.0625  -0.368501
-0.09375  -0.505294
-0.0625  -0.676326
0.125  -0.359234
0.09375  -0.18878
0.125  -0.455391
0.09375  -0.490993
0  -0.516163
0  -0.606433
0.09375  -0.371881
-0.125  -0.496766
-0.09375  -0.574991
-0.0625  -0.426913
0.09375  -0.671545
0.03125  -0.564339
-0.125  -0.452808
-0.15625  -0.448233
0.03125  -0.42105
-0.09375  -0.541028
0.1875  -0.625206
-0.0625  -0.434379
0  -0.390263
0.0625  -0.423949
0.125  -0.473906
0.21875  -0.462835
0.125  -0.552493
0.1875  -0.422403
-0.0625  -0.568846
-0.1875  -0.472401
0.0625  -0.538318
-0.0625  -0.434876
0.125  -0.565474
-0.03125  -0.315999
0.03125  -0.688473
0.21875  -0.521266
-0.21875  -0.393986
0.0625  -0.612182
-0.03125  -0.543835
0.125  -0.427284
-0.0625  -0.372879
-0.0625  -0.266251
0.0625  -0.519163
0  -0.44908
0.1875  -0.719966
0.125  -0.361165
0  -0.562962
0.09375  -0.333908
-0.0625  -0.619087
0.21875  -0.587582
0  -0.533775
-0.09375  -0.403541
-0.0625  -0.729125
0.0625  -0.386716
-0.09375  -0.610616
-0.09375  -0.713556
-0.0625  -0.350744
0.0625  -0.656116
0.28125  -0.388081
-0.03125  -0.322222
0.03125  -0.701382
-0.0625  -0.450138
0.09375  -0.508476
-0.0625  -0.721876
0.0625  -0.528723
0.0625  -0.466699
-0.15625  -0.419267
0.03125  -0.417956
0.21875  -0.505585
-0.125  -0.466214
0.03125  -0.395687
-0.1875  -0.543116
-0.15625  -0.755341
-0.15625  -0.413907
0.09375  -0.600863
0  -0.413605
0.15625  -0.537421
0.09375  -0.277718
-0.09375  -0.448015
0.125  -0.263709
-0.125  -0.379515
-0.0625  -0.253737
0.0625  -0.439926
0.09375  -0.433703
-0.125  -0.476836
-0.0625  -0.499095
-0.125  -0.49475
0.09375  -0.433444
-0.03125  -0.272368
0.09375  -0.527036
-0.03125  -0.539417
-0.09375  -0.58355
0.0625  -0.596228
0  -0.524558
0.1875  -0.396792
-0.09375  -0.507098
-0.03125  -0.563862
0  -0.662815
0  -0.561442
0.03125  -0.599101
-0.125  -0.629773
-0.25  -0.362492
-0.1875  -0.641188
-0.03125  -0.466457
0.09375  -0.571531
-0.09375  -0.322429
-0.03125  -0.48435
0.15625  -0.648403
0.09375  -0.495373
0.125  -0.375157
0.09375  -0.343682
-0.21875  -0.507757
-0.15625  -0.281522
0.21875  -0.554957
-0.125  -0.462797
0.0625  -0.215009
-0.03125  -0.423434
0.25  -0.511889
0  -0.419227
-0.09375  -0.596024
0.15625  -0.527327
-0.09375  -0.553381
-0.15625  -0.575742
-0.03125  -0.634149
0  -0.248792
0.03125  -0.700105
-0.03125  -0.635194
0.03125  -0.558958
-0.125  -0.364841
0  -0.276794
-0.03125  -0.436796
-0.09375  -0.662888
-0.03125  -0.481641
0.0625  -0.511638
-0.0625  -0.526363
0.125  -0.410279
0.0625  -0.539154
0.09375  -0.143113
0.09375  -0.430144
-0.125  -0.44646
0  -0.261528
0.09375  -0.217899
0.0625  -0.474199
0.1875  -0.415071
-0.03125  -0.380195
0.0625  -0.48203
-0.15625  -0.641527
0.125  -0.55993
-0.28125  -0.508993
0.34375  -0.601384
-0.125  -0.537534
0.0625  -0.366373
0.03125  -0.286408
0.0625  -0.628679
0.03125  -0.267264
0.0625  -0.44178
0.34375  -0.66825
0.09375  -0.405502
0.0625  -0.519435
0.15625  -0.435688
0.03125  -0.542064
-0.21875  -0.520443
0.0625  -0.435514
0.09375  -0.405575
0.0625  -0.505497
-0.125  -0.375016
-0.03125  -0.664997
0  -0.490812
0.28125  -0.565914
0.0625  -0.350033
0  -0.590851
0.0625  -0.493658
-0.09375  -0.57474
0.09375  -0.444677
0  -0.48232
-0.0625  -0.637408
0.28125  -0.628554
0  -0.441281
0.15625  -0.475688
0.21875  -0.579961
0  -0.442569
0.03125  -0.485322
-0.0625  -0.288355
-0.15625  -0.672273
0.3125  -0.494775
-0.0625  -0.347401
-0.125  -0.481186
0.34375  -0.250206
-0.09375  -0.493905
0.0625  -0.442065
-0.15625  -0.314983
-0.03125  -0.560041
-0.0625  -0.423665
0.0625  -0.490762
-0.125  -0.348365
0  -0.594291
0.15625  -0.546766
-0.15625  -0.325965
-0.1875  -0.614222
-0.03125  -0.502853
-0.03125  -0.618345
0.0625  -0.633177
-0.09375  -0.569673
0  -0.550033
0.09375  -0.638125
-0.0625  -0.615458
-0.15625  -0.766249
0  -0.287824
-0.03125  -0.549749
0.03125  -0.594218
0.25  -0.442072
0  -0.405668
0  -0.623223
-0.09375  -0.438502
0.0625  -0.402581
0.125  -0.438573
-0.03125  -0.475669
-0.03125  -0.531911
0.125  -0.51271
0  -0.576352
-0.15625  -0.270072
-0.25  -0.414515
0  -0.185062
-0.1875  -0.50512
-0.03125  -0.359939
-0.1875  -0.708791
-0.15625  -0.592528
-0.25  -0.550401
0.3125  -0.376129
0.09375  -0.435039
-0.03125  -0.263268
-0.09375  -0.745182
-0.125  -0.313872
-0.09375  -0.500155
0  -0.621395
-0.0625  -0.478651
0.15625  -0.664248
-0.125  -0.503901
0.21875  -0.486047
-0.28125  -0.565647
0  -0.45703
0.03125  -0.567208
-0.0625  -0.547045
0  -0.315577
-0.21875  -0.598413
0.1875  -0.675279
0  -0.501676
0.0625  -0.664106
-0.21875  -0.466124
0  -0.561965
-0.03125  -0.475406
0.09375  -0.467661
-0.09375  -0.468321
0  -0.395838
0.09375  -0.588708
-0.1875  -0.499496
0.125  -0.391896
-0.15625  -0.583982
-0.21875  -0.442693
0.1875  -0.610887
0.09375  -0.54198
0.03125  -0.606043
-0.0625  -0.503886
0.03125  -0.782136
0.03125  -0.299537
0  -0.598181
-0.03125  -0.339934
0.15625  -0.628126
-0.03125  -0.282451
-0.25  -0.373326
0.03125  -0.664214
-0.34375  -0.57943
-0.0625  -0.640042
-0.09375  -0.41286
-0.1875  -0.41572
-0.1875  -0.326458
0.0625  -0.433914
0.1875  -0.512752
-0.03125  -0.680984
0.0625  -0.743776
-0.09375  -0.510013
0.125  -0.520252
0.03125  -0.422828
0  -0.317523
0.34375  -0.655713
0.09375  -0.445615
0.21875  -0.548551
0.09375  -0.622261
-0.0625  -0.468766
-0.1875  -0.460967
-0.1875  -0.510218
0.09375  -0.593075
0.0625  -0.619403
0.15625  -0.57187
-0.03125  -0.557581
0  -0.525593
0.1875  -0.621776
0.03125  -0.673609
0.03125  -0.321151
0.09375  -0.561734
-0.15625  -0.596573
-0.09375  -0.290279
-0.21875  -0.308835
0.03125  -0.431988
0.03125  -0.657356
0.25  -0.408616
-0.1875  -0.490978
-0.0625  -0.605793
-0.03125  -0.320952
-0.125  -0.553375
-0.03125  -0.413878
0.15625  -0.389985
-0.03125  -0.375519
-0.03125  -0.688803
-0.03125  -0.301165
-0.09375  -0.490619
-0.09375  -0.630444
-0.1875  -0.581735
-0.09375  -0.406492
-0.09375  -0.44612
0  -0.544211
-0.1875  -0.534341
0.03125  -0.449457
0.25  -0.713079
0.09375  -0.496309
0.03125  -0.653452
-0.09375  -0.384641
0.15625  -0.675381
0.0625  -0.495154
-0.1875  -0.503908
-0.0625  -0.524903
0.09375  -0.409198
-0.03125  -0.655887
-0.03125  -0.484383
0.03125  -0.587469
0.15625  -0.405667
0.15625  -0.562899
-0.03125  -0.391432
-0.03125  -0.761747
0.09375  -0.42992
0.0625  -0.70898
0.0625  -0.613667
-0.0625  -0.435757
-0.09375  -0.528798
-0.09375  -0.555609
0.125  -0.45984
0.21875  -0.394355
-0.09375  -0.365265
0.09375  -0.455282
0  -0.487578
0.125  -0.610545
-0.125  -0.465055
0.03125  -0.536189
-0.0625  -0.471004
0  -0.376261
0.1875  -0.431094
-0.1875  -0.49711
-0.03125  -0.442627
0.03125  -0.234208
-0.09375  -0.398504
-0.21875  -0.421316
-0.0625  -0.650926
0.03125  -0.54592
0.15625  -0.532156
0.09375  -0.552516
-0.03125  -0.516476
0  -0.520977
0.09375  -0.288666
-0.03125  -0.557242
0.0625  -0.281947
-0.1875  -0.400823
0.15625  -0.333476
0  -0.503666
-0.21875  -0.453138
0  -0.613101
-0.03125  -0.391808
0.0625  -0.505968
0.09375  -0.447874
0.1875  -0.593291
0.15625  -0.739333
0  -0.489291
-0.15625  -0.696258
-0.1875  -0.555369
-0.0625  -0.484186
-0.09375  -0.538879
0.0625  -0.574408
-0.09375  -0.397741
0  -0.58029
-0.1875  -0.254801
-0.03125  -0.298972
0  -0.622263
0.03125  -0.540965
0.125  -0.736314
-0.09375  -0.404446
0  -0.510433
0.03125  -0.323142
0.09375  -0.685924
0.25  -0.648977
0.1875  -0.580363
-0.03125  -0.350986
0.0625  -0.599037
-0.21875  -0.613983
0.125  -0.43231
0.15625  -0.523644
-0.0625  -0.460747
-0.125  -0.60352
-0.03125  -0.456455
-0.03125  -0.316154
-0.125  -0.687717
0.25  -0.466319
0.0625  -0.548412
0  -0.458037
-0.09375  -0.524598
0.15625  -0.669554
0.09375  -0.423006
0.15625  -0.627005
0.21875  -0.486139
-0.03125  -0.550726
-0.03125  -0.66549
-0.125  -0.674896
0.1875  -0.36084
0.0625  -0.601996
0.1875  -0.545649
0.03125  -0.509031
0.09375  -0.597563
-0.0625  -0.353106
-0.09375  -0.561491
0.1875  -0.337781
0.125  -0.282149
-0.09375  -0.388026
0.03125  -0.611773
0  -0.482866
0.03125  -0.619091
-0.1875  -0.598135
0  -0.515745
0.0625  -0.594571
-0.09375  -0.495166
0.0625  -0.622037
0  -0.475732
-0.03125  -0.713345
-0.0625  -0.54657
0.09375  -0.342094
-0.125  -0.592653
-0.15625  -0.627361
-0.03125  -0.434647
0.1875  -0.549187
-0.03125  -0.695448
0.125  -0.562349
-0.15625  -0.568186
0  -0.534547
-0.15625  -0.495424
0.0625  -0.413495
0.03125  -0.559319
0  -0.474932
-0.03125  -0.429345
-0.15625  -0.653152
0.03125  -0.76095
0.03125  -0.20157
-0.21875  -0.434155
-0.0625  -0.599587
-0.09375  -0.541532
0.03125  -0.464958
0  -0.386405
-0.0625  -0.562631
0.1875  -0.344949
0.15625  -0.410937
-0.125  -0.482698
0.0625  -0.693934
0.0625  -0.528863
0.15625  -0.395396
-0.1875  -0.462359
0.0625  -0.451559
0  -0.558642
0.03125  -0.457926
0.03125  -0.372838
0.125  -0.662599
0.21875  -0.558277
0.125  -0.31697
-0.09375  -0.628421
-0.21875  -0.495131
0.09375  -0.238226
0.0625  -0.474409
-0.03125  -0.454051
-0.34375  -0.495957
0.15625  -0.412345
-0.0625  -0.547134
0.03125  -0.435739
-0.25  -0.450395
0.03125  -0.325741
0.09375  -0.628303
-0.0625  -0.60426
-0.0625  -0.417788
0.21875  -0.411519
-0.09375  -0.399412
0.09375  -0.379572
0.125  -0.26706
-0.125  -0.466485
-0.125  -0.623623
-0.0625  -0.510073
-0.125  -0.434209
0.25  -0.52982
0.09375  -0.693619
0.09375  -0.550668
-0.09375  -0.391831
-0.15625  -0.421449
-0.21875  -0.755633
-0.09375  -0.426156
0  -0.444195
0  -0.696656
0.15625  -0.426698
0.0625  -0.373049
-0.15625  -0.557013
-0.1875  -0.358483
-0.0625  -0.272588
-0.03125  -0.422093
0.0625  -0.522324
-0.03125  -0.574227
-0.3125  -0.530442
0  -0.499804
-0.125  -0.591781
-0.03125  -0.264081
0.0625  -0.546068
0.09375  -0.516248
-0.09375  -0.390525
0.03125  -0.319499
0.0625  -0.578963
0  -0.427006
0.03125  -0.568085
-0.1875  -0.222553
0.125  -0.360382
-0.21875  -0.535059
0.03125  -0.255819
0.125  -0.592537
-0.09375  -0.292165
0.0625  -0.337176
0.1875  -0.436475
-0.0625  -0.504342
0.09375  -0.315608
0.0625  -0.670362
0.09375  -0.360014
-0.21875  -0.456268
-0.09375  -0.55987
-0.03125  -0.377224
-0.0625  -0.526623
0.0625  -0.405169
0.03125  -0.640622
0.1875  -0.405488
-0.0625  -0.500511
0.0625  -0.781547
0.125  -0.531867
-0.09375  -0.482992
0.21875  -0.575281
0  -0.559137
-0.09375  -0.580889
0.15625  -0.550193
0.0625  -0.362519
-0.0625  -0.689159
-0.03125  -0.559363
-0.03125  -0.512035
0.21875  -0.239075
-0.0625  -0.588163
0.125  -0.71311
-0.09375  -0.58466
0.09375  -0.585419
-0.1875  -0.475366
0  -0.611433
-0.28125  -0.548833
0.125  -0.728711
-0.03125  -0.448157
-0.15625  -0.504317
-0.15625  -0.573218
-0.0625  -0.478011
-0.0625  -0.516885
-0.125  -0.534755
0.3125  -0.544068
-0.125  -0.477945
0.09375  -0.355864
0  -0.586015
0.09375  -0.529714
0.0625  -0.56288
-0.0625  -0.629933
-0.0625  -0.5608
-0.03125  -0.536204
-0.0625  -0.647956
0.1875  -0.622059
0.25  -0.588233
-0.0625  -0.457423
0.0625  -0.507171
0.03125  -0.483297
-0.03125  -0.567077
-0.0625  -0.587369
-0.1875  -0.597723
0.09375  -0.398307
-0.21875  -0.547422
0.03125  -0.433803
-0.15625  -0.582
-0.09375  -0.402419
-0.15625  -0.610385
0.0625  -0.476742
0  -0.410417
-0.09375  -0.485164
-0.03125  -0.52835
0.03125  -0.685772
0.03125  -0.238688
-0.0625  -0.388357
0.09375  -0.47445
-0.03125  -0.556925
-0.21875  -0.590226
0.15625  -0.466594
-0.15625  -0.521709
0.125  -0.586966
-0.1875  -0.243573
0.09375  -0.512447
-0.09375  -0.625748
-0.15625  -0.707287
0.25  -0.660111
0.125  -0.551907
0.0625  -0.544614
0.25  -0.492992
0.0625  -0.547216
-0.28125  -0.299368
-0.15625  -0.604514
0.25  -0.574012
-0.15625  -0.498422
0.15625  -0.515011
-0.21875  -0.513829
0.125  -0.413805
-0.03125  -0.517503
0  -0.476999
0  -0.628328
-0.0625  -0.646294
-0.0625  -0.69556
-0.125  -0.560671
0  -0.411827
0.125  -0.503789
-0.125  -0.418521
0.03125  -0.564542
0.03125  -0.465034
0.15625  -0.483843
0.0625  -0.633683
-0.0625  -0.269624
0  -0.523083
-0.1875  -0.344933
-0.21875  -0.425393
0.03125  -0.366829
-0.25  -0.563099
0.0625  -0.593218
-0.28125  -0.574542
0.0625  -0.675882
-0.03125  -0.561806
-0.28125  -0.606539
-0.03125  -0.469806
0.15625  -0.510285
0.15625  -0.743388
0.0625  -0.643606
0.09375  -0.6222
0  -0.34833
0.09375  -0.540659
-0.0625  -0.501348
0.09375  -0.580323
0  -0.582358
-0.09375  -0.332521
-0.15625  -0.425869
0.0625  -0.299081
0.03125  -0.306475
-0.03125  -0.422782
0.0625  -0.625601
0.0625  -0.527912
0.0625  -0.427709
-0.09375  -0.308099
0.15625  -0.664731
0  -0.535095
0.03125  -0.436092
0.125  -0.453229
0.03125  -0.431652
0  -0.381162
-0.09375  -0.343251
0.0625  -0.504615
0.03125  -0.508768
0.09375  -0.495281
0.1875  -0.394026
0.03125  -0.554835
0.09375  -0.513695
-0.15625  -0.498206
0.15625  -0.563795
-0.25  -0.308905
-0.125  -0.396594
0.03125  -0.563386
0.09375  -0.638768
-0.15625  -0.503305
0.125  -0.595728
0.0625  -0.58506
0.03125  -0.398005
0.0625  -0.324346
0.09375  -0.421466
-0.21875  -0.388367
0.0625  -0.481783
0.1875  -0.557117
0.0625  -0.33561
0.0625  -0.758278
0.0625  -0.451115
0.0625  -0.429018
0.03125  -0.725695
-0.09375  -0.537679
-0.15625  -0.172596
0  -0.48177
-0.09375  -0.632729
0.0625  -0.618802
0.15625  -0.547416
0.125  -0.543841
0.09375  -0.489548
-0.0625  -0.610662
-0.0625  -0.354372
0.125  -0.647044
-0.03125  -0.500065
-0.03125  -0.514791
0.125  -0.449022
0.03125  -0.664587
0  -0.808796
-0.09375  -0.500354
-0.09375  -0.457295
0.125  -0.577374
0  -0.47034
-0.125  -0.537276
-0.25  -0.568704
-0.125  -0.201043
0.125  -0.36057
-0.03125  -0.62084
-0.0625  -0.583612
0.21875  -0.577379
0.21875  -0.501839
0.15625  -0.601407
0  -0.430482
-0.0625  -0.837459
0.03125  -0.588812
-0.1875  -0.584177
-0.03125  -0.512296
-0.0625  -0.569687
0.0625  -0.58312
-0.28125  -0.67692
-0.125  -0.657347
-0.125  -0.439187
-0.0625  -0.568832
-0.1875  -0.601086
0.0625  -0.362521
-0.125  -0.469879
0  -0.414936
-0.1875  -0.43504
-0.0625  -0.656215
-0.125  -0.490607
0.0625  -0.733103
0.15625  -0.396866
-0.0625  -0.585482
-0.21875  -0.451936
0  -0.397598
-0.375  -0.525975
0.0625  -0.593416
-0.1875  -0.606909
-0.0625  -0.651173
0.125  -0.414165
0.1875  -0.293871
0.03125  -0.399085
0.1875  -0.36021
-0.3125  -0.424074
-0.15625  -0.287976
-0.1875  -0.455201
0.15625  -0.47738
0.03125  -0.510586
0.0625  -0.384099
0  -0.484062
-0.0625  -0.359005
-0.21875  -0.427581
0  -0.664008
0.15625  -0.427038
-0.15625  -0.429826
-0.03125  -0.416422
0.03125  -0.56257
-0.0625  -0.568134
-0.15625  -0.505536
-0.03125  -0.43382
-0.125  -0.431315
-0.28125  -0.496461
0  -0.426437
-0.1875  -0.445555
0.03125  -0.302092
0.09375  -0.650712
-0.1875  -0.453326
0.09375  -0.637668
-0.09375  -0.457732
-0.03125  -0.473389
-0.125  -0.51943
-0.1875  -0.382494
0.0625  -0.212544
-0.15625  -0.574803
0.15625  -0.347018
-0.0625  -0.613236
0  -0.374267
0.0625  -0.468624
-0.21875  -0.570433
0.3125  -0.376225
-0.03125  -0.479701
0.125  -0.574403
0.125  -0.521712
-0.1875  -0.540433
-0.0625  -0.401568
0.15625  -0.438667
0.125  -0.593541
0  -0.618103
0  -0.534974
0.1875  -0.541327
0.09375  -0.433084
-0.03125  -0.488073
-0.03125  -0.257381
-0.1875  -0.582152
-0.125  -0.484977
0.09375  -0.318631
0.03125  -0.514343
0.09375  -0.557464
-0.125  -0.385927
-0.15625  -0.604284
-0.125  -0.496734
0.03125  -0.631335
-0.15625  -0.541248
-0.03125  -0.470745
-0.03125  -0.468652
-0.21875  -0.407953
-0.03125  -0.458994
0.21875  -0.641743
0.03125  -0.668425
0  -0.474184
0.03125  -0.524474
-0.15625  -0.597726
-0.03125  -0.629674
0.03125  -0.392782
-0.03125  -0.660353
-0.0625  -0.603157
-0.03125  -0.569997
0.15625  -0.584756
-0.03125  -0.485259
-0.0625  -0.674055
-0.0625  -0.650144
0.1875  -0.444362
-0.0625  -0.569851
-0.0625  -0.578219
-0.0625  -0.557015
0.03125  -0.496601
-0.03125  -0.453057
-0.15625  -0.500961
-0.0625  -0.711936
0.0625  -0.401786
0.25  -0.49637
0.0625  -0.600445
0.125  -0.592741
-0.09375  -0.603607
0.03125  -0.503877
-0.0625  -0.497298
0.03125  -0.523358
0.0625  -0.578862
0.21875  -0.521904
-0.0625  -0.533964
0  -0.597322
0.03125  -0.399736
0.125  -0.528123
-0.3125  -0.464643
0.09375  -0.687437
0.3125  -0.484728
-0.125  -0.353189
-0.03125  -0.494922
-0.125  -0.590481
0  -0.34358
-0.09375  -0.487942
-0.09375  -0.586171
0.15625  -0.364875
-0.03125  -0.267781
-0.15625  -0.461062
0.03125  -0.399354
-0.125  -0.380262
-0.03125  -0.433092
0.25  -0.510455
-0.0625  -0.546355
0.21875  -0.369822
0  -0.739067
0.15625  -0.488796
-0.125  -0.753843
0.03125  -0.301738
0.21875  -0.48803
0.0625  -0.42973
0  -0.51267
-0.125  -0.58195
0.09375  -0.65146
0.125  -0.473867
-0.1875  -0.340153
-0.09375  -0.542438
-0.03125  -0.539327
0.0625  -0.58902
-0.03125  -0.524645
0.125  -0.34777
0.0625  -0.599463
0.0625  -0.520099
-0.125  -0.372543
0.125  -0.68175
-0.0625  -0.540384
0.03125  -0.547075
0.03125  -0.445992
-0.15625  -0.329774
-0.25  -0.500987
-0.1875  -0.565432
0.03125  -0.401772
-0.21875  -0.623009
0.15625  -0.479495
0  -0.696649
-0.09375  -0.409449
-0.28125  -0.612585
0.28125  -0.694841
-0.09375  -0.397763
0.125  -0.651838
-0.28125  -0.260349
0.09375  -0.762189
-0.09375  -0.357207
0.25  -0.40531
-0.15625  -0.713144
0  -0.485685
-0.0625  -0.534511
0.03125  -0.432126
0.0625  -0.535088
-0.09375  -0.512368
0.09375  -0.668109
-0.15625  -0.585553
0.0625  -0.408574
0.125  -0.450597
0.03125  -0.654279
0.15625  -0.564609
0.03125  -0.263458
-0.03125  -0.417286
-0.0625  -0.676543
-0.09375  -0.433397
-0.09375  -0.476504
0.1875  -0.505684
0.03125  -0.284251
0.03125  -0.681662
-0.0625  -0.679761
-0.03125  -0.475771
0.03125  -0.480856
0  -0.555278
-0.0625  -0.675062
-0.125  -0.70792
-0.09375  -0.424614
0.09375  -0.578364
0.3125  -0.640915
-0.09375  -0.289133
0.125  -0.629309
-0.125  -0.646303
-0.03125  -0.491492
-0.15625  -0.451033
0.0625  -0.398692
-0.0625  -0.481568
0.125  -0.644495
0.0625  -0.424483
0.0625  -0.307831
-0.0625  -0.524992
-0.0625  -0.764656
0.1875  -0.415623
0.1875  -0.532721
-0.0625  -0.705357
-0.0625  -0.48133
0.25  -0.465539
-0.28125  -0.559717
-0.15625  -0.352807
-0.09375  -0.464346
-0.3125  -0.385204
0.09375  -0.56983
-0.09375  -0.532323
0.03125  -0.632719
-0.1875  -0.398837
0.15625  -0.553959
-0.0625  -0.404638
0.125  -0.384198
-0.25  -0.336499
-0.125  -0.417201
-0.1875  -0.554349
0.125  -0.409555
-0.09375  -0.589715
0.1875  -0.642194
0.09375  -0.276962
-0.09375  -0.44279
-0.21875  -0.309216
-0.03125  -0.492929
0.0625  -0.544621
-0.03125  -0.387617
0  -0.336918
-0.09375  -0.389912
0.1875  -0.395896
0.15625  -0.464736
0.28125  -0.494128
0.125  -0.669426
-0.03125  -0.379289
0  -0.636165
0.15625  -0.670137
-0.15625  -0.518727
0.03125  -0.56537
-0.15625  -0.414509
0.09375  -0.648321
0.0625  -0.492469
0.0625  -0.510477
-0.21875  -0.448922
0.0625  -0.649673
0.03125  -0.534806
-0.125  -0.544838
-0.03125  -0.601697
-0.0625  -0.500661
0.03125  -0.488032
0  -0.520503
-0.0625  -0.403479
0.15625  -0.338079
0.03125  -0.501395
0.15625  -0.614801
0.1875  -0.469628
-0.15625  -0.44086
0.09375  -0.601615
0.09375  -0.55491
0  -0.540376
0.25  -0.555853
-0.03125  -0.32699
0.03125  -0.646013
-0.03125  -0.53656
-0.09375  -0.481027
-0.125  -0.662251
-0.09375  -0.589593
-0.09375  -0.58165
0.0625  -0.418348
-0.21875  -0.444883
0.09375  -0.442916
0.15625  -0.365893
-0.09375  -0.679235
0.125  -0.305661
-0.0625  -0.491085
0  -0.65779
-0.0625  -0.653698
-0.125  -0.384406
-0.0625  -0.595464
0.0625  -0.564265
-0.09375  -0.481897
-0.3125  -0.340927
0.03125  -0.513612
0.125  -0.592986
0.1875  -0.636358
-0.125  -0.307768
-0.03125  -0.327406
-0.125  -0.338952
0.0625  -0.253368
0  -0.545635
-0.34375  -0.562984
-0.21875  -0.446909
-0.03125  -0.593642
-0.0625  -0.715517
0.125  -0.516696
0.15625  -0.421908
0.0625  -0.650837
0.15625  -0.471785
0.03125  -0.351128
0  -0.55815
-0.0625  -0.466226
0.25  -0.654672
0.0625  -0.370351
-0.0625  -0.506925
-0.125  -0.541577
0.09375  -0.449508
0.09375  -0.500814
0.09375  -0.685502
0.03125  -0.489998
0.15625  -0.599756
0  -0.348542
-0.0625  -0.55536
-0.25  -0.706726
-0.125  -0.634688
0.03125  -0.496121
0.0625  -0.425241
0.125  -0.370083
-0.03125  -0.380843
0  -0.559379
0.09375  -0.32308
-0.03125  -0.380445
0.125  -0.534383
0  -0.489058
-0.03125  -0.574803
0.09375  -0.450114
0.03125  -0.605509
0.1875  -0.410687
0.15625  -0.425605
0.09375  -0.540236
-0.03125  -0.533441
0  -0.320805
-0.25  -0.381032
0.03125  -0.48543
0.0625  -0.578315
0.15625  -0.659487
0  -0.53246
-0.0625  -0.448474
0  -0.101896
-0.09375  -0.372758
-0.03125  -0.484792
-0.1875  -0.690395
0.1875  -0.56258
-0.15625  -0.184762
-0.09375  -0.449706
0.3125  -0.547127
0.03125  -0.556849
-0.125  -0.560508
0.0625  -0.434949
0.15625  -0.306685
0  -0.514197
0.15625  -0.515249
0.03125  -0.525548
0.0625  -0.772328
0.15625  -0.477235
0.03125  -0.430922
0.28125  -0.583911
-0.15625  -0.425421
-0.09375  -0.27835
0.09375  -0.624839
-0.0625  -0.591762
0.15625  -0.428416
-0.125  -0.530156
-0.09375  -0.678166
0.03125  -0.45839
-0.03125  -0.561992
-0.125  -0.389168
-0.125  -0.413476
-0.03125  -0.530091
0.0625  -0.631004
0.0625  -0.409731
-0.09375  -0.787266
-0.03125  -0.349589
0.125  -0.440853
0  -0.470505
-0.0625  -0.522896
0.0625  -0.583124
-0.28125  -0.52601
0.03125  -0.42335
0.03125  -0.651459
-0.28125  -0.588608
0.0625  -0.584511
-0.09375  -0.559628
-0.03125  -0.683927
-0.125  -0.833869
0.0625  -0.465758
-0.25  -0.483578
0.09375  -0.374489
0.09375  -0.442354
0  -0.399007
0.09375  -0.295758
-0.03125  -0.265717
-0.21875  -0.293395
-0.0625  -0.414455
-0.09375  -0.49245
-0.125  -0.627765
0.09375  -0.407753
0.125  -0.523872
0  -0.629814
-0.125  -0.65887
-0.0625  -0.58859
0.125  -0.60328
-0.15625  -0.637694
0  -0.566343
-0.09375  -0.340039
0.25  -0.45069
-0.15625  -0.539279
-0.0625  -0.374234
-0.09375  -0.61022
0.03125  -0.543349
-0.09375  -0.407499
0.25  -0.633047
0.09375  -0.494876
-0.28125  -0.670943
0.03125  -0.39424
0.0625  -0.700998
0.125  -0.49495
0.125  -0.752649
0  -0.525678
-0.03125  -0.306059
0.03125  -0.363546
0.09375  -0.641744
0.125  -0.776645
0  -0.473751
0.0625  -0.462455
-0.15625  -0.718305
-0.09375  -0.500868
0.1875  -0.472148
0.03125  -0.409971
0  -0.738045
0.125  -0.547056
-0.25  -0.423768
-0.21875  -0.584767
0.125  -0.462831
0  -0.338006
0.03125  -0.509129
0.0625  -0.487832
-0.03125  -0.681638
0.125  -0.40682
0.15625  -0.551595
-0.125  -0.681299
0.28125  -0.504317
-0.0625  -0.575544
0.1875  -0.466681
-0.125  -0.630735
0  -0.434835
0.03125  -0.600294
-0.0625  -0.604544
0.1875  -0.387984
-0.09375  -0.419191
-0.15625  -0.684112
0.21875  -0.454703
-0.15625  -0.509221
-0.125  -0.400721
0.125  -0.515788
0.21875  -0.524084
0.125  -0.422778
0.09375  -0.46265
-0.0625  -0.355611
0.0625  -0.366218
-0.03125  -0.388315
-0.15625  -0.342241
-0.0625  -0.501556
0.15625  -0.749244
0.03125  -0.538086
0.25  -0.460467
-0.125  -0.558822
-0.21875  -0.456016
0  -0.507918
-0.0625  -0.688301
-0.0625  -0.456908
-0.09375  -0.516496
-0.09375  -0.40715
0.125  -0.56241
0.15625  -0.267699
-0.125  -0.531698
0.125  -0.574328
-0.1875  -0.727192
-0.0625  -0.554321
0  -0.669455
0.125  -0.542409
0  -0.555131
0.0625  -0.436931
-0.0625  -0.61016
-0.21875  -0.285876
0  -0.380258
-0.125  -0.747902
0.125  -0.445513
0.03125  -0.407462
0.21875  -0.502813
-0.09375  -0.563031
-0.03125  -0.43029
0.09375  -0.398313
-0.0625  -0.498919
-0.21875  -0.477855
0.1875  -0.578325
0  -0.586691
-0.03125  -0.428919
-0.0625  -0.47409
0.125  -0.55252
0.0625  -0.580325
0.15625  -0.708843
0.21875  -0.597467
0.3125  -0.544144
-0.09375  -0.438003
-0.03125  -0.582886
-0.15625  -0.502909
0.09375  -0.518953
0.03125  -0.418167
-0.125  -0.30578
0.09375  -0.475994
-0.1875  -0.410055
0.03125  -0.523966
-0.0625  -0.472064
0.15625  -0.455795
-0.125  -0.430195
-0.03125  -0.490868
-0.15625  -0.485593
0.09375  -0.409986
0.125  -0.59745
0.15625  -0.478354
0.0625  -0.324763
0.34375  -0.357379
0  -0.497033
-0.09375  -0.618143
-0.0625  -0.623025
0.0625  -0.588798
0.0625  -0.661153
0  -0.52566
0.21875  -0.517009
0  -0.488992
-0.0625  -0.703534
0.09375  -0.502356
0.0625  -0.500036
-0.15625  -0.740618
0.15625  -0.441424
0.125  -0.464504
0  -0.685155
0.03125  -0.455875
-0.21875  -0.616445
0  -0.496811
-0.125  -0.507626
0.0625  -0.429912
0.09375  -0.442379
-0.25  -0.579105
-0.0625  -0.585253
0.0625  -0.515064
-0.09375  -0.313092
-0.1875  -0.656247
-0.09375  -0.487911
-0.15625  -0.515352
0  -0.629352
-0.15625  -0.682125
0.15625  -0.648073
-0.15625  -0.500302
-0.0625  -0.620119
0.03125  -0.646129
0.03125  -0.398206
-0.03125  -0.468873
0.15625  -0.610031
-0.125  -0.58462
0.03125  -0.622103
-0.09375  -0.483436
-0.1875  -0.348065
0.125  -0.497767
-0.125  -0.545228
0.03125  -0.520104
-0.34375  -0.667364
0.0625  -0.68848
-0.03125  -0.424823
0.21875  -0.380648
0.15625  -0.419569
-0.03125  -0.582444
-0.03125  -0.650747
0.125  -0.482026
-0.03125  -0.627407
0.09375  -0.601688
-0.1875  -0.620818
-0.0625  -0.494731
0.0625  -0.433611
0  -0.438839
-0.125  -0.547507
0.09375  -0.569164
0.15625  -0.520726
-0.125  -0.654994
-0.1875  -0.487925
0.03125  -0.516118
-0.125  -0.472078
0.03125  -0.499618
0.0625  -0.370927
0.03125  -0.462026
0.15625  -0.338871
-0.0625  -0.485643
0.09375  -0.483973
0.0625  -0.54414
0.0625  -0.412698
0.125  -0.513335
0.09375  -0.553047
0.125  -0.520405
0.15625  -0.298925
-0.03125  -0.433884
-0.09375  -0.587637
-0.03125  -0.628575
0  -0.500972
-0.21875  -0.513436
-0.0625  -0.310234
-0.09375  -0.453439
0.03125  -0.351576
-0.03125  -0.437904
0.0625  -0.451486
0  -0.655982
0.0625  -0.347868
-0.03125  -0.512127
0.1875  -0.458181
-0.15625  -0.419885
0.0625  -0.605722
0.09375  -0.590564
0  -0.433336
0.09375  -0.604042
0.09375  -0.649263
-0.21875  -0.546779
-0.09375  -0.546718
0.03125  -0.309946
0.03125  -0.401004
-0.03125  -0.628844
0.03125  -0.490775
-0.0625  -0.690401
0  -0.421266
-0.0625  -0.56324
0.125  -0.470994
0.03125  -0.460835
0.03125  -0.540996
0  -0.425532
0  -0.541904
0.125  -0.467706
0  -0.723754
0.0625  -0.337145
0.03125  -0.364913
0.03125  -0.573678
-0.1875  -0.353349
0.0625  -0.356513
0.09375  -0.564823
-0.0625  -0.360036
-0.1875  -0.429206
0  -0.673643
-0.0625  -0.567113
0.1875  -0.60083
-0.0625  -0.638741
-0.09375  -0.647121
-0.0625  -0.599488
-0.15625  -0.653011
0.03125  -0.553352
0  -0.536593
-0.0625  -0.585235
0.21875  -0.505676
-0.1875  -0.599895
0  -0.455106
0  -0.456186
0.03125  -0.49574
0.125  -0.42333
0  -0.496429
0.09375  -0.389882
0  -0.476143
-0.09375  -0.414817
0.03125  -0.449181
0.0625  -0.718392
-0.21875  -0.742709
0.09375  -0.446808
-0.1875  -0.377063
0.09375  -0.45991
0.21875  -0.544245
0.03125  -0.460298
-0.21875  -0.370337
-0.1875  -0.548468
-0.0625  -0.224601
-0.03125  -0.429032
0  -0.516276
0.125  -0.428161
0.25  -0.325065
-0.03125  -0.651337
0  -0.545378
0.125  -0.625558
0.125  -0.251705
0.15625  -0.563902
0  -0.693124
-0.03125  -0.546394
-0.15625  -0.344999
-0.21875  -0.468463
0.125  -0.553938
0.09375  -0.726939
-0.28125  -0.490075
-0.0625  -0.550794
-0.0625  -0.57431
0  -0.559862
-0.09375  -0.422625
-0.0625  -0.68266
-0.03125  -0.392298
0.03125  -0.621593
-0.1875  -0.414812
0.25  -0.541635
0.15625  -0.555653
0.0625  -0.577806
0.09375  -0.55114
-0.125  -0.727274
0.125  -0.734971
-0.125  -0.433365
0.125  -0.483373
-0.15625  -0.500956
0.03125  -0.481183
-0.1875  -0.294836
-0.125  -0.689776
-0.15625  -0.321425
-0.0625  -0.634816
0.15625  -0.620757
0.1875  -0.649658
-0.09375  -0.604379
0.21875  -0.330195
-0.125  -0.547371
-0.03125  -0.391687
0.15625  -0.652951
0.34375  -0.424437
0.03125  -0.614897
-0.125  -0.489245
0.0625  -0.504763
0  -0.515538
0.03125  -0.456979
-0.03125  -0.494785
0.03125  -0.661225
0.1875  -0.628923
-0.1875  -0.58865
0.125  -0.521315
-0.03125  -0.724528
0.1875  -0.666579
0.03125  -0.555866
0.09375  -0.390897
-0.03125  -0.475529
-0.125  -0.46866
0.0625  -0.571225
-0.09375  -0.405796
-0.03125  -0.270836
-0.0625  -0.409417
-0.0625  -0.484119
0.0625  -0.732163
0  -0.466685
0.0625  -0.565335
0.0625  -0.437094
0.0625  -0.361582
-0.125  -0.599176
0.15625  -0.417497
0.03125  -0.76101
-0.125  -0.539803
-0.28125  -0.565113
0.03125  -0.64284
0  -0.329298
-0.1875  -0.511703
-0.09375  -0.613979
0.125  -0.56747
0.15625  -0.405178
0  -0.397812
-0.09375  -0.699812
0  -0.648343
0.0625  -0.432762
-0.0625  -0.613489
-0.09375  -0.509933
-0.03125  -0.509929
0.0625  -0.324471
-0.09375  -0.484857
-0.09375  -0.573416
-0.09375  -0.736494
0.03125  -0.621613
-0.1875  -0.375619
0.125  -0.559017
-0.03125  -0.406648
-0.125  -0.576836
0  -0.61654
0.3125  -0.511134
0.15625  -0.504763
-0.09375  -0.532806
-0.0625  -0.407925
-0.15625  -0.580272
0.0625  -0.519448
-0.125  -0.571795
0.09375  -0.589908
-0.0625  -0.328392
0  -0.449671
-0.0625  -0.158691
0  -0.582699
0.0625  -0.438794
-0.125  -0.46384
0  -0.334625
0.09375  -0.650956
0.03125  -0.525505
-0.125  -0.396602
-0.125  -0.516165
0.21875  -0.559516
-0.21875  -0.419402
-0.1875  -0.353883
0  -0.497144
-0.3125  -0.468199
-0.03125  -0.662873
-0.03125  -0.55311
0.09375  -0.484627
0.0625  -0.39389
-0.03125  -0.374037
0.09375  -0.460923
-0.0625  -0.34575
-0.125  -0.558936
-0.09375  -0.602427
-0.0625  -0.687197
0.1875  -0.673985
-0.15625  -0.555238
-0.03125  -0.73518
-0.03125  -0.595694
-0.15625  -0.540149
-0.09375  -0.442161
0.09375  -0.568661
0.03125  -0.495905
0.0625  -0.5721
-0.03125  -0.587569
-0.125  -0.494404
-0.03125  -0.327465
-0.0625  -0.469963
-0.09375  -0.335403
-0.03125  -0.438608
-0.03125  -0.495953
-0.03125  -0.565631
0.09375  -0.587115
-0.03125  -0.660861
0.09375  -0.395553
0.09375  -0.525672
-0.21875  -0.538977
0.125  -0.207753
-0.0625  -0.40127
0.1875  -0.500369
0.1875  -0.576637
0  -0.225614
-0.21875  -0.361389
0.125  -0.698169
-0.21875  -0.605574
0  -0.538795
-0.0625  -0.410613
0.25  -0.738434
0.125  -0.546858
0.0625  -0.421416
-0.0625  -0.590983
0.125  -0.225216
0.03125  -0.382319
0.0625  -0.375161
-0.1875  -0.359984
-0.1875  -0.750521
0  -0.529588
-0.21875  -0.68184
0.125  -0.716737
0.0625  -0.462036
0.28125  -0.538215
0.0625  -0.166882
0  -0.512889
0.15625  -0.530896
-0.03125  -0.570248
0.03125  -0.393176
-0.0625  -0.445406
0.125  -0.587287
0.09375  -0.634427
0.21875  -0.515168
-0.03125  -0.395416
0.125  -0.451353
0  -0.477886
-0.25  -0.410192
0  -0.745219
-0.09375  -0.364855
-0.21875  -0.530334
0.1875  -0.53756
0.0625  -0.519767
-0.15625  -0.623003
0.125  -0.726936
-0.21875  -0.483061
0.0625  -0.552685
0.125  -0.691066
0.03125  -0.688714
-0.09375  -0.607017
-0.125  -0.590395
0  -0.386402
0.125  -0.479522
0.03125  -0.570641
0.125  -0.37609
0  -0.455886
0.09375  -0.312865
-0.125  -0.590197
0.125  -0.555324
0.1875  -0.555326
0  -0.363229
0.21875  -0.552623
-0.03125  -0.428161
0.125  -0.50906
0.21875  -0.474949
0.1875  -0.564363
0.03125  -0.276691
-0.03125  -0.532846
0.21875  -0.528641
-0.03125  -0.593334
-0.1875  -0.552271
-0.0625  -0.43627
-0.125  -0.455749
0.15625  -0.613777
-0.0625  -0.275987
-0.21875  -0.605982
0.03125  -0.504047
-0.0625  -0.615648
-0.09375  -0.361955
-0.03125  -0.705002
-0.0625  -0.723396
0.15625  -0.41045
-0.03125  -0.294708
0.03125  -0.424949
0.0625  -0.418358
-0.0625  -0.50118
-0.125  -0.589013
0.1875  -0.299357
0.21875  -0.32319
-0.0625  -0.41399
-0.25  -0.526442
0.15625  -0.553811
-0.28125  -0.491313
-0.15625  -0.47676
0.09375  -0.255859
-0.21875  -0.500087
-0.09375  -0.524108
-0.0625  -0.488206
0.125  -0.548718
0.09375  -0.411233
-0.125  -0.610273
-0.03125  -0.460443
-0.125  -0.618054
-0.15625  -0.496904
-0.03125  -0.626346
-0.0625  -0.571876
-0.0625  -0.471374
-0.0625  -0.353784
-0.125  -0.516897
-0.0625  -0.494245
0  -0.628665
-0.1875  -0.363914
-0.03125  -0.473375
-0.03125  -0.605254
-0.03125  -0.461253
-0.0625  -0.503914
0.125  -0.471107
0.0625  -0.699006
0  -0.574236
0.1875  -0.716646
0.09375  -0.734113
-0.09375  -0.227113
-0.0625  -0.579936
0  -0.416382
0.1875  -0.526723
0.09375  -0.751244
-0.3125  -0.465864
0  -0.501151
-0.125  -0.418314
0.15625  -0.584894
-0.15625  -0.494893
0.1875  -0.428078
0.09375  -0.430981
0.0625  -0.426058
0.15625  -0.712733
-0.21875  -0.452349
0.21875  -0.601765
-0.1875  -0.552179
-0.15625  -0.513983
-0.28125  -0.428628
-0.03125  -0.323505
0.15625  -0.474668
-0.15625  -0.609525
0.03125  -0.47913
0.09375  -0.423788
-0.0625  -0.541827
0  -0.437908
0.03125  -0.424626
-0.0625  -0.467023
0  -0.356231
0.03125  -0.289644
0.15625  -0.762291
0.03125  -0.581386
-0.25  -0.369539
0.21875  -0.484666
0  -0.597975
0  -0.392631
-0.09375  -0.627972
-0.09375  -0.671706
0.1875  -0.457145
0.21875  -0.401175
-0.03125  -0.558557
-0.21875  -0.330741
0.09375  -0.607289
-0.09375  -0.409486
-0.0625  -0.412922
0  -0.440724
-0.34375  -0.525486
0.03125  -0.613953
0  -0.621947
-0.21875  -0.392262
-0.15625  -0.557331
0.03125  -0.568182
-0.1875  -0.377525
0.28125  -0.287684
-0.03125  -0.537524
0.15625  -0.374573
0  -0.469321
0  -0.345177
0.09375  -0.601748
-0.21875  -0.452997
0.21875  -0.314898
-0.21875  -0.645522
0.21875  -0.428398
-0.21875  -0.387832
0.15625  -0.493504
0.09375  -0.317372
-0.03125  -0.674944
0.15625  -0.546569
-0.0625  -0.431812
-0.0625  -0.530578
0.0625  -0.396396
0.15625  -0.60156
0.0625  -0.590113
0.3125  -0.685039
0  -0.609024
-0.03125  -0.370121
-0.09375  -0.401735
-0.09375  -0.329166
-0.09375  -0.617681
0.03125  -0.511049
-0.0625  -0.510929
-0.03125  -0.569618
-0.15625  -0.495841
-0.0625  -0.378153
-0.09375  -0.469743
-0.1875  -0.352416
-0.15625  -0.530472
0.03125  -0.606448
0.03125  -0.449619
-0.03125  -0.52107
0  -0.450562
0.09375  -0.514783
0  -0.248745
-0.21875  -0.541725
0  -0.575868
0  -0.605469
0.03125  -0.436419
-0.09375  -0.447809
0  -0.57698
-0.0625  -0.607842
0.03125  -0.554101
0  -0.516774
0.09375  -0.326353
-0.0625  -0.373892
-0.15625  -0.437393
0.21875  -0.406631
0.1875  -0.635656
-0.03125  -0.595152
-0.09375  -0.421426
-0.125  -0.556312
-0.03125  -0.46911
0.1875  -0.401357
0  -0.608897
-0.03125  -0.581223
0.0625  -0.481136
-0.09375  -0.475872
0.03125  -0.625941
0.03125  -0.40738
0.1875  -0.390987
0.125  -0.44725
0.03125  -0.661002
-0.125  -0.497087
0.09375  -0.278245
0.15625  -0.494903
-0.1875  -0.601208
-0.15625  -0.522704
-0.15625  -0.558365
-0.28125  -0.629122
0.15625  -0.364763
-0.21875  -0.491578
-0.21875  -0.558649
-0.09375  -0.577038
-0.1875  -0.791557
-0.03125  -0.412975
0.09375  -0.694073
-0.15625  -0.404953
-0.09375  -0.583789
-0.0625  -0.507426
0.1875  -0.645562
-0.15625  -0.424194
0  -0.413006
0.15625  -0.448119
-0.09375  -0.450679
-0.03125  -0.540815
-0.21875  -0.612614
-0.03125  -0.674801
0.09375  -0.632823
-0.125  -0.445563
0  -0.359837
0  -0.623787
-0.03125  -0.595234
0.15625  -0.484452
-0.15625  -0.579412
0.28125  -0.52557
0.3125  -0.432399
0  -0.690202
0  -0.556324
0  -0.554205
0.03125  -0.495992
0.09375  -0.340844
-0.03125  -0.589549
-0.125  -0.32111
0.09375  -0.511229
0.0625  -0.658718
0.1875  -0.608302
0.15625  -0.586197
-0.0625  -0.546707
0.09375  -0.522199
0.0625  -0.375222
0  -0.577373
0.1875  -0.386331
0.03125  -0.444399
0  -0.702635
0.15625  -0.252511
0.09375  -0.520492
-0.125  -0.483628
0.0625  -0.503199
0.0625  -0.55244
0  -0.576399
0.125  -0.337127
0.09375  -0.549722
-0.0625  -0.669837
0.0625  -0.408057
0.0625  -0.733163
0.125  -0.59347
0.03125  -0.585086
-0.25  -0.633949
-0.03125  -0.734609
-0.21875  -0.524735
0.03125  -0.554161
0.09375  -0.503058
0.3125  -0.656786
-0.03125  -0.364659
-0.21875  -0.32425
0.0625  -0.612723
-0.03125  -0.0843734
0.0625  -0.453633
0  -0.770653
-0.34375  -0.47066
-0.125  -0.492381
-0.15625  -0.362044
-0.09375  -0.501474
-0.03125  -0.413877
-0.125  -0.595792
-0.3125  -0.357002
0.03125  -0.661094
0  -0.505021
0.1875  -0.695752
-0.09375  -0.66038
0.03125  -0.669859
-0.0625  -0.54635
0  -0.510536
0.21875  -0.406829
-0.09375  -0.679877
0.0625  -0.371991
-0.375  -0.543795
-0.125  -0.414705
0.21875  -0.43221
-0.28125  -0.44378
-0.15625  -0.647394
-0.09375  -0.588156
0.0625  -0.531332
-0.09375  -0.346336
0.03125  -0.373081
-0.25  -0.422941
0.0625  -0.584342
0.0625  -0.343199
-0.0625  -0.527529
-0.25  -0.489485
-0.125  -0.382567
0.25  -0.357387
0.15625  -0.380275
0.15625  -0.415902
-0.0625  -0.593814
-0.09375  -0.370972
0.15625  -0.493081
-0.0625  -0.376258
0.03125  -0.497304
0.21875  -0.645952
-0.03125  -0.418254
0.09375  -0.67816
-0.0625  -0.619716
0.09375  -0.504218
-0.03125  -0.509616
0.15625  -0.326702
0.21875  -0.459949
0.21875  -0.629704
0.03125  -0.291462
-0.1875  -0.394319
-0.03125  -0.37976
-0.09375  -0.445406
-0.09375  -0.578445
-0.21875  -0.422548
0.03125  -0.363438
-0.03125  -0.570429
0.09375  -0.455405
-0.0625  -0.56269
0.1875  -0.412602
-0.125  -0.480332
0.03125  -0.35419
0.0625  -0.447716
-0.0625  -0.551736
-0.09375  -0.389855
0.03125  -0.662149
-0.125  -0.568566
-0.03125  -0.458729
-0.125  -0.553485
0.15625  -0.507162
0.15625  -0.623488
0.09375  -0.550093
0.0625  -0.634663
-0.125  -0.515454
0.0625  -0.556323
-0.25  -0.426396
0.03125  -0.41119
-0.0625  -0.387173
-0.125  -0.466195
-0.03125  -0.550457
0.28125  -0.474824
0  -0.571347
0.09375  -0.413927
0  -0.40769
0.09375  -0.422857
-0.125  -0.37068
-0.09375  -0.397754
-0.0625  -0.575639
-0.125  -0.6119
-0.3125  -0.603567
-0.0625  -0.453913
0.03125  -0.506114
-0.21875  -0.3907
-0.15625  -0.307013
0.125  -0.510899
0.15625  -0.567349
-0.09375  -0.405196
-0.03125  -0.58623
0  -0.620473
-0.15625  -0.331007
0.03125  -0.519137
0.28125  -0.380049
-0.09375  -0.460831
0.15625  -0.531665
0  -0.330765
-0.0625  -0.392563
0.15625  -0.426618
-0.125  -0.606975
0.125  -0.628756
0.1875  -0.440978
0.0625  -0.513672
0.0625  -0.400131
0.0625  -0.559693
-0.1875  -0.631658
-0.25  -0.443636
0.0625  -0.517306
0.0625  -0.634798
-0.0625  -0.466803
-0.09375  -0.585548
0  -0.370058
0.25  -0.645825
-0.15625  -0.567829
0  -0.651001
-0.09375  -0.612189
0.03125  -0.374357
0.15625  -0.451944
0.03125  -0.68066
0.03125  -0.63958
-0.03125  -0.464252
0.03125  -0.479056
-0.125  -0.60693
0  -0.514829
-0.09375  -0.490005
0.0625  -0.45889
-0.1875  -0.475347
-0.0625  -0.406587
0.09375  -0.653081
-0.03125  -0.455758
-0.03125  -0.591484
-0.09375  -0.475645
-0.0625  -0.686791
-0.0625  -0.710097
0  -0.60021
0.09375  -0.607538
-0.125  -0.483243
-0.1875  -0.667477
-0.03125  -0.477267
0.09375  -0.439221
-0.03125  -0.767466
0.03125  -0.531637
0.25  -0.409821
0.09375  -0.49462
0.03125  -0.658154
0  -0.391187
0.21875  -0.395942
0.125  -0.488563
0.03125  -0.66985
0.09375  -0.227051
0.125  -0.622061
-0.21875  -0.345284
0  -0.181497
-0.03125  -0.532001
-0.03125  -0.567336
0.125  -0.448653
0  -0.518978
0.0625  -0.676156
-0.03125  -0.528413
0.1875  -0.669331
0.25  -0.559661
0.0625  -0.358246
-0.1875  -0.481523
-0.09375  -0.551628
-0.0625  -0.51086
-0.03125  -0.533402
-0.0625  -0.351432
0  -0.521174
-0.15625  -0.552119
0.125  -0.505345
0.1875  -0.632264
-0.03125  -0.451092
0.03125  -0.38785
0.09375  -0.508768
0.09375  -0.584885
-0.03125  -0.401826
-0.03125  -0.44381
0.03125  -0.552524
-0.0625  -0.447311
0.1875  -0.358171
0.15625  -0.463496
0.09375  -0.469866
-0.1875  -0.340939
-0.0625  -0.528712
-0.1875  -0.68043
0.03125  -0.445132
-0.125  -0.207795
0  -0.39198
-0.15625  -0.485774
-0.21875  -0.665753
-0.0625  -0.24756
0  -0.468297
-0.09375  -0.568386
0.0625  -0.549667
0.125  -0.558267
0.125  -0.587294
-0.03125  -0.315728
0.03125  -0.481662
-0.1875  -0.427887
0.0625  -0.623909
-0.25  -0.613652
-0.15625  -0.564387
0.09375  -0.680676
0.25  -0.467902
0.125  -0.604541
-0.03125  -0.464691
-0.03125  -0.39917
-0.125  -0.635523
0  -0.252145
-0.0625  -0.600027
0.03125  -0.347719
0.03125  -0.326484
0.15625  -0.620476
-0.15625  -0.460549
0.03125  -0.567818
0.21875  -0.48715
-0.15625  -0.712846
-0.0625  -0.225417
0.0625  -0.282084
-0.0625  -0.552758
0  -0.610835
-0.09375  -0.523683
-0.125  -0.508697
-0.15625  -0.449801
0  -0.576692
0  -0.548564
0  -0.578019
-0.15625  -0.620935
0.09375  -0.468022
0.125  -0.342548
0.15625  -0.520637
0.125  -0.251544
0.03125  -0.415791
0.03125  -0.381053
-0.03125  -0.580261
-0.3125  -0.534654
0.125  -0.599477
0.03125  -0.546356
-0.0625  -0.311252
0.1875  -0.520495
0.09375  -0.368329
0.0625  -0.556333
-0.09375  -0.583731
-0.1875  -0.500763
0.03125  -0.650203
-0.03125  -0.422559
0.03125  -0.557883
-0.1875  -0.548626
0.21875  -0.549387
0.0625  -0.450051
0.28125  -0.555691
-0.28125  -0.750472
-0.09375  -0.543786
0  -0.385337
-0.125  -0.724927
0.09375  -0.608427
-0.03125  -0.510055
0.03125  -0.618276
-0.28125  -0.536865
-0.09375  -0.380854
0.03125  -0.591025
-0.0625  -0.343907
0.03125  -0.600657
-0.03125  -0.428708
-0.03125  -0.568177
-0.15625  -0.568953
0.125  -0.288345
0.0625  -0.376938
-0.1875  -0.559175
0.03125  -0.456218
0.125  -0.333109
0.15625  -0.359945
0.0625  -0.293635
0.3125  -0.186061
-0.03125  -0.54877
0  -0.240546
-0.0625  -0.621323
0.125  -0.448831
0.03125  -0.584217
-0.25  -0.56283
0.09375  -0.342638
-0.0625  -0.339052
-0.03125  -0.532849
0.03125  -0.469442
0.09375  -0.503822
-0.09375  -0.73354
0.09375  -0.510029
0.1875  -0.749352
-0.0625  -0.269871
-0.0625  -0.358236
0.125  -0.579401
0  -0.441641
0.09375  -0.537996
-0.0625  -0.535949
-0.03125  -0.627253
0.21875  -0.585771
0  -0.555371
0.21875  -0.481121
0.25  -0.345781
0.0625  -0.588756
0.09375  -0.454195
-0.28125  -0.315381
0.0625  -0.451272
-0.0625  -0.460397
0  -0.41069
-0.0625  -0.606475
0.03125  -0.495581
0.0625  -0.454255
-0.15625  -0.35611
0.03125  -0.497943
0  -0.349234
0.03125  -0.46747
0.125  -0.490992
0.28125  -0.432211
-0.125  -0.451648
0  -0.363246
0  -0.464211
-0.03125  -0.589554
0.0625  -0.494551
0.09375  -0.6117
-0.125  -0.581333
-0.15625  -0.523645
-0.125  -0.544018
0.1875  -0.401789
0.21875  -0.549907
0.03125  -0.270525
-0.03125  -0.4887
-0.09375  -0.51982
-0.125  -0.55659
-0.125  -0.556935
-0.03125  -0.590171
0.15625  -0.459652
0  -0.43759
0.03125  -0.612142
0.03125  -0.37076
-0.28125  -0.693495
0.15625  -0.497507
0.0625  -0.452259
0.0625  -0.504221
0.21875  -0.489895
0.125  -0.494024
-0.09375  -0.375802
-0.09375  -0.587465
-0.09375  -0.50718
-0.09375  -0.474226
0.09375  -0.392021
0.09375  -0.558088
-0.21875  -0.607541
-0.125  -0.604523
0.25  -0.516147
-0.03125  -0.428123
-0.125  -0.430478
0  -0.315476
0.03125  -0.272663
0.15625  -0.671383
0.09375  -0.579849
-0.03125  -0.347841
0.0625  -0.725371
-0.15625  -0.531219
0.0625  -0.478536
0.28125  -0.579272
-0.15625  -0.552473
0.03125  -0.558764
0.0625  -0.400357
0  -0.429421
0  -0.259758
0.09375  -0.436966
-0.0625  -0.47052
0.15625  -0.620483
-0.15625  -0.192063
0  -0.54853
0.21875  -0.304356
-0.0625  -0.462494
-0.25  -0.439699
0.21875  -0.471687
-0.09375  -0.561044
0.09375  -0.674277
0  -0.734212
0.09375  -0.449029
0.09375  -0.638905
-0.0625  -0.491581
0.15625  -0.671815
0.09375  -0.676575
0.03125  -0.503081
-0.09375  -0.421565
0.09375  -0.573254
-0.09375  -0.386463
0.03125  -0.395377
0.15625  -0.419684
-0.1875  -0.526423
0.1875  -0.452038
-0.0625  -0.264584
0.03125  -0.568191
0.09375  -0.45181
0.03125  -0.615251
-0.15625  -0.515047
-0.09375  -0.640468
0.09375  -0.531843
0.0625  -0.43224
0.0625  -0.586919
0.28125  -0.505396
0  -0.561053
-0.1875  -0.325485
0  -0.281733
-0.09375  -0.405695
0  -0.673445
0.1875  -0.482006
0.28125  -0.405664
0.125  -0.516247
-0.03125  -0.591087
0.09375  -0.357453
0.25  -0.632147
0.125  -0.448149
0  -0.47822
0.1875  -0.677763
0.15625  -0.535052
-0.09375  -0.66645
-0.1875  -0.514806
0.21875  -0.679743
-0.09375  -0.763357
0.0625  -0.640024
0.09375  -0.536874
0.0625  -0.549773
0.15625  -0.468556
0.09375  -0.250223
-0.09375  -0.597216
0.09375  -0.485821
0.125  -0.689986
-0.15625  -0.494247
0  -0.41537
-0.03125  -0.291959
-0.1875  -0.666477
-0.0625  -0.579415
-0.28125  -0.661023
0.15625  -0.450493
-0.125  -0.552813
0.125  -0.478544
0.0625  -0.31555
-0.03125  -0.604074
-0.15625  -0.638969
0.0625  -0.446317
-0.125  -0.495281
-0.03125  -0.564056
0.03125  -0.357388
0.03125  -0.451215
0.1875  -0.29475
-0.0625  -0.592777
-0.21875  -0.723819
0  -0.369033
0  -0.381728
-0.125  -0.536967
-0.28125  -0.339705
0.0625  -0.435516
0.03125  -0.575211
-0.125  -0.389405
-0.03125  -0.702725
0  -0.513722
-0.21875  -0.29094
0  -0.654009
0.0625  -0.64715
0.03125  -0.588159
0.21875  -0.46429
0.03125  -0.605451
0.1875  -0.322452
0.21875  -0.462714
0.09375  -0.523497
-0.25  -0.279261
0.09375  -0.64937
-0.09375  -0.490696
0.0625  -0.502909
0  -0.717296
0.21875  -0.341934
0.125  -0.281948
-0.15625  -0.521426
-0.03125  -0.538282
0.15625  -0.677504
0  -0.493026
0.125  -0.256453
0.15625  -0.49428
-0.21875  -0.706531
0.125  -0.289851
0  -0.364969
0.21875  -0.607786
-0.03125  -0.435672
0.1875  -0.370108
-0.03125  -0.415337
0.125  -0.593589
0.21875  -0.44542
-0.09375  -0.404828
-0.0625  -0.515447
-0.0625  -0.561945
-0.09375  -0.632404
-0.125  -0.536876
-0.1875  -0.415475
-0.125  -0.462261
0  -0.598945
0.0625  -0.466531
0.0625  -0.426024
-0.0625  -0.338527
-0.0625  -0.467989
-0.09375  -0.638628
-0.03125  -0.554517
0.09375  -0.555399
-0.0625  -0.464484
0.0625  -0.408559
-0.3125  -0.466752
-0.09375  -0.498305
-0.125  -0.550097
0.1875  -0.675055
0.09375  -0.462053
0.03125  -0.23253
-0.03125  -0.524688
-0.28125  -0.513316
0.125  -0.34112
-0.03125  -0.63168
-0.03125  -0.516068
-0.03125  -0.371503
-0.21875  -0.479784
-0.0625  -0.326113
-0.125  -0.616824
0.03125  -0.486949
0.1875  -0.435044
0.15625  -0.435943
-0.21875  -0.600004
0.0625  -0.473431
0.09375  -0.515021
-0.03125  -0.546901
-0.09375  -0.544024
-0.25  -0.481719
0  -0.656005
-0.09375  -0.408209
-0.0625  -0.461788
-0.03125  -0.528662
0.34375  -0.6192
0.09375  -0.641059
-0.15625  -0.677664
-0.0625  -0.612324
-0.0625  -0.551161
0.125  -0.509179
-0.03125  -0.504441
0.09375  -0.347753
-0.03125  -0.613656
-0.15625  -0.478034
0.03125  -0.48039
-0.0625  -0.556548
0.03125  -0.496931
0  -0.502011
0.03125  -0.505515
0  -0.627222
0.125  -0.527168
0.0625  -0.352596
0.125  -0.607559
-0.0625  -0.606223
-0.21875  -0.663012
-0.15625  -0.571545
-0.0625  -0.262842
-0.0625  -0.337481
-0.125  -0.803944
0.0625  -0.212015
0.03125  -0.510415
-0.0625  -0.475772
-0.125  -0.462011
-0.1875  -0.422582
0.125  -0.577111
0.03125  -0.549323
-0.03125  -0.411263
0.03125  -0.501247
0.1875  -0.332757
-0.0625  -0.427008
-0.09375  -0.296543
0.125  -0.266665
0  -0.435733
-0.03125  -0.507113
0.03125  -0.414117
-0.21875  -0.396468
-0.1875  -0.398006
0.1875  -0.629926
0.03125  -0.684134
-0.15625  -0.529048
-0.09375  -0.473851
-0.09375  -0.585848
0.0625  -0.624796
-0.0625  -0.439529
-0.15625  -0.545455
-0.125  -0.563852
-0.03125  -0.366248
0.03125  -0.597447
-0.15625  -0.228011
0.1875  -0.209592
-0.28125  -0.41117
0  -0.562581
0.09375  -0.560938
-0.09375  -0.49545
0  -0.422306
-0.0625  -0.472322
-0.0625  -0.386229
0.09375  -0.529759
0.03125  -0.414746
0.03125  -0.686096
-0.15625  -0.541699
-0.125  -0.499063
-0.03125  -0.613493
-0.15625  -0.430446
-0.1875  -0.637296
0  -0.390239
0.21875  -0.481349
-0.1875  -0.63532
0.15625  -0.594893
-0.03125  -0.455982
0.0625  -0.731569
-0.09375  -0.544668
-0.25  -0.47868
-0.03125  -0.58711
0.03125  -0.449968
0.1875  -0.589154
0.1875  -0.599481
-0.15625  -0.715094
0.28125  -0.603515
-0.15625  -0.667643
-0.0625  -0.337571
0.09375  -0.0988379
-0.25  -0.481974
0.15625  -0.634204
0.0625  -0.419626
0.21875  -0.610831
-0.21875  -0.352391
0.125  -0.586824
-0.03125  -0.524982
0.03125  -0.623588
-0.0625  -0.584039
0.0625  -0.509097
-0.1875  -0.29146
0.09375  -0.319559
0.25  -0.325218
-0.0625  -0.613864
0.15625  -0.469017
0  -0.58673
-0.03125  -0.588015
0.125  -0.538506
0  -0.401304
-0.21875  -0.662465
-0.1875  -0.565338
0.1875  -0.462137
0  -0.515523
0.0625  -0.535734
-0.09375  -0.439168
0.125  -0.452631
-0.21875  -0.494089
0  -0.397339
-0.0625  -0.524288
0.09375  -0.626931
-0.125  -0.540566
0.1875  -0.288538
-0.03125  -0.464522
0.125  -0.369819
-0.03125  -0.439129
-0.15625  -0.456933
-0.03125  -0.363325
0.125  -0.269697
-0.03125  -0.422651
0  -0.540562
-0.03125  -0.340083
-0.03125  -0.513045
0.03125  -0.378018
0  -0.323254
0.125  -0.533265
-0.03125  -0.498749
-0.21875  -0.672315
0.03125  -0.606271
-0.09375  -0.705952
0.0625  -0.703948
0  -0.361008
-0.0625  -0.418706
-0.03125  -0.499596
-0.15625  -0.441172
0.03125  -0.4199
-0.125  -0.615555
0.1875  -0.62325
-0.15625  -0.354922
0  -0.73471
-0.09375  -0.587509
0.125  -0.489963
0  -0.608637
0.09375  -0.481079
-0.0625  -0.50963
0.09375  -0.720597
0.03125  -0.402025
0.21875  -0.585974
0.0625  -0.353583
0  -0.434617
0  -0.520138
-0.09375  -0.458312
0  -0.485893
-0.03125  -0.495943
0.21875  -0.519221
0.15625  -0.501968
0.03125  -0.67517
-0.125  -0.474834
-0.0625  -0.675485
0  -0.457103
0  -0.554134
0  -0.620097
0  -0.567319
-0.09375  -0.593326
0  -0.664412
0.03125  -0.548504
-0.03125  -0.65902
0  -0.46382
0.15625  -0.620563
-0.125  -0.605998
0.1875  -0.538732
-0.1875  -0.578738
-0.125  -0.574163
-0.03125  -0.559929
-0.03125  -0.609456
-0.15625  -0.477819
0  -0.584215
-0.03125  -0.612514
-0.03125  -0.680971
0.21875  -0.576938
-0.15625  -0.502105
0.03125  -0.366059
0.0625  -0.383097
0.1875  -0.551678
-0.03125  -0.501369
0.125  -0.661338
-0.0625  -0.376878
0.03125  -0.448763
0.03125  -0.473831
0.09375  -0.423174
0.03125  -0.773263
0.125  -0.411822
0.03125  -0.575622
0.125  -0.572661
0.03125  -0.56216
0.09375  -0.575676
0.0625  -0.460624
-0.03125  -0.459268
-0.15625  -0.738241
-0.03125  -0.506922
-0.25  -0.524655
0.1875  -0.461971
-0.0625  -0.383578
-0.03125  -0.638564
0.03125  -0.658425
0.03125  -0.662147
0.125  -0.510813
-0.21875  -0.464431
-0.0625  -0.701095
0.21875  -0.348516
-0.09375  -0.489971
0.1875  -0.393494
-0.09375  -0.637276
-0.09375  -0.561657
0.09375  -0.587778
0.1875  -0.5781
0.03125  -0.598684
0.15625  -0.522543
0.0625  -0.615692
0.09375  -0.503632
0  -0.56186
0  -0.439927
0.03125  -0.566881
0.15625  -0.449797
0  -0.609736
-0.15625  -0.499714
-0.09375  -0.499549
0.09375  -0.343112
0  -0.484198
0  -0.443208
0.25  -0.587178
-0.0625  -0.287347
-0.25  -0.494817
-0.0625  -0.23227
-0.15625  -0.462376
-0.09375  -0.473815
-0.125  -0.706945
0.09375  -0.477021
-0.03125  -0.552543
-0.125  -0.486132
0.0625  -0.475888
-0.09375  -0.535483
-0.0625  -0.60731
0.09375  -0.517835
-0.03125  -0.296421
-0.15625  -0.320816
-0.15625  -0.5064
-0.15625  -0.583705
-0.125  -0.395259
0  -0.488486
-0.15625  -0.475706
-0.03125  -0.351414
-0.03125  -0.555885
-0.125  -0.522833
0.09375  -0.422104
0.03125  -0.490635
0.1875  -0.592801
-0.15625  -0.652688
0.125  -0.577494
-0.25  -0.537911
0.0625  -0.591454
-0.25  -0.634071
0.0625  -0.416404
-0.03125  -0.519959
0.125  -0.488186
0.3125  -0.506698
-0.03125  -0.515616
0.0625  -0.549832
0.125  -0.457449
0.0625  -0.189654
0  -0.292079
-0.0625  -0.702154
-0.28125  -0.447997
0.09375  -0.221285
0.15625  -0.479106
-0.15625  -0.389091
0.21875  -0.268124
-0.1875  -0.511986
0.03125  -0.327416
0.03125  -0.46355
-0.03125  -0.628158
-0.09375  -0.537989
0.09375  -0.427469
0.03125  -0.411611
-0.03125  -0.373779
-0.1875  -0.342486
0  -0.540665
0.0625  -0.198806
0.28125  -0.431267
0  -0.248945
0.0625  -0.52896
-0.25  -0.612985
-0.125  -0.383731
0.125  -0.5793
0  -0.511148
-0.0625  -0.486168
0  -0.378564
-0.09375  -0.369912
0  -0.378088
0.25  -0.592997
0  -0.543385
-0.03125  -0.543805
-0.03125  -0.374199
0.03125  -0.531576
0.15625  -0.524021
-0.125  -0.478591
0.0625  -0.406737
-0.125  -0.538055
-0.09375  -0.487822
-0.125  -0.695463
0.125  -0.588489
0.09375  -0.495342
-0.09375  -0.673744
-0.15625  -0.452711
-0.03125  -0.616144
-0.09375  -0.439776
0.0625  -0.269702
0.09375  -0.444266
0.09375  -0.479912
-0.0625  -0.495114
0.125  -0.430303
0.0625  -0.414036
0.15625  -0.411903
0.125  -0.548189
-0.09375  -0.448816
0.03125  -0.378107
-0.0625  -0.683591
0  -0.48643
-0.03125  -0.557681
-0.0625  -0.452394
0  -0.607019
0.0625  -0.406664
0.09375  -0.672001
0.03125  -0.587586
-0.09375  -0.608957
-0.09375  -0.490088
-0.03125  -0.357884
-0.09375  -0.421088
0.15625  -0.397638
-0.1875  -0.540015
-0.28125  -0.343687
0.0625  -0.418003
-0.125  -0.426074
0.0625  -0.593952
0.0625  -0.585892
-0.3125  -0.628502
-0.125  -0.346576
-0.03125  -0.734501
-0.09375  -0.696705
-0.09375  -0.692633
-0.1875  -0.601775
0.03125  -0.383463
0.0625  -0.679473
0.09375  -0.50794
0.03125  -0.577982
-0.125  -0.374554
0  -0.305195
-0.1875  -0.440185
0  -0.791536
-0.25  -0.433955
-0.09375  -0.455695
0.125  -0.541368
-0.09375  -0.430451
0.15625  -0.455871
0.09375  -0.33587
-0.15625  -0.410824
-0.125  -0.336987
0.15625  -0.470135
-0.15625  -0.462733
0.28125  -0.436034
-0.0625  -0.590751
-0.21875  -0.583037
-0.125  -0.374319
-0.125  -0.550658
0  -0.538847
0.0625  -0.536727
0  -0.397731
0.03125  -0.386253
-0.125  -0.50443
0.03125  -0.487975
0.125  -0.284806
-0.1875  -0.510533
-0.03125  -0.549383
0.21875  -0.501584
0.09375  -0.509618
-0.0625  -0.58327
0.15625  -0.497113
-0.03125  -0.495843
0.0625  -0.302297
0.15625  -0.552792
-0.03125  -0.691517
-0.1875  -0.488824
0  -0.530721
0.09375  -0.563476
-0.09375  -0.609198
-0.1875  -0.606762
0.0625  -0.508143
-0.1875  -0.240501
0.0625  -0.593498
-0.125  -0.411559
0.0625  -0.602444
0.28125  -0.620657
0.03125  -0.389071
0.15625  -0.399666
-0.0625  -0.621046
-0.09375  -0.507679
0.21875  -0.421613
0.0625  -0.688634
-0.09375  -0.495546
-0.1875  -0.576607
0.09375  -0.377182
-0.03125  -0.255092
-0.0625  -0.294512
0.0625  -0.426256
0.09375  -0.730161
0  -0.495737
0.03125  -0.49156
0.09375  -0.575363
0.0625  -0.55726
0.03125  -0.646331
-0.0625  -0.381681
0.15625  -0.624033
0.0625  -0.605091
-0.15625  -0.546903
0.21875  -0.36751
-0.0625  -0.193613
0.25  -0.457617
-0.0625  -0.172212
0  -0.516201
0.125  -0.589241
-0.25  -0.669617
0  -0.501001
0.09375  -0.663628
-0.0625  -0.398653
-0.21875  -0.509955
-0.09375  -0.578701
0  -0.398689
0.15625  -0.325143
0  -0.625477
-0.03125  -0.566254
0.15625  -0.648271
-0.0625  -0.5222
0.1875  -0.570218
0.09375  -0.573976
-0.125  -0.353167
0.34375  -0.530492
0  -0.53343
0.0625  -0.66568
0  -0.428157
-0.125  -0.499305
-0.3125  -0.534429
-0.03125  -0.561324
-0.0625  -0.374512
-0.1875  -0.290467
-0.0625  -0.601811
-0.125  -0.477354
0.125  -0.49134
-0.03125  -0.372236
0.0625  -0.454812
0  -0.602114
0.125  -0.515842
0.03125  -0.453373
0.03125  -0.561457
0.03125  -0.514363
-0.0625  -0.564564
0.09375  -0.491356
-0.21875  -0.314888
-0.125  -0.285812
0.125  -0.383755
0  -0.505886
0.03125  -0.627638
-0.0625  -0.577486
-0.09375  -0.318293
0.28125  -0.317783
0  -0.740607
-0.0625  -0.564411
-0.03125  -0.385653
-0.125  -0.467359
0.3125  -0.482023
-0.09375  -0.672721
0.0625  -0.517817
-0.125  -0.38558
-0.125  -0.43887
0.0625  -0.619628
0  -0.428488
0.28125  -0.526737
0.03125  -0.415548
-0.0625  -0.551073
0.03125  -0.400619
0.1875  -0.464808
0.15625  -0.561863
0.03125  -0.517327
-0.28125  -0.396171
0.03125  -0.565365
-0.09375  -0.397179
-0.125  -0.587237
-0.0625  -0.578908
0.09375  -0.399765
0  -0.634183
-0.15625  -0.458214
0.1875  -0.554049
0.0625  -0.518052
-0.03125  -0.480323
-0.03125  -0.495647
-0.09375  -0.283218
-0.15625  -0.658236
-0.0625  -0.555812
-0.25  -0.511797
-0.09375  -0.433329
-0.1875  -0.541248
-0.25  -0.560331
-0.0625  -0.486481
0  -0.495229
0.21875  -0.375566
-0.15625  -0.416737
-0.09375  -0.623581
0.28125  -0.490032
0.25  -0.371943
0.03125  -0.37279
0.09375  -0.302829
-0.125  -0.411096
-0.21875  -0.577189
0  -0.465713
0.09375  -0.372237
0  -0.601517
-0.15625  -0.5599
-0.21875  -0.667126
-0.21875  -0.226114
0  -0.472071
-0.03125  -0.523639
-0.09375  -0.719909
-0.09375  -0.629335
-0.03125  -0.756984
-0.125  -0.380194
0  -0.483643
-0.125  -0.517969
0.21875  -0.625951
0.0625  -0.396474
0  -0.538434
-0.0625  -0.402476
0  -0.405109
0.09375  -0.585592
0.125  -0.337564
0.34375  -0.391636
0.03125  -0.188964
0.03125  -0.584645
0.125  -0.559418
-0.0625  -0.490857
-0.09375  -0.31185
0  -0.409359
0.125  -0.656181
-0.1875  -0.323861
-0.0625  -0.483037
0.15625  -0.616754
-0.09375  -0.502649
0  -0.41502
0.0625  -0.576301
-0.09375  -0.460794
-0.03125  -0.496599
-0.09375  -0.461476
0.21875  -0.511427
0.1875  -0.438812
-0.125  -0.472959
-0.03125  -0.310673
-0.3125  -0.302533
0.09375  -0.235388
-0.09375  -0.52798
0.0625  -0.574544
0.1875  -0.514553
0.125  -0.470896
0.28125  -0.664297
-0.0625  -0.652024
-0.09375  -0.412173
-0.09375  -0.436054
0.125  -0.48815
-0.15625  -0.533182
0.0625  -0.424508
0.09375  -0.515108
0.09375  -0.4244
0  -0.564597
0.21875  -0.628061
-0.125  -0.67263
-0.15625  -0.615105
-0.1875  -0.283201
-0.1875  -0.551923
0  -0.351185
0.0625  -0.424691
0.25  -0.479204
0.3125  -0.310674
-0.125  -0.48067
0.03125  -0.592866
-0.15625  -0.548156
0.03125  -0.27912
0.15625  -0.562442
-0.09375  -0.307212
-0.21875  -0.56315
-0.03125  -0.651427
0.09375  -0.302825
-0.1875  -0.491609
0  -0.659261
-0.21875  -0.55227
0.125  -0.532485
-0.09375  -0.619372
0.0625  -0.378889
-0.1875  -0.456274
0.09375  -0.533228
0.125  -0.615264
0  -0.308141
-0.09375  -0.594545
0.09375  -0.392056
0  -0.455779
0.03125  -0.678252
0.09375  -0.514835
0  -0.667832
-0.09375  -0.428856
0  -0.735771
-0.125  -0.324033
-0.0625  -0.295883
-0.125  -0.381419
-0.0625  -0.60375
-0.1875  -0.524167
0  -0.513772
0.0625  -0.346083
0.0625  -0.444293
0.03125  -0.605389
-0.125  -0.594535
0.3125  -0.428486
0  -0.407763
-0.125  -0.442497
0.15625  -0.433792
-0.03125  -0.416265
-0.03125  -0.652002
-0.0625  -0.345488
0  -0.535079
-0.03125  -0.498695
-0.0625  -0.516886
0  -0.261598
-0.15625  -0.405678
0.0625  -0.512101
-0.125  -0.442179
0.15625  -0.497497
-0.0625  -0.336569
0.03125  -0.658767
0.0625  -0.538459
0.09375  -0.46688
0.09375  -0.393952
0.21875  -0.495418
-0.28125  -0.582176
0.34375  -0.550543
0.09375  -0.540245
-0.03125  -0.413631
0.09375  -0.421068
0.15625  -0.452073
0.09375  -0.522664
0.03125  -0.606534
0.09375  -0.467915
-0.15625  -0.539611
-0.125  -0.521653
0.03125  -0.605363
-0.09375  -0.491516
0.21875  -0.302047
0.0625  -0.611872
0.125  -0.473582
-0.1875  -0.542903
0.03125  -0.536719
-0.0625  -0.707631
0.125  -0.465374
0.03125  -0.471041
0.125  -0.370165
-0.09375  -0.45713
0.0625  -0.651392
-0.125  -0.525091
0.03125  -0.632779
0.03125  -0.566991
0  -0.348775
-0.28125  -0.656632
0.09375  -0.427779
-0.0625  -0.454307
-0.0625  -0.386116
-0.03125  -0.540825
0.21875  -0.685012
-0.03125  -0.664022
0  -0.570716
0  -0.501033
0.21875  -0.534369
0.0625  -0.583382
0.03125  -0.371832
0.1875  -0.631934
-0.1875  -0.183629
-0.125  -0.397
-0.0625  -0.442539
0.09375  -0.615171
0.0625  -0.418528
-0.0625  -0.562537
0  -0.469534
0.1875  -0.655927
-0.0625  -0.546462
-0.125  -0.6844
-0.0625  -0.582816
0.03125  -0.556054
-0.03125  -0.26766
-0.03125  -0.701693
-0.125  -0.421999
-0.125  -0.387867
0.125  -0.465024
-0.15625  -0.50817
-0.09375  -0.616612
0.0625  -0.468674
0.3125  -0.403075
0  -0.485604
-0.0625  -0.448791
-0.09375  -0.623597
-0.03125  -0.576355
0.25  -0.681861
0  -0.427177
-0.09375  -0.383429
0  -0.473964
-0.0625  -0.625789
0.125  -0.423173
-0.0625  -0.489155
-0.125  -0.425723
-0.1875  -0.495467
0  -0.658223
0.0625  -0.498941
0.1875  -0.55916
0.03125  -0.426764
-0.125  -0.534698
-0.28125  -0.528864
-0.0625  -0.418599
-0.09375  -0.468459
-0.09375  -0.539832
-0.25  -0.27812
0.125  -0.613291
0.125  -0.657767
0.1875  -0.632508
-0.09375  -0.477576
0.125  -0.665664
0.03125  -0.510709
0.03125  -0.571357
-0.0625  -0.459746
-0.03125  -0.404596
-0.0625  -0.534469
-0.03125  -0.234215
-0.03125  -0.605806
0.15625  -0.488653
0.28125  -0.477288
0.125  -0.654321
0.125  -0.47282
0.125  -0.669063
0.21875  -0.509284
0.0625  -0.474546
0.03125  -0.568181
-0.09375  -0.420359
-0.0625  -0.311921
0.15625  -0.522264
0.15625  -0.452088
0.1875  -0.384924
-0.09375  -0.623299
0.28125  -0.555369
0.125  -0.325374
-0.03125  -0.489188
-0.1875  -0.514809
0  -0.618751
0.09375  -0.745
0.125  -0.621068
0  -0.4056
-0.125  -0.582655
0.34375  -0.378742
-0.03125  -0.289989
0.15625  -0.642729
-0.125  -0.491179
-0.125  -0.48887
0.03125  -0.418581
-0.09375  -0.632631
-0.09375  -0.294624
0.03125  -0.457404
-0.15625  -0.612729
0.09375  -0.402856
-0.15625  -0.764393
0  -0.717481
-0.0625  -0.54501
0.0625  -0.60208
0.125  -0.717375
0  -0.514979
-0.03125  -0.697805
0.15625  -0.510477
-0.125  -0.437816
0  -0.571603
0.25  -0.394821
-0.125  -0.518244
0.25  -0.562224
0.09375  -0.439157
0.03125  -0.20709
0.0625  -0.484419
0.0625  -0.338942
0.125  -0.568739
0.03125  -0.68816
-0.09375  -0.351259
-0.03125  -0.510573
0.125  -0.457854
0.1875  -0.560192
-0.0625  -0.580835
0.03125  -0.537822
0.03125  -0.594292
0  -0.575984
-0.15625  -0.405238
-0.125  -0.256826
-0.03125  -0.614082
-0.03125  -0.468144
-0.0625  -0.546903
0  -0.523994
0.09375  -0.596416
-0.0625  -0.556013
0.09375  -0.211136
-0.34375  -0.458207
0.03125  -0.697366
0.0625  -0.438212
0.03125  -0.512912
0  -0.609151
0.0625  -0.398393
0.125  -0.604737
-0.0625  -0.351487
-0.09375  -0.285126
-0.09375  -0.473214
0.15625  -0.273482
-0.03125  -0.366021
-0.15625  -0.624501
-0.09375  -0.619819
0  -0.667404
0.1875  -0.444981
-0.0625  -0.361991
-0.0625  -0.469732
-0.03125  -0.49609
0.125  -0.374801
-0.40625  -0.45862
-0.15625  -0.53884
-0.0625  -0.51413
0.03125  -0.571377
0.03125  -0.528457
-0.03125  -0.438439
0  -0.728031
-0.03125  -0.516169
0.03125  -0.605708
0.09375  -0.370013
0.03125  -0.654664
0.0625  -0.539589
0  -0.641918
0.09375  -0.575348
0.03125  -0.470741
-0.09375  -0.450004
-0.15625  -0.523932
0.28125  -0.367782
-0.1875  -0.595287
-0.0625  -0.629136
-0.125  -0.617146
0.0625  -0.704882
-0.21875  -0.354946
-0.15625  -0.471538
-0.125  -0.592608
-0.15625  -0.610556
-0.09375  -0.531052
0.125  -0.483971
-0.28125  -0.573383
-0.15625  -0.452595
0.03125  -0.547127
-0.125  -0.416725
0.125  -0.518258
-0.25  -0.447709
-0.21875  -0.511285
0.125  -0.545886
-0.03125  -0.553041
-0.1875  -0.625838
-0.15625  -0.733336
0.03125  -0.503135
0.03125  -0.678936
0.125  -0.501727
-0.0625  -0.544592
-0.0625  -0.609778
-0.1875  -0.634365
-0.1875  -0.624997
-0.09375  -0.440798
-0.03125  -0.37205
0.21875  -0.488241
0  -0.562429
0.0625  -0.764771
0.1875  -0.50574
0.03125  -0.470371
-0.1875  -0.59392
-0.03125  -0.484901
-0.0625  -0.711231
-0.0625  -0.367378
0.21875  -0.440899
0.15625  -0.517609
0  -0.658601
-0.28125  -0.514577
-0.03125  -0.159155
-0.0625  -0.365856
0  -0.475163
-0.125  -0.468083
0.03125  -0.397569
-0.09375  -0.424387
0  -0.420883
0.03125  -0.252573
-0.09375  -0.541056
0.125  -0.47231
0.21875  -0.441798
-0.1875  -0.712193
-0.09375  -0.27384
-0.0625  -0.685757
-0.0625  -0.481337
-0.15625  -0.704983
0.0625  -0.712448
-0.125  -0.472404
-0.09375  -0.366009
-0.125  -0.421534
-0.09375  -0.562953
0.125  -0.383065
-0.09375  -0.512478
0.25  -0.392842
-0.03125  -0.354992
-0.25  -0.397846
-0.125  -0.307537
0.28125  -0.478503
-0.125  -0.222791
-0.1875  -0.610001
0.03125  -0.617383
-0.375  -0.567916
0.03125  -0.358786
0.1875  -0.354723
0.25  -0.349041
0.09375  -0.424809
0.25  -0.393515
0.25  -0.327033
-0.21875  -0.65024
-0.03125  -0.656646
0.125  -0.525767
0.21875  -0.36707
-0.09375  -0.389266
-0.09375  -0.437035
0  -0.369133
0.03125  -0.459894
-0.125  -0.601383
-0.0625  -0.417209
0.0625  -0.51312
0.03125  -0.47101
-0.125  -0.585767
-0.0625  -0.439421
0.09375  -0.517571
-0.0625  -0.423521
-0.125  -0.594927
0  -0.635131
0.03125  -0.492495
-0.09375  -0.407368
-0.03125  -0.50958
0.09375  -0.555456
-0.03125  -0.530974
-0.0625  -0.339343
-0.125  -0.673912
0.21875  -0.502694
0.09375  -0.597877
0.09375  -0.745409
-0.03125  -0.494443
-0.1875  -0.393998
0  -0.503727
-0.125  -0.464202
-0.125  -0.529253
-0.1875  -0.549066
0.21875  -0.470075
-0.15625  -0.615909
-0.03125  -0.4459
0  -0.655368
0.03125  -0.537079
0.03125  -0.421862
0.03125  -0.6462
-0.21875  -0.726293
-0.09375  -0.588243
0.09375  -0.555843
0.1875  -0.588612
-0.03125  -0.615661
-0.15625  -0.735258
-0.25  -0.407797
-0.15625  -0.338169
0.125  -0.646091
0.0625  -0.407239
0.15625  -0.470171
0.1875  -0.571065
0.125  -0.309306
-0.03125  -0.571674
0  -0.328234
-0.0625  -0.409002
0.21875  -0.654268
-0.0625  -0.365192
0.0625  -0.784584
0.0625  -0.283811
0  -0.453699
-0.03125  -0.365021
-0.09375  -0.353869
0.0625  -0.617775
0.125  -0.642703
0.0625  -0.497933
0.21875  -0.716944
-0.28125  -0.639862
0.03125  -0.478543
0.15625  -0.383473
-0.40625  -0.492129
0  -0.34995
-0.1875  -0.445629
-0.03125  -0.43892
-0.09375  -0.63962
0.09375  -0.416712
0.21875  -0.601007
-0.125  -0.391795
0.15625  -0.259174
0.0625  -0.410072
0.15625  -0.25835
0.03125  -0.537412
0.03125  -0.480468
0.03125  -0.589734
-0.03125  -0.536361
0.15625  -0.489492
-0.09375  -0.442105
-0.09375  -0.519194
-0.03125  -0.596761
0  -0.491035
-0.03125  -0.278289
-0.1875  -0.405373
0.4375  -0.380747
0.21875  -0.343756
0.03125  -0.266901
0  -0.317653
0.03125  -0.594859
-0.09375  -0.643145
-0.1875  -0.6352
0.21875  -0.417917
-0.3125  -0.526005
0.0625  -0.652909
0.0625  -0.482101
0.0625  -0.715283
0.03125  -0.57587
-0.15625  -0.524578
0.125  -0.526737
-0.09375  -0.620956
0.15625  -0.678346
0.03125  -0.394763
-0.28125  -0.554848
0  -0.512463
0.125  -0.582134
-0.0625  -0.591666
0.15625  -0.566531
0.03125  -0.518712
-0.21875  -0.344383
0.09375  -0.478446
-0.09375  -0.617583
0.125  -0.522789
-0.09375  -0.570551
0.1875  -0.60874
-0.3125  -0.518402
-0.25  -0.371161
-0.125  -0.169694
0.03125  -0.457959
0.125  -0.252548
0.09375  -0.396344
0.15625  -0.701732
0.0625  -0.571179
0  -0.410623
0.03125  -0.463723
-0.125  -0.368276
-0.0625  -0.494276
-0.15625  -0.411959
0.15625  -0.570454
-0.0625  -0.624106
0  -0.367392
0.09375  -0.350417
-0.0625  -0.363742
-0.03125  -0.481162
-0.09375  -0.588928
-0.0625  -0.420639
-0.03125  -0.675698
-0.03125  -0.466803
-0.0625  -0.604869
-0.1875  -0.50802
0.09375  -0.345306
-0.125  -0.690172
0.0625  -0.498591
0.09375  -0.666814
0.40625  -0.367611
-0.0625  -0.74215
0.0625  -0.376104
-0.25  -0.369067
-0.09375  -0.575254
-0.1875  -0.55612
-0.0625  -0.393054
0.21875  -0.37564
-0.21875  -0.389054
-0.125  -0.37232
-0.03125  -0.478915
0.125  -0.456281
0.0625  -0.611954
-0.125  -0.457984
-0.03125  -0.635448
-0.09375  -0.658168
0.0625  -0.540463
-0.1875  -0.581703
0.03125  -0.704254
0.1875  -0.653085
0  -0.361321
0.0625  -0.433293
-0.1875  -0.382741
0.1875  -0.533861
-0.125  -0.618212
-0.15625  -0.394063
-0.125  -0.494536
-0.09375  -0.625299
-0.03125  -0.670816
-0.03125  -0.536425
0.125  -0.427422
0.1875  -0.505049
-0.03125  -0.529053
-0.0625  -0.314424
-0.03125  -0.573102
0.0625  -0.327079
0.0625  -0.720718
0  -0.534999
0.09375  -0.431594
-0.1875  -0.379224
0.0625  -0.627368
0.03125  -0.478025
-0.0625  -0.521225
-0.21875  -0.525371
0.03125  -0.280864
0.1875  -0.487329
0.0625  -0.346887
-0.09375  -0.483026
0  -0.633697
0.09375  -0.631006
0.125  -0.563427
-0.15625  -0.372766
-0.0625  -0.641007
-0.03125  -0.356787
0.09375  -0.627423
-0.0625  -0.521849
-0.125  -0.42551
-0.1875  -0.709862
0.15625  -0.10007
0.125  -0.758362
-0.28125  -0.370931
-0.15625  -0.578983
-0.03125  -0.387331
-0.15625  -0.331331
0  -0.485863
-0.09375  -0.477797
0.0625  -0.587199
0.25  -0.419657
0.0625  -0.560215
0  -0.52408
0  -0.599752
0.09375  -0.303698
-0.125  -0.35118
-0.03125  -0.428618
-0.09375  -0.422086
-0.09375  -0.513898
0.0625  -0.523433
0  -0.382743
-0.09375  -0.495512
0.25  -0.537528
0.125  -0.597041
-0.0625  -0.592881
0.1875  -0.513942
0.03125  -0.62226
0  -0.652328
0.03125  -0.429415
-0.03125  -0.486523
-0.03125  -0.621228
0.0625  -0.539953
-0.09375  -0.474306
0.15625  -0.512772
-0.1875  -0.410859
-0.0625  -0.412821
-0.09375  -0.344928
0  -0.448658
0  -0.648336
0.1875  -0.428589
0.125  -0.433332
0.0625  -0.371993
0.03125  -0.388665
-0.25  -0.320386
0.21875  -0.666946
0  -0.58844
0  -0.475215
0.03125  -0.344774
-0.03125  -0.641628
-0.03125  -0.408349
0.125  -0.478984
0.28125  -0.58175
-0.09375  -0.591487
-0.09375  -0.556943
0  -0.564274
0  -0.336187
-0.0625  -0.426923
-0.09375  -0.368813
0.0625  -0.256519
-0.125  -0.429068
0.21875  -0.485236
0.03125  -0.457349
0  -0.270274
-0.03125  -0.583821
0.09375  -0.592996
-0.03125  -0.457655
0  -0.599953
0.03125  -0.422544
-0.21875  -0.528168
0.125  -0.468402
-0.1875  -0.548424
0.03125  -0.462847
0  -0.358442
-0.03125  -0.390281
-0.09375  -0.521781
-0.3125  -0.440544
0  -0.50937
-0.0625  -0.452534
-0.09375  -0.516538
0.125  -0.396681
-0.03125  -0.494223
-0.125  -0.367272
0  -0.620823
0  -0.648066
-0.28125  -0.681724
0.15625  -0.249705
0.25  -0.624215
-0.03125  -0.451733
-0.0625  -0.408758
0  -0.447147
0.0625  -0.395068
-0.125  -0.412047
-0.15625  -0.329742
0.15625  -0.450828
-0.125  -0.413573
0.09375  -0.292444
-0.1875  -0.427994
-0.1875  -0.439685
-0.125  -0.617756
0.03125  -0.344595
0  -0.451104
-0.03125  -0.517288
-0.09375  -0.617213
-0.125  -0.0848931
-0.09375  -0.631291
-0.03125  -0.557214
0.125  -0.551293
0  -0.320035
-0.03125  -0.452263
-0.09375  -0.607045
-0.21875  -0.40169
0.03125  -0.54079
0  -0.624397
-0.1875  -0.363024
0.09375  -0.613766
-0.1875  -0.539142
-0.03125  -0.404461
0.125  -0.455966
0.1875  -0.462816
-0.03125  -0.550427
-0.1875  -0.546297
-0.21875  -0.588994
0.0625  -0.430283
0.3125  -0.32185
-0.1875  -0.405181
0.09375  -0.576084
0.0625  -0.386869
0.0625  -0.591171
0.0625  -0.407979
0.0625  -0.462395
0.1875  -0.291683
-0.03125  -0.5847
0.125  -0.574754
0.03125  -0.592558
0.0625  -0.548646
0.09375  -0.480079
0  -0.310022
-0.09375  -0.451869
0.03125  -0.404986
0  -0.287486
0.25  -0.445532
0.0625  -0.750809
-0.125  -0.506248
-0.09375  -0.490426
-0.09375  -0.545163
0  -0.566811
0.1875  -0.46856
0  -0.516248
-0.0625  -0.391945
-0.03125  -0.44289
-0.03125  -0.283658
0.0625  -0.49261
0.09375  -0.623725
0  -0.691047
-0.0625  -0.467692
-0.15625  -0.641994
0.125  -0.206167
0.03125  -0.28567
-0.09375  -0.365363
0.125  -0.409944
-0.0625  -0.577512
0  -0.55724
-0.25  -0.599205
0.09375  -0.525563
0.15625  -0.435936
0.125  -0.544717
-0.03125  -0.556193
0.125  -0.566875
-0.125  -0.544934
-0.1875  -0.590722
0  -0.71584
0  -0.186236
0  -0.605331
0.03125  -0.347374
0.03125  -0.502789
0.28125  -0.637889
-0.15625  -0.667219
0.09375  -0.383261
0.1875  -0.344942
0.15625  -0.321795
0.09375  -0.4179
0.03125  -0.439122
0.125  -0.11422
-0.09375  -0.398764
0.09375  -0.49584
0  -0.609495
0.125  -0.508943
-0.0625  -0.358104
0.3125  -0.29221
0.15625  -0.601694
-0.09375  -0.493053
0.09375  -0.557955
-0.125  -0.426134
-0.09375  -0.416244
-0.15625  -0.532328
-0.0625  -0.518587
-0.21875  -0.475627
-0.125  -0.447125
0  -0.352126
0  -0.56945
0.15625  -0.362625
-0.09375  -0.604274
0.21875  -0.406201
-0.15625  -0.700414
0.09375  -0.604514
0  -0.613093
-0.3125  -0.352266
0.15625  -0.470341
-0.0625  -0.749871
0.125  -0.395595
-0.0625  -0.608932
-0.09375  -0.337039
-0.09375  -0.578224
0.09375  -0.673937
-0.03125  -0.375364
0.03125  -0.392757
-0.09375  -0.455492
0.03125  -0.725825
-0.0625  -0.44169
0.0625  -0.558938
0.0625  -0.534214
-0.125  -0.421832
0.03125  -0.514814
0.15625  -0.573879
0.0625  -0.54515
-0.09375  -0.541724
0.0625  -0.537548
0.0625  -0.565697
-0.125  -0.504753
-0.03125  -0.395461
0  -0.533646
-0.03125  -0.702064
0.125  -0.43883
-0.125  -0.615385
-0.03125  -0.534239
0.0625  -0.350027
0.03125  -0.512738
-0.21875  -0.439865
0.0625  -0.304058
-0.34375  -0.301566
-0.03125  -0.587383
-0.0625  -0.471804
0  -0.400207
0.03125  -0.739398
-0.03125  -0.433096
-0.03125  -0.633795
-0.1875  -0.513005
0.125  -0.520854
-0.09375  -0.334315
-0.125  -0.351768
0.125  -0.405751
-0.09375  -0.514751
0.0625  -0.290896
-0.0625  -0.553652
0.15625  -0.663931
-0.1875  -0.500761
-0.125  -0.501042
0.21875  -0.505012
0  -0.430509
0.03125  -0.503423
-0.15625  -0.571024
-0.03125  -0.298416
0.0625  -0.405601
0.0625  -0.607025
0.125  -0.651797
-0.03125  -0.441487
-0.15625  -0.546052
-0.125  -0.530654
0.21875  -0.408266
-0.0625  -0.581856
0.09375  -0.207466
-0.15625  -0.393626
0.03125  -0.554796
0.125  -0.373644
0.0625  -0.641772
0.0625  -0.463836
-0.21875  -0.485612
-0.125  -0.566633
0  -0.539948
-0.1875  -0.43086
-0.1875  -0.525072
-0.03125  -0.460844
0.125  -0.386712
0.28125  -0.406325
-0.03125  -0.412638
-0.0625  -0.595975
-0.125  -0.604724
0.03125  -0.534765
-0.09375  -0.549999
-0.03125  -0.470972
0  -0.355031
0.0625  -0.686034
-0.03125  -0.432039
-0.125  -0.471912
-0.15625  -0.553934
-0.03125  -0.337762
-0.21875  -0.442926
-0.03125  -0.572999
-0.03125  -0.631503
-0.09375  -0.581235
0.03125  -0.44621
0  -0.541737
-0.15625  -0.666336
-0.15625  -0.580473
-0.0625  -0.538902
0.03125  -0.369544
0  -0.456547
0.1875  -0.397149
-0.15625  -0.209617
0.15625  -0.641946
0  -0.550084
0  -0.73497
-0.125  -0.453257
0  -0.473703
-0.03125  -0.545271
-0.0625  -0.420971
-0.15625  -0.56389
0  -0.551554
-0.1875  -0.63873
-0.125  -0.33053
0.09375  -0.515059
0.15625  -0.491802
-0.34375  -0.603382
-0.03125  -0.372945
-0.0625  -0.37431
0.09375  -0.646441
-0.25  -0.56307
0.15625  -0.538592
-0.0625  -0.724686
-0.125  -0.640243
-0.3125  -0.655108
0.0625  -0.603501
-0.09375  -0.482938
-0.15625  -0.56352
0.25  -0.454823
0.0625  -0.350883
0.03125  -0.432001
-0.1875  -0.5051
0.15625  -0.664569
0.0625  -0.25511
-0.125  -0.45923
0.15625  -0.398773
-0.28125  -0.43255
-0.09375  -0.640034
-0.0625  -0.293381
0.28125  -0.568179
-0.15625  -0.478192
-0.03125  -0.468693
-0.03125  -0.264064
0.28125  -0.419728
-0.0625  -0.446388
-0.03125  -0.432457
0.3125  -0.59247
0.03125  -0.536199
-0.125  -0.512672
0.0625  -0.713249
-0.1875  -0.54518
-0.03125  -0.333794
0  -0.448864
0.0625  -0.560803
0  -0.450265
-0.03125  -0.601136
-0.09375  -0.470735
-0.15625  -0.0940141
-0.1875  -0.452089
0.28125  -0.307338
-0.28125  -0.508768
-0.21875  -0.572859
0.09375  -0.586346
-0.0625  -0.515939
0.03125  -0.562457
0.03125  -0.626707
-0.0625  -0.407001
0  -0.565195
-0.25  -0.584477
0.21875  -0.453273
0.09375  -0.20126
0.03125  -0.400999
-0.03125  -0.484804
0.21875  -0.480048
0.21875  -0.502633
-0.1875  -0.38648
0.09375  -0.57398
0.21875  -0.506929
0.1875  -0.52611
0  -0.567805
0.03125  -0.459231
0.09375  -0.310025
-0.03125  -0.481101
-0.15625  -0.496207
-0.09375  -0.599577
0.0625  -0.427335
0.03125  -0.533824
0.125  -0.429447
0  -0.465939
0.03125  -0.345298
0.09375  -0.30985
0.0625  -0.699987
-0.0625  -0.469902
-0.09375  -0.497086
-0.03125  -0.504103
-0.03125  -0.10206
-0.03125  -0.556536
-0.15625  -0.470391
-0.21875  -0.397628
-0.25  -0.568645
0  -0.617158
-0.15625  -0.567232
0.125  -0.506362
-0.03125  -0.530848
-0.21875  -0.513901
-0.0625  -0.488233
0  -0.426107
-0.0625  -0.361042
-0.125  -0.576368
0  -0.34233
0  -0.572211
0.03125  -0.492241
-0.03125  -0.363274
-0.09375  -0.549091
-0.0625  -0.608987
-0.1875  -0.379347
0.03125  -0.418047
0.0625  -0.406344
0.0625  -0.719094
-0.25  -0.59261
0.09375  -0.503254
-0.09375  -0.298986
0.03125  -0.477116
-0.15625  -0.475794
-0.125  -0.523105
0  -0.556434
-0.15625  -0.441414
0.1875  -0.372695
0.03125  -0.554143
0.0625  -0.501867
-0.03125  -0.580615
0.25  -0.406161
-0.03125  -0.70138
0.1875  -0.495437
0.125  -0.488052
-0.0625  -0.391771
0  -0.536995
-0.0625  -0.58105
0.125  -0.428104
0.03125  -0.487086
0.15625  -0.670935
-0.15625  -0.476939
-0.09375  -0.244462
-0.09375  -0.508825
-0.03125  -0.444703
-0.15625  -0.471526
0.0625  -0.715047
0  -0.470299
0.25  -0.359914
-0.09375  -0.444076
-0.03125  -0.659424
0.25  -0.445845
0.125  -0.477515
-0.15625  -0.29491
0.09375  -0.507961
0.09375  -0.470658
0.03125  -0.543741
0.25  -0.678891
0.25  -0.626596
0.15625  -0.378434
0  -0.687892
0.0625  -0.70129
-0.15625  -0.554836
0.15625  -0.467926
-0.15625  -0.600221
-0.28125  -0.575158
-0.09375  -0.432984
-0.03125  -0.577081
-0.09375  -0.385463
-0.0625  -0.509699
-0.21875  -0.441781
-0.0625  -0.45944
0.15625  -0.648169
-0.0625  -0.521002
-0.03125  -0.586313
-0.09375  -0.402695
-0.09375  -0.623511
-0.0625  -0.50749
-0.125  -0.574409
0.0625  -0.583984
0  -0.430684
0.125  -0.49324
-0.0625  -0.469636
-0.15625  -0.408414
0.03125  -0.525848
0  -0.387432
-0.09375  -0.654118
0.0625  -0.596625
0.125  -0.329159
0.0625  -0.421488
0.0625  -0.631333
0.1875  -0.329908
-0.15625  -0.470928
0.0625  -0.518376
0.03125  -0.689844
0.21875  -0.510582
0.125  -0.653061
0.09375  -0.470221
0.125  -0.560732
-0.125  -0.453139
-0.03125  -0.295055
-0.03125  -0.587334
0.03125  -0.504066
-0.09375  -0.511307
-0.0625  -0.501281
-0.09375  -0.56059
-0.15625  -0.489386
0.125  -0.492136
-0.03125  -0.659294
0.0625  -0.589314
0.0625  -0.43391
0.28125  -0.507612
0  -0.544182
0.0625  -0.591738
0  -0.500751
0.0625  -0.70839
-0.03125  -0.554809
-0.125  -0.652638
0.03125  -0.466416
0.25  -0.459452
0.0625  -0.363681
-0.1875  -0.40731
0.0625  -0.366156
-0.1875  -0.314024
0.125  -0.530406
0.03125  -0.4021
-0.0625  -0.410499
0  -0.673521
-0.0625  -0.570552
-0.125  -0.714844
-0.21875  -0.432102
0.15625  -0.393454
0.0625  -0.659173
0.15625  -0.326774
0  -0.429981
-0.03125  -0.566887
0.09375  -0.494253
0.09375  -0.377207
-0.03125  -0.442303
0.09375  -0.576968
0.03125  -0.597981
-0.09375  -0.413904
-0.09375  -0.354733
-0.09375  -0.382625
0.03125  -0.587527
0.0625  -0.615412
-0.0625  -0.461366
-0.0625  -0.502509
0  -0.602559
-0.0625  -0.45004
0.15625  -0.45963
0.0625  -0.396413
-0.125  -0.529341
0.0625  -0.453608
0.0625  -0.371916
0.15625  -0.800197
-0.0625  -0.549767
0.125  -0.503118
0.125  -0.362103
0.0625  -0.435301
-0.03125  -0.56327
0.0625  -0.563371
0.0625  -0.597648
-0.1875  -0.428271
-0.125  -0.47032
0.15625  -0.429666
0.03125  -0.287757
-0.03125  -0.711264
-0.0625  -0.390767
0.0625  -0.573669
-0.09375  -0.496628
-0.15625  -0.493547
-0.125  -0.48638
-0.03125  -0.514852
-0.125  -0.687642
0  -0.556261
0.125  -0.687594
0.125  -0.528988
-0.0625  -0.442931
0.21875  -0.469986
-0.09375  -0.54528
0.0625  -0.421081
0  -0.64404
0.09375  -0.514801
-0.0625  -0.491609
0  -0.712169
-0.21875  -0.558367
0.25  -0.461521
0  -0.77417
0.125  -0.278101
-0.0625  -0.538588
0.15625  -0.54268
0.0625  -0.508473
0  -0.431698
0.0625  -0.498174
0.03125  -0.459588
0.15625  -0.382562
-0.1875  -0.518988
-0.0625  -0.542741
0.21875  -0.599489
-0.25  -0.470084
0  -0.548596
-0.15625  -0.537205
0.03125  -0.682833
0.03125  -0.561079
0.03125  -0.563843
-0.25  -0.600649
0  -0.536244
0.03125  -0.260321
0.0625  -0.534209
-0.125  -0.415111
-0.09375  -0.403708
-0.125  -0.524585
0.0625  -0.37758
0  -0.543256
-0.0625  -0.592894
-0.0625  -0.371951
0.21875  -0.667564
-0.125  -0.499451
0.09375  -0.614598
0.0625  -0.291353
0.03125  -0.531821
-0.1875  -0.476362
-0.09375  -0.41188
-0.125  -0.552275
-0.125  -0.637852
0.03125  -0.468246
0  -0.484416
0.09375  -0.339949
-0.0625  -0.472948
-0.15625  -0.489271
0  -0.545049
0.03125  -0.279908
0.03125  -0.402232
0.0625  -0.539843
0.03125  -0.691987
0  -0.337603
0.03125  -0.302461
-0.09375  -0.465242
0.03125  -0.548839
0.09375  -0.552898
-0.09375  -0.556109
-0.125  -0.63677
0.09375  -0.534711
0.03125  -0.504686
-0.1875  -0.441661
0.03125  -0.51371
-0.03125  -0.447389
0.03125  -0.351529
0.1875  -0.532344
0  -0.605955
-0.125  -0.506152
0  -0.616303
-0.0625  -0.330606
-0.03125  -0.514989
-0.09375  -0.385316
0.125  -0.335015
-0.15625  -0.570218
-0.125  -0.56729
0.0625  -0.475083
0.03125  -0.469188
-0.0625  -0.442058
0.125  -0.591253
0.0625  -0.708402
-0.03125  -0.43674
0.1875  -0.420257
-0.09375  -0.506013
-0.0625  -0.299034
-0.0625  -0.585625
-0.125  -0.539771
0.03125  -0.480826
-0.09375  -0.453116
-0.03125  -0.630186
0  -0.617309
0.09375  -0.533698
0.1875  -0.469179
0.1875  -0.509712
0.28125  -0.541711
0.0625  -0.597252
0  -0.24627
-0.15625  -0.475179
-0.09375  -0.373648
0.09375  -0.659144
-0.09375  -0.485436
0  -0.482261
0.03125  -0.759126
0.0625  -0.484691
0.15625  -0.473135
0.03125  -0.534974
-0.1875  -0.569248
0.15625  -0.538634
0.09375  -0.468574
-0.03125  -0.567452
0.3125  -0.492892
0.03125  -0.435047
-0.1875  -0.521849
0.09375  -0.559207
0.125  -0.343806
0.15625  -0.306091
-0.1875  -0.643811
0.09375  -0.604361
-0.0625  -0.499014
-0.09375  -0.393042
0.125  -0.553022
0.03125  -0.593748
-0.21875  -0.414762
0.09375  -0.51139
0.125  -0.594569
-0.25  -0.589051
0.09375  -0.661308
0  -0.563971
-0.03125  -0.450887
0  -0.660307
0.25  -0.663393
-0.03125  -0.65074
0.03125  -0.53734
-0.0625  -0.645915
-0.0625  -0.465463
-0.0625  -0.531445
-0.03125  -0.367056
-0.03125  -0.415611
-0.21875  -0.334471
0.0625  -0.509731
0.0625  -0.525155
0.0625  -0.52656
-0.03125  -0.700619
0.0625  -0.573568
-0.0625  -0.620769
-0.03125  -0.475945
0.0625  -0.331999
0.09375  -0.525723
0.0625  -0.560351
0.0625  -0.471137
0.09375  -0.448608
0.125  -0.661261
-0.0625  -0.417216
0.03125  -0.420013
-0.21875  -0.54737
-0.15625  -0.449458
0.03125  -0.466415
-0.15625  -0.509607
0.28125  -0.573943
-0.125  -0.442961
0.15625  -0.609468
0.125  -0.493301
0  -0.29281
0.125  -0.387566
0.09375  -0.456859
-0.03125  -0.504737
-0.03125  -0.488679
0.3125  -0.589985
-0.125  -0.639496
-0.21875  -0.379618
0.03125  -0.593696
0.1875  -0.328868
0.09375  -0.376679
-0.25  -0.814341
0.15625  -0.554872
-0.0625  -0.365574
0.15625  -0.573442
-0.0625  -0.484835
-0.1875  -0.565686
-0.03125  -0.405603
0.15625  -0.470148
-0.03125  -0.4742
0.3125  -0.599434
0.03125  -0.386155
0  -0.365067
-0.03125  -0.43456
-0.125  -0.538173
0  -0.4408
0  -0.443316
0.21875  -0.240288
-0.0625  -0.542434
-0.125  -0.739812
-0.15625  -0.711057
-0.15625  -0.374284
0.15625  -0.386898
0.0625  -0.481588
0  -0.478297
0  -0.412588
0.03125  -0.331335
0.03125  -0.387701
-0.09375  -0.544641
0  -0.603787
-0.0625  -0.53836
0.09375  -0.314557
-0.25  -0.453045
0.15625  -0.602388
0.125  -0.632928
0.1875  -0.417809
0.03125  -0.418735
0.0625  -0.540436
-0.21875  -0.297731
-0.03125  -0.511021
0.09375  -0.396233
0.28125  -0.562189
0.0625  -0.642222
0.125  -0.35253
-0.0625  -0.0921321
-0.15625  -0.547857
0.125  -0.645066
0.21875  -0.452265
0  -0.680482
0.0625  -0.440126
-0.0625  -0.476217
0  -0.589353
0.0625  -0.567924
-0.03125  -0.568196
-0.0625  -0.272475
0.03125  -0.284848
-0.09375  -0.528663
0.09375  -0.436078
-0.09375  -0.365528
-0.0625  -0.408406
-0.125  -0.68496
-0.03125  -0.42965
0.09375  -0.228538
-0.03125  -0.52269
0.0625  -0.512748
-0.28125  -0.515775
0  -0.673863
0.03125  -0.415771
-0.15625  -0.54314
0.1875  -0.412808
0.09375  -0.364413
-0.125  -0.339416
0.03125  -0.415688
0.25  -0.33366
0.0625  -0.522914
-0.09375  -0.529036
0.21875  -0.455911
-0.03125  -0.465129
-0.03125  -0.623937
-0.0625  -0.358439
-0.0625  -0.760839
0.21875  -0.442247
-0.25  -0.606332
-0.25  -0.550259
0.125  -0.729866
0.0625  -0.348231
-0.09375  -0.699261
-0.1875  -0.734117
0.03125  -0.33851
0  -0.531134
0.125  -0.716982
-0.03125  -0.495234
0.15625  -0.338485
0.03125  -0.279873
0.0625  -0.482498
0.125  -0.31634
-0.1875  -0.435446
-0.0625  -0.480851
0.21875  -0.351472
0.03125  -0.394197
-0.0625  -0.585737
0.3125  -0.681769
0.09375  -0.525365
0.03125  -0.720341
0.03125  -0.590484
-0.0625  -0.422498
-0.3125  -0.625363
-0.28125  -0.566658
0.0625  -0.692279
0  -0.335632
0.125  -0.636421
0.0625  -0.307352
0.15625  -0.606731
-0.03125  -0.616322
-0.09375  -0.458833
0.09375  -0.329676
0.09375  -0.441827
-0.03125  -0.347767
0.125  -0.437229
0.03125  -0.409094
0  -0.368933
-0.25  -0.641459
0.21875  -0.514189
0.21875  -0.580802
-0.03125  -0.342992
-0.15625  -0.608651
0.0625  -0.601578
0  -0.631925
0  -0.519636
0.0625  -0.461086
0.03125  -0.572385
-0.15625  -0.612268
-0.03125  -0.350984
-0.03125  -0.529176
-0.03125  -0.617147
0.03125  -0.647112
-0.03125  -0.556632
0.03125  -0.307117
0.03125  -0.458192
-0.03125  -0.697637
0  -0.436945
0.09375  -0.307802
-0.1875  -0.493187
-0.09375  -0.377038
-0.09375  -0.423216
-0.03125  -0.395381
0  -0.299534
-0.0625  -0.543229
0.125  -0.533912
-0.03125  -0.398783
-0.125  -0.684448
0.15625  -0.562708
0  -0.51669
-0.1875  -0.393896
0  -0.639122
-0.0625  -0.578867
0  -0.395115
-0.03125  -0.569367
0.125  -0.674165
0.0625  -0.333983
-0.125  -0.476291
0.15625  -0.358622
0  -0.548722
0.03125  -0.459342
-0.0625  -0.62737
0.03125  -0.539742
-0.15625  -0.3922
-0.125  -0.350531
0.09375  -0.322746
0.21875  -0.450875
0.09375  -0.591627
0.03125  -0.387764
-0.0625  -0.662431
0.09375  -0.69245
0.125  -0.638596
-0.03125  -0.288704
-0.03125  -0.393454
0.09375  -0.447289
0.03125  -0.496962
-0.1875  -0.445564
-0.25  -0.344206
-0.03125  -0.468531
0.03125  -0.531564
0  -0.393319
0.1875  -0.338688
0  -0.739965
0.125  -0.541721
0.09375  -0.707435
-0.125  -0.494821
0.0625  -0.736163
0.03125  -0.48026
-0.03125  -0.580289
0.09375  -0.472828
0.21875  -0.284673
0.09375  -0.458659
-0.0625  -0.542686
-0.125  -0.46104
-0.25  -0.457171
0.0625  -0.57977
0.34375  -0.314465
-0.03125  -0.521979
-0.21875  -0.811886
0.15625  -0.430376
-0.03125  -0.513866
0  -0.485567
-0.0625  -0.500272
0.03125  -0.290883
-0.03125  -0.433693
-0.125  -0.453454
0.0625  -0.452206
-0.09375  -0.378032
0.0625  -0.486783
0.375  -0.552542
0.0625  -0.456358
0.0625  -0.442841
-0.03125  -0.421421
0  -0.493825
0.03125  -0.559582
-0.1875  -0.444632
0.15625  -0.294855
-0.1875  -0.570746
-0.15625  -0.467048
-0.125  -0.437362
0.15625  -0.462999
0.03125  -0.520362
-0.125  -0.542572
0  -0.705655
-0.21875  -0.380552
0.0625  -0.474681
0.0625  -0.452793
0  -0.455217
-0.03125  -0.422302
0.1875  -0.688285
0.09375  -0.590165
0.09375  -0.388068
0.09375  -0.370223
0.03125  -0.703424
0.0625  -0.531355
-0.125  -0.335366
-0.03125  -0.548453
0.21875  -0.35731
-0.0625  -0.528341
0.28125  -0.535784
0.0625  -0.390388
-0.0625  -0.727187
-0.03125  -0.631201
0.0625  -0.479577
-0.125  -0.538168
-0.25  -0.463003
0.09375  -0.53957
-0.125  -0.382572
0.25  -0.655901
-0.09375  -0.52896
0.09375  -0.37728
0.0625  -0.600918
-0.09375  -0.484359
0.03125  -0.449677
0.15625  -0.558472
-0.0625  -0.540102
0.03125  -0.592396
-0.0625  -0.568172
0.3125  -0.485838
-0.09375  -0.562849
0.0625  -0.411475
0  -0.760665
0.15625  -0.680891
-0.1875  -0.412251
-0.0625  -0.696636
-0.03125  -0.542538
-0.0625  -0.376783
-0.0625  -0.614523
0.0625  -0.451029
0.0625  -0.402643
-0.28125  -0.455471
-0.0625  -0.389641
0.0625  -0.450714
-0.03125  -0.408673
0.125  -0.383628
-0.0625  -0.445577
0.0625  -0.544799
-0.125  -0.457015
0.1875  -0.525891
-0.125  -0.467805
-0.0625  -0.492252
-0.15625  -0.404743
-0.09375  -0.594827
0.0625  -0.500689
-0.15625  -0.54955
-0.0625  -0.514105
-0.1875  -0.531416
0.09375  -0.252707
0.09375  -0.640112
0  -0.395125
0.0625  -0.567155
-0.1875  -0.575335
-0.03125  -0.433721
0.0625  -0.25985
0  -0.341419
0  -0.56979
-0.3125  -0.403216
0.15625  -0.584993
0.0625  -0.700094
-0.15625  -0.741462
0  -0.44046
0.15625  -0.500477
-0.03125  -0.336687
0.21875  -0.514762
0.0625  -0.415868
-0.09375  -0.533576
0.09375  -0.685341
0.0625  -0.436976
0  -0.341785
0.03125  -0.50452
-0.34375  -0.351403
-0.03125  -0.497188
-0.125  -0.509514
-0.09375  -0.57298
0.09375  -0.465205
0.03125  -0.321961
0.03125  -0.463849
-0.0625  -0.372403
-0.09375  -0.42089
-0.09375  -0.344653
0.03125  -0.380283
0.03125  -0.598311
-0.15625  -0.518499
0.09375  -0.492795
0.0625  -0.635887
0  -0.582484
-0.09375  -0.515501
-0.125  -0.421681
-0.09375  -0.472973
0.15625  -0.557488
0.125  -0.632143
0.1875  -0.533897
0  -0.536612
0.03125  -0.416347
0.15625  -0.372042
-0.0625  -0.475727
-0.03125  -0.272772
-0.1875  -0.594601
0.25  -0.384238
0.03125  -0.376796
0.0625  -0.643742
-0.15625  -0.516885
-0.03125  -0.59889
0  -0.444789
-0.125  -0.402958
0.0625  -0.339183
0.03125  -0.462117
-0.0625  -0.641021
0.03125  -0.407666
-0.09375  -0.49137
-0.0625  -0.477849
-0.09375  -0.486276
0  -0.545268
-0.03125  -0.56757
-0.1875  -0.46934
-0.0625  -0.315242
0.15625  -0.307039
-0.09375  -0.521712
-0.03125  -0.58714
-0.125  -0.523966
-0.125  -0.564261
-0.1875  -0.506737
-0.125  -0.619194
0.09375  -0.470025
-0.03125  -0.511933
0.03125  -0.450611
-0.09375  -0.637793
-0.09375  -0.464824
0.0625  -0.558268
0.03125  -0.420687
-0.3125  -0.480096
-0.09375  -0.334607
-0.3125  -0.434952
0.21875  -0.554022
-0.125  -0.499272
-0.03125  -0.358534
-0.1875  -0.642422
-0.3125  -0.305963
-0.125  -0.49202
-0.125  -0.431047
0.21875  -0.51235
-0.125  -0.653542
-0.1875  -0.375766
0  -0.590075
-0.21875  -0.359253
-0.125  -0.234243
-0.0625  -0.547363
0.15625  -0.480899
0.25  -0.394871
-0.15625  -0.323611
-0.125  -0.539637
0.0625  -0.551078
0.09375  -0.591129
-0.0625  -0.602366
0.1875  -0.479743
0.03125  -0.355852
0.1875  -0.458352
0.09375  -0.431106
-0.28125  -0.579526
-0.09375  -0.509807
0.09375  -0.444718
-0.1875  -0.523859
-0.125  -0.280209
-0.125  -0.511896
-0.03125  -0.537088
-0.09375  -0.585827
0.0625  -0.354228
0.1875  -0.515831
0.03125  -0.637929
-0.125  -0.651853
-0.0625  -0.585173
0.125  -0.43088
0  -0.472636
-0.03125  -0.550101
0.28125  -0.252325
0.09375  -0.411033
0.21875  -0.338311
0.25  -0.539593
-0.21875  -0.59064
0.125  -0.25271
0.34375  -0.48205
0.28125  -0.675763
-0.1875  -0.456274
0.03125  -0.498601
0.03125  -0.454142
-0.1875  -0.53937
-0.15625  -0.544357
0.03125  -0.750002
-0.15625  -0.388068
-0.0625  -0.503856
0.125  -0.553185
-0.40625  -0.481139
-0.0625  -0.474397
-0.125  -0.654233
-0.0625  -0.440163
0.125  -0.431021
0.03125  -0.460527
-0.1875  -0.47144
-0.0625  -0.402581
0  -0.533639
0.28125  -0.349135
0.15625  -0.571891
0.1875  -0.567279
0  -0.353003
0.0625  -0.648823
0.0625  -0.377468
0.03125  -0.382018
0.3125  -0.371436
-0.03125  -0.626498
-0.0625  -0.435107
-0.09375  -0.716699
0.125  -0.463007
-0.03125  -0.513277
0.15625  -0.403369
0.0625  -0.519614
-0.21875  -0.340543
0.15625  -0.662645
-0.125  -0.399947
-0.03125  -0.589004
-0.125  -0.472601
0.0625  -0.516171
-0.15625  -0.619589
0.15625  -0.514317
-0.0625  -0.48222
0.1875  -0.599178
0.15625  -0.526077
0.1875  -0.638255
-0.0625  -0.466838
0  -0.613234
-0.1875  -0.470843
0.15625  -0.623961
0  -0.236578
-0.0625  -0.363136
-0.21875  -0.364764
-0.21875  -0.194044
0.03125  -0.509264
0.0625  -0.474533
-0.125  -0.533679
-0.125  -0.663889
0  -0.280265
-0.09375  -0.636762
0.15625  -0.506419
-0.03125  -0.421656
0.03125  -0.561961
0  -0.560248
-0.1875  -0.637714
-0.03125  -0.693886
-0.0625  -0.422702
0.1875  -0.427964
0.21875  -0.636478
-0.1875  -0.55695
-0.125  -0.523171
-0.15625  -0.56011
0.03125  -0.533187
0  -0.57057
-0.03125  -0.671595
-0.125  -0.366389
-0.21875  -0.521112
-0.09375  -0.376538
-0.125  -0.551284
0  -0.731737
-0.15625  -0.281774
0.1875  -0.727389
0.15625  -0.41439
-0.125  -0.354994
0.15625  -0.538311
0.09375  -0.211078
0.09375  -0.54231
0.3125  -0.450481
-0.15625  -0.446122
-0.03125  -0.602176
0.15625  -0.618729
-0.09375  -0.488308
0.15625  -0.570409
0.125  -0.690132
-0.0625  -0.561327
0.09375  -0.50924
0.21875  -0.480224
-0.0625  -0.661794
-0.09375  -0.464676
0.15625  -0.165836
0.03125  -0.692356
0.25  -0.399186
0.15625  -0.37617
0.03125  -0.37374
0.03125  -0.291434
0.0625  -0.585435
-0.09375  -0.547543
0.0625  -0.497953
0  -0.730366
0.125  -0.566393
-0.125  -0.51684
-0.1875  -0.477757
0.25  -0.533435
0  -0.444125
0.09375  -0.276468
-0.15625  -0.187793
0.1875  -0.639623
-0.03125  -0.375405
-0.09375  -0.428971
0  -0.536356
0.125  -0.517276
-0.1875  -0.445489
0.03125  -0.774707
0.28125  -0.42595
-0.03125  -0.303004
0.21875  -0.431092
0.15625  -0.431628
-0.0625  -0.609061
0.15625  -0.315405
-0.0625  -0.652409
-0.125  -0.571723
0.1875  -0.542986
0.15625  -0.584186
0.09375  -0.260576
-0.125  -0.609502
-0.09375  -0.707968
0  -0.188411
-0.09375  -0.365953
0.15625  -0.39455
-0.1875  -0.536108
0.0625  -0.614615
-0.03125  -0.376467
0.09375  -0.388297
0.1875  -0.571608
-0.03125  -0.558055
0.03125  -0.547698
0.25  -0.555498
0.125  -0.581928
0  -0.484406
0.375  -0.504647
0.09375  -0.650516
0.1875  -0.651504
0.0625  -0.504977
-0.0625  -0.42052
0.0625  -0.456545
-0.0625  -0.493712
0  -0.509307
0.09375  -0.620946
0.0625  -0.592712
-0.21875  -0.63584
-0.3125  -0.639888
-0.21875  -0.149365
0.15625  -0.327236
0.0625  -0.390825
-0.0625  -0.459695
-0.03125  -0.503434
-0.15625  -0.328406
0.1875  -0.49167
0.15625  -0.463534
0.0625  -0.4666
-0.1875  -0.494082
0.09375  -0.405209
0.03125  -0.429941
0.03125  -0.538309
-0.03125  -0.474601
-0.09375  -0.405597
0.15625  -0.590548
0.03125  -0.682635
-0.03125  -0.402548
-0.03125  -0.56567
0  -0.347228
0  -0.477522
-0.09375  -0.394977
0  -0.407018
0.0625  -0.601128
0.09375  -0.510413
0.03125  -0.504711
0.0625  -0.488419
-0.15625  -0.560851
0.03125  -0.344145
0.03125  -0.316083
0  -0.323656
0  -0.493384
-0.15625  -0.612533
0.09375  -0.227017
0.09375  -0.333927
0  -0.350485
0.03125  -0.59632
-0.03125  -0.397178
-0.0625  -0.456664
-0.09375  -0.432325
0.03125  -0.441061
0.03125  -0.513025
0.09375  -0.31365
0.09375  -0.55389
-0.09375  -0.531828
-0.0625  -0.451129
0.28125  -0.623802
0  -0.570575
0.09375  -0.439582
-0.03125  -0.686177
0  -0.422611
0.09375  -0.796777
-0.09375  -0.541155
-0.15625  -0.450615
-0.09375  -0.606257
0.09375  -0.366007
0.09375  -0.633919
0.09375  -0.471713
0.15625  -0.516291
-0.09375  -0.634682
0.15625  -0.406477
0.125  -0.409412
0.125  -0.518878
0  -0.593146
0.09375  -0.685885
-0.25  -0.426747
0  -0.580628
-0.09375  -0.41732
0.09375  -0.4383
0.09375  -0.445871
-0.0625  -0.407679
0.0625  -0.311617
0.125  -0.574682
0.1875  -0.586336
0  -0.485416
0.03125  -0.518257
-0.09375  -0.442953
-0.28125  -0.633703
0.0625  -0.279144
-0.03125  -0.479303
0.09375  -0.636667
0.15625  -0.714248
-0.03125  -0.361566
0.1875  -0.429916
-0.125  -0.517326
-0.09375  -0.454041
0.03125  -0.485103
0.03125  -0.420276
-0.3125  -0.529145
0.0625  -0.691793
-0.09375  -0.694854
-0.1875  -0.515381
0  -0.423687
-0.03125  -0.472193
0.09375  -0.38985
-0.125  -0.506796
0.125  -0.29852
0.03125  -0.307646
-0.09375  -0.508832
0.15625  -0.440399
0.03125  -0.523919
0  -0.53384
-0.0625  -0.516931
0.1875  -0.665228
-0.15625  -0.484221
0.03125  -0.69354
0.03125  -0.687702
-0.0625  -0.463364
-0.125  -0.459831
0.03125  -0.371667
-0.0625  -0.610392
-0.03125  -0.536004
0.09375  -0.452159
0.09375  -0.449046
0  -0.511028
0.125  -0.396459
0.03125  -0.420848
-0.15625  -0.597454
0.09375  -0.68009
-0.09375  -0.611691
0.15625  -0.612898
-0.03125  -0.483571
0  -0.305129
-0.09375  -0.673339
0  -0.497292
0  -0.428315
-0.09375  -0.738418
-0.125  -0.570647
-0.09375  -0.651375
-0.0625  -0.4464
0.0625  -0.363694
0  -0.568964
-0.03125  -0.511119
0.0625  -0.490998
0.125  -0.538073
0  -0.417543
-0.25  -0.48457
-0.09375  -0.455662
0.03125  -0.525572
0.125  -0.464136
0.1875  -0.550043
-0.0625  -0.48048
-0.09375  -0.419969
0.0625  -0.609898
0.21875  -0.681295
0.0625  -0.623555
0.09375  -0.515288
0.09375  -0.471943
-0.03125  -0.477372
-0.125  -0.62055
-0.125  -0.513446
0.15625  -0.525883
0.1875  -0.48336
0.09375  -0.582229
0.09375  -0.49058
-0.15625  -0.402858
0.125  -0.636531
-0.21875  -0.507502
-0.09375  -0.541893
0  -0.663971
0.03125  -0.690789
0.15625  -0.501763
0.25  -0.555044
0.15625  -0.292327
-0.03125  -0.41303
-0.03125  -0.673251
0.03125  -0.339828
-0.0625  -0.566926
-0.21875  -0.519637
0.15625  -0.399603
0.125  -0.600997
0.09375  -0.529581
0.0625  -0.452293
-0.125  -0.567372
-0.03125  -0.16482
-0.125  -0.486476
0.21875  -0.593683
0  -0.424978
-0.40625  -0.500105
-0.1875  -0.347477
0.125  -0.584629
0.0625  -0.752378
0.03125  -0.42082
0.03125  -0.610827
0.09375  -0.506064
-0.03125  -0.460728
-0.15625  -0.480277
0.0625  -0.607169
0.28125  -0.589937
-0.125  -0.261184
0.0625  -0.473722
0.125  -0.4652
-0.15625  -0.422334
-0.1875  -0.500827
0.03125  -0.4471
0.03125  -0.282937
0.0625  -0.502006
-0.09375  -0.544969
-0.15625  -0.427411
0.09375  -0.532459
0  -0.498142
-0.15625  -0.637731
0.09375  -0.38135
-0.09375  -0.501757
-0.09375  -0.533092
0.1875  -0.693348
0.28125  -0.419413
-0.3125  -0.4241
0.15625  -0.39114
-0.0625  -0.480735
-0.0625  -0.447781
0.03125  -0.468864
-0.03125  -0.349253
0.09375  -0.557165
0.125  -0.559774
-0.0625  -0.673121
0.0625  -0.56893
0.09375  -0.356236
0.0625  -0.57769
0.125  -0.744234
0.03125  -0.484998
-0.28125  -0.491013
0.03125  -0.304528
0.0625  -0.321045
0.09375  -0.642207
0.03125  -0.685538
-0.0625  -0.487895
-0.09375  -0.382661
0.0625  -0.461868
0.15625  -0.285391
-0.0625  -0.445616
-0.03125  -0.431983
0.03125  -0.664902
0.125  -0.721452
-0.21875  -0.477534
0.09375  -0.649945
-0.09375  -0.739492
0.1875  -0.491372
-0.25  -0.433535
-0.1875  -0.713524
-0.0625  -0.540335
0.125  -0.460663
-0.09375  -0.4879
-0.1875  -0.566556
0.1875  -0.373847
-0.03125  -0.40092
0.03125  -0.464813
0.09375  -0.485391
-0.03125  -0.76834
0.03125  -0.665939
-0.0625  -0.414632
-0.09375  -0.360014
0.0625  -0.597611
-0.3125  -0.378418
0.125  -0.423784
0.03125  -0.554458
-0.03125  -0.220926
0.28125  -0.448621
0.21875  -0.689026
-0.125  -0.595525
0.09375  -0.476358
0.09375  -0.229873
0.1875  -0.53138
0.09375  -0.667814
-0.3125  -0.503454
-0.03125  -0.584779
-0.1875  -0.584829
0  -0.405461
-0.09375  -0.553025
-0.1875  -0.457467
-0.03125  -0.637396
0.09375  -0.472983
0  -0.434733
0.15625  -0.475973
0.03125  -0.607161
0.09375  -0.581246
0.09375  -0.543708
0.0625  -0.65923
-0.0625  -0.411907
-0.125  -0.388952
0.1875  -0.520927
-0.1875  -0.573828
-0.0625  -0.513066
-0.09375  -0.679781
0.125  -0.420194
0.09375  -0.383764
-0.09375  -0.519672
0.03125  -0.418205
0.34375  -0.27078
-0.15625  -0.320804
0.09375  -0.6489
0.09375  -0.674386
0.15625  -0.661624
0.1875  -0.636798
0  -0.456897
0.03125  -0.346797
-0.03125  -0.316494
-0.0625  -0.519366
0.125  -0.538004
0  -0.545299
-0.03125  -0.546672
-0.03125  -0.398212
-0.1875  -0.465693
-0.03125  -0.621077
0.0625  -0.622385
-0.25  -0.736568
0  -0.553593
0.1875  -0.522619
0.0625  -0.516418
0  -0.362399
0.03125  -0.42493
0.125  -0.552608
-0.09375  -0.491099
0  -0.393889
-0.09375  -0.443165
-0.09375  -0.475979
0.1875  -0.412456
0.0625  -0.632814
-0.3125  -0.566546
-0.0625  -0.688402
-0.09375  -0.329815
-0.0625  -0.35232
0.03125  -0.615927
-0.15625  -0.330169
0.1875  -0.522921
-0.1875  -0.352871
-0.125  -0.549599
0.0625  -0.541132
0.0625  -0.575116
0.03125  -0.419382
0  -0.472053
-0.0625  -0.40281
0.21875  -0.534532
0.0625  -0.521645
0.125  -0.320456
0.03125  -0.518915
0.25  -0.554061
0.125  -0.56177
-0.0625  -0.354359
0.03125  -0.796888
0  -0.586578
0.0625  -0.657402
0  -0.411035
-0.125  -0.450205
-0.125  -0.634689
-0.1875  -0.377235
-0.03125  -0.504812
-0.1875  -0.406072
-0.375  -0.508009
0  -0.53908
0.1875  -0.402657
0.15625  -0.530829
0.09375  -0.434675
-0.0625  -0.564634
-0.0625  -0.527703
-0.0625  -0.646267
0.09375  -0.42735
0.0625  -0.362996
0.0625  -0.444178
0.125  -0.636729
0.09375  -0.1955
0.15625  -0.514936
0.15625  -0.346219
0  -0.576711
-0.0625  -0.311336
-0.1875  -0.626187
0.03125  -0.52694
-0.125  -0.511553
0.3125  -0.716801
0.125  -0.438812
0.03125  -0.409799
0.03125  -0.622304
0.0625  -0.486792
0  -0.437943
0.0625  -0.274625
-0.0625  -0.447871
-0.25  -0.465512
-0.1875  -0.672546
-0.15625  -0.369516
-0.09375  -0.582901
-0.0625  -0.475417
0.09375  -0.609788
-0.03125  -0.423456
0  -0.614641
0.03125  -0.543077
0.0625  -0.516791
0.09375  -0.512556
0.25  -0.223602
0  -0.697716
-0.125  -0.509423
-0.1875  -0.435034
0.0625  -0.466554
0  -0.68799
0.21875  -0.273444
-0.03125  -0.358661
-0.0625  -0.472083
0.09375  -0.325029
-0.15625  -0.487297
-0.125  -0.610208
0.1875  -0.47637
0.25  -0.505112
0.125  -0.321415
0.03125  -0.579596
-0.0625  -0.348827
-0.0625  -0.469172
0.03125  -0.570566
0.0625  -0.628163
-0.03125  -0.256066
-0.15625  -0.608574
0.25  -0.437244
0  -0.5703
-0.03125  -0.66773
-0.15625  -0.366206
-0.03125  -0.525147
-0.1875  -0.492128
0  -0.583181
0.25  -0.5769
0.03125  -0.740022
0.125  -0.69896
0.03125  -0.524074
-0.09375  -0.664064
-0.1875  -0.592428
0.1875  -0.387759
-0.25  -0.532564
0.0625  -0.549668
-0.28125  -0.245941
0.15625  -0.533244
0  -0.622381
0.15625  -0.408942
0.03125  -0.557592
0  -0.485069
0.25  -0.29402
0.1875  -0.461829
0.125  -0.679106
0.15625  -0.46857
0  -0.400108
-0.0625  -0.575823
-0.0625  -0.415229
0.125  -0.584021
0.03125  -0.57967
0.15625  -0.608455
-0.03125  -0.470147
0.09375  -0.474801
-0.15625  -0.38366
0  -0.544608
-0.28125  -0.473806
-0.125  -0.278631
-0.03125  -0.603718
0.0625  -0.617651
0  -0.421467
0  -0.484875
0  -0.459092
0.03125  -0.247227
0  -0.471954
0.03125  -0.427203
0.125  -0.643694
0.09375  -0.498064
0.0625  -0.539532
0.21875  -0.399367
-0.21875  -0.537566
0.15625  -0.579903
-0.03125  -0.528761
0.0625  -0.388969
-0.28125  -0.63386
0.03125  -0.59896
0.15625  -0.517824
-0.1875  -0.501109
-0.125  -0.449854
0.15625  -0.374155
0.0625  -0.448144
-0.03125  -0.652733
0  -0.670376
0.1875  -0.620332
0.03125  -0.456855
0.21875  -0.529126
0  -0.530027
-0.09375  -0.405231
0.09375  -0.511478
0.0625  -0.533803
0.125  -0.413673
0.03125  -0.584516
-0.15625  -0.370288
-0.28125  -0.584331
0.125  -0.383964
0.21875  -0.413796
0.15625  -0.527088
-0.03125  -0.439302
-0.09375  -0.401247
0.03125  -0.503895
-0.1875  -0.676736
-0.1875  -0.657768
0.15625  -0.492466
-0.0625  -0.267572
-0.03125  -0.563571
0.03125  -0.5879
-0.125  -0.569064
0.125  -0.684755
-0.0625  -0.453999
0.09375  -0.648497
-0.03125  -0.502741
0.0625  -0.663736
-0.15625  -0.415883
0.21875  -0.437736
0  -0.571611
0  -0.365178
-0.15625  -0.298661
-0.09375  -0.538849
-0.0625  -0.396437
0.03125  -0.63027
-0.03125  -0.58767
-0.03125  -0.284083
0.25  -0.498633
-0.09375  -0.511078
-0.03125  -0.362828
0.1875  -0.387544
-0.03125  -0.421869
0  -0.362369
-0.0625  -0.396
-0.0625  -0.38933
0.09375  -0.793097
-0.03125  -0.43238
-0.09375  -0.467956
0.15625  -0.383604
-0.03125  -0.531485
-0.125  -0.650425
-0.0625  -0.546097
0.03125  -0.630864
-0.09375  -0.635315
-0.0625  -0.585198
0.15625  -0.45754
0.09375  -0.601742
0.03125  -0.496692
-0.125  -0.400435
-0.25  -0.676894
0.125  -0.399886
0.0625  -0.346125
-0.0625  -0.59876
-0.21875  -0.52377
-0.03125  -0.382933
0.03125  -0.575423
0.125  -0.217951
0.28125  -0.638632
-0.0625  -0.431363
-0.125  -0.267965
-0.21875  -0.425265
0.3125  -0.666413
0.21875  -0.622771
0.15625  -0.704568
-0.03125  -0.682999
-0.125  -0.31797
0.09375  -0.547369
-0.125  -0.56839
0.0625  -0.602677
-0.03125  -0.440143
0  -0.520022
0.03125  -0.637051
0.0625  -0.412816
0.15625  -0.520631
0.125  -0.389576
0.09375  -0.579894
0.09375  -0.564644
0.125  -0.553044
-0.09375  -0.55069
0.03125  -0.717541
-0.1875  -0.31727
0.0625  -0.537862
-0.125  -0.543691
0.0625  -0.609988
0  -0.462107
0  -0.690917
0.125  -0.515087
0.15625  -0.611198
-0.15625  -0.335926
0.03125  -0.343817
0.03125  -0.51194
0.09375  -0.618953
-0.40625  -0.518782
0  -0.563163
0.03125  -0.448207
-0.25  -0.335398
0.15625  -0.640376
0  -0.432744
-0.15625  -0.642845
0  -0.48272
0.0625  -0.462138
-0.09375  -0.518117
0.0625  -0.577198
0  -0.540564
-0.09375  -0.699191
0  -0.465751
0.0625  -0.313967
0.0625  -0.424081
-0.03125  -0.466912
0.0625  -0.505684
-0.0625  -0.482469
-0.09375  -0.597082
-0.21875  -0.594566
-0.03125  -0.571889
0.1875  -0.417714
0.125  -0.550623
-0.0625  -0.461963
-0.125  -0.604717
0.125  -0.511842
0.09375  -0.490144
-0.125  -0.617846
-0.0625  -0.530741
-0.1875  -0.588237
0  -0.665988
0.03125  -0.245605
0.03125  -0.536288
-0.0625  -0.530077
0.125  -0.431743
0.09375  -0.473813
-0.1875  -0.264988
-0.03125  -0.190784
-0.0625  -0.350355
-0.21875  -0.628481
-0.1875  -0.325088
0.15625  -0.453216
0.15625  -0.57173
-0.1875  -0.664593
0  -0.431211
0.125  -0.517487
0.09375  -0.550071
-0.1875  -0.371447
-0.0625  -0.378428
0  -0.374886
-0.09375  -0.413745
-0.03125  -0.483339
-0.03125  -0.382663
-0.15625  -0.488952
0.21875  -0.581498
0.0625  -0.582811
0.09375  -0.606255
0.03125  -0.595534
-0.03125  -0.570032
0.21875  -0.559628
0.1875  -0.44878
0.09375  -0.795965
-0.1875  -0.371871
0.03125  -0.414664
-0.15625  -0.448418
0.15625  -0.674901
0  -0.698593
0.03125  -0.652014
-0.09375  -0.557585
0.3125  -0.424023
0.0625  -0.346444
0.15625  -0.333885
0.15625  -0.689081
0.09375  -0.428637
-0.125  -0.677743
0.09375  -0.588294
-0.03125  -0.480715
-0.15625  -0.341062
0.03125  -0.58718
0.0625  -0.457439
0.03125  -0.551795
0  -0.551271
-0.03125  -0.63961
-0.09375  -0.516466
0.03125  -0.517824
-0.28125  -0.569173
0.125  -0.580826
-0.03125  -0.551353
0.09375  -0.528086
0.125  -0.640206
-0.09375  -0.51845
-0.125  -0.455116
0.21875  -0.477791
-0.03125  -0.560962
0.03125  -0.47262
-0.03125  -0.487828
-0.0625  -0.405243
0.03125  -0.680547
0.09375  -0.560338
-0.03125  -0.517823
0.0625  -0.449384
-0.15625  -0.509613
-0.09375  -0.625464
-0.09375  -0.468997
0.125  -0.420751
0.03125  -0.636648
-0.03125  -0.493922
-0.03125  -0.531097
-0.1875  -0.822268
0.0625  -0.543038
-0.0625  -0.642693
-0.28125  -0.512505
-0.21875  -0.510141
-0.125  -0.653261
0.28125  -0.318594
0.09375  -0.664154
-0.0625  -0.369519
-0.0625  -0.357472
-0.09375  -0.377558
-0.0625  -0.403408
0.125  -0.539875
-0.1875  -0.517423
0.15625  -0.572177
-0.125  -0.407727
-0.0625  -0.507701
-0.09375  -0.269178
0.09375  -0.313654
-0.21875  -0.423986
0.03125  -0.470494
-0.03125  -0.456486
0  -0.597674
-0.0625  -0.521247
-0.1875  -0.496471
-0.03125  -0.372978
0.125  -0.442889
0.125  -0.499158
0.15625  -0.565268
-0.0625  -0.505547
0.25  -0.491983
0.09375  -0.679293
0.0625  -0.46721
-0.0625  -0.618001
0.15625  -0.549846
0.03125  -0.313371
0.1875  -0.443672
-0.15625  -0.385194
0.15625  -0.530312
0.03125  -0.525323
0.15625  -0.498489
0.0625  -0.637189
0  -0.638734
-0.28125  -0.480122
0  -0.495093
0.0625  -0.306058
0.0625  -0.44276
-0.0625  -0.667103
-0.1875  -0.64189
0.0625  -0.395229
-0.03125  -0.218271
-0.125  -0.761933
0  -0.428544
-0.03125  -0.291587
0  -0.72287
0.09375  -0.336761
-0.0625  -0.625402
0.125  -0.423783
0.09375  -0.629486
-0.15625  -0.483618
-0.125  -0.467473
-0.15625  -0.551986
-0.0625  -0.529324
-0.0625  -0.62223
-0.125  -0.518272
0.09375  -0.123688
0.1875  -0.454923
0.09375  -0.550062
-0.09375  -0.691188
0  -0.37352
-0.21875  -0.531243
-0.1875  -0.604521
-0.03125  -0.457686
0.15625  -0.494598
0.0625  -0.670175
-0.09375  -0.377497
0.03125  -0.445424
0.28125  -0.658772
0  -0.45559
-0.15625  -0.548817
-0.03125  -0.544207
0.0625  -0.546748
0.28125  -0.472067
-0.09375  -0.505285
0.1875  -0.633728
-0.03125  -0.482525
0.1875  -0.627792
0.03125  -0.401966
0  -0.480979
-0.1875  -0.605608
0.09375  -0.627099
-0.28125  -0.512866
0.03125  -0.547941
0.28125  -0.519968
-0.03125  -0.470999
0.0625  -0.473531
0.03125  -0.477556
0.03125  -0.443949
-0.09375  -0.499134
-0.15625  -0.472946
0.125  -0.43596
0.09375  -0.568749
0.09375  -0.569094
0.03125  -0.536157
-0.15625  -0.411913
0  -0.563393
0.0625  -0.658321
0.03125  -0.490456
-0.0625  -0.382956
-0.03125  -0.726567
0.125  -0.699798
-0.0625  -0.599245
0.21875  -0.465111
-0.1875  -0.324444
-0.125  -0.594683
-0.25  -0.491367
-0.09375  -0.47304
-0.21875  -0.624892
0.15625  -0.407268
0.03125  -0.432455
0.1875  -0.617457
0.03125  -0.728314
0  -0.197378
-0.34375  -0.604511
-0.0625  -0.440288
-0.09375  -0.546527
0.3125  -0.495482
0.125  -0.537263
-0.0625  -0.500205
-0.15625  -0.484553
0.125  -0.654934
-0.125  -0.507892
-0.21875  -0.51337
0.03125  -0.474787
0.09375  -0.437567
0.0625  -0.281137
0.03125  -0.502295
0.09375  -0.195787
0.15625  -0.700844
0.09375  -0.621574
0.09375  -0.382856
0.3125  -0.583365
0.3125  -0.70751
0.3125  -0.483977
0.03125  -0.472669
-0.1875  -0.568636
0.125  -0.473791
0.1875  -0.484698
0.15625  -0.463729
0.0625  -0.689796
-0.21875  -0.411138
0.0625  -0.559704
-0.125  -0.360105
0.1875  -0.438193
0.09375  -0.609066
0  -0.420712
0.09375  -0.555707
-0.03125  -0.746809
-0.03125  -0.622037
-0.0625  -0.48506
0.1875  -0.45637
0.03125  -0.593793
0.21875  -0.387311
-0.09375  -0.62109
0.1875  -0.435391
-0.28125  -0.517193
-0.0625  -0.434239
-0.15625  -0.614299
0  -0.477589
0.09375  -0.369632
-0.21875  -0.264555
0.03125  -0.56075
0.125  -0.411128
-0.03125  -0.578972
0.21875  -0.635626
0.09375  -0.497465
-0.125  -0.704257
0.15625  -0.615058
-0.125  -0.530334
-0.03125  -0.507849
-0.09375  -0.292629
0.03125  -0.207562
0.09375  -0.45098
0.25  -0.426552
0.125  -0.736281
-0.0625  -0.38979
0  -0.6256
-0.15625  -0.47714
0.0625  -0.556868
0.15625  -0.441446
0.28125  -0.190289
0.125  -0.552523
-0.0625  -0.515719
0.0625  -0.191246
0.15625  -0.313842
-0.09375  -0.642762
-0.03125  -0.477121
0.15625  -0.433946
-0.0625  -0.555256
0  -0.406138
0.15625  -0.589747
-0.03125  -0.272671
-0.25  -0.587461
0.09375  -0.401789
-0.40625  -0.47831
0.34375  -0.446691
0.03125  -0.54651
0.0625  -0.618461
0  -0.667772
-0.1875  -0.409093
0.03125  -0.316725
0.1875  -0.688915
0.09375  -0.548383
0.125  -0.601321
0.0625  -0.569011
-0.125  -0.396088
0.0625  -0.342358
0.03125  -0.401608
0.1875  -0.362159
-0.09375  -0.464949
0.09375  -0.574431
0.125  -0.603929
0  -0.639057
-0.0625  -0.5273
0.03125  -0.674715
0.1875  -0.46374
0.0625  -0.376364
0  -0.457755
0.09375  -0.384853
0.0625  -0.454749
0.125  -0.605576
0.21875  -0.280831
-0.28125  -0.418537
-0.1875  -0.713809
0  -0.293519
0.0625  -0.461723
-0.09375  -0.544655
0.28125  -0.601548
-0.0625  -0.398834
0.15625  -0.65173
0.03125  -0.534541
0  -0.323217
0.03125  -0.518554
0  -0.598721
0  -0.33677
-0.03125  -0.543351
0.09375  -0.335422
0.03125  -0.57465
-0.125  -0.352104
0.09375  -0.492261
-0.125  -0.524211
-0.03125  -0.430258
0.15625  -0.674138
-0.0625  -0.446608
-0.09375  -0.451416
-0.09375  -0.479092
-0.1875  -0.646459
0.09375  -0.394031
0.125  -0.619862
0.0625  -0.557314
0.09375  -0.65837
0  -0.32524
-0.0625  -0.743302
0.15625  -0.316277
-0.03125  -0.551355
-0.21875  -0.572527
0.0625  -0.587644
0  -0.329135
-0.0625  -0.319528
0  -0.630279
-0.0625  -0.512628
-0.09375  -0.592627
-0.03125  -0.392604
-0.0625  -0.322899
0.1875  -0.644788
-0.03125  -0.497363
0.125  -0.414966
-0.15625  -0.539794
0.03125  -0.579922
0  -0.727475
0  -0.667813
-0.0625  -0.358299
0.0625  -0.429415
-0.1875  -0.495138
0.09375  -0.353458
0.0625  -0.627888
0.03125  -0.221663
0.09375  -0.571936
-0.0625  -0.52037
0.1875  -0.544788
-0.15625  -0.482137
0  -0.346831
0.0625  -0.546777
-0.125  -0.471984
0.03125  -0.716649
0.125  -0.607611
0  -0.725142
-0.21875  -0.465384
0.03125  -0.563267
-0.09375  -0.696665
0.125  -0.332993
0.09375  -0.707411
0.28125  -0.503565
-0.0625  -0.595508
0.0625  -0.458686
0  -0.525376
0.21875  -0.484101
-0.0625  -0.505071
-0.3125  -0.608667
0.15625  -0.614913
0.03125  -0.542826
0.3125  -0.603527
0  -0.464718
-0.15625  -0.550302
-0.0625  -0.468252
0.125  -0.57853
-0.03125  -0.562117
0  -0.549658
-0.15625  -0.357553
-0.15625  -0.531811
-0.09375  -0.697158
-0.15625  -0.46746
-0.09375  -0.530186
-0.15625  -0.488877
0.09375  -0.426059
0.03125  -0.252417
-0.15625  -0.443048
0  -0.625702
-0.09375  -0.527244
-0.03125  -0.627785
-0.0625  -0.391122
0.15625  -0.370621
0.03125  -0.453632
-0.09375  -0.409705
-0.15625  -0.742082
-0.25  -0.46374
0.0625  -0.451145
-0.09375  -0.315174
0.21875  -0.374414
-0.09375  -0.480339
-0.21875  -0.588991
-0.28125  -0.477008
-0.03125  -0.23843
0.03125  -0.477211
-0.28125  -0.37189
-0.125  -0.560812
0.09375  -0.466227
-0.3125  -0.34267
-0.0625  -0.619548
0.03125  -0.536623
-0.125  -0.525365
0.03125  -0.566434
0.21875  -0.62054
-0.09375  -0.502975
0.15625  -0.337162
-0.0625  -0.380553
0.15625  -0.454844
0.09375  -0.636153
-0.25  -0.443014
0.09375  -0.576855
0.0625  -0.534345
0.09375  -0.386758
-0.125  -0.456954
0.03125  -0.631311
-0.15625  -0.302358
0.21875  -0.473214
0.03125  -0.681555
-0.15625  -0.544918
-0.09375  -0.640011
0.03125  -0.578521
0  -0.50582
-0.09375  -0.309701
-0.0625  -0.569743
-0.25  -0.477398
-0.15625  -0.586487
-0.0625  -0.369299
0.125  -0.382285
0.03125  -0.524295
0.125  -0.496356
0.21875  -0.457999
0.0625  -0.502174
0.09375  -0.66986
-0.09375  -0.504767
0.09375  -0.648183
-0.03125  -0.532525
0.09375  -0.441881
-0.125  -0.48982
-0.21875  -0.391266
0.125  -0.47908
0.09375  -0.387986
0  -0.497185
0.1875  -0.472321
0.0625  -0.438341
0  -0.577977
0.0625  -0.717269
0.03125  -0.43556
0.03125  -0.578381
0.15625  -0.509652
-0.21875  -0.515353
0.125  -0.65805
-0.03125  -0.345288
-0.03125  -0.40481
0  -0.582781
0.125  -0.417401
0.15625  -0.219527
-0.09375  -0.507586
0  -0.453686
-0.03125  -0.401265
0.21875  -0.528246
0  -0.373135
-0.25  -0.557125
0.25  -0.395966
0.09375  -0.431225
-0.125  -0.357017
0.03125  -0.505468
0.1875  -0.571447
-0.03125  -0.547441
0.03125  -0.689231
0.125  -0.38628
0  -0.536171
0.0625  -0.494787
0  -0.295574
-0.15625  -0.494536
0.125  -0.546509
0  -0.440919
0  -0.54169
-0.03125  -0.271194
0.21875  -0.637493
0.0625  -0.378924
0  -0.44387
0.03125  -0.524895
-0.21875  -0.553922
-0.03125  -0.620715
0.125  -0.347815
-0.09375  -0.459651
-0.15625  -0.468625
0.09375  -0.407067
-0.03125  -0.664466
0.09375  -0.405562
0.1875  -0.320595
-0.21875  -0.388109
0  -0.652071
0.0625  -0.474561
0  -0.416513
0.03125  -0.461195
0.125  -0.552193
0.125  -0.626852
0.1875  -0.522883
0.03125  -0.752051
0.21875  -0.306054
-0.03125  -0.425269
-0.0625  -0.671414
-0.09375  -0.722525
-0.125  -0.280181
0.1875  -0.535486
-0.28125  -0.3466
0.28125  -0.396422
0.09375  -0.470993
-0.15625  -0.390073
0  -0.57346
-0.09375  -0.426494
-0.09375  -0.555384
-0.09375  -0.393963
0.03125  -0.421118
0.125  -0.639604
0.125  -0.220116
0  -0.539778
-0.1875  -0.59992
-0.0625  -0.286046
0.03125  -0.495374
-0.03125  -0.608826
0.15625  -0.733716
-0.03125  -0.518553
-0.09375  -0.548779
0.0625  -0.60035
-0.28125  -0.34641
0  -0.723239
0.09375  -0.511585
0.25  -0.453534
0.09375  -0.368007
0.03125  -0.539183
0.0625  -0.617342
0.125  -0.459936
0.03125  -0.573923
-0.0625  -0.567704
-0.03125  -0.569163
-0.21875  -0.4817
-0.09375  -0.439523
-0.03125  -0.608998
-0.03125  -0.494085
-0.15625  -0.574966
0.125  -0.307969
-0.03125  -0.52431
0  -0.630979
-0.03125  -0.493481
0.09375  -0.304418
-0.03125  -0.439026
0.03125  -0.403931
-0.25  -0.445618
-0.0625  -0.42163
0.125  -0.560823
-0.25  -0.440581
0.09375  -0.29015
0  -0.377078
-0.125  -0.555997
0.25  -0.54327
-0.03125  -0.464018
0.03125  -0.444766
-0.21875  -0.376717
-0.21875  -0.561075
-0.03125  -0.596468
-0.0625  -0.542226
0.09375  -0.23436
0.15625  -0.513543
0.25  -0.377662
-0.09375  -0.433558
0.03125  -0.661933
0.21875  -0.411088
0.03125  -0.48388
0.09375  -0.514217
-0.0625  -0.338516
-0.0625  -0.598559
-0.125  -0.614612
0.25  -0.628795
0.0625  -0.587039
0.125  -0.562967
0.03125  -0.441341
-0.25  -0.460552
-0.125  -0.487215
-0.03125  -0.714081
0.03125  -0.480176
0.09375  -0.526176
-0.25  -0.618098
-0.25  -0.410715
0.15625  -0.556034
-0.0625  -0.408878
0.09375  -0.446593
-0.21875  -0.568182
0.4375  -0.664001
-0.15625  -0.585751
-0.0625  -0.478335
0.0625  -0.44943
-0.0625  -0.498509
-0.21875  -0.493279
0.0625  -0.531078
0.0625  -0.513671
-0.03125  -0.524079
-0.09375  -0.304536
0.03125  -0.266092
0.25  -0.432135
-0.15625  -0.508628
-0.25  -0.331227
0  -0.458162
-0.28125  -0.637079
0.125  -0.673669
-0.1875  -0.49163
0  -0.49468
-0.03125  -0.563185
-0.1875  -0.431936
0.125  -0.523836
0  -0.462771
0.03125  -0.477932
0.09375  -0.495178
0.09375  -0.440523
0.0625  -0.439154
0.03125  -0.60416
-0.375  -0.698659
0.09375  -0.560569
-0.03125  -0.545247
0  -0.312839
0.09375  -0.449799
0.1875  -0.370238
0.21875  -0.209786
-0.125  -0.453977
-0.0625  -0.356962
-0.09375  -0.519082
0.125  -0.470726
-0.15625  -0.496079
0.125  -0.581212
-0.09375  -0.438182
-0.125  -0.299842
-0.0625  -0.538866
0.0625  -0.485726
0  -0.488989
0.1875  -0.498241
-0.21875  -0.313105
-0.1875  -0.591714
-0.0625  -0.228515
-0.0625  -0.628148
0.15625  -0.372478
0  -0.562543
0.09375  -0.444004
0  -0.700955
0  -0.54453
0.0625  -0.379237
0  -0.572165
0.03125  -0.268509
0.03125  -0.467524
0.125  -0.697671
0.125  -0.4003
-0.125  -0.553482
0.25  -0.635898
-0.125  -0.497556
0.03125  -0.303323
0.03125  -0.595511
0.21875  -0.510839
0.0625  -0.598356
-0.09375  -0.57811
-0.09375  -0.360752
-0.09375  -0.316543
0.09375  -0.700379
0  -0.624549
-0.09375  -0.298267
0.03125  -0.567097
-0.0625  -0.467075
-0.1875  -0.586237
0.0625  -0.496032
0.09375  -0.535219
0.03125  -0.167303
-0.15625  -0.645172
0.28125  -0.357981
0.125  -0.459604
0.15625  -0.591029
0.03125  -0.592115
-0.0625  -0.285325
0.03125  -0.640848
0.25  -0.370282
0.125  -0.52634
0.125  -0.541837
0.21875  -0.427374
-0.125  -0.418086
0  -0.286614
0.125  -0.614638
0.21875  -0.702906
0  -0.54219
0.0625  -0.601321
-0.0625  -0.350287
-0.0625  -0.380011
-0.34375  -0.3578
0.09375  -0.409706
-0.1875  -0.337242
0.09375  -0.198768
0.03125  -0.536687
-0.0625  -0.643859
-0.03125  -0.73301
-0.15625  -0.60082
0  -0.618262
-0.09375  -0.482714
0.09375  -0.745579
0.03125  -0.617991
-0.125  -0.462314
-0.1875  -0.570828
-0.09375  -0.518987
0  -0.58875
0.28125  -0.570695
-0.28125  -0.581829
0.03125  -0.48667
-0.09375  -0.521665
-0.09375  -0.523751
-0.09375  -0.576994
0.1875  -0.525715
0.0625  -0.558131
-0.0625  -0.378738
0.0625  -0.766593
0.0625  -0.333768
0.03125  -0.36285
-0.09375  -0.560914
-0.0625  -0.208009
-0.0625  -0.53144
-0.125  -0.292155
-0.03125  -0.669817
-0.09375  -0.261347
0.03125  -0.411649
0.09375  -0.771959
0.03125  -0.652017
0.15625  -0.391956
0.09375  -0.485565
0.15625  -0.669859
-0.125  -0.270778
-0.28125  -0.422615
0  -0.387359
-0.28125  -0.53869
-0.03125  -0.614637
-0.1875  -0.574691
0  -0.588952
0  -0.598704
0.03125  -0.219541
0.03125  -0.376578
-0.25  -0.624847
-0.3125  -0.591331
-0.125  -0.280433
-0.125  -0.469091
-0.125  -0.616413
0.03125  -0.430561
-0.28125  -0.482783
0.09375  -0.577275
-0.03125  -0.713056
0  -0.493316
0.09375  -0.489334
-0.03125  -0.349935
-0.0625  -0.649105
0.03125  -0.473807
0.03125  -0.446779
0  -0.453285
-0.0625  -0.5023
-0.0625  -0.496186
-0.03125  -0.545923
-0.03125  -0.423951
0.03125  -0.735401
-0.3125  -0.688654
0.09375  -0.611176
0  -0.655199
0  -0.50131
-0.15625  -0.663048
0.1875  -0.485735
-0.09375  -0.436501
0.15625  -0.628662
-0.03125  -0.42558
0  -0.1621
0.1875  -0.526973
-0.09375  -0.538115
-0.09375  -0.536732
0.03125  -0.596615
-0.03125  -0.513281
0.09375  -0.507844
-0.125  -0.369206
-0.125  -0.523227
-0.09375  -0.487763
0  -0.575838
0  -0.706286
0  -0.658551
-0.0625  -0.478652
0.21875  -0.461733
0  -0.565755
-0.125  -0.437422
-0.0625  -0.566838
0.0625  -0.644552
0.21875  -0.553845
-0.09375  -0.544029
0  -0.655949
-0.0625  -0.512665
-0.0625  -0.536871
0  -0.47179
-0.15625  -0.50418
0.125  -0.621423
0.21875  -0.463351
0.1875  -0.435113
-0.0625  -0.578673
0.03125  -0.474019
-0.125  -0.566815
0.03125  -0.468514
-0.0625  -0.423669
0.0625  -0.494296
0.03125  -0.315783
-0.09375  -0.206232
0  -0.572996
-0.09375  -0.632731
0.1875  -0.367021
-0.09375  -0.458844
0.09375  -0.47384
0  -0.607343
0.15625  -0.529283
0.125  -0.408107
0.09375  -0.487164
-0.0625  -0.49673
0.0625  -0.739732
-0.09375  -0.481304
-0.1875  -0.322201
0.125  -0.607716
-0.09375  -0.385834
0.09375  -0.619302
-0.03125  -0.333175
0.0625  -0.576008
0.03125  -0.401297
0.09375  -0.494172
0.0625  -0.599571
-0.1875  -0.555846
-0.03125  -0.481387
-0.15625  -0.488648
0  -0.563764
-0.25  -0.702331
-0.15625  -0.631823
0.0625  -0.541335
0.03125  -0.653762
-0.0625  -0.600019
0.03125  -0.509794
0.0625  -0.531096
0.09375  -0.560027
0.09375  -0.52653
-0.125  -0.603557
0.15625  -0.420989
-0.03125  -0.408993
-0.1875  -0.40897
0.03125  -0.528249
0  -0.590544
0.15625  -0.523814
0.1875  -0.574473
-0.09375  -0.553412
-0.125  -0.650207
0  -0.516804
-0.09375  -0.553118
0.0625  -0.445711
-0.0625  -0.505629
0  -0.457362
-0.125  -0.492147
-0.0625  -0.43174
0.1875  -0.332416
-0.0625  -0.621857
-0.03125  -0.637616
-0.15625  -0.288505
0  -0.382847
0.03125  -0.498716
0.09375  -0.293328
-0.0625  -0.54271
0.21875  -0.434202
0.09375  -0.711878
-0.3125  -0.40559
0.09375  -0.557668
0.0625  -0.499172
0.0625  -0.546098
0.15625  -0.35563
0  -0.424395
0.125  -0.553158
0.03125  -0.470575
0.1875  -0.603015
0.15625  -0.42526
-0.0625  -0.68291
-0.0625  -0.475156
0.0625  -0.229043
0.125  -0.54251
-0.15625  -0.48878
0  -0.607262
-0.125  -0.571991
0.125  -0.481316
0.03125  -0.475317
0.375  -0.581179
-0.09375  -0.514844
0.0625  -0.366802
0.15625  -0.62937
-0.03125  -0.267242
0.09375  -0.608456
0.21875  -0.404142
-0.03125  -0.363395
0.1875  -0.44185
-0.125  -0.411263
0.1875  -0.702091
-0.0625  -0.493627
0.03125  -0.427557
0.03125  -0.534869
0.03125  -0.505372
-0.15625  -0.462625
0.09375  -0.27541
0.03125  -0.539596
-0.09375  -0.5
0.09375  -0.339865
0.125  -0.593754
0  -0.653471
0.0625  -0.579268
-0.21875  -0.4666
-0.21875  -0.480151
0  -0.493816
-0.0625  -0.323907
-0.15625  -0.440825
-0.25  -0.541689
-0.21875  -0.521159
-0.21875  -0.652065
-0.15625  -0.536883
0.0625  -0.557729
-0.15625  -0.442685
0.15625  -0.35617
-0.0625  -0.621008
0.0625  -0.493683
-0.21875  -0.250858
-0.0625  -0.244081
0.0625  -0.574061
-0.09375  -0.244232
0.15625  -0.539798
-0.1875  -0.440454
0.125  -0.484883
-0.15625  -0.470707
0.15625  -0.356953
-0.125  -0.541333
0.09375  -0.348418
0.03125  -0.456802
0.15625  -0.451076
-0.21875  -0.448355
-0.125  -0.480778
0.125  -0.407006
0.09375  -0.533419
0.09375  -0.75604
-0.15625  -0.393423
-0.125  -0.262546
-0.1875  -0.601643
0.09375  -0.435879
0.0625  -0.605809
0.125  -0.60442
-0.15625  -0.515203
0.03125  -0.363856
0.1875  -0.463338
0.03125  -0.598855
0.125  -0.608264
0.21875  -0.347566
-0.03125  -0.37143
-0.15625  -0.576949
-0.03125  -0.545366
-0.0625  -0.559068
-0.21875  -0.606814
-0.125  -0.441026
-0.09375  -0.531091
0  -0.655726
-0.15625  -0.449845
-0.03125  -0.514087
0.0625  -0.531137
0.09375  -0.642834
-0.03125  -0.2336
-0.21875  -0.562946
0.15625  -0.458183
0.09375  -0.531539
0.09375  -0.400068
-0.0625  -0.642779
0.03125  -0.556882
0.21875  -0.516652
0.15625  -0.539039
-0.1875  -0.436129
0  -0.526357
-0.15625  -0.544213
-0.03125  -0.471144
-0.03125  -0.590438
0.03125  -0.373104
-0.15625  -0.546066
0.03125  -0.751947
0  -0.411892
-0.0625  -0.678985
-0.03125  -0.55749
0.21875  -0.441305
-0.03125  -0.603182
0.25  -0.270461
0.28125  -0.446386
0.21875  -0.567425
0.1875  -0.532229
0.125  -0.397355
-0.15625  -0.5672
0.0625  -0.438247
-0.125  -0.531141
0.09375  -0.567407
0.0625  -0.527843
-0.125  -0.485308
-0.1875  -0.373981
0.125  -0.560801
-0.25  -0.515017
-0.03125  -0.663009
0.03125  -0.612179
-0.03125  -0.48856
-0.09375  -0.727583
0.21875  -0.446659
0.125  -0.69524
-0.21875  -0.620423
0.0625  -0.43509
0  -0.486015
-0.0625  -0.281019
0.15625  -0.437985
0.125  -0.588786
0  -0.454778
-0.09375  -0.444986
-0.125  -0.614875
-0.125  -0.652651
0.0625  -0.460131
0.21875  -0.65615
0.09375  -0.621318
-0.0625  -0.602229
0.0625  -0.792694
-0.03125  -0.46975
0.1875  -0.56627
0.1875  -0.813123
0.09375  -0.512699
-0.0625  -0.229156
-0.09375  -0.380411
-0.0625  -0.587635
0.0625  -0.472034
-0.0625  -0.528518
-0.03125  -0.583276
0.28125  -0.67559
0.0625  -0.501493
0.125  -0.42135
0.28125  -0.585171
-0.0625  -0.499164
0.09375  -0.516963
0.0625  -0.501352
0.0625  -0.529861
0  -0.288429
0.125  -0.519562
0  -0.516982
-0.0625  -0.469335
-0.125  -0.390759
0.03125  -0.550054
0.09375  -0.454538
0.15625  -0.455368
0  -0.550994
-0.125  -0.553921
0  -0.495171
0.28125  -0.655937
0.03125  -0.696265
-0.125  -0.463594
-0.125  -0.583919
-0.15625  -0.536558
0.15625  -0.617923
0.09375  -0.500173
0.125  -0.466972
-0.03125  -0.352049
-0.0625  -0.72031
0.15625  -0.41223
0.15625  -0.432852
-0.03125  -0.501318
0  -0.588079
-0.15625  -0.269008
0.15625  -0.621593
-0.125  -0.384994
-0.25  -0.589894
-0.09375  -0.500555
-0.09375  -0.349031
-0.15625  -0.518035
0.25  -0.585417
-0.03125  -0.395249
-0.0625  -0.384291
-0.125  -0.42147
0.1875  -0.524569
0  -0.342674
0.21875  -0.300189
0.34375  -0.434351
-0.09375  -0.561173
-0.09375  -0.529538
0  -0.641713
0.09375  -0.505993
0.15625  -0.582204
-0.09375  -0.401039
0.125  -0.598482
-0.15625  -0.523215
-0.03125  -0.485505
-0.09375  -0.361835
-0.25  -0.451368
0.28125  -0.320702
-0.125  -0.378054
0.0625  -0.459173
-0.09375  -0.439867
0  -0.405346
0.125  -0.406106
-0.09375  -0.538328
0.03125  -0.605562
0  -0.564659
-0.125  -0.528439
-0.09375  -0.325844
0.4375  -0.412273
0  -0.659709
0.03125  -0.388432
-0.03125  -0.520489
-0.15625  -0.651823
-0.0625  -0.400051
0.0625  -0.371083
0.1875  -0.637422
-0.125  -0.341742
0.15625  -0.566628
0  -0.391601
0.1875  -0.414361
0.0625  -0.404389
-0.09375  -0.0674567
0  -0.287293
-0.28125  -0.52796
0.1875  -0.497015
-0.125  -0.386122
-0.0625  -0.435084
0.21875  -0.466368
-0.1875  -0.242118
-0.03125  -0.451338
-0.25  -0.518398
0.03125  -0.617387
-0.0625  -0.639361
0.25  -0.645174
-0.15625  -0.496031
-0.0625  -0.565189
-0.09375  -0.534498
0.21875  -0.548418
0  -0.521229
0.0625  -0.434333
0.09375  -0.403263
0  -0.517256
0  -0.379611
-0.15625  -0.334636
0.03125  -0.686199
-0.03125  -0.512302
0.28125  -0.561009
-0.0625  -0.493702
-0.0625  -0.36526
-0.03125  -0.551127
-0.0625  -0.606836
0.1875  -0.522663
-0.21875  -0.468492
-0.03125  -0.643011
0.0625  -0.416451
-0.125  -0.452002
0.03125  -0.593345
0.125  -0.742685
-0.21875  -0.484263
0  -0.385728
-0.09375  -0.409902
-0.125  -0.424074
0.375  -0.493582
0.15625  -0.389318
0.0625  -0.320423
-0.25  -0.236728
-0.15625  -0.432031
-0.21875  -0.331708
0  -0.449179
0.125  -0.504386
0.0625  -0.595266
0.09375  -0.579551
-0.15625  -0.328361
-0.09375  -0.343505
-0.125  -0.432601
0  -0.393387
-0.09375  -0.413043
0.09375  -0.453819
0.03125  -0.646215
-0.1875  -0.417447
0.25  -0.714712
-0.0625  -0.557706
0.03125  -0.285762
0.09375  -0.286551
0.15625  -0.415469
-0.0625  -0.58259
-0.09375  -0.333467
-0.15625  -0.438175
0.03125  -0.390052
0.03125  -0.732308
0.09375  -0.567664
-0.25  -0.552712
-0.0625  -0.612872
0.21875  -0.66508
0  -0.404258
-0.28125  -0.453678
0.25  -0.565502
-0.375  -0.511419
0.0625  -0.528921
0.1875  -0.490971
-0.125  -0.556686
-0.03125  -0.539058
-0.09375  -0.233503
-0.25  -0.454873
0.0625  -0.410095
-0.03125  -0.534649
-0.15625  -0.709714
-0.09375  -0.522272
0.09375  -0.47675
0.03125  -0.604032
0.15625  -0.469322
0.125  -0.52711
-0.03125  -0.516524
0  -0.337003
-0.21875  -0.44379
-0.21875  -0.593311
0.03125  -0.595037
0.15625  -0.56376
0.1875  -0.61387
-0.3125  -0.170282
-0.125  -0.471191
-0.0625  -0.49358
-0.125  -0.549597
0.1875  -0.405108
0.09375  -0.466683
-0.15625  -0.392205
0.125  -0.429762
0  -0.540933
-0.28125  -0.515802
-0.15625  -0.504207
0.0625  -0.5641
0.15625  -0.641211
-0.0625  -0.517571
-0.21875  -0.351596
-0.0625  -0.371829
-0.125  -0.509289
-0.25  -0.205506
-0.125  -0.574152
-0.15625  -0.589149
0.03125  -0.489496
-0.125  -0.623469
-0.0625  -0.542042
-0.0625  -0.318029
-0.1875  -0.371502
-0.125  -0.403067
0.125  -0.373193
-0.0625  -0.393098
-0.1875  -0.517672
0.0625  -0.391318
-0.0625  -0.457706
-0.0625  -0.536659
-0.25  -0.366893
0.15625  -0.55103
0.15625  -0.288402
0.09375  -0.626999
-0.125  -0.577292
0.1875  -0.527678
0.0625  -0.623168
-0.03125  -0.663718
0  -0.618348
0.09375  -0.566458
0.03125  -0.389412
0.15625  -0.511998
0  -0.524412
-0.15625  -0.509115
-0.03125  -0.582212
-0.03125  -0.441696
-0.15625  -0.48043
-0.0625  -0.579197
-0.125  -0.441694
0  -0.635878
-0.09375  -0.290561
0.03125  -0.56032
0  -0.393371
0  -0.529453
0.0625  -0.518242
-0.15625  -0.630517
-0.125  -0.586209
0.21875  -0.51278
-0.125  -0.428548
-0.21875  -0.65069
-0.09375  -0.523695
0.09375  -0.495607
0.03125  -0.548344
-0.28125  -0.583192
-0.09375  -0.552945
-0.0625  -0.420399
-0.21875  -0.505864
-0.25  -0.370691
-0.21875  -0.444525
0.21875  -0.479759
0.1875  -0.508088
0.0625  -0.783761
-0.21875  -0.439524
-0.125  -0.364665
-0.25  -0.669483
0.125  -0.599184
-0.0625  -0.406615
-0.15625  -0.618955
0.0625  -0.510738
0.125  -0.30243
0.1875  -0.341659
-0.21875  -0.527139
-0.03125  -0.477032
0.125  -0.384759
-0.0625  -0.688327
0.125  -0.49867
0.03125  -0.694189
0.03125  -0.677774
0  -0.380336
-0.09375  -0.598217
0.0625  -0.54659
0  -0.555956
0.03125  -0.56491
0  -0.360497
-0.1875  -0.460793
0.15625  -0.51249
0.125  -0.533119
0.09375  -0.570409
-0.0625  -0.494929
0.03125  -0.526743
0  -0.402941
-0.15625  -0.486691
-0.09375  -0.441168
0  -0.512249
0.0625  -0.498306
0.15625  -0.59317
-0.15625  -0.589924
-0.125  -0.528029
0.09375  -0.540057
0.09375  -0.462333
0.0625  -0.609197
0.03125  -0.316956
-0.1875  -0.673844
0.1875  -0.584418
-0.1875  -0.666858
0.0625  -0.505173
0.03125  -0.442225
0.09375  -0.384385
0.0625  -0.540117
-0.125  -0.422681
0.09375  -0.699297
-0.03125  -0.601299
0.09375  -0.610793
0.09375  -0.433351
0.03125  -0.419055
-0.0625  -0.263614
-0.125  -0.500337
-0.125  -0.627312
0.0625  -0.435877
-0.21875  -0.569062
0.0625  -0.695989
-0.125  -0.351111
0.09375  -0.40401
-0.09375  -0.358481
-0.15625  -0.408543
0.1875  -0.625266
-0.1875  -0.374562
0  -0.727438
0.0625  -0.562525
0  -0.695536
-0.09375  -0.28609
0.09375  -0.67361
-0.3125  -0.101213
0.03125  -0.618728
-0.21875  -0.24877
0  -0.417159
-0.25  -0.584283
-0.0625  -0.518579
-0.03125  -0.554024
-0.0625  -0.447378
-0.03125  -0.631801
0.0625  -0.562523
0.09375  -0.457467
0.0625  -0.328561
-0.1875  -0.407275
0.0625  -0.527572
0.03125  -0.696403
-0.03125  -0.538883
0.09375  -0.374292
0.1875  -0.538136
0.125  -0.433639
0  -0.563869
0.125  -0.420897
0.03125  -0.32221
0.09375  -0.478815
-0.09375  -0.457162
0.125  -0.510127
0.03125  -0.46955
0.0625  -0.591148
-0.03125  -0.343481
-0.1875  -0.451115
-0.125  -0.225737
0  -0.647993
-0.09375  -0.25557
0  -0.465494
0.03125  -0.586964
0.125  -0.412372
0.1875  -0.640369
0.03125  -0.379617
-0.03125  -0.519725
-0.09375  -0.547238
-0.125  -0.540645
0.0625  -0.258
-0.09375  -0.47627
0  -0.564005
0.0625  -0.577818
-0.25  -0.69298
0.15625  -0.425843
0.0625  -0.463806
-0.0625  -0.642407
0.0625  -0.571914
-0.125  -0.621032
0.03125  -0.515635
-0.15625  -0.29581
-0.09375  -0.33084
0.09375  -0.431074
-0.03125  -0.544965
-0.125  -0.392532
-0.09375  -0.53693
0.09375  -0.5467
0.1875  -0.522543
0.125  -0.464537
0.09375  -0.200309
-0.15625  -0.437233
-0.0625  -0.209024
-0.3125  -0.515043
0.0625  -0.495034
0.125  -0.587057
0.15625  -0.327503
-0.0625  -0.469377
-0.1875  -0.471446
-0.09375  -0.574616
-0.15625  -0.507804
-0.03125  -0.375106
0.125  -0.628495
0.15625  -0.572029
0  -0.489122
-0.03125  -0.421939
-0.28125  -0.484991
0.25  -0.430269
0.125  -0.644898
-0.125  -0.548089
-0.15625  -0.394882
-0.03125  -0.650577
0.03125  -0.793471
0.09375  -0.565482
0.15625  -0.60387
-0.21875  -0.385535
-0.09375  -0.526788
-0.03125  -0.439295
0.28125  -0.431591
0.03125  -0.614902
0.15625  -0.486759
0.0625  -0.641051
-0.125  -0.601201
-0.15625  -0.489531
-0.25  -0.525241
-0.0625  -0.526553
0.03125  -0.600194
-0.15625  -0.546347
-0.03125  -0.358875
0.0625  -0.527393
0.1875  -0.325487
0.09375  -0.36021
-0.03125  -0.404756
0.15625  -0.665423
0.09375  -0.533358
0.09375  -0.295182
0.09375  -0.405616
0.15625  -0.520724
0.1875  -0.467957
-0.125  -0.604904
0.03125  -0.434562
0.0625  -0.597225
0.09375  -0.684228
-0.21875  -0.330623
0.0625  -0.645668
-0.1875  -0.610311
0.15625  -0.549047
0.0625  -0.583517
-0.03125  -0.610287
-0.03125  -0.299266
0.1875  -0.475288
-0.1875  -0.54759
-0.09375  -0.540955
0.125  -0.277054
-0.0625  -0.497964
-0.15625  -0.385043
0.125  -0.345384
0  -0.455438
0  -0.588316
0.15625  -0.394698
-0.21875  -0.547504
-0.03125  -0.386132
0.15625  -0.462358
0.15625  -0.565995
0  -0.600377
0  -0.705736
-0.09375  -0.409828
-0.1875  -0.573119
-0.03125  -0.655194
-0.09375  -0.461209
0.09375  -0.575291
-0.03125  -0.55925
0.0625  -0.483809
-0.21875  -0.510898
-0.0625  -0.578415
-0.09375  -0.512922
0.21875  -0.492534
-0.09375  -0.586377
-0.21875  -0.601856
0.0625  -0.433955
0.125  -0.597983
0.21875  -0.436629
0.03125  -0.468551
-0.03125  -0.675135
-0.125  -0.426104
0.1875  -0.456903
0  -0.502702
0.125  -0.649206
0  -0.629293
0.28125  -0.522067
0.03125  -0.511021
0.09375  -0.667874
0.03125  -0.496294
0.09375  -0.464124
-0.09375  -0.557961
-0.0625  -0.327008
0.125  -0.526388
0.0625  -0.409446
-0.15625  -0.411672
0.15625  -0.589958
0.15625  -0.642456
-0.0625  -0.475012
0.03125  -0.23197
0  -0.180622
0.15625  -0.448008
-0.0625  -0.649756
0.21875  -0.449305
-0.15625  -0.667319
-0.125  -0.656631
-0.09375  -0.491558
-0.09375  -0.479782
-0.0625  -0.570499
0.03125  -0.377916
-0.0625  -0.563089
-0.25  -0.354825
-0.03125  -0.568712
0.1875  -0.538895
-0.03125  -0.471094
-0.0625  -0.349458
-0.09375  -0.549949
-0.0625  -0.561658
-0.1875  -0.729649
-0.09375  -0.476292
-0.1875  -0.672673
0.1875  -0.700498
-0.0625  -0.676495
0.0625  -0.367119
0.0625  -0.582724
-0.3125  -0.553984
-0.03125  -0.541233
0  -0.529924
0.15625  -0.571174
0  -0.600674
-0.03125  -0.57983
0.09375  -0.536365
0.25  -0.587949
0.15625  -0.536766
-0.09375  -0.478415
0.09375  -0.480252
0.0625  -0.389798
0.1875  -0.53719
-0.03125  -0.505358
0.09375  -0.66348
-0.125  -0.439425
-0.0625  -0.589992
-0.03125  -0.574785
0.125  -0.60539
-0.21875  -0.361097
0.03125  -0.602704
0.03125  -0.636722
0.0625  -0.562068
-0.09375  -0.492542
-0.15625  -0.601698
-0.28125  -0.511271
-0.15625  -0.441646
0.125  -0.590073
-0.1875  -0.37868
0  -0.537438
-0.0625  -0.575095
0.09375  -0.43801
-0.25  -0.437106
0.0625  -0.614761
0.0625  -0.504574
-0.09375  -0.487097
0.25  -0.498846
-0.125  -0.439251
0.15625  -0.428701
-0.0625  -0.628902
0.09375  -0.418578
-0.25  -0.473436
0.03125  -0.553301
-0.03125  -0.494529
-0.1875  -0.585145
0.09375  -0.479104
-0.21875  -0.464063
0.0625  -0.50165
0.125  -0.515894
-0.0625  -0.33138
0.09375  -0.52392
0.1875  -0.507339
0.21875  -0.468443
-0.25  -0.661997
-0.0625  -0.598956
-0.1875  -0.501246
0.03125  -0.573306
-0.34375  -0.538371
-0.28125  -0.541473
-0.0625  -0.613649
0.15625  -0.611561
0.09375  -0.383161
-0.0625  -0.413752
0.09375  -0.540147
-0.1875  -0.723344
-0.0625  -0.276139
0.15625  -0.553601
-0.1875  -0.537229
0.25  -0.369095
-0.09375  -0.691126
-0.125  -0.512146
0.0625  -0.544342
0.0625  -0.528661
0.09375  -0.415407
-0.125  -0.470534
0  -0.367014
-0.03125  -0.726528
0.15625  -0.417317
-0.125  -0.591144
0.09375  -0.588143
0.1875  -0.525988
-0.125  -0.446693
-0.03125  -0.372728
-0.1875  -0.299125
0.09375  -0.470498
0.09375  -0.490771
0  -0.461658
-0.03125  -0.440184
0.09375  -0.531562
0.0625  -0.33783
0  -0.691964
0  -0.552911
0  -0.498142
0.03125  -0.702478
0.3125  -0.301261
0  -0.409978
0.0625  -0.607588
-0.03125  -0.457506
-0.0625  -0.539286
-0.09375  -0.598458
-0.125  -0.501302
-0.03125  -0.392111
0.09375  -0.289117
0.03125  -0.493561
-0.21875  -0.309981
-0.0625  -0.269858
0  -0.643506
0.0625  -0.394345
-0.375  -0.537489
0.25  -0.485415
-0.15625  -0.423969
0.15625  -0.467433
-0.1875  -0.420783
0.1875  -0.402874
-0.125  -0.275431
-0.03125  -0.444617
0.1875  -0.477576
-0.03125  -0.554156
0.1875  -0.731377
-0.15625  -0.476619
0.0625  -0.551679
0.125  -0.44238
-0.03125  -0.549342
0.09375  -0.586888
-0.09375  -0.509906
-0.03125  -0.590025
0.03125  -0.596166
-0.09375  -0.529123
-0.09375  -0.514089
-0.1875  -0.542442
0.09375  -0.514235
0.15625  -0.595946
0.09375  -0.496418
-0.125  -0.300536
-0.03125  -0.440257
0.125  -0.598588
0.15625  -0.5568
0.1875  -0.597068
0  -0.624769
-0.09375  -0.485108
-0.25  -0.621341
-0.125  -0.526586
-0.09375  -0.304371
-0.0625  -0.506784
-0.0625  -0.616063
-0.03125  -0.690959
-0.15625  -0.564454
0.0625  -0.625957
0  -0.351142
0.15625  -0.490591
-0.09375  -0.602787
-0.28125  -0.51145
0.21875  -0.631526
-0.15625  -0.510259
0.28125  -0.52695
-0.15625  -0.59002
0.1875  -0.590001
-0.09375  -0.355352
0.1875  -0.649773
0  -0.521331
0.09375  -0.681865
-0.0625  -0.489054
0.0625  -0.452722
-0.21875  -0.351217
-0.125  -0.383135
0.03125  -0.533588
0.09375  -0.456666
0.25  -0.474577
0  -0.569102
-0.09375  -0.422931
0.09375  -0.44541
-0.09375  -0.561457
0.09375  -0.518966
0  -0.291554
-0.25  -0.530573
0.125  -0.438179
0  -0.688147
0.21875  -0.614638
0.03125  -0.391901
0  -0.549301
-0.0625  -0.290961
0.3125  -0.476538
0.1875  -0.62075
-0.09375  -0.336175
0  -0.462463
0.125  -0.624684
0.03125  -0.61907
-0.03125  -0.401065
0.28125  -0.511086
0.15625  -0.517011
0.0625  -0.405669
0  -0.593217
-0.1875  -0.50356
0  -0.437931
0  -0.480362
0.09375  -0.642187
0.15625  -0.503218
0.15625  -0.357788
0.03125  -0.568302
0.03125  -0.606119
0  -0.667054
-0.1875  -0.505557
0  -0.437684
0.15625  -0.521681
0.3125  -0.479502
-0.09375  -0.38515
-0.03125  -0.53748
0.21875  -0.504408
0  -0.442862
-0.125  -0.65677
0.03125  -0.627655
-0.0625  -0.5924
-0.15625  -0.314789
-0.125  -0.542765
0.21875  -0.567266
-0.09375  -0.584226
0.1875  -0.574417
0.25  -0.517847
0.125  -0.428748
-0.03125  -0.383878
0.09375  -0.739502
0.09375  -0.702173
-0.09375  -0.542769
-0.28125  -0.466422
0.28125  -0.526317
0.25  -0.397447
0  -0.640107
-0.0625  -0.518122
0  -0.368606
0.25  -0.508944
0.09375  -0.355037
0.03125  -0.40001
0.15625  -0.494562
-0.03125  -0.425278
0  -0.543009
-0.21875  -0.520348
0.03125  -0.469979
-0.03125  -0.606752
-0.28125  -0.526647
0.09375  -0.428864
-0.25  -0.574777
-0.03125  -0.420984
0.15625  -0.362141
0.125  -0.522244
0.09375  -0.236596
0  -0.437349
-0.125  -0.583857
-0.09375  -0.571571
-0.03125  -0.482934
0.0625  -0.605166
0.1875  -0.453864
0  -0.381515
0.25  -0.445414
0  -0.683432
-0.09375  -0.609379
-0.03125  -0.511415
0.21875  -0.744151
0.0625  -0.599287
0  -0.673323
0.09375  -0.517217
0.1875  -0.471584
-0.03125  -0.540303
0.1875  -0.374156
0.09375  -0.5634
0.0625  -0.433768
0.125  -0.434102
0.03125  -0.369281
0.1875  -0.628199
0.03125  -0.496127
0  -0.529131
-0.21875  -0.470308
0.15625  -0.3306
0.0625  -0.519867
-0.03125  -0.487368
0.15625  -0.515374
-0.15625  -0.386341
0  -0.370246
0.125  -0.730654
0.03125  -0.520084
0  -0.461045
0.125  -0.486114
0.09375  -0.31816
-0.15625  -0.406112
0  -0.428514
0.03125  -0.34604
0  -0.544396
-0.09375  -0.627033
0.1875  -0.59452
-0.09375  -0.622089
-0.0625  -0.383152
-0.03125  -0.410939
-0.0625  -0.412681
0.21875  -0.422114
0.0625  -0.600282
0.0625  -0.612657
0.03125  -0.349287
0.09375  -0.458575
0.0625  -0.573608
0.09375  -0.640874
0.03125  -0.524464
0.125  -0.421322
-0.0625  -0.337643
0.03125  -0.39571
0.15625  -0.694307
0.0625  -0.474074
-0.15625  -0.60852
0.03125  -0.504561
-0.125  -0.586776
0.0625  -0.372051
-0.09375  -0.52184
0.125  -0.428425
0.03125  -0.42466
-0.03125  -0.621294
0.15625  -0.605491
0.25  -0.584893
0.125  -0.766311
0  -0.628595
0.0625  -0.527887
-0.0625  -0.568348
-0.125  -0.521951
-0.03125  -0.601479
-0.0625  -0.487001
0.1875  -0.556455
0.03125  -0.565593
-0.09375  -0.610483
0.125  -0.336316
0.03125  -0.538109
-0.03125  -0.618393
-0.0625  -0.436898
0.03125  -0.322492
0.0625  -0.436595
-0.125  -0.52601
-0.125  -0.459323
0.125  -0.519376
-0.125  -0.556415
-0.09375  -0.465482
-0.15625  -0.667099
-0.0625  -0.519374
-0.0625  -0.495494
-0.03125  -0.519625
0  -0.47583
0.03125  -0.404762
0.125  -0.410255
0.09375  -0.447889
-0.03125  -0.561196
0.3125  -0.592966
0.03125  -0.573516
-0.03125  -0.555364
0.03125  -0.668036
-0.09375  -0.434109
0  -0.316297
0  -0.369978
0.15625  -0.404172
0.0625  -0.383872
0.09375  -0.553607
-0.03125  -0.513229
-0.21875  -0.504828
0.09375  -0.729525
0.03125  -0.482081
0.125  -0.250722
-0.1875  -0.436008
0.21875  -0.371888
-0.03125  -0.453334
-0.15625  -0.654302
0.21875  -0.492593
-0.09375  -0.551476
0.09375  -0.38776
0  -0.43764
-0.1875  -0.377651
0.125  -0.564097
0.09375  -0.542755
-0.0625  -0.346163
-0.0625  -0.621868
-0.3125  -0.584437
-0.15625  -0.4071
0.15625  -0.584825
0.0625  -0.553823
0.1875  -0.608306
0.125  -0.517893
-0.03125  -0.291631
0.125  -0.457031
-0.09375  -0.671119
0.15625  -0.411878
0.1875  -0.492949
0.03125  -0.658491
-0.125  -0.398615
0  -0.372379
0.21875  -0.538556
0.09375  -0.48236
-0.03125  -0.614292
0.15625  -0.599557
0  -0.487078
-0.09375  -0.583581
0.09375  -0.315407
0  -0.452864
0.09375  -0.587005
-0.09375  -0.469461
-0.03125  -0.637968
0.25  -0.557236
0.21875  -0.445252
0.15625  -0.650229
-0.03125  -0.395453
-0.03125  -0.657096
0.0625  -0.545702
0.125  -0.485814
-0.03125  -0.485799
-0.21875  -0.630788
-0.0625  -0.600215
0.03125  -0.391314
0.0625  -0.40935
0.03125  -0.529602
0.25  -0.344299
-0.125  -0.351991
0.28125  -0.231187
-0.125  -0.675693
0.15625  -0.449876
-0.03125  -0.488635
0.09375  -0.517753
-0.09375  -0.375358
-0.125  -0.4507
0.03125  -0.40093
0.21875  -0.576337
-0.09375  -0.57852
0.03125  -0.560859
0.125  -0.703441
-0.03125  -0.448633
-0.125  -0.556502
-0.125  -0.424976
-0.0625  -0.493807
0.0625  -0.476352
-0.125  -0.565524
-0.09375  -0.597874
0.03125  -0.427973
-0.03125  -0.420207
0.25  -0.640286
-0.09375  -0.386886
0  -0.403624
0  -0.511463
-0.1875  -0.262204
0.0625  -0.308465
-0.21875  -0.389247
-0.28125  -0.4772
0.03125  -0.591404
0.09375  -0.418501
0.03125  -0.665174
0.15625  -0.346334
0  -0.554882
0.1875  -0.385734
-0.125  -0.542497
0.03125  -0.543495
0.1875  -0.383209
0.09375  -0.411724
0  -0.645801
0  -0.598977
-0.15625  -0.472432
0.0625  -0.385362
0.0625  -0.443922
0  -0.186228
-0.0625  -0.359069
-0.09375  -0.499295
0.09375  -0.606043
0.125  -0.481841
0.09375  -0.504126
0.21875  -0.483605
0.25  -0.483885
-0.03125  -0.412907
0.0625  -0.451469
-0.03125  -0.524088
0.09375  -0.291772
0.03125  -0.505477
-0.09375  -0.507984
-0.125  -0.618151
0.15625  -0.466599
-0.125  -0.698405
-0.0625  -0.324004
0.3125  -0.473786
0.1875  -0.424602
0.125  -0.587996
0  -0.575134
-0.0625  -0.576291
0.125  -0.55564
0.25  -0.426267
0.09375  -0.48422
0.09375  -0.273659
0.0625  -0.436563
-0.0625  -0.677489
-0.125  -0.65584
-0.09375  -0.456021
0  -0.409724
-0.125  -0.565501
0.125  -0.330025
-0.28125  -0.45517
-0.375  -0.834972
0.0625  -0.686667
0.09375  -0.615852
0.34375  -0.534311
0  -0.590438
-0.125  -0.568887
-0.21875  -0.467998
0.1875  -0.579181
0  -0.463288
0.1875  -0.636927
-0.09375  -0.600819
-0.09375  -0.374503
0.09375  -0.413484
-0.21875  -0.553826
0  -0.510419
0.125  -0.504044
0.09375  -0.451809
0  -0.285992
-0.03125  -0.564077
0.03125  -0.499978
-0.03125  -0.603353
0.09375  -0.536106
0.03125  -0.631415
0.125  -0.556978
0.03125  -0.275975
-0.03125  -0.535629
0.09375  -0.510848
0.03125  -0.597831
-0.15625  -0.550984
0.25  -0.264447
0  -0.345477
0.125  -0.534413
0.03125  -0.601436
0.125  -0.533115
-0.15625  -0.525958
-0.125  -0.383819
-0.0625  -0.417216
0.125  -0.538268
-0.03125  -0.503697
-0.125  -0.392444
-0.09375  -0.220941
-0.0625  -0.604841
-0.125  -0.679474
-0.0625  -0.617231
0.03125  -0.538013
-0.03125  -0.628229
0.0625  -0.319756
0.03125  -0.683714
-0.0625  -0.594443
-0.03125  -0.447388
-0.125  -0.492818
0.03125  -0.561
0  -0.550743
0  -0.48219
0.0625  -0.444382
0.1875  -0.397412
0.125  -0.576756
-0.1875  -0.671701
-0.03125  -0.391908
-0.15625  -0.325455
0  -0.524537
-0.03125  -0.482977
0.125  -0.361904
0.0625  -0.593096
0.0625  -0.37562
-0.21875  -0.517982
0.0625  -0.487711
0.03125  -0.39104
-0.0625  -0.513121
0.125  -0.277328
0.09375  -0.375569
-0.03125  -0.726524
-0.0625  -0.292861
-0.21875  -0.588932
-0.03125  -0.612801
0.15625  -0.522084
0.03125  -0.38931
0.1875  -0.486577
0  -0.416554
0.125  -0.513116
-0.03125  -0.299538
-0.0625  -0.67136
-0.0625  -0.606113
0.09375  -0.333736
-0.28125  -0.493387
-0.375  -0.567159
-0.0625  -0.659872
-0.03125  -0.566866
-0.09375  -0.582438
-0.15625  -0.331563
-0.375  -0.438991
-0.0625  -0.599865
-0.1875  -0.548843
0.0625  -0.655186
0.125  -0.440056
-0.125  -0.368983
0.0625  -0.43277
0.03125  -0.259466
-0.09375  -0.576741
-0.03125  -0.429637
0.09375  -0.569369
0  -0.19017
0.1875  -0.591364
-0.03125  -0.336004
0.09375  -0.617611
-0.1875  -0.211188
0  -0.607102
0.0625  -0.681437
0.0625  -0.234833
0.09375  -0.53242
0  -0.461808
0.125  -0.402191
0.03125  -0.673131
-0.0625  -0.342267
-0.125  -0.383971
0.09375  -0.416819
0.125  -0.725267
-0.03125  -0.571111
0.03125  -0.460834
-0.0625  -0.632514
0.03125  -0.347332
0.0625  -0.374532
0.03125  -0.547169
-0.09375  -0.593461
0.0625  -0.59588
0.15625  -0.4315
0.03125  -0.369368
0.15625  -0.467818
-0.0625  -0.482953
-0.15625  -0.480281
0.15625  -0.73791
0  -0.525842
0.3125  -0.399112
0.03125  -0.462953
0  -0.418049
-0.125  -0.567948
-0.1875  -0.59986
0.0625  -0.603829
-0.09375  -0.538245
-0.125  -0.403558
-0.3125  -0.384205
0.09375  -0.334276
0.09375  -0.40087
0.125  -0.456505
-0.15625  -0.568333
0.09375  -0.461317
-0.125  -0.199987
-0.03125  -0.479418
-0.15625  -0.354805
0.1875  -0.473704
0.09375  -0.532427
0.15625  -0.622602
0.0625  -0.422377
0.03125  -0.433092
0.09375  -0.443047
-0.15625  -0.388202
-0.15625  -0.380823
-0.125  -0.58322
0.15625  -0.338479
-0.09375  -0.485277
-0.03125  -0.58789
0.03125  -0.499809
-0.125  -0.445681
-0.09375  -0.33439
0.34375  -0.370131
-0.09375  -0.449599
0  -0.454971
-0.03125  -0.472679
0.15625  -0.534298
0.1875  -0.424634
-0.09375  -0.296614
-0.09375  -0.641102
-0.0625  -0.564162
0.03125  -0.433001
-0.125  -0.463264
0.0625  -0.584491
-0.0625  -0.265564
0.09375  -0.371691
0.15625  -0.513805
0.125  -0.490638
0.0625  -0.490398
-0.03125  -0.766954
0.0625  -0.420881
0.125  -0.368356
-0.0625  -0.484061
-0.03125  -0.631711
0.21875  -0.357527
0.09375  -0.434328
-0.3125  -0.560599
0.0625  -0.545053
-0.09375  -0.214524
-0.03125  -0.294615
-0.1875  -0.487901
0.1875  -0.513834
0.15625  -0.598292
0  -0.310732
0.09375  -0.410628
-0.0625  -0.537899
0.1875  -0.419707
0.125  -0.501788
0.0625  -0.492095
0  -0.630356
0  -0.459609
-0.28125  -0.52444
0.03125  -0.231004
0.34375  -0.59424
-0.0625  -0.580459
0.03125  -0.478413
0  -0.488749
0.03125  -0.561371
-0.0625  -0.514065
-0.0625  -0.532329
-0.21875  -0.596518
0.03125  -0.684433
0.125  -0.606915
0.03125  -0.550085
0.1875  -0.703732
-0.09375  -0.409615
0.15625  -0.443556
-0.125  -0.580479
0  -0.475513
0.15625  -0.615985
-0.15625  -0.455534
-0.25  -0.65165
-0.15625  -0.491865
-0.03125  -0.481817
0.21875  -0.390892
0.15625  -0.515299
0.125  -0.557683
-0.0625  -0.412446
-0.09375  -0.522012
0.21875  -0.400735
-0.09375  -0.393009
-0.0625  -0.187891
0.09375  -0.578586
-0.1875  -0.622077
-0.0625  -0.599632
0.1875  -0.378795
-0.125  -0.408649
-0.0625  -0.306952
-0.15625  -0.439178
0.09375  -0.521401
0.09375  -0.325814
-0.15625  -0.493203
0  -0.516074
0  -0.571064
0.09375  -0.365613
0.0625  -0.213207
-0.03125  -0.451333
0.09375  -0.507827
0.1875  -0.5117
0  -0.543709
-0.09375  -0.595223
0.125  -0.498218
-0.125  -0.609986
-0.03125  -0.630203
0.1875  -0.283214
-0.0625  -0.493963
0.21875  -0.318368
0.09375  -0.440942
0.25  -0.3733
0.09375  -0.57497
-0.0625  -0.668309
0  -0.29379
-0.15625  -0.464052
-0.0625  -0.579266
-0.0625  -0.540432
-0.15625  -0.504883
-0.0625  -0.434177
0  -0.368612
0.0625  -0.512124
-0.15625  -0.515163
-0.0625  -0.619617
-0.0625  -0.36988
-0.0625  -0.573499
0.1875  -0.591518
0.0625  -0.475684
-0.09375  -0.648687
0.125  -0.320573
0.03125  -0.71293
-0.0625  -0.638015
-0.125  -0.507145
0.125  -0.422259
-0.1875  -0.587229
0.125  -0.458966
-0.0625  -0.457577
-0.0625  -0.493215
0.0625  -0.444498
-0.0625  -0.314181
-0.1875  -0.652926
-0.0625  -0.838692
0.3125  -0.738128
0.21875  -0.479395
-0.0625  -0.615939
-0.0625  -0.620351
0  -0.383403
0.03125  -0.513963
-0.15625  -0.619179
-0.03125  -0.532266
0.03125  -0.503745
-0.21875  -0.651706
0.1875  -0.44607
0  -0.689471
0.125  -0.597533
-0.15625  -0.676056
-0.125  -0.310229
0.03125  -0.378579
-0.21875  -0.535111
-0.25  -0.534162
0.1875  -0.641159
-0.09375  -0.493466
-0.125  -0.414049
-0.125  -0.581518
0.125  -0.183354
-0.125  -0.341418
-0.34375  -0.442303
-0.03125  -0.272796
0.09375  -0.357384
0.09375  -0.603016
0.0625  -0.481569
-0.28125  -0.607749
-0.25  -0.400066
0.03125  -0.498374
0.0625  -0.423393
-0.21875  -0.308396
-0.0625  -0.40057
-0.15625  -0.499003
0  -0.667546
0.09375  -0.269734
-0.0625  -0.482398
0  -0.479178
-0.0625  -0.308994
-0.0625  -0.508345
-0.21875  -0.513898
0.1875  -0.685246
0.125  -0.470435
-0.1875  -0.737474
-0.125  -0.35362
0  -0.644219
0.0625  -0.587082
0.15625  -0.409089
0.1875  -0.17727
-0.125  -0.431488
0  -0.468168
-0.09375  -0.194535
0.09375  -0.503879
-0.03125  -0.496706
0.1875  -0.521494
-0.0625  -0.396937
0  -0.530543
-0.03125  -0.484481
0.15625  -0.618128
-0.125  -0.641328
-0.15625  -0.35211
-0.21875  -0.586554
0.0625  -0.552458
0.03125  -0.348923
0.0625  -0.344482
0  -0.554214
0.15625  -0.549813
0.03125  -0.577209
0.09375  -0.364196
-0.09375  -0.498802
-0.1875  -0.440148
0.1875  -0.520052
0.0625  -0.654894
-0.0625  -0.429743
0.09375  -0.404681
0.15625  -0.769027
0.125  -0.414518
0.15625  -0.418859
-0.1875  -0.477642
0.0625  -0.370979
0.03125  -0.469721
-0.03125  -0.339126
-0.0625  -0.713422
-0.125  -0.695265
-0.34375  -0.587644
0.0625  -0.540079
-0.03125  -0.459862
-0.15625  -0.431051
-0.09375  -0.44889
-0.09375  -0.45843
-0.03125  -0.778456
0.09375  -0.412614
-0.0625  -0.450039
0.03125  -0.511306
0.15625  -0.478227
-0.0625  -0.693187
-0.28125  -0.596934
-0.0625  -0.493086
0.15625  -0.455816
0.03125  -0.412767
0.03125  -0.480806
0.03125  -0.359169
-0.03125  -0.272575
-0.03125  -0.480219
-0.03125  -0.63986
-0.09375  -0.525887
-0.0625  -0.405966
0.03125  -0.492612
0.25  -0.601221
-0.15625  -0.548625
-0.09375  -0.158713
-0.125  -0.544201
0.0625  -0.429652
0.03125  -0.305532
0.03125  -0.572585
-0.03125  -0.47005
0.0625  -0.403104
-0.125  -0.347278
0  -0.557628
0  -0.666731
0  -0.420415
0.125  -0.428642
0.25  -0.626709
0.0625  -0.465806
-0.09375  -0.471021
0.0625  -0.633957
0  -0.324359
-0.125  -0.661044
0.125  -0.652484
0.15625  -0.373339
-0.0625  -0.411555
-0.09375  -0.448136
0.1875  -0.557244
-0.03125  -0.572559
0.0625  -0.366051
-0.0625  -0.398556
0  -0.609974
0.15625  -0.634036
0.03125  -0.417885
0.09375  -0.354414
0.03125  -0.5782
0  -0.632603
-0.1875  -0.447156
0.03125  -0.467631
0.03125  -0.395087
0.15625  -0.554523
0.0625  -0.425935
-0.125  -0.492009
0.21875  -0.669908
0.15625  -0.524805
-0.0625  -0.524716
0.03125  -0.587126
-0.28125  -0.556574
-0.0625  -0.352497
-0.21875  -0.247538
-0.03125  -0.741902
0.125  -0.567304
-0.03125  -0.5122
0.03125  -0.530342
0.0625  -0.497561
0.15625  -0.391744
0.15625  -0.525897
0.21875  -0.512849
-0.1875  -0.450986
-0.125  -0.385921
-0.15625  -0.583842
-0.0625  -0.549571
-0.0625  -0.466664
0.125  -0.268618
0.0625  -0.469097
-0.09375  -0.172111
0.125  -0.295494
0.09375  -0.399325
0  -0.671932
-0.1875  -0.714071
-0.03125  -0.561255
-0.09375  -0.733206
0  -0.190524
0  -0.435032
-0.125  -0.572174
0  -0.436316
0.1875  -0.565223
0.03125  -0.493401
0.03125  -0.489919
-0.0625  -0.503899
0  -0.394294
-0.09375  -0.643711
-0.0625  -0.451942
0.03125  -0.498313
0.03125  -0.527636
0.09375  -0.542845
0.125  -0.411959
0.125  -0.663036
0.09375  -0.455907
0.09375  -0.471331
0.1875  -0.466404
0.15625  -0.461997
0.21875  -0.538276
-0.09375  -0.501278
-0.125  -0.488247
0.28125  -0.383312
0  -0.381738
0.1875  -0.45526
0.0625  -0.313369
0.03125  -0.442143
0.0625  -0.721803
-0.09375  -0.636109
-0.03125  -0.407424
-0.25  -0.57156
-0.03125  -0.553539
-0.03125  -0.43718
-0.09375  -0.642076
-0.125  -0.387786
-0.03125  -0.582707
0  -0.595193
-0.09375  -0.571003
0  -0.536595
-0.09375  -0.324059
0.09375  -0.408448
0.0625  -0.399764
-0.0625  -0.489574
-0.09375  -0.481015
-0.0625  -0.612626
0.25  -0.488997
0.34375  -0.64961
0  -0.328622
-0.0625  -0.358607
0  -0.681097
0.15625  -0.579728
0.125  -0.486575
0.21875  -0.453005
-0.125  -0.478842
0  -0.535021
-0.0625  -0.819585
0.125  -0.553883
-0.03125  -0.243712
-0.03125  -0.535588
-0.1875  -0.433996
-0.1875  -0.437433
0.09375  -0.228926
0.03125  -0.696903
-0.21875  -0.688011
0.0625  -0.569313
-0.15625  -0.410951
-0.15625  -0.496885
0.09375  -0.631192
-0.25  -0.544991
0.03125  -0.489439
0.34375  -0.495857
-0.03125  -0.486872
0.0625  -0.386408
0.03125  -0.637208
-0.03125  -0.477283
-0.0625  -0.57387
0.0625  -0.616043
0.125  -0.566174
0.03125  -0.694149
-0.09375  -0.386416
0  -0.25202
0.0625  -0.663891
0.0625  -0.410364
0.03125  -0.498334
0  -0.491041
-0.09375  -0.606225
0.03125  -0.454657
-0.0625  -0.587859
-0.0625  -0.638516
0.15625  -0.553623
-0.09375  -0.64989
-0.03125  -0.625275
0.0625  -0.410497
0.21875  -0.392024
-0.03125  -0.453832
0  -0.51836
0.125  -0.412073
0.0625  -0.721374
0.125  -0.482519
-0.09375  -0.290558
0.34375  -0.359231
0.09375  -0.504983
0.0625  -0.625999
0.0625  -0.529228
0  -0.562118
0.0625  -0.245089
-0.0625  -0.598426
0.21875  -0.355362
0.21875  -0.587385
0.1875  -0.412144
0.03125  -0.414067
-0.09375  -0.635842
0.21875  -0.408996
-0.0625  -0.524549
0.25  -0.499765
-0.09375  -0.596806
0.0625  -0.616494
-0.1875  -0.536526
0.0625  -0.32036
0.28125  -0.440892
0  -0.374338
0.0625  -0.457403
0.21875  -0.56293
-0.15625  -0.542874
-0.0625  -0.49037
-0.03125  -0.501828
0.28125  -0.482342
-0.0625  -0.322595
-0.09375  -0.572405
0.0625  -0.478602
0.15625  -0.378559
-0.25  -0.665012
-0.125  -0.740113
-0.0625  -0.617628
0.15625  -0.61723
-0.03125  -0.499653
0.1875  -0.482953
-0.125  -0.406914
0.0625  -0.290753
0.03125  -0.568459
0.125  -0.664379
-0.03125  -0.325596
0.125  -0.403244
0.03125  -0.579584
0.125  -0.558808
-0.09375  -0.324217
-0.125  -0.783503
0  -0.461679
0.15625  -0.65062
-0.1875  -0.582297
-0.0625  -0.623241
-0.09375  -0.449881
0.25  -0.667666
0.125  -0.292899
0.03125  -0.723252
0.125  -0.513977
0.03125  -0.418561
0.09375  -0.559849
0  -0.460089
-0.09375  -0.535105
0  -0.323035
0  -0.620762
0  -0.624186
0  -0.499793
-0.15625  -0.456073
-0.09375  -0.4444
0.09375  -0.525224
-0.125  -0.44531
0.03125  -0.518641
0.03125  -0.356007
-0.03125  -0.361175
0.125  -0.359958
0  -0.53279
0.03125  -0.454278
0.15625  -0.351383
-0.09375  -0.404497
0.03125  -0.521232
0.0625  -0.36212
-0.125  -0.551096
0.0625  -0.553168
0.03125  -0.501291
-0.0625  -0.462498
0.09375  -0.444499
-0.1875  -0.387852
0.1875  -0.502359
0.15625  -0.578594
0.0625  -0.503046
0.15625  -0.363816
-0.125  -0.635374
-0.1875  -0.437718
0.1875  -0.612898
0.1875  -0.733277
-0.03125  -0.437317
-0.0625  -0.596669
0.1875  -0.601528
-0.03125  -0.441996
-0.0625  -0.527648
-0.03125  -0.609741
0.0625  -0.508491
0.1875  -0.666198
0.0625  -0.605399
-0.03125  -0.48176
-0.03125  -0.406184
0.34375  -0.533467
-0.09375  -0.474716
-0.0625  -0.403851
0  -0.539211
-0.28125  -0.600971
0.15625  -0.363256
-0.0625  -0.5474
0.15625  -0.452701
0.0625  -0.330446
0.125  -0.546673
-0.15625  -0.40897
0.03125  -0.452235
0.0625  -0.580283
0.125  -0.749226
-0.0625  -0.634484
-0.0625  -0.346849
-0.0625  -0.390228
-0.09375  -0.487664
0.09375  -0.531456
0.28125  -0.252834
0.15625  -0.473091
-0.03125  -0.503074
0.03125  -0.517533
0.09375  -0.422688
0.125  -0.460933
-0.3125  -0.599452
0.125  -0.392558
-0.03125  -0.51061
-0.15625  -0.572058
0  -0.497213
-0.15625  -0.509308
0.15625  -0.335648
-0.0625  -0.623439
0.125  -0.589788
-0.09375  -0.427117
0.03125  -0.465294
-0.03125  -0.433477
-0.0625  -0.428282
0.0625  -0.528401
-0.0625  -0.263878
0.03125  -0.446454
-0.15625  -0.638775
0.15625  -0.445191
-0.03125  -0.558844
-0.15625  -0.404002
-0.03125  -0.405172
-0.1875  -0.700654
0.03125  -0.4112
0.21875  -0.6594
0.125  -0.461372
-0.09375  -0.284409
-0.125  -0.343927
-0.0625  -0.657166
0.0625  -0.574116
0.1875  -0.546352
-0.03125  -0.597767
0.15625  -0.310882
0.09375  -0.550617
0.125  -0.427915
-0.125  -0.535851
0  -0.405601
0.0625  -0.397513
0.125  -0.808472
0.125  -0.583361
0.15625  -0.511388
0.125  -0.535595
-0.15625  -0.424704
0.0625  -0.609528
-0.125  -0.522986
-0.09375  -0.543721
0.09375  -0.598997
-0.09375  -0.315814
0.03125  -0.508758
-0.09375  -0.572826
-0.28125  -0.52362
0.03125  -0.216421
0.03125  -0.360725
-0.03125  -0.559915
-0.09375  -0.430735
0.125  -0.513866
-0.0625  -0.339622
-0.28125  -0.493199
0.34375  -0.482401
-0.03125  -0.553993
0.03125  -0.603832
0.15625  -0.443338
0.0625  -0.448532
-0.15625  -0.3892
-0.125  -0.644782
0.0625  -0.363968
0.15625  -0.576836
0.09375  -0.469002
-0.0625  -0.37421
0.125  -0.5514
0.09375  -0.487916
-0.21875  -0.650569
0.09375  -0.673051
0  -0.512426
-0.09375  -0.540396
-0.09375  -0.273796
-0.25  -0.647043
-0.0625  -0.525059
0.1875  -0.375306
0  -0.526002
-0.1875  -0.464741
0.0625  -0.317335
0  -0.546059
-0.09375  -0.510004
0.4375  -0.517778
0  -0.366998
-0.03125  -0.175212
-0.21875  -0.353542
0  -0.598899
-0.21875  -0.589993
0.03125  -0.719192
-0.03125  -0.220945
-0.15625  -0.390759
0.0625  -0.367217
-0.09375  -0.378405
-0.21875  -0.61297
0.09375  -0.701262
-0.15625  -0.644945
-0.0625  -0.405899
-0.21875  -0.562487
-0.21875  -0.472276
0  -0.515184
0.09375  -0.351165
-0.21875  -0.567826
-0.03125  -0.349815
-0.03125  -0.65039
0.09375  -0.548655
0  -0.243723
0.09375  -0.585952
-0.03125  -0.57776
-0.25  -0.604734
0.09375  -0.631257
0.3125  -0.412393
-0.34375  -0.28149
0.03125  -0.591327
-0.03125  -0.474557
-0.09375  -0.573462
0  -0.550756
0.0625  -0.296184
-0.125  -0.302686
-0.09375  -0.5105
-0.25  -0.710447
-0.03125  -0.597907
-0.03125  -0.350813
0.125  -0.603061
-0.1875  -0.44272
-0.03125  -0.509918
0  -0.377729
0  -0.620636
0  -0.468338
0.125  -0.449373
0.09375  -0.474408
0  -0.523154
-0.03125  -0.635011
-0.03125  -0.727546
0  -0.490985
-0.125  -0.538072
0.0625  -0.478473
-0.0625  -0.489709
0.0625  -0.609184
0.1875  -0.448488
0.09375  -0.349418
0.21875  -0.618334
-0.03125  -0.343732
0.125  -0.453327
0.15625  -0.578781
0  -0.783264
-0.21875  -0.264795
0.125  -0.586303
-0.125  -0.233123
-0.125  -0.501028
-0.125  -0.437383
-0.25  -0.142113
-0.09375  -0.46375
0  -0.577146
0.09375  -0.279697
-0.125  -0.501258
0.09375  -0.440057
0.0625  -0.440502
-0.09375  -0.722658
-0.21875  -0.348313
-0.03125  -0.468855
0.15625  -0.664446
-0.0625  -0.288948
-0.09375  -0.405214
-0.15625  -0.409784
-0.1875  -0.697872
-0.09375  -0.299951
-0.09375  -0.525556
0.0625  -0.590349
0.1875  -0.562196
0.125  -0.420083
0.25  -0.603634
-0.3125  -0.661922
0.09375  -0.446881
0.125  -0.690588
0.1875  -0.397885
0.0625  -0.634928
0.0625  -0.696758
0.15625  -0.334486
-0.21875  -0.54456
0.09375  -0.525619
-0.25  -0.493399
0.0625  -0.384911
-0.0625  -0.495522
0.21875  -0.455881
0.09375  -0.14607
0.21875  -0.415842
-0.25  -0.380086
0.0625  -0.516583
0.25  -0.438437
0.0625  -0.588916
-0.03125  -0.377817
0.25  -0.509222
0.1875  -0.353256
0.15625  -0.471053
-0.0625  -0.50503
-0.15625  -0.460705
-0.09375  -0.452459
0.0625  -0.634641
-0.0625  -0.542976
0.125  -0.474752
0.0625  -0.617909
0.09375  -0.257109
0.0625  -0.489294
0.03125  -0.493626
0  -0.636828
-0.09375  -0.604832
0.125  -0.503903
0  -0.792339
-0.125  -0.393521
-0.03125  -0.450669
-0.125  -0.390169
-0.125  -0.528801
0.15625  -0.331659
-0.0625  -0.504136
-0.125  -0.564318
-0.1875  -0.43335
0.09375  -0.525071
-0.03125  -0.527252
-0.09375  -0.561377
0.15625  -0.348212
-0.15625  -0.52717
0.15625  -0.344381
-0.125  -0.522274
0.09375  -0.655228
-0.03125  -0.703739
-0.03125  -0.478677
0  -0.590859
-0.03125  -0.748898
0.03125  -0.596357
0.03125  -0.386567
0  -0.548742
-0.09375  -0.636405
-0.0625  -0.609719
-0.03125  -0.453129
0.125  -0.501837
0.125  -0.31538
-0.03125  -0.584296
0.0625  -0.524906
-0.03125  -0.553143
0.15625  -0.340203
0.21875  -0.49564
0.1875  -0.456943
0.15625  -0.720255
-0.1875  -0.514545
-0.09375  -0.683263
0.0625  -0.60038
-0.09375  -0.513374
-0.28125  -0.646779
-0.1875  -0.581813
0.0625  -0.429117
-0.03125  -0.485414
0.03125  -0.30247
-0.0625  -0.657908
-0.09375  -0.459594
-0.125  -0.577202
-0.09375  -0.654203
0  -0.412432
0.0625  -0.57497
-0.0625  -0.534419
0.0625  -0.23042
0.0625  -0.556873
-0.125  -0.698626
0  -0.398238
-0.03125  -0.541363
-0.3125  -0.50118
0.03125  -0.439688
-0.03125  -0.374388
0.03125  -0.445115
0  -0.617982
-0.0625  -0.414861
-0.1875  -0.428031
0.0625  -0.40968
0  -0.450285
0  -0.57969
0.09375  -0.478798
-0.03125  -0.579451
-0.09375  -0.357161
-0.09375  -0.574575
0.03125  -0.594846
0.0625  -0.431957
0.03125  -0.397175
0.125  -0.431082
0.125  -0.358737
0.125  -0.538391
0  -0.592422
0.15625  -0.616445
0.1875  -0.46377
0.21875  -0.571966
0.125  -0.476393
0.03125  -0.6448
-0.15625  -0.309103
0.125  -0.476749
-0.09375  -0.598158
-0.0625  -0.682503
-0.09375  -0.470933
-0.09375  -0.518541
0.03125  -0.367951
-0.125  -0.611168
0.15625  -0.425977
0.09375  -0.535694
-0.03125  -0.377792
0  -0.654627
0.0625  -0.646567
0.0625  -0.379195
-0.09375  -0.586818
0  -0.432872
-0.125  -0.500063
0.125  -0.264275
0.03125  -0.472552
0.25  -0.486552
-0.09375  -0.442264
0.0625  -0.537764
-0.21875  -0.527761
0.15625  -0.370723
0.1875  -0.605677
0.03125  -0.458407
-0.25  -0.421728
-0.0625  -0.413654
0.09375  -0.059338
-0.1875  -0.770075
-0.125  -0.67771
-0.0625  -0.383134
0.1875  -0.400893
-0.03125  -0.399809
0.0625  -0.491001
-0.0625  -0.61188
0.0625  -0.565551
-0.09375  -0.45999
0.28125  -0.646244
0.125  -0.418482
0  -0.481487
-0.25  -0.471375
0.0625  -0.634656
0.0625  -0.521105
0  -0.651358
-0.03125  -0.598498
0  -0.551692
0.03125  -0.380605
0.125  -0.595985
0  -0.570697
0.125  -0.415782
0.15625  -0.577387
0.09375  -0.638539
0.03125  -0.510651
-0.0625  -0.645313
-0.125  -0.624095
0.125  -0.517601
0.0625  -0.562773
-0.03125  -0.493391
-0.21875  -0.627477
0.125  -0.597264
-0.15625  -0.537399
-0.15625  -0.378735
-0.125  -0.655876
0.0625  -0.734109
0.1875  -0.521048
-0.09375  -0.598749
0.03125  -0.506759
0.09375  -0.405249
-0.0625  -0.540403
-0.125  -0.31211
-0.03125  -0.539638
0.25  -0.453065
0.03125  -0.498069
0.1875  -0.562312
0.03125  -0.619934
-0.15625  -0.582419
-0.03125  -0.551278
0.15625  -0.52689
-0.0625  -0.493223
0  -0.633337
0.0625  -0.627474
-0.03125  -0.557951
-0.03125  -0.293129
0  -0.613606
0.1875  -0.365633
-0.125  -0.588432
0  -0.459105
0.03125  -0.363828
-0.09375  -0.38515
0.09375  -0.710756
-0.15625  -0.46447
-0.0625  -0.408681
-0.21875  -0.326568
0.03125  -0.342884
0.15625  -0.402477
0.15625  -0.418639
0.0625  -0.393895
-0.09375  -0.487442
-0.125  -0.363924
-0.0625  -0.466172
-0.03125  -0.61156
0.15625  -0.385702
-0.0625  -0.56307
0.15625  -0.562334
0  -0.290402
0.09375  -0.595905
-0.125  -0.470455
0.21875  -0.403707
0.0625  -0.417274
-0.0625  -0.403642
-0.09375  -0.600111
-0.25  -0.708024
-0.09375  -0.651469
-0.03125  -0.664672
-0.1875  -0.495931
-0.03125  -0.684954
-0.125  -0.540594
0.125  -0.447427
0.03125  -0.535851
0.09375  -0.484627
0.0625  -0.561357
0.28125  -0.350511
-0.25  -0.611675
-0.09375  -0.428848
-0.03125  -0.569827
-0.1875  -0.54499
-0.1875  -0.513424
0.4375  -0.534931
0.4375  -0.392042
0  -0.493612
-0.125  -0.573774
0.03125  -0.453492
0.09375  -0.664352
-0.15625  -0.777591
0.21875  -0.569798
-0.09375  -0.552743
0  -0.271391
-0.25  -0.424157
0.03125  -0.543346
-0.0625  -0.503414
-0.03125  -0.569038
0.03125  -0.681962
-0.03125  -0.449836
0.15625  -0.277113
-0.125  -0.517019
0.09375  -0.477928
0.03125  -0.587532
0.125  -0.616673
0.15625  -0.560363
-0.0625  -0.451419
-0.0625  -0.642427
0.125  -0.614883
-0.15625  -0.450428
0  -0.065178
-0.15625  -0.584911
-0.03125  -0.560433
-0.3125  -0.429885
0.09375  -0.536066
-0.03125  -0.593761
0.21875  -0.545747
-0.15625  -0.289108
-0.03125  -0.575941
0.15625  -0.590501
0.125  -0.562043
0.03125  -0.521443
0.09375  -0.598446
0  -0.483904
-0.1875  -0.0580958
-0.125  -0.598378
-0.125  -0.561859
-0.125  -0.302153
0.125  -0.464477
-0.09375  -0.485903
-0.09375  -0.552036
-0.03125  -0.410562
0.21875  -0.355786
0.03125  -0.728602
0.03125  -0.634965
0.125  -0.475081
-0.15625  -0.266362
-0.09375  -0.420929
0.0625  -0.607386
0  -0.637814
0.125  -0.332634
0.0625  -0.419707
0.09375  -0.690022
-0.28125  -0.633394
0.0625  -0.591532
-0.125  -0.483652
-0.125  -0.478053
-0.09375  -0.506608
0  -0.518715
0.25  -0.306308
-0.09375  -0.396365
0.03125  -0.579866
0.09375  -0.511341
0.3125  -0.566469
-0.03125  -0.562444
0.21875  -0.557478
-0.125  -0.699754
-0.21875  -0.359425
-0.03125  -0.482098
-0.15625  -0.53116
0.1875  -0.36089
0.15625  -0.589054
0.125  -0.519728
0  -0.441598
-0.09375  -0.587351
-0.03125  -0.529119
-0.125  -0.485498
0.03125  -0.537119
0  -0.509127
0.0625  -0.558069
0  -0.648634
0.09375  -0.643255
-0.0625  -0.492935
0.09375  -0.404522
0.15625  -0.450226
0  -0.773095
0.25  -0.37319
0.15625  -0.545721
0.0625  -0.580169
-0.03125  -0.436476
0.0625  -0.484304
0.125  -0.54291
-0.09375  -0.395286
0.15625  -0.486269
0.0625  -0.531704
-0.1875  -0.435137
0.34375  -0.566235
-0.0625  -0.394927
0  -0.649042
-0.0625  -0.54638
0.09375  -0.183641
0.03125  -0.534443
0  -0.718066
-0.0625  -0.282392
-0.09375  -0.672989
0.09375  -0.506936
-0.21875  -0.198184
0.09375  -0.295345
-0.1875  -0.457337
0.09375  -0.540826
0.125  -0.763093
-0.1875  -0.497939
-0.03125  -0.542275
-0.125  -0.266698
0  -0.710795
-0.09375  -0.457112
0.125  -0.555718
-0.1875  -0.473627
0.125  -0.557051
-0.03125  -0.352543
-0.09375  -0.737899
-0.25  -0.403174
-0.09375  -0.595198
-0.15625  -0.598009
0.03125  -0.632314
0.09375  -0.568961
0  -0.460693
0.03125  -0.397
0.28125  -0.556013
-0.09375  -0.507041
0.125  -0.392931
-0.21875  -0.62013
-0.0625  -0.491847
0  -0.44726
0.09375  -0.511664
0.0625  -0.655947
-0.03125  -0.519191
-0.0625  -0.391398
0.0625  -0.327061
-0.125  -0.521474
-0.0625  -0.342112
-0.125  -0.427222
0.125  -0.54743
-0.0625  -0.512931
-0.15625  -0.467932
-0.21875  -0.65064
0  -0.41
-0.125  -0.447939
0.0625  -0.329713
0.125  -0.629116
0.1875  -0.489635
-0.03125  -0.515029
-0.1875  -0.740375
0.125  -0.517482
0.28125  -0.587758
0.15625  -0.426665
-0.09375  -0.556326
0.1875  -0.507539
0.125  -0.268571
-0.21875  -0.423241
-0.15625  -0.520512
-0.0625  -0.639103
-0.03125  -0.544807
-0.03125  -0.715205
-0.125  -0.265535
0  -0.520212
0.03125  -0.518972
0.125  -0.475856
0.125  -0.578137
0.21875  -0.534363
0.1875  -0.48974
0  -0.492824
0  -0.54502
-0.15625  -0.594543
-0.125  -0.781579
0.15625  -0.485175
0.0625  -0.454344
-0.34375  -0.624997
-0.03125  -0.408706
-0.03125  -0.562323
0.0625  -0.645319
0.125  -0.36885
0.125  -0.463156
0.125  -0.219205
0.09375  -0.578921
-0.09375  -0.443952
0.03125  -0.513318
-0.09375  -0.470295
-0.03125  -0.39293
-0.125  -0.438043
0  -0.504914
0.03125  -0.386917
0.25  -0.36075
0  -0.351531
0.0625  -0.3704
-0.0625  -0.718289
0.0625  -0.479786
0.1875  -0.63938
0.1875  -0.498532
-0.25  -0.448676
0.09375  -0.690509
-0.0625  -0.387451
-0.25  -0.409333
0.09375  -0.66608
0.0625  -0.622156
0.21875  -0.441473
0.03125  -0.512207
0  -0.485957
-0.03125  -0.607124
-0.03125  -0.427244
-0.0625  -0.403233
0.09375  -0.283776
-0.1875  -0.551724
-0.03125  -0.573886
0.09375  -0.393717
0.09375  -0.571548
-0.15625  -0.429407
-0.09375  -0.58147
-0.03125  -0.491734
-0.125  -0.499703
-0.0625  -0.502184
-0.1875  -0.654663
0.09375  -0.445823
0.09375  -0.333766
0  -0.299921
0.15625  -0.539594
0.0625  -0.406398
-0.09375  -0.581359
-0.1875  -0.584291
-0.15625  -0.580937
0.1875  -0.455186
0  -0.470428
-0.1875  -0.190105
0  -0.350762
0  -0.636433
0  -0.584549
0.21875  -0.378101
-0.0625  -0.472339
-0.03125  -0.537526
-0.0625  -0.33754
-0.125  -0.646764
0  -0.590191
0.15625  -0.436136
-0.15625  -0.664249
-0.03125  -0.460791
-0.09375  -0.558998
0.03125  -0.653501
-0.03125  -0.7146
-0.1875  -0.554894
0.03125  -0.433453
-0.03125  -0.551337
-0.09375  -0.457693
0  -0.605184
0.15625  -0.477536
0.21875  -0.319523
-0.09375  -0.301652
0.03125  -0.463307
-0.03125  -0.379965
0.25  -0.644392
0  -0.482028
0.125  -0.606831
-0.09375  -0.47079
-0.15625  -0.410073
0  -0.487214
-0.03125  -0.561451
-0.09375  -0.529821
0.25  -0.571709
-0.0625  -0.71642
0  -0.321429
-0.09375  -0.696168
0.25  -0.364251
-0.125  -0.607355
0.0625  -0.433406
-0.03125  -0.568004
-0.0625  -0.623559
0.0625  -0.563562
0.15625  -0.520502
-0.0625  -0.532133
-0.21875  -0.626057
-0.09375  -0.818808
-0.1875  -0.548593
0.09375  -0.627915
0.0625  -0.341071
-0.09375  -0.522272
0.1875  -0.637756
-0.09375  -0.576128
-0.21875  -0.455887
0.03125  -0.512685
0.3125  -0.31207
-0.1875  -0.468415
-0.09375  -0.595026
0.21875  -0.384275
-0.03125  -0.683421
-0.09375  -0.502124
0  -0.588745
-0.15625  -0.559861
-0.0625  -0.674337
0.09375  -0.457069
-0.09375  -0.370085
0.15625  -0.439858
-0.15625  -0.424808
0.0625  -0.5917
0.0625  -0.639657
-0.125  -0.393877
-0.125  -0.351954
-0.09375  -0.764199
0.125  -0.563433
0  -0.365347
0.28125  -0.357049
0.1875  -0.650546
-0.0625  -0.518373
0.0625  -0.517148
-0.25  -0.657403
0.03125  -0.423029
-0.15625  -0.54211
-0.0625  -0.564153
0  -0.453282
0.1875  -0.630154
-0.25  -0.651096
-0.25  -0.556729
-0.125  -0.564494
0.1875  -0.524347
0.03125  -0.448372
0.1875  -0.474782
0.1875  -0.630955
-0.1875  -0.705394
-0.1875  -0.384942
0.0625  -0.323033
0.1875  -0.299368
0.03125  -0.572073
-0.03125  -0.608615
-0.03125  -0.492351
-0.1875  -0.490175
0.09375  -0.503203
-0.125  -0.432306
-0.03125  -0.489664
0.03125  -0.337056
-0.0625  -0.321518
0  -0.281051
-0.125  -0.416287
-0.09375  -0.464906
-0.1875  -0.550478
0.15625  -0.529907
-0.28125  -0.50893
0.125  -0.362425
-0.0625  -0.534185
0  -0.416586
-0.15625  -0.636101
0  -0.516878
0.15625  -0.538707
0.03125  -0.49866
0.15625  -0.57323
-0.25  -0.507131
0.03125  -0.527998
0.09375  -0.498343
-0.03125  -0.612415
0  -0.537713
-0.0625  -0.507922
-0.0625  -0.460838
0  -0.538212
-0.15625  -0.511265
-0.03125  -0.355272
0.25  -0.420487
-0.125  -0.369449
0.09375  -0.642433
0.0625  -0.492058
-0.125  -0.392987
0  -0.539796
-0.0625  -0.64179
0.03125  -0.500285
-0.21875  -0.472049
0  -0.438974
0.09375  -0.518472
-0.03125  -0.472531
0.0625  -0.636362
0.125  -0.45278
-0.0625  -0.797128
0.125  -0.208251
-0.0625  -0.537736
0.0625  -0.596958
0.21875  -0.56103
-0.125  -0.527909
-0.0625  -0.253849
0.3125  -0.459568
-0.0625  -0.613127
0.03125  -0.696125
-0.15625  -0.686523
0.21875  -0.477671
-0.0625  -0.55997
0  -0.508668
0.09375  -0.408928
0.0625  -0.392934
0  -0.6294
0.28125  -0.440326
0.125  -0.650732
-0.125  -0.565924
-0.09375  -0.337625
0.125  -0.496469
0.125  -0.519089
0.09375  -0.52421
-0.03125  -0.403561
0  -0.38274
0.1875  -0.454694
-0.03125  -0.530183
0.125  -0.477229
-0.1875  -0.517984
-0.03125  -0.285298
0.09375  -0.598862
-0.1875  -0.580058
0.25  -0.480231
-0.1875  -0.392007
-0.0625  -0.293256
0.03125  -0.540732
-0.03125  -0.647062
0.03125  -0.56751
0.1875  -0.580866
-0.0625  -0.359632
0.15625  -0.550902
-0.0625  -0.466526
-0.40625  -0.392647
-0.09375  -0.521314
-0.09375  -0.565413
-0.15625  -0.506916
-0.25  -0.338506
0.125  -0.522471
-0.21875  -0.484541
-0.125  -0.623413
-0.125  -0.399975
0.03125  -0.44935
0.1875  -0.459709
-0.03125  -0.0909254
0.03125  -0.698535
-0.125  -0.521878
0.03125  -0.390908
0.28125  -0.276162
-0.0625  -0.561441
0.0625  -0.503404
-0.03125  -0.494001
0.125  -0.558419
0.0625  -0.504958
0.1875  -0.519487
-0.0625  -0.475636
-0.03125  -0.394652
-0.03125  -0.620491
0.03125  -0.1671
0.0625  -0.483864
0.15625  -0.328351
-0.125  -0.546579
-0.0625  -0.664306
0  -0.449206
-0.15625  -0.440293
-0.09375  -0.591343
-0.0625  -0.208282
0  -0.338775
-0.0625  -0.387917
-0.25  -0.436705
0.0625  -0.612343
0.0625  -0.480912
-0.03125  -0.543417
0.09375  -0.507483
0.15625  -0.627282
0.125  -0.47733
0.125  -0.525765
-0.03125  -0.588312
0  -0.571869
0.0625  -0.551481
-0.03125  -0.354427
-0.0625  -0.663334
0.09375  -0.580523
-0.03125  -0.386794
-0.15625  -0.478825
-0.125  -0.348893
0.0625  -0.622938
0.09375  -0.604458
0  -0.452439
0.25  -0.601968
0.125  -0.542562
-0.125  -0.548669
0.15625  -0.618244
0.03125  -0.282919
0.0625  -0.440073
-0.03125  -0.563273
-0.0625  -0.698085
-0.0625  -0.437633
-0.15625  -0.484741
0.25  -0.516127
0.03125  -0.656475
-0.1875  -0.226147
0  -0.275594
0.03125  -0.540987
-0.03125  -0.522019
-0.09375  -0.432448
0.125  -0.452157
0.125  -0.37177
0  -0.468923
-0.0625  -0.511841
0.03125  -0.333085
0.1875  -0.434031
-0.21875  -0.470284
-0.125  -0.54502
0.09375  -0.608436
0.25  -0.546515
0.34375  -0.506933
0.25  -0.427797
0.15625  -0.623562
-0.0625  -0.486991
0.25  -0.46355
-0.09375  -0.327271
0.28125  -0.50209
0.125  -0.546097
-0.03125  -0.668606
0.03125  -0.45962
0.09375  -0.534826
0.1875  -0.470492
-0.0625  -0.637907
-0.0625  -0.506029
-0.0625  -0.593193
0.03125  -0.651929
0.09375  -0.559407
0.34375  -0.562563
0.03125  -0.474274
-0.03125  -0.391128
0.1875  -0.328029
0.09375  -0.557416
0.09375  -0.537577
0.0625  -0.395544
0.03125  -0.398179
0.09375  -0.51227
0.21875  -0.522487
0.28125  -0.514803
0.125  -0.393006
-0.03125  -0.513189
0  -0.492263
-0.0625  -0.814212
-0.1875  -0.495473
-0.09375  -0.637037
-0.09375  -0.52154
-0.03125  -0.348829
-0.03125  -0.519859
0.09375  -0.332622
0.125  -0.654123
-0.21875  -0.427586
0  -0.468306
-0.0625  -0.562341
0.09375  -0.653612
0  -0.349389
-0.0625  -0.367409
-0.0625  -0.490094
-0.21875  -0.575193
0.1875  -0.534947
0.1875  -0.423116
0  -0.400686
-0.09375  -0.544436
0.03125  -0.586977
0  -0.55036
-0.125  -0.489314
0.03125  -0.565345
-0.03125  -0.396158
0.09375  -0.641898
0  -0.361755
-0.125  -0.621293
0.28125  -0.422821
-0.1875  -0.350095
0.03125  -0.494119
-0.0625  -0.633431
-0.0625  -0.543581
-0.0625  -0.230913
0  -0.455963
-0.15625  -0.527393
-0.0625  -0.40165
-0.15625  -0.754945
0  -0.593353
0.09375  -0.374012
-0.09375  -0.370652
-0.0625  -0.752749
-0.1875  -0.510371
0.15625  -0.343878
0.09375  -0.586949
-0.09375  -0.48043
-0.0625  -0.673312
-0.3125  -0.215447
0  -0.633678
0.03125  -0.438489
-0.0625  -0.475309
-0.0625  -0.397163
0.15625  -0.649788
0  -0.696779
0.21875  -0.555243
0  -0.51325
0.03125  -0.555079
-0.15625  -0.659846
0.21875  -0.489433
-0.34375  -0.628638
0.03125  -0.42041
0.09375  -0.284073
0  -0.335275
0.09375  -0.581014
-0.1875  -0.490266
-0.1875  -0.581828
-0.03125  -0.47432
0.34375  -0.393356
0.125  -0.427945
-0.03125  -0.351802
-0.09375  -0.620326
-0.03125  -0.531886
-0.15625  -0.448402
-0.125  -0.540008
-0.0625  -0.621258
0.0625  -0.521286
0.0625  -0.63065
0.25  -0.54938
-0.03125  -0.464685
0.15625  -0.606822
-0.03125  -0.532273
-0.15625  -0.669411
0.21875  -0.653678
-0.0625  -0.340818
-0.15625  -0.559995
-0.15625  -0.40592
-0.125  -0.667991
0.0625  -0.551937
-0.125  -0.307868
-0.21875  -0.462834
-0.0625  -0.401454
0  -0.565074
-0.03125  -0.59991
0.125  -0.415072
-0.09375  -0.357631
0.28125  -0.475218
0.0625  -0.553847
0.03125  -0.372215
0.09375  -0.386854
-0.28125  -0.578531
0  -0.52908
-0.21875  -0.499323
0.0625  -0.420232
0  -0.280507
-0.0625  -0.667696
-0.03125  -0.419162
-0.0625  -0.409218
0.0625  -0.38387
0.03125  -0.615808
0.03125  -0.623158
-0.0625  -0.634334
0.125  -0.196733
-0.03125  -0.490297
-0.21875  -0.411763
0.1875  -0.522343
0.09375  -0.604151
0.125  -0.528006
-0.0625  -0.475126
-0.03125  -0.560942
0  -0.364376
-0.21875  -0.405423
0  -0.49516
-0.03125  -0.592846
0.0625  -0.471495
-0.03125  -0.45923
-0.03125  -0.567334
-0.09375  -0.664695
-0.28125  -0.521164
0  -0.573304
-0.03125  -0.42213
0.125  -0.306717
-0.0625  -0.580696
0.21875  -0.388368
0.15625  -0.518438
0.03125  -0.583809
-0.21875  -0.667329
-0.03125  -0.254833
-0.03125  -0.724672
0.03125  -0.496422
-0.09375  -0.550605
0.1875  -0.516779
0.15625  -0.486478
0.125  -0.581533
0.1875  -0.609186
-0.125  -0.420417
0.1875  -0.385857
0.0625  -0.463189
0.03125  -0.687013
0.21875  -0.512754
-0.03125  -0.197874
-0.25  -0.548228
-0.125  -0.482519
-0.125  -0.499139
0.03125  -0.539629
0.0625  -0.478912
0.03125  -0.749818
0.125  -0.496546
-0.0625  -0.405464
-0.0625  -0.522249
0.09375  -0.623144
0  -0.467691
0.25  -0.544598
-0.125  -0.322932
0.09375  -0.587723
-0.09375  -0.53931
0.09375  -0.44139
0.09375  -0.57326
0.09375  -0.168498
-0.15625  -0.418371
0.09375  -0.398455
0.03125  -0.310364
-0.0625  -0.551389
0.09375  -0.536363
0.125  -0.473995
0.0625  -0.471792
-0.25  -0.378463
-0.0625  -0.618457
-0.0625  -0.667691
-0.125  -0.470256
0.125  -0.517607
0.03125  -0.678158
-0.21875  -0.537784
-0.1875  -0.692027
0.0625  -0.521921
0  -0.535311
0.15625  -0.627734
0.0625  -0.493086
-0.03125  -0.514667
0.03125  -0.226713
0  -0.504342
0.125  -0.576845
0.21875  -0.59753
0  -0.459125
-0.03125  -0.49649
0.03125  -0.585318
0.03125  -0.541455
-0.15625  -0.648792
0  -0.651937
-0.125  -0.508445
-0.03125  -0.476031
0.125  -0.672301
0.09375  -0.448498
-0.125  -0.360576
-0.03125  -0.550851
-0.125  -0.500768
-0.03125  -0.354631
-0.28125  -0.294244
-0.03125  -0.547019
0.03125  -0.383961
-0.03125  -0.628215
0.0625  -0.496675
-0.0625  -0.508903
-0.0625  -0.498643
-0.09375  -0.454833
-0.03125  -0.399267
-0.03125  -0.363125
-0.0625  -0.430203
0.0625  -0.594749
0.0625  -0.384063
-0.15625  -0.683629
-0.1875  -0.442915
0.0625  -0.402464
0  -0.355204
-0.125  -0.319864
-0.0625  -0.516933
0.09375  -0.539424
-0.1875  -0.516203
0.21875  -0.3901
-0.03125  -0.529857
0.21875  -0.457251
-0.1875  -0.655905
0.125  -0.402135
-0.09375  -0.413863
0.21875  -0.368254
-0.09375  -0.57004
0  -0.443742
-0.09375  -0.521955
0.375  -0.735373
-0.0625  -0.468786
0  -0.406505
-0.21875  -0.513099
-0.21875  -0.471912
0.15625  -0.472333
-0.125  -0.486506
0.25  -0.728427
0  -0.41934
-0.15625  -0.117422
0.0625  -0.50166
-0.0625  -0.589446
0.21875  -0.672902
-0.28125  -0.489807
0.21875  -0.68863
0.09375  -0.498184
-0.03125  -0.315297
0.21875  -0.548119
-0.0625  -0.548854
-0.09375  -0.553714
0.03125  -0.45876
0.125  -0.562876
-0.09375  -0.446983
-0.125  -0.383654
-0.03125  -0.503479
0.0625  -0.70582
0.03125  -0.64411
0.15625  -0.53414
0.0625  -0.525838
0.03125  -0.477405
-0.0625  -0.50722
0.15625  -0.423892
0.21875  -0.524465
-0.125  -0.483853
-0.09375  -0.366823
-0.25  -0.568985
-0.125  -0.39101
0.0625  -0.51156
-0.09375  -0.500702
-0.28125  -0.369537
0.0625  -0.444934
-0.25  -0.437133
-0.09375  -0.632822
-0.15625  -0.549999
0.0625  -0.573222
-0.03125  -0.492856
0.28125  -0.411928
-0.09375  -0.72305
-0.15625  -0.489546
0.09375  -0.46294
0.1875  -0.557716
0.15625  -0.642159
-0.03125  -0.686291
0.125  -0.678312
0.1875  -0.597741
0.03125  -0.559302
0  -0.408293
-0.03125  -0.424166
0.125  -0.427501
0.03125  -0.495817
-0.09375  -0.595739
0.09375  -0.580398
0.21875  -0.334581
-0.03125  -0.545828
0.03125  -0.603443
-0.25  -0.667716
0.03125  -0.480319
0  -0.443318
0.0625  -0.578333
0.0625  -0.521081
0.15625  -0.595259
-0.03125  -0.640489
-0.15625  -0.547973
0.125  -0.531256
0.15625  -0.422188
0.1875  -0.578551
0  -0.592914
0.0625  -0.48865
-0.03125  -0.585171
-0.21875  -0.379271
-0.03125  -0.510011
0.03125  -0.562108
-0.15625  -0.409948
-0.1875  -0.741048
0  -0.610075
0.15625  -0.499611
0.0625  -0.482297
-0.15625  -0.555754
-0.09375  -0.455054
0.09375  -0.403376
-0.0625  -0.410828
0.0625  -0.498298
0.03125  -0.260685
-0.125  -0.513008
0.0625  -0.578597
0.03125  -0.359534
0.03125  -0.652571
-0.09375  -0.642564
0.125  -0.5686
0.125  -0.464935
0  -0.582044
0.125  -0.408679
0.03125  -0.522237
-0.15625  -0.657079
0.0625  -0.580159
0.03125  -0.158054
0.125  -0.364501
0.09375  -0.534583
0.25  -0.510055
-0.0625  -0.59399
0.09375  -0.51998
0.25  -0.638361
-0.03125  -0.477408
-0.15625  -0.662316
-0.03125  -0.535835
0.15625  -0.470292
0.25  -0.593754
0.09375  -0.519574
-0.09375  -0.276259
0.09375  -0.188612
0.15625  -0.549115
-0.09375  -0.488029
-0.09375  -0.370926
-0.125  -0.326946
0.0625  -0.453043
0.0625  -0.460189
0.03125  -0.506154
-0.0625  -0.346658
-0.125  -0.577486
-0.09375  -0.671644
0.09375  -0.601303
-0.125  -0.525566
0  -0.498563
0.3125  -0.442286
0.09375  -0.547982
-0.09375  -0.433428
-0.03125  -0.379522
-0.09375  -0.432356
-0.125  -0.342354
0.09375  -0.38288
0  -0.543903
-0.15625  -0.436909
0.125  -0.349636
-0.1875  -0.306961
0.09375  -0.523005
-0.25  -0.408997
0.09375  -0.463578
0.0625  -0.487573
0  -0.690891
-0.0625  -0.577251
0.1875  -0.432489
-0.15625  -0.519061
-0.1875  -0.547141
-0.15625  -0.237406
-0.09375  -0.701929
0.1875  -0.518189
0.15625  -0.41767
0.21875  -0.679176
0.09375  -0.600585
-0.03125  -0.532993
0  -0.475378
0  -0.525904
-0.0625  -0.484978
-0.21875  -0.296066
0.03125  -0.704269
-0.03125  -0.614732
-0.09375  -0.442132
0.0625  -0.527847
0.09375  -0.621535
0.03125  -0.437597
0  -0.601193
0  -0.676326
-0.15625  -0.619127
0  -0.466695
0.03125  -0.668824
0.09375  -0.417613
0.25  -0.259916
0.09375  -0.522039
0.15625  -0.23995
0.03125  -0.433163
-0.15625  -0.532492
0.03125  -0.45207
0.34375  -0.471932
-0.09375  -0.393456
-0.03125  -0.468354
0.125  -0.492145
0.0625  -0.699941
0.03125  -0.506662
0.03125  -0.403493
0  -0.514407
0.125  -0.385274
0  -0.462889
-0.15625  -0.34213
-0.09375  -0.621305
0.09375  -0.541071
0  -0.63267
-0.15625  -0.489641
0.125  -0.493557
0.03125  -0.583214
0.09375  -0.356929
0.0625  -0.446053
0.03125  -0.495495
0  -0.520551
0.03125  -0.461472
0.1875  -0.415581
-0.125  -0.389972
0.0625  -0.377134
0.03125  -0.545767
0  -0.370416
-0.1875  -0.530299
0.03125  -0.463656
0.15625  -0.664647
0  -0.616902
-0.0625  -0.436683
0.1875  -0.434769
0.0625  -0.522982
-0.125  -0.499717
0  -0.613647
0.375  -0.404074
0  -0.561971
0.21875  -0.625031
-0.09375  -0.614149
0  -0.429293
-0.1875  -0.390238
0  -0.605319
-0.03125  -0.230294
-0.1875  -0.363621
0.21875  -0.442576
-0.0625  -0.555543
-0.09375  -0.520478
0.09375  -0.37528
0.09375  -0.646845
0.0625  -0.618211
0.03125  -0.404567
-0.125  -0.513435
-0.125  -0.673304
-0.125  -0.605903
0  -0.408014
-0.21875  -0.418931
-0.25  -0.400647
0.09375  -0.448059
0.0625  -0.59606
0.0625  -0.388411
-0.125  -0.521023
-0.15625  -0.551057
0.0625  -0.363144
-0.0625  -0.52854
0.21875  -0.38692
0.03125  -0.408571
-0.0625  -0.619693
0  -0.602619
0.125  -0.49302
0.21875  -0.331587
0  -0.661199
0.09375  -0.430112
-0.03125  -0.72843
0.03125  -0.495819
0.1875  -0.473927
-0.1875  -0.596641
-0.15625  -0.555291
0.15625  -0.466733
0  -0.526346
0.15625  -0.582888
0.15625  -0.431294
0.0625  -0.37942
-0.0625  -0.332601
-0.1875  -0.263338
0  -0.638917
-0.28125  -0.314302
0.03125  -0.563717
0.09375  -0.529946
0.09375  -0.354261
0.1875  -0.446993
-0.0625  -0.5304
0.15625  -0.491752
0.21875  -0.619601
0.21875  -0.408826
-0.0625  -0.288611
-0.28125  -0.43525
0.125  -0.718605
-0.09375  -0.373776
0.125  -0.514202
-0.03125  -0.374245
-0.1875  -0.498523
0  -0.538595
-0.03125  -0.329186
-0.03125  -0.671472
0.09375  -0.579192
-0.09375  -0.61978
0.1875  -0.68839
-0.09375  -0.480292
0.03125  -0.47254
-0.03125  -0.498006
0  -0.698002
0.09375  -0.516599
0.09375  -0.374711
-0.125  -0.428184
0.09375  -0.498997
0  -0.65922
0.1875  -0.372176
0.15625  -0.380108
-0.03125  -0.483593
0.0625  -0.348528
-0.1875  -0.517563
0.15625  -0.47627
-0.21875  -0.455209
0.03125  -0.500681
0.21875  -0.563048
0.375  -0.402761
0.09375  -0.508498
0.125  -0.508893
0.34375  -0.322185
-0.03125  -0.480208
-0.125  -0.363922
0  -0.49118
0.125  -0.67186
0.125  -0.553502
0.0625  -0.61825
0.0625  -0.599087
0.21875  -0.598349
0.03125  -0.403383
-0.0625  -0.462077
0.09375  -0.487948
-0.1875  -0.549632
-0.03125  -0.642177
0.03125  -0.481692
0.15625  -0.569314
0.03125  -0.647228
-0.09375  -0.491569
0.0625  -0.500354
0.1875  -0.696811
-0.03125  -0.362218
-0.09375  -0.439465
0.03125  -0.655383
0.0625  -0.301405
0.15625  -0.475752
0.0625  -0.297413
-0.09375  -0.289764
0  -0.417711
-0.0625  -0.62308
-0.0625  -0.655545
0.15625  -0.490349
0  -0.688357
-0.0625  -0.499434
0.03125  -0.544894
-0.21875  -0.421337
-0.09375  -0.540369
-0.125  -0.541804
-0.09375  -0.5685
-0.09375  -0.719351
0.125  -0.46507
0  -0.324798
-0.21875  -0.521072
-0.21875  -0.491677
0.0625  -0.555584
0.15625  -0.56117
-0.1875  -0.566563
-0.0625  -0.480928
0.25  -0.500966
0.0625  -0.40978
0.25  -0.469797
0.09375  -0.719367
-0.125  -0.567006
-0.03125  -0.454343
-0.21875  -0.454245
0.25  -0.55464
0.15625  -0.464421
-0.03125  -0.44242
0.125  -0.489046
0.03125  -0.390758
0.09375  -0.623909
0.09375  -0.380717
0.125  -0.448278
-0.125  -0.608295
-0.03125  -0.657655
-0.21875  -0.360792
0.125  -0.575265
-0.0625  -0.584472
-0.15625  -0.586738
-0.125  -0.607625
-0.125  -0.60919
0.125  -0.474893
-0.09375  -0.702172
-0.15625  -0.671128
0.21875  -0.541446
-0.21875  -0.302622
-0.03125  -0.480277
0  -0.484605
-0.0625  -0.612532
-0.03125  -0.620813
-0.0625  -0.526145
-0.0625  -0.427006
-0.25  -0.5547
0.125  -0.703634
-0.15625  -0.766662
0.1875  -0.563318
0.1875  -0.651777
-0.09375  -0.630675
0.0625  -0.480427
-0.1875  -0.571917
0.09375  -0.662039
0.09375  -0.60913
0.03125  -0.811129
0.0625  -0.573864
0.03125  -0.390664
0.03125  -0.512129
-0.1875  -0.456734
0.09375  -0.504027
0.03125  -0.577909
0.0625  -0.611616
0.03125  -0.475163
-0.0625  -0.458336
0.09375  -0.414798
-0.03125  -0.602877
0  -0.531182
0.125  -0.311383
-0.0625  -0.363016
-0.03125  -0.446386
0.25  -0.131947
-0.09375  -0.512146
-0.09375  -0.302533
-0.09375  -0.619485
0.03125  -0.4232
-0.03125  -0.303514
0.0625  -0.584181
0.03125  -0.603665
0.03125  -0.406447
0.15625  -0.390068
0.0625  -0.748164
0.03125  -0.299875
0.21875  -0.445088
-0.09375  -0.608738
-0.125  -0.144025
-0.25  -0.430806
-0.0625  -0.669093
0  -0.522074
0.03125  -0.589757
-0.03125  -0.360228
0.09375  -0.549677
-0.0625  -0.301456
-0.125  -0.519117
0.09375  -0.578491
-0.03125  -0.450987
0.0625  -0.395745
0.03125  -0.39078
0.28125  -0.563756
-0.1875  -0.696734
-0.09375  -0.594035
0  -0.608435
-0.25  -0.624655
0  -0.550999
-0.0625  -0.276456
0.1875  -0.526856
0.125  -0.412204
0.09375  -0.634212
-0.15625  -0.578524
-0.0625  -0.539697
-0.03125  -0.390263
0.1875  -0.661715
0.28125  -0.552768
0  -0.588515
-0.03125  -0.535002
0.3125  -0.594451
0  -0.513583
0.15625  -0.551966
0.15625  -0.509939
0  -0.453245
-0.15625  -0.488797
0.03125  -0.439596
-0.15625  -0.434636
0.0625  -0.544355
-0.125  -0.537723
0.21875  -0.49537
0.03125  -0.43138
0.09375  -0.424851
-0.0625  -0.632761
0  -0.473685
0.0625  -0.397423
0  -0.503949
0.125  -0.324318
0  -0.421637
0  -0.501532
0.21875  -0.49213
0.0625  -0.693252
-0.09375  -0.325781
0  -0.454475
0.03125  -0.707453
0.1875  -0.442697
0.25  -0.356668
0.15625  -0.442149
-0.09375  -0.399593
-0.0625  -0.683533
0.0625  -0.506753
0  -0.525109
0.03125  -0.451069
0.03125  -0.540413
0.09375  -0.471875
-0.03125  -0.567592
0.125  -0.441839
-0.03125  -0.490581
0.28125  -0.59104
-0.1875  -0.629172
-0.0625  -0.459742
0.28125  -0.618939
-0.1875  -0.435197
0.03125  -0.420983
0.03125  -0.323934
-0.15625  -0.390671
0.0625  -0.561689
0  -0.413066
0.0625  -0.435718
0.125  -0.372262
-0.03125  -0.675278
-0.0625  -0.434821
-0.15625  -0.616615
0  -0.61533
0.0625  -0.336431
-0.09375  -0.345967
0.03125  -0.555795
-0.15625  -0.537428
0.03125  -0.762794
0.125  -0.389907
-0.09375  -0.370063
0.0625  -0.585515
0.03125  -0.548478
0.21875  -0.622412
0.09375  -0.429246
-0.15625  -0.450535
0.0625  -0.683064
-0.03125  -0.6583
0.25  -0.369366
-0.125  -0.504051
0  -0.511189
0.0625  -0.56048
-0.125  -0.476647
0.0625  -0.565108
0.09375  -0.672302
-0.03125  -0.511921
-0.0625  -0.434841
-0.0625  -0.600889
0.28125  -0.652702
0.125  -0.519878
-0.1875  -0.626242
0.125  -0.398163
0.09375  -0.601923
-0.03125  -0.46046
-0.375  -0.571486
0.0625  -0.431467
-0.0625  -0.337535
0.25  -0.347871
0.0625  -0.707645
0.125  -0.359972
0.03125  -0.438396
0.0625  -0.40529
0.03125  -0.592312
0.125  -0.740534
0.0625  -0.545726
-0.03125  -0.396031
-0.125  -0.498776
0.21875  -0.351614
0.09375  -0.541654
0.09375  -0.618947
-0.15625  -0.470108
0.03125  -0.640906
-0.03125  -0.469292
-0.125  -0.578401
-0.125  -0.467984
-0.09375  -0.705023
0.0625  -0.654427
0.3125  -0.566477
-0.09375  -0.572827
0.09375  -0.532478
0.09375  -0.592419
0.125  -0.423904
-0.09375  -0.352868
0.0625  -0.459941
-0.09375  -0.496968
-0.09375  -0.658117
-0.15625  -0.522964
0.03125  -0.60599
0.03125  -0.505241
-0.03125  -0.433493
0.03125  -0.360406
0.21875  -0.540265
-0.125  -0.601403
-0.09375  -0.451337
0.1875  -0.580419
0  -0.627179
-0.125  -0.597334
-0.25  -0.457253
0.125  -0.630936
0.21875  -0.394291
-0.03125  -0.465931
0.03125  -0.505844
-0.03125  -0.571963
-0.21875  -0.523077
-0.09375  -0.256023
0.15625  -0.500775
0.125  -0.496984
-0.0625  -0.307466
-0.125  -0.582415
-0.03125  -0.47746
0  -0.463853
-0.15625  -0.499883
0.03125  -0.603892
-0.03125  -0.308583
-0.0625  -0.55269
0  -0.485371
0.0625  -0.664259
0.28125  -0.500756
0.0625  -0.42716
0  -0.549599
0.125  -0.358429
0.09375  -0.488781
-0.15625  -0.595808
0.21875  -0.461489
0.09375  -0.486718
0.25  -0.46241
-0.21875  -0.593146
-0.15625  -0.431124
-0.09375  -0.509998
-0.125  -0.331864
-0.21875  -0.348749
0.09375  -0.545363
0.1875  -0.314876
0.125  -0.342458
0.03125  -0.490233
-0.15625  -0.449594
0.15625  -0.407008
-0.09375  -0.500563
-0.21875  -0.474275
0.03125  -0.582047
0.09375  -0.568752
0.125  -0.594634
-0.0625  -0.582731
-0.09375  -0.415112
0.03125  -0.359308
0  -0.349387
-0.03125  -0.484011
0.0625  -0.193365
-0.03125  -0.294016
0.0625  -0.390531
-0.0625  -0.587808
-0.0625  -0.450191
0.28125  -0.470779
-0.0625  -0.499754
-0.3125  -0.558426
0.15625  -0.577339
-0.125  -0.387943
-0.03125  -0.6732
-0.09375  -0.62522
-0.125  -0.573094
0.09375  -0.521178
0.09375  -0.541399
-0.03125  -0.526121
0.0625  -0.510052
0.21875  -0.331551
0  -0.558979
-0.125  -0.556327
-0.0625  -0.426466
-0.0625  -0.525601
-0.03125  -0.627201
-0.09375  -0.588993
-0.0625  -0.272504
0.0625  -0.537898
-0.1875  -0.438857
0.0625  -0.562867
-0.1875  -0.597471
0.03125  -0.725254
0  -0.481095
-0.0625  -0.434075
0.09375  -0.434912
-0.0625  -0.517498
0.21875  -0.492197
-0.125  -0.738942
-0.09375  -0.647871
0.125  -0.49736
0.03125  -0.444512
0.03125  -0.500006
0.125  -0.609137
0.1875  -0.461765
0.09375  -0.56213
0  -0.617872
0.15625  -0.503674
-0.0625  -0.682404
0  -0.639539
0  -0.42755
0.1875  -0.397407
-0.28125  -0.623647
-0.125  -0.419958
-0.21875  -0.784377
-0.125  -0.544282
0.03125  -0.440599
-0.03125  -0.450009
-0.09375  -0.614052
-0.125  -0.36201
0.03125  -0.340674
0.125  -0.366911
-0.21875  -0.692043
0  -0.423243
-0.125  -0.467216
0.0625  -0.678633
-0.3125  -0.394983
0  -0.459842
0  -0.581642
-0.21875  -0.44692
0.03125  -0.713454
0.21875  -0.518018
-0.125  -0.447795
0  -0.601597
0  -0.607553
-0.09375  -0.63737
-0.1875  -0.466773
0.15625  -0.464965
0.125  -0.349652
-0.0625  -0.260169
-0.03125  -0.393139
0  -0.429452
0.0625  -0.478879
0  -0.452234
-0.125  -0.513061
-0.28125  -0.504927
-0.15625  -0.364555
-0.03125  -0.514128
0.03125  -0.514617
-0.03125  -0.676241
0.25  -0.593232
0.0625  -0.603509
0.25  -0.537634
-0.03125  -0.466796
-0.0625  -0.531232
0.15625  -0.474309
0.0625  -0.438974
0.09375  -0.597394
-0.09375  -0.489609
0  -0.628721
-0.0625  -0.355313
0.1875  -0.320086
-0.03125  -0.299688
0  -0.63003
-0.0625  -0.466372
-0.0625  -0.443108
0.125  -0.449036
0.0625  -0.592714
-0.125  -0.346832
0.0625  -0.592126
0.0625  -0.761929
-0.125  -0.32171
0.25  -0.372305
-0.0625  -0.436257
0.03125  -0.442883
-0.0625  -0.559307
0.03125  -0.423477
0.1875  -0.482486
0  -0.396375
0  -0.463206
-0.1875  -0.578422
0.03125  -0.724725
0.0625  -0.544756
0.15625  -0.698842
-0.09375  -0.409813
0.375  -0.449573
0.09375  -0.604628
-0.0625  -0.470963
-0.1875  -0.437344
0.0625  -0.486476
0  -0.482611
0.0625  -0.515758
-0.125  -0.485777
0.0625  -0.356345
-0.03125  -0.518118
-0.0625  -0.374335
0.125  -0.404103
-0.03125  -0.455582
0.25  -0.56439
-0.25  -0.465675
0.21875  -0.675692
0.15625  -0.613421
-0.03125  -0.39606
-0.03125  -0.459533
-0.0625  -0.298922
-0.03125  -0.709276
-0.03125  -0.455061
0.15625  -0.444784
-0.03125  -0.384054
0.28125  -0.597278
0.03125  -0.450369
-0.1875  -0.517779
-0.0625  -0.545499
0.21875  -0.579006
0.03125  -0.45852
-0.09375  -0.317421
-0.03125  -0.25478
-0.15625  -0.470443
0.125  -0.440006
0.0625  -0.435086
0.21875  -0.640059
-0.09375  -0.341543
0.125  -0.536296
-0.03125  -0.611222
-0.03125  -0.600485
-0.15625  -0.442443
0.1875  -0.465287
0.0625  -0.419069
-0.21875  -0.553544
0.0625  -0.518218
-0.03125  -0.621764
-0.0625  -0.338138
0.0625  -0.587087
-0.125  -0.377249
-0.0625  -0.240743
0.0625  -0.50057
0.15625  -0.473909
0.34375  -0.56374
0  -0.553514
0.03125  -0.543251
-0.28125  -0.259566
-0.0625  -0.610749
-0.09375  -0.592425
0.0625  -0.597081
-0.09375  -0.387739
0.0625  -0.438898
-0.0625  -0.550853
0  -0.496439
0.125  -0.760415
0.03125  -0.399359
-0.125  -0.472186
-0.03125  -0.518633
0.0625  -0.316189
0.125  -0.509221
-0.125  -0.337852
0.21875  -0.184757
0.125  -0.599623
0.125  -0.298364
0.15625  -0.390531
0.15625  -0.424101
0.0625  -0.769934
-0.09375  -0.373282
-0.03125  -0.437546
-0.09375  -0.443928
0.03125  -0.458809
-0.03125  -0.539171
-0.09375  -0.389979
0.09375  -0.455724
-0.15625  -0.568176
-0.09375  -0.601824
0.125  -0.394336
0.0625  -0.379175
0.1875  -0.576595
0.0625  -0.501424
0  -0.571379
-0.0625  -0.539765
-0.09375  -0.539664
-0.125  -0.523531
0  -0.563953
-0.1875  -0.653282
-0.09375  -0.597737
-0.09375  -0.487467
0.03125  -0.366956
0.125  -0.405532
0.09375  -0.486791
-0.0625  -0.458503
0.125  -0.487066
-0.0625  -0.432832
0.21875  -0.361104
0  -0.655144
-0.0625  -0.601335
0.125  -0.349728
-0.21875  -0.548913
0  -0.620939
-0.0625  -0.525173
0.125  -0.438456
-0.03125  -0.432572
-0.15625  -0.719291
-0.0625  -0.464013
0  -0.519032
-0.125  -0.350734
-0.0625  -0.474409
0  -0.633123
0  -0.499465
-0.21875  -0.455887
0  -0.56475
0.125  -0.169464
0.0625  -0.467317
-0.125  -0.524154
0.3125  -0.552693
-0.125  -0.660233
0.0625  -0.46336
-0.25  -0.511476
0.15625  -0.528552
0  -0.468667
-0.0625  -0.59833
-0.0625  -0.313441
-0.0625  -0.356472
0  -0.440462
0.125  -0.547269
0.25  -0.675441
0.21875  -0.460811
-0.0625  -0.396217
-0.375  -0.639573
0.25  -0.485354
-0.15625  -0.198809
-0.09375  -0.567616
0.03125  -0.439298
0.0625  -0.451024
0  -0.41029
-0.09375  -0.603382
-0.15625  -0.568821
0.15625  -0.411754
-0.03125  -0.379821
0.0625  -0.326419
0.15625  -0.532215
-0.0625  -0.438617
-0.09375  -0.628483
-0.03125  -0.308871
0  -0.586825
0.0625  -0.613869
0.09375  -0.543436
0  -0.506964
-0.21875  -0.192997
0.09375  -0.547476
-0.0625  -0.661745
-0.25  -0.264391
-0.21875  -0.608641
0.0625  -0.659178
0  -0.585935
-0.125  -0.463417
0.0625  -0.309145
0.09375  -0.431853
-0.09375  -0.379572
0  -0.465874
0.0625  -0.719085
0  -0.575858
-0.1875  -0.743532
-0.0625  -0.387718
-0.125  -0.576301
-0.1875  -0.52818
0.1875  -0.544734
0  -0.487288
0.09375  -0.56943
0  -0.709244
-0.03125  -0.552437
-0.1875  -0.553975
0.0625  -0.380072
0.125  -0.456851
0.0625  -0.363968
0  -0.4568
-0.0625  -0.426474
-0.25  -0.593492
0.0625  -0.616916
-0.1875  -0.193449
0.0625  -0.45569
0.0625  -0.453076
0.0625  -0.427309
0  -0.557814
-0.125  -0.623609
0.09375  -0.306929
0.28125  -0.39209
-0.03125  -0.422955
0.21875  -0.426183
-0.09375  -0.425927
0.125  -0.555943
0.09375  -0.562795
0.0625  -0.560446
-0.1875  -0.726253
0.09375  -0.364935
0.03125  -0.490562
-0.125  -0.43907
0.1875  -0.525493
-0.03125  -0.500356
0  -0.428871
0.21875  -0.667241
-0.1875  -0.583989
0.28125  -0.666265
0.15625  -0.578164
0.09375  -0.562635
-0.03125  -0.680199
0  -0.533091
0.0625  -0.574873
-0.15625  -0.563728
0.0625  -0.657689
0.1875  -0.494873
-0.09375  -0.412258
0.15625  -0.404877
0.03125  -0.45516
-0.15625  -0.580541
0.125  -0.517534
-0.03125  -0.358597
0.0625  -0.673383
-0.09375  -0.573303
0.125  -0.494634
-0.15625  -0.520999
-0.0625  -0.585198
0.21875  -0.564693
-0.3125  -0.431734
0  -0.717662
-0.09375  -0.441007
-0.1875  -0.252005
-0.0625  -0.299051
-0.1875  -0.321959
-0.1875  -0.404028
0.125  -0.513517
0  -0.323783
-0.03125  -0.424613
0.34375  -0.61903
0.03125  -0.414195
0.15625  -0.373769
0  -0.446591
0.0625  -0.647564
-0.15625  -0.454646
-0.09375  -0.683968
0.09375  -0.640148
-0.125  -0.460677
-0.15625  -0.411702
-0.21875  -0.323845
0.25  -0.130145
-0.0625  -0.556952
-0.09375  -0.444545
0.09375  -0.59847
-0.125  -0.616853
0.09375  -0.279628
-0.03125  -0.408652
0.03125  -0.479293
-0.03125  -0.632089
-0.15625  -0.601932
0.03125  -0.605121
0.03125  -0.517889
-0.0625  -0.241082
-0.09375  -0.50977
0.03125  -0.481527
-0.03125  -0.320089
0.03125  -0.623375
0.3125  -0.534456
-0.03125  -0.308815
-0.15625  -0.37887
0.125  -0.387554
0.03125  -0.537632
0.0625  -0.510938
0.09375  -0.554694
0.125  -0.41503
-0.25  -0.596611
0.0625  -0.632567
-0.15625  -0.437174
-0.15625  -0.597138
-0.15625  -0.527624
-0.03125  -0.306595
0  -0.391982
0.21875  -0.438376
-0.21875  -0.719986
0  -0.549305
-0.0625  -0.551649
0.1875  -0.281396
-0.125  -0.478689
0.03125  -0.593064
-0.09375  -0.308721
0.3125  -0.604571
-0.03125  -0.69948
0.09375  -0.574675
-0.125  -0.548157
-0.15625  -0.56649
-0.1875  -0.339468
-0.03125  -0.283518
-0.0625  -0.524187
0.09375  -0.575307
0.0625  -0.518499
0.15625  -0.310604
0.15625  -0.576635
-0.15625  -0.572366
0.03125  -0.505385
-0.03125  -0.57147
-0.0625  -0.559285
0.03125  -0.509976
-0.1875  -0.42107
0.1875  -0.408978
-0.1875  -0.539037
-0.1875  -0.580299
0  -0.528498
0.0625  -0.621227
0  -0.409216
-0.125  -0.699019
-0.0625  -0.581466
0.09375  -0.144912
0.15625  -0.311259
-0.09375  -0.516489
0.03125  -0.549673
0.125  -0.603138
0.0625  -0.343025
-0.09375  -0.553264
0.0625  -0.611944
-0.125  -0.662444
0.0625  -0.52542
0.28125  -0.505114
-0.125  -0.422387
-0.0625  -0.508425
-0.125  -0.563481
0.09375  -0.488156
-0.125  -0.609675
-0.1875  -0.30907
-0.15625  -0.554229
-0.09375  -0.4447
-0.0625  -0.64807
0.21875  -0.433292
0.15625  -0.456897
0.25  -0.724499
-0.1875  -0.633576
-0.09375  -0.590177
-0.125  -0.448138
-0.21875  -0.523054
-0.25  -0.417083
-0.21875  -0.403482
0  -0.460216
0.09375  -0.696133
-0.125  -0.475681
0.03125  -0.477612
0.09375  -0.625507
-0.25  -0.687398
-0.03125  -0.486993
-0.15625  -0.496302
-0.125  -0.596897
-0.0625  -0.262039
0.0625  -0.345069
0  -0.511692
-0.0625  -0.597337
-0.03125  -0.609244
0.09375  -0.601631
-0.0625  -0.575477
0.34375  -0.635474
0.09375  -0.506525
-0.15625  -0.393782
0.09375  -0.475697
0  -0.798775
-0.03125  -0.625849
-0.125  -0.378244
0.15625  -0.52969
0.15625  -0.604496
0.125  -0.513948
0.0625  -0.384775
-0.21875  -0.448132
0  -0.562041
0.1875  -0.5701
-0.125  -0.676744
-0.25  -0.511602
-0.03125  -0.518707
-0.1875  -0.437473
-0.1875  -0.412704
0.0625  -0.359224
-0.125  -0.633796
-0.09375  -0.677546
0.03125  -0.719234
-0.28125  -0.40047
0.125  -0.517283
0  -0.601142
-0.03125  -0.458531
-0.21875  -0.558595
0.125  -0.75144
0.21875  -0.203633
-0.03125  -0.543753
0.125  -0.250008
-0.21875  -0.433745
-0.125  -0.436978
-0.21875  -0.632835
0.21875  -0.602155
-0.0625  -0.415644
-0.125  -0.399155
-0.15625  -0.560896
0.09375  -0.57211
0.15625  -0.44022
-0.21875  -0.59486
-0.09375  -0.576043
-0.21875  -0.675264
0.09375  -0.420985
-0.09375  -0.553358
0.21875  -0.571107
-0.0625  -0.431103
0  -0.446983
-0.40625  -0.470654
0.25  -0.556459
-0.03125  -0.473101
-0.25  -0.607492
0  -0.408982
0.03125  -0.339115
0.25  -0.332751
-0.21875  -0.371939
-0.03125  -0.625696
-0.125  -0.379815
-0.15625  -0.398911
-0.09375  -0.656629
0.03125  -0.515257
0.0625  -0.535015
-0.125  -0.525568
0.09375  -0.6596
0.03125  -0.581504
-0.1875  -0.480379
-0.125  -0.551601
-0.0625  -0.406796
-0.09375  -0.570927
0  -0.414851
0  -0.441258
0  -0.533438
0  -0.46703
0.0625  -0.579384
0  -0.504995
0.09375  -0.700289
0.0625  -0.471826
0.03125  -0.643482
-0.15625  -0.423246
0.125  -0.600575
0.0625  -0.503298
0.15625  -0.42194
-0.25  -0.605485
0.1875  -0.419528
-0.1875  -0.43048
0.09375  -0.417475
-0.125  -0.349525
0.125  -0.464146
-0.125  -0.473226
-0.0625  -0.604374
-0.0625  -0.517969
0  -0.489194
0.34375  -0.526246
0.0625  -0.592765
-0.125  -0.503046
-0.125  -0.349252
0  -0.527712
-0.03125  -0.277975
0.0625  -0.323189
0.03125  -0.562116
0.0625  -0.185283
0  -0.619372
0.03125  -0.550698
0.09375  -0.54717
-0.125  -0.492642
0.0625  -0.514733
-0.09375  -0.441099
-0.0625  -0.372526
0  -0.410301
-0.0625  -0.530992
0.03125  -0.452079
-0.125  -0.270574
-0.25  -0.371559
0.21875  -0.740314
-0.09375  -0.59839
-0.09375  -0.218302
0.03125  -0.534381
0.03125  -0.424625
0.15625  -0.46404
-0.0625  -0.34446
-0.03125  -0.404638
-0.21875  -0.270166
-0.03125  -0.317877
0.03125  -0.492388
0.03125  -0.467034
-0.0625  -0.543689
0  -0.421304
0.0625  -0.39835
-0.03125  -0.549776
-0.03125  -0.476542
-0.0625  -0.675873
0.09375  -0.727563
0.03125  -0.596835
-0.09375  -0.309364
-0.03125  -0.629364
-0.03125  -0.326268
-0.15625  -0.638913
0.21875  -0.581201
0  -0.435844
0.15625  -0.47985
0.125  -0.493793
0  -0.52156
0.03125  -0.277287
-0.0625  -0.573328
0.1875  -0.537528
0.1875  -0.272867
-0.15625  -0.609524
-0.1875  -0.526153
-0.0625  -0.677993
0  -0.439716
-0.1875  -0.518718
-0.125  -0.50983
-0.09375  -0.625206
-0.1875  -0.485161
0.0625  -0.437496
0.15625  -0.689897
0  -0.477808
0.09375  -0.204495
-0.03125  -0.397802
-0.09375  -0.58712
-0.125  -0.52421
-0.03125  -0.455708
-0.03125  -0.417182
0.03125  -0.322
-0.15625  -0.606153
0.125  -0.473556
0.0625  -0.422431
0.0625  -0.445113
-0.25  -0.44069
0.15625  -0.486731
0.125  -0.585046
0.1875  -0.619139
0  -0.426631
-0.09375  -0.288248
0.1875  -0.36318
0.09375  -0.563526
-0.21875  -0.595417
0.28125  -0.496105
-0.125  -0.4587
-0.125  -0.340044
-0.09375  -0.596015
0.125  -0.424876
0.09375  -0.502985
0.28125  -0.594937
-0.1875  -0.697481
-0.03125  -0.63789
0.03125  -0.700079
-0.09375  -0.521359
0  -0.476248
0  -0.507684
-0.03125  -0.443016
0.28125  -0.639963
-0.09375  -0.382537
0  -0.540608
0.1875  -0.625699
0.1875  -0.467045
0.0625  -0.426859
0.03125  -0.684587
0.09375  -0.631918
0.03125  -0.55848
0.1875  -0.605341
0.0625  -0.646048
0.15625  -0.47883
-0.125  -0.506385
-0.125  -0.355616
0.03125  -0.546959
-0.21875  -0.506354
0.15625  -0.385847
0.34375  -0.384007
0.21875  -0.449645
-0.21875  -0.574091
-0.15625  -0.580051
0.28125  -0.312511
0.1875  -0.506952
0.0625  -0.548645
-0.09375  -0.534664
0.0625  -0.471692
0.125  -0.467526
-0.25  -0.396447
0.15625  -0.635628
0  -0.345777
0  -0.568111
0.09375  -0.424531
-0.0625  -0.487794
-0.03125  -0.441028
-0.0625  -0.542918
0.125  -0.511353
-0.0625  -0.734788
0.03125  -0.607589
-0.40625  -0.645903
0.09375  -0.463955
-0.03125  -0.542785
0  -0.251953
-0.15625  -0.432588
-0.0625  -0.394903
-0.03125  -0.451504
0.0625  -0.574631
-0.03125  -0.575506
-0.03125  -0.435242
0.0625  -0.524652
-0.15625  -0.500974
0.125  -0.506415
0.1875  -0.371756
0.09375  -0.368679
0.125  -0.435063
0.3125  -0.467466
0  -0.578043
0.03125  -0.601887
0.03125  -0.603213
-0.03125  -0.34312
0.21875  -0.452034
0.21875  -0.464163
0  -0.393589
0.0625  -0.688266
-0.0625  -0.342563
0.03125  -0.460036
0.0625  -0.50745
0.1875  -0.459533
0.21875  -0.374361
0  -0.56219
-0.1875  -0.586671
0  -0.535394
0.03125  -0.510161
-0.03125  -0.324727
-0.03125  -0.394548
0.34375  -0.542338
0.125  -0.32596
-0.15625  -0.515316
0  -0.493698
0  -0.577863
0.125  -0.642286
0.0625  -0.399586
0.0625  -0.362882
-0.09375  -0.353494
-0.03125  -0.390368
-0.03125  -0.743893
0.0625  -0.591876
0.03125  -0.484645
-0.03125  -0.403287
0.0625  -0.477383
0.21875  -0.502451
-0.15625  -0.379858
-0.03125  -0.57518
0  -0.509061
-0.21875  -0.459185
0.15625  -0.30871
0.09375  -0.448064
0  -0.516414
-0.09375  -0.340844
-0.03125  -0.45873
0.21875  -0.360581
-0.09375  -0.395745
0.03125  -0.676882
0.0625  -0.613293
-0.25  -0.508343
0.0625  -0.67938
0  -0.574708
0.03125  -0.629737
-0.03125  -0.514858
-0.21875  -0.609697
-0.15625  -0.700903
0.0625  -0.609541
0.09375  -0.267799
0  -0.642794
0.15625  -0.647673
0.0625  -0.442162
-0.0625  -0.317933
-0.09375  -0.605206
-0.0625  -0.48373
-0.21875  -0.754691
-0.03125  -0.50896
0.03125  -0.453278
0  -0.492101
0.03125  -0.305225
-0.15625  -0.533007
0.15625  -0.540316
0.0625  -0.632867
-0.1875  -0.713712
-0.25  -0.424642
0.125  -0.467078
0.0625  -0.414603
-0.09375  -0.468152
-0.03125  -0.438149
-0.15625  -0.357738
0.1875  -0.494742
-0.28125  -0.376347
0.09375  -0.66132
-0.09375  -0.65648
-0.09375  -0.422039
0.0625  -0.336585
-0.03125  -0.405864
0.03125  -0.535328
0.09375  -0.509295
-0.125  -0.304328
0  -0.456257
0  -0.649024
0  -0.502135
-0.0625  -0.488603
-0.21875  -0.473221
0.03125  -0.318164
0.03125  -0.385748
-0.09375  -0.579004
0.125  -0.36443
0.09375  -0.519266
-0.03125  -0.659791
-0.03125  -0.418993
0.03125  -0.452669
-0.0625  -0.628689
0  -0.677418
0  -0.395388
0.21875  -0.569286
-0.125  -0.553793
0.1875  -0.579226
-0.1875  -0.386573
-0.0625  -0.467905
-0.28125  -0.579121
0.03125  -0.648084
0.0625  -0.600327
0.03125  -0.476264
0.125  -0.3422
-0.09375  -0.66564
-0.03125  -0.58769
0.125  -0.531602
0.25  -0.422874
0.15625  -0.495284
-0.0625  -0.556086
-0.09375  -0.682898
0.0625  -0.541954
-0.0625  -0.418921
0.09375  -0.647239
-0.03125  -0.396725
-0.1875  -0.537497
0  -0.510814
-0.03125  -0.562739
0.1875  -0.453282
0.3125  -0.370087
-0.09375  -0.375743
0.25  -0.39367
0.03125  -0.538228
0.09375  -0.473399
0.15625  -0.391324
-0.1875  -0.549415
-0.0625  -0.384984
0  -0.551433
-0.1875  -0.594155
0.0625  -0.619597
-0.03125  -0.369541
0.3125  -0.468077
0.09375  -0.480651
0.09375  -0.394773
-0.09375  -0.623279
-0.0625  -0.509363
0  -0.615152
0.03125  -0.428206
0.03125  -0.468088
0.125  -0.460664
-0.03125  -0.612294
0.25  -0.628005
0.09375  -0.380546
0  -0.39939
-0.0625  -0.651305
0.34375  -0.468727
-0.03125  -0.515229
-0.0625  -0.478899
0.21875  -0.562437
-0.03125  -0.507699
0.125  -0.371545
0.09375  -0.585849
-0.03125  -0.584557
-0.03125  -0.712275
0.21875  -0.576742
-0.15625  -0.361
-0.0625  -0.384231
0.125  -0.653365
0.0625  -0.485843
-0.03125  -0.476735
-0.1875  -0.472256
-0.03125  -0.623237
-0.1875  -0.347501
0.0625  -0.347106
0.15625  -0.277283
0  -0.482504
0.0625  -0.478534
0.0625  -0.392777
0.125  -0.527156
-0.0625  -0.587775
0.1875  -0.591485
0.25  -0.472411
-0.03125  -0.441763
0  -0.588995
-0.09375  -0.453313
-0.09375  -0.462209
0.09375  -0.531097
0.09375  -0.399403
-0.1875  -0.582276
-0.0625  -0.284761
0.0625  -0.354854
0.03125  -0.631495
-0.03125  -0.338171
0.09375  -0.246733
-0.0625  -0.493497
0.21875  -0.482496
0.03125  -0.38079
0.0625  -0.634457
0.25  -0.477749
0  -0.455862
0.1875  -0.546344
0.03125  -0.497744
-0.09375  -0.47049
0.0625  -0.510716
-0.15625  -0.478406
0  -0.524836
0.15625  -0.275552
-0.09375  -0.490445
0.03125  -0.624662
0.03125  -0.533639
0.21875  -0.578566
0.0625  -0.664082
-0.15625  -0.53677
-0.21875  -0.505668
-0.25  -0.652122
-0.125  -0.684323
-0.25  -0.510567
0.03125  -0.440126
-0.25  -0.576338
0  -0.384731
-0.03125  -0.463988
0  -0.429077
-0.09375  -0.341678
-0.15625  -0.646707
0.09375  -0.473433
0.21875  -0.402388
0  -0.543987
-0.15625  -0.458435
0.21875  -0.306991
-0.0625  -0.697712
0  -0.587558
0  -0.508945
0.0625  -0.355087
0  -0.611769
-0.0625  -0.360261
0.15625  -0.466793
-0.0625  -0.299846
0.4375  -0.502681
0.0625  -0.657794
0  -0.683898
-0.15625  -0.508826
-0.15625  -0.71596
0  -0.539915
-0.0625  -0.424116
0  -0.539045
-0.21875  -0.374336
-0.21875  -0.430466
-0.125  -0.377219
-0.125  -0.683078
-0.03125  -0.804861
0.1875  -0.399812
0.0625  -0.337034
0.09375  -0.507856
-0.125  -0.632009
-0.125  -0.382204
0  -0.514768
-0.1875  -0.494769
-0.28125  -0.516375
-0.15625  -0.419338
-0.15625  -0.292509
0.1875  -0.530775
0  -0.477975
0.03125  -0.438645
0.125  -0.461956
-0.125  -0.688393
0.0625  -0.345625
-0.03125  -0.437653
0.28125  -0.331387
0  -0.432272
0.03125  -0.430477
0.0625  -0.443049
0.09375  -0.481279
-0.09375  -0.381707
0.0625  -0.519539
0.15625  -0.436024
-0.03125  -0.711438
0.03125  -0.4589
0  -0.716587
-0.09375  -0.439254
0.15625  -0.427453
0.0625  -0.610814
-0.09375  -0.670199
-0.1875  -0.638337
0.125  -0.327013
0.28125  -0.59115
-0.03125  -0.66281
0.25  -0.452116
0.1875  -0.623214
-0.03125  -0.432179
-0.15625  -0.500823
0  -0.693675
0.125  -0.572224
-0.1875  -0.527292
0.15625  -0.569442
0  -0.594826
0.28125  -0.518257
0.09375  -0.677024
0.28125  -0.56828
0.15625  -0.420241
0.0625  -0.593612
0.0625  -0.545365
0.09375  -0.591942
0.09375  -0.561695
0.25  -0.517949
-0.03125  -0.61051
0.28125  -0.607491
-0.125  -0.415601
-0.28125  -0.429827
-0.125  -0.483822
-0.0625  -0.587223
-0.125  -0.524305
0.09375  -0.654245
0.28125  -0.5907
0.125  -0.699673
0.03125  -0.524256
0.03125  -0.45517
-0.03125  -0.575762
0.21875  -0.461496
0.09375  -0.56618
-0.03125  -0.443803
-0.1875  -0.397859
0.1875  -0.488076
-0.125  -0.698628
0.03125  -0.438156
-0.1875  -0.550332
0.15625  -0.637939
0  -0.656835
-0.09375  -0.641221
0  -0.413428
-0.1875  -0.541937
0.3125  -0.349758
0  -0.511423
-0.125  -0.734427
-0.0625  -0.569873
-0.03125  -0.372149
0.09375  -0.373711
-0.15625  -0.536096
-0.125  -0.394665
-0.0625  -0.253731
0.0625  -0.577005
0.0625  -0.348305
0  -0.53786
-0.125  -0.43797
0.0625  -0.636251
0.125  -0.573082
-0.03125  -0.434979
-0.0625  -0.56866
0.125  -0.530304
-0.15625  -0.472045
-0.03125  -0.55263
-0.09375  -0.313366
-0.125  -0.356527
0.125  -0.652135
-0.0625  -0.654609
0.1875  -0.370478
-0.125  -0.329234
-0.09375  -0.332802
0  -0.417741
-0.21875  -0.332232
0.1875  -0.308336
0  -0.333199
-0.09375  -0.379747
0.03125  -0.415597
-0.1875  -0.680681
-0.125  -0.575743
-0.03125  -0.535611
-0.0625  -0.500378
-0.125  -0.456203
-0.03125  -0.588048
0.28125  -0.367917
-0.03125  -0.489991
0.125  -0.460254
-0.15625  -0.478401
-0.03125  -0.556556
0.0625  -0.568878
-0.25  -0.62384
-0.03125  -0.619618
0.03125  -0.396981
-0.09375  -0.684465
0.15625  -0.302241
0.09375  -0.550522
-0.03125  -0.451895
0.03125  -0.613304
-0.21875  -0.578127
-0.15625  -0.498679
0.09375  -0.681476
-0.28125  -0.394594
-0.03125  -0.658549
-0.1875  -0.433033
0.125  -0.261396
-0.0625  -0.470194
-0.09375  -0.375753
0.25  -0.508902
-0.03125  -0.554275
0.125  -0.448009
-0.03125  -0.396432
-0.15625  -0.530165
-0.25  -0.375426
0.09375  -0.596421
0.0625  -0.415785
-0.09375  -0.420205
0  -0.367027
0.21875  -0.4657
0.21875  -0.41397
0.03125  -0.492862
0.03125  -0.326079
0.09375  -0.429903
0.09375  -0.575385
0.03125  -0.352878
0.21875  -0.653478
-0.0625  -0.365421
-0.15625  -0.330334
0.03125  -0.438551
0.0625  -0.439313
-0.0625  -0.577664
0.125  -0.654027
0.125  -0.432206
0.03125  -0.317625
-0.15625  -0.477528
0  -0.627479
-0.03125  -0.573416
-0.15625  -0.565837
0.1875  -0.408103
0.125  -0.388922
0.15625  -0.567402
0.09375  -0.478186
0.0625  -0.445331
-0.25  -0.53812
-0.1875  -0.618389
-0.15625  -0.772307
-0.09375  -0.676433
0.09375  -0.461873
-0.0625  -0.419409
0.25  -0.573003
-0.1875  -0.63166
0.15625  -0.412708
-0.03125  -0.512872
-0.09375  -0.564752
-0.03125  -0.0965776
-0.25  -0.31652
0.15625  -0.41739
0.0625  -0.510052
-0.34375  -0.608043
0.28125  -0.450499
0  -0.508517
0.09375  -0.24774
0.0625  -0.49954
0.0625  -0.691522
0.15625  -0.567128
-0.0625  -0.454358
0.125  -0.49327
-0.09375  -0.330162
-0.125  -0.387709
-0.03125  -0.692872
-0.0625  -0.254667
-0.03125  -0.551654
-0.1875  -0.624779
0.0625  -0.341008
-0.28125  -0.420045
-0.0625  -0.614702
0.03125  -0.373587
0.03125  -0.497069
-0.0625  -0.481453
-0.09375  -0.706825
0.03125  -0.540199
-0.21875  -0.520154
-0.0625  -0.424646
0.0625  -0.30434
0.03125  -0.535373
-0.1875  -0.491189
0.0625  -0.555214
-0.03125  -0.468495
0.375  -0.628926
-0.21875  -0.454181
-0.125  -0.483204
0.09375  -0.642127
-0.15625  -0.654742
0.03125  -0.639271
0  -0.445845
0  -0.367584
0.09375  -0.326073
-0.09375  -0.493608
-0.09375  -0.424359
-0.0625  -0.425694
-0.09375  -0.499164
0.125  -0.433965
0.03125  -0.456022
-0.15625  -0.640107
0.09375  -0.499375
-0.03125  -0.587863
-0.25  -0.466491
0.09375  -0.398512
0.09375  -0.432547
-0.09375  -0.580804
-0.125  -0.336016
0  -0.611928
-0.28125  -0.506355
-0.03125  -0.377693
0.1875  -0.488295
0  -0.450186
-0.125  -0.308548
-0.125  -0.467973
0.03125  -0.466943
0.03125  -0.657953
0.0625  -0.519797
0.03125  -0.513125
0.15625  -0.483677
0.125  -0.474954
0.09375  -0.406783
0.15625  -0.572838
-0.125  -0.370231
0  -0.399615
-0.0625  -0.49768
0.0625  -0.467651
-0.125  -0.745848
0.03125  -0.538605
0  -0.635493
0  -0.375943
-0.09375  -0.698389
0  -0.618016
0.25  -0.593463
0.0625  -0.43826
0.0625  -0.435854
-0.125  -0.408635
0.15625  -0.537344
-0.1875  -0.33415
0.09375  -0.428175
-0.125  -0.437396
-0.0625  -0.215084
-0.125  -0.446093
-0.09375  -0.661978
-0.09375  -0.425303
0.125  -0.528381
-0.3125  -0.62245
0.1875  -0.523105
-0.09375  -0.314151
-0.0625  -0.434965
0.09375  -0.517048
0.03125  -0.339765
-0.03125  -0.619843
0.03125  -0.352141
-0.125  -0.472765
0.03125  -0.534132
-0.28125  -0.564006
-0.28125  -0.388663
0  -0.491248
0.09375  -0.450597
0.1875  -0.417305
0.15625  -0.565186
0.25  -0.434894
0.0625  -0.721438
-0.1875  -0.624647
0  -0.477592
0.0625  -0.457451
-0.09375  -0.582979
0  -0.365863
0.125  -0.596057
-0.1875  -0.401879
-0.09375  -0.545201
-0.125  -0.632925
-0.03125  -0.458579
-0.15625  -0.702847
-0.03125  -0.556944
0.09375  -0.58559
0.09375  -0.663502
-0.125  -0.476674
0  -0.478923
0.09375  -0.552303
0.15625  -0.64448
-0.0625  -0.329786
-0.125  -0.542066
0.03125  -0.557066
-0.0625  -0.530659
0.1875  -0.460618
-0.1875  -0.549836
0.03125  -0.626045
-0.03125  -0.373794
0.09375  -0.513199
0.0625  -0.563281
0.09375  -0.545409
-0.0625  -0.315585
-0.09375  -0.608963
0  -0.467198
0.125  -0.387648
-0.15625  -0.587298
-0.03125  -0.479585
-0.125  -0.562555
0.09375  -0.607566
0  -0.616312
-0.15625  -0.473898
0.0625  -0.296279
-0.03125  -0.348748
-0.0625  -0.536745
-0.15625  -0.584557
-0.0625  -0.654007
0.0625  -0.418567
-0.09375  -0.687755
0  -0.529064
0.15625  -0.260249
0.09375  -0.497192
0.0625  -0.5513
-0.03125  -0.534782
-0.0625  -0.457297
0.03125  -0.356658
-0.03125  -0.166272
-0.125  -0.635841
-0.0625  -0.457009
0  -0.599815
-0.125  -0.452831
-0.125  -0.480692
-0.03125  -0.546327
0.125  -0.750623
0.15625  -0.507898
-0.09375  -0.471401
-0.09375  -0.717213
0.15625  -0.414447
0  -0.383501
0.15625  -0.567368
0  -0.617222
-0.25  -0.45756
-0.09375  -0.660927
-0.0625  -0.391717
0.0625  -0.444897
0.28125  -0.431964
0.15625  -0.6621
-0.1875  -0.35608
0.0625  -0.461449
0.15625  -0.352985
0.21875  -0.378372
0.09375  -0.537045
-0.125  -0.409197
0  -0.460564
-0.03125  -0.54009
-0.0625  -0.485555
0.0625  -0.503723
-0.09375  -0.427185
-0.09375  -0.491943
0  -0.472902
0.28125  -0.430857
0.125  -0.41773
-0.0625  -0.801025
-0.0625  -0.462262
0.09375  -0.493762
0.125  -0.722511
-0.1875  -0.599287
0.03125  -0.537586
-0.15625  -0.641277
0.125  -0.475512
0.3125  -0.584287
0.0625  -0.689452
-0.03125  -0.684769
0.03125  -0.411495
0.0625  -0.48149
-0.15625  -0.604589
-0.1875  -0.469547
0.09375  -0.510728
0.25  -0.482444
-0.15625  -0.493608
0  -0.525822
0  -0.485095
-0.3125  -0.5671
-0.0625  -0.688057
-0.03125  -0.549064
0.125  -0.535913
-0.0625  -0.563775
-0.03125  -0.59003
-0.09375  -0.552626
0.125  -0.348192
-0.09375  -0.332665
0  -0.468356
-0.125  -0.490317
0.09375  -0.46917
0.09375  -0.540666
-0.03125  -0.634004
-0.0625  -0.413634
-0.25  -0.454224
0  -0.59043
-0.03125  -0.518874
-0.0625  -0.705464
0.09375  -0.471646
0  -0.299525
0.03125  -0.578922
0.0625  -0.435609
0.21875  -0.437403
-0.09375  -0.536586
-0.15625  -0.60385
0  -0.66737
-0.03125  -0.653339
-0.0625  -0.415824
0.125  -0.392532
0.09375  -0.598212
0  -0.464856
0.03125  -0.406916
-0.28125  -0.39191
0.09375  -0.523988
-0.03125  -0.608165
-0.09375  -0.608756
-0.15625  -0.655504
0.15625  -0.465542
-0.15625  -0.362135
0.15625  -0.31879
0.03125  -0.563902
0.21875  -0.273893
0.09375  -0.533916
-0.03125  -0.4541
0.15625  -0.513509
0.125  -0.603619
-0.125  -0.435352
-0.09375  -0.414979
-0.125  -0.522912
-0.125  -0.584213
0.03125  -0.324023
-0.0625  -0.796676
-0.09375  -0.573645
0.09375  -0.552261
-0.25  -0.573753
0.1875  -0.501664
0  -0.435844
0.21875  -0.445951
0.125  -0.494623
0.0625  -0.365784
0.03125  -0.643896
0.0625  -0.596525
0.1875  -0.288988
0.03125  -0.732514
0.03125  -0.370959
0  -0.542285
-0.03125  -0.66975
0.0625  -0.683102
0.03125  -0.547427
-0.09375  -0.289065
0  -0.381857
0.03125  -0.668822
0.125  -0.541987
-0.0625  -0.381167
-0.21875  -0.516203
-0.09375  -0.564635
0  -0.640634
0.03125  -0.382987
-0.0625  -0.491525
-0.09375  -0.521148
0.09375  -0.102791
0.09375  -0.44579
0.09375  -0.503829
0.0625  -0.258815
-0.09375  -0.335665
-0.125  -0.299663
0.0625  -0.41761
0.09375  -0.400566
0  -0.623115
-0.03125  -0.32821
0.125  -0.480905
0  -0.462024
0.15625  -0.524135
-0.09375  -0.556415
0.09375  -0.412211
-0.21875  -0.480468
0  -0.282352
-0.03125  -0.688123
-0.03125  -0.643856
-0.0625  -0.647445
-0.09375  -0.518162
0.03125  -0.315568
0.21875  -0.382777
0.15625  -0.541802
0.09375  -0.621591
0.0625  -0.499322
-0.03125  -0.464137
0.1875  -0.453938
0.125  -0.537582
-0.03125  -0.645518
0.0625  -0.679796
-0.125  -0.376004
0  -0.645102
-0.34375  -0.676005
0.09375  -0.503427
0.15625  -0.556182
-0.125  -0.360246
-0.1875  -0.673716
0.0625  -0.534842
0.3125  -0.639817
0.1875  -0.496106
0.15625  -0.576639
0.25  -0.468454
-0.09375  -0.365318
0.125  -0.425578
-0.0625  -0.678205
-0.09375  -0.606601
0.0625  -0.793909
-0.09375  -0.580633
0  -0.437928
-0.3125  -0.505545
-0.0625  -0.578139
0.0625  -0.514209
0.28125  -0.395571
0.03125  -0.730332
0.03125  -0.381557
0.03125  -0.381821
-0.03125  -0.632861
-0.09375  -0.481247
0.125  -0.563869
0  -0.521002
-0.15625  -0.408995
-0.15625  -0.553475
-0.0625  -0.669053
-0.03125  -0.514089
0.21875  -0.660879
0.15625  -0.556121
0.15625  -0.543311
0.34375  -0.356936
0.09375  -0.637383
0.03125  -0.475676
-0.03125  -0.345958
-0.125  -0.587856
0.125  -0.198238
0.1875  -0.560983
-0.03125  -0.431964
0.15625  -0.588967
-0.0625  -0.68201
-0.09375  -0.676577
0.375  -0.450995
0.125  -0.480212
-0.15625  -0.598785
-0.375  -0.698636
-0.125  -0.335482
-0.125  -0.491823
-0.15625  -0.448842
-0.25  -0.493592
0.09375  -0.489303
0  -0.561348
0.25  -0.697705
0.25  -0.647643
0.03125  -0.629676
0.15625  -0.615533
-0.09375  -0.632259
0.1875  -0.421849
-0.125  -0.627514
-0.09375  -0.504279
-0.0625  -0.415763
-0.09375  -0.384873
0.03125  -0.465638
0.1875  -0.783587
-0.09375  -0.562578
-0.03125  -0.374015
-0.21875  -0.384094
0.03125  -0.554137
0.1875  -0.403221
-0.03125  -0.554284
0.09375  -0.500398
0  -0.418273
0.03125  -0.484338
0.0625  -0.425023
-0.0625  -0.641349
0.0625  -0.431672
0.09375  -0.393802
-0.03125  -0.569532
-0.125  -0.61439
0.125  -0.668638
-0.1875  -0.521506
0  -0.53515
0.125  -0.6427
-0.15625  -0.678713
0  -0.489775
-0.0625  -0.149604
-0.0625  -0.58545
0.03125  -0.618343
-0.15625  -0.399929
0  -0.433826
-0.0625  -0.464206
0  -0.515125
0.03125  -0.486303
0  -0.436425
0.15625  -0.514867
0.0625  -0.36671
0.125  -0.414587
0.03125  -0.527272
0.03125  -0.606664
0.25  -0.364722
0.15625  -0.510654
-0.03125  -0.51294
0  -0.551441
-0.03125  -0.525428
-0.0625  -0.347106
0.03125  -0.450626
-0.0625  -0.553802
0.03125  -0.429433
-0.15625  -0.559242
-0.0625  -0.54156
-0.1875  -0.707018
-0.21875  -0.428055
0.125  -0.533009
0  -0.397215
-0.03125  -0.556646
0.0625  -0.231218
0.03125  -0.649455
0.0625  -0.53819
0.0625  -0.409453
0  -0.514385
-0.1875  -0.588963
0.15625  -0.675587
0.03125  -0.39465
-0.0625  -0.548021
0.28125  -0.510717
0  -0.239466
0.3125  -0.515164
-0.03125  -0.489427
0.125  -0.607908
0.15625  -0.304633
-0.03125  -0.357946
0.15625  -0.435878
-0.15625  -0.426812
-0.125  -0.430111
0  -0.481658
0.125  -0.626049
0  -0.501803
0.03125  -0.359401
0  -0.699983
0.15625  -0.525094
0.09375  -0.396788
-0.15625  -0.553794
0.0625  -0.593528
-0.03125  -0.468063
0.03125  -0.400269
-0.15625  -0.546539
0.0625  -0.680649
-0.125  -0.488214
0  -0.535444
0  -0.637917
0  -0.568912
0.03125  -0.676822
0  -0.450048
-0.0625  -0.464293
-0.1875  -0.438289
0.03125  -0.307657
0.0625  -0.612548
0.0625  -0.540632
0.15625  -0.424976
0.125  -0.576758
0.09375  -0.548529
0.03125  -0.428371
-0.1875  -0.441288
0.09375  -0.771185
0.09375  -0.663429
0.25  -0.477983
-0.03125  -0.40724
-0.09375  -0.487011
-0.1875  -0.278697
0.1875  -0.527923
0.15625  -0.498645
-0.09375  -0.345065
-0.15625  -0.386691
-0.125  -0.389537
0.0625  -0.466413
0.03125  -0.34959
-0.03125  -0.409108
0.09375  -0.300577
0  -0.553151
0  -0.371329
0.0625  -0.558654
0.0625  -0.316022
0.21875  -0.449172
0.125  -0.473323
-0.0625  -0.395887
0  -0.452466
0  -0.583746
0.15625  -0.613762
-0.15625  -0.557667
-0.0625  -0.450155
-0.1875  -0.420328
0.0625  -0.511158
0.09375  -0.585713
0.21875  -0.533665
0  -0.503921
-0.03125  -0.394499
0  -0.562592
-0.09375  -0.488121
0.03125  -0.542793
0.03125  -0.438338
0.1875  -0.552307
0.09375  -0.621096
0.03125  -0.466872
-0.15625  -0.525146
-0.1875  -0.517765
-0.0625  -0.532434
0.1875  -0.410977
-0.03125  -0.586137
-0.15625  -0.548951
0.25  -0.502606
-0.0625  -0.501772
0.03125  -0.687584
-0.09375  -0.705277
0.25  -0.353898
0.15625  -0.443815
0.15625  -0.647223
-0.03125  -0.285034
-0.1875  -0.565328
0.1875  -0.550261
0.15625  -0.406899
0  -0.595664
-0.03125  -0.579308
-0.03125  -0.469174
0.21875  -0.475885
-0.09375  -0.551463
0.09375  -0.54185
0.125  -0.570626
0.15625  -0.578419
0.125  -0.284903
0  -0.532824
0.0625  -0.445388
-0.1875  -0.490566
0.15625  -0.625282
-0.0625  -0.586879
0.15625  -0.469488
0.1875  0.0137629
0.125  -0.476232
0.03125  -0.514539
-0.21875  -0.373159
0.125  -0.729061
0  -0.494111
0.03125  -0.613081
0.28125  -0.460861
0.15625  -0.575365
-0.03125  -0.561552
0.125  -0.581405
-0.03125  -0.387626
-0.28125  -0.564938
-0.03125  -0.539287
0  -0.496383
0.15625  -0.511876
-0.21875  -0.509852
0.0625  -0.575096
-0.03125  -0.474178
0.125  -0.721248
-0.34375  -0.456095
-0.125  -0.430798
-0.28125  -0.266162
-0.125  -0.563616
0.03125  -0.48129
0.125  -0.392313
-0.1875  -0.585727
0  -0.456183
-0.25  -0.599302
-0.125  -0.283779
0.15625  -0.678364
-0.0625  -0.623514
-0.125  -0.473246
0  -0.573222
0.0625  -0.620224
0.09375  -0.365658
0.28125  -0.436978
-0.21875  -0.36046
0.1875  -0.663471
-0.09375  -0.517094
0.03125  -0.3172
-0.0625  -0.58587
0  -0.398606
0.15625  -0.564568
-0.21875  -0.510733
-0.15625  -0.60411
0.03125  -0.636549
0.03125  -0.554313
-0.03125  -0.804458
-0.125  -0.629041
-0.0625  -0.494589
-0.125  -0.438937
-0.21875  -0.395365
-0.21875  -0.62438
-0.25  -0.413832
0  -0.439653
0.03125  -0.49815
0.03125  -0.479464
0.1875  -0.575469
0.0625  -0.438118
0.09375  -0.534287
-0.15625  -0.567259
0.03125  -0.40585
0.09375  -0.490228
0.0625  -0.477864
-0.125  -0.484813
-0.1875  -0.604747
-0.21875  -0.488746
0  -0.566607
0.03125  -0.401169
-0.03125  -0.459564
0.0625  -0.498012
0.09375  -0.528932
0  -0.57212
0.0625  -0.578653
0.15625  -0.550527
0.0625  -0.586691
-0.15625  -0.485256
0.03125  -0.760251
0.15625  -0.43394
0.03125  -0.396073
0.09375  -0.459249
0  -0.52397
-0.03125  -0.662682
-0.0625  -0.360979
0.09375  -0.281456
-0.09375  -0.63912
-0.0625  -0.467471
0.03125  -0.537227
-0.0625  -0.493354
0.21875  -0.538157
0.0625  -0.551071
0.03125  -0.561005
0.0625  -0.344306
0.09375  -0.308985
0.03125  -0.485143
-0.03125  -0.410355
-0.03125  -0.495455
0.0625  -0.529544
-0.21875  -0.195223
0.0625  -0.621018
-0.0625  -0.348511
-0.0625  -0.589201
0.0625  -0.540144
0.15625  -0.374766
0.3125  -0.282911
0.0625  -0.666421
0.0625  -0.373535
0.21875  -0.520368
0.0625  -0.394477
0.0625  -0.733615
0.03125  -0.633471
-0.375  -0.400743
-0.15625  -0.638908
0.03125  -0.209351
0.21875  -0.459463
-0.3125  -0.427724
-0.3125  -0.585147
0.0625  -0.573874
-0.125  -0.350025
-0.1875  -0.531489
-0.03125  -0.350476
0.28125  -0.421087
-0.15625  -0.618529
0  -0.53853
-0.0625  -0.413973
0.15625  -0.631759
-0.09375  -0.525449
-0.09375  -0.50855
-0.3125  -0.505945
-0.125  -0.466275
-0.03125  -0.715835
-0.0625  -0.499614
-0.03125  -0.544442
0.09375  -0.323636
-0.125  -0.492204
0.09375  -0.401804
0.15625  -0.573138
-0.09375  -0.402794
-0.21875  -0.438462
-0.25  -0.613293
-0.03125  -0.583561
0  -0.506705
0.03125  -0.536823
-0.0625  -0.580791
0.03125  -0.593831
0.0625  -0.496373
0.28125  -0.382249
-0.0625  -0.336383
0.1875  -0.666917
-0.1875  -0.678334
-0.03125  -0.430223
-0.03125  -0.570053
0  -0.483856
0.09375  -0.42502
0  -0.302301
0.25  -0.562597
-0.0625  -0.478648
0.09375  -0.608205
0.1875  -0.377693
0.09375  -0.357263
-0.1875  -0.483992
0.15625  -0.626414
-0.125  -0.42106
0.03125  -0.567163
0.125  -0.763564
0.09375  -0.585566
-0.09375  -0.350806
-0.0625  -0.428688
0.03125  -0.466777
0.1875  -0.645241
-0.1875  -0.306571
-0.15625  -0.600242
-0.0625  -0.484372
-0.25  -0.440585
0.15625  -0.42031
0.1875  -0.581403
-0.03125  -0.454888
-0.09375  -0.64945
0.1875  -0.685645
0.1875  -0.385325
-0.03125  -0.321155
-0.0625  -0.399342
0.125  -0.36907
0.21875  -0.680115
0.0625  -0.438826
0.03125  -0.479426
0.09375  -0.542299
-0.0625  -0.444681
-0.0625  -0.639537
0.25  -0.407089
0.0625  -0.365413
0.15625  -0.414952
-0.125  -0.452243
0.0625  -0.404244
-0.21875  -0.434787
0.0625  -0.506788
0.15625  -0.594441
0.125  -0.435579
-0.125  -0.594307
-0.0625  -0.361692
-0.0625  -0.482687
0  -0.617974
0.03125  -0.592841
0.15625  -0.28797
-0.1875  -0.410514
0.09375  -0.53026
-0.0625  -0.475907
-0.03125  -0.592871
0.09375  -0.455071
-0.125  -0.577048
-0.09375  -0.674069
0.15625  -0.511669
0.21875  -0.450085
-0.0625  -0.118902
-0.1875  -0.551553
0.09375  -0.514547
0.0625  -0.365448
0  -0.373604
0.15625  -0.387929
0.09375  -0.672751
-0.09375  -0.349963
0.15625  -0.614364
-0.09375  -0.332089
0.09375  -0.54366
0.03125  -0.526473
0.1875  -0.6059
-0.09375  -0.495125
0  -0.257578
0.03125  -0.421311
0  -0.467446
-0.03125  -0.455589
0.25  -0.505482
0.09375  -0.638672
0.0625  -0.563869
-0.125  -0.490961
0.03125  -0.478011
0.0625  -0.422487
0.125  -0.42919
-0.03125  -0.541321
0.125  -0.557415
0.09375  -0.460704
0.1875  -0.359738
-0.09375  -0.649299
-0.03125  -0.456032
0  -0.363938
0.09375  -0.477232
0.0625  -0.358524
-0.1875  -0.524396
0  -0.293609
0.0625  -0.541472
-0.09375  -0.396401
-0.1875  -0.392235
-0.125  -0.490739
-0.125  -0.579677
-0.1875  -0.386416
-0.0625  -0.548248
0.0625  -0.313552
0.125  -0.54502
0.15625  -0.165476
-0.15625  -0.535904
-0.03125  -0.498184
0.15625  -0.530908
-0.0625  -0.579689
-0.0625  -0.486356
0  -0.375042
0.0625  -0.545349
0.03125  -0.566288
0  -0.722588
0.09375  -0.557446
0.0625  -0.439079
0.09375  -0.616659
-0.03125  -0.468202
0.03125  -0.455653
-0.0625  -0.341028
0.03125  -0.488699
-0.28125  -0.332398
0.1875  -0.508865
-0.03125  -0.469935
0.09375  -0.472124
0.03125  -0.453514
-0.15625  -0.404092
-0.15625  -0.502391
-0.15625  -0.353611
-0.0625  -0.247352
0.1875  -0.546511
0.03125  -0.399002
0.03125  -0.502478
0.03125  -0.648214
0.03125  -0.597032
0.03125  -0.64033
0.09375  -0.351424
0.09375  -0.466735
-0.0625  -0.30973
-0.03125  -0.634851
0.09375  -0.456645
0.0625  -0.568373
0.15625  -0.663642
-0.03125  -0.495873
-0.125  -0.581259
-0.09375  -0.379541
0.125  -0.54255
0.125  -0.657723
-0.03125  -0.575405
0.21875  -0.746339
0.03125  -0.476102
0.25  -0.502908
-0.03125  -0.660994
-0.125  -0.380082
-0.15625  -0.499972
-0.25  -0.525667
0.0625  -0.682986
0.03125  -0.423792
-0.0625  -0.464079
0.21875  -0.402687
0.0625  -0.491726
0.03125  -0.442937
-0.125  -0.528017
-0.125  -0.589649
0  -0.360221
-0.125  -0.653434
-0.125  -0.444773
-0.0625  -0.590446
0.03125  -0.495185
0.03125  -0.61383
0.1875  -0.364174
0  -0.338614
0.0625  -0.390955
0.21875  -0.541045
-0.09375  -0.465766
0.21875  -0.683479
-0.09375  -0.652242
0.1875  -0.403992
0.34375  -0.562873
0.03125  -0.591079
0.125  -0.513414
0.1875  -0.634971
0  -0.417446
0.1875  -0.471886
-0.125  -0.470485
-0.15625  -0.44377
0.09375  -0.511999
0  -0.328808
0.03125  -0.526906
-0.28125  -0.552736
0.15625  -0.655241
0  -0.574722
0  -0.736213
0  -0.332978
0.0625  -0.555875
0.0625  -0.612554
-0.09375  -0.575737
0  -0.307945
-0.0625  -0.437286
0.1875  -0.372487
-0.15625  -0.407802
-0.1875  -0.413826
-0.3125  -0.412227
-0.28125  -0.334088
-0.0625  -0.433096
-0.09375  -0.551145
0.1875  -0.367118
0.0625  -0.490513
0.28125  -0.566513
0  -0.313207
-0.0625  -0.616953
-0.09375  -0.585624
0.125  -0.491415
0.3125  -0.584435
-0.0625  -0.435008
-0.15625  -0.531121
0.03125  -0.478108
0.15625  -0.669794
-0.03125  -0.351537
0.15625  -0.5169
-0.0625  -0.56037
-0.15625  -0.634097
-0.15625  -0.51608
0.03125  -0.682186
0  -0.537714
0.03125  -0.640761
0.125  -0.65102
-0.15625  -0.432219
0.0625  -0.624864
0.09375  -0.410118
-0.1875  -0.536734
0.15625  -0.647704
-0.09375  -0.551687
-0.1875  -0.62568
0.09375  -0.585809
-0.15625  -0.59687
0  -0.605163
-0.15625  -0.561683
-0.15625  -0.457674
0.3125  -0.604577
0.15625  -0.561415
0  -0.684958
0.15625  -0.218402
-0.0625  -0.611405
0.1875  -0.650459
0  -0.487946
-0.09375  -0.491737
-0.03125  -0.492627
-0.09375  -0.425545
-0.0625  -0.627214
-0.125  -0.61659
0.15625  -0.370014
0.03125  -0.47129
0.15625  -0.632726
0.1875  -0.554269
-0.09375  -0.661605
0.03125  -0.207555
0.0625  -0.451003
-0.09375  -0.595384
-0.15625  -0.54313
0.15625  -0.664251
0.09375  -0.602934
0.15625  -0.481435
0.0625  -0.443589
0.15625  -0.599886
-0.0625  -0.265034
-0.1875  -0.511153
-0.0625  -0.368239
0.0625  -0.680598
0  -0.462685
0.09375  -0.61781
-0.1875  -0.412287
0  -0.613148
0.0625  -0.622348
-0.0625  -0.370214
-0.125  -0.199211
-0.1875  -0.689892
-0.03125  -0.421031
0.09375  -0.654273
0.28125  -0.679179
0.0625  -0.632064
-0.15625  -0.488488
0.03125  -0.565081
-0.09375  -0.537303
0.09375  -0.578508
-0.09375  -0.514804
-0.03125  -0.672848
-0.09375  -0.628339
0.09375  -0.534626
0  -0.479345
0.09375  -0.462484
0.0625  -0.680335
0.0625  -0.61824
0.0625  -0.351851
-0.09375  -0.258676
0.15625  -0.51127
-0.125  -0.643349
-0.03125  -0.654135
0.0625  -0.393422
-0.03125  -0.456249
0.0625  -0.461186
-0.25  -0.602543
0.21875  -0.491167
-0.0625  -0.499414
0  -0.360895
0.03125  -0.423463
0.0625  -0.465113
0  -0.671447
-0.25  -0.540884
0.125  -0.55032
-0.1875  -0.535099
0  -0.453203
0.15625  -0.490339
0.09375  -0.359854
-0.03125  -0.454545
-0.25  -0.534787
-0.09375  -0.363049
-0.28125  -0.442174
-0.3125  -0.480625
0.21875  -0.351819
-0.15625  -0.552866
0.09375  -0.479639
0  -0.783095
0.21875  -0.641206
-0.0625  -0.485797
-0.09375  -0.555718
0.09375  -0.25787
-0.0625  -0.430628
0.125  -0.445765
0.0625  -0.515635
0.15625  -0.544116
-0.15625  -0.531316
-0.15625  -0.449599
-0.03125  -0.583311
-0.09375  -0.566285
-0.0625  -0.646384
-0.125  -0.551019
0.09375  -0.440405
-0.1875  -0.508028
0  -0.414475
0.03125  -0.654434
-0.03125  -0.535691
0.0625  -0.255076
0.03125  -0.534252
0.1875  -0.481402
-0.09375  -0.537638
0.21875  -0.768915
-0.03125  -0.547161
-0.03125  -0.515861
-0.125  -0.437004
0.1875  -0.673543
0.03125  -0.47811
0.0625  -0.593094
-0.15625  -0.487669
-0.125  -0.409992
0.0625  -0.506861
-0.09375  -0.528113
0.09375  -0.470397
-0.125  -0.321383
-0.0625  -0.410728
-0.09375  -0.677144
0.25  -0.486122
0.0625  -0.551895
0.125  -0.532885
0.25  -0.394877
-0.09375  -0.418139
0  -0.398066
-0.125  -0.500269
-0.03125  -0.495422
0.03125  -0.586732
-0.03125  -0.652844
-0.21875  -0.384701
-0.0625  -0.587376
0.03125  -0.454453
0.1875  -0.609309
-0.15625  -0.576744
0.0625  -0.583066
0  -0.66612
-0.03125  -0.547445
-0.09375  -0.285212
0.0625  -0.568549
-0.0625  -0.444446
0.03125  -0.575475
-0.03125  -0.606091
0.21875  -0.479638
-0.09375  -0.489582
0.125  -0.409251
-0.15625  -0.582457
-0.125  -0.623306
0.09375  -0.227153
-0.09375  -0.513455
0.15625  -0.638217
0.3125  -0.56055
0.125  -0.415867
0.28125  -0.479337
-0.125  -0.389583
-0.21875  -0.477996
-0.03125  -0.434342
-0.03125  -0.476743
0.125  -0.578737
-0.1875  -0.541188
0  -0.733909
0.03125  -0.51755
0.03125  -0.651217
0.1875  -0.397176
0.15625  -0.359483
0.15625  -0.476366
-0.125  -0.579206
0  -0.564663
-0.09375  -0.337483
0.3125  -0.517809
-0.0625  -0.618051
-0.09375  -0.624751
0  -0.641237
0.03125  -0.347849
-0.03125  -0.741112
0  -0.446108
-0.21875  -0.576854
0.09375  -0.466251
0  -0.342513
0.3125  -0.620137
-0.125  -0.407583
0  -0.512616
0.0625  -0.453017
-0.09375  -0.587185
-0.0625  -0.589812
0.09375  -0.536535
-0.0625  -0.585576
0.125  -0.528739
0  -0.553844
-0.1875  -0.453179
0.15625  -0.397253
0  -0.509926
-0.03125  -0.389143
-0.09375  -0.601817
-0.0625  -0.635577
0.15625  -0.394044
0.09375  -0.429351
0.03125  -0.581688
0.09375  -0.42071
-0.09375  -0.472201
-0.21875  -0.570975
0.09375  -0.404338
-0.125  -0.56889
0.0625  -0.463535
-0.0625  -0.620954
-0.15625  -0.616675
-0.1875  -0.68673
-0.03125  -0.241593
0.125  -0.607165
-0.15625  -0.528168
0.125  -0.491755
0.0625  -0.571924
0.03125  -0.584125
0.03125  -0.46288
0.15625  -0.651264
0  -0.505287
-0.03125  -0.719039
0  -0.604087
0  -0.601661
-0.125  -0.627868
0.25  -0.382468
-0.21875  -0.500898
0.03125  -0.436147
-0.09375  -0.387452
0  -0.545849
0.15625  -0.624827
-0.15625  -0.201644
0  -0.787876
0.1875  -0.537853
0  -0.546888
-0.03125  -0.705679
-0.09375  -0.443324
0.125  -0.487837
-0.09375  -0.570804
0.03125  -0.725298
-0.03125  -0.661949
-0.1875  -0.570204
-0.0625  -0.444974
0.125  -0.423113
-0.125  -0.661828
-0.15625  -0.546914
0.1875  -0.504647
-0.34375  -0.435713
-0.21875  -0.52008
-0.15625  -0.432005
-0.34375  -0.332974
0.0625  -0.579029
0.03125  -0.547024
-0.15625  -0.535653
0.0625  -0.38056
0  -0.324925
-0.125  -0.405733
0.09375  -0.550363
-0.21875  -0.409017
0.0625  -0.603055
-0.15625  -0.588006
-0.15625  -0.481383
0.15625  -0.417432
-0.25  -0.427061
0.21875  -0.381575
-0.125  -0.626125
-0.09375  -0.523364
0.03125  -0.575912
0.125  -0.546069
0.09375  -0.714806
0.125  -0.484135
0.09375  -0.39938
-0.0625  -0.612508
0.09375  -0.558604
0.0625  -0.463342
0.125  -0.623467
-0.03125  -0.574443
0.0625  -0.625241
0.09375  -0.5883
-0.34375  -0.446112
0  -0.312991
-0.0625  -0.367316
0.0625  -0.672499
-0.125  -0.36093
0.3125  -0.286681
0.0625  -0.459483
0.03125  -0.539988
0.1875  -0.139581
0.0625  -0.169273
0.03125  -0.176531
-0.09375  -0.420022
-0.09375  -0.413194
0.0625  -0.404086
0.21875  -0.49047
0  -0.616906
0.03125  -0.552153
-0.0625  -0.340558
-0.125  -0.351797
-0.03125  -0.62986
-0.0625  -0.42445
0  -0.316424
0.0625  -0.441956
-0.0625  -0.495408
-0.03125  -0.582251
0.0625  -0.574428
0.125  -0.460138
0  -0.62658
0.0625  -0.609744
-0.1875  -0.655316
0.03125  -0.560166
0.1875  -0.460358
0  -0.286286
-0.1875  -0.687461
-0.25  -0.315059
-0.09375  -0.442044
0.15625  -0.562932
0.125  -0.4572
0  -0.49211
0.0625  -0.34192
0.25  -0.52711
0.0625  -0.685559
0.1875  -0.555059
0.125  -0.755358
-0.375  -0.436049
-0.03125  -0.537727
0.1875  -0.556361
0.0625  -0.534637
-0.125  -0.455431
0.09375  -0.601858
0.15625  -0.656601
-0.03125  -0.42864
0.03125  -0.602114
-0.15625  -0.523588
0.03125  -0.612833
-0.1875  -0.664972
0.0625  -0.615398
0.09375  -0.561866
0.21875  -0.57659
0.125  -0.48976
-0.21875  -0.456208
0  -0.403293
0.09375  -0.450966
-0.125  -0.406515
-0.09375  -0.595372
0  -0.614631
-0.09375  -0.462698
-0.09375  -0.71756
0.1875  -0.478657
0.03125  -0.382641
-0.0625  -0.596632
-0.15625  -0.395043
0.09375  -0.590134
0.0625  -0.414028
0.09375  -0.584109
0.09375  -0.396057
0.125  -0.610753
-0.125  -0.643766
-0.09375  -0.344652
-0.09375  -0.506437
-0.21875  -0.435989
-0.125  -0.59818
0  -0.467308
-0.25  -0.582045
0  -0.521581
0.375  -0.662629
-0.03125  -0.484303
-0.03125  -0.263881
0.25  -0.549716
0.09375  -0.459236
0.0625  -0.701737
0.21875  -0.533106
-0.3125  -0.388508
-0.0625  -0.704047
0.15625  -0.452294
0  -0.47334
-0.21875  -0.491027
0.0625  -0.561944
0.09375  -0.517671
0  -0.732942
0.25  -0.590212
0.0625  -0.527309
-0.0625  -0.486313
0.1875  -0.657948
0.15625  -0.560777
0.21875  -0.824988
-0.09375  -0.473831
0.21875  -0.551739
0.28125  -0.44347
-0.03125  -0.545963
-0.125  -0.456078
-0.03125  -0.411257
-0.25  -0.516432
-0.03125  -0.573307
0.0625  -0.381288
-0.09375  -0.276861
-0.09375  -0.599883
0.09375  -0.415695
0  -0.544255
0.0625  -0.46568
-0.21875  -0.350386
0  -0.660474
-0.03125  -0.454288
-0.125  -0.503506
-0.0625  -0.382422
-0.03125  -0.729848
0.03125  -0.242727
-0.15625  -0.529356
-0.09375  -0.469284
0.0625  -0.619642
0.15625  -0.619736
-0.125  -0.540902
0  -0.229919
0.21875  -0.386807
0  -0.399928
0  -0.589171
-0.21875  -0.442355
0.25  -0.845169
0.125  -0.612609
-0.03125  -0.675129
0.09375  -0.63519
-0.09375  -0.349366
0.03125  -0.229376
0  -0.405238
-0.0625  -0.493992
0.15625  -0.43394
-0.125  -0.561495
0.125  -0.395109
0.15625  -0.303915
-0.125  -0.582746
0.03125  -0.420469
0.0625  -0.399543
-0.15625  -0.377409
0.125  -0.289173
0.09375  -0.420187
0.09375  -0.54927
0.3125  -0.351681
0  -0.364109
-0.15625  -0.551229
-0.125  -0.683753
-0.125  -0.478716
0.03125  -0.608995
-0.03125  -0.501946
-0.03125  -0.695553
-0.1875  -0.326141
-0.09375  -0.612307
-0.15625  -0.487915
0.09375  -0.526314
0.09375  -0.481516
-0.09375  -0.500416
0.3125  -0.563274
-0.21875  -0.445882
0.15625  -0.484551
-0.09375  -0.630261
0.25  -0.604554
0.09375  -0.500025
-0.15625  -0.617201
-0.0625  -0.54625
-0.1875  -0.537983
-0.03125  -0.511476
-0.125  -0.615625
0.15625  -0.263084
-0.03125  -0.60865
0.03125  -0.60227
-0.0625  -0.592246
0.03125  -0.559043
-0.0625  -0.597588
0.15625  -0.422857
0.125  -0.493249
0.125  -0.533117
-0.125  -0.600803
-0.0625  -0.479829
0.03125  -0.81681
-0.0625  -0.4101
-0.03125  -0.590761
0.03125  -0.333197
0.0625  -0.649974
-0.21875  -0.385275
0  -0.654891
0.0625  -0.429551
-0.125  -0.463082
-0.03125  -0.635287
-0.03125  -0.532415
0.15625  -0.329688
-0.03125  -0.505944
-0.09375  -0.619361
-0.125  -0.662205
0  -0.369474
0.125  -0.359938
-0.0625  -0.530155
0.09375  -0.519292
0.125  -0.54766
-0.0625  -0.545289
0  -0.4692
-0.0625  -0.409057
0.1875  -0.10221
0.03125  -0.443066
0.09375  -0.484733
-0.03125  -0.558574
0.15625  -0.339781
0.1875  -0.440628
-0.09375  -0.39563
0  -0.312132
-0.09375  -0.407657
0  -0.49455
0.0625  -0.436168
0.28125  -0.527941
-0.09375  -0.520293
-0.28125  -0.641351
-0.09375  -0.481817
0.0625  -0.224686
0.21875  -0.354332
0.1875  -0.582386
0.09375  -0.228382
-0.21875  -0.620535
-0.21875  -0.392676
-0.1875  -0.425137
0  -0.57275
0.03125  -0.562251
0  -0.549276
-0.03125  -0.469189
0.125  -0.72678
0.03125  -0.56946
-0.09375  -0.486048
-0.03125  -0.318372
0.03125  -0.399535
-0.15625  -0.498862
0.09375  -0.468116
0.09375  -0.427527
0.09375  -0.501563
-0.0625  -0.473192
-0.09375  -0.417405
0.3125  -0.310844
0.0625  -0.644914
0.1875  -0.558892
0  -0.384173
0  -0.464935
-0.15625  -0.685218
-0.09375  -0.429006
-0.0625  -0.538666
0.15625  -0.300306
-0.03125  -0.286644
-0.25  -0.379491
-0.15625  -0.59483
0.03125  -0.595686
0.125  -0.485145
-0.3125  -0.417632
0.0625  -0.505548
-0.15625  -0.68569
-0.0625  -0.565581
-0.09375  -0.607391
-0.28125  -0.43973
0.03125  -0.533463
-0.03125  -0.468802
0.125  -0.543589
-0.125  -0.395599
-0.125  -0.585801
-0.1875  -0.372978
0  -0.523888
-0.0625  -0.203956
0.125  -0.522107
-0.1875  -0.4015
-0.15625  -0.36173
-0.03125  -0.505085
-0.09375  -0.438111
0.1875  -0.294609
-0.03125  -0.392853
0.1875  -0.351996
-0.03125  -0.34624
0.09375  -0.38429
-0.125  -0.47973
0  -0.569539
0  -0.346741
-0.0625  -0.376531
-0.0625  -0.443784
0  -0.383062
-0.15625  -0.468116
0.0625  -0.4773
0.03125  -0.545269
0  -0.481149
-0.15625  -0.550271
0.09375  -0.648649
0.0625  -0.597493
0.03125  -0.192192
-0.125  -0.60772
-0.03125  -0.67188
-0.25  -0.443667
-0.125  -0.499861
0.03125  -0.538625
0.09375  -0.527145
-0.1875  -0.517285
-0.0625  -0.661427
0  -0.411848
-0.125  -0.629666
-0.1875  -0.532281
0.0625  -0.373439
-0.03125  -0.519373
0.28125  -0.635179
0.15625  -0.475108
-0.15625  -0.644707
0  -0.313557
0.03125  -0.55675
0.21875  -0.493454
0.0625  -0.613052
0.09375  -0.341663
0.0625  -0.514485
0.03125  -0.486339
0  -0.350717
0.1875  -0.43963
0.03125  -0.604714
-0.09375  -0.445487
0.09375  -0.755745
-0.03125  -0.602247
-0.125  -0.501034
-0.3125  -0.419345
0.03125  -0.596143
-0.03125  -0.478622
0.1875  -0.622522
0.03125  -0.43887
0.125  -0.412472
0.34375  -0.479803
0.03125  -0.359447
0.1875  -0.539614
-0.03125  -0.339898
-0.03125  -0.701101
0.03125  -0.289563
-0.3125  -0.473503
0.03125  -0.450851
0.125  -0.494852
0  -0.506589
-0.03125  -0.707064
0.125  -0.639437
0.21875  -0.66303
-0.0625  -0.629458
0  -0.653616
0  -0.442328
0.03125  -0.38704
0.0625  -0.53967
-0.09375  -0.576957
0.03125  -0.426884
-0.125  -0.5604
-0.15625  -0.476307
-0.03125  -0.590447
0  -0.422049
0.09375  -0.740348
0.03125  -0.59153
-0.0625  -0.508993
-0.1875  -0.576347
-0.28125  -0.656349
0.15625  -0.557868
0.125  -0.541987
0.25  -0.722951
-0.03125  -0.658557
-0.15625  -0.342661
-0.09375  -0.682009
0.09375  -0.446187
-0.15625  -0.501047
-0.21875  -0.548291
0.0625  -0.668172
-0.0625  -0.255496
-0.15625  -0.337834
0.28125  -0.606191
0.15625  -0.378775
-0.09375  -0.506777
0.125  -0.600966
0.0625  -0.283839
-0.25  -0.564927
-0.125  -0.614258
0.03125  -0.360031
0.03125  -0.489179
0.09375  -0.570911
0.1875  -0.452679
0.1875  -0.661058
0.0625  -0.595988
-0.0625  -0.478174
-0.1875  -0.712183
-0.1875  -0.660793
0  -0.571567
-0.1875  -0.347528
0.03125  -0.339445
-0.03125  -0.48136
-0.03125  -0.742976
0.03125  -0.561834
0.03125  -0.484429
0.09375  -0.444302
-0.15625  -0.481062
0.15625  -0.675081
0  -0.410492
0.03125  -0.459755
-0.3125  -0.446578
-0.09375  -0.537522
0.15625  -0.598796
-0.125  -0.619043
-0.03125  -0.544997
-0.0625  -0.525712
0.09375  -0.430442
0.125  -0.543425
0  -0.438926
0  -0.328693
0.125  -0.508965
0.15625  -0.538215
-0.03125  -0.479768
-0.0625  -0.5158
-0.03125  -0.536749
-0.09375  -0.344153
-0.125  -0.70712
-0.28125  -0.483334
-0.03125  -0.344973
0  -0.32893
0.03125  -0.393442
-0.09375  -0.517954
0.125  -0.257789
0  -0.610861
0.1875  -0.715054
0.34375  -0.319786
0  -0.540031
0.25  -0.572431
0.09375  -0.638468
-0.09375  -0.557315
-0.0625  -0.708912
0.0625  -0.435931
0.0625  -0.570438
0  -0.444957
-0.0625  -0.626522
-0.125  -0.485174
0.03125  -0.582796
0.15625  -0.417576
0.0625  -0.312226
0.125  -0.646384
0  -0.632353
-0.3125  -0.315661
0.0625  -0.590072
0.03125  -0.611462
-0.0625  -0.413901
-0.1875  -0.310165
-0.0625  -0.597119
-0.21875  -0.511295
0.0625  -0.485122
0.25  -0.666458
0.03125  -0.425484
0.125  -0.604165
0.03125  -0.470066
-0.0625  -0.458223
0.03125  -0.455723
0.03125  -0.434626
-0.03125  -0.606012
0.15625  -0.204462
-0.0625  -0.375364
0.1875  -0.620223
0.125  -0.553528
-0.125  -0.208207
0  -0.59214
0.09375  -0.320901
0  -0.555614
0.0625  -0.527894
-0.15625  -0.651204
0  -0.347529
-0.03125  -0.540773
0  -0.493394
-0.09375  -0.347728
-0.125  -0.512432
-0.0625  -0.498501
0.03125  -0.487891
-0.125  -0.299191
-0.125  -0.591945
-0.125  -0.663165
0  -0.59967
-0.0625  -0.479108
0  -0.439969
-0.0625  -0.556358
-0.15625  -0.333563
0.3125  -0.53795
-0.0625  -0.541331
0.15625  -0.50176
0.03125  -0.293179
0.09375  -0.578093
0.09375  -0.365586
0  -0.369691
0.09375  -0.558868
-0.15625  -0.350375
-0.03125  -0.487528
0.25  -0.424466
0.0625  -0.555803
-0.3125  -0.469708
-0.125  -0.566704
-0.25  -0.482668
-0.0625  -0.312127
-0.09375  -0.574629
-0.21875  -0.473405
0.125  -0.441165
-0.03125  -0.675011
-0.09375  -0.517058
-0.03125  -0.56036
-0.15625  -0.345751
-0.1875  -0.475681
-0.0625  -0.467321
-0.0625  -0.462107
0.09375  -0.596287
-0.0625  -0.704951
0.125  -0.485025
-0.125  -0.524935
-0.03125  -0.526873
0.09375  -0.459012
-0.0625  -0.480063
-0.03125  -0.465264
0.09375  -0.175556
-0.09375  -0.628839
0.09375  -0.600707
-0.15625  -0.537236
0.0625  -0.5204
-0.09375  -0.537452
-0.1875  -0.480886
0.03125  -0.63755
-0.03125  -0.569011
0.09375  -0.560298
0.0625  -0.41556
0.15625  -0.409679
-0.0625  -0.517511
-0.125  -0.588448
0.0625  -0.408584
0.0625  -0.585358
0.15625  -0.496585
0.28125  -0.47062
0  -0.56856
0.1875  -0.571376
-0.21875  -0.782154
0.21875  -0.647397
0.125  -0.579165
-0.3125  -0.555998
-0.03125  -0.626843
0.03125  -0.573097
0.0625  -0.399437
0.375  -0.614307
0.0625  -0.220805
0  -0.528076
-0.03125  -0.565117
0.1875  -0.665996
0.03125  -0.698858
-0.0625  -0.394407
0  -0.487119
-0.34375  -0.508883
-0.15625  -0.529536
0.09375  -0.422023
0  -0.458792
-0.03125  -0.515974
-0.03125  -0.4953
0.25  -0.446928
0.03125  -0.381408
0.09375  -0.412873
0  -0.545946
-0.0625  -0.448674
0.03125  -0.497792
0.0625  -0.558939
-0.0625  -0.478618
0.125  -0.470517
0.0625  -0.468841
0.0625  -0.522921
-0.09375  -0.413509
-0.125  -0.441791
-0.1875  -0.406647
0.21875  -0.401966
-0.25  -0.415715
-0.25  -0.423351
0  -0.389872
0  -0.455529
-0.1875  -0.544948
-0.0625  -0.666623
-0.15625  -0.408466
0.15625  -0.122169
0.15625  -0.455059
-0.03125  -0.545709
0.03125  -0.497428
0.03125  -0.557507
0.15625  -0.237804
-0.09375  -0.360383
-0.09375  -0.484193
0  -0.501268
-0.0625  -0.599667
0.03125  -0.452081
-0.03125  -0.466625
-0.0625  -0.544497
-0.15625  -0.505416
0.03125  -0.332804
0.28125  -0.324999
0.09375  -0.466741
-0.03125  -0.47672
0.28125  -0.29694
0.03125  -0.564885
0.09375  -0.57996
-0.09375  -0.348593
-0.0625  -0.599301
0.03125  -0.439816
0.125  -0.6929
-0.09375  -0.399301
0.0625  -0.566659
0.09375  -0.496524
0  -0.401077
-0.0625  -0.404062
0.15625  -0.432307
0.03125  -0.483548
0.09375  -0.610304
0  -0.73813
0  -0.646454
0  -0.710834
-0.0625  -0.576738
-0.03125  -0.535687
0.15625  -0.459527
0.25  -0.676224
0  -0.445678
0.0625  -0.493431
-0.09375  -0.470997
0.1875  -0.439889
-0.125  -0.386118
0.15625  -0.488252
-0.3125  -0.606704
0.25  -0.526328
0.03125  -0.539236
0.0625  -0.505514
-0.09375  -0.469592
0.0625  -0.26316
-0.21875  -0.456974
-0.09375  -0.448516
-0.03125  -0.300677
0.21875  -0.607496
-0.09375  -0.542824
0.09375  -0.605246
0.0625  -0.409179
0.15625  -0.59071
-0.03125  -0.567605
0.28125  -0.547437
0.25  -0.675834
0.0625  -0.627918
-0.03125  -0.40882
0.09375  -0.499215
-0.0625  -0.51913
0.21875  -0.493528
-0.1875  -0.421008
-0.15625  -0.354542
-0.0625  -0.329201
-0.15625  -0.614535
0  -0.688749
0  -0.516717
-0.03125  -0.518689
-0.15625  -0.467915
-0.0625  -0.474555
-0.0625  -0.650746
-0.0625  -0.490775
0.0625  -0.327568
0.1875  -0.503086
-0.0625  -0.606937
-0.09375  -0.655489
0  -0.473531
0.03125  -0.755381
-0.09375  -0.64737
-0.15625  -0.479987
-0.25  -0.656645
0.25  -0.487155
-0.125  -0.563141
0  -0.326276
-0.15625  -0.488491
0.125  -0.532339
-0.0625  -0.489464
-0.09375  -0.402721
0.03125  -0.597277
-0.15625  -0.403109
0.03125  -0.640394
-0.21875  -0.155975
-0.125  -0.502792
0.15625  -0.397843
0  -0.623246
0.09375  -0.456126
0.25  -0.575162
0.125  -0.573518
-0.0625  -0.646477
0.15625  -0.627344
-0.28125  -0.457679
0.09375  -0.343787
-0.03125  -0.514248
0  -0.512171
-0.125  -0.637441
-0.03125  -0.426085
0.09375  -0.515432
0.125  -0.490133
0.125  -0.475495
-0.03125  -0.313115
0.0625  -0.67687
-0.09375  -0.554687
-0.1875  -0.613695
0  -0.519428
-0.03125  -0.713381
-0.21875  -0.427358
0.03125  -0.520929
-0.09375  -0.50469
0.125  -0.527625
-0.25  -0.480652
0.03125  -0.724707
0  -0.427909
-0.0625  -0.448627
0.0625  -0.478413
0.03125  -0.39056
0  -0.505202
0.125  -0.215452
0.03125  -0.631187
0.09375  -0.40488
-0.125  -0.585463
-0.0625  -0.295087
-0.0625  -0.274359
0.09375  -0.239389
0.03125  -0.496703
-0.03125  -0.499057
-0.03125  -0.536716
0  -0.0913893
-0.0625  -0.585636
0.125  -0.474786
-0.15625  -0.608594
0.15625  -0.392535
0.25  -0.414605
-0.125  -0.411583
0.15625  -0.574498
0.03125  -0.485927
0.03125  -0.573484
-0.09375  -0.422478
0.03125  -0.625951
-0.0625  -0.61493
0.09375  -0.427679
-0.0625  -0.565017
-0.03125  -0.617239
-0.15625  -0.392091
0.09375  -0.448031
-0.125  -0.48095
-0.15625  -0.638001
0.0625  -0.712389
0.125  -0.46269
-0.15625  -0.606682
0.0625  -0.518732
-0.15625  -0.521805
0.0625  -0.336806
0.0625  -0.389122
-0.15625  -0.242639
-0.03125  -0.582037
0.125  -0.499408
0.125  -0.537025
-0.03125  -0.372076
-0.0625  -0.583693
0.1875  -0.0951909
-0.1875  -0.369691
0.09375  -0.554394
0.03125  -0.426053
0  -0.428013
0.125  -0.229902
0  -0.674891
0.0625  -0.347874
0.09375  -0.542994
0.125  -0.556261
-0.125  -0.517124
0.03125  -0.615969
-0.125  -0.524899
-0.03125  -0.342007
-0.125  -0.293024
-0.03125  -0.305941
-0.0625  -0.605217
0.09375  -0.519824
-0.0625  -0.775327
0  -0.364674
0.03125  -0.427492
0.1875  -0.552961
-0.0625  -0.543058
-0.0625  -0.624459
-0.0625  -0.751782
0.0625  -0.602159
0.03125  -0.478742
0.15625  -0.498133
0.15625  -0.493852
-0.03125  -0.535575
0  -0.302508
0.34375  -0.574401
-0.125  -0.503211
-0.0625  -0.694033
0.125  -0.546203
-0.1875  -0.334083
0.03125  -0.603365
0  -0.626424
0.21875  -0.424146
-0.21875  -0.599616
-0.28125  -0.48754
0.15625  -0.483353
-0.15625  -0.390852
-0.1875  -0.470201
-0.0625  -0.531785
-0.0625  -0.263425
-0.09375  -0.550198
-0.125  -0.631929
0  -0.554662
0.09375  -0.614028
0.1875  -0.561412
0.125  -0.800256
-0.03125  -0.622315
-0.09375  -0.559609
-0.125  -0.533361
-0.125  -0.548129
-0.125  -0.576557
0.03125  -0.277571
0.03125  -0.360971
0.1875  -0.393953
-0.09375  -0.688745
0.0625  -0.438894
0.03125  -0.326824
0.125  -0.450279
-0.15625  -0.663345
0.03125  -0.842094
-0.03125  -0.595922
-0.125  -0.49625
0.28125  -0.554619
-0.0625  -0.516201
0.34375  -0.602863
0.21875  -0.608095
0.15625  -0.417134
0.0625  -0.486127
0.03125  -0.642912
0.03125  -0.550791
0.3125  -0.406046
0.03125  -0.34219
-0.1875  -0.759032
0.21875  -0.538603
-0.1875  -0.488931
0.03125  -0.393384
0.09375  -0.569159
0.125  -0.404184
0.09375  -0.591096
0.0625  -0.540039
0.15625  -0.506251
0  -0.332264
0.03125  -0.47579
-0.0625  -0.515699
-0.34375  -0.474936
-0.09375  -0.477316
0.0625  -0.489908
0.1875  -0.623583
0.21875  -0.399092
-0.0625  -0.678411
0.1875  -0.515106
-0.3125  -0.651329
0.125  -0.570896
0  -0.588985
0.0625  -0.582642
0.125  -0.314374
0.15625  -0.627723
0.09375  -0.676692
0.03125  -0.466546
-0.125  -0.543901
0.0625  -0.537589
0.09375  -0.401235
-0.125  -0.486677
0.09375  -0.359521
0  -0.453438
0.15625  -0.58044
-0.21875  -0.53814
-0.03125  -0.455652
-0.0625  -0.546124
-0.125  -0.633109
-0.03125  -0.516894
-0.25  -0.544517
0.03125  -0.567751
-0.03125  -0.575586
0.03125  -0.469332
-0.125  -0.699764
-0.09375  -0.502284
-0.03125  -0.657755
-0.15625  -0.430207
0  -0.37131
0.15625  -0.564693
-0.0625  -0.459657
0.03125  -0.521355
-0.15625  -0.364421
-0.09375  -0.295727
-0.28125  -0.670186
-0.125  -0.621455
0  -0.582288
0  -0.539773
-0.15625  -0.483558
-0.03125  -0.585742
-0.0625  -0.554686
0.09375  -0.510567
-0.03125  -0.382617
-0.03125  -0.602029
-0.0625  -0.444357
0  -0.540026
-0.125  -0.644375
0.0625  -0.369364
-0.28125  -0.52479
0.15625  -0.521298
0.09375  -0.24102
0  -0.684967
0.1875  -0.703848
0.03125  -0.554937
0.125  -0.308736
-0.15625  -0.29722
0.1875  -0.310215
-0.15625  -0.460811
-0.09375  -0.574319
0.125  -0.372844
0.09375  -0.313563
0.28125  -0.678148
-0.125  -0.595694
-0.0625  -0.444546
0  -0.664054
-0.09375  -0.429976
-0.0625  -0.550611
0.03125  -0.554264
0.1875  -0.52485
-0.0625  -0.525572
0.125  -0.437206
-0.09375  -0.524695
-0.15625  -0.28318
0.25  -0.308297
0.03125  -0.590538
-0.0625  -0.528315
-0.28125  -0.349183
0.0625  -0.578554
-0.09375  -0.544507
0  -0.59656
0.15625  -0.612843
0.1875  -0.305158
0.0625  -0.506628
-0.125  -0.476921
0.125  -0.511455
-0.09375  -0.418839
0.0625  -0.365164
0.21875  -0.564571
-0.1875  -0.604378
-0.125  -0.592421
-0.03125  -0.389289
-0.125  -0.544935
0  -0.424119
0.03125  -0.533945
0.21875  -0.258875
-0.09375  -0.292184
-0.15625  -0.404184
-0.15625  -0.440989
0.0625  -0.45858
-0.1875  -0.468927
0.125  -0.317666
0.0625  -0.387965
0  -0.412751
-0.125  -0.207462
0.09375  -0.29428
0.03125  -0.584011
-0.09375  -0.492661
0.15625  -0.420594
0.21875  -0.445944
-0.03125  -0.450665
0.1875  -0.6448
-0.09375  -0.61706
0  -0.596333
0.0625  -0.582346
-0.0625  -0.39537
-0.25  -0.483824
0  -0.376254
-0.1875  -0.588168
-0.09375  -0.819429
0.0625  -0.656033
0.0625  -0.331849
0.125  -0.553234
0.15625  -0.45705
0.1875  -0.411404
-0.21875  -0.714446
0.09375  -0.509238
-0.09375  -0.540631
-0.125  -0.301894
-0.0625  -0.404366
0.0625  -0.627362
0  -0.464786
-0.1875  -0.624925
0.0625  -0.664088
-0.03125  -0.500916
0.0625  -0.41933
-0.15625  -0.469125
0.15625  -0.458322
-0.0625  -0.466656
0.0625  -0.38516
0.1875  -0.239212
0.09375  -0.433834
0  -0.423293
-0.03125  -0.508189
-0.1875  -0.264098
-0.09375  -0.301549
-0.125  -0.353131
0  -0.512115
-0.03125  -0.480959
0.09375  -0.240822
0.0625  -0.46484
0.09375  -0.452436
-0.125  -0.643454
-0.21875  -0.34692
-0.09375  -0.596509
0.125  -0.282798
0.0625  -0.461135
0.0625  -0.461767
0.125  -0.611509
0.125  -0.510648
0.25  -0.661219
-0.03125  -0.435368
-0.125  -0.594958
-0.15625  -0.495339
0.0625  -0.417211
-0.1875  -0.502257
-0.03125  -0.478719
0  -0.398409
-0.0625  -0.412299
0.0625  -0.322019
-0.21875  -0.541073
-0.03125  -0.604821
-0.09375  -0.497956
0.0625  -0.353487
0.03125  -0.490163
0.1875  -0.428992
0.15625  -0.354703
0.15625  -0.600914
-0.09375  -0.588093
-0.1875  -0.261766
0.03125  -0.43613
-0.09375  -0.467713
0.15625  -0.53706
-0.125  -0.34332
0.15625  -0.604607
-0.0625  -0.533094
0  -0.473646
0.21875  -0.41562
-0.09375  -0.437674
0.0625  -0.529407
-0.21875  -0.407224
0.03125  -0.443231
0.0625  -0.293681
0.0625  -0.298145
-0.0625  -0.382467
0.25  -0.254699
-0.09375  -0.699275
-0.28125  -0.511954
-0.09375  -0.627057
0.03125  -0.570959
0.03125  -0.596924
-0.0625  -0.648113
0.0625  -0.474352
-0.0625  -0.314538
-0.125  -0.521726
-0.15625  -0.666938
-0.03125  -0.552942
0.125  -0.580234
0.0625  -0.604256
0  -0.585682
-0.03125  -0.479724
-0.0625  -0.510774
0.125  -0.51425
-0.21875  -0.352937
-0.03125  -0.631896
-0.0625  -0.424794
-0.03125  -0.553185
-0.09375  -0.679668
0.0625  -0.4939
-0.09375  -0.240276
0  -0.532253
-0.15625  -0.401536
-0.0625  -0.818609
0  -0.629643
-0.09375  -0.504831
-0.0625  -0.36259
-0.15625  -0.504164
-0.09375  -0.591583
-0.15625  -0.219126
0.125  -0.686703
0.09375  -0.676808
0  -0.330818
-0.1875  -0.508758
0.09375  -0.243817
-0.125  -0.357644
0.125  -0.3806
-0.15625  -0.459415
0.03125  -0.56204
0  -0.337353
0.0625  -0.747793
-0.09375  -0.631794
0.0625  -0.40787
0.03125  -0.367025
0  -0.577139
-0.0625  -0.581483
-0.03125  -0.377749
0.125  -0.466656
0.0625  -0.305704
-0.09375  -0.407501
-0.0625  -0.303885
0.1875  -0.240394
0.28125  -0.688928
-0.0625  -0.510445
0.09375  -0.682802
-0.15625  -0.608683
-0.0625  -0.687774
-0.0625  -0.379028
0.03125  -0.319086
0.125  -0.54998
0.125  -0.31507
-0.09375  -0.541814
-0.125  -0.348804
-0.1875  -0.390631
-0.03125  -0.550995
-0.09375  -0.394325
-0.09375  -0.653911
-0.03125  -0.558309
0.0625  -0.368284
-0.15625  -0.497156
-0.0625  -0.360224
-0.21875  -0.420598
-0.1875  -0.420814
-0.125  -0.491627
0.125  -0.493761
0.125  -0.634374
0  -0.508461
-0.25  -0.531707
-0.09375  -0.632279
-0.03125  -0.715367
0.03125  -0.339187
0  -0.602841
0  -0.545845
0  -0.535742
0.21875  -0.650875
0.03125  -0.318431
-0.25  -0.616439
-0.15625  -0.603284
-0.1875  -0.526848
-0.03125  -0.35412
0.0625  -0.474037
0  -0.438778
-0.03125  -0.586735
0.0625  -0.499998
-0.0625  -0.555662
0.15625  -0.53448
-0.03125  -0.623713
0.15625  -0.458479
0.03125  -0.558618
0.28125  -0.477456
-0.03125  -0.738156
0.1875  -0.556556
0  -0.322045
-0.15625  -0.555929
-0.09375  -0.545544
-0.125  -0.638591
0.125  -0.506732
-0.15625  -0.655349
0.125  -0.544717
0.03125  -0.244409
-0.0625  -0.546996
0.21875  -0.183315
0  -0.591818
-0.09375  -0.488881
0.03125  -0.41403
0.03125  -0.453996
-0.03125  -0.435996
0.09375  -0.592078
0.09375  -0.664539
0.125  -0.631353
-0.0625  -0.396789
-0.09375  -0.556487
0  -0.305495
-0.15625  -0.658409
-0.03125  -0.597332
0.0625  -0.511041
0.0625  -0.382081
-0.15625  -0.501637
0.0625  -0.631846
-0.125  -0.443702
0  -0.566053
0  -0.606805
-0.0625  -0.475347
0.03125  -0.531331
-0.03125  -0.41941
0.0625  -0.588218
0.09375  -0.576576
-0.125  -0.609822
0.0625  -0.355391
0.125  -0.429599
-0.03125  -0.54507
0  -0.36877
0.09375  -0.589821
0.0625  -0.400921
0.0625  -0.550434
-0.125  -0.5363
0.125  -0.361581
0.1875  -0.588549
-0.03125  -0.569516
0.0625  -0.261543
-0.03125  -0.518985
0  -0.620168
-0.03125  -0.537672
-0.03125  -0.45265
0.0625  -0.475009
0.03125  -0.50618
0.09375  -0.405923
0.15625  -0.623059
-0.125  -0.452119
-0.03125  -0.217086
-0.03125  -0.564805
-0.28125  -0.441404
0.09375  -0.533693
-0.21875  -0.557974
0.03125  -0.507623
0.0625  -0.582082
0.0625  -0.42974
0.15625  -0.495115
-0.0625  -0.303361
0  -0.374232
0.125  -0.549628
0.03125  -0.665758
-0.21875  -0.538977
-0.21875  -0.581031
-0.125  -0.578435
-0.0625  -0.511733
-0.125  -0.509075
0.15625  -0.704193
-0.09375  -0.414878
0  -0.459507
0.28125  -0.397764
0.09375  -0.639257
0.0625  -0.545243
-0.15625  -0.564619
-0.09375  -0.358219
-0.0625  -0.657218
0.28125  -0.496101
-0.03125  -0.597242
0.03125  -0.457508
-0.15625  -0.531858
0.09375  -0.347665
0.03125  -0.430064
-0.125  -0.391794
-0.03125  -0.452644
0  -0.526275
0  -0.634568
0.125  -0.555245
-0.03125  -0.597285
0  -0.512635
-0.21875  -0.42921
0.0625  -0.377634
0.125  -0.592769
0.28125  -0.49515
0.15625  -0.627227
0  -0.458211
-0.0625  -0.454714
0.15625  -0.363169
-0.09375  -0.47906
0.125  -0.524269
0.15625  -0.345612
0.09375  -0.69125
0.09375  -0.490381
0.1875  -0.592271
0.03125  -0.558379
-0.0625  -0.394206
0.1875  -0.507174
0.21875  -0.484186
0  -0.62161
-0.21875  -0.552581
0.0625  -0.549781
-0.1875  -0.323017
-0.1875  -0.288667
-0.03125  -0.408509
-0.125  -0.74235
-0.03125  -0.371085
0  -0.521019
-0.0625  -0.4432
0  -0.584466
-0.03125  -0.484701
0.03125  -0.581021
-0.09375  -0.2974
-0.25  -0.555333
0.03125  -0.432028
0.125  -0.480444
-0.0625  -0.558555
0.03125  -0.419805
-0.0625  -0.519422
0.0625  -0.643821
-0.15625  -0.359299
0.125  -0.496366
0.15625  -0.388597
0.03125  -0.431469
-0.15625  -0.296768
0  -0.615218
-0.03125  -0.47092
-0.09375  -0.504957
-0.09375  -0.506798
0.09375  -0.556218
0.125  -0.344966
-0.03125  -0.744542
-0.1875  -0.554668
-0.09375  -0.443768
0.0625  -0.592177
0  -0.5136
0.03125  -0.607229
-0.09375  -0.497561
-0.03125  -0.471874
-0.1875  -0.443924
-0.125  -0.589412
0.03125  -0.613621
-0.09375  -0.474183
0.125  -0.493193
-0.0625  -0.498362
0.0625  -0.644439
-0.03125  -0.630303
-0.0625  -0.336038
-0.1875  -0.3986
0  -0.461133
-0.09375  -0.315377
0.15625  -0.599859
0.0625  -0.418276
-0.03125  -0.668285
0.3125  -0.562656
0  -0.352177
-0.0625  -0.484638
0.03125  -0.502087
0  -0.256891
-0.09375  -0.60167
-0.25  -0.503889
0  -0.535681
0.09375  -0.421065
0.0625  -0.424114
0.15625  -0.635735
-0.0625  -0.439613
0.09375  -0.514895
-0.09375  -0.481749
-0.03125  -0.217706
0.03125  -0.794436
-0.125  -0.583732
0.125  -0.529279
0.0625  -0.519008
-0.0625  -0.60287
0.1875  -0.573331
0.09375  -0.512435
0.03125  -0.566041
0.09375  -0.578686
-0.1875  -0.460372
-0.125  -0.405867
-0.03125  -0.587193
0  -0.565427
-0.1875  -0.558161
0.21875  -0.259755
0  -0.507624
0.03125  -0.452087
0  -0.350521
-0.3125  -0.554739
0.09375  -0.521565
-0.0625  -0.311024
-0.03125  -0.484116
-0.09375  -0.32662
0.25  -0.580366
-0.15625  -0.557009
-0.125  -0.599955
0.125  -0.582189
0.09375  -0.446514
0.0625  -0.56633
-0.0625  -0.568676
0.03125  -0.627446
0.0625  -0.501759
0.03125  -0.361475
0  -0.488333
0.25  -0.548359
0.15625  -0.515888
-0.25  -0.50038
-0.1875  -0.632389
0.03125  -0.489276
0.0625  -0.495542
-0.0625  -0.514363
0  -0.560662
-0.125  -0.351085
0.125  -0.468281
-0.03125  -0.657687
0.15625  -0.353654
-0.15625  -0.477081
0.0625  -0.462177
0.1875  -0.562664
-0.09375  -0.51844
-0.25  -0.428707
0  -0.430761
0  -0.358704
-0.21875  -0.32635
0.0625  -0.366477
0.25  -0.610484
0.03125  -0.449824
-0.1875  -0.452886
0.03125  -0.376356
0  -0.529896
0.0625  -0.620889
0.0625  -0.55839
0  -0.394336
-0.0625  -0.510682
0.03125  -0.547324
0  -0.53068
0  -0.455438
0.1875  -0.552816
-0.25  -0.501331
0  -0.616715
-0.09375  -0.654735
0.09375  -0.410871
0.1875  -0.408038
-0.09375  -0.507048
-0.09375  -0.467502
0.09375  -0.606748
-0.09375  -0.563939
0.1875  -0.488259
0.125  -0.201304
0  -0.536542
0.09375  -0.654594
0.125  -0.490648
0  -0.628277
-0.0625  -0.434849
0.03125  -0.49575
-0.03125  -0.47686
-0.03125  -0.42365
-0.125  -0.380425
0.0625  -0.54334
0.0625  -0.618387
-0.09375  -0.525112
-0.125  -0.657606
0.03125  -0.584396
0.03125  -0.490438
-0.125  -0.425679
0.21875  -0.61422
0.0625  -0.058826
-0.125  -0.516762
-0.03125  -0.586374
0.03125  -0.470524
-0.15625  -0.37315
0.125  -0.484947
0.34375  -0.613173
0.125  -0.592396
0.0625  -0.83969
-0.0625  -0.478304
-0.0625  -0.626742
-0.125  -0.64279
-0.1875  -0.568014
0.1875  -0.609985
-0.03125  -0.622652
0.125  -0.483877
0  -0.54681
0.09375  -0.477887
-0.0625  -0.225898
-0.09375  -0.396157
-0.15625  -0.608021
0.125  -0.490574
-0.125  -0.359987
-0.125  -0.447094
0.0625  -0.468518
-0.3125  -0.592934
0.09375  -0.666761
-0.09375  -0.646078
-0.09375  -0.647624
-0.125  -0.380552
0.3125  -0.348656
-0.09375  -0.510031
-0.03125  -0.509451
0  -0.366082
0.1875  -0.5511
0.03125  -0.509321
0.125  -0.380436
0.03125  -0.591815
-0.03125  -0.539682
-0.0625  -0.636917
-0.0625  -0.486142
-0.1875  -0.379419
0.03125  -0.552661
-0.03125  -0.517844
-0.0625  -0.447601
0.15625  -0.306847
-0.125  -0.344208
-0.03125  -0.495356
0.15625  -0.40651
0.21875  -0.412581
-0.03125  -0.380115
0.09375  -0.395842
-0.09375  -0.601835
-0.125  -0.576555
0.0625  -0.698892
-0.125  -0.570041
-0.1875  -0.594257
-0.125  -0.495705
-0.03125  -0.330815
0.15625  -0.514946
0.09375  -0.45699
0  -0.505758
-0.09375  -0.468932
0.0625  -0.428331
0  -0.541882
0.09375  -0.458536
0  -0.434452
0.28125  -0.76986
0  -0.32163
0  -0.355956
-0.0625  -0.470127
0.03125  -0.543211
0  -0.623151
0.1875  -0.500766
-0.25  -0.459551
-0.0625  -0.539928
0.125  -0.564895
0  -0.497681
-0.0625  -0.621729
0.09375  -0.645767
-0.03125  -0.42825
0.03125  -0.315891
0.0625  -0.614897
0  -0.565221
0.0625  -0.512408
0.25  -0.63874
0.03125  -0.567009
-0.25  -0.479592
0.0625  -0.462792
0  -0.479326
0.03125  -0.734825
-0.1875  -0.485549
-0.125  -0.572831
0.125  -0.565689
0.0625  -0.48006
-0.09375  -0.513413
-0.03125  -0.554576
-0.15625  -0.447487
-0.03125  -0.606915
0  -0.606559
-0.125  -0.520831
-0.03125  -0.648924
-0.15625  -0.544576
-0.15625  -0.593364
-0.03125  -0.551109
0  -0.42942
0  -0.604865
0.125  -0.686619
-0.03125  -0.58971
-0.15625  -0.579063
-0.0625  -0.735512
0  -0.516973
0.0625  -0.404301
0.03125  -0.364486
0.03125  -0.354615
0.0625  -0.535318
-0.03125  -0.328645
0.1875  -0.58169
-0.1875  -0.332359
-0.15625  -0.630592
0.21875  -0.522237
0.0625  -0.471888
0.03125  -0.485375
-0.03125  -0.628263
0  -0.387555
-0.15625  -0.506726
0  -0.589094
0.0625  -0.435646
-0.0625  -0.536198
0.03125  -0.545091
-0.1875  -0.491929
-0.0625  -0.299385
-0.09375  -0.646858
0.03125  -0.46324
-0.25  -0.584048
0.1875  -0.529623
0  -0.554851
-0.03125  -0.450014
0.09375  -0.56536
-0.09375  -0.667371
0.03125  -0.300057
-0.125  -0.389186
-0.03125  -0.565004
0.0625  -0.52135
0.0625  -0.564586
0.125  -0.382409
-0.09375  -0.396222
0.03125  -0.525352
-0.09375  -0.473361
-0.0625  -0.574054
-0.34375  -0.318479
-0.1875  -0.584129
0.15625  -0.336362
0.1875  -0.329568
-0.1875  -0.45895
-0.1875  -0.321918
-0.0625  -0.592977
0.09375  -0.590241
0.1875  -0.422607
0.25  -0.516497
0.0625  -0.517298
0.125  -0.487265
-0.0625  -0.537696
-0.03125  -0.512075
0.09375  -0.6675
-0.09375  -0.447308
-0.25  -0.554289
0.09375  -0.512443
-0.15625  -0.439149
-0.03125  -0.331078
0.03125  -0.598681
-0.09375  -0.415647
0.03125  -0.572473
-0.03125  -0.533735
0.0625  -0.535734
-0.03125  -0.633679
0  -0.532747
0.21875  -0.459425
0.1875  -0.458314
0.0625  -0.616872
0.03125  -0.653608
-0.0625  -0.494916
0  -0.433488
0.03125  -0.616244
0.25  -0.525954
0.125  -0.55838
-0.0625  -0.566929
0.09375  -0.540496
0.0625  -0.652732
-0.03125  -0.338901
-0.03125  -0.502584
-0.125  -0.296688
-0.03125  -0.367691
0.09375  -0.45558
-0.1875  -0.494158
-0.15625  -0.406971
0  -0.545958
-0.0625  -0.653996
0.03125  -0.679515
-0.03125  -0.623684
0.1875  -0.414477
0.03125  -0.688402
-0.125  -0.525619
-0.03125  -0.592158
0  -0.465256
0.0625  -0.456084
0.1875  -0.569132
0.09375  -0.688849
0.03125  -0.479413
-0.0625  -0.481924
0.28125  -0.420419
0  -0.67137
0  -0.502613
-0.0625  -0.346086
0.0625  -0.45208
-0.03125  -0.547397
0.09375  -0.310278
-0.125  -0.553539
0.1875  -0.469021
-0.0625  -0.607081
-0.0625  -0.58996
-0.0625  -0.414243
-0.15625  -0.410333
-0.125  -0.558169
-0.03125  -0.295685
0.0625  -0.531769
-0.15625  -0.508305
0.0625  -0.414395
-0.0625  -0.410015
0.0625  -0.404669
0.21875  -0.492872
-0.09375  -0.463425
0.03125  -0.34603
-0.0625  -0.58294
0  -0.487679
-0.0625  -0.611621
0.25  -0.422563
0.0625  -0.435199
-0.09375  -0.459297
0.03125  -0.526548
0.1875  -0.497562
0.125  -0.591968
0  -0.465633
0.09375  -0.583977
0.125  -0.493758
-0.09375  -0.389529
0  -0.629596
-0.03125  -0.481804
0.03125  -0.642582
-0.09375  -0.607443
0.0625  -0.592298
-0.1875  -0.511447
0.125  -0.431353
-0.0625  -0.406427
-0.0625  -0.493044
-0.125  -0.589358
0.0625  -0.560256
0.03125  -0.508396
-0.09375  -0.465896
-0.1875  -0.613676
0.1875  -0.571469
0.0625  -0.530985
-0.1875  -0.56911
0.03125  -0.55009
-0.28125  -0.463833
0.1875  -0.511035
0.15625  -0.747748
0.0625  -0.647766
-0.1875  -0.629504
-0.0625  -0.505152
0.1875  -0.581632
0.0625  -0.391963
0.09375  -0.64735
0.15625  -0.635795
-0.09375  -0.485239
-0.125  -0.51737
-0.03125  -0.576516
-0.1875  -0.478932
-0.03125  -0.415752
0.03125  -0.565786
-0.09375  -0.65926
0.0625  -0.406238
-0.09375  -0.567914
0  -0.572075
-0.03125  -0.586411
0.21875  -0.603383
-0.09375  -0.686335
0.03125  -0.509873
0  -0.637056
0.03125  -0.497396
0.03125  -0.627145
0  -0.367702
0.09375  -0.503211
0  -0.491577
0.21875  -0.313078
0.0625  -0.37239
-0.0625  -0.576167
0.0625  -0.583775
-0.21875  -0.420137
-0.1875  -0.552386
-0.09375  -0.491531
-0.15625  -0.564203
-0.03125  -0.450278
0.03125  -0.40455
0  -0.527759
0.15625  -0.579253
0.03125  -0.348349
0.09375  -0.401839
-0.03125  -0.53374
-0.21875  -0.463001
0.03125  -0.644333
-0.25  -0.630332
-0.09375  -0.71314
-0.09375  -0.459032
0.1875  -0.571383
0.03125  -0.427542
0.0625  -0.47073
-0.1875  -0.468458
0.03125  -0.55271
-0.09375  -0.483172
-0.1875  -0.648204
-0.1875  -0.61445
0.1875  -0.612756
-0.0625  -0.34138
-0.0625  -0.593763
0.21875  -0.567044
0  -0.657285
0.21875  -0.545886
0.0625  -0.441238
-0.09375  -0.63651
0.15625  -0.510578
-0.03125  -0.37435
0.25  -0.494538
-0.0625  -0.619137
-0.15625  -0.656704
-0.0625  -0.465533
0.03125  -0.456914
-0.09375  -0.611809
0  -0.515956
0.15625  -0.50141
-0.0625  -0.565212
-0.125  -0.531884
0.03125  -0.399967
-0.15625  -0.41091
0  -0.480447
-0.53125  -0.527214
0.125  -0.5164
-0.125  -0.661717
0.09375  -0.342483
0  -0.546309
0.09375  -0.394456
-0.1875  -0.677329
-0.3125  -0.539348
0.375  -0.485817
-0.21875  -0.599798
0.0625  -0.475021
0.09375  -0.409124
0.09375  -0.519102
-0.0625  -0.698978
-0.125  -0.664685
-0.21875  -0.382529
-0.15625  -0.524373
-0.21875  -0.592271
-0.125  -0.299533
-0.0625  -0.536436
0  -0.440803
0.1875  -0.384432
-0.25  -0.225885
-0.25  -0.286406
0.125  -0.613171
0.09375  -0.681847
-0.125  -0.616762
-0.0625  -0.479901
0.09375  -0.410065
-0.1875  -0.565125
0.0625  -0.460827
0  -0.482467
0.03125  -0.57475
0.15625  -0.491469
-0.1875  -0.377894
-0.09375  -0.473365
-0.125  -0.634741
-0.125  -0.482379
0.15625  -0.395241
-0.0625  -0.457461
0.21875  -0.370851
0.21875  -0.358411
-0.0625  -0.555193
0  -0.582019
-0.125  -0.429562
0.0625  -0.672213
-0.15625  -0.708245
-0.25  -0.54597
0.03125  -0.621492
0.125  -0.414446
-0.09375  -0.500149
0.3125  -0.625262
0  -0.411651
-0.1875  -0.524781
-0.1875  -0.549857
-0.03125  -0.576203
-0.09375  -0.614076
0.21875  -0.399809
-0.21875  -0.637797
0.0625  -0.501074
0.09375  -0.405383
-0.03125  -0.460532
0  -0.757743
0.0625  -0.509917
0.21875  -0.466086
-0.1875  -0.212143
-0.0625  -0.59317
0  -0.430351
0  -0.339904
-0.0625  -0.574682
-0.28125  -0.440957
0.0625  -0.214504
0.03125  -0.511321
-0.15625  -0.232581
0.03125  -0.496976
-0.125  -0.417097
0.125  -0.70575
0.0625  -0.332895
-0.1875  -0.623206
0.15625  -0.429925
-0.125  -0.457336
-0.15625  -0.51991
-0.09375  -0.239304
0  -0.440846
0.15625  -0.263528
0.09375  -0.45246
0.03125  -0.570126
0.03125  -0.648009
-0.0625  -0.39545
-0.125  -0.436418
-0.0625  -0.521471
-0.21875  -0.623884
0  -0.682732
-0.09375  -0.540923
0.09375  -0.481888
0.0625  -0.375603
0  -0.499257
-0.125  -0.311094
-0.03125  -0.644538
0.03125  -0.442338
0.125  -0.536938
0.125  -0.34029
0.03125  -0.468673
-0.09375  -0.433199
-0.09375  -0.515571
0.15625  -0.452362
-0.0625  -0.474517
-0.125  -0.514801
0.09375  -0.394821
0.1875  -0.4596
-0.03125  -0.663853
0  -0.371109
0  -0.649595
-0.125  -0.516968
-0.1875  -0.615967
-0.125  -0.351387
-0.15625  -0.718507
0  -0.543532
0.0625  -0.623774
-0.1875  -0.463175
-0.03125  -0.441126
0  -0.501428
0.09375  -0.469066
-0.03125  -0.554123
-0.03125  -0.558675
-0.1875  -0.348222
0.09375  -0.488031
0  -0.414721
-0.03125  -0.542846
-0.0625  -0.502757
0.09375  -0.265188
-0.0625  -0.572005
-0.1875  -0.423238
0.15625  -0.58933
-0.15625  -0.277341
-0.09375  -0.57923
-0.0625  -0.67522
0.0625  -0.675942
0.09375  -0.304166
-0.28125  -0.650332
-0.03125  -0.505642
0.21875  -0.52739
0.03125  -0.428105
-0.28125  -0.411184
0  -0.681723
0.03125  -0.585737
0  -0.496266
-0.1875  -0.619834
0.03125  -0.648361
-0.15625  -0.40171
-0.15625  -0.783383
-0.125  -0.401716
0.0625  -0.441892
0.03125  -0.465127
0.125  -0.380712
0  -0.635455
-0.125  -0.412258
-0.21875  -0.558842
-0.0625  -0.495222
0.125  -0.490011
0  -0.621292
0.03125  -0.557559
-0.09375  -0.670327
-0.21875  -0.459493
-0.09375  -0.530992
0.09375  -0.574808
-0.0625  -0.397483
-0.15625  -0.646228
0.125  -0.579041
0.1875  -0.439553
-0.125  -0.543164
0.125  -0.559687
0.25  -0.455425
-0.0625  -0.47135
0.09375  -0.564152
-0.125  -0.356482
0.09375  -0.564948
0.1875  -0.328867
-0.0625  -0.498495
-0.03125  -0.510684
0.1875  -0.565661
-0.21875  -0.518218
-0.03125  -0.408881
-0.03125  -0.440186
0.03125  -0.41231
-0.03125  -0.532645
-0.28125  -0.487382
0  -0.568735
0  -0.378969
-0.09375  -0.317146
0.0625  -0.640033
-0.0625  -0.650413
-0.1875  -0.422187
0  -0.527166
0.09375  -0.467911
0.1875  -0.443496
0.0625  -0.556722
0.03125  -0.468387
0.09375  -0.591463
0.125  -0.46154
-0.1875  -0.553755
-0.28125  -0.404036
0.03125  -0.425317
-0.1875  -0.448419
0.0625  -0.564484
-0.03125  -0.521372
0  -0.453192
-0.15625  -0.24222
0.1875  -0.283085
-0.0625  -0.368553
-0.28125  -0.475188
-0.25  -0.484387
0  -0.530496
0.09375  -0.478095
0.0625  -0.540974
-0.125  -0.607765
-0.0625  -0.569451
0.03125  -0.422586
-0.0625  -0.47186
0.09375  -0.597861
-0.09375  -0.4555
-0.09375  -0.40564
-0.09375  -0.504494
-0.09375  -0.503797
-0.21875  -0.418529
-0.0625  -0.626252
0.03125  -0.619786
0.0625  -0.682075
0.09375  -0.503757
0.09375  -0.517359
0.0625  -0.594983
-0.03125  -0.523411
-0.1875  -0.569278
0  -0.340512
-0.0625  -0.382186
-0.03125  -0.472778
-0.09375  -0.648746
-0.125  -0.657559
-0.03125  -0.592898
-0.03125  -0.446909
0.03125  -0.513009
-0.15625  -0.518247
0.0625  -0.582146
-0.0625  -0.456006
0.03125  -0.455436
-0.09375  -0.382026
-0.09375  -0.659069
0.125  -0.563197
0.0625  -0.459126
0.125  -0.44609
-0.125  -0.587181
-0.28125  -0.489628
-0.15625  -0.388287
0  -0.400636
0.1875  -0.336659
0.09375  -0.500087
-0.21875  -0.558748
-0.09375  -0.481277
-0.1875  -0.618437
-0.0625  -0.603279
0.09375  -0.42117
-0.03125  -0.467999
0.03125  -0.493187
0.15625  -0.369819
-0.0625  -0.398276
0.09375  -0.627081
-0.1875  -0.496219
-0.03125  -0.304066
-0.03125  -0.571343
0.25  -0.488517
0  -0.423504
0.125  -0.361389
0  -0.588704
-0.25  -0.337635
0.125  -0.524734
0.03125  -0.319974
0  -0.61442
-0.09375  -0.516869
0.1875  -0.721079
-0.0625  -0.452214
0  -0.471919
0.15625  -0.390249
0.09375  -0.573159
-0.0625  -0.766015
0.125  -0.373713
-0.03125  -0.42252
-0.125  -0.469725
0.125  -0.711747
0.1875  -0.172988
-0.15625  -0.442067
0.21875  -0.531158
-0.03125  -0.641338
0.40625  -0.529606
0.03125  -0.502165
-0.125  -0.68239
0.15625  -0.552027
0.125  -0.580209
-0.25  -0.36547
-0.0625  -0.351343
0.03125  -0.640931
-0.0625  -0.383504
0.1875  -0.315514
0  -0.576662
0.15625  -0.568981
-0.03125  -0.486367
-0.0625  -0.514535
-0.125  -0.479786
0  -0.695757
-0.0625  -0.39174
-0.0625  -0.423376
-0.25  -0.485914
-0.0625  -0.396523
0.28125  -0.560656
0.3125  -0.597051
0.09375  -0.614911
-0.1875  -0.587263
0.03125  -0.593692
0.15625  -0.545937
-0.0625  -0.512387
-0.25  -0.500241
0.21875  -0.614224
0.09375  -0.488408
-0.0625  -0.377401
0  -0.589249
-0.1875  -0.619126
0.125  -0.550365
-0.09375  -0.343638
0  -0.500977
0  -0.527649
-0.21875  -0.359736
0.125  -0.419547
0.15625  -0.642383
0.21875  -0.417329
-0.0625  -0.454367
0.15625  -0.560577
0.0625  -0.431255
0  -0.538101
0.15625  -0.583933
0.03125  -0.422089
0.15625  -0.398249
0.1875  -0.552899
0.0625  -0.340069
-0.15625  -0.459897
-0.03125  -0.5594
0.03125  -0.517568
-0.21875  -0.730452
0  -0.543263
0.0625  -0.389316
0.125  -0.390889
0.0625  -0.497952
0.0625  -0.59749
0  -0.756858
-0.1875  -0.543668
-0.21875  -0.34622
0.09375  -0.545462
-0.15625  -0.678181
-0.28125  -0.607451
0.34375  -0.502473
-0.15625  -0.663451
0.125  -0.321886
-0.125  -0.358888
0.03125  -0.632069
-0.21875  -0.482272
0.125  -0.493876
0.0625  -0.527193
-0.1875  -0.460769
0.15625  -0.625487
-0.125  -0.625144
0.15625  -0.527085
0.0625  -0.689469
-0.1875  -0.593903
0.03125  -0.550563
-0.03125  -0.477432
-0.03125  -0.365914
0  -0.770065
-0.0625  -0.752755
0.03125  -0.364195
-0.15625  -0.491268
-0.15625  -0.455594
0.15625  -0.453594
-0.1875  -0.645837
-0.15625  -0.732953
-0.0625  -0.480479
-0.28125  -0.480723
-0.09375  -0.392404
0.25  -0.647971
-0.0625  -0.530989
-0.03125  -0.622703
0  -0.480678
0.1875  -0.46877
-0.21875  -0.414927
0.15625  -0.469116
0.0625  -0.466939
-0.0625  -0.61305
-0.15625  -0.410598
0.03125  -0.412667
0.0625  -0.638899
0.0625  -0.43042
0.09375  -0.359844
0.25  -0.678324
0  -0.512146
0.125  -0.277355
0.09375  -0.515567
0.03125  -0.630868
0.0625  -0.422518
-0.125  -0.40315
0.28125  -0.444011
-0.28125  -0.543564
0.21875  -0.393938
0.0625  -0.534008
0  -0.435339
0.0625  -0.389362
0.1875  -0.538352
-0.125  -0.39729
-0.25  -0.612373
-0.125  -0.547754
0.03125  -0.428569
0.09375  -0.440015
0.0625  -0.525204
0  -0.386361
0.09375  -0.379471
-0.1875  -0.633461
0.1875  -0.415914
-0.09375  -0.486343
-0.09375  -0.509202
-0.15625  -0.348682
-0.03125  -0.50888
0  -0.527863
0.21875  -0.599764
-0.03125  -0.50574
0.0625  -0.435906
0  -0.418037
-0.0625  -0.372775
0.0625  -0.292652
-0.28125  -0.507634
-0.0625  -0.572412
-0.125  -0.524662
0.03125  -0.789857
0.28125  -0.600513
-0.03125  -0.673207
0.09375  -0.487503
-0.15625  -0.418195
0.15625  -0.457249
-0.0625  -0.380315
-0.03125  -0.472197
0.03125  -0.527662
-0.03125  -0.487379
0  -0.490854
0.21875  -0.640394
-0.15625  -0.491453
0.1875  -0.66871
-0.0625  -0.411936
0.0625  -0.434353
-0.28125  -0.460214
-0.03125  -0.622805
0.0625  -0.483019
0.0625  -0.388911
0.03125  -0.764312
-0.15625  -0.419133
0.0625  -0.649561
0.25  -0.51549
-0.03125  -0.334909
0.15625  -0.261016
0.03125  -0.405517
-0.09375  -0.38927
-0.03125  -0.407076
0.125  -0.540329
-0.21875  -0.438814
0.15625  -0.555255
0.0625  -0.536427
-0.0625  -0.627742
0  -0.37442
-0.15625  -0.700677
0.15625  -0.441176
-0.03125  -0.554301
0.0625  -0.57961
0.09375  -0.479384
-0.09375  -0.380324
-0.1875  -0.566714
0  -0.726816
0.3125  -0.591476
0.09375  -0.624838
0  -0.496728
0  -0.549367
0.15625  -0.584857
0.3125  -0.667723
0  -0.449558
0.125  -0.479237
0.0625  -0.518098
0.125  -0.566769
0.09375  -0.662758
0.09375  -0.730499
-0.0625  -0.530698
-0.0625  -0.539793
0.0625  -0.471134
0.0625  -0.53533
-0.125  -0.541464
-0.0625  -0.425427
-0.09375  -0.501915
-0.125  -0.556367
0.125  -0.602113
0  -0.387276
-0.09375  -0.565871
0.25  -0.536391
-0.125  -0.361057
0.15625  -0.361882
-0.1875  -0.380175
0.15625  -0.613802
-0.09375  -0.623466
0.21875  -0.493626
0.03125  -0.46452
-0.125  -0.465864
0.09375  -0.571231
0.03125  -0.57939
0.09375  -0.590737
0.0625  -0.54328
-0.09375  -0.415105
0.0625  -0.527699
-0.1875  -0.582445
-0.1875  -0.592876
0.03125  -0.586207
-0.0625  -0.477387
0.125  -0.638095
-0.3125  -0.39006
0.15625  -0.517499
-0.09375  -0.400628
0.1875  -0.66224
0.25  -0.532492
0  -0.465388
-0.0625  -0.426864
-0.03125  -0.422162
0.09375  -0.585007
-0.15625  -0.698142
-0.0625  -0.442042
0.1875  -0.63371
0.0625  -0.370426
0.03125  -0.52353
0  -0.579581
0.21875  -0.478497
0.03125  -0.380403
0.09375  -0.44738
0.125  -0.581437
0.28125  -0.491715
-0.1875  -0.452566
0.09375  -0.580678
0.09375  -0.203854
-0.09375  -0.388377
-0.0625  -0.297439
-0.0625  -0.428779
0.15625  -0.712844
-0.09375  -0.520215
0.1875  -0.601029
-0.125  -0.634796
-0.125  -0.484033
0.03125  -0.652687
-0.125  -0.399799
-0.0625  -0.496355
0  -0.322318
0.1875  -0.602322
0.1875  -0.431715
0  -0.509301
-0.125  -0.368993
0.09375  -0.270785
0.03125  -0.55033
0.125  -0.527836
0  -0.538969
0.03125  -0.618185
0  -0.512038
-0.09375  -0.449417
-0.125  -0.661156
0.0625  -0.318844
0.0625  -0.555929
0.25  -0.558522
0  -0.585796
-0.21875  -0.357756
-0.25  -0.576185
0.09375  -0.377189
0.125  -0.425345
-0.0625  -0.690311
0.125  -0.522621
-0.03125  -0.529666
-0.09375  -0.458376
-0.0625  -0.279829
-0.0625  -0.387748
0.28125  -0.41754
0.15625  -0.382137
0.0625  -0.38093
0.09375  -0.601475
0.15625  -0.426239
0.09375  -0.463706
0.03125  -0.301822
0.15625  -0.565611
0.125  -0.533041
0.15625  -0.302379
0.25  -0.3929
-0.25  -0.293591
-0.0625  -0.528784
0.125  -0.488198
0  -0.23235
0.0625  -0.447822
-0.0625  -0.587627
-0.15625  -0.49221
0.25  -0.358883
-0.15625  -0.563495
-0.125  -0.460615
-0.0625  -0.452515
0.03125  -0.537124
0.09375  -0.362857
0.0625  -0.619936
0.09375  -0.574768
0.1875  -0.458801
0.1875  -0.597488
-0.1875  -0.366874
-0.0625  -0.628127
0.09375  -0.524672
0.0625  -0.378673
-0.0625  -0.16788
0.28125  -0.496096
-0.09375  -0.462871
0.25  -0.373878
-0.03125  -0.390792
-0.0625  -0.599891
-0.0625  -0.588034
0.125  -0.318217
-0.125  -0.616626
0.09375  -0.400917
0.0625  -0.576665
0.03125  -0.480641
-0.09375  -0.240224
0.125  -0.389605
-0.21875  -0.556965
-0.03125  -0.536639
0.125  -0.504572
-0.125  -0.493877
-0.125  -0.519998
0.0625  -0.624056
-0.3125  -0.429139
0.0625  -0.536974
0.0625  -0.668025
0.0625  -0.380206
-0.15625  -0.562539
0.03125  -0.560833
0  -0.6002
-0.15625  -0.433688
-0.15625  -0.548263
0.0625  -0.541885
-0.03125  -0.569384
0.3125  -0.223343
0.125  -0.62022
-0.15625  -0.534065
-0.125  -0.588137
0.15625  -0.408114
-0.0625  -0.38694
0.28125  -0.737246
-0.03125  -0.494328
0.125  -0.526847
-0.03125  -0.474955
0.15625  -0.543584
0.21875  -0.230798
-0.34375  -0.401414
0.03125  -0.559497
-0.1875  -0.580976
-0.0625  -0.459968
0  -0.530094
0  -0.6685
0.03125  -0.429418
-0.03125  -0.415024
0.03125  -0.328258
0.09375  -0.443648
0.03125  -0.482294
0.09375  -0.58186
-0.09375  -0.524208
0.1875  -0.585474
0.1875  -0.509026
-0.0625  -0.413847
0.0625  -0.476034
0.125  -0.503909
0.03125  -0.459335
-0.125  -0.584257
0.125  -0.302753
0.15625  -0.360058
0.0625  -0.540684
0.21875  -0.443084
0  -0.297022
0  -0.58652
0.21875  -0.380332
-0.09375  -0.591682
0.0625  -0.70711
0.15625  -0.590971
-0.125  -0.492329
0.03125  -0.425832
0.03125  -0.563309
-0.125  -0.61826
0.15625  -0.553061
0  -0.590003
0.25  -0.452695
0  -0.508717
-0.125  -0.536516
-0.03125  -0.507499
-0.125  -0.245771
-0.125  -0.426088
0.09375  -0.721516
-0.1875  -0.461195
-0.1875  -0.504451
-0.125  -0.465332
-0.125  -0.47287
-0.03125  -0.525548
0.1875  -0.547094
0.125  -0.67244
0.09375  -0.540221
0.25  -0.410247
-0.09375  -0.643653
0.1875  -0.446664
0.0625  -0.618429
0.09375  -0.482975
-0.09375  -0.474543
0.125  -0.424967
0.125  -0.337917
-0.09375  -0.280738
0.09375  -0.502674
0  -0.587617
0.09375  -0.442618
-0.03125  -0.438279
0.09375  -0.404729
0.25  -0.462153
-0.25  -0.359214
0.03125  -0.452862
-0.125  -0.611954
0  -0.593101
-0.1875  -0.455189
0  -0.365837
-0.03125  -0.299319
0.03125  -0.584626
-0.0625  -0.506326
-0.3125  -0.569715
0  -0.55712
-0.03125  -0.440787
0.3125  -0.593823
0.1875  -0.414755
-0.09375  -0.469265
-0.09375  -0.498185
0.25  -0.458288
0.03125  -0.436045
-0.25  -0.552318
0.21875  -0.638273
0.1875  -0.295522
-0.03125  -0.450256
-0.03125  -0.329814
-0.0625  -0.521731
-0.03125  -0.334274
0.03125  -0.524282
0  -0.509913
-0.375  -0.607581
0  -0.534762
0.0625  -0.798038
-0.0625  -0.474991
-0.15625  -0.51738
-0.25  -0.441151
-0.1875  -0.420309
-0.1875  -0.490861
0.15625  -0.535293
-0.0625  -0.517218
-0.21875  -0.609844
0  -0.60215
0.0625  -0.679073
0  -0.213473
0.3125  -0.570286
-0.03125  -0.582738
0.03125  -0.35691
-0.03125  -0.435444
0.09375  -0.694936
0.125  -0.542315
-0.0625  -0.536825
0.09375  -0.421878
0.1875  -0.42461
-0.125  -0.460993
-0.15625  -0.428198
0.125  -0.491618
-0.15625  -0.633049
0.09375  -0.244652
0.0625  -0.753488
0.0625  -0.537532
0  -0.571915
-0.1875  -0.491446
0.03125  -0.423134
0.125  -0.638783
0.0625  -0.625217
0.0625  -0.51132
0.03125  -0.0722849
0.21875  -0.385674
0.21875  -0.460378
-0.09375  -0.551596
-0.1875  -0.324347
-0.15625  -0.515117
-0.0625  -0.384752
0.09375  -0.539732
0.09375  -0.508929
0.09375  -0.49769
-0.03125  -0.499177
-0.1875  -0.378406
0  -0.614808
-0.15625  -0.511635
0  -0.38
-0.03125  -0.555844
-0.125  -0.500929
-0.03125  -0.328493
0.03125  -0.598244
-0.03125  -0.385715
-0.21875  -0.639504
0.21875  -0.570576
-0.03125  -0.56191
0.0625  -0.613584
0.03125  -0.258212
0  -0.432893
0.09375  -0.396124
0.0625  -0.63519
0  -0.459385
0.0625  -0.438588
-0.0625  -0.390731
0.03125  -0.560992
0.09375  -0.437453
-0.09375  -0.494728
-0.125  -0.428838
0.0625  -0.518284
-0.03125  -0.529772
0.09375  -0.467502
-0.09375  -0.450225
0.03125  -0.584607
-0.25  -0.521642
-0.09375  -0.511057
0.0625  -0.491286
-0.09375  -0.458989
-0.09375  -0.831673
0  -0.558976
-0.15625  -0.513224
0.09375  -0.562014
-0.21875  -0.303128
0.28125  -0.454883
0.09375  -0.412925
-0.03125  -0.64981
-0.28125  -0.350096
-0.125  -0.466833
-0.03125  -0.446842
-0.0625  -0.377703
0.125  -0.49567
-0.03125  -0.474264
0.0625  -0.664163
0.125  -0.543437
0  -0.372555
0  -0.513404
-0.0625  -0.469123
-0.0625  -0.549526
0.03125  -0.50376
0.03125  -0.435584
-0.125  -0.669295
-0.1875  -0.418086
-0.09375  -0.497705
0  -0.608594
-0.28125  -0.255512
0.09375  -0.601196
-0.03125  -0.49613
-0.03125  -0.580392
-0.15625  -0.536402
-0.0625  -0.618499
-0.03125  -0.454852
-0.03125  -0.439878
0.0625  -0.422691
-0.0625  -0.338462
0  -0.522787
0.09375  -0.466069
0  -0.53445
0.03125  -0.713089
-0.09375  -0.581791
-0.1875  -0.636343
0.03125  -0.680623
-0.21875  -0.521003
-0.125  -0.538322
0.0625  -0.415372
-0.21875  -0.393298
0  -0.453634
0.09375  -0.416498
-0.03125  -0.395982
0.125  -0.452379
0.03125  -0.655235
0.03125  -0.620355
-0.03125  -0.689055
0.125  -0.309697
-0.15625  -0.727754
0.0625  -0.360704
-0.125  -0.470762
-0.03125  -0.597242
0.25  -0.445856
0  -0.719378
0.125  -0.327083
-0.0625  -0.595266
0.03125  -0.389495
-0.125  -0.642619
0.21875  -0.380742
0  -0.513059
0  -0.525765
0.15625  -0.314691
-0.03125  -0.478019
0.03125  -0.339433
0.15625  -0.317851
0.09375  -0.498576
0  -0.468971
0.09375  -0.540414
-0.125  -0.51785
-0.21875  -0.691048
-0.09375  -0.503356
0  -0.561714
0.0625  -0.690616
0.125  -0.443882
0  -0.659828
-0.1875  -0.337405
0.15625  -0.354677
-0.21875  -0.58839
0  -0.393995
0.09375  -0.454086
0.03125  -0.674842
0.03125  -0.340581
0.0625  -0.452842
0  -0.305891
0.21875  -0.54698
-0.0625  -0.309664
0  -0.559504
0.28125  -0.402756
-0.125  -0.688875
-0.03125  -0.494614
0.125  -0.375032
-0.125  -0.492226
-0.1875  -0.460833
0.09375  -0.639989
0  -0.479622
-0.03125  -0.540305
-0.1875  -0.4615
-0.125  -0.526068
-0.1875  -0.532832
0.15625  -0.394808
0.15625  -0.220058
-0.1875  -0.425316
0.09375  -0.507455
-0.03125  -0.3576
0  -0.546932
0.0625  -0.426039
-0.1875  -0.479471
-0.03125  -0.17748
-0.09375  -0.55871
0.0625  -0.404345
-0.09375  -0.506554
0.03125  -0.420887
-0.03125  -0.506652
0.125  -0.579377
0.125  -0.574033
0.03125  -0.359911
0.09375  -0.689343
-0.125  -0.436825
-0.0625  -0.501689
-0.1875  -0.313997
0  -0.473071
-0.03125  -0.595557
0.09375  -0.654217
0  -0.633453
-0.1875  -0.554462
0.03125  -0.3954
0.09375  -0.545091
0.03125  -0.58767
-0.15625  -0.498064
-0.125  -0.572236
0.03125  -0.555688
-0.25  -0.64545
-0.1875  -0.544252
-0.28125  -0.519601
-0.125  -0.442411
0  -0.245366
0.125  -0.575281
0.03125  -0.548708
0.15625  -0.513271
-0.125  -0.593813
0  -0.441796
-0.09375  -0.452222
0.0625  -0.435278
-0.0625  -0.415028
0.09375  -0.336656
-0.125  -0.600757
0.15625  -0.394982
0  -0.495254
-0.15625  -0.674545
-0.15625  -0.630529
0  -0.543219
0  -0.474535
0.0625  -0.584884
-0.125  -0.4124
0.1875  -0.426915
-0.15625  -0.545322
-0.125  -0.486278
-0.03125  -0.562471
0.0625  -0.617695
-0.375  -0.313772
-0.125  -0.619958
0.28125  -0.316454
-0.03125  -0.607119
0.125  -0.751462
-0.0625  -0.32743
0.09375  -0.454929
-0.125  -0.498664
-0.1875  -0.545866
0.09375  -0.592822
-0.15625  -0.365057
-0.03125  -0.504587
0  -0.459064
0  -0.539305
0.1875  -0.453107
-0.03125  -0.524946
0.0625  -0.584451
0.25  -0.622906
-0.1875  -0.439512
0.09375  -0.537329
-0.03125  -0.494577
-0.03125  -0.351661
0  -0.699764
0.25  -0.68048
-0.0625  -0.542404
0.09375  -0.430706
-0.09375  -0.585678
0.09375  -0.475797
0  -0.505735
-0.15625  -0.41426
0  -0.552377
0.125  -0.463223
0.03125  -0.627722
0.03125  -0.47976
0.03125  -0.585752
-0.03125  -0.555619
-0.3125  -0.334012
0.09375  -0.554976
0  -0.734709
0.0625  -0.608734
-0.0625  -0.524697
0.09375  -0.324779
-0.125  -0.346148
0.0625  -0.417905
-0.03125  -0.47723
-0.09375  -0.433078
0.25  -0.439841
0.125  -0.492647
-0.1875  -0.380731
0  -0.592759
0.0625  -0.71254
0.09375  -0.661217
0.125  -0.565603
0.03125  -0.719898
0.0625  -0.631033
-0.09375  -0.576089
0.0625  -0.423037
-0.09375  -0.634683
0.0625  -0.55235
0.0625  -0.612682
-0.125  -0.732353
0.15625  -0.379886
-0.125  -0.420506
-0.03125  -0.553849
0  -0.431102
0.03125  -0.353271
0.03125  -0.236394
-0.0625  -0.572691
0.03125  -0.50179
-0.09375  -0.430287
0.03125  -0.607312
0.125  -0.380761
0.15625  -0.518346
-0.1875  -0.504836
0  -0.316103
0  -0.424872
0.1875  -0.528486
-0.25  -0.502292
-0.21875  -0.518477
0  -0.489427
0.15625  -0.393946
-0.03125  -0.530436
-0.1875  -0.51375
-0.0625  -0.472502
0  -0.283937
0.0625  -0.307292
-0.09375  -0.245422
0.1875  -0.474772
-0.125  -0.375902
0.125  -0.473778
-0.1875  -0.294969
-0.0625  -0.520402
-0.21875  -0.696033
-0.09375  -0.643429
-0.09375  -0.731379
-0.09375  -0.351737
-0.03125  -0.469541
-0.03125  -0.564093
0.0625  -0.408207
0.0625  -0.375453
-0.0625  -0.335458
0.03125  -0.372515
-0.15625  -0.823709
0.125  -0.521384
-0.03125  -0.507854
-0.09375  -0.538189
-0.21875  -0.702488
0.15625  -0.579513
0.0625  -0.696908
-0.125  -0.461829
-0.125  -0.401449
-0.125  -0.453552
0  -0.713589
0.15625  -0.543733
-0.125  -0.692619
0  -0.462391
0  -0.599227
-0.125  -0.444996
0.21875  -0.285102
0.25  -0.489969
-0.09375  -0.535298
0.0625  -0.479254
0.09375  -0.527712
0.09375  -0.804456
-0.125  -0.593678
0.125  -0.299002
-0.09375  -0.424345
-0.03125  -0.691098
-0.1875  -0.373283
-0.15625  -0.62792
-0.125  -0.497813
0.0625  -0.220968
0.03125  -0.510655
0.09375  -0.456033
0.1875  -0.450118
0.0625  -0.386424
-0.0625  -0.508608
0.28125  -0.271138
-0.21875  -0.576922
-0.09375  -0.447333
0.15625  -0.546809
0.21875  -0.400309
-0.09375  -0.438669
-0.25  -0.480139
0.125  -0.447502
0  -0.474773
0.09375  -0.518723
-0.03125  -0.464902
0.09375  -0.557868
0.09375  -0.504317
-0.1875  -0.531232
0.09375  -0.441456
-0.125  -0.532684
0  -0.709918
-0.0625  -0.528496
0  -0.532796
-0.03125  -0.600627
-0.09375  -0.504382
-0.15625  -0.591969
-0.09375  -0.354519
-0.09375  -0.500634
-0.25  -0.542765
-0.125  -0.432966
-0.09375  -0.417979
-0.03125  -0.577135
0.0625  -0.44276
0.1875  -0.424611
-0.09375  -0.425073
-0.03125  -0.603383
-0.3125  -0.644109
-0.09375  -0.322852
-0.28125  -0.490082
0.09375  -0.698886
0.03125  -0.380735
-0.03125  -0.483951
0.15625  -0.230934
-0.09375  -0.333942
0.15625  -0.392535
0.15625  -0.511256
-0.0625  -0.170789
0.25  -0.480038
0.0625  -0.285006
-0.09375  -0.600278
-0.03125  -0.51161
-0.0625  -0.549342
0.125  -0.47384
0  -0.599473
-0.03125  -0.560076
0.15625  -0.431162
-0.1875  -0.549627
0.28125  -0.51096
-0.09375  -0.355847
-0.125  -0.517537
-0.25  -0.46939
-0.125  -0.580422
-0.21875  -0.465334
0.15625  -0.625061
0.15625  -0.648468
0.21875  -0.682747
0.0625  -0.675263
-0.03125  -0.476464
0.21875  -0.464035
-0.03125  -0.232308
-0.03125  -0.599814
0.125  -0.546913
0  -0.636646
0.03125  -0.428391
0.125  -0.506141
0.21875  -0.609198
-0.125  -0.668643
-0.15625  -0.397439
-0.03125  -0.376929
0.0625  -0.638089
0.09375  -0.665737
-0.125  -0.455511
0.0625  -0.423739
-0.28125  -0.450448
-0.03125  -0.605628
-0.28125  -0.429871
-0.0625  -0.547993
-0.09375  -0.630159
-0.03125  -0.48442
-0.0625  -0.3016
0.15625  -0.3491
0.03125  -0.357676
0.1875  -0.406822
0.03125  -0.48435
0.0625  -0.392482
-0.15625  -0.732233
0  -0.630823
-0.0625  -0.481339
-0.1875  -0.630777
0.03125  -0.623817
0.125  -0.516579
-0.125  -0.609575
0.09375  -0.662107
0  -0.493187
-0.15625  -0.379266
0.15625  -0.622438
-0.15625  -0.496564
-0.03125  -0.466789
0.03125  -0.545323
-0.03125  -0.418923
0  -0.467537
-0.03125  -0.42568
0.03125  -0.357307
0.03125  -0.501518
-0.0625  -0.485023
0.09375  -0.580427
0.125  -0.531764
0.15625  -0.667591
0.0625  -0.657658
0.21875  -0.489023
0.25  -0.728076
0.1875  -0.663075
-0.03125  -0.698674
-0.03125  -0.505645
-0.09375  -0.420581
0.03125  -0.369542
0.03125  -0.432855
0.03125  -0.419983
-0.1875  -0.527699
-0.09375  -0.251774
-0.09375  -0.384612
-0.125  -0.635153
-0.1875  -0.364834
0.03125  -0.383016
-0.15625  -0.475093
0.03125  -0.301464
0.03125  -0.268145
0  -0.38309
0.0625  -0.453615
0.125  -0.46868
0.0625  -0.444584
0.09375  -0.402736
-0.21875  -0.53108
0  -0.395133
-0.28125  -0.586014
-0.09375  -0.640079
-0.15625  -0.525648
0.125  -0.432989
-0.15625  -0.111487
-0.09375  -0.527305
-0.125  -0.460503
-0.03125  -0.632803
-0.03125  -0.412585
0.03125  -0.506839
0.1875  -0.498078
-0.15625  -0.351963
0.0625  -0.496368
-0.09375  -0.44044
-0.15625  -0.47547
0.125  -0.418545
-0.0625  -0.534456
0.0625  -0.398181
0  -0.387912
0.0625  -0.614854
0.03125  -0.657732
0.09375  -0.660672
0.0625  -0.615534
-0.15625  -0.381576
0.03125  -0.577039
-0.03125  -0.278995
-0.28125  -0.701083
0  -0.646511
0.03125  -0.539411
0.15625  -0.582654
0.125  -0.417269
0.15625  -0.58009
0.28125  -0.558571
-0.0625  -0.608809
0.15625  -0.464851
-0.0625  -0.498649
0  -0.65444
0  -0.526941
-0.15625  -0.582493
-0.1875  -0.802805
0.125  -0.418045
-0.21875  -0.265181
0.03125  -0.503432
-0.03125  -0.669837
-0.4375  -0.425711
-0.0625  -0.533084
0  -0.575877
-0.21875  -0.243008
0.0625  -0.494668
0.125  -0.504986
-0.1875  -0.36835
0.09375  -0.497384
0.15625  -0.643257
-0.0625  -0.339402
-0.0625  -0.541583
0.09375  -0.506465
-0.03125  -0.537327
0.09375  -0.652533
-0.125  -0.397519
-0.09375  -0.467767
0.03125  -0.378671
0.1875  -0.517359
-0.03125  -0.257721
0.125  -0.365705
0.0625  -0.63247
-0.09375  -0.410327
-0.09375  -0.596483
0.0625  -0.544645
0.28125  -0.263292
0.1875  -0.406949
-0.0625  -0.548917
0.15625  -0.572382
-0.125  -0.593039
0.125  -0.456948
-0.0625  -0.350983
0.0625  -0.573446
-0.125  -0.489414
0  -0.433013
0.03125  -0.527298
0.0625  -0.71758
0.34375  -0.626569
0  -0.514017
0.0625  -0.612188
0.15625  -0.390455
0.03125  -0.746156
-0.03125  -0.356033
-0.03125  -0.285738
0.03125  -0.51468
0.125  -0.385992
0.03125  -0.434395
-0.03125  -0.442834
0.21875  -0.673627
0.09375  -0.521043
0.03125  -0.764015
-0.09375  -0.582468
0.0625  -0.590041
-0.0625  -0.522108
-0.1875  -0.514436
-0.03125  -0.562294
0.28125  -0.564664
-0.0625  -0.638619
-0.03125  -0.199685
0  -0.451478
-0.21875  -0.522052
0.125  -0.561601
0.125  -0.477664
0.03125  -0.503363
-0.0625  -0.54703
0.03125  -0.583426
-0.15625  -0.567055
0.15625  -0.503368
0.1875  -0.476046
0.1875  -0.670473
0.15625  -0.484768
0  -0.486077
-0.09375  -0.588616
-0.09375  -0.443658
0.03125  -0.636499
-0.125  -0.571212
0  -0.37797
0.03125  -0.685896
0.125  -0.496441
0.125  -0.545755
0.09375  -0.258248
0.0625  -0.659987
-0.25  -0.331514
0.03125  -0.574796
0.125  -0.532653
-0.0625  -0.648271
-0.125  -0.363367
-0.03125  -0.655262
-0.0625  -0.442407
-0.15625  -0.633424
-0.03125  -0.693699
0.0625  -0.513153
-0.03125  -0.537992
-0.03125  -0.584517
-0.03125  -0.612493
0  -0.573013
0.0625  -0.481308
0.25  -0.470088
0.03125  -0.600821
-0.1875  -0.474415
0.0625  -0.398641
-0.25  -0.483561
-0.0625  -0.492977
0.03125  -0.591991
0.3125  -0.664019
-0.03125  -0.574114
-0.03125  -0.549248
0.0625  -0.691546
-0.09375  -0.329342
-0.03125  -0.527083
0.0625  -0.347322
0  -0.453271
0.125  -0.28891
-0.375  -0.545608
-0.125  -0.459395
0.03125  -0.576434
0.0625  -0.454441
-0.09375  -0.38016
0.1875  -0.56732
-0.25  -0.574286
0.03125  -0.492538
-0.0625  -0.305997
0.125  -0.512296
0  -0.523372
0.375  -0.456165
0.0625  -0.538826
-0.34375  -0.720048
0  -0.338128
-0.0625  -0.651447
0.09375  -0.483263
-0.0625  -0.511807
0.03125  -0.553908
0.09375  -0.587997
0  -0.565191
-0.15625  -0.295063
-0.0625  -0.573759
0.15625  -0.524894
-0.09375  -0.514678
0.0625  -0.654096
0.1875  -0.345243
-0.09375  -0.389681
0.0625  -0.568923
0.03125  -0.584202
0.15625  -0.471253
-0.34375  -0.596078
-0.1875  -0.338983
-0.03125  -0.427464
-0.03125  -0.671021
-0.125  -0.375275
0.21875  -0.588575
0.03125  -0.403685
0  -0.282806
0.15625  -0.705845
-0.09375  -0.499985
0.03125  -0.414655
0  -0.514833
-0.09375  -0.526008
-0.03125  -0.493179
0.03125  -0.638106
0.125  -0.370148
-0.09375  -0.587205
0.03125  -0.371892
-0.0625  -0.467176
0.125  -0.635873
-0.125  -0.636196
-0.1875  -0.446874
-0.1875  -0.36142
0  -0.37566
-0.21875  -0.324471
0.1875  -0.545329
0.03125  -0.468072
0.0625  -0.554981
0.03125  -0.6546
-0.15625  -0.568224
-0.03125  -0.417799
-0.1875  -0.250544
0.0625  -0.533244
-0.0625  -0.626898
-0.03125  -0.563448
0.03125  -0.414141
0.0625  -0.332996
0.09375  -0.440611
0.375  -0.430451
-0.15625  -0.343382
0.0625  -0.486879
-0.0625  -0.474295
0  -0.501749
0.25  -0.257277
0.15625  -0.158457
