0.21875  0.152038
-0.125  -0.369105
0.09375  -0.515746
-0.125  -0.517978
0  -0.231395
-0.03125  -0.532397
-0.1875  -0.445932
-0.0625  -0.414949
-0.0625  -0.497413
-0.21875  -0.545377
0.1875  -0.405926
0.09375  -0.50416
0.0625  -0.441957
0.09375  -0.512231
-0.09375  -0.578116
0.03125  -0.484777
0  -0.355896
0  -0.257093
0.09375  -0.453429
0.125  -0.39476
-0.125  -0.424866
0.09375  -0.341626
0.03125  -0.308734
0.03125  -0.422376
0.0625  -0.470496
0  -0.482925
-0.0625  -0.422652
-0.125  -0.703669
0.0625  -0.353321
0.15625  -0.652277
0.03125  -0.528944
-0.1875  -0.521104
0.0625  -0.506266
0  -0.381373
-0.09375  -0.547352
-0.25  -0.54007
0.25  -0.480658
0.03125  -0.517771
-0.21875  -0.339212
-0.0625  -0.305612
-0.0625  -0.508811
0.125  -0.359296
0  -0.615848
-0.0625  -0.473863
-0.25  -0.337747
0  -0.525859
-0.125  -0.435584
-0.15625  -0.520919
0.09375  -0.477268
0.0625  -0.378231
0.25  -0.298814
0.03125  -0.289466
-0.15625  -0.246288
-0.0625  -0.613368
0.15625  -0.278032
-0.1875  -0.52515
-0.0625  -0.517812
-0.09375  -0.270636
0.15625  -0.605077
0.03125  -0.370232
-0.0625  -0.442006
-0.0625  -0.516522
0  -0.58503
-0.0625  -0.748867
0.0625  -0.519704
-0.09375  -0.42914
-0.3125  -0.368366
0.125  -0.392811
0  -0.407431
0.03125  -0.407225
-0.1875  -0.605862
-0.0625  -0.471434
-0.1875  -0.476085
-0.03125  -0.367169
0.15625  -0.489855
0  -0.418148
0.09375  -0.379655
0.0625  -0.517358
-0.28125  -0.479089
0.1875  -0.376616
0.09375  -0.515312
-0.25  -0.532546
0.03125  -0.369084
0.09375  -0.497297
0.15625  -0.570377
0.0625  -0.518433
-0.125  -0.453558
0.09375  -0.559146
-0.09375  -0.474546
-0.1875  -0.537968
0.1875  -0.577774
0  -0.508375
-0.03125  -0.42653
0.15625  -0.445496
-0.28125  -0.226511
-0.0625  -0.55358
0.125  -0.515516
-0.21875  -0.556612
0.03125  -0.531325
0  -0.534598
0.03125  -0.44218
-0.125  -0.535541
-0.09375  -0.52689
-0.125  -0.657475
0  -0.459837
-0.03125  -0.484351
0  -0.548968
0.0625  -0.613457
0.0625  -0.141963
0.15625  -0.393984
0.21875  -0.428279
-0.03125  -0.543689
-0.21875  -0.389991
-0.03125  -0.468601
0.15625  -0.543133
0.21875  -0.678255
0.0625  -0.532599
0.15625  -0.494661
0.03125  -0.240583
0.25  -0.372417
-0.0625  -0.558377
-0.21875  -0.240862
0.09375  -0.345603
-0.0625  -0.484193
0.03125  -0.592723
0.03125  -0.546112
0.125  -0.307966
0.09375  -0.509142
0.03125  -0.555422
0  -0.587676
-0.125  -0.600605
0.09375  -0.501104
-0.1875  -0.588354
0.125  -0.551396
0.25  -0.3085
-0.0625  -0.586942
0  -0.562132
0.0625  -0.633167
0.125  -0.448008
0.0625  -0.279144
0.1875  -0.586887
0  -0.395851
0.03125  -0.496183
-0.03125  -0.541526
0.1875  -0.527196
-0.0625  -0.412562
-0.03125  -0.541971
0.125  -0.387153
0.09375  -0.454552
-0.1875  -0.543936
0.03125  -0.433701
-0.15625  -0.400611
0  -0.649841
0  -0.44683
0  -0.703606
0.25  -0.420897
0.0625  -0.411703
0  -0.483288
0  -0.395392
0.09375  -0.473653
0.09375  -0.659248
0.125  -0.583338
-0.03125  -0.416965
-0.03125  -0.572154
-0.03125  -0.366784
0.28125  -0.37605
-0.09375  -0.389616
-0.03125  -0.054673
-0.1875  -0.480525
-0.125  -0.34984
-0.0625  -0.615164
0.09375  -0.489933
0.28125  -0.3573
-0.03125  -0.430527
0.125  -0.471661
0  -0.724476
0.25  -0.463648
0.125  -0.237754
0  -0.610854
-0.0625  -0.518806
-0.03125  -0.37329
-0.0625  -0.578074
-0.25  -0.421678
-0.125  -0.334114
0.125  -0.504598
-0.03125  -0.357194
0.1875  -0.426148
0.0625  -0.464348
-0.1875  -0.589007
0.25  -0.608486
-0.1875  -0.5453
0.28125  -0.487034
-0.0625  -0.541116
0.03125  -0.518197
0.1875  -0.555619
-0.03125  -0.302247
-0.28125  -0.502272
0.03125  -0.452163
0  -0.587481
-0.125  -0.546649
0  -0.276897
-0.09375  -0.491408
-0.125  -0.252179
-0.0625  -0.411973
0.09375  -0.60083
-0.03125  -0.424325
0.0625  -0.530695
0  -0.241274
-0.09375  -0.380999
-0.03125  -0.501741
0.03125  -0.321909
0.0625  -0.34978
0.125  -0.216479
0.125  -0.623495
-0.09375  -0.502136
0.03125  -0.25709
-0.09375  -0.420533
0.03125  -0.470748
0.125  -0.416183
-0.125  -0.357206
0.09375  -0.618132
-0.0625  -0.483927
-0.09375  -0.422842
0.09375  -0.490425
0.1875  -0.486669
-0.125  -0.456934
-0.15625  -0.495949
0.0625  -0.669618
-0.25  -0.588021
-0.03125  -0.498169
-0.125  -0.491703
-0.03125  -0.482336
-0.0625  -0.495961
-0.15625  -0.360173
0  -0.268605
0.15625  -0.373261
0.0625  -0.249741
-0.0625  -0.365581
0.03125  -0.605202
0.03125  -0.520064
-0.15625  -0.500098
-0.3125  -0.601018
-0.09375  -0.331681
-0.125  -0.660747
0.15625  -0.437472
-0.3125  -0.575236
-0.0625  -0.47204
-0.09375  -0.266475
-0.03125  -0.433068
0.125  -0.478224
0  -0.490002
-0.09375  -0.467137
0.28125  -0.315064
-0.09375  -0.566629
-0.03125  -0.618817
0.09375  -0.545313
-0.125  -0.303484
0.0625  -0.43453
-0.03125  -0.514638
0.09375  -0.645571
0.03125  -0.562031
0  -0.514649
-0.15625  -0.548572
-0.0625  -0.540892
-0.0625  -0.331589
0.0625  -0.676521
0.03125  -0.459746
-0.0625  -0.35415
-0.03125  -0.428828
0.0625  -0.517187
0  -0.372083
-0.125  -0.380192
-0.1875  -0.481784
0.09375  -0.436238
0.21875  -0.598223
-0.1875  -0.305493
-0.0625  -0.346305
-0.0625  -0.476736
0  -0.483455
0.25  -0.561386
-0.125  -0.23658
-0.0625  -0.439639
-0.125  -0.352961
0.1875  -0.602334
0.0625  -0.285134
-0.125  -0.684626
-0.21875  -0.49406
0.125  -0.496344
-0.25  -0.303489
0.15625  -0.563526
-0.15625  -0.469996
0.0625  -0.491309
-0.125  -0.351182
0.21875  -0.484897
0.25  -0.435007
0.21875  -0.38712
-0.03125  -0.357762
0.25  -0.604617
0.21875  -0.555216
0.21875  -0.621778
0.03125  -0.208464
-0.1875  -0.470706
-0.0625  -0.396422
-0.1875  -0.572198
0.09375  -0.497209
-0.125  -0.636618
-0.03125  -0.453342
0.15625  -0.531647
0.125  -0.368267
0.09375  -0.338326
0.125  -0.464476
-0.03125  -0.676598
0  -0.402927
-0.09375  -0.473212
0.09375  -0.43179
-0.09375  -0.602132
-0.0625  -0.373124
-0.09375  -0.492854
0  -0.506789
-0.21875  -0.502194
0.1875  -0.620725
0.21875  -0.659884
0  -0.356194
0.1875  -0.588755
0.0625  -0.482003
-0.21875  -0.313771
-0.09375  -0.525188
0.03125  -0.530579
0.125  -0.470174
0  -0.488894
0.125  -0.433806
0  -0.60094
-0.125  -0.57714
0.09375  -0.558296
0.15625  -0.67731
-0.09375  -0.53039
-0.0625  -0.49476
0.09375  -0.293197
-0.09375  -0.512873
0.09375  -0.531316
-0.125  -0.546609
-0.03125  -0.331432
-0.15625  -0.380386
0.03125  -0.545719
0.0625  -0.507829
0.15625  -0.613811
-0.125  -0.348401
-0.0625  -0.490543
-0.03125  -0.523222
-0.0625  -0.560987
-0.0625  -0.406072
0.03125  -0.431163
-0.0625  -0.384534
-0.09375  -0.413302
0  -0.243304
0.03125  -0.485996
0.25  -0.32728
0.09375  -0.54984
0.09375  -0.567961
0.09375  -0.274945
0  -0.521987
-0.09375  -0.561839
0.09375  -0.649365
0.0625  -0.28335
-0.03125  -0.513632
-0.03125  -0.286591
-0.03125  -0.380322
0  -0.3215
0.0625  -0.343606
0.03125  -0.466109
-0.28125  -0.639197
0.03125  -0.559115
0.0625  -0.462261
-0.09375  -0.407906
0.0625  -0.504414
0.34375  -0.439771
0  -0.337438
-0.03125  -0.56186
-0.25  -0.331573
0.0625  -0.571014
0.15625  -0.543835
0.0625  -0.477212
0.15625  -0.4393
-0.1875  -0.384261
0.03125  -0.549103
-0.0625  -0.579003
0  -0.430783
-0.03125  -0.371691
-0.21875  -0.47919
-0.0625  -0.229186
0.03125  -0.358328
-0.03125  -0.399389
0.15625  -0.167598
0.09375  -0.523746
0.125  -0.341187
-0.09375  -0.317815
-0.3125  -0.224598
0.09375  -0.516855
-0.21875  -0.514804
-0.09375  -0.269967
-0.0625  -0.506617
-0.09375  -0.529975
-0.09375  -0.525703
0.03125  -0.169006
0.15625  -0.517769
0.0625  -0.621396
-0.0625  -0.536811
0  -0.408833
0.15625  -0.480538
0.03125  -0.437223
0.15625  -0.53066
0.0625  -0.413553
0.15625  -0.569841
-0.1875  -0.357053
-0.03125  -0.516084
0  -0.43254
0.21875  -0.407461
0  -0.357547
-0.125  -0.446369
-0.125  -0.42617
0.0625  -0.362632
-0.03125  -0.650415
0.0625  -0.291936
-0.0625  -0.499031
0.25  -0.357129
0.0625  -0.634087
0.03125  -0.636706
0.125  -0.426184
-0.125  -0.466888
0.09375  -0.451996
-0.21875  -0.630713
0  -0.278178
0.125  -0.444982
0  -0.421525
0.21875  -0.761377
-0.15625  -0.485431
0.25  -0.534041
0.15625  -0.510728
0.125  -0.42728
-0.03125  -0.387959
-0.15625  -0.256383
0.09375  -0.441807
-0.0625  -0.348246
0.0625  -0.444313
-0.03125  -0.449015
0  -0.28194
-0.03125  -0.543582
0.125  -0.469975
-0.09375  -0.28245
0.21875  -0.531889
-0.09375  -0.577488
-0.21875  -0.488568
0.03125  -0.295396
-0.09375  -0.476987
0.21875  -0.431634
-0.125  -0.29475
0  -0.552035
-0.25  -0.451998
0  -0.576744
0  -0.570622
-0.15625  -0.399407
0  -0.263628
0.21875  -0.682574
0.15625  -0.446477
0.09375  -0.482656
-0.1875  -0.267654
-0.21875  -0.186231
0  -0.613078
0.03125  -0.489853
-0.03125  -0.435976
-0.03125  -0.517756
-0.25  -0.456086
0  -0.261051
0  -0.314681
-0.1875  -0.607237
0.125  -0.336992
-0.1875  -0.5069
-0.09375  -0.539629
-0.03125  -0.281452
-0.125  -0.590664
-0.0625  -0.513826
0.125  -0.388924
-0.03125  -0.495767
-0.15625  -0.394227
0.125  -0.663896
-0.15625  -0.479944
-0.15625  -0.369585
0.03125  -0.589977
-0.03125  -0.428809
0.125  -0.453558
0.0625  -0.469181
0.09375  -0.540605
0.0625  -0.628307
0.0625  -0.463598
-0.125  -0.512783
-0.0625  -0.425263
0.15625  -0.514134
-0.125  -0.239623
0  -0.565786
-0.09375  -0.266977
0.03125  -0.188829
0.03125  -0.468013
0.1875  -0.371833
-0.0625  -0.560859
-0.125  -0.352644
-0.09375  -0.501579
0.03125  -0.490508
-0.125  -0.364337
-0.125  -0.310247
0.15625  -0.309912
-0.0625  -0.573945
0.28125  -0.409244
0.125  -0.44598
0.03125  -0.547457
0  -0.615195
-0.0625  -0.546596
0.03125  -0.583944
0.03125  -0.411639
0.21875  -0.639568
0.1875  -0.705172
0.0625  -0.432651
0  -0.631609
0  -0.435647
0  -0.476375
0.03125  -0.53617
-0.03125  -0.48884
0.125  -0.415087
0.0625  -0.567592
-0.0625  -0.491465
-0.03125  -0.618865
0.0625  -0.459648
0.0625  -0.433533
0.09375  -0.447231
0.03125  -0.320471
-0.15625  -0.483846
0.1875  -0.546503
-0.03125  -0.561856
0.15625  -0.369278
-0.3125  -0.424935
0.25  -0.567961
0.03125  -0.379793
0.0625  -0.530457
0  -0.287249
0.09375  -0.397521
0.125  -0.571156
-0.03125  -0.338469
0.125  -0.507449
-0.09375  -0.730558
-0.21875  -0.429302
0.21875  -0.346429
0.0625  -0.552882
-0.21875  -0.611988
-0.09375  -0.433619
0  -0.626131
0.09375  -0.46789
-0.1875  -0.629758
0.09375  -0.235753
0.09375  -0.506134
0.21875  -0.48407
0.0625  -0.336913
-0.03125  -0.329274
0.0625  -0.688696
0.09375  -0.475213
0.03125  -0.617536
0.03125  -0.452283
-0.03125  -0.405901
-0.09375  -0.503296
0  -0.523401
0.15625  -0.624315
0.0625  -0.646184
-0.21875  -0.669114
0.21875  -0.667265
-0.15625  -0.347158
0.15625  -0.553725
0  -0.557003
0.03125  -0.250953
0.15625  -0.487298
-0.21875  -0.500905
0.0625  -0.528728
0.0625  -0.392772
-0.15625  -0.482266
-0.125  -0.442302
0.0625  -0.512758
0.0625  -0.321387
-0.34375  -0.464484
0.03125  -0.485172
0.0625  -0.273302
-0.15625  -0.319582
-0.1875  -0.519868
0.09375  -0.622188
0  -0.165832
-0.03125  -0.667432
-0.03125  -0.733574
0.03125  -0.576215
-0.03125  -0.387075
0.09375  -0.330167
0.125  -0.497021
-0.03125  -0.40696
-0.09375  -0.424564
0.15625  -0.529445
0.21875  -0.482815
0  -0.300354
0  -0.483543
-0.03125  -0.514764
0.0625  -0.632168
-0.125  -0.607287
0  -0.515728
-0.21875  -0.277762
0  -0.469853
-0.125  -0.506262
-0.0625  -0.536636
0.1875  -0.392291
0.03125  -0.311969
-0.21875  -0.519028
-0.03125  -0.468015
0.21875  -0.521676
-0.125  -0.36075
-0.03125  -0.649763
0.125  -0.469607
0.03125  -0.785312
0  -0.439046
0.1875  -0.439313
0  -0.495874
-0.1875  -0.100061
0.03125  -0.627902
-0.09375  -0.21251
0.28125  -0.514392
-0.125  -0.571046
-0.15625  -0.32636
0.0625  -0.534291
0.0625  -0.556197
-0.0625  -0.728812
0.125  -0.533273
-0.15625  -0.374734
-0.21875  -0.456546
-0.21875  -0.386841
-0.125  -0.498475
0.15625  -0.471718
-0.125  -0.576912
-0.03125  -0.278466
0  -0.613752
-0.0625  -0.375182
0.03125  -0.469237
0.21875  -0.431648
0.0625  -0.654433
0.03125  -0.598729
0.1875  -0.421666
-0.0625  -0.286914
0.0625  -0.560468
-0.1875  -0.467749
-0.0625  -0.560785
-0.09375  -0.502902
0.125  -0.49334
0.03125  -0.570997
0.125  -0.51018
0.09375  -0.367479
0.09375  -0.40523
-0.0625  -0.40114
-0.03125  -0.685819
0.03125  -0.413115
0.03125  -0.655629
-0.09375  -0.562714
0.125  -0.498514
-0.03125  -0.566214
-0.125  -0.287762
-0.1875  -0.545769
0.0625  -0.772421
-0.1875  -0.402705
0.03125  -0.343148
-0.0625  -0.525699
0.125  -0.392992
0.21875  -0.268997
-0.125  -0.473086
0.125  -0.389546
0.15625  -0.387297
-0.0625  -0.436308
0.1875  -0.607838
-0.25  -0.344957
0.0625  -0.328421
0  -0.318517
0.0625  -0.373803
0.09375  -0.667722
-0.09375  -0.536243
-0.09375  -0.509483
-0.03125  -0.459732
-0.125  -0.467409
-0.03125  -0.531441
0.28125  -0.304211
0.1875  -0.215711
-0.0625  -0.434412
0.15625  -0.438692
0.15625  -0.548879
0.1875  -0.551358
0.15625  -0.564812
-0.21875  -0.473598
0.03125  -0.252443
-0.0625  -0.316374
0.1875  -0.372133
0.21875  -0.574263
-0.03125  -0.515383
-0.15625  -0.315406
-0.15625  -0.444006
-0.15625  -0.437343
-0.125  -0.613987
-0.0625  -0.725805
-0.125  -0.466915
-0.0625  -0.434416
-0.0625  -0.452503
-0.3125  -0.429169
-0.1875  -0.644038
-0.125  -0.554649
0.03125  -0.414694
0  -0.344925
0  -0.302971
-0.125  -0.46886
0.0625  -0.195109
0.28125  -0.410645
-0.125  -0.475373
-0.0625  -0.507616
0.1875  -0.452741
-0.03125  -0.633202
0.125  -0.481324
-0.03125  -0.507724
0.09375  -0.443176
0.15625  -0.26137
-0.25  -0.520899
-0.125  -0.567335
0.21875  -0.24815
0.125  -0.62486
-0.09375  -0.417499
0.125  -0.575213
-0.03125  -0.397064
-0.125  -0.553802
0.0625  -0.429504
-0.03125  -0.448715
-0.125  -0.552529
0.09375  -0.352467
-0.21875  -0.531731
0.03125  -0.511603
0  -0.523722
-0.21875  -0.68403
-0.09375  -0.611581
0.03125  -0.364387
-0.125  -0.500667
-0.21875  -0.570634
-0.125  -0.583365
-0.125  -0.417479
0.09375  -0.184101
0.03125  -0.458896
0.125  -0.546095
0  -0.373193
0.15625  -0.422448
0.3125  -0.283056
-0.15625  -0.373226
-0.15625  -0.679596
0  -0.467598
0.125  -0.461995
0.03125  -0.489043
-0.21875  -0.575152
0.1875  -0.47029
-0.09375  -0.521317
0.09375  -0.478941
0.09375  -0.438666
0.09375  -0.487957
-0.0625  -0.627961
-0.03125  -0.443709
0  -0.295731
0.15625  -0.335444
-0.1875  -0.293219
0.09375  -0.419475
-0.25  -0.407968
0.0625  -0.27704
0.0625  -0.328868
0.03125  -0.523871
0.15625  -0.531425
-0.125  -0.22511
-0.09375  -0.513202
-0.03125  -0.0206979
0.03125  -0.528674
-0.03125  -0.497555
0.0625  -0.28563
0.1875  -0.402331
0.03125  -0.353092
-0.09375  -0.608714
-0.125  -0.502587
-0.03125  -0.531853
-0.125  -0.614405
-0.21875  -0.353033
0.03125  -0.720722
-0.0625  -0.59673
-0.09375  -0.36328
0  -0.34121
-0.0625  -0.62762
-0.03125  -0.658502
0.125  -0.377372
-0.09375  -0.566712
0.03125  -0.511669
0.0625  -0.559211
0.09375  -0.536353
-0.1875  -0.515844
-0.1875  -0.39065
0  -0.585582
-0.125  -0.491442
-0.1875  -0.570107
0  -0.619201
-0.03125  -0.450803
0  -0.416221
0.09375  -0.738289
-0.0625  -0.367197
-0.0625  -0.326354
-0.15625  -0.527498
-0.03125  -0.672333
-0.09375  -0.485282
-0.03125  -0.318773
-0.09375  -0.625437
-0.0625  -0.548722
-0.1875  -0.381402
0  -0.297772
-0.09375  -0.194556
0.09375  -0.504123
0.125  -0.679815
-0.03125  -0.3815
-0.125  -0.485791
-0.0625  -0.478517
0  -0.471969
-0.25  -0.497828
0.125  -0.534302
-0.28125  -0.527013
0.0625  -0.38252
-0.0625  -0.388133
-0.03125  -0.595032
-0.15625  -0.588998
0.125  -0.481444
-0.09375  -0.492115
-0.03125  -0.548774
-0.25  -0.667504
0.03125  -0.416409
-0.21875  -0.450647
0.0625  -0.655246
0.0625  -0.615176
0.15625  -0.387455
-0.0625  -0.467636
0.125  -0.4361
0.1875  -0.302108
-0.1875  -0.456582
0.0625  -0.45066
0  -0.425176
0.09375  -0.507146
0.0625  -0.55813
-0.15625  -0.217026
-0.21875  -0.520626
0  -0.499457
-0.25  -0.475203
-0.03125  -0.38663
-0.15625  -0.343505
-0.3125  -0.525979
-0.03125  -0.269888
0.21875  -0.248379
-0.21875  -0.387353
-0.15625  -0.349361
-0.03125  -0.487208
-0.0625  -0.550028
-0.125  -0.257486
-0.0625  -0.739522
0.03125  -0.63118
0  -0.522399
0.25  -0.650389
0.125  -0.478394
-0.03125  -0.519824
-0.21875  -0.615866
0  -0.561748
-0.03125  -0.586207
-0.0625  -0.443273
-0.0625  -0.38859
-0.28125  -0.467195
0.09375  -0.359295
0.0625  -0.434964
0.03125  -0.53615
-0.03125  -0.376177
0.03125  -0.418133
0.25  -0.454648
-0.0625  -0.491404
0.1875  -0.585109
0.25  -0.471803
0.0625  -0.632544
0.0625  -0.589026
-0.125  -0.660705
-0.125  -0.35069
-0.28125  -0.400776
-0.03125  -0.43403
0.03125  -0.396239
-0.15625  -0.296409
-0.0625  -0.583896
-0.1875  -0.46106
-0.0625  -0.385078
0.0625  -0.411093
0.1875  -0.527035
0.09375  -0.454994
-0.0625  -0.550124
0.03125  -0.6242
0.0625  -0.542779
-0.03125  -0.517491
-0.21875  -0.573402
-0.03125  -0.407481
0.03125  -0.561925
-0.0625  -0.463679
0.125  -0.493778
-0.125  -0.69834
0.21875  -0.421134
-0.09375  -0.422476
0.125  -0.511185
0.125  -0.480722
0.03125  -0.244736
0.0625  -0.470487
-0.1875  -0.461641
-0.03125  -0.63082
0.0625  -0.433115
0.0625  -0.503713
0.03125  -0.671921
-0.125  -0.585307
0.15625  -0.520849
0.09375  -0.469126
-0.1875  -0.682464
-0.21875  -0.510222
-0.28125  -0.217383
-0.0625  -0.506468
0  -0.615703
0.0625  -0.309618
0.34375  -0.453684
0.0625  -0.625634
-0.03125  -0.651974
0  -0.590201
-0.1875  -0.413765
0.0625  -0.53504
-0.03125  -0.435303
0.125  -0.498728
-0.15625  -0.66844
0.125  -0.457122
0.09375  -0.454326
-0.03125  -0.48032
0.09375  -0.600085
-0.09375  -0.404348
-0.09375  -0.444897
0  -0.518472
0.21875  -0.450657
0.21875  -0.481031
-0.0625  -0.714003
0  -0.350085
-0.125  -0.493238
-0.25  -0.455493
0.0625  -0.291455
-0.3125  -0.520841
-0.15625  -0.424513
0  -0.479448
-0.09375  -0.569989
-0.03125  -0.405841
0.0625  -0.456156
-0.0625  -0.404551
0.09375  -0.427715
0.125  -0.508125
-0.09375  -0.69584
0.15625  -0.645379
-0.09375  -0.270643
0.125  -0.471966
0.09375  -0.648548
0.1875  -0.30015
-0.125  -0.349659
0.09375  -0.702219
0.03125  -0.459011
-0.15625  -0.617684
0.125  -0.61603
0.09375  -0.521272
0.34375  -0.50302
-0.21875  -0.604018
0.15625  -0.506056
-0.21875  -0.537638
-0.0625  -0.403777
0  -0.543046
-0.09375  -0.484674
-0.0625  -0.582704
0.125  -0.357108
-0.21875  -0.521187
0.21875  -0.658123
0.15625  -0.452735
0.09375  -0.514899
0  -0.435402
0  -0.539229
0.09375  -0.355506
0.09375  -0.241116
-0.03125  -0.54091
-0.125  -0.64006
-0.0625  -0.516309
-0.03125  -0.4313
0  -0.539641
-0.09375  -0.639415
0.09375  -0.372625
0.0625  -0.620216
-0.0625  -0.505002
-0.0625  -0.573818
0.15625  -0.585001
-0.09375  -0.496007
0.0625  -0.485376
0.0625  -0.46925
0.03125  -0.536282
-0.125  -0.571932
0.09375  -0.68022
0.125  -0.724431
-0.0625  -0.436006
-0.0625  -0.542224
0  -0.51125
-0.21875  -0.583239
-0.03125  -0.391763
-0.375  -0.429681
0.125  -0.32957
-0.0625  -0.408973
0.09375  -0.453104
0.15625  -0.411643
0  -0.563377
-0.125  -0.593371
0.15625  -0.472406
0.0625  -0.345295
-0.15625  -0.380315
0.21875  -0.554936
-0.09375  -0.671475
0.0625  -0.615205
-0.0625  -0.3229
0  -0.501393
-0.03125  -0.548856
-0.03125  -0.369546
-0.03125  -0.606113
0.15625  -0.632767
0.0625  -0.493446
-0.21875  -0.544224
0.09375  -0.41957
0.125  -0.496662
-0.0625  -0.398966
-0.0625  -0.507826
0.0625  -0.472591
-0.125  -0.435475
-0.28125  -0.588247
0.15625  -0.648069
-0.09375  -0.631832
-0.125  -0.616106
0.125  -0.593769
-0.25  -0.339578
0.03125  -0.506335
-0.0625  -0.576068
0.09375  -0.668809
0.03125  -0.359594
-0.28125  -0.374684
-0.1875  -0.535285
-0.03125  -0.182377
0  -0.27441
-0.09375  -0.478104
-0.03125  -0.567463
0.1875  -0.62533
0.15625  -0.402996
0.0625  -0.493599
0.03125  -0.493427
-0.25  -0.599146
-0.125  -0.428445
-0.21875  -0.419588
-0.03125  -0.59416
0.15625  -0.50501
0.09375  -0.29007
0.03125  -0.552771
-0.25  -0.483242
0.375  -0.512973
0.0625  -0.330715
-0.0625  -0.501044
0.03125  -0.465989
0.1875  -0.641963
-0.09375  -0.413502
0.09375  -0.388939
-0.125  -0.426286
-0.09375  -0.455295
0  -0.499336
-0.09375  -0.484291
0.15625  -0.588897
0.21875  -0.383093
-0.21875  -0.512647
0.03125  -0.571197
-0.21875  -0.583663
-0.03125  -0.621579
0.125  -0.553141
-0.34375  -0.56912
-0.03125  -0.421489
-0.09375  -0.728239
0.0625  -0.495868
0.1875  -0.476435
-0.25  -0.446529
-0.1875  -0.506104
0  -0.590246
-0.03125  -0.509736
-0.125  -0.686059
-0.15625  -0.491996
-0.03125  -0.288838
0.21875  -0.451664
0.125  -0.485558
0.0625  -0.584739
0.1875  -0.566843
-0.03125  -0.484481
0.03125  -0.296745
-0.09375  -0.476431
-0.09375  -0.608835
0.03125  -0.420664
0  -0.462815
-0.125  -0.521212
-0.0625  -0.512492
0  -0.481737
0  -0.583427
0.0625  -0.375846
-0.03125  -0.387703
0.15625  -0.309957
0.03125  -0.495701
0.09375  -0.511742
0.21875  -0.582633
-0.21875  -0.500429
-0.09375  -0.549259
-0.03125  -0.675087
-0.03125  -0.632117
0.09375  -0.601667
-0.03125  -0.472968
0.0625  -0.506433
0.0625  -0.589581
0.125  -0.651442
0.03125  -0.420612
0.0625  -0.417531
0.03125  -0.495985
0.0625  -0.461557
0.09375  -0.478147
-0.03125  -0.264263
0.0625  -0.418697
0  -0.294732
0.03125  -0.378448
0.15625  -0.425337
-0.125  -0.518638
0.15625  -0.516374
-0.125  -0.452349
0  -0.484155
-0.03125  -0.675166
-0.125  -0.281982
0.03125  -0.261801
-0.125  -0.576216
0  -0.314673
-0.03125  -0.349548
-0.1875  -0.511437
-0.03125  -0.356472
0.0625  -0.519772
0.15625  -0.626221
-0.1875  -0.403244
-0.1875  -0.708498
0.1875  -0.5189
0.0625  -0.274132
0.15625  -0.500531
-0.25  -0.633592
-0.125  -0.51582
0.1875  -0.726717
0.3125  -0.468072
-0.15625  -0.479597
-0.0625  -0.629828
0.15625  -0.387601
-0.03125  -0.430138
0.0625  -0.513073
-0.03125  -0.580396
-0.09375  -0.479787
0  -0.421427
0.375  -0.703837
-0.25  -0.378194
0.0625  -0.532207
0.1875  -0.486893
-0.125  -0.530268
-0.03125  -0.518209
0.0625  -0.578758
-0.0625  -0.484726
-0.0625  -0.385175
0.0625  -0.686731
-0.0625  -0.462772
0  -0.31596
0.28125  -0.555808
-0.21875  -0.608802
0.0625  -0.384964
0.0625  -0.607431
0.09375  -0.393905
0.1875  -0.415064
-0.09375  -0.161798
0.125  -0.456617
0  -0.378853
-0.09375  -0.480493
0.09375  -0.269995
-0.03125  -0.534577
-0.1875  -0.450916
-0.15625  -0.617526
-0.28125  -0.434365
0.03125  -0.677932
0.1875  -0.597703
-0.03125  -0.504288
0.125  -0.393907
0.09375  -0.461769
0  -0.474886
0.1875  -0.624797
-0.09375  -0.550433
-0.28125  -0.7563
0.125  -0.243239
-0.15625  -0.417764
-0.15625  -0.647031
0.125  -0.50415
-0.125  -0.629238
0.1875  -0.622621
-0.125  -0.301455
-0.125  -0.481895
0.09375  -0.277318
-0.28125  -0.453892
-0.03125  -0.563244
0.125  -0.612042
0.3125  -0.293325
-0.09375  -0.303346
0  -0.315427
0.0625  -0.527276
-0.03125  -0.496647
-0.03125  -0.228155
-0.03125  -0.271502
-0.0625  -0.480421
0.09375  -0.379339
-0.15625  -0.256898
-0.09375  -0.40212
0  -0.30353
-0.40625  -0.378441
-0.1875  -0.398154
-0.0625  -0.453777
-0.03125  -0.517318
0  -0.545878
-0.125  -0.366294
-0.0625  -0.629485
0.125  -0.427776
0.15625  -0.588877
0.0625  -0.524871
0.125  -0.358229
0.09375  -0.411498
-0.0625  -0.318372
0.09375  -0.385636
-0.03125  -0.392711
0.125  -0.63471
0.0625  -0.420359
-0.03125  -0.465589
0.0625  -0.48797
0.0625  -0.422772
0.09375  -0.351203
-0.15625  -0.674043
-0.03125  -0.429581
0.0625  -0.251187
0.03125  -0.608916
0.1875  -0.588699
-0.34375  -0.417119
-0.125  -0.497964
0.09375  -0.560553
0.09375  -0.402816
-0.03125  -0.563096
-0.09375  -0.360063
-0.125  -0.353703
0.03125  -0.504914
-0.03125  -0.43676
0.03125  -0.626415
0.125  -0.471349
0.125  -0.335911
0.09375  -0.512331
-0.125  -0.4682
0.0625  -0.49501
-0.0625  -0.48204
0.09375  -0.398896
-0.03125  -0.480471
0.1875  -0.58229
0.15625  -0.433058
0.0625  -0.534203
0.0625  -0.421202
-0.125  -0.386344
-0.03125  -0.54324
-0.25  -0.538404
-0.25  -0.338875
0.03125  -0.421186
0.21875  -0.54998
-0.03125  -0.687921
-0.0625  -0.504484
-0.15625  -0.357609
0.03125  -0.387675
-0.09375  -0.543448
-0.0625  -0.575345
0.125  -0.68773
0.0625  -0.55008
-0.03125  -0.526217
-0.03125  -0.569881
-0.09375  -0.509285
-0.125  -0.452645
-0.125  -0.428021
-0.0625  -0.555049
-0.03125  -0.471408
-0.03125  -0.396118
-0.21875  -0.47759
-0.09375  -0.464153
-0.03125  -0.433264
-0.09375  -0.458972
-0.1875  -0.41899
0.03125  -0.666065
0.125  -0.288549
0.03125  -0.343759
-0.125  -0.355398
-0.125  -0.388757
-0.09375  -0.411427
0  -0.471578
-0.0625  -0.58316
0.03125  -0.619996
-0.0625  -0.628136
-0.25  -0.500002
0.0625  -0.544931
-0.0625  -0.62391
0.09375  -0.542259
0.1875  -0.342179
0.03125  -0.32906
0.03125  -0.414436
-0.09375  -0.489261
0.0625  -0.277921
0.09375  -0.618361
-0.1875  -0.50189
-0.125  -0.361086
-0.09375  -0.250416
-0.09375  -0.495511
-0.09375  -0.313022
-0.03125  -0.585346
-0.125  -0.420968
-0.15625  -0.613414
-0.03125  -0.523043
0.09375  -0.487832
0.0625  -0.757668
-0.21875  -0.53696
-0.21875  -0.727555
-0.09375  -0.506203
-0.03125  -0.352784
-0.03125  -0.418612
-0.25  -0.597185
0.09375  -0.421589
-0.21875  -0.68622
-0.0625  -0.549102
0.0625  -0.441735
-0.03125  -0.438243
0.125  -0.21284
-0.0625  -0.45645
0.1875  -0.467077
0.15625  -0.208045
-0.0625  -0.598867
-0.09375  -0.398364
0  -0.374886
0.09375  -0.533472
0.34375  -0.472087
0  -0.253861
-0.09375  -0.412006
0.0625  -0.426407
0.15625  -0.461974
-0.21875  -0.521419
-0.15625  -0.411178
0  -0.324158
0.0625  -0.354267
-0.0625  -0.39065
-0.03125  -0.472386
0  -0.455803
0.15625  -0.755008
0.15625  -0.484679
-0.125  -0.52452
0.03125  -0.413807
0.15625  -0.449605
-0.09375  -0.677775
0.1875  -0.293459
0.25  -0.494429
0  -0.388667
0.03125  -0.540801
-0.125  -0.542394
-0.21875  -0.654948
0  -0.409247
-0.21875  -0.607972
-0.125  -0.519004
-0.03125  -0.553109
0  -0.591291
0.09375  -0.524652
0  -0.328682
-0.21875  -0.466356
0  -0.378138
0  -0.428209
0.0625  -0.436685
-0.1875  -0.581625
0.1875  -0.323901
0.09375  -0.603233
0.03125  -0.586081
0.15625  -0.451606
0.15625  -0.46174
0.09375  -0.405695
0  -0.426827
0  -0.446554
0.125  -0.58153
0.03125  -0.38989
-0.1875  -0.56599
0.15625  -0.626536
-0.03125  -0.510792
-0.03125  -0.492684
0.125  -0.550456
0  -0.273766
0.15625  -0.601981
-0.0625  -0.504178
0.0625  -0.303
0  -0.598776
-0.0625  -0.489782
0.15625  -0.414864
-0.1875  -0.309623
-0.03125  -0.588739
-0.03125  -0.162123
0.25  -0.50722
-0.09375  -0.453145
0.03125  -0.626184
0.03125  -0.627434
0.1875  -0.451507
-0.03125  -0.361842
0.03125  -0.49896
-0.125  -0.590009
-0.0625  -0.561325
-0.03125  -0.309051
0.0625  -0.476828
-0.0625  -0.484628
0  -0.24226
0.09375  -0.551048
0.03125  -0.657457
0.0625  -0.475169
0  -0.420328
-0.0625  -0.339086
-0.125  -0.545222
0  -0.543718
-0.03125  -0.436846
0.28125  -0.597138
0.09375  -0.461108
-0.09375  -0.147295
-0.15625  -0.424386
0.0625  -0.461211
-0.28125  -0.455964
0  -0.396008
0.09375  -0.358747
0.09375  -0.722311
0.03125  -0.530457
0.0625  -0.507807
-0.09375  -0.375606
0.0625  -0.335819
-0.03125  -0.426528
-0.09375  -0.853184
-0.03125  -0.59664
0.03125  -0.450925
0.15625  -0.604739
-0.15625  -0.542841
0.09375  -0.484921
-0.0625  -0.473732
0.25  -0.504885
-0.125  -0.420817
-0.15625  -0.362053
-0.125  -0.515499
-0.21875  -0.673568
0.03125  -0.613393
-0.09375  -0.599257
0.09375  -0.415183
-0.15625  -0.581374
0.03125  -0.338121
-0.28125  -0.585593
-0.15625  -0.52224
0.0625  -0.606742
0.03125  -0.440792
0.03125  -0.416261
0.0625  -0.482878
0.09375  -0.246118
0.1875  -0.344115
-0.0625  -0.404643
-0.1875  -0.493117
0.1875  -0.584389
0.03125  -0.544145
0.0625  -0.493462
0.03125  -0.396589
-0.09375  -0.39865
0.15625  -0.563625
0.03125  -0.547747
0.125  -0.417774
0.03125  -0.578019
0.0625  -0.492554
0.125  -0.395624
-0.125  -0.390171
0.15625  -0.602039
-0.1875  -0.439023
0.03125  -0.41398
-0.1875  -0.429391
0.0625  -0.373902
0.21875  -0.475009
-0.09375  -0.491607
0.0625  -0.330007
-0.09375  -0.29645
-0.0625  -0.493336
0.15625  -0.569964
0.1875  -0.59254
0.15625  -0.38986
-0.0625  -0.534874
0.0625  -0.312134
0.09375  -0.32047
-0.03125  -0.548359
0  -0.470163
-0.25  -0.287511
-0.0625  -0.452187
0  -0.447105
-0.09375  -0.47419
-0.09375  -0.427567
0.21875  -0.556801
-0.4375  -0.344138
-0.21875  -0.762542
0.0625  -0.493966
0.0625  -0.368008
0.15625  -0.37886
-0.09375  -0.558584
0  -0.722891
0.09375  -0.346149
0.03125  -0.201753
0.03125  -0.461246
0.0625  -0.637007
-0.09375  -0.506036
0  -0.501594
0.125  -0.57457
-0.0625  -0.567981
0.09375  -0.524032
0.03125  -0.579489
0.0625  -0.639213
0.03125  -0.634775
0.0625  -0.404994
-0.0625  -0.409005
-0.15625  -0.519245
0.25  -0.48178
-0.125  -0.395806
0.09375  -0.276251
-0.03125  -0.405453
-0.03125  -0.640434
0.03125  -0.559075
-0.25  -0.460092
-0.15625  -0.466725
-0.0625  -0.60694
-0.09375  -0.459044
-0.09375  -0.354297
-0.15625  -0.21566
0  -0.561222
0.15625  -0.508332
0.0625  -0.637979
0  -0.593344
0.09375  -0.471076
-0.03125  -0.585729
-0.1875  -0.601481
0.03125  -0.281117
0  -0.525382
-0.0625  -0.602685
0.1875  -0.513322
0.125  -0.602407
-0.125  -0.573083
0.09375  -0.528912
0.09375  -0.318517
0.03125  -0.513559
-0.03125  -0.488859
0.15625  -0.566718
0.09375  -0.554579
-0.125  -0.604451
-0.1875  -0.231308
-0.0625  -0.413613
-0.03125  -0.545575
0.15625  -0.452311
-0.0625  -0.419288
-0.09375  -0.415048
-0.0625  -0.58866
0.03125  -0.525764
0  -0.582485
-0.03125  -0.613872
-0.03125  -0.440182
0.03125  -0.558358
-0.0625  -0.543273
-0.0625  -0.409201
0.375  -0.592368
-0.15625  -0.32069
0.09375  -0.489845
0.09375  -0.548456
-0.09375  -0.473201
-0.28125  -0.57868
0.09375  -0.534395
-0.0625  -0.661022
0.125  -0.335874
0.15625  -0.588892
-0.15625  -0.331205
0.1875  -0.562056
-0.03125  -0.205676
0.15625  -0.502775
-0.0625  -0.190744
0.09375  -0.347025
0.3125  -0.512292
-0.21875  -0.454163
0.1875  -0.428367
-0.09375  -0.574585
0.21875  -0.438239
0.21875  -0.547544
-0.03125  -0.458743
0.03125  -0.525233
-0.0625  -0.619692
-0.03125  -0.395841
0  -0.644194
0.15625  -0.608632
0  -0.596895
-0.21875  -0.497359
0.03125  -0.307432
0.25  -0.568446
-0.125  -0.0723722
0.125  -0.442223
0.3125  -0.645312
-0.09375  -0.440123
-0.0625  -0.577152
-0.0625  -0.547677
-0.03125  -0.607797
0.09375  -0.449268
0.1875  -0.513665
-0.0625  -0.564459
0.03125  -0.459798
-0.0625  -0.488375
-0.03125  -0.334249
-0.0625  -0.426832
0.03125  -0.591523
-0.15625  -0.367427
-0.0625  -0.56137
-0.15625  -0.253684
0  -0.496813
-0.0625  -0.522258
0.125  -0.464101
0.125  -0.476929
-0.09375  -0.394189
0.03125  -0.626119
0.0625  -0.637889
0  -0.539345
0.0625  -0.529919
-0.0625  -0.415708
-0.03125  -0.395712
0.09375  -0.5579
-0.28125  -0.527207
-0.125  -0.565401
-0.0625  -0.507826
-0.09375  -0.517486
-0.03125  -0.394253
-0.15625  -0.439846
-0.125  -0.418162
-0.15625  -0.324579
-0.21875  -0.506578
-0.03125  -0.555154
0.09375  -0.324368
-0.21875  -0.382534
0.15625  -0.663954
0.0625  -0.304204
0  -0.389409
0.125  -0.662489
-0.1875  -0.628222
-0.0625  -0.563537
0.0625  -0.328398
-0.0625  -0.357466
0.09375  -0.488412
-0.1875  -0.467653
-0.03125  -0.479971
-0.03125  -0.437914
0.0625  -0.382427
0.03125  -0.525411
0.03125  -0.546355
-0.125  -0.41711
0.03125  -0.496788
-0.0625  -0.433518
0.125  -0.557421
-0.125  -0.460252
0.21875  -0.194948
-0.0625  -0.609387
-0.1875  -0.504205
0.03125  -0.430566
-0.03125  -0.586818
0.03125  -0.471131
0.15625  -0.352859
0.03125  -0.388116
-0.0625  -0.492288
-0.15625  -0.470337
0.03125  -0.499028
0.03125  -0.237721
0  -0.19517
-0.09375  -0.642673
0.03125  -0.423792
0.03125  -0.41075
-0.15625  -0.398777
0.03125  -0.501561
0.25  -0.304584
0.1875  -0.510195
-0.15625  -0.429646
-0.03125  -0.519188
-0.15625  -0.245991
0.15625  -0.431683
-0.21875  -0.302126
0.0625  -0.229612
0.03125  -0.153033
0.03125  -0.60843
-0.0625  -0.503176
-0.0625  -0.390668
0.21875  -0.436075
0.1875  -0.412071
0.25  -0.517156
0.0625  -0.358634
-0.03125  -0.464146
0  -0.666464
0.09375  -0.364395
-0.1875  -0.458921
0.09375  -0.449693
0.1875  -0.448716
-0.15625  -0.594594
-0.1875  -0.376674
-0.09375  -0.676081
0.03125  -0.248856
0.28125  -0.399855
-0.09375  -0.355498
-0.3125  -0.405008
-0.03125  -0.450356
-0.03125  -0.354892
-0.125  -0.558291
0.125  -0.454624
0.125  -0.355001
0.125  -0.529471
-0.09375  -0.530302
0.03125  -0.473773
-0.03125  -0.565815
0.03125  -0.368919
-0.0625  -0.518508
-0.125  -0.495241
0  -0.492046
-0.09375  -0.571568
0.03125  -0.57924
-0.1875  -0.370381
0.0625  -0.463025
0  -0.122175
0.03125  -0.632642
-0.125  -0.496486
-0.40625  -0.50917
0  -0.443038
-0.125  -0.283962
0.09375  -0.430663
0.375  -0.349482
0.0625  -0.549895
-0.1875  -0.535986
0.0625  -0.445413
0.15625  -0.428691
0.0625  -0.448516
0.21875  -0.68819
0  -0.363677
-0.21875  -0.598711
-0.125  -0.461181
0.09375  -0.337919
-0.0625  -0.354549
0.0625  -0.453517
-0.15625  -0.475052
0.15625  -0.219719
0.0625  -0.583581
-0.28125  -0.381437
0.125  -0.473081
-0.03125  -0.622458
0.15625  -0.3244
0.03125  -0.37121
0.03125  -0.497619
0.25  -0.448446
-0.0625  -0.471648
0.0625  -0.543146
-0.09375  -0.427725
-0.0625  -0.554963
0.03125  -0.520777
0.0625  -0.558565
0.21875  -0.375536
0.09375  -0.590865
-0.03125  -0.428083
-0.09375  -0.375707
-0.09375  -0.270157
0.0625  -0.418373
0.1875  -0.570899
0.03125  -0.523181
-0.15625  -0.627352
-0.09375  -0.616075
-0.0625  -0.475402
-0.09375  -0.406687
-0.09375  -0.515654
-0.03125  -0.733381
0.25  -0.278353
-0.15625  -0.37388
0.125  -0.350745
0.0625  -0.721284
0  -0.555432
0  -0.438169
0.0625  -0.546309
0.03125  -0.635815
0.21875  -0.637937
0.21875  -0.526533
-0.125  -0.440801
0.03125  -0.436279
0.125  -0.589805
0.09375  -0.620089
0.09375  -0.464082
-0.15625  -0.436368
0.125  -0.201363
-0.1875  -0.622579
0.03125  -0.599953
-0.0625  -0.653758
0.1875  -0.565061
-0.125  -0.424086
-0.125  -0.614689
0.09375  -0.5013
-0.0625  -0.59503
-0.25  -0.573547
-0.03125  -0.562668
0.03125  -0.328191
-0.15625  -0.64663
0.0625  -0.586951
-0.21875  -0.489128
-0.15625  -0.526425
0.125  -0.658826
0.15625  -0.618473
0.09375  -0.523834
0.125  -0.355546
0  -0.382088
0.125  -0.405218
0.03125  -0.505966
0.125  -0.512348
-0.09375  -0.502623
-0.03125  -0.506439
0.0625  -0.526095
-0.0625  -0.178784
0  -0.387917
0.09375  -0.587596
-0.0625  -0.655527
0.125  -0.330903
-0.09375  -0.585145
-0.21875  -0.385844
0.03125  -0.51808
0  -0.454812
-0.09375  -0.609299
-0.0625  -0.624818
0.09375  -0.262427
0.03125  -0.522621
0.09375  -0.548624
-0.03125  -0.234924
-0.0625  -0.505506
-0.09375  -0.479166
-0.0625  -0.53029
0.3125  -0.404897
-0.03125  -0.524005
0.25  -0.573428
-0.125  -0.456536
0.15625  -0.372179
0.03125  -0.501165
-0.0625  -0.740725
-0.03125  -0.50187
0.0625  -0.485455
-0.125  -0.541906
0  -0.783156
0.125  -0.287012
0  -0.476817
0.03125  -0.547363
-0.0625  -0.443523
0.09375  -0.296507
0  -0.498018
0.21875  -0.473287
-0.0625  -0.491874
-0.21875  -0.625731
0.25  -0.481827
-0.03125  -0.326571
0.03125  -0.403441
0.09375  -0.3262
0  -0.611147
-0.21875  -0.473093
0.1875  -0.529998
-0.0625  -0.626471
-0.03125  -0.636783
0.1875  -0.454085
0.0625  -0.545519
0.03125  -0.451378
0.03125  -0.5342
-0.0625  -0.363628
-0.03125  -0.499244
0.1875  -0.51304
0.03125  -0.352008
-0.03125  -0.466018
-0.09375  -0.482905
-0.125  -0.279094
0  -0.521245
0.0625  -0.465555
-0.09375  -0.454777
-0.03125  -0.543716
0.03125  -0.669252
0.03125  -0.601012
-0.0625  -0.51372
-0.125  -0.456296
-0.0625  -0.385633
-0.09375  -0.462866
0.03125  -0.478279
0.0625  -0.597022
-0.25  -0.509263
0.03125  -0.527909
0.0625  -0.490775
0.03125  -0.401644
-0.03125  -0.569238
-0.0625  -0.647526
0.25  -0.648717
-0.03125  -0.507109
-0.09375  -0.561325
0  -0.39803
0.09375  -0.429439
0.03125  -0.406227
-0.0625  -0.433803
-0.0625  -0.492271
0.21875  -0.426603
0.0625  -0.426146
0.09375  -0.416353
-0.03125  -0.287508
-0.09375  -0.42858
-0.03125  -0.303366
0.21875  -0.561679
0.125  -0.216619
-0.09375  -0.508571
0  -0.387989
0.21875  -0.503105
0.0625  -0.30938
0.3125  -0.370305
0.09375  -0.469888
-0.125  -0.43191
-0.09375  -0.53969
0.0625  -0.383832
-0.1875  -0.53939
0.0625  -0.401841
0.25  -0.655885
-0.0625  -0.416226
-0.15625  -0.413057
-0.0625  -0.580415
0.1875  -0.402093
0  -0.449501
-0.03125  -0.39806
0.09375  -0.321714
0.15625  -0.451956
0.25  -0.387332
-0.09375  -0.676809
0.0625  -0.51376
0  -0.435218
0  -0.538651
0.09375  -0.546113
-0.21875  -0.536036
0  -0.400806
0.21875  -0.60875
0.0625  -0.472742
0.15625  -0.704423
0.0625  -0.318797
0.03125  -0.577012
0.3125  -0.466181
0.125  -0.514246
0.125  -0.581876
0.21875  -0.396902
0.09375  -0.218858
0  -0.582261
-0.125  -0.526391
0.03125  -0.514716
-0.0625  -0.289618
0.03125  -0.430127
-0.03125  -0.189758
-0.1875  -0.476945
-0.28125  -0.643236
0.09375  -0.360134
-0.15625  -0.341793
0.0625  -0.325682
-0.0625  -0.490799
-0.125  -0.392559
0  -0.34051
-0.0625  -0.467897
-0.03125  -0.533045
-0.0625  -0.489184
0  -0.579923
0  -0.371698
0.03125  -0.624862
0.03125  -0.416207
0.0625  -0.32481
0  -0.369736
-0.0625  -0.292989
0  -0.64477
0.0625  -0.580111
-0.09375  -0.576452
0  -0.376451
-0.1875  -0.445038
0.09375  -0.40857
0.09375  -0.500409
0.03125  -0.60839
0.09375  -0.510158
0.0625  -0.555144
0.21875  -0.593775
-0.0625  -0.426126
-0.3125  -0.52897
-0.09375  -0.567369
0.03125  -0.485669
-0.03125  -0.506422
0.03125  -0.554937
0.09375  -0.489722
-0.09375  -0.363085
-0.0625  -0.42684
0.125  -0.409203
-0.28125  -0.497194
-0.0625  -0.261451
0.15625  -0.495554
0.0625  -0.536736
-0.1875  -0.531475
0.125  -0.579541
0.15625  -0.405575
0.15625  -0.85052
0.09375  -0.562985
0.1875  -0.409349
0.1875  -0.520862
-0.21875  -0.450173
0  -0.549758
0.125  -0.358797
-0.03125  -0.573746
-0.09375  -0.475635
0.125  -0.374256
0.125  -0.481429
-0.40625  -0.55199
0.03125  -0.432777
-0.03125  -0.525966
0.09375  -0.594039
-0.03125  -0.606521
0.15625  -0.434702
-0.25  -0.51504
-0.15625  -0.625199
0.09375  -0.584423
-0.0625  -0.331466
0.15625  -0.417475
-0.15625  -0.567693
-0.03125  -0.558974
0.09375  -0.657936
0.0625  -0.539708
0.125  -0.577101
0.03125  -0.651404
0.15625  -0.503669
-0.0625  -0.555045
0  -0.460216
-0.28125  -0.520307
0.0625  -0.437218
-0.125  -0.678989
0.0625  -0.579181
-0.09375  -0.504789
-0.0625  -0.298782
0.1875  -0.412582
-0.15625  -0.579451
0.25  -0.657243
0.0625  -0.75437
0.125  -0.659279
-0.21875  -0.38739
0.125  -0.317478
-0.0625  -0.556356
0  -0.464012
0.09375  -0.414303
-0.09375  -0.575034
0  -0.586096
0.0625  -0.586231
-0.15625  -0.41433
-0.21875  -0.449626
-0.03125  -0.588748
-0.1875  -0.467065
0.09375  -0.552676
-0.1875  -0.567591
-0.15625  -0.536273
-0.15625  -0.425675
-0.09375  -0.391477
-0.09375  -0.340458
-0.1875  -0.516734
-0.15625  -0.631899
-0.125  -0.611212
0.0625  -0.401618
-0.03125  -0.508881
0.03125  -0.3607
-0.125  -0.558887
0.125  -0.462659
-0.0625  -0.412195
0.0625  -0.2227
-0.1875  -0.431683
-0.3125  -0.484811
0  -0.586851
-0.03125  -0.51571
0.0625  -0.468631
-0.21875  -0.492348
0.0625  -0.249281
0.125  -0.513396
-0.21875  -0.26713
-0.0625  -0.352666
-0.03125  -0.527924
0.0625  -0.416955
0.125  -0.294327
0.1875  -0.516429
-0.03125  -0.474803
-0.03125  -0.535542
0.15625  -0.594148
0.21875  -0.29581
0.03125  -0.352049
-0.09375  -0.437388
-0.0625  -0.511173
0.09375  -0.499625
-0.125  -0.414223
0.0625  -0.517534
-0.0625  -0.622628
0.03125  -0.272218
-0.09375  -0.46781
-0.09375  -0.456463
-0.15625  -0.432272
-0.125  -0.310386
-0.03125  -0.526513
-0.125  -0.598497
0.15625  -0.668589
0.03125  -0.6356
-0.03125  -0.473235
0.15625  -0.323215
-0.03125  -0.340318
-0.15625  -0.570165
0  -0.345154
0.28125  -0.560446
-0.0625  -0.536223
-0.125  -0.411465
0.03125  -0.476903
0.125  -0.0824234
0.15625  -0.503015
-0.15625  -0.669587
-0.0625  -0.574583
0  -0.657233
-0.03125  -0.514041
-0.0625  -0.494383
-0.03125  -0.380188
-0.125  -0.44445
-0.125  -0.558909
-0.03125  -0.241437
-0.0625  -0.551507
-0.34375  -0.48976
0  -0.483558
0.09375  -0.518505
0.09375  -0.400782
0.125  -0.642477
0.03125  -0.500396
0.03125  -0.455286
-0.0625  -0.496322
-0.1875  -0.459702
0.03125  -0.5946
0.03125  -0.505908
-0.03125  -0.48242
0.1875  -0.507751
0.0625  -0.174476
-0.0625  -0.341785
0.1875  -0.532935
-0.09375  -0.485611
0.09375  -0.532663
-0.0625  -0.43012
0.0625  -0.467812
-0.0625  -0.407466
0.25  -0.675476
-0.09375  -0.249753
0.0625  -0.528248
-0.0625  -0.470981
0.0625  -0.56013
0.0625  -0.540345
0.34375  -0.469876
0.09375  -0.52451
0.1875  -0.288305
-0.03125  -0.489026
0.03125  -0.393981
0.09375  -0.433784
-0.09375  -0.596799
0.0625  -0.526357
0.15625  -0.593744
0.15625  -0.452606
0.15625  -0.4947
0.09375  -0.276787
0  -0.578611
-0.09375  -0.387709
0.1875  -0.397312
0.09375  -0.619035
-0.03125  -0.580919
-0.1875  -0.446677
-0.125  -0.558605
0.25  -0.493811
0  -0.263164
-0.125  -0.385672
-0.15625  -0.509773
0.125  -0.493474
0.125  -0.302437
0.03125  -0.384087
-0.15625  -0.472057
-0.0625  -0.351129
-0.25  -0.610586
0.28125  -0.469479
-0.09375  -0.402428
-0.1875  -0.557653
0.0625  -0.473886
0  -0.187811
0.15625  -0.374767
0  -0.564163
0.0625  -0.312601
0.0625  -0.460169
-0.125  -0.605911
0.09375  -0.352874
0.09375  -0.390494
0.09375  -0.502709
0.15625  -0.55589
0.03125  -0.53462
0.1875  -0.380588
-0.28125  -0.591038
-0.09375  -0.623648
-0.09375  -0.460468
0.0625  -0.644566
-0.1875  -0.428866
0.03125  -0.334249
0  -0.511462
-0.03125  -0.362702
0.0625  -0.562581
0.0625  -0.545169
-0.3125  -0.395013
0  -0.341578
0.0625  -0.19197
0  -0.306979
0.09375  -0.353697
-0.21875  -0.574116
-0.3125  -0.632387
0  -0.426828
0.125  -0.540279
0.125  -0.349525
0.0625  -0.516234
-0.15625  -0.364689
0  -0.354832
-0.1875  -0.485186
0.0625  -0.519796
0.03125  -0.294583
0.1875  -0.346701
0.03125  -0.413258
0.28125  -0.385097
0.125  -0.577333
-0.0625  -0.36681
-0.15625  -0.657186
0.1875  -0.468651
0.0625  -0.472298
0.09375  -0.248365
0.0625  -0.464742
0.25  -0.336605
-0.1875  -0.304658
-0.0625  -0.709184
-0.15625  -0.568064
0.03125  -0.648398
-0.28125  -0.532632
-0.0625  -0.56121
-0.0625  -0.374822
0.03125  -0.406406
0.125  -0.637059
-0.0625  -0.506011
-0.0625  -0.405044
0.1875  -0.6748
-0.03125  -0.397833
-0.40625  -0.521323
-0.03125  -0.400923
0.09375  -0.341089
-0.15625  -0.558713
0.0625  -0.606131
0  -0.345352
-0.1875  -0.437435
0.21875  -0.619502
0.09375  -0.574355
-0.15625  -0.1929
-0.0625  -0.33192
-0.125  -0.544095
0.0625  -0.502164
0.1875  -0.452494
0.09375  -0.36457
0.1875  -0.655026
0.0625  -0.311686
0.125  -0.649115
-0.03125  -0.470736
-0.09375  -0.333125
0.125  -0.581358
0.09375  -0.600818
-0.03125  -0.36321
-0.125  -0.461743
-0.03125  -0.548334
-0.1875  -0.30648
-0.21875  -0.496033
0.0625  -0.404269
-0.09375  -0.567901
-0.125  -0.485459
-0.0625  -0.415736
-0.125  -0.417514
-0.3125  -0.473872
0.125  -0.269532
-0.1875  -0.490877
-0.03125  -0.610157
0  -0.396504
0.09375  -0.642863
0.125  -0.529398
0.21875  -0.465307
0.09375  -0.535954
0.03125  -0.558605
-0.03125  -0.429067
-0.125  -0.628355
-0.0625  -0.485936
0.03125  -0.412538
0.09375  -0.415076
0.125  -0.404894
-0.0625  -0.420997
-0.1875  -0.424555
-0.0625  -0.253517
-0.0625  -0.548291
0.09375  -0.368557
-0.21875  -0.598818
-0.21875  -0.561197
0.0625  -0.360235
0  -0.631819
0.125  -0.402619
-0.0625  -0.607699
0.21875  -0.597387
0.03125  -0.60747
-0.15625  -0.435141
-0.09375  -0.633404
0.1875  -0.552985
0.0625  -0.600653
0.0625  -0.410034
-0.03125  -0.370689
0.0625  -0.360613
-0.03125  -0.219107
-0.03125  -0.441946
0.25  -0.502527
0.125  -0.35031
-0.09375  -0.5739
-0.03125  -0.413642
-0.15625  -0.224252
-0.125  -0.555326
-0.0625  -0.340891
0  -0.36401
-0.15625  -0.352729
0.0625  -0.377068
0.15625  -0.591127
0.28125  -0.513918
0.1875  -0.468355
0.03125  -0.553233
0.1875  -0.571784
0.1875  -0.698713
0.03125  -0.577076
0.0625  -0.587632
-0.15625  -0.45733
0.03125  -0.612173
0.21875  -0.460987
0.03125  -0.582772
0.03125  -0.393071
0.1875  -0.562968
-0.0625  -0.577835
-0.21875  -0.548577
0.0625  -0.226506
-0.0625  -0.613502
0.09375  -0.486134
-0.1875  -0.485164
-0.15625  -0.684764
-0.34375  -0.507127
0.03125  -0.275174
0.28125  -0.574962
-0.03125  -0.626062
0.09375  -0.526143
-0.0625  -0.54884
-0.0625  -0.387855
0  -0.425497
0.15625  -0.266303
-0.28125  -0.0860567
0  -0.553915
0.15625  -0.37465
-0.28125  -0.376657
0.15625  -0.53318
-0.03125  -0.313041
0.1875  -0.662619
-0.3125  -0.177836
0.0625  -0.35913
0.09375  -0.371958
0.1875  -0.511745
0.09375  -0.435116
0.0625  -0.484049
-0.09375  -0.358767
-0.03125  -0.666796
-0.1875  -0.629883
0.03125  -0.545544
0.09375  -0.285451
-0.09375  -0.490622
0  -0.480701
-0.09375  -0.432301
-0.21875  -0.461849
0  -0.585277
-0.1875  -0.626398
0.09375  -0.685348
0.0625  -0.321515
-0.03125  -0.378494
0  -0.663228
0.09375  -0.419583
0.0625  -0.451182
0.4375  -0.521187
0.0625  -0.471054
-0.03125  -0.661548
-0.03125  -0.620913
-0.0625  -0.573298
0.09375  -0.623736
0.125  -0.505765
0.125  -0.584059
0.25  -0.402202
-0.03125  -0.477255
-0.15625  -0.368194
0.09375  -0.508508
0.1875  -0.472911
0.0625  -0.601941
-0.0625  -0.595773
0.0625  -0.539317
-0.0625  -0.516764
0.0625  -0.390782
-0.15625  -0.608636
-0.125  -0.54811
0.1875  -0.43609
0.03125  -0.588222
0.0625  -0.630099
-0.15625  -0.594867
-0.0625  -0.514957
0  -0.215629
-0.09375  -0.347747
0.0625  -0.597172
0.03125  -0.484434
-0.09375  -0.488585
-0.0625  -0.696414
-0.0625  -0.456298
-0.34375  -0.682274
-0.09375  -0.710007
-0.03125  -0.430385
0.0625  -0.318969
-0.0625  -0.225896
0.0625  -0.605131
0.125  -0.482477
-0.0625  -0.479269
0.375  -0.58229
0.03125  -0.38218
-0.0625  -0.46662
-0.03125  -0.630178
0.03125  -0.57256
0.1875  -0.462521
0.03125  -0.38526
-0.03125  -0.416775
-0.1875  -0.519307
0.1875  -0.481638
0  -0.262643
0.15625  -0.639376
-0.15625  -0.310292
0.03125  -0.58807
0.09375  -0.453436
-0.0625  -0.542606
0.0625  -0.524477
-0.09375  -0.529694
0.1875  -0.393522
0  -0.466026
0.1875  -0.577339
-0.125  -0.57839
-0.09375  -0.367415
0.0625  -0.633652
0.125  -0.506126
0.125  -0.342419
-0.09375  -0.398388
0.0625  -0.256383
-0.15625  -0.391185
-0.09375  -0.630722
-0.125  -0.416307
0.125  -0.491797
-0.0625  -0.615439
-0.03125  -0.452592
-0.125  -0.403083
-0.03125  -0.568781
0.09375  -0.372183
0.1875  -0.525806
0.1875  -0.218442
-0.03125  -0.418863
0  -0.256902
0.09375  -0.37057
0.15625  -0.331952
0  -0.347961
-0.125  -0.452809
0.15625  -0.473341
-0.03125  -0.587669
-0.21875  -0.532491
-0.1875  -0.669122
-0.03125  -0.615174
-0.0625  -0.410307
0.25  -0.470827
-0.0625  -0.701767
0.09375  -0.40958
-0.09375  -0.607295
0  -0.523768
0.03125  -0.410521
-0.03125  -0.484536
0.09375  -0.313729
0  -0.507215
0  -0.336554
0.125  -0.58592
-0.03125  -0.555449
0.125  -0.645004
0.1875  -0.411229
0.03125  -0.62353
0.09375  -0.490105
-0.125  -0.506489
-0.0625  -0.53717
0.125  -0.319854
-0.0625  -0.266203
-0.0625  -0.355031
0.0625  -0.609813
0.03125  -0.247141
0.0625  -0.655113
-0.21875  -0.321045
0.03125  -0.312961
0.15625  -0.435722
0  -0.344416
-0.03125  -0.495611
0  -0.606645
0  -0.431006
-0.09375  -0.551547
-0.15625  -0.644473
0.09375  -0.38582
-0.15625  -0.517798
0.25  -0.461062
-0.15625  -0.460791
0  -0.493314
0.0625  -0.599348
-0.15625  -0.46996
0.15625  -0.671956
-0.0625  -0.404044
-0.03125  -0.401699
-0.0625  -0.586461
0.25  -0.485967
0.125  -0.581961
-0.09375  -0.513226
0  -0.364206
-0.03125  -0.372725
-0.09375  -0.477687
0.09375  -0.291398
0.0625  -0.320617
-0.03125  -0.399289
0.09375  -0.528421
-0.1875  -0.204477
-0.0625  -0.419227
0.15625  -0.695604
0.125  -0.495716
0.0625  -0.468581
0.09375  -0.551587
-0.15625  -0.421937
0.125  -0.382184
-0.03125  -0.489413
0  -0.519141
-0.3125  -0.67333
0  -0.405694
0.125  -0.366466
-0.125  -0.551243
0.0625  -0.351775
-0.0625  -0.547698
-0.09375  -0.58806
0.1875  -0.469198
-0.25  -0.332402
-0.125  -0.31524
-0.0625  -0.387608
0  -0.507719
0.03125  -0.472684
0  -0.618212
0.03125  -0.587566
-0.03125  -0.577009
-0.03125  -0.347274
-0.1875  -0.288805
0.125  -0.337696
0.1875  -0.269109
0.03125  -0.50779
-0.125  -0.306111
0  -0.332068
0.09375  -0.573025
-0.125  -0.320328
-0.0625  -0.349393
0  -0.664033
-0.125  -0.331429
0  -0.614818
-0.03125  -0.53494
0.21875  -0.330934
-0.09375  -0.504163
-0.09375  -0.545389
0.125  -0.497591
0  -0.390677
-0.09375  -0.475089
0.03125  -0.464245
0.125  -0.582955
-0.03125  -0.420187
-0.0625  -0.688135
0.09375  -0.564739
0.3125  -0.363882
0.09375  -0.491157
0.03125  -0.475934
-0.15625  -0.346308
-0.125  -0.454168
-0.03125  -0.486395
0.25  -0.279751
0.0625  -0.446926
-0.125  -0.292369
0.1875  -0.318907
0.15625  -0.352031
-0.0625  -0.468881
0.0625  -0.570941
-0.21875  -0.4815
0.125  -0.262043
0.125  -0.340729
0.09375  -0.450358
0.15625  -0.418836
0.03125  -0.318036
-0.03125  -0.672867
-0.09375  -0.627527
0.03125  -0.527661
-0.40625  -0.461943
-0.25  -0.255587
-0.0625  -0.23407
-0.0625  -0.458908
-0.15625  -0.554909
-0.15625  -0.561226
0  -0.256453
0.3125  -0.451499
-0.03125  -0.614624
0.03125  -0.605627
-0.09375  -0.462112
0.0625  -0.617755
-0.0625  -0.35482
0  -0.337323
-0.0625  -0.494896
0.09375  -0.464989
0.1875  -0.26763
-0.0625  -0.408485
0  -0.463243
0.03125  -0.644923
-0.03125  -0.579945
0  -0.4739
-0.15625  -0.471525
0.0625  -0.403639
-0.125  -0.429121
-0.125  -0.516021
-0.03125  -0.456448
-0.25  -0.417488
-0.21875  -0.417574
-0.34375  -0.550882
0.09375  -0.492621
0.15625  -0.350344
-0.09375  -0.477553
0.125  -0.359192
-0.0625  -0.493134
0.15625  -0.510318
-0.09375  -0.412156
0  -0.313721
0.21875  -0.496294
-0.0625  -0.490186
0.09375  -0.422278
-0.09375  -0.412625
0.03125  -0.387374
-0.0625  -0.493772
-0.09375  -0.509701
-0.1875  -0.535919
-0.15625  -0.467895
0  -0.555332
0.03125  -0.502523
0.125  -0.53168
0  -0.497605
-0.25  -0.486966
0.03125  -0.430968
0  -0.329843
-0.03125  -0.44609
-0.09375  -0.560552
-0.0625  -0.39401
0.0625  -0.48793
-0.125  -0.482869
-0.03125  -0.454225
-0.09375  -0.52779
-0.0625  -0.302965
-0.125  -0.362583
0.125  -0.293696
-0.1875  -0.404886
0.09375  -0.405846
0.15625  -0.391514
-0.21875  -0.537639
0.125  -0.358531
0  -0.69568
0.03125  -0.413565
0.09375  -0.303855
-0.09375  -0.650908
0.09375  -0.218752
0.1875  -0.271277
0.09375  -0.51755
0.1875  -0.590609
0.0625  -0.527739
0.28125  -0.331353
-0.0625  -0.521532
0.03125  -0.437194
0.0625  -0.651584
0.03125  -0.591172
-0.125  -0.398705
-0.3125  -0.456143
-0.15625  -0.494021
0.09375  -0.44884
0.125  -0.326179
0.21875  -0.384301
0.0625  -0.336747
0.0625  -0.475954
0.21875  -0.718054
0  -0.512865
-0.0625  -0.374199
-0.09375  -0.583225
-0.03125  -0.403279
-0.09375  -0.478704
0.15625  -0.381971
0.09375  -0.495291
-0.03125  -0.53551
0.09375  -0.396041
0.125  -0.605751
0.03125  -0.651179
-0.03125  -0.492505
0.125  -0.27668
-0.0625  -0.564894
0.21875  -0.549404
-0.0625  -0.439412
0.09375  -0.644701
-0.0625  -0.33822
-0.0625  -0.489888
-0.125  -0.186592
-0.03125  -0.491509
-0.1875  -0.447778
0  -0.502053
0.1875  -0.534162
-0.03125  -0.356086
-0.03125  -0.534891
0.21875  -0.639101
0.15625  -0.600049
0.0625  -0.451998
0.0625  -0.388947
0.03125  -0.575604
0.03125  -0.408602
-0.21875  -0.652546
-0.15625  -0.550846
0.125  -0.597617
-0.15625  -0.235791
0.0625  -0.490975
-0.09375  -0.579445
0  -0.482229
0.09375  -0.419302
-0.3125  -0.513217
0.09375  -0.656083
0.09375  -0.47676
0.1875  -0.674211
0.0625  -0.400757
0  -0.45744
0.0625  -0.572067
0.0625  -0.253034
-0.09375  -0.413606
-0.03125  -0.302861
0.15625  -0.392904
-0.0625  -0.545368
0.125  -0.436606
0.03125  -0.387889
0.03125  -0.492764
-0.09375  -0.247321
0  -0.538583
-0.125  -0.638066
0.09375  -0.291969
0.0625  -0.395751
0.125  -0.348322
-0.03125  -0.239998
0.03125  -0.289167
-0.0625  -0.693934
-0.03125  -0.438455
0  -0.428264
-0.25  -0.347321
-0.15625  -0.424036
-0.0625  -0.458603
-0.03125  -0.438704
-0.03125  -0.374305
-0.09375  -0.330328
-0.09375  -0.617247
-0.15625  -0.474217
-0.03125  -0.418915
-0.03125  -0.320438
0.03125  -0.29866
-0.03125  -0.390345
-0.15625  -0.595132
-0.03125  -0.452821
-0.1875  -0.524285
-0.09375  -0.562581
0.09375  -0.292704
-0.0625  -0.563777
0  -0.556817
-0.15625  -0.306511
-0.03125  -0.288896
-0.15625  -0.480512
0.03125  -0.504851
0  -0.328237
-0.0625  -0.736348
0.03125  -0.0964862
-0.125  -0.548264
0.21875  -0.519018
0.09375  -0.456289
0.0625  -0.586817
-0.0625  -0.463057
-0.0625  -0.556742
-0.0625  -0.44477
0.09375  -0.417258
-0.125  -0.39756
-0.1875  -0.400502
0.1875  -0.307882
0.125  -0.376925
-0.21875  -0.493534
-0.1875  -0.479541
-0.0625  -0.512941
0.03125  -0.528636
0.15625  -0.643947
0  -0.592841
0.15625  -0.538074
0.0625  -0.600765
0.0625  -0.575806
0.03125  -0.241419
0.09375  -0.387786
-0.1875  -0.337496
0.1875  -0.602118
0.03125  -0.475365
0.125  -0.313736
0.03125  -0.472903
0.1875  -0.381849
0.15625  -0.529606
0.0625  -0.655748
-0.09375  -0.595716
0  -0.590558
0  -0.45067
0  -0.507089
0.125  -0.612111
0.125  -0.651088
-0.125  -0.627033
0.15625  -0.509523
-0.03125  -0.537886
-0.125  -0.560801
0.15625  -0.351616
0.0625  -0.471377
0.15625  -0.433139
-0.03125  -0.402472
0.0625  -0.478922
-0.0625  -0.494648
-0.125  -0.511452
0.03125  -0.50482
-0.03125  -0.544644
-0.03125  -0.593719
0.03125  -0.370487
-0.09375  -0.454655
-0.15625  -0.394949
-0.09375  -0.58115
-0.0625  -0.601768
0.09375  -0.26545
0.03125  -0.31454
0.03125  -0.470449
-0.0625  -0.631565
0  -0.45854
0.09375  -0.401198
0.0625  -0.504834
-0.09375  -0.36506
0  -0.538868
0.03125  -0.331861
0.03125  -0.48778
0.0625  -0.265619
-0.1875  -0.592017
0  -0.564375
0.15625  -0.61026
-0.09375  -0.708743
0.09375  -0.451204
0.0625  -0.596887
0.125  -0.504976
0.1875  -0.328631
0.21875  -0.367859
0  -0.548665
0.09375  -0.412763
0.09375  -0.390749
0.09375  -0.406215
-0.15625  -0.539413
0  -0.4617
0.21875  -0.0766906
0.1875  -0.63506
-0.03125  -0.592582
0.03125  -0.572636
-0.03125  -0.57942
0.0625  -0.322352
-0.15625  -0.403376
0  -0.59233
-0.15625  -0.177585
-0.15625  -0.388279
-0.21875  -0.516002
-0.09375  -0.420607
0.3125  -0.445885
0  -0.616239
0.03125  -0.639469
0  -0.348035
-0.125  -0.597881
-0.03125  -0.459858
-0.15625  -0.248848
0  -0.50574
0.03125  -0.523477
-0.1875  -0.518712
0.15625  -0.423971
0  -0.352349
0.09375  -0.398258
-0.0625  -0.548813
-0.125  -0.35625
0.0625  -0.697979
0.125  -0.193195
0.0625  -0.480639
-0.0625  -0.427536
-0.15625  -0.567499
0  -0.175249
0.125  -0.464133
0.0625  -0.429193
-0.125  -0.394583
-0.28125  -0.576381
0.03125  -0.324949
-0.25  -0.353202
0.03125  -0.608247
0.125  -0.603384
0.0625  -0.780917
-0.15625  -0.450527
-0.09375  -0.510899
-0.0625  -0.518244
-0.4375  -0.432266
-0.28125  -0.475965
0.09375  -0.404564
0.1875  -0.387325
0.09375  -0.581161
-0.125  -0.666227
-0.1875  -0.598558
0.03125  -0.399261
0.15625  -0.405708
0.125  -0.570278
-0.125  -0.506603
0.03125  -0.439068
0  -0.484131
-0.125  -0.606897
-0.125  -0.551276
0.03125  -0.475786
0  -0.302475
0.03125  -0.585817
0  -0.297937
-0.125  -0.405832
0  -0.462043
-0.03125  -0.426275
-0.1875  -0.285716
-0.0625  -0.554587
0.25  -0.63505
-0.125  -0.375512
-0.0625  -0.540203
-0.125  -0.568806
0.1875  -0.463644
0.0625  -0.573131
-0.03125  -0.39981
-0.15625  -0.440479
0.3125  -0.699892
0.03125  -0.235775
-0.0625  -0.486131
0.03125  -0.303662
-0.28125  -0.541324
0  -0.388817
-0.25  -0.646176
0.15625  -0.40914
-0.25  -0.469455
0  -0.347153
-0.25  -0.31768
-0.03125  -0.306754
-0.03125  -0.572246
0  -0.624684
0.0625  -0.298255
-0.09375  -0.366676
0  -0.654154
0.09375  -0.483226
0.09375  -0.371467
0.03125  -0.400687
0.03125  -0.432605
0.1875  -0.502832
-0.21875  -0.462042
-0.09375  -0.559725
-0.34375  -0.47671
0.3125  -0.44045
0.03125  -0.405763
0  -0.501403
0  -0.465919
-0.3125  -0.492396
0.21875  -0.340423
-0.09375  -0.633899
0.25  -0.609447
0.09375  -0.508943
0  -0.697174
-0.03125  -0.377749
0.125  -0.407003
-0.1875  -0.502358
-0.09375  -0.575797
-0.0625  -0.434203
0.21875  -0.425183
0  -0.586035
0.03125  -0.385769
0.03125  -0.609205
0.0625  -0.562967
-0.15625  -0.320696
-0.125  -0.389541
0.03125  -0.485435
-0.21875  -0.315868
0.125  -0.54779
0  -0.544033
-0.21875  -0.415778
-0.1875  -0.428682
0.125  -0.666842
0.0625  -0.547749
-0.0625  -0.54073
-0.34375  -0.593407
0  -0.231171
-0.09375  -0.616679
0  -0.514038
-0.0625  -0.615468
0.09375  -0.430412
-0.125  -0.523147
0.15625  -0.545764
-0.125  -0.517001
-0.0625  -0.397233
0.0625  -0.612226
0.09375  -0.0765684
0.03125  -0.442851
-0.15625  -0.588458
-0.125  -0.445946
0  -0.564132
0.03125  -0.548725
0.03125  -0.367451
-0.03125  -0.468719
0.3125  -0.307426
0.125  -0.328422
-0.09375  -0.661814
0.125  -0.371172
-0.03125  -0.564334
-0.125  -0.565629
0.1875  -0.393224
-0.03125  -0.437854
-0.21875  -0.459435
0.1875  -0.448169
0.03125  -0.353034
0.1875  -0.405226
0.125  -0.464741
-0.0625  -0.495014
-0.15625  -0.255632
0.03125  -0.320173
0.21875  -0.438189
-0.03125  -0.453303
-0.03125  -0.673222
0.125  -0.496552
0.15625  -0.47796
0.09375  -0.529285
0  -0.326759
0.15625  -0.556942
0.125  -0.495809
0.15625  -0.451079
-0.34375  -0.445317
0  -0.495271
0  -0.431541
-0.03125  -0.35255
-0.0625  -0.62836
0.25  -0.412077
0.15625  -0.684921
0.1875  -0.487688
0.03125  -0.443389
0.09375  -0.471293
0  -0.472433
-0.03125  -0.477412
-0.125  -0.440735
-0.15625  -0.374025
-0.03125  -0.663536
0.03125  -0.548583
0.1875  -0.433904
0  -0.392528
-0.09375  -0.468368
0.0625  -0.569173
0.15625  -0.440139
-0.0625  -0.392886
0  -0.484393
-0.15625  -0.382165
0.0625  -0.494752
0.0625  -0.434588
-0.03125  -0.405243
0.125  -0.464298
0.125  -0.44169
-0.125  -0.437001
-0.09375  -0.247035
-0.03125  -0.358881
0.15625  -0.400697
-0.09375  -0.421031
-0.21875  -0.414993
0.0625  -0.28622
-0.15625  -0.440919
-0.15625  -0.54491
0.0625  -0.474502
-0.28125  -0.379638
0.0625  -0.508081
0.15625  -0.455377
0.21875  -0.500207
-0.3125  -0.457859
-0.40625  -0.444126
0.0625  -0.536266
-0.25  -0.221599
-0.3125  -0.469595
-0.21875  -0.508053
-0.09375  -0.417343
0  -0.527913
0.125  -0.478667
0.15625  -0.584959
0.03125  -0.471431
-0.0625  -0.590318
-0.0625  -0.337977
-0.03125  -0.479789
-0.125  -0.58673
-0.1875  -0.549386
-0.125  -0.706098
-0.21875  -0.604556
-0.03125  -0.50114
0.21875  -0.681492
0.09375  -0.549155
-0.0625  -0.425015
-0.09375  -0.480839
0  -0.208248
-0.15625  -0.278373
0  -0.47009
-0.0625  -0.49034
0.0625  -0.569783
-0.15625  -0.588636
0.3125  -0.502205
-0.0625  -0.245896
0  -0.395883
-0.03125  -0.428915
-0.125  -0.540182
-0.25  -0.485543
-0.03125  -0.693813
0  -0.529879
0  -0.447888
-0.03125  -0.523189
-0.09375  -0.617869
-0.09375  -0.402137
0.21875  -0.489635
0.09375  -0.594153
0.0625  -0.289341
0.03125  -0.612994
0.1875  -0.760448
-0.0625  -0.659618
-0.09375  -0.439541
-0.03125  -0.54069
0.125  -0.29713
0.15625  -0.545797
-0.125  -0.513467
-0.15625  -0.198313
0.09375  -0.427576
0.25  -0.466081
-0.0625  -0.337508
-0.03125  -0.442051
0.03125  -0.58609
-0.03125  -0.228898
0.15625  -0.405478
0  -0.390815
-0.09375  -0.342017
-0.28125  -0.480773
0  -0.567799
-0.21875  -0.339519
-0.0625  -0.294836
0.28125  -0.613101
-0.125  -0.267864
0.03125  -0.549427
0.03125  -0.401367
-0.0625  -0.408073
-0.0625  -0.404818
0.125  -0.316317
-0.09375  -0.450344
0.03125  -0.541384
-0.1875  -0.407156
-0.0625  -0.402834
0.0625  -0.372693
-0.0625  -0.458087
-0.28125  -0.678203
0.03125  -0.461647
-0.03125  -0.458498
0.03125  -0.326778
0.125  -0.437245
-0.15625  -0.580113
0  -0.420832
0.03125  -0.473378
-0.03125  -0.699876
0.03125  -0.732799
0.1875  -0.265391
0.09375  -0.458474
0.125  -0.631291
0  -0.42665
0.0625  -0.482285
-0.09375  -0.524471
0.21875  -0.344011
0.125  -0.384252
0.09375  -0.321636
-0.15625  -0.548242
0.0625  -0.428327
-0.0625  -0.504129
0.09375  -0.720555
0.09375  -0.284018
-0.03125  -0.294574
-0.0625  -0.493288
0  -0.403957
-0.09375  -0.384743
0.28125  -0.334194
0.21875  -0.311231
-0.09375  -0.411173
0.0625  -0.146729
0.1875  -0.481882
-0.0625  -0.453607
0  -0.448781
0  -0.682893
-0.125  -0.441312
-0.03125  -0.471965
0.125  -0.558759
0.0625  -0.612093
0.03125  -0.511262
-0.1875  -0.50511
0.09375  -0.462009
0.09375  -0.519306
-0.25  -0.417373
0.09375  -0.456241
-0.03125  -0.490397
-0.03125  -0.597057
-0.03125  -0.534477
0.09375  -0.397562
0.03125  -0.516344
-0.0625  -0.477495
-0.03125  -0.306134
-0.1875  -0.617976
0.0625  -0.57847
-0.09375  -0.544598
-0.03125  -0.471522
0.125  -0.256409
-0.0625  -0.561502
0.09375  -0.658855
-0.125  -0.508176
0.15625  -0.396892
0.0625  -0.308981
0.21875  -0.36594
-0.09375  -0.580018
-0.25  -0.651412
-0.15625  -0.461948
-0.0625  -0.442064
0.15625  -0.525111
0.03125  -0.270572
-0.125  -0.38519
0.0625  -0.545876
0.03125  -0.494148
-0.03125  -0.545485
-0.1875  -0.4616
0.0625  -0.691373
-0.09375  -0.256338
0.0625  -0.610606
0.15625  -0.444898
0.09375  -0.437735
-0.03125  -0.679811
0.1875  -0.444883
-0.09375  -0.516726
-0.25  -0.338506
-0.0625  -0.388753
0  -0.508058
0.0625  -0.489803
0  -0.521868
-0.1875  -0.305629
-0.0625  -0.365974
0.25  -0.448538
0.09375  -0.45664
-0.0625  -0.266899
-0.0625  -0.461358
-0.0625  -0.52251
0.125  -0.255146
0.09375  -0.497795
-0.03125  -0.537591
0  -0.415314
-0.34375  -0.287253
-0.09375  -0.538992
0.09375  -0.349698
0.03125  -0.496144
-0.125  -0.538985
-0.15625  -0.577344
-0.0625  -0.514043
0.03125  -0.562384
0.0625  -0.755568
-0.15625  -0.397587
-0.03125  -0.449333
0.0625  -0.416297
0.03125  -0.265888
0.15625  -0.503577
0.0625  -0.325667
-0.0625  -0.23447
-0.375  -0.499034
0.1875  -0.727822
-0.28125  -0.63435
-0.15625  -0.459392
0.15625  -0.662807
-0.1875  -0.212046
0  -0.120013
-0.03125  -0.368297
0.125  -0.447919
-0.15625  -0.473677
0.3125  -0.503398
0.21875  -0.473498
-0.09375  -0.45032
0.21875  -0.601879
0.0625  -0.493286
0.125  -0.626579
-0.0625  -0.272463
-0.03125  -0.411293
0.1875  -0.52473
0  -0.316092
-0.34375  -0.325723
-0.1875  -0.44941
0.125  -0.516144
0.125  -0.516435
0.25  -0.45183
0.1875  -0.407308
0.25  -0.545076
0.21875  -0.5148
0.03125  -0.509404
-0.09375  -0.493584
-0.09375  -0.57424
0.03125  -0.521163
0.03125  -0.380995
-0.125  -0.0913934
0  -0.48339
-0.03125  -0.391943
0.03125  -0.385636
-0.0625  -0.528273
0.03125  -0.296412
0.25  -0.778044
0.03125  -0.595173
0  -0.594768
-0.03125  -0.458426
-0.125  -0.381738
0.09375  -0.415869
0.125  -0.409622
0  -0.707036
-0.03125  -0.488307
-0.03125  -0.377132
0.09375  -0.534257
0  -0.438814
0.21875  -0.527453
0.125  -0.552898
0.0625  -0.427377
0.15625  -0.511963
-0.1875  -0.299
-0.0625  -0.363429
0.125  -0.500433
0.09375  -0.304574
0.375  -0.548202
0.125  -0.352106
0  -0.516021
-0.09375  -0.512737
-0.1875  -0.538928
0  -0.462166
0.15625  -0.64335
-0.09375  -0.292869
0.03125  -0.579433
0.0625  -0.494294
0  -0.426996
-0.125  -0.276453
-0.03125  -0.4002
0.03125  -0.624634
-0.0625  -0.559145
-0.09375  -0.523012
0.25  -0.532776
-0.1875  -0.353168
0.21875  -0.572343
0.125  -0.48283
0.21875  -0.422926
-0.25  -0.527269
-0.15625  -0.50331
-0.09375  -0.402595
0.21875  -0.735975
0.125  -0.332553
0.21875  -0.655298
-0.21875  -0.494057
0.15625  -0.387737
0.15625  -0.555957
-0.21875  -0.339735
-0.125  -0.345454
0.125  -0.48132
0.09375  -0.291411
-0.09375  -0.456007
-0.09375  -0.492398
-0.0625  -0.303166
0.0625  -0.405575
-0.0625  -0.449558
-0.21875  -0.435502
-0.21875  -0.606279
0  -0.493619
0.15625  -0.482116
-0.09375  -0.481003
-0.0625  -0.468221
0  -0.559811
0.15625  -0.394272
-0.15625  -0.466455
0  -0.600142
0.0625  -0.652507
-0.03125  -0.445736
0.21875  -0.575475
-0.125  -0.477885
-0.0625  -0.528125
0  -0.575507
0.09375  -0.663584
0.28125  -0.515715
0.125  -0.319491
0.3125  -0.662548
0.15625  -0.366933
0.03125  -0.336367
0.1875  -0.207717
0.03125  -0.552509
-0.1875  -0.624166
-0.03125  -0.321999
-0.25  -0.351441
-0.125  -0.461323
-0.1875  -0.325511
-0.0625  -0.604754
0.15625  -0.447159
-0.0625  -0.450658
-0.03125  -0.56086
-0.03125  -0.442858
-0.03125  -0.357778
-0.15625  -0.255392
0.09375  -0.612362
-0.25  -0.388668
0  -0.339101
0.03125  -0.581624
0.25  -0.474882
-0.125  -0.442214
0  -0.545252
0.1875  -0.41144
-0.15625  -0.372403
0.0625  -0.821538
-0.09375  -0.53709
-0.03125  -0.521574
0.09375  -0.50096
0.15625  -0.549582
-0.1875  -0.562106
0.28125  -0.419063
0  -0.608524
-0.03125  -0.361363
0  -0.381154
-0.03125  -0.276329
-0.25  -0.513857
-0.03125  -0.55794
-0.0625  -0.499591
-0.125  -0.449252
0  -0.339388
0.09375  -0.381466
0  -0.506836
-0.03125  -0.4614
0.15625  -0.512525
0.0625  -0.527612
0  -0.407739
-0.1875  -0.299325
0.0625  -0.456556
-0.1875  -0.522554
-0.125  -0.368226
-0.09375  -0.458909
-0.03125  -0.571168
-0.25  -0.412849
-0.03125  -0.388276
0.03125  -0.53379
-0.09375  -0.461911
0.09375  -0.39738
0  -0.528839
0.03125  -0.428885
0.28125  -0.401657
-0.125  -0.256308
-0.09375  -0.49053
0.09375  -0.518297
0.09375  -0.480743
-0.1875  -0.479907
0.1875  -0.453967
-0.1875  -0.572419
0.0625  -0.506044
0.15625  -0.392445
0.0625  -0.571762
0.03125  -0.577346
-0.125  -0.437232
-0.09375  -0.328264
0.125  -0.428404
0.0625  -0.407698
-0.09375  -0.448474
0  -0.626041
-0.1875  -0.402634
-0.21875  -0.547619
-0.3125  -0.432031
-0.21875  -0.57834
0.21875  -0.468888
0.125  -0.218195
-0.03125  -0.149192
-0.15625  -0.591834
-0.09375  -0.469258
0.09375  -0.573534
-0.09375  -0.394541
0  -0.491202
0.09375  -0.305595
-0.125  -0.460422
0.0625  -0.40928
-0.21875  -0.611411
-0.375  -0.525362
0  -0.514626
0  -0.392045
0  -0.428678
-0.15625  -0.427785
0.0625  -0.33251
0.0625  -0.470976
-0.03125  -0.508138
0.125  -0.5985
0.03125  -0.340566
0  -0.432037
0.09375  -0.60255
0.09375  -0.550318
0.09375  -0.54505
0.03125  -0.436182
-0.21875  -0.487232
0.0625  -0.473454
-0.09375  -0.488779
0  -0.402879
0.0625  -0.470209
0.15625  -0.410728
-0.1875  -0.397129
-0.125  -0.381369
0.0625  -0.533737
0.09375  -0.215484
0.0625  -0.512784
-0.15625  -0.389965
0.0625  -0.465153
-0.125  -0.470775
0.03125  -0.455784
-0.0625  -0.595809
-0.0625  -0.377212
0.03125  -0.645424
-0.1875  -0.448621
0.03125  -0.615823
0.0625  -0.546389
0.03125  -0.513127
-0.1875  -0.469503
0  -0.581465
0.0625  -0.332455
0.1875  -0.651366
0.09375  -0.452687
-0.0625  -0.600898
0.0625  -0.320551
0.09375  -0.360379
0  -0.616211
-0.0625  -0.641761
-0.1875  -0.460753
0.0625  -0.264327
0  -0.690212
0.0625  -0.267575
0.03125  -0.534458
-0.21875  -0.381277
0  -0.515742
-0.125  -0.517407
0  -0.478915
-0.03125  -0.377947
-0.1875  -0.462447
-0.03125  -0.511993
0.0625  -0.592842
0  -0.517713
0.03125  -0.541388
-0.125  -0.384707
0.03125  -0.639624
-0.1875  -0.574262
-0.03125  -0.322053
0  -0.563983
-0.03125  -0.596818
0.09375  -0.449233
-0.09375  -0.458845
0.0625  -0.250607
0.15625  -0.417837
-0.125  -0.341884
-0.09375  -0.33499
-0.125  -0.354716
0.0625  -0.58789
-0.03125  -0.340375
-0.15625  -0.425699
0.21875  -0.480776
0  -0.382115
-0.1875  -0.396288
0.09375  -0.6718
0  -0.55838
-0.1875  -0.386368
0.09375  -0.300908
0.03125  -0.454638
0.0625  -0.365614
0.03125  -0.609823
-0.09375  -0.524906
-0.1875  -0.483881
0.09375  -0.552558
0  -0.344561
0.0625  -0.469676
0.09375  -0.418739
0.09375  -0.747116
0.125  -0.550607
0.125  -0.630345
0.03125  -0.522805
-0.09375  -0.612113
0.0625  -0.44362
0.09375  -0.578677
-0.09375  -0.656043
0.1875  -0.61555
-0.09375  -0.370407
-0.25  -0.380588
0.03125  -0.211261
-0.15625  -0.155522
-0.125  -0.559964
0.03125  -0.464715
0.0625  -0.485413
-0.09375  -0.586743
0.0625  -0.484422
0  -0.587801
0.0625  -0.57259
-0.03125  -0.761463
0.09375  -0.522919
0  -0.527454
0.15625  -0.55194
-0.03125  -0.516578
0  -0.410718
0.03125  -0.63213
-0.09375  -0.575454
0.15625  -0.235057
0.1875  -0.436497
0.0625  -0.528048
0  -0.514486
0.21875  -0.506084
-0.15625  -0.516184
-0.0625  -0.323752
0.03125  -0.530795
0.03125  -0.33359
-0.03125  -0.538215
-0.0625  -0.26663
-0.15625  -0.459409
0.21875  -0.637627
0.28125  -0.578489
-0.03125  -0.521462
0.125  -0.250699
-0.125  -0.671568
-0.03125  -0.622452
0.03125  -0.583185
0.125  -0.585505
0.0625  -0.662358
-0.15625  -0.419445
0.0625  -0.612647
0.03125  -0.352349
0.0625  -0.337182
-0.125  -0.59112
-0.125  -0.512787
-0.09375  -0.256521
0.125  -0.363925
0.09375  -0.591012
0.25  -0.536639
0.125  -0.486325
-0.15625  -0.314784
0  -0.483869
-0.0625  -0.371263
-0.03125  -0.626369
-0.03125  -0.312351
-0.125  -0.329775
0.125  -0.565684
-0.125  -0.488624
-0.0625  -0.547833
-0.03125  -0.400784
-0.15625  -0.326537
0.03125  -0.372687
0.25  -0.660442
0  -0.401431
0  -0.376969
-0.15625  -0.565744
0.0625  -0.601757
0.03125  -0.653527
-0.03125  -0.331026
-0.1875  -0.559306
0.0625  -0.40191
-0.1875  -0.341721
0.03125  -0.537689
0.09375  -0.497494
-0.03125  -0.0811716
-0.125  -0.274454
0.15625  -0.397224
-0.125  -0.513815
-0.125  -0.593145
0  -0.522167
-0.15625  -0.406672
0.21875  -0.546528
0.0625  -0.296125
-0.03125  -0.462816
0.15625  -0.593386
0.03125  -0.417261
0  -0.408428
0.125  -0.388297
0.03125  -0.494588
0.15625  -0.474985
0  -0.296522
0.15625  -0.343074
0.15625  -0.343665
0.0625  -0.470225
0.0625  -0.500128
-0.15625  -0.590303
0.25  -0.455795
-0.03125  -0.462937
-0.1875  -0.512514
-0.09375  -0.608344
0.09375  -0.568688
0.0625  -0.379154
-0.03125  -0.416154
0.21875  -0.552516
0.125  -0.416383
0.09375  -0.500375
-0.34375  -0.622794
-0.09375  -0.415462
0  -0.330697
-0.09375  -0.629518
-0.09375  -0.574978
-0.0625  -0.404673
0.15625  -0.46758
0.03125  -0.629022
-0.03125  -0.54547
0.0625  -0.361007
0.09375  -0.51339
-0.125  -0.493581
-0.25  -0.53497
0.09375  -0.584967
0  -0.369263
0  -0.335216
-0.125  -0.412412
-0.15625  -0.62604
-0.0625  -0.484517
0.0625  -0.430719
-0.03125  -0.515621
-0.0625  -0.5475
0.15625  -0.522165
-0.0625  -0.499158
0.28125  -0.525211
-0.15625  -0.39368
0.0625  -0.626599
0.125  -0.433722
-0.03125  -0.57787
0.0625  -0.536015
-0.0625  -0.50091
-0.03125  -0.537169
0  -0.523991
0.03125  -0.503066
0.03125  -0.413438
0  -0.621056
-0.03125  -0.283858
0.09375  -0.511319
-0.03125  -0.27888
0.0625  -0.532264
0.0625  -0.558713
0.0625  -0.355365
-0.0625  -0.41491
0.0625  -0.537705
0.0625  -0.427077
0  -0.572262
0.09375  -0.579073
0  -0.460544
0.21875  -0.566761
0.15625  -0.496952
-0.03125  -0.588856
0.15625  -0.407041
0.125  -0.548738
-0.0625  -0.593734
0.1875  -0.480441
0  -0.475555
0.125  -0.582474
-0.0625  -0.752473
-0.03125  -0.295086
-0.15625  -0.495476
0.125  -0.482315
0.125  -0.409295
-0.15625  -0.516496
0.0625  -0.527244
0.0625  -0.324415
0  -0.503591
-0.1875  -0.495351
-0.03125  -0.471503
-0.15625  -0.543617
-0.15625  -0.464532
0.15625  -0.565551
0.15625  -0.514505
0.15625  -0.516145
0  -0.320307
-0.0625  -0.473796
0.0625  -0.427404
0.1875  -0.311316
-0.21875  -0.333515
0.0625  -0.758928
0.0625  -0.372263
-0.0625  -0.489976
-0.03125  -0.544347
0.03125  -0.367112
0  -0.622574
0.15625  -0.289058
0.21875  -0.572198
0.09375  -0.60771
-0.15625  -0.372462
-0.0625  -0.526133
0.09375  -0.500641
-0.0625  -0.248015
0.09375  -0.232449
0.15625  -0.330774
0.25  -0.450179
0.15625  -0.730061
-0.03125  -0.433774
0.0625  -0.603727
-0.03125  -0.618853
-0.25  -0.637845
0.09375  -0.418516
-0.0625  -0.479319
0  -0.71016
0.09375  -0.368917
0  -0.487713
0.03125  -0.430971
-0.1875  -0.685248
0.09375  -0.377957
0  -0.220803
-0.09375  -0.274122
-0.0625  -0.345112
-0.0625  -0.460282
-0.0625  -0.441652
-0.21875  -0.577679
0.15625  -0.458906
0  -0.582269
0.125  -0.607144
0.09375  -0.487884
-0.03125  -0.400085
0.15625  -0.618238
0.125  -0.482564
0.25  -0.483701
-0.0625  -0.354665
0.03125  -0.53152
0.03125  -0.530382
-0.0625  -0.595267
-0.15625  -0.585947
-0.0625  -0.561419
0.09375  -0.378047
-0.0625  -0.426319
-0.09375  -0.526789
0.09375  -0.584896
0.25  -0.444809
-0.09375  -0.262316
0  -0.451278
-0.125  -0.548408
0  -0.208037
0.03125  -0.372485
0  -0.477391
-0.21875  -0.544185
0.03125  -0.350156
0.3125  -0.464807
0.21875  -0.525785
0.09375  -0.341669
0.15625  -0.34387
0  -0.462162
0.0625  -0.362607
0.0625  -0.187953
0.1875  -0.601783
0.0625  -0.516042
-0.09375  -0.580386
0.125  -0.457616
-0.03125  -0.693221
0.09375  -0.488168
0  -0.57673
0.25  -0.519169
0.0625  -0.532069
-0.3125  -0.641302
-0.09375  -0.484189
0  -0.668266
-0.21875  -0.405556
0.0625  -0.464321
-0.15625  -0.411366
0.0625  -0.52817
-0.0625  -0.415382
-0.0625  -0.352624
0.125  -0.476696
-0.09375  -0.5169
0.125  -0.42681
-0.1875  -0.364929
-0.1875  -0.450027
-0.09375  -0.626334
-0.125  -0.401195
0.1875  -0.30305
-0.25  -0.315002
0.125  -0.451857
0.03125  -0.563274
-0.03125  -0.357169
0.03125  -0.605139
-0.03125  -0.380538
0.0625  -0.372803
-0.03125  -0.365803
-0.1875  -0.461989
0.09375  -0.363112
0  -0.285725
0.0625  -0.451813
0.3125  -0.309338
0.03125  -0.499562
0.125  -0.511304
0.15625  -0.507636
0.3125  -0.347444
0.3125  -0.64838
0  -0.266415
0.09375  -0.492671
-0.125  -0.626338
-0.09375  -0.514228
0.15625  -0.434461
0  -0.564153
0.09375  -0.507578
0.15625  -0.465071
0.0625  -0.629233
0  -0.425385
0  -0.39662
-0.0625  -0.350967
-0.125  -0.446828
0.125  -0.463381
0.125  -0.41023
0.21875  -0.518675
0.15625  -0.417553
-0.1875  -0.5275
-0.0625  -0.49494
-0.1875  -0.57919
-0.03125  -0.28611
0.09375  -0.507206
0  -0.325985
-0.15625  -0.351127
0.0625  -0.389185
-0.1875  -0.489293
0.25  -0.567451
0.28125  -0.622871
0.1875  -0.463072
-0.15625  -0.541605
0.0625  -0.632023
-0.15625  -0.479458
0.0625  -0.372452
-0.21875  -0.308621
-0.125  -0.378422
0  -0.390905
-0.09375  -0.47598
-0.15625  -0.27464
0.03125  -0.536535
0  -0.701599
0.25  -0.558469
0.09375  -0.691685
0.09375  -0.393314
0  -0.553671
-0.0625  -0.466999
0.15625  -0.511286
-0.03125  -0.369006
0.0625  -0.406433
-0.21875  -0.216186
-0.0625  -0.335253
-0.15625  -0.686132
0.21875  -0.606692
0.15625  -0.411315
0.3125  -0.457683
-0.125  -0.482992
-0.0625  -0.432423
-0.125  -0.462332
-0.0625  -0.368786
-0.125  -0.495606
-0.125  -0.324656
0.21875  -0.696479
0.03125  -0.60249
0.09375  -0.303642
0.15625  -0.549113
-0.03125  -0.55099
0.03125  -0.473014
0  -0.596901
0.03125  -0.482099
-0.03125  -0.565871
-0.125  -0.342657
-0.0625  -0.357562
0.21875  -0.350311
0.15625  -0.325743
-0.0625  -0.290816
0.03125  -0.327095
0  -0.456339
-0.09375  -0.588373
0  -0.564131
-0.03125  -0.26747
0.1875  -0.642181
0.03125  -0.414987
0.09375  -0.515589
0.0625  -0.365751
0.09375  -0.406986
-0.03125  -0.563708
-0.125  -0.487335
0.1875  -0.387272
0  -0.457379
0.15625  -0.380608
-0.03125  -0.529581
0  -0.46246
0.1875  -0.327981
0  -0.469124
0.125  -0.352209
0.25  -0.557126
-0.09375  -0.673638
-0.25  -0.59949
-0.09375  -0.470838
0.25  -0.467308
-0.3125  -0.531993
0.09375  -0.512966
0.1875  -0.369272
0.0625  -0.456696
0.0625  -0.454866
0.0625  -0.431951
-0.0625  -0.405298
0.125  -0.370327
-0.09375  -0.48754
0.21875  -0.75225
0.03125  -0.655835
-0.1875  -0.375332
0.25  -0.448172
-0.03125  -0.496705
-0.125  -0.61859
0.09375  -0.55531
0.0625  -0.632354
-0.0625  -0.341319
0.0625  -0.518446
0.09375  -0.724113
0.25  -0.368036
-0.03125  -0.455595
-0.03125  -0.434964
0.09375  -0.669689
-0.15625  -0.659035
-0.25  -0.47679
0.0625  -0.661367
0  -0.317367
-0.0625  -0.401648
-0.03125  -0.457452
0.09375  -0.506444
0  -0.460475
0.0625  -0.492476
-0.03125  -0.496977
-0.09375  -0.521793
0.09375  -0.477976
-0.125  -0.493828
0  -0.718192
-0.09375  -0.687438
-0.09375  -0.536389
0  -0.396512
0.09375  -0.623919
-0.21875  -0.485794
0  -0.562464
0.1875  -0.416109
0.09375  -0.668022
-0.03125  -0.545688
0.15625  -0.60278
-0.09375  -0.5791
-0.03125  -0.324277
0.0625  -0.616396
-0.03125  -0.338511
0  -0.727097
0.28125  -0.53092
-0.125  -0.310573
0  -0.403315
0.0625  -0.54772
0.28125  -0.336682
-0.09375  -0.499488
-0.03125  -0.587595
-0.0625  -0.429766
0  -0.511671
-0.03125  -0.424924
-0.25  -0.626937
0  -0.358001
0.0625  -0.443297
-0.21875  -0.668043
-0.21875  -0.465961
-0.21875  -0.536156
0.15625  -0.579831
0.09375  -0.480986
-0.21875  -0.49803
-0.0625  -0.382494
-0.15625  -0.46391
0.0625  -0.5639
0.03125  -0.429256
-0.03125  -0.599632
0.125  -0.357331
-0.09375  -0.498596
0.0625  -0.598293
0.15625  -0.485783
0  -0.538864
-0.375  -0.429893
0.09375  -0.354757
-0.15625  -0.512069
0.0625  -0.505091
-0.0625  -0.605014
-0.0625  -0.46991
-0.0625  -0.34655
-0.03125  -0.38219
0.0625  -0.689044
-0.09375  -0.602147
0.03125  -0.253496
0.125  -0.543887
-0.03125  -0.535798
-0.25  -0.438928
-0.0625  -0.619344
0.125  -0.395676
0.09375  -0.457452
-0.0625  -0.497624
0.1875  -0.298258
0.21875  -0.393663
-0.0625  -0.314996
0.03125  -0.138729
-0.0625  -0.451204
-0.21875  -0.633864
-0.09375  -0.437904
-0.0625  -0.539214
0.21875  -0.543561
-0.15625  -0.568372
-0.125  -0.442793
0.09375  -0.619624
-0.0625  -0.544904
0.0625  -0.552187
0.03125  -0.39656
0.28125  -0.675815
0.09375  -0.576959
-0.3125  -0.599966
0.21875  -0.617624
0.0625  -0.376016
0.25  -0.461237
-0.03125  -0.467728
-0.0625  -0.579768
-0.09375  -0.600528
-0.0625  -0.526266
-0.03125  -0.452381
0.28125  -0.387556
0.0625  -0.622208
-0.1875  -0.330651
0.03125  -0.535042
-0.0625  -0.408096
-0.21875  -0.368823
0  -0.327691
0.125  -0.624246
0.15625  -0.526918
-0.09375  -0.452308
-0.28125  -0.355982
-0.125  -0.428671
-0.25  -0.603958
-0.0625  -0.253353
-0.15625  -0.432182
0.0625  -0.346832
0.03125  -0.437458
-0.1875  -0.216713
-0.09375  -0.423269
-0.03125  -0.587402
0  -0.487072
0.09375  -0.485706
0.09375  -0.497209
0.03125  -0.375662
0.09375  -0.513763
-0.21875  -0.602587
0.125  -0.463011
-0.03125  -0.593106
-0.09375  -0.192854
0.03125  -0.470013
-0.09375  -0.466432
0.0625  -0.331509
0.03125  -0.294852
0.125  -0.536058
-0.125  -0.414861
0.25  -0.67279
0.1875  -0.458387
0  -0.475062
0.1875  -0.409485
-0.09375  -0.543353
0.03125  -0.65994
-0.1875  -0.65754
0.1875  -0.449553
0.09375  -0.43785
0.1875  -0.616504
0  -0.541295
0.25  -0.522108
0.03125  -0.51649
0.03125  -0.454669
0.09375  -0.617028
-0.125  -0.325585
0.09375  -0.633543
0.15625  -0.497533
0  -0.559327
-0.03125  -0.506338
0.03125  -0.376268
-0.1875  -0.514354
-0.03125  -0.447297
0.09375  -0.330821
0.03125  -0.291008
0.125  -0.478659
-0.0625  -0.505943
0.09375  -0.317417
-0.03125  -0.369372
0  -0.677238
-0.15625  -0.561777
-0.03125  -0.434681
-0.125  -0.308972
-0.09375  -0.462573
0.15625  -0.642674
-0.03125  -0.41962
-0.15625  -0.392813
-0.15625  -0.668422
-0.0625  -0.54297
0.0625  -0.304538
0.125  -0.403201
-0.09375  -0.513683
0.21875  -0.790318
-0.09375  -0.609831
-0.03125  -0.33371
-0.15625  -0.701216
0.125  -0.461277
0.03125  -0.399245
0.03125  -0.283898
-0.03125  -0.403084
0.0625  -0.411317
0  -0.401289
0.0625  -0.519091
0  -0.395674
-0.03125  -0.497702
0.09375  -0.381893
-0.1875  -0.429255
0.0625  -0.506178
0.03125  -0.596941
0  -0.27884
-0.03125  -0.408306
0.09375  -0.54674
0  -0.308807
-0.03125  -0.36734
-0.09375  -0.477768
-0.0625  -0.441339
0  -0.49497
0.0625  -0.274801
0.03125  -0.407575
0.21875  -0.406401
-0.0625  -0.413831
-0.09375  -0.637356
-0.15625  -0.265499
0.125  -0.292105
0  -0.503474
0  -0.318892
0.03125  -0.407255
-0.1875  -0.538888
-0.03125  -0.498121
0  -0.384937
-0.125  -0.501374
0.09375  -0.580524
0.09375  -0.687109
-0.15625  -0.576994
0.125  -0.609329
-0.125  -0.587109
0.03125  -0.32594
-0.03125  -0.442933
0.15625  -0.673986
0.15625  -0.465254
-0.0625  -0.449138
0  -0.390437
-0.1875  -0.530266
0.03125  -0.401432
0  -0.474758
0.15625  -0.446786
0.28125  -0.341735
-0.125  -0.525424
0  -0.602791
-0.125  -0.649845
0.0625  -0.38981
-0.1875  -0.324371
-0.15625  -0.594829
-0.15625  -0.610347
0.375  -0.297736
-0.125  -0.4491
0.1875  -0.399311
-0.125  -0.454621
-0.28125  -0.47323
0.125  -0.439541
0.09375  -0.66987
0.0625  -0.567303
0.09375  -0.430775
0.0625  -0.467729
0.03125  -0.472505
0.03125  -0.477085
-0.3125  -0.65086
-0.03125  -0.481527
-0.21875  -0.491875
0.03125  -0.645513
0.125  -0.541502
0.09375  -0.411808
-0.0625  -0.633416
0  -0.297795
-0.09375  -0.331342
-0.03125  -0.523147
-0.15625  -0.416848
0.0625  -0.517456
0  -0.586182
0.125  -0.559476
0  -0.600126
0  -0.557707
0  -0.560647
0.125  -0.549644
-0.09375  -0.434476
0.03125  -0.625253
0.15625  -0.504421
0.0625  -0.551725
0.28125  -0.455669
-0.125  -0.655376
0.0625  -0.152626
0.03125  -0.402831
0.03125  -0.4869
0  -0.31675
0.125  -0.50513
0  -0.480951
-0.0625  -0.432107
-0.03125  -0.527312
-0.25  -0.29678
-0.125  -0.606345
0.1875  -0.320386
-0.125  -0.461762
0.25  -0.65202
0.125  -0.33446
0  -0.481783
0  -0.456718
-0.09375  -0.553921
-0.21875  -0.47309
-0.1875  -0.465061
0.0625  -0.444892
-0.125  -0.510073
0.09375  -0.339366
0  -0.297538
-0.15625  -0.297351
0.25  -0.443254
0  -0.523734
-0.21875  -0.519186
0.125  -0.414545
0.09375  -0.419846
-0.15625  -0.470527
0.1875  -0.264942
0.21875  -0.503675
0.0625  -0.542522
-0.0625  -0.480223
-0.0625  -0.303089
0.125  -0.591935
0.09375  -0.509841
0.1875  -0.537357
-0.34375  -0.657994
0.125  -0.567394
0.15625  -0.519486
0.21875  -0.497951
-0.125  -0.523973
0.09375  -0.347907
-0.09375  -0.307003
-0.125  -0.313646
0  -0.426701
-0.125  -0.513765
0.25  -0.53961
0.09375  -0.691654
0.09375  -0.422467
-0.09375  -0.406383
-0.03125  -0.603242
0  -0.477133
0.15625  -0.607091
-0.03125  -0.266365
0.0625  -0.422076
-0.0625  -0.396384
-0.25  -0.714982
0.1875  -0.478716
-0.25  -0.523987
-0.15625  -0.393293
0  -0.373512
0.21875  -0.558102
0.0625  -0.338556
-0.1875  -0.428933
-0.15625  -0.469806
0.3125  -0.456791
0.09375  -0.516561
0.15625  -0.352888
-0.0625  -0.491952
-0.09375  -0.566309
0.09375  -0.462401
0.125  -0.371531
-0.0625  -0.395608
-0.03125  -0.464023
0.0625  -0.51851
-0.09375  -0.538135
0.125  -0.333903
0.09375  -0.449758
-0.09375  -0.342979
0.09375  -0.546286
0.125  -0.689423
0.03125  -0.578107
0.15625  -0.600832
-0.15625  -0.398419
-0.03125  -0.562559
0.0625  -0.545724
0.03125  -0.360649
0  -0.55989
-0.0625  -0.583323
0  -0.505938
0.1875  -0.449207
-0.03125  -0.480504
-0.15625  -0.437065
0.03125  -0.517523
0.15625  -0.603775
-0.03125  -0.303327
0.1875  -0.422497
-0.03125  -0.541244
-0.25  -0.447513
-0.0625  -0.545916
-0.125  -0.354041
0.03125  -0.326893
-0.03125  -0.502405
0.1875  -0.587691
0  -0.642532
-0.09375  -0.590387
0.09375  -0.645789
-0.09375  -0.459328
0.15625  -0.416861
0.21875  -0.30648
0.125  -0.505638
0.09375  -0.559163
-0.0625  -0.619026
-0.125  -0.368341
0.09375  -0.486999
0.15625  -0.213821
-0.25  -0.546847
0.125  -0.399348
0.0625  -0.411383
-0.09375  -0.526514
0  -0.424542
0.34375  -0.649166
0.0625  -0.560591
-0.1875  -0.728764
0.0625  -0.484856
0.0625  -0.485655
0.03125  -0.461699
-0.0625  -0.51232
-0.1875  -0.419251
0.09375  -0.353019
0.15625  -0.521336
0.0625  -0.519649
0.0625  -0.373243
0.1875  -0.466014
0.125  -0.594988
0.21875  -0.499642
-0.09375  -0.436671
0.1875  -0.463008
0.0625  -0.355864
0.03125  -0.531472
-0.1875  -0.359991
-0.09375  -0.682223
0.03125  -0.3075
-0.3125  -0.476215
0.125  -0.481645
0.1875  -0.444572
0.0625  -0.532021
0.125  -0.467419
-0.1875  -0.084016
0.125  -0.523794
-0.09375  -0.390877
0.28125  -0.625501
-0.21875  -0.574218
0  -0.290308
0.09375  -0.570038
-0.15625  -0.711906
-0.03125  -0.338447
0.125  -0.442374
-0.03125  -0.256421
-0.15625  -0.334477
0.125  -0.465472
0.03125  -0.562776
0.1875  -0.256163
0  -0.544422
0  -0.29009
0.09375  -0.525854
-0.125  -0.54919
-0.03125  -0.40274
-0.0625  -0.197994
0.03125  -0.571351
0  -0.499383
0.03125  -0.587119
0.09375  -0.751495
-0.03125  -0.574485
0.125  -0.387947
0.0625  -0.388852
0.28125  -0.372982
-0.3125  -0.47574
0.1875  -0.543423
0.21875  -0.569751
0.03125  -0.575634
0.03125  -0.437177
0.125  -0.348255
0.09375  -0.585836
0.125  -0.424696
0.03125  -0.755026
-0.21875  -0.487468
-0.125  -0.754087
0.09375  -0.329264
-0.15625  -0.432758
-0.125  -0.514909
-0.03125  -0.601778
-0.09375  -0.396937
0.15625  -0.510929
0.0625  -0.390537
0.0625  -0.567718
-0.09375  -0.50264
0.0625  -0.525818
0.03125  -0.415923
0.1875  -0.429627
-0.125  -0.360534
0.125  -0.394939
0.15625  -0.502227
-0.0625  -0.546587
-0.15625  -0.659992
0.09375  -0.438759
0.09375  -0.461637
-0.125  -0.457131
0.03125  -0.390562
-0.21875  -0.450224
-0.0625  -0.254659
-0.3125  -0.517806
0.03125  -0.372598
-0.125  -0.520788
-0.25  -0.459298
-0.09375  -0.591646
0.0625  -0.224859
0.09375  -0.52973
-0.125  -0.396717
-0.09375  -0.590199
0.09375  -0.570854
0.0625  -0.359657
-0.03125  -0.429955
0.09375  -0.644887
0  -0.430862
0.0625  -0.571037
0.21875  -0.406437
0.28125  -0.393531
0  -0.520889
-0.03125  -0.348451
-0.03125  -0.55158
-0.0625  -0.467646
0.125  -0.575607
0.15625  -0.492333
0.09375  -0.615437
-0.09375  -0.577279
0.03125  -0.555674
0.0625  -0.55384
0.3125  -0.390131
0.0625  -0.40583
0.125  -0.656679
0.25  -0.555692
0.15625  -0.284468
-0.03125  -0.341448
-0.0625  -0.443276
-0.15625  -0.510136
0  -0.51306
-0.03125  -0.48404
-0.09375  -0.490689
0  -0.48702
0.1875  -0.573996
0.1875  -0.52022
-0.03125  -0.422908
-0.0625  -0.562389
0  -0.615059
0.3125  -0.454905
0  -0.271478
-0.0625  -0.259046
-0.03125  -0.440003
-0.09375  -0.527602
-0.125  -0.637013
0  -0.344454
0.125  -0.637776
-0.21875  -0.527459
-0.09375  -0.330157
-0.1875  -0.525956
0.21875  -0.523573
0.03125  -0.62925
-0.1875  -0.463892
0.125  -0.322636
-0.0625  -0.593674
-0.03125  -0.110505
-0.0625  -0.604754
-0.1875  -0.641923
0.09375  -0.402657
0.09375  -0.458118
-0.15625  -0.365988
-0.15625  -0.599362
-0.28125  -0.700829
0  -0.437928
0.0625  -0.621756
0.125  -0.521185
0.03125  -0.460288
-0.15625  -0.444928
-0.03125  -0.50893
0.1875  -0.572014
-0.09375  -0.553814
0.09375  -0.556935
-0.03125  -0.277292
0.1875  -0.460363
0.25  -0.275521
-0.15625  -0.403624
0.09375  -0.311697
0.125  -0.788331
0.125  -0.265913
0.03125  -0.663967
0.09375  -0.709864
0.0625  -0.658654
-0.15625  -0.388376
-0.0625  -0.576746
-0.0625  -0.461873
0  -0.58867
-0.09375  -0.5542
0.15625  -0.564961
-0.03125  -0.395545
0.03125  -0.447703
0  -0.456024
0.1875  -0.402295
-0.15625  -0.573758
-0.25  -0.624808
-0.15625  -0.238861
-0.0625  -0.37312
-0.1875  -0.64985
0.03125  -0.587938
0.21875  -0.552246
-0.09375  -0.356466
-0.15625  -0.409102
0.125  -0.27051
-0.09375  -0.438219
-0.09375  -0.400553
-0.0625  -0.572396
0  -0.377932
0.25  -0.466364
-0.21875  -0.415264
-0.21875  -0.455679
-0.21875  -0.675137
-0.0625  -0.555382
-0.125  -0.432429
0.28125  -0.493203
0.03125  -0.676367
0  -0.60089
-0.125  -0.506543
0  -0.41504
-0.34375  -0.64716
0  -0.614438
0.09375  -0.463712
0.28125  -0.432378
0.1875  -0.330876
0.03125  -0.508413
-0.03125  -0.637354
0.125  -0.484921
-0.125  -0.46754
0.0625  -0.254843
-0.15625  -0.719823
0.09375  -0.425138
-0.0625  -0.419376
0.03125  -0.496395
0.09375  -0.428566
0.09375  -0.511108
0.125  -0.470259
0.125  -0.512411
-0.1875  -0.611012
0.0625  -0.410285
-0.1875  -0.403492
0.15625  -0.624494
-0.03125  -0.338949
0.125  -0.524524
-0.03125  -0.578547
-0.09375  -0.553289
-0.03125  -0.492413
0.125  -0.305068
0.3125  -0.365304
0.09375  -0.38636
0.40625  -0.46828
0.1875  -0.316472
0.03125  -0.307393
0.0625  -0.62649
-0.03125  -0.528751
-0.15625  -0.410976
0.125  -0.543103
-0.15625  -0.389908
-0.09375  -0.479417
-0.15625  -0.482554
-0.125  -0.341503
-0.0625  -0.368862
-0.21875  -0.293257
-0.0625  -0.345212
-0.09375  -0.548189
-0.0625  -0.333168
0.15625  -0.622911
0.03125  -0.417365
-0.03125  -0.539401
0.125  -0.510904
0.28125  -0.456345
-0.0625  -0.583535
0  -0.481312
-0.03125  -0.690709
0.03125  -0.711775
0.03125  -0.344616
-0.1875  -0.66455
0.21875  -0.509104
0  -0.44037
-0.03125  -0.605555
0.125  -0.746204
-0.0625  -0.420147
-0.34375  -0.49253
-0.09375  -0.362051
0.1875  -0.45979
-0.0625  -0.396686
0.28125  -0.39774
0.15625  -0.353825
-0.21875  -0.498075
-0.03125  -0.628044
-0.09375  -0.739772
0.09375  -0.448292
0  -0.564175
0.25  -0.432764
0.0625  -0.314729
-0.0625  -0.39861
0  -0.556993
0.0625  -0.324195
-0.15625  -0.463103
-0.125  -0.519078
-0.09375  -0.684181
-0.1875  -0.368041
0.21875  -0.542426
0.125  -0.376996
0  -0.520554
0.125  -0.69212
0  -0.621077
-0.15625  -0.461781
-0.15625  -0.359013
0.03125  -0.458365
0.1875  -0.629587
0.21875  -0.422391
0.09375  -0.418034
-0.15625  -0.475141
0.15625  -0.370768
-0.03125  -0.263159
0.0625  -0.520271
-0.0625  -0.629454
-0.25  -0.438803
0.1875  -0.341026
0.0625  -0.403714
0.03125  -0.514068
0  -0.215797
-0.0625  -0.661918
-0.03125  -0.524892
0.0625  -0.602869
0.0625  -0.467809
-0.03125  -0.611823
0.09375  -0.288144
0.15625  -0.642152
0.03125  -0.424903
0.03125  -0.644885
-0.125  -0.638061
0.21875  -0.338661
-0.09375  -0.435481
-0.15625  -0.385714
0.0625  -0.43039
0.25  -0.476519
0.0625  -0.498024
-0.0625  -0.279702
0.03125  -0.428496
-0.0625  -0.450006
-0.03125  -0.372968
0.03125  -0.279182
-0.0625  -0.395094
-0.03125  -0.505208
0  -0.327182
0.0625  -0.710856
-0.0625  -0.547805
0.3125  -0.455018
-0.03125  -0.440463
-0.125  -0.471251
0.09375  -0.577019
0.125  -0.541729
-0.03125  -0.519488
0.1875  -0.470729
0  -0.482283
0.09375  -0.393266
0.03125  -0.360377
-0.21875  -0.26225
-0.28125  -0.520414
0.1875  -0.293537
-0.15625  -0.46758
0.0625  -0.494091
0.15625  -0.588057
0  -0.476024
0.09375  -0.300493
0  -0.577032
0.25  -0.476415
-0.09375  -0.393792
0.03125  -0.50037
0.03125  -0.613904
0.0625  -0.378537
0  -0.399658
-0.25  -0.38427
0.1875  -0.557516
-0.125  -0.477617
0.03125  -0.456637
-0.25  -0.561077
0.03125  -0.533407
0.09375  -0.41176
-0.0625  -0.62551
0.15625  -0.409487
0  -0.457947
0.09375  -0.516915
0.0625  -0.310893
-0.21875  -0.452656
0.03125  -0.339525
-0.09375  -0.52805
0.03125  -0.484947
-0.03125  -0.470251
0.15625  -0.530981
0.03125  -0.470375
0  -0.469124
0.0625  -0.510533
0.1875  -0.250199
-0.15625  -0.398276
-0.03125  -0.568573
0  -0.555622
0  -0.553056
0  -0.55689
-0.03125  -0.524736
-0.0625  -0.454731
-0.125  -0.608877
-0.1875  -0.396485
0.09375  -0.521566
-0.25  -0.448635
-0.0625  -0.393926
0.03125  -0.335644
-0.03125  -0.572988
-0.03125  -0.234499
-0.09375  -0.518916
-0.1875  -0.441706
-0.03125  -0.584904
-0.03125  -0.688257
0  -0.647431
-0.09375  -0.444572
0.15625  -0.479684
0.15625  -0.41448
0.125  -0.31078
-0.15625  -0.379457
0.0625  -0.51791
-0.09375  -0.609726
-0.0625  -0.368319
0  -0.612676
-0.1875  -0.528167
-0.03125  -0.45596
-0.0625  -0.630986
0.0625  -0.368119
-0.0625  -0.534295
-0.0625  -0.710277
0.125  -0.552091
0.125  -0.441755
0.25  -0.378086
0.03125  -0.505271
-0.1875  -0.48854
0  -0.610345
-0.03125  -0.482073
0.09375  -0.536084
-0.03125  -0.652874
-0.03125  -0.522687
0.09375  -0.525914
0.0625  -0.322851
0.03125  -0.403033
0.125  -0.430811
0.09375  -0.496874
0  -0.399266
0  -0.421945
0.0625  -0.403197
0  -0.496381
0.15625  -0.447247
0.0625  -0.447606
0.03125  -0.412874
-0.09375  -0.589056
0.15625  -0.47781
0.09375  -0.410721
0  -0.563283
-0.09375  -0.457823
0.25  -0.552598
-0.125  -0.430469
0.0625  -0.542887
0  -0.536901
0.1875  -0.403649
0.0625  -0.477727
0.0625  -0.318103
0  -0.21685
0.125  -0.381912
-0.0625  -0.57843
-0.125  -0.390952
0  -0.54759
-0.1875  -0.248892
0.09375  -0.495348
0  -0.370435
0  -0.501372
0.09375  -0.503205
0  -0.216544
0.03125  -0.410653
-0.09375  -0.510508
0.09375  -0.504274
0.09375  -0.258446
-0.03125  -0.470926
-0.125  -0.436329
0.03125  -0.465216
0.03125  -0.416698
0.03125  -0.270686
0  -0.554875
0.0625  -0.606685
0.0625  -0.483292
-0.0625  -0.496037
0  -0.426121
-0.03125  -0.420549
-0.0625  -0.602261
-0.15625  -0.461563
-0.09375  -0.357754
0.09375  -0.402125
-0.03125  -0.66434
0.125  -0.594075
-0.1875  -0.395001
0.25  -0.288244
-0.1875  -0.635272
0.21875  -0.475323
0.0625  -0.425765
-0.09375  -0.422259
-0.09375  -0.398847
-0.09375  -0.432889
0.125  -0.371319
0  -0.611249
0  -0.273251
0.09375  -0.748636
0.09375  -0.542479
-0.25  -0.569298
-0.03125  -0.476079
-0.09375  -0.332137
0.15625  -0.652964
0.15625  -0.617557
-0.03125  -0.42084
0.03125  -0.610247
0  -0.603223
-0.125  -0.565304
-0.03125  -0.391065
0  -0.543105
0.0625  -0.562778
0.0625  -0.437905
0.28125  -0.480261
-0.125  -0.411738
0.09375  -0.513083
0.125  -0.764235
0.03125  -0.291993
-0.09375  -0.540235
0.03125  -0.429571
0.0625  -0.501918
-0.0625  -0.468106
-0.1875  -0.509199
-0.125  -0.290917
-0.03125  -0.6692
0  -0.636192
0.09375  -0.413236
0.125  -0.469534
-0.09375  -0.397138
0  -0.596612
0.09375  -0.418878
0.0625  -0.498899
0.15625  -0.466014
-0.0625  -0.442069
0  -0.466402
-0.03125  -0.413683
-0.0625  -0.525773
-0.09375  -0.365782
0  -0.239728
0.3125  -0.60686
0.125  -0.431118
-0.15625  -0.625617
0.3125  -0.668829
0.09375  -0.525021
0.125  -0.668922
0.125  -0.329061
0.09375  -0.398646
0.0625  -0.588948
0  -0.27352
-0.4375  -0.213613
0.15625  -0.39773
-0.125  -0.467214
-0.03125  -0.527621
-0.15625  -0.655534
0.03125  -0.321133
-0.21875  -0.671627
-0.15625  -0.517909
0.03125  -0.432671
-0.03125  -0.492513
-0.0625  -0.410316
0.0625  -0.484199
-0.03125  -0.601115
-0.0625  -0.558507
0.0625  -0.41932
0.34375  -0.601189
0.0625  -0.51127
0.15625  -0.381911
0.03125  -0.565404
-0.125  -0.534614
-0.125  -0.561394
0.21875  -0.425502
0.03125  -0.443837
-0.0625  -0.251232
-0.15625  -0.511046
0.21875  -0.492286
-0.34375  -0.48734
-0.09375  -0.564464
0.03125  -0.490404
0  -0.397868
0.125  -0.450978
0.0625  -0.647715
-0.09375  -0.668707
0  -0.648769
-0.03125  -0.49502
-0.09375  -0.401505
0.0625  -0.544898
0.0625  -0.56474
0.125  -0.55356
-0.3125  -0.339261
0.21875  -0.235428
-0.0625  -0.373814
-0.125  -0.348626
0.0625  -0.258658
0.03125  -0.52429
0.03125  -0.481556
-0.09375  -0.442691
-0.09375  -0.456436
-0.15625  -0.380016
0  -0.516447
-0.3125  -0.474861
-0.03125  -0.347465
-0.0625  -0.46688
-0.125  -0.61236
-0.0625  -0.523514
0.09375  -0.434348
0.1875  -0.480647
0.03125  -0.633255
-0.0625  -0.473855
-0.28125  -0.41675
0.03125  -0.448421
-0.03125  -0.699224
0.1875  -0.467173
0.3125  -0.323656
0.0625  -0.486574
0.09375  -0.396387
0.1875  -0.362095
-0.09375  -0.626495
-0.15625  -0.5815
0.09375  -0.446407
0.03125  -0.418666
0  -0.504111
-0.125  -0.426673
0.125  -0.524484
0.0625  -0.627317
0.125  -0.293799
-0.09375  -0.401453
-0.15625  -0.333469
-0.25  -0.0350938
-0.09375  -0.337693
-0.0625  -0.432707
-0.09375  -0.430024
-0.09375  -0.473013
0  -0.705737
0.1875  -0.662613
0.125  -0.4618
0.1875  -0.517269
-0.09375  -0.45082
-0.25  -0.500024
0  -0.345049
0.25  -0.457464
0.09375  -0.478497
-0.09375  -0.747455
0.0625  -0.427244
0.15625  -0.300171
0.15625  -0.362221
0  -0.441317
-0.0625  -0.415351
0.0625  -0.47856
0.0625  -0.608197
0.09375  -0.583767
0.28125  -0.435148
0.03125  -0.546062
0.03125  -0.482045
-0.21875  -0.518001
-0.0625  -0.300956
-0.1875  -0.466935
0.15625  -0.433601
0  -0.284392
-0.15625  -0.681111
0.0625  -0.526528
-0.125  -0.557612
-0.21875  -0.42411
0.03125  -0.507677
-0.09375  -0.546471
-0.03125  -0.531662
-0.09375  -0.464469
0.125  -0.562205
0.03125  -0.475701
0.125  -0.701721
0.09375  -0.46848
-0.09375  -0.348917
-0.09375  -0.562021
0  -0.500744
0.03125  -0.227904
-0.21875  -0.443511
0.125  -0.440234
0  -0.400904
-0.03125  -0.484345
0.21875  -0.307235
-0.0625  -0.437514
0.0625  -0.510225
-0.15625  -0.404849
-0.125  -0.474867
0.09375  -0.479734
0.15625  -0.356342
0.0625  -0.512123
0  -0.356247
-0.03125  -0.557322
-0.125  -0.186794
0.15625  -0.250986
-0.09375  -0.247824
0  -0.248903
0.09375  -0.565421
-0.21875  -0.465941
0.125  -0.426836
0.0625  -0.801827
0.03125  -0.288459
0.03125  -0.541723
0.125  -0.557441
-0.03125  -0.535271
0.0625  -0.606167
-0.21875  -0.575283
0.03125  -0.670998
0  -0.522547
0.15625  -0.528526
0.03125  -0.589019
0.25  -0.642015
0.03125  -0.531989
0.15625  -0.470899
-0.21875  -0.438672
-0.03125  -0.468327
-0.0625  -0.188473
0  -0.42612
0.0625  -0.545424
0.28125  -0.278812
-0.0625  -0.693858
-0.15625  -0.619592
-0.09375  -0.447223
0.125  -0.338077
-0.1875  -0.69217
-0.0625  -0.470271
0.0625  -0.616838
-0.09375  -0.486252
-0.03125  -0.445039
0.125  -0.537729
-0.125  -0.374959
0.0625  -0.417584
-0.125  -0.303786
-0.125  -0.38919
-0.03125  -0.359689
0.15625  -0.440152
0  -0.479201
0.09375  -0.518597
0.03125  -0.400019
0.03125  -0.670792
-0.0625  -0.553546
0.03125  -0.467261
0.15625  -0.539507
0.0625  -0.601127
0  -0.3904
-0.03125  -0.588439
0  -0.628422
-0.15625  -0.587829
0.09375  -0.398884
0.03125  -0.519409
-0.28125  -0.466617
0.1875  -0.477843
-0.125  -0.492701
0.0625  -0.651765
0.09375  -0.540972
-0.03125  -0.516197
0.1875  -0.487263
0  -0.376183
-0.125  -0.454757
-0.09375  -0.348629
-0.09375  -0.529164
0.125  -0.193597
-0.03125  -0.586456
-0.125  -0.299806
-0.0625  -0.212511
0.0625  -0.411398
0  -0.436619
-0.0625  -0.641801
0.1875  -0.535545
-0.09375  -0.424949
-0.0625  -0.48435
-0.28125  -0.461795
0.125  -0.558636
0  -0.428487
0.03125  -0.581043
-0.09375  -0.72846
-0.03125  -0.415115
-0.03125  -0.374855
-0.1875  -0.473979
0.1875  -0.352234
-0.09375  -0.391678
-0.03125  -0.565436
-0.03125  -0.688125
-0.25  -0.524716
-0.0625  -0.521869
0.0625  -0.418952
0  -0.399654
0.09375  -0.511223
0  -0.385565
-0.3125  -0.458068
-0.09375  -0.349556
0.34375  -0.241099
0.25  -0.415706
0.0625  -0.547465
0.09375  -0.635307
0  -0.496033
-0.03125  -0.520806
0.1875  -0.428937
0  -0.791978
0.0625  -0.320353
0.125  -0.565913
0.125  -0.353314
-0.1875  -0.492384
-0.0625  -0.315978
0.1875  -0.437671
0.03125  -0.489943
-0.0625  -0.438989
0.125  -0.450627
-0.09375  -0.510433
0.1875  -0.593317
0.03125  -0.609907
0.0625  -0.705461
0  -0.452204
-0.34375  -0.469435
0.15625  -0.57785
0.03125  -0.257871
0.3125  -0.457415
-0.28125  -0.487449
-0.03125  -0.509906
0.03125  -0.434817
-0.1875  -0.426576
-0.03125  -0.40464
0.09375  -0.470819
-0.03125  -0.348522
0.03125  -0.563574
0.0625  -0.579035
0.03125  -0.44099
0.125  -0.448461
0  -0.495239
-0.125  -0.562829
0.03125  -0.536372
0  -0.402332
-0.15625  -0.513409
-0.09375  -0.327103
0.09375  -0.405011
0  -0.431193
0  -0.392053
0.03125  -0.57764
0.3125  -0.537012
-0.0625  -0.20713
0.1875  -0.490008
-0.0625  -0.374145
0.03125  -0.704755
-0.125  -0.552297
-0.1875  -0.525782
0.25  -0.392571
-0.15625  -0.666151
-0.28125  -0.460444
0.15625  -0.746667
-0.03125  -0.483982
0  -0.416102
-0.21875  -0.741403
-0.09375  -0.379308
0.28125  -0.593786
0.0625  -0.537641
-0.03125  -0.146436
-0.09375  -0.342318
0.125  -0.418513
0.09375  -0.366559
0.03125  -0.362706
0.0625  -0.454295
-0.0625  -0.499376
-0.09375  -0.59964
-0.0625  -0.521925
0.09375  -0.382614
0.21875  -0.346207
0.25  -0.615365
0  -0.292412
-0.03125  -0.508199
-0.03125  -0.801501
0.1875  -0.554623
-0.03125  -0.283881
0.15625  -0.475972
-0.03125  -0.614381
-0.09375  -0.325925
0.09375  -0.300031
-0.03125  -0.594007
0.1875  -0.442333
-0.0625  -0.414947
-0.15625  -0.557413
0.125  -0.534623
0.34375  -0.520379
-0.0625  -0.442955
-0.09375  -0.310109
0.15625  -0.525744
0.09375  -0.377506
-0.09375  -0.474689
0  -0.624066
-0.0625  -0.502838
0.125  -0.402309
0.125  -0.405348
-0.1875  -0.256245
-0.0625  -0.454832
0.03125  -0.503156
-0.0625  -0.482611
0.0625  -0.544339
-0.125  -0.210975
-0.09375  -0.62456
-0.3125  -0.378687
0.15625  -0.766335
0.03125  -0.35355
0  -0.381025
0.03125  -0.428612
0.15625  -0.543489
-0.34375  -0.631211
0  -0.651053
0.03125  -0.529625
0.15625  -0.341345
0.15625  -0.498592
-0.03125  -0.506905
0.28125  -0.444063
-0.125  -0.516913
-0.0625  -0.653852
-0.28125  -0.467829
0.09375  -0.256147
0.0625  -0.575181
0.09375  -0.418513
-0.09375  -0.358704
0  -0.688787
-0.125  -0.317884
0.03125  -0.259663
-0.15625  -0.402166
-0.0625  -0.518822
-0.0625  -0.553951
0  -0.728055
0  -0.416624
0.03125  -0.560947
0  -0.584829
-0.125  -0.52446
-0.1875  -0.583659
0.0625  -0.480492
-0.03125  -0.495346
-0.09375  -0.326989
0.25  -0.562138
-0.125  -0.54307
0.15625  -0.40696
0.0625  -0.341837
-0.0625  -0.553511
-0.1875  -0.649555
0.09375  -0.301231
0.03125  -0.577289
0.03125  -0.600742
-0.09375  -0.354291
0.125  -0.343522
-0.125  -0.543207
0.21875  -0.233275
-0.03125  -0.586931
0.09375  -0.48463
0.09375  -0.440992
-0.15625  -0.280821
-0.0625  -0.615392
-0.0625  -0.360697
-0.09375  -0.562068
-0.03125  -0.380076
0.09375  -0.325547
-0.09375  -0.829779
-0.1875  -0.530639
-0.03125  -0.53592
0.28125  -0.568158
-0.0625  -0.541766
-0.03125  -0.423667
-0.0625  -0.413355
-0.21875  -0.323402
0  -0.540899
0  -0.398209
-0.3125  -0.433034
0.09375  -0.491175
0.0625  -0.193477
-0.03125  -0.537151
-0.09375  -0.513463
0.15625  -0.458574
-0.25  -0.552642
0.0625  -0.358338
0.0625  -0.562482
0.03125  -0.440445
0.15625  -0.388882
0.15625  -0.553045
0.15625  -0.478439
0.0625  -0.589839
0.03125  -0.563255
-0.09375  -0.542552
0  -0.375276
-0.09375  -0.436085
-0.03125  -0.365266
-0.125  -0.432288
-0.03125  -0.555838
0  -0.479323
-0.21875  -0.588877
0.125  -0.543163
-0.03125  -0.609535
0  -0.337127
0.09375  -0.722223
0.03125  -0.658146
0.0625  -0.56064
0.1875  -0.414669
0.03125  -0.260859
-0.0625  -0.449379
-0.0625  -0.452885
0.1875  -0.490541
-0.03125  -0.595511
0.03125  -0.353281
0.03125  -0.488482
0.21875  -0.61346
-0.1875  -0.477791
0.09375  -0.705272
0  -0.548425
-0.09375  -0.471494
0.125  -0.598606
-0.1875  -0.471052
0.125  -0.512812
0.125  -0.404993
-0.21875  -0.303746
0.0625  -0.496258
0.1875  -0.245742
-0.03125  -0.468845
-0.09375  -0.605795
0.0625  -0.272157
-0.03125  -0.555774
0.28125  -0.41932
0.25  -0.465559
-0.09375  -0.462466
-0.03125  -0.579026
-0.0625  -0.418281
-0.03125  -0.399428
-0.125  -0.260507
0.09375  -0.243914
-0.4375  -0.341062
-0.21875  -0.443541
0.25  -0.650225
-0.09375  -0.581187
0.09375  -0.364612
0  -0.375432
-0.03125  -0.591292
0.125  -0.579141
0.03125  -0.648362
-0.0625  -0.546553
0.15625  -0.489252
0.28125  -0.358595
0.03125  -0.305165
0.03125  -0.611708
0.03125  -0.392734
0  -0.274575
0.0625  -0.518307
0.0625  -0.319576
0.21875  -0.642702
-0.21875  -0.406348
0  -0.370164
-0.03125  -0.702628
-0.0625  -0.549061
0.1875  -0.515882
-0.09375  -0.662269
0.125  -0.270992
0.0625  -0.622806
0.15625  -0.66758
-0.3125  -0.309138
0.09375  -0.446911
-0.0625  -0.562218
-0.09375  -0.398987
0.125  -0.601462
0  -0.368897
0  -0.409587
0.0625  -0.380586
0.125  -0.429279
0  -0.712401
0.25  -0.483615
-0.09375  -0.3039
0.0625  -0.273144
-0.0625  -0.522828
-0.125  -0.533374
0.03125  -0.0653332
0  -0.545414
0.0625  -0.384234
0.09375  -0.521751
-0.0625  -0.497821
-0.03125  -0.581095
0.125  -0.627074
-0.03125  -0.63923
0.0625  -0.472312
0.09375  -0.412023
0.0625  -0.43338
0.125  -0.59044
0.15625  -0.49202
0.0625  -0.446625
0.09375  -0.344645
0.03125  -0.504796
-0.0625  -0.496451
0.1875  -0.484275
0  -0.431198
0.125  -0.440166
-0.3125  -0.558919
-0.0625  -0.614759
0.0625  -0.468081
-0.09375  -0.400771
-0.0625  -0.509723
-0.03125  -0.581302
0.0625  -0.453964
0.21875  -0.54676
0.0625  -0.362527
0.0625  -0.577115
0.03125  -0.543693
0  -0.560778
-0.21875  -0.399203
-0.25  -0.292837
0  -0.495204
0.0625  -0.648584
-0.09375  -0.442467
0.0625  -0.621222
0.0625  -0.638659
0.0625  -0.444474
0  -0.39803
-0.15625  -0.601095
0.09375  -0.599867
-0.03125  -0.290643
0  -0.628505
0.15625  -0.36159
-0.09375  -0.40693
0  -0.485466
0  -0.433245
-0.125  -0.50629
-0.03125  -0.471326
0.09375  -0.401012
-0.03125  -0.568492
-0.09375  -0.418453
-0.125  -0.636841
0.09375  -0.532034
0.03125  -0.724144
-0.0625  -0.518714
-0.15625  -0.602094
0  -0.601539
0  -0.403065
0.0625  -0.372597
-0.15625  -0.501342
0.09375  -0.486191
-0.1875  -0.287355
-0.03125  -0.42923
0  -0.443278
-0.1875  -0.396424
-0.125  -0.46493
0  -0.567565
0.0625  -0.338296
0  -0.307594
-0.03125  -0.668256
-0.125  -0.568679
0.0625  -0.438258
0.0625  -0.480676
-0.0625  -0.474687
0  -0.544176
-0.1875  -0.299067
-0.03125  -0.421326
0.125  -0.223538
-0.1875  -0.334214
0.0625  -0.454604
-0.03125  -0.328412
0.09375  -0.469986
-0.1875  -0.55
-0.09375  -0.328359
0.0625  -0.687452
-0.15625  -0.525374
0.09375  -0.610971
-0.0625  -0.437677
-0.15625  -0.308615
0.15625  -0.582194
-0.03125  -0.625454
0  -0.514773
0.0625  -0.700664
0.0625  -0.265748
-0.03125  -0.480428
0.09375  -0.474359
0.0625  -0.613707
0  -0.51357
-0.125  -0.361128
0.0625  -0.593667
0.125  -0.419458
0.09375  -0.763671
-0.34375  -0.411241
-0.03125  -0.397269
0.15625  -0.519222
0.03125  -0.394245
0  -0.561607
0.1875  -0.463406
0  -0.450947
0.21875  -0.245402
0.125  -0.589924
-0.125  -0.575615
0.15625  -0.506395
0.03125  -0.529563
0.21875  -0.387699
0.03125  -0.394214
0.25  -0.50703
-0.03125  -0.405909
0  -0.452742
0.125  -0.260653
0.15625  -0.305383
-0.03125  -0.488186
0.0625  -0.439713
-0.03125  -0.535858
-0.03125  -0.615264
0.03125  -0.35933
-0.15625  -0.326308
-0.09375  -0.53457
0.28125  -0.621725
-0.09375  -0.789726
0.28125  -0.345979
-0.375  -0.446402
-0.0625  -0.493777
0.15625  -0.673369
0  -0.47047
0.03125  -0.450838
-0.0625  -0.619295
0.3125  -0.714041
-0.03125  -0.293251
-0.1875  -0.362368
-0.125  -0.281349
0  -0.612819
-0.0625  -0.517191
-0.15625  -0.643895
-0.03125  -0.520941
0.125  -0.493699
0.09375  -0.355888
-0.03125  -0.482886
0.09375  -0.368961
0.03125  -0.484439
0.0625  -0.406822
-0.15625  -0.584626
0.125  -0.468667
0.03125  -0.301973
-0.125  -0.50365
0  -0.422113
0  -0.296383
-0.09375  -0.318392
0.125  -0.493344
0  -0.393437
0.15625  -0.539378
0.0625  -0.514886
-0.15625  -0.464599
0.0625  -0.324464
0.125  -0.524414
-0.03125  -0.386597
0  -0.569961
-0.125  -0.494812
0  -0.30883
0.15625  -0.566204
-0.0625  -0.603413
0.125  -0.31422
0.21875  -0.712373
0.0625  -0.434812
0.125  -0.437397
0.0625  -0.47329
0.03125  -0.306617
-0.28125  -0.696829
0.0625  -0.757878
0.125  -0.486608
0.0625  -0.655215
-0.0625  -0.398786
0.03125  -0.504408
-0.03125  -0.624944
0.0625  -0.674268
0.03125  -0.612689
0  -0.517694
0  -0.470468
0.09375  -0.368981
-0.125  -0.551522
0.15625  -0.380033
0.03125  -0.477123
0.03125  -0.596196
-0.0625  -0.542849
0.15625  -0.469214
0.15625  -0.355954
0  -0.447276
0.0625  -0.435585
-0.125  -0.542968
0.28125  -0.436865
-0.09375  -0.420294
0.03125  -0.28888
0.125  -0.608084
-0.03125  -0.488395
-0.09375  -0.512541
-0.03125  -0.480579
0.09375  -0.440692
0.21875  -0.396782
0  -0.555693
0  -0.463794
-0.03125  -0.605289
-0.09375  -0.60197
-0.03125  -0.614859
-0.125  -0.314821
0.09375  -0.301859
0  -0.489043
0.09375  -0.292714
0.125  -0.415149
0.28125  -0.505904
-0.0625  -0.498959
0.0625  -0.507584
0.21875  -0.539105
0.03125  -0.354895
-0.125  -0.595263
0  -0.360644
0.125  -0.60326
0.03125  -0.326972
0.125  -0.521036
0.125  -0.487157
0.21875  -0.37047
-0.15625  -0.444616
0.1875  -0.489934
-0.15625  -0.545214
0.03125  -0.534269
0.03125  -0.450813
-0.125  -0.329148
0.0625  -0.560905
0.09375  -0.60079
-0.125  -0.489568
-0.125  -0.564645
0.09375  -0.744282
0.125  -0.285885
-0.125  -0.476244
-0.09375  -0.35656
-0.09375  -0.529802
-0.09375  -0.450609
0.0625  -0.534383
0  -0.42941
0  -0.515521
0.125  -0.562804
-0.03125  -0.624075
0.1875  -0.425562
-0.125  -0.367417
-0.0625  -0.255538
-0.03125  -0.585266
0.0625  -0.464107
0.15625  -0.731496
0.03125  -0.581306
0.125  -0.163507
-0.0625  -0.535162
0.03125  -0.604722
-0.125  -0.365879
-0.1875  -0.79027
0.03125  -0.637323
-0.0625  -0.246829
0  -0.422578
0  -0.518256
0.03125  -0.520511
-0.03125  -0.504857
-0.09375  -0.652362
0  -0.462711
-0.1875  -0.319138
-0.21875  -0.603008
-0.0625  -0.28004
0.0625  -0.377439
0  -0.385772
0.09375  -0.171206
0.0625  -0.666931
0.15625  -0.38506
0.0625  -0.303717
-0.03125  -0.523788
0  -0.401721
0.03125  -0.491792
0.03125  -0.371433
0.0625  -0.378891
0  -0.659361
0.09375  -0.375844
0.125  -0.7528
0.28125  -0.384775
-0.15625  -0.353398
0.03125  -0.426447
0.0625  -0.363376
-0.21875  -0.568019
-0.03125  -0.475763
0.1875  -0.658562
-0.0625  -0.443059
0.15625  -0.323345
-0.03125  -0.353397
0  -0.609981
0.125  -0.511688
-0.09375  -0.679383
0.125  -0.403167
0.09375  -0.471825
0  -0.540438
0.09375  -0.514055
0.09375  -0.506285
0.125  -0.438041
-0.25  -0.514845
0.03125  -0.371896
0.03125  -0.402427
-0.09375  -0.634034
0  -0.635003
-0.0625  -0.831947
0  -0.603498
-0.15625  -0.640106
-0.03125  -0.344778
0.0625  -0.476252
-0.0625  -0.516395
-0.0625  -0.561901
-0.125  -0.488472
0.15625  -0.601457
-0.03125  -0.591602
-0.03125  -0.657675
-0.09375  -0.426017
-0.1875  -0.487869
0  -0.603041
0.09375  -0.523538
-0.0625  -0.522283
-0.09375  -0.234444
-0.0625  -0.476721
0.03125  -0.580123
0.0625  -0.447074
-0.1875  -0.464492
0.0625  -0.575768
-0.03125  -0.592185
0.0625  -0.465184
0.09375  -0.24498
-0.1875  -0.571109
0.21875  -0.716773
0  -0.441697
0.09375  -0.346808
0.1875  -0.60649
-0.1875  -0.470917
-0.1875  -0.513636
0.15625  -0.435344
0.125  -0.418551
-0.125  -0.52898
0  -0.436537
-0.15625  -0.307123
0.03125  -0.56928
0.0625  -0.291747
0.15625  -0.501897
0.03125  -0.29341
0.09375  -0.388533
-0.21875  -0.552323
-0.0625  -0.52125
-0.0625  -0.689127
-0.1875  -0.522148
0.0625  -0.571801
0.0625  -0.648256
-0.0625  -0.372007
-0.125  -0.550508
0.0625  -0.58962
0  -0.485936
-0.125  -0.48442
-0.0625  -0.239625
-0.09375  -0.650522
0.1875  -0.673941
-0.125  -0.533091
0  -0.584262
0.1875  -0.271458
-0.125  -0.522531
-0.125  -0.150002
0  -0.482608
0  -0.364037
0.15625  -0.43676
0.1875  -0.242012
-0.15625  -0.339161
-0.0625  -0.272488
0.125  -0.555013
0  -0.6163
0.15625  -0.438526
0.21875  -0.526709
-0.09375  -0.471977
-0.125  -0.442753
0  -0.490104
-0.0625  -0.329004
-0.09375  -0.353268
0.03125  -0.386727
-0.03125  -0.666073
-0.15625  -0.567434
-0.25  -0.381301
-0.03125  -0.587509
0.34375  -0.631125
0  -0.533978
0.0625  -0.544898
0.09375  -0.54524
-0.15625  -0.40811
-0.09375  -0.375664
0.03125  -0.311134
0.1875  -0.486411
0.15625  -0.574005
0.15625  -0.506128
0.0625  -0.705124
0.0625  -0.418521
0.125  -0.52569
-0.03125  -0.543381
-0.03125  -0.460686
-0.03125  -0.54049
-0.1875  -0.511097
-0.21875  -0.518446
0.15625  -0.309677
0.125  -0.512421
0.0625  -0.585541
0.0625  -0.464881
0.28125  -0.515012
-0.03125  -0.407186
-0.125  -0.438336
0.125  -0.536794
0  -0.369884
0.0625  -0.473435
-0.125  -0.536046
0.03125  -0.435528
-0.21875  -0.281069
-0.03125  -0.243886
-0.0625  -0.637622
-0.1875  -0.484141
0.1875  -0.410875
-0.0625  -0.545726
0.09375  -0.411268
-0.03125  -0.503725
0.09375  -0.591957
0.15625  -0.456982
0  -0.643669
0.09375  -0.310504
0  -0.636555
0.09375  -0.522007
0.125  -0.425313
-0.03125  -0.464331
-0.03125  -0.442723
-0.03125  -0.415165
0.25  -0.386338
0  -0.534217
0  -0.549436
0.03125  -0.28043
0.09375  -0.447791
-0.1875  -0.3928
-0.125  -0.574674
-0.0625  -0.51234
0.0625  -0.531221
0.15625  -0.635234
-0.28125  -0.478616
0.0625  -0.551461
0.125  -0.414077
-0.03125  -0.424294
0.125  -0.635622
0.125  -0.395652
0.15625  -0.511281
0  -0.542984
-0.125  -0.569531
0.03125  -0.750443
0.15625  -0.531799
0.0625  -0.363028
-0.21875  -0.545224
-0.09375  -0.504681
-0.125  -0.473584
-0.03125  -0.209523
-0.21875  -0.731982
-0.03125  -0.476983
0.09375  -0.615949
-0.125  -0.527506
-0.03125  -0.477965
0.0625  -0.467687
0.0625  -0.677157
-0.28125  -0.414498
0.03125  -0.49231
-0.09375  -0.541729
0  -0.465713
0.15625  -0.354631
-0.125  -0.644054
-0.03125  -0.757786
-0.0625  -0.674716
-0.03125  -0.567901
0.0625  -0.566039
-0.21875  -0.579809
0.03125  -0.30737
0.03125  -0.419906
-0.1875  -0.291447
0.1875  -0.4463
0.03125  -0.496319
0.03125  -0.308002
0.15625  -0.521415
0.21875  -0.406893
-0.1875  -0.377732
0.0625  -0.581602
0.28125  -0.465701
-0.0625  -0.481891
0  -0.401772
-0.03125  -0.515852
-0.0625  -0.347311
0.125  -0.625588
-0.0625  -0.274669
0.125  -0.522144
0.21875  -0.434096
-0.25  -0.467357
0.1875  -0.388128
-0.03125  -0.515667
0.03125  -0.450708
0.09375  -0.476021
0.15625  -0.441617
0.25  -0.644784
0.0625  -0.457227
-0.09375  -0.447776
-0.15625  -0.504602
-0.0625  -0.542033
0  -0.39648
-0.09375  -0.321781
0.15625  -0.646506
-0.0625  -0.439891
-0.125  -0.464802
0.0625  -0.459608
-0.0625  -0.480076
-0.09375  -0.322633
0.125  -0.143782
0  -0.254666
-0.09375  -0.561066
-0.03125  -0.306842
-0.03125  -0.457084
0.03125  -0.470078
0  -0.606717
0.03125  -0.502942
0.09375  -0.609515
0.1875  -0.505471
-0.03125  -0.590635
-0.09375  -0.285325
-0.09375  -0.440772
-0.03125  -0.437568
0.125  -0.547736
-0.09375  -0.530583
0  -0.600782
0.15625  -0.396908
0.125  -0.560643
0.1875  -0.522478
0.125  -0.454797
0  -0.524184
-0.125  -0.628779
-0.03125  -0.290149
0.09375  -0.43525
0.125  -0.455683
0  -0.767651
0.03125  -0.454184
0.15625  -0.598731
-0.15625  -0.641903
0  -0.553192
0.21875  -0.410048
0  -0.346693
-0.0625  -0.545398
0.09375  -0.375493
0.0625  -0.496064
0.03125  -0.544955
-0.125  -0.434601
-0.15625  -0.604597
-0.09375  -0.292621
-0.1875  -0.664741
0.0625  -0.419013
0.0625  -0.420704
-0.03125  -0.613701
0.0625  -0.434563
-0.03125  -0.512399
0.125  -0.300964
0.03125  -0.333694
-0.09375  -0.70147
0.0625  -0.719898
-0.09375  -0.664915
0.03125  -0.561298
-0.0625  -0.621712
-0.21875  -0.412346
-0.0625  -0.502848
0.15625  -0.737951
-0.0625  -0.468459
-0.1875  -0.508906
-0.03125  -0.411082
-0.0625  -0.425491
0.03125  -0.402868
0.1875  -0.490197
-0.03125  -0.473133
0.03125  -0.490857
-0.09375  -0.55492
0.09375  -0.475284
0.15625  -0.48073
-0.0625  -0.374796
0.03125  -0.575386
0.125  -0.296476
-0.09375  -0.463182
-0.09375  -0.546203
-0.21875  -0.501982
0.125  -0.507495
-0.0625  -0.563618
0.0625  -0.514961
0.1875  -0.568163
0.0625  -0.482918
-0.0625  -0.619057
-0.125  -0.595383
-0.03125  -0.494127
0.1875  -0.397153
-0.0625  -0.508192
-0.0625  -0.659011
-0.125  -0.610456
-0.03125  -0.597559
0.03125  -0.571956
0.03125  -0.418775
0  -0.477533
-0.125  -0.53285
-0.0625  -0.264852
0.09375  -0.378634
-0.03125  -0.461039
0.0625  -0.587032
-0.21875  -0.544123
0.09375  -0.543799
-0.03125  -0.443993
-0.03125  -0.59824
0.03125  -0.576442
0.09375  -0.432017
0.0625  -0.558783
0.125  -0.459258
0.25  -0.450872
-0.03125  -0.497788
0.09375  -0.476033
0.1875  -0.720191
-0.03125  -0.605818
0.09375  -0.292601
0.1875  -0.440934
-0.15625  -0.630256
-0.0625  -0.347674
-0.21875  -0.522951
0.25  -0.442837
0.15625  -0.599609
-0.09375  -0.476113
0.09375  -0.417728
0.15625  -0.564064
-0.125  -0.420981
0.09375  -0.343384
0.21875  -0.607789
-0.125  -0.262313
0.0625  -0.52104
0.28125  -0.368323
-0.15625  -0.528826
0  -0.343949
0.03125  -0.517639
0.0625  -0.352626
0.03125  -0.645247
0.15625  -0.730948
0.03125  -0.409399
0.09375  -0.437135
-0.0625  -0.438078
0  -0.483994
0.125  -0.366735
0.0625  -0.502119
0.09375  -0.401628
0.09375  -0.499887
0.125  -0.688292
0.1875  -0.534473
0.09375  -0.349359
-0.125  -0.554773
0  -0.423845
-0.09375  -0.540034
-0.0625  -0.401452
0.09375  -0.335824
-0.09375  -0.449226
-0.21875  -0.564578
0.03125  -0.565841
0.0625  -0.446225
-0.34375  -0.495475
-0.0625  -0.527482
0.03125  -0.651477
0  -0.672917
0.25  -0.378711
0.09375  -0.464521
-0.09375  -0.532739
0.0625  -0.269582
-0.28125  -0.502535
-0.09375  -0.519798
0.0625  -0.697588
0.09375  -0.549007
-0.09375  -0.542433
0.03125  -0.404301
-0.15625  -0.303847
0.03125  -0.337204
-0.03125  -0.431429
0.09375  -0.61929
-0.15625  -0.456246
0  -0.460972
0  -0.575669
0.1875  -0.495823
0.0625  -0.573584
-0.03125  -0.500097
-0.125  -0.320435
-0.0625  -0.719493
-0.03125  -0.328615
0  -0.446689
-0.125  -0.44906
-0.21875  -0.374495
-0.03125  -0.484448
0.09375  -0.506952
0.125  -0.50019
0.03125  -0.466858
-0.0625  -0.429515
-0.0625  -0.443062
0.125  -0.515775
0.03125  -0.403258
-0.0625  -0.474047
-0.0625  -0.284428
-0.0625  -0.586227
-0.375  -0.447165
-0.0625  -0.349713
0.03125  -0.518919
0.1875  -0.510952
-0.0625  -0.514177
-0.03125  -0.589695
-0.09375  -0.408105
-0.15625  -0.273903
0.125  -0.49879
0.03125  -0.630843
-0.03125  -0.384551
0.09375  -0.650539
-0.0625  -0.496783
0.125  -0.507257
-0.03125  -0.669164
0.03125  -0.695926
-0.03125  -0.392859
0.09375  -0.519256
-0.15625  -0.318609
0.15625  -0.666541
-0.25  -0.468199
-0.09375  -0.501064
-0.0625  -0.597195
-0.0625  -0.417818
0.09375  -0.448401
0  -0.224772
0  -0.575132
-0.0625  -0.664106
-0.21875  -0.490555
-0.03125  -0.463371
-0.21875  -0.506763
0.0625  -0.267581
0.0625  -0.649278
0.1875  -0.534763
0.15625  -0.3456
0  -0.451259
0.15625  -0.757201
0.0625  -0.41731
0.21875  -0.331347
0.125  -0.495373
-0.03125  -0.528559
-0.15625  -0.472222
-0.3125  -0.403577
0.03125  -0.507915
-0.1875  -0.419212
-0.03125  -0.434231
-0.09375  -0.643595
0.125  -0.550785
0.0625  -0.199378
-0.15625  -0.41415
-0.125  -0.425747
0.0625  -0.40199
0.15625  -0.518207
-0.125  -0.581041
-0.1875  -0.486234
-0.0625  -0.601613
0.03125  -0.39526
0  -0.522572
0.09375  -0.431903
-0.09375  -0.492259
-0.03125  -0.53768
0  -0.557569
-0.25  -0.370309
0.03125  -0.338227
0.21875  -0.476473
0.25  -0.434235
-0.03125  -0.554751
0.09375  -0.459727
0.1875  -0.583113
-0.0625  -0.598457
0.03125  -0.488235
0.125  -0.485993
-0.09375  -0.441766
0.125  -0.349145
0  -0.385627
0.09375  -0.439881
0.125  -0.539516
0.09375  -0.406206
-0.3125  -0.509557
0.03125  -0.52354
0.03125  -0.278193
0.125  -0.552302
0.0625  -0.319456
0.15625  -0.407682
0  -0.496075
0.03125  -0.285436
-0.375  -0.392883
0.09375  -0.39358
0  -0.383092
0.09375  -0.617564
0.0625  -0.331015
0.03125  -0.407119
0  -0.414888
0.21875  -0.490877
-0.03125  -0.50307
-0.28125  -0.541404
-0.21875  -0.406409
-0.15625  -0.428255
-0.15625  -0.499254
0  -0.198847
0.125  -0.252391
-0.03125  -0.723053
0  -0.417259
0.09375  -0.192736
-0.0625  -0.363341
-0.0625  -0.44536
-0.09375  -0.405482
-0.28125  -0.470747
0.09375  -0.538805
-0.21875  -0.380532
0.0625  -0.529355
0  -0.236837
-0.03125  -0.431991
-0.1875  -0.54018
-0.0625  -0.491644
0.1875  -0.555051
-0.0625  -0.65496
0.0625  -0.508926
-0.15625  -0.405026
-0.0625  -0.445427
-0.15625  -0.618393
0.15625  -0.433995
-0.03125  -0.411211
-0.21875  -0.646984
-0.15625  -0.429272
-0.03125  -0.691813
0.03125  -0.241207
-0.03125  -0.434731
-0.09375  -0.259923
-0.3125  -0.52709
0.03125  -0.336831
0.03125  -0.580352
0  -0.420672
-0.28125  -0.384003
-0.1875  -0.647595
-0.125  -0.484165
-0.125  -0.465372
-0.3125  -0.365232
-0.03125  -0.269144
0.125  -0.266028
-0.03125  -0.580841
-0.1875  -0.659602
0.09375  -0.390662
-0.125  -0.2387
-0.15625  -0.741213
-0.03125  -0.461397
0.03125  -0.467239
0.125  -0.475141
-0.03125  -0.394113
-0.03125  -0.49157
-0.0625  -0.413838
-0.125  -0.327246
0.09375  -0.482768
-0.03125  -0.298889
0.125  -0.49988
-0.21875  -0.476965
-0.28125  -0.543545
0  -0.2493
-0.1875  -0.469605
0.1875  -0.54121
0.09375  -0.522406
0.21875  -0.245091
0  -0.450647
-0.09375  -0.385392
-0.0625  -0.283217
0.125  -0.479421
-0.125  -0.376412
-0.0625  -0.609866
-0.28125  -0.676736
-0.09375  -0.486737
-0.0625  -0.327085
-0.0625  -0.472603
-0.0625  -0.519622
-0.09375  -0.580728
0.125  -0.437042
-0.21875  -0.464233
0.0625  -0.625462
0  -0.334909
-0.0625  -0.500924
0  -0.521624
-0.0625  -0.530058
0.03125  -0.768119
-0.21875  -0.536729
0.0625  -0.403321
-0.25  -0.524754
0  -0.375255
0.125  -0.413324
0.125  -0.570589
0  -0.439296
0.03125  -0.642276
0.03125  -0.572607
-0.03125  -0.594401
0  -0.592535
0.0625  -0.484612
0.15625  -0.378229
0  -0.651262
-0.1875  -0.535991
-0.0625  -0.379866
-0.15625  -0.41048
-0.09375  -0.33893
0.28125  -0.491901
0.125  -0.498231
0.15625  -0.790428
-0.0625  -0.382328
-0.03125  -0.607574
-0.125  -0.343229
-0.15625  -0.440971
0.03125  -0.469628
-0.15625  -0.369679
-0.28125  -0.496113
0.15625  -0.463141
0  -0.412581
-0.03125  -0.261917
0  -0.594579
-0.09375  -0.395722
0.1875  -0.268981
0  -0.510243
-0.21875  -0.433163
0  -0.381349
-0.25  -0.393938
-0.09375  -0.678358
0.03125  -0.535911
-0.1875  -0.740291
-0.125  -0.358014
-0.03125  -0.556214
-0.0625  -0.556243
-0.09375  -0.492074
-0.0625  -0.516068
0.0625  -0.474183
0.3125  -0.558275
0  -0.577665
0.1875  -0.608407
-0.0625  -0.466157
-0.1875  -0.393246
-0.09375  -0.53078
-0.09375  -0.373357
-0.125  -0.416659
0.09375  -0.45949
-0.1875  -0.426736
-0.15625  -0.52166
0.0625  -0.557219
0  -0.47534
-0.03125  -0.532238
-0.03125  -0.527315
-0.0625  -0.413203
0  -0.652057
-0.09375  -0.426097
0.125  -0.456215
0.09375  -0.414399
0  -0.745947
0  -0.564722
-0.25  -0.467067
0.09375  -0.400971
-0.25  -0.573337
0.09375  -0.314753
-0.09375  -0.567376
-0.0625  -0.576505
-0.15625  -0.481361
-0.25  -0.55502
0.09375  -0.486711
0.09375  -0.524091
0  -0.412959
0.0625  -0.593036
0.03125  -0.22449
0.0625  -0.522456
0.0625  -0.377809
0.125  -0.60575
-0.1875  -0.567715
0.125  -0.580836
0.03125  -0.317567
0  -0.500354
0.125  -0.36025
0.1875  -0.282684
-0.15625  -0.382211
0.28125  -0.472081
0.25  -0.273787
-0.21875  -0.525862
0  -0.58162
0.1875  -0.576134
-0.0625  -0.367172
-0.21875  -0.328302
0.09375  -0.497775
-0.0625  -0.521132
0.09375  -0.312384
-0.25  -0.408126
0.15625  -0.704459
-0.09375  -0.276522
-0.03125  -0.519232
0  -0.694428
0.0625  -0.499151
-0.03125  -0.392787
-0.21875  -0.43632
0.0625  -0.567361
-0.125  -0.348991
0  -0.334242
0  -0.595866
0.03125  -0.444962
0.09375  -0.539622
-0.15625  -0.662381
-0.1875  -0.482495
-0.1875  -0.438499
0.21875  -0.364905
0  -0.324563
-0.09375  -0.561597
-0.15625  -0.589831
-0.15625  -0.501013
0.0625  -0.367855
-0.125  -0.359355
0.21875  -0.274829
-0.09375  -0.622389
0.125  -0.587925
-0.125  -0.348667
0.125  -0.345795
0  -0.37935
0  -0.441954
-0.03125  -0.595784
0.03125  -0.545396
0.1875  -0.265275
-0.125  -0.506605
0.15625  -0.448101
-0.09375  -0.335354
-0.125  -0.314467
-0.15625  -0.442683
-0.15625  -0.447906
-0.03125  -0.602107
0.03125  -0.415785
-0.125  -0.509398
-0.09375  -0.332462
0.09375  -0.430766
-0.15625  -0.520092
0  -0.399645
0.03125  -0.489078
-0.15625  -0.632244
-0.25  -0.505904
0.03125  -0.465713
-0.3125  -0.49801
0.125  -0.365801
-0.15625  -0.402764
0.0625  -0.442272
0  -0.563695
-0.15625  -0.572501
0.09375  -0.208671
-0.21875  -0.4903
0.1875  -0.501346
0.09375  -0.589067
0.3125  -0.380046
0.125  -0.492036
-0.0625  -0.655006
0.25  -0.512004
0  -0.410281
-0.15625  -0.509424
-0.03125  -0.254456
0.0625  -0.480151
-0.25  -0.545712
0.0625  -0.284701
-0.25  -0.739451
0.03125  -0.577816
-0.28125  -0.495822
-0.03125  -0.44048
0.125  -0.564698
0  -0.620052
0.15625  -0.501868
-0.09375  -0.391806
0.03125  -0.272375
-0.21875  -0.608813
0.09375  -0.511283
0.09375  -0.483464
-0.09375  -0.316647
0.15625  -0.43443
0.09375  -0.380604
0.09375  -0.392527
-0.1875  -0.435192
0.125  -0.518656
0.125  -0.361505
0.03125  -0.306031
-0.0625  -0.49309
-0.03125  -0.370469
-0.15625  -0.501882
-0.03125  -0.567892
0  -0.427999
-0.0625  -0.434293
-0.1875  -0.463404
0  -0.523051
0.21875  -0.475322
0.125  -0.620289
0.3125  -0.429926
-0.09375  -0.446073
0.1875  -0.40305
0.125  -0.381542
0  -0.488699
-0.15625  -0.423703
0.125  -0.553914
0.03125  -0.426081
0.125  -0.482807
-0.03125  -0.5697
-0.15625  -0.512063
0.03125  -0.536567
0  -0.416541
0.125  -0.613269
0  -0.55734
-0.15625  -0.38143
-0.09375  -0.521202
-0.09375  -0.482271
-0.21875  -0.378067
-0.125  -0.344888
-0.15625  -0.534582
0.03125  -0.506845
-0.1875  -0.43874
-0.125  -0.346496
0.03125  -0.442004
0.15625  -0.50937
-0.0625  -0.491466
-0.09375  -0.498034
0  -0.252243
-0.28125  -0.472595
0.09375  -0.515862
-0.15625  -0.436253
0.0625  -0.2846
0.0625  -0.59695
-0.21875  -0.613803
0  -0.489443
0  -0.677388
-0.0625  -0.470855
-0.15625  -0.584121
0.09375  -0.520208
0.0625  -0.526805
0.09375  -0.376062
-0.125  -0.638288
-0.125  -0.650706
0.21875  -0.592445
0  -0.594283
0.03125  -0.533102
0.09375  -0.591545
0.15625  -0.581551
0.0625  -0.463145
0  -0.472198
0.125  -0.392968
-0.09375  -0.355913
-0.09375  -0.519567
-0.21875  -0.392519
0  -0.549285
0.125  -0.563113
-0.125  -0.623623
0.03125  -0.61559
-0.15625  -0.551609
-0.09375  -0.40864
-0.1875  -0.313829
-0.15625  -0.29602
0.09375  -0.376051
-0.0625  -0.567836
0.09375  -0.300541
-0.1875  -0.503838
-0.03125  -0.451339
-0.09375  -0.458388
-0.25  -0.438752
-0.34375  -0.411338
0  -0.595405
-0.03125  -0.56636
0.125  -0.442226
-0.25  -0.406124
0.0625  -0.529387
0.15625  -0.494979
0.1875  -0.468734
0  -0.24964
-0.03125  -0.541865
-0.0625  -0.409542
0  -0.526805
0.03125  -0.462824
-0.09375  -0.400634
0.15625  -0.470515
-0.0625  -0.756491
-0.0625  -0.524374
0.15625  -0.740848
0.03125  -0.407109
0.0625  -0.539513
-0.15625  -0.567092
-0.03125  -0.42773
0.03125  -0.508958
0.03125  -0.443158
-0.03125  -0.617125
0.03125  -0.48036
0.15625  -0.651772
0.03125  -0.388005
-0.15625  -0.43242
-0.03125  -0.644317
-0.125  -0.252644
-0.21875  -0.384456
0.03125  -0.565598
0.03125  -0.5896
0  -0.426652
-0.03125  -0.447199
-0.03125  -0.514831
-0.15625  -0.523167
0.28125  -0.307805
0.03125  -0.489923
0  -0.477
0.09375  -0.66468
-0.0625  -0.365228
0.0625  -0.461999
-0.03125  -0.398942
0  -0.722691
0.125  -0.380619
-0.125  -0.431047
-0.03125  -0.435157
-0.15625  -0.432134
-0.125  -0.449693
0.15625  -0.590116
0.25  -0.54666
-0.0625  -0.57633
-0.09375  -0.430601
0.03125  -0.464747
0.0625  -0.695487
-0.1875  -0.606127
0  -0.318794
-0.0625  -0.501035
-0.21875  -0.382187
0  -0.638986
-0.09375  -0.550238
0.03125  -0.539546
0.125  -0.474013
0.0625  -0.686912
0  -0.701577
-0.21875  -0.452994
-0.125  -0.353513
-0.03125  -0.556274
0  -0.285353
0.1875  -0.454892
0.1875  -0.561196
0.125  -0.393257
-0.03125  -0.582887
0.09375  -0.36891
0.15625  -0.365333
0.125  -0.632769
-0.09375  -0.431575
0  -0.327472
0.21875  -0.282433
0.1875  -0.312029
-0.09375  -0.460896
0.09375  -0.386613
-0.03125  -0.541819
0.25  -0.302339
-0.34375  -0.619138
0.0625  -0.469101
0  -0.449248
0  -0.666272
0.0625  -0.595592
0  -0.371683
0.0625  -0.529634
0.34375  -0.500587
-0.03125  -0.519191
-0.09375  -0.602226
-0.1875  -0.621275
-0.03125  -0.408594
0.125  -0.0853236
0  -0.575815
0  -0.221418
0  -0.532923
0.0625  -0.405821
0.125  -0.423068
0.125  -0.516757
-0.0625  -0.474895
0.0625  -0.549379
0.28125  -0.521016
0.03125  -0.248688
0.1875  -0.532721
0.03125  -0.405742
-0.0625  -0.414051
0.09375  -0.339228
0.09375  -0.40749
-0.15625  -0.430526
-0.1875  -0.528071
0.125  -0.588319
-0.03125  -0.494948
0  -0.304102
0.1875  -0.431531
0.15625  -0.315267
0.09375  -0.663577
0.09375  -0.361667
0.09375  -0.534626
-0.03125  -0.479298
-0.0625  -0.62883
0.125  -0.571648
0.28125  -0.640482
-0.28125  -0.522396
0.1875  -0.493799
-0.03125  -0.408164
-0.03125  -0.579741
-0.15625  -0.582059
0.09375  -0.601509
0.0625  -0.595772
-0.15625  -0.526358
-0.09375  -0.530948
0.15625  -0.320254
-0.0625  -0.557767
-0.09375  -0.434407
0.0625  -0.555165
0.25  -0.434776
-0.0625  -0.448939
-0.09375  -0.284456
-0.0625  -0.519803
0.1875  -0.457783
0.15625  -0.578974
0.15625  -0.623514
-0.0625  -0.244639
-0.03125  -0.12295
-0.125  -0.299825
0.0625  -0.548984
0.125  -0.344204
0.21875  -0.37436
0.21875  -0.679786
0.03125  -0.360928
-0.03125  -0.546459
0  -0.253083
0.125  -0.467245
0.125  -0.506063
0.3125  -0.496982
0.15625  -0.340911
0  -0.380055
-0.0625  -0.267766
-0.0625  -0.597937
-0.15625  -0.475639
0.1875  -0.329142
-0.0625  -0.707141
-0.15625  -0.513754
-0.0625  -0.57807
0.03125  -0.53064
0.15625  -0.271401
0  -0.588374
-0.03125  -0.436215
0.09375  -0.583947
0.03125  -0.441679
-0.09375  -0.538294
0.03125  -0.481194
-0.09375  -0.365288
0.0625  -0.364323
0  -0.535218
0.15625  -0.473818
-0.09375  -0.695164
0  -0.67533
0.03125  -0.383171
-0.0625  -0.774598
0.0625  -0.39998
-0.21875  -0.366886
-0.0625  -0.344358
-0.125  -0.503856
-0.15625  -0.44127
-0.09375  -0.409697
0.0625  -0.584908
0.0625  -0.445804
0.125  -0.670788
-0.09375  -0.496464
0.0625  -0.289177
0.0625  -0.493251
-0.03125  -0.501206
0.25  -0.235094
0.03125  -0.548005
0.15625  -0.622101
-0.15625  -0.64072
-0.125  -0.486307
-0.03125  -0.419881
0.03125  -0.393592
-0.0625  -0.452342
0.09375  -0.599408
0.09375  -0.379579
0.03125  -0.427604
0.0625  -0.422826
0.15625  -0.357878
0.21875  -0.485772
-0.125  -0.571373
-0.125  -0.468733
0.15625  -0.584585
-0.21875  -0.53316
-0.0625  -0.363134
-0.21875  -0.537718
0.0625  -0.369523
0.0625  -0.518703
-0.03125  -0.520332
-0.0625  -0.650756
0.03125  -0.548884
-0.09375  -0.476327
-0.03125  -0.325872
0  -0.359797
0.21875  -0.474002
-0.0625  -0.468729
0.1875  -0.483444
0  -0.379275
-0.0625  -0.386593
-0.0625  -0.382119
-0.09375  -0.488519
-0.0625  -0.420029
-0.03125  -0.53278
-0.1875  -0.500509
0.15625  -0.352013
-0.15625  -0.405946
0.15625  -0.495638
-0.09375  -0.531302
-0.1875  -0.433035
0.125  -0.529462
-0.0625  -0.484663
-0.09375  -0.521247
-0.0625  -0.608409
0.03125  -0.484409
0.0625  -0.452771
0  -0.499425
-0.125  -0.299689
-0.15625  -0.526675
0.21875  -0.578889
-0.15625  -0.578553
0.0625  -0.47137
-0.125  -0.488071
0.125  -0.378697
0  -0.313603
0.125  -0.616666
0.15625  -0.580445
-0.09375  -0.37177
0  -0.367649
0.03125  -0.509815
0  -0.328818
-0.15625  -0.558531
-0.1875  -0.379768
-0.125  -0.559328
0.1875  -0.551827
-0.03125  -0.480012
-0.21875  -0.455874
-0.03125  -0.548945
-0.15625  -0.610902
0.0625  -0.590086
0.21875  -0.269267
-0.03125  -0.46179
0.15625  -0.456055
-0.03125  -0.407782
-0.0625  -0.422024
-0.125  -0.430826
-0.09375  -0.432884
0.1875  -0.511108
0.03125  -0.449991
0.1875  -0.60355
-0.09375  -0.544298
0.09375  -0.159197
-0.03125  -0.667206
0.15625  -0.262731
-0.25  -0.519359
-0.125  -0.419469
0  -0.411798
-0.0625  -0.484247
-0.21875  -0.693066
0  -0.561591
0.125  -0.352986
0  -0.519762
0.0625  -0.66465
0.09375  -0.43045
0.1875  -0.278927
-0.03125  -0.45518
0.125  -0.36101
-0.1875  -0.659425
0.03125  -0.408482
0.03125  -0.398187
-0.03125  -0.410799
0.09375  -0.499009
-0.03125  -0.496573
0.09375  -0.593429
-0.09375  -0.434658
-0.0625  -0.498559
-0.09375  -0.273741
0.03125  -0.424697
0  -0.423446
0  -0.477277
-0.1875  -0.443181
0.15625  -0.437052
0.03125  -0.419992
-0.09375  -0.504104
-0.09375  -0.60399
-0.1875  -0.470699
0.03125  -0.579185
0.28125  -0.35136
-0.03125  -0.543111
-0.09375  -0.512803
-0.125  -0.559023
-0.09375  -0.532033
-0.09375  -0.283196
-0.1875  -0.646745
-0.09375  -0.398996
-0.09375  -0.353283
-0.09375  -0.681842
0.0625  -0.445035
0.125  -0.75655
-0.03125  -0.442669
-0.25  -0.371267
-0.09375  -0.243804
0.40625  -0.418349
0  -0.504665
-0.03125  -0.465733
0.1875  -0.460926
0.15625  -0.650215
-0.21875  -0.305887
0.09375  -0.50268
0.15625  -0.46787
-0.0625  -0.517519
-0.125  -0.337289
-0.1875  -0.576655
-0.0625  -0.48473
0.125  -0.769696
0.0625  -0.46594
0.1875  -0.541822
0.1875  -0.502451
0  -0.287604
0  -0.444997
-0.1875  -0.324536
0.0625  -0.501341
-0.28125  -0.722607
0  -0.31121
-0.09375  -0.364913
-0.09375  -0.233332
-0.03125  -0.432626
-0.125  -0.564769
0  -0.489646
0  -0.453048
0  -0.606249
-0.03125  -0.618016
0.03125  -0.372126
-0.15625  -0.764568
0  -0.549305
-0.21875  -0.373967
0.0625  -0.308358
0.15625  -0.521301
0.0625  -0.277935
-0.09375  -0.507375
0.125  -0.571047
0.21875  -0.446082
0.09375  -0.65047
-0.125  -0.200853
0  -0.501685
0.09375  -0.549604
0  -0.544515
0.0625  -0.4545
-0.125  -0.211153
0.1875  -0.436747
-0.34375  -0.564471
0.09375  -0.293323
-0.0625  -0.393639
-0.21875  -0.479243
-0.0625  -0.501531
0.125  -0.331045
-0.03125  -0.416337
0  -0.553637
0.09375  -0.743814
-0.0625  -0.539466
-0.0625  -0.530027
0.3125  -0.054965
-0.15625  -0.552347
0  -0.34486
0.03125  -0.601958
-0.1875  -0.417887
-0.09375  -0.383914
-0.125  -0.591063
-0.0625  -0.249146
0.03125  -0.597338
0.125  -0.426287
0.125  -0.581125
-0.09375  -0.597371
0.15625  -0.399188
0  -0.158484
-0.125  -0.360395
0.0625  -0.540509
0  -0.193918
-0.1875  -0.642432
-0.1875  -0.292179
-0.0625  -0.437131
-0.28125  -0.476349
0.03125  -0.438934
0.25  -0.394176
-0.3125  -0.512075
-0.0625  -0.412573
0.03125  -0.45244
0.125  -0.42707
-0.0625  -0.549267
0.125  -0.470619
-0.125  -0.401713
0  -0.528432
-0.25  -0.604129
-0.125  -0.406296
-0.09375  -0.49218
0.03125  -0.597249
0.03125  -0.481571
0  -0.324919
0.03125  -0.422916
-0.09375  -0.693874
-0.03125  -0.556039
0.0625  -0.402273
0.125  -0.256029
0.09375  -0.506737
0.09375  -0.343903
0.0625  -0.406679
0  -0.612809
0.03125  -0.379987
-0.03125  -0.719829
0.34375  -0.310709
-0.25  -0.584075
0.125  -0.547923
0.15625  -0.508688
-0.34375  -0.372806
0.15625  -0.504644
-0.15625  -0.395225
0.09375  -0.537695
0  -0.403979
-0.09375  -0.477907
-0.0625  -0.356538
-0.15625  -0.187972
0.0625  -0.521271
0.28125  -0.547275
-0.125  -0.483023
0.0625  -0.556428
0.03125  -0.453666
0.21875  -0.55172
-0.125  -0.278433
0.03125  -0.574577
-0.125  -0.34462
-0.09375  -0.382513
0.09375  -0.347338
-0.03125  -0.6024
-0.03125  -0.650905
-0.125  -0.549664
0.15625  -0.453533
-0.21875  -0.452794
-0.09375  -0.65317
-0.09375  -0.412797
-0.21875  -0.27961
-0.21875  -0.300293
-0.15625  -0.331315
0  -0.646188
-0.125  -0.5334
-0.03125  -0.397686
-0.03125  -0.338607
-0.03125  -0.348795
-0.03125  -0.466653
0.125  -0.345423
-0.03125  -0.600901
0  -0.287784
-0.34375  -0.565991
-0.03125  -0.410088
-0.1875  -0.215647
-0.25  -0.650487
0  -0.515049
-0.1875  -0.541543
0.28125  -0.458179
0  -0.558097
0.03125  -0.534147
0.125  -0.469754
-0.09375  -0.614048
-0.09375  -0.448397
-0.0625  -0.621645
-0.125  -0.326753
0  -0.558934
0.03125  -0.510723
-0.09375  -0.606719
-0.09375  -0.57244
-0.09375  -0.565162
0.09375  -0.616629
-0.25  -0.672732
-0.25  -0.439363
0.0625  -0.58465
-0.03125  -0.601514
0  -0.665904
0  -0.373874
0.0625  -0.46539
-0.15625  -0.467699
0.125  -0.326016
0.0625  -0.53862
0.25  -0.704571
0.15625  -0.262191
-0.125  -0.627052
0  -0.628141
-0.1875  -0.56377
0.21875  -0.422782
0.0625  -0.435209
0  -0.402525
-0.03125  -0.63183
-0.0625  -0.416984
-0.03125  -0.549808
-0.09375  -0.459039
0.0625  -0.542981
-0.28125  -0.486759
0.21875  -0.478096
0.03125  -0.383825
0  -0.564019
0.0625  -0.671094
-0.09375  -0.296617
-0.125  -0.426556
-0.09375  -0.792545
0.125  -0.497329
-0.0625  -0.571313
0.0625  -0.35979
0.09375  -0.607019
0.03125  -0.166588
-0.1875  -0.529843
0.125  -0.424255
-0.09375  -0.677493
0.125  -0.502025
0  -0.280361
-0.3125  -0.395469
0.09375  -0.442951
-0.09375  -0.538818
-0.25  -0.306606
-0.125  -0.519994
-0.25  -0.538379
-0.21875  -0.634727
0.125  -0.24158
-0.125  -0.690902
0  -0.530743
-0.28125  -0.444905
0.03125  -0.534781
-0.125  -0.451523
0.09375  -0.486258
0.15625  -0.442232
0.21875  -0.511535
-0.0625  -0.446564
-0.125  -0.332432
-0.21875  -0.541446
0.21875  -0.272156
0  -0.258685
0.09375  -0.338198
0.0625  -0.566355
-0.125  -0.299188
-0.21875  -0.374981
0.09375  -0.446551
0  -0.476035
0.25  -0.66181
0.34375  -0.373525
0.0625  -0.373
0.1875  -0.404419
-0.03125  -0.457445
0.09375  -0.367082
-0.09375  -0.328095
-0.28125  -0.730864
0.09375  -0.484478
-0.0625  -0.355371
0.21875  -0.500022
0.09375  -0.224361
0.0625  -0.545581
-0.0625  -0.419018
0.0625  -0.523368
0.09375  -0.33564
0.09375  -0.337292
-0.15625  -0.352278
0.09375  -0.353963
-0.0625  -0.579821
0  -0.412342
0.0625  -0.485373
-0.09375  -0.600375
-0.03125  -0.424925
-0.125  -0.602436
0  -0.199
0.25  -0.399797
0.15625  -0.504691
-0.03125  -0.364033
-0.03125  -0.55763
0.03125  -0.306019
-0.0625  -0.324331
-0.1875  -0.445458
-0.125  -0.678602
0.0625  -0.46552
0.21875  -0.506134
0.21875  -0.571071
-0.1875  -0.443908
0.15625  -0.450328
0.09375  -0.626634
0.15625  -0.491803
-0.28125  -0.477977
-0.03125  -0.499805
-0.09375  -0.485103
-0.03125  -0.531487
-0.09375  -0.729924
-0.0625  -0.386472
-0.0625  -0.300156
0  -0.635971
0.09375  -0.343788
-0.125  -0.658891
-0.15625  -0.521198
-0.09375  -0.610889
0.125  -0.594297
-0.0625  -0.510061
-0.15625  -0.302393
-0.1875  -0.408296
-0.09375  -0.423306
0.21875  -0.520408
0.0625  -0.550741
-0.1875  -0.480199
-0.1875  -0.533725
-0.1875  -0.446797
0.09375  -0.560447
0  -0.29693
0  -0.450873
0.09375  -0.430612
0.125  -0.271762
-0.09375  -0.608778
-0.15625  -0.535991
0.03125  -0.403733
-0.03125  -0.309274
-0.03125  -0.212636
0.09375  -0.289138
0.09375  -0.508453
0.21875  -0.484044
-0.0625  -0.451386
0.21875  -0.423703
0.03125  -0.406081
0.09375  -0.414354
0.03125  -0.463461
-0.03125  -0.388224
0.125  -0.607941
0.1875  -0.62736
-0.0625  -0.364142
-0.1875  -0.464708
0.03125  -0.499142
0.03125  -0.574057
0.03125  -0.42918
-0.03125  -0.624519
0.1875  -0.487443
0  -0.578347
0.15625  -0.61925
0.15625  -0.440693
0.0625  -0.538518
-0.03125  -0.485039
0.09375  -0.486876
0.09375  -0.565154
-0.09375  -0.373987
0  -0.445596
0.03125  -0.485564
-0.1875  -0.363304
0.28125  -0.499046
0.21875  -0.283014
0.03125  -0.518415
0.0625  -0.447077
0.0625  -0.449895
0.0625  -0.545039
0.09375  -0.612497
0.15625  -0.558065
0  -0.165756
0.03125  -0.497728
0.125  -0.356689
-0.0625  -0.572612
0  -0.4576
0  -0.484292
0.25  -0.676931
0.1875  -0.536722
0.15625  -0.472686
-0.125  -0.630448
0.15625  -0.677146
0  -0.552208
0.09375  -0.51513
-0.03125  -0.677851
0.03125  -0.615459
-0.09375  -0.384723
-0.15625  -0.305615
-0.09375  -0.463889
-0.15625  -0.442385
-0.03125  -0.435841
-0.1875  -0.500045
-0.03125  -0.512974
-0.21875  -0.299292
-0.0625  -0.415342
-0.09375  -0.69199
0.03125  -0.434807
0.125  -0.484074
0.125  -0.442569
-0.0625  -0.556857
-0.09375  -0.588106
0.0625  -0.348462
-0.09375  -0.410252
0.25  -0.467796
0.125  -0.276594
0.125  -0.415672
-0.09375  -0.444892
0.0625  -0.454852
0  -0.509921
-0.03125  -0.539903
0.0625  -0.413548
-0.25  -0.518657
0.125  -0.528159
-0.1875  -0.456488
0.125  -0.3745
-0.03125  -0.57192
-0.0625  -0.615861
0.25  -0.53663
0.15625  -0.419794
0.03125  -0.300158
0.03125  -0.311972
-0.03125  -0.66593
-0.3125  -0.299725
-0.125  -0.524652
-0.1875  -0.54001
-0.0625  -0.560384
-0.03125  -0.384464
-0.25  -0.531473
-0.125  -0.42589
-0.03125  -0.578544
0.03125  -0.352858
0.09375  -0.470189
-0.0625  -0.42783
-0.0625  -0.58539
0.0625  -0.513122
-0.15625  -0.252666
0.03125  -0.4635
0.09375  -0.354038
0.03125  -0.401175
-0.09375  -0.517558
0  -0.308643
0.03125  -0.531
-0.125  -0.525134
0.125  -0.6866
-0.09375  -0.289769
0.4375  -0.560012
-0.15625  -0.553154
0  -0.481995
0.3125  -0.638954
-0.1875  -0.539746
0.1875  -0.188412
-0.3125  -0.47182
0.0625  -0.50809
0.03125  -0.41245
-0.1875  -0.366934
0.0625  -0.311603
-0.03125  -0.500842
-0.15625  -0.488584
0.09375  -0.451251
-0.09375  -0.306595
0.03125  -0.450916
-0.125  -0.464187
0.0625  -0.282809
-0.125  -0.44156
-0.0625  -0.376036
-0.40625  -0.685105
0.15625  -0.545626
0.03125  -0.515452
0.28125  -0.490471
0.0625  -0.52443
0.09375  -0.723978
0.09375  -0.28173
0  -0.53118
0.15625  -0.554237
-0.1875  -0.418068
0.03125  -0.533232
0.03125  -0.611904
0.0625  -0.435945
-0.03125  -0.262709
0.09375  -0.471051
0  -0.607062
-0.03125  -0.241726
-0.09375  -0.392985
0.03125  -0.529542
0.0625  -0.527789
-0.09375  -0.44442
-0.09375  -0.49035
-0.09375  -0.624904
-0.15625  -0.546512
-0.1875  -0.499316
0.3125  -0.410167
-0.09375  -0.628226
-0.09375  -0.355547
-0.15625  -0.617683
-0.09375  -0.744832
0.125  -0.480449
0.15625  -0.493459
-0.0625  -0.247796
0.1875  -0.603308
0.15625  -0.340522
0  -0.569486
-0.15625  -0.408006
0.03125  -0.283374
-0.15625  -0.620675
-0.1875  -0.349762
0.03125  -0.660595
0.21875  -0.655163
0  -0.289542
-0.09375  -0.318565
0  -0.383065
0.21875  -0.579388
-0.0625  -0.62421
-0.21875  -0.561852
0.03125  -0.595802
0.21875  -0.490048
-0.0625  -0.58564
-0.0625  -0.477496
0.03125  -0.458593
-0.15625  -0.422939
-0.15625  -0.380034
-0.03125  -0.444105
0.0625  -0.691693
-0.03125  -0.225884
-0.25  -0.194968
0.25  -0.4817
0  -0.598315
0  -0.252722
0.125  -0.35689
0.0625  -0.455736
-0.03125  -0.639856
0.15625  -0.52558
0.0625  -0.480861
-0.15625  -0.411463
-0.09375  -0.452489
-0.125  -0.405361
0.09375  -0.392573
0.03125  -0.517014
-0.21875  -0.380085
0.03125  -0.606001
0.125  -0.442509
-0.0625  -0.42612
0.09375  -0.335055
-0.09375  -0.561814
0.21875  -0.491178
0.03125  -0.506786
0.125  -0.551019
-0.09375  -0.319847
-0.09375  -0.567127
0.09375  -0.590267
0.09375  -0.295981
-0.0625  -0.498764
-0.3125  -0.515596
-0.03125  -0.386253
0.25  -0.373154
0  -0.511422
-0.03125  -0.574245
-0.25  -0.401895
-0.15625  -0.490574
0.0625  -0.428207
0.03125  -0.463276
-0.0625  -0.217257
0.125  -0.447025
0  -0.593778
0.21875  -0.448482
0.125  -0.537263
-0.03125  -0.435311
0.03125  -0.59436
-0.125  -0.619304
0  -0.415905
0  -0.500445
-0.09375  -0.421788
-0.15625  -0.546186
-0.03125  -0.330796
0.03125  -0.42972
-0.21875  -0.383258
0.0625  -0.538296
0.0625  -0.366449
-0.15625  -0.436748
-0.0625  -0.571497
-0.15625  -0.472953
0.15625  -0.490084
0  -0.494448
0  -0.330444
0.09375  -0.413817
-0.125  -0.448823
-0.15625  -0.450509
-0.125  -0.331014
0.25  -0.711439
-0.09375  -0.606956
-0.0625  -0.56443
0.15625  -0.540753
0.125  -0.469512
0.0625  -0.537896
-0.03125  -0.326621
0.0625  -0.403302
0.125  -0.455701
-0.15625  -0.675334
-0.09375  -0.427874
0.15625  -0.491285
0.03125  -0.633508
-0.15625  -0.425187
0.1875  -0.461027
-0.03125  -0.509415
0.125  -0.601346
0.09375  -0.377427
-0.25  -0.507814
0.03125  -0.461179
0.28125  -0.374965
-0.03125  -0.532704
0.3125  -0.614716
-0.09375  -0.255099
0.09375  -0.599815
-0.03125  -0.679189
0.0625  -0.513683
-0.03125  -0.62366
0.03125  -0.475871
0.15625  -0.451223
-0.09375  -0.633057
0.0625  -0.374888
-0.125  -0.564558
0.09375  -0.633592
0.03125  -0.41691
-0.125  -0.459749
0.1875  -0.39555
-0.09375  -0.500059
0.15625  -0.566975
-0.28125  -0.52453
0.1875  -0.39675
-0.0625  -0.513668
-0.03125  -0.513992
-0.1875  -0.555028
-0.375  -0.462897
0  -0.281751
-0.03125  -0.266124
-0.0625  -0.513702
-0.09375  -0.455112
-0.09375  -0.749119
0.03125  -0.464254
0.09375  -0.510293
-0.09375  -0.552955
0  -0.37621
-0.09375  -0.467377
0.25  -0.46973
0.03125  -0.514781
-0.03125  -0.560676
-0.15625  -0.531463
-0.0625  -0.340308
-0.09375  -0.352443
0.0625  -0.539741
-0.15625  -0.668578
0.125  -0.581565
0.28125  -0.421405
-0.125  -0.296025
-0.15625  -0.570853
0.03125  -0.290314
-0.09375  -0.533506
-0.03125  -0.491171
0.15625  -0.482669
-0.09375  -0.394778
0.09375  -0.437205
0.03125  -0.365191
-0.125  -0.321907
-0.03125  -0.367513
0.15625  -0.429995
0  -0.436539
0.0625  -0.469249
0.125  -0.214806
-0.09375  -0.359018
0.1875  -0.518456
-0.1875  -0.54145
-0.0625  -0.575255
0.1875  -0.466614
0  -0.542413
-0.21875  -0.494431
-0.09375  -0.475032
-0.15625  -0.59302
0.03125  -0.460926
0.3125  -0.543632
0.0625  -0.532108
0.03125  -0.45757
-0.03125  -0.318444
0  -0.413143
-0.03125  -0.63409
-0.125  -0.59899
0.125  -0.524005
0.03125  -0.373668
0  -0.455765
-0.1875  -0.367812
-0.03125  -0.432338
0.09375  -0.313761
-0.09375  -0.398866
-0.21875  -0.317405
0.15625  -0.454521
-0.1875  -0.374631
-0.03125  -0.405352
-0.28125  -0.571148
-0.1875  -0.37821
-0.0625  -0.5078
0.09375  -0.578606
-0.03125  -0.471726
-0.125  -0.48301
-0.03125  -0.419234
-0.09375  -0.502912
-0.03125  -0.455403
-0.03125  -0.320179
-0.03125  -0.548807
0.125  -0.470368
0.03125  -0.310867
-0.09375  -0.498757
-0.125  -0.515143
-0.125  -0.613892
-0.0625  -0.375271
-0.03125  -0.467888
-0.25  -0.501219
-0.03125  -0.666457
0.15625  -0.398484
0.125  -0.533701
0  -0.404586
-0.125  -0.444883
0  -0.329537
-0.15625  -0.651487
0.125  -0.413674
0  -0.698921
0.0625  -0.602041
-0.03125  -0.32944
0.125  -0.323766
0.09375  -0.684626
0.125  -0.440067
-0.125  -0.555055
-0.21875  -0.456195
0.03125  -0.449409
-0.0625  -0.481017
-0.03125  -0.468728
-0.125  -0.400846
0.15625  -0.50965
-0.09375  -0.463182
0.15625  -0.515061
0.1875  -0.502486
0  -0.560476
0.21875  -0.595358
-0.0625  -0.423403
0.03125  -0.433901
-0.03125  -0.385722
0.1875  -0.414719
0  -0.536976
-0.0625  -0.634167
0.15625  -0.563183
-0.125  -0.367108
-0.0625  -0.586463
-0.03125  -0.525366
0.0625  -0.793238
-0.125  -0.593823
-0.21875  -0.461695
0.09375  -0.572942
-0.15625  -0.466611
0.125  -0.476192
-0.03125  -0.489719
0.09375  -0.527744
0.0625  -0.482027
-0.1875  -0.255273
-0.1875  -0.562465
0.15625  -0.317676
-0.1875  -0.59671
-0.1875  -0.321275
0.3125  -0.495612
0.15625  -0.675287
-0.03125  -0.381615
0.125  -0.425619
-0.3125  -0.365987
-0.0625  -0.463656
0  -0.379982
0.1875  -0.493714
0.09375  -0.428125
0.1875  -0.575001
0.0625  -0.623019
-0.375  -0.410928
0.0625  -0.505211
-0.03125  -0.345681
-0.1875  -0.576678
0.0625  -0.557072
-0.15625  -0.399945
0  -0.0300789
-0.125  -0.479059
-0.21875  -0.543154
0.25  -0.438548
-0.0625  -0.188647
0  -0.547585
0.15625  -0.490022
-0.09375  -0.644621
-0.125  -0.539255
-0.0625  -0.561564
-0.0625  -0.346547
0.28125  -0.573356
0  -0.623124
-0.34375  -0.524912
0.03125  -0.410011
0.0625  -0.445597
-0.03125  -0.553505
0.09375  -0.416811
0.0625  -0.220863
-0.03125  -0.375856
0.09375  -0.474454
0.03125  -0.318744
0.125  -0.479867
0.125  -0.539437
0.03125  -0.389358
0.0625  -0.541882
-0.15625  -0.344207
-0.03125  -0.525877
0  -0.38471
0  -0.461918
-0.15625  -0.376002
0.0625  -0.338833
-0.15625  -0.624196
-0.09375  -0.44959
0.03125  -0.370113
-0.15625  -0.440975
0.03125  -0.63481
0.0625  -0.409539
-0.0625  -0.397417
0.1875  -0.591944
0  -0.326925
0.03125  -0.45262
-0.09375  -0.524466
0.125  -0.499148
-0.125  -0.646674
-0.15625  -0.718613
0.09375  -0.514562
0.125  -0.609582
-0.03125  -0.422653
-0.0625  -0.160071
0.125  -0.265377
-0.09375  -0.571239
0.125  -0.379479
0  -0.476905
0.09375  -0.260872
0  -0.439745
-0.3125  -0.470508
0.21875  -0.515088
0.1875  -0.358106
-0.03125  -0.464843
-0.0625  -0.644907
0.09375  -0.55714
-0.15625  -0.695916
0.0625  -0.647185
-0.15625  -0.64831
-0.1875  -0.673581
0.0625  -0.589637
-0.03125  -0.428641
0.03125  -0.249828
0.28125  -0.5267
-0.0625  -0.393725
0.0625  -0.428746
-0.125  -0.477239
-0.09375  -0.321643
0.125  -0.475129
0.21875  -0.477887
0.09375  -0.473862
0.0625  -0.315347
-0.1875  -0.335095
0  -0.609151
0.1875  -0.494883
0.03125  -0.226427
0  -0.427417
0  -0.35935
0.34375  -0.593576
0.09375  -0.391392
0.09375  -0.811211
0.15625  -0.554899
0.03125  -0.427639
0  -0.464454
0.21875  -0.506096
0.125  -0.443233
-0.1875  -0.622697
0.09375  -0.507812
0.0625  -0.569385
0.125  -0.428385
0.125  -0.40274
-0.09375  -0.644969
-0.0625  -0.471947
0.03125  -0.546829
-0.09375  -0.375977
-0.1875  -0.379833
0.125  -0.236335
0.09375  -0.614966
0.0625  -0.227008
0.09375  -0.50494
-0.09375  -0.47923
0.03125  -0.574553
0.21875  -0.688046
0.15625  -0.582158
0.125  -0.507011
0.1875  -0.425003
0.125  -0.345269
0.1875  -0.367444
0  -0.345697
-0.3125  -0.322089
-0.40625  -0.54178
0.09375  -0.674679
-0.1875  -0.335314
0.09375  -0.369438
0.03125  -0.490868
-0.15625  -0.397706
-0.0625  -0.552512
-0.0625  -0.343369
0.21875  -0.444069
0.125  -0.549948
0  -0.534344
-0.0625  -0.407922
0.0625  -0.496573
0.09375  -0.44071
-0.15625  -0.575441
-0.03125  -0.396814
0.125  -0.665745
-0.03125  -0.67459
0.21875  -0.494045
-0.125  -0.564973
-0.03125  -0.569515
0.25  -0.472777
-0.0625  -0.633979
-0.0625  -0.558023
-0.09375  -0.428078
-0.0625  -0.636193
-0.09375  -0.409013
-0.15625  -0.278321
0  -0.528117
-0.0625  -0.3402
0.3125  -0.439936
0.125  -0.537676
-0.09375  -0.58322
-0.15625  -0.589115
-0.125  -0.398731
0.0625  -0.596302
0.09375  -0.506561
-0.0625  -0.536039
0.28125  -0.472097
-0.03125  -0.524531
-0.09375  -0.381149
-0.03125  -0.554897
0.09375  -0.639727
0.09375  -0.399029
0.21875  -0.520372
-0.28125  -0.529148
-0.0625  -0.506189
0  -0.376392
-0.0625  -0.344937
-0.15625  -0.3879
0.1875  -0.343293
-0.0625  -0.485817
0.3125  -0.54925
0.09375  -0.554274
-0.03125  -0.583646
-0.03125  -0.458516
-0.15625  -0.429692
0.0625  -0.409788
-0.15625  -0.751686
0  -0.639469
-0.09375  -0.580393
0.25  -0.684539
0.0625  -0.455929
-0.03125  -0.496477
-0.1875  -0.605235
-0.09375  -0.527373
-0.125  -0.355899
0  -0.405798
0.03125  -0.640763
-0.09375  -0.407888
-0.0625  -0.587173
-0.125  -0.555976
-0.0625  -0.507488
-0.03125  -0.351596
-0.15625  -0.426036
0.0625  -0.543578
-0.1875  -0.216143
0.03125  -0.42519
0.1875  -0.283709
-0.03125  -0.52414
-0.0625  -0.407486
0.1875  -0.63386
0.03125  -0.702101
0.125  -0.435627
0.09375  -0.534455
0.03125  -0.509986
0.09375  -0.277337
-0.09375  -0.630894
0.0625  -0.220691
0  -0.494107
-0.0625  -0.742024
-0.0625  -0.513169
0.15625  -0.407967
-0.09375  -0.42978
0.125  -0.247355
0  -0.478128
0.0625  -0.53889
0.03125  -0.413509
0.1875  -0.692966
-0.125  -0.492872
-0.125  -0.205269
0  -0.638927
0.15625  -0.490834
0.03125  -0.507678
0.15625  -0.306636
0.0625  -0.252919
-0.1875  -0.649531
-0.09375  -0.426781
0.0625  -0.469076
0  -0.218933
-0.03125  -0.495641
0  -0.650298
0.03125  -0.488052
-0.125  -0.651118
-0.1875  -0.502601
0.03125  -0.819656
-0.125  -0.396643
0.09375  -0.538242
-0.03125  -0.384111
0  -0.548308
-0.0625  -0.411938
-0.03125  -0.495392
-0.0625  -0.607237
-0.15625  -0.53101
-0.1875  -0.707038
0.09375  -0.490967
0  -0.521978
-0.09375  -0.562007
-0.03125  -0.584729
-0.125  -0.347601
-0.25  -0.437
-0.0625  -0.672889
-0.21875  -0.554296
0.125  -0.428415
0.0625  -0.474156
0.09375  -0.548793
0.15625  -0.391409
0.21875  -0.54302
0  -0.630855
-0.03125  -0.443959
-0.03125  -0.374766
-0.125  -0.35611
-0.21875  -0.618879
-0.1875  -0.555737
0  -0.396977
0.0625  -0.565384
0.03125  -0.405987
-0.09375  -0.549645
0.125  -0.341595
-0.09375  -0.612867
0.0625  -0.328398
-0.03125  -0.484331
0.09375  -0.516499
-0.15625  -0.583047
-0.09375  -0.55463
-0.125  -0.332223
-0.0625  -0.553878
-0.03125  -0.400162
0.15625  -0.509922
0.25  -0.46244
0.03125  -0.489366
0.1875  -0.384399
-0.09375  -0.588412
0.1875  -0.63188
0.21875  -0.401987
-0.15625  -0.400358
-0.1875  -0.592573
-0.03125  -0.682555
-0.03125  -0.371959
-0.1875  -0.380962
-0.25  -0.655071
0.0625  -0.441623
0.125  -0.544103
0.21875  -0.310079
0.15625  -0.366411
-0.21875  -0.466077
0.03125  -0.36581
-0.03125  -0.437601
-0.03125  -0.519926
-0.03125  -0.646172
0.15625  -0.665053
-0.28125  -0.591883
0.0625  -0.42969
0.0625  -0.582694
0  -0.294831
0.09375  -0.484545
0.09375  -0.558909
0  -0.600674
0.03125  -0.358561
-0.0625  -0.321655
-0.0625  -0.593705
-0.125  -0.598407
0.03125  -0.272015
0.0625  -0.504559
0.03125  -0.42415
0.15625  -0.603535
0.0625  -0.479166
0.15625  -0.555035
-0.09375  -0.233161
-0.1875  -0.659855
0.09375  -0.432599
0  -0.490496
0.09375  -0.617225
0.09375  -0.185983
0.125  -0.402774
-0.03125  -0.384384
0.03125  -0.504996
-0.0625  -0.585886
0  -0.550519
-0.3125  -0.318562
0.0625  -0.629815
-0.1875  -0.373642
-0.1875  -0.649576
0.125  -0.567685
0.03125  -0.363953
-0.03125  -0.511979
0.09375  -0.348029
0.03125  -0.381335
-0.09375  -0.540733
0  -0.549576
0.21875  -0.588103
0.21875  -0.337875
-0.0625  -0.435227
0.03125  -0.365585
0  -0.60438
0.03125  -0.334838
-0.03125  -0.481401
-0.0625  -0.578568
0.0625  -0.573118
-0.03125  -0.478948
0.21875  -0.404987
0.09375  -0.571787
0.0625  -0.254983
-0.09375  -0.559493
0.0625  -0.656607
-0.03125  -0.455603
-0.15625  -0.588582
-0.125  -0.484379
0.0625  -0.601564
-0.125  -0.45696
-0.03125  -0.263427
0.09375  -0.592483
-0.09375  -0.651005
0.09375  -0.516851
-0.1875  -0.448034
0.0625  -0.404897
0.09375  -0.586144
0.0625  -0.475437
-0.09375  -0.581491
0.21875  -0.414063
-0.03125  -0.4959
0.15625  -0.512029
-0.125  -0.630355
-0.03125  -0.585512
0.1875  -0.463027
0.03125  -0.716655
0.09375  -0.402578
-0.375  -0.412394
-0.09375  -0.419127
0.25  -0.350891
-0.09375  -0.578623
-0.0625  -0.59253
0.15625  -0.303974
0.03125  -0.461703
-0.15625  -0.501358
-0.09375  -0.560175
0.21875  -0.425144
-0.15625  -0.388224
0.09375  -0.428103
-0.0625  -0.373656
-0.21875  -0.429899
0.0625  -0.531598
0.0625  -0.513501
-0.09375  -0.220016
0  -0.471047
-0.0625  -0.380476
-0.25  -0.488909
0.03125  -0.502282
-0.03125  -0.528466
0.03125  -0.630689
0.15625  -0.406645
-0.09375  -0.544121
0.125  -0.363492
0.15625  -0.563674
0.0625  -0.612862
0.0625  -0.523245
0.03125  -0.688299
0  -0.590664
-0.15625  -0.396459
0.1875  -0.540433
0.125  -0.394381
0  -0.610127
0.03125  -0.320325
-0.03125  -0.475273
0.09375  -0.191838
0  -0.528119
0.03125  -0.480588
-0.09375  -0.612144
0.125  -0.5905
0.0625  -0.609901
0.0625  -0.603245
-0.09375  -0.57276
0.15625  -0.494281
0.03125  -0.0149485
0.03125  -0.525835
-0.09375  -0.590346
0.0625  -0.446236
-0.0625  -0.545532
0  -0.50004
-0.15625  -0.500346
0.09375  -0.346627
-0.03125  -0.344727
0.21875  -0.645783
0.34375  -0.335896
0.125  -0.611175
0.09375  -0.51122
0.09375  -0.421681
-0.03125  -0.491191
-0.125  -0.458551
-0.125  -0.266579
0.1875  -0.636936
0.125  -0.406316
0.03125  -0.500652
-0.15625  -0.320954
-0.1875  -0.653196
-0.09375  -0.599514
-0.09375  -0.261651
-0.03125  -0.170046
0.0625  -0.483206
0.125  -0.232672
0.125  -0.252543
-0.03125  -0.534197
-0.0625  -0.735682
0.125  -0.217732
-0.09375  -0.640457
-0.40625  -0.446455
-0.0625  -0.536866
-0.0625  -0.637304
-0.25  -0.538388
0.125  -0.348438
-0.25  -0.334133
0.125  -0.340105
-0.0625  -0.61942
0.15625  -0.469541
0  -0.568986
0.0625  -0.443046
-0.125  -0.420189
-0.25  -0.526347
-0.28125  -0.658516
0  -0.594521
-0.125  -0.452034
0.125  -0.706996
0.28125  -0.397122
0.03125  -0.618265
0.15625  -0.473266
0.09375  -0.328888
-0.03125  -0.438076
-0.0625  -0.541318
-0.0625  -0.480976
0.03125  -0.376241
0.0625  -0.537762
-0.0625  -0.628151
-0.15625  -0.318585
-0.0625  -0.318441
0.375  -0.565306
-0.09375  -0.418413
-0.03125  -0.413288
-0.0625  -0.408188
0  -0.58989
-0.0625  -0.426795
-0.15625  -0.685904
-0.1875  -0.361578
-0.15625  -0.598975
-0.09375  -0.572333
-0.0625  -0.323162
-0.0625  -0.474532
-0.28125  -0.421882
0.03125  -0.596989
-0.15625  -0.436617
-0.1875  -0.596148
0.03125  -0.682521
-0.25  -0.567759
-0.0625  -0.41167
0.03125  -0.367739
0.125  -0.32563
-0.125  -0.537423
0.09375  -0.629514
0  -0.525141
0.03125  -0.450709
-0.15625  -0.554135
0  -0.561943
0.09375  -0.362471
0.1875  -0.375292
0.125  -0.322858
0.0625  -0.623334
0.1875  -0.466604
0  -0.516479
-0.125  -0.441471
0.03125  -0.41922
-0.03125  -0.382558
0.09375  -0.431104
0.0625  -0.569011
0  -0.302785
0.0625  -0.366883
0.0625  -0.352201
-0.09375  -0.388403
0.03125  -0.477702
0.0625  -0.517105
0.125  -0.501691
0  -0.576219
0.21875  -0.462054
-0.03125  -0.481576
-0.25  -0.360527
0  -0.318725
0  -0.349013
-0.0625  -0.754185
0.03125  -0.632535
0.15625  -0.654004
-0.15625  -0.456973
0.125  -0.233651
-0.09375  -0.641385
-0.1875  -0.622289
-0.09375  -0.408028
0.125  -0.638759
0.125  -0.46336
0.09375  -0.601617
0  -0.539307
-0.46875  -0.466337
-0.1875  -0.478007
-0.1875  -0.333144
0.21875  -0.456132
0  -0.453083
-0.25  -0.39383
-0.09375  -0.525765
0.1875  -0.390067
0  -0.458179
0.03125  -0.266174
-0.0625  -0.391059
-0.09375  -0.335825
-0.1875  -0.543927
-0.21875  -0.609069
0.25  -0.692351
0.09375  -0.446904
-0.0625  -0.383642
0  -0.592964
-0.125  -0.441987
0.0625  -0.561381
-0.03125  -0.454648
0.25  -0.456169
0  -0.351767
-0.1875  -0.271621
-0.28125  -0.596521
0.0625  -0.504653
-0.09375  -0.487594
-0.0625  -0.351416
0.125  -0.467317
0.0625  -0.583469
0.1875  -0.441879
-0.125  -0.406381
0.25  -0.613923
0.0625  -0.360778
0.0625  -0.480278
0.1875  -0.476327
0.03125  -0.196958
-0.15625  -0.503029
0.09375  -0.558217
0.3125  -0.275832
-0.0625  -0.353775
0.09375  -0.607688
0.25  -0.608265
-0.0625  -0.327378
0.125  -0.429819
0.09375  -0.475051
0.125  -0.439657
-0.09375  -0.823403
0.09375  -0.637811
0.09375  -0.409645
0.0625  -0.611572
-0.15625  -0.380146
0.34375  -0.368753
-0.125  -0.494105
0.09375  -0.514045
-0.09375  -0.404499
0.0625  -0.614655
0.1875  -0.439665
0  -0.542211
0.0625  -0.684719
0.09375  -0.555625
0.03125  -0.556808
0.125  -0.290757
-0.0625  -0.649765
0.1875  -0.401522
0.0625  -0.660464
-0.03125  -0.573931
0  -0.521639
-0.25  -0.610815
0.1875  -0.333767
0.0625  -0.459176
-0.15625  -0.470228
0.09375  -0.348228
-0.28125  -0.240404
-0.09375  -0.598565
-0.15625  -0.424117
0.1875  -0.422159
0.15625  -0.578412
0.1875  -0.441682
0  -0.554903
0.0625  -0.522545
0.03125  -0.60001
0.375  -0.668338
0.09375  -0.550787
-0.09375  -0.528962
-0.0625  -0.497054
0.125  -0.352639
-0.21875  -0.51437
0.34375  -0.523366
-0.0625  -0.380129
-0.03125  -0.468659
0.0625  -0.536888
-0.03125  -0.376935
0.03125  -0.40629
0.03125  -0.313126
0.21875  -0.568918
0.0625  -0.494257
-0.0625  -0.450361
-0.15625  -0.377229
-0.15625  -0.303082
0  -0.463235
-0.09375  -0.384573
0.25  -0.594624
0  -0.417421
0  -0.402166
-0.03125  -0.448324
0.125  -0.515224
0  -0.632339
0.0625  -0.491442
0  -0.308756
0.0625  -0.571876
0.09375  -0.525704
0  -0.423508
0.03125  -0.309165
0.0625  -0.515693
0.03125  -0.347091
-0.03125  -0.400364
-0.09375  -0.46264
0.03125  -0.466601
-0.21875  -0.388223
-0.03125  -0.462781
0.1875  -0.489396
0  -0.409112
-0.09375  -0.316246
-0.09375  -0.31598
-0.25  -0.576999
0.09375  -0.538566
0.1875  -0.389862
0  -0.328159
0.125  -0.526101
0  -0.621834
-0.0625  -0.579497
-0.0625  -0.55924
-0.25  -0.495082
0.21875  -0.620321
0.03125  -0.529956
-0.03125  -0.648246
-0.0625  -0.658433
0  -0.421396
0.21875  -0.461827
-0.03125  -0.476128
-0.0625  -0.664917
-0.1875  -0.323572
-0.03125  -0.412455
-0.0625  -0.709821
0.09375  -0.506099
0.03125  -0.630714
-0.09375  -0.38146
-0.03125  -0.607849
0.15625  -0.480148
-0.1875  -0.414549
-0.125  -0.406185
0.125  -0.336884
-0.03125  -0.391865
0  -0.591241
0.03125  -0.450227
0.15625  -0.417308
0.0625  -0.388684
-0.1875  -0.57106
0.125  -0.410917
0.09375  -0.486821
0.15625  -0.699362
-0.03125  -0.362765
0  -0.402105
-0.0625  -0.237133
-0.15625  -0.541012
0.15625  -0.273778
0.0625  -0.444558
0.03125  -0.431586
0.1875  -0.413913
0.125  -0.298167
-0.03125  -0.465634
-0.0625  -0.581366
0.25  -0.396434
0  -0.51331
-0.15625  -0.705655
-0.125  -0.485502
0.15625  -0.470373
0.03125  -0.577221
-0.21875  -0.415053
-0.125  -0.456227
-0.25  -0.602547
-0.03125  -0.412774
-0.03125  -0.597811
-0.15625  -0.692871
0.03125  -0.255187
-0.25  -0.180038
-0.03125  -0.516147
0.125  -0.536403
0.09375  -0.372167
0.0625  -0.696531
0.25  -0.431604
0.09375  -0.40989
-0.09375  -0.486738
-0.0625  -0.465515
0.03125  -0.451999
0  -0.421115
-0.1875  -0.228742
-0.03125  -0.487121
0.3125  -0.322317
-0.03125  -0.526001
0.125  -0.469705
-0.03125  -0.642311
0.25  -0.514527
-0.15625  -0.58232
-0.0625  -0.491635
0.09375  -0.57777
0.21875  -0.485214
0.1875  -0.548317
0.0625  -0.487853
0  -0.462699
0.0625  -0.421669
-0.09375  -0.351724
0  -0.519303
-0.0625  -0.51385
0.1875  -0.340038
-0.09375  -0.604003
0.25  -0.552094
0.1875  -0.641111
0  -0.527512
-0.0625  -0.538561
-0.09375  -0.507714
-0.09375  -0.526473
0  -0.237705
0.0625  -0.600634
-0.0625  -0.621996
0  -0.504217
0.0625  -0.349588
0.0625  -0.358765
-0.0625  -0.413847
0.1875  -0.466905
0  -0.512613
-0.09375  -0.4858
0.03125  -0.397148
0.03125  -0.587475
-0.125  -0.312348
-0.15625  -0.707034
0.0625  -0.445089
0.03125  -0.361679
-0.125  -0.328333
0.125  -0.519745
0.03125  -0.401064
0.03125  -0.585274
0  -0.335066
-0.1875  -0.34599
-0.03125  -0.601669
-0.125  -0.762432
-0.0625  -0.419553
-0.15625  -0.429403
-0.125  -0.596292
0.125  -0.46593
0.125  -0.410609
0  -0.364087
0.03125  -0.455909
-0.03125  -0.595304
-0.15625  -0.450916
0.1875  -0.338908
-0.21875  -0.454295
0.1875  -0.309155
0.09375  -0.540383
0.15625  -0.61382
-0.09375  -0.561042
0.125  -0.594092
-0.125  -0.384055
0.0625  -0.419934
-0.09375  -0.670775
-0.03125  -0.45041
-0.21875  -0.448153
0.21875  -0.438672
0.21875  -0.673884
-0.0625  -0.553451
-0.125  -0.339589
-0.03125  -0.539891
-0.15625  -0.448741
0  -0.397968
-0.03125  -0.400807
-0.0625  -0.56735
-0.0625  -0.483928
0.0625  -0.603121
-0.0625  -0.427054
0.0625  -0.630909
-0.03125  -0.512469
-0.1875  -0.617058
-0.03125  -0.492127
0.125  -0.4184
0.03125  -0.479103
0.15625  -0.417177
0.0625  -0.643309
-0.125  -0.537017
0  -0.585829
-0.0625  -0.646078
0  -0.167302
-0.03125  -0.517924
-0.125  -0.47004
0.25  -0.579776
0.125  -0.446615
0  -0.548955
0.09375  -0.542256
-0.03125  -0.460467
-0.21875  -0.403498
-0.28125  -0.468766
0.125  -0.463362
0.125  -0.377538
-0.09375  -0.48481
0.15625  -0.575928
0.09375  -0.595232
-0.0625  -0.270814
0.125  -0.418877
0  -0.464459
0.03125  -0.48156
-0.09375  -0.519222
-0.21875  -0.437683
0.125  -0.362266
-0.0625  -0.502768
-0.15625  -0.542936
-0.15625  -0.334111
0.125  -0.493141
-0.15625  -0.432083
-0.21875  -0.56843
0  -0.4809
0.0625  -0.57799
0.125  -0.331342
-0.0625  -0.473857
0  -0.358936
0.21875  -0.417412
0.03125  -0.531708
-0.1875  -0.68137
-0.0625  -0.502597
-0.09375  -0.466274
0  -0.537928
-0.03125  -0.479432
0  -0.482387
0.0625  -0.565337
-0.09375  -0.501632
0.09375  -0.5654
0  -0.420559
0.0625  -0.45773
0.0625  -0.306468
0.15625  -0.388485
0.125  -0.326528
0.125  -0.568253
0.0625  -0.44598
-0.03125  -0.613465
-0.28125  -0.443599
0.0625  -0.372689
-0.1875  -0.768098
0.03125  -0.810589
-0.03125  -0.504839
0.03125  -0.311548
-0.125  -0.574415
0.03125  -0.340359
0.03125  -0.635085
0.1875  -0.338499
0.03125  -0.315343
0.03125  -0.606663
0.25  -0.658909
0  -0.474478
0.1875  -0.485928
0.125  -0.537808
0  -0.427349
0.125  -0.486956
0.0625  -0.387529
-0.09375  -0.630636
0.0625  -0.561729
0.0625  -0.360199
-0.0625  -0.384332
0  -0.423103
0.125  -0.549933
0.03125  -0.60994
0.09375  -0.494586
0.125  -0.594623
-0.25  -0.537396
0.0625  -0.539529
-0.125  -0.47958
0.03125  -0.422561
-0.0625  -0.508345
-0.25  -0.405558
-0.125  -0.465963
0  -0.431639
0.1875  -0.600351
-0.125  -0.301475
0.15625  -0.459159
-0.0625  -0.549174
-0.09375  -0.358537
0.3125  -0.553285
-0.28125  -0.407715
0.125  -0.383698
-0.0625  -0.399979
-0.03125  -0.520157
-0.25  -0.478616
0.21875  -0.578298
-0.0625  -0.381513
0.03125  -0.39869
-0.125  -0.505978
0.15625  -0.595808
-0.15625  -0.198166
-0.09375  -0.563819
0  -0.323227
0  -0.535087
0.0625  -0.539836
-0.125  -0.426332
0  -0.589724
0.15625  -0.358872
-0.15625  -0.555215
-0.15625  -0.425808
-0.0625  -0.482732
0.0625  -0.396586
0  -0.452272
-0.1875  -0.243546
-0.0625  -0.411043
0.09375  -0.488142
0  -0.286716
0  -0.666626
0.25  -0.353761
-0.1875  -0.440979
-0.21875  -0.589301
0  -0.449684
0.3125  -0.293738
-0.03125  -0.630978
0.03125  -0.630429
0.15625  -0.433124
-0.03125  -0.337444
0.0625  -0.439704
-0.125  -0.502445
0.125  -0.672076
0.0625  -0.429779
0.28125  -0.570013
0.125  -0.505842
0.09375  -0.552
0.09375  -0.422095
0.15625  -0.638773
0.15625  -0.590495
-0.125  -0.536027
0.09375  -0.48898
0.15625  -0.306403
0.125  -0.338463
-0.0625  -0.482265
-0.15625  -0.361783
0.0625  -0.544325
0.1875  -0.637973
0  -0.595651
0.03125  -0.501715
0  -0.524612
0.21875  -0.641535
-0.0625  -0.420591
-0.15625  -0.536157
-0.125  -0.397493
0.15625  -0.60066
-0.125  -0.425393
0.03125  -0.409831
-0.03125  -0.356294
-0.09375  -0.404359
-0.09375  -0.426611
-0.09375  -0.364228
0.15625  -0.245912
0.21875  -0.304336
0.125  -0.318893
-0.15625  -0.494626
0.0625  -0.568635
0.03125  -0.45735
0  -0.353239
0.03125  -0.558337
0.09375  -0.494034
0  -0.30076
-0.0625  -0.508526
-0.09375  -0.623375
0.21875  -0.670409
-0.03125  -0.364696
-0.09375  -0.487513
-0.125  -0.459252
0.21875  -0.315684
-0.09375  -0.311742
-0.1875  -0.498326
0.21875  -0.674177
0.3125  -0.316503
0  -0.338852
-0.03125  -0.541523
-0.125  -0.426425
0.28125  -0.514052
-0.03125  -0.458393
0  -0.325692
0.0625  -0.258982
0.15625  -0.439422
0.03125  -0.377436
-0.0625  -0.434865
0.0625  -0.420587
-0.0625  -0.700096
0.0625  -0.503868
0.09375  -0.52392
0  -0.465409
0  -0.499069
0.0625  -0.255991
-0.03125  -0.564072
-0.125  -0.485673
0  -0.690376
-0.03125  -0.364479
-0.21875  -0.308466
-0.0625  -0.484776
0  -0.443418
0  -0.546526
0.0625  -0.612131
-0.0625  -0.342961
-0.09375  -0.4019
-0.21875  -0.525482
-0.0625  -0.60982
0.25  -0.452247
-0.125  -0.402679
-0.09375  -0.482084
-0.0625  -0.526372
-0.03125  -0.560837
0  -0.470205
-0.09375  -0.4552
0.03125  -0.458492
-0.03125  -0.513913
-0.1875  -0.375806
-0.03125  -0.412147
0.21875  -0.513369
-0.09375  -0.563541
-0.25  -0.665423
0.0625  -0.773267
0.0625  -0.52208
0  -0.456861
-0.125  -0.541684
-0.09375  -0.691485
-0.03125  -0.520434
-0.15625  -0.52361
-0.03125  -0.397711
-0.15625  -0.71198
-0.0625  -0.556791
0.03125  -0.428948
-0.0625  -0.411845
0.03125  -0.428617
0.125  -0.389484
0.125  -0.30663
-0.125  -0.573339
0  -0.369609
-0.15625  -0.553188
-0.0625  -0.314612
-0.0625  -0.357426
-0.09375  -0.611567
-0.0625  -0.239038
0  -0.709956
0.03125  -0.617887
-0.1875  -0.559372
0.25  -0.570104
0.125  -0.375963
0.03125  -0.408565
-0.0625  -0.665693
-0.0625  -0.632495
0  -0.185521
0  -0.486701
0  -0.447677
-0.09375  -0.480048
-0.125  -0.36907
0.125  -0.542766
0  -0.693679
-0.25  -0.570712
-0.125  -0.503616
-0.0625  -0.844841
0.0625  -0.493363
-0.21875  -0.454255
0.21875  -0.51334
-0.03125  -0.649156
-0.15625  -0.334198
0.1875  -0.386595
0.15625  -0.505947
0.15625  -0.438063
0.1875  -0.239697
0  -0.535255
-0.15625  -0.360212
0.09375  -0.426386
0.0625  -0.416222
0.0625  -0.236612
0.03125  -0.523346
-0.15625  -0.158566
0  -0.312437
0.0625  -0.395113
0.25  -0.622862
-0.0625  -0.314721
0.0625  -0.512163
-0.125  -0.329854
-0.15625  -0.321046
-0.03125  -0.513135
-0.125  -0.611762
-0.25  -0.610771
-0.125  -0.460457
0.21875  -0.726409
-0.0625  -0.334196
0.125  -0.366698
-0.09375  -0.602581
0.03125  -0.5494
0.125  -0.498629
-0.21875  -0.531353
-0.09375  -0.422584
-0.0625  -0.455081
-0.0625  -0.555055
0.03125  -0.554219
-0.1875  -0.522419
0.09375  -0.486443
0.15625  -0.531312
-0.21875  -0.512969
-0.25  -0.438269
-0.03125  -0.426437
-0.125  -0.346031
0  -0.777474
0.0625  -0.589145
-0.28125  -0.636887
0  -0.417935
0  -0.424051
-0.09375  -0.519304
0.09375  -0.462572
0.03125  -0.34426
0.21875  -0.546173
0  -0.31403
0.15625  -0.286622
-0.15625  -0.478937
0.125  -0.298302
0.1875  -0.328009
0.03125  -0.594423
-0.1875  -0.388108
0.0625  -0.475112
0.0625  -0.339958
0.1875  -0.501027
0  -0.468532
-0.21875  -0.712967
0.03125  -0.545771
0  -0.529424
-0.09375  -0.559183
-0.3125  -0.465207
0.1875  -0.728049
-0.15625  -0.438915
0.09375  -0.308219
-0.0625  -0.537397
0  -0.464181
-0.0625  -0.711822
-0.03125  -0.404992
0.15625  -0.483285
0.4375  -0.383458
-0.0625  -0.6378
0.0625  -0.56298
-0.0625  -0.348128
0.0625  -0.591963
0.125  -0.465487
0.25  -0.42774
-0.03125  -0.458694
0.09375  -0.344694
-0.03125  -0.632264
-0.03125  -0.558089
0.0625  -0.441489
-0.1875  -0.204985
0.03125  -0.437016
0.125  -0.456483
-0.03125  -0.550103
0.25  -0.427988
-0.125  -0.43661
-0.0625  -0.389476
0  -0.584622
0  -0.440898
-0.09375  -0.451983
-0.09375  -0.601556
-0.0625  -0.368538
-0.03125  -0.372745
-0.125  -0.421674
0.0625  -0.454945
-0.09375  -0.572632
0  -0.511497
-0.03125  -0.684583
0  -0.540032
-0.1875  -0.547913
0.03125  -0.694278
-0.03125  -0.423136
0.125  -0.510146
-0.03125  -0.310897
0.0625  -0.641168
0.09375  -0.379684
0  -0.32801
-0.0625  -0.516137
0.03125  -0.544728
-0.09375  -0.430311
0.125  -0.42871
-0.03125  -0.328762
-0.03125  -0.530092
-0.15625  -0.364797
0  -0.577462
0.03125  -0.610943
0  -0.488157
-0.125  -0.237655
0.0625  -0.347801
0.125  -0.185925
-0.1875  -0.375488
0.09375  -0.5133
0.03125  -0.733402
0.03125  -0.364486
0.03125  -0.52338
0.28125  -0.566541
-0.0625  -0.582174
-0.125  -0.50407
-0.09375  -0.48366
0.09375  -0.406454
0.15625  -0.340128
0  -0.479268
0.15625  -0.487972
0  -0.690429
-0.03125  -0.577235
0.03125  -0.205983
-0.03125  -0.369978
-0.0625  -0.330373
0.21875  -0.646708
0.125  -0.417823
-0.125  -0.431612
-0.03125  -0.407102
-0.34375  -0.548703
-0.0625  -0.61276
-0.09375  -0.351275
0.15625  -0.408617
-0.15625  -0.488132
0.125  -0.644153
0.0625  -0.509822
0.1875  -0.548349
0.09375  -0.428615
-0.09375  -0.503581
0.03125  -0.448044
-0.125  -0.450446
0.09375  -0.612285
0  -0.501146
-0.1875  -0.490718
0.1875  -0.41348
-0.09375  -0.544806
0.125  -0.423812
-0.09375  -0.259576
0.25  -0.432294
0  -0.287063
-0.1875  -0.218487
-0.0625  -0.434743
0.1875  -0.536853
0  -0.485353
0.21875  -0.389269
-0.125  -0.549146
0  -0.598303
-0.21875  -0.42545
0  -0.500429
0.03125  -0.395419
0.09375  -0.165185
0.1875  -0.366294
0  -0.550791
0.21875  -0.314036
0  -0.612097
-0.34375  -0.352266
-0.03125  -0.293088
-0.03125  -0.464834
0.1875  -0.570802
0  -0.461501
0.125  -0.394418
-0.125  -0.238739
0.1875  -0.401525
0.125  -0.514158
-0.34375  -0.483973
0  -0.426984
0.125  -0.72261
0  -0.517192
-0.0625  -0.585913
0.0625  -0.547359
0  -0.568533
0.0625  -0.474687
-0.03125  -0.522511
-0.03125  -0.58885
-0.0625  -0.389883
0.21875  -0.442693
-0.0625  -0.471406
-0.28125  -0.490124
0.125  -0.387855
0.09375  -0.451165
0.0625  -0.629994
-0.21875  -0.427615
-0.125  -0.409267
0.09375  -0.489467
-0.0625  -0.565135
-0.0625  -0.408806
0.03125  -0.482229
0.125  -0.401066
-0.0625  -0.365157
-0.09375  -0.430501
-0.28125  -0.38524
0.25  -0.468462
0.125  -0.483651
0.03125  -0.273668
-0.15625  -0.439215
-0.1875  -0.447043
-0.09375  -0.475112
-0.15625  -0.632589
0.125  -0.567175
0.03125  -0.552043
0.34375  -0.453346
-0.03125  -0.726763
-0.03125  -0.237971
0.0625  -0.401491
0.03125  -0.664022
-0.15625  -0.437007
0  -0.395079
0  -0.61336
0.09375  -0.36097
-0.03125  -0.580384
-0.125  -0.489447
0.1875  -0.412535
-0.125  -0.424845
-0.09375  -0.67904
0.09375  -0.608324
-0.15625  -0.605544
0.03125  -0.578121
-0.09375  -0.411228
0.125  -0.557448
0.15625  -0.409757
0.03125  -0.319623
-0.09375  -0.40378
-0.09375  -0.489237
-0.125  -0.596424
0  -0.587422
0.03125  -0.338275
-0.0625  -0.539
-0.09375  -0.382816
0.125  -0.507001
-0.09375  -0.445338
0  -0.661649
0  -0.463323
0.125  -0.240368
0  -0.536361
-0.09375  -0.561454
0  -0.565462
-0.21875  -0.376338
0.03125  -0.574263
-0.0625  -0.584077
-0.0625  -0.410068
-0.03125  -0.331276
0.0625  -0.416474
-0.125  -0.373971
0.15625  -0.587052
-0.09375  -0.499957
0  -0.479772
0.03125  -0.516396
0.03125  -0.304603
0.125  -0.604815
0  -0.632806
-0.1875  -0.485936
-0.0625  -0.457965
0.03125  -0.623997
-0.09375  -0.45787
0.03125  -0.332117
0.03125  -0.44018
-0.25  -0.691708
-0.03125  -0.662901
0.15625  -0.294059
0.21875  -0.570563
0.09375  -0.328763
0.125  -0.447989
-0.09375  -0.52048
0.03125  -0.483405
0  -0.651811
0  -0.414737
0.15625  -0.43346
-0.09375  -0.484458
-0.125  -0.452806
-0.03125  -0.488869
0.125  -0.363109
0.15625  -0.377183
0.0625  -0.42511
0.21875  -0.578106
0.0625  -0.421374
-0.15625  -0.555023
0.15625  -0.330267
0.09375  -0.483274
0.09375  -0.492497
0.25  -0.564826
-0.0625  -0.627905
0  -0.417677
-0.125  -0.527085
-0.09375  -0.431497
0.1875  -0.400156
-0.25  -0.530638
-0.09375  -0.364765
0.15625  -0.393817
-0.21875  -0.281161
0.0625  -0.432998
0.125  -0.71734
0  -0.494632
0.09375  -0.518505
0.03125  -0.393649
-0.09375  -0.399788
0.125  -0.583831
0.15625  -0.548307
0.09375  -0.508475
-0.09375  -0.548807
0.03125  -0.582649
0  -0.388025
0.125  -0.53338
-0.0625  -0.324158
0.0625  -0.611994
0.0625  -0.43951
-0.03125  -0.543785
-0.0625  -0.444891
0.03125  -0.515355
0.09375  -0.0819574
-0.125  -0.567269
-0.0625  -0.51919
0  -0.323729
-0.125  -0.594716
0.1875  -0.433329
0.09375  -0.299641
-0.15625  -0.463558
0.03125  -0.532153
0.09375  -0.474216
-0.15625  -0.416303
-0.03125  -0.65578
0.15625  -0.485266
-0.0625  -0.265947
0  -0.641993
0.03125  -0.453009
0  -0.274251
-0.1875  -0.42611
-0.09375  -0.643907
0  -0.461836
-0.125  -0.222732
0.15625  -0.620015
0.125  -0.490656
0.15625  -0.63846
0.0625  -0.387052
-0.28125  -0.681671
-0.03125  -0.108725
-0.15625  -0.316298
0.25  -0.606117
-0.125  -0.380403
-0.1875  -0.643943
0.125  -0.448617
-0.09375  -0.71365
0.125  -0.438022
-0.25  -0.233427
0.09375  -0.604458
0.03125  -0.355411
-0.21875  -0.597098
-0.0625  -0.470237
0.21875  -0.750535
-0.03125  -0.645145
0.1875  -0.337392
-0.03125  -0.554415
-0.09375  -0.431005
-0.125  -0.525086
-0.125  -0.525724
-0.125  -0.595483
-0.03125  -0.388551
-0.0625  -0.492064
-0.0625  -0.446736
0.125  -0.614842
0  -0.461191
-0.0625  -0.484718
-0.03125  -0.577481
0.09375  -0.377833
-0.125  -0.616886
-0.09375  -0.443915
-0.125  -0.672576
0.125  -0.685971
0.15625  -0.724425
0.0625  -0.39148
-0.125  -0.503069
-0.09375  -0.36112
0.0625  -0.314189
-0.125  -0.258031
-0.125  -0.379177
0.0625  -0.376064
0.03125  -0.490516
-0.21875  -0.540713
-0.125  -0.4801
0.0625  -0.461058
0.25  -0.499378
0.15625  -0.506975
0.25  -0.396474
0  -0.477594
0.0625  -0.343301
0.03125  -0.308685
0.0625  -0.609803
0  -0.557597
-0.0625  -0.453689
0  -0.439578
-0.0625  -0.571942
-0.09375  -0.370377
0  -0.410737
0.15625  -0.500934
-0.15625  -0.433088
-0.09375  -0.435027
0.09375  -0.40564
0.0625  -0.480736
0.25  -0.583315
0.125  -0.734266
-0.0625  -0.553137
0.125  -0.534473
0.15625  -0.743051
0.1875  -0.561738
0  -0.502336
-0.21875  -0.324181
0.09375  -0.713188
-0.0625  -0.446846
0.125  -0.502771
-0.03125  -0.493035
-0.15625  -0.360839
0  -0.487404
-0.09375  -0.329566
-0.03125  -0.293068
0.03125  -0.524047
-0.125  -0.623465
0.1875  -0.365144
0.15625  -0.341038
0.09375  -0.630441
-0.03125  -0.452357
0.09375  -0.55582
0.1875  -0.319262
0.28125  -0.651802
0.0625  -0.699044
0  -0.589666
0.09375  -0.45045
0  -0.456512
0.03125  -0.630565
-0.09375  -0.348603
0.09375  -0.313845
-0.125  -0.492354
-0.03125  -0.438754
0.0625  -0.543514
-0.125  -0.436713
-0.09375  -0.469605
0.15625  -0.654029
-0.09375  -0.621346
0.3125  -0.414035
-0.15625  -0.454084
0.125  -0.175082
0.09375  -0.514212
-0.125  -0.395962
-0.09375  -0.58508
0.09375  -0.688322
0.15625  -0.511403
0.09375  -0.508264
0.03125  -0.47722
0.15625  -0.280299
0  -0.256649
-0.09375  -0.42208
0.125  -0.518612
-0.125  -0.490767
-0.21875  -0.515178
0.03125  -0.38477
0.0625  -0.588377
-0.03125  -0.490745
0.09375  -0.571983
-0.03125  -0.347458
0.21875  -0.574633
0.1875  -0.573945
-0.09375  -0.795049
0  -0.470819
0  -0.583146
-0.0625  -0.345394
-0.125  -0.56378
0.125  -0.3835
0.03125  -0.338606
0.0625  -0.250313
0.09375  -0.329808
-0.09375  -0.565602
-0.0625  -0.493732
0.03125  -0.396476
0.21875  -0.299879
-0.0625  -0.464559
0  -0.468222
-0.15625  -0.573919
0.15625  -0.664937
-0.03125  -0.298081
0  -0.605147
-0.125  -0.668638
-0.09375  -0.41672
0.125  -0.651805
-0.125  -0.436883
-0.03125  -0.368105
-0.09375  -0.269727
0.125  -0.640149
-0.0625  -0.523938
0.21875  -0.406873
0.0625  -0.426649
0.09375  -0.520177
-0.125  -0.465804
-0.03125  -0.571963
-0.21875  -0.334169
0.09375  -0.426438
-0.1875  -0.471258
-0.1875  -0.4957
-0.0625  -0.255583
0.09375  -0.350575
0.03125  -0.56423
0.09375  -0.698478
0.09375  -0.0418857
-0.0625  -0.611979
0.1875  -0.212572
-0.03125  -0.456418
0.15625  -0.557183
-0.0625  -0.602195
-0.1875  -0.42984
-0.09375  -0.615372
-0.03125  -0.358096
-0.15625  -0.529583
0.0625  -0.553307
-0.125  -0.37834
0.0625  -0.339232
-0.15625  -0.433834
-0.09375  -0.419085
0.1875  -0.554782
-0.125  -0.535247
-0.09375  -0.327636
0.0625  -0.477615
-0.0625  -0.543073
0.28125  -0.44863
-0.0625  -0.542323
0.15625  -0.59371
-0.28125  -0.529348
-0.03125  -0.523142
0.09375  -0.402829
0.125  -0.495552
-0.0625  -0.553445
-0.03125  -0.602238
-0.125  -0.297349
0.15625  -0.500036
-0.0625  -0.477659
0.0625  -0.728508
0.03125  -0.474674
0  -0.615017
0.0625  -0.489572
0.21875  -0.491812
0.1875  -0.335786
0.09375  -0.355108
-0.0625  -0.462771
0.0625  -0.333272
-0.03125  -0.635787
0.25  -0.405091
0.15625  -0.564697
0.375  -0.438324
-0.125  -0.161161
0.125  -0.431018
0.15625  -0.481206
0  -0.365458
0.15625  -0.472754
0.09375  -0.693353
0  -0.539253
0.03125  -0.426744
-0.125  -0.48215
0  -0.58216
0  -0.710538
0.1875  -0.536529
0.03125  -0.342764
-0.03125  -0.473271
-0.03125  -0.432725
-0.0625  -0.280403
-0.03125  -0.481902
-0.03125  -0.518679
-0.03125  -0.538532
-0.0625  -0.181215
0  -0.114643
0.1875  -0.490784
0.15625  -0.440312
0.03125  -0.306597
-0.0625  -0.514133
-0.125  -0.57846
0.125  -0.473857
0  -0.656519
-0.125  -0.303683
-0.15625  -0.567751
-0.21875  -0.485679
0  -0.487115
-0.09375  -0.574366
0  -0.683698
0.09375  -0.3293
-0.15625  -0.590786
-0.03125  -0.743408
-0.03125  -0.438937
-0.0625  -0.537477
-0.1875  -0.509019
0.15625  -0.486965
0.09375  -0.351316
-0.03125  -0.691251
-0.0625  -0.408781
-0.0625  -0.622746
0.03125  -0.471022
-0.09375  -0.599997
0.03125  -0.524369
-0.03125  -0.44132
-0.15625  -0.391044
0  -0.467343
0  -0.312458
0.0625  -0.463384
-0.15625  -0.228014
0.09375  -0.496824
-0.15625  -0.60287
-0.03125  -0.562232
0  -0.661727
0.09375  -0.338339
0.03125  -0.397419
-0.15625  -0.54832
0.0625  -0.486535
0  -0.598697
0.25  -0.443965
0.125  -0.756522
-0.0625  -0.494286
0  -0.307922
0.0625  -0.367239
0.21875  -0.466121
0.21875  -0.402531
0  -0.450331
-0.21875  -0.35584
-0.15625  -0.332031
-0.125  -0.357261
-0.1875  -0.548607
-0.15625  -0.490993
0.15625  -0.597317
0  -0.544284
-0.21875  -0.378947
-0.15625  -0.443789
0.1875  -0.415697
-0.0625  -0.433824
0.21875  -0.431798
0.125  -0.607779
-0.1875  -0.533349
0.21875  -0.456703
-0.09375  -0.531804
0.03125  -0.445582
0.0625  -0.523384
0.15625  -0.529282
0  -0.477605
-0.21875  -0.445038
0.09375  -0.292627
0.21875  -0.366581
0.125  -0.297876
0.0625  -0.565493
0.25  -0.615855
-0.125  -0.405161
0  -0.455625
0.3125  -0.593585
0  -0.679502
-0.125  -0.537453
-0.0625  -0.493808
0.15625  -0.48683
0.125  -0.554268
0.03125  -0.37624
-0.15625  -0.524375
0  -0.325115
0.0625  -0.470302
-0.25  -0.398327
-0.1875  -0.642296
-0.09375  -0.544259
0.09375  -0.649551
0  -0.468948
-0.15625  -0.311325
0.03125  -0.293861
-0.03125  -0.459587
-0.125  -0.440856
-0.0625  -0.391931
-0.125  -0.0780432
-0.0625  -0.476788
0.09375  -0.535589
0.125  -0.339127
0.25  -0.345808
-0.09375  -0.439719
-0.0625  -0.290813
0.03125  -0.665029
0.125  -0.452259
0.03125  -0.476843
0.15625  -0.530584
-0.3125  -0.40018
0.15625  -0.477032
-0.125  -0.403576
-0.15625  -0.300275
0.03125  -0.642072
0.21875  -0.418014
-0.03125  -0.377079
-0.03125  -0.374712
-0.25  -0.352673
0.375  -0.542906
0.0625  -0.443442
0.03125  -0.447354
-0.09375  -0.242066
0.03125  -0.419492
0.03125  -0.461469
-0.03125  -0.64086
0.0625  -0.377351
0.1875  -0.577625
0.0625  -0.372497
0  -0.579093
0.25  -0.3455
0.125  -0.197221
0.0625  -0.499853
0.25  -0.660628
-0.1875  -0.668057
-0.1875  -0.645375
0.1875  -0.555611
-0.1875  -0.256965
-0.1875  -0.470698
0  -0.475817
-0.125  -0.427898
0.09375  -0.331008
0.1875  -0.25245
-0.0625  -0.427883
0.03125  -0.183985
-0.09375  -0.321778
0.0625  -0.45403
0.0625  -0.48732
0  -0.535296
0.15625  -0.488251
-0.09375  -0.383558
-0.03125  -0.540265
-0.125  -0.436215
-0.03125  -0.585654
-0.125  -0.473928
-0.03125  -0.4037
0.21875  -0.696158
-0.0625  -0.409588
0.3125  -0.360386
-0.125  -0.435506
-0.09375  -0.436066
0.25  -0.531073
0.0625  -0.400992
-0.0625  -0.457779
0  -0.283239
0  -0.453703
-0.03125  -0.465992
0.03125  -0.423246
0.09375  -0.55865
-0.15625  -0.588846
-0.1875  -0.557986
0.09375  -0.322888
0.0625  -0.570093
-0.03125  -0.488306
0  -0.359913
-0.09375  -0.43574
0.15625  -0.34793
0.09375  -0.46117
-0.03125  -0.69261
-0.1875  -0.40276
0.15625  -0.495052
0.21875  -0.476496
-0.0625  -0.461796
0.09375  -0.567424
0  -0.407435
0  -0.628181
0.0625  -0.42667
-0.0625  -0.510174
-0.03125  -0.553416
-0.09375  -0.502968
0.21875  -0.42848
-0.0625  -0.135483
-0.0625  -0.501901
0.09375  -0.515894
0  -0.428522
0.09375  -0.477375
-0.15625  -0.546124
-0.0625  -0.497428
-0.15625  -0.413311
0.09375  -0.38754
-0.03125  -0.310574
-0.21875  -0.349721
-0.0625  -0.395222
0.09375  -0.387129
0.34375  -0.53361
-0.25  -0.432044
0.09375  -0.406906
-0.3125  -0.519198
-0.03125  -0.461424
-0.0625  -0.542635
0.09375  -0.557111
-0.03125  -0.438285
0.15625  -0.744849
-0.15625  -0.366811
0.09375  -0.239447
0  -0.461139
0.03125  -0.386306
0.28125  -0.570311
-0.0625  -0.476614
-0.34375  -0.636865
0.0625  -0.59757
-0.125  -0.250463
0.1875  -0.537992
-0.09375  -0.371844
0.15625  -0.542219
-0.03125  -0.514487
0.09375  -0.505254
-0.03125  -0.484272
0.15625  -0.656795
-0.03125  -0.476781
0  -0.496069
0  -0.5805
-0.03125  -0.464353
0.09375  -0.421404
0.125  -0.267225
0.09375  -0.345587
0.15625  -0.434648
-0.03125  -0.358982
0.09375  -0.562144
0.09375  -0.551351
0.1875  -0.335554
0  -0.352105
0.03125  -0.455487
0  -0.56523
0.03125  -0.771495
-0.03125  -0.432005
-0.09375  -0.435652
-0.0625  -0.428956
0.28125  -0.573774
-0.15625  -0.519834
-0.25  -0.411832
0  -0.25075
0.03125  -0.354162
-0.15625  -0.311232
-0.03125  -0.51552
0  -0.465374
0.03125  -0.351239
0  -0.375132
-0.125  -0.4188
-0.03125  -0.733434
-0.03125  -0.54857
0.0625  -0.353343
-0.0625  -0.39721
-0.03125  -0.396457
0.03125  -0.526212
-0.0625  -0.511412
-0.15625  -0.416244
0.03125  -0.504278
0.3125  -0.419209
-0.0625  -0.552003
0.125  -0.594445
0.3125  -0.347683
-0.03125  -0.308754
0  -0.393772
0.125  -0.400727
-0.09375  -0.439848
0.03125  -0.601483
-0.0625  -0.626676
0  -0.370436
0.125  -0.520632
0.15625  -0.574346
0.0625  -0.43747
0.25  -0.492973
-0.21875  -0.500594
-0.125  -0.516638
0.03125  -0.512172
0.15625  -0.571815
-0.0625  -0.413837
0.0625  -0.537863
0.09375  -0.472276
-0.1875  -0.51468
0  -0.445196
-0.15625  -0.591262
-0.0625  -0.738381
-0.03125  -0.488071
0.09375  -0.854189
-0.09375  -0.44604
-0.21875  -0.462492
-0.0625  -0.499631
-0.25  -0.669538
-0.03125  -0.665343
0  -0.492966
0.0625  -0.482687
-0.09375  -0.531558
0  -0.670174
0.15625  -0.605584
-0.125  -0.49045
-0.03125  -0.492462
0  -0.318588
0.09375  -0.691681
0.03125  -0.399582
0.125  -0.439737
-0.125  -0.488656
0.03125  -0.575176
0  -0.637557
0.21875  -0.484025
0.0625  -0.291977
-0.25  -0.547792
-0.09375  -0.515885
0.09375  -0.720108
0.0625  -0.60037
-0.0625  -0.598659
0.09375  -0.534964
-0.03125  -0.483469
-0.0625  -0.467101
0.0625  -0.525138
-0.09375  -0.559716
-0.0625  -0.340872
-0.28125  -0.629813
0.0625  -0.4854
-0.03125  -0.405589
0.0625  -0.609083
-0.03125  -0.458331
-0.03125  -0.563224
0.15625  -0.565215
0.21875  -0.488943
-0.1875  -0.473527
-0.125  -0.575749
-0.21875  -0.600033
-0.21875  -0.546034
0.03125  -0.384326
-0.0625  -0.423131
0.0625  -0.513062
0  -0.371564
-0.15625  -0.431394
-0.15625  -0.581068
0.15625  -0.470338
0.0625  -0.412628
-0.0625  -0.367028
0.125  -0.358488
0.09375  -0.3635
-0.125  -0.481491
-0.125  -0.344735
-0.0625  -0.342547
-0.21875  -0.657763
0.0625  -0.425383
-0.09375  -0.345277
-0.0625  -0.500211
-0.03125  -0.701216
-0.34375  -0.388548
0.09375  -0.434542
-0.09375  -0.494898
0.09375  -0.335446
-0.1875  -0.382106
-0.28125  -0.52309
0.125  -0.558253
-0.15625  -0.387631
-0.03125  -0.50989
-0.0625  -0.209077
-0.15625  -0.536315
-0.03125  -0.702427
-0.03125  -0.342963
0.15625  -0.350482
0.03125  -0.488198
-0.375  -0.496513
-0.15625  -0.507476
-0.21875  -0.716682
-0.28125  -0.50246
-0.125  -0.532884
0.15625  -0.568343
-0.15625  -0.553564
0.03125  -0.526277
0  -0.490531
0  -0.33964
0.03125  -0.56455
0.09375  -0.592813
0.15625  -0.481921
-0.1875  -0.408509
-0.1875  -0.614851
-0.15625  -0.455353
-0.09375  -0.6328
0  -0.41876
0.1875  -0.532677
-0.09375  -0.653766
0  -0.435735
-0.09375  -0.693301
-0.125  -0.33749
0.15625  -0.378697
-0.09375  -0.452417
0.125  -0.620418
-0.09375  -0.465184
0.125  -0.664332
0  -0.461093
0.09375  -0.543006
0.125  -0.508505
-0.15625  -0.446664
0.15625  -0.43746
0.03125  -0.608541
-0.03125  -0.679903
-0.03125  -0.507633
0.03125  -0.409548
-0.125  -0.246761
0.0625  -0.390987
-0.125  -0.433913
-0.1875  -0.520354
-0.0625  -0.538605
-0.125  -0.766084
-0.15625  -0.673351
0  -0.460456
-0.1875  -0.579897
-0.0625  -0.512358
-0.1875  -0.412638
0.09375  -0.302979
-0.0625  -0.485641
-0.125  -0.237474
0.25  -0.450518
0.125  -0.467875
-0.125  -0.505669
-0.09375  -0.400886
-0.03125  -0.462007
0.125  -0.378023
-0.09375  -0.70973
-0.25  -0.511749
-0.15625  -0.5679
0.03125  -0.533592
0.125  -0.435673
0.25  -0.456868
-0.25  -0.477501
-0.0625  -0.283625
0.09375  -0.59405
-0.03125  -0.435312
0.0625  -0.378216
-0.15625  -0.382387
0.0625  -0.40838
-0.15625  -0.450491
0.125  -0.551324
-0.03125  -0.64197
0  -0.540042
0.0625  -0.56142
0.125  -0.363644
-0.125  -0.162261
-0.21875  -0.443544
0.09375  -0.379863
-0.0625  -0.251364
0.125  -0.436097
0  -0.576792
0.03125  -0.498606
0.0625  -0.355814
-0.125  -0.406149
0.0625  -0.387045
0.15625  -0.518989
0.03125  -0.517828
0.125  -0.581088
-0.125  -0.452032
0.125  -0.617466
0.0625  -0.557847
0.03125  -0.399031
0  -0.47962
-0.09375  -0.434214
0  -0.491654
0.0625  -0.372235
0.15625  -0.529412
0.1875  -0.402883
0.03125  -0.299583
0  -0.5043
0  -0.242432
-0.09375  -0.510437
0  -0.460346
0.15625  -0.494452
-0.03125  -0.397983
0.125  -0.631407
0.1875  -0.274742
0.03125  -0.576172
0.125  -0.352013
0  -0.554642
0.03125  -0.535756
-0.09375  -0.410863
-0.03125  -0.17292
-0.03125  -0.361714
0.03125  -0.400815
-0.21875  -0.491448
0.03125  -0.679697
-0.09375  -0.462232
0.1875  -0.410511
0.15625  -0.615477
0.03125  -0.541324
-0.125  -0.437533
0  -0.362356
-0.15625  -0.529368
0.09375  -0.35481
-0.09375  -0.421401
0.03125  -0.513182
-0.28125  -0.361574
-0.125  -0.364339
-0.1875  -0.520005
0.03125  -0.509548
0.0625  -0.451423
0.0625  -0.517215
0.09375  -0.534819
0.03125  -0.394052
-0.1875  -0.455798
0.1875  -0.255698
-0.09375  -0.311851
0.46875  -0.526725
0.09375  -0.686265
0  -0.481386
0.09375  -0.465511
0.0625  -0.613901
-0.125  -0.509023
-0.03125  -0.480483
-0.1875  -0.375452
-0.03125  -0.494341
-0.375  -0.411296
0.0625  -0.709484
0.125  -0.218473
0  -0.651532
-0.0625  -0.651495
-0.375  -0.299044
-0.09375  -0.331793
0.03125  -0.370142
0.34375  -0.637105
0.0625  -0.637246
0.125  -0.363161
-0.15625  -0.550671
0.03125  -0.256516
0.15625  -0.64567
0.21875  -0.619582
0.21875  -0.590613
-0.0625  -0.456666
-0.1875  -0.439596
0  -0.171919
-0.03125  -0.46823
-0.0625  -0.429274
-0.125  -0.504554
0.03125  -0.463598
-0.25  -0.448871
0.03125  -0.553708
-0.15625  -0.394823
-0.03125  -0.510482
0.15625  -0.277216
0.09375  -0.628616
-0.3125  -0.605789
0.0625  -0.255407
0.25  -0.337403
-0.09375  -0.648189
0.125  -0.275262
0.1875  -0.471912
-0.03125  -0.681164
0.21875  -0.392236
0  -0.491959
0.15625  -0.687032
0.125  -0.42771
-0.03125  -0.702653
0.03125  -0.520527
0.125  -0.639491
0  -0.520328
0.15625  -0.650613
-0.21875  -0.374849
0.0625  -0.621311
-0.09375  -0.377548
-0.0625  -0.502984
0.125  -0.376531
-0.09375  -0.531772
-0.1875  -0.357287
0.03125  -0.234042
-0.09375  -0.269117
0.09375  -0.377509
0.125  -0.529297
0  -0.593942
0.09375  -0.557302
-0.25  -0.631251
0  -0.568575
0.03125  -0.571524
-0.125  -0.479002
0.15625  -0.421353
0.125  -0.192142
-0.0625  -0.436383
-0.09375  -0.421942
-0.09375  -0.583011
0.03125  -0.341574
-0.125  -0.536469
-0.09375  -0.439638
-0.125  -0.537306
0.03125  -0.633184
-0.09375  -0.562249
0.15625  -0.436241
0.1875  -0.584318
0.0625  -0.436768
0.125  -0.489602
0.03125  -0.494081
0.03125  -0.424025
-0.09375  -0.665434
0.09375  -0.504639
-0.0625  -0.345005
-0.03125  -0.631547
0.125  -0.348303
-0.09375  -0.398999
-0.09375  -0.615918
0.125  -0.536913
-0.09375  -0.496868
0.1875  -0.682897
-0.1875  -0.408747
-0.21875  -0.415653
-0.21875  -0.505164
-0.15625  -0.390902
0.09375  -0.561844
0.0625  -0.566124
0.21875  -0.412216
0.15625  -0.30757
0  -0.439136
-0.125  -0.53769
-0.09375  -0.432042
0.0625  -0.471357
-0.25  -0.649551
0  -0.401874
0.0625  -0.474764
0.1875  -0.667167
-0.1875  -0.508097
0.03125  -0.375094
0.0625  -0.395312
-0.0625  -0.395953
0.1875  -0.533608
0.09375  -0.499189
0  -0.491067
0.125  -0.54134
0.03125  -0.640622
0.09375  -0.509056
-0.0625  -0.526688
-0.0625  -0.625348
-0.03125  -0.795341
0.1875  -0.485398
0.1875  -0.346925
0.15625  -0.347025
0.09375  -0.553388
0.0625  -0.40303
0.125  -0.286746
0  -0.674189
-0.125  -0.430936
0  -0.431447
0  -0.394351
-0.0625  -0.518901
-0.0625  -0.58074
0.0625  -0.365204
0  -0.452904
0.09375  -0.393183
-0.0625  -0.603968
0.03125  -0.660098
-0.125  -0.669421
0.0625  -0.749909
-0.125  -0.528657
0.1875  -0.510906
0.0625  -0.417583
0.125  -0.436566
-0.21875  -0.489508
-0.21875  -0.407661
0  -0.544186
-0.15625  -0.596699
-0.15625  -0.468768
-0.1875  -0.547064
-0.15625  -0.402674
-0.03125  -0.535094
0.0625  -0.466974
-0.09375  -0.253198
-0.09375  -0.497297
-0.125  -0.476983
0.03125  -0.568496
0.03125  -0.461277
0.125  -0.538656
-0.09375  -0.487631
0.03125  -0.577993
0.03125  -0.539223
0.03125  -0.503041
-0.03125  -0.480215
-0.125  -0.701322
-0.0625  -0.456547
0.0625  -0.551911
0.3125  -0.48667
-0.15625  -0.302058
0.15625  -0.35893
0.15625  -0.475712
-0.0625  -0.189798
0.3125  -0.349278
0.125  -0.454448
-0.09375  -0.501955
-0.21875  -0.643003
0.0625  -0.380774
0.0625  -0.623269
-0.15625  -0.506901
-0.125  -0.808096
0.15625  -0.456882
-0.21875  -0.539913
-0.09375  -0.51044
0.21875  -0.471829
0.125  -0.500871
-0.15625  -0.180012
0.09375  -0.493258
0.03125  -0.458386
0  -0.447005
-0.21875  -0.689223
-0.03125  -0.314226
0.0625  -0.58415
0.0625  -0.368104
0.21875  -0.593096
0.09375  -0.488258
0.15625  -0.535065
-0.1875  -0.424425
-0.125  -0.506043
-0.28125  -0.228174
-0.28125  -0.504272
0.0625  -0.52324
-0.03125  -0.631839
-0.125  -0.694966
-0.0625  -0.503209
-0.1875  -0.538742
-0.125  -0.407928
-0.375  -0.237842
0.03125  -0.471253
0.03125  -0.451218
-0.09375  -0.437252
0.0625  -0.507101
0.0625  -0.515176
0.125  -0.557709
-0.1875  -0.487998
0.09375  -0.631866
0  -0.265132
0.0625  -0.46838
0  -0.516524
0.21875  -0.642433
-0.09375  -0.503115
-0.125  -0.376099
-0.21875  -0.341453
0.1875  -0.568809
0  -0.63521
-0.15625  -0.254936
-0.1875  -0.550075
0.15625  -0.588622
0.15625  -0.472253
-0.0625  -0.282979
0.03125  -0.354729
0.0625  -0.568985
0.09375  -0.305692
0.03125  -0.637176
-0.0625  -0.432449
-0.15625  -0.583876
-0.25  -0.47154
-0.03125  -0.248483
0.125  -0.6138
0.15625  -0.509839
-0.34375  -0.515131
-0.21875  -0.496461
-0.0625  -0.645109
-0.03125  -0.474309
-0.0625  -0.430064
0.1875  -0.507874
-0.0625  -0.560642
0.1875  -0.524639
0.09375  -0.571076
0.125  -0.729008
0.03125  -0.397436
0.03125  -0.464615
-0.09375  -0.46012
0  -0.333296
0.03125  -0.389165
0.125  -0.541553
-0.0625  -0.473286
-0.125  -0.341007
-0.125  -0.421363
-0.09375  -0.433687
0.125  -0.396349
0.1875  -0.49481
-0.25  -0.332855
0.125  -0.388685
-0.03125  -0.572738
-0.0625  -0.680871
-0.09375  -0.463688
-0.03125  -0.551616
-0.0625  -0.360292
-0.25  -0.419204
-0.1875  -0.53129
0.125  -0.723525
-0.0625  -0.64975
-0.0625  -0.134729
0.15625  -0.288122
-0.0625  -0.291983
0.15625  -0.377695
0  -0.642375
-0.03125  -0.498383
-0.03125  -0.663491
0.15625  -0.503515
-0.03125  -0.455094
0  -0.594472
0.03125  -0.421189
-0.21875  -0.485299
0.21875  -0.50392
0.15625  -0.437527
0  -0.651349
-0.0625  -0.373562
0  -0.579792
-0.0625  -0.559456
0.25  -0.395402
0.0625  -0.496981
0.21875  -0.41876
-0.1875  -0.621291
-0.03125  -0.353755
0.15625  -0.447458
-0.21875  -0.464185
0.125  -0.330209
-0.03125  -0.290325
-0.03125  -0.287508
-0.25  -0.258375
-0.0625  -0.372158
-0.0625  -0.371664
0.09375  -0.408122
0.3125  -0.504422
-0.09375  -0.579073
-0.1875  -0.627193
0.09375  -0.467605
-0.03125  -0.418867
0.1875  -0.588149
0.03125  -0.324332
-0.0625  -0.486186
-0.09375  -0.273284
0.09375  -0.581966
0  -0.394371
-0.21875  -0.410075
0  -0.576776
0.125  -0.414705
-0.125  -0.43715
-0.125  -0.365961
-0.09375  -0.434985
0  -0.605438
-0.03125  -0.444745
0.21875  -0.495942
-0.125  -0.592647
-0.03125  -0.0815805
-0.03125  -0.312273
-0.0625  -0.639772
-0.1875  -0.484666
0.125  -0.40029
0  -0.716763
-0.15625  -0.49291
-0.21875  -0.457323
-0.1875  -0.365095
0.0625  -0.389097
0.03125  -0.534253
-0.125  -0.677907
-0.09375  -0.459878
0.03125  -0.393745
0  -0.44809
0.125  -0.481777
0.03125  -0.309643
-0.0625  -0.578664
0.15625  -0.533994
-0.3125  -0.52409
0.09375  -0.360238
0.25  -0.419413
0.09375  -0.501856
0.0625  -0.545282
-0.09375  -0.155681
-0.0625  -0.64091
0.125  -0.677635
-0.125  -0.565772
-0.03125  -0.692704
-0.25  -0.20061
-0.03125  -0.667176
-0.125  -0.242298
0.03125  -0.65191
-0.0625  -0.593451
0.03125  -0.53829
0.125  -0.283073
0.15625  -0.460735
0.15625  -0.509006
0.0625  -0.429301
0.1875  -0.460289
-0.09375  -0.418023
-0.03125  -0.606184
0.09375  -0.490139
0.09375  -0.478727
0.0625  -0.672206
0.03125  -0.52259
0  -0.363609
0.28125  -0.604622
-0.09375  -0.377895
0.03125  -0.449993
0.0625  -0.70337
0.1875  -0.392767
-0.25  -0.584494
-0.125  -0.370073
-0.03125  -0.357044
-0.1875  -0.560681
0.28125  -0.47362
0.21875  -0.286109
0.09375  -0.496765
-0.0625  -0.349899
0.0625  -0.281472
0.125  -0.415343
0.15625  -0.530433
0.0625  -0.102902
-0.125  -0.503121
0.0625  -0.360611
0.15625  -0.372829
-0.125  -0.379429
0  -0.420436
0.15625  -0.666654
-0.0625  -0.453618
0.09375  -0.499522
0  -0.436812
-0.0625  -0.675837
0  -0.272662
-0.0625  -0.499736
-0.09375  -0.168123
-0.09375  -0.58083
0.03125  -0.469119
0.125  -0.401345
0.1875  -0.587407
0.09375  -0.463687
0.21875  -0.222818
-0.28125  -0.443428
0.03125  -0.502188
-0.125  -0.5238
-0.0625  -0.540549
0.1875  -0.368102
0.03125  -0.547696
-0.03125  -0.703502
-0.125  -0.497788
0.15625  -0.561388
-0.03125  -0.517669
0.09375  -0.53201
-0.125  -0.582083
0  -0.618993
0.03125  -0.546378
0.0625  -0.150621
0  -0.736109
0.25  -0.4476
0.15625  -0.595601
-0.03125  -0.434047
0.21875  -0.392941
-0.0625  -0.360151
-0.09375  -0.448702
-0.03125  -0.49778
-0.28125  -0.501414
0.1875  -0.456474
0  -0.268406
0.09375  -0.627654
0.09375  -0.515313
0.3125  -0.500206
0.25  -0.412998
0.0625  -0.526635
0.125  -0.512143
-0.09375  -0.653219
0  -0.482666
-0.0625  -0.577925
0.0625  -0.226046
0.125  -0.24335
-0.125  -0.425406
-0.03125  -0.4994
-0.125  -0.590505
0.09375  -0.542409
-0.0625  -0.495729
-0.125  -0.435673
0.15625  -0.514304
-0.09375  -0.526879
0.09375  -0.444762
-0.03125  -0.610388
0.0625  -0.246651
0.03125  -0.420457
-0.09375  -0.303885
-0.0625  -0.60193
-0.03125  -0.672173
-0.125  -0.562626
-0.21875  -0.472399
-0.1875  -0.744778
0.0625  -0.521787
-0.09375  -0.530522
-0.25  -0.563792
0  -0.38519
0.15625  -0.278942
0.15625  -0.372485
-0.125  -0.318399
-0.0625  -0.407055
-0.25  -0.460751
0.1875  -0.569288
0  -0.458325
0.125  -0.486583
-0.21875  -0.291773
-0.09375  -0.493695
0.125  -0.430051
-0.125  -0.499536
-0.0625  -0.650839
-0.03125  -0.570203
0.15625  -0.462839
-0.1875  -0.343837
0.25  -0.523435
-0.0625  -0.614997
0.0625  -0.539031
0.03125  -0.590356
-0.125  -0.553803
0.03125  -0.478662
-0.09375  -0.418715
0.21875  -0.50727
-0.03125  -0.722295
-0.15625  -0.296444
0  -0.608056
-0.0625  -0.62796
-0.0625  -0.634987
0  -0.6621
-0.15625  -0.623208
-0.09375  -0.402777
-0.125  -0.817803
0.125  -0.271607
0.03125  -0.499424
0.125  -0.290917
0.0625  -0.477214
0.0625  -0.334257
0.0625  -0.413885
-0.03125  -0.165984
0.1875  -0.545716
-0.15625  -0.494672
0.03125  -0.388631
0.03125  -0.45818
0  -0.493631
0.15625  -0.494393
-0.09375  -0.381846
0.0625  -0.528548
0.125  -0.379512
-0.03125  -0.552983
0.09375  -0.548205
-0.03125  -0.39022
-0.15625  -0.376384
0.15625  -0.389522
0.03125  -0.524886
-0.28125  -0.517558
-0.09375  -0.262494
-0.21875  -0.380758
-0.0625  -0.604372
0.03125  -0.239649
0.15625  -0.348983
-0.09375  -0.501215
0  -0.675479
-0.15625  -0.436864
0.03125  -0.691831
0.0625  -0.468835
-0.09375  -0.533363
-0.125  -0.269964
-0.125  -0.549642
0.0625  -0.183984
0.0625  -0.410804
0  -0.607243
0.03125  -0.417041
-0.1875  -0.481444
0.09375  -0.389969
0.03125  -0.467
0.46875  -0.537443
0.15625  -0.335047
0.03125  -0.229025
-0.09375  -0.39256
0.09375  -0.3719
0  -0.412864
-0.0625  -0.575514
0.125  -0.541081
0.03125  -0.438533
0.125  -0.536237
0  -0.459783
-0.03125  -0.573411
-0.03125  -0.337931
0.03125  -0.539789
0.15625  -0.546438
-0.0625  -0.64219
0.125  -0.427575
0.15625  -0.431226
0.03125  -0.630835
-0.125  -0.586524
-0.1875  -0.538011
-0.21875  -0.251282
-0.03125  -0.590605
-0.03125  -0.53506
-0.25  -0.735194
-0.03125  -0.629637
0  -0.496242
0.0625  -0.553345
-0.09375  -0.566381
0  -0.308361
-0.03125  -0.355087
-0.03125  -0.5097
-0.21875  -0.472128
0.0625  -0.331109
-0.125  -0.381868
0.28125  -0.755672
-0.03125  -0.609438
0  -0.533983
-0.15625  -0.660003
0.15625  -0.25001
0.09375  -0.4774
0  -0.216507
0.09375  -0.453997
0.09375  -0.392384
0.03125  -0.517244
-0.03125  -0.383555
-0.125  -0.489869
-0.0625  -0.51516
0.21875  -0.560265
0.09375  -0.382228
0  -0.346617
0  -0.323402
-0.09375  -0.634925
-0.3125  -0.351287
0.03125  -0.340469
0.125  -0.416392
0.0625  -0.448201
0.03125  -0.72443
-0.1875  -0.52571
-0.28125  -0.293343
0.1875  -0.537986
0.09375  -0.275315
-0.03125  -0.633774
-0.25  -0.583128
-0.03125  -0.540148
0.09375  -0.554851
-0.125  -0.31959
0.3125  -0.456383
0.09375  -0.552355
0  -0.70192
-0.09375  -0.477998
-0.03125  -0.278015
0.25  -0.582018
0.09375  -0.669056
-0.21875  -0.421251
-0.09375  -0.203071
-0.03125  -0.626256
-0.0625  -0.399582
-0.03125  -0.504052
0.03125  -0.645708
-0.03125  -0.19688
0  -0.562638
0  -0.556097
-0.25  -0.418926
0.09375  -0.428184
0.125  -0.378592
-0.09375  -0.390993
-0.1875  -0.388345
-0.0625  -0.440052
0  -0.636429
0.03125  -0.645621
0.09375  -0.629268
0.03125  -0.584175
-0.03125  -0.432977
0.125  -0.360578
0  -0.573351
-0.09375  -0.55454
0.09375  -0.619525
-0.09375  -0.613352
0  -0.348392
-0.1875  -0.442395
-0.0625  -0.476067
-0.0625  -0.553034
-0.03125  -0.367633
-0.03125  -0.508233
-0.03125  -0.779818
0  -0.43723
-0.28125  -0.428299
-0.09375  -0.553034
-0.03125  -0.479972
-0.125  -0.567696
-0.21875  -0.502669
-0.03125  -0.398459
0.125  -0.668007
0.21875  -0.576172
-0.09375  -0.444263
-0.0625  -0.445472
0.125  -0.23495
0.03125  -0.28192
0.03125  -0.53531
-0.0625  -0.478486
0.09375  -0.513426
-0.03125  -0.431561
0.25  -0.581678
0.15625  -0.561517
0.03125  -0.426294
-0.15625  -0.395638
0.03125  -0.331428
0.0625  -0.565491
0  -0.283153
0.09375  -0.398407
0.15625  -0.293293
0.125  -0.576042
-0.09375  -0.459575
-0.25  -0.51312
0.0625  -0.555679
0.125  -0.406881
-0.0625  -0.71273
-0.09375  -0.511157
0  -0.341078
-0.03125  -0.605592
0.0625  -0.532553
0.1875  -0.429246
0.15625  -0.588375
0.25  -0.321933
0.28125  -0.234657
0.0625  -0.721519
0.125  -0.502603
-0.0625  -0.500375
-0.0625  -0.630805
0.03125  -0.45827
-0.15625  -0.444869
0.03125  -0.448246
0.03125  -0.599597
0.15625  -0.323416
-0.125  -0.614609
0  -0.482418
0.0625  -0.405427
-0.15625  -0.516924
-0.09375  -0.335886
-0.15625  -0.448035
0.03125  -0.418252
0.15625  -0.484282
-0.125  -0.590227
0  -0.653696
0.03125  -0.344944
0.15625  -0.474335
0  -0.35342
0.03125  -0.558288
-0.03125  -0.481033
0.09375  -0.396731
-0.15625  -0.287225
0.21875  -0.637631
0.15625  -0.333183
-0.09375  -0.337411
-0.09375  -0.441314
0.0625  -0.52306
-0.21875  -0.264382
0.09375  -0.486284
0.125  -0.343437
-0.0625  -0.458267
0.0625  -0.216125
0.09375  -0.422898
0.0625  -0.701
0.09375  -0.494247
0  -0.424679
0.25  -0.507244
0.125  -0.568542
0.03125  -0.695379
-0.03125  -0.423191
0.0625  -0.365008
0  -0.512733
-0.125  -0.199924
0  -0.54702
-0.09375  -0.537947
0.25  -0.500598
-0.21875  -0.605676
0.0625  -0.602734
0.125  -0.688359
0  -0.412004
0.09375  -0.464595
0.03125  -0.231076
0.125  -0.425559
-0.125  -0.554556
0.09375  -0.523062
0.0625  -0.498494
0.03125  -0.655445
0  -0.46301
0  -0.367816
0.03125  -0.410281
-0.03125  -0.357088
0.15625  -0.564713
0.15625  -0.54952
0.03125  -0.572209
0.15625  -0.528163
-0.0625  -0.549643
-0.125  -0.620803
-0.125  -0.609625
-0.0625  -0.580189
-0.125  -0.506923
0.15625  -0.373622
-0.34375  -0.439571
-0.21875  -0.456431
0.1875  -0.441407
0.125  -0.559521
-0.09375  -0.39949
0  -0.401037
0.0625  -0.401653
0  -0.395799
0.125  -0.62333
-0.0625  -0.489523
-0.15625  -0.512508
0  -0.677864
-0.0625  -0.54619
0.125  -0.536461
0.09375  -0.561845
0.0625  -0.449584
0.1875  -0.42932
-0.0625  -0.499608
0.03125  -0.509736
0.28125  -0.41042
0.0625  -0.388434
-0.03125  -0.46579
0.1875  -0.523114
0.09375  -0.614196
-0.0625  -0.567157
0.125  -0.515639
-0.28125  -0.439676
-0.1875  -0.45433
0.03125  -0.530418
-0.34375  -0.648327
-0.03125  -0.516268
0.0625  -0.664052
-0.0625  -0.433082
0  -0.591879
-0.125  -0.59679
-0.15625  -0.518718
0.125  -0.414687
-0.03125  -0.61847
0  -0.47738
-0.03125  -0.588054
-0.09375  -0.78308
0.03125  -0.373809
-0.1875  -0.47521
-0.09375  -0.4487
0  -0.56044
-0.0625  -0.378118
0  -0.39727
0.09375  -0.49676
0.03125  -0.622825
0.0625  -0.519652
0.09375  -0.676883
0.0625  -0.621228
-0.03125  -0.230082
0.21875  -0.496956
0.125  -0.519606
0.03125  -0.329493
-0.15625  -0.607234
0.0625  -0.451105
-0.03125  -0.468613
-0.03125  -0.519551
-0.0625  -0.615505
-0.15625  -0.62792
-0.09375  -0.463257
0  -0.159622
0.0625  -0.391682
-0.0625  -0.457084
0.0625  -0.321816
0.21875  -0.611278
0  -0.616957
-0.09375  -0.507189
-0.28125  -0.459782
0.0625  -0.565532
0.0625  -0.546297
0.0625  -0.437925
0.03125  -0.516194
0.03125  -0.718425
0.21875  -0.58226
-0.0625  -0.28576
-0.0625  -0.51025
-0.125  -0.595951
-0.15625  -0.564665
0.03125  -0.526628
0.125  -0.199237
-0.15625  -0.277203
0.15625  -0.39281
-0.125  -0.386826
0  -0.364683
-0.09375  -0.63534
-0.0625  -0.376374
0.125  -0.445428
0.28125  -0.529213
0.25  -0.272155
0  -0.350294
0.125  -0.552463
-0.03125  -0.611309
-0.0625  -0.681466
0.21875  -0.427671
0.0625  -0.392036
-0.21875  -0.469895
-0.0625  -0.441561
-0.21875  -0.435176
-0.125  -0.242734
0.03125  -0.252788
-0.03125  -0.492258
0.0625  -0.519004
0.0625  -0.561417
0.0625  -0.33769
0  -0.384499
-0.125  -0.644149
0.125  -0.370548
0.125  -0.527542
-0.1875  -0.453256
0.03125  -0.420664
-0.0625  -0.587987
0.03125  -0.587274
-0.125  -0.504498
-0.09375  -0.488907
0.03125  -0.482624
-0.03125  -0.431203
-0.0625  -0.505592
-0.0625  -0.341354
-0.0625  -0.505734
0.125  -0.536859
0  -0.478514
0  -0.699564
0.03125  -0.356541
-0.03125  -0.388541
0  -0.326477
0.09375  -0.483535
-0.09375  -0.332275
0  -0.425738
0.03125  -0.484756
0.0625  -0.587002
-0.03125  -0.649872
-0.3125  -0.487407
0.0625  -0.297133
-0.25  -0.367934
0  -0.312505
0.125  -0.558181
0.125  -0.575739
-0.125  -0.663773
-0.09375  -0.580368
0  -0.570124
-0.125  -0.64458
0.09375  -0.596057
0.15625  -0.499946
0.21875  -0.587287
0.125  -0.615691
0.0625  -0.159432
0.03125  -0.310679
0  -0.35658
0.15625  -0.402382
0  -0.679638
-0.125  -0.523559
-0.0625  -0.489948
0.125  -0.433174
-0.1875  -0.489508
0  -0.424568
-0.0625  -0.533871
0.09375  -0.456047
0.125  -0.59165
0.03125  -0.498653
-0.03125  -0.615572
-0.15625  -0.653486
-0.25  -0.527224
-0.03125  -0.501021
0.03125  -0.461869
0.03125  -0.476936
-0.3125  -0.400999
0  -0.353136
0.03125  -0.327061
-0.0625  -0.679159
0.4375  -0.56074
-0.21875  -0.372061
0.0625  -0.385121
0.1875  -0.454912
0.09375  -0.360241
0  -0.553847
-0.1875  -0.577886
0.15625  -0.257593
-0.09375  -0.63578
0  -0.519002
-0.125  -0.317292
-0.125  -0.426797
-0.125  -0.444935
0.03125  -0.513934
0.25  -0.633333
0  -0.444945
0.03125  -0.577461
-0.03125  -0.501526
0.1875  -0.530385
0.0625  -0.424138
0.125  -0.483153
-0.125  -0.444508
-0.03125  -0.259521
0.125  -0.467507
0.125  -0.559857
0  -0.641213
0.0625  -0.473319
0.15625  -0.59622
0.15625  -0.609558
-0.0625  -0.632705
-0.15625  -0.43471
-0.15625  -0.419177
0.15625  -0.522536
-0.09375  -0.505215
-0.15625  -0.508804
0.1875  -0.263833
0  -0.473998
-0.03125  -0.544527
0.21875  -0.518087
0.09375  -0.489639
0.34375  -0.619437
-0.125  -0.447168
-0.15625  -0.478798
-0.03125  -0.526196
0.21875  -0.457584
0.09375  -0.53207
-0.1875  -0.307561
0.15625  -0.524833
-0.125  -0.569651
0.0625  -0.398693
-0.03125  -0.249988
0.03125  -0.345958
-0.03125  -0.516716
-0.0625  -0.350046
0.0625  -0.49499
-0.34375  -0.536378
-0.21875  -0.436261
-0.125  -0.421721
0  -0.564055
-0.09375  -0.345018
0.0625  -0.391936
0  -0.555991
0  -0.386589
-0.0625  -0.547224
0.28125  -0.512946
0.15625  -0.399562
0  -0.446403
-0.125  -0.608355
0.03125  -0.458147
0.125  -0.640427
0.03125  -0.556851
0.1875  -0.225129
0.125  -0.444375
-0.21875  -0.573714
-0.0625  -0.266529
-0.28125  -0.39809
0.03125  -0.628039
0.03125  -0.191204
-0.03125  -0.272336
0.1875  -0.590403
-0.0625  -0.541697
-0.03125  -0.473629
-0.21875  -0.631124
-0.125  -0.372426
0.09375  -0.411479
0.0625  -0.478855
0.25  -0.367918
0.34375  -0.428071
0  -0.591418
0  -0.578604
0.0625  -0.431417
-0.25  -0.359282
-0.0625  -0.427502
0.0625  -0.526894
0.0625  -0.392508
-0.25  -0.376792
0.03125  -0.392118
0.03125  -0.534475
-0.0625  -0.5107
0.03125  -0.430866
-0.09375  -0.524108
-0.0625  -0.464143
0.03125  -0.380315
-0.15625  -0.38871
0.03125  -0.350138
-0.21875  -0.515329
-0.03125  -0.432314
-0.09375  -0.331592
0  -0.345981
-0.125  -0.506136
0.125  -0.366225
-0.15625  -0.569337
0.1875  -0.352986
-0.0625  -0.640501
0.03125  -0.470597
0.15625  -0.523694
-0.03125  -0.491373
0.0625  -0.576486
0.15625  -0.480506
0.03125  -0.416619
-0.03125  -0.460284
0.09375  -0.32459
0.0625  -0.529254
0.0625  -0.481402
-0.09375  -0.505331
0.03125  -0.574702
-0.03125  -0.606318
0.03125  -0.305394
-0.03125  -0.389083
-0.125  -0.691322
0.09375  -0.289452
-0.40625  -0.328958
-0.03125  -0.442273
0  -0.283987
0  -0.468651
-0.15625  -0.534428
-0.15625  -0.532591
0.03125  -0.372061
-0.125  -0.461283
-0.09375  -0.297017
-0.03125  -0.240754
-0.1875  -0.403456
0.15625  -0.229423
-0.09375  -0.422278
0.15625  -0.623198
-0.125  -0.342744
-0.0625  -0.488911
0.125  -0.317013
-0.0625  -0.561667
0.0625  -0.414426
0  -0.310236
-0.15625  -0.536295
0.21875  -0.356046
0.03125  -0.493806
0.125  -0.483139
-0.3125  -0.377617
0.03125  -0.492153
-0.03125  -0.400343
-0.21875  -0.453757
-0.09375  -0.407428
0.0625  -0.339746
-0.0625  -0.444421
-0.03125  -0.4473
0  -0.395167
-0.03125  -0.566234
0.15625  -0.323308
0  -0.527099
-0.03125  -0.37754
-0.1875  -0.460887
0  -0.410918
-0.0625  -0.367888
-0.0625  -0.678446
0.125  -0.434683
-0.21875  -0.50538
0.15625  -0.672633
-0.1875  -0.476598
-0.0625  -0.552176
0.25  -0.523865
-0.21875  -0.706114
-0.125  -0.660481
0.03125  -0.39629
0.03125  -0.55736
-0.15625  -0.672808
0.03125  -0.366018
0  -0.493586
0.1875  -0.464864
0.125  -0.367986
0.0625  -0.283144
0  -0.553692
-0.09375  -0.633261
-0.09375  -0.507192
0.09375  -0.640183
0.21875  -0.50596
-0.09375  -0.601471
-0.15625  -0.294404
0.0625  -0.611414
-0.125  -0.545778
-0.03125  -0.534375
0.1875  -0.654959
0.125  -0.458233
-0.125  -0.400992
0  -0.575533
0.15625  -0.211109
-0.09375  -0.436927
-0.1875  -0.614003
0.09375  -0.492414
0  -0.592474
0.0625  -0.620548
0.09375  -0.583487
-0.03125  -0.481018
-0.1875  -0.462037
0.1875  -0.483721
-0.15625  -0.47675
-0.15625  -0.470569
0  -0.542505
0.15625  -0.297741
0.28125  -0.516838
0  -0.694085
0.03125  -0.681874
0.125  -0.400667
-0.03125  -0.514047
-0.15625  -0.601119
0.15625  -0.39335
0  -0.603173
-0.15625  -0.380783
0  -0.482798
-0.125  -0.628169
0.03125  -0.31483
0.21875  -0.564743
-0.125  -0.742023
-0.03125  -0.57868
-0.1875  -0.522947
-0.09375  -0.402353
-0.1875  -0.319248
-0.125  -0.591531
0.03125  -0.496618
0.0625  -0.396082
0.0625  -0.243918
0  -0.45302
0  -0.485693
-0.15625  -0.532145
-0.125  -0.440129
0.21875  -0.514267
0.03125  -0.289904
-0.25  -0.552582
-0.03125  -0.488375
-0.125  -0.276335
0.21875  -0.676015
0.25  -0.385292
-0.03125  -0.505333
0.03125  -0.415515
0.0625  -0.538927
-0.03125  -0.447726
-0.21875  -0.469238
0  -0.359634
0.15625  -0.335707
0.09375  -0.593597
0.0625  -0.51151
-0.09375  -0.500496
0.125  -0.348327
0.25  -0.609889
-0.03125  -0.573358
0.0625  -0.351152
0.21875  -0.352978
-0.0625  -0.382215
-0.25  -0.406887
0.0625  -0.308977
-0.1875  -0.659157
-0.21875  -0.518321
0.125  -0.513389
-0.21875  -0.282675
0.125  -0.567268
0.03125  -0.383458
-0.03125  -0.494912
0.125  -0.477549
-0.125  -0.550395
-0.21875  -0.326643
-0.03125  -0.44675
0.03125  -0.382844
0  -0.42457
0.03125  -0.58276
0  -0.54552
-0.09375  -0.338986
-0.03125  -0.632705
0.15625  -0.512763
0.15625  -0.397973
-0.03125  -0.618811
0  -0.613801
-0.0625  -0.638796
-0.25  -0.594214
0.09375  -0.515019
-0.03125  -0.485514
-0.125  -0.379663
0.21875  -0.455593
-0.15625  -0.541081
-0.0625  -0.401496
0.25  -0.405906
-0.125  -0.323043
0.03125  -0.380717
0.1875  -0.422555
0.0625  -0.550787
0.09375  -0.33606
0  -0.377771
0  -0.370181
0.0625  -0.34077
-0.125  -0.251834
0.3125  -0.487712
0.125  -0.614172
-0.125  -0.665743
-0.09375  -0.698532
0  -0.575864
-0.03125  -0.4555
-0.0625  -0.608606
0.125  -0.345752
-0.0625  -0.340376
-0.09375  -0.54804
-0.125  -0.592055
0.1875  -0.537043
-0.0625  -0.606014
0.03125  -0.364163
0.03125  -0.601919
0.125  -0.461329
0  -0.341349
0.0625  -0.544827
-0.0625  -0.512823
0  -0.398194
-0.03125  -0.429582
0.21875  -0.492448
-0.1875  -0.629045
-0.125  -0.50949
0.34375  -0.206058
0  -0.52846
0.09375  -0.473765
0.0625  -0.537774
0.09375  -0.337558
0.21875  -0.445954
0.125  -0.65439
0.09375  -0.607966
-0.3125  -0.516476
0.0625  -0.546261
-0.1875  -0.456868
-0.1875  -0.550569
-0.15625  -0.289097
-0.125  -0.422583
0.0625  -0.526822
0  -0.716864
0.03125  -0.597652
-0.0625  -0.683481
-0.25  -0.499841
0.15625  -0.463231
0.03125  -0.335183
-0.25  -0.501545
-0.28125  -0.363389
0.09375  -0.375714
-0.03125  -0.460882
-0.03125  -0.414428
0.21875  -0.446012
-0.0625  -0.464821
-0.15625  -0.58816
0.15625  -0.312421
-0.21875  -0.464996
0.1875  -0.613405
0.125  -0.480209
0  -0.370971
-0.0625  -0.490163
0.21875  -0.469376
0.03125  -0.887224
0.21875  -0.562475
-0.03125  -0.499923
0.03125  -0.529621
0.3125  -0.32727
0.03125  -0.494354
0.0625  -0.28022
0.09375  -0.467695
-0.03125  -0.502685
-0.21875  -0.586355
-0.1875  -0.479563
0.25  -0.426604
-0.09375  -0.569215
-0.21875  -0.652728
0  -0.54027
0.1875  -0.466692
0.34375  -0.278668
0.28125  -0.5561
0.125  -0.410962
-0.09375  -0.496756
0.15625  -0.686588
-0.21875  -0.322663
0.25  -0.304419
-0.3125  -0.681156
0  -0.342644
-0.125  -0.394241
-0.03125  -0.492082
-0.03125  -0.41603
0.1875  -0.596363
0.21875  -0.328413
0.0625  -0.412658
-0.03125  -0.443379
-0.09375  -0.348599
0  -0.484465
-0.03125  -0.327937
0.03125  -0.437188
0  -0.527297
-0.0625  -0.654183
0.03125  -0.513602
0.15625  -0.488129
-0.0625  -0.507444
0  -0.381359
0.40625  -0.384961
0.03125  -0.305309
-0.09375  -0.381608
0.09375  -0.62975
0.15625  -0.615699
0.1875  -0.524683
0.03125  -0.539865
-0.09375  -0.367489
0.03125  -0.535441
0.0625  -0.643433
0.09375  -0.443555
0  -0.406592
0.09375  -0.492156
-0.03125  -0.42768
0.125  -0.212166
0.1875  -0.485757
0.03125  -0.339227
-0.0625  -0.3642
0.1875  -0.6119
-0.09375  -0.480967
-0.03125  -0.450751
-0.03125  -0.339132
-0.03125  -0.593485
0  -0.59846
0  -0.520323
0  -0.296578
-0.0625  -0.670463
0.09375  -0.498851
0  -0.243964
-0.1875  -0.596276
-0.03125  -0.398463
-0.28125  -0.361258
-0.3125  -0.396201
0.03125  -0.441292
-0.03125  -0.597395
-0.03125  -0.399649
0.03125  -0.350125
0.0625  -0.523777
-0.0625  -0.483636
-0.03125  -0.386079
-0.1875  -0.542774
-0.0625  -0.273898
-0.21875  -0.274065
-0.28125  -0.38869
0.09375  -0.582571
-0.03125  -0.727528
-0.09375  -0.613367
0.09375  -0.473501
-0.125  -0.555331
-0.0625  -0.436757
-0.125  -0.513244
-0.125  -0.514536
-0.28125  -0.442054
0.0625  -0.583132
0.125  -0.408103
-0.25  -0.482275
0.09375  -0.171281
-0.09375  -0.399538
-0.03125  -0.498219
0  -0.606695
-0.15625  -0.493683
-0.03125  -0.39424
0.0625  -0.482619
-0.21875  -0.369967
0.09375  -0.53351
0.03125  -0.504839
0.0625  -0.707391
0.03125  -0.40265
0.1875  -0.426921
-0.0625  -0.490827
0.15625  -0.339339
0.0625  -0.354586
0  -0.349969
0  -0.448716
0.125  -0.489588
-0.09375  -0.351624
0.03125  -0.586119
0.3125  -0.394275
0.0625  -0.531792
0  -0.460173
-0.15625  -0.362638
0.03125  -0.636119
0.0625  -0.444082
-0.28125  -0.345451
-0.03125  -0.652141
0.0625  -0.394745
-0.15625  -0.297246
0.09375  -0.524006
-0.25  -0.497202
0.125  -0.3906
0.03125  -0.252344
0.03125  -0.417424
-0.09375  -0.45796
0.15625  -0.511831
0.21875  -0.552867
-0.1875  -0.445452
-0.09375  -0.676342
-0.0625  -0.342872
0.0625  -0.383369
0  -0.408725
0  -0.524979
0.0625  -0.646575
0.125  -0.310201
0.125  -0.564525
-0.15625  -0.741993
0.21875  -0.417441
0.03125  -0.472922
0.03125  -0.587842
0.09375  -0.37128
-0.15625  -0.512955
-0.1875  -0.359087
0.0625  -0.633167
0.1875  -0.43552
-0.0625  -0.287265
-0.0625  -0.555504
0  -0.551437
0.0625  -0.2575
0.25  -0.518896
0.0625  -0.508274
-0.09375  -0.499641
0.03125  -0.44
0.21875  -0.661145
0.03125  -0.485027
0.21875  -0.413189
0.125  -0.545506
0  -0.517043
0.125  -0.327627
0.21875  -0.390068
0  -0.502282
-0.0625  -0.409873
-0.0625  -0.813575
0.15625  -0.429926
-0.0625  -0.212841
-0.09375  -0.606104
0.03125  -0.613354
0.09375  -0.260004
-0.125  -0.401546
0.125  -0.568922
-0.09375  -0.360411
0.125  -0.458129
0.03125  -0.463471
0.0625  -0.502821
0  -0.684252
-0.15625  -0.525716
0.03125  -0.407951
-0.03125  -0.467245
0.125  -0.37221
-0.03125  -0.480408
0.0625  -0.556804
-0.125  -0.382689
0.25  -0.601515
-0.03125  -0.516229
-0.09375  -0.571344
-0.1875  -0.442097
-0.09375  -0.551559
0.15625  -0.331122
0.09375  -0.614275
-0.21875  -0.484722
0.03125  -0.504904
-0.0625  -0.577929
-0.0625  -0.23907
-0.03125  -0.318786
0.03125  -0.181517
0  -0.367457
0.03125  -0.609535
0.09375  -0.286081
0.09375  -0.587005
-0.09375  -0.552138
-0.09375  -0.492101
0.25  -0.280565
-0.03125  -0.555382
-0.03125  -0.342162
0  -0.420357
-0.15625  -0.448839
0.03125  -0.394598
0.25  -0.558295
0.09375  -0.673627
-0.0625  -0.551498
-0.28125  -0.21846
-0.09375  -0.679717
0.15625  -0.637829
0.09375  -0.623589
0.125  -0.471704
-0.21875  -0.47841
0  -0.507196
-0.15625  -0.50346
-0.28125  -0.360586
0.03125  -0.50375
0.03125  -0.571858
-0.0625  -0.516883
-0.0625  -0.510609
-0.0625  -0.584757
-0.03125  -0.471818
-0.03125  -0.44698
0.0625  -0.515772
0.0625  -0.616803
-0.125  -0.361888
0.15625  -0.643602
0.0625  -0.542323
-0.03125  -0.573771
-0.0625  -0.459357
-0.15625  -0.25347
-0.21875  -0.352102
-0.21875  -0.586821
-0.40625  -0.443803
0.1875  -0.523561
-0.09375  -0.43969
-0.03125  -0.502462
-0.09375  -0.55091
0.125  -0.444889
-0.0625  -0.378422
0.09375  -0.550948
0.1875  -0.421267
0.03125  -0.423433
-0.125  -0.712085
0.21875  -0.524784
-0.0625  -0.493663
-0.03125  -0.737076
0.03125  -0.381536
0.25  -0.532595
0.0625  -0.505833
0  -0.249171
-0.1875  -0.477787
-0.09375  -0.384306
-0.03125  -0.551756
0.125  -0.495726
-0.0625  -0.516427
0.09375  -0.380387
0.25  -0.473959
-0.15625  -0.320399
0.3125  -0.441596
-0.125  -0.540571
-0.21875  -0.512383
0.125  -0.519834
-0.15625  -0.691138
-0.1875  -0.506028
0.3125  -0.476063
0.09375  -0.556378
0.1875  -0.375648
0.25  -0.453561
-0.09375  -0.494029
0  -0.589555
-0.15625  -0.438832
-0.09375  -0.378678
-0.125  -0.706509
0.09375  -0.217714
-0.0625  -0.584655
-0.15625  -0.414504
-0.21875  -0.436156
-0.09375  -0.447816
-0.09375  -0.432681
-0.1875  -0.46668
0.09375  -0.497257
-0.15625  -0.3768
-0.125  -0.458124
0.03125  -0.642761
0.125  -0.501448
0  -0.331466
-0.03125  -0.524998
0  -0.408029
-0.21875  -0.601303
0.0625  -0.482254
0  -0.395419
0  -0.446346
-0.1875  -0.480156
0.0625  -0.411375
0.03125  -0.423869
0.1875  -0.408353
0.0625  -0.600121
0.0625  -0.388273
-0.03125  -0.441125
-0.1875  -0.387852
0.0625  -0.454392
-0.03125  -0.448217
-0.0625  -0.572891
-0.09375  -0.510542
0.125  -0.664124
0.0625  -0.482143
-0.15625  -0.405081
0  -0.49733
-0.125  -0.580102
-0.1875  -0.533971
0.03125  -0.52554
-0.03125  -0.497205
-0.1875  -0.558959
-0.09375  -0.438846
0.125  -0.621538
-0.03125  -0.677195
-0.28125  -0.411566
0.09375  -0.476187
0.15625  -0.495161
0  -0.425745
-0.21875  -0.538251
-0.15625  -0.497591
0  -0.609748
0.25  -0.397823
-0.28125  -0.259423
0.09375  -0.323732
-0.15625  -0.469566
-0.03125  -0.358498
0.34375  -0.224778
0.28125  -0.425514
-0.1875  -0.514977
-0.09375  -0.49426
0  -0.497548
0.03125  -0.523866
0.09375  -0.573825
0.09375  -0.27295
-0.03125  -0.394684
-0.21875  -0.554954
0.0625  -0.509795
0.0625  -0.568916
0  -0.359838
0.25  -0.446461
-0.0625  -0.478377
-0.1875  -0.658915
-0.375  -0.290867
0.03125  -0.624018
-0.21875  -0.490934
0.0625  -0.58425
0  -0.557083
0.0625  -0.428431
0.03125  -0.477414
0.125  -0.492801
0.0625  -0.471372
0  -0.442805
0.09375  -0.429695
-0.09375  -0.599129
0.1875  -0.581401
-0.03125  -0.664896
0  -0.627027
0.125  -0.417386
-0.0625  -0.498502
0.03125  -0.373682
0.03125  -0.531348
-0.0625  -0.515178
-0.03125  -0.529369
0.21875  -0.648182
-0.03125  -0.403745
0.09375  -0.484542
-0.09375  -0.460955
0.0625  -0.629913
0.0625  -0.455211
-0.09375  -0.425008
0.09375  -0.336649
0.15625  -0.383395
0.09375  -0.364201
-0.125  -0.605464
0.03125  -0.660912
-0.03125  -0.572002
0.03125  -0.463359
0.125  -0.535867
0.03125  -0.34151
0.09375  -0.607072
-0.09375  -0.371006
-0.125  -0.398441
0.375  -0.492529
0.09375  -0.478395
0.09375  -0.405572
0.1875  -0.603564
-0.09375  -0.555708
0.125  -0.442997
0.09375  -0.541343
-0.03125  -0.587839
0.125  -0.463706
-0.28125  -0.482599
-0.40625  -0.427166
-0.0625  -0.531085
-0.03125  -0.350272
-0.0625  -0.367567
-0.0625  -0.289837
0  -0.561214
0.0625  -0.555688
0.1875  -0.506593
0.125  -0.565278
0.0625  -0.438294
-0.03125  -0.488327
0.15625  -0.372463
-0.09375  -0.634351
-0.125  -0.413265
-0.21875  -0.621783
0.03125  -0.40657
-0.09375  -0.538305
-0.09375  -0.436767
-0.03125  -0.489289
0.0625  -0.521042
0.0625  -0.692964
0  -0.700415
-0.125  -0.309486
0.15625  -0.276155
-0.03125  -0.426974
0.125  -0.44436
0.15625  -0.614239
-0.125  -0.487037
-0.0625  -0.556176
-0.0625  -0.467005
-0.25  -0.452696
0.09375  -0.338357
-0.03125  -0.581158
-0.125  -0.363696
0.21875  -0.546275
0.125  -0.460244
-0.0625  -0.490183
-0.03125  -0.603057
0.0625  -0.555374
0.15625  -0.321901
-0.09375  -0.467605
-0.0625  -0.34395
0.03125  -0.442485
-0.0625  -0.381437
-0.125  -0.487839
0.125  -0.429152
-0.28125  -0.582252
0.0625  -0.60547
0.0625  -0.493176
0  -0.334056
-0.03125  -0.598181
-0.03125  -0.38144
-0.125  -0.467899
-0.09375  -0.609176
0.0625  -0.558006
-0.03125  -0.556028
0.03125  -0.609442
-0.1875  -0.466253
-0.03125  -0.554793
0.125  -0.531935
0.09375  -0.436374
0.375  -0.467623
0.28125  -0.584851
-0.03125  -0.540139
0.1875  -0.315033
0  -0.40381
-0.125  -0.332402
0  -0.733097
0.125  -0.497677
0.125  -0.543949
-0.0625  -0.568889
-0.0625  -0.49723
0.15625  -0.334261
0.15625  -0.318863
0.15625  -0.415646
0.0625  -0.377954
0.25  -0.37622
0.09375  -0.594519
0.15625  -0.373574
0.125  -0.362715
-0.125  -0.564775
0.0625  -0.391199
-0.28125  -0.612472
0.15625  -0.620556
-0.15625  -0.441584
0  -0.507154
0.125  -0.59276
0  -0.457315
-0.09375  -0.589442
-0.1875  -0.505686
0.15625  -0.511465
0  -0.617188
0.0625  -0.590157
-0.15625  -0.444401
0.21875  -0.581608
-0.09375  -0.359413
0.125  -0.287324
-0.0625  -0.565558
0.15625  -0.61226
-0.0625  -0.627168
0.0625  -0.623043
-0.25  -0.388187
0.125  -0.467689
0.15625  -0.396176
-0.0625  -0.561509
-0.0625  -0.414212
0.03125  -0.678228
0  -0.581617
0.0625  -0.369247
-0.03125  -0.376328
-0.03125  -0.448956
0.03125  -0.545347
0.15625  -0.415651
-0.0625  -0.266999
0  -0.521858
-0.25  -0.501447
-0.03125  -0.424841
0.15625  -0.550201
-0.03125  -0.477666
-0.03125  -0.650178
0.15625  -0.415886
-0.0625  -0.554626
-0.125  -0.496438
0.09375  -0.239036
0.21875  -0.459423
-0.125  -0.204707
0.03125  -0.474683
0.09375  -0.477337
-0.03125  -0.562828
0.03125  -0.33534
-0.09375  -0.626615
0.09375  -0.281615
-0.03125  -0.264425
-0.03125  -0.537874
-0.1875  -0.4029
0.0625  -0.573612
0.15625  -0.560822
-0.21875  -0.344909
0.03125  -0.479397
0.09375  -0.621537
-0.0625  -0.550157
0  -0.639868
0  -0.472061
0.3125  -0.612641
-0.03125  -0.442564
-0.0625  -0.463608
-0.09375  -0.5661
0.125  -0.697907
-0.125  -0.382413
-0.15625  -0.584024
0  -0.622835
-0.0625  -0.368332
-0.1875  -0.29712
0.0625  -0.484143
-0.03125  -0.458298
-0.125  -0.675774
0.03125  -0.32529
-0.21875  -0.432402
0.03125  -0.589902
-0.09375  -0.501908
-0.125  -0.391672
0.09375  -0.264641
0  -0.736652
0  -0.476869
0  -0.595908
-0.28125  -0.380744
-0.03125  -0.548536
0  -0.40048
0  -0.39019
-0.15625  -0.538432
-0.1875  -0.549329
0  -0.632877
0.09375  -0.531672
-0.03125  -0.553748
0  -0.226824
-0.03125  -0.402033
0.09375  -0.734434
0  -0.572945
-0.0625  -0.208745
0  -0.360432
-0.03125  -0.449382
0  -0.266439
0.03125  -0.550989
-0.09375  -0.332254
-0.09375  -0.408131
0.0625  -0.484181
-0.09375  -0.35395
0.09375  -0.422275
0.03125  -0.343168
-0.03125  -0.660314
0.03125  -0.58593
-0.03125  -0.509192
-0.25  -0.350175
-0.15625  -0.552325
0.125  -0.545019
-0.0625  -0.504887
0.21875  -0.587961
0.1875  -0.373402
0.125  -0.43381
0.09375  -0.448111
0.0625  -0.569913
0.03125  -0.599204
-0.1875  -0.604579
-0.0625  -0.37327
0.1875  -0.538866
0.0625  -0.403332
-0.09375  -0.48368
0.03125  -0.347913
0.0625  -0.396289
0.03125  -0.493331
-0.15625  -0.4154
-0.0625  -0.548996
0.1875  -0.634039
-0.0625  -0.392164
0  -0.385633
-0.03125  -0.407826
0.03125  -0.59682
0.125  -0.439772
0.0625  -0.503972
0.09375  -0.421569
-0.03125  -0.705925
0  -0.479148
0.03125  -0.553753
0.125  -0.608841
-0.03125  -0.288454
-0.125  -0.4693
0.0625  -0.379219
-0.25  -0.544985
-0.09375  -0.500594
0  -0.439986
0.1875  -0.552592
-0.3125  -0.442988
0.21875  -0.282833
-0.09375  -0.610491
-0.15625  -0.475953
-0.15625  -0.4708
0.09375  -0.434398
-0.1875  -0.608762
0.125  -0.383038
0.09375  -0.533607
0.03125  -0.658426
0  -0.485913
-0.03125  -0.60945
0  -0.519843
-0.0625  -0.305776
0.125  -0.513101
0  -0.325258
0.15625  -0.421008
-0.15625  -0.497284
0.03125  -0.676885
-0.09375  -0.532289
-0.09375  -0.645887
-0.125  -0.524626
-0.15625  -0.661309
-0.09375  -0.552887
0.125  -0.548313
0.0625  -0.404479
0.15625  -0.499077
0.03125  -0.727948
0.03125  -0.457724
-0.125  -0.570946
0.0625  -0.199401
0.03125  -0.6628
0.0625  -0.559361
-0.03125  -0.376232
0.21875  -0.579275
0.0625  -0.454008
0.125  -0.483723
0  -0.313256
-0.0625  -0.350974
0.03125  -0.290515
0.125  -0.588427
-0.15625  -0.568496
-0.09375  -0.388383
0.09375  -0.398479
-0.1875  -0.612669
0.1875  -0.438528
0.15625  -0.570282
-0.03125  -0.623607
-0.15625  -0.396704
0.09375  -0.479114
0.03125  -0.375615
0.25  -0.340739
0.0625  -0.319998
-0.09375  -0.390574
0.1875  -0.54748
0.03125  -0.435661
0.15625  -0.57081
-0.03125  -0.59427
0  -0.487226
0.15625  -0.0986514
0.0625  -0.222671
0.03125  -0.435598
-0.03125  -0.510426
0.09375  -0.352585
0  -0.455978
0  -0.372606
-0.28125  -0.492257
0.03125  -0.288502
-0.0625  -0.50039
0.03125  -0.50921
0  -0.524396
0.3125  -0.67015
0.0625  -0.690866
0.0625  -0.591826
-0.1875  -0.558439
0.15625  -0.415178
0.09375  -0.0459077
0  -0.716412
-0.1875  -0.53499
0.125  -0.338533
-0.03125  -0.432768
-0.0625  -0.502668
0.0625  -0.425405
0.125  -0.485824
-0.09375  -0.500466
-0.03125  -0.269786
-0.03125  -0.342741
0.21875  -0.614158
-0.03125  -0.765044
-0.21875  -0.655321
-0.03125  -0.371809
-0.125  -0.394289
-0.1875  -0.561915
0.21875  -0.392012
-0.15625  -0.36887
0.21875  -0.522243
-0.09375  -0.401018
0.03125  -0.527169
-0.125  -0.365104
0.28125  -0.595584
0.125  -0.509367
-0.03125  -0.530921
-0.21875  -0.629811
0.0625  -0.450594
-0.15625  -0.562955
0  -0.28831
-0.09375  -0.421239
0.28125  -0.373769
-0.03125  -0.54118
-0.09375  -0.284508
-0.0625  -0.589185
0  -0.455721
0.03125  -0.500666
-0.1875  -0.441013
0.15625  -0.40886
-0.03125  -0.343972
0.09375  -0.459428
-0.09375  -0.552696
-0.03125  -0.546202
0.03125  -0.2631
-0.125  -0.452551
0.09375  -0.505402
0.34375  -0.390345
0  -0.569584
0.21875  -0.552668
0.03125  -0.531063
0.0625  -0.557645
-0.09375  -0.472567
0.03125  -0.572755
0.03125  -0.412962
0.03125  -0.454845
0.0625  -0.64714
0.09375  -0.632508
0.09375  -0.57441
-0.0625  -0.544825
0.0625  -0.68256
0.09375  -0.474946
0.0625  -0.389033
-0.1875  -0.408511
-0.03125  -0.485854
0.125  -0.573084
0.15625  -0.232491
0.09375  -0.519689
0.03125  -0.152614
-0.21875  -0.32184
0.0625  -0.327047
-0.09375  -0.498744
0.125  -0.47165
0.09375  -0.35883
-0.03125  -0.667313
-0.09375  -0.429272
-0.15625  -0.568686
0.15625  -0.478842
-0.1875  -0.489638
0.25  -0.562756
-0.21875  -0.447685
-0.15625  -0.501715
-0.125  -0.628163
0.15625  -0.72518
-0.0625  -0.467126
-0.03125  -0.500737
-0.03125  -0.43642
-0.03125  -0.3078
0.125  -0.469166
-0.03125  -0.459469
0  -0.482699
-0.09375  -0.411247
0  -0.63519
0  -0.411615
0.15625  -0.681703
0  -0.513751
-0.25  -0.480286
-0.0625  -0.652117
0  -0.411219
-0.15625  -0.467537
-0.09375  -0.61206
0.375  -0.545495
-0.125  -0.366666
0  -0.505421
0.03125  -0.448679
0.03125  -0.335929
0.125  -0.480177
-0.125  -0.463873
-0.03125  -0.407264
0.125  -0.648054
0.125  -0.348118
0.09375  -0.485116
0.0625  -0.492748
0.1875  -0.39084
0.125  -0.371881
0.0625  -0.540554
0.09375  -0.583497
0.03125  -0.384951
-0.0625  -0.770367
0.0625  -0.442549
0.09375  -0.468661
0.125  -0.42607
0.15625  -0.532812
0.03125  -0.467986
-0.09375  -0.48423
-0.09375  -0.375978
0.0625  -0.447036
0.09375  -0.416381
-0.25  -0.501591
-0.15625  -0.575205
0.15625  -0.510986
0  -0.621388
-0.21875  -0.379803
0.09375  -0.345608
0.15625  -0.339033
-0.03125  -0.620742
0.03125  -0.511472
0  -0.495806
0  -0.519674
-0.0625  -0.643395
0  -0.544305
0.09375  -0.328692
-0.09375  -0.579397
0  -0.557122
0  -0.136576
0.0625  -0.140739
0.15625  -0.46403
-0.0625  -0.394399
0.09375  -0.638554
-0.0625  -0.537234
-0.15625  -0.661246
-0.03125  -0.491453
0.125  -0.406629
0.0625  -0.33419
0.09375  -0.461675
0.0625  -0.586838
0.03125  -0.457862
0.34375  -0.450998
-0.15625  -0.673696
-0.03125  -0.578749
-0.125  -0.682251
0.03125  -0.486276
-0.03125  -0.450671
-0.1875  -0.511327
0.0625  -0.27893
-0.0625  -0.502983
-0.0625  -0.449642
0  -0.449227
-0.03125  -0.526509
-0.03125  -0.553448
0  -0.188339
-0.0625  -0.576205
0.09375  -0.289764
-0.09375  -0.451657
-0.125  -0.551403
0.0625  -0.450286
0  -0.477992
-0.03125  -0.609377
0  -0.425163
0.125  -0.434946
-0.1875  -0.328257
-0.0625  -0.566137
0.0625  -0.46431
0.09375  -0.222843
-0.125  -0.373833
0.03125  -0.386116
0.09375  -0.470533
0.15625  -0.530851
0.125  -0.536001
0.03125  -0.433167
0  -0.557478
-0.09375  -0.29319
-0.28125  -0.627457
0.1875  -0.420565
0  -0.358205
0.03125  -0.242553
0.09375  -0.243287
-0.03125  -0.539892
0.09375  -0.459829
-0.03125  -0.542468
0.0625  -0.441301
-0.125  -0.443281
-0.09375  -0.381603
-0.09375  -0.708057
-0.28125  -0.306401
-0.09375  -0.479683
0.125  -0.413887
0  -0.421946
-0.1875  -0.278971
0.03125  -0.513305
0.21875  -0.346195
-0.125  -0.506812
0  -0.441572
0.125  -0.446625
0.125  -0.556791
-0.15625  -0.436142
-0.125  -0.490215
-0.09375  -0.568325
0.09375  -0.323308
0.0625  -0.665988
0.15625  -0.390354
-0.15625  -0.664594
0.03125  -0.421015
0.125  -0.564582
-0.03125  -0.352267
-0.03125  -0.52601
-0.125  -0.447337
-0.09375  -0.503307
0  -0.387702
-0.1875  -0.537767
-0.03125  -0.329018
-0.1875  -0.60773
-0.0625  -0.508754
0.0625  -0.460825
0.1875  -0.64986
-0.125  -0.197725
-0.125  -0.482294
0.03125  -0.518983
-0.21875  -0.506084
0.25  -0.556051
0.125  -0.387392
-0.03125  -0.637757
-0.125  -0.77506
0.28125  -0.374116
-0.1875  -0.372671
0.03125  -0.519123
0  -0.355749
-0.09375  -0.466007
0.15625  -0.378506
-0.03125  -0.518911
-0.0625  -0.409388
-0.0625  -0.388172
0  -0.404817
0.09375  -0.692506
-0.03125  -0.574496
0.09375  -0.379277
-0.09375  -0.718023
-0.28125  -0.471593
-0.0625  -0.605533
-0.03125  -0.421525
0.21875  -0.693691
-0.15625  -0.578031
-0.0625  -0.56037
-0.03125  -0.496362
0  -0.50995
-0.21875  -0.427101
0.03125  -0.455869
0.15625  -0.456024
0.21875  -0.454445
0.125  -0.443773
0.09375  -0.469674
-0.15625  -0.51933
-0.21875  -0.515549
0.09375  -0.732023
0.03125  -0.523131
0.09375  -0.378858
0.125  -0.309469
-0.125  -0.295155
-0.21875  -0.271094
0.125  -0.639539
0.09375  -0.535315
-0.125  -0.514242
0.375  -0.600615
0.09375  -0.524935
0.125  -0.444346
-0.125  -0.675412
0.1875  -0.578266
-0.0625  -0.410202
0.03125  -0.362638
0.0625  -0.404941
-0.0625  -0.493628
0.03125  -0.611733
-0.0625  -0.515179
-0.0625  -0.561281
-0.28125  -0.530128
0.15625  -0.55819
0.0625  -0.419595
0.0625  -0.45638
-0.1875  -0.483392
-0.125  -0.380365
0.09375  -0.559433
-0.09375  -0.537237
-0.125  -0.425069
0.21875  -0.38217
0.125  -0.581607
0.15625  -0.511218
-0.03125  -0.756143
-0.03125  -0.485553
0.0625  -0.279351
-0.0625  -0.573345
-0.25  -0.659547
0.15625  -0.476295
0.03125  -0.612291
-0.03125  -0.519694
0.34375  -0.531942
-0.0625  -0.406415
-0.25  -0.283594
0.03125  -0.619009
0.15625  -0.452793
0.03125  -0.67814
0.125  -0.466596
-0.0625  -0.295895
0.09375  -0.593844
-0.09375  -0.52091
0.25  -0.450871
0.0625  -0.303011
0.03125  -0.385141
0.09375  -0.441292
0.03125  -0.368437
-0.125  -0.479782
-0.15625  -0.443319
0.3125  -0.572023
0.09375  -0.388981
-0.125  -0.574185
0.1875  -0.376444
0.21875  -0.516091
0.125  -0.438623
0.1875  -0.428272
-0.09375  -0.410761
-0.125  -0.345099
-0.21875  -0.576233
-0.21875  -0.391273
0.03125  -0.512253
-0.1875  -0.534795
0.09375  -0.3908
-0.15625  -0.390131
-0.03125  -0.535124
-0.1875  -0.467982
-0.125  -0.411701
-0.0625  -0.414083
0.125  -0.531432
-0.15625  -0.257076
0.0625  -0.397609
0.03125  -0.388823
0.3125  -0.364414
-0.03125  -0.548455
0.03125  -0.616116
-0.28125  -0.338006
0.125  -0.497325
-0.0625  -0.435234
-0.1875  -0.42232
0.21875  -0.599386
0.03125  -0.384078
-0.03125  -0.50724
-0.09375  -0.498137
-0.09375  -0.249406
0  -0.528554
-0.15625  -0.444542
0.09375  -0.516885
0.03125  -0.443265
-0.125  -0.493268
-0.125  -0.424475
-0.1875  -0.249182
0.09375  -0.516472
-0.21875  -0.359718
-0.1875  -0.471512
-0.25  -0.667633
-0.03125  -0.575725
-0.28125  -0.356377
-0.0625  -0.447232
0.03125  -0.223228
0.21875  -0.674267
-0.09375  -0.380585
0.09375  -0.535972
0.125  -0.467016
0.0625  -0.44311
-0.15625  -0.505701
-0.125  -0.546391
0.1875  -0.553329
-0.1875  -0.469393
0.21875  -0.495696
0.03125  -0.201582
0  -0.412863
-0.125  -0.606971
0.21875  -0.790301
0.03125  -0.290588
-0.03125  -0.551876
-0.0625  -0.567277
0.0625  -0.54875
-0.03125  -0.491655
-0.0625  -0.61084
0.03125  -0.607401
-0.09375  -0.551763
-0.09375  -0.456458
0.0625  -0.470843
-0.15625  -0.531931
-0.125  -0.534733
0.21875  -0.590418
-0.03125  -0.42403
-0.1875  -0.533089
-0.1875  -0.374563
0.21875  -0.582959
0  -0.487876
0.1875  -0.567527
0.09375  -0.587988
-0.03125  -0.428853
0.09375  -0.512733
-0.09375  -0.337777
0.25  -0.357598
-0.21875  -0.313838
0.15625  -0.744168
0.15625  -0.539312
-0.0625  -0.386111
-0.15625  -0.526785
0.09375  -0.516736
0.125  -0.55271
0.15625  -0.0792871
0.21875  -0.39781
0.0625  -0.656842
-0.09375  -0.531579
0  -0.732313
0.15625  -0.413053
0  -0.657662
0.09375  -0.357186
0.125  -0.477613
-0.0625  -0.526897
-0.03125  -0.537444
-0.0625  -0.412488
-0.125  -0.565495
-0.1875  -0.301266
0.125  -0.315896
-0.03125  -0.589965
-0.09375  -0.318238
0  -0.316404
0.25  -0.384624
0.03125  -0.710145
0.0625  -0.545788
-0.15625  -0.187
0  -0.387516
-0.15625  -0.451796
0.125  -0.418615
0.15625  -0.656382
-0.03125  -0.613869
0.125  -0.542142
0.03125  -0.514437
0.0625  -0.42782
-0.0625  -0.544292
0.15625  -0.293524
0.03125  -0.628748
-0.1875  -0.512814
0.03125  -0.382707
-0.25  -0.426695
-0.03125  -0.374279
-0.09375  -0.523321
0.03125  -0.332506
0.09375  -0.35631
-0.03125  -0.535513
-0.125  -0.732467
0.03125  -0.520336
-0.0625  -0.618808
-0.03125  -0.508501
0  -0.730097
0.1875  -0.527511
0.15625  -0.193252
0.125  -0.477809
-0.0625  -0.507858
0.03125  -0.606642
-0.0625  -0.511582
-0.21875  -0.408515
-0.21875  -0.52141
0.125  -0.498546
-0.1875  -0.590664
-0.15625  -0.509115
-0.1875  -0.379723
-0.09375  -0.297892
0  -0.621405
-0.15625  -0.363576
-0.0625  -0.300405
0.0625  -0.162845
0.125  -0.615765
0.03125  -0.446965
-0.03125  -0.595179
0.0625  -0.315594
-0.15625  -0.443133
0  -0.516203
0.25  -0.469737
0  -0.385618
-0.125  -0.521062
-0.21875  -0.649056
-0.03125  -0.464249
0.15625  -0.328786
0.125  -0.481444
0.03125  -0.548164
-0.03125  -0.636065
-0.15625  -0.56327
-0.03125  -0.692148
0.0625  -0.632161
0.03125  -0.446371
0.15625  -0.503281
0.03125  -0.196783
-0.09375  -0.474189
-0.09375  -0.525137
0.09375  -0.388646
0.125  -0.476354
-0.1875  -0.548776
0.03125  -0.442427
0.1875  -0.428756
0.15625  -0.552294
-0.03125  -0.46628
0  -0.585204
0.15625  -0.279306
0.09375  -0.646329
-0.125  -0.402614
0.1875  -0.492199
0.0625  -0.581236
0.25  -0.421099
0.09375  -0.55794
0.15625  -0.451173
-0.03125  -0.416963
-0.15625  -0.578816
-0.0625  -0.484491
-0.0625  -0.397127
-0.0625  -0.507051
0.0625  -0.727578
0.15625  -0.432695
-0.125  -0.35139
0  -0.492509
0.03125  -0.646623
0.0625  -0.517481
-0.09375  -0.439437
0  -0.696369
-0.34375  -0.616226
-0.09375  -0.308076
-0.0625  -0.475677
0.0625  -0.564975
-0.15625  -0.48882
0.25  -0.382312
0.03125  -0.311266
0.03125  -0.690472
0.125  -0.609373
-0.125  -0.554661
-0.03125  -0.552797
0.09375  -0.573664
-0.21875  -0.111975
0.09375  -0.605406
-0.03125  -0.393581
-0.1875  -0.479381
-0.03125  -0.421473
-0.0625  -0.581031
0.0625  -0.513347
-0.03125  -0.381534
-0.09375  -0.47517
0.03125  -0.543413
-0.21875  -0.553614
0  -0.480915
-0.0625  -0.60043
-0.0625  -0.527499
0.125  -0.398752
0.21875  -0.430286
-0.0625  -0.490876
-0.125  -0.507777
0.21875  -0.668512
-0.09375  -0.372127
0.125  -0.598857
-0.40625  -0.429922
0.15625  -0.510412
0  -0.482344
-0.125  -0.407274
0  -0.495683
0.03125  -0.357753
-0.15625  -0.51099
-0.1875  -0.468037
0.03125  -0.425294
0.09375  -0.450809
-0.15625  -0.506976
-0.03125  -0.405496
-0.03125  -0.530324
0.09375  -0.456047
0.34375  -0.431795
-0.21875  -0.382923
-0.1875  -0.559864
-0.03125  -0.320827
0.125  -0.353238
-0.15625  -0.638574
0  -0.553874
0.125  -0.221893
-0.03125  -0.266243
0.15625  -0.499593
0.125  -0.276624
0.125  -0.389214
0.1875  -0.298925
0.125  -0.579952
-0.28125  -0.434964
-0.03125  -0.337212
-0.03125  -0.471676
-0.21875  -0.604416
-0.0625  -0.342847
-0.03125  -0.316681
0.25  -0.353518
-0.09375  -0.499873
-0.15625  -0.321846
0.15625  -0.46717
-0.125  -0.568421
0.1875  -0.565536
-0.09375  -0.496086
0  -0.503212
-0.03125  -0.676131
0.0625  -0.333923
0  -0.543524
-0.0625  -0.256223
-0.0625  -0.530872
0.1875  -0.470067
-0.09375  -0.575539
-0.0625  -0.350835
-0.1875  -0.593979
0.03125  -0.462251
0.03125  -0.509646
-0.21875  -0.269144
0.03125  -0.434974
-0.09375  -0.443752
-0.0625  -0.207887
0.125  -0.567643
0.03125  -0.535846
-0.03125  -0.462785
-0.03125  -0.526337
-0.09375  -0.670996
-0.03125  -0.503386
-0.0625  -0.507084
-0.21875  -0.510589
-0.09375  -0.44963
0.21875  -0.616541
0.03125  -0.431279
-0.09375  -0.378542
-0.03125  -0.48562
0.1875  -0.541054
-0.0625  -0.365532
0.21875  -0.460691
0.3125  -0.509358
-0.15625  -0.377285
-0.09375  -0.380374
-0.0625  -0.243255
-0.09375  -0.536504
-0.0625  -0.601472
-0.0625  -0.534957
-0.1875  -0.460386
0.03125  -0.414989
0.25  -0.635564
-0.1875  -0.439836
0  -0.623495
0.25  -0.586311
0  -0.44421
0.03125  -0.473255
0.125  -0.382936
0.03125  -0.336271
-0.1875  -0.623074
0.125  -0.56438
0.125  -0.450798
-0.125  -0.299916
0.1875  -0.484255
0.125  -0.292443
0.0625  -0.477587
-0.125  -0.55678
0.03125  -0.541751
-0.125  -0.405985
0.0625  -0.4404
-0.09375  -0.389332
-0.1875  -0.460053
-0.0625  -0.497357
0.0625  -0.642609
0  -0.402698
-0.03125  -0.442338
-0.03125  -0.507834
0  -0.636258
-0.0625  -0.406177
-0.03125  -0.475485
0.15625  -0.412069
-0.15625  -0.433047
0  -0.404683
0.03125  -0.427216
-0.0625  -0.668105
0.09375  -0.523223
-0.03125  -0.497435
0.15625  -0.435511
-0.03125  -0.657707
0.15625  -0.494139
-0.125  -0.392699
-0.0625  -0.49568
0.125  -0.457449
-0.21875  -0.447992
-0.09375  -0.562058
0.03125  -0.618283
-0.125  -0.360708
0.25  -0.318172
-0.125  -0.820576
-0.1875  -0.484836
-0.15625  -0.631468
-0.0625  -0.338793
0  -0.672036
0  -0.548439
-0.1875  -0.427218
-0.125  -0.523309
-0.125  -0.393136
0  -0.492796
-0.1875  -0.427147
0  -0.462305
-0.03125  -0.486982
0.03125  -0.579208
0.0625  -0.336031
0.125  -0.423844
0.15625  -0.415361
0.03125  -0.438144
-0.09375  -0.519651
-0.0625  -0.22768
0.09375  -0.255831
0.03125  -0.470599
0.15625  -0.389018
0.0625  -0.545033
0  -0.358949
-0.03125  -0.329786
0  -0.394069
-0.125  -0.476621
0.03125  -0.532072
0.125  -0.441949
0.125  -0.571336
0.03125  -0.548885
0.0625  -0.208843
-0.15625  -0.473224
-0.09375  -0.424711
0  -0.530725
-0.125  -0.371548
0.0625  -0.712724
-0.09375  -0.48681
0.125  -0.666213
0.03125  -0.25361
0.125  -0.336069
-0.1875  -0.527144
-0.03125  -0.525776
0.03125  -0.27879
0  -0.579033
-0.125  -0.537696
-0.0625  -0.219795
0.15625  -0.474642
0.15625  -0.538275
0  -0.545944
-0.0625  -0.637705
0.125  -0.646634
0.03125  -0.51302
0.09375  -0.456832
0.25  -0.39484
0.0625  -0.359674
0.03125  -0.468004
-0.1875  -0.372156
0.0625  -0.71216
0.03125  -0.40651
0.0625  -0.721154
0  -0.335816
0.03125  -0.553396
-0.15625  -0.436137
0.1875  -0.30407
-0.0625  -0.487655
-0.15625  -0.525029
-0.03125  -0.415198
-0.15625  -0.68401
-0.09375  -0.32353
-0.0625  -0.467062
-0.09375  -0.4556
0.09375  -0.486186
-0.03125  -0.475244
0.0625  -0.380706
-0.09375  -0.402247
0.125  -0.457175
0  -0.521963
-0.03125  -0.363806
0.125  -0.383043
-0.0625  -0.47391
-0.15625  -0.31885
0.0625  -0.378702
0.0625  -0.312737
0  -0.476994
0.125  -0.344391
-0.03125  -0.589112
-0.0625  -0.265175
0.125  -0.456436
-0.15625  -0.504511
0.03125  -0.560554
-0.125  -0.621754
-0.09375  -0.487061
-0.125  -0.409855
0  -0.372778
0.0625  -0.525526
-0.21875  -0.289856
0.0625  -0.520523
-0.0625  -0.313073
0.125  -0.4523
-0.09375  -0.490428
-0.0625  -0.461382
-0.03125  -0.341392
-0.0625  -0.690766
-0.125  -0.374089
-0.125  -0.168941
0.03125  -0.439639
-0.21875  -0.586898
-0.0625  -0.552604
-0.09375  -0.390555
-0.25  -0.540275
0.1875  -0.366742
0.09375  -0.596735
0.09375  -0.592308
-0.03125  -0.416121
0.0625  -0.428941
0.03125  -0.266482
0  -0.422816
0.0625  -0.601329
-0.1875  -0.601825
0.03125  -0.488361
-0.28125  -0.287723
0.125  -0.468582
0.125  -0.412725
0.03125  -0.814234
-0.21875  -0.607924
0.0625  -0.610266
0.03125  -0.39738
0.09375  -0.420475
0.125  -0.525671
-0.28125  -0.506692
0.125  -0.511869
-0.15625  -0.497848
0  -0.46227
0.125  -0.471562
-0.0625  -0.351046
-0.09375  -0.420728
0  -0.4493
0.21875  -0.341739
-0.25  -0.572356
0  -0.690742
0.0625  -0.477829
-0.09375  -0.571624
0.0625  -0.694802
0.09375  -0.414185
0.03125  -0.448155
-0.09375  -0.366118
-0.0625  -0.425935
0  -0.456392
0  -0.588632
0.21875  -0.479661
0.28125  -0.548271
0.125  -0.510044
0.09375  -0.66435
0.03125  -0.328948
0.1875  -0.540615
-0.21875  -0.442434
0.03125  -0.413896
0.03125  -0.429112
-0.15625  -0.429097
0  -0.436347
0.03125  -0.420042
0.09375  -0.405864
-0.3125  -0.492846
-0.09375  -0.553178
-0.125  -0.529454
-0.125  -0.656641
-0.09375  -0.581284
0.09375  -0.598638
-0.125  -0.525085
-0.03125  -0.440753
0.1875  -0.627335
-0.09375  -0.527057
0.1875  -0.50899
0.21875  -0.177998
0.0625  -0.470201
0.03125  -0.555144
-0.09375  -0.323435
-0.15625  -0.566286
0  -0.36092
0.15625  -0.46476
-0.03125  -0.408459
-0.09375  -0.484209
0.1875  -0.603985
0.21875  -0.533761
0  -0.509832
-0.03125  -0.494494
0  -0.516948
0.15625  -0.526083
0.09375  -0.465076
0.1875  -0.331189
-0.15625  -0.392829
0.125  -0.56741
0.0625  -0.565091
-0.21875  -0.626516
0.125  -0.223192
-0.03125  -0.552813
0.03125  -0.384348
-0.1875  -0.467042
-0.09375  -0.588415
-0.125  -0.410516
-0.1875  -0.533385
-0.15625  -0.658498
0.03125  -0.508952
0  -0.343492
-0.15625  -0.247971
0  -0.427444
-0.15625  -0.560235
-0.21875  -0.70847
0  -0.462443
0  -0.45058
0.03125  -0.539726
-0.1875  -0.330578
0.21875  -0.2776
-0.125  -0.395708
0.125  -0.440312
-0.1875  -0.504007
0.34375  -0.612838
0.0625  -0.569987
0.03125  -0.513
0.25  -0.332005
-0.0625  -0.474161
-0.125  -0.409739
0.15625  -0.521023
-0.03125  -0.453347
0.03125  -0.506706
-0.15625  -0.229166
0.0625  -0.447535
0.15625  -0.417158
-0.03125  -0.265458
0  -0.510845
0.03125  -0.490443
-0.09375  -0.569103
0.0625  -0.356768
0.15625  -0.423072
0  -0.297509
-0.09375  -0.686557
0.15625  -0.400399
0.0625  -0.539792
0  -0.642648
-0.15625  -0.383573
0.1875  -0.322175
0.03125  -0.579134
-0.03125  -0.390735
-0.0625  -0.461955
-0.1875  -0.543244
0.21875  -0.49859
0.03125  -0.531568
0.09375  -0.54543
0.15625  -0.321303
0.03125  -0.463544
0.1875  -0.561786
0.09375  -0.330432
0.03125  -0.248277
-0.125  -0.461632
-0.03125  -0.521806
0  -0.280039
-0.15625  -0.164375
-0.0625  -0.406569
0.09375  -0.489651
0.15625  -0.51306
0.125  -0.525257
0.09375  -0.652588
0  -0.522007
-0.0625  -0.632316
-0.0625  -0.53752
-0.15625  -0.531786
0.09375  -0.456363
-0.09375  -0.463366
0  -0.668167
0  -0.505719
-0.03125  -0.715984
-0.0625  -0.516312
0.1875  -0.559165
0.125  -0.592759
0.125  -0.496584
0  -0.484699
-0.28125  -0.423956
0.03125  -0.602107
0.125  -0.590614
-0.15625  -0.584848
-0.15625  -0.544031
0.09375  -0.349787
0.125  -0.611585
0.21875  -0.466682
0.0625  -0.485976
0.09375  -0.468767
-0.03125  -0.293317
-0.15625  -0.534533
0.125  -0.693302
0.21875  -0.0794788
0.28125  -0.6449
0.09375  -0.679993
-0.0625  -0.228909
0.09375  -0.522093
0.21875  -0.369423
-0.0625  -0.696139
-0.0625  -0.494888
-0.1875  -0.64206
-0.09375  -0.446854
0.15625  -0.396869
-0.15625  -0.579796
0  -0.555448
0  -0.629746
-0.09375  -0.391612
-0.25  -0.486868
-0.28125  -0.527832
0.03125  -0.547489
-0.09375  -0.393652
0.09375  -0.539938
0.25  -0.248165
0.0625  -0.27363
0.09375  -0.645605
0  -0.591764
0.03125  -0.223657
0.25  -0.557203
0  -0.593688
0.125  -0.172853
0.15625  -0.720629
-0.03125  -0.203409
-0.15625  -0.428422
0  -0.407323
-0.15625  -0.509267
0.09375  -0.291915
0.03125  -0.501729
-0.03125  -0.563933
0.0625  -0.52045
0.15625  -0.528069
-0.03125  -0.522001
0.21875  -0.496645
-0.03125  -0.412924
0.03125  -0.397091
-0.1875  -0.348276
-0.03125  -0.469755
-0.09375  -0.614765
-0.03125  -0.467538
0.09375  -0.474803
-0.1875  -0.307822
0.34375  -0.660956
-0.09375  -0.388137
-0.0625  -0.530504
-0.09375  -0.358985
-0.125  -0.403214
-0.125  -0.654031
-0.1875  -0.495875
-0.125  -0.572334
-0.125  -0.436061
0.125  -0.543912
0  -0.311769
0.03125  -0.299109
0.03125  -0.492584
0  -0.430493
0.03125  -0.475934
-0.0625  -0.616062
0.09375  -0.511368
-0.1875  -0.531939
-0.09375  -0.5001
0.03125  -0.478825
-0.09375  -0.586136
-0.15625  -0.499871
-0.0625  -0.658924
-0.0625  -0.499256
-0.1875  -0.589875
0  -0.468646
0  -0.430319
0.125  -0.235222
-0.125  -0.496681
0.15625  -0.50743
-0.125  -0.353557
0.0625  -0.523259
-0.03125  -0.437592
0.15625  -0.450955
0.0625  -0.453639
0.09375  -0.295718
0  -0.353934
0.125  -0.294829
0  -0.492165
0.21875  -0.504142
-0.03125  -0.487118
0.1875  -0.685356
0.15625  -0.588978
0.03125  -0.53682
-0.03125  -0.481163
-0.15625  -0.573424
0.125  -0.427597
-0.15625  -0.505773
-0.09375  -0.629695
0.125  -0.379234
0.15625  -0.649945
0.125  -0.323426
0.21875  -0.607755
-0.09375  -0.411771
0.0625  -0.40521
0.34375  -0.660818
0.21875  -0.640154
-0.0625  -0.821694
0  -0.528139
0.25  -0.446987
0.03125  -0.523851
-0.125  -0.454752
0.03125  -0.331148
-0.21875  -0.25558
-0.28125  -0.506019
-0.03125  -0.440115
0.125  -0.581296
0.09375  -0.375085
0.125  -0.474963
0.125  -0.584056
0.15625  -0.609313
-0.25  -0.418571
0.09375  -0.364699
0.03125  -0.51564
0.15625  -0.237822
-0.09375  -0.490339
-0.0625  -0.581483
-0.03125  -0.629613
-0.09375  -0.387831
0.0625  -0.413366
0  -0.428758
0.09375  -0.407397
-0.21875  -0.477767
-0.09375  -0.525445
-0.03125  -0.359266
-0.1875  -0.481501
0.0625  -0.391185
-0.15625  -0.501232
-0.09375  -0.489361
-0.21875  -0.515015
0.1875  -0.446874
-0.09375  -0.429621
-0.09375  -0.497909
-0.21875  -0.271829
0  -0.507611
0  -0.602387
-0.09375  -0.415856
0.25  -0.591504
-0.03125  -0.321002
-0.15625  -0.411273
0.21875  -0.231255
-0.28125  -0.451171
0  -0.447574
-0.28125  -0.311983
-0.09375  -0.501608
0.03125  -0.579359
-0.15625  -0.599875
-0.21875  -0.366142
0.09375  -0.410672
-0.0625  -0.468848
-0.03125  -0.404939
0.0625  -0.347619
-0.1875  -0.450702
-0.1875  -0.542917
0.1875  -0.28065
0  -0.440286
-0.03125  -0.56112
0  -0.43027
-0.15625  -0.324025
0.09375  -0.393154
-0.09375  -0.549896
-0.125  -0.415919
-0.125  -0.638653
0.03125  -0.525815
0.125  -0.622006
-0.1875  -0.379546
0.125  -0.507367
0  -0.375755
0  -0.499564
-0.09375  -0.527541
0.09375  -0.44726
0.125  -0.311123
0.15625  -0.406846
0.125  -0.423687
-0.125  -0.487569
0.21875  -0.623756
0.09375  -0.521646
-0.21875  -0.388379
0.125  -0.40679
-0.0625  -0.205984
-0.21875  -0.644589
0.09375  -0.60327
0.09375  -0.524432
0.0625  -0.370605
0.09375  -0.578754
0.125  -0.446418
0.09375  -0.277384
-0.09375  -0.604329
-0.125  -0.505917
0.15625  -0.457213
0  -0.481586
-0.15625  -0.285824
0.03125  -0.49759
-0.125  -0.516988
0.1875  -0.482152
0.0625  -0.440702
0.09375  -0.369102
-0.09375  -0.484501
0.125  -0.390562
-0.0625  -0.519058
-0.03125  -0.418052
-0.25  -0.387711
0.125  -0.403212
0  -0.529964
-0.09375  -0.719735
0  -0.374785
0.125  -0.605438
-0.0625  -0.517509
-0.0625  -0.478871
0.21875  -0.390914
0.0625  -0.414059
0.0625  -0.358578
-0.03125  -0.366597
-0.15625  -0.378712
-0.09375  -0.638357
0.15625  -0.497726
0.03125  -0.447113
-0.1875  -0.529603
0.28125  -0.424523
0.0625  -0.361305
0  -0.399239
-0.21875  -0.521632
-0.3125  -0.476804
-0.1875  -0.391287
0.15625  -0.481795
0.21875  -0.405237
0.125  -0.251195
-0.125  -0.393648
-0.1875  -0.440017
0.15625  -0.665414
-0.1875  -0.476452
0  -0.553998
0.125  -0.471938
0.09375  -0.493115
0.0625  -0.593853
0.125  -0.606042
-0.15625  -0.604675
0.0625  -0.439506
0.1875  -0.504457
-0.0625  -0.499002
-0.34375  -0.370087
-0.03125  -0.592354
-0.3125  -0.761064
-0.15625  -0.543706
0.03125  -0.433362
0.03125  -0.545179
-0.1875  -0.522297
-0.0625  -0.267052
0.25  -0.441214
0.03125  -0.579458
-0.0625  -0.448104
0.09375  -0.558878
0.03125  -0.314827
0.15625  -0.672162
0.03125  -0.498274
-0.09375  -0.689279
-0.09375  -0.35595
-0.03125  -0.492511
0  -0.481386
-0.125  -0.367694
0.15625  -0.639407
-0.09375  -0.455238
-0.03125  -0.571296
0.0625  -0.310714
-0.03125  -0.560912
0  -0.403745
0.03125  -0.442809
0.03125  -0.537768
-0.09375  -0.286672
-0.1875  -0.573816
0.125  -0.47522
0  -0.461045
0.1875  -0.546735
-0.21875  -0.331825
-0.125  -0.497057
0.0625  -0.588814
-0.25  -0.567026
-0.25  -0.506025
-0.125  -0.619582
-0.09375  -0.566503
0.09375  -0.522037
0.125  -0.381369
-0.1875  -0.564108
-0.03125  -0.476259
0.125  -0.59113
0.15625  -0.541885
0  -0.456692
-0.125  -0.375828
-0.09375  -0.4473
0.0625  -0.276858
-0.0625  -0.440217
-0.0625  -0.206694
0  -0.479533
-0.03125  -0.526341
-0.03125  -0.529807
-0.125  -0.449199
0.125  -0.552103
0.125  -0.580958
0  -0.518627
0  -0.478066
0  -0.313788
0.125  -0.483444
0.03125  -0.483387
0.1875  -0.292183
-0.09375  -0.408522
-0.0625  -0.540898
-0.0625  -0.621192
-0.03125  -0.366084
-0.1875  -0.644138
-0.125  -0.333571
-0.09375  -0.50086
-0.09375  -0.535333
-0.03125  -0.561146
-0.0625  -0.669482
-0.125  -0.379889
-0.09375  -0.467237
0  -0.338346
-0.0625  -0.601831
0.0625  -0.537756
-0.03125  -0.458462
0.03125  -0.662812
0.125  -0.502806
0.09375  -0.405796
-0.1875  -0.497984
-0.125  -0.373577
-0.1875  -0.375544
-0.125  -0.515827
-0.3125  -0.391692
0  -0.632597
0.125  -0.396975
0  -0.747912
0.125  -0.522629
0.0625  -0.469367
-0.09375  -0.335811
0.0625  -0.406998
-0.125  -0.530613
0.28125  -0.364971
-0.125  -0.629704
0  -0.498184
0.09375  -0.629577
-0.03125  -0.494135
0  -0.308204
0.21875  -0.48078
0.0625  -0.433175
-0.0625  -0.44264
-0.03125  -0.473103
0  -0.528646
0.3125  -0.369231
0  -0.474032
0.21875  -0.50013
0.25  -0.436858
0.03125  -0.460656
-0.125  -0.415628
0  -0.351215
-0.09375  -0.42343
-0.09375  -0.383347
-0.03125  -0.486914
0.1875  -0.699351
-0.3125  -0.27483
-0.03125  -0.574254
-0.0625  -0.363696
0.0625  -0.278218
-0.0625  -0.686321
-0.03125  -0.566294
0.125  -0.572061
0.09375  -0.407987
0.09375  -0.365848
0.0625  -0.37877
0.1875  -0.555987
-0.09375  -0.55102
-0.09375  -0.401493
0.03125  -0.428148
0.21875  -0.462403
-0.15625  -0.688298
0.09375  -0.532684
-0.0625  -0.491769
0.15625  -0.41559
0.09375  -0.491618
0  -0.490333
-0.1875  -0.515996
-0.09375  -0.443993
-0.0625  -0.623863
-0.09375  -0.380807
-0.09375  -0.640577
-0.0625  -0.586145
-0.03125  -0.613103
-0.09375  -0.449729
0  -0.330174
0.21875  -0.254472
0.34375  -0.631376
-0.0625  -0.511266
-0.03125  -0.532206
-0.03125  -0.483188
0.28125  -0.335176
0.0625  -0.512832
-0.15625  -0.527976
0.03125  -0.42599
-0.125  -0.299095
0.15625  -0.517201
0.15625  -0.352509
-0.09375  -0.520657
-0.15625  -0.567583
-0.21875  -0.0887019
-0.125  -0.360138
-0.09375  -0.514926
0.03125  -0.384358
-0.03125  -0.480336
-0.09375  -0.406781
0.0625  -0.446432
0.09375  -0.509243
-0.125  -0.374869
0.15625  -0.351277
-0.1875  -0.549848
-0.21875  -0.40277
-0.21875  -0.450905
0.0625  -0.516784
-0.09375  -0.4744
-0.25  -0.687228
-0.0625  -0.631507
0.125  -0.459242
0.03125  -0.530787
0.03125  -0.459276
0  -0.308209
0.09375  -0.526292
0.0625  -0.748561
-0.15625  -0.464644
0.09375  -0.476468
-0.0625  -0.542432
0.25  -0.363202
-0.125  -0.547658
-0.15625  -0.554538
0  -0.683422
-0.0625  -0.387126
0.0625  -0.645906
0.09375  -0.449057
-0.15625  -0.62277
0  -0.517581
-0.03125  -0.642991
0.0625  -0.311536
-0.125  -0.588178
0.21875  -0.528359
0.09375  -0.576348
0.1875  -0.42624
0.03125  -0.414602
0.125  -0.68735
0  -0.453039
-0.125  -0.364609
-0.0625  -0.457845
-0.03125  -0.48059
0  -0.46071
0  -0.618496
0.0625  -0.423512
-0.0625  -0.481079
0.21875  -0.533053
0.125  -0.463871
-0.1875  -0.436677
0.125  -0.714535
0.0625  -0.79698
-0.125  -0.624819
-0.25  -0.490071
0  -0.433188
0.125  -0.404836
-0.09375  -0.257107
-0.09375  -0.506713
-0.03125  -0.48528
0.0625  -0.455906
-0.09375  -0.386978
0.0625  -0.481032
0.25  -0.723342
-0.09375  -0.484983
0.125  -0.529724
-0.3125  -0.489361
-0.03125  -0.318837
0  -0.331094
0.1875  -0.387102
-0.0625  -0.398267
0.125  -0.347683
0.03125  -0.380534
0.15625  -0.389987
-0.21875  -0.460168
-0.09375  -0.541622
0.21875  -0.439544
-0.0625  -0.741004
-0.03125  -0.34547
-0.03125  -0.461565
0.1875  -0.434956
-0.0625  -0.639377
-0.15625  -0.48871
0.0625  -0.318702
-0.0625  -0.533952
-0.03125  -0.649922
0.03125  -0.554306
-0.03125  -0.33508
-0.1875  -0.631861
0.03125  -0.405854
0  -0.677567
-0.09375  -0.575186
0.09375  -0.556495
-0.21875  -0.519248
-0.1875  -0.401184
-0.03125  -0.594208
-0.21875  -0.616995
0.0625  -0.553112
-0.125  -0.569921
-0.0625  -0.387558
0.15625  -0.330745
0.03125  -0.488068
-0.15625  -0.24886
0.09375  -0.37518
0.125  -0.525499
-0.09375  -0.442278
0.03125  -0.430261
-0.3125  -0.570518
-0.09375  -0.387676
0.09375  -0.421228
-0.09375  -0.514921
0.125  -0.303211
0.21875  -0.506195
0  -0.601838
0.125  -0.527378
-0.15625  -0.549919
-0.03125  -0.666069
0.09375  -0.435759
-0.125  -0.539165
-0.15625  -0.649439
-0.03125  -0.652082
0.21875  -0.387662
-0.09375  -0.510207
-0.09375  -0.365742
-0.125  -0.419265
-0.0625  -0.520844
0.03125  -0.650017
-0.125  -0.577666
0.125  -0.538341
-0.15625  -0.460002
0.09375  -0.456967
-0.09375  -0.31592
-0.03125  -0.482282
0.15625  -0.39766
0.09375  -0.554713
0.03125  -0.431898
0  -0.566573
0.09375  -0.549587
-0.03125  -0.619468
0.03125  -0.492496
0.1875  -0.431234
0.03125  -0.430495
0.09375  -0.35974
0.15625  -0.202521
0.125  -0.338107
0.1875  -0.70199
-0.1875  -0.388178
-0.09375  -0.547984
-0.09375  -0.441573
0.03125  -0.579793
0.03125  -0.367074
-0.03125  -0.544287
0.03125  -0.35402
-0.03125  -0.624329
0  -0.319426
0.25  -0.409122
0.0625  -0.429662
-0.03125  -0.334828
0.03125  -0.458651
0.03125  -0.340526
0.125  -0.484798
0.0625  -0.297697
0.0625  -0.302287
-0.15625  -0.526562
-0.03125  -0.451274
0  -0.683806
0.21875  -0.438438
0.03125  -0.361601
-0.21875  -0.682988
-0.15625  -0.654118
0.03125  -0.329755
0.09375  -0.375953
-0.21875  -0.583165
0.03125  -0.642728
-0.03125  -0.435459
-0.09375  -0.426655
-0.03125  -0.406821
-0.15625  -0.276894
0.125  -0.687281
0.09375  -0.565788
0  -0.372155
0  -0.499372
-0.09375  -0.305981
0.03125  -0.474026
-0.0625  -0.485383
-0.03125  -0.554627
-0.21875  -0.396083
-0.25  -0.641998
-0.0625  -0.625954
-0.03125  -0.531764
-0.09375  -0.297879
0.03125  -0.484519
-0.125  -0.599026
0.03125  -0.479627
0.125  -0.192773
0.15625  -0.501031
-0.25  -0.313613
0.1875  -0.438231
0.03125  -0.521468
0.09375  -0.544001
-0.0625  -0.415246
-0.03125  -0.29538
0.09375  -0.303528
-0.09375  -0.429624
0.15625  -0.394575
-0.03125  -0.469039
0.09375  -0.298774
0.15625  -0.514742
-0.09375  -0.654384
0.15625  -0.390342
-0.09375  -0.509641
0.09375  -0.552068
-0.125  -0.641608
-0.0625  -0.678508
0  -0.519865
0.125  -0.563737
0.15625  -0.42962
0  -0.212488
-0.03125  -0.54379
0.21875  -0.369048
0.21875  -0.330834
0.125  -0.412724
0.125  -0.61509
0.03125  -0.564201
-0.03125  -0.367154
-0.03125  -0.397946
-0.0625  -0.543332
-0.09375  -0.545128
0.25  -0.599609
-0.03125  -0.417611
0.125  -0.373649
0  -0.395468
0.0625  -0.492134
-0.0625  -0.527741
-0.03125  -0.38242
-0.03125  -0.408962
0.1875  -0.437534
0.0625  -0.546716
0.15625  -0.590194
-0.09375  -0.303493
-0.125  -0.45743
0.0625  -0.495737
-0.09375  -0.355649
-0.0625  -0.399581
0.03125  -0.343602
0.03125  -0.374588
-0.03125  -0.397508
0.25  -0.365006
0.125  -0.396832
0.09375  -0.312213
0.1875  -0.551222
0.03125  -0.407459
-0.125  -0.457053
-0.03125  -0.393677
0.0625  -0.473996
-0.15625  -0.318545
-0.125  -0.482237
0.09375  -0.401412
0.125  -0.681624
0.03125  -0.524182
0.0625  -0.4118
0.25  -0.518239
-0.03125  -0.730721
-0.0625  -0.323684
-0.0625  -0.435214
0.0625  -0.439814
-0.0625  -0.550814
0  -0.351577
0.03125  -0.427801
0  -0.525685
-0.09375  -0.490881
0.125  -0.439791
0.0625  -0.682372
-0.09375  -0.495584
-0.03125  -0.659677
0.03125  -0.274521
0.0625  -0.34495
-0.15625  -0.613657
0.03125  -0.471712
-0.1875  -0.65099
0.21875  -0.448017
-0.15625  -0.616095
-0.03125  -0.385001
0  -0.357957
-0.15625  -0.229974
-0.1875  -0.490193
0  -0.462961
-0.09375  -0.357499
-0.03125  -0.526652
0.15625  -0.469667
-0.1875  -0.360302
-0.28125  -0.512836
-0.03125  -0.428425
0.03125  -0.561026
0  -0.635755
-0.15625  -0.509762
0  -0.542127
0  -0.17791
0.15625  -0.52792
0.1875  -0.420743
-0.125  -0.507274
0.15625  -0.539641
-0.1875  -0.458942
-0.03125  -0.386642
-0.15625  -0.485171
0.09375  -0.562575
0.0625  -0.271493
-0.03125  -0.563513
0.125  -0.558635
-0.25  -0.514969
0.34375  -0.762115
-0.15625  -0.454093
0.125  -0.305744
-0.03125  -0.418301
0.1875  -0.525519
-0.09375  -0.413209
0.21875  -0.396187
0  -0.273213
-0.125  -0.477219
0.09375  -0.570313
0.15625  -0.613461
0  -0.494218
-0.125  -0.468144
-0.03125  -0.483288
-0.125  -0.488022
-0.25  -0.434731
-0.125  -0.457819
-0.09375  -0.307996
0.15625  -0.435976
0.03125  -0.523816
-0.125  -0.298068
0.3125  -0.627219
0.15625  -0.483737
0.15625  -0.368464
0.0625  -0.683285
-0.0625  -0.351162
-0.09375  -0.618114
0.03125  -0.464726
-0.03125  -0.53443
-0.1875  -0.492246
0.21875  -0.576616
-0.125  -0.777823
0.15625  -0.426458
0  -0.391656
-0.09375  -0.533535
0.125  -0.522966
-0.03125  -0.298389
0.03125  -0.294888
-0.1875  -0.471606
0.125  -0.340662
0  -0.288929
0.125  -0.625846
0.03125  -0.381345
-0.03125  -0.30058
0.03125  -0.661975
0.0625  -0.56477
-0.125  -0.594426
0.09375  -0.516865
0.125  -0.545548
-0.125  -0.642356
0.09375  -0.514841
0  -0.539706
0.15625  -0.455734
0.0625  -0.387469
0  -0.314256
0.09375  -0.484565
-0.09375  -0.423683
-0.09375  -0.415691
0.09375  -0.482094
0  -0.719094
-0.25  -0.388436
-0.0625  -0.638582
0.03125  -0.591167
-0.15625  -0.618706
0  -0.426487
-0.03125  -0.524086
0.125  -0.52903
-0.125  -0.36384
0.125  -0.486185
0.03125  -0.387608
0.15625  -0.306457
-0.0625  -0.570291
-0.25  -0.550303
0.1875  -0.428516
0  -0.608273
-0.25  -0.526963
0.03125  -0.473642
0.09375  -0.722123
0  -0.588299
0  -0.656464
-0.0625  -0.392718
0.03125  -0.291967
-0.0625  -0.451083
-0.0625  -0.400982
0  -0.50139
0.03125  -0.415784
0.03125  -0.451869
-0.125  -0.436602
0.09375  -0.478606
-0.0625  -0.462137
0.0625  -0.332806
-0.0625  -0.632515
0.0625  -0.401755
-0.0625  -0.36469
-0.25  -0.214036
0.15625  -0.464402
-0.0625  -0.42058
-0.0625  -0.507973
-0.09375  -0.470147
0.03125  -0.442852
-0.03125  -0.128338
0.03125  -0.344932
-0.03125  -0.510702
-0.1875  -0.547131
0.25  -0.606474
0.03125  -0.309491
-0.03125  -0.463206
-0.0625  -0.543585
0.03125  -0.0228929
-0.15625  -0.471775
-0.28125  -0.592929
0.1875  -0.379421
-0.03125  -0.408523
-0.0625  -0.323674
-0.03125  -0.541265
-0.03125  -0.585415
0.09375  -0.535885
-0.125  -0.408509
-0.15625  -0.375294
-0.09375  -0.490542
0.0625  -0.713629
-0.03125  -0.510768
-0.03125  -0.315058
-0.03125  -0.509339
0.09375  -0.608575
0.25  -0.472502
-0.125  -0.346447
-0.0625  -0.438022
-0.21875  -0.533308
-0.03125  -0.62565
-0.125  -0.755477
-0.09375  -0.479331
0.0625  -0.462017
-0.15625  -0.399626
-0.21875  -0.684381
0.09375  -0.514407
0.15625  -0.457524
0.09375  -0.311778
0.0625  -0.453393
-0.15625  -0.450027
0.15625  -0.753153
0.15625  -0.597499
0.0625  -0.254342
0.25  -0.359175
0.125  -0.357775
0.25  -0.322889
0.0625  -0.399287
0.0625  -0.680301
0.15625  -0.656997
-0.1875  -0.444535
0  -0.598435
0.15625  -0.64116
0.15625  -0.46111
-0.15625  -0.497267
-0.03125  -0.562129
-0.125  -0.590168
0.125  -0.515756
0.15625  -0.417335
-0.09375  -0.477528
0.21875  -0.626087
0.21875  -0.567435
0  -0.608981
-0.25  -0.62783
0.125  -0.218701
-0.0625  -0.626037
0.1875  -0.407267
0  -0.596167
-0.03125  -0.570284
-0.09375  -0.34559
-0.15625  -0.504427
-0.125  -0.429057
-0.1875  -0.513764
0.0625  -0.646985
0.09375  -0.539344
-0.125  -0.695512
-0.03125  -0.512653
0.09375  -0.465104
0.3125  -0.603658
-0.0625  -0.423965
-0.03125  -0.613622
-0.09375  -0.478005
0.0625  -0.391715
-0.03125  -0.555093
0.03125  -0.508686
0.0625  -0.654513
-0.0625  -0.53345
-0.15625  -0.620199
-0.03125  -0.753325
0.03125  -0.605074
-0.0625  -0.541411
0.0625  -0.406732
0.0625  -0.546986
0.0625  -0.553798
-0.09375  -0.27821
-0.0625  -0.627516
0.03125  -0.440841
-0.03125  -0.276636
0.03125  -0.47538
0.09375  -0.444236
0  -0.384093
0  -0.478201
0.21875  -0.466839
-0.09375  -0.35716
-0.0625  -0.479892
-0.15625  -0.747446
0.0625  -0.535087
0.09375  -0.256824
0.1875  -0.337747
0.03125  -0.533667
0.09375  -0.496535
0.34375  -0.384179
-0.09375  -0.394983
0.1875  -0.668643
-0.03125  -0.591645
-0.15625  -0.560655
0  -0.495056
-0.15625  -0.56928
0.125  -0.471396
-0.09375  -0.479063
0.25  -0.4712
0.09375  -0.733969
0.15625  -0.280248
0.09375  -0.313544
-0.15625  -0.526924
-0.03125  -0.594876
0.0625  -0.563186
-0.15625  -0.63131
0.03125  -0.52596
-0.1875  -0.281877
-0.09375  -0.495514
-0.09375  -0.534518
0  -0.499436
-0.3125  -0.326356
-0.0625  -0.325045
0.03125  -0.467006
0.0625  -0.412449
-0.03125  -0.510028
-0.15625  -0.345804
0.09375  -0.601307
-0.03125  -0.475261
-0.09375  -0.439089
0.1875  -0.412342
0.09375  -0.469275
0.03125  -0.394467
-0.03125  -0.400399
0.0625  -0.268024
0.03125  -0.384421
0.0625  -0.511333
0  -0.386882
-0.15625  -0.48764
-0.09375  -0.459176
0.03125  -0.408374
-0.1875  -0.633234
-0.03125  -0.29042
0.15625  -0.277337
-0.03125  -0.273286
-0.125  -0.551348
0.125  -0.523101
0.03125  -0.558385
-0.03125  -0.647869
-0.09375  -0.27166
0.03125  -0.450517
0.125  -0.285873
0.09375  -0.292612
-0.21875  -0.411076
-0.21875  -0.54699
-0.09375  -0.770504
0.25  -0.55749
0.21875  -0.451995
0  -0.371849
0  -0.646429
-0.09375  -0.604088
0.3125  -0.571283
0.125  -0.298891
0.03125  -0.401915
0.21875  -0.456403
-0.28125  -0.366899
0.125  -0.415535
-0.09375  -0.481025
-0.15625  -0.483332
-0.09375  -0.436726
-0.09375  -0.599059
-0.21875  -0.432705
0  -0.456147
-0.09375  -0.352901
0.09375  -0.336094
-0.28125  -0.549667
-0.03125  -0.593459
-0.15625  -0.531729
0.21875  -0.507827
0.125  -0.506541
0.25  -0.657465
0.03125  -0.354669
-0.09375  -0.510365
0.0625  -0.504612
0.09375  -0.43187
0.0625  -0.26391
0.125  -0.573288
0  -0.434857
-0.21875  -0.499671
0.03125  -0.447549
-0.25  -0.410862
0.03125  -0.410601
0.03125  -0.340725
-0.3125  -0.434319
-0.03125  -0.442755
-0.21875  -0.549014
-0.125  -0.415509
0.0625  -0.416938
-0.03125  -0.240031
-0.09375  -0.722758
0.03125  -0.39908
-0.03125  -0.573082
-0.15625  -0.224043
0.125  -0.413272
0.15625  -0.443653
-0.03125  -0.540768
0.09375  -0.314316
0.0625  -0.393376
0.03125  -0.530175
0.28125  -0.375867
0.09375  -0.434896
0.09375  -0.422422
0  -0.378785
-0.09375  -0.479609
-0.0625  -0.613978
0.03125  -0.356892
-0.03125  -0.32229
0.1875  -0.499122
0.09375  -0.645846
-0.0625  -0.471042
-0.15625  -0.568814
0.125  -0.334205
0.125  -0.27558
0  -0.53662
-0.15625  -0.415653
0.03125  -0.353532
0  -0.549868
0.125  -0.458387
0  -0.363767
0  -0.43537
0.125  -0.736575
0.0625  -0.530805
-0.15625  -0.397668
-0.03125  -0.50118
-0.03125  -0.403032
0.09375  -0.418004
-0.125  -0.33403
0.0625  -0.543385
0.125  -0.609423
-0.125  -0.374826
0.03125  -0.487789
0.125  -0.236348
0.03125  -0.511044
-0.09375  -0.608262
-0.1875  -0.584281
0.125  -0.35725
0.15625  -0.451459
-0.1875  -0.39194
-0.25  -0.644641
0.125  -0.538063
0.15625  -0.61296
-0.125  -0.52466
-0.1875  -0.557733
0.125  -0.412438
0.25  -0.431285
0.0625  -0.549897
0.03125  -0.684411
-0.1875  -0.350984
-0.0625  -0.64153
0.15625  -0.45563
0.15625  -0.674398
-0.0625  -0.468481
0.0625  -0.590646
-0.03125  -0.387914
-0.125  -0.67598
0.15625  -0.49115
0.03125  -0.448156
-0.03125  -0.500548
-0.0625  -0.465602
0.21875  -0.420834
0  -0.6005
0.375  -0.405537
0.15625  -0.527057
0.1875  -0.417289
-0.03125  -0.355207
0.125  -0.402982
0.09375  -0.482834
-0.03125  -0.677968
0.1875  -0.605855
0.03125  -0.525262
-0.15625  -0.458313
0.15625  -0.24481
0.0625  -0.239652
-0.0625  -0.583337
-0.09375  -0.35007
0.15625  -0.50255
0.15625  -0.306286
-0.15625  -0.466858
-0.0625  -0.472908
-0.1875  -0.287685
-0.0625  -0.497809
-0.21875  -0.298937
0.15625  -0.492795
0.09375  -0.693812
0  -0.335522
-0.09375  -0.361662
0.0625  -0.493334
-0.03125  -0.313952
-0.03125  -0.429754
0  -0.514223
-0.28125  -0.429691
0.09375  -0.372983
-0.0625  -0.275343
0.09375  -0.776061
0.1875  -0.572021
0  -0.662165
0.125  -0.488547
0.03125  -0.476421
-0.1875  -0.449999
-0.09375  -0.354373
0.28125  -0.412137
0.125  -0.492602
0.03125  -0.52827
-0.09375  -0.270899
0.21875  -0.603946
0.125  -0.589393
0  -0.664325
0.15625  -0.369862
0.0625  -0.464393
0.28125  -0.329382
-0.21875  -0.587122
-0.03125  -0.599733
0.1875  -0.460564
0.1875  -0.406096
0.125  -0.462658
-0.03125  -0.437819
0.03125  -0.391323
0.15625  -0.490245
0.09375  -0.524632
-0.125  -0.357439
0.21875  -0.549848
0  -0.718694
0.21875  -0.559323
-0.125  -0.513778
0  -0.514984
0  -0.576983
-0.1875  -0.411736
0.40625  -0.409505
-0.03125  -0.640251
0.125  -0.498612
-0.21875  -0.589
-0.15625  -0.344339
0  -0.421742
0.0625  -0.547388
0.09375  -0.632809
0.09375  -0.516072
0.15625  -0.399493
0  -0.575045
-0.25  -0.488474
0.15625  -0.411997
0.21875  -0.343269
0.0625  -0.667829
0.0625  -0.556839
-0.09375  -0.518348
-0.03125  -0.616049
-0.28125  -0.37983
0.03125  -0.473893
0.09375  -0.333938
0.0625  -0.467052
-0.03125  -0.354813
-0.125  -0.450024
0.03125  -0.299506
0.03125  -0.726957
0.0625  -0.496584
0.125  -0.724453
0.03125  -0.544924
0  -0.451065
0.0625  -0.49553
0  -0.595523
-0.0625  -0.33761
0.21875  -0.227083
0  -0.621031
-0.0625  -0.538129
-0.21875  -0.560922
0.25  -0.400869
0.03125  -0.670524
0.03125  -0.575899
-0.0625  -0.625222
0.25  -0.378407
0.03125  -0.336043
-0.09375  -0.570192
0  -0.557491
0  -0.363795
0.15625  -0.497591
-0.09375  -0.610693
-0.15625  -0.427858
0.0625  -0.421665
-0.0625  -0.685959
0.0625  -0.409671
-0.09375  -0.4477
-0.21875  -0.524369
-0.03125  -0.303627
-0.125  -0.510497
0.09375  -0.362236
-0.15625  -0.598071
0.125  -0.514565
-0.3125  -0.377594
-0.125  -0.588791
0.03125  -0.386695
0.15625  -0.726399
-0.125  -0.425523
0.09375  -0.580765
-0.15625  -0.471333
-0.125  -0.309158
-0.3125  -0.389617
-0.03125  -0.583768
0.09375  -0.438144
0  -0.394861
0.125  -0.373263
-0.0625  -0.581003
0  -0.32085
-0.09375  -0.558882
0.1875  -0.692304
0  -0.561214
-0.0625  -0.382894
0.09375  -0.551462
-0.0625  -0.501738
0  -0.554235
-0.03125  -0.470727
-0.15625  -0.491074
0.25  -0.540661
0.03125  -0.425699
0.25  -0.466287
-0.125  -0.627055
0.03125  -0.478651
0.125  -0.424851
-0.125  -0.572899
-0.03125  -0.378494
0.15625  -0.569727
-0.15625  -0.455961
-0.0625  -0.621263
-0.1875  -0.512437
-0.1875  -0.456408
0.0625  -0.42636
0.21875  -0.29658
0.28125  -0.533915
-0.125  -0.594224
-0.40625  -0.558553
-0.125  -0.382958
-0.09375  -0.268934
-0.125  -0.71733
-0.125  -0.609684
0.09375  -0.43601
0.03125  -0.334018
0.03125  -0.47897
-0.09375  -0.312905
0.03125  -0.41099
0.125  -0.54229
0.09375  -0.310729
0.03125  -0.446047
-0.09375  -0.575264
-0.0625  -0.615454
0.03125  -0.543482
0.15625  -0.571045
0.125  -0.426483
-0.0625  -0.633155
-0.03125  -0.405169
-0.09375  -0.573372
0.15625  -0.672188
-0.03125  -0.689792
-0.125  -0.503717
0.125  -0.331017
-0.15625  -0.471294
0.0625  -0.609017
-0.15625  -0.433705
0  -0.684743
-0.0625  -0.627993
-0.25  -0.432773
-0.0625  -0.602982
0.1875  -0.652764
-0.15625  -0.489123
0  -0.508868
0  -0.491503
0.03125  -0.576985
-0.125  -0.668288
0.15625  -0.469454
0.125  -0.310103
-0.09375  -0.683889
0.0625  -0.472604
-0.03125  -0.475887
-0.03125  -0.348483
0.09375  -0.707317
-0.0625  -0.635113
0.03125  -0.50132
-0.0625  -0.461072
0.09375  -0.679841
-0.03125  -0.577932
0.0625  -0.2891
-0.21875  -0.464763
0.09375  -0.412647
0.15625  -0.329986
-0.125  -0.589445
-0.0625  -0.565872
-0.03125  -0.47342
0.15625  -0.658842
0.125  -0.331317
-0.3125  -0.474462
-0.09375  -0.472713
0.09375  -0.593993
0.09375  -0.40341
0.125  -0.496262
-0.3125  -0.36621
0.0625  -0.662313
0  -0.208066
0.09375  -0.450682
0.03125  -0.276612
0.1875  -0.522936
0.125  -0.45895
-0.03125  -0.457548
-0.0625  -0.512688
0.03125  -0.506642
0.09375  -0.499893
-0.03125  -0.648753
-0.1875  -0.390111
0  -0.385313
-0.03125  -0.565432
-0.09375  -0.584789
0.15625  -0.508538
0.03125  -0.519059
0.09375  -0.386958
-0.0625  -0.453561
0.0625  -0.358903
0.15625  -0.419135
-0.21875  -0.375955
-0.09375  -0.478361
0.03125  -0.330585
0  -0.606203
-0.0625  -0.513577
0.0625  -0.599744
-0.09375  -0.529587
-0.3125  -0.486587
0  -0.518605
-0.1875  -0.545286
-0.0625  -0.469209
0.09375  -0.360718
0.09375  -0.58089
0.125  -0.326872
-0.03125  -0.354368
0  -0.487756
-0.15625  -0.554222
-0.09375  -0.50667
0.25  -0.424088
-0.0625  -0.561544
-0.15625  -0.456674
-0.03125  -0.389196
-0.0625  -0.526169
-0.09375  -0.644291
-0.0625  -0.58596
-0.3125  -0.474546
0.25  -0.541359
0.0625  -0.557941
-0.03125  -0.475738
0.03125  -0.522583
-0.0625  -0.313075
-0.09375  -0.413929
0.03125  -0.335098
-0.1875  -0.477794
0  -0.434766
-0.125  -0.564381
-0.09375  -0.438664
-0.1875  -0.474021
0.09375  -0.495586
-0.03125  -0.394392
-0.09375  -0.677944
-0.03125  -0.48622
0.125  -0.525533
0.21875  -0.333731
0.09375  -0.502414
-0.125  -0.370259
0.0625  -0.315707
0.03125  -0.617783
0.03125  -0.333563
0  -0.595717
-0.125  -0.443421
0.09375  -0.574513
0.03125  -0.502438
0.125  -0.432261
-0.03125  -0.456815
0.15625  -0.375107
0.03125  -0.34573
0.09375  -0.170925
-0.15625  -0.551773
0.25  -0.2501
0  -0.712738
-0.125  -0.417546
0.21875  -0.338643
-0.15625  -0.605681
-0.0625  -0.374213
-0.09375  -0.511793
0  -0.615412
-0.0625  -0.484192
-0.09375  -0.662521
0.03125  -0.45124
0.09375  -0.273341
0.03125  -0.671109
0.03125  -0.464272
-0.25  -0.462337
0.03125  -0.579753
0.0625  -0.192322
0.125  -0.357348
-0.15625  -0.442216
-0.03125  -0.460065
0.15625  -0.504655
0.0625  -0.747442
-0.03125  -0.36901
0  -0.66443
-0.0625  -0.552575
-0.09375  -0.56489
-0.03125  -0.512495
0  -0.565016
0.09375  -0.527087
0.0625  -0.244388
0.25  -0.487808
0.0625  -0.51234
0.03125  -0.528937
-0.15625  -0.251473
-0.09375  -0.527405
-0.125  -0.460205
0  -0.58966
-0.28125  -0.398428
0.0625  -0.38903
-0.21875  -0.604752
-0.03125  -0.619311
0  -0.360531
-0.03125  -0.562712
0.09375  -0.517653
-0.03125  -0.488183
0.125  -0.419611
0.125  -0.475148
0.0625  -0.210506
-0.09375  -0.324713
-0.03125  -0.432728
-0.1875  -0.539551
0.3125  -0.171086
0.0625  -0.336229
0.0625  -0.374891
-0.21875  -0.430929
0.09375  -0.42042
-0.15625  -0.648341
-0.0625  -0.573965
0.1875  -0.594611
0.0625  -0.640192
0.1875  -0.404173
0.0625  -0.461885
-0.125  -0.380032
-0.125  -0.305735
0.03125  -0.262946
-0.03125  -0.550441
-0.125  -0.551289
0  -0.553126
0.03125  -0.476054
-0.15625  -0.639259
0  -0.426989
0.0625  -0.44405
0.15625  -0.375064
-0.0625  -0.553732
-0.09375  -0.305388
-0.0625  -0.459141
0  -0.521532
0.0625  -0.337932
0.09375  -0.701561
0.03125  -0.628053
0.0625  -0.274489
-0.125  -0.688371
0.0625  -0.46836
0  -0.509088
-0.21875  -0.453673
0.03125  -0.564055
0.09375  -0.456887
-0.09375  -0.384346
-0.03125  -0.588808
-0.0625  -0.540263
0.03125  -0.237306
0.03125  -0.590031
-0.125  -0.529855
0.03125  -0.483417
0.1875  -0.412111
0.0625  -0.608317
-0.1875  -0.591038
-0.09375  -0.35615
-0.0625  -0.481971
-0.09375  -0.46432
0  -0.388529
-0.0625  -0.304171
0.15625  -0.378685
0  -0.578509
-0.0625  -0.556364
0  -0.774238
0.125  -0.395683
0.28125  -0.552726
-0.1875  -0.447883
0.09375  -0.58518
0.125  -0.580798
-0.09375  -0.607613
-0.03125  -0.432252
0.09375  -0.570109
0.25  -0.520658
0.0625  -0.474694
-0.125  -0.467754
0.03125  -0.581872
-0.15625  -0.449879
-0.03125  -0.590806
-0.125  -0.349593
-0.125  -0.197456
0.125  -0.502771
0  -0.483077
-0.09375  -0.625019
0.09375  -0.468012
-0.09375  -0.565267
0.25  -0.508305
-0.09375  -0.542127
-0.25  -0.476656
-0.03125  -0.504134
0.03125  -0.323884
0.03125  -0.378007
-0.125  -0.464102
-0.125  -0.521191
-0.09375  -0.344008
0.1875  -0.604026
-0.15625  -0.552604
0.03125  -0.339895
0.03125  -0.679819
-0.03125  -0.556328
0  -0.48633
-0.125  -0.538883
0  -0.555589
0.0625  -0.620084
-0.03125  -0.353178
0.0625  -0.548534
0.0625  -0.431732
-0.03125  -0.361989
-0.3125  -0.468764
0  -0.585264
0.15625  -0.49779
0.03125  -0.456853
0.0625  -0.556862
-0.15625  -0.275874
0.03125  -0.425299
-0.0625  -0.539634
-0.09375  -0.320092
0.09375  -0.512335
-0.1875  -0.536335
0.15625  -0.416369
-0.03125  -0.575587
-0.0625  -0.448873
0.125  -0.537463
-0.28125  -0.548964
-0.03125  -0.426006
-0.21875  -0.452573
0.125  -0.426211
-0.0625  -0.424472
0  -0.33326
-0.0625  -0.358415
-0.15625  -0.349292
-0.03125  -0.437573
-0.03125  -0.586089
0.125  -0.465856
-0.1875  -0.304976
0.125  -0.464663
-0.0625  -0.617065
0.03125  -0.418029
-0.28125  -0.418069
-0.03125  -0.421502
-0.0625  -0.575381
0.03125  -0.161791
-0.0625  -0.449483
-0.03125  -0.426637
-0.03125  -0.557143
0.125  -0.589516
0  -0.461848
0.28125  -0.375396
0.0625  -0.576187
0.09375  -0.472536
-0.0625  -0.425621
-0.03125  -0.5544
0.03125  -0.496316
-0.15625  -0.438858
0.0625  -0.496463
0.46875  -0.403506
-0.25  -0.475685
0.03125  -0.538442
0.09375  -0.459857
-0.125  -0.35429
0.125  -0.528488
0.21875  -0.443292
0.09375  -0.558806
-0.03125  -0.505131
-0.03125  -0.381023
0  -0.571748
0.0625  -0.371074
-0.09375  -0.472767
-0.03125  -0.474963
-0.125  -0.32428
0.25  -0.423764
-0.09375  -0.382356
-0.15625  -0.51851
-0.25  -0.388826
-0.125  -0.352917
-0.0625  -0.713116
0.125  -0.796453
0.0625  -0.48152
0.03125  -0.507204
0  -0.502274
0  -0.5607
-0.09375  -0.385877
0.03125  -0.686541
0.125  -0.51999
0.125  -0.380967
0.09375  -0.522979
-0.09375  -0.437903
0.03125  -0.475385
0  -0.621298
-0.03125  -0.468673
0  -0.323039
0  -0.538031
0.15625  -0.647107
-0.125  -0.349868
0.125  -0.25041
-0.21875  -0.454878
0.09375  -0.510555
-0.03125  -0.38051
-0.15625  -0.260146
-0.09375  -0.432662
0.28125  -0.439479
0.09375  -0.495798
-0.09375  -0.533648
0.15625  -0.509345
0  -0.41923
0.0625  -0.635923
0  -0.375267
0.09375  -0.641788
0.1875  -0.524828
-0.1875  -0.578566
0.21875  -0.627473
0  -0.42356
0.1875  -0.494158
0.25  -0.540283
0.0625  -0.450293
0  -0.636232
-0.0625  -0.377943
0.0625  -0.669752
0.09375  -0.417955
-0.15625  -0.557463
-0.3125  -0.495713
0.15625  -0.403753
-0.1875  -0.41763
0.125  -0.594309
0.28125  -0.503641
-0.375  -0.522334
0.125  -0.431114
0.15625  -0.50115
0.25  -0.319877
-0.125  -0.471034
-0.15625  -0.617378
-0.125  -0.518604
-0.15625  -0.313894
0.03125  -0.516493
0.09375  -0.311547
0  -0.455104
-0.09375  -0.644144
-0.15625  -0.390222
0  -0.502288
0.0625  -0.361168
0  -0.250638
-0.0625  -0.518515
0  -0.588564
0.1875  -0.639382
0  -0.653067
0.0625  -0.677094
0.03125  -0.585288
0.21875  -0.497428
-0.0625  -0.605608
0.21875  -0.358374
-0.125  -0.44395
-0.09375  -0.300039
0.125  -0.532875
-0.03125  -0.53276
0.125  -0.425913
0.125  -0.497982
0.21875  -0.416251
0.0625  -0.474381
-0.09375  -0.264577
-0.03125  -0.613673
0.03125  -0.286779
0.03125  -0.449137
0.0625  -0.48348
-0.21875  -0.468638
0.1875  -0.377157
0.25  -0.441169
0.03125  -0.461849
0.15625  -0.434629
0.0625  -0.42495
-0.03125  -0.458959
-0.03125  -0.667624
-0.15625  -0.523918
0.1875  -0.502204
0.1875  -0.235521
-0.03125  -0.416186
0.09375  -0.48106
-0.03125  -0.425975
-0.09375  -0.418143
0.03125  -0.350649
-0.0625  -0.324701
0  -0.510703
0.0625  -0.644528
0.15625  -0.624474
-0.15625  -0.372378
0.15625  -0.301292
0.15625  -0.54697
0.125  -0.47623
0.0625  -0.516924
0.15625  -0.42662
0.03125  -0.629957
-0.1875  -0.455988
-0.25  -0.462697
0.03125  -0.521272
0.09375  -0.4917
0  -0.496555
-0.09375  -0.57965
0.1875  -0.288092
-0.125  -0.533948
0.09375  -0.424034
0.125  -0.71978
0.09375  -0.674282
0.0625  -0.454426
-0.0625  -0.577291
0.15625  -0.407209
0.25  -0.422702
0.09375  -0.621015
0.03125  -0.401409
-0.09375  -0.392828
-0.34375  -0.494038
-0.09375  -0.508052
0.1875  -0.43068
-0.09375  -0.659599
0  -0.607066
-0.0625  -0.359365
-0.09375  -0.676363
-0.03125  -0.387924
0.21875  -0.262006
-0.3125  -0.428578
0.09375  -0.300808
-0.03125  -0.365963
-0.0625  -0.606844
0.21875  -0.34385
-0.1875  -0.410868
0  -0.572126
0  -0.687586
-0.0625  -0.531479
-0.0625  -0.485993
0.0625  -0.563712
-0.0625  -0.302191
-0.0625  -0.476379
0.09375  -0.565942
-0.09375  -0.588154
-0.3125  -0.465327
-0.0625  -0.410253
0.03125  -0.581124
-0.0625  -0.592278
0.28125  -0.402266
0.03125  -0.37572
0.03125  -0.621235
-0.0625  -0.558172
-0.03125  -0.634271
0.09375  -0.479823
0.03125  -0.531061
0.0625  -0.497997
-0.0625  -0.46244
0.03125  -0.367833
-0.0625  -0.650978
-0.09375  -0.730871
0.03125  -0.558694
-0.25  -0.631775
0.125  -0.496158
-0.21875  -0.548641
0  -0.412298
0.0625  -0.687823
-0.0625  -0.251294
0  -0.543348
-0.09375  -0.354091
0.03125  -0.388629
-0.09375  -0.381457
-0.21875  -0.44814
0  -0.76415
0.15625  -0.46351
0  -0.492722
-0.03125  -0.469141
0.1875  -0.519816
-0.03125  -0.365769
0  -0.344654
0.0625  -0.438021
-0.0625  -0.547477
-0.1875  -0.398784
0.25  -0.63857
0  -0.453
-0.03125  -0.392018
0.0625  -0.502785
-0.0625  -0.419686
-0.125  -0.370646
0  -0.463078
-0.125  -0.514072
0.09375  -0.498545
0.15625  -0.636034
0.03125  -0.605625
0  -0.460926
0.21875  -0.455975
0  -0.512439
0  -0.483758
0.125  -0.455851
0.21875  -0.345752
-0.1875  -0.456295
0.0625  -0.390314
-0.09375  -0.406392
0.0625  -0.749518
-0.03125  -0.574205
-0.03125  -0.39977
0.125  -0.556144
-0.21875  -0.397232
0.09375  -0.690796
0  -0.551106
-0.15625  -0.382685
0.125  -0.552834
-0.21875  -0.370402
0.0625  -0.275715
-0.15625  -0.377233
-0.375  -0.41991
0.125  -0.486227
-0.03125  -0.428433
0.1875  -0.333747
-0.09375  -0.4506
0.0625  -0.497858
0  -0.550587
-0.09375  -0.330576
0.125  -0.367146
-0.15625  -0.647206
-0.03125  -0.380901
0.09375  -0.660458
0.15625  -0.367428
0.0625  -0.440049
0.0625  -0.561129
-0.125  -0.503822
0.09375  -0.591508
0.21875  -0.598412
0  -0.267064
0.1875  -0.532724
0  -0.525684
-0.0625  -0.468236
0.0625  -0.358083
0.34375  -0.156461
-0.09375  -0.394401
0.25  -0.516179
0  -0.48954
-0.09375  -0.400914
-0.03125  -0.517586
0  -0.493585
-0.15625  -0.414971
0.21875  -0.372133
-0.1875  -0.654017
-0.1875  -0.522529
0.125  -0.454682
-0.25  -0.345008
0.03125  -0.653087
-0.09375  -0.559264
0.0625  -0.598686
-0.0625  -0.460679
-0.03125  -0.636826
-0.15625  -0.505335
0.0625  -0.613381
0  -0.392389
0.09375  -0.659705
-0.0625  -0.498256
-0.03125  -0.345354
0.03125  -0.607789
-0.03125  -0.517816
0.03125  -0.372117
0.03125  -0.539924
-0.03125  -0.458609
-0.0625  -0.545187
-0.21875  -0.277411
-0.09375  -0.470981
-0.0625  -0.459159
-0.0625  -0.49969
0  -0.550571
0.28125  -0.43666
0.03125  -0.5828
-0.15625  -0.406902
-0.09375  -0.490365
-0.1875  -0.448112
-0.21875  -0.487046
0  -0.283521
0.125  -0.499602
-0.1875  -0.298653
0.125  -0.361987
0.15625  -0.38959
-0.03125  -0.672699
-0.0625  -0.730406
-0.0625  -0.330467
-0.15625  -0.598788
0  -0.457696
-0.0625  -0.219447
-0.0625  -0.516536
0.03125  -0.528662
0.03125  -0.450427
0.09375  -0.407604
-0.15625  -0.397253
-0.125  -0.569649
-0.09375  -0.443151
0.03125  -0.609387
-0.09375  -0.509487
0.03125  -0.325714
-0.09375  -0.104505
0.03125  -0.374133
-0.09375  -0.466716
0.09375  -0.520598
-0.125  -0.726235
-0.0625  -0.484127
-0.0625  -0.597209
0.03125  -0.560378
-0.03125  -0.428062
0.09375  -0.563624
0  -0.652077
0.15625  -0.325614
-0.21875  -0.433604
0.21875  -0.323586
-0.03125  -0.475952
0.21875  -0.623638
0.03125  -0.640933
-0.09375  -0.308731
-0.09375  -0.332117
0.15625  -0.516631
0.03125  -0.758636
-0.1875  -0.327004
0.3125  -0.429445
0  -0.584608
0.1875  -0.550997
-0.15625  -0.586718
-0.125  -0.426318
-0.0625  -0.484668
-0.21875  -0.504936
-0.03125  -0.646659
0.09375  -0.547257
0.15625  -0.240838
0.21875  -0.549496
-0.125  -0.440393
-0.03125  -0.411022
0  -0.494422
0.15625  -0.717863
-0.0625  -0.349357
0.09375  -0.369004
-0.09375  -0.233066
-0.0625  -0.313544
0.09375  -0.325957
0.09375  -0.695907
0.25  -0.557059
0.21875  -0.627351
-0.0625  -0.582167
-0.125  -0.448008
0.125  -0.436499
-0.15625  -0.463133
-0.125  -0.397848
0.125  -0.346602
-0.09375  -0.484313
0.03125  -0.490015
0.21875  -0.340537
0.21875  -0.507504
-0.15625  -0.648714
0.09375  -0.482629
-0.3125  -0.410166
0.09375  -0.39505
-0.09375  -0.351618
-0.0625  -0.358706
-0.3125  -0.422527
0.15625  -0.467999
0.09375  -0.656581
0.15625  -0.47525
0.09375  -0.5102
-0.0625  -0.382116
0.25  -0.545576
0  -0.342446
-0.28125  -0.548868
0.03125  -0.494822
0.25  -0.615679
0  -0.554735
-0.125  -0.627482
0.25  -0.435164
-0.15625  -0.558579
0  -0.367662
-0.1875  -0.677778
-0.03125  -0.469555
-0.3125  -0.317878
0.0625  -0.537747
0.125  -0.417435
-0.03125  -0.418872
-0.125  -0.310236
-0.09375  -0.633698
0.21875  -0.155198
-0.03125  -0.503541
-0.15625  -0.592177
-0.03125  -0.454734
0.15625  -0.62238
0.03125  -0.532716
0  -0.518633
0.1875  -0.381976
-0.1875  -0.560926
0.25  -0.288167
-0.0625  -0.445996
-0.09375  -0.707356
0.03125  -0.510434
-0.15625  -0.448618
0.125  -0.57472
0.1875  -0.493277
0.09375  -0.522291
-0.21875  -0.419677
-0.15625  -0.508819
0  -0.56266
0  -0.470282
0.125  -0.384715
0.15625  -0.540098
0.125  -0.422345
0.125  -0.552996
-0.125  -0.590265
0.0625  -0.415542
0.125  -0.571518
0.0625  -0.459211
0.03125  -0.391392
-0.03125  -0.526437
0.09375  -0.494563
0.03125  -0.395842
0.09375  -0.581316
0  -0.537589
-0.15625  -0.495192
-0.125  -0.530286
0.03125  -0.543233
-0.1875  -0.631858
0.34375  -0.45444
0.0625  -0.3424
-0.0625  -0.644226
0.125  -0.629995
-0.03125  -0.581511
0  -0.485326
0.15625  -0.691626
0.03125  -0.652206
-0.09375  -0.606266
0.0625  -0.549853
-0.03125  -0.377873
-0.15625  -0.482864
0.15625  -0.369307
0.03125  -0.596717
-0.03125  -0.462791
0.125  -0.522978
0.0625  -0.589168
-0.03125  -0.586243
0.21875  -0.644821
-0.0625  -0.536042
-0.03125  -0.687562
0.03125  -0.516094
0.21875  -0.44524
-0.1875  -0.377574
0.0625  -0.395066
-0.03125  -0.467235
-0.28125  -0.71177
-0.0625  -0.628983
-0.21875  -0.575089
0.03125  -0.424828
0  -0.292325
0.21875  -0.437436
-0.0625  -0.338029
-0.21875  -0.5062
0.125  -0.503565
-0.09375  -0.52249
-0.15625  -0.455379
-0.1875  -0.404939
0  -0.611894
0.15625  -0.464257
0  -0.478063
-0.0625  -0.28728
0.15625  -0.414668
-0.125  -0.58503
0.0625  -0.445818
-0.0625  -0.691136
0.03125  -0.610853
-0.15625  -0.35933
-0.125  -0.274374
0.03125  -0.393898
-0.125  -0.627092
-0.03125  -0.284043
0.0625  -0.552006
0.125  -0.573363
-0.15625  -0.407613
0.0625  -0.725979
0.03125  -0.580197
0.03125  -0.34181
0  -0.578156
-0.125  -0.478912
0.25  -0.565805
0.0625  -0.571917
0.09375  -0.498939
-0.0625  -0.497765
0.1875  -0.580354
-0.125  -0.435868
0.21875  -0.396669
0.03125  -0.396545
-0.0625  -0.637103
0  -0.230581
0.09375  -0.432792
-0.0625  -0.498512
-0.21875  -0.633542
0.15625  -0.344094
-0.21875  -0.33891
0.125  -0.63037
0  -0.31987
-0.03125  -0.264474
-0.125  -0.447849
-0.15625  -0.579579
-0.15625  -0.572278
-0.03125  -0.462689
-0.25  -0.638932
-0.09375  -0.458451
0.0625  -0.414955
0.0625  -0.570349
-0.125  -0.399832
-0.03125  -0.448559
0.09375  -0.566183
0.25  -0.480989
0.03125  -0.385007
0.15625  -0.396623
-0.03125  -0.493153
-0.1875  -0.511972
0.09375  -0.506462
-0.21875  -0.248773
0.09375  -0.440856
0.15625  -0.47614
0.0625  -0.512492
0.03125  -0.57779
0.03125  -0.354582
-0.0625  -0.35987
0.125  -0.519703
-0.125  -0.495455
0.28125  -0.28412
0  -0.640428
0  -0.426398
-0.21875  -0.737307
0.0625  -0.311319
0.15625  -0.427842
-0.125  -0.517008
-0.125  -0.405741
-0.09375  -0.492463
-0.15625  -0.509006
0.1875  -0.534739
0.15625  -0.494108
0  -0.387216
0.03125  -0.555894
-0.03125  -0.576006
0.09375  -0.46999
0.1875  -0.48902
-0.0625  -0.44261
0.15625  -0.567445
0  -0.51848
-0.125  -0.452095
-0.0625  -0.693054
-0.15625  -0.254924
-0.09375  -0.572443
-0.1875  -0.399963
0.03125  -0.665622
0  -0.435274
-0.1875  -0.517517
0.03125  -0.501749
0.03125  -0.323609
-0.15625  -0.559817
0  -0.555366
-0.03125  -0.491947
-0.03125  -0.599712
-0.125  -0.401829
0.1875  -0.565653
0.21875  -0.240839
-0.03125  -0.287296
0.15625  -0.413284
0.09375  -0.445114
-0.09375  -0.493714
-0.15625  -0.639366
0  -0.47428
-0.03125  -0.411769
0.15625  -0.500415
0.21875  -0.305522
-0.1875  -0.468571
-0.1875  -0.628439
0.03125  -0.705249
-0.09375  -0.657777
-0.125  -0.274448
-0.25  -0.314653
-0.03125  -0.439066
-0.03125  -0.364491
-0.0625  -0.506867
-0.3125  -0.260009
-0.03125  -0.5118
-0.1875  -0.159641
-0.15625  -0.425175
0.03125  -0.301152
0  -0.445694
0.125  -0.421489
-0.09375  -0.573258
0.34375  -0.436451
0.09375  -0.498229
-0.3125  -0.591727
0.03125  -0.448233
-0.09375  -0.419825
-0.0625  -0.347633
-0.0625  -0.655962
-0.09375  -0.75417
-0.09375  -0.484393
-0.125  -0.338483
0  -0.494241
-0.125  -0.385379
0.0625  -0.6108
-0.09375  -0.408813
0.15625  -0.468008
-0.125  -0.665705
0.09375  -0.225413
0  -0.499053
0.15625  -0.589021
0  -0.457851
-0.125  -0.64437
-0.09375  -0.496161
0.0625  -0.328071
-0.03125  -0.32507
-0.03125  -0.568737
-0.21875  -0.272956
0.03125  -0.465201
-0.125  -0.545439
-0.125  -0.458844
-0.09375  -0.517899
0.125  -0.527733
0.03125  -0.369862
0.125  -0.311081
0.0625  -0.52141
-0.03125  -0.788896
-0.0625  -0.394605
0.0625  -0.344409
0  -0.479754
-0.03125  -0.573193
0.03125  -0.678701
0.03125  -0.419474
-0.25  -0.577672
-0.1875  -0.627428
0.03125  -0.528403
-0.15625  -0.490569
-0.125  -0.472399
-0.125  -0.468944
0.125  -0.367695
0.15625  -0.558485
-0.0625  -0.349928
0.15625  -0.646618
0.0625  -0.313417
-0.21875  -0.500141
0.03125  -0.423623
-0.28125  -0.463259
-0.125  -0.538889
-0.09375  -0.337641
0  -0.470811
-0.0625  -0.427723
-0.09375  -0.429503
0.0625  -0.545602
0.25  -0.602505
-0.09375  -0.583008
-0.0625  -0.361907
-0.1875  -0.447141
0  -0.395687
0  -0.371426
-0.03125  -0.572565
0.15625  -0.49635
0.25  -0.465709
0.0625  -0.585216
-0.03125  -0.451337
0.15625  -0.641901
0.0625  -0.337793
0.0625  -0.551004
0.21875  -0.555013
0.0625  -0.673018
0.21875  -0.531357
-0.15625  -0.573147
-0.0625  -0.587972
-0.0625  -0.595213
0.0625  -0.451329
-0.125  -0.45639
0.15625  -0.306656
0.1875  -0.55041
-0.09375  -0.530617
-0.125  -0.791401
-0.15625  -0.554981
-0.3125  -0.600094
-0.125  -0.433884
-0.28125  -0.554927
-0.09375  -0.408776
-0.1875  -0.488093
-0.15625  -0.507494
-0.09375  -0.458363
-0.03125  -0.41305
-0.03125  -0.745191
0.0625  -0.440181
0.09375  -0.557572
0.03125  -0.121079
-0.15625  -0.439134
0.03125  -0.687386
-0.09375  -0.43751
0.125  -0.442959
0.15625  -0.46573
-0.03125  -0.438896
0  -0.534218
0.03125  -0.391665
0  -0.425421
0.0625  -0.539782
0.0625  -0.352324
-0.25  -0.632779
0.03125  -0.620908
0.0625  -0.692935
-0.0625  -0.631022
-0.15625  -0.530135
0.03125  -0.528803
0  -0.492005
-0.125  -0.618918
0.0625  -0.525238
0.1875  -0.341474
-0.0625  -0.403358
-0.15625  -0.545398
-0.09375  -0.43022
0  -0.563397
0.03125  -0.483338
0.125  -0.539228
0.0625  -0.395073
0.03125  -0.363653
0  -0.716004
-0.21875  -0.398514
-0.03125  -0.445862
0.0625  -0.739771
0.03125  -0.439148
-0.375  -0.457132
-0.03125  -0.374642
0.03125  -0.488556
-0.25  -0.437456
0.0625  -0.42742
0.125  -0.386038
-0.0625  -0.234955
0.15625  -0.409915
0.15625  -0.657317
0.125  -0.544453
0.15625  -0.458548
-0.125  -0.475151
0.15625  -0.676396
-0.15625  -0.546536
-0.03125  -0.454562
0.15625  -0.240455
0.15625  -0.300797
-0.1875  -0.437282
0.03125  -0.263502
0.09375  -0.373315
0.0625  -0.571362
0.21875  -0.431306
-0.25  -0.457119
0.125  -0.572084
-0.28125  -0.360211
-0.03125  -0.526641
0.15625  -0.438017
-0.15625  -0.495462
0  -0.464421
-0.0625  -0.462756
-0.09375  -0.327462
-0.0625  -0.615133
-0.0625  -0.63056
0  -0.3559
0  -0.559673
-0.1875  -0.505441
-0.125  -0.49713
0  -0.688846
0.125  -0.241662
0.09375  -0.422409
0.125  -0.599072
0.09375  -0.547176
0.1875  -0.322433
-0.09375  -0.343302
-0.125  -0.539625
0  -0.338107
-0.09375  -0.31851
-0.125  -0.314248
0.125  -0.383744
0.1875  -0.611379
0.1875  -0.36459
0.3125  -0.516422
-0.0625  -0.527553
0.1875  -0.607533
-0.09375  -0.450659
0  -0.437629
0  -0.39033
0.0625  -0.308866
0.0625  -0.330591
0  -0.52852
0.0625  -0.549783
-0.0625  -0.426348
-0.03125  -0.350758
0  -0.482907
0  -0.421868
-0.0625  -0.689761
0.0625  -0.261049
-0.15625  -0.408355
0.03125  -0.272229
0  -0.491819
0.125  -0.469252
-0.1875  -0.49409
0.15625  -0.695335
0.03125  -0.312956
-0.09375  -0.343129
0.125  -0.543125
-0.125  -0.436306
-0.0625  -0.570618
-0.09375  -0.40394
0.03125  -0.720128
0.09375  -0.623081
0.125  -0.409024
0.21875  -0.475597
0.03125  -0.363066
0.09375  -0.267184
-0.03125  -0.533195
0.125  -0.352104
0.21875  -0.499384
0.1875  -0.418948
0  -0.50236
-0.21875  -0.343438
0.03125  -0.409899
0.03125  -0.50637
-0.125  -0.589863
-0.25  -0.556541
-0.125  -0.624995
-0.125  -0.652438
-0.09375  -0.369729
-0.1875  -0.728179
0.09375  -0.474466
0.09375  -0.565392
-0.125  -0.473864
0.0625  -0.409038
-0.0625  -0.507904
0.09375  -0.373139
0  -0.527277
-0.1875  -0.212568
0.03125  -0.508069
-0.1875  -0.249826
0.03125  -0.429696
0.09375  -0.705851
0.03125  -0.337168
0.09375  -0.306958
0.1875  -0.572499
0.03125  -0.485122
0.125  -0.431913
0.0625  -0.584102
-0.21875  -0.292257
-0.09375  -0.51518
0.125  -0.457949
-0.15625  -0.518488
-0.0625  -0.473947
-0.09375  -0.722128
-0.09375  -0.555878
-0.1875  -0.339349
-0.0625  -0.500696
-0.09375  -0.272617
-0.03125  -0.506632
-0.125  -0.334456
-0.03125  -0.435307
0.15625  -0.303998
0.15625  -0.573421
-0.0625  -0.306059
-0.5625  -0.52222
0.28125  -0.421648
-0.0625  -0.508027
-0.03125  -0.460481
0.09375  -0.18403
0.0625  -0.424484
0.125  -0.573516
0.03125  -0.367661
-0.21875  -0.419255
0.21875  -0.552388
0.0625  -0.53511
0.03125  -0.464298
-0.0625  -0.360575
-0.0625  -0.570773
0.21875  -0.229307
0.125  -0.61965
0.1875  -0.526302
-0.1875  -0.486592
0  -0.380221
0.1875  -0.370365
0.0625  -0.61823
-0.09375  -0.267161
0  -0.475257
-0.09375  -0.495336
0  -0.522052
0.09375  -0.721222
-0.03125  -0.241826
-0.03125  -0.551899
0.125  -0.405576
-0.125  -0.306761
-0.1875  -0.426217
0.03125  -0.576325
0  -0.567263
-0.34375  -0.563063
-0.03125  -0.485482
-0.15625  -0.386137
0.03125  -0.612438
-0.0625  -0.435338
-0.09375  -0.716501
-0.25  -0.550289
-0.125  -0.493725
0  -0.468165
0.125  -0.418237
-0.125  -0.53301
-0.09375  -0.553763
0.0625  -0.335419
-0.21875  -0.253454
-0.125  -0.479028
-0.125  -0.459362
-0.09375  -0.309781
0.0625  -0.506659
0.0625  -0.618757
-0.0625  -0.344538
0.25  -0.505154
0  -0.378587
-0.03125  -0.556737
-0.0625  -0.518706
-0.1875  -0.437875
0.0625  -0.50276
0.125  -0.488342
-0.03125  -0.731573
0.03125  -0.481074
0.03125  -0.373401
0.0625  -0.727184
0.09375  -0.42827
0.09375  -0.356743
-0.09375  -0.463823
-0.09375  -0.377996
-0.15625  -0.538249
0  -0.503905
0.03125  -0.365663
0.125  -0.450522
-0.125  -0.531616
0.25  -0.335871
-0.03125  -0.471136
-0.1875  -0.601669
-0.0625  -0.654164
0.09375  -0.495575
-0.03125  -0.637835
-0.09375  -0.356403
0.1875  -0.64598
0.03125  -0.233796
-0.0625  -0.303661
-0.125  -0.504302
0.125  -0.664149
0  -0.436276
-0.03125  -0.547223
0.0625  -0.662583
-0.0625  -0.567587
-0.03125  -0.484901
0.0625  -0.472132
0.3125  -0.340071
0.09375  -0.449229
-0.34375  -0.434482
-0.15625  -0.283941
-0.21875  -0.475601
0.0625  -0.488285
0.03125  -0.702981
-0.0625  -0.582536
0.03125  -0.568666
-0.03125  -0.655455
0.0625  -0.351519
0.0625  -0.539684
0.03125  -0.340021
0  -0.464317
0  -0.438082
-0.09375  -0.444167
0  -0.394335
-0.03125  -0.41224
0.09375  -0.525432
-0.0625  -0.31009
0.21875  -0.343227
0.125  -0.505093
-0.3125  -0.648645
0  -0.603669
-0.40625  -0.407819
-0.125  -0.651016
0.34375  -0.32816
0  -0.490051
-0.03125  -0.55952
0.09375  -0.610397
0  -0.600566
0.25  -0.353504
0.09375  -0.527488
0.25  -0.396426
0.0625  -0.390621
0  -0.545296
0.1875  -0.453819
-0.21875  -0.38487
0  -0.531022
0.09375  -0.505345
0.125  -0.440539
0.0625  -0.316386
-0.03125  -0.404469
0  -0.276618
0.03125  -0.5415
-0.1875  -0.502289
0.1875  -0.404569
0.0625  -0.35915
-0.125  -0.528147
-0.09375  -0.377488
0.0625  -0.605934
-0.0625  -0.322687
0.09375  -0.508561
-0.03125  -0.425882
0.09375  -0.479126
0  -0.28004
-0.125  -0.429274
-0.15625  -0.482351
0.25  -0.278328
0.125  -0.5884
0.0625  -0.38359
0.09375  -0.577964
0.03125  -0.325558
0.09375  -0.585791
0  -0.533093
0.0625  -0.420891
-0.09375  -0.469034
-0.28125  -0.588705
-0.09375  -0.417502
-0.21875  -0.433036
0.0625  -0.662927
-0.03125  -0.434431
-0.03125  -0.591609
0.21875  -0.537543
0.0625  -0.536382
0.125  -0.269247
0.03125  -0.495444
-0.28125  -0.373829
-0.0625  -0.48949
-0.1875  -0.652253
0.03125  -0.399056
-0.03125  -0.594991
0.03125  -0.322056
-0.0625  -0.537621
-0.0625  -0.436407
0.0625  -0.428945
0.15625  -0.491
0.1875  -0.547251
0.15625  -0.370829
0.125  -0.446627
0.0625  -0.459458
0  -0.424863
0.09375  -0.374925
0.125  -0.618302
0.125  -0.654213
0  -0.534041
-0.09375  -0.355979
0.21875  -0.549337
-0.21875  -0.158357
-0.125  -0.400901
-0.21875  -0.428641
0.125  -0.359299
0.3125  -0.354398
0.3125  -0.588518
0.0625  -0.292062
0.09375  -0.265977
0.09375  -0.37187
0.0625  -0.409266
0.125  -0.55892
-0.03125  -0.57813
-0.03125  -0.703055
0.09375  -0.520858
0.0625  -0.531859
0.125  -0.379377
-0.28125  -0.498992
0.15625  -0.554207
-0.0625  -0.36369
-0.03125  -0.466313
0.125  -0.510994
0.1875  -0.370988
-0.03125  -0.332339
0  -0.51218
-0.125  -0.299444
-0.125  -0.521685
-0.0625  -0.547891
0.15625  -0.639588
0.21875  -0.332727
-0.21875  -0.500656
0.03125  -0.419661
-0.0625  -0.628672
0  -0.459622
-0.0625  -0.426121
0.1875  -0.536918
0.03125  -0.436143
-0.125  -0.540017
0.15625  -0.399091
-0.0625  -0.398227
0.09375  -0.392316
-0.03125  -0.551376
0  -0.243938
-0.21875  -0.570814
-0.0625  -0.344311
-0.0625  -0.591242
-0.0625  -0.469746
0  -0.384106
0.0625  -0.579614
0  -0.552044
0.0625  -0.571192
0.15625  -0.526066
0.0625  -0.303262
-0.0625  -0.283323
-0.125  -0.502783
0.125  -0.336595
0.0625  -0.485196
-0.0625  -0.293546
-0.125  -0.609185
0  -0.295891
-0.25  -0.623133
-0.40625  -0.509216
0.0625  -0.468928
-0.0625  -0.461836
0  -0.411546
0.21875  -0.46172
0  -0.40867
0  -0.463025
-0.125  -0.534345
0.125  -0.496213
0.125  -0.426452
0.15625  -0.636965
-0.25  -0.569135
0.125  -0.705703
0.0625  -0.594961
-0.28125  -0.468229
-0.125  -0.603804
0.09375  -0.398627
0.21875  -0.435672
0.09375  -0.487873
-0.125  -0.546197
-0.03125  -0.495088
-0.21875  -0.512806
-0.125  -0.315337
0.125  -0.227978
-0.125  -0.500005
-0.125  -0.544782
0  -0.623097
0.21875  -0.545744
-0.09375  -0.360336
-0.09375  -0.414479
0.03125  -0.458331
0.09375  -0.373878
-0.0625  -0.485861
0  -0.291855
0  -0.431157
0.0625  -0.362155
0.03125  -0.602617
0.09375  -0.384898
-0.21875  -0.601737
0.21875  -0.571924
0.25  -0.532292
0.3125  -0.343777
-0.21875  -0.528312
0  -0.553955
0.09375  -0.418651
0.0625  -0.342611
0.09375  -0.563098
0.125  -0.408022
-0.0625  -0.70009
-0.15625  -0.726331
0.0625  -0.614682
0  -0.437927
0  -0.493605
0.125  -0.415347
-0.28125  -0.51808
0.03125  -0.515332
0.03125  -0.455649
-0.09375  -0.287492
0.1875  -0.412968
0.21875  -0.396459
0  -0.565969
-0.0625  -0.447718
0.0625  -0.533788
0.03125  -0.537598
-0.03125  -0.319701
0.125  -0.443915
0.3125  -0.397736
0.09375  -0.502625
-0.1875  -0.683549
0.15625  -0.489445
0  -0.433814
0.0625  -0.247427
0.0625  -0.513106
0  -0.517008
0.0625  -0.605085
-0.0625  -0.552628
0.03125  -0.558577
0.21875  -0.380454
-0.1875  -0.522361
-0.0625  -0.406835
0.15625  -0.469379
-0.125  -0.339334
-0.09375  -0.482658
0  -0.424791
0.03125  -0.640474
0.15625  -0.420408
0.0625  -0.432597
0.125  -0.594862
-0.0625  -0.434678
0.125  -0.447002
-0.0625  -0.423328
-0.03125  -0.580525
-0.0625  -0.20529
-0.0625  -0.390581
-0.125  -0.597633
0  -0.778428
-0.15625  -0.491817
0  -0.564521
0  -0.48765
0.15625  -0.483624
0.1875  -0.601329
-0.0625  -0.626366
-0.125  -0.3527
0.125  -0.489894
-0.03125  -0.561604
-0.03125  -0.630751
0.0625  -0.633049
-0.15625  -0.454374
0.09375  -0.584779
-0.03125  -0.567329
0  -0.624718
0.21875  -0.368823
0  -0.385491
0.1875  -0.577885
0.09375  -0.479357
-0.0625  -0.469265
0  -0.524134
-0.1875  -0.366135
-0.03125  -0.476625
-0.125  -0.358811
0.15625  -0.416527
-0.28125  -0.625889
-0.09375  -0.526254
0.09375  -0.552747
-0.03125  -0.406452
0.375  -0.335634
-0.0625  -0.580764
-0.125  -0.467516
-0.15625  -0.385136
-0.15625  -0.378753
-0.03125  -0.255504
0.25  -0.646911
-0.03125  -0.518334
0.03125  -0.593151
0  -0.524165
0.125  -0.661027
0  -0.439553
-0.3125  -0.590951
0.0625  -0.261388
0.3125  -0.524446
0.15625  -0.516381
-0.0625  -0.371861
0.0625  -0.517431
-0.0625  -0.453013
-0.0625  -0.621799
0.25  -0.51836
0.0625  -0.487414
-0.15625  -0.299669
0  -0.51148
0.21875  -0.485241
-0.03125  -0.422913
-0.1875  -0.545601
0.09375  -0.662339
-0.25  -0.559628
0.21875  -0.700889
0.125  -0.529505
0.1875  -0.461821
-0.125  -0.503452
0.03125  -0.529425
0  -0.481336
0.03125  -0.443257
0.125  -0.631219
-0.1875  -0.411332
0.0625  -0.391985
-0.09375  -0.379659
0.125  -0.335972
0  -0.495023
-0.25  -0.465578
-0.15625  -0.327004
-0.15625  -0.565702
-0.03125  -0.528281
-0.15625  -0.258992
0  -0.403198
0.03125  -0.687295
0.0625  -0.450397
0.03125  -0.479676
0.09375  -0.570205
-0.03125  -0.363991
-0.15625  -0.594962
0.21875  -0.572856
0  -0.550744
0.1875  -0.428347
0  -0.435149
-0.125  -0.317607
0.21875  -0.614088
-0.125  -0.515263
-0.28125  -0.550923
-0.125  -0.365675
-0.125  -0.445913
-0.21875  -0.405208
-0.03125  -0.52243
-0.125  -0.485103
0.0625  -0.542863
0.125  -0.29049
-0.0625  -0.351326
-0.0625  -0.728353
0.0625  -0.642952
-0.1875  -0.448034
0.15625  -0.386335
0.09375  -0.354749
-0.03125  -0.637591
-0.25  -0.561673
0.125  -0.46453
0.21875  -0.426852
0.15625  -0.419829
0.0625  -0.518773
0  -0.484575
0  -0.443693
0  -0.41875
0  -0.490757
-0.09375  -0.635423
0.0625  -0.443596
-0.0625  -0.571698
0.09375  -0.513756
0.09375  -0.445761
-0.34375  -0.431307
-0.28125  -0.4452
-0.09375  -0.372332
0.09375  -0.560502
-0.28125  -0.45518
0.1875  -0.399114
-0.09375  -0.48883
-0.15625  -0.363945
0.1875  -0.411854
-0.1875  -0.610279
-0.0625  -0.477837
0  -0.38307
0.15625  -0.460381
0.0625  -0.546333
0.09375  -0.41871
0  -0.677243
0.125  -0.497861
0.09375  -0.536801
-0.03125  -0.540332
0.3125  -0.628426
-0.03125  -0.405307
0  -0.339537
0  -0.482844
0.1875  -0.599944
-0.09375  -0.512717
-0.0625  -0.510181
0.125  -0.561555
-0.0625  -0.427796
-0.0625  -0.451464
-0.09375  -0.363988
0.15625  -0.530419
-0.0625  -0.29757
-0.25  -0.411075
-0.1875  -0.473437
-0.03125  -0.349467
-0.21875  -0.477315
0.15625  -0.0866212
-0.21875  -0.359661
0.03125  -0.48872
-0.09375  -0.494616
-0.03125  -0.557836
0.21875  -0.524214
0.125  -0.435231
-0.25  -0.357907
-0.15625  -0.509231
0  -0.346938
-0.0625  -0.33965
-0.03125  -0.536209
0.21875  -0.455567
0.15625  -0.454165
0.1875  -0.502431
0  -0.441426
0.09375  -0.530594
0.0625  -0.43966
-0.03125  -0.517059
0.09375  -0.274812
-0.125  -0.359853
0.09375  -0.615001
0.0625  -0.740004
0.0625  -0.588939
0.3125  -0.254542
-0.1875  -0.481169
-0.0625  -0.589002
-0.15625  -0.25647
-0.03125  -0.377828
-0.09375  -0.47985
-0.09375  -0.279851
0.15625  -0.480069
-0.125  -0.440845
0  -0.494694
-0.25  -0.664572
0.0625  -0.214861
-0.09375  -0.41814
0.09375  -0.474181
-0.15625  -0.601337
-0.0625  -0.637068
-0.21875  -0.496069
0.09375  -0.516822
0.1875  -0.545692
0.03125  -0.446747
-0.21875  -0.390482
0.1875  -0.372587
0.0625  -0.614808
0  -0.495262
0.125  -0.56827
0.15625  -0.436652
0.125  -0.264199
0.15625  -0.443389
0.03125  -0.316853
0.15625  -0.330859
0.125  -0.285175
-0.09375  -0.583057
0.03125  -0.473122
0.21875  -0.475402
0  -0.433059
-0.09375  -0.493787
-0.0625  -0.328693
-0.0625  -0.550174
-0.0625  -0.453791
0.03125  -0.633454
0  -0.35629
0.03125  -0.567003
-0.09375  -0.630308
-0.03125  -0.251616
0.0625  -0.682244
-0.15625  -0.411406
0.125  -0.472056
-0.1875  -0.305725
-0.3125  -0.670696
0.03125  -0.349515
0.0625  -0.52292
0.125  -0.355723
0.09375  -0.418751
0.03125  -0.568453
0.1875  -0.167462
-0.09375  -0.486101
-0.0625  -0.579535
-0.4375  -0.424015
-0.09375  -0.490019
-0.0625  -0.317467
0.03125  -0.572581
0.125  -0.550887
-0.0625  -0.356768
0.0625  -0.390085
-0.03125  -0.396877
0.0625  -0.531981
0.0625  -0.368474
0.15625  -0.262419
0  -0.461615
0.03125  -0.351303
0.03125  -0.479532
0.21875  -0.541311
0.0625  -0.535011
-0.15625  -0.542105
0  -0.727021
0.125  -0.637157
0  -0.308168
0.21875  -0.61692
-0.09375  -0.557794
-0.3125  -0.525928
0.09375  -0.534107
0.21875  -0.504233
0.125  -0.38139
0.09375  -0.126011
-0.0625  -0.382401
-0.1875  -0.478747
-0.1875  -0.537776
0.125  -0.428433
-0.15625  -0.416517
0.125  -0.658442
0.09375  -0.129932
0  -0.610383
0.1875  -0.0807321
-0.0625  -0.351991
-0.03125  -0.387161
0.15625  -0.493569
0.125  -0.561923
0.0625  -0.483084
0.03125  -0.567535
-0.3125  -0.63587
-0.21875  -0.481519
0  -0.462132
-0.1875  -0.446643
0.21875  -0.34677
-0.15625  -0.542696
0.03125  -0.498148
0.0625  -0.469983
0.0625  -0.641345
-0.03125  -0.394605
0.125  -0.438302
-0.09375  -0.313928
0.125  -0.68058
-0.125  -0.576203
0.09375  -0.419969
-0.15625  -0.40982
-0.125  -0.564484
-0.1875  -0.609749
-0.125  -0.597038
0  -0.355845
-0.1875  -0.604688
0.09375  -0.391753
-0.03125  -0.355346
-0.0625  -0.515698
-0.28125  -0.468106
0.15625  -0.441339
-0.15625  -0.432131
-0.09375  -0.449633
-0.125  -0.264207
0.15625  -0.615387
0.03125  -0.575584
-0.15625  -0.44479
-0.09375  -0.415454
-0.0625  -0.339916
-0.0625  -0.571235
0.1875  -0.619242
0.0625  -0.670563
0.03125  -0.42086
0  -0.429258
-0.09375  -0.539657
0.09375  -0.475181
-0.0625  -0.504904
-0.15625  -0.488938
-0.09375  -0.5613
0.03125  -0.521895
0  -0.473676
0.03125  -0.328929
-0.25  -0.410973
0.09375  -0.479792
0.28125  -0.294262
-0.09375  -0.403615
0  -0.430596
-0.03125  -0.371109
-0.03125  -0.576193
0.125  -0.555654
0.15625  -0.28756
0  -0.320902
-0.21875  -0.483422
0.0625  -0.365871
-0.15625  -0.689588
-0.0625  -0.595978
0  -0.635237
0.09375  -0.489197
-0.0625  -0.346751
-0.125  -0.45782
0.25  -0.533682
-0.125  -0.727299
0.03125  -0.624186
0.125  -0.605183
-0.1875  -0.213351
0.34375  -0.519687
0.125  -0.660957
0.09375  -0.549522
-0.03125  -0.29313
0.125  -0.446027
-0.25  -0.505933
0  -0.483587
0.0625  -0.642257
-0.0625  -0.455043
0.25  -0.347263
-0.0625  -0.471324
0.125  -0.111678
0.03125  -0.592395
0.1875  -0.536322
-0.0625  -0.472952
0.15625  -0.457921
0.15625  -0.293353
0  -0.387071
-0.125  -0.34338
-0.0625  -0.395166
0.0625  -0.493022
0.125  -0.342374
0.125  -0.556789
-0.15625  -0.531492
0.0625  -0.50719
0.0625  -0.704485
-0.21875  -0.279144
0  -0.552172
0.25  -0.404911
-0.125  -0.581162
-0.09375  -0.569208
0.03125  -0.545799
-0.0625  -0.296842
0.125  -0.355247
-0.15625  -0.374486
-0.03125  -0.508997
0  -0.415617
-0.1875  -0.390732
-0.03125  -0.39209
0  -0.482394
-0.15625  -0.658968
-0.125  -0.504583
-0.25  -0.445746
-0.0625  -0.647142
0  -0.544931
0.25  -0.716537
0  -0.492753
0.125  -0.537804
-0.09375  -0.593842
-0.0625  -0.546265
0.09375  -0.460363
-0.15625  -0.497148
0.03125  -0.4362
0.03125  -0.287539
-0.09375  -0.336897
-0.09375  -0.4717
0.125  -0.483006
-0.1875  -0.365821
0.09375  -0.447838
-0.09375  -0.314288
0.25  -0.296479
0  -0.485251
0  -0.376397
-0.21875  -0.445166
-0.1875  -0.499372
0  -0.378044
0.21875  -0.432711
-0.09375  -0.503593
0.03125  -0.490274
-0.0625  -0.512514
0.25  -0.526667
0  -0.412168
-0.15625  -0.552189
0.03125  -0.438542
0.21875  -0.205873
-0.0625  -0.431557
-0.125  -0.59289
0.125  -0.420171
0.21875  -0.517317
0.09375  -0.312978
0.15625  -0.436415
-0.03125  -0.414032
-0.21875  -0.408016
0.21875  -0.636575
0.1875  -0.350738
-0.125  -0.482728
0.03125  -0.559569
0.125  -0.503556
0  -0.619244
0.125  -0.670187
0  -0.505354
0.21875  -0.461173
-0.1875  -0.562582
0.03125  -0.494732
-0.0625  -0.399394
0.0625  -0.360292
0  -0.56676
-0.0625  -0.263753
-0.1875  -0.539901
0.25  -0.353383
-0.09375  -0.484324
0.09375  -0.572011
-0.03125  -0.693764
0.21875  -0.600899
-0.28125  -0.416319
0.09375  -0.500173
-0.0625  -0.496037
-0.28125  -0.417961
0.03125  -0.32657
0.09375  -0.259219
0.0625  -0.39766
0.125  -0.576933
-0.15625  -0.40067
-0.09375  -0.374244
-0.03125  -0.397534
-0.03125  -0.468285
0.09375  -0.686044
0.0625  -0.205151
-0.15625  -0.499546
-0.0625  -0.361473
-0.09375  -0.432897
-0.0625  -0.416813
-0.125  -0.584622
0.125  -0.519952
0  -0.508082
-0.03125  -0.495391
-0.1875  -0.493812
-0.03125  -0.659556
-0.1875  -0.409916
0.03125  -0.531516
0.1875  -0.312831
-0.0625  -0.605496
-0.125  -0.31425
-0.15625  -0.538816
-0.09375  -0.573671
0.0625  -0.585894
0  -0.38829
-0.0625  -0.514904
-0.0625  -0.528045
0.21875  -0.635575
0  -0.258026
-0.21875  -0.441787
-0.125  -0.129421
0.03125  -0.368211
0  -0.522207
0.0625  -0.583964
0.1875  -0.35668
0.0625  -0.572338
0.1875  -0.691892
0.1875  -0.266501
-0.125  -0.485113
0.15625  -0.473581
0.03125  -0.233292
0.15625  -0.54589
0.15625  -0.545532
-0.125  -0.510771
-0.21875  -0.335721
0.125  -0.311984
0.03125  -0.706085
0.09375  -0.688466
-0.1875  -0.486683
0  -0.560907
-0.15625  -0.3767
0.0625  -0.410738
0.09375  -0.525624
0.03125  -0.540337
-0.125  -0.445276
-0.125  -0.388441
-0.03125  -0.491847
0.15625  -0.519811
-0.0625  -0.430675
-0.0625  -0.412195
-0.03125  -0.583942
-0.03125  -0.576423
-0.09375  -0.502436
0.09375  -0.4638
0.40625  -0.779504
0.09375  -0.455184
0.03125  -0.604555
0.03125  -0.592838
0.0625  -0.288112
0.1875  -0.303245
-0.25  -0.580486
0.03125  -0.478394
0.09375  -0.547716
-0.03125  -0.493723
0  -0.650966
0.0625  -0.509903
0.0625  -0.391903
-0.125  -0.28356
0.15625  -0.469933
0.15625  -0.549634
0.03125  -0.294811
-0.125  -0.265497
-0.03125  -0.561682
0.125  -0.422771
0  -0.322972
-0.15625  -0.553053
0  -0.53653
0.03125  -0.303984
0.1875  -0.651436
-0.0625  -0.36945
-0.0625  -0.28243
-0.15625  -0.360825
-0.09375  -0.346493
-0.03125  -0.451916
-0.125  -0.315315
-0.125  -0.56391
-0.1875  -0.230511
0.09375  -0.508569
-0.125  -0.564561
0.21875  -0.525827
-0.09375  -0.64135
-0.09375  -0.478447
-0.03125  -0.200862
-0.1875  -0.481643
-0.1875  -0.460395
-0.125  -0.736356
0.03125  -0.627249
0.125  -0.5188
-0.1875  -0.32413
-0.03125  -0.397784
-0.09375  -0.370898
0.03125  -0.548192
0  -0.637443
-0.15625  -0.321177
0.09375  -0.487762
-0.28125  -0.694378
-0.21875  -0.404354
-0.0625  -0.554167
0.125  -0.51986
-0.21875  -0.484456
-0.15625  -0.367791
-0.03125  -0.550874
0  -0.646338
-0.25  -0.509922
0.03125  -0.555176
-0.09375  -0.363652
-0.0625  -0.509281
0.03125  -0.566244
-0.125  -0.482977
0.03125  -0.474221
0.0625  -0.498098
-0.03125  -0.553422
0  -0.521475
0.0625  -0.424751
-0.03125  -0.502901
0.15625  -0.415204
-0.03125  -0.447303
0.03125  -0.426226
-0.09375  -0.387723
-0.03125  -0.372968
0.1875  -0.425262
0.1875  -0.616393
0.0625  -0.512281
-0.03125  -0.366324
-0.09375  -0.66311
-0.28125  -0.322423
-0.03125  -0.54313
0.15625  -0.588619
-0.125  -0.392315
0.09375  -0.503338
0.03125  -0.293321
-0.125  -0.608905
0  -0.535824
0.03125  -0.55807
-0.0625  -0.456677
-0.125  -0.420026
0.0625  -0.61975
0.03125  -0.4078
0.03125  -0.107286
0  -0.517652
-0.1875  -0.369633
0  -0.403787
-0.28125  -0.671567
0.0625  -0.381277
-0.03125  -0.450716
-0.09375  -0.440893
-0.125  -0.723106
-0.0625  -0.466934
0.15625  -0.605096
-0.0625  -0.485739
0  -0.39516
0  -0.447091
0.0625  -0.353272
0.15625  -0.356517
-0.125  -0.595252
0  -0.465149
0.15625  -0.2239
-0.15625  -0.573955
0.25  -0.356445
-0.15625  -0.473041
0.25  -0.446434
-0.03125  -0.313161
0.1875  -0.548061
-0.34375  -0.614708
0  -0.649315
-0.25  -0.451698
0  -0.396529
-0.09375  -0.400538
0.125  -0.292206
-0.03125  -0.443811
0.15625  -0.517814
-0.03125  -0.352323
0.0625  -0.350256
-0.125  -0.220193
0.15625  -0.538267
-0.25  -0.605083
-0.0625  -0.579375
-0.25  -0.553901
-0.03125  -0.440543
0.03125  -0.529723
-0.3125  -0.431356
-0.1875  -0.534887
0.09375  -0.385011
0.03125  -0.426845
0.15625  -0.5855
0  -0.32922
0.09375  -0.53365
0.0625  -0.591298
-0.0625  -0.438991
0.0625  -0.396477
-0.03125  -0.470812
0.1875  -0.442392
-0.03125  -0.460247
-0.03125  -0.488713
0.0625  -0.385315
0.0625  -0.528145
0.125  -0.645789
-0.03125  -0.638558
0.0625  -0.489831
-0.25  -0.533321
-0.125  -0.535406
-0.0625  -0.472202
0  -0.435925
0.1875  -0.599267
-0.0625  -0.436137
-0.0625  -0.486492
0.09375  -0.547177
0  -0.333797
0.125  -0.346784
0.09375  -0.544157
0.125  -0.607162
-0.03125  -0.404891
-0.03125  -0.532419
0.125  -0.462504
0.21875  -0.117607
-0.0625  -0.647021
-0.03125  -0.517314
0  -0.412112
0.0625  -0.421968
-0.03125  -0.634074
-0.15625  -0.392426
0.03125  -0.44733
0.15625  -0.625395
0  -0.401193
0.03125  -0.638861
-0.03125  -0.375732
-0.03125  -0.474606
0.1875  -0.387345
-0.125  -0.421329
0.15625  -0.563243
-0.03125  -0.443642
0.03125  -0.265463
-0.0625  -0.397234
-0.125  -0.423772
-0.15625  -0.508119
-0.09375  -0.398746
0.1875  -0.348324
0.125  -0.511181
-0.09375  -0.434162
-0.0625  -0.414948
-0.15625  -0.393996
-0.09375  -0.702343
-0.1875  -0.504878
0.34375  -0.379886
0.28125  -0.458872
-0.21875  -0.547688
0  -0.44376
-0.09375  -0.428899
-0.0625  -0.467677
0.125  -0.499832
0.0625  -0.547232
-0.09375  -0.490844
0.1875  -0.654403
-0.125  -0.59181
0.1875  -0.54604
0.125  -0.394244
0.09375  -0.477507
0.0625  -0.544683
-0.1875  -0.389092
0  -0.396277
-0.25  -0.474263
0  -0.625418
0  -0.557279
-0.03125  -0.652153
-0.0625  -0.425791
0.21875  -0.652167
-0.03125  -0.451504
0.0625  -0.305527
-0.21875  -0.533824
0.09375  -0.382705
0.09375  -0.755959
-0.09375  -0.520999
-0.09375  -0.429983
0.25  -0.446194
-0.375  -0.616333
-0.0625  -0.536594
0  -0.524947
-0.15625  -0.564514
0  -0.481592
0.0625  -0.51439
0.09375  -0.464906
0.15625  -0.364528
0.03125  -0.300198
-0.28125  -0.522052
0.03125  -0.431037
0.125  -0.495101
0.1875  -0.759766
0.03125  -0.455491
-0.09375  -0.347581
-0.03125  -0.432284
0.03125  -0.63648
0.0625  -0.322992
-0.125  -0.445831
0.03125  -0.445509
0.03125  -0.447892
-0.15625  -0.239956
0.09375  -0.439016
-0.125  -0.676287
-0.28125  -0.340565
-0.09375  -0.203833
-0.09375  -0.476205
-0.1875  -0.512369
0.03125  -0.448568
-0.09375  -0.640849
-0.09375  -0.463852
-0.09375  -0.678252
-0.09375  -0.597987
0.15625  -0.537962
0.0625  -0.379122
0.0625  -0.5563
0.03125  -0.464131
0.09375  -0.6988
0  -0.356261
-0.03125  -0.611431
0.03125  -0.603468
0.15625  -0.461972
0.09375  -0.542472
0.3125  -0.470487
0.09375  -0.378329
-0.09375  -0.457079
0.125  -0.185996
-0.0625  -0.710593
-0.25  -0.368333
0  -0.529181
-0.0625  -0.349989
-0.15625  -0.373666
-0.0625  -0.499879
0  -0.607071
0.03125  -0.687958
-0.03125  -0.47204
-0.03125  -0.500478
0  -0.139893
0.09375  -0.268482
0.0625  -0.376452
-0.125  -0.548823
-0.125  -0.665463
0.15625  -0.415091
0  -0.434018
0.03125  -0.48049
0.15625  -0.321527
-0.0625  -0.360185
0.21875  -0.422696
0.03125  -0.376043
-0.03125  -0.625012
-0.25  -0.576413
0.0625  -0.581953
0.09375  -0.503156
0.09375  -0.559876
-0.0625  -0.571264
0.03125  -0.440982
0.03125  -0.432529
-0.15625  -0.354494
0.15625  -0.375975
-0.09375  -0.478923
-0.09375  -0.479731
-0.0625  -0.410853
0.125  -0.434023
-0.03125  -0.539555
0.09375  -0.572902
-0.0625  -0.554228
0.03125  -0.430867
-0.25  -0.550897
0.25  -0.531208
0  -0.463411
-0.03125  -0.481358
0  -0.63236
-0.125  -0.555528
0.09375  -0.535264
-0.15625  -0.422088
-0.21875  -0.541171
0.1875  -0.56347
0.03125  -0.508211
0.09375  -0.593708
-0.03125  -0.436909
0  -0.525076
0.03125  -0.352152
0.09375  -0.287418
0.03125  -0.613598
0.0625  -0.223918
0.03125  -0.31615
-0.25  -0.510939
-0.0625  -0.525624
0.0625  -0.433758
0  -0.542138
-0.125  -0.34124
0.125  -0.372402
0  -0.473933
-0.375  -0.420077
-0.09375  -0.62858
-0.15625  -0.50255
0.09375  -0.609386
-0.03125  -0.528912
-0.03125  -0.354646
-0.03125  -0.586559
0.03125  -0.626196
0.21875  -0.48617
-0.0625  -0.101352
0.03125  -0.570789
0.1875  -0.515241
-0.0625  -0.45311
-0.03125  -0.445765
-0.15625  -0.381018
0  -0.412697
-0.09375  -0.241372
-0.0625  -0.418161
-0.0625  -0.516823
-0.0625  -0.366945
0.03125  -0.566353
0.0625  -0.39733
0.03125  -0.482466
0  -0.400158
-0.09375  -0.356174
0.09375  -0.556508
-0.03125  -0.304952
-0.0625  -0.435679
-0.125  -0.337523
0.15625  -0.470263
0.09375  -0.412784
-0.03125  -0.342762
-0.15625  -0.543439
-0.1875  -0.583862
0.03125  -0.439863
-0.125  -0.242801
-0.25  -0.46329
0.09375  -0.47475
-0.1875  -0.514858
-0.125  -0.377824
0.0625  -0.689616
-0.09375  -0.478037
0.03125  -0.785274
-0.03125  -0.326678
-0.09375  -0.602277
-0.09375  -0.31599
0  -0.514962
-0.0625  -0.410064
-0.125  -0.612812
-0.15625  -0.450878
0  -0.643082
0.28125  -0.239468
-0.0625  -0.31854
-0.03125  -0.60384
-0.125  -0.572003
0.09375  -0.336922
0.15625  -0.573532
0.09375  -0.524032
0  -0.532663
-0.15625  -0.349801
-0.0625  -0.474903
0.03125  -0.306781
0.21875  -0.363589
0.15625  -0.352978
0.125  -0.570521
0  -0.480799
-0.3125  -0.494319
-0.03125  -0.369901
0.03125  -0.394638
0.0625  -0.619559
0.0625  -0.56745
0  -0.625453
0.09375  -0.438003
0.15625  -0.248715
0.0625  -0.39823
0.15625  -0.363436
-0.03125  -0.559434
0.0625  -0.584595
0  -0.285516
0.09375  -0.489599
-0.03125  -0.612255
-0.0625  -0.504461
0.03125  -0.361104
-0.15625  -0.343466
0.25  -0.544324
0.0625  -0.120132
0.21875  -0.477162
0.03125  -0.412796
-0.03125  -0.554215
0.125  -0.602353
0.3125  -0.522166
0.03125  -0.410846
0.21875  -0.451504
-0.09375  -0.602258
0  -0.551365
-0.03125  -0.636522
-0.125  -0.600451
0.03125  -0.536994
-0.09375  -0.404133
-0.125  -0.363278
0.03125  -0.407194
0.03125  -0.775787
-0.21875  -0.464266
0  -0.594814
-0.125  -0.361823
0.15625  -0.604572
-0.03125  -0.357932
0.125  -0.312412
0  -0.36766
-0.03125  -0.536133
-0.03125  -0.405769
-0.25  -0.438032
-0.09375  -0.253869
0.125  -0.71269
0.03125  -0.401261
0  -0.620011
0.0625  -0.321257
0.1875  -0.476276
-0.03125  -0.572296
0.0625  -0.503106
-0.09375  -0.32204
-0.0625  -0.584059
-0.0625  -0.677817
-0.03125  -0.561257
0.09375  -0.464087
-0.03125  -0.450662
-0.09375  -0.626803
0.0625  -0.401311
-0.15625  -0.453606
0.0625  -0.43046
0.375  -0.530217
-0.125  -0.662418
0.1875  -0.404354
0.0625  -0.366777
-0.0625  -0.453361
-0.03125  -0.647157
-0.03125  -0.600556
0  -0.308529
0.09375  -0.415026
0.09375  -0.62977
-0.1875  -0.672946
0  -0.32689
0.125  -0.293993
0.1875  -0.644346
0.09375  -0.578963
-0.09375  -0.35976
-0.03125  -0.530948
0.1875  -0.550115
-0.09375  -0.356379
-0.15625  -0.466188
0.09375  -0.382028
-0.09375  -0.370082
0.0625  -0.573606
0.0625  -0.401907
-0.28125  -0.469256
-0.125  -0.551078
0.125  -0.384826
-0.0625  -0.648688
0.0625  -0.446073
0.09375  -0.502976
0.03125  -0.662967
0.03125  -0.389315
0.09375  -0.65091
-0.03125  -0.374821
0.0625  -0.452604
-0.15625  -0.458909
0.03125  -0.612939
-0.09375  -0.229328
0.125  -0.285151
0.09375  -0.460986
0.09375  -0.527468
-0.0625  -0.443939
0.25  -0.454531
0.0625  -0.511682
-0.09375  -0.316652
0  -0.479436
0.09375  -0.394186
0.09375  -0.23271
-0.3125  -0.299272
0.09375  -0.204622
-0.03125  -0.531556
0.0625  -0.477135
-0.125  -0.453469
-0.125  -0.590773
0.03125  -0.477143
-0.03125  -0.431668
0  -0.344707
0.09375  -0.236444
0  -0.754504
0.0625  -0.539996
0  -0.398734
0.21875  -0.505161
0.09375  -0.497893
0  -0.597751
-0.15625  -0.40051
0.1875  -0.442264
0  -0.327978
-0.25  -0.502216
-0.03125  -0.802727
0.09375  -0.670097
-0.15625  -0.242911
0.125  -0.497505
-0.15625  -0.378196
0.125  -0.377334
0.0625  -0.569325
-0.1875  -0.488311
0.0625  -0.515405
0.03125  -0.50905
-0.03125  -0.509584
-0.03125  -0.495036
0  -0.450499
-0.03125  -0.260639
-0.0625  -0.454923
-0.03125  -0.681977
0.09375  -0.396544
-0.09375  -0.51597
-0.0625  -0.630257
-0.0625  0.0167906
-0.0625  -0.464314
0  -0.56288
-0.125  -0.604546
-0.15625  -0.494514
-0.09375  -0.503658
-0.0625  -0.465563
-0.0625  -0.449621
0  -0.307285
0.03125  -0.509171
0  -0.664285
-0.1875  -0.61442
-0.03125  -0.4225
-0.03125  -0.525716
0.09375  -0.368231
0.125  -0.562834
-0.09375  -0.536524
-0.03125  -0.609742
0.25  -0.630203
-0.1875  -0.413566
0  -0.480959
0.0625  -0.373328
0  -0.346802
-0.0625  -0.415355
0  -0.509785
-0.03125  -0.271744
0.46875  -0.589656
-0.09375  -0.617736
0.09375  -0.645984
0.09375  -0.449705
-0.03125  -0.34594
0.0625  -0.272895
-0.25  -0.400292
0.03125  -0.692315
-0.03125  -0.49248
0.15625  -0.473316
0  -0.380339
-0.25  -0.572726
0.15625  -0.475891
-0.21875  -0.738565
0.25  -0.68158
0  -0.426331
0.21875  -0.623742
0  -0.459545
-0.03125  -0.38961
-0.15625  -0.513502
-0.09375  -0.578863
0.15625  -0.568513
0.03125  -0.521741
0.09375  -0.57631
-0.25  -0.382324
0.1875  -0.474825
-0.0625  -0.460619
0  -0.305878
0.03125  -0.678261
0.125  -0.241446
-0.15625  -0.639936
0  -0.578743
-0.09375  -0.674117
0.1875  -0.682897
-0.0625  -0.327627
-0.03125  -0.456409
0.03125  -0.267948
-0.15625  -0.390006
0.25  -0.426935
-0.03125  -0.617287
0.0625  -0.556551
0.03125  -0.606604
0.09375  -0.472782
0  -0.416708
0.03125  -0.404085
-0.15625  -0.365213
-0.0625  -0.588363
0  -0.391067
0.125  -0.234466
-0.125  -0.52326
-0.09375  -0.420955
0.0625  -0.573289
0.25  -0.427978
-0.21875  -0.476034
-0.0625  -0.577992
0.0625  -0.80832
0.125  -0.558242
0.03125  -0.543664
0.03125  -0.451937
-0.15625  -0.477209
0.0625  -0.610131
-0.125  -0.556347
0.125  -0.492705
-0.125  -0.527494
0  -0.28792
0.03125  -0.389551
0.0625  -0.63866
-0.125  -0.405745
0.125  -0.547995
-0.03125  -0.521281
0  -0.583191
0.09375  -0.728921
0.09375  -0.635387
-0.1875  -0.479711
-0.03125  -0.41595
0.0625  -0.470483
0.0625  -0.456734
0  -0.65951
0.0625  -0.314742
0.21875  -0.63209
0  -0.505066
-0.15625  -0.356975
0.03125  -0.351393
-0.0625  -0.503634
0.0625  -0.514001
-0.03125  -0.47424
-0.0625  -0.531627
-0.15625  -0.331856
-0.03125  -0.639736
-0.21875  -0.453977
-0.15625  -0.313071
0.03125  -0.527654
0.0625  -0.470429
0.0625  -0.332119
0.09375  -0.600654
0.03125  -0.359052
0.03125  -0.326715
0  -0.586216
0.03125  -0.529725
0  -0.507517
0.0625  -0.639714
0.125  -0.477522
0.375  -0.545712
0.125  -0.603578
0  -0.495336
0  -0.615177
0.0625  -0.532446
-0.0625  -0.538673
-0.0625  -0.621367
-0.09375  -0.76261
0.09375  -0.311521
-0.125  -0.330678
-0.15625  -0.413559
0.0625  -0.358194
0  -0.417669
0.03125  -0.51723
-0.125  -0.330285
-0.0625  -0.377839
0.09375  -0.413895
0  -0.4936
0.03125  -0.642491
-0.0625  -0.585721
0  -0.280495
-0.0625  -0.312337
0.09375  -0.600474
-0.125  -0.45719
0.09375  -0.446466
-0.25  -0.339251
-0.1875  -0.454816
-0.03125  -0.33255
0.1875  -0.547793
0.03125  -0.496957
0.15625  -0.469107
0.21875  -0.388693
-0.0625  -0.366691
0.21875  -0.325699
0.1875  -0.426592
-0.3125  -0.594055
-0.1875  -0.427637
0.15625  -0.229518
-0.15625  -0.279446
0  -0.271455
0.28125  -0.379867
-0.0625  -0.467788
0.03125  -0.571505
0.28125  -0.495397
0.0625  -0.311593
0.0625  -0.573644
0.03125  -0.544452
-0.0625  -0.29548
0.03125  -0.319453
-0.15625  -0.378052
0.0625  -0.652407
0  -0.350447
0.125  -0.525717
0.0625  -0.536463
0.1875  -0.42146
0.15625  -0.49032
0.03125  -0.535633
0.03125  -0.508646
-0.03125  -0.346738
0.03125  -0.336087
0.125  -0.495975
0.03125  -0.360703
0.15625  -0.390503
0.0625  -0.482049
-0.09375  -0.445936
-0.28125  -0.231346
-0.125  -0.540687
0.15625  -0.590827
0.09375  -0.494699
-0.03125  -0.520785
-0.09375  -0.344993
-0.09375  -0.542793
-0.03125  -0.275918
-0.21875  -0.529141
-0.0625  -0.359921
-0.1875  -0.360472
-0.03125  -0.676531
0.15625  -0.39459
-0.125  -0.485467
0.21875  -0.532673
0.03125  -0.34294
0.21875  -0.529268
-0.03125  -0.399159
-0.1875  -0.298583
0.15625  -0.450799
0.03125  -0.553347
0.34375  -0.363299
-0.03125  -0.690233
-0.21875  -0.676099
0.09375  -0.568798
0.03125  -0.532073
-0.15625  -0.671842
-0.15625  -0.714837
0  -0.583264
0.09375  -0.416349
0.28125  -0.527485
-0.21875  -0.583227
0.03125  -0.448936
0.09375  -0.493991
0.09375  -0.441573
0  -0.517249
-0.1875  -0.628608
0.03125  -0.52542
0.1875  -0.485752
-0.03125  -0.425264
-0.03125  -0.432844
0.21875  -0.561272
0.21875  -0.445487
-0.09375  -0.628759
0.125  -0.353805
-0.0625  -0.535658
-0.03125  -0.345666
-0.28125  -0.41391
-0.125  -0.377277
-0.15625  -0.574811
-0.0625  -0.649754
0.3125  -0.294364
0.03125  -0.487148
0.125  -0.625798
-0.0625  -0.460843
-0.15625  -0.50522
0.15625  -0.468417
0.15625  -0.540569
0  -0.409821
0.03125  -0.552709
-0.21875  -0.671143
0.21875  -0.515109
-0.09375  -0.412356
0  -0.538817
-0.15625  -0.473903
-0.09375  -0.558367
0.1875  -0.711547
0.25  -0.490303
0.03125  -0.45422
-0.03125  -0.490967
-0.03125  -0.686054
0.0625  -0.308315
-0.0625  -0.637018
0.1875  -0.468941
0.09375  -0.44834
0.03125  -0.313599
-0.03125  -0.347183
-0.0625  -0.546824
0  -0.323802
0.09375  -0.512983
-0.09375  -0.540299
0.03125  -0.55485
-0.125  -0.377
0.03125  -0.568129
-0.15625  -0.300099
-0.03125  -0.419847
0.0625  -0.52561
-0.125  -0.614564
0.15625  -0.162597
-0.03125  -0.521931
-0.125  -0.457262
-0.125  -0.609862
-0.0625  -0.50102
0.1875  -0.476511
0  -0.561381
-0.15625  -0.663442
-0.0625  -0.368021
-0.03125  -0.519717
0.28125  -0.608834
-0.03125  -0.43747
-0.28125  -0.46035
-0.21875  -0.402975
0  -0.599734
0  -0.526013
0.125  -0.624312
0.03125  -0.315018
-0.28125  -0.621243
0  -0.337009
0.03125  -0.490735
-0.15625  -0.519821
0.21875  -0.40392
0.03125  -0.504566
0.1875  -0.397246
-0.1875  -0.364605
0.15625  -0.292727
-0.15625  -0.495206
-0.25  -0.1546
0.03125  -0.635608
-0.03125  -0.574356
-0.09375  -0.572373
-0.3125  -0.648834
-0.125  -0.633684
-0.125  -0.579533
-0.0625  -0.54713
0.125  -0.476755
0.03125  -0.483253
0  -0.413471
0.21875  -0.374117
0.09375  -0.353575
0.15625  -0.518241
-0.03125  -0.677219
0.09375  -0.493941
-0.0625  -0.490736
-0.03125  -0.549315
-0.125  -0.446689
0.03125  -0.392979
-0.03125  -0.533275
0.0625  -0.493517
0.09375  -0.348615
-0.09375  -0.635519
-0.03125  -0.404555
-0.15625  -0.486213
-0.03125  -0.462881
0.0625  -0.637608
0.15625  -0.298816
-0.09375  -0.562855
0.15625  -0.27047
0.03125  -0.440722
0  -0.435371
-0.1875  -0.676787
0.25  -0.568581
0.0625  -0.431259
-0.1875  -0.518277
-0.21875  -0.440526
-0.15625  -0.582391
-0.15625  -0.451961
-0.125  -0.633433
0.09375  -0.5211
-0.09375  -0.496285
-0.1875  -0.531332
0.125  -0.563094
0.21875  -0.491489
0.03125  -0.639169
0  -0.501031
0.09375  -0.651418
-0.03125  -0.419594
-0.0625  -0.509527
0  -0.658191
-0.09375  -0.545525
0.1875  -0.573328
-0.0625  -0.503887
0.15625  -0.493071
0.09375  -0.606864
-0.0625  -0.681757
0.1875  -0.519575
0.125  -0.554308
0.15625  -0.368237
0.15625  -0.523363
0.03125  -0.59416
-0.15625  -0.611105
0.125  -0.403178
0.03125  -0.407309
0.09375  -0.494794
0.03125  -0.482491
0.21875  -0.555818
0.0625  -0.685944
0.125  -0.323284
-0.0625  -0.503639
0.21875  -0.527526
-0.09375  -0.736813
0.25  -0.460047
-0.09375  -0.669399
0.03125  -0.468287
0.03125  -0.355943
-0.1875  -0.662492
0.03125  -0.600079
-0.125  -0.469026
-0.09375  -0.373664
-0.15625  -0.601559
-0.0625  -0.39886
0.125  -0.454294
0.03125  -0.448342
-0.03125  -0.505771
0.03125  -0.533815
-0.125  -0.621294
0.03125  -0.321458
-0.125  -0.352808
-0.15625  -0.53807
-0.0625  -0.389116
0.125  -0.537848
0.03125  -0.289035
-0.15625  -0.398588
-0.09375  -0.453053
0  -0.491041
0.03125  -0.512499
0.25  -0.481674
-0.1875  -0.524738
0  -0.47164
-0.09375  -0.529565
0.15625  -0.404783
0.09375  -0.551992
0.25  -0.502301
-0.15625  -0.516706
-0.15625  -0.482409
0  -0.553537
0.0625  -0.727898
0  -0.320746
-0.1875  -0.557768
0.03125  -0.506205
0.1875  -0.434282
0  -0.37225
0.15625  -0.570298
-0.09375  -0.549921
0.09375  -0.349576
0.09375  -0.386619
0.09375  -0.499125
0.09375  -0.628725
0  -0.4753
0.09375  -0.544357
0.125  -0.3875
0.125  -0.457625
-0.15625  -0.703892
0.125  -0.427937
0.0625  -0.447249
0  -0.633839
-0.15625  -0.472514
0.125  -0.41817
0.03125  -0.464645
-0.0625  -0.548662
0.1875  -0.574912
0.15625  -0.33979
0.09375  -0.443015
0.09375  -0.405934
-0.0625  -0.432753
-0.125  -0.406546
-0.125  -0.447351
-0.09375  -0.354944
-0.03125  -0.508117
-0.125  -0.68389
-0.0625  -0.579631
-0.25  -0.492288
0  -0.188475
0.03125  -0.626732
0.0625  -0.487464
0.09375  -0.473508
0.09375  -0.31468
-0.03125  -0.332068
0.125  -0.431037
-0.0625  -0.412158
0.09375  -0.455162
-0.28125  -0.476366
-0.03125  -0.431345
-0.0625  -0.521097
-0.09375  -0.648951
0.125  -0.516136
-0.25  -0.541069
0.25  -0.401249
0.03125  -0.602533
0  -0.56621
0.0625  -0.484615
0.21875  -0.44103
0.0625  -0.276685
0  -0.4812
-0.21875  -0.572549
0.0625  -0.65862
-0.15625  -0.469932
-0.40625  -0.527894
0.09375  -0.553711
0.125  -0.521465
0.09375  -0.405403
0.03125  -0.598089
-0.125  -0.433085
0.0625  -0.583061
0.0625  -0.411514
-0.1875  -0.578995
0.0625  -0.485135
-0.25  -0.49733
0.15625  -0.491728
0  -0.536044
0.125  -0.601984
0  -0.190802
-0.125  -0.519024
-0.03125  -0.506359
-0.3125  -0.614072
0  -0.412857
-0.125  -0.535946
0.09375  -0.25689
-0.0625  -0.556658
-0.125  -0.53925
0.09375  -0.551218
-0.09375  -0.522949
0.1875  -0.433635
0.0625  -0.50461
0.03125  -0.727042
0  -0.450188
-0.03125  -0.33522
0.0625  -0.568467
0  -0.508165
0.0625  -0.551747
0.09375  -0.588066
0.09375  -0.283966
0.125  -0.337156
-0.03125  -0.644248
-0.125  -0.623573
0.3125  -0.436807
0.03125  -0.668869
-0.1875  -0.191937
-0.09375  -0.588435
-0.03125  -0.373473
0.0625  -0.487535
0.1875  -0.563394
0.25  -0.484912
0.0625  -0.333003
-0.03125  -0.554526
0.0625  -0.51781
0.0625  -0.342489
0.03125  -0.51298
0.09375  -0.530752
-0.03125  -0.481627
0  -0.478647
-0.03125  -0.509162
0.125  -0.617555
0.125  -0.589138
-0.09375  -0.665681
-0.09375  -0.460753
0  -0.380968
0.09375  -0.492976
-0.125  -0.646055
0  -0.51452
0.125  -0.330839
-0.0625  -0.404436
-0.25  -0.728642
0  -0.415843
0  -0.450871
0  -0.549266
-0.15625  -0.390691
0.0625  -0.57179
0.25  -0.435367
-0.0625  -0.267934
0.03125  -0.302914
0.09375  -0.242136
0.34375  -0.410785
0.09375  -0.557907
0.125  -0.43039
0.09375  -0.441549
0.125  -0.398308
-0.125  -0.545675
-0.0625  -0.661735
0.28125  -0.593973
0.03125  -0.628844
0.15625  -0.49876
0.15625  -0.423148
0.0625  -0.583417
0.09375  -0.614852
-0.125  -0.616833
-0.09375  -0.248234
0.03125  -0.370654
-0.09375  -0.572208
0.03125  -0.507031
0.15625  -0.543618
-0.125  -0.424192
-0.03125  -0.625921
-0.0625  -0.515941
-0.09375  -0.502735
-0.1875  -0.483523
0.15625  -0.347423
0  -0.414507
-0.0625  -0.491908
-0.1875  -0.317456
0.15625  -0.445233
0.1875  -0.458692
0  -0.428508
-0.15625  -0.530731
-0.25  -0.55429
-0.0625  -0.372529
-0.0625  -0.33783
-0.03125  -0.444109
0.0625  -0.545359
-0.0625  -0.703346
-0.03125  -0.530185
-0.0625  -0.443991
0.09375  -0.353285
0.0625  -0.630372
-0.125  -0.342721
0.03125  -0.232458
0.21875  -0.662483
0.03125  -0.609749
0.0625  -0.543271
-0.1875  -0.323403
-0.15625  -0.458265
-0.0625  -0.525741
0.09375  -0.443072
0.0625  -0.315222
0.0625  -0.654013
0.09375  -0.513031
-0.03125  -0.66992
-0.0625  -0.246713
0.09375  -0.381979
0.15625  -0.481126
-0.03125  -0.405599
-0.125  -0.414899
-0.09375  -0.456817
-0.15625  -0.537581
0.09375  -0.501751
0.21875  -0.432487
-0.0625  -0.41594
0  -0.543419
0.125  -0.350131
0.0625  -0.371902
0.1875  -0.443955
0.03125  -0.458954
0.125  -0.457112
0.03125  -0.293147
0.125  -0.515577
0.21875  -0.386848
-0.03125  -0.398603
-0.0625  -0.483318
0.09375  -0.489856
-0.15625  -0.471481
-0.09375  -0.462337
0  -0.190081
-0.03125  -0.307045
0.03125  -0.511534
-0.125  -0.418706
-0.09375  -0.181741
-0.03125  -0.362627
0.125  -0.43521
0  -0.358563
0  -0.59424
0.09375  -0.553067
0.03125  -0.407043
0.09375  -0.446729
-0.0625  -0.605521
0.0625  -0.475019
-0.03125  -0.517137
0  -0.65337
0  -0.552182
0.09375  -0.572079
0.125  -0.452896
0  -0.468097
-0.125  -0.478352
0.0625  -0.449274
-0.28125  -0.430288
0.125  -0.577603
0.0625  -0.644857
0.03125  -0.624608
0.09375  -0.379315
-0.0625  -0.57778
-0.15625  -0.470131
-0.03125  -0.427075
0.03125  -0.563336
0.15625  -0.459182
0.1875  -0.546463
0.15625  -0.573238
-0.3125  -0.504989
0.03125  -0.547349
-0.0625  -0.433165
0.03125  -0.272611
-0.03125  -0.501112
-0.03125  -0.462766
0  -0.505985
0.15625  -0.146766
0.09375  -0.509009
0.0625  -0.451221
-0.125  -0.680389
0.15625  -0.443015
-0.0625  -0.655198
0.0625  -0.457306
0.03125  -0.353136
0.0625  -0.612792
-0.125  -0.407525
0.09375  -0.460635
-0.0625  -0.31252
-0.15625  -0.459064
0.1875  -0.529669
-0.03125  -0.358689
0.1875  -0.373289
-0.09375  -0.398434
0.28125  -0.636718
0  -0.532072
0.09375  -0.637253
-0.125  -0.337709
0  -0.271836
-0.09375  -0.573309
0.0625  -0.791702
-0.03125  -0.396559
-0.15625  -0.221138
-0.15625  -0.401895
-0.03125  -0.499589
-0.15625  -0.333275
-0.15625  -0.505701
0.03125  -0.450938
-0.28125  -0.598672
-0.15625  -0.223808
-0.0625  -0.412489
0.25  -0.555805
0.15625  -0.403314
0.21875  -0.357669
0.125  -0.51371
0.09375  -0.438505
0  -0.467999
0.03125  -0.577402
-0.0625  -0.603442
-0.03125  -0.413569
0.125  -0.447075
-0.28125  -0.469355
0  -0.591038
-0.03125  -0.397114
-0.125  -0.546548
0.09375  -0.285294
-0.03125  -0.634439
-0.03125  -0.517866
-0.125  -0.661782
-0.125  -0.368584
0.0625  -0.396409
0.3125  -0.572431
0.03125  -0.324372
-0.03125  -0.485013
-0.1875  -0.593974
-0.15625  -0.490629
0.0625  -0.496829
0.15625  -0.190554
-0.0625  -0.553413
-0.03125  -0.562327
0.03125  -0.573693
-0.03125  -0.175307
0  -0.705521
-0.0625  -0.640833
0.0625  -0.685008
0.09375  -0.526299
-0.03125  -0.651826
0.15625  -0.449986
-0.03125  -0.361021
0  -0.517062
0.0625  -0.62757
0.0625  -0.529596
-0.03125  -0.434991
0.125  -0.356298
0.28125  -0.610277
0.3125  -0.521773
0  -0.332357
-0.09375  -0.417741
-0.09375  -0.234372
-0.125  -0.378501
0.0625  -0.376624
0.125  -0.643237
0.21875  -0.433298
0.03125  -0.278762
-0.125  -0.554679
0.0625  -0.397012
-0.03125  -0.627241
0.09375  -0.516399
0.125  -0.361595
0.03125  -0.379161
-0.125  -0.424772
0.15625  -0.478846
-0.03125  -0.579692
0.125  -0.507677
-0.125  -0.511315
-0.21875  -0.184174
0.15625  -0.343075
0  -0.673471
0.21875  -0.440253
0.0625  -0.371172
0.0625  -0.418902
0.125  -0.579216
0.125  -0.27964
-0.03125  -0.564352
-0.09375  -0.52122
-0.0625  -0.551436
-0.125  -0.457311
0.03125  -0.295435
-0.21875  -0.616495
-0.03125  -0.361379
0.125  -0.505987
-0.03125  -0.397571
0.125  -0.713328
0.125  -0.414391
-0.09375  -0.479788
0.125  -0.33706
-0.3125  -0.248526
-0.125  -0.434595
0.0625  -0.501134
-0.03125  -0.492288
-0.0625  -0.337347
-0.3125  -0.531952
-0.0625  -0.426368
0.28125  -0.580517
-0.03125  -0.684025
0.1875  -0.4546
-0.03125  -0.63975
0.1875  -0.565329
-0.09375  -0.584332
0.15625  -0.616828
0.125  -0.542919
0.0625  -0.551032
0.09375  -0.375645
-0.03125  -0.459009
0.15625  -0.591598
-0.0625  -0.430654
0.09375  -0.419605
-0.0625  -0.392673
-0.1875  -0.577726
0.125  -0.432981
-0.0625  -0.446388
-0.125  -0.688002
0.09375  -0.529137
-0.03125  -0.579484
-0.15625  -0.577095
0.09375  -0.422901
-0.09375  -0.366757
-0.09375  -0.600145
0.03125  -0.499604
0.15625  -0.387819
0.0625  -0.377514
-0.09375  -0.636569
0  -0.395197
-0.03125  -0.518066
-0.125  -0.743267
-0.09375  -0.418042
0.09375  -0.451241
0.09375  -0.493988
-0.125  -0.43471
-0.15625  -0.538832
-0.09375  -0.34818
-0.25  -0.526967
-0.09375  -0.404118
0.25  -0.5993
0.0625  -0.354116
-0.09375  -0.454622
-0.03125  -0.386336
0.03125  -0.501055
-0.03125  -0.268309
-0.15625  -0.325402
0.1875  -0.441533
0.125  -0.426063
-0.1875  -0.493953
0  -0.312171
0  -0.516066
-0.1875  -0.447222
-0.1875  -0.401108
-0.03125  -0.518085
-0.15625  -0.242096
-0.125  -0.6172
0.125  -0.626124
-0.0625  -0.571705
0  -0.448185
-0.28125  -0.377162
0  -0.277786
-0.09375  -0.51899
0  -0.560686
0.125  -0.279126
-0.0625  -0.496021
-0.21875  -0.462973
-0.0625  -0.411654
0.21875  -0.284022
0.03125  -0.54858
0.15625  -0.439657
0.03125  -0.54899
-0.09375  -0.584865
-0.03125  -0.212349
-0.03125  -0.456648
-0.125  -0.453624
0.09375  -0.588778
0  -0.679678
0.09375  -0.477791
0.09375  -0.592006
-0.125  -0.414904
-0.1875  -0.482778
0  -0.253971
0.09375  -0.395585
-0.15625  -0.210682
-0.0625  -0.357788
0.21875  -0.557258
-0.15625  -0.38188
-0.0625  -0.420522
0.03125  -0.615024
0  -0.259689
0.03125  -0.348401
-0.15625  -0.329754
-0.03125  -0.426179
-0.125  -0.365091
0.09375  -0.619506
0.21875  -0.383484
-0.09375  -0.55483
0.125  -0.302885
-0.21875  -0.490513
0  -0.365964
0.03125  -0.551679
-0.25  -0.36513
-0.0625  -0.461181
0.15625  -0.492035
-0.21875  -0.629754
0.09375  -0.415414
-0.09375  -0.480812
-0.125  -0.616556
-0.15625  -0.503126
-0.1875  -0.542438
-0.0625  -0.509631
-0.03125  -0.543226
-0.28125  -0.460864
0.03125  -0.5019
-0.09375  -0.567285
0.0625  -0.320387
-0.25  -0.358946
0.125  -0.392648
0.09375  -0.416469
0.21875  -0.402533
-0.125  -0.532885
0.03125  -0.487925
-0.0625  -0.250011
0.125  -0.641752
-0.0625  -0.357772
0.03125  -0.410564
-0.03125  -0.591547
0.21875  -0.439826
0.21875  -0.582579
-0.15625  -0.438974
-0.3125  -0.467184
0.1875  -0.552555
-0.1875  -0.469838
-0.1875  -0.62294
0.125  -0.506256
-0.125  -0.519119
-0.125  -0.607891
0  -0.522036
0.125  -0.447781
0.03125  -0.48261
0.03125  -0.458766
0.03125  -0.464806
0.28125  -0.367022
-0.0625  -0.338176
0.21875  -0.343161
0  -0.414323
0.09375  -0.446495
-0.15625  -0.285144
0.09375  -0.479097
0.25  -0.490589
0.125  -0.375053
-0.15625  -0.656666
0.03125  -0.417416
-0.03125  -0.31481
0.0625  -0.51287
0.125  -0.580388
-0.03125  -0.608858
-0.0625  -0.300711
-0.03125  -0.601377
0  -0.236154
0.03125  -0.553815
0.0625  -0.503302
-0.03125  -0.484757
-0.09375  -0.491558
-0.1875  -0.449912
0.0625  -0.546838
0.15625  -0.283936
0.09375  -0.363169
0.03125  -0.0712949
-0.0625  -0.40487
-0.125  -0.614821
-0.28125  -0.607553
-0.0625  -0.394129
0.0625  -0.593645
-0.03125  -0.598506
-0.1875  -0.371806
-0.0625  -0.293342
0.03125  -0.397269
0.125  -0.369292
0.03125  -0.473966
0  -0.458149
0.0625  -0.302471
0.03125  -0.391718
-0.15625  -0.40153
0.09375  -0.697556
0.09375  -0.40312
0  -0.593468
-0.03125  -0.444662
0.28125  -0.422766
-0.15625  -0.558037
0.125  -0.480608
-0.09375  -0.542341
0.21875  -0.569008
-0.125  -0.71741
0.15625  -0.495151
0.03125  -0.521049
0.15625  -0.566941
0.1875  -0.43546
0  -0.649767
0.0625  -0.343269
0.15625  -0.471812
0.0625  -0.369499
-0.09375  -0.780355
0  -0.356152
0.25  -0.698942
0.0625  -0.456418
0.15625  -0.463668
0.1875  -0.63073
0.15625  -0.68402
-0.28125  -0.420573
-0.125  -0.357641
-0.15625  -0.587993
0.09375  -0.488995
-0.09375  -0.655875
-0.0625  -0.507322
-0.09375  -0.327023
0.09375  -0.614694
-0.3125  -0.58669
0  -0.48181
0.125  -0.591153
-0.125  -0.312199
0.03125  -0.556901
-0.03125  -0.463482
-0.1875  -0.452603
0.09375  -0.564259
-0.1875  -0.631571
0.0625  -0.475457
-0.03125  -0.45097
-0.03125  -0.618295
-0.03125  -0.614641
-0.21875  -0.475617
0  -0.531842
-0.15625  -0.498759
0.125  -0.643951
0.21875  -0.572465
0.0625  -0.228435
0.375  -0.433016
0.03125  -0.577492
0  -0.469118
-0.0625  -0.415362
-0.21875  -0.266139
-0.125  -0.406597
-0.03125  -0.692965
-0.03125  -0.582154
0.125  -0.455234
-0.15625  -0.35683
-0.0625  -0.667438
-0.03125  -0.590025
-0.03125  -0.377351
0  -0.365515
0  -0.240536
-0.125  -0.600254
-0.125  -0.291283
-0.09375  -0.564714
0.0625  -0.485474
-0.03125  -0.491185
-0.21875  -0.736661
0.15625  -0.383751
0.09375  -0.553542
0.1875  -0.451293
0.0625  -0.559599
-0.03125  -0.393933
0.09375  -0.506221
-0.03125  -0.4619
-0.0625  -0.496691
-0.0625  -0.489543
-0.34375  -0.272959
0.09375  -0.244135
0.03125  -0.528819
0.03125  -0.425796
-0.03125  -0.418267
0.09375  -0.548559
0.34375  -0.364579
-0.0625  -0.591769
-0.0625  -0.450793
-0.15625  -0.393862
0.0625  -0.370471
-0.0625  -0.290116
0.09375  -0.488171
0.03125  -0.56284
0.03125  -0.561151
-0.1875  -0.520641
0.03125  -0.472589
0.03125  -0.452812
-0.125  -0.635205
-0.15625  -0.497296
-0.1875  -0.490985
0  -0.548569
0.0625  -0.46314
0.15625  -0.347849
-0.03125  -0.636344
0.03125  -0.486594
-0.09375  -0.449198
0.03125  -0.361156
-0.15625  -0.438709
0  -0.410943
-0.0625  -0.607854
0  -0.372693
0.125  -0.508274
0.03125  -0.421772
0.25  -0.398333
0.25  -0.713137
0.09375  -0.459994
0.21875  -0.379839
0  -0.527612
-0.34375  -0.613164
0.0625  -0.302795
-0.21875  -0.544464
-0.0625  -0.483604
-0.125  -0.65191
0.125  -0.466044
0.09375  -0.509952
0.28125  -0.418501
-0.0625  -0.679194
-0.03125  -0.397801
-0.09375  -0.405063
0.125  -0.577959
-0.0625  -0.364221
-0.125  -0.551627
0  -0.644792
0.03125  -0.654817
-0.125  -0.573643
-0.0625  -0.418182
0  -0.532118
0.0625  -0.556054
0.09375  -0.542508
0.03125  -0.392104
0.0625  -0.495794
0.0625  -0.379906
0  -0.510897
-0.03125  -0.391671
0.0625  -0.523824
0.1875  -0.448206
0.09375  -0.508503
-0.25  -0.540709
0  -0.396999
-0.125  -0.192064
-0.21875  -0.478982
-0.09375  -0.46385
0.15625  -0.520836
-0.09375  -0.536518
-0.125  -0.471872
-0.125  -0.414102
-0.125  -0.568214
0.0625  -0.477074
0.03125  -0.445318
-0.09375  -0.592001
-0.15625  -0.438856
0.0625  -0.605081
0.03125  -0.486267
0.09375  -0.476028
0.15625  -0.639573
0  -0.400344
0.125  -0.3336
-0.1875  -0.627933
-0.125  -0.594746
0.0625  -0.458314
0.03125  -0.639163
-0.09375  -0.556571
0.03125  -0.512637
0  -0.472179
0.0625  -0.467843
0.3125  -0.555023
-0.09375  -0.537573
-0.21875  -0.539446
-0.0625  -0.499717
0.03125  -0.269524
-0.09375  -0.38801
0.09375  -0.414347
-0.1875  -0.655378
0.0625  -0.561047
-0.03125  -0.51423
-0.0625  -0.070284
0.03125  -0.542547
-0.1875  -0.411154
0.0625  -0.476406
0  -0.418262
-0.0625  -0.382696
0.1875  -0.369139
-0.09375  -0.162541
0.03125  -0.61339
0.09375  -0.444626
0.125  -0.296526
0.0625  -0.458348
-0.34375  -0.434392
0.28125  -0.598171
0.15625  -0.478698
-0.15625  -0.460466
0.0625  -0.340806
0.125  -0.578719
0.15625  -0.441545
-0.0625  -0.556516
-0.15625  -0.458767
-0.15625  -0.412321
-0.1875  -0.364237
-0.21875  -0.218401
-0.1875  -0.413828
0.125  -0.392456
0.03125  -0.290895
-0.21875  -0.368525
0.125  -0.507923
0  -0.412875
-0.15625  -0.483526
-0.0625  -0.609032
0.125  -0.400698
0.0625  -0.483973
0.09375  -0.439819
0  -0.177683
0.1875  -0.52155
0.0625  -0.314331
-0.09375  -0.542988
0  -0.44022
-0.09375  -0.342169
-0.03125  -0.581116
0.1875  -0.598528
-0.03125  -0.678729
-0.0625  -0.562355
0.3125  -0.601516
-0.03125  -0.714719
0.28125  -0.464386
-0.0625  -0.654968
-0.0625  -0.495936
0.15625  -0.374195
-0.28125  -0.277608
-0.1875  -0.482956
-0.21875  -0.663025
0.03125  -0.373619
0.15625  -0.602119
-0.03125  -0.781654
-0.03125  -0.416324
0.03125  -0.464154
0.03125  -0.527616
-0.09375  -0.609754
0.09375  -0.257813
0.0625  -0.262217
-0.125  -0.498571
-0.15625  -0.54124
0.0625  -0.284554
-0.28125  -0.465713
-0.0625  -0.544695
-0.1875  -0.726787
0.03125  -0.637526
0  -0.398926
-0.125  -0.350683
0.125  -0.52286
0  -0.280845
-0.09375  -0.461417
-0.15625  -0.475695
-0.03125  -0.391866
-0.03125  -0.543481
0  -0.69937
-0.0625  -0.415159
-0.125  -0.404879
0.125  -0.448522
0.0625  -0.460544
-0.125  -0.646796
0.125  -0.510846
0.125  -0.522776
0.1875  -0.295876
-0.09375  -0.34848
-0.125  -0.445251
-0.0625  -0.606118
0.125  -0.343478
-0.0625  -0.479965
0.125  -0.406381
0.09375  -0.553363
-0.34375  -0.495417
0.21875  -0.587191
0.0625  -0.61676
0.09375  -0.315348
-0.15625  -0.540376
-0.1875  -0.362819
-0.0625  -0.500922
0.21875  -0.626737
0  -0.393656
0.1875  -0.441396
0.25  -0.44822
0.3125  -0.471796
-0.09375  -0.446238
0.03125  -0.452535
-0.125  -0.268805
-0.09375  -0.353425
-0.03125  -0.424211
0  -0.406561
0  -0.432255
-0.0625  -0.586814
0.3125  -0.456226
-0.0625  -0.33906
0.0625  -0.560721
-0.09375  -0.559736
-0.09375  -0.466956
0.1875  -0.492306
-0.09375  -0.500067
-0.125  -0.454149
-0.1875  -0.387308
-0.0625  -0.358097
-0.21875  -0.382505
-0.15625  -0.500856
-0.03125  -0.467576
0  -0.47106
0  -0.457296
0.09375  -0.478373
0.0625  -0.580623
-0.03125  -0.539843
-0.25  -0.66118
0.09375  -0.554363
0.03125  -0.389989
0.09375  -0.277754
0.125  -0.555647
-0.09375  -0.581457
0.0625  -0.512054
0  -0.537035
-0.0625  -0.309048
0.09375  -0.521783
-0.125  -0.681279
0.21875  -0.537014
-0.09375  -0.498383
-0.125  -0.344862
0.09375  -0.597415
-0.125  -0.599873
0.03125  -0.602031
0.0625  -0.560195
0.15625  -0.566002
-0.0625  -0.473795
-0.0625  -0.475726
0.0625  -0.436058
-0.0625  -0.471946
0.03125  -0.650585
0.15625  -0.458497
-0.0625  -0.427579
-0.0625  -0.641128
0.34375  -0.278003
-0.125  -0.313647
-0.125  -0.382505
-0.125  -0.249889
-0.0625  -0.499159
-0.09375  -0.340309
0.03125  -0.691951
-0.1875  -0.25329
-0.125  -0.637811
-0.09375  -0.509973
0.03125  -0.521951
0.0625  -0.482621
-0.125  -0.582425
0  -0.427385
0.0625  -0.647455
0  -0.3493
-0.0625  -0.544095
0.1875  -0.421123
-0.03125  -0.47705
0.09375  -0.538638
-0.0625  -0.472287
0  -0.560777
-0.03125  -0.362592
0.1875  -0.346316
0.09375  -0.420808
-0.09375  -0.331318
-0.03125  -0.587856
-0.03125  -0.417844
0.0625  -0.501746
-0.0625  -0.643069
-0.15625  -0.408124
0.03125  -0.636788
-0.28125  -0.513037
-0.03125  -0.210767
0.03125  -0.379334
0.125  -0.48253
-0.09375  -0.395514
-0.09375  -0.40209
-0.28125  -0.457707
0.03125  -0.615196
0.0625  -0.494754
-0.34375  -0.55065
0.21875  -0.310733
-0.03125  -0.588858
-0.03125  -0.581309
0.03125  -0.372902
-0.25  -0.456775
0.09375  -0.401053
0  -0.529551
0.03125  -0.462223
0.21875  -0.463521
-0.03125  -0.614962
0  -0.495802
-0.125  -0.496614
-0.0625  -0.63824
-0.15625  -0.1789
0.03125  -0.392076
0.03125  -0.484979
0.1875  -0.583259
0.125  -0.603198
0.1875  -0.396607
-0.09375  -0.378291
0  -0.547065
0  -0.532668
0.03125  -0.405893
0  -0.464391
0.125  -0.55107
0.09375  -0.563186
0.0625  -0.276602
0.125  -0.422127
-0.1875  -0.488101
0.125  -0.20941
0.03125  -0.330198
-0.03125  -0.474917
0.21875  -0.349255
-0.03125  -0.566088
0.0625  -0.489334
0.0625  -0.396549
0.03125  -0.574694
-0.125  -0.590712
0.0625  -0.430339
0.21875  -0.61707
-0.09375  -0.701423
-0.03125  -0.495363
-0.15625  -0.386701
0.15625  -0.450655
-0.09375  -0.483659
0.1875  -0.533962
-0.1875  -0.256574
-0.03125  -0.442889
-0.28125  -0.351253
-0.15625  -0.555354
0.25  -0.376472
-0.0625  -0.337558
0.09375  -0.413268
-0.09375  -0.360517
-0.125  -0.541426
0  -0.553086
-0.15625  -0.603412
-0.09375  -0.660481
0.0625  -0.488547
0.21875  -0.512146
0.21875  -0.439316
-0.03125  -0.481311
0.125  -0.342277
0.125  -0.383729
-0.03125  -0.442285
-0.0625  -0.509425
0.0625  -0.287388
0  -0.607389
0.1875  -0.17524
-0.0625  -0.45729
-0.09375  -0.44577
0.0625  -0.55075
-0.15625  -0.665254
-0.0625  -0.532024
0.15625  -0.445226
0  -0.484509
0.1875  -0.38104
0.125  -0.369214
-0.125  -0.528621
0.09375  -0.566887
0.09375  -0.408146
0.0625  -0.265711
0.09375  -0.809988
-0.125  -0.349637
-0.15625  -0.454992
0.09375  -0.459016
-0.1875  -0.697147
0.0625  -0.339441
-0.15625  -0.499488
-0.1875  -0.525353
0.15625  -0.350505
0.0625  -0.378814
-0.09375  -0.363123
-0.09375  -0.240406
-0.03125  -0.513869
-0.0625  -0.662315
0.1875  -0.371303
0  -0.487256
-0.09375  -0.439645
0.21875  -0.490242
0  -0.659429
-0.09375  -0.558461
-0.09375  -0.123604
-0.0625  -0.596417
-0.21875  -0.505987
0.0625  -0.46006
0.125  -0.510377
0  -0.624121
0.15625  -0.260136
0.125  -0.619443
0  -0.722229
-0.0625  -0.422848
0.09375  -0.48981
-0.15625  -0.659683
0  -0.675261
-0.0625  -0.413326
-0.0625  -0.355798
0.03125  -0.586541
-0.1875  -0.398949
0.09375  -0.39319
0.0625  -0.492056
0.15625  -0.650567
-0.03125  -0.379839
0.0625  -0.590324
0.0625  -0.614593
-0.0625  -0.558315
-0.0625  -0.31529
-0.03125  -0.428983
0.1875  -0.424468
0.1875  -0.439899
-0.0625  -0.587515
-0.03125  -0.471961
-0.0625  -0.474302
0  -0.6871
-0.125  -0.598084
-0.28125  -0.540291
0  -0.417341
-0.15625  -0.522293
-0.0625  -0.605886
0.15625  -0.511736
-0.09375  -0.540009
-0.03125  -0.327881
0.125  -0.374838
-0.03125  -0.443529
0  -0.591692
0  -0.510426
0.03125  -0.595463
0  -0.553468
0.21875  -0.432724
0.15625  -0.350939
-0.09375  -0.479567
-0.15625  -0.432726
-0.15625  -0.381873
-0.03125  -0.457467
-0.09375  -0.607866
0.09375  -0.252167
0.09375  -0.555792
-0.03125  -0.520408
-0.0625  -0.648313
0.03125  -0.495413
0.0625  -0.259935
0.09375  -0.340133
-0.0625  -0.685239
0.125  -0.268394
0  -0.427549
0.1875  -0.475441
-0.0625  -0.130514
-0.15625  -0.517115
-0.1875  -0.387536
0.15625  -0.417461
0  -0.27999
0  -0.471633
-0.125  -0.533907
-0.21875  -0.480739
0  -0.496184
-0.0625  -0.562051
-0.1875  -0.425624
-0.0625  -0.463195
0.0625  -0.562402
0.125  -0.296387
-0.15625  -0.419441
-0.15625  -0.424024
0.0625  -0.382433
-0.0625  -0.393461
0.125  -0.473811
0.09375  -0.458529
0.03125  -0.631765
-0.09375  -0.584442
-0.125  -0.410817
-0.0625  -0.68318
-0.09375  -0.614942
-0.125  -0.498139
0.09375  -0.51858
0.125  -0.739286
-0.03125  -0.557897
0.09375  -0.444544
0.25  -0.398766
0  -0.330934
-0.0625  -0.561411
-0.125  -0.295708
0.03125  -0.566191
-0.09375  -0.383691
0.0625  -0.363578
0.09375  -0.637986
0  -0.437455
0.09375  -0.492619
-0.09375  -0.496723
0.03125  -0.423932
0.03125  -0.613359
0.09375  -0.339388
-0.125  -0.471771
-0.15625  -0.338167
0.15625  -0.339268
-0.09375  -0.449237
-0.125  -0.561184
0.1875  -0.453899
-0.21875  -0.4904
-0.09375  -0.412455
-0.125  -0.468822
0.03125  -0.322436
0.09375  -0.589809
0.15625  -0.508589
-0.03125  -0.4254
0.125  -0.541687
-0.03125  -0.643336
-0.03125  -0.485752
0.03125  -0.492161
0.09375  -0.6818
0.15625  -0.640197
0  -0.492615
0.09375  -0.452689
0.03125  -0.580342
-0.0625  -0.561327
-0.21875  -0.347624
-0.09375  -0.536266
0.09375  -0.590477
0.09375  -0.548557
0.09375  -0.312801
-0.09375  -0.505052
-0.1875  -0.671963
0  -0.43665
0.0625  -0.465492
-0.15625  -0.493147
-0.21875  -0.524515
0.15625  -0.531193
0.125  -0.400068
0.15625  -0.493176
0.03125  -0.507421
-0.15625  -0.2005
-0.09375  -0.648614
-0.09375  -0.429327
0.0625  -0.561742
0.09375  -0.500097
-0.28125  -0.543494
-0.09375  -0.502314
0.09375  -0.555803
0.125  -0.531696
-0.125  -0.549447
0.0625  -0.599934
-0.21875  -0.367765
-0.0625  -0.398081
-0.1875  -0.347332
0.15625  -0.420477
-0.0625  -0.613164
-0.0625  -0.360617
0.09375  -0.324198
-0.03125  -0.47118
0.0625  -0.556323
-0.09375  -0.420571
-0.03125  -0.417189
0  -0.589964
0  -0.468367
-0.21875  -0.452655
0.1875  -0.544985
0.1875  -0.359983
-0.0625  -0.561443
-0.125  -0.548807
0  -0.550192
0.0625  -0.475109
-0.15625  -0.692564
0.15625  -0.655278
-0.21875  -0.497187
0.1875  -0.612351
0.28125  -0.56981
0.125  -0.522778
0.125  -0.467468
-0.03125  -0.332195
0.03125  -0.423224
-0.125  -0.51372
-0.09375  -0.675626
-0.09375  -0.661447
-0.09375  -0.312757
-0.15625  -0.339529
0  -0.362936
0.25  -0.637772
0.125  -0.448006
0.21875  -0.460711
-0.15625  -0.45476
0.0625  -0.418827
-0.09375  -0.500319
-0.15625  -0.372875
0.03125  -0.585401
0  -0.715627
-0.09375  -0.53035
-0.0625  -0.333015
-0.125  -0.449571
-0.03125  -0.589743
0.09375  -0.708777
-0.09375  -0.668243
-0.03125  -0.502227
-0.03125  -0.559388
-0.0625  -0.506072
-0.15625  -0.663369
0.25  -0.594668
0.125  -0.344581
0.0625  -0.463716
0.03125  -0.445739
-0.125  -0.434468
0.09375  -0.450788
0.21875  -0.553508
-0.03125  -0.479334
-0.125  -0.359524
0.03125  -0.436593
-0.0625  -0.551345
0.1875  -0.593136
0.03125  -0.553791
0.1875  -0.517815
-0.0625  -0.520374
0.28125  -0.429431
-0.09375  -0.313984
0.125  -0.667083
0.03125  -0.476562
0.1875  -0.587293
0.25  -0.399813
0  -0.538036
0.03125  -0.485576
0  -0.406982
-0.09375  -0.432498
0.03125  -0.500312
0.0625  -0.471421
-0.0625  -0.549682
0.0625  -0.322127
-0.03125  -0.464555
0.03125  -0.392095
0.03125  -0.40953
0  -0.469544
0.03125  -0.397156
0  -0.54212
-0.21875  -0.410592
-0.15625  -0.44996
-0.0625  -0.617566
-0.125  -0.415091
-0.0625  -0.432024
-0.0625  -0.611908
-0.125  -0.547847
0.21875  -0.390549
-0.0625  -0.412483
0.09375  -0.500736
0.1875  -0.456956
0.15625  -0.357627
0.21875  -0.466085
-0.0625  -0.514229
-0.0625  -0.52768
0.0625  -0.297527
0.125  -0.448251
-0.0625  -0.402058
-0.03125  -0.486902
-0.0625  -0.575313
-0.15625  -0.520955
-0.125  -0.409601
0.09375  -0.439346
-0.0625  -0.473786
-0.125  -0.572807
-0.15625  -0.51379
0.09375  -0.581244
0  -0.393186
0.09375  -0.409187
-0.3125  -0.558635
0.09375  -0.230643
0.03125  -0.509482
0  -0.45811
0  -0.24438
0.09375  -0.266637
-0.0625  -0.40958
0.0625  -0.40086
-0.0625  -0.551216
-0.15625  -0.566187
-0.125  -0.443267
-0.0625  -0.498564
-0.15625  -0.394784
0.0625  -0.309929
0.0625  -0.601583
-0.15625  -0.606954
-0.0625  -0.586073
-0.125  -0.588212
0  -0.439941
0.0625  -0.594688
-0.0625  -0.512382
-0.0625  -0.512981
-0.09375  -0.5634
0.15625  -0.397527
-0.0625  -0.448425
-0.03125  -0.407203
-0.125  -0.308368
-0.0625  -0.35157
0  -0.619362
0.15625  -0.260973
-0.125  -0.478434
0.03125  -0.465937
-0.0625  -0.546252
-0.09375  -0.532004
0.0625  -0.420335
-0.09375  -0.519046
0.03125  -0.629365
0  -0.32845
0.125  -0.518426
0  -0.572342
0  -0.404499
-0.125  -0.519853
0.0625  -0.474315
-0.03125  -0.258525
0  -0.397591
-0.03125  -0.531371
-0.28125  -0.475486
0.09375  -0.517619
0  -0.520304
0.25  -0.526319
0.0625  -0.481717
0.1875  -0.721836
-0.09375  -0.301921
0.1875  -0.375458
-0.0625  -0.547034
0.15625  -0.647303
0.03125  -0.492852
0.125  -0.466867
-0.125  -0.435318
0.0625  -0.533134
0.15625  -0.404294
-0.09375  -0.397464
0.375  -0.521421
0.15625  -0.601286
0.21875  -0.382656
0  -0.309902
0.125  -0.486512
0.03125  -0.508001
-0.0625  -0.384116
0  -0.569654
0  -0.601202
0.09375  -0.341477
-0.1875  -0.500779
0.09375  -0.597313
0  -0.241788
0.09375  -0.501557
0.09375  -0.495274
0.1875  -0.44156
-0.03125  -0.329429
0.03125  -0.4824
-0.0625  -0.473299
0  -0.459551
-0.25  -0.512331
0.0625  -0.56633
-0.09375  -0.474194
0.21875  -0.467598
0.03125  -0.746014
0.09375  -0.461577
0  -0.615163
0.15625  -0.405873
0.03125  -0.276478
0.21875  -0.520087
-0.15625  -0.28707
0.15625  -0.432755
0  -0.402906
-0.03125  -0.333674
0.0625  -0.447764
-0.0625  -0.422403
0.09375  -0.443346
0.03125  -0.487924
-0.03125  -0.490274
0.21875  -0.60408
-0.03125  -0.907001
-0.03125  -0.406634
0.03125  -0.406485
0.21875  -0.276665
-0.03125  -0.627496
0.0625  -0.524993
-0.15625  -0.460615
0  -0.306987
-0.34375  -0.703938
-0.03125  -0.633702
-0.0625  -0.542139
0.125  -0.588903
0.125  -0.44812
-0.21875  -0.725825
-0.03125  -0.53096
-0.15625  -0.552568
0.03125  -0.35293
-0.15625  -0.592155
0  -0.514141
0.15625  -0.580719
-0.03125  -0.622834
-0.21875  -0.373879
0.125  -0.53753
0.09375  -0.545745
-0.0625  -0.269198
0.125  -0.477135
0.09375  -0.505275
-0.03125  -0.534986
-0.0625  -0.49131
0.15625  -0.472674
-0.09375  -0.404844
0  -0.4331
0.03125  -0.479721
0.03125  -0.344827
0.03125  -0.352004
-0.21875  -0.482915
0.0625  -0.527806
0.09375  -0.607411
-0.03125  -0.422634
0  -0.479313
0  -0.364004
-0.09375  -0.568127
0.03125  -0.582011
-0.1875  -0.591731
-0.03125  -0.570579
0.0625  -0.527177
-0.03125  -0.463495
0.03125  -0.283944
0.09375  -0.592454
-0.1875  -0.473809
-0.125  -0.509856
0.25  -0.436364
-0.1875  -0.4622
-0.03125  -0.36161
0.0625  -0.29406
0.0625  -0.451418
0.03125  -0.564867
0  -0.474216
0.09375  -0.567864
0.125  -0.600224
0.03125  -0.537776
0.125  -0.429663
0.03125  -0.430549
0  -0.510251
0.03125  -0.47649
-0.09375  -0.518689
-0.09375  -0.312174
0.125  -0.418098
-0.125  -0.475105
0.0625  -0.67348
0.1875  -0.511725
-0.09375  -0.425081
0.25  -0.51563
0.0625  -0.567241
0.3125  -0.641891
-0.03125  -0.525716
0.125  -0.533539
0  -0.601624
-0.03125  -0.637503
0  -0.576676
0  -0.307866
-0.15625  -0.538968
0.09375  -0.50442
-0.09375  -0.402986
-0.03125  -0.530058
-0.1875  -0.48312
0  -0.243055
0.3125  -0.573455
0.09375  -0.324837
-0.125  -0.547405
0  -0.631959
0.0625  -0.396928
-0.125  -0.324146
-0.03125  -0.354598
0  -0.494726
-0.0625  -0.43996
-0.125  -0.57239
0.0625  -0.616983
0  -0.222851
-0.1875  -0.546934
-0.09375  -0.417131
0.21875  -0.544523
-0.0625  -0.523385
-0.125  -0.533692
0.3125  -0.498344
-0.3125  -0.428647
-0.15625  -0.546955
0.03125  -0.682253
-0.0625  -0.553059
-0.0625  -0.451311
0.15625  -0.482943
-0.03125  -0.498936
0  -0.589926
0.0625  -0.586902
-0.09375  -0.381542
-0.09375  -0.357135
-0.09375  -0.529296
-0.09375  -0.381428
-0.1875  -0.440252
-0.15625  -0.618206
0  -0.625487
-0.09375  -0.490385
0.21875  -0.662354
0  -0.527274
-0.125  -0.512165
0.0625  -0.600666
-0.09375  -0.562127
-0.15625  -0.58474
0  -0.608292
0.125  -0.443893
0.15625  -0.648144
-0.15625  -0.299338
-0.25  -0.676847
0.09375  -0.576813
0.03125  -0.40737
-0.03125  -0.672707
-0.15625  -0.622733
0.15625  -0.749849
-0.15625  -0.505119
0  -0.573144
-0.03125  -0.505919
0.125  -0.39388
-0.03125  -0.660813
-0.125  -0.560683
-0.0625  -0.475327
-0.15625  -0.45197
0.03125  -0.48834
0.15625  -0.445942
-0.09375  -0.454255
0.03125  -0.519174
0.15625  -0.414598
0.09375  -0.3359
0.09375  -0.598832
-0.125  -0.436985
0  -0.33514
-0.03125  -0.605137
0.15625  -0.490934
-0.0625  -0.562039
0  -0.690031
-0.03125  -0.652192
0  -0.26795
-0.0625  -0.733317
0.03125  -0.262718
-0.1875  -0.519676
-0.125  -0.362051
-0.1875  -0.551587
0.15625  -0.506801
-0.03125  -0.549578
-0.09375  -0.520368
-0.09375  -0.385747
0.03125  -0.580502
0.09375  -0.522518
-0.03125  -0.39885
0.03125  -0.463857
-0.09375  -0.666256
0.03125  -0.362825
0.0625  -0.522512
-0.15625  -0.560683
0.25  -0.327891
0.0625  -0.310874
0.21875  -0.307132
-0.1875  -0.59165
0.09375  -0.682569
0  -0.420197
-0.03125  -0.544723
-0.15625  -0.400288
-0.09375  -0.635719
-0.125  -0.353323
-0.03125  -0.525418
-0.03125  -0.473169
-0.0625  -0.593719
0  -0.687219
0.0625  -0.437721
-0.125  -0.403431
0.15625  -0.524898
-0.03125  -0.284352
-0.03125  -0.424672
0.09375  -0.354242
0  -0.381682
0.03125  -0.334664
0.21875  -0.675694
0  -0.453056
-0.09375  -0.342239
0.0625  -0.329663
-0.25  -0.632368
0.375  -0.564777
-0.0625  -0.686437
-0.21875  -0.595209
0.09375  -0.421901
-0.09375  -0.502732
0.125  -0.45291
0.0625  -0.565379
-0.09375  -0.570228
-0.09375  -0.351888
0.125  -0.388886
-0.09375  -0.335285
-0.0625  -0.586408
0.15625  -0.296528
-0.0625  -0.484233
-0.34375  -0.419994
0.3125  -0.45863
0.1875  -0.247702
-0.125  -0.440603
0.0625  -0.652207
0  -0.475996
-0.03125  -0.471346
-0.03125  -0.641029
0.03125  -0.509702
0  -0.487578
0.09375  -0.650717
0.125  -0.502087
0.125  -0.595397
0.15625  -0.602461
0.0625  -0.629245
-0.0625  -0.482814
0.1875  -0.400372
0.0625  -0.459521
0.21875  -0.342061
0.03125  -0.524727
-0.21875  -0.148053
-0.0625  -0.473524
-0.0625  -0.537561
-0.125  -0.521869
0  -0.563269
-0.0625  -0.47598
0.09375  -0.53526
0.0625  -0.488841
0.15625  -0.38991
-0.15625  -0.383812
0  -0.342729
0  -0.405464
0  -0.626719
0.125  -0.553874
0.15625  -0.329202
-0.3125  -0.366816
-0.09375  -0.506645
-0.03125  -0.445526
0.1875  -0.478055
0.03125  -0.390992
0.15625  -0.540017
0.25  -0.733742
-0.34375  -0.348286
0.09375  -0.471026
-0.21875  -0.498088
-0.09375  -0.401727
0.0625  -0.449324
-0.0625  -0.437961
-0.125  -0.389227
0.15625  -0.293476
0  -0.604574
-0.0625  -0.537002
0.125  -0.484119
-0.15625  -0.598467
-0.15625  -0.567696
-0.0625  -0.616131
0.0625  -0.448162
0  -0.0972373
0.25  -0.465123
0.09375  -0.499816
0.03125  -0.489507
0.09375  -0.429574
0.09375  -0.513423
-0.125  -0.488795
0.125  -0.333262
0.03125  -0.426066
-0.1875  -0.507463
0  -0.286164
0  -0.557437
0.03125  -0.700818
0.15625  -0.321583
-0.0625  -0.459165
0.09375  -0.469307
0.15625  -0.525432
0.1875  -0.26532
0.09375  -0.322342
0.1875  -0.484389
-0.0625  -0.34033
-0.09375  -0.478954
-0.15625  -0.405919
-0.09375  -0.538821
0.125  -0.420894
0.21875  -0.513273
0.125  -0.492105
0.09375  -0.477808
0.03125  -0.507892
-0.15625  -0.437393
0.0625  -0.611625
-0.1875  -0.5227
-0.0625  -0.297108
-0.0625  -0.575499
-0.0625  -0.36008
-0.125  -0.470919
0.09375  -0.499407
0.34375  -0.266116
0.1875  -0.449774
0.03125  -0.572487
0.03125  -0.384413
0.0625  -0.540029
0.15625  -0.530098
0.0625  -0.540713
0.03125  -0.479662
-0.03125  -0.563626
-0.21875  -0.515852
0.125  -0.560458
0  -0.587219
0.03125  -0.648861
0.21875  -0.433586
0.21875  -0.606253
0.09375  -0.367863
-0.21875  -0.523105
0.09375  -0.382441
-0.125  -0.577085
0.03125  -0.268194
0  -0.352442
-0.1875  -0.474779
0.1875  -0.524291
-0.3125  -0.738308
0.1875  -0.659351
0.03125  -0.254411
-0.03125  -0.433412
0.0625  -0.356258
-0.09375  -0.493863
0  -0.536344
0  -0.382694
0.125  -0.341688
0.125  -0.275286
-0.0625  -0.616853
-0.0625  -0.547425
-0.25  -0.635788
0.0625  -0.45485
0.0625  -0.481162
-0.0625  -0.13003
-0.09375  -0.495957
-0.0625  -0.671772
-0.03125  -0.686673
-0.15625  -0.474454
0.09375  -0.598238
0.09375  -0.573636
-0.0625  -0.481138
0.125  -0.295735
0.0625  -0.606062
-0.0625  -0.460086
0  -0.324758
0.09375  -0.588904
0.125  -0.582243
0.03125  -0.467262
0.0625  -0.604183
-0.03125  -0.472383
-0.15625  -0.533215
0.125  -0.22426
0  -0.449196
0.1875  -0.508352
0.15625  -0.456842
0.125  -0.758278
0.03125  -0.624643
-0.0625  -0.564854
-0.0625  -0.524707
0.1875  -0.523471
-0.15625  -0.416668
0.03125  -0.475883
0  -0.567537
0.03125  -0.672313
0.25  -0.393386
-0.21875  -0.409287
-0.03125  -0.570896
-0.0625  -0.264638
0.125  -0.754776
-0.03125  -0.626014
-0.03125  -0.515692
0.09375  -0.39683
0.03125  -0.558805
0.15625  -0.363072
0.3125  -0.396379
0  -0.437243
-0.0625  -0.303309
0  -0.463216
-0.09375  -0.465442
-0.15625  -0.703572
-0.03125  -0.554529
-0.125  -0.54993
-0.1875  -0.608433
0.1875  -0.431628
-0.03125  -0.366844
0.03125  -0.389752
-0.03125  -0.662749
-0.125  -0.321352
0.09375  -0.463211
-0.09375  -0.326
0  -0.553045
0.21875  -0.451897
0.03125  -0.520201
-0.0625  -0.406334
-0.0625  -0.505545
0.25  -0.569708
0.125  -0.500333
-0.25  -0.567228
-0.125  -0.478104
0  -0.57306
-0.0625  -0.26059
-0.28125  -0.281958
-0.125  -0.273593
-0.1875  -0.469683
-0.03125  -0.48917
0.09375  -0.641314
-0.21875  -0.343282
0  -0.420761
0.03125  -0.549098
-0.21875  -0.650463
-0.21875  -0.572143
0.09375  -0.627938
-0.25  -0.526216
-0.03125  -0.311481
-0.0625  -0.383014
-0.0625  -0.370464
-0.1875  -0.461725
-0.0625  -0.567833
0.1875  -0.453173
0.03125  -0.61579
0.15625  -0.426888
-0.0625  -0.687731
-0.03125  -0.45108
-0.0625  -0.522525
-0.21875  -0.591661
0.0625  -0.476137
0.0625  -0.475572
-0.25  -0.396457
0.15625  -0.514529
0.09375  -0.294857
0.03125  -0.282219
-0.125  -0.469109
-0.1875  -0.522782
-0.03125  -0.514264
0.25  -0.362507
0.03125  -0.502716
-0.125  -0.27961
0.0625  -0.520561
0.03125  -0.505713
-0.125  -0.34592
-0.15625  -0.348985
-0.15625  -0.54086
0  -0.459869
-0.09375  -0.608108
0  -0.316184
-0.375  -0.341128
-0.15625  -0.531609
0.125  -0.546156
-0.125  -0.362214
-0.0625  -0.65002
-0.03125  -0.542754
-0.09375  -0.354126
-0.125  -0.577632
0.09375  -0.365592
-0.0625  -0.392509
0.125  -0.459602
-0.25  -0.534806
0.03125  -0.455457
0.0625  -0.463724
0  -0.587663
0.125  -0.65191
0.1875  -0.391512
0.15625  -0.55794
0.125  -0.536025
0.03125  -0.357302
-0.15625  -0.525899
-0.125  -0.361716
-0.15625  -0.454706
0.03125  -0.354623
0.03125  -0.516071
0.125  -0.5553
-0.09375  -0.470055
0.15625  -0.514387
-0.09375  -0.40342
-0.0625  -0.349808
0.09375  -0.390959
-0.15625  -0.449156
-0.25  -0.363365
0.1875  -0.401434
0  -0.565117
0.1875  -0.0821251
0.125  -0.477585
0  -0.310299
-0.1875  -0.454042
-0.09375  -0.30449
-0.15625  -0.45971
-0.09375  -0.482656
0.03125  -0.551982
0.25  -0.654894
0.09375  -0.502735
0.09375  -0.418549
0.03125  -0.524495
-0.03125  -0.464839
-0.0625  -0.671746
0.5625  -0.506998
-0.03125  -0.442939
0.0625  -0.245042
-0.15625  -0.509227
-0.15625  -0.620817
0.0625  -0.387274
0  -0.439789
0.0625  -0.507997
-0.15625  -0.341863
0.0625  -0.437761
-0.15625  -0.656853
0.1875  -0.497988
-0.1875  -0.388458
0.0625  -0.492306
0.1875  -0.541092
-0.09375  -0.498322
-0.03125  -0.269877
0.0625  -0.597954
-0.03125  -0.416747
-0.0625  -0.505202
-0.21875  -0.55217
-0.1875  -0.488009
0.21875  -0.440793
0.125  -0.407036
0.03125  -0.233381
0.03125  -0.380367
0.09375  -0.677051
0.21875  -0.53384
-0.125  -0.378776
0  -0.41466
0.0625  -0.487865
-0.21875  -0.735691
-0.125  -0.666416
0.15625  -0.374409
-0.03125  -0.439917
-0.03125  -0.515963
-0.09375  -0.426512
-0.03125  -0.417184
0.15625  -0.489831
0  -0.572765
0  -0.364789
-0.125  -0.195722
0.125  -0.398245
0  -0.527239
0.0625  -0.607652
0.15625  -0.450331
-0.03125  -0.400234
0  -0.349738
0.03125  -0.585177
0  -0.645558
-0.09375  -0.474081
0.0625  -0.587576
0.1875  -0.463362
0  -0.725828
0.1875  -0.392728
-0.0625  -0.404936
-0.28125  -0.493358
-0.09375  -0.614367
0.15625  -0.603424
0.125  -0.430024
0.125  -0.590459
0.1875  -0.61863
-0.03125  -0.480156
-0.125  -0.552397
0.125  -0.408169
-0.1875  -0.270353
-0.09375  -0.59992
-0.125  -0.273485
0.03125  -0.412211
0.03125  -0.388952
-0.15625  -0.475889
0.125  -0.453782
0.15625  -0.623106
0.09375  -0.431986
0  -0.480094
-0.125  -0.536503
0.09375  -0.544455
-0.0625  -0.450851
0.125  -0.561131
0.0625  -0.498974
-0.03125  -0.538557
-0.03125  -0.428043
0.15625  -0.453618
0  -0.444041
0  -0.624771
0.125  -0.525915
0  -0.687361
-0.03125  -0.506545
0.1875  -0.324247
-0.15625  -0.371711
-0.03125  -0.384457
-0.03125  -0.460543
-0.15625  -0.352279
-0.15625  -0.350306
-0.125  -0.359759
0.21875  -0.544967
0.1875  -0.307808
-0.125  -0.428506
0.03125  -0.625353
-0.3125  -0.436518
0.0625  -0.229402
-0.03125  -0.362387
-0.03125  -0.225602
-0.25  -0.664596
0.34375  -0.447501
0.21875  -0.466264
-0.0625  -0.437881
0.03125  -0.460751
-0.09375  -0.18759
0.03125  -0.479435
-0.21875  -0.359075
0  -0.656409
0.15625  -0.575915
-0.25  -0.258638
0.03125  -0.228795
0.03125  -0.627372
-0.03125  -0.539769
0.15625  -0.408659
-0.1875  -0.266479
0  -0.633686
-0.15625  -0.542485
-0.21875  -0.626509
0.03125  -0.619417
0.21875  -0.224631
0.0625  -0.351125
0  -0.403969
0.03125  -0.627616
-0.0625  -0.419227
-0.09375  -0.206209
-0.03125  -0.528303
-0.09375  -0.269065
-0.15625  -0.45831
0.09375  -0.329487
-0.03125  -0.410031
0.1875  -0.384414
0.0625  -0.558796
0.03125  -0.448066
0.09375  -0.314881
-0.0625  -0.395201
0.25  -0.322803
0.1875  -0.555891
0.125  -0.650169
-0.125  -0.251823
-0.125  -0.391106
-0.0625  -0.437246
0.0625  -0.469021
0.1875  -0.452947
0.03125  -0.233557
0.125  -0.418665
0.15625  -0.434038
-0.0625  -0.37173
-0.15625  -0.422313
-0.0625  -0.667915
0.25  -0.359796
0.0625  -0.557658
-0.03125  -0.393528
-0.09375  -0.474371
0  -0.366861
0.09375  -0.550385
0.15625  -0.375258
-0.03125  -0.389889
0.0625  -0.625711
0.03125  -0.223602
-0.0625  -0.507163
-0.3125  -0.467959
0.1875  -0.412882
0.0625  -0.519882
-0.125  -0.536003
-0.125  -0.307883
-0.03125  -0.632729
0  -0.532294
0.21875  -0.495982
0.03125  -0.438402
-0.21875  -0.531984
0.125  -0.442264
0.125  -0.524798
0.09375  -0.558443
0.0625  -0.542421
0.09375  -0.425282
0.125  -0.553121
-0.03125  -0.474878
-0.03125  -0.678868
0.15625  -0.501735
-0.21875  -0.588174
0.03125  -0.338786
0.09375  -0.421278
0.125  -0.481737
-0.125  -0.524519
0  -0.500995
0.03125  -0.455724
0  -0.659697
-0.03125  -0.495148
-0.0625  -0.456172
0.0625  -0.428969
0.03125  -0.422484
-0.0625  -0.650768
-0.125  -0.570417
0.09375  -0.418617
0.09375  -0.416678
0.46875  -0.254671
-0.09375  -0.410769
0.09375  -0.536152
0  -0.723295
0.125  -0.552152
-0.25  -0.568777
0  -0.578699
0.125  -0.485975
0.1875  -0.655492
0.09375  -0.561618
-0.0625  -0.361567
0.15625  -0.489642
0.15625  -0.341682
0.0625  -0.471322
-0.09375  -0.663907
0.03125  -0.720672
-0.0625  -0.394853
-0.25  -0.520661
-0.0625  -0.576202
-0.09375  -0.336143
0.03125  -0.432065
-0.125  -0.246942
0.03125  -0.494456
0.125  -0.371225
0  -0.484566
-0.25  -0.510868
0  -0.548164
0.125  -0.468389
-0.125  -0.369337
-0.0625  -0.319289
0.15625  -0.440891
-0.0625  -0.307442
-0.09375  -0.612887
0.25  -0.588543
0.1875  -0.34574
0  -0.437914
0.125  -0.469297
0.09375  -0.474519
-0.09375  -0.504561
-0.15625  -0.415732
0.0625  -0.566862
-0.125  -0.502418
-0.09375  -0.432669
-0.125  -0.382139
0.0625  -0.523799
0.15625  -0.432121
0.0625  -0.70928
-0.21875  -0.510074
0.09375  -0.541609
-0.125  -0.482266
0.09375  -0.671885
-0.15625  -0.664218
0.03125  -0.254836
0.3125  -0.442694
0.1875  -0.283726
0  -0.497167
-0.25  -0.410992
-0.09375  -0.415024
0.0625  -0.637996
-0.375  -0.432907
0  -0.351432
-0.03125  -0.535504
-0.09375  -0.6161
-0.0625  -0.59649
0.09375  -0.734148
0  -0.542748
0.125  -0.450671
-0.1875  -0.570051
-0.1875  -0.436739
-0.03125  -0.479925
0.0625  -0.649425
-0.03125  -0.533437
-0.0625  -0.581402
-0.09375  -0.49524
-0.03125  -0.499676
0.0625  -0.467229
0.0625  -0.600637
-0.09375  -0.340556
-0.3125  -0.467008
0.03125  -0.264703
0.21875  -0.278808
-0.03125  -0.473926
0.09375  -0.499184
-0.25  -0.420308
-0.09375  -0.387279
0  -0.523142
0.0625  -0.631447
0  -0.318505
0.03125  -0.567617
0.09375  -0.304215
-0.1875  -0.311419
0.0625  -0.47549
0.0625  -0.395955
0.09375  -0.566706
0.125  -0.38544
-0.15625  -0.31583
-0.09375  -0.575085
0.125  -0.726901
-0.15625  -0.527389
-0.25  -0.529073
-0.0625  -0.585401
0  -0.242481
-0.21875  -0.68879
0  -0.445072
-0.21875  -0.583629
-0.03125  -0.371765
0.09375  -0.307304
0  -0.540251
-0.21875  -0.600675
-0.3125  -0.686204
0.09375  -0.495671
0.125  -0.180046
-0.15625  -0.468314
0.15625  -0.50216
0.0625  -0.485132
-0.1875  -0.387804
0  -0.252729
-0.34375  -0.447056
0.03125  -0.404821
-0.15625  -0.377273
-0.0625  -0.484016
0.03125  -0.357259
0.0625  -0.463967
0.15625  -0.697571
-0.125  -0.433853
0  -0.525824
0.125  -0.280768
0.0625  -0.373468
0.1875  -0.322507
-0.03125  -0.731499
0.0625  -0.326536
0.0625  -0.484091
-0.125  -0.483698
-0.09375  -0.362524
-0.09375  -0.619289
-0.125  -0.392395
0.3125  -0.537074
0.15625  -0.333074
-0.25  -0.544079
-0.09375  -0.578997
0.0625  -0.531311
0.09375  -0.525248
0  -0.431653
-0.1875  -0.670414
0.09375  -0.47372
0.0625  -0.456393
0.1875  -0.483425
0.0625  -0.554969
0.09375  -0.319248
0.09375  -0.634201
0.0625  -0.765771
0.1875  -0.343008
0.03125  -0.464967
-0.1875  -0.559346
-0.0625  -0.601731
0.03125  -0.635971
0.03125  -0.539675
-0.15625  -0.431451
0  -0.485065
-0.03125  -0.466048
-0.15625  -0.571545
-0.1875  -0.431402
-0.15625  -0.665346
0  -0.651334
0.0625  -0.603877
-0.09375  -0.474904
0  -0.354533
-0.15625  -0.536325
-0.125  -0.46532
-0.09375  -0.557898
0.125  -0.476798
0.125  -0.506712
-0.0625  -0.494971
-0.03125  -0.390072
0.1875  -0.472605
-0.0625  -0.333245
0.15625  -0.459838
0.03125  -0.527311
-0.03125  -0.533279
0.0625  -0.313181
0.21875  -0.580617
-0.1875  -0.464761
-0.125  -0.408368
-0.21875  -0.353126
0.15625  -0.356053
-0.0625  -0.48965
-0.125  -0.604939
0.03125  -0.589526
-0.0625  -0.615933
0.09375  -0.536907
-0.0625  -0.522897
0.09375  -0.729922
-0.09375  -0.659461
-0.3125  -0.443624
0.0625  -0.561565
-0.15625  -0.530334
0  -0.381095
0.0625  -0.551622
0.03125  -0.546668
-0.0625  -0.372741
0  -0.486922
-0.3125  -0.402174
0.125  -0.46805
0.125  -0.371645
-0.0625  -0.549189
0.0625  -0.525442
-0.03125  -0.472507
0.0625  -0.621576
-0.09375  -0.482424
0.09375  -0.4451
-0.03125  -0.72199
0  -0.36192
-0.0625  -0.497873
0.03125  -0.534035
-0.15625  -0.550793
-0.0625  -0.431816
0  -0.615516
-0.15625  -0.368414
-0.0625  -0.468427
-0.09375  -0.569051
-0.21875  -0.431531
0.03125  -0.518511
0.15625  -0.313179
-0.0625  -0.542508
0  -0.562552
0  -0.516149
0.34375  -0.542669
0.03125  -0.406857
0.125  -0.39566
-0.0625  -0.324792
0.03125  -0.623793
-0.125  -0.249035
-0.03125  -0.548691
-0.03125  -0.408687
0.0625  -0.333226
-0.0625  -0.595775
0  -0.643863
0.125  -0.486199
-0.09375  -0.396898
0.1875  -0.364526
-0.03125  -0.462235
0.03125  -0.57014
-0.03125  -0.370725
-0.09375  -0.468854
0.1875  -0.470641
-0.09375  -0.45367
0.03125  -0.530073
0  -0.45677
0.03125  -0.474772
0.03125  -0.536085
0.0625  -0.576815
-0.03125  -0.549246
0.09375  -0.735783
0.03125  -0.289137
0.125  -0.511499
0  -0.53431
0.25  -0.54409
0.0625  -0.384526
-0.25  -0.418899
0.03125  -0.359122
-0.03125  -0.541631
0.03125  -0.325418
0.03125  -0.370684
0  -0.452905
0.0625  -0.520787
0.0625  -0.546827
-0.09375  -0.461224
0.0625  -0.478173
-0.125  -0.345964
-0.1875  -0.535198
0.09375  -0.528667
-0.03125  -0.472258
-0.0625  -0.51666
0.09375  -0.38156
-0.125  -0.437635
-0.03125  -0.466055
0.125  -0.320414
-0.03125  -0.281118
0.15625  -0.557252
0.09375  -0.365097
0.125  -0.465032
-0.15625  -0.482543
-0.21875  -0.264728
0.09375  -0.450943
0.03125  -0.339805
0.0625  -0.480059
-0.125  -0.339469
0.09375  -0.513804
0.125  -0.528633
-0.1875  -0.515952
-0.125  -0.488938
0.0625  -0.436903
0  -0.572484
0.0625  -0.374912
0.03125  -0.492223
-0.03125  -0.532597
0  -0.525001
-0.15625  -0.67234
-0.09375  -0.605486
0.0625  -0.64833
0  -0.382284
0.09375  -0.507195
0.03125  -0.712817
0.0625  -0.527949
-0.1875  -0.490417
-0.03125  -0.492305
0.03125  -0.36178
-0.125  -0.510652
0.1875  -0.553429
-0.09375  -0.416056
0  -0.476159
0.1875  -0.272554
-0.09375  -0.459072
-0.03125  -0.535031
0.21875  -0.44616
0.125  -0.461933
-0.03125  -0.451346
-0.0625  -0.303578
-0.15625  -0.455352
-0.0625  -0.481062
0.15625  -0.55701
0.15625  -0.401664
0  -0.417082
-0.0625  -0.59242
0.09375  -0.324486
0.0625  -0.390965
0.125  -0.569899
0.125  -0.425291
-0.03125  -0.61103
0.125  -0.732322
0.03125  -0.225241
0.03125  -0.350356
0.21875  -0.499747
-0.09375  -0.504198
-0.09375  -0.554698
0.09375  -0.564527
-0.1875  -0.49004
0  -0.556853
-0.03125  -0.31713
-0.0625  -0.60388
0.09375  -0.518451
0.15625  -0.373793
0.0625  -0.352665
-0.0625  -0.354345
0.15625  -0.46794
0  -0.405135
-0.1875  -0.558453
0.15625  -0.502039
0.1875  -0.579625
-0.0625  -0.426182
-0.09375  -0.377914
-0.0625  -0.117348
-0.09375  -0.406254
-0.0625  -0.352796
0.15625  -0.55694
0.03125  -0.195875
-0.125  -0.34755
-0.03125  -0.48486
-0.03125  -0.546024
0.1875  -0.531657
-0.0625  -0.500008
0  -0.616494
-0.15625  -0.33923
-0.09375  -0.55346
0.0625  -0.614944
-0.03125  -0.599987
0.15625  -0.486323
-0.0625  -0.654311
0.125  -0.431738
-0.0625  -0.313183
0.09375  -0.341592
-0.03125  -0.511345
-0.09375  -0.34866
-0.1875  -0.749803
0.21875  -0.37896
-0.03125  -0.63986
0.1875  -0.275148
0.03125  -0.352153
0.03125  -0.429917
-0.15625  -0.325446
0.125  -0.334682
-0.1875  -0.321261
-0.03125  -0.496578
-0.03125  -0.659262
0.09375  -0.417468
0.03125  -0.606441
-0.21875  -0.647663
-0.0625  -0.404316
-0.03125  -0.472615
0  -0.426626
0.09375  -0.413944
-0.125  -0.304237
0.0625  -0.424326
-0.15625  -0.557682
-0.15625  -0.371698
-0.03125  -0.519839
-0.25  -0.278013
-0.09375  -0.566237
-0.09375  -0.497157
-0.09375  -0.384814
0  -0.454135
-0.25  -0.595919
0.03125  -0.520154
-0.09375  -0.455602
0.125  -0.634859
-0.03125  -0.464583
0  -0.486677
0  -0.203502
0.125  -0.466031
0.09375  -0.498459
-0.15625  -0.190902
-0.0625  -0.45738
0.15625  -0.496947
0.125  -0.46964
-0.09375  -0.311286
0.0625  -0.342479
-0.09375  -0.310375
0.09375  -0.409474
-0.0625  -0.681955
0.0625  -0.422315
-0.03125  -0.69025
-0.21875  -0.644027
0.03125  -0.487394
-0.09375  -0.735405
0.125  -0.381954
-0.125  -0.647404
-0.15625  -0.419228
-0.15625  -0.349899
-0.125  -0.489605
0.09375  -0.543301
-0.0625  -0.438618
0.21875  -0.367142
0.0625  -0.599927
-0.28125  -0.567179
0.09375  -0.65613
0.15625  -0.537853
0.15625  -0.619963
0.15625  -0.539307
0.03125  -0.459576
0.0625  -0.486484
-0.03125  -0.530248
-0.25  -0.358821
0.1875  -0.51706
-0.125  -0.773907
0.09375  -0.442132
0.21875  -0.551062
0.0625  -0.614204
-0.03125  -0.43132
0.25  -0.590662
-0.09375  -0.448908
0.09375  -0.724235
-0.1875  -0.333546
0.09375  -0.476816
0.0625  -0.435291
0.1875  -0.565695
-0.03125  -0.127373
0.0625  -0.39681
-0.03125  -0.562487
0.0625  -0.375339
-0.0625  -0.471568
0.09375  -0.369518
-0.03125  -0.405412
0.25  -0.545392
0.0625  -0.0791894
-0.03125  -0.596326
0.15625  -0.20361
0  -0.459991
0  -0.52234
0.25  -0.74376
0.09375  -0.480409
-0.15625  -0.507673
-0.0625  -0.336613
0.125  -0.574643
0.0625  -0.360133
0.125  -0.657418
-0.09375  -0.431646
0.03125  -0.594871
-0.09375  -0.654404
0.21875  -0.472799
-0.09375  -0.551595
0.0625  -0.480723
-0.0625  -0.384244
0.1875  -0.520984
-0.1875  -0.568246
-0.0625  -0.594702
0.03125  -0.343395
0.03125  -0.502844
0.0625  -0.446478
-0.1875  -0.572138
-0.1875  -0.33689
0.25  -0.389749
-0.03125  -0.462967
-0.15625  -0.501881
0.125  -0.332195
0.09375  -0.802521
0.09375  -0.5869
-0.0625  -0.543134
0.15625  -0.456453
0.125  -0.418527
0.125  -0.488316
-0.125  -0.50121
0.09375  -0.463286
0  -0.387486
-0.0625  -0.403258
-0.03125  -0.401478
0.21875  -0.370407
-0.03125  -0.460674
-0.09375  -0.519859
-0.21875  -0.521286
-0.21875  -0.381486
-0.09375  -0.6192
-0.09375  -0.596673
0.1875  -0.409462
-0.09375  -0.629689
-0.21875  -0.418245
