0.125  0.133892
-0.15625  -0.332574
-0.21875  -0.219623
-0.1875  -0.285557
0.21875  -0.0567793
0.125  -0.0928958
-0.03125  -0.252697
-0.09375  -0.188957
-0.03125  -0.135422
0.03125  -0.251246
-0.03125  0.0384491
0.125  0.0365752
-0.15625  -0.323384
-0.3125  -0.102404
0.125  -0.198101
0  -0.421578
-0.09375  -0.202167
0.0625  -0.252386
0.125  -0.283114
-0.1875  0.00502911
-0.0625  -0.199612
-0.09375  -0.260976
-0.09375  -0.276503
-0.09375  -0.282099
0  -0.354055
0.09375  -0.176683
0.09375  -0.209374
0  -0.194825
0.03125  -0.535215
0.09375  -0.335773
0.1875  -0.199564
-0.03125  -0.114263
-0.21875  -0.375471
0.0625  6.76798e-05
-0.15625  -0.232768
-0.03125  -0.166151
0  -0.232422
0.03125  -0.490644
0.0625  -0.539435
-0.09375  -0.421489
-0.15625  -0.121975
0.125  -0.446344
0.0625  -0.072886
-0.0625  -0.368632
-0.03125  -0.198601
0.0625  -0.192643
-0.03125  -0.207417
-0.125  -0.366298
0.09375  -0.472353
-0.125  -0.149663
-0.03125  -0.309693
-0.1875  -0.386936
0  -0.0639313
-0.15625  -0.442877
0.09375  -0.34689
-0.03125  -0.176545
0  -0.201926
0.0625  -0.0773215
0  -0.149446
0.125  -0.302939
0.15625  -0.224887
-0.03125  -0.0493268
0.03125  -0.163882
0.125  -0.197541
0.09375  -0.380648
-0.09375  -0.212798
-0.15625  -0.183174
0.125  -0.205331
0  -0.276703
0.0625  -0.311538
0  -0.431763
-0.03125  -0.286037
-0.0625  -0.251111
-0.3125  -0.286719
0.0625  -0.323013
0.21875  -0.265694
0.28125  -0.316153
0.15625  -0.517418
0.125  -0.0553648
0.25  -0.236374
-0.125  -0.104675
-0.3125  -0.394926
-0.0625  -0.284351
-0.03125  -0.47668
0.15625  -0.14584
-0.125  -0.301321
-0.1875  -0.396836
-0.0625  -0.308146
0.09375  -0.252405
0  -0.170849
0.0625  -0.348956
-0.09375  0.0012407
0.09375  -0.200156
-0.28125  0.000861856
-0.1875  -0.0328478
0.3125  -0.388622
0.21875  -0.311755
0.21875  -0.097796
0.09375  -0.316745
0.09375  -0.295782
-0.21875  -0.476778
-0.03125  -0.45696
0  0.0113844
0  -0.0178351
-0.125  -0.276235
0.375  -0.37728
0.125  -0.203478
0.09375  -0.195084
-0.03125  -0.206053
0.09375  -0.480412
0.0625  -0.122719
-0.09375  -0.171853
0.09375  -0.0556232
0.28125  -0.214213
-0.0625  -0.411728
0.21875  -0.12489
-0.1875  -0.508684
0.125  -0.28672
0.1875  -0.14629
0.28125  -0.300507
0.09375  -0.296749
0.15625  -0.348126
0.0625  0.0458276
0  0.0428668
-0.09375  -0.429219
0.09375  -0.375945
0.15625  -0.324967
0.15625  -0.425264
0.0625  -0.299368
0.15625  -0.212125
0.0625  -0.324475
-0.03125  -0.263154
-0.0625  -0.256364
0.15625  -0.328247
0.125  -0.197784
0.15625  -0.0572567
0.1875  -0.141776
0  -0.354267
-0.09375  -0.526391
0.125  -0.0640089
0  0.0170802
0.15625  -0.210343
-0.03125  -0.304511
-0.09375  -0.141089
-0.15625  -0.122016
0  -0.290959
0.09375  -0.357293
-0.21875  -0.412152
-0.3125  -0.333399
0.125  -0.328541
-0.03125  -0.147035
-0.125  -0.315749
0.03125  -0.439567
0.25  -0.232387
-0.0625  -0.304468
0  -0.129788
-0.125  -0.260455
-0.125  -0.172897
0.3125  -0.1849
-0.0625  -0.579738
-0.125  -0.190594
0.0625  -0.23325
0.21875  -0.289779
-0.03125  -0.147243
-0.125  -0.172101
-0.0625  -0.247856
0.09375  -0.193106
-0.125  -0.153446
0  -0.341329
0.0625  -0.371474
-0.09375  -0.409431
-0.15625  -0.437292
-0.125  -0.363922
0.03125  -0.198997
0  -0.353903
0.03125  -0.495675
-0.0625  -0.26142
0  -0.0626557
0.0625  -0.10742
0  -0.378099
-0.0625  -0.254762
0  -0.292316
-0.125  -0.226182
0.125  -0.261536
0.1875  -0.229506
0.03125  -0.337141
-0.15625  -0.0691282
0.125  -0.300828
0.125  -0.290191
0.03125  -0.129516
0.125  -0.17036
0  -0.43406
0.03125  -0.359415
-0.09375  -0.348114
0.0625  -0.456691
-0.25  -0.258309
0.125  -0.349192
-0.03125  -0.210072
0.0625  -0.189335
0.09375  -0.436927
0.1875  -0.149267
-0.03125  -0.274002
-0.1875  -0.0918995
0.09375  -0.462849
-0.03125  -0.12328
-0.03125  -0.309994
-0.1875  -0.302757
0.03125  0.0548391
0.21875  -0.343634
0  -0.241536
0.1875  -0.138153
0.21875  -0.197066
-0.0625  -0.357821
0.03125  -0.163538
0.1875  -0.162734
0.1875  -0.134795
0.03125  -0.0859937
-0.03125  -0.30828
0.125  -0.20126
-0.1875  -0.252444
-0.09375  -0.232518
-0.03125  -0.589543
-0.21875  -0.248178
0  -0.247098
0  -0.411399
0.28125  -0.227783
0.09375  -0.221153
0  -0.0974334
-0.03125  -0.342421
0.09375  -0.303248
0  -0.235042
-0.15625  -0.215378
0.0625  -0.280738
0.0625  -0.302281
0.03125  -0.310568
-0.125  -0.189396
-0.125  -0.235048
0.09375  -0.338387
-0.03125  -0.248903
-0.0625  -0.290972
0.21875  -0.252587
0.1875  -0.388865
0.0625  -0.235481
-0.15625  -0.0867619
0.125  -0.188469
0  -0.122603
-0.0625  -0.103007
-0.125  -0.148395
0.0625  -0.313085
-0.09375  -0.400189
0.09375  -0.243062
0.125  -0.398487
-0.125  -0.179824
0.25  -0.34712
0.25  -0.241883
-0.125  -0.20833
0  -0.236556
-0.09375  -0.0416063
-0.03125  -0.456815
0.09375  -0.400597
0.03125  -0.232069
0.25  -0.344383
-0.0625  -0.463915
0.09375  -0.230008
0.125  -0.093016
-0.09375  -0.450424
0.0625  -0.101274
0.0625  -0.190905
0.09375  -0.372416
0.0625  -0.471773
0.0625  -0.198459
0.03125  -0.224857
0.21875  -0.239908
-0.1875  -0.366353
0.1875  -0.188245
0.125  -0.301893
-0.0625  -0.206348
-0.0625  -0.35429
-0.3125  -0.230905
-0.03125  -0.236903
-0.03125  -0.23857
-0.09375  -0.340987
-0.0625  -0.327703
-0.28125  -0.351084
-0.0625  -0.569723
0.09375  -0.0984998
0.28125  -0.233598
-0.0625  -0.0862106
0.0625  -0.18377
-0.03125  -0.418149
0.125  -0.3429
0  -0.14473
-0.15625  -0.340285
0.03125  -0.262305
0.21875  -0.242192
0  -0.0816483
-0.0625  -0.263698
0.125  -0.468921
0.09375  -0.244466
-0.125  -0.204448
-0.03125  -0.442989
0.0625  -0.462436
-0.03125  -0.00382749
0  -0.0371241
0.03125  -0.218076
-0.125  -0.152773
0.0625  -0.523025
0.15625  -0.185487
0.1875  -0.159274
-0.0625  -0.209402
-0.03125  -0.34098
-0.125  -0.313142
-0.03125  -0.224351
0.125  -0.201716
0.21875  -0.381854
0.03125  -0.196937
0.0625  -0.428217
0.0625  -0.267075
0.25  -0.35601
0.15625  -0.184359
-0.125  -0.245644
-0.0625  -0.396077
-0.125  -0.144868
-0.09375  -0.243991
-0.15625  -0.337601
-0.0625  -0.06334
-0.15625  -0.22014
0.1875  -0.479639
0.0625  -0.332439
-0.3125  -0.145354
-0.25  -0.232514
0.09375  -0.205706
0.25  -0.196894
0.09375  -0.2521
-0.125  -0.282528
-0.03125  -0.294046
-0.03125  -0.0456576
0.15625  -0.269105
-0.0625  -0.276709
0.03125  -0.17597
0.09375  -0.202984
0.125  -0.19169
0.15625  -0.100624
-0.03125  -0.202187
-0.09375  -0.217633
-0.21875  -0.0357859
-0.125  -0.244178
0.125  -0.422484
-0.125  -0.114043
-0.1875  -0.115751
-0.28125  -0.337916
0.28125  -0.27645
0.09375  -0.30909
-0.03125  -0.181915
0.15625  -0.226283
-0.15625  -0.348394
0.0625  -0.338087
-0.0625  -0.0270023
-0.125  -0.423021
0  -0.179778
0.03125  -0.13461
0  -0.372512
-0.0625  -0.130288
-0.09375  -0.0913886
0.28125  -0.14576
0  -0.431016
-0.03125  -0.332441
0.125  -0.350926
-0.0625  -0.372439
0.125  -0.147122
0.125  -0.192289
0  -0.0246546
-0.125  -0.311905
0.09375  -0.0879233
-0.1875  -0.341995
0.3125  -0.458377
0.09375  -0.460761
0.03125  -0.198875
0.09375  -0.066185
0.25  -0.197417
0.0625  -0.443217
-0.09375  -0.454717
0.1875  -0.35039
-0.1875  -0.13426
0.03125  -0.169853
-0.0625  -0.366822
-0.0625  -0.287001
-0.09375  -0.122943
0.03125  -0.335182
-0.0625  -0.391027
0.15625  -0.235707
-0.0625  -0.197691
0.21875  -0.158179
0.03125  -0.0909892
0.1875  -0.322805
0.0625  -0.253406
-0.0625  -0.0751128
-0.0625  -0.204934
-0.125  -0.190658
-0.03125  -0.28503
0  -0.32531
0.09375  -0.323229
-0.125  -0.270574
-0.03125  -0.452015
0.03125  -0.285684
-0.03125  -0.293539
0  -0.345495
0.15625  -0.000554629
0.03125  -0.397388
-0.0625  -0.194471
-0.09375  -0.0789438
0.09375  -0.229479
0  -0.197656
0.34375  -0.0506919
0.09375  -0.211163
-0.0625  -0.147718
-0.03125  -0.210942
0.1875  -0.421181
0.03125  -0.132533
0.125  -0.0821868
0.125  -0.306298
-0.03125  -0.0845917
0  -0.376108
-0.0625  -0.309623
0.125  -0.274918
0.09375  -0.281269
-0.0625  -0.222097
0.0625  -0.280685
-0.15625  -0.0684643
0.03125  -0.224658
0  -0.378266
-0.21875  0.0727647
0.09375  -0.177889
-0.125  -0.110954
0.0625  -0.302369
0  -0.357836
0.125  -0.0364382
-0.09375  -0.528003
-0.09375  -0.270559
0  -0.305874
0.09375  -0.0292914
0.15625  -0.13662
0.09375  -0.126815
0.1875  -0.290294
0.15625  -0.28926
0.21875  -0.37533
0.0625  -0.392787
-0.125  -0.252175
0.0625  -0.154227
-0.25  0.0385433
-0.125  -0.292641
0.03125  -0.249215
-0.25  -0.220742
-0.0625  -0.342629
-0.09375  -0.191373
0.125  -0.15866
-0.03125  -0.261357
0.03125  -0.315677
0.0625  -0.197529
0.0625  -0.414082
-0.125  -0.185507
-0.15625  -0.0652249
-0.125  -0.274291
-0.0625  -0.32301
0.0625  -0.201268
-0.09375  0.115255
-0.0625  -0.248914
-0.1875  -0.309234
-0.125  -0.258295
0.25  -0.291979
-0.03125  -0.207229
0.40625  -0.345067
0.09375  -0.205107
0.3125  -0.320293
0  -0.403243
0.0625  -0.218438
0.15625  -0.0533187
0.03125  -0.535398
0.125  -0.374957
0.0625  -0.360352
-0.0625  -0.383406
-0.21875  -0.176923
-0.15625  -0.231346
0.0625  -0.337795
-0.0625  -0.207633
0.03125  -0.0131526
0.21875  -0.168064
0.15625  -0.397253
-0.0625  -0.402372
0.125  -0.112204
-0.0625  -0.281259
-0.15625  -0.244419
-0.09375  -0.0604329
-0.125  -0.337857
-0.125  -0.334227
0.09375  -0.268304
-0.09375  0.12347
-0.125  -0.304089
0.15625  -0.213781
-0.0625  -0.527709
0.1875  -0.254195
0.0625  -0.188387
0.09375  -0.342771
0.03125  -0.109131
0.28125  -0.267367
-0.03125  -0.426036
0.0625  -0.173039
-0.15625  -0.183749
0.0625  -0.417074
0.09375  -0.0899435
-0.125  -0.334905
-0.03125  -0.345083
-0.125  -0.37558
0.1875  -0.18368
0  -0.249598
-0.125  -0.371183
0.0625  -0.363929
-0.09375  -0.00277901
0.1875  -0.145934
0.09375  -0.206633
-0.125  -0.193221
-0.125  -0.128593
0.0625  -0.307743
0.0625  -0.379573
0.03125  -0.360213
-0.125  -0.179247
-0.0625  -0.333852
-0.1875  -0.196169
-0.125  -0.437463
-0.03125  -0.179281
0.0625  -0.259411
-0.15625  0.00617344
0.0625  -0.0928722
0.125  -0.410193
0.03125  -0.201322
-0.125  -0.189521
0.09375  -0.333275
0.09375  -0.354676
0.09375  -0.0200097
0.03125  -0.205022
0.03125  0.142049
-0.03125  -0.387481
-0.0625  -0.25681
-0.125  -0.107603
0  -0.224418
0  -0.408428
0.09375  -0.199262
-0.0625  -0.450083
0.0625  -0.212156
0.03125  -0.162197
0.03125  -0.28789
0.1875  -0.135114
-0.125  -0.276913
0  -0.226652
0.125  -0.214644
0.03125  -0.273023
-0.09375  -0.0711615
-0.0625  -0.219763
0.125  -0.35486
0.15625  -0.144483
-0.09375  -0.352996
-0.03125  -0.0408154
0.15625  -0.265774
0.125  -0.438042
-0.09375  -0.0723025
-0.03125  -0.414363
0.21875  -0.370554
0.0625  -0.122742
-0.15625  -0.223202
-0.125  -0.282118
0.09375  -0.494314
-0.09375  -0.301598
-0.21875  -0.196625
0.1875  -0.28739
0.03125  -0.285611
0.125  -0.0880965
0.09375  -0.263444
0.125  -0.255819
0.03125  -0.486033
0.15625  -0.209356
-0.125  -0.305224
-0.125  -0.234417
0.1875  -0.367655
0.03125  -0.300594
-0.1875  -0.242068
0.25  -0.276671
0.21875  -0.115985
0.15625  -0.31752
0.03125  -0.131248
-0.09375  -0.355274
-0.03125  -0.127721
0  -0.26616
0.0625  -0.310998
0.0625  -0.364442
0  -0.244822
-0.34375  -0.38601
0.0625  -0.369746
0  -0.389826
0.03125  -0.219725
-0.0625  -0.482524
-0.03125  -0.44168
0  -0.220203
-0.0625  -0.171595
0.1875  -0.360651
-0.03125  -0.155463
0.125  -0.318827
0  -0.357054
-0.15625  -0.372412
-0.03125  -0.2863
-0.125  -0.253254
0.125  -0.323057
0.125  -0.231612
-0.125  -0.115935
0.0625  -0.0428031
-0.21875  -0.137887
-0.09375  -0.278599
0.1875  -0.474441
0.15625  -0.219376
0.15625  -0.314584
0.03125  -0.313385
0  -0.163347
0.1875  -0.269696
0.09375  -0.197783
0.15625  -0.441435
0  -0.29409
-0.03125  -0.462335
0.09375  -0.114368
0.0625  -0.427063
-0.0625  -0.351441
-0.28125  -0.509638
0.03125  -0.0944824
0.125  -0.405953
-0.0625  -0.18734
0.0625  -0.249948
0.1875  -0.299253
0.03125  -0.169671
-0.21875  -0.128065
0  -0.180162
0.09375  -0.324372
-0.0625  -0.251051
0.03125  -0.148515
-0.15625  -0.365343
-0.0625  -0.283073
0.125  -0.180811
-0.0625  -0.284257
0.125  -0.263183
0  -0.460894
0.03125  0.115314
-0.03125  -0.167157
0.03125  -0.308422
-0.1875  -0.195118
0  -0.349405
-0.03125  -0.259668
0.09375  -0.325429
0.03125  -0.109986
0.21875  -0.283139
-0.03125  -0.0911165
0.09375  -0.186533
0.15625  -0.385419
0.03125  -0.288875
-0.15625  -0.191166
-0.09375  -0.298786
0.03125  -0.329576
-0.125  -0.21081
-0.34375  -0.132063
-0.0625  -0.241931
0  -0.353218
0.40625  -0.119156
0.03125  -0.261842
0  -0.259839
0.0625  -0.0291684
-0.125  -0.251235
0.15625  0.104924
0.0625  -0.306517
-0.03125  -0.217751
-0.03125  -0.316246
0.0625  -0.364976
0.0625  -0.415823
-0.125  -0.335233
-0.03125  -0.226022
-0.25  -0.285922
0  -0.229183
0.21875  -0.143672
-0.15625  -0.312271
0.03125  -0.357108
0.03125  -0.264853
0.09375  -0.382993
0.125  -0.533787
-0.03125  -0.474562
-0.125  -0.202573
0.125  -0.243834
0.25  -0.207471
-0.125  -0.143416
0  -0.162237
0  -0.291051
0.0625  -0.274513
0.03125  -0.315963
0.0625  -0.31207
0  -0.246106
-0.125  -0.103632
-0.03125  -0.100177
-0.09375  -0.316877
-0.125  -0.267721
0  -0.516511
-0.0625  -0.318911
0  -0.371275
0.15625  -0.183479
-0.3125  -0.0892309
0.15625  -0.213023
-0.03125  -0.250311
0.25  -0.17741
0  -0.28426
-0.0625  -0.151814
0.09375  -0.120277
-0.0625  -0.133754
-0.40625  -0.24551
-0.0625  -0.0931155
-0.09375  -0.179512
0.375  -0.329039
-0.09375  -0.424471
0.15625  -0.212209
0.0625  -0.22639
0  -0.105359
0.09375  -0.159877
-0.03125  -0.312551
0.25  -0.0986598
0.15625  -0.185672
0.21875  -0.32109
0.21875  -0.165441
-0.0625  -0.43087
0  -0.506628
0.3125  -0.303461
0.03125  -0.506244
0.28125  -0.0737635
0.0625  -0.244488
0.03125  -0.407137
-0.15625  -0.300975
0.03125  -0.43004
0.03125  -0.272261
-0.15625  -0.261012
0  -0.2933
0.09375  -0.158341
-0.25  -0.312676
-0.25  -0.25312
0.1875  -0.458136
-0.15625  -0.461017
-0.0625  -0.441405
0.0625  0.0115676
0.0625  -0.32188
0.03125  -0.339313
0.03125  -0.401097
0.03125  -0.395789
0.09375  -0.228943
-0.09375  -0.365943
0.0625  -0.184574
0.0625  -0.277664
0.03125  -0.317249
0.09375  -0.136373
0.0625  -0.294254
0  -0.262637
0.03125  -0.313077
-0.03125  -0.255177
-0.28125  -0.298283
-0.09375  -0.343986
0.15625  -0.23983
0.03125  -0.237456
0  -0.122455
0.15625  -0.0995363
0.03125  -0.24336
0.25  -0.162496
0.21875  -0.343816
-0.0625  -0.168158
0.0625  -0.18639
0.125  -0.352631
0.0625  -0.173664
-0.09375  -0.16666
-0.03125  -0.0649115
0.0625  -0.308435
0.125  -0.407244
-0.0625  -0.272938
0.15625  -0.252274
0.15625  -0.223477
-0.0625  -0.45956
-0.09375  -0.153839
-0.25  -0.49187
-0.1875  -0.0629888
0.03125  -0.304026
0  -0.293048
-0.1875  -0.288812
-0.03125  -0.478538
-0.03125  -0.465304
-0.21875  -0.446665
0.125  -0.254812
0.15625  -0.313441
-0.09375  -0.268796
-0.03125  -0.206588
0.03125  -0.284852
-0.125  -0.281814
0.125  -0.260512
-0.0625  -0.448399
-0.125  -0.191462
-0.0625  -0.314815
0.09375  -0.389693
-0.125  -0.203848
-0.0625  -0.390418
0.15625  -0.186571
0.0625  -0.148629
0.09375  -0.159015
0.0625  -0.228311
0.0625  -0.188602
0.0625  -0.352983
-0.3125  -0.349433
-0.0625  -0.0203902
0.09375  -0.369481
-0.03125  -0.346951
0.09375  -0.310006
0.0625  -0.402481
-0.03125  -0.36339
-0.09375  -0.117809
-0.0625  -0.280451
0.25  -0.232115
-0.09375  -0.204475
0  -0.347517
-0.03125  -0.291876
-0.1875  -0.297917
0.0625  -0.190621
0.15625  -0.276221
0.03125  -0.167104
0.09375  -0.394661
-0.09375  -0.183945
0  -0.0648082
-0.125  -0.116004
0.0625  -0.318912
0.15625  -0.311117
0.0625  -0.194268
-0.0625  -0.343287
0.15625  -0.211443
0.125  -0.525917
0.09375  -0.0492265
0.28125  -0.466364
0.125  -0.163503
0.25  -0.386939
-0.03125  -0.189996
-0.03125  -0.204708
-0.09375  -0.406979
0  -0.323596
0.28125  -0.268619
-0.1875  -0.346848
-0.125  -0.330697
-0.15625  -0.364984
0.09375  -0.243736
-0.0625  -0.212711
0.0625  -0.279166
0.15625  -0.206838
-0.28125  -0.410809
0.0625  -0.210127
0.125  -0.238027
-0.09375  -0.253781
0.09375  0.110235
0.25  -0.218774
0.0625  -0.27554
0.0625  -0.274836
-0.0625  -0.199891
0.09375  -0.104157
-0.03125  -0.565234
-0.125  -0.199456
0  -0.319978
-0.03125  -0.357122
-0.25  -0.208342
0.15625  -0.351578
0.03125  -0.219302
0.03125  -0.368569
0  -0.109723
0.09375  -0.316242
0.3125  0.0685163
-0.15625  -0.199566
0  -0.141735
-0.15625  -0.287011
-0.03125  -0.417448
-0.03125  -0.254649
-0.09375  -0.199755
-0.03125  -0.390833
-0.125  -0.472533
-0.125  -0.306223
0.03125  -0.24903
-0.0625  -0.332299
0.0625  -0.352641
-0.15625  -0.385676
-0.03125  -0.390068
-0.125  -0.322423
0  -0.33637
0  -0.115516
-0.1875  -0.150385
0.15625  -0.402019
0.09375  -0.341149
-0.03125  -0.00383009
0.21875  -0.367629
-0.03125  -0.325453
0.125  -0.196051
0.125  -0.103339
-0.15625  -0.242105
0.0625  -0.037635
0  -0.434444
0.0625  -0.173432
-0.0625  -0.194886
0  -0.163959
0.15625  -0.0934048
0.03125  -0.258852
0.15625  -0.19674
0.28125  -0.377949
0.21875  -0.333838
-0.0625  -0.187998
-0.03125  0.0427624
0  -0.208578
0.125  -0.210597
-0.15625  -0.157379
0.0625  -0.438065
-0.15625  -0.237532
0  -0.269872
-0.0625  -0.383868
-0.03125  -0.296438
0.125  -0.212424
-0.03125  -0.24977
-0.125  -0.20579
0.125  -0.151949
0.0625  -0.195367
-0.0625  -0.175632
0.03125  -0.134917
-0.3125  -0.354474
0.125  -0.115445
0.28125  -0.105806
0.09375  -0.204874
0.28125  -0.288679
0  -0.0409714
-0.09375  -0.108286
-0.15625  -0.311889
0.03125  -0.55796
-0.03125  -0.334274
-0.1875  -0.530967
-0.21875  -0.344659
0.1875  -0.270664
0.0625  -0.207898
-0.0625  -0.366253
-0.03125  -0.330121
-0.125  -0.237561
-0.03125  -0.345673
0  -0.166383
-0.15625  -0.236683
0.15625  -0.23657
-0.03125  -0.084483
0.125  -0.420316
-0.09375  -0.0165935
0.09375  -0.47442
0  -0.404722
0.125  -0.359658
-0.03125  -0.521881
0.09375  -0.0753556
-0.125  -0.209917
-0.09375  -0.327093
-0.03125  -0.189673
-0.09375  -0.186219
0.0625  -0.243083
-0.03125  -0.215923
-0.09375  -0.414628
-0.03125  -0.0129646
-0.125  -0.336433
-0.1875  -0.306663
0.15625  -0.461273
-0.03125  -0.0423128
0.03125  -0.393344
0  -0.339039
-0.15625  -0.116412
-0.15625  -0.0977399
-0.0625  -0.355566
0.03125  -0.282399
0.0625  -0.059103
-0.0625  -0.346734
0.03125  -0.187438
-0.0625  -0.314403
-0.125  -0.470693
0.0625  -0.250807
0.375  -0.181387
0.03125  -0.169463
-0.125  -0.235701
-0.03125  -0.0222628
0.09375  -0.216478
0.03125  -0.287885
-0.09375  -0.0154101
-0.21875  -0.0960308
-0.09375  -0.246568
0.375  -0.148563
-0.1875  -0.292358
0.03125  -0.242476
0.1875  -0.249001
0  -0.150663
-0.0625  -0.173716
-0.09375  -0.287593
0  -0.349542
0.03125  -0.436364
0.125  -0.314248
0.21875  -0.477719
-0.1875  -0.199571
0.15625  -0.298396
-0.28125  -0.355178
-0.21875  -0.35718
0.15625  -0.307947
-0.125  -0.30053
0.03125  -0.346992
-0.03125  -0.217717
0.21875  -0.159725
-0.03125  -0.32099
-0.09375  -0.282504
0.03125  -0.307216
-0.09375  -0.249959
0.1875  -0.402433
-0.21875  -0.440104
-0.15625  -0.109102
-0.34375  -0.357639
0  -0.186452
0.0625  -0.341812
0.15625  -0.260171
0.15625  -0.345074
-0.0625  -0.134131
-0.0625  -0.1445
0  -0.318863
0.125  -0.34388
-0.1875  -0.405324
-0.09375  -0.325094
0.09375  -0.205581
0.28125  -0.160079
0.125  -0.252161
-0.21875  -0.201205
-0.0625  -0.251585
-0.125  -0.402125
0.09375  -0.349314
0  -0.34533
-0.0625  0.0499975
-0.15625  -0.299352
0.125  -0.245211
0.03125  -0.00766261
0.0625  -0.274971
-0.09375  -0.368179
0.15625  -0.269089
0.09375  -0.124227
-0.25  -0.399331
-0.21875  -0.59042
0.03125  -0.130232
0.25  -0.276559
0.125  -0.536834
0.125  -0.289426
-0.25  -0.141304
0  -0.224516
0.25  0.00306236
-0.28125  -0.412574
-0.09375  -0.208737
0.03125  -0.532895
0.125  -0.185916
0.0625  -0.425337
0.1875  -0.213065
-0.15625  -0.107241
0.09375  -0.346507
0.03125  -0.305496
0  -0.434074
0  -0.156426
-0.125  -0.285584
-0.03125  -0.182818
0.03125  -0.202901
-0.03125  -0.170535
0.0625  -0.527277
0.0625  -0.708349
-0.21875  -0.44617
-0.0625  -0.198539
-0.125  -0.319281
-0.28125  -0.252592
0.25  -0.388282
0.21875  -0.0507832
-0.0625  -0.285054
-0.0625  -0.352999
-0.125  0.0622966
0  -0.0551441
-0.0625  -0.270607
-0.09375  -0.226685
0.125  -0.394258
-0.03125  -0.252135
-0.0625  -0.195177
0.125  -0.242254
0.1875  -0.437923
-0.15625  -0.10427
-0.03125  -0.217004
-0.09375  -0.397712
0  -0.301532
0.0625  -0.38828
-0.0625  -0.32981
-0.0625  -0.388049
0.1875  -0.0846335
-0.15625  -0.25324
-0.0625  -0.310194
0.15625  -0.415756
0.03125  -0.440537
-0.15625  -0.196108
0.28125  -0.124972
-0.125  -0.15295
0.15625  -0.346316
0.09375  -0.147031
-0.1875  -0.259193
-0.15625  -0.455177
-0.09375  -0.174076
0  -0.288067
0.0625  -0.226402
0.125  -0.0972225
-0.0625  -0.0604286
0  -0.159335
0  -0.0758815
0  -0.461196
-0.03125  -0.302882
-0.09375  -0.267153
-0.125  -0.218263
0.125  -0.247851
-0.03125  -0.128554
-0.0625  -0.166057
-0.03125  -0.226911
-0.125  -0.226724
0.09375  0.00432641
-0.125  -0.253274
-0.03125  -0.389427
0.15625  -0.216849
0.0625  -0.142077
0.125  -0.213394
-0.03125  -0.0511895
0.03125  -0.210768
0.125  -0.47356
-0.03125  0.0192078
-0.09375  -0.320379
-0.09375  -0.245166
-0.09375  -0.421869
0.1875  -0.307185
-0.0625  -0.461032
-0.09375  -0.0260279
0.09375  -0.358336
-0.03125  -0.0791373
-0.15625  -0.394317
0.09375  -0.0891087
0  -0.393743
0  -0.189202
-0.15625  -0.297291
0.09375  -0.040967
0.15625  -0.0433541
-0.125  -0.149847
0.0625  -0.349463
-0.0625  -0.502759
-0.03125  -0.315537
0.03125  -0.116893
0.09375  -0.330213
0.03125  -0.37374
0.1875  -0.314835
0.0625  -0.131293
-0.125  -0.357473
0.1875  -0.211213
-0.03125  -0.400308
-0.125  -0.263939
0.03125  -0.159217
0.09375  -0.305791
-0.15625  -0.315535
-0.21875  -0.14284
0.125  -0.447232
0  -0.309585
-0.21875  -0.18526
0.09375  -0.0928044
-0.0625  -0.310078
-0.125  -0.198274
0.25  -0.301657
0.0625  -0.228169
0.28125  -0.122937
-0.375  -0.208895
-0.03125  -0.329607
0  -0.192517
-0.3125  -0.156359
-0.1875  -0.157207
-0.0625  -0.0676446
0.21875  -0.239654
0.125  -0.223044
0.375  -0.0555291
0.125  -0.480917
-0.09375  -0.226729
-0.0625  -0.205867
0.03125  -0.169414
-0.03125  -0.2297
-0.03125  -0.121729
-0.09375  -0.183485
0.03125  -0.165197
0.1875  -0.247249
0.28125  -0.272576
0.0625  -0.285636
0.0625  -0.00228886
-0.0625  -0.220344
-0.09375  -0.180133
-0.28125  -0.264974
0.03125  -0.398627
-0.0625  -0.2754
0.03125  -0.306908
-0.25  -0.300179
0.15625  -0.461266
-0.09375  -0.361157
0.0625  -0.209397
0.03125  -0.0687668
-0.09375  -0.309592
-0.125  -0.132403
0.03125  -0.302384
-0.3125  -0.351678
0.0625  -0.215567
0.09375  -0.404788
0.0625  -0.081204
0.3125  -0.124839
0  -0.113063
0.25  -0.126235
0.03125  -0.416725
-0.03125  -0.406498
0  -0.180937
-0.0625  -0.135804
-0.125  -0.117016
0.15625  -0.251584
-0.1875  -0.533533
0.03125  -0.00681941
-0.125  -0.0252163
0.03125  -0.387222
0.28125  -0.336008
0  -0.246846
-0.25  -0.234723
0.0625  -0.455472
0.15625  -0.328174
-0.125  -0.227459
0.03125  -0.28572
0.1875  -0.340667
-0.09375  -0.376953
0.15625  -0.191495
0.21875  -0.146131
0.09375  -0.228162
0.0625  -0.322301
0.125  -0.0381333
0.03125  -0.260203
0.125  -0.0965145
-0.21875  -0.491212
-0.0625  -0.304918
-0.25  -0.118673
0  -0.295227
-0.09375  -0.283782
-0.15625  -0.111353
-0.0625  -0.262038
-0.09375  -0.291454
0.0625  -0.0409156
-0.09375  -0.416379
-0.125  -0.175789
-0.21875  -0.124335
-0.03125  -0.390498
0.09375  -0.379954
-0.21875  -0.114101
0.03125  -0.26059
-0.0625  -0.197993
-0.125  -0.495991
0.03125  -0.404007
-0.0625  -0.0914959
-0.03125  0.136048
-0.125  -0.314752
-0.0625  -0.419227
0.09375  -0.306435
-0.125  -0.167
0.21875  -0.119136
-0.15625  -0.274386
0.0625  -0.162443
-0.15625  -0.210838
-0.09375  -0.37592
0.25  -0.187764
0  -0.00662987
-0.125  -0.169543
0.15625  -0.248504
-0.1875  -0.201264
0.125  -0.285207
-0.21875  -0.466997
0.0625  -0.344699
-0.09375  -0.0901001
0.15625  -0.345197
-0.0625  -0.311653
0  -0.215321
0.0625  -0.181551
-0.21875  -0.184091
-0.125  -0.15627
0.09375  -0.508233
0  -0.16881
0  -0.0373282
0.25  -0.425288
0.0625  -0.308766
0  -0.473928
-0.09375  0.142799
-0.03125  0.0864923
-0.03125  -0.141112
-0.03125  -0.186501
-0.0625  -0.189906
0.1875  -0.407495
-0.28125  -0.30665
0.0625  -0.471611
0.09375  -0.39794
-0.1875  -0.145542
-0.15625  -0.517995
-0.0625  -0.457552
-0.1875  -0.291688
-0.0625  -0.0702256
0.0625  -0.282801
0.25  -0.562611
0.21875  -0.38162
-0.15625  -0.293633
0.0625  -0.187276
-0.0625  -0.461902
0.0625  -0.412224
-0.09375  -0.251303
-0.125  -0.059339
-0.09375  -0.19399
0.03125  0.0907685
-0.1875  -0.48612
-0.15625  -0.20817
-0.21875  -0.076476
0.09375  -0.212157
-0.0625  -0.561805
0.0625  -0.297271
0.0625  -0.216148
-0.15625  -0.323277
0.15625  -0.396504
0  -0.17135
0.15625  -0.247994
0.09375  -0.335566
0.1875  -0.424061
-0.1875  -0.379649
0.0625  -0.0771205
0.15625  -0.337055
0.125  -0.396467
0.09375  -0.192444
-0.1875  -0.292775
0.21875  -0.350637
0.09375  -0.315497
0.0625  -0.139837
0.09375  -0.199515
-0.03125  -0.376885
0  -0.140881
0.15625  -0.276314
-0.09375  -0.432773
-0.09375  -0.239035
0.03125  -0.208218
-0.09375  -0.203822
-0.0625  -0.273501
-0.1875  -0.358946
0.125  -0.439959
0.15625  -0.317449
0  -0.155552
0.125  -0.240691
0.03125  -0.34278
-0.21875  -0.112549
0  -0.214366
0.21875  -0.086098
0.125  -0.153588
-0.15625  -0.0753565
-0.03125  -0.217019
0.09375  -0.549259
-0.09375  -0.175932
-0.09375  -0.131816
0  -0.181852
0.03125  -0.085143
-0.3125  -0.291773
-0.03125  -0.417759
0.03125  -0.248297
0.0625  -0.238921
-0.15625  0.0560284
0.09375  -0.302454
0.0625  -0.279751
-0.1875  -0.273862
-0.25  -0.019247
-0.25  -0.305718
0.125  -0.231557
-0.1875  -0.256469
0.0625  -0.33603
0.125  -0.32736
0.21875  -0.571549
0.0625  -0.252873
-0.125  -0.217708
-0.09375  -0.306334
0.15625  -0.275802
0.125  -0.288469
-0.25  -0.0406367
0.0625  -0.245401
0  -0.14461
-0.15625  -0.422248
-0.15625  -0.546428
-0.09375  -0.564589
0.03125  -0.315106
0.03125  -0.321221
-0.09375  -0.279074
0.09375  -0.295152
0.03125  -0.428024
0.03125  -0.392268
-0.21875  -0.0524575
0.1875  -0.284287
0.21875  -0.417502
-0.15625  -0.0597842
0.03125  -0.306907
0.0625  -0.35838
0.15625  -0.152298
0.125  -0.288479
-0.125  0.0335933
-0.125  -0.0512843
0  -0.495155
0.15625  -0.348989
0.125  -0.154402
-0.28125  -0.205221
0.0625  -0.251616
-0.09375  -0.0557964
-0.09375  -0.0688735
0.21875  -0.304724
0.03125  -0.170708
0.09375  -0.222287
-0.1875  -0.173394
-0.375  -0.299974
-0.125  -0.241508
-0.1875  -0.382264
-0.15625  -0.280314
0.0625  -0.264936
-0.15625  -0.207138
0.0625  -0.259466
0.25  -0.326599
-0.03125  -0.165711
0.0625  -0.263864
-0.0625  -0.207165
-0.21875  -0.180385
0  -0.309779
-0.1875  -0.178161
0.03125  -0.238389
0.125  -0.26128
-0.0625  -0.126279
0.03125  -0.371034
-0.09375  -0.132262
-0.1875  -0.277838
0.40625  -0.39991
-0.15625  -0.252572
-0.0625  -0.369337
-0.125  -0.213087
-0.125  -0.17268
0.15625  -0.251988
-0.25  -0.282259
-0.03125  -0.351371
-0.0625  -0.170586
-0.03125  -0.154021
0.03125  -0.0888129
-0.03125  -0.304615
-0.21875  -0.326299
-0.125  -0.211415
0.09375  -0.406533
0.09375  -0.328397
0.0625  -0.342219
0.09375  -0.348277
-0.09375  -0.199417
0.15625  -0.0983352
-0.25  -0.360092
0.25  -0.353327
-0.03125  -0.331007
0  -0.282408
0.34375  -0.235655
-0.125  -0.359814
-0.125  -0.430249
0.09375  -0.175325
-0.15625  -0.322104
-0.15625  -0.1508
0.15625  -0.269377
0.125  -0.333305
-0.3125  -0.192802
0.125  -0.177247
-0.03125  -0.255012
0.09375  0.108306
-0.0625  -0.00825508
0.03125  -0.0734141
-0.15625  -0.00706484
0  -0.153628
0.03125  -0.056288
-0.1875  -0.269705
0.125  -0.299654
-0.0625  -0.291969
0  -0.319142
0.0625  -0.275838
-0.15625  -0.27512
-0.28125  -0.489273
0.09375  -0.199552
-0.0625  -0.240974
0.15625  -0.390478
-0.03125  -0.254509
-0.09375  -0.288712
-0.0625  -0.250363
-0.09375  -0.280442
0.125  -0.0236328
-0.03125  -0.090862
0.15625  -0.261874
0.25  -0.262771
0.03125  0.00245316
0.15625  -0.460012
0.125  -0.237102
0.0625  -0.322793
-0.125  -0.508011
-0.125  -0.265652
-0.0625  -0.0307336
-0.0625  -0.199955
-0.09375  -0.188425
0.03125  -0.265947
-0.1875  -0.219202
0  -0.211249
-0.125  -0.437651
-0.03125  0.0117228
-0.15625  -0.24331
-0.0625  -0.326646
0.0625  -0.0523172
0.0625  -0.286261
-0.09375  -0.274585
-0.28125  -0.341809
0.125  -0.388041
0.03125  -0.202438
-0.0625  -0.231291
-0.0625  -0.46269
0.0625  -0.336008
0.125  -0.271997
0  -0.196884
0.03125  -0.177984
0.21875  -0.0598192
-0.09375  -0.519646
-0.03125  -0.395609
-0.03125  -0.164158
-0.125  -0.116418
-0.125  -0.492922
-0.125  -0.175447
-0.03125  -0.344193
0.125  -0.375255
0.0625  -0.452375
-0.03125  -0.22933
0.125  -0.291571
-0.03125  -0.363504
-0.34375  -0.361028
-0.1875  -0.161518
-0.1875  -0.103338
-0.0625  -0.18157
-0.03125  -0.276747
-0.0625  -0.0304744
-0.21875  -0.308206
0.03125  -0.0292264
-0.25  -0.0525615
0.1875  -0.322073
-0.125  -0.0762162
-0.09375  -0.360658
0.09375  -0.154602
0.1875  -0.351577
-0.15625  -0.387229
0.03125  -0.301544
-0.0625  -0.160017
0.03125  -0.278678
0.1875  -0.354115
-0.0625  -0.371433
-0.09375  -0.340596
0.09375  -0.318863
-0.0625  -0.280447
0.03125  -0.53595
0.0625  -0.271085
0.15625  -0.473811
-0.15625  -0.203993
0  -0.262485
0.0625  -0.196522
-0.1875  -0.259866
0.03125  -0.173099
0  -0.31572
0  -0.449494
-0.125  -0.276133
0.15625  -0.117291
-0.15625  -0.301265
-0.1875  -0.259742
0.09375  -0.436858
0.125  -0.271573
0  -0.473128
0.03125  -0.496645
0.0625  -0.261386
0  -0.283918
0.15625  -0.277999
-0.125  -0.156184
-0.28125  -0.386962
0.15625  -0.0334268
-0.03125  -0.214835
0.03125  -0.323195
-0.0625  -0.34487
0.09375  -0.0630825
0.09375  -0.280406
0.09375  -0.398403
0.03125  -0.343185
-0.03125  -0.233293
0.15625  -0.115912
-0.03125  -0.290195
0  -0.406553
0.28125  -0.358814
-0.03125  -0.201713
0.3125  -0.118096
0.21875  -0.238402
-0.09375  -0.3248
-0.0625  -0.219956
0.125  -0.289878
-0.15625  -0.328488
0.125  -0.318632
-0.125  -0.402337
-0.0625  -0.118847
0.25  -0.105525
0.03125  -0.196811
-0.15625  -0.475238
-0.03125  -0.211258
-0.1875  -0.189421
-0.28125  -0.202822
0  -0.290653
-0.09375  -0.0208455
-0.3125  -0.269569
-0.0625  -0.0485106
0.03125  -0.248894
0.03125  -0.14666
0.0625  -0.494947
-0.09375  -0.2537
0  -0.350812
-0.1875  -0.381788
-0.0625  -0.127964
0.09375  -0.276679
0.15625  -0.150629
-0.03125  -0.297817
0.03125  -0.114287
-0.0625  -0.430354
-0.125  -0.367359
-0.125  -0.274868
-0.0625  -0.151289
0.09375  -0.430695
-0.21875  -0.19681
-0.15625  -0.206921
0.09375  -0.19575
0.0625  -0.188714
-0.0625  -0.365119
0.09375  -0.180743
-0.03125  -0.163463
-0.03125  -0.11549
-0.28125  -0.0134516
-0.125  -0.108088
0.03125  -0.167395
-0.125  -0.434095
0.0625  -0.300149
0.09375  -0.176603
0.03125  -0.291754
0  -0.264957
-0.0625  -0.36409
-0.03125  -0.0894134
0.0625  -0.314195
0.125  -0.311381
-0.125  -0.340928
0.03125  -0.170503
0.09375  -0.080016
-0.25  -0.22574
-0.03125  -0.269304
0.03125  -0.177099
0.0625  -0.250623
0  -0.204187
-0.03125  -0.338957
0.125  -0.493919
-0.03125  -0.222148
0.15625  -0.0968557
-0.0625  -0.0650047
0.09375  -0.448778
0.03125  -0.0722672
0.125  -0.333102
0.125  -0.207068
0.0625  -0.190544
0.15625  -0.164096
-0.03125  -0.355259
-0.09375  -0.0675408
-0.15625  -0.253143
0  -0.219493
0.25  -0.271131
0.0625  -0.143368
-0.09375  -0.182541
-0.1875  -0.583196
0.09375  -0.228529
-0.1875  -0.256865
0  -0.322644
-0.15625  -0.212477
0.0625  -0.125896
-0.0625  -0.186902
0.03125  -0.24952
-0.09375  -0.2041
0  -0.214883
-0.03125  -0.0744688
-0.1875  -0.080141
0  -0.285049
-0.0625  -0.0274302
-0.0625  -0.339637
0.0625  -0.161098
0.1875  -0.211013
-0.125  -0.402241
0.1875  -0.323849
0.1875  -0.308105
-0.03125  -0.0996634
0  -0.358285
-0.1875  -0.223041
0.0625  -0.41091
0.15625  -0.440162
0.0625  -0.183639
0.03125  -0.365136
0.03125  -0.296572
-0.15625  -0.389649
-0.125  -0.216421
-0.03125  0.0612417
0.21875  -0.00653368
-0.03125  -0.3517
0  -0.280122
0.09375  -0.36768
-0.15625  -0.0342461
0.15625  -0.355678
-0.0625  -0.223626
0  -0.367979
-0.09375  -0.164255
-0.15625  -0.244704
-0.125  -0.387753
-0.15625  -0.243578
0.0625  -0.315297
0.09375  -0.195083
-0.03125  -0.0681322
0.15625  -0.355588
0.03125  -0.148803
-0.09375  -0.421249
-0.0625  -0.402892
0.0625  -0.278179
-0.0625  -0.367242
-0.125  -0.240559
-0.1875  -0.245826
0.125  -0.569958
0.0625  -0.340192
-0.09375  -0.36956
-0.1875  -0.328217
-0.125  -0.143537
0.03125  -0.308639
0.0625  -0.0382517
0.03125  -0.509287
0  -0.0621697
-0.125  -0.292807
0.21875  -0.277714
0.03125  -0.124891
0  -0.0624186
0.09375  -0.20258
0.03125  -0.152804
0.09375  -0.134281
0.09375  -0.341415
0.21875  -0.427088
0.15625  -0.542603
-0.03125  -0.292797
0.1875  -0.119211
-0.125  -0.418451
-0.09375  -0.395615
0.03125  -0.334377
0.03125  -0.00365484
-0.125  -0.339504
0.25  -0.174921
-0.0625  -0.420789
0.0625  -0.11643
0.09375  -0.289435
0.15625  -0.32502
-0.09375  -0.569901
-0.09375  -0.0453753
0  -0.372385
0.34375  -0.240644
-0.1875  -0.212277
0.1875  -0.335176
0.21875  -0.169861
0.0625  -0.417254
0.03125  -0.254608
-0.125  -0.325671
0.25  -0.242242
-0.125  -0.310456
-0.15625  -0.37568
-0.25  -0.169896
-0.0625  -0.204985
0.15625  -0.118843
-0.03125  -0.301249
0.0625  -0.342912
0.03125  0.0409214
-0.09375  -0.184949
0.03125  -0.157295
-0.15625  -0.276484
0.0625  -0.307457
0.125  -0.205612
0.15625  0.0163119
-0.1875  0.121972
-0.0625  -0.247116
-0.0625  -0.322769
0.21875  -0.152434
-0.125  -0.356508
0.03125  -0.122732
-0.1875  -0.177244
0.0625  -0.141197
0.0625  -0.15939
-0.25  -0.287094
-0.03125  -0.31
-0.0625  -0.250553
0  -0.149954
0.125  -0.19581
0.0625  -0.342983
0  -0.345692
-0.0625  -0.0387903
0.09375  -0.380286
-0.1875  -0.368731
-0.15625  -0.465404
-0.1875  -0.41038
-0.15625  -0.328777
0.03125  -0.227513
0.1875  -0.384728
0.09375  -0.242071
0.03125  -0.376868
-0.21875  -0.251525
-0.09375  -0.362408
-0.03125  -0.130017
-0.0625  -0.275417
-0.125  -0.186256
-0.0625  -0.00955885
-0.125  -0.196461
0  -0.206789
-0.03125  -0.0376429
-0.03125  -0.266574
-0.15625  -0.162632
0.03125  -0.0552033
-0.1875  0.00420534
0.09375  -0.298528
0.0625  -0.228584
-0.0625  -0.200249
0.03125  -0.309586
-0.125  -0.216543
-0.0625  -0.441058
-0.03125  -0.290081
0  -0.193457
0  -0.265323
-0.03125  -0.239537
-0.25  -0.0814717
-0.09375  -0.242606
-0.0625  -0.331142
-0.09375  -0.298745
0.03125  -0.359392
-0.0625  -0.114146
0.03125  -0.205409
0.03125  -0.239413
-0.28125  -0.307182
-0.125  -0.27239
-0.09375  -0.220932
0  -0.254385
0.0625  -0.421483
0.15625  -0.256089
0.03125  -0.335935
0.03125  -0.200663
0.125  -0.164628
-0.09375  -0.292511
-0.09375  -0.286835
0.03125  -0.189997
-0.15625  -0.149502
-0.03125  -0.335156
-0.03125  -0.254501
0.09375  -0.174808
-0.0625  -0.381257
-0.0625  -0.187322
0.09375  -0.368781
0.1875  -0.335462
-0.15625  -0.2444
0.0625  -0.321452
0.03125  -0.261788
0  -0.0355315
0.09375  -0.333833
0.03125  -0.136171
-0.25  -0.121484
0.03125  -0.360034
0  -0.337995
0.0625  -0.195663
0.0625  -0.233809
0.09375  -0.160644
-0.09375  -0.0194827
-0.0625  -0.134243
-0.1875  -0.194225
0.0625  -0.00235244
0.0625  -0.470078
0.15625  -0.197553
-0.21875  -0.189976
-0.15625  -0.482121
-0.1875  -0.305447
0.0625  -0.0924667
-0.125  -0.203152
0.15625  -0.314648
0.125  -0.0562376
-0.03125  -0.190976
-0.1875  -0.11194
-0.1875  -0.549526
0.03125  -0.244039
0.03125  -0.272423
-0.0625  -0.271066
0  -0.129195
0.0625  0.033741
0.125  -0.189938
0.03125  -0.443126
-0.15625  -0.387738
-0.21875  -0.257002
0.0625  -0.0806535
-0.15625  -0.483494
-0.125  -0.42127
-0.21875  -0.239747
0.0625  -0.288095
0.0625  -0.338646
-0.09375  -0.233655
-0.1875  -0.00688858
0.1875  -0.178279
-0.09375  -0.252669
0.03125  -0.334998
0.03125  -0.192362
-0.03125  -0.307154
-0.21875  -0.39429
0.03125  -0.110768
-0.09375  -0.245503
-0.09375  -0.316917
0  -0.263999
0.15625  -0.238416
0.0625  -0.0892889
0.09375  -0.0922225
-0.21875  -0.309647
0.15625  -0.287023
-0.0625  -0.337028
-0.15625  -0.379444
0.03125  -0.237099
0.0625  -0.356963
0  -0.177893
-0.125  -0.359883
0.0625  -0.185082
-0.0625  -0.24214
0  -0.236493
0.03125  -0.194502
0  -0.34505
-0.15625  -0.165222
-0.125  -0.313472
-0.0625  -0.0409031
0.1875  -0.330586
0.03125  -0.399705
-0.03125  -0.331866
-0.1875  -0.418634
0.09375  -0.226949
0.0625  -0.157878
0.0625  -0.386439
0.09375  -0.273699
-0.03125  0.0166314
0  -0.365272
-0.21875  -0.299852
0.15625  -0.194913
0  -0.394632
0.15625  -0.395499
-0.03125  -0.269264
0  -0.355037
-0.15625  -0.343523
0.03125  -0.18425
-0.3125  -0.389287
-0.0625  -0.0689653
0.28125  0.0293026
0.1875  -0.128936
0.34375  -0.314176
0  -0.205076
-0.375  -0.0397273
0.125  -0.315688
0.25  -0.355385
-0.03125  -0.580087
0.09375  -0.288453
0.03125  -0.190576
-0.03125  -0.563188
0.15625  -0.37635
0.1875  0.00397622
0.03125  -0.131734
-0.09375  -0.0360834
0  -0.187521
0.15625  -0.298392
-0.125  -0.20379
0.09375  -0.235995
-0.125  -0.374661
0  -0.105644
-0.09375  -0.122036
0  -0.371451
-0.125  -0.21765
0.125  -0.377493
-0.09375  -0.429778
-0.03125  -0.228437
-0.21875  -0.26392
-0.0625  -0.386682
0.21875  0.0151559
-0.125  -0.269242
-0.09375  -0.0908832
0.09375  -0.130983
0.03125  -0.252314
0.15625  -0.337343
-0.21875  -0.407554
-0.21875  -0.220649
-0.21875  -0.362319
-0.0625  -0.185061
-0.03125  -0.0129282
0.0625  -0.263627
0.09375  -0.0629472
-0.03125  -0.130875
-0.09375  -0.306029
-0.125  -0.266316
-0.0625  -0.224399
0  -0.130785
-0.1875  -0.328898
-0.03125  -0.252401
-0.125  -0.136095
-0.1875  -0.114146
0.25  -0.343656
-0.15625  -0.333664
-0.125  -0.249943
0.1875  -0.468871
0.0625  -0.0915198
-0.1875  -0.302268
-0.0625  -0.31306
0.21875  -0.142038
0.1875  -0.211073
-0.09375  -0.140089
-0.09375  -0.356595
0  -0.247748
-0.125  -0.39044
0.09375  -0.44897
0.03125  0.0236822
0.03125  -0.181783
0.09375  -0.368487
-0.03125  -0.224591
0.25  -0.160473
0.0625  -0.204365
0.1875  -0.204215
-0.09375  -0.395191
0  -0.288932
0.09375  -0.478519
-0.1875  -0.283594
-0.125  -0.265854
-0.03125  -0.325048
-0.09375  0.0226135
0  -0.262533
0.09375  -0.30738
-0.0625  -0.359785
-0.03125  -0.186751
-0.15625  -0.376448
-0.15625  -0.227666
-0.0625  -0.464072
-0.125  -0.273663
0.09375  -0.140343
-0.09375  -0.310667
-0.125  -0.228816
0.0625  -0.13385
-0.0625  -0.225425
-0.09375  -0.155281
-0.21875  -0.232135
0.21875  -0.127939
0  -0.0896857
0.125  -0.282119
-0.0625  -0.183585
-0.40625  -0.26969
0.03125  -0.11954
-0.1875  -0.179319
-0.03125  -0.244273
-0.21875  -0.240714
0.03125  -0.23799
-0.25  -0.106513
0  -0.353577
0.21875  -0.310333
-0.09375  -0.259882
0.03125  -0.377706
0.0625  -0.210523
-0.34375  -0.336698
0.03125  -0.287426
0.125  -0.282963
0.21875  -0.404726
0.09375  -0.317559
-0.03125  -0.00634196
-0.03125  0.00138537
-0.125  -0.252169
-0.03125  -0.0607618
-0.0625  -0.305486
0.125  -0.133901
-0.03125  -0.00926306
0.15625  -0.418251
-0.125  -0.0850019
-0.03125  -0.319435
0.0625  -0.134867
-0.09375  -0.280771
0.03125  -0.0661016
0  -0.206184
-0.09375  -0.209081
0.0625  -0.338913
-0.15625  -0.274254
-0.125  -0.0906624
-0.03125  -0.306528
-0.03125  -0.211122
-0.09375  -0.314167
0  -0.44321
-0.15625  -0.41816
-0.15625  -0.157034
-0.21875  -0.338549
0.0625  -0.0456205
0  -0.359226
-0.28125  -0.16648
-0.03125  -0.101272
-0.125  -0.10423
0  -0.267106
0.0625  -0.428844
-0.125  -0.310085
0.03125  -0.224916
0.09375  -0.387519
0.0625  -0.0360796
0.125  -0.262001
-0.09375  -0.338261
-0.21875  -0.33162
-0.03125  -0.39288
-0.03125  -0.145941
0.09375  -0.314831
0.125  -0.0972371
-0.25  -0.358184
0.03125  -0.3276
-0.03125  -0.26445
0.09375  -0.162388
0.125  -0.227699
-0.09375  0.0820301
-0.09375  0.0188599
0.125  -0.181728
-0.03125  -0.442297
0  -0.259218
0  -0.243386
0.3125  -0.224099
-0.1875  -0.196461
0.25  -0.257463
0.125  -0.293568
0.09375  -0.0378472
0  -0.0640411
-0.125  -0.268234
0.1875  -0.193728
0.21875  -0.397739
-0.03125  -0.176404
-0.21875  -0.0634765
-0.03125  -0.329588
-0.28125  -0.313668
0.09375  -0.193521
0.125  -0.216241
0.0625  -0.0790869
0.0625  -0.178401
0.125  -0.368463
0  -0.232182
0.0625  -0.18021
-0.03125  -0.261625
0.09375  -0.43532
-0.0625  -0.266439
-0.125  -0.0994715
0.0625  -0.385022
-0.09375  -0.293064
-0.0625  -0.304069
0.03125  -0.156093
0.125  -0.175325
-0.125  -0.334176
-0.28125  -0.389882
-0.0625  -0.229745
0  -0.0919136
0.21875  -0.242774
0  -0.400698
-0.125  -0.212186
0.0625  -0.342946
-0.125  0.139213
-0.0625  -0.0490658
-0.0625  -0.370616
-0.125  -0.408099
-0.1875  -0.150805
-0.15625  -0.218547
-0.21875  -0.19592
-0.15625  -0.242989
0.0625  -0.345177
-0.03125  -0.147628
-0.0625  -0.335967
-0.3125  -0.13288
-0.03125  -0.34098
-0.09375  -0.287646
0  -0.332144
0.15625  -0.309301
0.15625  -0.417541
-0.1875  -0.416929
0.15625  -0.300469
0.09375  -0.359561
0.15625  -0.449535
-0.25  -0.309074
0  -0.113038
0.15625  -0.343649
0.0625  -0.284101
-0.03125  -0.0467307
0.09375  -0.294326
-0.03125  -0.389728
0  -0.135059
-0.09375  0.0222997
0.25  0.0925686
-0.125  -0.295103
-0.09375  -0.446521
0.03125  -0.19057
-0.1875  -0.398751
-0.125  -0.253742
0.21875  -0.214398
-0.15625  -0.223126
0.03125  -0.0484256
0.4375  -0.406373
-0.1875  -0.191012
0.15625  -0.282175
0  -0.47792
-0.1875  -0.323695
0.15625  -0.240336
0.0625  -0.399782
-0.09375  -0.35005
-0.15625  -0.455046
0.0625  -0.248928
0.15625  -0.242078
0.1875  -0.218674
-0.28125  -0.182835
0  -0.221712
-0.03125  -0.163076
-0.03125  -0.151285
0.0625  -0.383332
-0.03125  -0.104887
-0.15625  -0.187634
0.03125  -0.265901
0  -0.19081
-0.0625  -0.188868
0.0625  -0.41412
-0.1875  -0.297556
0.15625  -0.163216
0  -0.248967
0.03125  -0.431565
0.09375  -0.352042
0.03125  -0.0734173
-0.09375  -0.310327
-0.03125  -0.384512
0.0625  -0.118022
0.0625  -0.0685464
-0.03125  -0.584791
0.09375  -0.311188
-0.125  -0.165814
0.15625  0.0230914
-0.34375  -0.106389
-0.0625  -0.162708
0.125  -0.215399
0.09375  -0.265152
0.25  -0.335771
0  -0.0689713
0.0625  -0.170595
0.03125  -0.221763
-0.15625  -0.197857
-0.25  -0.373663
-0.15625  -0.249332
0.15625  -0.244765
0.03125  -0.0760782
0.09375  -0.22021
0.15625  -0.488516
0.28125  -0.0765004
0.125  -0.291382
0.1875  -0.289616
-0.09375  -0.535632
-0.09375  0.0180465
-0.0625  -0.232138
0.0625  -0.32558
-0.125  -0.385632
0.0625  -0.236956
-0.03125  -0.179114
-0.03125  -0.27664
0.21875  -0.211205
0  -0.346444
0  -0.212687
-0.09375  -0.277354
-0.0625  -0.216537
0.15625  -0.503764
-0.03125  -0.274302
0.15625  -0.405753
-0.09375  -0.297051
0  -0.165018
0.0625  0.0216014
0.09375  -0.41792
0.0625  -0.202425
-0.15625  -0.198486
0.09375  -0.350146
-0.03125  -0.18974
0.03125  -0.151401
-0.03125  -0.230669
0.09375  0.0334758
0.0625  -0.356395
-0.3125  -0.372383
0.125  -0.224967
-0.15625  -0.261823
0.1875  -0.0224909
0.03125  -0.272015
-0.03125  -0.234257
0  -0.216286
0.0625  -0.10622
-0.09375  -0.245309
0.0625  -0.375723
0.125  -0.150015
-0.0625  -0.27836
-0.15625  -0.253036
-0.03125  -0.382949
0.03125  -0.166885
-0.0625  -0.453077
0.125  -0.423462
0.21875  -0.50215
0.09375  -0.101618
-0.1875  -0.455565
0  -0.319734
0.125  -0.406885
0.0625  -0.451227
0.25  -0.130963
0.1875  -0.425303
0.03125  -0.353454
0.125  -0.289949
-0.125  -0.00843021
0.1875  -0.266429
-0.25  -0.263774
0  -0.379578
0.1875  -0.349335
-0.09375  -0.129276
-0.03125  -0.121947
-0.03125  -0.267762
-0.1875  -0.469443
0.0625  -0.21628
0.125  -0.202581
0.21875  -0.575172
-0.09375  -0.191865
-0.125  -0.339855
0.125  -0.303994
-0.0625  -0.404501
-0.34375  -0.345799
0.1875  -0.214906
-0.28125  -0.310303
-0.0625  -0.224905
-0.15625  -0.293221
-0.125  -0.215543
0  -0.572261
0.21875  -0.104841
0.0625  0.0460005
0.125  -0.30872
-0.03125  -0.195032
-0.125  0.000197457
0.0625  -0.310475
0.0625  -0.251491
0  -0.382235
0.1875  -0.281532
0.0625  -0.288138
0.0625  -0.20546
-0.125  -0.0989023
0.0625  -0.0615287
0.15625  -0.502035
0  -0.243564
0  -0.00200973
-0.03125  -0.175351
-0.125  -0.187983
-0.125  -0.329564
0.09375  -0.104072
0.21875  -0.255302
0.0625  -0.338557
0.0625  -0.343879
0.09375  -0.22607
0.125  -0.417778
0.1875  -0.273965
-0.03125  -0.192902
0.09375  -0.418876
-0.125  -0.301242
0.03125  -0.203383
0.0625  -0.18229
-0.03125  -0.27285
0.09375  -0.366027
0.25  -0.358974
-0.15625  -0.365834
-0.375  -0.157537
0  -0.521757
0.03125  -0.308323
-0.28125  -0.273311
0.21875  -0.271822
0  -0.24916
-0.0625  -0.168713
-0.25  -0.414846
0.09375  -0.212499
0.28125  -0.33828
-0.1875  -0.29918
0  -0.202527
0.03125  -0.230622
0  -0.285377
-0.03125  -0.219919
-0.09375  -0.242684
0.0625  -0.165105
-0.09375  -0.0537153
0.03125  -0.412498
0  -0.174054
-0.03125  -0.420368
-0.03125  -0.235342
-0.03125  -0.042867
-0.15625  -0.271961
-0.25  -0.326995
0  -0.342887
-0.03125  -0.313569
0.125  -0.171031
-0.0625  -0.136459
-0.125  -0.233643
-0.03125  -0.41423
0.15625  -0.171532
-0.21875  -0.16803
0.03125  -0.378126
0  0.0319146
0  -0.365875
-0.03125  -0.115544
0.125  -0.215815
-0.1875  -0.0570613
-0.0625  -0.0797443
-0.09375  -0.227242
0.3125  -0.491851
0.125  -0.381092
0.03125  -0.19756
-0.125  -0.0673845
0.0625  -0.108789
0.03125  -0.561275
-0.03125  -0.0816311
-0.3125  0.0887692
-0.09375  -0.360981
0.15625  -0.245378
-0.09375  -0.140586
0.09375  -0.113571
0.03125  -0.406872
0.0625  -0.431582
0.15625  -0.238669
0.03125  -0.165462
-0.0625  -0.286249
0.125  -0.101488
-0.25  -0.3746
-0.03125  -0.132657
0  -0.156865
0.21875  -0.10498
0  -0.132978
-0.3125  -0.186876
-0.125  -0.399848
-0.09375  -0.0703069
-0.15625  0.000983361
0.21875  -0.175121
0.0625  -0.311686
0.09375  -0.221875
-0.25  -0.369478
0.125  -0.0357622
0.21875  -0.277626
-0.0625  -0.114661
0.125  -0.303369
-0.03125  -0.406549
0.125  -0.430011
0.03125  -0.457984
-0.15625  -0.358037
0.03125  -0.560604
-0.15625  -0.357493
-0.28125  -0.337712
-0.03125  0.00558012
-0.15625  -0.113396
0.15625  -0.192164
-0.1875  -0.174444
-0.28125  -0.248859
0.03125  -0.0588572
-0.09375  -0.496195
0.03125  -0.223782
-0.15625  -0.265961
0.0625  -0.418451
0.125  -0.36833
0.25  -0.299109
-0.0625  -0.157958
0  -0.219022
-0.15625  -0.230664
-0.125  -0.145827
0.09375  -0.202428
0  -0.0283037
0.0625  -0.299972
0.1875  -0.50184
-0.09375  -0.213558
0  -0.362368
-0.0625  -0.23984
-0.0625  -0.25518
0.03125  -0.261284
0  -0.161589
-0.09375  -0.234593
0.09375  -0.173906
0.1875  -0.342923
-0.0625  0.0434107
0.0625  -0.217551
0.03125  -0.388768
-0.03125  -0.177586
0  -0.0863004
0.09375  -0.509104
0.03125  -0.331465
-0.15625  -0.415934
-0.21875  -0.336307
0.09375  0.017778
-0.1875  -0.095344
-0.09375  -0.596508
-0.0625  -0.417195
0.3125  -0.202829
0.09375  -0.0595539
0.03125  -0.132947
-0.28125  -0.231558
-0.09375  -0.358905
-0.09375  -0.225096
-0.375  -0.562552
0.0625  -0.294793
0.0625  -0.279194
-0.21875  -0.196476
0  -0.256887
-0.1875  -0.19126
0.21875  -0.382366
-0.0625  -0.321417
0  -0.283351
0  -0.193066
0  -0.0422692
0.125  -0.369741
-0.03125  -0.181538
0.0625  -0.368308
0  -0.0798499
-0.125  0.107156
-0.28125  -0.330436
0.15625  -0.351628
-0.0625  -0.440752
-0.15625  -0.19955
0.03125  -0.334059
0.4375  -0.311986
0.09375  -0.203731
0.1875  -0.148449
-0.21875  -0.225729
0  -0.351702
0.0625  -0.339392
0.09375  -0.377053
0.15625  -0.309034
0.0625  -0.316379
-0.09375  -0.110459
0.25  -0.327846
0.0625  -0.360325
0  -0.293758
-0.25  -0.382126
0.03125  -0.273569
-0.125  -0.145661
0.03125  -0.361106
-0.03125  -0.2521
-0.09375  -0.241817
0.15625  -0.606428
0.125  -0.305725
-0.0625  -0.327034
-0.0625  -0.177685
-0.09375  -0.0923723
-0.125  -0.113706
-0.21875  -0.402534
0.125  -0.385304
0  -0.329479
0.15625  -0.197247
0  -0.245299
0.0625  -0.293749
0.21875  -0.235161
-0.28125  -0.251039
-0.03125  -0.175126
0.0625  -0.32094
-0.21875  -0.3968
0.25  -0.365024
0.09375  -0.39373
0.125  -0.315581
-0.0625  -0.174385
0.03125  -0.198145
-0.09375  -0.232053
0.125  -0.291779
0.03125  -0.300469
-0.0625  -0.155736
0.125  -0.518736
0.125  -0.242115
0.25  -0.211898
0  -0.271276
0.15625  -0.0342784
-0.0625  -0.418628
-0.03125  -0.142976
0.125  -0.269636
0.15625  -0.240944
0  -0.359283
0.03125  -0.423732
-0.03125  -0.116152
-0.0625  -0.319754
0.0625  -0.321602
-0.09375  -0.328307
-0.0625  -0.228147
0.03125  -0.159578
-0.0625  -0.196986
-0.09375  -0.250177
0.09375  -0.23247
-0.0625  -0.221397
-0.0625  -0.100646
-0.03125  -0.137423
0.3125  -0.159982
0.15625  -0.0628614
-0.25  -0.250558
0  -0.116287
-0.1875  -0.120645
-0.3125  -0.163451
-0.25  -0.0519038
0  -0.304181
-0.0625  -0.176556
-0.0625  -0.344219
0  -0.282564
-0.03125  -0.0297462
-0.0625  -0.304577
0.03125  -0.391874
-0.125  -0.233058
-0.0625  -0.317049
-0.09375  -0.0859622
0.03125  -0.255136
0.0625  -0.491785
0.0625  -0.165465
0.125  -0.286311
0  -0.315762
-0.09375  -0.178488
0.0625  -0.464488
-0.125  -0.16413
0.0625  -0.260625
0.21875  -0.383489
0.0625  -0.268067
0.15625  -0.405404
0.0625  -0.4167
-0.125  -0.245581
0.0625  -0.0866542
0  -0.179574
-0.1875  -0.302927
-0.15625  -0.342996
0.09375  -0.315613
0.1875  -0.383106
0.15625  -0.276051
0.0625  -0.278274
0  -0.323141
0.09375  -0.426144
-0.03125  -0.159784
-0.09375  -0.168714
0.3125  -0.442317
-0.0625  -0.375244
0.09375  -0.199724
-0.21875  -0.149936
0.25  -0.191978
-0.3125  -0.17596
0.21875  -0.395101
0.21875  -0.124817
-0.03125  -0.103948
-0.0625  -0.319247
-0.03125  -0.253245
0  -0.272026
0.09375  -0.403205
-0.09375  -0.186515
-0.1875  -0.394895
-0.0625  -0.15668
0.0625  -0.239435
-0.03125  -0.265369
0.03125  -0.290297
0.0625  -0.26465
-0.09375  -0.00756647
-0.125  -0.171796
0.0625  -0.527022
-0.0625  -0.436579
0  -0.408637
0.09375  -0.484759
-0.09375  -0.235929
0.03125  -0.392052
-0.03125  -0.127151
-0.03125  -0.295284
0.125  -0.128013
-0.125  -0.493555
0.0625  -0.322553
0.0625  -0.263826
0.03125  -0.191736
-0.1875  -0.299876
-0.0625  -0.0559162
-0.21875  -0.304755
0.09375  -0.468685
-0.25  -0.370316
0  -0.282865
-0.09375  -0.214952
-0.03125  -0.447787
0  -0.313476
-0.21875  -0.252762
0  -0.479005
0  -0.0387645
-0.125  -0.230766
-0.0625  -0.228052
0.0625  -0.100564
-0.1875  -0.283925
0.125  -0.434443
0  -0.257743
0.28125  -0.181621
-0.21875  -0.0160358
0.0625  -0.381415
-0.21875  -0.0393917
0  -0.259874
0.03125  -0.367222
0  -0.330213
-0.125  -0.407334
0.15625  -0.228731
0.1875  0.0150141
-0.15625  -0.0861403
0.09375  -0.277242
-0.03125  -0.116837
-0.15625  -0.41109
-0.03125  -0.12184
-0.03125  -0.148183
-0.09375  -0.349478
-0.34375  0.0328277
0.1875  0.00834787
0.21875  -0.348929
0.15625  -0.0465667
0.125  -0.4156
0.03125  -0.272098
0.03125  -0.0677547
0.03125  -0.147252
-0.03125  -0.0717921
-0.09375  -0.308872
0.03125  -0.377276
-0.03125  -0.353728
0.09375  -0.352874
0.09375  -0.189625
0.1875  -0.35787
0  -0.322496
-0.28125  -0.156263
-0.09375  -0.337911
-0.15625  -0.371809
0.03125  -0.142623
-0.1875  -0.290367
0.15625  -0.148043
0.15625  -0.21051
0.09375  -0.19374
0  -0.331866
-0.15625  -0.181949
0  -0.335571
-0.125  -0.101701
0  -0.442527
-0.1875  -0.335396
0.03125  -0.313544
-0.15625  -0.276177
-0.25  -0.259974
0.0625  -0.20586
0.09375  -0.420713
-0.21875  -0.347883
0.21875  -0.172045
0.03125  -0.161084
-0.09375  -0.32549
-0.0625  -0.306048
-0.28125  -0.472637
-0.4375  -0.292598
0.15625  -0.243294
-0.15625  -0.402117
0.09375  -0.0610006
0.15625  -0.410929
-0.03125  -0.429662
-0.0625  -0.35944
0  -0.166756
0.0625  -0.320203
-0.15625  -0.293618
0.1875  -0.503203
0.03125  -0.292596
0.0625  -0.311467
-0.03125  -0.225378
0.34375  -0.250823
-0.125  -0.0972182
0  -0.0190454
-0.125  -0.212843
0.09375  -0.234039
0.03125  -0.253108
0.03125  -0.218054
0.09375  -0.350904
0  -0.166614
-0.0625  -0.308366
-0.0625  -0.26186
-0.0625  -0.261357
0  0.0134816
0.09375  -0.150734
0.0625  -0.422954
0  -0.318803
-0.09375  -0.159109
-0.125  -0.375719
0  -0.323252
0  -0.303975
-0.03125  -0.334148
0.125  -0.34392
0.03125  -0.311583
0.0625  -0.255569
0.09375  -0.12383
-0.1875  -0.164759
0.0625  -0.450388
-0.0625  -0.0934463
0.15625  -0.302456
0.0625  -0.643805
-0.03125  -0.275619
-0.1875  -0.0964425
-0.0625  -0.212631
0.03125  -0.161341
-0.09375  -0.157361
-0.1875  -0.20272
0.1875  -0.191605
-0.0625  -0.282239
0.28125  -0.234523
0  -0.254851
-0.0625  -0.190788
-0.03125  -0.133073
-0.0625  -0.456864
0.21875  -0.287571
0.03125  -0.235766
-0.0625  -0.506613
0.28125  -0.234721
0.03125  -0.297079
0.15625  -0.247267
0  -0.00384189
-0.125  -0.382188
0.125  -0.291625
-0.28125  -0.33241
0.125  -0.110088
0.03125  -0.314338
0.1875  -0.0692988
0  -0.0329115
-0.03125  -0.387022
0.1875  -0.247691
0.03125  -0.297073
0.125  -0.149072
-0.09375  -0.414388
-0.15625  -0.329759
-0.21875  -0.140812
0.03125  -0.0465287
0  -0.268255
-0.1875  -0.270665
0.125  -0.325947
0.09375  -0.185786
0.09375  -0.101363
0  -0.229526
0.125  -0.499979
0  -0.30524
0.125  -0.263473
0  -0.37491
-0.25  -0.154183
-0.03125  -0.358978
0.03125  -0.220267
-0.21875  -0.153769
0  -0.47989
-0.09375  -0.284316
0.09375  -0.404154
0.09375  -0.219751
0.09375  -0.26043
-0.0625  -0.0734005
-0.3125  -0.250094
0.03125  -0.350104
0.1875  -0.0461721
-0.09375  -0.00154026
0.28125  -0.285664
-0.125  0.155789
0.09375  -0.376967
0.21875  -0.237793
0.15625  -0.369604
0.21875  -0.297491
0.3125  -0.458163
0.03125  -0.187434
-0.125  -0.281479
-0.03125  -0.116391
0.03125  -0.305877
-0.03125  -0.228901
-0.0625  -0.283444
0.0625  -0.32899
0.15625  -0.394087
-0.1875  -0.156731
0.125  -0.115491
0.15625  -0.318502
0  -0.373741
-0.125  -0.182653
-0.09375  -0.140219
-0.21875  -0.231633
-0.15625  -0.178083
0.1875  -0.247092
-0.09375  -0.417162
-0.03125  -0.276951
-0.0625  -0.103035
-0.09375  -0.253197
0.03125  -0.323062
0.1875  -0.314455
0.09375  -0.377526
-0.09375  -0.229289
-0.15625  -0.427317
-0.09375  -0.293465
0.0625  -0.249347
0.0625  -0.153305
-0.03125  -0.0249385
-0.125  -0.0386127
0  -0.208261
0.21875  -0.0496454
-0.03125  -0.0495022
-0.25  0.0895605
-0.15625  -0.189413
0.03125  -0.25081
0.03125  -0.153085
-0.15625  -0.0344633
0.03125  -0.279796
-0.09375  -0.313595
0.09375  -0.313375
-0.03125  -0.422603
-0.09375  -0.366604
0.0625  -0.240885
0.0625  -0.434636
0.0625  -0.384146
0  -0.0421473
0.03125  -0.107625
0.25  -0.357078
-0.03125  -0.27847
0  -0.312184
-0.125  -0.153097
0.09375  -0.265551
-0.03125  -0.233068
0.03125  -0.128147
0  -0.185415
0  -0.202334
0.0625  -0.18948
-0.0625  -0.148117
-0.03125  -0.290611
0.03125  -0.187222
-0.03125  -0.184755
0.0625  -0.429515
-0.21875  -0.295352
0.0625  -0.261615
-0.125  -0.44791
0  -0.193314
0.15625  -0.336583
-0.125  -0.211777
0.125  -0.414354
0.0625  -0.0160857
0.125  -0.151401
-0.0625  -0.0694337
-0.0625  -0.463242
0.125  -0.270723
0.03125  -0.247715
0.125  -0.249552
-0.0625  -0.481593
0.03125  -0.287192
-0.03125  -0.155729
0.21875  -0.219352
-0.0625  -0.257016
-0.125  -0.256343
-0.09375  -0.0595626
-0.03125  -0.452281
0  -0.414212
-0.03125  -0.318355
0.0625  -0.216005
0  -0.354984
-0.15625  -0.198458
0.125  -0.0869045
0.15625  -0.337751
-0.15625  -0.190699
-0.09375  -0.333292
-0.21875  -0.0658933
0  -0.194792
0.125  -0.264994
-0.125  -0.257639
0.125  -0.408107
0.03125  -0.293594
0.15625  -0.474642
0.09375  -0.201707
0  -0.349977
-0.03125  -0.211952
0.125  -0.441558
0.03125  -0.314142
-0.03125  -0.310318
0.09375  -0.314782
-0.09375  -0.167477
0.1875  -0.108807
-0.0625  -0.296374
-0.21875  -0.402712
-0.0625  -0.288428
0  -0.13942
-0.09375  -0.262091
0.0625  -0.257413
0.0625  -0.269565
0.03125  -0.268113
-0.0625  -0.366608
0.0625  -0.370678
-0.3125  -0.521652
0.21875  -0.284711
0  -0.105323
-0.15625  -0.379014
0.0625  -0.399299
0.09375  -0.224101
-0.21875  -0.309219
-0.09375  -0.224436
-0.125  -0.22202
-0.03125  -0.145959
-0.1875  -0.0656962
0.09375  -0.602521
0.0625  -0.118224
-0.0625  -0.343935
0.03125  -0.265237
0.0625  -0.17886
-0.03125  -0.285243
-0.1875  -0.382129
0  -0.173807
-0.09375  -0.0534573
-0.03125  -0.326845
-0.09375  -0.219937
-0.09375  -0.366787
0.15625  -0.330036
0.15625  -0.202936
0.125  -0.197081
-0.09375  -0.492554
0.21875  -0.170206
0.03125  -0.342628
0.125  -0.521685
0.125  0.0131539
-0.25  -0.318637
-0.25  -0.260859
0.03125  -0.228991
-0.09375  -0.302623
-0.1875  -0.341804
0.21875  -0.373959
-0.0625  -0.350103
0.1875  -0.31119
0.0625  -0.0817425
0.125  -0.323656
0.15625  -0.543864
0.125  -0.333247
-0.09375  -0.429121
0.125  -0.159636
-0.09375  -0.360962
0.21875  -0.279918
-0.0625  -0.228505
0  -0.305058
0.15625  -0.104732
-0.0625  -0.468749
0.03125  -0.292165
0  -0.303558
-0.0625  -0.396988
0.0625  -0.242212
0.09375  -0.0868233
-0.03125  -0.034538
-0.1875  -0.287012
-0.03125  -0.192289
0.15625  -0.154362
-0.1875  -0.28417
-0.1875  -0.519143
0.03125  -0.317292
0  -0.312142
-0.125  -0.168487
0.25  -0.305525
0.125  -0.0455845
-0.09375  -0.273896
0  -0.181875
-0.125  -0.211412
-0.0625  -0.052527
0.09375  -0.226032
0.21875  -0.072866
0.09375  -0.149968
-0.09375  -0.243893
-0.0625  -0.285208
0.09375  -0.121832
0.0625  -0.403274
-0.09375  -0.328706
-0.15625  -0.166702
0.03125  -0.184774
-0.15625  -0.157653
0.03125  -0.582527
0.21875  -0.235074
0.125  -0.360573
-0.15625  -0.244661
-0.25  -0.217152
0.03125  -0.23887
-0.03125  -0.26834
-0.0625  -0.200163
0.09375  -0.218267
-0.25  -0.37682
0.03125  -0.384185
0.09375  -0.426719
0.25  -0.246758
-0.09375  -0.24228
0.125  -0.486949
0.1875  -0.291241
-0.03125  -0.427801
-0.03125  -0.244282
0.125  -0.469931
0.15625  -0.123482
-0.0625  -0.213975
-0.03125  -0.2077
-0.09375  -0.187332
0.03125  -0.336518
0.125  -0.0258414
-0.03125  -0.257538
0.03125  -0.292321
0.125  -0.159938
0.03125  -0.110773
-0.03125  -0.294975
-0.03125  -0.157765
-0.125  -0.375349
0.03125  -0.254015
0.1875  -0.0798259
-0.28125  -0.390566
0.125  -0.474005
0.0625  -0.239184
0.0625  -0.349776
-0.09375  -0.16139
0  -0.253599
0.09375  -0.217072
0.1875  -0.143217
-0.1875  -0.115205
0.34375  -0.281621
0.15625  -0.0280087
-0.09375  -0.337162
0.09375  -0.256452
0  -0.0575184
0.25  -0.206431
0.1875  -0.309528
0.03125  -0.180712
0.25  -0.217474
-0.15625  -0.230583
-0.03125  -0.271228
0.0625  -0.227722
0.125  -0.208006
-0.09375  -0.369316
-0.21875  -0.0458534
0.0625  -0.200294
0.1875  -0.111378
0.09375  -0.197662
-0.25  -0.253665
0.125  -0.109829
-0.09375  -0.287345
-0.125  -0.443724
0  -0.315734
0.03125  -0.262483
-0.3125  -0.283246
0  -0.037725
0.03125  -0.145694
-0.21875  -0.278289
-0.09375  -0.230024
0.0625  -0.456798
0.15625  -0.159255
0.03125  0.08281
-0.1875  -0.0981844
0.03125  -0.618799
-0.0625  -0.361442
0.0625  -0.121352
0.125  -0.272709
-0.09375  -0.175704
-0.0625  -0.285163
0.25  -0.437029
0.09375  -0.0713386
-0.0625  -0.363223
0.0625  -0.198116
-0.03125  -0.0805029
-0.0625  -0.275677
-0.0625  0.0408768
0.09375  -0.368876
0.09375  -0.430352
0.21875  -0.184559
0.0625  -0.438424
-0.09375  -0.328163
0.03125  -0.266433
0.125  -0.118453
-0.03125  -0.12844
-0.125  -0.191819
0.09375  -0.468863
-0.125  -0.0735189
0.0625  -0.18496
0.09375  -0.0606798
0.09375  -0.42196
0.03125  -0.306129
0.1875  -0.324423
0.28125  -0.154738
0.03125  -0.148683
-0.15625  -0.266592
0  -0.412086
0.03125  -0.36475
0  -0.0564172
-0.0625  -0.335376
-0.03125  -0.188423
-0.125  -0.0415115
0.09375  -0.142343
-0.03125  -0.0997532
-0.15625  -0.103054
-0.03125  -0.396309
-0.3125  -0.368578
-0.03125  -0.203049
-0.03125  -0.24047
-0.03125  -0.345899
0.0625  -0.109862
-0.1875  -0.311239
-0.09375  -0.136588
-0.03125  -0.353616
0.03125  0.0283685
-0.125  -0.326172
0.0625  -0.133832
0.0625  -0.0607744
-0.0625  -0.282009
0.15625  -0.324294
-0.15625  -0.372195
-0.09375  -0.141412
0.0625  -0.188128
-0.03125  -0.200102
0.15625  0.02482
-0.1875  -0.2028
-0.0625  -0.33368
0.0625  -0.24353
0  -0.00565429
0.125  -0.229183
-0.125  -0.223939
-0.15625  -0.394787
0.1875  -0.187448
-0.1875  -0.143104
-0.125  -0.39953
-0.125  -0.301529
-0.15625  -0.531888
0.25  -0.350923
-0.09375  -0.285915
-0.1875  -0.309157
0.09375  -0.312053
-0.09375  -0.199754
0.15625  -0.414774
0.125  -0.307483
-0.21875  -0.413995
0.03125  -0.170906
0.03125  -0.34747
0.125  -0.264665
-0.0625  -0.361567
-0.21875  -0.282832
-0.125  -0.136076
0.125  -0.318914
-0.1875  -0.296732
0.1875  -0.210605
-0.0625  -0.223524
0.09375  -0.0774965
0  -0.231761
0.03125  -0.294067
0.03125  -0.195206
-0.1875  -0.227187
0.0625  -0.264208
-0.1875  -0.412967
0.03125  -0.246607
0.1875  -0.466926
-0.03125  -0.0595904
0.125  -0.0817862
-0.03125  -0.399057
-0.09375  -0.478712
-0.125  -0.244567
-0.03125  -0.198612
-0.03125  -0.222669
-0.125  -0.136735
0.09375  -0.153658
0.09375  -0.240727
-0.03125  -0.238759
0.03125  -0.213735
-0.0625  -0.316766
-0.09375  -0.105409
-0.0625  -0.67277
0.03125  -0.314069
-0.0625  -0.0788753
0.09375  -0.227382
0.0625  -0.273599
0.0625  -0.443665
0.21875  -0.198101
-0.21875  -0.238005
0.09375  -0.17705
-0.1875  -0.124528
0.1875  -0.368109
0.1875  -0.165156
-0.09375  -0.312984
0.03125  -0.451683
-0.125  -0.143556
0.0625  -0.300929
0.1875  -0.365347
-0.03125  -0.0984358
0.09375  -0.292624
-0.03125  -0.225059
0.03125  -0.328235
0.09375  -0.0890058
0.0625  -0.331368
0.0625  -0.115995
-0.0625  -0.28688
0  -0.29291
-0.15625  -0.40565
-0.09375  -0.220317
0  -0.411277
0.1875  -0.233047
0  -0.427359
0  -0.245476
0.0625  -0.208171
0.03125  -0.371932
0.1875  -0.0549748
0.0625  -0.244022
0.03125  -0.155221
0.0625  -0.0913805
0  -0.494418
0.28125  -0.357813
0.03125  -0.151228
0.125  -0.104747
-0.40625  -0.311649
0.0625  -0.301354
0.09375  -0.203206
-0.15625  -0.341058
-0.09375  -0.521542
-0.03125  -0.353896
-0.09375  -0.175378
-0.0625  -0.155612
0.1875  -0.283233
-0.09375  -0.204037
-0.03125  -0.362555
-0.09375  -0.390509
-0.03125  -0.28539
0.125  -0.386516
-0.03125  -0.252176
0.1875  -0.583888
0  -0.291114
-0.0625  -0.451949
-0.28125  -0.468212
0.25  -0.319629
0.21875  -0.154473
-0.0625  -0.41242
-0.15625  -0.256943
0.125  -0.432544
-0.09375  -0.0344351
-0.09375  -0.0724323
-0.15625  -0.163698
-0.09375  -0.182252
0  -0.0515205
-0.09375  -0.54003
0.03125  -0.217328
0.1875  -0.199602
-0.21875  -0.295368
0.15625  -0.268549
0.09375  -0.131004
0.09375  -0.428969
0.09375  -0.373338
-0.03125  -0.321565
-0.03125  -0.391258
0.25  -0.42284
0  -0.465367
-0.03125  -0.343218
-0.03125  -0.120079
-0.09375  -0.322209
-0.03125  -0.306897
-0.03125  -0.178171
-0.0625  -0.0681772
-0.125  -0.434193
0.15625  -0.186603
-0.03125  -0.596941
0.125  -0.201206
0.25  -0.299065
-0.125  -0.212656
0.03125  -0.443694
-0.125  -0.475506
-0.03125  -0.319058
-0.28125  -0.287637
0.03125  -0.171497
-0.09375  -0.317692
-0.0625  -0.204391
0.03125  -0.185738
-0.34375  -0.346421
-0.0625  -0.341048
0.21875  -0.324214
-0.15625  -0.259532
-0.28125  -0.239646
-0.03125  -0.379524
-0.03125  -0.396838
-0.0625  -0.0665738
-0.0625  -0.222819
-0.0625  -0.241447
0.09375  -0.31398
0.125  -0.379968
-0.21875  -0.373691
0.21875  -0.390806
0.125  -0.304968
-0.09375  -0.34713
-0.0625  -0.306309
0.15625  -0.231641
0  -0.301059
0.03125  -0.344355
0.09375  -0.208538
-0.03125  -0.358895
-0.03125  -0.284438
0.09375  -0.378058
-0.09375  -0.197743
-0.0625  -0.526037
0.21875  -0.249712
-0.125  -0.0602867
-0.03125  -0.353368
0.1875  -0.339256
0.1875  -0.286008
0.09375  -0.251949
-0.0625  -0.360866
-0.09375  -0.262032
0.03125  -0.217092
0.25  -0.202309
0.125  -0.291197
0.21875  -0.113302
0.03125  -0.218385
0.09375  -0.203801
0.09375  -0.508281
0  -0.215146
0.0625  -0.141224
0.1875  -0.247769
-0.03125  -0.346851
-0.0625  -0.387865
0.09375  -0.310801
-0.03125  -0.425999
-0.09375  -0.14883
-0.0625  -0.471185
0.21875  -0.551155
-0.0625  -0.121639
-0.03125  -0.118491
-0.125  -0.222465
0  -0.148082
-0.03125  -0.493677
-0.03125  -0.215462
-0.03125  0.0314945
-0.09375  -0.182451
0  -0.278241
-0.15625  -0.498524
-0.09375  -0.264087
0.0625  -0.266339
0.21875  -0.263003
0.21875  -0.0751615
-0.09375  -0.216118
-0.09375  -0.303269
0.09375  -0.38348
-0.3125  -0.28022
0.15625  -0.249196
-0.21875  -0.180623
-0.09375  -0.341625
0.03125  -0.0562404
0.21875  -0.251537
0.125  -0.269473
-0.09375  -0.37722
-0.21875  -0.190815
-0.0625  -0.420174
0.0625  -0.488197
-0.0625  -0.375932
-0.03125  -0.369581
0.125  -0.364248
-0.1875  -0.279353
0.0625  -0.190826
-0.375  -0.356885
-0.25  -0.324333
0  -0.323817
0.0625  -0.239104
-0.09375  -0.334798
0.15625  -0.217921
-0.03125  -0.194986
0.03125  -0.110001
0.125  -0.144791
0.1875  -0.316077
-0.125  -0.231016
-0.09375  -0.303916
-0.09375  -0.467979
0.125  -0.342617
-0.03125  -0.393527
0.0625  -0.232453
0.09375  -0.201326
-0.1875  -0.186975
0.125  -0.431938
0.03125  -0.0588831
0.03125  -0.235214
-0.125  -0.369823
0.125  -0.187609
0.09375  -0.190262
-0.09375  -0.367136
0.03125  -0.31749
-0.03125  -0.318232
0  -0.361798
-0.03125  -0.335342
0.1875  -0.350392
0.09375  -0.264513
0.0625  -0.105745
-0.15625  -0.199941
0.21875  -0.351497
-0.1875  -0.301416
0.03125  -0.219647
0  -0.494831
-0.03125  -0.459834
0.21875  -0.268175
0.125  -0.420497
-0.09375  -0.171275
0.125  -0.320579
-0.0625  -0.382565
0.125  -0.361926
0.0625  -0.391277
0.0625  -0.256048
0.09375  -0.243108
0.09375  -0.148325
0.0625  -0.113751
-0.0625  -0.362905
-0.3125  -0.404469
0.09375  -0.451784
0  -0.324749
-0.09375  -0.141579
0.0625  -0.381407
0.125  -0.261509
-0.125  -0.209166
0  -0.235878
-0.03125  -0.0996514
-0.25  -0.185992
0.0625  -0.28503
0.03125  -0.324064
0  -0.494993
-0.03125  -0.312614
-0.21875  -0.0603534
-0.09375  -0.279208
0  -0.23268
-0.125  -0.136923
0  -0.230447
-0.03125  -0.228351
0  -0.218675
0.09375  -0.367973
0.03125  -0.226781
-0.09375  -0.296087
0.125  -0.245023
0  -0.337118
-0.0625  -0.141165
-0.09375  -0.0192122
-0.1875  -0.366891
-0.03125  -0.0844155
0.15625  -0.218033
-0.15625  -0.243367
0  -0.173431
0.03125  -0.332876
-0.03125  -0.153629
0.09375  -0.22465
0.15625  -0.340428
0.125  -0.392345
0.15625  -0.459262
-0.0625  -0.430574
0.03125  -0.373049
-0.09375  -0.215104
-0.03125  -0.2605
-0.0625  -0.205912
0.0625  -0.00802076
-0.03125  -0.227851
0.09375  -0.091681
0.125  -0.205432
-0.09375  -0.385491
0.03125  -0.451729
-0.21875  -0.198238
-0.03125  -0.0267023
-0.125  -0.328119
0.0625  -0.108346
0.0625  -0.535557
0.15625  -0.202932
0.09375  -0.0880817
-0.0625  -0.254266
0  -0.396538
0.125  -0.327093
0.03125  -0.403785
0.03125  -0.422851
0.21875  -0.165173
-0.1875  -0.435479
-0.09375  -0.312171
-0.1875  -0.205185
0.21875  -0.259785
0.03125  -0.0273174
0.0625  -0.38582
-0.03125  -0.136715
-0.03125  -0.322487
0.03125  -0.145599
0  -0.230922
0  -0.121759
-0.21875  -0.202387
-0.3125  -0.403103
0.125  -0.295558
0.28125  -0.240812
0.25  -0.185374
0.125  -0.268637
0  -0.111235
0.09375  -0.209816
-0.03125  0.0182183
-0.125  -0.241808
-0.03125  -0.152815
0  -0.383438
-0.09375  -0.444565
-0.21875  -0.227378
0.0625  -0.175785
0  -0.262353
-0.09375  -0.220383
-0.1875  -0.302986
0.125  -0.156225
0.125  -0.3684
0.15625  -0.156255
-0.0625  -0.194586
0.125  -0.494019
-0.1875  -0.311399
0.3125  -0.287307
-0.125  -0.300589
0.0625  -0.0627038
-0.125  -0.143884
-0.1875  -0.295224
-0.125  -0.315313
0.0625  -0.398216
0.09375  -0.319673
-0.21875  -0.354377
-0.09375  -0.189518
0.25  -0.448117
-0.03125  -0.279105
0.09375  -0.221038
0.15625  -0.0735178
-0.125  -0.466029
0.03125  -0.331024
-0.125  -0.207341
0.09375  -0.258911
-0.09375  -0.188505
-0.1875  -0.150741
0.03125  -0.198907
0.03125  -0.235986
0.125  -0.0863451
-0.125  -0.478731
0.09375  -0.208346
0.03125  -0.34926
-0.1875  -0.297634
0.0625  -0.358642
0  -0.242898
-0.125  -0.150398
0.15625  -0.422631
0.0625  -0.250301
-0.25  -0.331082
0.09375  -0.30496
-0.03125  -0.376264
0  -0.411054
-0.03125  -0.23294
0.28125  -0.263059
-0.1875  -0.221057
0.09375  -0.055633
0  -0.201485
0.09375  -0.329404
-0.09375  -0.262516
0.0625  -0.172844
0.125  -0.267801
-0.125  -0.327729
-0.0625  -0.481666
-0.03125  -0.280468
-0.0625  -0.22493
0  -0.46588
0.125  -0.110501
-0.0625  -0.153861
-0.1875  -0.250484
-0.03125  -0.203761
0.125  -0.138198
0.0625  -0.416074
0.1875  -0.0579688
0.15625  -0.492498
0.25  -0.154012
0.1875  -0.413665
-0.0625  -0.357647
-0.0625  -0.205447
-0.0625  -0.26308
-0.0625  -0.105484
0.21875  -0.0286164
0.0625  -0.210719
-0.03125  0.0275139
0.21875  -0.267051
0  -0.358686
0.03125  -0.136224
-0.03125  -0.216019
-0.09375  -0.257273
-0.125  -0.115253
0.15625  -0.0922037
0.03125  -0.0891772
0.0625  -0.199428
0.03125  -0.210627
0  -0.353939
0.03125  -0.114028
0  -0.25639
-0.03125  -0.479056
0  -0.211943
0.03125  -0.189619
-0.03125  -0.144792
-0.125  -0.125577
-0.0625  -0.460344
-0.03125  -0.188948
0.0625  -0.250396
-0.09375  -0.349681
0.03125  -0.233316
0.09375  -0.280704
0.03125  -0.450404
-0.3125  -0.209023
-0.15625  -0.241367
-0.1875  -0.275939
-0.125  -0.173251
0.0625  -0.158698
-0.125  -0.381422
-0.03125  -0.220905
-0.09375  -0.209982
-0.0625  -0.21296
0  -0.180397
0.15625  -0.506226
-0.03125  -0.289678
0.15625  -0.412179
-0.09375  -0.0977213
-0.0625  -0.237392
-0.09375  -0.180698
-0.03125  -0.32588
-0.21875  -0.55039
-0.0625  -0.316408
0.125  -0.119643
0.125  -0.299048
-0.03125  -0.377647
0  -0.331415
0  -0.27253
0.0625  -0.139101
0.03125  -0.273659
-0.03125  -0.247979
0  -0.208845
-0.0625  -0.280364
-0.15625  -0.426723
0.15625  -0.0990699
-0.09375  -0.15887
-0.28125  -0.270826
-0.03125  -0.0869973
0  -0.237592
-0.125  -0.493697
-0.03125  -0.126042
-0.03125  -0.110095
-0.03125  -0.34186
-0.0625  -0.305781
0.1875  -0.123921
-0.15625  -0.405301
0.25  -0.468976
0.0625  -0.292587
0.09375  -0.276318
0.0625  -0.299685
-0.09375  -0.453693
-0.09375  -0.357696
-0.1875  -0.361328
-0.0625  -0.289486
-0.15625  -0.0534494
0.09375  -0.21625
-0.03125  -0.0828457
-0.125  -0.108402
0  -0.16186
-0.03125  -0.318217
-0.09375  -0.44555
0.0625  -0.26218
0  -0.426109
-0.15625  -0.27544
-0.03125  -0.407248
-0.125  -0.290018
0.03125  -0.235407
0.125  -0.379913
0.0625  -0.28906
-0.25  -0.109678
0.03125  -0.336669
0.0625  -0.303313
-0.25  -0.350687
0.03125  -0.150867
0.21875  -0.39166
0.09375  -0.466757
-0.15625  -0.411949
-0.03125  -0.241597
0.21875  -0.105418
0.0625  -0.375735
0.03125  -0.30551
0.0625  -0.122559
-0.0625  -0.459364
-0.09375  -0.27597
-0.125  -0.445495
-0.21875  -0.30495
0  -0.303326
-0.125  -0.453453
-0.03125  -0.347729
-0.125  -0.297155
0.03125  -0.440289
-0.125  -0.263578
0  -0.365594
0.15625  -0.19201
0.21875  -0.201389
-0.125  -0.113206
-0.125  -0.0827366
-0.21875  -0.320822
-0.1875  -0.0505818
0.1875  -0.453248
0.15625  -0.314646
0.15625  -0.41568
0.03125  -0.347495
-0.09375  -0.347081
0.1875  -0.335871
0.1875  -0.304033
0.125  -0.263636
-0.09375  -0.551512
0.03125  -0.270755
0  -0.301125
-0.09375  -0.415544
0.125  -0.159176
0.15625  -0.284638
-0.125  -0.132523
0.09375  -0.305004
0.15625  -0.327179
0  -0.287364
0.0625  -0.147672
-0.125  -0.154426
-0.03125  -0.347306
0.09375  -0.314826
-0.03125  -0.25187
0.15625  -0.273454
0.03125  -0.448222
0.09375  -0.104294
-0.125  -0.301891
-0.125  -0.183559
-0.1875  -0.314666
-0.0625  -0.231585
-0.15625  -0.322067
0.09375  -0.295596
0.09375  -0.0622637
0.1875  -0.0285095
0.125  -0.472234
0.0625  -0.0837875
-0.03125  -0.378056
0.15625  -0.365312
-0.0625  -0.413007
0.09375  -0.105929
0.03125  -0.324923
0.03125  -0.272206
-0.0625  -0.388847
0.09375  0.00815276
0.03125  -0.366192
0.125  -0.103308
-0.03125  -0.218129
-0.125  -0.174842
0.1875  -0.188826
0.09375  -0.247213
0.0625  -0.172084
-0.125  -0.115036
0  -0.364177
0.09375  -0.142566
0  -0.0864649
-0.03125  -0.255224
-0.09375  -0.277928
-0.0625  -0.367792
-0.15625  -0.264683
0.125  -0.540749
-0.03125  -0.459698
-0.1875  -0.239555
-0.03125  -0.247478
0.03125  -0.26835
0.0625  -0.28137
0  -0.316842
0.125  -0.367904
0  -0.325615
0.0625  -0.32989
-0.15625  -0.239188
0.0625  -0.405501
-0.03125  -0.233364
0.15625  -0.238905
-0.3125  -0.318339
0.03125  -0.297092
-0.03125  -0.167865
-0.125  -0.223034
0.0625  -0.301413
-0.21875  -0.434248
0.03125  -0.210864
0.125  -0.0865994
-0.09375  -0.293805
0.09375  -0.336773
0  -0.0730207
0  -0.124198
-0.0625  -0.130525
-0.15625  -0.280668
0.15625  -0.183656
-0.21875  -0.020985
0.125  -0.0443009
0.1875  -0.0245534
-0.03125  -0.168239
0.03125  -0.241604
0.125  -0.241239
0  -0.181987
-0.0625  -0.194147
-0.0625  -0.590094
-0.21875  -0.320993
0.21875  -0.197097
0.15625  -0.263464
0.1875  -0.109252
-0.1875  -0.435965
-0.1875  -0.355941
-0.0625  -0.329089
-0.1875  -0.370209
0.125  -0.166372
0.09375  -0.375675
0  -0.28778
-0.03125  -0.315369
-0.03125  -0.204897
0.03125  -0.262148
0.03125  -0.38261
0.125  -0.053856
-0.03125  -0.258609
0  -0.297905
0.0625  -0.596948
0.3125  -0.157097
0.1875  -0.318291
0.0625  -0.415716
0.125  -0.207646
-0.09375  -0.314469
-0.03125  -0.228816
0.21875  -0.0811973
0.28125  -0.276128
0  -0.130007
0.09375  -0.247194
-0.0625  -0.258449
0.25  -0.303385
-0.09375  -0.599381
0.03125  -0.307119
0.03125  -0.288646
-0.0625  -0.328833
0.03125  -0.310313
0.28125  -0.20699
-0.03125  -0.205864
-0.125  -0.143986
0.09375  -0.155113
0.28125  -0.342042
-0.03125  -0.298606
-0.1875  -0.117362
-0.09375  -0.207285
0.1875  -0.0461506
0.09375  -0.0195313
-0.0625  -0.258453
-0.03125  -0.0549028
0  -0.4394
-0.03125  0.0418158
-0.03125  -0.366346
0  -0.27582
0.09375  -0.36186
0.25  -0.389229
0.09375  -0.436737
0.125  -0.300867
-0.03125  -0.142051
0.15625  -0.357122
-0.1875  -0.060884
-0.0625  -0.0915168
0.03125  -0.30456
-0.21875  -0.275443
-0.3125  -0.392169
0.1875  -0.117605
-0.1875  -0.16567
0.03125  -0.255992
0.375  -0.41437
0.03125  -0.355426
0  -0.421526
-0.0625  -0.216263
-0.0625  -0.233393
-0.15625  -0.170422
-0.34375  -0.113811
-0.125  -0.158675
-0.25  -0.359686
-0.09375  -0.285264
0.21875  -0.122229
0.25  -0.391283
0  0.0119425
0.03125  -0.529099
0  -0.400411
0.1875  -0.236335
0.125  -0.147006
0.03125  -0.137584
-0.1875  -0.417165
-0.0625  -0.225646
0.125  -0.270108
-0.15625  -0.179453
0.03125  -0.233694
0.09375  -0.178961
-0.21875  -0.384639
0.0625  -0.116295
-0.25  -0.281508
-0.09375  -0.287438
0.0625  -0.190113
0.03125  -0.298252
0.0625  -0.317533
0.03125  -0.162752
0.09375  -0.392715
-0.21875  -0.171676
-0.21875  -0.278982
-0.0625  -0.43655
0.09375  -0.272179
-0.15625  -0.344653
0.25  -0.129063
0.1875  -0.242847
-0.28125  -0.347594
0.125  0.0296997
-0.15625  -0.375782
0.09375  -0.236302
-0.125  -0.181239
-0.09375  -0.366972
-0.25  -0.135402
0.09375  -0.339582
-0.0625  -0.113351
0.125  -0.29104
-0.09375  -0.360788
-0.09375  -0.228502
-0.28125  -0.106784
-0.15625  -0.0488888
-0.03125  -0.354531
-0.15625  -0.329667
0.03125  -0.286524
-0.0625  -0.280588
0  -0.245974
-0.15625  -0.379269
0.0625  -0.232145
-0.0625  -0.23056
-0.28125  -0.551609
0  -0.426663
0.03125  -0.218111
-0.03125  -0.193623
-0.0625  -0.216086
-0.0625  -0.220397
-0.09375  -0.324785
0.25  -0.0424195
-0.1875  -0.0857432
-0.1875  -0.339983
0.1875  0.0256161
0.0625  -0.102568
0.03125  -0.13899
-0.0625  -0.124964
0.0625  -0.237861
0.0625  -0.133061
0.0625  -0.270889
0.15625  -0.232887
0.0625  -0.202467
-0.0625  -0.0711485
0  -0.199275
0.21875  -0.149756
0.0625  -0.30925
0.125  -0.0673888
-0.15625  -0.251934
0.09375  -0.502899
-0.03125  -0.0681286
-0.03125  -0.253207
0  -0.10632
0.15625  -0.176425
0  -0.200736
-0.34375  -0.289166
-0.0625  -0.3394
-0.09375  -0.261732
0.1875  -0.0988245
-0.03125  0.00546854
-0.03125  -0.291764
-0.15625  -0.279391
0  -0.207414
-0.1875  -0.285048
0.125  -0.302703
-0.1875  -0.179495
0.09375  -0.469607
0.09375  -0.253143
-0.09375  -0.518266
0.03125  -0.323453
-0.03125  -0.147289
-0.21875  -0.276301
-0.125  -0.391634
-0.09375  -0.278486
-0.03125  -0.177798
-0.0625  -0.167078
-0.15625  -0.32976
0.15625  -0.25157
0  -0.133469
0  -0.262993
0.03125  -0.561549
-0.1875  -0.415153
0  -0.0702879
0.03125  -0.328653
-0.09375  -0.254525
0.15625  -0.308987
-0.1875  -0.260624
-0.125  -0.329594
0.03125  -0.193027
0.0625  -0.172503
0.15625  0.0711671
0.1875  -0.153488
-0.15625  -0.300565
0.21875  -0.448801
-0.09375  -0.142118
-0.03125  -0.37914
-0.03125  -0.345721
0.1875  -0.36605
0.3125  -0.188181
0  -0.215441
0.03125  -0.0083886
-0.03125  -0.168031
0  -0.304458
-0.125  -0.399079
-0.15625  -0.19757
-0.0625  -0.321606
0.03125  0.0285968
-0.1875  -0.282901
0.1875  -0.206014
-0.09375  -0.342923
-0.1875  -0.348659
-0.28125  -0.321589
0.03125  -0.315786
0.125  -0.0949032
0.25  -0.293414
-0.125  -0.152542
-0.09375  -0.408754
0.09375  -0.205455
-0.0625  -0.383834
-0.03125  -0.373799
0  -0.229527
0.0625  -0.291739
0.09375  -0.309411
0.15625  -0.343389
-0.03125  -0.360141
0.0625  -0.403656
0.125  -0.306339
0  -0.245213
-0.03125  -0.117853
0  -0.56631
0.1875  -0.183984
-0.125  -0.296767
-0.15625  -0.310639
0  -0.128178
-0.09375  -0.333248
0.25  -0.404064
-0.09375  -0.350651
0.0625  -0.0639429
-0.03125  -0.203655
0.09375  -0.0309776
0.03125  -0.235007
0.15625  -0.125126
-0.0625  -0.218176
0.15625  -0.40971
0.25  -0.215552
0.03125  -0.248499
0.09375  -0.295528
-0.15625  -0.430227
0.03125  -0.267792
0  -0.0832749
0.25  -0.263425
0.03125  -0.376002
-0.09375  -0.194553
0  -0.383121
-0.03125  -0.333109
-0.125  -0.269338
0.03125  -0.372529
-0.0625  -0.262952
0.03125  -0.225605
-0.09375  -0.232082
-0.09375  -0.268459
-0.0625  -0.416146
0.0625  -0.30697
0.125  -0.217262
0.03125  -0.230513
0.0625  -0.270422
-0.03125  -0.230371
0.125  -0.216717
-0.03125  -0.198947
-0.15625  -0.0159065
0.15625  -0.248335
0  -0.32114
0.15625  -0.270288
-0.0625  0.0526393
-0.1875  -0.381536
-0.03125  -0.503807
-0.28125  -0.232049
-0.3125  -0.189358
-0.0625  -0.320297
0.0625  -0.104171
0.09375  -0.17807
0.09375  -0.575733
-0.03125  -0.263736
0.125  -0.186631
0  -0.177459
0.03125  -0.167244
-0.0625  -0.242479
0.03125  -0.126892
-0.1875  -0.487522
-0.1875  -0.200463
0.125  -0.503918
0.25  -0.213377
0.09375  -0.319083
0.125  -0.345107
-0.1875  -0.183921
-0.1875  0.0382282
-0.125  -0.288039
-0.0625  -0.525116
0.03125  -0.183865
0.0625  -0.433231
-0.03125  -0.347962
0.15625  -0.485293
0.03125  -0.325379
-0.1875  -0.14669
0.125  -0.27549
-0.0625  -0.180177
-0.03125  -0.357657
-0.03125  -0.228234
-0.03125  0.017177
0.03125  -0.232733
-0.21875  -0.042746
0.03125  -0.301999
0.125  -0.218721
0.25  -0.26437
-0.09375  -0.149158
-0.03125  -0.213344
-0.0625  -0.338033
0.0625  -0.103953
-0.03125  -0.14183
0.15625  -0.194224
0.125  -0.292458
0.03125  -0.316121
0.03125  -0.0870838
0.03125  -0.299031
0.09375  -0.240246
0.0625  -0.16854
0.0625  -0.168278
0.09375  -0.545222
0.15625  -0.416741
0  -0.218228
-0.09375  -0.0616957
0.0625  -0.298424
0  -0.200049
-0.09375  -0.447925
-0.03125  -0.147731
0.21875  -0.295581
-0.25  -0.311262
-0.03125  0.0865175
0  -0.265188
0  -0.347198
-0.0625  -0.0390506
0.09375  -0.119068
0  -0.212359
0.25  -0.295088
-0.0625  -0.330513
-0.1875  -0.174807
0.09375  -0.300246
0.125  -0.273043
0.15625  -0.169877
-0.09375  -0.29863
-0.125  -0.260047
-0.125  -0.243594
0  -0.514084
0.09375  -0.371291
0.15625  -0.380853
-0.03125  -0.132944
0.03125  -0.128616
0.03125  -0.167115
-0.15625  -0.0170392
0.125  -0.182914
-0.125  -0.175635
-0.1875  -0.0981137
0.03125  -0.480858
0  -0.217992
0  -0.494797
-0.03125  -0.0126141
0.03125  -0.223622
0.28125  -0.418438
-0.03125  -0.135854
-0.15625  -0.0219769
0.125  -0.183729
0.15625  -0.307933
-0.03125  -0.14224
-0.125  -0.178491
0.25  -0.286181
-0.0625  -0.306721
0.03125  -0.183461
0.125  -0.281754
-0.0625  -0.229996
0.03125  -0.40399
0.03125  -0.368795
0.03125  -0.340304
-0.21875  -0.188327
0.21875  -0.114419
-0.125  -0.257651
-0.0625  -0.268925
0.125  -0.294816
0.0625  -0.463547
0.03125  -0.123391
-0.0625  -0.191284
0.03125  -0.333808
0.15625  -0.120198
0.125  -0.350682
-0.0625  -0.115464
0.09375  -0.0749503
-0.15625  -0.385956
-0.0625  -0.350799
-0.125  -0.28634
0.125  -0.316586
-0.125  -0.281126
0  -0.295576
0.15625  -0.400335
0.15625  -0.128935
0.125  -0.326524
-0.09375  -0.401692
-0.03125  -0.102346
-0.125  -0.452004
0.03125  -0.283367
0  -0.345793
-0.09375  -0.117709
0.0625  -0.279973
-0.1875  -0.428738
-0.1875  -0.371279
0.03125  -0.424873
-0.0625  0.0494788
0.03125  -0.336388
-0.21875  -0.419584
0  -0.355759
0.0625  -0.441827
0.15625  -0.338887
0.0625  -0.172493
-0.03125  -0.305729
-0.21875  -0.307661
0.03125  -0.444341
-0.125  -0.318595
-0.0625  -0.25814
-0.09375  -0.0773448
-0.0625  -0.14236
-0.15625  -0.288239
0.0625  -0.245435
0.09375  -0.475767
0  -0.429432
-0.03125  -0.249406
0.03125  -0.0178501
0.15625  -0.457973
-0.0625  -0.164277
-0.03125  -0.474246
-0.09375  -0.366045
-0.03125  -0.18253
0.0625  -0.146487
-0.09375  -0.458566
-0.15625  -0.169771
-0.09375  -0.313191
0.125  -0.204315
0.0625  -0.306058
-0.03125  -0.0891493
-0.0625  -0.191436
0.03125  -0.0827491
-0.1875  -0.123202
-0.09375  0.0157336
0.125  -0.297626
-0.03125  -0.173137
0  -0.323235
-0.09375  -0.276158
0  -0.12733
-0.21875  -0.114412
0.15625  -0.292553
0.21875  -0.117481
0.1875  -0.0695089
-0.09375  -0.415835
0.125  -0.240769
-0.09375  -0.196942
0.125  -0.30512
-0.25  -0.269923
0  -0.32085
-0.09375  -0.00854766
-0.15625  -0.274416
0.03125  -0.436823
-0.0625  -0.124825
-0.15625  -0.102195
0.0625  -0.485688
-0.09375  -0.244657
-0.21875  -0.344617
-0.09375  -0.218911
-0.1875  -0.38748
-0.0625  -0.287028
-0.125  -0.163587
-0.21875  -0.433152
0.125  -0.18895
-0.0625  -0.288174
0.03125  -0.437779
-0.0625  -0.292611
0.1875  -0.316901
0.0625  -0.376906
0  -0.0653884
-0.03125  -0.285002
-0.15625  -0.366255
-0.09375  -0.48936
-0.21875  -0.297343
0.125  -0.417785
0.09375  -0.298252
-0.125  -0.126282
-0.0625  -0.155793
0.0625  -0.131174
0.03125  -0.446927
-0.25  -0.414235
0.21875  -0.170939
-0.125  -0.237112
0.0625  -0.204433
0.125  -0.525391
0.3125  -0.351225
0.125  -0.0650965
0  -0.250281
0.0625  -0.378977
0.03125  -0.177178
0.09375  -0.246099
0.03125  -0.177877
0  -0.237219
0.0625  -0.377605
0.03125  -0.465909
0.09375  -0.164283
-0.03125  -0.275772
0.15625  -0.0287272
-0.09375  0.0496022
0.03125  -0.344891
0.15625  -0.483013
-0.09375  -0.200283
0  -0.292001
0.09375  -0.446791
-0.0625  -0.221521
-0.15625  -0.359041
-0.125  -0.306392
-0.0625  -0.204756
-0.21875  -0.33321
0  -0.345235
0  -0.207217
0.125  -0.358771
0  -0.402478
0.03125  -0.37326
-0.34375  -0.187897
-0.09375  -0.381692
0.125  -0.317138
-0.09375  -0.329154
0.09375  -0.285733
-0.125  -0.236161
-0.34375  -0.5136
-0.15625  -0.233264
-0.15625  -0.139213
0.03125  -0.144319
0.0625  -0.236696
-0.0625  -0.337777
-0.1875  -0.0925415
-0.09375  -0.130114
0.0625  -0.377346
-0.1875  -0.264045
-0.15625  -0.338232
-0.15625  -0.036535
0.125  -0.202723
0.21875  -0.293008
-0.03125  -0.176979
0.0625  -0.142377
-0.03125  -0.415942
-0.28125  -0.177853
-0.03125  -0.233798
-0.1875  -0.259506
-0.0625  -0.331693
-0.0625  -0.213818
-0.1875  -0.335782
0.21875  0.0321433
-0.03125  -0.160557
0.21875  -0.134333
0  -0.260709
0.1875  -0.261555
-0.0625  -0.361459
-0.0625  -0.383709
0.125  -0.231614
0.03125  0.0336926
0.15625  -0.407426
-0.03125  -0.133164
-0.03125  -0.0518175
-0.03125  -0.0664778
-0.09375  -0.224026
0.0625  -0.302462
-0.03125  -0.372425
-0.09375  -0.425365
0.15625  -0.177002
0.03125  -0.144642
-0.09375  -0.165828
-0.125  -0.142739
-0.0625  -0.156121
-0.03125  -0.24367
-0.21875  -0.37753
-0.09375  -0.211398
0.03125  -0.322836
-0.21875  -0.311584
-0.03125  -0.133999
-0.09375  -0.176434
0.0625  -0.141815
-0.03125  -0.136158
-0.15625  -0.116823
0.15625  -0.169403
0.09375  -0.320956
0.03125  -0.338614
-0.21875  -0.363245
0  -0.216844
0.03125  -0.102534
-0.09375  -0.122697
-0.25  -0.21448
0.1875  -0.275181
0  -0.107762
-0.125  -0.304694
0.125  -0.375701
-0.09375  -0.425519
0.09375  -0.0994448
0.21875  -0.242203
0.1875  -0.421446
0.28125  -0.060541
0.3125  -0.154307
0.1875  -0.0860357
0.25  -0.218662
0.28125  -0.316741
-0.03125  -0.456365
-0.09375  -0.126558
0.21875  -0.196302
-0.0625  -0.113417
0.15625  -0.438056
-0.28125  -0.109412
0  -0.336009
0.15625  -0.378103
-0.09375  -0.0745121
0.0625  -0.242101
-0.03125  -0.182851
0.0625  -0.083525
-0.09375  -0.293719
0.15625  -0.116304
-0.03125  -0.239828
0.03125  -0.24365
-0.03125  -0.141481
0.0625  -0.198156
0.03125  -0.31493
0.03125  -0.251344
0  -0.41092
0.03125  -0.264841
-0.125  -0.188416
0  -0.254786
-0.21875  -0.402498
-0.03125  -0.240183
0.1875  -0.290158
-0.1875  -0.279419
0.0625  -0.292923
-0.1875  -0.402596
0.03125  -0.241186
-0.21875  -0.206506
0  -0.355764
0.15625  -0.285226
0  -0.31954
0.03125  -0.331873
0.0625  -0.244561
-0.03125  -0.232657
-0.125  -0.289356
-0.1875  -0.315738
0.03125  -0.288022
-0.09375  -0.423706
0  -0.239913
-0.09375  -0.18428
0.125  -0.0496827
-0.125  -0.267822
-0.09375  -0.324641
-0.1875  -0.159125
0  -0.383007
-0.0625  -0.394758
-0.125  -0.153459
0.0625  -0.368924
0.09375  -0.236943
0.15625  -0.19284
0.09375  -0.504098
0  -0.0764541
0  -0.339061
0.1875  -0.293571
0.15625  -0.0688451
0.125  -0.184636
0.25  -0.229596
0.125  -0.304812
0.03125  -0.261853
-0.03125  -0.267304
-0.15625  -0.307537
-0.1875  -0.350197
0.0625  -0.171936
0.03125  -0.202495
0.09375  -0.306055
0.25  -0.251746
-0.0625  -0.26512
0.15625  -0.137087
0  -0.321047
0.125  -0.342475
-0.0625  -0.189596
0.0625  -0.416938
0.125  -0.308448
0  -0.337281
-0.0625  -0.113526
-0.03125  -0.304976
0.1875  -0.0969944
-0.0625  -0.414087
0.09375  -0.300982
-0.21875  -0.268188
-0.1875  -0.421566
0  -0.405854
-0.0625  0.0483197
-0.125  -0.096544
-0.15625  -0.428121
-0.09375  -0.179367
-0.03125  -0.220012
0.09375  -0.261902
-0.09375  -0.294905
0  -0.171402
0.21875  -0.322971
-0.0625  -0.201015
0.03125  -0.442722
0.1875  -0.401074
-0.125  -0.176042
0.09375  -0.357312
0.09375  -0.249411
0.15625  -0.336684
-0.125  -0.451635
0.03125  -0.187446
-0.21875  -0.310012
0  -0.197763
-0.21875  -0.20557
-0.0625  -0.0997009
-0.1875  -0.170991
0.1875  -0.363631
-0.09375  -0.410221
-0.0625  -0.0552279
-0.03125  -0.354313
0.1875  -0.389885
-0.0625  -0.286618
-0.125  -0.302217
0.03125  -0.0480235
-0.09375  -0.0835233
0.28125  -0.506042
0.0625  -0.480402
-0.09375  -0.325428
0.03125  -0.182853
0.09375  -0.371338
0.125  -0.0263541
-0.15625  -0.323091
-0.03125  -0.399026
-0.03125  -0.332682
-0.28125  -0.223581
0.09375  -0.268563
0.0625  -0.400599
0.09375  -0.254084
0  -0.134692
0  -0.688964
0.25  -0.208122
-0.125  -0.318079
-0.125  -0.297696
0.125  -0.397894
0.03125  -0.129499
-0.03125  -0.313212
0.09375  -0.149483
-0.0625  -0.414669
0.125  -0.261319
0.0625  -0.441988
-0.125  -0.126075
0.125  -0.414512
-0.0625  -0.161127
0.09375  -0.177793
0.09375  -0.184524
-0.03125  -0.192561
0  -0.274242
0  -0.129584
0.21875  -0.450964
0.0625  -0.0786052
0.0625  -0.0440885
0.03125  -0.24352
0.3125  -0.259184
0  -0.210611
0.125  -0.286802
-0.21875  -0.290833
-0.09375  -0.375589
0.15625  -0.152052
-0.0625  -0.250534
0  -0.263625
0.09375  -0.166094
0.25  -0.26038
0.0625  -0.327735
-0.15625  -0.338127
0.0625  -0.267434
-0.125  -0.34836
0.0625  -0.0903864
0.09375  -0.24318
0.0625  -0.330849
0.1875  -0.00212586
-0.09375  -0.331224
0.09375  -0.353853
0.0625  -0.0194602
0.21875  -0.296761
0.40625  -0.0856661
-0.15625  -0.112165
0.09375  -0.293393
0.125  -0.439282
-0.1875  -0.0401423
0.15625  -0.434138
-0.125  -0.251306
0.125  -0.528559
0.09375  -0.323134
-0.15625  -0.3877
0.03125  -0.252076
0.1875  -0.261768
0.0625  -0.0814014
0.125  -0.410228
0  -0.259603
-0.0625  -0.161848
0.1875  -0.365463
0.03125  -0.287149
0.09375  -0.126222
0.0625  -0.198631
-0.0625  -0.284202
-0.125  -0.459561
0.03125  -0.252858
-0.375  -0.299946
0.0625  -0.201756
0.1875  -0.385813
0.09375  -0.366392
0.09375  -0.104463
0.25  -0.175388
-0.03125  -0.259294
-0.0625  -0.392539
-0.03125  -0.297553
-0.125  -0.201788
-0.15625  -0.31736
0.03125  -0.146982
0.15625  -0.370986
-0.03125  -0.329361
0  -0.501477
0.0625  -0.307112
-0.0625  -0.721387
-0.09375  -0.279839
-0.09375  -0.287359
0.09375  -0.409298
-0.0625  -0.28191
-0.0625  -0.232915
-0.0625  -0.321262
-0.03125  -0.219288
0  -0.205684
-0.03125  -0.169726
-0.25  -0.387627
0.0625  -0.535192
0.09375  -0.18349
-0.0625  -0.325979
0.21875  -0.270814
0.09375  -0.103987
-0.03125  -0.274118
0.25  -0.331198
0.15625  -0.320277
-0.0625  -0.210225
0.03125  -0.263018
0.03125  -0.263155
0  -0.351829
-0.03125  -0.281811
-0.03125  -0.0292997
0.03125  -0.171995
0.125  -0.189246
0.03125  -0.0656487
0.03125  -0.215
-0.03125  -0.113978
-0.03125  -0.250283
0.0625  -0.0538371
-0.15625  -0.0987469
-0.03125  -0.293521
-0.09375  -0.03286
0.03125  -0.332983
-0.25  -0.187018
0.125  -0.133209
0.125  -0.236702
-0.28125  -0.175705
0.125  -0.216886
0  -0.212814
0  -0.155975
-0.1875  -0.19364
0.09375  -0.055988
0.125  -0.190386
0.21875  -0.0206895
0.03125  -0.346525
-0.03125  -0.309382
-0.125  -0.262578
-0.0625  -0.00268153
-0.03125  -0.12515
0.21875  -0.321232
0.15625  -0.141141
-0.125  -0.29274
-0.03125  -0.109725
0.09375  -0.213196
-0.0625  -0.19296
0.125  -0.127577
-0.03125  -0.193487
0.0625  -0.27622
0  -0.285683
0  -0.0384675
0.03125  -0.0944042
-0.09375  -0.334065
0.125  -0.0799145
0.0625  -0.340262
-0.15625  -0.157192
0.03125  -0.173441
0.09375  -0.27985
0.125  -0.167949
-0.0625  -0.0909289
0.125  -0.157732
-0.03125  -0.214832
-0.0625  -0.4445
-0.09375  -0.210213
-0.03125  -0.305104
0.125  -0.255126
0  -0.0798364
-0.03125  -0.10565
-0.09375  0.13411
0.125  -0.458602
0.0625  -0.084377
0  -0.347456
0.0625  -0.440811
-0.09375  -0.105741
0.125  -0.425161
-0.03125  -0.137696
-0.125  -0.255125
0.1875  -0.1393
0.15625  -0.282328
-0.21875  -0.260954
-0.15625  -0.475019
-0.0625  -0.310235
-0.09375  -0.351379
-0.1875  -0.323395
0.03125  -0.105373
0.1875  -0.100528
0.03125  -0.206728
0.09375  -0.214238
0.09375  -0.278132
-0.03125  -0.332944
-0.09375  -0.181777
0.25  -0.0492872
0.1875  -0.583578
-0.0625  -0.352405
-0.15625  -0.197626
-0.09375  -0.184878
0.1875  -0.312724
0.03125  -0.44267
-0.1875  -0.291707
0.1875  -0.227041
-0.09375  -0.247605
-0.03125  -0.110474
-0.125  -0.314633
-0.0625  -0.321726
0.09375  -0.236101
0.125  -0.326163
-0.21875  -0.226547
0.0625  -0.351689
0.09375  -0.304327
-0.125  -0.15998
-0.03125  -0.357019
-0.15625  -0.281527
-0.03125  -0.254123
-0.1875  -0.432238
0.15625  0.0535968
-0.03125  -0.259837
0.03125  -0.291135
0.0625  -0.32413
-0.125  -0.137172
0.0625  -0.261066
0.09375  -0.0673154
0.0625  -0.422054
0.125  -0.298132
0.0625  -0.0236845
-0.1875  -0.351694
0.0625  -0.176543
-0.09375  -0.367278
0.1875  -0.147581
-0.03125  -0.174459
0  -0.172833
0.09375  -0.25382
0.03125  -0.0893606
0.03125  -0.468362
0.09375  -0.191827
-0.3125  -0.28209
-0.09375  -0.34
-0.03125  -0.381307
0  -0.173532
0.15625  -0.261451
0  -0.421348
0  -0.153925
-0.09375  -0.0628729
-0.21875  -0.344612
0.21875  -0.427376
-0.3125  -0.295828
-0.0625  -0.509599
-0.28125  -0.442935
-0.0625  -0.272838
0.0625  -0.326882
0.0625  -0.190947
-0.1875  -0.10684
0  -0.436722
0.09375  -0.227654
0.0625  -0.269854
-0.15625  -0.0943253
0.09375  -0.32644
0.0625  -0.0523286
-0.125  -0.348042
-0.09375  -0.130761
0.03125  -0.436352
-0.21875  -0.246994
0.03125  -0.126567
0.125  -0.238359
0.21875  -0.161165
0.09375  -0.395292
0.15625  -0.178954
0.3125  -0.269979
0.0625  -0.333261
-0.15625  0.0145959
0.03125  -0.20126
0.0625  -0.327827
0.15625  -0.451895
0.125  0.0547943
0.09375  -0.174015
0.09375  -0.0880185
0.125  -0.203556
0.0625  -0.344862
-0.25  -0.30172
-0.125  -0.476745
0.125  -0.284601
-0.09375  -0.305479
0.0625  -0.171672
0.0625  -0.283383
-0.25  -0.397026
-0.09375  -0.419209
-0.0625  -0.265981
0.28125  -0.196917
0  -0.166968
0.1875  -0.212298
-0.09375  -0.337569
0  -0.386177
-0.125  -0.153357
-0.21875  -0.187455
0.09375  -0.379217
-0.15625  -0.187501
-0.09375  -0.256872
0.21875  -0.273842
0.09375  -0.0827745
-0.09375  -0.196794
0.09375  -0.271131
-0.0625  -0.467026
0  -0.201323
-0.0625  -0.341914
-0.1875  -0.198126
-0.03125  -0.226589
0.15625  -0.272525
-0.25  -0.186391
0.0625  -0.375849
0.0625  -0.40131
-0.0625  -0.150362
-0.09375  -0.159609
0.03125  -0.208218
0.125  -0.305272
0.09375  -0.23271
0  -0.375489
-0.0625  -0.299024
0.125  -0.165864
-0.03125  -0.212999
-0.0625  -0.550428
0.15625  -0.33115
0.15625  -0.298846
0.03125  -0.0672627
-0.09375  -0.35583
-0.0625  -0.397567
-0.125  -0.37665
-0.03125  -0.175813
0.03125  -0.276603
0.0625  -0.316726
-0.125  -0.462394
0.03125  -0.572887
0.21875  -0.471375
-0.21875  -0.493421
-0.125  -0.389062
0.03125  -0.11286
-0.03125  -0.128865
-0.03125  -0.124599
0.21875  -0.102581
-0.0625  -0.0892001
0  -0.404389
0.09375  -0.543536
-0.1875  0.110772
0  -0.378163
0.03125  -0.376495
0.0625  -0.269616
0.375  -0.313463
-0.03125  -0.453032
-0.03125  -0.285139
0  -0.0878823
0.125  -0.0571825
0.09375  -0.266926
-0.21875  -0.151573
0.0625  -0.517528
0.21875  -0.146194
0  -0.302659
-0.15625  -0.234321
-0.21875  -0.326037
-0.0625  -0.402155
0.21875  -0.522934
0.03125  -0.246596
-0.03125  -0.171302
-0.3125  -0.337152
-0.03125  -0.192694
0  -0.255363
-0.09375  -0.320792
0.03125  -0.180225
-0.09375  -0.171645
0.1875  -0.12464
-0.28125  -0.408285
-0.03125  -0.361672
0  -0.106775
0.0625  -0.253309
-0.0625  -0.309519
-0.125  -0.464288
0  -0.37841
0.125  -0.28737
0.0625  -0.334928
0  -0.328038
-0.125  -0.085912
-0.03125  -0.117248
0  -0.362964
0  -0.267997
0.09375  -0.0655368
-0.03125  -0.3839
0.1875  -0.0569691
-0.15625  -0.136319
0.15625  -0.0453897
0.03125  -0.208052
0.15625  -0.327087
0.0625  -0.294412
0.125  -0.176773
0.09375  -0.173838
0.09375  -0.102632
0  -0.167655
0.0625  -0.243118
-0.21875  -0.371859
0  -0.370564
0.15625  -0.262291
-0.15625  -0.316102
-0.09375  -0.254463
-0.125  -0.00973256
0.21875  -0.513138
0.125  -0.0879329
0.03125  -0.210415
-0.03125  -0.233455
-0.03125  -0.0293645
-0.15625  -0.148049
0  -0.23588
-0.21875  -0.147439
0.03125  -0.333443
0.09375  -0.2498
0.15625  -0.427895
0.15625  -0.295507
-0.0625  -0.207626
0.125  -0.164532
-0.0625  -0.214338
-0.0625  -0.283974
-0.09375  -0.445459
-0.125  -0.0554995
0  -0.217251
-0.09375  -0.598535
-0.15625  -0.358883
0.21875  -0.408071
0.125  -0.0823887
-0.0625  -0.4241
-0.0625  -0.0517738
0.125  -0.0794532
0.125  -0.512058
-0.1875  -0.292201
-0.15625  -0.151896
0.09375  -0.1374
-0.0625  -0.261652
0.0625  -0.16147
0.03125  -0.152205
-0.1875  -0.312104
-0.125  -0.236492
-0.09375  -0.349295
0.0625  -0.258456
0.03125  -0.172528
-0.0625  -0.350436
0.34375  -0.140604
0.03125  -0.365433
0.09375  -0.168056
0.0625  -0.410483
0.0625  -0.251233
-0.03125  -0.367679
0.1875  -0.282196
0  -0.400682
0.03125  -0.156614
-0.0625  -0.227807
0.3125  -0.279361
-0.03125  -0.314411
0.03125  -0.02602
0.125  -0.422889
0.03125  -0.314544
0.0625  -0.265351
-0.40625  -0.46154
0  -0.294282
-0.28125  -0.301954
0.09375  -0.448725
-0.15625  -0.261027
0.15625  -0.0507799
0  -0.276589
0.125  -0.161543
0.21875  -0.361015
-0.0625  -0.364702
0.25  -0.159337
-0.34375  -0.268121
-0.03125  -0.101883
0  -0.169506
0.03125  -0.0301988
0.0625  -0.27071
-0.03125  -0.373355
0.125  -0.217873
-0.1875  -0.0559928
-0.25  -0.452477
0.1875  -0.459705
-0.03125  -0.226191
0.125  -0.117122
0.09375  -0.45693
0  -0.453155
0.09375  -0.331601
-0.125  -0.594341
-0.03125  -0.477861
-0.09375  -0.0560439
0.125  -0.252216
-0.15625  -0.263656
0.03125  -0.287662
-0.09375  -0.428156
-0.09375  -0.178837
-0.03125  -0.362528
0.21875  -0.240122
-0.125  -0.0690077
0.0625  -0.401625
0.21875  -0.123634
0.03125  -0.102927
-0.03125  -0.397752
0.1875  -0.231294
0.21875  -0.360022
-0.15625  -0.406266
-0.21875  -0.296239
0.0625  -0.209417
0.09375  -0.166189
-0.0625  -0.0898329
0.0625  -0.369769
-0.03125  -0.346199
-0.28125  -0.387869
0  -0.135996
-0.03125  -0.103006
0.21875  -0.122934
-0.125  -0.24715
0.25  -0.389597
0.15625  -0.362018
-0.09375  -0.482969
-0.25  -0.373382
0.1875  -0.254587
0.21875  -0.242105
0.15625  -0.249935
-0.34375  -0.339575
0.125  -0.432932
0.1875  -0.257349
0.0625  -0.00889008
0.03125  -0.246731
-0.09375  -0.265908
-0.1875  -0.343717
0  -0.32576
-0.03125  -0.44565
0.15625  -0.0498283
-0.03125  -0.231881
-0.09375  -0.556533
0.03125  -0.39138
-0.0625  -0.242418
-0.125  -0.239181
-0.25  -0.373542
0.15625  -0.0881758
0  -0.136978
0.09375  -0.471994
-0.03125  -0.0682622
-0.03125  -0.145163
0.3125  -0.113424
-0.03125  -0.371055
0  -0.0594435
0.21875  -0.192247
0.03125  -0.467452
-0.0625  0.0387242
-0.15625  -0.177473
-0.15625  -0.478173
-0.03125  -0.0853347
0.1875  -0.497033
-0.09375  -0.0756723
-0.03125  -0.174596
-0.15625  -0.0769205
0  -0.0521419
0.1875  -0.253055
-0.125  0.0506559
-0.15625  -0.395243
-0.03125  -0.399688
0.15625  -0.241477
-0.03125  -0.310321
-0.09375  -0.3685
-0.125  -0.442437
-0.21875  -0.19631
-0.125  -0.312228
0.09375  -0.321316
-0.125  -0.474608
0.0625  -0.206374
0  -0.340933
-0.03125  -0.434027
-0.0625  -0.0459593
0.03125  -0.0830272
0.1875  -0.166856
0.09375  -0.160422
0.03125  -0.127428
-0.125  -0.0814754
0  -0.166516
0  -0.0158767
-0.125  -0.307391
-0.0625  -0.313814
-0.125  -0.305911
0.03125  -0.148453
0.28125  -0.264584
0.125  -0.369289
-0.0625  -0.133794
0.125  -0.103125
0.09375  -0.146712
-0.15625  -0.302574
-0.375  -0.357577
0.25  -0.376764
0.03125  -0.240596
0.125  -0.309239
0.125  -0.0447762
-0.15625  -0.374991
-0.09375  -0.21611
-0.0625  -0.15407
0.03125  -0.381957
-0.03125  -0.29438
-0.0625  -0.104714
0.0625  -0.265328
0.125  -0.209721
-0.09375  -0.0983147
0.3125  -0.324413
-0.0625  -0.518973
0.0625  -0.146165
0.25  -0.266665
0.3125  -0.141827
0.0625  -0.0349073
0.03125  -0.0799955
-0.03125  -0.126784
0.0625  -0.313854
0.15625  -0.0659463
0.03125  -0.349996
0.0625  -0.239585
0.28125  -0.211256
-0.125  -0.302447
0.125  -0.00767681
-0.03125  -0.334868
-0.15625  -0.0316262
-0.1875  -0.254538
0  -0.435344
0.0625  -0.330345
0.09375  -0.281235
-0.125  -0.341464
-0.21875  -0.484809
0.0625  -0.51803
0.03125  -0.229551
0.09375  -0.284782
0.25  -0.262012
-0.125  -0.438111
0.0625  -0.24637
-0.09375  -0.0544347
0.1875  -0.301985
0  -0.397063
-0.0625  -0.448534
0.03125  -0.408513
0  -0.0226694
0.0625  -0.350444
-0.15625  -0.164859
-0.09375  -0.33428
-0.25  -0.0381413
0  -0.0785421
-0.03125  0.0288911
0  -0.216471
0.1875  -0.357415
0.0625  -0.23803
-0.125  -0.0563192
0.21875  -0.251984
0.0625  -0.184695
0.15625  -0.435135
-0.21875  -0.25163
-0.0625  -0.342404
-0.1875  -0.159292
0.09375  -0.472055
-0.15625  -0.315538
-0.125  -0.466096
0.0625  -0.267651
-0.0625  0.0168425
0  -0.440782
-0.15625  -0.433151
-0.09375  -0.110011
0  -0.180538
0.15625  -0.301713
0.0625  -0.285151
0.21875  -0.153926
-0.15625  -0.400843
0  -0.299817
0.03125  -0.109335
-0.09375  -0.276294
-0.09375  -0.326776
0.15625  -0.217689
0.03125  -0.373167
-0.09375  -0.28669
-0.03125  -0.341549
0.15625  -0.215804
0.09375  -0.302306
0.125  -0.216281
-0.1875  -0.333339
0.40625  -0.44371
0.03125  -0.478344
0  -0.326392
0  -0.276907
-0.09375  -0.605048
0.1875  -0.131977
0.0625  -0.0797809
0.03125  -0.131264
-0.1875  -0.33234
-0.21875  -0.370295
-0.21875  0.0631292
-0.09375  -0.39044
-0.0625  -0.0468396
-0.0625  -0.0437467
-0.0625  -0.484392
0.03125  -0.432949
0.125  -0.288555
-0.03125  0.0730964
0.09375  -0.30642
0.03125  0.0276235
0.03125  -0.113642
0.03125  -0.169118
0.0625  -0.178845
-0.21875  -0.000958645
-0.03125  -0.240113
0  -0.139086
-0.125  -0.520721
0.0625  0.0120834
0.0625  -0.179944
0.09375  -0.489061
-0.0625  -0.177494
0.03125  -0.175653
0.125  -0.0724031
0.09375  -0.27284
0.03125  -0.495752
0.09375  -0.171033
0  -0.0315924
-0.15625  -0.273962
0  -0.336944
-0.03125  -0.392551
0  -0.176367
-0.0625  -0.308826
0.03125  -0.389064
-0.125  -0.131694
0  -0.22682
-0.0625  -0.24658
0.0625  -0.353417
-0.03125  -0.186107
0.0625  -0.249536
-0.03125  -0.304361
0.0625  -0.35054
0.125  -0.376698
-0.15625  -0.441922
0.0625  -0.325741
-0.0625  -0.150049
-0.21875  -0.417132
-0.15625  -0.416406
0.03125  -0.232231
0.125  -0.155228
0.09375  -0.108905
0.125  -0.345805
0.125  -0.399961
0.0625  -0.399088
-0.0625  -0.271592
-0.0625  -0.15559
0.3125  -0.406981
-0.0625  -0.362875
0.15625  -0.109797
0.15625  -0.207212
-0.15625  -0.372338
0  -0.426751
-0.25  -0.27871
-0.09375  -0.176207
0.03125  -0.239807
0.28125  -0.254749
0.15625  -0.346738
0.03125  -0.251568
-0.03125  -0.35986
-0.125  -0.323558
0.0625  -0.113001
0.03125  -0.250284
-0.09375  -0.135138
0.03125  -0.14787
-0.09375  -0.463988
-0.28125  -0.230011
-0.1875  -0.305284
0.0625  -0.434389
-0.125  -0.411926
0.15625  -0.320103
0.09375  -0.27912
-0.25  -0.348439
-0.0625  -0.27299
0.21875  -0.517901
0.1875  -0.153318
-0.0625  -0.163428
-0.09375  -0.34039
-0.03125  -0.377863
-0.09375  -0.199972
-0.21875  -0.141431
-0.03125  -0.106819
-0.15625  -0.332559
-0.15625  -0.527595
0  -0.450198
-0.03125  -0.199664
0  -0.431905
0.15625  -0.0192785
0.03125  -0.321743
-0.125  -0.265725
0  -0.473563
0.0625  -0.346715
0.03125  -0.195218
-0.15625  -0.0802525
0.125  0.00693815
-0.0625  -0.22784
0.0625  -0.279948
0.21875  -0.367192
-0.34375  -0.114332
-0.3125  -0.36237
-0.21875  -0.334711
0.125  -0.0956104
-0.125  -0.28601
-0.09375  -0.330353
0.28125  -0.348106
0  -0.0379015
-0.0625  -0.0784154
0.0625  -0.554125
0.0625  -0.373812
-0.09375  -0.44579
0.09375  0.00955503
-0.0625  -0.113745
0  -0.331542
0.03125  -0.473136
-0.0625  -0.246106
0  -0.160397
0.03125  -0.303844
-0.15625  -0.19504
-0.0625  -0.105383
0.21875  -0.248633
0.25  -0.110749
-0.0625  -0.241309
0.09375  -0.293259
-0.15625  -0.0874544
0.0625  -0.387208
0  -0.379362
0.03125  -0.306811
-0.03125  -0.128141
-0.15625  -0.362859
-0.09375  -0.278711
0.03125  -0.277766
-0.03125  -0.562325
0.03125  -0.652311
0.0625  -0.235202
0.09375  -0.268387
0.09375  -0.293773
0.03125  -0.287761
0.03125  -0.107502
0.1875  -0.337079
-0.34375  -0.296347
0  -0.372045
-0.09375  -0.21003
0.09375  -0.326679
-0.03125  -0.521881
-0.15625  -0.280619
0.03125  -0.218713
0.25  -0.148038
-0.1875  -0.0434699
-0.125  -0.166388
-0.1875  -0.138555
0.15625  -0.0766853
-0.15625  -0.046239
-0.03125  -0.15042
0  -0.332365
-0.09375  -0.170124
0.1875  -0.256712
0.125  -0.0808084
-0.15625  -0.277879
0.15625  -0.181927
0.125  -0.183005
0  -0.242747
-0.09375  -0.43366
-0.09375  0.0802735
-0.15625  -0.275608
0.0625  -0.329603
0.375  -0.2335
0.03125  -0.249003
0  -0.283873
-0.125  -0.13486
0.15625  -0.396014
-0.125  -0.402101
0.09375  -0.213998
0.0625  0.0598824
0.0625  -0.433564
0.0625  -0.302936
-0.0625  -0.258504
0.3125  -0.301638
0.03125  -0.275346
0.0625  -0.226842
0  -0.512588
0.0625  -0.306672
0.125  -0.180266
0.15625  -0.406872
0.28125  -0.374442
0.0625  -0.322321
-0.03125  -0.228623
0.03125  -0.368465
0.21875  -0.241394
-0.03125  -0.498057
0.125  -0.279555
-0.25  -0.404532
-0.21875  -0.382567
0.0625  -0.338025
0  -0.336559
0.15625  -0.232291
0.125  -0.329836
-0.125  -0.209366
-0.15625  -0.342004
0.0625  -0.194059
0  -0.368059
0.03125  -0.306925
0.09375  -0.365561
0.03125  -0.175171
0.03125  -0.275582
0.0625  -0.302768
0.0625  -0.363225
0.09375  -0.337359
-0.09375  -0.0626716
0.09375  -0.416163
-0.375  -0.202083
-0.125  -0.283624
-0.1875  -0.368629
-0.21875  -0.353604
-0.0625  -0.125536
0.1875  -0.199184
-0.0625  -0.372977
0.15625  -0.180087
0.25  -0.149218
0  -0.364727
0.15625  -0.248589
0.21875  -0.20333
0.0625  -0.319414
0.15625  -0.0642726
-0.3125  -0.141649
0.15625  -0.285613
0.0625  -0.343764
-0.0625  -0.215374
0.09375  -0.228499
0.03125  -0.16411
0.0625  -0.46597
0  -0.186701
0  -0.456895
0.0625  -0.1319
-0.1875  -0.37725
0.0625  -0.0860307
-0.09375  -0.41049
0.125  -0.241548
-0.03125  -0.198344
-0.1875  -0.122704
-0.0625  -0.155105
0.09375  -0.183176
-0.09375  -0.216716
0.03125  -0.466835
-0.03125  -0.124857
-0.21875  -0.120224
-0.0625  -0.0869291
0.09375  -0.242805
0.03125  -0.136701
0.0625  -0.432386
0  -0.475535
0.34375  -0.174334
-0.1875  -0.263883
-0.125  -0.256202
0.15625  -0.274222
0  -0.501711
0  -0.308137
-0.0625  -0.483764
0.0625  -0.411937
0.03125  0.00731284
0.0625  -0.213481
0.0625  -0.25432
0.03125  -0.588414
0.0625  -0.327034
0.1875  -0.195518
0.125  0.025216
0.125  -0.14569
0.21875  -0.254349
-0.125  -0.190456
-0.125  -0.425414
-0.0625  -0.401573
0.125  -0.403421
0  -0.295295
0.09375  -0.241857
-0.0625  -0.220098
0.03125  0.0223869
0  -0.134118
-0.09375  -0.0837908
-0.03125  -0.329635
-0.1875  -0.0748187
0.1875  -0.110394
0.0625  -0.447819
-0.21875  -0.340694
-0.21875  -0.136159
0.0625  -0.321147
0.0625  -0.0543438
-0.03125  -0.536398
-0.0625  -0.265455
0.125  -0.320387
-0.03125  -0.125305
-0.0625  -0.193843
-0.15625  -0.284034
-0.125  -0.162758
0.03125  -0.0999501
-0.125  -0.290511
-0.03125  -0.219181
-0.21875  -0.351676
-0.03125  -0.407308
0.03125  -0.340108
0  -0.0950632
-0.1875  -0.351566
-0.0625  -0.0207018
0.03125  -0.38348
0.0625  -0.414135
-0.09375  -0.250272
0  -0.178522
-0.0625  -0.232842
-0.1875  -0.177672
-0.1875  -0.078383
-0.09375  -0.151663
-0.09375  -0.0635352
0.03125  -0.263958
0.15625  -0.050413
0.09375  -0.016585
-0.03125  -0.447982
0.0625  -0.282623
0.0625  -0.201872
-0.15625  -0.0747829
0.09375  -0.292879
-0.09375  -0.10858
0  -0.155085
-0.09375  -0.220272
0.375  -0.312861
-0.15625  -0.411159
0.15625  0.0448531
-0.21875  -0.0705268
-0.0625  -0.213073
0.09375  -0.280125
-0.09375  -0.505443
0  -0.176753
0.25  -0.283061
0  -0.113761
0.15625  -0.411659
0  -0.287138
-0.03125  -0.0218224
0.15625  -0.422419
-0.0625  -0.333784
-0.0625  -0.404808
-0.0625  -0.329228
0.03125  -0.306539
-0.0625  -0.200481
0.0625  -0.298948
-0.0625  -0.126243
0  -0.3808
-0.03125  -0.460213
-0.15625  -0.229241
0.09375  -0.337724
0.03125  -0.047888
0.1875  -0.245279
0.125  0.0188729
-0.03125  -0.2864
0.0625  -0.182131
0.09375  -0.402367
-0.03125  -0.444245
0.09375  -0.270597
0  -0.244868
-0.09375  -0.270806
-0.0625  -0.316953
-0.03125  -0.248816
-0.28125  -0.0958917
-0.0625  -0.332075
-0.09375  -0.406242
0.09375  -0.121827
0.03125  -0.216735
-0.1875  -0.487089
0.25  -0.298864
-0.15625  -0.302998
0.03125  -0.381171
-0.125  -0.422666
-0.15625  -0.348656
-0.03125  -0.229287
0.09375  -0.0521933
0.0625  -0.40849
-0.03125  -0.449492
-0.1875  -0.219863
-0.15625  -0.345875
0.125  -0.218911
0.1875  -0.069305
0.0625  -0.141523
-0.0625  -0.233065
-0.03125  -0.234856
-0.125  -0.399542
0  -0.235857
0.03125  -0.0571542
0.125  -0.123148
-0.15625  -0.160602
-0.0625  -0.189211
0.09375  -0.137376
0  -0.284305
0.125  -0.209884
-0.15625  -0.271729
0.09375  -0.239645
-0.03125  -0.40685
0.15625  -0.254746
0.03125  -0.354815
-0.125  -0.429882
0.0625  -0.324546
0.125  -0.0363028
0.03125  -0.261538
-0.03125  -0.214961
0.125  -0.237167
0.25  -0.0159518
0.09375  -0.290262
0.28125  0.0791737
0.03125  -0.366085
-0.0625  -0.0859283
0.125  -0.181206
-0.09375  -0.335221
-0.15625  -0.297
0.03125  -0.155455
0.15625  -0.436568
0.03125  -0.343096
0.03125  -0.45894
0.125  -0.0703887
-0.125  -0.0300689
0.0625  -0.144335
-0.0625  -0.345238
-0.125  -0.365343
-0.09375  -0.287916
0.09375  -0.470347
0.03125  -0.251448
-0.03125  -0.442468
0.1875  -0.232927
0.09375  -0.291099
-0.1875  -0.156676
0  -0.294844
-0.09375  -0.108787
-0.15625  -0.243179
0.03125  -0.439457
0.0625  -0.251656
-0.125  -0.223766
0  -0.461354
0.1875  -0.279893
-0.1875  -0.282801
-0.25  -0.220248
-0.15625  -0.367482
0.21875  -0.201439
-0.0625  -0.219169
-0.09375  -0.243136
0.03125  -0.196483
0.25  -0.187369
-0.0625  -0.112698
-0.125  -0.327294
-0.21875  -0.362864
-0.125  -0.204408
0.0625  -0.343015
-0.15625  -0.598771
-0.09375  -0.261524
0.15625  -0.083268
-0.03125  -0.321544
-0.15625  -0.364575
0.21875  -0.130282
0  -0.0850913
0.03125  -0.239054
-0.25  -0.556229
-0.09375  -0.346156
-0.03125  -0.260232
-0.1875  -0.224719
-0.0625  -0.156496
-0.125  -0.147081
-0.1875  -0.355579
0.0625  -0.160957
0.1875  -0.430298
-0.03125  -0.233067
-0.125  -0.249768
0.09375  -0.471439
0.03125  -0.0707695
0.09375  -0.376856
0.09375  -0.328618
-0.15625  -0.43894
-0.21875  -0.453255
-0.03125  -0.246614
0.1875  -0.196278
0.03125  -0.395228
0.03125  -0.207304
-0.03125  -0.307275
-0.03125  -0.315875
0.25  -0.249675
0.03125  -0.218338
-0.03125  -0.364017
0.0625  -0.30733
-0.09375  -0.0994554
0.125  -0.15506
-0.03125  -0.276164
0  -0.144418
0.0625  -0.363098
0.15625  -0.316636
0.09375  -0.224159
0  -0.304454
0.0625  -0.202484
-0.0625  -0.0999309
-0.0625  -0.36174
0.09375  -0.377075
-0.15625  -0.326189
0.1875  -0.477717
0  0.00403202
-0.0625  -0.342184
0.15625  -0.226191
-0.09375  -0.291544
0.0625  -0.269386
-0.21875  -0.469743
-0.03125  -0.302547
-0.125  -0.0479189
0.1875  -0.0287616
-0.15625  -0.323931
0.0625  -0.14314
-0.09375  -0.0405842
0.125  -0.43374
0.25  -0.419516
-0.0625  -0.325988
0.03125  -0.368829
-0.0625  -0.155545
0.125  -0.289885
-0.125  0.0654365
-0.03125  -0.326008
-0.1875  -0.34865
-0.03125  -0.232391
-0.0625  -0.439903
0  -0.25996
0.0625  -0.226432
-0.09375  -0.33285
0.09375  -0.164583
0.03125  -0.282974
0.03125  -0.26046
0.15625  -0.175465
-0.0625  -0.302849
0.125  -0.126186
0.0625  -0.187166
0.03125  -0.262256
0.1875  -0.0773572
0.09375  -0.269368
-0.125  -0.221725
-0.0625  -0.132846
0.28125  -0.263069
-0.15625  -0.380145
0.1875  -0.293779
0.21875  -0.220467
-0.125  -0.341538
-0.0625  -0.273918
-0.125  -0.277675
0.3125  -0.415515
-0.125  -0.47204
-0.03125  -0.27744
-0.03125  -0.172634
0.03125  -0.199653
-0.03125  -0.207518
0.125  -0.243362
0  -0.338453
-0.15625  -0.349454
-0.125  -0.229037
0.09375  -0.254909
0  -0.469781
0.21875  -0.592637
-0.25  -0.0850749
-0.15625  -0.0820527
0.125  -0.0921137
-0.03125  -0.0899594
0.09375  -0.250592
-0.125  -0.382348
-0.0625  -0.117739
0.09375  -0.469707
0.0625  -0.291125
0.25  -0.401729
0.09375  -0.537715
0.03125  -0.158354
-0.09375  -0.139823
-0.03125  -0.228458
-0.125  -0.183176
-0.0625  -0.249096
0.03125  -0.371606
-0.0625  -0.19653
-0.1875  -0.209061
-0.03125  -0.351062
0  -0.108669
0.1875  -0.0339195
-0.09375  -0.0393849
0.125  -0.0649769
0.1875  -0.365421
-0.0625  -0.19902
-0.03125  -0.235678
0.1875  -0.227576
-0.0625  -0.494985
0  -0.331045
-0.3125  -0.100495
0.15625  -0.588684
-0.0625  -0.283
-0.25  -0.157754
0.03125  -0.15606
0.09375  -0.352308
-0.125  -0.133376
0.03125  -0.0947943
0.09375  -0.347982
0.21875  -0.251359
-0.1875  -0.122966
-0.03125  -0.293896
-0.0625  -0.311893
0.03125  -0.198875
0.0625  -0.336106
0.0625  -0.433645
-0.03125  -0.382723
-0.125  0.0604902
0.03125  -0.308449
-0.125  -0.185512
0  -0.260247
0.0625  -0.177627
-0.09375  -0.238461
0.03125  -0.516942
-0.09375  -0.288817
-0.0625  -0.324432
-0.28125  -0.31647
-0.03125  -0.306651
0.03125  -0.13583
-0.125  -0.266326
-0.09375  -0.440092
0.03125  -0.127025
-0.0625  -0.205488
0.125  -0.276066
-0.15625  -0.250344
0.09375  -0.0212249
0  -0.304132
0.09375  -0.197804
0.125  -0.412777
0.03125  -0.317127
-0.03125  -0.356194
0  -0.57611
-0.125  -0.165815
0.03125  -0.32251
-0.03125  -0.208946
0.09375  -0.255354
0.125  0.0944894
-0.15625  -0.46389
0.1875  -0.24685
0.0625  -0.325365
-0.0625  -0.397259
0.09375  -0.280057
0.15625  -0.177885
0.03125  -0.49436
-0.15625  -0.339548
-0.03125  -0.200992
0.125  -0.538322
-0.1875  -0.420863
0.125  -0.0672057
-0.21875  -0.094037
0  -0.293171
-0.0625  -0.210315
0.0625  -0.322094
-0.03125  -0.292777
0.09375  -0.196323
-0.09375  -0.0890133
0  -0.103571
-0.03125  -0.258259
0.03125  -0.39511
0.15625  -0.0790846
-0.03125  -0.225512
-0.09375  -0.33249
-0.125  -0.330843
0.25  -0.347385
-0.0625  -0.424577
0.0625  -0.435767
-0.15625  -0.0602481
-0.09375  -0.351121
0.09375  -0.226663
-0.21875  -0.409184
0  -0.467742
0.375  -0.0114512
-0.1875  -0.157905
-0.25  -0.366575
0.125  -0.346484
0.03125  -0.184052
-0.03125  -0.369307
-0.15625  -0.400786
-0.15625  -0.481153
-0.09375  -0.612563
0.0625  -0.473761
-0.03125  -0.288658
0.09375  -0.361045
0.3125  -0.299819
0  -0.258195
-0.25  -0.23793
-0.03125  -0.302661
-0.125  -0.149149
-0.0625  -0.318441
0.21875  -0.285959
-0.125  -0.0104757
-0.03125  -0.238323
0.1875  -0.104977
-0.03125  -0.116913
0.125  -0.259092
-0.0625  -0.452087
-0.15625  -0.199473
0.21875  -0.175323
-0.15625  -0.259654
0.0625  -0.31406
-0.25  0.0472185
0  -0.136378
-0.09375  -0.0881026
-0.09375  -0.184002
0.03125  -0.280811
0.125  -0.409163
0.0625  -0.443524
0.125  -0.320936
-0.09375  -0.115144
-0.125  -0.385997
-0.1875  -0.0103705
-0.0625  -0.180792
0.25  -0.17074
0  -0.179805
0  -0.137864
-0.1875  -0.464779
0.03125  -0.512605
0  -0.616897
-0.03125  -0.119439
0.1875  -0.327521
-0.03125  -0.419215
0.125  -0.564653
-0.0625  -0.11632
-0.21875  -0.315555
-0.15625  -0.283509
-0.15625  -0.350228
-0.03125  -0.252684
-0.21875  -0.281526
0.03125  -0.254089
-0.0625  -0.307931
0.15625  -0.275041
0  -0.439576
0.0625  -0.188188
-0.09375  -0.160646
0.15625  -0.367581
-0.03125  -0.168439
0  -0.208724
0.03125  -0.313188
-0.125  -0.327721
0.09375  -0.342369
0  -0.051576
-0.15625  -0.155382
0.1875  -0.26179
-0.09375  -0.34773
-0.0625  -0.430848
0.1875  -0.259796
-0.03125  -0.0974256
-0.125  -0.229096
0.03125  -0.269813
0.0625  -0.379586
0.03125  -0.147804
0  -0.370102
-0.0625  -0.172429
-0.25  -0.379698
-0.03125  -0.0662116
-0.09375  -0.338802
-0.125  -0.0939196
0.125  -0.28399
0.0625  -0.144649
0.0625  -0.277431
0.1875  -0.229474
0.09375  -0.484787
-0.25  -0.148789
-0.09375  -0.287036
-0.4375  -0.0417967
0.15625  -0.325452
0.09375  -0.0327496
-0.03125  -0.566797
-0.125  -0.253211
0.09375  -0.237665
-0.03125  -0.27857
-0.09375  -0.545015
-0.0625  -0.42192
-0.125  -0.0637649
-0.09375  -0.21417
-0.21875  -0.287091
0.0625  -0.406311
-0.03125  -0.329183
-0.15625  -0.364565
0.0625  -0.134906
0.25  -0.271821
0.03125  -0.178307
0  -0.440626
0  -0.232542
-0.03125  -0.386121
0  -0.261065
-0.21875  -0.2439
-0.125  0.118212
0.0625  -0.100853
0.03125  -0.365822
0.03125  -0.423337
0.1875  -0.264839
0.0625  -0.25877
-0.09375  -0.156931
0.03125  -0.298555
-0.125  -0.344102
-0.3125  -0.297488
0.03125  -0.130767
-0.09375  -0.331762
0.0625  -0.22445
-0.09375  -0.104009
0.15625  -0.34634
0.03125  -0.204669
-0.0625  -0.211254
-0.125  -0.322162
0.15625  -0.283734
-0.09375  -0.182447
-0.0625  -0.197898
0.09375  -0.285396
-0.0625  -0.19734
-0.03125  -0.492843
-0.125  -0.346311
0.125  -0.503908
-0.125  -0.136223
0  -0.273781
0.09375  -0.28465
0.125  -0.0745484
0.09375  -0.143555
-0.15625  -0.205765
0  -0.296922
0.0625  -0.307246
0.375  -0.163267
0.21875  -0.141438
-0.1875  -0.241075
-0.0625  -0.240784
-0.0625  -0.175912
0  -0.271518
0  -0.461166
0.09375  -0.239075
-0.1875  -0.187896
0  -0.232402
-0.25  -0.374401
0.03125  -0.186345
-0.21875  -0.114774
-0.15625  -0.327647
-0.03125  -0.273413
-0.09375  -0.346019
0.09375  -0.272825
0.21875  -0.371961
0  0.00732323
0  -0.225605
0  -0.380066
0.0625  -0.179974
-0.09375  -0.255476
-0.09375  -0.14966
-0.03125  -0.292135
-0.09375  -0.432648
0.03125  -0.344693
-0.09375  -0.311415
0  -0.422494
0.09375  -0.156507
0  -0.190966
-0.125  -0.299643
0.15625  -0.172878
0.03125  -0.459943
-0.125  -0.0187575
0.09375  -0.169565
0.0625  -0.371261
0.09375  -0.471497
-0.0625  -0.0763842
-0.09375  -0.187051
-0.125  -0.417477
0.1875  -0.215061
0.125  -0.277622
0  -0.152294
0  -0.237101
0.09375  -0.245136
-0.03125  -0.0423747
-0.15625  -0.452674
0.15625  -0.153188
-0.1875  -0.208628
0.25  -0.0968328
0.03125  -0.369704
0.25  -0.24968
0.09375  -0.395885
0.09375  -0.339914
-0.03125  -0.0945962
0  -0.211116
0.0625  -0.219472
0  -0.335491
0.125  -0.300654
0.15625  -0.209882
-0.125  -0.0546627
0.0625  -0.2432
-0.09375  -0.237548
0.0625  -0.391697
0.03125  -0.330081
-0.25  -0.3555
-0.21875  -0.194755
0.03125  -0.281694
0.0625  -0.12815
0.09375  -0.504884
-0.09375  -0.327231
0.125  -0.331829
0.09375  -0.447519
0  -0.316333
0.1875  -0.2031
0.09375  -0.311155
-0.1875  -0.236534
0.03125  -0.172985
0.03125  -0.135464
0.0625  -0.270918
0.3125  -0.124543
0.03125  0.00993621
0.21875  -0.38138
0.15625  -0.20439
0.125  0.00766232
0.21875  0.0926356
-0.09375  -0.363913
0  -0.322736
-0.125  -0.355254
0.3125  -0.275612
-0.09375  -0.391719
0.0625  -0.315883
0  0.00365716
-0.03125  -0.539173
0.0625  -0.364247
0.40625  -0.320207
0  -0.120681
-0.09375  -0.455027
0.15625  -0.11944
-0.125  -0.266274
-0.03125  -0.112172
-0.0625  -0.403954
-0.0625  -0.445506
-0.09375  -0.328829
0.03125  -0.378945
-0.0625  0.0036891
-0.25  -0.184822
-0.40625  -0.257044
0  -0.335904
-0.125  -0.394611
-0.03125  -0.191436
0.34375  -0.336331
-0.0625  -0.172099
0.0625  -0.387223
0.21875  -0.0649159
0.25  -0.4042
-0.09375  -0.638674
0.03125  -0.267813
-0.0625  -0.283672
0.28125  -0.397937
-0.03125  -0.407728
-0.0625  -0.25547
0.21875  -0.392486
0.03125  -0.327327
-0.21875  -0.484848
-0.125  -0.369062
0.09375  -0.065025
0  -0.295528
-0.03125  -0.309751
0.0625  -0.239212
0.0625  -0.173951
0.03125  -0.115637
0.125  -0.230336
0.09375  -0.267144
0  -0.147571
-0.25  -0.415624
-0.03125  -0.0642331
-0.03125  -0.384752
0.09375  -0.378617
0.09375  -0.365097
-0.0625  -0.33663
0.15625  -0.162023
-0.15625  -0.240999
-0.1875  -0.314887
-0.15625  -0.384805
0.15625  0.0122725
0.03125  -0.193506
0  -0.20065
0.15625  -0.383771
-0.125  -0.230483
-0.0625  -0.400598
0.15625  -0.34771
-0.03125  -0.359313
-0.0625  -0.414941
0.125  -0.322157
-0.25  -0.36359
-0.40625  -0.264116
0.03125  0.191242
0  -0.363912
0.1875  -0.128159
-0.15625  -0.239827
0.03125  -0.190541
0.1875  -0.362109
0.375  -0.206235
0.15625  -0.255199
0  -0.272535
-0.09375  -0.402565
-0.09375  -0.195634
0.125  -0.243237
0.0625  -0.303834
-0.15625  -0.325496
-0.125  -0.295566
0.03125  -0.251253
-0.0625  -0.283616
0.03125  -0.339767
0.15625  -0.137023
-0.0625  -0.284245
0.09375  -0.268609
0.0625  -0.220221
-0.0625  -0.265071
0.09375  -0.301162
0  -0.199812
-0.15625  -0.269177
0.09375  -0.281468
-0.15625  -0.304403
-0.03125  -0.378613
-0.15625  -0.435798
-0.15625  -0.226414
-0.03125  -0.138329
-0.125  -0.257682
0.15625  -0.316956
-0.15625  -0.486307
-0.0625  -0.22132
0.1875  -0.0632587
-0.25  -0.341689
-0.03125  -0.112463
-0.0625  -0.192744
-0.34375  -0.262815
-0.125  -0.278258
0.09375  -0.0893849
-0.09375  -0.291222
0.09375  -0.219031
0.09375  -0.256969
0.0625  -0.34403
-0.03125  -0.0927617
-0.09375  -0.363714
0.0625  -0.330339
0.0625  -0.12398
0.03125  -0.277588
0.15625  -0.103451
0.09375  -0.331938
0  -0.250055
0  -0.275371
0.03125  -0.254057
0  -0.351641
-0.25  -0.191664
0  -0.159026
-0.09375  -0.280383
-0.125  -0.106973
-0.25  -0.383209
0.1875  -0.135131
0.125  -0.378461
0.1875  -0.482386
-0.28125  -0.223878
-0.0625  -0.489709
-0.0625  -0.232115
-0.0625  -0.0125917
0  -0.326902
-0.1875  -0.467543
0.125  -0.310456
0.09375  -0.386956
0.0625  -0.360221
0.09375  0.0555568
0.0625  -0.21687
-0.125  -0.242876
-0.09375  -0.284372
0.0625  -0.312169
0.09375  -0.379702
0  -0.0531861
0.1875  -0.532554
-0.03125  -0.182681
0.1875  -0.227851
0  -0.151622
-0.09375  -0.278655
0.15625  -0.19791
-0.09375  -0.0417832
0.09375  -0.074499
-0.21875  -0.387868
0  -0.345516
-0.03125  -0.309071
-0.25  -0.217949
-0.03125  -0.231479
0.03125  -0.263051
-0.21875  -0.301943
0  -0.306578
0.0625  0.0908399
0  -0.3341
0.09375  -0.435279
-0.1875  -0.235225
0.03125  -0.171961
0.03125  -0.367968
0  -0.504315
0  -0.395631
0.1875  -0.194956
0.0625  -0.0109791
-0.09375  -0.241435
0.25  -0.0992067
-0.03125  -0.359123
-0.125  -0.286535
0.09375  -0.338779
-0.15625  0.0252565
0.0625  0.0311859
-0.03125  -0.165806
0.0625  -0.419275
0.03125  -0.164495
0.15625  -0.343769
0.09375  -0.176774
0  -0.221818
0.0625  -0.277164
-0.15625  -0.173099
0.125  -0.441113
-0.0625  -0.261499
-0.03125  -0.117997
0  -0.150162
-0.25  -0.251999
0.1875  -0.14429
-0.15625  -0.254408
-0.0625  -0.242396
-0.15625  -0.201463
-0.03125  -0.0955107
-0.0625  -0.23807
-0.1875  -0.238205
-0.09375  -0.356008
-0.15625  -0.46137
0.125  -0.0872283
-0.0625  -0.366672
0.1875  -0.422187
-0.0625  -0.347846
-0.0625  0.00634169
-0.03125  -0.201663
-0.03125  -0.192605
0.09375  -0.112704
-0.15625  -0.262879
-0.15625  -0.168761
0.15625  -0.556001
0.03125  -0.358104
0.0625  -0.312456
0.03125  -0.128724
-0.125  -0.413277
0.1875  -0.385629
-0.03125  -0.208212
0.0625  -0.402862
0.0625  -0.341201
-0.125  -0.232037
-0.125  -0.188423
-0.09375  -0.245664
-0.03125  -0.20778
-0.03125  -0.421632
0.0625  -0.244978
-0.09375  -0.277229
0.125  -0.296647
-0.09375  -0.214492
-0.125  -0.300789
-0.21875  -0.100407
-0.03125  -0.146501
0.03125  -0.438652
0.15625  -0.217673
-0.21875  -0.10061
0.125  -0.444539
0.25  -0.369151
0.03125  -0.223989
-0.0625  -0.198786
-0.0625  -0.346081
0.0625  -0.369049
0  -0.342063
0.21875  -0.324146
-0.0625  -0.146317
0.09375  -0.275169
-0.0625  -0.208162
-0.03125  -0.443067
0.03125  -0.221924
0  -0.49438
-0.03125  -0.465367
0.34375  -0.132929
-0.0625  -0.482897
0  -0.2536
0.03125  -0.34729
0.03125  -0.370495
0.1875  -0.447596
-0.125  -0.257556
0.03125  -0.424164
0.15625  -0.396387
0  -0.222394
0.3125  0.00366438
0.125  -0.2122
-0.15625  -0.205511
-0.03125  -0.161581
-0.0625  -0.207049
-0.25  -0.279621
-0.0625  -0.422452
-0.09375  -0.140514
0.09375  -0.197228
-0.03125  -0.411012
0.03125  -0.275434
-0.03125  -0.368
-0.15625  -0.179639
-0.125  -0.236801
-0.0625  -0.339921
-0.0625  -0.401453
0.09375  -0.537819
0.1875  -0.454814
-0.125  -0.257149
0.0625  -0.105496
0  -0.357605
-0.0625  -0.0998717
0.03125  -0.324986
-0.09375  0.0109587
0  -0.134374
0.125  -0.367661
0.1875  -0.193007
0.0625  -0.319433
-0.15625  -0.161399
0  -0.172947
0  0.0589724
0  -0.201178
0  -0.371444
-0.25  -0.332457
-0.0625  -0.315236
-0.0625  -0.195531
-0.125  -0.39999
0  -0.169645
-0.15625  -0.141252
0.15625  -0.304363
-0.15625  -0.366682
0.0625  -0.209006
0.0625  -0.177595
-0.09375  -0.268012
-0.21875  -0.247473
-0.0625  -0.326519
-0.03125  -0.397102
-0.1875  -0.452139
0.09375  -0.0825166
-0.09375  -0.280566
0.0625  -0.331673
-0.15625  -0.0397444
0.0625  -0.433873
-0.25  -0.0765284
0.15625  -0.14296
-0.15625  -0.127692
0.03125  -0.200883
0  -0.0811755
-0.15625  -0.225938
-0.125  -0.199466
-0.15625  -0.601677
-0.03125  0.095991
0.125  -0.491142
0  -0.264722
-0.0625  -0.312746
-0.09375  -0.39226
0.15625  -0.204427
0.09375  -0.25027
0  -0.220897
-0.15625  -0.301897
-0.15625  -0.219226
-0.09375  0.050106
0.15625  -0.258492
0.1875  -0.326829
-0.03125  -0.144227
-0.25  -0.347506
-0.125  -0.280843
-0.09375  -0.626551
0.03125  -0.0790132
-0.15625  -0.358812
0.125  -0.387731
-0.15625  -0.227021
-0.125  -0.297567
-0.125  -0.366641
-0.125  -0.0880235
0  -0.211406
0.03125  -0.25278
-0.0625  -0.0938223
0.03125  -0.228704
0.125  -0.314962
0.03125  -0.24612
-0.03125  -0.215381
-0.09375  -0.481127
-0.03125  -0.287251
-0.15625  -0.223611
0.3125  -0.283252
0  -0.0983485
0.15625  -0.25433
-0.0625  -0.177963
0.25  -0.434603
-0.03125  -0.161449
-0.09375  -0.121154
0.03125  -0.0925761
0.15625  -0.238738
0.125  -0.418769
0.03125  -0.216789
0  0.128211
0.09375  -0.440487
0.0625  -0.299599
-0.03125  -0.167268
-0.1875  -0.253178
0.03125  -0.136538
0.25  -0.262557
0.15625  -0.296821
0.1875  -0.327177
0.03125  -0.129927
0.0625  -0.379366
-0.03125  -0.19789
0.125  -0.373233
0.09375  -0.28767
0.03125  -0.280377
0.09375  -0.355887
-0.09375  -0.35457
-0.3125  -0.302805
0.09375  -0.26108
0.125  -0.279137
-0.1875  -0.333353
0.15625  -0.275836
0  -0.304709
-0.125  -0.132299
-0.125  -0.3019
0.09375  -0.117805
-0.0625  -0.393908
0.03125  -0.166208
-0.28125  -0.283145
-0.0625  -0.303827
0.03125  -0.38461
0.03125  -0.18204
0.125  -0.31158
0.15625  -0.154077
0.1875  0.016545
0.21875  -0.211519
0.125  -0.306549
-0.15625  -0.168475
0.1875  -0.00540846
0.09375  -0.146442
0  -0.268775
0.03125  -0.45742
-0.1875  -0.332532
0.0625  -0.471965
0.125  -0.142337
0.09375  0.0912395
0.1875  -0.242876
0.21875  -0.193585
-0.03125  -0.333694
-0.03125  -0.170831
-0.125  -0.327557
0.25  -0.132564
0.25  -0.498424
0.0625  -0.420111
-0.03125  -0.234168
0  -0.0940571
0.1875  0.0347891
-0.1875  -0.0451852
0.21875  -0.157473
0.0625  -0.324404
-0.21875  -0.229892
0.1875  -0.16468
-0.0625  -0.161624
0.21875  -0.190189
0.03125  -0.0638724
-0.03125  -0.0647038
0.09375  -0.183149
0.0625  -0.213453
-0.1875  -0.111876
-0.0625  -0.459345
0.0625  -0.084576
-0.125  -0.0966462
-0.15625  -0.205979
-0.03125  -0.41293
0.0625  -0.291536
0.09375  -0.209437
0.09375  -0.252266
0.0625  -0.498851
0.125  -0.350803
-0.15625  -0.199909
-0.21875  -0.312272
0.0625  -0.0600083
0.09375  -0.327726
-0.09375  -0.446869
-0.03125  -0.267021
-0.0625  -0.0478466
0.15625  -0.139938
0.21875  -0.333781
0.09375  -0.230593
-0.09375  -0.383019
-0.03125  -0.30592
0.125  -0.118606
-0.1875  -0.370532
0.28125  -0.308445
0.28125  -0.0481891
0.0625  -0.43375
-0.125  -0.130559
-0.125  -0.111579
0.15625  -0.152384
0.0625  -0.278644
0.15625  -0.259141
0.0625  -0.325749
0.03125  -0.305542
-0.0625  -0.315393
-0.03125  -0.264063
0  -0.0954863
-0.15625  -0.194393
-0.09375  -0.172484
-0.0625  -0.170001
0  -0.0217963
-0.0625  0.0156693
0.03125  -0.260756
-0.125  -0.426819
0.0625  0.0588626
0.09375  -0.0751885
-0.15625  -0.186328
-0.03125  -0.504618
-0.03125  -0.225673
0  -0.208535
0.125  -0.121002
0.0625  0.00273597
0.125  -0.169261
-0.375  -0.291396
-0.09375  -0.18344
0.09375  -0.315694
-0.03125  -0.245564
0.21875  -0.255673
0.0625  -0.231247
-0.09375  -0.279555
-0.0625  -0.221571
0.03125  -0.0636649
-0.03125  -0.436979
-0.0625  -0.321295
0.28125  -0.226099
0.03125  -0.342758
0  -0.447063
-0.03125  -0.336271
0.09375  -0.447494
-0.15625  -0.358468
-0.03125  -0.235025
-0.25  -0.273587
0.125  -0.433482
0.09375  -0.399733
-0.03125  -0.2073
-0.03125  -0.277446
0.0625  -0.0938764
-0.03125  -0.289043
0.125  -0.206353
-0.1875  -0.336439
0.03125  -0.35694
0.15625  -0.174582
0  -0.403849
0.125  -0.172456
-0.21875  -0.065909
0.21875  -0.116309
0.0625  -0.255475
0.09375  -0.274958
0  -0.284006
-0.03125  -0.281676
0.34375  -0.321437
0  -0.274357
0.09375  -0.181365
0.03125  -0.275191
0.0625  -0.149132
-0.125  -0.350931
-0.09375  -0.214846
0.125  -0.253035
0.0625  -0.208986
-0.0625  -0.246576
-0.28125  -0.274321
-0.25  -0.134005
0  -0.353555
-0.09375  -0.49584
0.15625  0.0162233
0.1875  -0.300993
-0.09375  -0.118699
0.03125  -0.12925
0.0625  -0.0256941
-0.3125  -0.314304
0.1875  -0.169503
-0.0625  -0.154188
0.0625  -0.171162
0.125  -0.406486
0.0625  -0.0914465
-0.0625  -0.239036
0.0625  -0.163772
-0.125  -0.365634
-0.15625  -0.5557
0.09375  -0.192329
0.21875  -0.3965
-0.03125  -0.0962351
0  -0.187795
0.28125  -0.370819
0.0625  -0.232429
-0.03125  -0.416433
-0.0625  -0.0908201
0  0.00293076
-0.09375  -0.208098
0.03125  -0.257278
-0.09375  -0.190765
-0.0625  -0.335422
-0.0625  -0.311269
0.21875  -0.302759
-0.1875  -0.300534
-0.15625  -0.294564
-0.03125  -0.387002
-0.125  -0.216853
-0.1875  -0.322526
0.09375  -0.485592
0.1875  -0.133855
-0.1875  -0.362264
-0.1875  -0.351683
-0.0625  -0.320968
-0.0625  -0.13698
0.0625  -0.0728198
0  -0.556393
0.21875  -0.312949
-0.0625  -0.563688
0.125  -0.20665
-0.03125  -0.381032
-0.15625  -0.179287
0.15625  -0.330211
0.0625  -0.19778
0.09375  -0.378011
0.1875  -0.433876
-0.03125  -0.136552
0.0625  -0.244742
0.15625  -0.304318
-0.09375  -0.311173
-0.0625  -0.269907
-0.21875  -0.27518
0.25  -0.377908
-0.0625  -0.328891
-0.1875  -0.311191
0.03125  -0.239582
0.03125  -0.141771
0.09375  -0.0274775
-0.125  -0.262275
-0.25  -0.219218
-0.0625  -0.36102
-0.0625  -0.167352
-0.03125  -0.320969
0.09375  -0.244058
0.125  -0.0995878
0  -0.155231
0.03125  -0.0811344
0.03125  -0.0395281
-0.25  -0.513394
0  -0.174345
0  -0.412524
-0.15625  -0.195167
0.09375  -0.457101
-0.21875  -0.220989
0.0625  -0.127155
0.09375  -0.288575
0.03125  -0.264977
0.15625  -0.184224
0.21875  -0.333009
0.0625  -0.446454
0.0625  -0.0540502
-0.09375  -0.204353
0.03125  -0.282448
0.09375  -0.193322
0.09375  -0.0652992
0.15625  -0.433326
0.15625  -0.0177104
-0.21875  -0.254328
-0.03125  -0.293005
0.0625  -0.508476
-0.15625  -0.113739
0.125  -0.326454
-0.1875  -0.239528
-0.0625  -0.349051
0.09375  -0.371006
0.25  -0.297096
0.0625  -0.0456077
0.0625  -0.266835
-0.03125  -0.377405
-0.03125  -0.239162
-0.09375  -0.251308
-0.03125  -0.355916
0.0625  -0.112323
-0.0625  -0.344327
0  -0.31076
-0.0625  -0.150832
-0.0625  -0.239341
-0.0625  -0.261948
-0.125  -0.175731
-0.03125  -0.0878972
0.1875  -0.0710462
-0.0625  -0.151251
0  -0.22613
-0.0625  -0.279533
-0.09375  -0.36574
0.1875  -0.350773
-0.125  -0.274813
-0.125  -0.223022
-0.09375  -0.420171
0.125  -0.331946
0.03125  -0.398736
0  -0.20736
-0.0625  -0.0641363
0.09375  -0.0970701
0  -0.212646
0.1875  -0.295058
0  -0.131332
0.1875  -0.113279
0.15625  0.0477389
0.03125  -0.168568
0  -0.187894
0.09375  -0.298992
0.0625  -0.131431
-0.03125  -0.383492
0.03125  -0.084417
-0.15625  -0.442825
-0.03125  -0.188903
-0.1875  -0.276089
-0.0625  -0.23213
0.28125  -0.271544
0.125  -0.392981
-0.1875  -0.157593
-0.1875  -0.145609
0.1875  -0.215169
0.15625  -0.428564
0.1875  -0.239581
0.0625  -0.308253
-0.09375  -0.196086
0.09375  -0.251355
0  -0.32118
-0.09375  -0.352086
-0.09375  -0.152603
0.03125  -0.319968
-0.03125  -0.420203
-0.15625  -0.289681
0.0625  -0.0422653
0.03125  -0.0979367
-0.0625  -0.226473
0.1875  0.0129057
-0.34375  -0.328269
0.03125  -0.129025
0.03125  -0.317684
0.1875  -0.197259
-0.09375  -0.442118
-0.15625  -0.385255
-0.1875  -0.364919
0.03125  -0.187097
0.03125  -0.304198
0.03125  -0.335278
-0.0625  -0.247405
0  0.029348
-0.09375  -0.263297
-0.0625  -0.26207
-0.0625  -0.354387
-0.15625  -0.161111
0  -0.470034
0.1875  -0.26883
0.0625  -0.495655
0.03125  -0.36985
-0.125  -0.303718
0.03125  -0.487585
-0.09375  -0.157234
-0.03125  -0.179055
0.21875  -0.117432
0.15625  -0.2868
-0.0625  -0.430149
-0.03125  -0.235238
-0.03125  -0.0252403
0.25  -0.24779
0.09375  -0.0718535
0.21875  -0.356451
-0.125  -0.284011
0.125  -0.0802817
-0.09375  -0.205105
-0.09375  -0.279861
0.1875  -0.294802
0.21875  -0.268654
-0.09375  -0.191491
0.1875  -0.476287
-0.09375  -0.324816
0.125  -0.270894
0.0625  -0.226204
-0.21875  -0.293627
0.15625  -0.301407
-0.0625  -0.277686
0  -0.0748556
0.09375  -0.401277
0.03125  -0.532834
-0.0625  -0.339335
-0.03125  -0.233015
-0.125  -0.254694
-0.21875  0.048308
-0.125  -0.284879
0.25  -0.15538
-0.25  -0.16693
0.03125  -0.196723
0.125  -0.0678295
0.125  -0.342858
0.125  -0.476514
0.0625  -0.421913
-0.15625  -0.0628404
0.0625  -0.31675
-0.03125  -0.347057
0  -0.251863
-0.0625  -0.495947
-0.09375  -0.229142
-0.03125  -0.0667604
-0.375  -0.207676
0.125  -0.142913
0.21875  -0.245886
-0.0625  -0.193591
0.15625  -0.275178
0.1875  -0.236206
-0.03125  -0.377572
-0.0625  -0.0766698
-0.0625  -0.391925
0.125  0.0150013
0.125  -0.236162
-0.15625  -0.0969446
0.0625  -0.0437088
0.09375  -0.176876
-0.03125  -0.218846
-0.1875  -0.00264707
-0.15625  -0.596881
0.03125  -0.238554
0  -0.22497
0.125  -0.403508
-0.125  0.036893
0.1875  -0.341517
-0.09375  -0.357839
-0.03125  -0.151148
0.03125  -0.313645
0.0625  -0.223296
-0.0625  -0.385431
0.03125  -0.250135
-0.1875  -0.495063
0.09375  -0.475294
0.09375  -0.464344
0.0625  -0.358773
-0.125  -0.30632
-0.15625  -0.249458
0.21875  -0.132779
0.03125  -0.120026
0.1875  -0.219731
-0.03125  -0.211812
-0.03125  -0.316046
-0.0625  -0.471521
-0.125  -0.374193
-0.09375  -0.292825
0.09375  -0.149713
0.09375  -0.394553
0.1875  -0.468493
0.03125  -0.0006252
-0.21875  -0.225167
0.09375  -0.330545
0.03125  -0.318421
0.03125  -0.0855077
0.0625  -0.133202
0.09375  -0.0750897
0.28125  -0.486943
-0.03125  -0.147192
0.0625  -0.304257
0.40625  -0.327216
0.03125  -0.245217
0.125  -0.327061
-0.0625  -0.256294
-0.15625  -0.149633
0.15625  -0.471445
-0.03125  -0.428986
0.09375  -0.509568
-0.09375  -0.344978
0.0625  -0.140529
-0.15625  -0.375695
-0.0625  -0.178778
0.03125  -0.239386
-0.0625  -0.141339
-0.1875  -0.263443
0.25  -0.32272
0  -0.501581
0.21875  -0.295952
0.125  -0.302621
-0.09375  -0.171108
-0.25  -0.362401
0  -0.452666
0.03125  -0.199533
0  -0.429066
0.09375  -0.402904
0.25  -0.341274
0.0625  -0.322443
0.03125  -0.376211
-0.1875  -0.225369
-0.1875  -0.322608
0.03125  -0.136008
0.15625  -0.380232
0.0625  -0.21793
0.03125  -0.365037
-0.15625  -0.166499
0.09375  -0.227694
0.125  -0.0939934
0.0625  -0.596039
0  -0.331555
0.09375  -0.41027
0.03125  -0.173973
-0.125  -0.101702
0.03125  -0.17286
-0.125  -0.00855
0.0625  -0.191959
0.0625  -0.0996817
0.09375  -0.372276
-0.09375  -0.456237
0.03125  -0.384153
-0.25  -0.192181
0.125  -0.401786
0.03125  -0.420762
0  -0.288681
0.15625  -0.0389532
0.1875  -0.150997
0.125  -0.386439
-0.03125  -0.0882959
-0.21875  -0.220163
-0.1875  -0.363039
0.125  -0.232701
-0.125  -0.330126
0.125  -0.20942
0  -0.31545
-0.1875  -0.472191
0.125  -0.44531
-0.09375  -0.0379703
-0.125  -0.384259
0.15625  -0.210257
0.03125  -0.282583
-0.25  -0.373
0  -0.343817
-0.0625  -0.303638
0.0625  -0.235357
0.125  -0.343915
-0.1875  -0.300357
-0.125  -0.605555
-0.09375  -0.258246
-0.25  -0.293141
0.15625  -0.198721
0.15625  -0.486466
-0.0625  -0.234208
-0.0625  -0.336451
0.0625  -0.278273
0.21875  -0.302149
-0.0625  -0.250247
-0.125  -0.0537834
0.0625  -0.232679
0.25  -0.476567
0.28125  -0.397585
-0.03125  -0.167243
0.25  -0.282893
-0.15625  -0.309885
-0.0625  -0.293876
0.125  -0.218484
-0.15625  -0.244265
-0.0625  -0.0883346
0.0625  -0.440595
0  -0.0407537
-0.28125  -0.309337
0.09375  -0.414099
0.03125  -0.310732
-0.1875  -0.30936
-0.3125  -0.221662
0  -0.365003
0  -0.129877
-0.0625  -0.376904
0.09375  -0.282874
-0.03125  -0.148052
-0.25  -0.382435
0.15625  -0.276906
0.0625  -0.413977
0.03125  -0.284566
-0.09375  -0.201288
-0.3125  -0.154599
-0.25  -0.332772
0.0625  -0.350228
0  -0.397512
-0.03125  -0.143441
0.0625  -0.275551
-0.125  -0.199966
0.03125  -0.353487
-0.0625  -0.117146
-0.09375  -0.226501
-0.25  -0.29325
-0.09375  -0.196002
-0.03125  -0.202943
-0.09375  -0.0374574
0.125  -0.254733
0.03125  -0.381185
0.21875  -0.151942
-0.03125  -0.204771
0.03125  -0.0869398
0.15625  -0.255474
0.125  -0.11627
-0.03125  -0.565412
0.0625  -0.238314
0.1875  -0.26717
-0.34375  -0.366386
-0.21875  -0.267484
-0.0625  -0.198891
0.09375  -0.057647
0  -0.31994
0.03125  -0.348028
0.1875  -0.297504
0.15625  -0.497605
0.0625  -0.284947
0  -0.081352
0.03125  -0.539579
-0.15625  -0.22719
-0.0625  -0.327844
-0.03125  -0.403017
0.21875  -0.224506
0.1875  -0.320077
0.09375  -0.379008
-0.15625  -0.292348
-0.125  -0.26072
0  -0.140519
-0.09375  -0.59261
0.03125  -0.333454
0.125  -0.241718
0.03125  -0.07897
0.09375  -0.139746
0.28125  -0.457158
-0.0625  -0.367567
0.09375  -0.25308
-0.03125  -0.32545
0.28125  -0.248027
0.125  -0.279384
0.0625  0.0622506
-0.0625  -0.312799
0.03125  -0.34443
0.0625  -0.0954586
0.03125  -0.28282
-0.09375  -0.052195
0.15625  -0.19954
-0.125  -0.246123
-0.25  -0.171976
0.1875  -0.331617
-0.15625  -0.248118
0.09375  -0.195433
0.25  0.0403903
-0.09375  -0.154254
0.125  -0.347475
-0.15625  -0.335192
0  -0.26876
0  -0.156075
0.0625  -0.366523
0.21875  -0.507315
-0.03125  -0.309462
0.09375  -0.313442
-0.1875  -0.347657
0.09375  -0.316729
-0.03125  -0.449553
0.125  -0.20231
0.0625  -0.21664
0.03125  -0.328443
0.0625  -0.0754601
0.125  -0.335462
-0.03125  -0.480404
-0.15625  -0.378021
0.28125  -0.143684
-0.1875  -0.388978
0  -0.273282
-0.09375  -0.358396
0.0625  -0.383675
0.1875  -0.382444
0.1875  -0.174844
-0.09375  -0.464536
0  -0.363893
-0.03125  -0.29902
0.21875  -0.145408
-0.28125  -0.254954
0  -0.24543
-0.09375  -0.33575
-0.3125  -0.212606
0.03125  -0.36922
-0.09375  -0.344798
-0.0625  -0.296073
-0.03125  -0.356051
-0.0625  -0.160361
0  -0.0780639
-0.15625  -0.118677
-0.1875  -0.197373
0.21875  -0.323611
0.0625  -0.190774
-0.15625  -0.228203
0.0625  -0.237521
-0.3125  -0.273434
-0.09375  -0.314183
-0.125  -0.493824
0  -0.21664
-0.09375  -0.231878
0.125  0.0184169
0.0625  -0.149826
0.15625  -0.132744
-0.09375  -0.185896
-0.03125  -0.130653
-0.21875  -0.148324
-0.03125  -0.229646
0.09375  -0.376853
-0.125  -0.488904
0  -0.212094
-0.1875  -0.319237
0.125  -0.0622304
0.125  -0.387395
-0.0625  -0.150071
0.0625  -0.306833
0.125  -0.383051
0.09375  -0.368704
-0.09375  -0.335422
-0.25  -0.170123
0.03125  -0.368421
0.09375  -0.377682
0.25  -0.256186
0.125  -0.335114
-0.03125  -0.438472
0  -0.386593
0.03125  -0.168282
0.09375  -0.108933
0.03125  -0.252322
-0.03125  -0.521594
-0.09375  -0.212309
0.21875  -0.182295
-0.28125  -0.0888132
0.09375  0.0218971
-0.15625  -0.155255
0.03125  -0.221314
0.25  -0.186166
0.09375  -0.303673
0.0625  -0.383187
-0.125  -0.384994
0.1875  -0.139477
0.0625  -0.270774
-0.03125  -0.334207
0.03125  -0.308278
-0.03125  -0.214827
0  -0.3851
0.09375  -0.0983906
0.0625  -0.26221
0.03125  -0.323206
0  -0.252289
-0.125  -0.169055
0.25  -0.232559
-0.0625  -0.250889
0.15625  -0.122026
0.09375  -0.11348
0.0625  -0.275659
0.0625  -0.099221
-0.03125  -0.29055
-0.0625  -0.296659
-0.03125  -0.172235
0.0625  -0.130117
-0.0625  -0.32205
-0.0625  -0.155119
0.0625  -0.317933
-0.21875  -0.170732
-0.09375  -0.309184
0.0625  -0.238067
0.28125  -0.157232
0.375  -0.353455
-0.09375  -0.39973
-0.0625  -0.422108
0  -0.255435
-0.15625  -0.246553
-0.09375  -0.519248
-0.03125  0.0404433
0.0625  -0.25032
0  -0.138956
0.0625  -0.218694
0.09375  -0.448507
0.0625  -0.268312
0.40625  -0.211719
0.03125  -0.43163
0.125  -0.336432
-0.03125  -0.182723
0  -0.402259
0.09375  -0.398979
0.09375  -0.368425
0.09375  -0.00158063
0.28125  -0.352866
-0.09375  -0.139756
-0.25  -0.229888
0.125  -0.29186
0.375  -0.398297
0.15625  -0.49695
0.375  -0.221639
0.0625  -0.349107
0  -0.289686
-0.0625  -0.144707
0.03125  -0.143393
-0.1875  -0.366519
0.09375  -0.15103
0.125  -0.312059
-0.1875  -0.341811
-0.03125  -0.399272
-0.09375  -0.101568
0.0625  -0.324049
-0.09375  -0.283265
0.1875  -0.352089
0.1875  -0.268466
0.125  -0.332104
0.1875  -0.168434
-0.09375  -0.373215
0.09375  -0.221344
0.03125  -0.307078
0.125  -0.364404
0  -0.324752
0  -0.356958
-0.15625  -0.257682
0  -0.244185
0.1875  -0.116929
0.21875  -0.409104
0.09375  -0.0542257
0.03125  -0.154336
0.0625  -0.181049
-0.0625  -0.121735
-0.03125  -0.215719
-0.15625  -0.044422
-0.03125  -0.00576526
-0.03125  -0.411204
-0.0625  -0.158277
0.09375  -0.275947
0.15625  -0.22472
0.03125  -0.348902
-0.1875  -0.0914528
0.1875  -0.264861
-0.09375  -0.476666
0.03125  -0.114701
-0.03125  -0.027407
-0.125  -0.400404
0  -0.29543
0.125  -0.0756821
0  -0.164498
0.15625  -0.24405
0.09375  -0.405054
-0.125  -0.275804
0.0625  -0.255809
0.03125  -0.100292
0  -0.291015
0  -0.214203
0.09375  -0.300293
0.125  -0.211431
-0.15625  -0.417606
0  -0.300985
-0.09375  -0.293712
0  -0.305094
0.03125  -0.539592
0.125  -0.108445
0.1875  -0.343731
-0.21875  -0.367676
0.0625  -0.475646
-0.0625  -0.274118
0.0625  -0.166676
-0.03125  -0.382105
0  -0.286067
-0.0625  -0.239747
0.125  -0.470094
0.0625  -0.276215
0.1875  -0.322021
0.03125  -0.29536
0.0625  -0.338054
0.03125  -0.320134
-0.03125  -0.285248
0  -0.342034
0.09375  -0.146562
-0.0625  -0.168915
-0.09375  -0.302326
0  -0.27633
-0.03125  -0.100191
0  -0.460938
-0.0625  -0.185374
0.03125  -0.314291
0.21875  -0.410206
0  -0.31838
0.125  -0.364403
-0.125  -0.402836
-0.125  -0.397988
0  -0.279836
0.0625  -0.249055
0.0625  -0.104488
-0.09375  -0.212639
0.09375  -0.187243
-0.15625  -0.0765774
-0.15625  -0.195828
0.1875  -0.0618658
-0.1875  -0.114965
-0.125  -0.137677
0.03125  -0.39004
-0.125  -0.362905
-0.09375  -0.287025
-0.21875  -0.316485
-0.21875  -0.244262
0.15625  -0.43431
-0.0625  -0.32705
0.125  -0.325071
0.03125  -0.126031
-0.0625  -0.255711
0.0625  -0.142476
0.03125  -0.225041
-0.03125  -0.0904607
0.03125  -0.437748
0.0625  -0.28085
0.15625  -0.276094
-0.0625  -0.151112
-0.0625  -0.327737
0.03125  -0.279395
-0.15625  -0.438581
-0.09375  -0.374755
-0.28125  -0.359723
0.125  -0.368333
0.1875  -0.294524
0.03125  -0.285187
-0.21875  -0.207815
0.03125  -0.343633
-0.0625  -0.148717
0.0625  -0.164704
-0.09375  -0.229506
-0.1875  -0.345622
0.09375  -0.402411
0.1875  -0.230394
-0.09375  -0.349861
-0.3125  -0.339981
-0.28125  -0.363708
0.21875  -0.143736
0.1875  -0.380142
0.09375  -0.287984
0.03125  -0.359475
-0.09375  -0.291611
-0.1875  -0.215208
0  -0.223605
-0.1875  -0.00145141
-0.15625  -0.256775
0.25  -0.232027
-0.15625  -0.350384
0.09375  -0.229545
-0.03125  -0.25214
0  -0.3259
-0.03125  -0.405236
0.1875  -0.0929922
0.0625  -0.203165
-0.125  0.00609021
-0.09375  -0.305229
-0.03125  -0.184274
-0.09375  -0.21313
-0.09375  -0.0978534
-0.03125  -0.331341
-0.1875  -0.350251
-0.09375  -0.306099
0.21875  -0.449065
-0.15625  -0.232703
0.125  -0.0540806
0.03125  -0.0283417
0.03125  -0.265782
0.15625  -0.0576119
0.15625  -0.231166
0.0625  -0.0102297
-0.125  -0.218443
-0.09375  -0.352535
0.09375  -0.329279
0.1875  -0.245487
0  -0.510151
0.09375  -0.424628
-0.0625  0.170194
-0.09375  -0.429192
0.09375  -0.107957
-0.15625  -0.440092
-0.09375  -0.27779
0.0625  -0.212641
0  -0.265914
0.3125  -0.361308
-0.0625  -0.329077
0.125  -0.40921
0  -0.390644
-0.03125  -0.129129
0.09375  -0.341034
-0.09375  -0.185172
-0.15625  -0.204228
-0.09375  -0.304472
0.0625  -0.339364
0.03125  -0.298212
0  -0.463656
-0.0625  -0.37312
-0.15625  -0.0899009
0.125  -0.140002
0.03125  -0.132812
0.15625  -0.468334
0  -0.38905
-0.03125  -0.182239
-0.15625  -0.306673
0.09375  -0.154699
-0.03125  -0.0590921
0.09375  -0.230621
0.125  -0.0860616
0.0625  -0.22508
0.09375  -0.225187
-0.125  -0.134184
0.03125  -0.0989726
0.03125  -0.307074
-0.03125  -0.361512
0.03125  -0.434452
-0.125  -0.279572
-0.25  -0.0959172
-0.03125  -0.257215
-0.09375  -0.311331
-0.0625  -0.358357
0.09375  -0.473302
-0.0625  -0.00445208
0.1875  -0.17375
0.03125  -0.278826
0  0.0457311
0.09375  -0.221915
0.03125  -0.14949
-0.125  -0.333187
0.09375  -0.382933
0.0625  -0.478947
-0.15625  -0.228477
0.15625  -0.100076
0.21875  -0.272753
-0.15625  -0.340113
-0.09375  -0.102048
0.125  -0.390563
0  -0.245721
0.0625  -0.323682
0.21875  -0.0907938
0.21875  -0.204363
0  -0.479087
-0.15625  -0.318385
-0.15625  -0.361868
-0.0625  -0.201878
0.03125  -0.284202
-0.125  -0.164461
0.0625  -0.286773
-0.03125  -0.179686
0.15625  -0.308296
-0.03125  -0.0641144
-0.03125  -0.305121
0.03125  -0.251086
0.03125  -0.378831
-0.09375  -0.152599
0  -0.143388
-0.15625  -0.341764
-0.125  -0.427178
0.0625  0.0116125
0.03125  -0.00256555
-0.0625  -0.21053
0.125  -0.47709
-0.0625  -0.218184
-0.25  -0.185111
-0.125  -0.202569
0.09375  -0.403389
0.09375  -0.0569942
-0.03125  -0.299611
0.25  -0.206034
0  -0.174733
0.25  -0.223449
0.03125  -0.487386
0.25  -0.273007
0  -0.385678
-0.03125  -0.419716
-0.125  -0.322823
-0.0625  -0.193895
-0.1875  -0.308121
-0.09375  -0.232986
-0.03125  -0.473325
-0.03125  -0.366052
-0.03125  -0.0203102
-0.0625  -0.208539
-0.0625  -0.129876
0.03125  -0.45834
0.0625  -0.222002
0.09375  -9.78743e-05
-0.125  -0.446619
-0.0625  -0.261653
-0.0625  -0.162748
-0.0625  -0.393827
-0.0625  -0.264227
-0.0625  -0.499064
-0.15625  -0.20683
0.03125  -0.116633
0  -0.212455
0.09375  -0.293992
-0.0625  -0.388959
0.125  -0.35579
0.03125  -0.0514327
0.15625  -0.210107
-0.0625  0.000499026
0.25  -0.0387414
-0.09375  -0.15216
0.125  -0.251237
0  -0.151015
-0.125  -0.0790703
-0.125  -0.236311
0.125  -0.218289
0.0625  -0.181847
0.0625  -0.339192
0.03125  -0.256137
-0.03125  -0.215572
-0.03125  -0.610834
-0.125  -0.178207
0  -0.175491
-0.09375  -0.430577
-0.21875  -0.130467
0.125  -0.0119743
-0.09375  0.15886
0.09375  -0.145205
-0.0625  -0.170595
-0.03125  -0.483127
0.03125  -0.327245
0  -0.171503
0.125  -0.154261
0.09375  -0.244425
0.1875  -0.176126
0.03125  -0.103229
-0.0625  -0.429726
-0.0625  -0.129348
-0.03125  -0.214994
-0.25  -0.176164
-0.03125  -0.472817
-0.09375  -0.175621
-0.21875  -0.341831
0.03125  -0.196052
-0.28125  -0.174696
-0.0625  -0.248009
-0.03125  -0.372614
0.0625  -0.241127
0  -0.31203
0.15625  -0.294826
0  -0.29399
-0.03125  -0.24721
-0.03125  -0.257362
-0.0625  -0.0424473
-0.125  -0.509872
0.125  -0.148298
-0.1875  -0.422454
0.03125  -0.163632
-0.1875  -0.325979
0.34375  -0.220386
0.21875  -0.22852
0.15625  -0.251812
-0.21875  -0.210911
0  -0.349723
-0.0625  -0.166955
0.21875  -0.174324
-0.09375  -0.376217
-0.09375  -0.456058
0  -0.382677
0.0625  -0.0518927
0.1875  -0.197467
0  -0.218447
-0.03125  -0.0982128
0.03125  -0.0904303
0.40625  -0.431724
0.09375  -0.246628
0.1875  -0.255698
-0.125  -0.10527
-0.0625  -0.196723
-0.0625  -0.138463
0.125  -0.332762
-0.21875  -0.146404
0.03125  -0.240406
0  -0.261805
0  -0.0475638
0  -0.127358
-0.03125  -0.0483768
0.125  -0.175916
-0.1875  -0.319413
-0.0625  -0.113085
0.25  -0.252928
-0.09375  -0.129642
0.09375  -0.0795512
-0.03125  -0.201477
-0.0625  -0.0923831
0.03125  -0.258015
0  -0.126249
0.09375  -0.294613
0  -0.377647
0.0625  -0.200012
-0.09375  -0.333169
0.21875  -0.382346
-0.1875  -0.247372
-0.0625  -0.305081
-0.0625  -0.234302
0.03125  -0.311383
-0.15625  -0.333206
-0.15625  -0.159791
0  -0.315333
0.03125  -0.155565
0.0625  -0.223838
-0.0625  -0.270083
-0.0625  -0.188682
0.09375  -0.222832
0.1875  -0.485942
0.0625  -0.18165
0  -0.285642
-0.0625  -0.111556
0.125  -0.315601
-0.03125  -0.324743
-0.0625  -0.129237
-0.03125  -0.0135738
-0.09375  -0.217392
0.1875  -0.035962
0.125  -0.245774
0.03125  -0.384712
0.25  -0.317923
0.03125  -0.353297
-0.15625  -0.479561
0.125  -0.102546
-0.03125  -0.24874
0  -0.197669
0.09375  -0.444045
-0.25  -0.296899
0.125  -0.296154
0.1875  -0.448522
-0.03125  -0.307344
-0.1875  -0.165309
0.03125  -0.12347
0.21875  -0.140948
-0.0625  -0.277418
-0.0625  -0.338059
-0.15625  -0.0601691
-0.125  -0.389492
-0.0625  -0.575691
0.09375  -0.258828
0.03125  -0.1708
-0.09375  -0.311923
-0.03125  -0.272319
0.15625  -0.0654642
0.09375  -0.320769
0  -0.470558
0.03125  -0.42125
-0.21875  -0.462995
-0.0625  -0.123871
0  -0.171598
-0.0625  -0.325638
0.15625  -0.351522
-0.0625  -0.250403
0.125  -0.44388
0.09375  -0.148325
0.15625  -0.0953432
-0.09375  -0.283975
0.0625  -0.150455
0.03125  -0.391334
0.1875  -0.195931
-0.0625  -0.417725
-0.09375  -0.340885
-0.21875  -0.0408576
0.03125  -0.286189
-0.0625  -0.0383295
0.03125  -0.347329
-0.0625  -0.204014
0  -0.207943
-0.0625  -0.381213
-0.03125  -0.296122
0.125  -0.288142
0.125  -0.297916
-0.15625  -0.202409
0.125  -0.261508
0  -0.0887697
0.03125  -0.382629
0.21875  -0.218907
0.09375  -0.125455
-0.03125  -0.429967
0.03125  -0.221184
0.15625  -0.10809
-0.0625  -0.19903
0  -0.305709
-0.09375  -0.21435
0.1875  -0.339014
0.09375  -0.318875
0.03125  -0.173373
0.03125  -0.390888
0.03125  -0.232848
-0.21875  0.0268863
0.0625  -0.140733
-0.03125  -0.195201
0  -0.512788
-0.1875  -0.230433
0.0625  -0.388179
0.03125  -0.29463
0.09375  -0.436615
0.0625  -0.423786
-0.03125  -0.0991767
0.125  -0.39344
-0.09375  -0.243527
-0.03125  -0.147699
0.0625  -0.414689
-0.125  -0.330552
0.0625  -0.543062
0.125  -0.366629
-0.0625  -0.418601
-0.0625  -0.164175
0.0625  -0.220217
-0.15625  -0.328034
0.28125  -0.310572
0  -0.198803
-0.28125  -0.371161
-0.0625  -0.290526
-0.125  -0.278171
0.0625  -0.35517
0.15625  -0.176061
0.15625  -0.238834
0  -0.409441
-0.3125  -0.34538
-0.0625  -0.3554
-0.0625  -0.141021
-0.21875  -0.260172
-0.09375  -0.290946
-0.1875  -0.213922
0.28125  -0.156408
0.0625  -0.476162
-0.0625  -0.1306
-0.125  -0.160224
0.125  -0.486305
0.125  -0.386775
0.03125  -0.321122
0.15625  -0.289469
-0.03125  -0.403848
0.0625  -0.162032
-0.34375  -0.0760907
-0.09375  -0.277794
0.125  -0.196448
-0.0625  -0.313865
0.03125  -0.371794
0.15625  -0.25457
-0.03125  -0.360922
-0.125  -0.17521
0  -0.359879
-0.09375  -0.294313
-0.0625  -0.284267
0.125  -0.104194
0.0625  -0.415266
0  -0.257753
-0.03125  -0.177811
0.125  -0.151686
-0.09375  -0.293842
0  -0.119427
0.0625  -0.0370215
0  -0.469623
-0.3125  -0.441545
-0.125  -0.44078
-0.0625  -0.386229
0.125  -0.0694214
0  -0.303628
0.03125  -0.0479719
0.03125  -0.22468
0.09375  -0.12991
-0.09375  -0.126142
0  -0.255654
0.09375  -0.449267
-0.09375  -0.096116
0.0625  -0.173998
0.09375  -0.132542
0.3125  -0.30537
-0.03125  -0.484896
-0.25  -0.36041
-0.1875  -0.310908
0.03125  -0.226741
-0.3125  -0.484508
0.25  -0.0504902
0.09375  -0.0892618
-0.09375  -0.423706
0.15625  -0.14113
-0.21875  -0.0823341
0.21875  -0.315914
0.03125  -0.360191
0.03125  -0.20809
-0.09375  -0.265438
0.0625  -0.157731
0  -0.328846
-0.0625  -0.35963
-0.15625  -0.391799
0.1875  -0.138056
-0.09375  -0.222854
-0.0625  -0.053282
0.03125  -0.30822
-0.125  -0.0428672
0  -0.301397
-0.125  -0.164748
0  -0.278911
0.125  -0.0360774
0.125  -0.406422
0.03125  -0.366354
-0.15625  -0.311524
-0.03125  -0.198285
-0.0625  -0.350375
-0.125  -0.333296
0.03125  -0.106051
0.0625  -0.351112
0.21875  -0.348359
0.03125  -0.371865
0.03125  -0.314107
0  -0.211476
0.125  -0.203791
-0.03125  -0.40371
0  -0.166204
0.1875  -0.221989
-0.15625  -0.340813
-0.15625  0.105381
0.0625  -0.0959283
0.0625  -0.175777
0.0625  -0.288035
-0.03125  0.211342
-0.25  -0.259179
0.15625  -0.329365
-0.1875  -0.269774
-0.3125  -0.277054
0.0625  -0.0267212
-0.03125  -0.404897
0  -0.149463
-0.09375  -0.165733
0.03125  0.0455682
0.15625  -0.470308
-0.1875  -0.291234
-0.03125  -0.306208
0.09375  -0.339082
-0.03125  -0.0958203
-0.1875  -0.138079
-0.3125  -0.451582
0.125  -0.299319
0  -0.205108
0.03125  -0.261249
-0.03125  -0.368889
-0.125  -0.135032
0.25  -0.271591
-0.3125  -0.382541
0.09375  -0.200513
-0.0625  -0.0799889
0.375  -0.0145736
0.3125  -0.0305722
0.0625  -0.0389083
0.21875  -0.32236
0.1875  -0.433274
0.34375  -0.308423
-0.03125  -0.218784
-0.09375  -0.487853
0.03125  -0.345727
0.21875  -0.364644
0  -0.0595351
-0.03125  -0.0691018
-0.125  -0.418991
-0.03125  -0.151332
0  -0.333916
0.0625  -0.269626
-0.125  -0.0959341
0.3125  -0.352876
-0.03125  -0.351514
0.0625  -0.250537
0.125  -0.417391
0.09375  -0.016645
-0.0625  -0.310311
-0.21875  -0.0647002
0.25  -0.282697
0  -0.206273
0.09375  -0.116301
-0.03125  -0.254878
-0.09375  -0.338743
0.1875  -0.236129
0.1875  -0.300112
0.15625  -0.236328
-0.03125  -0.413088
-0.03125  -0.345448
-0.09375  -0.286214
-0.25  -0.296518
-0.3125  -0.238858
0.0625  -0.281778
-0.1875  -0.446614
0.125  -0.21734
-0.21875  -0.189774
0.0625  -0.516695
0.25  -0.240056
-0.1875  -0.235753
-0.09375  -0.365198
-0.09375  -0.474024
-0.03125  -0.36991
0  -0.154994
-0.03125  -0.276539
-0.03125  -0.388259
0.0625  -0.266076
0.09375  -0.438956
0.21875  -0.300866
0  -0.144341
0  -0.200109
-0.0625  -0.364654
-0.15625  -0.204841
0.1875  -0.319224
-0.09375  -0.23866
0.0625  -0.209667
0  -0.142451
-0.03125  -0.258948
0.0625  -0.381088
0.1875  -0.277341
-0.21875  -0.238724
0.03125  -0.356595
-0.34375  -0.219087
0  -0.164989
0.0625  -0.225327
0  -0.318991
0.1875  -0.139926
-0.0625  -0.129626
0.03125  -0.077116
-0.09375  -0.0721432
0.0625  -0.392507
0.1875  -0.358611
-0.03125  -0.138843
-0.15625  -0.149243
0.09375  -0.157772
-0.03125  -0.306435
0.0625  -0.178836
-0.09375  -0.261475
-0.15625  -0.302109
0  -0.296044
-0.03125  -0.246591
-0.125  -0.254691
-0.28125  -0.274585
-0.03125  -0.00463312
-0.125  -0.177262
0.09375  -0.346029
-0.09375  -0.490722
0  -0.501192
-0.125  -0.189406
0  -0.448577
-0.0625  -0.271831
0.0625  -0.0655597
-0.03125  -0.162765
-0.0625  -0.39799
0.15625  -0.302496
-0.15625  -0.0855233
0.0625  -0.114496
-0.1875  -0.2281
-0.25  0.029973
-0.125  -0.241934
0  -0.185102
0.125  -0.374732
0.0625  -0.450018
0.21875  -0.247926
0.1875  -0.383708
0.09375  -0.331148
-0.09375  -0.255509
0  -0.431683
0.0625  -0.250829
0  -0.369065
0.09375  -0.564233
0.03125  -0.448472
0.125  -0.252034
0  -0.331397
0.1875  -0.392036
-0.28125  -0.329793
-0.0625  -0.186884
-0.125  -0.377111
-0.0625  -0.250639
-0.125  -0.374658
-0.21875  -0.240642
0.125  -0.316534
-0.0625  -0.213811
0.15625  -0.116219
0.03125  -0.442338
0  -0.230076
-0.15625  -0.345687
-0.0625  -0.191988
-0.0625  -0.491039
0.15625  -0.445148
0.125  -0.28833
0.28125  -0.12367
0.21875  -0.0595664
-0.0625  -0.462466
-0.1875  -0.295594
-0.0625  -0.389843
-0.03125  -0.103266
0  -0.0380005
-0.09375  -0.409094
0.09375  -0.207491
-0.125  -0.510473
-0.125  -0.319966
-0.03125  -0.270917
-0.03125  -0.0371048
-0.25  -0.266057
0.0625  -0.320401
0.03125  -0.0646166
0.0625  -0.330627
-0.0625  -0.0717721
0.1875  -0.322441
0.03125  -0.175239
0.1875  -0.300756
0.21875  -0.169611
-0.03125  -0.178786
-0.125  -0.348638
0.09375  -0.0345271
0.125  -0.135831
-0.0625  -0.566937
0.09375  -0.229736
-0.0625  -0.025778
0.09375  -0.23437
0.0625  -0.394699
-0.0625  -0.155504
0.15625  -0.424511
0.15625  -0.152785
-0.28125  -0.374837
-0.125  -0.201832
-0.125  -0.0831154
0  -0.474856
0.15625  -0.179093
0.03125  -0.544902
-0.03125  -0.4375
0.15625  -0.242019
-0.0625  -0.234518
-0.21875  -0.230479
-0.21875  -0.411491
-0.03125  -0.299334
0.03125  -0.424685
0  -0.186516
-0.03125  -0.0837175
-0.09375  -0.39864
-0.03125  -0.416763
-0.0625  -0.0598856
0.1875  -0.266718
0.03125  -0.383841
0.03125  -0.282644
0.0625  -0.362233
0  -0.432086
-0.15625  -0.187134
0.1875  -0.304917
0.03125  -0.245485
0.03125  -0.0927868
-0.125  -0.302184
-0.125  -0.24443
0.1875  -0.47394
0.1875  -0.431554
-0.125  -0.0975548
0.09375  -0.174471
-0.125  -0.243376
-0.0625  -0.199052
0.03125  -0.0108109
0.28125  -0.248197
0.03125  -0.394468
-0.0625  -0.244278
0.03125  -0.345728
0.09375  -0.167329
0.21875  -0.105756
-0.125  -0.20316
-0.0625  -0.135463
0.1875  -0.42476
0.0625  -0.0320134
-0.09375  0.028474
-0.15625  -0.164417
0.09375  -0.23187
-0.0625  -0.301756
0.0625  -0.419593
0.0625  -0.350691
0.09375  -0.453151
0.15625  -0.541697
0.25  -0.0450306
-0.03125  -0.382655
-0.0625  -0.238281
-0.0625  -0.385105
0.15625  -0.465755
-0.0625  -0.308997
0.09375  -0.484778
0.0625  -0.0460847
0.15625  -0.311407
0.03125  -0.08974
0.15625  -0.213638
0.03125  -0.391598
-0.09375  -0.504555
-0.21875  -0.275262
0.03125  -0.176766
0.09375  -0.403639
-0.34375  -0.314074
0.21875  -0.286668
-0.09375  -0.0432601
0.03125  -0.171306
0.0625  -0.428077
-0.03125  -0.270221
0.25  -0.243921
-0.03125  -0.310994
-0.03125  -0.330862
0.125  -0.466847
-0.21875  -0.209941
-0.09375  -0.321124
0.0625  -0.355319
0.25  -0.145369
-0.09375  -0.102714
0.09375  -0.0901313
0  -0.359222
-0.0625  -0.0686591
-0.09375  0.150903
0.09375  -0.252783
-0.03125  -0.227457
0  -0.366882
0.1875  -0.464786
0.0625  -0.186294
-0.1875  -0.504575
-0.03125  -0.195998
-0.15625  -0.380363
0.21875  -0.158225
0.15625  -0.27803
0.03125  -0.277069
-0.03125  -0.308144
0.09375  -0.389311
0.0625  -0.180471
0.0625  -0.130407
-0.03125  -0.39648
0.03125  -0.159269
0.125  -0.10858
-0.21875  -0.3378
-0.125  -0.475769
-0.03125  -0.172941
-0.0625  -0.142167
0.125  -0.242446
-0.1875  -0.122262
0.03125  -0.567256
0.1875  -0.0693061
0  -0.343025
0.0625  -0.000808682
0.0625  -0.25168
-0.125  -0.18972
0  -0.369924
0  -0.255041
0.21875  -0.186952
-0.125  -0.254747
-0.03125  -0.233792
-0.09375  -0.30251
-0.3125  -0.104142
0.125  -0.36994
-0.0625  -0.234576
0  -0.325672
-0.0625  -0.178747
0.03125  -0.555405
0.1875  -0.288972
-0.125  -0.327351
0.03125  -0.339621
-0.09375  -0.0201279
-0.03125  -0.240399
0  -0.320359
0.125  -0.265352
-0.03125  -0.369898
-0.03125  -0.381766
-0.03125  -0.4025
0.0625  -0.265381
-0.15625  -0.134762
0.1875  -0.281932
0.125  -0.410425
0.0625  -0.0697691
-0.03125  -0.131385
0.09375  -0.262192
-0.15625  -0.301352
-0.0625  -0.32012
0.09375  -0.142037
0.03125  -0.540554
-0.09375  -0.352692
0.0625  -0.211618
-0.125  -0.339082
-0.09375  -0.1801
-0.125  -0.384055
0.1875  -0.0263043
-0.125  -0.327826
-0.3125  -0.334065
-0.09375  -0.467973
-0.1875  -0.104737
0.09375  -0.169472
0.0625  -0.504269
0.125  0.0266419
-0.15625  -0.130558
0.0625  -0.178254
0.0625  -0.435897
-0.15625  -0.441794
-0.0625  -0.316881
-0.0625  -0.29992
0.09375  -0.401394
0  -0.152017
-0.15625  -0.126785
0.15625  -0.120172
-0.0625  -0.149885
-0.03125  -0.206933
-0.125  -0.0716887
0.09375  -0.253033
0  -0.30174
0.0625  -0.305646
0.0625  -0.480112
0  -0.124483
-0.1875  -0.12759
-0.09375  -0.384956
-0.03125  -0.291756
0  -0.259616
-0.0625  -0.152851
-0.03125  -0.363791
-0.09375  -0.125346
0.125  -0.267006
-0.0625  -0.279597
0  -0.413292
0.03125  -0.112823
0.03125  -0.468957
-0.1875  -0.0832007
0.0625  -0.0691027
0.0625  -0.427059
-0.125  -0.229111
0.09375  -0.428637
-0.0625  -0.284227
0  -0.214126
-0.09375  -0.264091
-0.03125  -0.336575
-0.15625  -0.203154
0.03125  -0.115579
0.125  -0.334373
-0.09375  -0.287118
-0.25  -0.298232
0.03125  -0.24188
0.03125  -0.10093
-0.03125  -0.228304
0.0625  -0.407675
-0.09375  -0.330901
-0.0625  -0.301278
0  -0.440748
0.09375  -0.414464
0.25  -0.275344
-0.09375  -0.292287
0.03125  -0.336867
-0.0625  -0.256612
-0.15625  -0.102663
0  -0.163668
-0.03125  -0.519239
0.15625  -0.095229
0.28125  -0.407871
-0.09375  -0.247038
0.1875  -0.100213
-0.03125  -0.387081
0  -0.306735
0.0625  -0.45478
0.03125  -0.0969529
0  -0.517118
-0.09375  -0.492513
-0.03125  -0.24286
-0.03125  -0.182571
-0.1875  -0.378966
-0.15625  -0.399009
-0.34375  -0.214618
-0.09375  -0.163175
0.15625  -0.426507
-0.03125  -0.630782
0.0625  -0.525573
0.03125  -0.0611684
-0.0625  -0.247463
0  -0.238635
0.0625  -0.423602
-0.0625  -0.247912
0.09375  -0.114833
0.0625  -0.10253
0  -0.358161
-0.03125  -0.269523
-0.3125  -0.591927
-0.21875  -0.0371606
0.15625  -0.311132
-0.15625  -0.0746146
-0.28125  -0.193688
-0.15625  -0.505592
0.03125  -0.380279
0.15625  -0.231505
-0.09375  -0.433272
0.03125  -0.399922
-0.0625  -0.393026
0.03125  -0.291553
0  -0.431451
0.09375  -0.301256
0.125  -0.29798
0.0625  -0.143928
0.09375  -0.00572947
-0.09375  -0.252773
-0.03125  -0.216727
0.03125  -0.195653
0.25  -0.240989
-0.09375  -0.257524
-0.03125  -0.366541
-0.09375  -0.28624
0.15625  -0.493284
0  -0.310123
0.03125  -0.294199
-0.0625  -0.0525967
-0.0625  -0.490497
0.03125  -0.401567
-0.03125  -0.435355
0.03125  -0.269658
-0.125  -0.366188
0.1875  -0.386973
0.03125  -0.18907
0.28125  -0.366099
-0.03125  -0.240564
-0.0625  -0.0578056
0.15625  -0.237504
0.09375  -0.423708
0.1875  -0.392825
-0.3125  -0.0930723
-0.15625  -0.262525
0.125  -0.280741
-0.15625  -0.184023
-0.125  -0.505613
0.0625  -0.312697
-0.0625  -0.242311
0.15625  -0.179092
-0.3125  -0.159664
0.0625  -0.251152
-0.0625  -0.0865097
-0.125  -0.0184232
-0.03125  0.0125669
0.03125  -0.38631
-0.03125  -0.435136
0.125  -0.254529
0.3125  -0.0530751
-0.03125  -0.136456
-0.09375  -0.0644354
-0.09375  -0.318429
0.21875  -0.363471
0.125  -0.143112
0.03125  -0.288119
-0.0625  -0.308817
-0.125  -0.342055
-0.0625  -0.374592
-0.09375  -0.243857
0  -0.0698943
0.03125  -0.251321
0.25  -0.321579
-0.1875  -0.145687
-0.03125  -0.366788
-0.125  -0.364479
-0.09375  -0.282713
0.03125  -0.289002
-0.3125  -0.463808
0  -0.329912
0.28125  -0.186989
0  0.000554131
-0.34375  -0.259725
-0.03125  -0.229263
0  -0.285026
0.03125  -0.235116
0  -0.296432
0.15625  -0.0774266
-0.21875  -0.304326
0.28125  -0.388155
0.0625  -0.384004
0.0625  -0.163069
0  -0.292527
-0.0625  -0.345328
0.09375  -0.2169
0.25  -0.0388086
0.03125  -0.261511
0.03125  -0.301354
0.0625  -0.270032
-0.15625  -0.288968
0.03125  -0.298929
-0.09375  -0.252474
0.125  -0.274545
0.03125  -0.0873279
-0.0625  -0.120559
0  -0.256674
-0.03125  -0.135443
-0.03125  -0.436081
0.0625  -0.20145
-0.09375  -0.36004
-0.25  -0.348379
-0.0625  -0.352489
-0.09375  -0.190221
0.0625  -0.386301
0.03125  -0.201774
-0.125  -0.363949
-0.15625  -0.392482
0.15625  -0.121147
0.15625  -0.431358
0.125  -0.24277
0.1875  -0.200554
-0.28125  -0.437647
-0.03125  -0.013797
-0.09375  -0.515729
-0.15625  -0.298299
0.34375  -0.431091
0.1875  -0.364928
-0.125  -0.299224
-0.125  -0.039256
-0.125  -0.310248
-0.03125  -0.197509
0.125  -0.072976
0.03125  -0.19905
-0.21875  -0.288239
-0.1875  -0.226992
-0.03125  -0.145848
0.15625  -0.30301
0.21875  -0.0160079
0.125  -0.19036
-0.28125  -0.377897
0.09375  -0.46258
-0.15625  -0.14016
0.09375  -0.261261
0  -0.256537
-0.34375  -0.285304
-0.09375  -0.421832
-0.28125  -0.17791
-0.0625  -0.605957
-0.09375  -0.398529
0.09375  -0.385489
0.1875  -0.11199
-0.125  -0.0655145
0  -0.0798302
-0.15625  -0.160018
0.0625  -0.218528
0.125  -0.190529
-0.03125  -0.35403
0.15625  -0.296351
0  -0.282163
-0.1875  0.0258679
0.28125  -0.318279
0.15625  -0.340753
-0.0625  -0.20074
-0.0625  -0.29391
-0.28125  -0.288092
0.125  -0.0355745
0.125  -0.304464
0.09375  -0.196369
0.03125  -0.161549
-0.21875  -0.510375
-0.1875  -0.0354884
0.03125  -0.268864
-0.09375  -0.175693
-0.03125  -0.133004
0.03125  -0.0889122
0.0625  -0.192121
-0.0625  -0.166902
0  0.0920393
0.03125  -0.348547
0.15625  -0.201819
-0.125  -0.370243
-0.03125  -0.273262
0.125  -0.428995
-0.125  -0.426406
0.0625  -0.489586
0.03125  -0.385975
0.21875  -0.222265
-0.03125  -0.380459
-0.125  -0.167409
0.15625  -0.274965
0  -0.19608
-0.1875  -0.00941041
0.125  -0.231151
-0.15625  -0.251544
0.1875  0.00532448
-0.125  -0.20643
-0.0625  -0.371626
0.1875  -0.321731
0  -0.447837
0.125  -0.166571
-0.09375  -0.0982349
0  -0.070636
-0.21875  -0.265751
-0.03125  -0.159461
0.03125  -0.241164
0.15625  -0.164944
0  -0.288013
0  -0.305134
-0.1875  -0.27308
-0.03125  -0.213132
-0.09375  -0.169885
0.25  -0.147692
-0.125  -0.136442
-0.03125  -0.278051
-0.09375  -0.352857
-0.28125  -0.267639
0.1875  -0.396328
-0.09375  -0.30837
0.1875  -0.329642
-0.125  -0.202105
0  -0.234461
-0.125  -0.360083
0.0625  -0.347367
0.09375  -0.0219154
-0.03125  -0.325767
0.3125  -0.352196
0.09375  -0.273641
0.40625  -0.171214
-0.0625  0.0404094
0  -0.235988
0.03125  -0.202063
-0.03125  -0.529834
-0.1875  -0.125617
0  -0.463339
-0.21875  -0.207259
0.125  -0.279766
0.125  -0.461538
-0.03125  -0.455434
0.0625  -0.46661
0.125  -0.249654
-0.03125  -0.137015
-0.09375  -0.266944
0.21875  -0.366332
0  -0.264033
-0.0625  -0.193796
-0.09375  -0.228512
0.1875  -0.279329
-0.03125  -0.0490432
0.03125  -0.319028
-0.0625  -0.243555
-0.125  -0.354538
0.0625  -0.275359
0.09375  -0.166556
0  -0.322948
0.03125  -0.0498287
-0.03125  -0.0839546
-0.03125  -0.456201
0.03125  -0.17446
0  -0.225964
0.09375  -0.146304
-0.125  -0.277077
0.03125  -0.454298
-0.15625  -0.223388
-0.0625  -0.259122
0.09375  -0.175481
0.0625  -0.151438
-0.21875  -0.386404
-0.15625  -0.391979
0.15625  -0.16108
-0.125  -0.307243
-0.03125  -0.0735864
-0.03125  -0.274409
-0.1875  -0.228694
0.3125  -0.141288
0  -0.419827
0.15625  -0.158163
0.09375  -0.160217
0.03125  -0.337309
0.0625  -0.236511
-0.0625  -0.560346
-0.09375  -0.0659714
0  -0.131606
0  -0.326105
-0.21875  -0.36568
0.125  -0.182027
0.125  -0.189425
-0.28125  -0.281677
0.0625  -0.37999
0.0625  -0.0814505
0.09375  -0.284956
0  -0.390886
0.1875  -0.362976
0.25  -0.207977
-0.0625  -0.321325
0.0625  -0.145902
0.21875  -0.0558409
0  -0.370684
0  -0.221573
-0.03125  -0.20535
0  -0.535697
-0.15625  -0.292761
0.125  -0.298292
0.125  -0.458473
-0.21875  -0.291725
-0.03125  -0.201655
0  -0.484242
0.03125  -0.0957344
0  -0.399331
0.09375  -0.521429
-0.28125  -0.302085
-0.09375  -0.298486
0  -0.283105
0.03125  -0.136829
-0.09375  -0.158798
0.0625  -0.226342
0.03125  0.0781333
-0.0625  -0.216972
-0.125  -0.486902
-0.125  -0.310231
0.1875  -0.24819
0.03125  -0.217439
-0.03125  -0.279001
-0.1875  -0.445968
0.09375  -0.146365
0.03125  -0.453631
0.03125  -0.0433929
-0.03125  -0.411955
-0.15625  -0.290194
-0.03125  -0.137783
0.21875  -0.285564
0  -0.176355
0.03125  -0.196496
-0.0625  -0.225857
0  -0.323565
0.03125  -0.129589
-0.21875  -0.26661
-0.09375  -0.403376
0.28125  0.0821671
0.21875  -0.202834
0.09375  -0.150158
-0.03125  -0.288711
-0.21875  -0.480042
0.09375  -0.30797
0.125  -0.221133
-0.0625  -0.312726
0.0625  -0.341481
0.0625  -0.489053
0.03125  -0.142307
-0.09375  -0.433942
-0.1875  -0.139631
-0.25  -0.269097
0  0.0381954
0.03125  -0.0680482
-0.1875  -0.426872
0.1875  -0.428173
-0.09375  -0.400772
0  -0.20701
0  -0.203625
-0.09375  -0.228911
0.15625  -0.421554
0.0625  -0.333615
0.03125  -0.262365
0.09375  -0.183149
-0.1875  -0.393809
0.09375  -0.29126
0  -0.100306
0  -0.550815
-0.0625  -0.0826001
-0.09375  -0.202592
-0.09375  -0.428026
0.0625  -0.26893
-0.15625  -0.352949
-0.09375  -0.431406
-0.28125  -0.423644
0.15625  -0.372078
0.0625  -0.140617
-0.09375  -0.194587
0.09375  -0.39673
-0.03125  -0.386589
0.15625  -0.341151
-0.03125  -0.3875
-0.15625  -0.158505
0.09375  -0.236087
-0.09375  -0.15083
0  -0.0478164
-0.125  -0.225087
-0.15625  -0.225332
-0.03125  -0.26932
0.03125  -0.423134
0  -0.215735
-0.15625  -0.364563
0  -0.282207
0.03125  -0.145347
0.0625  -0.237206
-0.125  -0.414186
-0.03125  -0.219938
-0.15625  -0.107119
-0.21875  -0.518463
0.125  -0.28742
0.34375  -0.471605
0  -0.259355
0.09375  -0.203175
0  -0.132129
-0.0625  -0.168815
-0.15625  -0.374797
0  -0.333042
0.03125  -0.220098
-0.125  -0.18353
0.0625  -0.352015
-0.0625  -0.243519
-0.15625  -0.185459
0.09375  -0.308344
0  -0.140421
0  -0.414971
0  -0.404209
-0.03125  -0.288546
0.09375  -0.100293
0.125  -0.445045
0.25  -0.444546
0.21875  -0.355802
0.0625  -0.135736
-0.25  -0.227947
0  -0.539438
0.28125  -0.16774
0.15625  -0.201316
0  -0.395693
-0.0625  -0.208572
-0.21875  -0.273788
0.15625  -0.220176
-0.25  -0.19826
0  -0.188836
-0.09375  -0.20353
-0.1875  -0.384394
0.1875  -0.459952
0.0625  -0.238398
-0.15625  -0.297817
-0.09375  -0.304485
-0.03125  -0.251086
-0.03125  -0.359269
0.0625  -0.168858
-0.15625  -0.412563
-0.03125  -0.305681
0.03125  -0.578927
0.0625  -0.262753
0.1875  -0.213861
0.3125  -0.302434
-0.03125  -0.0626507
-0.15625  -0.108219
-0.03125  -0.0729384
-0.03125  -0.3383
-0.21875  -0.372433
0.09375  -0.541997
-0.03125  -0.250352
0  -0.164475
-0.21875  -0.198393
-0.125  -0.294546
-0.1875  -0.351381
0.09375  -0.215744
0.3125  -0.0748812
-0.125  -0.057742
-0.09375  -0.233193
0.25  -0.283373
0.09375  -0.301342
-0.03125  -0.331105
-0.15625  -0.233636
-0.03125  -0.0107012
0.21875  -0.335246
0.03125  0.075656
0.0625  -0.0995014
0  -0.230135
0.03125  -0.411286
0.125  -0.310818
0.03125  -0.382688
0.125  -0.166273
0.28125  -0.212535
0.03125  -0.335542
0.0625  -0.202057
-0.21875  -0.115879
-0.0625  -0.40112
0.03125  -0.149783
0.09375  -0.373661
-0.03125  -0.115373
0.09375  -0.404761
-0.125  -0.308101
-0.0625  -0.255257
0  -0.183564
0.03125  -0.147986
0.03125  -0.282137
0.28125  0.053912
-0.0625  -0.481463
-0.28125  -0.17097
-0.09375  -0.140194
0.125  -0.477004
0.03125  -0.160753
0.1875  -0.256352
0.1875  -0.269948
0.09375  -0.00824223
0.34375  -0.210338
-0.09375  -0.172461
0.0625  0.124119
0.0625  -0.207747
-0.15625  -0.642972
0  -0.419172
0  -0.122864
0.03125  -0.254311
-0.0625  -0.303358
0.25  -0.386392
0.25  -0.147226
-0.125  -0.197963
0.125  -0.132206
0.15625  -0.0864119
-0.03125  -0.301843
-0.1875  -0.346335
-0.125  -0.520714
-0.03125  -0.102363
-0.0625  -0.173756
0.125  -0.377335
-0.03125  -0.256018
0.0625  -0.429075
-0.03125  0.0433639
-0.0625  -0.359748
-0.15625  -0.225046
0.125  -0.403001
-0.09375  -0.294652
-0.0625  -0.361365
-0.0625  -0.165224
0  -0.214954
-0.0625  -0.230487
-0.03125  -0.14346
0.03125  -0.0659365
-0.125  -0.452029
-0.0625  -0.233026
0.0625  -0.154054
0.09375  -0.310041
0.125  -0.278751
0  -0.133841
-0.1875  -0.246394
0  -0.320729
-0.03125  -0.405678
-0.0625  -0.149963
0.09375  -0.239237
0  -0.180888
0  -0.53849
-0.375  -0.248331
0.0625  -0.206753
-0.03125  -0.452077
0.0625  -0.220963
-0.03125  -0.419853
0.25  -0.245958
-0.09375  -0.0778695
-0.03125  -0.337999
-0.03125  -0.229432
-0.0625  -0.139978
0  -0.172791
-0.125  -0.389353
0.125  -0.31889
0.1875  -0.160067
0.125  -0.212099
-0.0625  -0.150126
-0.0625  -0.490121
-0.03125  -0.3552
0.03125  -0.339856
0.15625  -0.300663
-0.15625  -0.251692
0.03125  -0.297971
-0.03125  -0.266435
0.125  -0.225007
-0.0625  -0.212031
0  -0.352583
-0.3125  -0.279046
0.03125  -0.195891
0.09375  -0.240677
0.09375  -0.539157
-0.0625  -0.249412
0.09375  -0.217342
-0.0625  -0.305132
0.0625  -0.230564
0.03125  -0.288533
-0.03125  0.045558
0.03125  -0.187422
-0.125  -0.0823024
-0.25  -0.292697
-0.0625  -0.289878
-0.03125  -0.376122
0.1875  -0.390403
-0.125  -0.306704
-0.25  -0.353056
0.15625  -0.298046
0.15625  -0.245601
0.03125  -0.145972
0.125  -0.335778
0.03125  -0.341041
0.125  -0.280716
0.0625  -0.38737
-0.375  -0.230612
-0.03125  -0.263007
0.125  -0.0449396
0.15625  -0.25406
0.09375  -0.174228
-0.09375  -0.18668
0.0625  -0.124347
0.125  0.111851
0.28125  -0.206983
-0.28125  -0.135839
-0.28125  -0.183052
-0.03125  -0.24624
0.03125  -0.237885
-0.0625  -0.463105
0.125  -0.434118
-0.03125  -0.057076
-0.09375  -0.387531
0.03125  -0.309391
-0.125  -0.198978
0.125  -0.442155
0.03125  -0.389253
-0.1875  -0.37335
-0.0625  -0.373049
0.0625  -0.334146
-0.03125  -0.202625
-0.21875  -0.253379
-0.03125  -0.208309
-0.21875  -0.309009
-0.125  -0.0255586
-0.09375  0.0188727
-0.15625  -0.221454
-0.15625  -0.364911
0.03125  -0.404675
-0.1875  -0.0601541
0.28125  -0.190795
-0.125  -0.0470493
0.0625  -0.564779
-0.03125  0.0172651
-0.03125  -0.289957
-0.21875  -0.199742
0.125  -0.253455
-0.03125  -0.203736
0.03125  -0.114935
0.125  -0.384202
-0.125  -0.232942
0.09375  -0.43377
0.09375  -0.188795
-0.1875  -0.370147
0.09375  0.197859
0.03125  -0.296546
-0.09375  -0.155939
0.03125  -0.319361
-0.21875  -0.434129
-0.1875  -0.370075
0.15625  -0.201023
-0.125  -0.33151
0.21875  -0.362484
0.09375  -0.162909
-0.09375  -0.175512
-0.03125  -0.428753
-0.0625  -0.202172
-0.21875  -0.394253
0.21875  -0.484152
0.09375  -0.316229
-0.09375  -0.148683
0  -0.344133
0.09375  -0.107207
0.125  -0.148187
0.21875  -0.369475
-0.03125  -0.14839
-0.125  -0.360231
0.21875  -0.080402
-0.09375  -0.229194
-0.125  -0.402634
0.21875  -0.149512
0.3125  -0.138244
0.09375  -0.476237
-0.21875  -0.260727
0.03125  -0.252578
-0.34375  -0.0628588
-0.15625  -0.184057
0.09375  0.19737
0.03125  -0.30522
-0.03125  -0.406319
-0.0625  -0.314823
-0.03125  -0.195486
-0.0625  -0.306075
-0.03125  -0.275962
0.03125  -0.123925
-0.03125  -0.155558
0.0625  -0.141002
-0.09375  -0.165567
0  -0.184477
-0.15625  -0.0954969
0.03125  -0.261594
-0.125  -0.523455
-0.09375  -0.308845
-0.0625  -0.172045
0  -0.206779
0.09375  -0.284496
0.125  -0.172292
0.25  -0.178811
0.21875  -0.0123998
-0.03125  -0.318398
-0.0625  -0.126449
0.03125  -0.463005
0.25  -0.0663821
-0.03125  -0.392213
0.03125  -0.27532
-0.09375  -0.342049
0.1875  -0.00029571
0.15625  -0.211494
0.03125  -0.0620835
-0.09375  -0.310058
-0.03125  -0.312301
-0.125  -0.424708
0  -0.40479
0.125  -0.31524
-0.125  -0.544038
0.03125  -0.351719
0.125  -0.235307
0.125  -0.178534
-0.1875  -0.397188
-0.03125  -0.220374
0.09375  -0.140395
-0.0625  -0.164199
0.15625  -0.326847
0  -0.181906
0.03125  -0.211984
0  -0.00107181
0  -0.332573
-0.0625  -0.232902
-0.0625  -0.284271
0.0625  -0.373
-0.09375  -0.371584
0  -0.418604
0.15625  -0.279804
0  -0.393955
-0.125  -0.268519
0.21875  -0.0923484
-0.125  -0.263773
0.0625  -0.528052
0.09375  -0.197924
-0.0625  -0.139303
-0.0625  -0.337185
0.21875  -0.173882
-0.09375  -0.267962
0.09375  -0.100838
0  -0.298554
0.09375  -0.131899
0  -0.316304
-0.125  -0.268841
0.0625  -0.325855
0.15625  -0.372163
-0.125  -0.359374
0.15625  -0.28829
0.125  -0.2124
0.09375  -0.233069
-0.03125  -0.274876
0.1875  -0.35601
-0.21875  -0.334622
-0.09375  -0.287436
-0.03125  -0.257686
-0.0625  -0.348584
0.1875  -0.248915
-0.03125  -0.155991
-0.0625  0.123039
-0.0625  -0.198908
-0.09375  -0.151995
-0.125  -0.27498
0.0625  -0.425414
0.03125  -0.330996
-0.03125  0.0189532
0.09375  0.0808775
0.0625  -0.249646
-0.03125  -0.0393527
-0.09375  -0.0382704
0  0.0714871
-0.1875  -0.25776
-0.03125  -0.323508
0  -0.262932
0.03125  -0.313037
0.09375  -0.195197
-0.21875  -0.152866
-0.09375  -0.466033
0  -0.169414
0.1875  -0.144762
0  -0.333105
0.09375  -0.192278
0.125  -0.209063
0.125  -0.213354
0.0625  -0.258722
0.03125  -0.205132
-0.125  -0.00419891
0.03125  -0.144469
-0.03125  -0.228233
-0.125  -0.136233
0.0625  -0.0947815
-0.375  -0.18457
0.21875  -0.26457
-0.0625  -0.104158
0.09375  -0.0799254
-0.15625  -0.524542
0.09375  -0.336571
0.28125  -0.250124
0.0625  -0.0169484
0.03125  -0.177396
0.15625  -0.163747
0.03125  -0.397249
0.15625  -0.135063
0.21875  -0.529359
0.15625  -0.307463
0  -0.0761185
-0.03125  -0.18629
0.125  -0.302417
-0.0625  -0.0203694
-0.03125  -0.369223
-0.09375  -0.0523377
-0.15625  -0.253943
-0.0625  -0.137624
0.15625  -0.277032
0  -0.278658
0.09375  0.0308511
-0.15625  -0.279832
0.125  -0.366153
0  -0.132176
0.09375  -0.582751
0  -0.38241
-0.0625  -0.0935731
0.15625  -0.00138288
0.21875  -0.302435
0  -0.302559
-0.15625  -0.143964
-0.1875  0.0364231
0.03125  -0.231448
-0.1875  -0.407265
0.03125  -0.153472
0  -0.298248
0.15625  -0.34946
-0.0625  -0.31918
0  -0.37575
-0.0625  -0.0720994
0.125  -0.340972
-0.25  -0.0481104
0.03125  -0.312563
-0.0625  -0.15101
-0.15625  -0.31057
-0.0625  -0.15262
-0.125  -0.605418
0  -0.211176
-0.15625  -0.302625
0  -0.402497
0.03125  -0.201606
0.15625  -0.217422
0  -0.19273
0.15625  -0.237821
0.09375  -0.126564
0  -0.327086
0.1875  -0.434809
0  -0.176338
-0.3125  -0.479916
0.1875  -0.265313
0.46875  -0.173024
0.21875  -0.290757
0  -0.427497
-0.03125  -0.344019
-0.0625  -0.255263
-0.125  -0.358858
0  -0.306282
0.03125  -0.3522
-0.0625  -0.302035
-0.28125  -0.205968
0.15625  -0.284223
0  -0.143727
-0.25  -0.0129492
0  -0.308033
-0.0625  -0.0573653
-0.125  -0.256042
0.0625  -0.516763
0  -0.433313
0.0625  -0.224896
-0.09375  -0.381622
-0.0625  -0.245554
0.15625  -0.0727521
0  -0.546231
0.125  -0.299614
-0.0625  -0.217753
-0.15625  -0.208108
0.09375  0.0483547
0.03125  -0.320027
0.15625  -0.284389
0.125  -0.369599
-0.09375  -0.474698
0  -0.216571
0.09375  -0.580581
0.15625  -0.409682
0  0.0332487
0.0625  -0.379447
-0.09375  -0.318309
-0.15625  -0.391481
0.15625  -0.0416881
-0.03125  -0.173801
-0.03125  -0.0831046
-0.15625  -0.239689
0  -0.202634
0  -0.214074
0.0625  -0.0146872
0  -0.232036
0.15625  -0.0459404
-0.3125  -0.288616
0.03125  -0.176901
0.03125  -0.33576
-0.15625  -0.0612118
0  -0.0726192
-0.15625  -0.364428
-0.09375  -0.0914548
-0.03125  -0.430159
-0.03125  -0.173925
-0.09375  -0.278605
-0.03125  -0.169099
-0.09375  -0.186362
0.15625  -0.370919
-0.0625  -0.133442
-0.03125  -0.203079
0.0625  -0.158973
-0.21875  -0.0945059
-0.21875  -0.211288
0.15625  -0.304899
0  0.0996944
-0.125  -0.365974
0.15625  -0.125136
0.03125  -0.280682
0  -0.133388
0.03125  -0.32881
0.03125  -0.245974
0.03125  0.0239195
-0.09375  -0.286609
-0.0625  -0.360997
-0.15625  -0.35087
0.15625  -0.171137
0.0625  -0.0700891
0  -0.428433
-0.0625  -0.402689
0.0625  -0.106307
0.09375  -0.301205
-0.15625  -0.228916
-0.03125  -0.354019
0.03125  -0.557486
-0.21875  -0.356172
0.03125  -0.27371
-0.09375  -0.30751
0.03125  -0.480255
-0.0625  -0.0743118
0.03125  -0.0422634
-0.0625  -0.179551
0.15625  -0.367718
0.0625  -0.00433317
0.21875  -0.199366
0  -0.190509
0.03125  -0.0952219
-0.125  -0.280158
-0.0625  0.014449
-0.09375  -0.0964678
-0.03125  -0.285019
0.09375  -0.387825
0  -0.197616
-0.09375  -0.266022
-0.1875  -0.206347
0.03125  -0.540664
-0.21875  -0.27157
0.03125  -0.248089
-0.09375  -0.237446
0  -0.0711684
-0.3125  -0.0906637
0.03125  -0.212745
0  -0.132692
-0.03125  -0.270168
-0.03125  -0.143266
-0.15625  -0.206001
-0.15625  -0.12657
-0.03125  -0.14801
0  -0.253822
0  -0.223508
-0.15625  -0.0962177
0  -0.0211738
0.03125  -0.272001
0.21875  -0.251823
0.09375  -0.0336954
0.0625  -0.200013
0  -0.171983
0  -0.438162
0.09375  -0.257479
0  -0.179692
0  -0.359453
0.09375  -0.392819
0.09375  -0.187181
-0.15625  -0.0746603
0  -0.268859
0  -0.343756
-0.0625  -0.0808635
-0.03125  -0.305922
0.09375  -0.213699
-0.0625  -0.107178
0.03125  -0.363853
0.03125  -0.236577
0  -0.339296
0.0625  -0.252218
0.0625  -0.389749
0.03125  -0.189
0.03125  -0.0201274
-0.1875  -0.387408
0.1875  -0.223167
0  -0.306925
0.0625  -0.589929
-0.0625  -0.245309
0.03125  -0.159853
0  -0.360347
-0.03125  -0.219335
-0.125  -0.360666
0.21875  -0.30876
0.03125  -0.340436
0.09375  -0.512245
-0.0625  -0.319573
-0.1875  -0.474489
-0.03125  -0.362235
0  -0.170826
-0.03125  -0.0457979
-0.09375  -0.259376
-0.03125  -0.553313
-0.09375  -0.375322
0.34375  -0.528564
-0.25  -0.335401
0.0625  -0.280572
-0.40625  -0.303266
0.1875  -0.249042
0.15625  -0.291789
-0.09375  -0.185383
-0.03125  -0.529267
0.125  -0.192801
-0.03125  -0.137222
-0.03125  -0.213763
-0.0625  -0.221795
0.03125  -0.00426193
0.0625  -0.119363
0.15625  -0.196985
0.15625  -0.323128
-0.34375  -0.399091
-0.125  -0.220725
-0.03125  -0.222721
-0.03125  -0.285485
-0.09375  -0.139059
0.0625  -0.248131
0.0625  -0.539087
-0.0625  -0.264681
-0.03125  -0.147697
-0.28125  -0.405629
0.0625  -0.128073
-0.03125  -0.350908
-0.15625  -0.230296
-0.09375  -0.175057
0.15625  -0.167881
-0.09375  -0.320695
0.1875  -0.329796
-0.21875  -0.149467
-0.0625  -0.360465
-0.0625  -0.357439
0.21875  -0.35819
0.125  -0.460666
0.0625  -0.199009
0.0625  -0.213454
-0.3125  -0.310189
0.09375  -0.416223
-0.25  -0.214676
-0.03125  -0.432069
0.09375  -0.372243
0.15625  -0.061452
-0.0625  -0.3696
-0.3125  -0.446537
0.28125  -0.301637
-0.09375  -0.186494
0  -0.20234
-0.09375  -0.391597
0.03125  -0.48083
-0.03125  -0.112613
0.125  -0.210073
0  -0.0344062
-0.125  -0.408944
0  -0.121894
0.03125  -0.364357
0.09375  -0.0851206
0.03125  -0.321814
0.25  -0.0509526
0  -0.154002
0.09375  -0.116446
0.09375  -0.273369
0.09375  -0.570239
-0.15625  -0.257376
-0.15625  -0.473937
-0.09375  -0.191329
0.09375  -0.483196
-0.03125  -0.162279
-0.09375  -0.211168
-0.0625  -0.162809
0.03125  -0.0999495
0.0625  -0.212585
0.15625  -0.229572
0  -0.313171
-0.03125  -0.377652
0.15625  -0.329214
-0.0625  -0.0814561
-0.3125  -0.121888
-0.125  -0.305216
-0.15625  -0.161864
0.0625  -0.332145
0  -0.324578
0.03125  -0.0498399
0.03125  -0.196175
-0.1875  -0.135342
-0.09375  -0.251792
-0.0625  -0.185256
0.0625  -0.137982
0.1875  -0.35498
-0.125  -0.462893
-0.1875  -0.372249
0.21875  -0.343096
-0.09375  -0.2686
0.25  -0.0283637
-0.0625  -0.170213
-0.21875  -0.133718
-0.0625  -0.159472
0.03125  -0.341075
-0.03125  -0.187737
0  -0.363084
0.03125  -0.245554
0  -0.20452
0.09375  0.0512314
0.15625  -0.313447
0.03125  -0.209397
-0.03125  -0.187172
-0.21875  -0.248347
-0.03125  -0.0570013
-0.0625  -0.203916
0.03125  -0.345988
0  -0.179122
-0.34375  -0.243081
0.03125  -0.126491
0.21875  -0.368995
0.09375  -0.258399
-0.0625  -0.437249
-0.0625  -0.435138
-0.0625  -0.230581
0.21875  -0.188076
-0.125  -0.348164
0.0625  -0.132588
0  -0.320733
-0.15625  -0.0456204
0.15625  -0.352214
-0.03125  -0.364311
0.125  -0.299809
0.125  -0.286613
-0.0625  -0.416957
0.03125  -0.352687
-0.03125  0.0163558
-0.09375  -0.259453
0.21875  -0.483812
-0.09375  -0.241465
0.1875  -0.176669
0.0625  -0.109521
0.125  -0.33753
-0.15625  -0.370277
0.09375  -0.276621
-0.15625  -0.224933
-0.09375  -0.148384
-0.03125  -0.30747
0.0625  -0.39245
0.09375  -0.262696
0.0625  -0.424449
0.03125  -0.368986
-0.125  -0.168658
-0.09375  -0.0906872
-0.1875  -0.250709
-0.09375  -0.230103
-0.1875  -0.337464
0.03125  -0.381959
-0.125  -0.38538
-0.09375  -0.110771
0.09375  -0.211825
-0.03125  -0.12841
-0.21875  0.0113914
-0.1875  0.0752003
0.09375  -0.218053
-0.28125  -0.375891
0  -0.0644447
0.1875  -0.457916
0.09375  -0.279162
-0.125  -0.177433
-0.03125  -0.134286
0  -0.194047
0.1875  -0.395938
-0.375  -0.353918
0.03125  -0.18301
0.15625  -0.323749
0.03125  -0.228226
0.21875  -0.202693
0.21875  -0.440528
0  -0.285134
0.03125  -0.348112
-0.09375  -0.0147844
-0.125  -0.120142
-0.1875  -0.267216
0.03125  -0.341356
-0.1875  -0.222591
-0.03125  -0.248728
0.09375  -0.37048
0.0625  -0.47212
-0.125  -0.299145
-0.125  -0.345353
0.0625  -0.20656
-0.03125  -0.320682
0  -0.408484
-0.125  -0.295613
0.21875  -0.32507
0.28125  -0.428781
0  -0.325952
0.09375  -0.270051
0.3125  -0.220567
0.1875  -0.379675
-0.03125  -0.618638
-0.15625  -0.242086
0.03125  -0.189154
0.03125  -0.304812
-0.0625  -0.404924
0.09375  -0.223283
0.0625  -0.457671
-0.03125  -0.0589263
-0.15625  -0.417261
0.125  -0.335193
-0.0625  -0.328692
-0.25  -0.169291
-0.25  -0.230169
-0.0625  -0.449923
0.0625  -0.366511
-0.03125  -0.262447
-0.03125  -0.262622
-0.15625  -0.1115
-0.21875  -0.360202
0.15625  -0.0170753
-0.03125  -0.343526
0.03125  -0.217111
-0.15625  0.0466075
-0.1875  -0.335336
0.03125  -0.289603
-0.15625  0.0298161
0.09375  -0.394761
-0.0625  -0.125183
-0.03125  -0.246292
0.3125  -0.325412
0.09375  -0.161082
0  -0.286101
-0.03125  -0.295011
-0.15625  -0.381622
-0.125  -0.384471
0.125  -0.203801
0.0625  -0.241107
0.1875  -0.318979
-0.15625  -0.228985
0  -0.203829
-0.09375  -0.165693
0.125  -0.351322
-0.09375  0.137577
0.28125  0.020546
0.1875  -0.0193734
0.125  -0.333631
0.21875  -0.434492
0.03125  -0.136292
-0.25  -0.104535
0.21875  -0.386741
0  -0.196396
-0.03125  -0.167327
0  -0.254701
-0.03125  -0.305945
0.125  -0.220945
0.03125  -0.0825593
-0.03125  -0.188289
-0.09375  -0.150253
0.15625  -0.452168
0.3125  -0.136405
0.09375  -0.392057
-0.09375  -0.330203
-0.0625  -0.498826
0.1875  -0.341802
-0.03125  -0.247405
-0.1875  -0.297532
-0.15625  -0.407775
0.09375  -0.256421
0.03125  0.00020274
0.03125  -0.229607
0.1875  -0.383669
0.0625  -0.1814
0.1875  -0.325478
0.125  -0.275407
0.03125  -0.22026
0  -0.144731
-0.21875  -0.14747
0  -0.318842
0.0625  -0.313778
-0.125  -0.206205
0.09375  -0.451896
0.125  -0.175555
0.1875  -0.318832
-0.0625  -0.330912
0  -0.343115
-0.21875  -0.209619
0.09375  -0.289718
0.09375  -0.220553
0.03125  -0.332795
-0.0625  -0.313578
-0.03125  -0.274448
-0.1875  -0.149001
-0.03125  -0.341536
0  -0.168144
0.09375  -0.24655
0.0625  -0.318274
-0.125  -0.320553
0.0625  -0.220904
0.1875  -0.0938378
-0.15625  -0.199448
-0.0625  -0.324455
0.21875  -0.491079
0.09375  -0.35062
-0.15625  -0.393176
-0.09375  -0.136931
-0.09375  0.0241627
0.21875  -0.25089
0.15625  -0.302558
0.0625  0.10834
-0.03125  -0.366514
0.1875  -0.359497
0.125  -0.205968
0.21875  -0.473402
0.1875  -0.132237
-0.09375  -0.346509
0.09375  -0.435348
0  -0.303227
-0.09375  -0.223568
0.125  -0.314467
-0.125  -0.171772
0  -0.385342
0  -0.454682
-0.15625  -0.316106
-0.03125  -0.16461
0.125  -0.250403
0.03125  -0.532582
-0.3125  -0.269833
0.15625  -0.329077
0  -0.223708
-0.21875  -0.0671136
0.21875  -0.295132
0.09375  -0.188832
0.125  -0.19324
-0.125  -0.485732
0.03125  -0.205118
0.0625  -0.290555
-0.125  -0.146341
-0.15625  -0.317364
-0.0625  -0.186796
0.03125  -0.306406
-0.21875  -0.224724
0.03125  -0.483932
0  -0.217856
-0.0625  -0.337047
-0.125  -0.224376
-0.25  -0.347586
-0.09375  -0.3387
-0.03125  -0.22005
-0.0625  -0.276515
0.1875  -0.307282
0.21875  -0.335518
-0.03125  -0.0415697
-0.0625  -0.531499
0  -0.147121
-0.25  -0.408025
0.125  -0.288412
-0.03125  -0.354003
0.03125  -0.0926215
-0.0625  -0.605284
0  -0.401412
-0.09375  -0.353093
0.28125  -0.131722
0.09375  -0.382207
0.0625  -0.156686
-0.03125  -0.379015
0  -0.344311
0.21875  -0.210413
-0.125  -0.441577
0.21875  -0.29748
0.0625  -0.286197
-0.0625  -0.426238
0.03125  -0.331819
-0.125  -0.203639
-0.1875  -0.313334
0.125  -0.362375
-0.21875  -0.0453504
0.03125  -0.277436
0.1875  -0.357749
0.1875  -0.338943
-0.03125  0.0709167
-0.0625  -0.184991
0  -0.232414
0.125  -0.167049
0.09375  -0.259308
-0.03125  -0.311796
0  -0.26566
0.03125  -0.256314
0.1875  -0.28407
0.125  -0.439212
0.125  -0.255097
-0.03125  -0.277865
-0.125  -0.342257
-0.125  -0.240394
-0.03125  -0.54125
-0.0625  -0.0209486
-0.09375  -0.0600826
0.15625  -0.429047
-0.0625  -0.427567
0.0625  -0.245611
0.09375  -0.177193
-0.09375  -0.32797
0.0625  -0.183768
0.15625  -0.324807
-0.25  -0.364747
0.25  -0.254701
-0.09375  -0.138983
-0.0625  -0.152852
-0.1875  -0.598969
0.125  -0.193145
0.03125  -0.197572
0.09375  -0.357635
-0.0625  -0.391447
0  -0.347794
0.125  -0.482312
0.03125  -0.262314
-0.09375  -0.519397
-0.03125  -0.661046
-0.21875  -0.57585
-0.03125  -0.355554
-0.09375  0.0842498
0.28125  -0.259709
0.15625  -0.426709
0  -0.160819
0.09375  -0.204749
-0.03125  -0.122938
-0.0625  -0.183107
0  -0.284564
0.03125  -0.120939
0.0625  -0.0755886
0  -0.277172
-0.34375  -0.431683
0.09375  -0.00946734
0  -0.000219597
-0.0625  -0.547954
0  -0.322781
-0.03125  -0.329883
-0.09375  -0.145258
-0.125  -0.454644
-0.15625  -0.449237
-0.21875  -0.41698
-0.09375  -0.160124
-0.21875  -0.345236
-0.125  -0.268387
-0.03125  -0.10711
0.09375  -0.176333
-0.03125  -0.143879
0  -0.232312
-0.0625  -0.185689
0.09375  -0.3926
0.125  -0.108178
0.15625  -0.283261
-0.03125  -0.48198
0.125  -0.399558
-0.125  -0.558524
0.0625  -0.237235
-0.03125  -0.217172
-0.15625  -0.419226
-0.0625  -0.358581
0.21875  -0.191146
-0.1875  -0.284698
-0.03125  -0.166234
-0.0625  -0.27126
-0.1875  -0.212923
0.15625  -0.161783
-0.09375  -0.356108
0.03125  -0.245475
0.3125  -0.119149
-0.09375  -0.198906
0.21875  -0.376271
-0.28125  -0.262421
-0.0625  0.0377609
-0.03125  -0.376658
0.09375  -0.179934
-0.03125  -0.301283
0.0625  -0.413406
-0.03125  -0.283702
0.09375  -0.496126
-0.125  -0.0633282
0.15625  -0.338135
0.09375  -0.10769
-0.09375  -0.265799
-0.28125  -0.169901
0  -0.313129
-0.09375  -0.462666
-0.1875  -0.504179
-0.09375  -0.418946
0.15625  -0.291146
-0.09375  -0.376714
-0.09375  -0.42707
0.09375  -0.290716
0.03125  -0.166869
-0.40625  -0.331946
0  -0.407895
-0.09375  -0.162018
-0.0625  -0.368792
0.0625  -0.305437
-0.21875  -0.204233
-0.03125  -0.278578
-0.03125  -0.305799
0.09375  -0.262215
-0.09375  -0.406536
0.125  -0.2554
-0.03125  -0.288586
0.03125  0.0381683
0.03125  -0.0874323
0.03125  -0.0453527
0  -0.479443
0.09375  0.00964546
0  -0.145083
0.125  -0.0758743
0  -0.492875
0.21875  -0.258174
-0.03125  -0.207964
-0.03125  -0.266918
-0.125  -0.499141
0.03125  -0.133994
0.0625  -0.22533
-0.0625  -0.234804
0.15625  -0.196201
-0.0625  0.0221246
0.125  -0.224189
0.03125  -0.276672
0.09375  -0.237514
-0.15625  -0.203198
0.125  -0.330555
-0.09375  -0.391107
0.0625  -0.357268
-0.1875  -0.313213
0.03125  -0.20775
0  -0.475127
0.09375  -0.263193
0.09375  -0.323527
-0.03125  -0.153921
-0.25  -0.054721
0.0625  -0.331339
0.09375  -0.130267
0.03125  -0.140689
0.15625  -0.359008
0  -0.40494
-0.125  -0.243674
0.09375  -0.192947
-0.125  -0.511428
-0.03125  -0.281448
0.125  -0.11029
0.15625  -0.357563
-0.15625  -0.375037
0.0625  -0.399806
0  -0.276842
0  -0.231312
0.0625  -0.156242
0.09375  -0.221324
0.09375  -0.313405
-0.09375  -0.349133
0  -0.12333
0.0625  -0.178487
-0.21875  -0.304632
0  -0.276853
0.3125  -0.435301
0.09375  -0.177494
-0.0625  -0.208827
0.0625  0.0821888
0.09375  -0.340423
0.25  -0.204628
0.25  -0.433052
0.0625  -0.0788489
0.28125  -0.378238
0.1875  -0.199644
0  -0.20686
0.03125  -0.120817
0.15625  -0.369846
-0.03125  -0.25629
0  -0.421956
-0.09375  -0.154328
-0.03125  -0.423641
-0.03125  -0.444234
0.125  -0.174575
0  -0.0915736
-0.1875  -0.208349
-0.09375  -0.277558
0.125  -0.256889
-0.125  -0.250714
0.03125  -0.0775455
-0.03125  -0.277171
-0.03125  -0.32611
0.0625  -0.359585
-0.09375  -0.10206
-0.09375  -0.393567
0.03125  0.0445858
-0.03125  -0.313528
0  -0.277736
-0.03125  -0.251154
-0.09375  -0.515845
-0.25  -0.278837
0.25  -0.314979
0.09375  -0.218362
-0.03125  -0.354715
0.125  -0.190632
-0.125  -0.0384839
-0.03125  -0.212946
-0.09375  -0.209675
-0.09375  -0.216848
0.03125  -0.550683
0.34375  -0.450444
0  -0.409121
-0.03125  -0.11659
-0.15625  -0.245876
-0.1875  -0.314072
-0.03125  -0.290828
0  -0.217472
0  -0.191447
0.0625  -0.44002
0  -0.216289
0.15625  -0.291996
-0.03125  -0.142879
-0.1875  -0.329817
0.1875  -0.443651
-0.15625  -0.171855
0  -0.423492
0.0625  -0.228769
0.28125  -0.351301
0.15625  -0.0928536
0.09375  -0.261687
-0.09375  -0.1607
-0.125  -0.196953
0.03125  -0.380162
-0.15625  -0.31718
0  -0.0989745
0.0625  -0.214085
-0.0625  -0.225834
-0.09375  -0.16241
-0.1875  0.0123142
-0.03125  -0.0873724
-0.25  -0.286064
-0.21875  -0.196477
-0.21875  -0.282978
0.0625  -0.277352
0.03125  -0.190994
0.03125  -0.340046
-0.09375  -0.249611
-0.09375  -0.212401
0.15625  -0.191404
0.125  -0.436254
-0.0625  -0.30039
0  -0.2607
-0.25  -0.103864
-0.25  -0.16278
-0.09375  -0.316308
-0.3125  -0.292374
-0.03125  -0.418849
0.0625  -0.195801
-0.0625  -0.184784
0.0625  -0.268011
0.25  -0.41101
0.09375  -0.190361
0.03125  -0.144579
-0.03125  -0.116418
-0.0625  -0.295609
0.03125  0.0633053
0.25  -0.176704
-0.03125  -0.21125
-0.09375  -0.211895
0.1875  -0.358409
0.09375  -0.266928
-0.125  -0.0681397
-0.21875  -0.365608
-0.15625  -0.0720166
-0.21875  -0.184796
0.125  -0.130313
0.09375  -0.476345
-0.03125  -0.341531
0.1875  -0.390871
-0.1875  -0.245343
-0.15625  -0.123107
0.15625  -0.306376
-0.0625  -0.188767
-0.09375  -0.158987
0.125  -0.269939
-0.03125  -0.327919
0  -0.205192
0.09375  -0.508063
0.15625  -0.166191
0.03125  -0.322204
-0.125  -0.318372
0.09375  -0.378069
-0.09375  -0.13446
0  -0.14277
0.0625  -0.193283
0.0625  -0.376763
0.125  -0.0637578
0.0625  -0.317828
0.09375  -0.294187
0.0625  -0.237121
0.03125  -0.211035
0.0625  -0.224361
0.0625  -0.226091
-0.03125  -0.325463
0.1875  -0.267414
-0.15625  -0.211633
0.125  -0.137682
0.15625  0.0852819
0.09375  -0.265898
0.15625  -0.295548
-0.125  -0.129881
0.15625  -0.319773
-0.0625  -0.16886
0.15625  -0.253136
0.0625  -0.166542
-0.0625  -0.291158
-0.03125  -0.107682
-0.0625  -0.301574
-0.0625  -0.333456
-0.0625  -0.34096
0  -0.264967
0.34375  -0.239593
-0.09375  -0.356527
0.03125  -0.207429
-0.09375  -0.275986
-0.09375  -0.297081
-0.03125  -0.122974
-0.0625  -0.349641
0.1875  -0.316261
-0.03125  -0.317057
-0.1875  -0.318976
-0.25  -0.494053
-0.09375  -0.263757
0.0625  -0.0799529
0.125  -0.265239
-0.15625  -0.182946
0  -0.321576
0.09375  -0.373921
-0.21875  -0.523382
-0.03125  -0.260181
0.03125  -0.509379
-0.15625  -0.362016
0.125  -0.28284
0.125  -0.315817
0.28125  -0.00374487
0.1875  -0.124159
-0.15625  -0.191531
0.15625  -0.433355
0  -0.0818371
0.0625  -0.301649
-0.25  -0.0449254
-0.125  -0.198686
-0.1875  -0.321522
-0.125  -0.159818
0.09375  -0.390935
-0.0625  -0.373452
-0.03125  -0.503932
0  -0.31006
0  0.143212
-0.21875  -0.254196
0.03125  -0.241698
0.09375  -0.194268
0.0625  -0.264534
0.15625  -0.233005
-0.09375  -0.063522
0.03125  -0.214165
-0.09375  -0.0371698
0.03125  -0.111683
0.15625  -0.341725
-0.03125  -0.126942
0.0625  0.0317601
-0.1875  -0.164592
-0.03125  -0.218374
-0.09375  -0.141079
-0.1875  -0.257317
0.25  -0.314621
0.0625  -0.187053
0.0625  -0.00714919
-0.125  -0.362948
-0.0625  -0.480849
-0.03125  -0.141985
0.0625  -0.473779
-0.15625  -0.191632
-0.1875  -0.0343955
0  -0.285002
0.03125  -0.13846
0  -0.390999
0.125  -0.0627249
0  -0.371518
-0.03125  -0.242333
0.03125  -0.136768
0.3125  -0.331715
0.03125  0.0149923
-0.03125  -0.368695
0.09375  -0.0305661
0.125  -0.482479
-0.15625  -0.250936
-0.1875  -0.0144763
0.03125  -0.111219
-0.125  -0.238903
-0.125  -0.412236
0.125  -0.338563
0.03125  -0.136778
-0.125  -0.396754
-0.15625  -0.173712
-0.125  -0.124065
-0.0625  -0.112811
0  -0.376813
0  -0.210374
-0.0625  -0.168206
-0.03125  -0.068869
-0.15625  -0.298253
-0.0625  -0.212092
-0.03125  -0.176972
0.125  -0.27949
-0.0625  -0.385315
0  -0.3001
-0.125  -0.491558
0  -0.372338
-0.15625  -0.445464
-0.125  -0.167127
0.21875  -0.163262
0.125  -0.184209
-0.09375  -0.374867
-0.15625  -0.108117
0.03125  -0.283693
0.03125  -0.216294
0.15625  -0.475612
0.03125  -0.360451
0.1875  -0.377897
0.0625  -0.197875
-0.0625  -0.0322201
-0.03125  -0.248204
-0.0625  -0.320216
0.15625  -0.322462
0.125  -0.201156
0.03125  -0.389166
-0.0625  -0.226906
0  -0.289458
-0.09375  -0.316899
-0.21875  -0.331146
0.1875  -0.244603
-0.09375  -0.301921
0.0625  -0.333263
-0.3125  -0.219852
-0.03125  -0.297223
-0.21875  -0.36688
0  -0.116016
0.03125  -0.293061
-0.09375  -0.0343293
0.125  -0.148178
-0.09375  -0.170999
0  -0.262646
0.3125  -0.241003
0.15625  -0.236173
-0.03125  -0.389436
0.1875  -0.104709
0.15625  -0.490364
0.0625  -0.204654
-0.03125  -0.188022
-0.125  -0.524657
0.03125  -0.152875
0.03125  -0.182689
0  -0.245317
0.09375  -0.164571
-0.21875  -0.185744
-0.15625  -0.18366
0.09375  -0.336728
-0.15625  -0.533709
0.125  -0.154607
-0.15625  -0.104273
-0.0625  -0.25089
0.03125  -0.242879
-0.03125  -0.322371
0  -0.172165
0.0625  -0.364207
-0.09375  -0.324933
-0.21875  -0.181434
0.0625  -0.204667
0.125  -0.2766
0.03125  -0.198514
-0.09375  -0.502403
0  -0.0685477
-0.125  -0.153765
-0.15625  -0.496863
0.0625  -0.188315
0.125  -0.0337701
-0.25  -0.204428
0.0625  -8.8518e-05
-0.09375  -0.174412
-0.125  -0.353696
0.03125  -0.269605
0  -0.2774
0.0625  -0.249003
0.03125  -0.147256
-0.03125  -0.344784
-0.25  0.0297855
0.21875  -0.230243
-0.09375  -0.140641
0.03125  -0.219497
-0.0625  -0.432387
-0.125  -0.175203
-0.15625  -0.449341
0.15625  -0.222304
-0.15625  -0.30477
-0.125  -0.338107
-0.34375  -0.286453
0.03125  -0.180963
-0.09375  -0.324886
-0.34375  -0.325471
-0.09375  -0.453419
0.09375  -0.285094
0.0625  -0.0965648
0  -0.24992
0.0625  -0.228826
-0.03125  -0.44169
0.15625  -0.421149
0.0625  -0.324342
0.125  -0.406862
0.09375  -0.264875
0  -0.160789
0.09375  -0.278628
0.25  -0.116548
0.09375  -0.107432
0.09375  -0.308738
-0.0625  -0.0717689
-0.09375  -0.158315
0  -0.495078
-0.15625  -0.343287
0.0625  -0.328119
0.0625  -0.147537
-0.0625  0.185901
0.09375  -0.338792
-0.03125  -0.266123
-0.0625  -0.26748
-0.09375  -0.229047
0.03125  -0.374521
0.25  -0.233125
-0.09375  -0.375315
0.09375  -0.147248
-0.28125  -0.515134
0.125  -0.151612
0.34375  -0.299444
-0.0625  -0.258299
0  -0.301107
0.03125  -0.384774
0.125  -0.124203
-0.3125  -0.163908
0.09375  -0.227208
0.09375  -0.165697
-0.25  -0.142956
0.0625  0.00671457
-0.03125  -0.176215
-0.03125  -0.13965
0.03125  -0.131448
-0.15625  -0.22381
0.15625  -0.139057
-0.09375  -0.272197
-0.03125  -0.494424
-0.03125  -0.32618
-0.09375  -0.461297
-0.09375  -0.184826
0.03125  -0.139275
0.15625  -0.264833
-0.03125  -0.255936
0.0625  -0.199319
0.03125  -0.345197
0.09375  -0.268503
0.03125  -0.412449
-0.09375  -0.397844
0.28125  -0.207326
0.15625  -0.161735
-0.09375  -0.160911
-0.03125  -0.337088
-0.21875  -0.238065
-0.15625  -0.405343
0.0625  -0.184287
0.09375  -0.233712
0.125  -0.212366
0.15625  -0.36836
0.15625  -0.00756331
-0.15625  -0.113097
0.15625  -0.176996
-0.15625  -0.0814974
-0.03125  -0.280412
0.09375  -0.283799
-0.09375  -0.0833615
0  -0.33606
-0.25  -0.241529
0.1875  -0.276949
-0.125  -0.377659
0.125  -0.328806
-0.0625  -0.0708485
0  -0.337564
0.0625  -0.225073
0.125  -0.392065
0.09375  -0.273657
-0.0625  -0.23369
0.03125  -0.269733
-0.0625  -0.204111
0.03125  -0.214898
-0.28125  -0.144248
-0.25  -0.321486
0.0625  -0.38208
-0.03125  -0.160632
0.28125  -0.0591347
-0.0625  -0.283564
-0.125  -0.440638
0.09375  -0.20466
-0.125  -0.222877
0.3125  0.0192498
-0.03125  -0.450995
0  -0.26626
0.125  -0.328846
0.15625  -0.00865593
0.03125  -0.279598
0.0625  -0.364407
0  -0.362953
-0.28125  -0.300412
-0.03125  -0.195882
-0.0625  -0.469297
0.15625  -0.266655
-0.125  -0.285813
-0.125  -0.249852
0.125  -0.090092
0.0625  -0.438956
0.1875  0.0398953
0.03125  -0.291991
0.15625  -0.304002
0.1875  -0.331333
0.03125  -0.227922
0.15625  0.0645323
-0.0625  -0.284191
-0.15625  -0.533596
0.125  -0.323013
-0.03125  -0.316761
-0.1875  -0.277886
0.0625  -0.138507
0.125  -0.276828
0.28125  -0.263411
0.1875  -0.306889
0.09375  -0.488861
0.125  -0.283794
0.0625  -0.270033
0.1875  -0.247033
0.03125  -0.132747
-0.03125  -0.405674
-0.15625  -0.244978
0.09375  -0.277565
-0.125  -0.502537
-0.15625  -0.198157
0.0625  -0.0822665
0.03125  -0.122781
0.09375  -0.017286
0  -0.360843
0.0625  -0.263887
0  -0.13923
0  -0.264095
-0.125  -0.0590208
0.03125  -0.261662
0.0625  -0.131278
-0.09375  -0.497464
-0.0625  -0.221625
0.03125  -0.292107
0  -0.087703
0  -0.0568811
0.21875  -0.0668278
-0.125  -0.346299
0.09375  -0.469169
0.09375  -0.33826
-0.0625  -0.350309
-0.0625  -0.345016
-0.0625  -0.21322
-0.03125  -0.593619
-0.0625  -0.221972
-0.09375  -0.404492
-0.03125  -0.373897
0  -0.0520808
-0.125  -0.433117
0.125  -0.19386
0.15625  -0.514482
-0.15625  -0.275639
0.125  -0.269784
-0.125  -0.413624
0.0625  0.0641725
0.03125  -0.0988185
-0.1875  -0.280725
0.0625  -0.354382
0.15625  -0.473446
-0.03125  -0.321921
-0.03125  -0.242836
0.09375  -0.0166061
0.09375  -0.0648384
-0.1875  -0.294859
0.1875  -0.329579
0.09375  -0.236707
-0.15625  -0.504405
0.21875  -0.0573511
-0.15625  -0.128587
-0.09375  -0.152896
0  -0.139348
-0.09375  -0.410672
0.09375  -0.201097
-0.15625  -0.178914
0.03125  -0.195892
-0.125  -0.297025
0.09375  -0.30314
0.125  -0.271835
0.03125  -0.367585
0  -0.267536
-0.03125  -0.275406
-0.125  0.0403279
0.09375  -0.496267
0.0625  -0.357682
-0.03125  -0.311234
0.0625  -0.233556
0.0625  -0.213369
-0.1875  -0.422156
0.0625  -0.48142
-0.0625  -0.370164
0.03125  -0.0392249
0.09375  -0.471384
0.0625  -0.177459
-0.03125  -0.118158
-0.15625  -0.36537
-0.21875  -0.16809
-0.125  -0.223855
-0.0625  -0.378348
-0.09375  -0.210503
-0.15625  -0.432701
0  -0.187301
0.1875  -0.391375
-0.0625  -0.444831
-0.03125  -0.44814
-0.03125  -0.482586
0.0625  -0.367678
-0.0625  -0.27164
-0.1875  -0.184787
-0.09375  -0.320197
-0.09375  -0.247852
0.0625  -0.220771
-0.40625  -0.288796
-0.15625  -0.364642
0  -0.100223
-0.15625  -0.31497
-0.0625  -0.186284
-0.125  -0.190714
-0.03125  -0.25586
0.0625  -0.204915
-0.03125  -0.412843
-0.03125  -0.272253
-0.0625  -0.449453
-0.15625  -0.109812
-0.1875  -0.0184296
-0.0625  -0.205881
0  -0.399092
0.03125  -0.323864
0.3125  -0.498361
-0.21875  -0.312787
-0.1875  -0.234401
-0.09375  -0.275016
0.03125  -0.182325
0  -0.409
0  -0.338217
-0.0625  -0.0484572
-0.03125  -0.311463
0.15625  -0.230564
0.125  -0.21761
0.09375  -0.249738
-0.03125  -0.610039
0.125  -0.369447
-0.03125  -0.105302
-0.03125  -0.104923
-0.21875  -0.124094
0.125  -0.224447
0.125  -0.234353
0.09375  -0.150952
0.03125  -0.101392
0.3125  -0.36582
0.0625  -0.328234
0  -0.0286975
-0.1875  -0.0958425
0.125  -0.0544657
0.09375  -0.243269
0.03125  -0.321737
0.03125  -0.0607697
-0.0625  -0.244269
0.03125  -0.413568
-0.09375  -0.258963
0.15625  -0.219484
0.09375  -0.058575
0.09375  -0.206186
0.09375  -0.388613
0.21875  -0.423491
0.15625  -0.308494
-0.28125  -0.0707549
0.15625  -0.129901
-0.21875  -0.335862
-0.09375  -0.378949
-0.15625  -0.325339
0  -0.27988
-0.0625  -0.0901078
-0.03125  -0.177082
0  -0.395387
-0.15625  -0.472191
0.03125  -0.39982
0.09375  -0.131036
-0.21875  -0.169113
-0.125  -0.00791819
0.0625  -0.406628
-0.21875  -0.0951911
0.125  -0.100867
0.125  -0.295763
-0.09375  -0.20618
0  -0.230027
0  -0.318775
-0.09375  -0.250651
-0.21875  -0.380374
-0.09375  -0.185117
-0.09375  -0.280842
0.0625  -0.0270352
-0.1875  -0.279628
0.15625  -0.0628195
-0.0625  -0.335173
0.03125  -0.129559
0.03125  -0.167217
-0.03125  -0.142769
-0.125  -0.304273
-0.25  -0.394294
-0.125  -0.326769
0.21875  -0.359314
-0.09375  -0.597132
0.25  -0.214957
-0.03125  -0.217097
-0.03125  -0.315283
0.125  -0.448697
0.09375  -0.263533
-0.125  -0.309472
-0.125  -0.380054
0  -0.348152
0.15625  -0.438575
0.125  -0.365655
-0.0625  -0.181021
-0.125  -0.191842
-0.34375  -0.666905
0.09375  -0.431178
0.21875  -0.336317
0.03125  -0.156077
0.03125  -0.343682
-0.03125  -0.349125
0  -0.349356
-0.03125  -0.176695
0.03125  0.0555802
-0.1875  -0.342097
0.125  -0.365806
-0.0625  -0.19347
0.1875  -0.427399
0.28125  -0.135687
-0.0625  -0.182521
-0.0625  -0.442401
-0.03125  -0.312434
-0.0625  -0.0813693
0.0625  -0.0340684
0.125  -0.195738
-0.0625  -0.490881
-0.03125  -0.462724
-0.125  -0.252171
0.0625  -0.115826
-0.03125  -0.215797
0.25  -0.147553
0.03125  -0.0819716
-0.21875  -0.308179
0.125  -0.476345
0.03125  -0.306226
0.15625  -0.235723
-0.03125  -0.198946
0.0625  -0.268531
-0.25  -0.0796267
0.125  -0.431531
0.15625  -0.545044
0  -0.324007
0.09375  -0.326603
0.25  -0.239809
0.09375  -0.323938
0.1875  0.0357681
-0.0625  -0.31581
-0.1875  -0.209207
0.09375  -0.378426
0  -0.363031
0.125  -0.424775
0  -0.290073
0.1875  -0.489724
-0.03125  -0.0840874
-0.1875  -0.329659
-0.09375  -0.101929
-0.09375  -0.312274
0.125  -0.352926
0.0625  -0.108414
0.09375  -0.293861
0.28125  -0.20597
0.0625  -0.0954041
0.0625  -0.584068
-0.125  -0.141175
-0.03125  -0.2255
-0.125  -0.477645
-0.15625  -0.331595
0.1875  -0.144564
-0.03125  -0.160943
0  -0.313741
0.09375  -0.0947062
0  -0.32398
0.15625  -0.270709
0.25  -0.161206
-0.0625  -0.128654
0  -0.191762
-0.1875  -0.280515
-0.1875  -0.285533
-0.0625  -0.432662
-0.15625  -0.271801
-0.0625  -0.531743
0.0625  -0.350766
0.40625  -0.228997
0.15625  -0.255133
-0.03125  -0.217073
-0.09375  -0.234968
0.09375  -0.248985
-0.1875  -0.163221
0.03125  -0.187049
0.0625  -0.277763
0.21875  -0.220567
-0.03125  -0.309644
-0.03125  -0.430822
0.1875  -0.398807
-0.15625  -0.30522
-0.125  -0.383657
0.03125  -0.260899
0.09375  -0.172611
0  -0.29669
0.25  -0.360658
0  -0.169933
0.125  -0.419749
0.03125  -0.380505
0.09375  -0.23645
0.1875  -0.310958
-0.0625  -0.350568
-0.0625  -0.251916
-0.1875  -0.23797
-0.125  -0.129776
-0.0625  -0.282803
0.125  -0.144025
0.03125  -0.290962
0.0625  -0.414252
0  -0.160114
0.09375  -0.310298
0.03125  -0.374834
0.125  -0.186834
-0.1875  -0.191934
0.03125  -0.446704
-0.03125  -0.262961
0.09375  -0.220967
-0.09375  -0.353348
-0.0625  -0.218662
0.03125  -0.44102
0  -0.240678
-0.0625  -0.147169
0  -0.0907336
0.125  -0.126115
0  -0.223568
0.03125  -0.464831
0  -0.316304
0.1875  0.00415116
0.21875  -0.390051
-0.0625  -0.207286
0.25  -0.0040815
-0.125  -0.334111
0.0625  -0.290098
0  -0.0718881
0.25  -0.283024
-0.03125  -0.399714
-0.21875  -0.223295
-0.03125  -0.0489791
0.1875  -0.0662193
0.125  -0.17988
0.15625  -0.289245
0.0625  -0.263658
0.09375  -0.209958
-0.125  -0.269011
-0.125  0.120186
0.03125  -0.421074
-0.03125  -0.43004
0  -0.12084
0.03125  -0.187808
0.125  -0.362266
-0.125  -0.119873
-0.09375  -0.308865
0.0625  -0.377921
0.09375  -0.0810529
-0.09375  -0.329501
-0.0625  -0.215891
0.0625  -0.469609
-0.03125  -0.356054
-0.0625  -0.447852
0.03125  -0.277491
-0.125  0.0506902
-0.0625  -0.402319
0.03125  -0.0202573
-0.0625  -0.206923
-0.125  -0.216927
-0.03125  -0.500388
-0.125  -0.178929
-0.125  -0.0500393
0.0625  -0.224164
0  -0.295085
0.09375  -0.407092
-0.09375  -0.210988
-0.03125  -0.349661
-0.21875  -0.336253
-0.03125  -0.409599
0.1875  -0.339925
-0.0625  -0.244229
-0.125  -0.342905
-0.0625  -0.286479
0.1875  -0.00272761
0.0625  -0.311367
0.0625  -0.147227
-0.03125  -0.333646
0.125  -0.370342
0.0625  -0.187474
-0.09375  -0.086383
-0.125  -0.412254
0.03125  0.0196045
-0.125  -0.264713
0  -0.408743
0  -0.395598
-0.125  -0.304531
-0.0625  -0.73458
0.125  -0.401899
-0.1875  -0.378969
-0.09375  -0.253741
0.15625  -0.335013
-0.09375  -0.341992
-0.28125  -0.292227
-0.125  -0.428999
-0.0625  -0.215543
-0.1875  -0.396501
-0.0625  -0.150017
-0.1875  -0.35403
-0.0625  -0.209715
0.03125  -0.0791798
0  -0.0691947
0.03125  -0.121417
-0.03125  -0.669564
0.09375  -0.305276
0.0625  -0.22307
0.09375  -0.387259
0.125  -0.33625
-0.125  -0.341205
-0.09375  -0.464854
0.03125  -0.589838
-0.21875  -0.389317
0  -0.45255
0.3125  -0.317456
-0.03125  -0.219894
-0.03125  -0.306543
-0.25  -0.237955
-0.03125  -0.24077
-0.0625  -0.0275228
0.28125  -0.264949
-0.125  -0.441179
0.03125  -0.0757326
0.1875  -0.223157
-0.03125  -0.158795
-0.03125  -0.353223
-0.09375  -0.109273
-0.21875  -0.0954088
0.09375  -0.130825
-0.03125  -0.215402
-0.125  -0.0347721
0.125  -0.193673
0  -0.494889
0.21875  -0.185278
-0.0625  -0.327973
0.125  -0.297339
-0.03125  -0.556576
0.0625  -0.105986
-0.1875  -0.338033
-0.09375  -0.305225
-0.0625  -0.326857
-0.0625  -0.230889
-0.1875  -0.0621202
0.09375  -0.120074
0  -0.18142
0.0625  -0.461335
0.125  -0.252188
0.03125  -0.439684
0.15625  -0.371429
0.125  -0.368876
0.15625  -0.225539
0.0625  -0.293389
-0.25  -0.147303
-0.09375  0.0143574
0.09375  -0.277554
0.09375  -0.220559
-0.125  -0.118784
-0.0625  -0.179413
0  -0.134353
0  -0.194411
0.09375  -0.085796
-0.09375  -0.0029123
-0.15625  -0.210049
0.0625  -0.210811
0.125  -0.048621
0.09375  -0.160078
0.21875  -0.309494
0.125  -0.252636
-0.1875  -0.212608
0.125  -0.399881
0.09375  -0.221533
-0.15625  -0.334314
0  -0.182744
0.09375  -0.309179
-0.15625  -0.13893
0.03125  -0.36573
-0.09375  -0.299697
-0.03125  -0.160197
-0.125  -0.284179
0.1875  -0.116006
-0.3125  -0.429583
0.09375  -0.25729
0.375  -0.429101
0.0625  -0.0138575
0.125  -0.331882
0.125  -0.457428
-0.125  -0.135559
-0.03125  -0.24655
-0.1875  -0.359347
-0.15625  -0.433333
-0.0625  -0.19863
0.09375  -0.256954
-0.25  -0.246694
0.03125  -0.460797
0.0625  0.0748664
0.21875  -0.421091
0.0625  -0.305424
0  -0.338329
0.21875  -0.460699
0.1875  -0.253298
-0.15625  -0.180685
-0.09375  -0.177678
-0.03125  -0.414048
0.15625  -0.336934
0.09375  -0.256398
-0.125  -0.298645
0.09375  -0.135546
-0.09375  -0.224024
-0.125  -0.142093
0.09375  -0.391176
0.03125  -0.182397
0  -0.140794
0.09375  -0.289648
-0.0625  -0.343085
0.03125  -0.140053
-0.28125  -0.123398
0.1875  -0.297411
0.125  -0.205165
0.09375  -0.387573
-0.03125  -0.0818518
-0.21875  -0.241644
-0.09375  -0.348172
0.0625  -0.193316
-0.125  -0.36726
0.15625  -0.322182
-0.25  -0.127683
-0.125  0.0206705
0.1875  -0.195581
0.03125  -0.278199
0.03125  -0.472732
-0.15625  -0.0697228
0.0625  -0.186933
0.09375  -0.360975
-0.0625  -0.390816
0.0625  -0.214533
-0.03125  -0.261371
-0.1875  -0.24772
0  -0.441434
0  -0.0904985
0.03125  -0.259033
-0.0625  -0.178544
0.28125  -0.220745
0.21875  -0.142841
0.03125  -0.461665
-0.125  -0.422305
-0.125  -0.0903339
0.03125  -0.0506294
0.0625  -0.303693
0.0625  -0.25306
-0.09375  -0.420542
0.15625  -0.339096
0.09375  -0.610518
0.09375  -0.298196
-0.1875  -0.330523
-0.09375  -0.315331
-0.0625  -0.145331
0  -0.551391
0  -0.425704
-0.03125  -0.290128
0.125  -0.0666853
0  -0.16705
-0.03125  -0.249532
0  -0.270573
-0.15625  -0.294038
-0.21875  -0.386893
0.03125  -0.27796
-0.03125  -0.194657
-0.03125  -0.160163
0.03125  -0.254423
0.0625  -0.255428
0.0625  0.12715
-0.125  -0.351227
-0.0625  -0.362196
0.09375  -0.154179
-0.09375  -0.297951
-0.0625  -0.31003
-0.21875  -0.212719
0.3125  -0.447896
-0.1875  -0.138695
-0.125  -0.134544
0.0625  -0.320287
0  -0.171276
-0.21875  -0.309087
0.0625  -0.227108
-0.03125  -0.136038
0.03125  -0.265619
0.09375  -0.333045
0.03125  -0.187228
0.15625  -0.116435
0  -0.272932
0.09375  -0.126292
-0.03125  -0.544096
0.15625  -0.383217
-0.03125  -0.00515273
0.1875  -0.375322
-0.15625  -0.250651
0.15625  -0.438876
-0.125  -0.246159
0.0625  -0.190169
0.21875  -0.413291
-0.03125  -0.171807
-0.0625  -0.0186518
0.1875  -0.210049
-0.15625  -0.359585
0.09375  -0.107857
-0.03125  -0.322218
-0.03125  -0.251075
-0.03125  -0.331947
0.21875  -0.285954
-0.1875  -0.427905
0.03125  -0.107366
-0.0625  -0.320073
-0.0625  -0.284214
0.1875  -0.215773
0.0625  -0.475547
-0.125  -0.179642
0.125  -0.375866
-0.09375  -0.400924
0.21875  -0.136815
-0.21875  -0.269529
0.0625  -0.239666
-0.15625  -0.0517198
0.09375  -0.287824
0.125  -0.397367
0.09375  -0.187513
0  -0.386793
0  -0.382423
0.125  0.00485742
0  -0.193341
-0.21875  -0.603428
0  -0.228331
0  -0.254782
0.03125  -0.323648
0.03125  -0.247607
0.125  -0.350769
-0.03125  -0.392196
0  -0.0381035
0.09375  -0.408353
0.15625  -0.316997
-0.09375  -0.0497006
-0.15625  -0.350211
0.15625  -0.27756
0.0625  -0.325574
0.125  -0.236067
-0.0625  -0.254503
-0.03125  -0.219533
0.15625  -0.161267
-0.125  -0.226837
0.0625  -0.349389
-0.125  -0.35683
0.28125  -0.0244652
0.125  -0.261327
0.1875  -0.271107
-0.03125  -0.364862
0.0625  -0.289748
-0.03125  -0.147347
0.0625  -0.366811
0.25  -0.320344
-0.0625  -0.231578
-0.21875  -0.173126
0.21875  -0.161307
0.15625  -0.200493
-0.03125  -0.266443
-0.125  -0.427625
-0.3125  -0.433248
-0.125  -0.19456
0  -0.388522
-0.0625  -0.686337
0.15625  -0.444078
0  -0.396392
0.0625  0.15945
-0.03125  -0.2499
0.0625  -0.351679
-0.0625  -0.0712853
-0.03125  -0.200124
0.03125  -0.470499
-0.03125  -0.144046
-0.125  -0.0404973
0.03125  -0.183545
0.0625  -0.164756
0.0625  -0.361762
-0.03125  0.111347
-0.0625  -0.336254
-0.125  -0.144834
0.1875  -0.262008
-0.15625  -0.071879
-0.03125  -0.396022
0.15625  -0.0698056
0.0625  -0.224122
0.03125  -0.465462
0.25  -0.307239
0.125  -0.327698
0.21875  -0.145494
-0.0625  -0.182593
-0.125  -0.184537
-0.09375  -0.463268
-0.0625  -0.202456
-0.125  -0.281933
0.09375  -0.424281
-0.03125  -0.368213
-0.03125  -0.11917
-0.15625  -0.072589
-0.25  -0.14745
-0.09375  -0.348613
-0.125  -0.244428
0.03125  -0.478002
0.03125  -0.0460892
0.09375  0.0258665
-0.125  -0.36526
-0.03125  -0.207726
-0.0625  -0.23672
0.03125  0.0843756
0.03125  -0.350974
0.3125  -0.197782
0  -0.212699
0.21875  -0.319415
0.03125  -0.339922
0  -0.215388
0.03125  -0.238428
0.09375  -0.257445
-0.0625  -0.182422
-0.21875  -0.284926
0.15625  -0.245716
0.03125  -0.321858
-0.0625  -0.0818146
-0.4375  -0.132319
-0.125  -0.361348
0.21875  -0.359257
0.0625  -0.290148
0.0625  -0.277143
0  -0.548416
-0.03125  -0.262035
-0.0625  -0.296799
-0.25  -0.378956
0.15625  -0.136984
0.1875  -0.0250211
-0.0625  -0.402379
0.03125  -0.223959
0.09375  -0.150362
0.09375  -0.246757
0.03125  -0.291177
-0.40625  -0.124716
0.03125  -0.260496
-0.03125  -0.160249
-0.15625  0.0269565
-0.03125  -0.33957
0.125  -0.258745
-0.09375  -0.171489
0.03125  -0.110232
0.125  -0.461693
-0.125  -0.0779441
-0.15625  -0.0880386
0.1875  -0.202234
0  -0.278591
0  -0.327597
0  -0.166244
0.03125  -0.284581
0.0625  -0.400397
-0.0625  -0.270762
-0.03125  -0.388165
0.15625  -0.307708
-0.0625  -0.12802
-0.125  -0.297084
0.09375  -0.318181
-0.09375  -0.291634
0.03125  -0.216034
0.1875  -0.411345
0  -0.331151
0.03125  -0.484486
0.125  -0.354519
0.125  -0.254025
0.15625  -0.192901
0.25  -0.426217
0.0625  -0.0814523
0.28125  -0.236435
0.15625  -0.51847
0.125  -0.279321
-0.21875  -0.0890537
0.125  -0.216988
0.28125  -0.33197
-0.15625  -0.316352
0.25  -0.141596
-0.03125  -0.089735
-0.09375  -0.284263
0.0625  -0.239085
-0.09375  -0.312749
0.03125  -0.269075
-0.0625  -0.296023
-0.03125  -0.211109
0  -0.0703106
-0.1875  -0.260436
-0.03125  -0.182306
-0.09375  -0.155548
0.125  -0.205893
0.1875  -0.21522
-0.125  -0.0862213
0.15625  -0.12414
-0.0625  -0.331782
0.0625  -0.310844
-0.09375  -0.183407
-0.0625  -0.28792
0.09375  -0.293615
0.125  -0.15191
-0.03125  -0.404258
-0.125  -0.249285
0.15625  -0.408672
0.0625  -0.333188
0  -0.38498
0.09375  -0.316825
0.03125  -0.166163
0.09375  -0.163111
0.03125  -0.393667
-0.09375  -0.303294
0.25  -0.0817474
-0.125  -0.1487
-0.25  -0.401573
0.15625  -0.139864
-0.15625  -0.141161
-0.15625  -0.0382135
0.03125  -0.197199
0  -0.380697
0.21875  -0.424709
0.03125  -0.216436
-0.1875  -0.275376
-0.0625  0.0729058
0  -0.188676
0.21875  -0.380519
0.09375  -0.246698
0.25  -0.294958
-0.125  -0.261048
-0.15625  -0.30341
0  -0.271953
0.125  -0.122275
0.125  -0.104972
0.03125  -0.240333
0.03125  0.182265
-0.125  -0.424745
-0.03125  -0.191399
-0.21875  -0.1365
-0.09375  -0.194172
-0.0625  -0.662196
-0.15625  -0.278846
-0.0625  0.0210933
0.09375  -0.0511567
0.125  -0.205414
0.0625  -0.251979
-0.15625  -0.115022
0.125  -0.333206
-0.15625  -0.479783
-0.125  -0.187159
0.125  -0.339924
0  -0.156868
0.03125  -0.445598
0.15625  -0.386806
0.0625  -0.170174
-0.09375  -0.372216
0.0625  -0.171922
-0.125  -0.242517
-0.21875  -0.070862
-0.15625  -0.227988
-0.125  -0.245312
0.09375  -0.072476
-0.0625  -0.314002
-0.03125  -0.111399
-0.03125  -0.217864
-0.21875  -0.367606
-0.0625  -0.106305
0.03125  -0.261905
-0.09375  -0.240323
-0.03125  -0.37822
-0.03125  -0.219886
0.15625  -0.0833601
0.125  -0.185898
0.03125  -0.536555
0  -0.315034
-0.15625  -0.164208
0  -0.333732
-0.09375  -0.318192
-0.0625  -0.0497917
-0.03125  -0.471083
-0.25  -0.140875
-0.125  -0.435608
-0.125  -0.100072
-0.0625  0.0604527
-0.1875  -0.0799373
-0.09375  -0.104703
-0.0625  -0.21527
0.03125  -0.193798
-0.03125  -0.413662
-0.15625  -0.410147
0.03125  -0.0997389
-0.09375  -0.343221
-0.09375  -0.326287
-0.15625  -0.303456
-0.09375  -0.390173
0.03125  -0.386115
0  -0.447955
0.125  -0.390439
0  -0.253868
-0.0625  -0.0916899
-0.03125  -0.159709
0.125  -0.593442
0.125  -0.185563
0  -0.188445
0.125  -0.273884
0.09375  -0.394771
-0.25  -0.0213676
-0.03125  -0.228076
0  -0.165937
-0.0625  -0.120961
-0.125  -0.352817
0  -0.375255
0.34375  -0.317593
0.09375  -0.141635
0.15625  0.167255
0.09375  -0.180829
-0.03125  0.103344
0.09375  -0.633915
-0.03125  -0.218557
0.03125  -0.427694
0  -0.191598
0.03125  -0.116564
-0.09375  -0.191602
-0.1875  -0.398609
-0.25  -0.285117
0  -0.366077
0.0625  -0.159461
-0.09375  -0.455715
0.03125  -0.0203577
0.1875  -0.2406
0  -0.278531
0.0625  -0.162905
-0.03125  0.00723873
0.125  -0.100245
0.28125  -0.286427
0.125  -0.223604
0.15625  -0.260951
0.03125  -0.390733
-0.125  -0.287165
0.0625  -0.378793
0.21875  -0.28072
-0.0625  -0.22968
0.03125  -0.256571
-0.09375  -0.219084
0.15625  -0.274624
-0.0625  -0.337696
0.15625  -0.315257
0.1875  -0.247035
0.03125  -0.319586
0.09375  -0.199719
-0.03125  -0.246856
-0.125  -0.239535
0.125  -0.290344
-0.0625  -0.219993
-0.03125  -0.0339719
-0.125  -0.39013
0.15625  -0.0841191
-0.03125  -0.447278
0.125  -0.483895
-0.0625  -0.076383
0.0625  -0.36295
0.0625  -0.207757
-0.03125  -0.414869
-0.21875  -0.263604
0  -0.327212
0  -0.375547
-0.125  -0.177571
0.0625  -0.378389
-0.15625  -0.298309
0.0625  -0.144482
0.09375  -0.194054
0.125  -0.0524841
-0.125  -0.476905
-0.15625  -0.45081
0.0625  -0.194801
0.21875  -0.240404
-0.28125  -0.208191
-0.03125  0.0766665
-0.1875  -0.220276
-0.03125  -0.426907
-0.125  -0.327761
0.15625  -0.429824
-0.03125  -0.466128
0.09375  -0.18733
0.15625  -0.340639
0.21875  -0.0572413
-0.09375  -0.180862
0.09375  -0.437508
-0.0625  -0.327057
-0.0625  -0.168178
-0.09375  -0.309124
-0.09375  -0.0670784
-0.0625  -0.250202
0.125  -0.200574
-0.03125  -0.31969
-0.09375  -0.398329
-0.03125  -0.312204
0.09375  -0.373872
-0.21875  -0.114908
0.125  -0.284835
-0.1875  -0.128156
0  -0.137537
-0.125  -0.106558
-0.0625  -0.143121
-0.21875  -0.169696
0  -0.241701
0.09375  -0.335378
-0.1875  -0.276262
-0.0625  -0.393534
-0.09375  -0.309787
0.03125  -0.418883
-0.15625  -0.134742
0.125  -0.0075247
-0.0625  -0.49577
0.0625  -0.261766
0.09375  -0.293024
-0.03125  -0.277463
0.21875  -0.174651
-0.09375  -0.456323
-0.1875  -0.315141
-0.03125  -0.252342
0.0625  -0.1851
-0.0625  -0.202062
-0.125  -0.111528
-0.15625  -0.283992
-0.09375  -0.356566
-0.21875  -0.159637
-0.03125  -0.190724
0.28125  -0.273598
0  -0.0780292
-0.21875  -0.181704
-0.1875  -0.188403
-0.15625  -0.368216
-0.09375  -0.446508
-0.03125  -0.109462
0.125  -0.471854
0.09375  -0.285317
-0.1875  -0.355122
0.125  -0.259259
-0.03125  -0.38887
0.0625  -0.174049
0.03125  -0.167309
-0.09375  -0.331214
-0.125  -0.253013
0.03125  -0.45171
-0.09375  -0.113568
-0.125  -0.371481
0.21875  -0.158384
-0.0625  -0.148381
0.34375  -0.27529
-0.15625  -0.276692
0.03125  -0.439926
0.15625  -0.334233
0.0625  -0.0577395
0.0625  -0.369006
0.1875  0.01691
-0.03125  -0.32029
-0.0625  -0.290269
0.03125  -0.508601
-0.0625  -0.387124
0.1875  -0.283242
-0.21875  -0.283042
0.125  -0.305226
-0.03125  -0.416034
0  -0.0954932
0.15625  -0.14672
-0.1875  -0.240797
-0.03125  -0.206635
0.0625  -0.372656
-0.1875  -0.214064
0.1875  -0.438886
0  -0.171302
-0.15625  -0.293078
0.0625  -0.344946
0.21875  -0.151516
0.125  -0.0821148
0.1875  -0.307685
0.09375  -0.180036
-0.1875  -0.124258
-0.03125  -0.548941
0.03125  -0.392641
0.21875  -0.437696
0.03125  -0.226059
-0.09375  -0.227049
0.125  -0.331932
-0.15625  -0.162976
-0.03125  -0.130544
0.03125  -0.0608876
0.09375  -0.414145
0.03125  -0.240156
-0.03125  -0.241836
0.125  -0.362238
-0.0625  -0.1518
-0.0625  -0.492558
-0.125  -0.243408
0.0625  -0.339162
-0.1875  -0.263526
0  -0.169843
-0.34375  -0.166465
0  -0.255341
0  -0.43591
-0.3125  -0.431748
-0.03125  -0.25992
0.125  -0.268923
0.125  -0.0570822
-0.15625  -0.0231161
-0.1875  -0.102335
-0.15625  -0.296653
-0.1875  -0.653678
-0.15625  -0.380201
0.15625  -0.283772
0  -0.236888
-0.1875  0.00713424
0  -0.269216
-0.03125  -0.334759
-0.125  -0.3523
0.1875  -0.185761
-0.28125  -0.22307
0.0625  -0.148242
0.0625  -0.314636
0.09375  -0.198304
0.03125  -0.304624
0  0.0728149
0.0625  -0.355046
-0.125  -0.526241
0  -0.358331
-0.03125  -0.269938
-0.15625  -0.333293
0.125  -0.327882
0  -0.210303
-0.28125  -0.0236198
0  -0.0642004
0.0625  -0.269171
-0.0625  -0.148084
-0.125  -0.201788
-0.03125  -0.243505
0.03125  -0.353493
-0.125  -0.411227
0.15625  -0.357404
0  -0.356913
0.21875  -0.486268
-0.0625  -0.265922
-0.15625  -0.358202
-0.1875  -0.265083
-0.0625  -0.253259
-0.03125  -0.402311
0  -0.0884182
0.125  -0.144995
-0.03125  -0.199887
0.25  -0.31624
-0.15625  -0.403067
0.03125  -0.0660391
0  0.125075
-0.28125  -0.436324
0.09375  -0.392841
-0.125  -0.301492
-0.03125  -0.127714
-0.34375  -0.335828
0.03125  -0.399985
0.21875  -0.260041
0.0625  0.0195138
0.0625  -0.00699763
-0.15625  -0.157194
0.09375  -0.323974
0.03125  -0.193164
0.1875  -0.138372
0.125  -0.11746
-0.1875  -0.320156
-0.09375  -0.149697
0  -0.28628
-0.09375  -0.227563
0.09375  -0.135653
-0.0625  -0.111749
0.03125  -0.215196
-0.125  -0.343594
0.125  -0.433809
-0.1875  0.0122794
0.15625  -0.345513
0.09375  -0.323917
0.09375  -0.371361
0  -0.0566396
0.09375  -0.0715296
-0.125  -0.336743
0  -0.267411
-0.03125  -0.0215427
-0.15625  -0.358705
0.0625  -0.181081
0.25  -0.296194
0.0625  -0.196021
-0.03125  -0.501397
-0.1875  -0.281936
0.15625  -0.0654291
0.0625  -0.337298
0  -0.296954
-0.03125  0.0520185
-0.15625  -0.263276
-0.125  -0.186129
0.0625  -0.33058
-0.15625  -0.451657
-0.09375  -0.398569
0.03125  -0.180845
-0.09375  -0.284246
-0.1875  -0.309607
-0.09375  -0.189148
-0.03125  -0.14232
-0.0625  -0.327083
-0.03125  -0.320803
0.1875  -0.356686
0.1875  -0.306837
0.0625  -0.199046
0  -0.362492
0.09375  -0.056292
-0.0625  -0.409533
-0.09375  -0.412943
0.0625  -0.305531
-0.09375  -0.367831
-0.0625  -0.373735
-0.0625  -0.474032
-0.15625  -0.284182
-0.0625  -0.373356
0  -0.207937
-0.0625  -0.214464
0.09375  -0.232365
0.09375  -0.320441
0.09375  -0.275931
-0.1875  -0.305602
-0.1875  -0.251068
-0.15625  -0.048464
0  -0.085047
-0.125  -0.227238
-0.15625  -0.288571
-0.09375  -0.0974057
0  -0.406082
-0.28125  -0.373333
-0.21875  -0.512606
0.0625  -0.436831
0.09375  -0.31099
0  -0.191123
0.0625  -0.142822
0  -0.282912
-0.125  -0.202887
0.21875  -0.399251
-0.09375  -0.247051
-0.15625  -0.396837
-0.03125  -0.300145
-0.03125  -0.249875
0  -0.387749
0.09375  -0.105297
0  -0.248373
0.09375  -0.37184
0.0625  -0.383884
-0.1875  -0.192642
0  -0.206241
0.03125  -0.261418
0.0625  -0.164227
0.03125  -0.525651
0.15625  -0.403413
0  -0.270303
0.125  -0.285947
0.15625  -0.517798
0.28125  -0.356343
-0.15625  -0.307564
-0.09375  -0.429095
0.09375  -0.263857
0  -0.394802
0.21875  -0.270468
0.03125  -0.142931
0.3125  -0.213005
-0.09375  0.00717539
-0.15625  -0.210433
0.15625  -0.480397
-0.09375  -0.484825
-0.03125  0.0523725
-0.125  -0.462123
0.25  -0.380317
-0.15625  -0.314158
-0.09375  -0.149091
0.0625  -0.346533
0.03125  -0.304438
-0.0625  -0.359949
-0.15625  -0.265347
-0.125  -0.132492
0.03125  -0.355378
0.09375  -0.198498
-0.0625  -0.320891
0.09375  -0.358155
0  -0.263906
-0.15625  -0.43957
-0.15625  -0.352367
-0.1875  -0.303998
-0.21875  -0.274879
0.15625  -0.163684
-0.1875  -0.26318
-0.0625  -0.262329
0.15625  -0.248405
0.0625  -0.380076
-0.0625  -0.405476
-0.03125  -0.35
-0.1875  -0.471361
-0.15625  -0.612526
-0.1875  -0.253908
0.125  -0.213068
-0.03125  -0.228413
0.1875  -0.467007
0.15625  -0.111391
0.0625  -0.0237858
0.09375  -0.0351144
-0.0625  -0.249029
0  -0.286261
0.0625  -0.371727
0  -0.206133
0.0625  -0.301365
-0.09375  -0.160253
-0.0625  -0.321456
-0.125  -0.317813
-0.09375  -0.298601
0.03125  -0.261079
-0.09375  -0.110832
0.1875  -0.375304
0.0625  -0.243222
0.15625  -0.204071
-0.09375  -0.128639
-0.09375  -0.325665
0.25  0.116183
0.15625  -0.205371
0  -0.19785
-0.34375  -0.207178
0.125  -0.261566
0.28125  -0.483608
0.03125  -0.280386
0.09375  -0.19497
-0.09375  -0.249127
-0.09375  -0.361867
-0.25  -0.287167
0  -0.377117
0.03125  -0.215764
-0.15625  -0.130352
0  -0.371153
0.0625  -0.0860616
-0.15625  -0.18313
-0.09375  -0.205171
0.15625  -0.234882
0.34375  -0.38665
0.03125  -0.166137
-0.03125  -0.106014
-0.03125  -0.375143
0.15625  -0.485629
-0.09375  -0.226068
0.09375  -0.193859
0.0625  -0.268191
0.09375  -0.176603
0.09375  -0.40369
0  -0.328359
0.1875  -0.365002
-0.0625  -0.214221
0.125  -0.157756
0.15625  -0.134944
-0.125  -0.152321
-0.03125  -0.364014
-0.125  -0.274541
0.03125  -0.106293
-0.09375  -0.0669993
0.0625  -0.244401
0.125  -0.158404
0.0625  -0.409797
0.0625  -0.236401
-0.0625  -0.325385
0.125  -0.206759
0.09375  -0.369409
0.125  -0.28433
0.09375  -0.267027
0  -0.233935
0  -0.326334
-0.21875  -0.20523
-0.15625  -0.508789
0.03125  -0.077276
0.0625  -0.306914
0.03125  -0.452521
-0.0625  -0.129028
0.09375  -0.300468
-0.09375  -0.397917
-0.03125  -0.42399
-0.03125  -0.214242
0.15625  -0.437994
-0.1875  -0.27035
0.09375  -0.226975
0.15625  0.0411661
-0.21875  -0.113388
0.0625  -0.334291
-0.25  -0.373407
0.03125  -0.0496558
0  -0.132366
0.0625  -0.0892722
0.0625  -0.362242
0.15625  -0.178661
0.0625  -0.272899
0.0625  -0.131617
-0.34375  -0.141312
0.125  -0.303739
-0.09375  -0.178955
0.09375  -0.272393
-0.0625  -0.467611
0.15625  -0.466224
0.0625  -0.195307
0  -0.180479
0.125  -0.269868
-0.03125  -0.213555
0.125  -0.117316
0.09375  -0.369853
0.28125  -0.231187
0.09375  -0.242693
0.15625  -0.116262
-0.03125  -0.381469
0.09375  -0.154841
-0.0625  -0.361209
-0.125  -0.35948
-0.0625  -0.207399
0  0.000917668
0.03125  -0.286898
0.09375  -0.207989
0  0.056574
0.125  -0.109702
0.03125  -0.172063
0.15625  -0.103846
-0.0625  -0.302915
0  -0.356775
-0.0625  -0.178269
-0.1875  -0.420563
-0.1875  -0.387473
0.0625  -0.321622
-0.21875  -0.256916
-0.03125  -0.282433
0  -0.181824
0.03125  -0.379543
0.0625  -0.318265
0.0625  -0.396408
0  -0.138917
0.03125  -0.00896573
0.09375  -0.0532919
0  -0.291341
0.03125  -0.512395
0.0625  -0.0962375
-0.15625  -0.200314
0.3125  -0.407982
-0.15625  -0.00243878
0.03125  -0.199427
-0.21875  -0.318243
0.03125  -0.383466
-0.0625  -0.248774
0.1875  -0.282477
-0.21875  -0.498461
-0.03125  0.00880381
-0.125  -0.2444
0.125  -0.446364
-0.03125  -0.444184
0.0625  -0.0677483
-0.0625  -0.218334
-0.03125  -0.342045
-0.09375  -0.412401
0.34375  -0.229935
-0.09375  0.0326742
-0.28125  0.0766848
0.15625  -0.274644
0  -0.205781
-0.09375  -0.184606
0  -0.209378
0.15625  -0.184082
-0.21875  -0.250929
0  -0.358128
-0.09375  -0.341356
-0.03125  -0.358547
-0.09375  -0.167422
0.1875  -0.0494961
0.3125  -0.191009
-0.1875  -0.269246
0  -0.386822
0  -0.302472
0.09375  -0.584938
-0.125  -0.0749684
-0.0625  -0.156485
-0.21875  -0.0530723
0.03125  -0.419887
-0.21875  -0.245458
-0.09375  -0.582456
-0.125  -0.25579
0.1875  -0.371123
0.15625  -0.177614
0  -0.25143
-0.03125  -0.229615
-0.1875  -0.036014
0  -0.0554087
-0.0625  -0.162924
0.0625  -0.0654254
-0.125  -0.299895
-0.09375  -0.143048
0.125  -0.0821439
0.09375  -0.229714
-0.125  -0.288422
-0.1875  -0.455033
-0.15625  -0.278217
0.15625  -0.264375
0.09375  -0.426077
-0.0625  -0.240727
-0.25  -0.371355
0.15625  -0.376078
0  -0.50167
0  -0.262037
0.0625  -0.0662028
0  -0.150803
0.0625  -0.0177226
0.125  -0.189511
0.0625  -0.195543
0.09375  -0.277205
-0.1875  0.0722569
-0.15625  -0.18843
0.03125  -0.21457
0.03125  -0.300304
-0.0625  -0.322432
0.03125  -0.175821
-0.125  -0.383118
-0.03125  -0.366055
0.28125  -0.220553
0.03125  -0.151501
-0.125  -0.315297
-0.15625  -0.229123
0.1875  -0.165977
-0.0625  -0.295004
0.1875  -0.221855
-0.0625  -0.421483
0  -0.119092
-0.03125  -0.467649
-0.09375  -0.0503299
0.3125  -0.0921874
-0.03125  -0.267584
-0.1875  -0.197163
0.125  -0.264299
0.21875  -0.117248
0.09375  -0.48408
0.15625  -0.253725
-0.09375  -0.12014
-0.09375  -0.293986
-0.1875  -0.402443
-0.09375  -0.225557
0.0625  -0.406557
0.0625  -0.403863
0.03125  -0.155644
0.0625  -0.237878
0.125  -0.285624
0  -0.255419
-0.125  -0.37046
0.125  -0.39199
-0.0625  -0.295223
-0.03125  -0.205452
0.125  -0.0976462
0.09375  -0.17881
0.15625  -0.24361
0.03125  -0.390872
0.0625  -0.327831
0  0.0193927
0.125  -0.191948
0.21875  -0.0467777
0.0625  -0.266124
-0.03125  -0.0114807
-0.0625  -0.0584514
0.09375  -0.2382
-0.0625  -0.149624
0.15625  -0.375316
0.125  -0.273996
-0.03125  -0.16409
0.21875  0.0149097
0.03125  -0.420611
0.125  -0.204792
-0.0625  -0.438022
-0.03125  -0.515168
0  -0.314226
-0.09375  -0.305871
0.0625  -0.289359
0.375  -0.335469
0.09375  -0.287436
0.125  -0.339771
0.0625  -0.299817
0.09375  -0.234798
0.0625  -0.058996
0.125  -0.16581
0.15625  -0.301146
-0.0625  -0.40349
-0.03125  -0.326249
0.03125  -0.214201
-0.03125  -0.00548899
-0.03125  -0.336459
-0.03125  -0.0678554
0.09375  -0.240112
0.09375  -0.598495
0.03125  -0.476414
-0.1875  -0.141684
0.0625  -0.541441
-0.03125  -0.191989
0.09375  -0.450398
0  -0.384725
-0.09375  -0.122887
0.15625  -0.175769
-0.25  -0.229815
0.0625  -0.370933
0.125  -0.264783
-0.15625  -0.292975
-0.25  -0.337439
0.09375  -0.334683
0.15625  -0.245894
0.03125  -0.398555
0.0625  -0.256888
0.0625  -0.381929
0.0625  -0.266677
0  -0.16697
0.09375  -0.353026
-0.09375  -0.269357
0  -0.20764
0.1875  -0.113108
0.03125  -0.40932
-0.25  -0.173546
-0.1875  -0.191747
-0.0625  -0.212621
0.28125  -0.0762304
0.09375  -0.123621
0.0625  -0.346704
0.09375  -0.0992839
0.15625  -0.414351
0.03125  -0.334859
-0.03125  -0.185341
0.0625  -0.51104
0.03125  -0.255796
0.09375  -0.300507
0.0625  -0.137968
-0.15625  -0.0878578
-0.03125  -0.0809355
0.25  -0.263293
-0.0625  -0.274189
-0.03125  -0.489094
0.125  -0.590554
0.03125  -0.377583
-0.15625  -0.154762
-0.0625  -0.212882
-0.03125  -0.314585
0.125  -0.195648
-0.0625  -0.166168
-0.03125  -0.376398
0.0625  0.062297
-0.15625  -0.576434
0.3125  -0.324739
-0.1875  -0.207669
-0.03125  -0.319417
-0.15625  -0.189295
-0.375  -0.430754
0.03125  -0.294773
0.09375  -0.224313
0.1875  -0.16121
-0.125  -0.154549
0.21875  -0.112945
-0.03125  -0.249179
-0.03125  -0.264269
0.03125  -0.199987
0.0625  -0.259833
0.09375  -0.170337
0.03125  -0.279271
-0.15625  -0.296719
0  -0.337669
0.09375  -0.362995
0.09375  -0.15842
0.09375  -0.240964
-0.125  -0.146356
0.0625  -0.36117
0  -0.415242
-0.1875  -0.227433
-0.0625  -0.32262
0.03125  -0.432746
0.1875  -0.515597
0.0625  -0.452106
-0.21875  -0.380713
0  -0.0307736
-0.0625  0.0336855
0.3125  -0.231059
-0.25  -0.177868
0.03125  -0.147803
0.15625  -0.235886
0.28125  -0.185434
0.0625  -0.438847
0.03125  -0.164075
-0.09375  -0.490112
-0.1875  -0.279349
0.0625  -0.312637
0.125  -0.482954
0.1875  -0.168207
-0.15625  -0.27692
-0.03125  -0.356179
-0.09375  -0.424765
-0.03125  -0.402851
0.15625  -0.400429
0  -0.0674158
0.09375  -0.270247
-0.03125  -0.134653
-0.125  -0.330411
-0.09375  -0.361615
-0.1875  -0.511486
0.03125  -0.414605
-0.0625  -0.29552
-0.0625  -0.229526
0.03125  -0.308398
0.03125  -0.263934
0.03125  -0.333858
-0.25  -0.0161299
-0.125  -0.16073
-0.09375  -0.304339
0.125  -0.257526
-0.125  -0.19628
0  -0.463977
-0.0625  -0.203236
0  -0.129943
-0.21875  -0.245382
0.09375  -0.181315
0  -0.467641
-0.15625  -0.251218
0.125  -0.348041
0.125  -0.308496
0.15625  -0.348374
-0.03125  -0.060867
-0.125  -0.476738
0.21875  -0.18219
-0.09375  -0.186761
-0.21875  -0.303483
-0.21875  -0.102868
-0.25  -0.152046
-0.09375  -0.229496
0.21875  -0.166306
0.1875  -0.277328
0.03125  -0.152972
0.125  -0.18287
0.15625  -0.234209
0.125  -0.339642
-0.15625  -0.276239
0.25  -0.346641
-0.03125  -0.157506
-0.03125  -0.0719881
-0.09375  -0.249673
-0.0625  -0.364982
-0.03125  -0.418208
-0.03125  -0.267814
0.09375  -0.105647
-0.09375  0.00065474
0.125  -0.322076
0.15625  -0.32677
-0.09375  -0.387471
-0.0625  -0.0929908
0.1875  -0.268706
-0.03125  -0.213924
-0.0625  -0.243818
0.0625  -0.259617
-0.0625  -0.318688
0.03125  -0.236922
0.15625  -0.240013
-0.0625  -0.328157
-0.03125  -0.0200667
-0.21875  -0.236892
0.03125  -0.192371
0  -0.321816
-0.0625  -0.0827259
-0.09375  -0.376386
-0.1875  -0.287648
0.03125  -0.246648
0.125  -0.18726
0.09375  -0.277224
-0.15625  -0.237139
-0.03125  -0.312213
0.09375  -0.202335
-0.15625  -0.343465
0.0625  -0.2255
0  -0.121587
0.03125  -0.301013
-0.21875  -0.178033
0.125  -0.515726
-0.0625  -0.460757
-0.03125  -0.275838
-0.0625  -0.408625
0.03125  -0.0598974
0.0625  0.0589915
-0.03125  -0.302593
-0.0625  -0.179421
0  -0.124388
-0.0625  -0.270075
-0.0625  -0.108959
0.0625  -0.198206
0.09375  -0.311809
-0.125  -0.231523
0.1875  -0.33618
0.0625  -0.473208
-0.09375  -0.542765
-0.0625  -0.443473
-0.03125  -0.0810969
-0.03125  -0.0777284
0  -0.417534
-0.0625  -0.25703
0.03125  -0.389733
-0.0625  -0.351666
-0.125  -0.364615
-0.125  -0.242555
0.0625  -0.491569
0.03125  -0.0663921
-0.15625  -0.109624
-0.0625  -0.416949
-0.125  -0.12369
0.125  -0.12798
-0.09375  -0.444921
0  -0.0831294
0.03125  -0.261703
-0.0625  -0.0172719
-0.0625  -0.0363123
-0.0625  -0.342623
-0.0625  -0.193688
-0.15625  -0.201447
0.125  -0.303574
0.1875  -0.0449072
0.1875  -0.197364
0.09375  -0.366151
-0.21875  -0.214927
0.03125  -0.286633
0.09375  -0.208978
-0.03125  -0.0849208
-0.03125  -0.156603
0  -0.0880225
-0.25  -0.107642
-0.0625  -0.343104
0  0.0480972
-0.1875  0.0929392
0.03125  -0.0487367
0.03125  -0.419446
0.15625  -0.176551
-0.09375  -0.188142
0.0625  -0.551373
0.3125  -0.345493
0.03125  -0.320452
-0.09375  -0.228301
0.09375  -0.0241515
0  -0.00924036
-0.125  -0.175408
0.21875  -0.215565
0.15625  -0.124433
-0.03125  -0.0362726
-0.09375  -0.229698
0.25  -0.207261
-0.125  -0.287243
0.15625  -0.0660683
-0.125  -0.340046
0  -0.44233
0  -0.253782
0  -0.162264
0.15625  -0.298016
0.0625  -0.0884012
-0.0625  -0.179576
0.125  -0.105508
0.0625  -0.225491
-0.1875  -0.217342
-0.09375  -0.34118
0.0625  -0.0232188
-0.1875  -0.494014
-0.21875  -0.500809
0.1875  -0.220295
0.0625  -0.345602
0.09375  -0.477576
-0.21875  -0.106371
-0.03125  -0.224779
-0.03125  -0.30909
0.21875  -0.294263
0  -0.0567582
0.15625  -0.23801
0.21875  -0.407107
-0.25  -0.337957
0  0.0127855
-0.0625  -0.239484
0.03125  -0.377071
0.09375  -0.237817
-0.03125  -0.309296
0.15625  -0.490414
-0.0625  -0.278367
-0.03125  -0.129163
0.15625  -0.12257
-0.25  -0.42287
-0.15625  -0.185988
-0.125  -0.494923
-0.0625  -0.318578
0.125  -0.26887
0.03125  -0.157526
0.09375  -0.172761
0  -0.154862
0.15625  -0.266698
0.0625  -0.182557
0.0625  -0.141103
0.03125  -0.0873794
-0.21875  -0.27341
0.03125  -0.150356
0  -0.460234
0.1875  -0.265275
0.03125  -0.112981
-0.25  -0.123126
-0.03125  -0.275936
-0.15625  -0.501293
0.15625  -0.236931
0  -0.199188
0.15625  -0.243482
-0.0625  -0.388735
-0.28125  -0.397479
0.1875  -0.219579
-0.09375  -0.342493
-0.0625  -0.105507
0.125  -0.409873
-0.125  -0.341857
0  -0.304569
-0.21875  -0.467638
-0.09375  -0.378566
0.0625  -0.308921
-0.15625  -0.317694
0.03125  -0.315719
0.03125  -0.263731
-0.15625  -0.292875
-0.03125  -0.444867
-0.15625  0.0759779
0.15625  -0.338582
0.125  -0.0641522
-0.0625  -0.414996
-0.125  -0.254448
-0.1875  -0.280125
-0.0625  -0.194112
-0.15625  -0.263145
0  -0.307787
-0.03125  -0.153467
0.0625  -0.0289476
0.0625  -0.398273
-0.0625  -0.161413
0.0625  -0.040077
0.21875  -0.226363
0.28125  -0.254982
0.15625  -0.124877
-0.1875  -0.248758
-0.125  -0.274736
0.1875  -0.384358
-0.09375  -0.0592711
0  -0.522083
-0.03125  -0.119846
-0.15625  -0.124955
0  -0.318388
0.125  -0.114196
0  -0.26079
0.03125  -0.0707441
0.03125  -0.256808
-0.03125  -0.296442
0.03125  -0.12148
-0.03125  -0.213539
0.125  -0.209175
0.03125  -0.238843
0  -0.206901
-0.0625  -0.329383
0.125  -0.480159
-0.03125  -0.291718
-0.09375  -0.202935
-0.03125  -0.35207
-0.03125  -0.351772
0  -0.258424
-0.125  -0.240937
-0.125  -0.30655
0.21875  -0.386076
0  -0.299004
-0.03125  -0.0908652
0.0625  -0.139606
0.125  -0.236002
-0.03125  -0.276368
0.03125  -0.226929
-0.03125  -0.27563
-0.09375  -0.0879567
0  0.00270735
0.09375  -0.172207
-0.09375  -0.148265
-0.1875  -0.231684
0.03125  -0.171688
0.0625  -0.383519
0.25  -0.222031
0.125  -0.231772
0.09375  -0.248002
-0.125  -0.330797
0.125  -0.280064
-0.15625  -0.276565
0.09375  -0.343959
-0.21875  -0.324566
0.03125  -0.342895
0.3125  -0.366043
0.0625  -0.273067
0  -0.207019
0.1875  -0.546376
0.03125  -0.176113
-0.03125  -0.101446
-0.3125  -0.360311
0.15625  -0.413137
-0.0625  -0.30659
0.15625  -0.0397535
-0.34375  -0.143924
0.15625  -0.343656
0.25  -0.121167
0.03125  -0.183888
-0.03125  -0.188557
0.15625  -0.550273
-0.1875  -0.439458
0.15625  -0.386927
0.21875  -0.440394
0.15625  -0.221614
0.0625  -0.247206
0.03125  -0.190783
0.03125  -0.307243
-0.15625  -0.468219
-0.1875  -0.182576
-0.125  -0.301646
0.0625  -0.561306
-0.28125  -0.290953
0.125  -0.288524
0  -0.222974
0.03125  -0.483786
-0.15625  -0.262244
0.0625  -0.34505
0.0625  -0.0832481
-0.09375  -0.192532
-0.1875  -0.29943
-0.15625  -0.26456
0.03125  -0.269028
-0.15625  -0.299492
-0.0625  -0.0975089
-0.15625  -0.197264
0.0625  -0.491574
-0.09375  0.0269001
0.09375  -0.271674
0.0625  -0.516583
-0.3125  -0.112544
0.21875  -0.197848
0.09375  -0.353798
0  -0.256793
0.34375  -0.131285
0.28125  -0.271644
0.0625  -0.153085
0.03125  -0.315625
0.0625  -0.333226
0  -0.133521
-0.0625  -0.223316
0  -0.245156
-0.03125  -0.348458
0.09375  -0.35807
0.03125  -0.108971
-0.0625  -0.195915
0.21875  -0.378905
-0.15625  -0.3623
0  -0.489981
-0.125  -0.107354
0  -0.310319
-0.09375  -0.227949
-0.09375  -0.496489
-0.125  -0.19923
-0.09375  -0.400171
-0.03125  0.00633642
0.0625  0.116321
0.125  -0.289542
0  -0.388356
0  -0.361556
-0.28125  -0.31158
-0.0625  -0.490245
0.15625  -0.504781
0.09375  -0.25437
-0.0625  -0.0565021
0.0625  -0.229407
-0.03125  -0.113216
0  -0.372973
0.03125  -0.204181
0.0625  -0.287511
0.03125  -0.0878909
-0.0625  -0.255325
-0.125  -0.515517
0.03125  -0.32585
0.1875  -0.261064
-0.0625  -0.160105
0.15625  -0.240021
0  -0.189505
-0.09375  -0.272189
0.15625  -0.1959
-0.03125  -0.378985
0.0625  -0.0691041
0  -0.282282
-0.15625  -0.344725
0.1875  -0.190006
0.0625  -0.41303
0.09375  -0.215689
0.03125  -0.0333945
0.09375  -0.156142
-0.03125  -0.146264
-0.09375  -0.281599
0.03125  -0.398261
-0.03125  -0.373333
0.03125  -0.116761
-0.125  -0.414178
0  -0.168283
0.15625  -0.217471
0.3125  -0.20854
-0.09375  -0.298548
-0.09375  -0.407162
0.03125  -0.0807424
-0.03125  -0.251788
-0.03125  -0.563043
0.25  -0.208268
0.0625  -0.194701
0.03125  -0.318624
0.03125  -0.39725
-0.15625  -0.4298
0.0625  -0.285942
-0.15625  -0.364943
-0.03125  -0.112522
-0.03125  -0.326691
0.21875  -0.401327
0.1875  -0.117212
-0.15625  0.0511616
-0.03125  -0.448127
-0.03125  -0.299475
0.125  -0.264942
-0.34375  -0.256718
-0.25  -0.182336
-0.0625  -0.0458364
-0.09375  -0.281156
0.0625  -0.100449
-0.125  -0.313069
-0.21875  -0.300429
0.15625  -0.29063
-0.03125  -0.287139
-0.09375  -0.281928
-0.125  -0.0127836
0.03125  -0.418185
-0.03125  -0.248575
-0.0625  -0.0362762
0.125  -0.272681
0.0625  -0.0978293
-0.0625  -0.14214
0.03125  -0.195906
0.0625  -0.461822
-0.03125  -0.518234
-0.03125  -0.258135
-0.15625  -0.12959
-0.0625  -0.0285503
-0.03125  -0.203217
-0.125  -0.257529
0.09375  -0.351456
-0.09375  -0.382355
0  -0.333825
-0.09375  -0.36134
-0.15625  -0.28646
-0.21875  -0.478146
-0.0625  -0.271977
0.03125  -0.313941
0  -0.559793
-0.0625  -0.369264
-0.0625  -0.324836
-0.1875  -0.145058
0.125  -0.438361
0.1875  -0.127282
0.125  -0.438164
0  0.0214057
0  -0.341052
0.09375  -0.211812
0.0625  -0.2332
-0.03125  -0.17736
-0.15625  -0.101328
0.03125  -0.435509
-0.0625  -0.127425
-0.09375  -0.235294
0.03125  -0.300697
-0.0625  -0.505758
0.09375  -0.312783
0.15625  -0.0242462
-0.09375  -0.265765
-0.1875  -0.398755
-0.09375  -0.580937
-0.28125  -0.331816
0.28125  -0.22128
0.21875  -0.14238
-0.3125  -0.252105
0.09375  0.0469262
-0.03125  -0.292219
0.09375  -0.263685
-0.125  -0.283627
-0.0625  -0.0794478
-0.125  -0.34073
0  -0.205503
0.15625  -0.128653
-0.0625  -0.491841
0.0625  -0.595485
0.0625  -0.667115
0.125  -0.0968885
-0.15625  -0.424721
-0.09375  -0.18765
-0.09375  -0.114848
-0.15625  -0.410728
0.09375  -0.423436
-0.09375  -0.340217
0  -0.0734416
-0.15625  -0.334487
0.15625  -0.337559
0.125  -0.205358
0  -0.31349
-0.125  -0.409288
0.09375  -0.286216
-0.09375  -0.0613673
0.09375  -0.263355
0  -0.167748
0.09375  -0.0793561
0.1875  0.0111115
0.125  -0.412866
0.125  -0.632425
0.09375  -0.322265
-0.0625  -0.427769
-0.0625  -0.222427
0.15625  -0.250913
-0.09375  -0.280785
-0.03125  -0.403513
0  -0.152454
0  -0.285584
-0.21875  -0.406955
0.09375  -0.430522
0.03125  -0.0565063
0.03125  -0.385034
0.09375  -0.241394
-0.09375  -0.0364539
0.0625  -0.521253
-0.09375  -0.501421
0.0625  -0.394008
-0.0625  -0.317717
0.03125  -0.397445
-0.09375  -0.277972
-0.03125  -0.260958
0  -0.232514
0  -0.202487
0.09375  -0.20274
-0.03125  -0.373124
0.125  -0.105579
0.0625  -0.144497
0.09375  -0.143518
-0.03125  -0.344985
-0.0625  -0.444237
0.15625  -0.434538
-0.125  -0.439295
0.15625  -0.168957
0  -0.13544
-0.03125  -0.0800522
0.1875  -0.276466
0.125  -0.340232
-0.21875  -0.345256
0  -0.232259
0.09375  -0.096418
0.09375  -0.52321
0.125  -0.267275
0.3125  -0.386535
0.09375  -0.39472
-0.0625  -0.347649
-0.1875  0.0269805
0.03125  -0.330876
-0.09375  -0.269692
0.15625  -0.192564
0.09375  -0.534082
0  -0.318957
0  -0.205296
0.03125  -0.188976
-0.125  -0.220749
-0.03125  -0.0632175
0.0625  -0.309673
-0.0625  -0.215883
-0.03125  -0.400049
0.0625  -0.42808
-0.03125  -0.293332
-0.1875  -0.339742
0.09375  -0.235704
-0.03125  -0.333768
-0.03125  -0.346562
-0.09375  -0.309003
0  -0.274915
0  -0.356345
0.09375  -0.374376
0  -0.271435
0  -0.154114
0.0625  -0.199213
-0.0625  -0.506914
0.1875  -0.352524
0.125  -0.14834
-0.09375  -0.192667
0.25  -0.190563
0.03125  -0.00817209
-0.0625  -0.21728
0.03125  -0.379251
0.0625  -0.162302
0.15625  -0.19572
0.09375  -0.332234
0.1875  -0.176207
-0.34375  -0.102024
0  0.00537589
0.09375  -0.258881
0.15625  -0.389659
0.125  -0.343388
0.125  -0.197365
-0.15625  -0.25494
-0.0625  -0.395233
0  -0.251962
-0.03125  -0.34473
0.21875  -0.324052
-0.125  0.0522367
-0.0625  -0.246967
0.125  -0.177602
0.03125  -0.410451
-0.1875  -0.23313
-0.125  -0.13506
0.03125  -0.435016
-0.15625  -0.245001
0.09375  -0.0323835
0.09375  -0.209648
-0.125  -0.305517
-0.125  -0.181139
0.25  -0.254131
0.125  -0.292983
0.09375  -0.151573
0.03125  -0.267429
-0.09375  -0.215207
-0.09375  -0.260206
0.0625  -0.0726956
-0.0625  -0.192883
0.03125  -0.26728
-0.125  -0.446616
0.21875  -0.424702
0.09375  -0.0655424
0.09375  -0.374586
-0.21875  -0.316081
-0.1875  -0.35733
-0.03125  -0.120405
-0.28125  -0.211122
0.21875  -0.266448
0.125  -0.207024
-0.0625  -0.263086
-0.0625  -0.448479
-0.1875  -0.325115
0.15625  -0.154171
0.03125  -0.305742
-0.3125  -0.168051
0.0625  -0.13912
-0.1875  -0.138012
-0.0625  0.0521291
-0.03125  -0.365747
-0.0625  -0.161707
-0.0625  -0.0853469
-0.15625  -0.145136
0.15625  -0.0842607
0  -0.37046
-0.125  -0.466141
0.15625  -0.249138
0  -0.0826911
0.1875  -0.318334
0  -0.408993
-0.25  -0.229251
0.125  -0.280623
-0.0625  -0.458358
-0.0625  -0.397718
-0.09375  -0.34871
0.09375  -0.214183
0.03125  -0.258221
-0.09375  -0.337735
0  -0.26449
-0.03125  -0.200611
0.21875  -0.426201
0.09375  -0.568767
0.03125  -0.436815
0.03125  -0.403707
0.03125  -0.470959
0.1875  -0.273855
-0.03125  -0.392347
0  -0.0760204
0.09375  -0.377989
-0.09375  -0.294411
0  -0.251951
-0.0625  -0.364067
0.03125  -0.235705
0.1875  -0.1338
0.0625  -0.196729
0.09375  -0.275252
0.125  -0.243657
0.25  -0.27719
0.09375  -0.107015
-0.1875  -0.197075
0.0625  -0.262206
-0.0625  -0.130058
0  -0.235299
0.15625  -0.334586
0.03125  -0.390184
0.15625  -0.29069
-0.09375  -0.303843
0.03125  -0.350251
0  -0.280764
0  -0.249309
-0.125  -0.354127
0.125  -0.253781
-0.0625  -0.283478
0.09375  -0.360483
0.03125  -0.191281
0  -0.217616
0.125  0.0465403
0.09375  -0.54085
-0.09375  -0.2674
-0.03125  -0.287228
0.09375  -0.280132
0.03125  -0.224726
-0.09375  -0.359367
-0.125  -0.441983
0.03125  -0.0391616
0.125  -0.30856
0.03125  -0.0173024
0.21875  -0.33156
0.125  -0.103364
0.28125  -0.0794312
0.28125  -0.427122
0  -0.235382
0.15625  -0.222057
-0.3125  -0.303243
-0.09375  -0.163031
0.09375  -0.177986
0.15625  -0.0705407
0.03125  -0.154142
0.09375  -0.311865
0.15625  -0.0967706
0.03125  -0.0138801
0.15625  -0.162817
0.125  -0.186682
-0.0625  -0.34786
-0.15625  -0.0554349
0  -0.425934
0  -0.119368
-0.0625  -0.223076
-0.125  -0.110652
0.09375  -0.243956
0.0625  -0.328817
-0.28125  -0.407294
-0.28125  -0.0731681
0.03125  -0.28327
0.03125  -0.267593
-0.15625  -0.210355
0  -0.188915
0  -0.288396
-0.3125  -0.414492
0.0625  -0.178387
-0.1875  -0.297914
-0.03125  -0.357568
-0.125  -0.11285
-0.09375  -0.227489
0.0625  -0.330004
0.1875  -0.070478
-0.09375  -0.343732
0.0625  -0.462664
-0.03125  -0.143346
0.21875  -0.33284
-0.0625  -0.151543
0.0625  -0.255639
-0.0625  0.059908
-0.03125  -0.0519721
0  -0.133936
-0.0625  -0.245976
0.15625  -0.460386
0  -0.0911005
-0.21875  -0.108535
0.09375  -0.144603
0.1875  -0.10751
0.03125  -0.199906
0.09375  -0.350637
0.0625  -0.286178
-0.0625  -0.137212
-0.0625  -0.301486
-0.25  -0.432553
-0.09375  -0.0581467
-0.21875  -0.277115
0.09375  -0.417774
-0.15625  -0.0157779
0.21875  -0.356417
0.125  -0.0725807
0.0625  -0.416731
0.125  -0.183059
-0.1875  -0.297816
0  -0.258589
0.0625  -0.357762
0.125  -0.247765
-0.3125  -0.12125
-0.0625  0.0254702
0.0625  -0.239107
-0.03125  -0.20342
0.125  -0.232213
-0.1875  -0.151997
-0.09375  -0.389151
-0.09375  -0.211124
0  -0.304271
0.15625  -0.377949
0.03125  -0.344274
0.0625  -0.128455
0  -0.25173
0.0625  -0.142502
0.0625  -0.0282786
-0.03125  -0.336789
-0.125  -0.243238
0.0625  -0.265532
0.03125  -0.31756
0.375  -0.150715
0.125  -0.0597912
0.0625  -0.238039
-0.125  -0.39925
-0.1875  -0.143692
0.03125  -0.298932
-0.28125  -0.0833655
-0.15625  -0.294301
0.03125  -0.366349
0.03125  -0.161511
0.09375  -0.105568
-0.125  -0.274181
0  -0.162654
0.0625  -0.239705
0.15625  0.0122256
0.0625  -0.0626947
0.0625  -0.309511
0.0625  -0.19501
-0.125  -0.302186
0.03125  -0.121581
-0.0625  -0.310604
0.09375  -0.476427
0.125  -0.12934
0.09375  -0.161507
-0.03125  -0.231955
0.03125  -0.317639
-0.0625  -0.340758
0.1875  -0.239607
-0.15625  -0.281352
-0.21875  -0.339806
0  -0.300425
0.09375  -0.0565449
0.09375  -0.431762
0.09375  -0.361577
-0.03125  -0.236551
0.40625  -0.420204
-0.03125  -0.377826
-0.03125  -0.282262
0  -0.238094
0.25  -0.329376
0.0625  -0.40233
0.1875  -0.0835395
0.15625  -0.273479
-0.1875  -0.168289
0.03125  -0.341218
0.03125  -0.262134
0.03125  -0.163174
-0.21875  -0.0810417
-0.1875  -0.0252868
0  -0.0354388
0  -0.110597
-0.0625  -0.447443
0  -0.230758
0.125  -0.291683
-0.15625  -0.392453
-0.0625  -0.411076
0.09375  -0.337705
-0.15625  -0.444171
0.15625  -0.383818
-0.125  -0.323194
0  -0.333413
0.0625  -0.415682
-0.03125  -0.070201
0.15625  -0.172211
0.0625  -0.321953
0  -0.248174
0.125  -0.307112
-0.09375  -0.259092
0.125  -0.256857
-0.03125  -0.523158
0.09375  -0.177217
-0.09375  -0.367188
-0.03125  -0.249733
0.09375  0.0166432
-0.09375  -0.162147
0  -0.275987
-0.21875  -0.512962
-0.0625  -0.236278
0.125  -0.174094
0.125  -0.315194
-0.0625  -0.296576
-0.03125  -0.372783
0  -0.385607
-0.125  -0.219307
0.125  -0.126754
-0.125  -0.217248
0.125  0.00545241
0.0625  -0.350743
-0.09375  -0.341339
-0.03125  -0.473285
0.0625  0.0435079
0.03125  -0.217271
-0.0625  0.0213198
0.3125  -0.218062
-0.0625  -0.429452
0.09375  -0.532973
0.09375  -0.366368
0.125  -0.0156961
-0.28125  -0.173324
-0.09375  -0.346921
0.25  -0.364468
0.03125  0.110305
-0.09375  -0.365246
-0.03125  -0.371379
0.0625  -0.28264
0.1875  -0.373802
-0.0625  -0.213087
-0.03125  -0.344224
0.0625  -0.338864
-0.25  -0.117798
-0.15625  -0.059852
0.1875  -0.166949
-0.03125  -0.282061
0.125  -0.0806386
0.03125  -0.288041
-0.03125  -0.131455
0  -0.430234
0.0625  -0.23525
-0.1875  -0.0793338
-0.125  -0.311821
0.03125  -0.0983371
0.09375  -0.272303
-0.03125  -0.398744
0.125  -0.214752
-0.09375  -0.374219
0.03125  -0.214825
-0.09375  -0.0264924
0.125  -0.229206
-0.03125  -0.294807
0.09375  -0.240373
-0.09375  -0.446321
0.03125  -0.134112
-0.03125  0.00671743
-0.125  -0.150226
-0.125  -0.577554
0.03125  -0.0286787
-0.03125  -0.135938
0.15625  -0.394775
-0.25  -0.174529
0  -0.53705
0.25  -0.261065
-0.03125  -0.201695
-0.09375  -0.33208
-0.03125  -0.174449
-0.21875  -0.181085
0.125  -0.162946
0.0625  -0.304982
0  -0.317236
0.1875  -0.15733
-0.03125  -0.135021
-0.0625  -0.283232
0.15625  -0.203653
0.03125  -0.319861
-0.03125  -0.241476
0.21875  -0.279207
-0.125  -0.316958
-0.1875  -0.422567
-0.25  -0.289784
0  -0.266682
0.0625  -0.344028
0.125  -0.224135
-0.0625  -0.393397
0.3125  -0.16133
0.0625  -0.239251
-0.0625  0.0633411
0.09375  -0.264141
-0.0625  -0.385893
0.03125  -0.275876
0.21875  -0.417436
0  -0.444185
0.15625  -0.338029
0.15625  -0.156544
-0.03125  -0.0319762
0  -0.345095
0.21875  -0.460871
0.3125  0.0513023
0.09375  -0.268176
-0.15625  -0.371694
0.03125  -0.22789
0.15625  -0.226049
0.09375  -0.37919
0  -0.4635
0  -0.0973636
-0.3125  -0.0804403
0  -0.0743885
0.09375  -0.396601
0.125  -0.26375
-0.1875  -0.276009
0.0625  -0.0914974
-0.21875  -0.263717
-0.28125  -0.399596
-0.15625  -0.214629
-0.03125  -0.253905
-0.03125  -0.347814
0.25  -0.279351
-0.25  -0.0541996
0.09375  -0.219653
-0.09375  -0.241367
-0.03125  -0.43891
-0.125  -0.374673
0.0625  -0.236693
0.21875  -0.211893
-0.25  -0.202768
0.125  -0.381058
0.125  0.0376475
-0.0625  -0.00920895
-0.0625  -0.216761
-0.125  -0.140696
-0.09375  -0.341576
0.03125  -0.300408
0  -0.347991
-0.21875  -0.408863
0.125  -0.271351
0.03125  -0.363294
-0.09375  -0.10668
0.09375  -0.331742
-0.03125  -0.126478
0.0625  -0.112521
0.1875  -0.335072
-0.28125  -0.193128
0  -0.216072
0.03125  -0.445064
-0.1875  -0.345627
0.0625  -0.111776
0.21875  -0.36786
-0.125  0.010886
-0.125  -0.0850423
-0.15625  -0.247376
-0.09375  -0.319714
-0.15625  -0.357217
-0.03125  -0.207955
0  -0.176363
0.03125  -0.254837
-0.15625  -0.168775
-0.03125  -0.0918967
-0.1875  -0.0237344
-0.09375  -0.377846
0  -0.402429
0.15625  -0.195243
-0.09375  -0.571784
-0.28125  -0.102109
-0.09375  -0.475074
-0.09375  -0.349456
0.03125  -0.215411
0.0625  -0.361427
0.03125  -0.268451
-0.09375  -0.149506
-0.03125  -0.475811
-0.0625  -0.106971
-0.1875  -0.190609
-0.15625  -0.366388
0  -0.365548
0.0625  -0.334164
0  -0.219674
0.125  -0.140552
0.09375  0.0384869
-0.3125  -0.201722
0.09375  -0.454627
-0.15625  -0.355332
0.125  -0.319173
0  -0.103356
0.03125  -0.426622
0.09375  -0.241175
-0.03125  -0.170652
0.03125  -0.420155
0.0625  -0.273871
0.09375  -0.10492
-0.0625  -0.18474
-0.03125  -0.0926363
-0.1875  -0.0640535
0  -0.303527
0.03125  -0.118239
0.0625  -0.222582
-0.125  -0.31298
0.03125  -0.32135
0.09375  -0.47277
0.03125  -0.283799
-0.03125  -0.218107
-0.0625  -0.0667259
0.09375  -0.0249851
-0.3125  -0.0903664
-0.1875  -0.322467
0  -0.422051
0.03125  -0.274687
0.1875  -0.448547
0.03125  -0.409834
0.09375  -0.333865
0.03125  -0.251254
0.0625  -0.263725
-0.03125  -0.0284289
-0.03125  -0.193899
0.125  -0.308861
0  -0.476289
0.1875  -0.351812
0.15625  -0.186596
0  -0.0411095
-0.28125  -0.260623
0.03125  -0.161114
0.15625  -0.258507
0.15625  -0.209792
-0.0625  -0.262893
0  -0.45712
-0.09375  -0.0837759
-0.15625  -0.069465
0.0625  -0.42165
-0.21875  -0.274891
0.0625  -0.224548
0.25  -0.355114
-0.125  -0.228456
0.125  -0.229162
-0.0625  -0.347497
-0.15625  -0.312916
-0.0625  -0.31742
0  -0.147413
0.15625  -0.0408257
0.09375  -0.25862
0.1875  -0.290188
0.03125  -0.201249
-0.09375  -0.424593
-0.0625  -0.202207
0.28125  -0.577354
0  -0.381051
0.28125  -0.215035
0  -0.100149
-0.125  -0.0475725
0.125  -0.241768
0  -0.672076
0.125  -0.207825
-0.03125  -0.435194
-0.25  -0.279454
-0.1875  -0.321625
0  -0.355917
0.09375  -0.0988782
-0.0625  -0.284651
-0.1875  -0.166426
0.125  -0.314864
-0.03125  -0.255828
0.03125  -0.154808
-0.09375  -0.118894
-0.125  0.0249708
0.03125  -0.25643
-0.15625  -0.283427
0.0625  -0.211248
-0.09375  -0.39328
-0.125  -0.433904
0  -0.341409
-0.09375  -0.228235
-0.0625  -0.198919
-0.125  -0.299108
-0.0625  -0.00550278
0.0625  -0.325777
-0.15625  -0.0663537
0.125  -0.264306
-0.125  -0.107713
0  -0.274518
0.25  -0.465251
0.21875  -0.314107
-0.03125  -0.22193
0.0625  -0.233195
0  -0.26525
0.03125  -0.660601
0.125  -0.0710493
-0.125  -0.197597
-0.09375  -0.331477
0.15625  -0.19538
0.125  -0.306959
-0.0625  -0.346798
-0.03125  -0.290312
0  -0.127952
-0.0625  -0.111878
0.125  -0.12965
-0.125  -0.231518
-0.0625  -0.259104
0.28125  -0.128109
0.09375  -0.305362
0.125  -0.107629
-0.0625  -0.424682
-0.03125  -0.154925
0  -0.213665
0.03125  -0.5509
-0.0625  -0.17196
-0.09375  -0.0369265
-0.03125  -0.204383
0.25  -0.386717
-0.03125  -0.242114
0  0.0023105
0  -0.210487
-0.09375  -0.293537
0.15625  -0.233502
0.09375  -0.290245
0  -0.394325
0.0625  -0.302864
-0.21875  -0.305894
0.0625  -0.270001
0.15625  -0.401018
-0.09375  -0.361596
0  -0.299498
0.0625  -0.216801
0.0625  -0.240198
0.125  -0.248155
-0.28125  -0.228362
-0.09375  -0.236452
0.15625  -0.279289
-0.03125  -0.324984
0.15625  -0.189217
0  -0.250332
-0.1875  -0.253291
-0.0625  -0.268147
0.03125  -0.297051
0.03125  -0.0883006
0.03125  -0.375531
-0.09375  -0.387941
0.0625  -0.294381
-0.125  -0.328831
0.03125  -0.298474
-0.03125  -0.134861
-0.125  -0.18348
-0.03125  -0.259905
0.09375  -0.468846
-0.0625  -0.0517073
-0.21875  -0.376647
-0.1875  -0.585412
-0.03125  -0.251807
0.125  -0.0979649
0.09375  -0.0452346
-0.125  -0.174783
0.1875  -0.313796
0.09375  -0.265616
0.09375  -0.193469
-0.34375  -0.326101
0.21875  -0.430196
-0.15625  -0.0596652
-0.03125  -0.170103
-0.03125  -0.309582
0.125  -0.261184
0  -0.403524
-0.09375  -0.244878
0.0625  -0.288284
0.03125  -0.350077
-0.15625  -0.26529
-0.1875  -0.443211
-0.03125  -0.317645
-0.03125  -0.0826176
0.09375  -0.165158
-0.21875  -0.303597
0  -0.257706
0.03125  -0.326207
-0.0625  -0.171269
-0.0625  -0.277633
0.09375  -0.299695
0  -0.0895881
0.03125  -0.263399
-0.21875  -0.231922
-0.0625  -0.298683
-0.09375  -0.353837
0.28125  -0.53809
0.25  -0.244685
0.125  -0.192317
-0.125  -0.285213
-0.21875  -0.314883
0  -0.436526
0.0625  -0.483755
-0.09375  -0.370174
0.21875  -0.424754
-0.125  -0.255187
0.3125  0.00868985
0.21875  -0.316075
0.125  -0.390214
-0.09375  -0.285225
-0.0625  -0.435117
0.03125  -0.306946
0  -0.471472
-0.28125  -0.224595
0.0625  -0.233332
-0.0625  -0.0743024
-0.09375  -0.269715
-0.15625  -0.211321
0  -0.237694
-0.09375  -0.268366
-0.0625  -0.438277
0  -0.377095
0.15625  -0.102433
0.15625  -0.18715
0.1875  -0.519652
0.0625  -0.268042
-0.09375  -0.358978
0  -0.283744
0  -0.210844
0.09375  -0.376689
-0.03125  0.033277
0.0625  -0.187482
0.21875  -0.243053
0.15625  -0.19772
0  -0.452148
-0.0625  -0.241586
0  -0.192912
0.21875  -0.333147
0.4375  -0.259272
0.03125  -0.168713
-0.09375  -0.124226
0.15625  -0.293866
0.40625  -0.18454
0  -0.347104
0.3125  -0.242137
0.125  -0.157682
-0.09375  -0.210838
0.21875  -0.224477
0.0625  -0.0899179
0.03125  -0.115484
-0.0625  -0.277216
-0.15625  -0.26053
-0.0625  -0.267925
-0.09375  -0.138921
-0.125  -0.393266
-0.09375  -0.352822
-0.03125  -0.306697
0.09375  -0.167304
0.3125  -0.0929673
-0.0625  -0.236678
0  -0.336859
0.0625  -0.111913
0.25  -0.22571
0.125  -0.151251
0.09375  -0.245428
-0.15625  -0.311385
-0.15625  -0.208078
0  -0.224212
0  0.0448723
-0.0625  -0.218192
0.125  -0.338773
0.1875  -0.156708
-0.03125  -0.156105
0  -0.401803
-0.1875  -0.192057
0  -0.0320515
-0.15625  -0.365944
-0.25  -0.500503
0.0625  -0.0430808
0.0625  -0.0411967
0  -0.497735
0.0625  -0.240699
0.1875  -0.154569
-0.09375  -0.172705
0.15625  -0.17265
0.125  -0.297665
0.1875  -0.294093
-0.125  -0.194223
0.25  -0.0103202
0.15625  -0.307391
-0.21875  -0.313442
-0.0625  -0.167511
0.0625  -0.0909992
0.0625  -0.279692
-0.0625  -0.314639
0.0625  -0.134508
0.0625  -0.277501
-0.09375  -0.302226
-0.0625  -0.395308
-0.09375  -0.359374
-0.28125  -0.139336
0.25  -0.131401
0  -0.17038
0.09375  -0.341996
0.0625  -0.35208
0.09375  -0.280342
-0.03125  -0.0688579
-0.09375  -0.214345
-0.09375  -0.054927
0  -0.38303
0.15625  -0.227869
-0.125  -0.528527
0.28125  -0.436163
-0.03125  -0.174699
0  -0.329614
0.125  -0.241769
0.09375  -0.326681
0.03125  -0.284357
-0.03125  -0.203491
-0.0625  -0.447168
-0.1875  -0.169571
-0.03125  -0.27927
-0.0625  0.0170395
0.03125  -0.218056
0.09375  0.0366247
0.09375  -0.282375
-0.03125  -0.315788
0.09375  -0.362642
-0.1875  -0.335998
0.0625  -0.194044
0.09375  -0.260567
0.25  -0.217866
0  -0.417201
0.03125  -0.393764
-0.03125  -0.431065
0  -0.236781
0.09375  -0.183174
0.0625  -0.0254351
-0.125  -0.368906
0.09375  -0.376861
0.03125  -0.372288
-0.03125  0.0767063
-0.03125  -0.297601
-0.0625  -0.0482498
0.09375  -0.147034
-0.1875  -0.394695
-0.3125  -0.367301
0.25  -0.297335
0  -0.401078
0.0625  -0.175906
-0.15625  -0.26717
-0.03125  -0.0977919
0.25  -0.17528
0.03125  -0.391634
-0.03125  -0.447378
0.125  -0.465586
-0.1875  -0.218176
0.21875  -0.273018
-0.125  -0.201889
0.125  -0.36673
-0.09375  -0.124655
-0.1875  -0.419984
-0.125  -0.18275
-0.09375  -0.079472
-0.0625  0.0197739
0.125  -0.199545
-0.125  -0.24783
0.0625  -0.360393
0.09375  -0.370885
-0.0625  -0.221915
0.125  -0.24536
0.21875  -0.0869006
0.03125  -0.172039
0.09375  -0.302262
0.34375  0.079019
0.125  -0.344046
-0.15625  -0.136387
0.1875  -0.331007
0.1875  -0.200957
0.25  -0.151955
0.15625  -0.192061
-0.03125  -0.0479575
0.03125  -0.219317
0  -0.253498
0  -0.362817
-0.21875  -0.608476
-0.03125  -0.270868
-0.03125  -0.284891
0.0625  -0.212225
-0.09375  -0.281956
-0.0625  -0.41663
-0.03125  -0.213123
-0.09375  -0.29928
0.28125  -0.242311
0.125  0.00298591
0.09375  -0.469326
-0.09375  -0.3479
-0.125  0.0310569
0.03125  -0.469497
-0.1875  -0.45513
0.15625  -0.253395
-0.1875  -0.116004
-0.0625  -0.271943
0  -0.109927
-0.1875  -0.189046
0.1875  -0.466406
-0.0625  -0.379541
0.0625  -0.0596754
-0.09375  -0.279245
0.125  -0.577445
0.125  0.0194165
0.03125  -0.248535
0.09375  -0.352823
0.0625  -0.0149717
-0.0625  -0.240938
-0.03125  -0.456512
0.0625  -0.247229
0.125  -0.0837566
0.03125  -0.301918
0  -0.0497933
-0.1875  -0.165977
0.03125  -0.444301
-0.09375  -0.184278
0.125  -0.375389
-0.15625  -0.0121885
0.0625  -0.392318
-0.28125  -0.463701
-0.0625  -0.215685
0.25  -0.176223
0.3125  -0.147171
0.25  -0.261609
0.09375  -0.197072
-0.1875  -0.423892
0  -0.293039
-0.0625  -0.321418
0  -0.350157
0.09375  -0.107433
0.15625  -0.280311
0.1875  -0.425894
0.15625  -0.216807
0.0625  -0.2006
0.03125  0.00571726
0  -0.434658
-0.0625  -0.132419
0.09375  -0.255013
0.03125  -0.40199
-0.03125  -0.461889
-0.125  -0.15385
0.3125  -0.404905
0  -0.0950418
-0.125  -0.52226
0.1875  -0.356298
0.03125  -0.415192
-0.1875  -0.200554
0.0625  -0.300605
-0.0625  -0.398097
0  -0.254493
0.28125  -0.279858
0.09375  -0.308459
0  -0.262003
-0.0625  -0.300447
0  -0.453471
-0.1875  -0.379539
0.1875  -0.143061
-0.15625  -0.399038
0.125  -0.169118
-0.125  0.00853429
-0.1875  0.0191104
0.125  -0.31213
-0.1875  -0.346383
-0.03125  -0.359136
-0.125  -0.151249
0.1875  -0.213286
0.0625  -0.35882
0.03125  -0.0495812
0.1875  -0.375867
0.125  -0.226951
0  -0.484221
-0.03125  -0.304374
0.21875  -0.213314
-0.3125  -0.232792
0.1875  -0.337042
-0.0625  -0.236789
0.15625  -0.315301
0  -0.318219
0.0625  -0.120357
-0.03125  -0.411039
0.0625  -0.24564
-0.125  -0.224347
-0.03125  -0.0481941
0.03125  -0.416971
0.0625  -0.434678
-0.125  -0.328565
-0.1875  -0.293325
0.03125  -0.322778
-0.03125  -0.145461
-0.03125  -0.0866815
-0.1875  -0.140911
-0.1875  -0.42073
-0.15625  -0.159467
-0.1875  -0.299833
0.03125  -0.205864
-0.15625  -0.367481
-0.03125  -0.188293
-0.125  -0.254335
0  -0.315606
-0.125  -0.143762
-0.15625  -0.0870447
-0.0625  -0.265732
-0.15625  -0.249818
0.125  -0.116264
0.0625  -0.33529
0  -0.269741
-0.03125  -0.424364
0.03125  -0.519456
0.0625  -0.508293
0.09375  -0.392584
-0.1875  -0.458899
-0.15625  -0.184952
0  -0.0802641
-0.28125  -0.200054
0.09375  -0.0954425
0.125  -0.202575
-0.0625  -0.208008
-0.03125  -0.308558
0.09375  -0.2278
-0.03125  -0.393956
0.03125  -0.506441
-0.09375  -0.117238
0.0625  -0.0905509
0.09375  -0.113292
0.09375  -0.119935
-0.09375  -0.0595538
0  -0.117885
0.125  -0.361057
-0.125  -0.16205
0.03125  -0.23151
-0.09375  -0.219669
0.125  -0.13995
-0.03125  -0.0737096
-0.03125  -0.40773
0.25  -0.2618
0.15625  -0.576127
-0.09375  -0.265002
0.09375  -0.112469
0.0625  -0.101062
0.125  -0.534227
0.28125  -0.3774
0.125  -0.152585
0.09375  -0.449791
0  -0.207364
-0.28125  -0.288696
0.28125  -0.375311
-0.09375  -0.258418
0.09375  -0.314635
0.09375  -0.366111
-0.03125  -0.10457
0.125  -0.208493
0.0625  -0.184524
0.0625  -0.392043
0.03125  -0.346557
0.03125  -0.237058
0.03125  -0.497323
-0.09375  -0.213246
-0.15625  -0.167076
0.03125  -0.265723
-0.0625  -0.344979
-0.0625  -0.419496
0.03125  -0.0469869
0.0625  -0.269196
0  -0.382122
-0.03125  -0.24817
-0.09375  -0.47676
0.21875  -0.379808
-0.3125  -0.342952
-0.1875  -0.0860679
-0.125  -0.319958
0  -0.316075
-0.21875  -0.314988
-0.03125  -0.212656
-0.15625  -0.278108
-0.1875  -0.292855
-0.03125  -0.308528
0.03125  -0.0544947
-0.0625  -0.277739
0.125  -0.437866
-0.15625  -0.00488033
-0.125  -0.411887
0  -0.333735
-0.1875  -0.126475
-0.09375  -0.394806
-0.125  -0.249302
-0.0625  -0.263784
-0.09375  -0.300245
0.09375  -0.250172
0.0625  -0.314202
0.15625  -0.138045
0  -0.161697
-0.15625  -0.294115
-0.03125  -0.0993319
-0.21875  -0.116564
-0.28125  -0.329276
-0.0625  -0.259367
-0.0625  -0.162876
-0.15625  -0.230201
-0.03125  -0.0422693
-0.03125  -0.273548
0.1875  -0.321854
-0.09375  -0.0966056
0.09375  -0.0706188
-0.1875  -0.299608
-0.09375  -0.207724
0.09375  -0.147428
-0.21875  -0.37175
-0.03125  -0.26559
0  -0.241681
0.09375  -0.31741
0.125  -0.362607
0.03125  -0.192577
-0.0625  -0.255197
0.25  -0.462776
-0.28125  -0.062156
-0.0625  -0.680425
0.15625  -0.324174
0.0625  -0.187677
0.0625  -0.385334
-0.09375  -0.321548
0  -0.152702
0  0.0429298
-0.0625  -0.200607
0.21875  -0.27096
0.09375  -0.145548
0.1875  -0.315328
-0.125  -0.253752
-0.03125  -0.384024
-0.03125  -0.321302
0.15625  -0.455254
0.21875  -0.220832
0.21875  -0.268666
-0.0625  -0.261331
0.53125  -0.272327
0  -0.4348
-0.03125  -0.254008
0.09375  -0.24298
0  -0.0129789
0.28125  -0.10175
0.09375  -0.350778
0.15625  -0.285674
0  -0.175305
-0.125  -0.268998
-0.0625  -0.21473
0.0625  -0.34672
0  -0.0882522
-0.03125  -0.126681
-0.0625  -0.453599
0.15625  -0.39237
0  -0.178537
-0.09375  -0.120929
0.1875  -0.22104
0.125  -0.158982
0.03125  -0.122261
0.25  -0.261218
-0.34375  -0.310043
-0.125  -0.405192
0.0625  -0.345165
-0.03125  -0.274779
0.03125  -0.464596
-0.125  -0.279076
-0.03125  -0.139335
-0.09375  -0.472727
-0.03125  -0.379799
-0.03125  -0.280871
0.03125  -0.353371
0.0625  -0.242232
0  -0.178963
-0.09375  -0.220773
0.09375  -0.371265
0.15625  -0.327628
-0.125  -0.0770832
0.03125  -0.127865
0  -0.26686
0.21875  -0.216272
0.09375  -0.33465
-0.03125  -0.459466
-0.15625  -0.15313
0  -0.453906
0.21875  -0.327719
0  -0.542529
0.375  -0.207478
-0.03125  -0.268753
-0.0625  -0.249514
-0.03125  -0.184679
-0.03125  -0.271934
0.09375  -0.158633
0.125  -0.305897
-0.03125  -0.264498
0.15625  -0.362349
0.125  -0.283786
-0.1875  -0.0935662
-0.0625  -0.191628
0.3125  -0.161234
0.125  -0.10284
-0.09375  -0.201919
-0.09375  -0.316429
-0.125  -0.0214296
0  -0.298622
0.0625  -0.254256
-0.0625  -0.271125
-0.09375  -0.170684
0.0625  -0.486854
-0.0625  -0.0856631
0.03125  -0.290485
-0.0625  -0.360252
-0.125  0.00461163
0.03125  -0.201443
0  -0.072575
0  -0.312622
0.0625  -0.335066
-0.03125  -0.147167
-0.15625  -0.184491
-0.25  -0.181371
0.15625  -0.154911
0.1875  -0.201033
0.09375  -0.231281
-0.125  -0.471112
0.125  -0.283039
0.125  -0.339647
-0.03125  -0.238072
0.125  -0.422689
0.03125  -0.252875
0.0625  -0.429234
-0.125  -0.321317
-0.125  -0.238304
0.1875  -0.191919
-0.1875  -0.11626
0.1875  -0.089058
-0.34375  -0.0984078
-0.03125  -0.501957
0.09375  -0.221588
0.15625  -0.0959927
-0.03125  -0.285006
-0.21875  -0.0614463
0.03125  -0.179025
0.125  -0.255373
0.0625  -0.292119
0  -0.141212
-0.3125  -0.13726
0.03125  -0.285475
0.03125  -0.131667
-0.0625  -0.233449
-0.03125  -0.138658
0.0625  -0.196808
0.1875  -0.33843
-0.125  -0.39598
0.03125  -0.21749
-0.15625  0.0593702
-0.28125  -0.46835
0.25  -0.330458
0.03125  -0.294873
-0.03125  -0.110982
0.125  -0.405472
0.03125  -0.0504871
-0.03125  -0.270251
-0.03125  -0.24285
0.09375  -0.128194
0.15625  -0.323255
0.09375  -0.159897
-0.03125  -0.330735
0  -0.505347
-0.125  -0.139519
-0.09375  -0.508833
0.0625  -0.550869
0.15625  -0.256183
0  -0.324646
-0.03125  -0.47226
0.15625  -0.417993
0.09375  -0.336665
0.28125  -0.275881
0  -0.43904
-0.15625  0.0716657
0.09375  -0.323211
-0.0625  -0.298713
0.0625  -0.22562
-0.0625  -0.356682
0.09375  0.0232034
0.0625  -0.0767601
-0.0625  -0.299985
0  -0.212971
0  -0.342595
-0.25  -0.37838
-0.125  -0.0168744
-0.1875  -0.218295
-0.1875  -0.293711
0.03125  -0.103567
0.21875  -0.219273
-0.0625  -0.114782
0.03125  -0.0730392
-0.15625  -0.375301
0.0625  -0.0924506
-0.09375  -0.250529
-0.0625  -0.165252
-0.09375  -0.111097
0.09375  -0.171198
-0.0625  -0.223332
0.03125  -0.189623
-0.125  -0.335461
0.125  -0.116347
0.0625  -0.333308
-0.03125  -0.31831
-0.09375  -0.38308
-0.09375  -0.0884822
0.03125  -0.438483
-0.09375  -0.571426
-0.03125  -0.341013
0.125  -0.367042
-0.03125  -0.191315
0.28125  0.0204842
0.0625  -0.00386861
-0.0625  0.0442262
0.15625  -0.145093
0.25  -0.442711
0  -0.307404
-0.125  -0.45481
0.0625  -0.135337
-0.0625  -0.100914
0.09375  -0.094048
0  -0.312257
0.125  -0.198637
0.21875  -0.264814
0  -0.160067
0.0625  -0.312895
0  -0.180164
0.09375  -0.0818771
-0.0625  -0.301692
0.0625  -0.050956
-0.03125  -0.396419
0  -0.341343
-0.125  -0.266539
-0.0625  -0.440068
-0.09375  -0.344063
-0.21875  -0.293529
0.09375  -0.388914
0  -0.156122
0.03125  -0.4786
0.0625  -0.261071
-0.09375  -0.0497401
0.28125  -0.117016
0.21875  -0.193351
-0.09375  -0.418668
-0.0625  -0.502814
0  -0.335788
0.03125  -0.237429
-0.21875  -0.228286
0.0625  -0.179375
0  -0.0588631
0  -0.281469
-0.03125  -0.469338
-0.1875  -0.293988
0.125  -0.300828
0.03125  -0.407979
-0.28125  -0.330885
0.09375  -0.31771
0.03125  -0.0910182
0  -0.132809
0.1875  -0.297214
-0.15625  -0.242307
0.15625  -0.254453
-0.125  0.0684098
0.09375  -0.2421
-0.03125  -0.219069
0.03125  -0.142549
-0.0625  -0.271163
0.125  -0.203618
-0.125  -0.155027
-0.0625  -0.152901
0.1875  -0.522728
-0.03125  -0.453991
0.0625  -0.16529
0.125  -0.112556
0.09375  -0.151779
0.09375  -0.410968
0  -0.156669
0.09375  -0.288537
0.125  -0.142718
0.125  -0.0784714
0.03125  -0.362303
0.125  -0.261743
-0.03125  0.0760694
-0.125  -0.402475
0.09375  -0.0159012
0.125  -0.0580789
0  0.000960131
-0.0625  -0.28141
0.09375  -0.245685
0.0625  -0.478742
0  -0.111071
0.03125  -0.0931566
0.03125  -0.512687
-0.125  -0.216093
0.25  -0.196694
0  -0.245822
0.1875  -0.206445
0.15625  -0.228499
-0.03125  -0.225711
-0.0625  -0.274793
0.0625  -0.433205
-0.21875  -0.211072
-0.03125  -0.285224
-0.1875  -0.0230638
0.09375  -0.285747
-0.03125  -0.0797702
0  -0.262772
-0.09375  -0.342837
0.0625  -0.0732969
-0.03125  -0.367259
0.0625  -0.223951
0.03125  -0.0961989
-0.125  -0.354737
-0.125  -0.277928
-0.0625  -0.314959
-0.0625  -0.351712
-0.03125  -0.410375
0.125  -0.0404381
-0.15625  -0.140856
-0.0625  0.0636207
-0.0625  -0.286657
-0.0625  -0.160254
0.09375  -0.00324398
-0.0625  -0.321574
-0.0625  -0.162959
-0.125  -0.206485
-0.15625  -0.382608
-0.28125  -0.422366
0.25  -0.472042
-0.15625  -0.325709
0  -0.273195
-0.1875  -0.403209
-0.0625  -0.344499
-0.09375  -0.307559
0  -0.174809
0  -0.225085
0.125  -0.265058
0.03125  -0.341919
0.0625  -0.730745
-0.3125  -0.231894
-0.1875  -0.324767
-0.0625  -0.171994
-0.03125  -0.410696
0.03125  -0.346535
-0.125  -0.246595
0.1875  -0.291519
0.28125  -0.252125
0.1875  -0.130371
0.3125  -0.15752
-0.21875  -0.368019
-0.09375  -0.000899407
-0.1875  -0.361627
0.03125  -0.290235
0.125  -0.113457
0.0625  -0.268657
-0.15625  -0.323784
-0.125  -0.259776
0.1875  -0.27397
-0.09375  -0.423459
0.25  -0.385246
0.21875  -0.412997
0.0625  -0.323962
-0.0625  -0.306176
-0.03125  -0.160755
0.1875  -0.332068
-0.03125  -0.375777
-0.0625  -0.1083
0.15625  -0.220424
-0.125  -0.0410287
0.125  -0.348943
0.09375  -0.294904
0.21875  -0.210857
0.1875  -0.205722
0.0625  -0.157436
0.15625  -0.362517
-0.0625  -0.21345
-0.15625  0.00587789
-0.09375  -0.162423
-0.03125  -0.292338
-0.15625  -0.198679
-0.09375  -0.29714
-0.09375  -0.247921
-0.15625  -0.10723
0.25  -0.0795796
0.125  -0.219537
-0.28125  -0.419406
-0.15625  -0.217324
-0.15625  -0.363486
-0.03125  -0.444905
0.125  -0.397521
0.0625  -0.024386
0.09375  -0.245068
0.125  -0.0306718
0.125  -0.341545
0.0625  -0.0974559
-0.125  -0.252128
0.125  -0.319027
-0.15625  -0.286723
-0.1875  -0.227344
0.0625  -0.336628
0.125  -0.414884
-0.0625  -0.406535
0.15625  -0.293841
0  -0.381834
-0.0625  -0.272398
0.15625  -0.273885
0  -0.377483
0.15625  -0.499231
0.21875  -0.195064
-0.0625  -0.377047
0.125  -0.0744079
-0.125  -0.228801
0.15625  -0.205937
0.0625  -0.261434
0  -0.180239
-0.03125  -0.182269
-0.03125  -0.240617
-0.1875  -0.212883
0.0625  -0.175302
0.03125  -0.226138
-0.03125  -0.0901704
-0.0625  -0.231904
-0.03125  -0.0878077
-0.0625  -0.0159803
0.03125  -0.360461
0.03125  -0.221007
-0.03125  -0.192404
-0.125  -0.211488
0.21875  -0.277155
-0.25  0.0590521
0.0625  -0.333946
0.0625  -0.203531
0.0625  -0.288997
-0.1875  -0.323068
0  -0.385192
0.125  -0.168067
-0.09375  -0.335965
-0.1875  -0.151889
-0.0625  -0.227797
-0.3125  -0.309784
0.1875  -0.399642
0.0625  -0.469169
-0.15625  -0.345092
-0.03125  -0.388188
-0.21875  -0.103239
-0.0625  -0.265977
0.125  -0.3872
-0.1875  -0.406678
0.0625  -0.410886
0.03125  -0.269321
-0.15625  -0.0771179
-0.03125  -0.339338
-0.09375  -0.206853
-0.125  -0.335097
-0.21875  -0.303304
-0.125  -0.136282
0.09375  -0.395449
-0.03125  -0.490755
0.0625  -0.155066
0.125  -0.360558
-0.03125  -0.257026
0  -0.2304
-0.1875  -0.353024
0.09375  -0.406347
-0.21875  -0.197162
0  -0.00765811
0  -0.317178
0.125  -0.223969
-0.125  -0.140545
-0.0625  -0.386275
-0.09375  -0.242119
-0.09375  -0.307014
-0.09375  -0.363614
0.0625  0.0182591
-0.0625  -0.341965
-0.25  -0.197869
0.09375  -0.29108
0  -0.392312
-0.0625  -0.34417
-0.03125  -0.162868
0.21875  -0.0188107
-0.125  -0.193103
-0.03125  -0.29302
-0.0625  -0.197773
0.0625  -0.419126
-0.0625  -0.268874
0.0625  -0.0786759
-0.15625  -0.371744
-0.03125  -0.258633
0.1875  -0.278107
0.125  -0.151322
-0.0625  -0.364326
-0.125  -0.362809
0.09375  -0.49476
0.03125  -0.209712
0  -0.389055
0.15625  -0.408328
0.0625  -0.304155
-0.1875  -0.0247449
-0.1875  -0.288085
-0.1875  -0.362078
-0.125  -0.263819
-0.15625  -0.275601
-0.15625  -0.232057
-0.0625  -0.196813
0.1875  -0.310502
0.03125  0.0128215
-0.0625  -0.343612
0.03125  -0.370505
-0.03125  -0.305374
-0.1875  -0.303094
-0.03125  -0.227844
-0.15625  -0.370996
-0.0625  0.0396295
0  -0.368661
0.0625  -0.285511
0.25  -0.304511
0.03125  -0.186349
0.0625  -0.107728
0.125  -0.175608
-0.09375  -0.487621
0.0625  -0.0151301
-0.0625  -0.129492
0.25  -0.367072
-0.21875  0.0875064
-0.03125  -0.507304
-0.03125  -0.109027
-0.125  -0.165859
-0.15625  -0.115015
-0.09375  -0.330107
0.03125  -0.28075
-0.0625  -0.344761
-0.03125  -0.107716
-0.25  -0.193179
0  -0.0511897
-0.0625  -0.290531
-0.03125  -0.118064
-0.03125  -0.260885
0.25  -0.324442
-0.03125  -0.165144
-0.25  -0.36877
-0.0625  -0.477533
-0.0625  -0.207907
-0.03125  -0.172222
-0.03125  -0.101393
0.1875  -0.339401
-0.03125  -0.118462
0.09375  -0.0807297
-0.03125  -0.382931
-0.09375  -0.0537278
-0.03125  -0.20528
-0.09375  -0.261175
0.03125  -0.107014
0.0625  -0.359303
-0.0625  -0.335254
-0.3125  -0.12856
-0.09375  -0.173739
-0.03125  -0.134593
0  -0.310532
-0.0625  -0.276133
0  -0.0672142
-0.03125  -0.122617
0  -0.432473
0  -0.274198
0.09375  -0.257839
0  -0.274089
-0.09375  -0.35116
0.03125  -0.374848
-0.125  -0.249202
0.03125  -0.369846
-0.0625  -0.274831
0  -0.205467
0.03125  -0.12715
0.09375  -0.0441545
-0.09375  -0.306736
-0.09375  -0.284802
-0.15625  -0.399977
-0.1875  -0.0532747
0  -0.128809
-0.03125  -0.217202
0.03125  -0.107333
-0.09375  -0.146834
0.1875  -0.222733
-0.0625  -0.0700261
0.1875  -0.11958
0.03125  -0.612403
0.125  -0.170365
-0.09375  -0.350454
-0.1875  -0.382263
-0.03125  -0.0267249
-0.15625  -0.207443
-0.0625  -0.194051
-0.09375  -0.248666
0.03125  -0.474497
-0.125  -0.304739
0.21875  -0.506048
-0.0625  -0.0398881
-0.0625  -0.13861
0.03125  -0.190304
0.125  -0.138747
0.09375  -0.30141
0.03125  -0.467302
-0.03125  -0.317292
-0.0625  -0.302311
-0.09375  -0.465411
0.03125  -0.311963
0.09375  -0.315742
-0.125  -0.301123
0.03125  -0.303941
-0.0625  -0.067696
-0.15625  -0.453852
0.15625  -0.122666
-0.03125  -0.168879
0  -0.411864
-0.15625  -0.283678
-0.25  -0.159952
0.03125  -0.196461
-0.125  -0.354425
-0.28125  -0.360884
0  -0.425721
0.21875  -0.206993
0.0625  -0.525609
0  -0.374644
-0.09375  -0.241723
-0.0625  -0.230992
0.21875  -0.341235
0.0625  -0.201811
-0.09375  -0.112958
-0.09375  -0.199498
-0.125  -0.0795223
0.15625  -0.226273
0.03125  -0.019604
-0.0625  -0.200977
-0.03125  -0.225397
0.09375  -0.100692
0  -0.241384
0.125  -0.398153
-0.09375  -0.083841
0.0625  -0.328723
0.375  -0.256375
0.03125  -0.291119
0.0625  -0.402655
0.03125  -0.177659
0.03125  -0.341851
-0.03125  -0.211947
-0.0625  -0.242303
0.21875  -0.224962
0  -0.339896
-0.15625  -0.370505
0.0625  -0.236294
0  -0.308741
-0.25  -0.572455
0.03125  -0.417923
0.21875  -0.148258
-0.0625  -0.294572
0.28125  -0.221573
-0.03125  -0.61224
0.28125  -0.283601
0.03125  -0.407699
0.21875  -0.404485
0.09375  -0.229324
-0.03125  -0.579521
-0.28125  -0.17194
0.15625  -0.249774
0.03125  -0.33027
-0.09375  -0.224925
0.0625  -0.329192
0.09375  -0.274815
0.03125  -0.223512
0.09375  -0.346753
0.3125  -0.0700092
-0.125  -0.163114
0.125  -0.455239
-0.15625  -0.30493
0.21875  -0.300826
0.0625  -0.480002
0.0625  -0.220031
-0.15625  -0.375883
-0.0625  -0.38352
-0.03125  -0.219476
-0.09375  -0.142327
-0.0625  -0.18405
0.125  -0.20007
0.0625  -0.185262
0.125  -0.1089
0.03125  -0.555135
-0.21875  -0.507893
-0.15625  -0.169753
0.03125  -0.139981
-0.03125  -0.309523
-0.03125  -0.369626
0.125  -0.181517
0.03125  -0.38566
0.03125  -0.249786
0.125  -0.385768
-0.125  -0.105212
0  -0.0722038
-0.0625  -0.201059
0.125  -0.297632
-0.09375  -0.39929
-0.03125  -0.142754
-0.0625  -0.153261
-0.125  -0.220885
-0.125  -0.0779694
-0.03125  -0.448481
0.28125  -0.325309
0.09375  -0.234831
0.21875  -0.378347
0.09375  -0.342373
0.03125  -0.210534
0.15625  -0.400752
0  -0.515462
0  -0.254773
-0.1875  -0.18806
-0.03125  -0.414062
0  -0.0560766
0.09375  -0.0818902
0.25  -0.265662
-0.0625  -0.236367
-0.03125  -0.15567
-0.125  -0.234339
-0.0625  -0.537719
-0.15625  -0.420972
-0.125  -0.161945
0  -0.322275
0.15625  -0.144645
0  -0.333096
0.1875  -0.334819
-0.03125  -0.336418
-0.0625  -0.420854
0.15625  -0.254404
0  -0.248239
0.03125  -0.196951
0.125  -0.179972
-0.15625  -0.0293039
0.0625  -0.00668302
-0.03125  -0.363548
0.0625  -0.314074
0.09375  -0.352672
-0.125  -0.123911
-0.0625  0.00571315
0.0625  -0.419347
0.15625  -0.111308
-0.03125  -0.386619
-0.03125  -0.122267
0.15625  -0.338596
0.125  -0.185335
0.125  -0.416965
-0.0625  -0.304238
-0.125  -0.172719
0.1875  -0.221778
-0.09375  -0.0887489
0.25  -0.267694
-0.0625  -0.263163
0.09375  -0.14861
-0.125  -0.310811
-0.03125  -0.12515
-0.28125  -0.172069
-0.1875  -0.144491
0.1875  -0.22934
0.21875  -0.361132
-0.03125  -0.376752
-0.125  -0.243583
-0.09375  -0.321445
-0.0625  -0.116391
0.1875  -0.0785316
-0.03125  -0.307498
-0.09375  -0.164916
-0.09375  -0.291442
-0.0625  -0.239535
-0.25  -0.441405
-0.0625  -0.237277
-0.09375  0.0461292
0.03125  -0.433465
-0.125  -0.1471
0  -0.314401
-0.125  -0.258895
-0.09375  -0.405728
0.0625  -0.371974
-0.03125  -0.226952
-0.15625  -0.266467
0.0625  -0.138391
-0.15625  -0.290215
0.09375  -0.325321
-0.0625  -0.33022
-0.03125  -0.152957
0.0625  -0.388459
0.0625  -0.243156
-0.15625  -0.310691
0.21875  -0.303615
0.0625  -0.473389
-0.21875  -0.0576275
0.0625  -0.31009
-0.125  -0.312296
0.03125  -0.316176
-0.03125  -0.422697
0.125  -0.252323
0.1875  -0.209146
0.09375  -0.461433
0.15625  -0.100837
-0.09375  -0.267525
0  -0.246998
0.03125  -0.270244
-0.125  -0.310341
0.25  -0.377967
0.15625  -0.284299
0.09375  -0.0960083
0.15625  -0.233446
-0.03125  -0.301621
-0.0625  -0.377796
0  -0.340639
0.0625  -0.373235
0  -0.134149
-0.1875  -0.14581
0  -0.188031
-0.0625  -0.235341
0.03125  -0.132761
-0.0625  -0.353614
-0.125  -0.404706
-0.0625  -0.246127
0.03125  -0.274309
0.28125  -0.276654
-0.09375  -0.315104
0.15625  -0.30497
-0.09375  -0.153482
0  -0.21724
0.21875  -0.270304
0.09375  -0.464924
0.03125  -0.29248
-0.15625  -0.275668
-0.09375  -0.0819913
0.09375  -0.277131
0.09375  -0.411238
0.0625  -0.380509
-0.25  -0.218577
0.03125  -0.433688
0.03125  -0.109341
0  -0.4591
0.09375  -0.324919
0.0625  -0.177522
-0.0625  -0.082004
-0.125  -0.173134
-0.0625  -0.317059
0.0625  -0.310657
0  -0.0069035
0.125  -0.154099
0.25  -0.0680205
-0.03125  -0.2707
0  -0.0838118
0.15625  -0.374938
0.21875  -0.429194
0.03125  -0.262495
-0.03125  -0.215553
0.3125  0.0620409
-0.0625  -0.189441
-0.125  -0.330558
0.1875  -0.256278
-0.03125  -0.212636
-0.09375  -0.322258
0.03125  -0.260422
-0.09375  -0.226822
0.0625  -0.264126
-0.03125  -0.279357
-0.09375  -0.241521
-0.15625  -0.288158
-0.03125  -0.1824
-0.125  -0.131133
0.09375  -0.0436874
-0.0625  -0.228248
0.09375  -0.258133
0  -0.532872
-0.03125  -0.195618
0.21875  -0.391072
0.09375  -0.324537
0.125  -0.266767
0.09375  -0.204968
0.0625  -0.353403
0.1875  -0.499016
0.03125  -0.29177
0  -0.181872
0.03125  -0.196156
-0.125  -0.238749
0.09375  -0.268539
-0.125  -0.335184
-0.125  -0.338111
0.09375  -0.0406002
-0.15625  -0.403493
0  -0.286052
-0.25  -0.226609
0.03125  -0.44401
0  -0.258198
0  -0.217937
0  -0.351468
-0.03125  -0.215559
-0.15625  -0.198426
-0.0625  -0.214914
-0.0625  -0.231002
0  -0.331519
0  -0.23027
-0.03125  -0.303414
0.03125  -0.368854
0.21875  -0.359895
0.15625  -0.348543
0.03125  -0.496006
-0.0625  -0.113018
-0.09375  -0.479761
0.15625  -0.4722
-0.0625  -0.401843
-0.15625  -0.548335
0.03125  -0.115472
0.0625  -0.0795279
-0.09375  -0.394643
-0.125  -0.227133
0  -0.295897
0.03125  -0.0323947
-0.03125  -0.198522
0.1875  -0.260491
-0.1875  -0.294346
0.0625  -0.000924725
-0.25  -0.147008
-0.15625  -0.279688
-0.0625  -0.213737
-0.0625  0.00325375
0  -0.0286367
0  -0.42329
0.0625  -0.320531
0.15625  -0.244234
-0.15625  -0.27201
0.09375  -0.0770841
0.0625  -0.223375
-0.03125  -0.267796
-0.21875  -0.355864
0.03125  -0.182275
0  -0.141515
0.03125  -0.429648
0.03125  -0.433681
0.1875  -0.371124
-0.125  -0.232252
-0.1875  -0.132766
0.15625  -0.13426
0  -0.250625
-0.03125  -0.251474
-0.15625  -0.453681
0.0625  -0.294259
0.09375  -0.314712
-0.03125  -0.412545
-0.125  -0.230318
0.0625  -0.221308
-0.125  -0.406656
-0.125  -0.192292
0.125  -0.197595
-0.03125  -0.0910386
0.15625  -0.263554
-0.03125  -0.00960899
0.125  -0.240646
-0.03125  -0.0477544
0.0625  -0.248099
-0.03125  -0.23191
0.125  -0.0125842
-0.25  -0.272833
-0.0625  -0.238586
-0.125  -0.34565
-0.125  -0.065708
-0.03125  -0.174523
0.0625  -0.188198
-0.25  -0.189232
0  -0.584596
0  -0.339488
0.15625  -0.160503
0.03125  -0.0772506
0.125  -0.0465833
-0.03125  -0.232483
-0.09375  -0.314843
0.125  -0.283044
-0.03125  -0.430883
0.03125  -0.311849
0.15625  -0.332344
-0.1875  -0.179803
-0.375  -0.0428436
-0.21875  -0.103987
0.125  -0.0711437
0.125  -0.324568
0.09375  -0.447701
0  -0.0969801
-0.1875  -0.167515
0.125  -0.326471
0.03125  -0.419978
-0.0625  -0.176052
0.03125  -0.28339
0.25  -0.267932
-0.0625  -0.463126
0.15625  -0.408845
0.09375  -0.346259
0  -0.372069
0.21875  -0.0773373
0.125  -0.298086
0.15625  -0.0146692
0.21875  -0.505644
0.09375  -0.312204
0.21875  -0.308398
0.09375  -0.148474
0  -0.230089
0.15625  -0.26481
0.28125  -0.253443
0.0625  -0.413356
0.125  -0.269796
-0.09375  -0.248269
-0.125  -0.111908
0  -0.293342
0.1875  -0.400197
0.21875  -0.272875
-0.125  -0.262082
-0.21875  -0.385411
-0.03125  -0.541805
-0.09375  -0.368661
-0.03125  -0.215935
-0.03125  -0.513286
0.25  -0.0899898
-0.125  -0.348904
-0.03125  -0.280029
0.03125  -0.0785675
-0.15625  -0.414272
-0.125  -0.153945
0.1875  -0.0659081
0.03125  -0.433435
0.15625  -0.136389
-0.09375  -0.166708
0.125  -0.42778
0  -0.381064
-0.0625  -0.285146
-0.21875  -0.149171
-0.03125  -0.380437
-0.03125  -0.119609
-0.125  -0.210812
-0.25  -0.240135
-0.125  -0.399228
0.03125  -0.377664
-0.03125  -0.293121
-0.0625  -0.180217
0.125  -0.155859
-0.28125  -0.259967
-0.15625  -0.408958
0.25  -0.212259
0.03125  -0.204634
-0.15625  -0.152193
0.09375  -0.141722
-0.0625  -0.236431
-0.09375  -0.11019
0  -0.256962
-0.0625  -0.296995
-0.03125  -0.0620155
0  -0.182512
-0.09375  -0.279138
-0.125  -0.300122
0.15625  -0.122414
0.03125  -0.286589
0.0625  -0.380283
0.0625  -0.214269
-0.125  -0.364921
0.09375  -0.246705
0.03125  -0.132418
0  -0.14992
0  0.0339594
0.09375  -0.590918
0.25  -0.450491
-0.15625  -0.0884118
0.1875  -0.0812895
-0.15625  -0.498768
0.1875  -0.381198
0.125  -0.185196
-0.03125  -0.51298
0.03125  -0.482097
0  -0.481263
-0.03125  -0.373677
0.0625  -0.247224
-0.03125  -0.257569
0.15625  -0.185994
-0.25  0.00538417
-0.21875  -0.353216
-0.0625  -0.332939
-0.15625  -0.280178
0.125  -0.323851
-0.09375  -0.241934
0.09375  -0.13725
-0.09375  -0.267978
-0.1875  -0.223767
0.21875  -0.334457
0.15625  -0.301517
-0.03125  -0.0810264
0.03125  -0.260724
-0.15625  -0.0888939
0.1875  -0.343554
-0.1875  -0.161995
-0.09375  -0.184601
0.125  -0.317929
-0.1875  -0.310452
0  -0.225229
0.03125  -0.397759
-0.15625  -0.284585
0.125  -0.21166
-0.03125  -0.235193
0.09375  -0.255842
-0.0625  -0.248696
-0.21875  -0.268153
-0.21875  -0.206734
0  -0.287907
-0.25  -0.300371
-0.0625  -0.186652
0.0625  -0.284696
-0.03125  -0.219193
-0.25  -0.123087
-0.15625  -0.0279845
0.03125  -0.296128
0.0625  -0.355524
-0.03125  -0.179754
0.0625  -0.230089
-0.1875  -0.333258
0.09375  -0.327841
-0.03125  -0.253235
0.0625  -0.341814
0.09375  -0.289175
-0.09375  -0.330703
-0.15625  -0.10381
0.15625  0.0126635
-0.125  -0.516778
0.125  -0.105167
-0.0625  -0.137213
0.0625  -0.338248
0.125  -0.474228
-0.125  -0.311228
0  0.00851672
-0.21875  -0.478673
0.09375  -0.402953
-0.03125  -0.143675
0.40625  -0.117296
0  -0.48116
-0.03125  -0.205783
-0.09375  -0.110075
0.0625  -0.144819
-0.09375  -0.281244
-0.03125  -0.219507
0.15625  -0.092382
0.21875  -0.12747
0.03125  -0.424893
-0.09375  -0.23871
-0.03125  -0.205579
-0.09375  -0.00300038
-0.125  -0.0802376
-0.15625  -0.278577
0.0625  -0.240925
0.09375  -0.207759
-0.15625  -0.154485
0.03125  -0.276546
-0.0625  -0.129496
0.0625  -0.179895
0.1875  -0.147923
0.125  -0.376237
-0.0625  -0.255592
-0.03125  -0.246699
0.03125  -0.347463
-0.0625  -0.343749
-0.09375  0.0874922
0.09375  -0.302628
-0.0625  -0.259862
-0.15625  -0.356514
0.15625  -0.252148
-0.375  -0.126389
0.125  -0.484556
0.21875  -0.410337
0.0625  -0.278843
0.03125  -0.296248
-0.1875  -0.239641
0.09375  -0.0532612
-0.1875  -0.541242
0.09375  -0.0213571
-0.0625  -0.236654
-0.15625  -0.025868
0.0625  -0.257632
0.125  -0.206739
-0.03125  -0.382242
0.03125  -0.376705
0.03125  -0.381412
0.03125  -0.137829
0.0625  -0.168891
-0.0625  -0.226936
-0.09375  -0.423928
-0.125  -0.234938
-0.03125  -0.369314
-0.3125  -0.103193
0  -0.305606
0  -0.385837
-0.03125  -0.0571873
0.125  -0.408844
0.25  -0.226219
0.03125  0.0980263
-0.0625  -0.196058
0.125  -0.192089
-0.03125  -0.278655
0.0625  -0.356268
0.0625  -0.168822
-0.15625  -0.259113
0.25  -0.153972
0.03125  -0.225462
0.0625  -0.160704
-0.0625  -0.397929
0  -0.244949
-0.125  -0.317623
0.09375  -0.103972
-0.0625  -0.000831387
0.03125  -0.45275
0  -0.229978
0  -0.321851
-0.21875  -0.119221
-0.0625  -0.300919
-0.1875  -0.396913
0.25  -0.151112
0.0625  -0.212844
0  -0.256789
0.15625  -0.452705
-0.125  -0.311629
0.09375  -0.1484
0.0625  -0.548379
-0.09375  -0.333565
0  -0.0825817
0.21875  -0.315662
0.03125  -0.1863
-0.125  -0.25866
-0.15625  -0.226014
0.0625  -0.237769
-0.03125  -0.091075
-0.09375  -0.207288
0  -0.284409
0.125  -0.308348
-0.0625  -0.24701
-0.09375  -0.411842
-0.09375  -0.316217
0.09375  -0.485341
-0.0625  -0.276311
-0.15625  -0.255131
-0.0625  -0.340262
-0.09375  -0.298644
0.3125  0.0540215
0.0625  -0.202417
0  -0.0695445
-0.28125  -0.292519
-0.09375  -0.139999
0.0625  -0.118905
0.03125  -0.288145
0.09375  -0.334188
-0.0625  -0.0681296
-0.03125  -0.440741
-0.0625  -0.348654
-0.09375  -0.149409
-0.15625  -0.409547
0  -0.165584
0.09375  -0.250642
-0.0625  -0.122233
0.28125  -0.310152
0.125  -0.324732
0.125  -0.276506
0.03125  -0.349721
0.09375  -0.0176492
0.0625  -0.212354
0.0625  -0.36304
0.1875  -0.221444
-0.0625  -0.335197
0.03125  -0.341554
-0.09375  -0.205538
0.03125  -0.152843
0.09375  -0.173086
0  -0.122765
0.125  -0.188956
-0.09375  -0.280273
0.09375  -0.193446
0  -0.530589
0.28125  -0.257568
0.0625  -0.324587
0.03125  -0.427377
0.25  -0.383828
0.0625  -0.189382
-0.03125  -0.264603
0.0625  -0.327092
0.0625  -0.232674
0.0625  -0.179106
-0.15625  -0.210006
0.0625  -0.192145
0.0625  -0.0937236
-0.03125  -0.266757
-0.15625  -0.359861
-0.1875  -0.437791
0.125  -0.311609
-0.0625  -0.235227
0.15625  -0.424207
-0.125  0.0828946
0  -0.295278
-0.1875  -0.38116
-0.28125  -0.236779
0  -0.413097
-0.125  -0.314617
-0.09375  -0.284304
0.0625  -0.552238
0.03125  -0.357086
0.25  -0.330622
0.03125  -0.209679
-0.15625  -0.333371
0  -0.38869
-0.03125  -0.287869
-0.125  -0.131984
0  -0.220226
-0.125  -0.248403
-0.0625  -0.301642
0  -0.240081
0.28125  -0.233358
0.25  -0.516689
0.09375  -0.286446
-0.125  -0.167857
0  -0.21456
0.03125  -0.271922
-0.09375  -0.290971
0.09375  -0.131018
0.1875  -0.18635
0.09375  -0.385469
-0.28125  -0.17298
-0.03125  -0.125252
0  0.101389
0.0625  -0.473257
0.0625  -0.243441
-0.0625  -0.300068
-0.0625  -0.18907
0.0625  -0.33806
0.125  -0.409521
0.0625  -0.190044
-0.03125  -0.118125
-0.125  -0.44792
0.1875  -0.389682
0.125  -0.117676
-0.0625  -0.330826
0.03125  -0.0347037
-0.1875  -0.251644
0.03125  -0.126327
0.0625  -0.339872
-0.15625  -0.188259
-0.03125  -0.349162
-0.1875  -0.295743
-0.0625  -0.234831
0.125  -0.284007
-0.09375  -0.363915
0  -0.274323
0.03125  -0.338958
-0.09375  -0.145856
-0.0625  -0.212667
0.15625  -0.144798
-0.21875  -0.167531
-0.0625  -0.208537
-0.0625  -0.33524
0.1875  -0.422253
-0.15625  -0.490175
0.28125  -0.446055
0.09375  -0.222083
0.03125  -0.159534
-0.09375  0.0168297
-0.0625  -0.274859
0.125  -0.233289
-0.03125  -0.0150305
0.21875  -0.231079
0.03125  -0.16772
0.0625  -0.0776915
0.0625  -0.167411
-0.09375  -0.13909
0.03125  -0.376678
0.34375  0.0863016
0.0625  -0.244669
0.03125  -0.41379
0  -0.285003
0.375  -0.438457
0.0625  -0.160981
-0.0625  -0.367791
0.09375  -0.180516
0.21875  -0.361306
0.03125  -0.351128
0.03125  -0.406544
0.125  -0.331348
-0.0625  -0.24879
0.28125  -0.116786
-0.03125  -0.307362
0  -0.224506
-0.28125  -0.0545184
-0.15625  -0.298005
0.0625  -0.327565
0.125  -0.33228
-0.21875  -0.205389
-0.125  0.128132
-0.125  -0.184211
-0.125  -0.436052
0.0625  -0.0708887
0.09375  -0.256318
0.03125  -0.391398
-0.03125  -0.458102
0.09375  -0.391427
0.09375  -0.185087
0  -0.0377291
0.125  -0.266336
0.21875  -0.231647
0.21875  -0.22695
0.03125  -0.124123
-0.125  -0.308755
0.15625  -0.368429
-0.21875  -0.38627
-0.09375  -0.358899
-0.03125  -0.0369329
0.09375  -0.255096
-0.15625  -0.223466
0.03125  -0.263232
-0.125  -0.248857
0.21875  -0.46463
0.15625  -0.13855
-0.09375  -0.175579
-0.03125  -0.107654
-0.125  -0.255553
-0.03125  0.0187789
0.1875  -0.324928
0.03125  -0.515302
0.0625  -0.287751
-0.15625  -0.222624
-0.1875  0.0104346
-0.1875  -0.317885
0.125  0.0251917
-0.0625  -0.284027
0.34375  -0.461847
0.03125  -0.432139
0.15625  -0.247953
-0.09375  -0.296699
0.0625  -0.225894
0.0625  -0.220208
0.09375  -0.0948817
0.03125  -0.277515
0.03125  -0.256991
-0.03125  -0.354836
-0.03125  0.00144216
-0.0625  -0.231817
0.0625  -0.443433
0.03125  -0.376347
-0.09375  -0.238289
-0.03125  -0.227726
0  -0.26313
-0.0625  -0.25117
0.125  -0.139769
-0.0625  -0.16092
-0.0625  -0.245648
0.375  -0.254816
0.15625  -0.153469
0.09375  -0.389683
0.1875  -0.223132
-0.03125  -0.471971
0  0.115467
-0.125  -0.287185
0  -0.134908
-0.03125  -0.154088
0  -0.322875
0.0625  -0.267515
-0.0625  -0.0629328
0.03125  -0.0857569
0.03125  -0.425529
-0.1875  -0.323755
-0.21875  -0.115782
-0.0625  -0.261545
0.09375  -0.125585
-0.0625  -0.469844
0  -0.24171
-0.09375  -0.164959
0.03125  -0.487076
0.21875  -0.107612
0  -0.26523
-0.03125  -0.123328
-0.3125  -0.308236
0.0625  -0.214867
0.03125  -0.421968
-0.125  -0.292156
0.21875  -0.188921
0.0625  -0.249874
0.15625  -0.168243
0.125  -0.462324
0.03125  -0.0540553
-0.09375  -0.186148
0.03125  -0.0504066
0  -0.280984
0  -0.20286
-0.09375  -0.0593685
0.21875  -0.289164
-0.03125  -0.277323
0  -0.374879
0.125  -0.36431
-0.03125  -0.337208
-0.03125  0.0774474
0  -0.158783
0.09375  -0.183
-0.09375  -0.295918
-0.15625  -0.0836348
0.21875  -0.289937
-0.1875  0.095968
-0.0625  -0.151214
-0.09375  -0.198478
0.0625  -0.190117
0.03125  -0.227391
-0.03125  -0.112715
0.0625  -0.0076142
0  -0.319038
0.09375  -0.268661
-0.0625  -0.45177
0.1875  -0.258344
0.0625  -0.486357
0  -0.371498
-0.125  -0.316895
-0.25  -0.266713
-0.03125  -0.223124
0.0625  -0.386926
-0.03125  -0.367572
0.25  -0.166163
0.09375  -0.162221
0.0625  -0.115946
-0.125  -0.463633
0  -0.306188
0.0625  -0.166384
-0.09375  -0.102085
-0.125  -0.264196
-0.28125  -0.201888
0.0625  -0.534231
0.09375  -0.146493
-0.0625  -0.255292
-0.03125  -0.356419
0  -0.516932
0  -0.38439
0.03125  -0.494299
0.15625  -0.336865
-0.21875  -0.392814
-0.125  -0.123351
-0.1875  -0.0990383
0.25  -0.0365466
-0.03125  -0.132907
0  -0.354071
0.0625  -0.367194
-0.0625  -0.1819
0.0625  -0.145343
-0.1875  -0.369906
0.09375  -0.315675
0  -0.362213
0.09375  -0.159533
0.125  -0.108838
0.125  0.0601536
-0.09375  -0.471511
-0.15625  -0.291517
0.1875  -0.0425242
0.0625  -0.208342
-0.09375  -0.295346
-0.125  -0.346928
0.0625  -0.0194907
-0.125  -0.601332
0.09375  -0.325244
0  -0.458596
0.125  -0.203851
-0.15625  -0.320041
0.03125  -0.292568
0.1875  -0.317271
0.0625  -0.295289
0.03125  0.0609915
0.09375  -0.207322
-0.09375  -0.356864
-0.125  -0.458007
-0.15625  -0.300667
-0.0625  -0.114696
0  -0.469003
0.03125  -0.318264
0.40625  -0.204145
-0.21875  -0.131455
0  -0.464553
-0.125  -0.366611
0.03125  -0.323776
0  -0.304531
-0.15625  -0.291462
0.25  -0.105165
-0.15625  -0.238668
-0.1875  -0.247646
-0.0625  -0.260478
0  -0.629945
-0.1875  -0.412817
-0.0625  -0.240464
0.09375  -0.173501
-0.0625  -0.282672
-0.09375  -0.353783
-0.0625  -0.135722
-0.0625  -0.112392
0.03125  -0.209243
0.09375  -0.278713
0.09375  -0.0586682
-0.03125  -0.251363
0.0625  -0.467746
-0.0625  -0.495592
0.125  -0.361127
0.1875  -0.20197
0.21875  -0.490932
0  -0.131669
0.125  -0.243557
-0.03125  -0.10664
0  -0.11173
-0.0625  -0.13405
0  -0.399073
0.125  -0.160126
-0.0625  -0.323172
0.0625  -0.219601
0.03125  -0.167774
0.0625  -0.217732
0  -0.230267
-0.09375  -0.242058
-0.0625  -0.0327041
-0.0625  -0.532101
-0.21875  -0.151559
-0.03125  -0.35691
0.03125  -7.82979e-05
0  -0.194689
-0.1875  -0.282162
0.03125  -0.385655
0.125  -0.343848
0.1875  -0.0571752
-0.03125  -0.275744
0  -0.186789
0.3125  -0.170226
-0.21875  -0.165009
0.15625  -0.434114
-0.03125  -0.16049
-0.1875  -0.275266
-0.15625  -0.231733
0.09375  -0.266144
-0.1875  -0.109062
0  -0.292474
-0.125  -0.308465
-0.1875  -0.293251
-0.125  -0.188417
-0.0625  -0.369812
0.09375  -0.210392
-0.0625  -0.338777
0.09375  -0.147818
0.15625  -0.491484
0.03125  -0.35219
-0.125  -0.295105
-0.0625  -0.190979
-0.125  -0.316424
0.03125  -0.116436
-0.15625  -0.0166022
0  -0.284615
0.125  -0.533835
0.0625  -0.307363
-0.15625  -0.370896
-0.03125  -0.379364
0.03125  -0.295375
0.09375  -0.245079
-0.03125  -0.206649
0.03125  -0.218097
0.03125  -0.229427
0.125  -0.248891
-0.1875  -0.380477
0.125  -0.209012
-0.1875  -0.285544
0.21875  -0.38653
-0.0625  -0.123449
-0.09375  -0.208379
-0.15625  -0.367485
-0.0625  -0.17291
0  -0.178665
-0.0625  -0.14504
-0.03125  -0.304902
0.0625  -0.454489
0  -0.361878
0.0625  -0.243544
-0.09375  -0.291769
-0.21875  -0.170567
0.25  -0.347095
-0.0625  -0.216572
0.03125  -0.260632
0.1875  -0.23383
-0.09375  -0.246272
0.125  -0.197397
-0.15625  -0.16937
0.09375  -0.342871
-0.0625  -0.314216
0.03125  -0.30039
-0.125  -0.203375
0.125  -0.522928
-0.03125  -0.163119
-0.09375  -0.360235
0.21875  -0.28201
0.125  -0.356423
0.3125  -0.275489
0.125  -0.246091
0.09375  -0.363919
-0.125  -0.231151
0.0625  -0.258657
-0.15625  -0.256149
-0.25  -0.390734
-0.125  -0.139353
0  -0.204244
0.25  -0.326415
0.15625  -0.0894909
0.0625  -0.436164
0.1875  -0.188588
0.25  -0.210172
-0.03125  -0.240803
0.09375  -0.49378
0.09375  -0.213843
0.03125  -0.138569
-0.28125  -0.161947
-0.0625  -0.254564
0.125  -0.0809054
0  -0.268559
0.03125  -0.261922
0.0625  -0.111377
-0.09375  -0.619472
0.1875  -0.0872873
-0.0625  -0.270762
-0.21875  -0.168399
-0.125  -0.419876
0.09375  -0.164646
-0.15625  -0.148276
0.125  -0.369327
0.0625  -0.247405
0.21875  -0.368281
0.03125  -0.204241
-0.125  -0.262538
-0.03125  -0.581773
0  -0.330635
0.28125  -0.35402
0.03125  -0.165031
0.09375  -0.197822
0.0625  -0.152034
0.3125  -0.243756
0.3125  -0.175995
0.03125  -0.111007
0.28125  -0.414957
-0.03125  -0.184044
-0.03125  -0.192944
-0.03125  -0.287736
0.125  -0.223111
0.09375  -0.417978
0.09375  -0.223428
-0.21875  -0.218254
0.1875  -0.407442
-0.09375  -0.320323
0.25  -0.142255
0  -0.222571
-0.03125  -0.199604
0.03125  -0.394005
-0.09375  -0.0372093
0  -0.243722
-0.15625  -0.290618
0.09375  -0.317875
0.03125  -0.511882
0.125  -0.345071
-0.15625  -0.234056
-0.125  -0.169135
-0.0625  -0.132175
0.15625  -0.107204
-0.09375  -0.325378
0  -0.294191
-0.125  -0.0793468
0.0625  -0.161556
-0.125  -0.13861
0.09375  -0.28919
0.0625  -0.00798934
-0.09375  -0.227852
0.03125  -0.0885263
0.0625  -0.0683269
0  -0.297383
-0.15625  -0.248128
0.03125  -0.160456
0.125  -0.135034
0  -0.479473
0.125  -0.344683
0.1875  -0.155043
0.21875  -0.389786
0.15625  -0.262624
0  -0.235953
-0.1875  -0.207621
0.0625  -0.332913
-0.15625  -0.209947
-0.09375  -0.281028
-0.0625  -0.363953
-0.03125  -0.129252
-0.125  -0.221382
-0.21875  -0.127124
0.1875  -0.30299
0.03125  -0.43991
0.375  -0.369277
0  0.0263708
-0.09375  -0.0925847
-0.03125  -0.352174
-0.15625  -0.216427
0  -0.303907
-0.0625  -0.243888
0.09375  -0.226381
0.34375  -0.527083
-0.09375  -0.309224
0.09375  -0.212609
-0.125  -0.318405
0  -0.349188
-0.125  -0.302518
0  -0.339818
0.09375  -0.115542
0.09375  -0.278899
0.03125  -0.382877
-0.1875  -0.330524
-0.125  -0.139411
-0.0625  -0.294729
-0.03125  -0.246222
-0.03125  -0.345526
-0.03125  -0.221017
-0.0625  -0.303232
0.125  -0.399763
0  -0.300756
0  -0.217917
-0.09375  -0.443059
-0.15625  -0.453358
-0.0625  -0.210564
0.125  -0.13767
0.125  -0.492229
-0.03125  -0.133891
-0.21875  -0.261868
0.03125  -0.19683
-0.09375  -0.0737363
0.125  -0.104451
-0.0625  -0.377247
-0.21875  -0.449952
0.0625  -0.388842
0  -0.0626413
0.25  -0.14225
-0.1875  -0.21038
-0.125  -0.209996
0.125  -0.340508
-0.0625  -0.560987
-0.21875  -0.445185
-0.375  -0.365814
-0.03125  -0.477713
0.03125  -0.224451
-0.1875  -0.447646
-0.09375  -0.279359
-0.03125  -0.0282682
0.03125  -0.0586753
-0.03125  -0.261456
0.03125  -0.360703
-0.03125  -0.33074
0.03125  -0.122503
0.03125  -0.100429
-0.15625  -0.0828712
0  -0.334198
-0.15625  -0.24825
0  -0.509534
-0.25  -0.132882
-0.25  -0.257055
0.09375  -0.189304
0.15625  -0.550048
-0.21875  -0.386429
0.0625  -0.207444
-0.0625  -0.221482
0  -0.040856
-0.03125  -0.307085
-0.09375  -0.167345
0.28125  -0.417293
-0.0625  -0.190972
-0.15625  -0.207951
-0.125  -0.17087
0.15625  -0.210436
-0.09375  -0.0613739
0.03125  -0.149504
-0.15625  -0.230107
-0.0625  -0.134004
-0.25  -0.158474
-0.03125  -0.444893
-0.0625  -0.18779
-0.125  -0.443835
-0.40625  -0.454616
0.0625  -0.227211
0.125  -0.487256
-0.0625  -0.285669
-0.15625  -0.419004
-0.21875  -0.159067
-0.03125  -0.24124
-0.125  -0.352715
0.125  -0.187612
0.0625  -0.209966
-0.125  -0.351054
-0.03125  -0.319678
0  -0.0743575
-0.0625  -0.216956
0  -0.290565
-0.1875  -0.254638
-0.125  -0.184735
0.03125  -0.462539
0.1875  -0.258299
-0.0625  -0.0431733
-0.1875  -0.389824
0.21875  -0.191162
0  -0.382469
0  -0.341924
0.03125  -0.262662
-0.09375  -0.197439
0.125  -0.347141
0.46875  -0.229621
0.21875  -0.328092
-0.0625  -0.305636
0.03125  -0.233179
-0.21875  -0.324436
-0.25  -0.414125
0.03125  -0.41966
0  -0.187988
0.03125  -0.386027
0.0625  -0.443139
-0.03125  -0.184944
0.0625  -0.471645
0.09375  -0.280863
-0.09375  -0.123405
0  -0.380018
-0.125  -0.290487
-0.125  -0.114362
0  -0.404052
0.03125  -0.337978
0.03125  -0.477352
0.03125  -0.220641
0.125  -0.357456
0.09375  -0.396762
-0.15625  -0.148067
0.25  -0.51999
-0.25  -0.281612
0.03125  -0.391788
-0.09375  -0.170549
0  -0.136201
-0.125  -0.312901
0.03125  -0.238767
0.03125  -0.300691
0.0625  -0.275008
-0.0625  -0.235372
0.09375  -0.331838
0.03125  -0.232812
0.25  -0.500665
-0.03125  -0.408099
0.03125  -0.335347
-0.09375  -0.129965
-0.03125  -0.220616
-0.125  -0.311344
0.15625  -0.191732
0.15625  -0.522377
-0.34375  -0.328013
-0.0625  -0.156973
0  -0.54695
0.1875  -0.0408887
0.28125  -0.171945
-0.125  -0.457398
-0.125  -0.16466
0.0625  -0.178999
0.0625  -0.300722
0.09375  -0.27147
0.0625  -0.29585
0.03125  -0.439911
0  -0.259684
-0.0625  -0.311648
-0.1875  -0.383941
-0.09375  -0.25137
-0.15625  -0.222645
0.03125  -0.399672
0.15625  -0.130714
-0.0625  -0.417476
0.03125  -0.389391
0.28125  -0.2507
0.03125  -0.207209
0.03125  -0.0741462
0.09375  -0.148238
0.15625  -0.378512
0.125  -0.424649
-0.09375  -0.167119
-0.09375  -0.262684
-0.15625  -0.288221
-0.0625  -0.123895
-0.0625  -0.0489328
-0.25  -0.17975
-0.15625  -0.415866
0.1875  -0.351015
-0.1875  -0.280685
-0.25  -0.424866
-0.21875  -0.33176
0  -0.291226
0.125  -0.241962
0.1875  -0.107426
0  0.056785
-0.25  -0.392366
0.1875  -0.0836417
0.15625  -0.094715
0.15625  -0.0744019
-0.21875  -0.260106
0.0625  -0.272138
0.03125  0.0115591
0  -0.110433
0.125  -0.190781
0.09375  -0.23594
0.03125  -0.213709
-0.09375  -0.296766
0.0625  -0.402653
0  -0.543849
-0.0625  -0.196375
0  -0.320329
-0.09375  -0.16765
-0.09375  -0.248372
-0.15625  -0.144073
0  -0.268682
0.15625  -0.179911
0  -0.0336522
0.0625  -0.193488
0.0625  -0.208299
0.125  -0.375446
0.03125  -0.263615
0  -0.349182
-0.15625  -0.25583
0.0625  -0.347904
0.09375  -0.360334
0.03125  -0.379312
0  -0.275808
-0.09375  -0.0933536
0.25  -0.396574
0.03125  -0.198783
0.15625  -0.378863
-0.15625  -0.342438
-0.125  -0.174404
0.15625  -0.32297
0.1875  -0.0729821
-0.15625  -0.0569223
0.03125  -0.269873
0.125  -0.339361
-0.03125  -0.321885
0.03125  -0.23426
0.0625  -0.429397
-0.03125  -0.369262
0.0625  -0.100989
-0.1875  -0.106339
0.15625  -0.135935
-0.0625  -0.368174
0.03125  -0.412861
0.09375  -0.347986
-0.09375  -0.156483
-0.125  -0.437983
0.25  0.00877229
0.21875  -0.0984657
-0.125  -0.0803532
0.09375  -0.189152
-0.125  -0.383421
0  -0.319392
-0.0625  -0.246516
0  -0.317282
0.125  -0.23655
-0.03125  -0.444193
0.09375  -0.369296
-0.03125  -0.247978
-0.09375  0.0668077
0.03125  -0.337049
-0.0625  -0.230185
0.0625  -0.211454
0.1875  -0.0655321
0.15625  -0.301145
0.09375  -0.490959
-0.1875  -0.225501
0.03125  -0.419563
-0.25  -0.0886603
-0.09375  -0.307987
0.03125  -0.290493
-0.125  -0.37383
-0.09375  -0.188899
-0.0625  -0.221653
-0.3125  -0.369297
0  -0.459399
0.03125  -0.234215
-0.3125  -0.19645
-0.03125  -0.421814
0.0625  -0.343669
0.15625  -0.15406
-0.34375  -0.0457016
-0.125  -0.125263
-0.0625  -0.292737
0.09375  -0.349258
-0.15625  -0.254016
0.25  -0.227082
0.15625  -0.379
0.125  -0.141771
0.0625  -0.0609282
-0.0625  -0.0857399
0.09375  -0.260504
0  -0.141381
0.09375  -0.50464
-0.28125  -0.339347
0.09375  -0.435183
-0.0625  -0.136666
0.03125  -0.131182
0.21875  -0.246305
0.125  -0.290254
-0.125  -0.126747
-0.1875  -0.297554
-0.15625  -0.258146
-0.28125  -0.0991255
0.09375  -0.346341
0.0625  -0.368523
0.03125  -0.14762
0  -0.36191
-0.0625  -0.548215
0.0625  -0.455948
-0.125  -0.0717627
0.03125  -0.226381
0.15625  -0.300987
0.125  -0.442591
-0.0625  -0.23127
-0.21875  -0.330808
-0.125  -0.36444
0.09375  -0.201853
-0.09375  -0.427796
0.15625  -0.363563
0.125  -0.323178
0.09375  -0.158275
0  -0.501136
0.1875  -0.477323
0.21875  -0.193244
0  -0.261486
-0.03125  -0.210597
-0.1875  -0.131794
0  -0.0632912
-0.0625  -0.415936
0.03125  -0.076377
0.15625  -0.219563
0  -0.225801
-0.25  -0.24437
0.15625  -0.459547
-0.09375  -0.390323
0  -0.104802
-0.0625  -0.352179
-0.0625  -0.506532
-0.0625  -0.148707
0.15625  -0.115979
0.1875  -0.356586
-0.0625  0.0379477
-0.03125  -0.244728
-0.03125  -0.135163
-0.25  -0.402048
0.03125  -0.289604
0.25  -0.250245
0.21875  -0.198608
-0.125  -0.237721
-0.21875  -0.390399
0.09375  -0.0285369
0.0625  -0.14987
0.125  -0.291313
-0.0625  -0.342696
-0.09375  -0.132579
0.1875  -0.10441
0.03125  -0.112327
0.1875  -0.19229
0.03125  -0.312679
-0.125  -0.295244
0  -0.0505954
0  -0.260159
0.0625  0.0440718
-0.03125  -0.30626
-0.1875  -0.514275
0.25  -0.0175093
-0.0625  -0.311814
-0.0625  -0.313137
-0.03125  -0.255249
0.21875  -0.365856
-0.0625  -0.246164
0  -0.216039
0.15625  0.0480899
0  -0.210965
0.3125  -0.244356
0.09375  -0.365253
0.125  -0.167651
0.09375  -0.201569
-0.125  -0.301097
-0.125  -0.38438
0.09375  -0.0990069
0.0625  0.0847654
0.09375  -0.382808
0.21875  -0.579535
-0.15625  -0.283673
0  -0.237783
-0.0625  -0.241793
0.0625  -0.198084
0.125  -0.371976
0  -0.281247
-0.03125  -0.41357
-0.15625  -0.184591
-0.03125  -0.317844
0.1875  -0.273381
-0.09375  -0.339097
0.0625  -0.14625
0.21875  -0.17001
0.15625  -0.289725
-0.125  -0.175546
-0.1875  -0.306645
-0.09375  -0.478524
-0.0625  -0.269253
0.0625  -0.222138
0.25  -0.00391988
-0.21875  -0.322986
0.21875  -0.274278
-0.03125  -0.0811172
0.34375  -0.138011
0.03125  -0.238562
0  -0.335963
-0.21875  -0.427789
-0.09375  -0.251307
-0.15625  -0.607617
0.09375  -0.14144
-0.09375  -0.355539
0.0625  -0.478224
0.09375  -0.357567
-0.15625  -0.135565
-0.1875  -0.309593
0.1875  -0.308247
-0.125  -0.489598
-0.125  -0.202301
-0.0625  -0.204047
0.125  -0.308295
0.125  -0.0430194
-0.03125  -0.0999032
-0.125  -0.266809
-0.125  0.108284
-0.125  -0.209165
0.09375  -0.365678
0.09375  -0.354254
0.0625  -0.140498
-0.1875  -0.440296
0.03125  -0.231124
-0.03125  -0.256268
-0.125  -0.0488987
0.03125  -0.0854859
0.0625  -0.41802
-0.03125  -0.272217
0.125  -0.0462433
-0.1875  -0.396877
-0.125  -0.161247
-0.09375  -0.423697
-0.25  -0.277665
0.15625  -0.0746971
-0.15625  -0.182208
-0.0625  -0.15122
0.125  -0.211306
0.03125  -0.3662
-0.09375  -0.257226
0.0625  -0.0601088
-0.125  -0.39657
0.0625  -0.436325
-0.125  -0.177928
-0.1875  -0.0926159
0.03125  -0.086359
-0.03125  -0.250052
-0.09375  -0.459117
-0.125  -0.403393
-0.15625  -0.120792
-0.15625  -0.00579224
0  -0.270081
0.03125  -0.470678
0.09375  -0.399786
0  -0.516081
0  -0.366035
-0.0625  -0.278661
-0.0625  -0.321261
0.03125  -0.494348
-0.21875  -0.143453
-0.0625  -0.195035
-0.125  -0.26229
-0.21875  -0.409041
0.125  -0.379276
-0.1875  -0.206161
0.09375  -0.38689
-0.03125  -0.301245
-0.1875  -0.287532
-0.03125  -0.214662
0  -0.110078
-0.125  -0.2559
-0.03125  -0.160504
-0.28125  -0.293075
0.09375  -0.166491
-0.09375  -0.224125
-0.03125  -0.15521
0.03125  -0.257137
0.0625  -0.196451
0.21875  -0.163979
0.03125  0.0372654
0.0625  -0.266081
0.125  -0.152637
-0.03125  -0.322169
0.03125  -0.492994
0  -0.220604
0.03125  0.0557268
0.03125  -0.281887
0.03125  -0.40609
0  -0.354011
-0.125  -0.086163
0.09375  -0.455767
0.125  -0.300321
-0.125  -0.125338
-0.28125  -0.150814
0.03125  -0.277395
-0.125  -0.204847
-0.125  -0.249174
-0.15625  -0.193185
0  -0.225847
-0.09375  -0.055159
0.15625  -0.0825814
0.03125  -0.332049
0.03125  -0.314949
-0.15625  0.0886311
0.0625  -0.529417
-0.28125  -0.146595
0  -0.178263
-0.15625  -0.28713
0.15625  -0.273637
0.03125  -0.481064
-0.125  -0.184309
0.09375  -0.251308
-0.125  -0.228685
-0.125  0.0661416
0  -0.385047
0.03125  -0.317788
0.25  0.00308197
0  -0.132837
-0.03125  -0.289451
-0.03125  -0.119369
-0.0625  -0.236259
-0.125  -0.399667
-0.03125  -0.16338
0.125  -0.165287
-0.03125  -0.00848222
0.125  -0.18132
-0.0625  -0.411061
0  -0.263881
0.15625  -0.202393
-0.03125  -0.298185
0.09375  -0.323229
0.1875  -0.474075
-0.15625  -0.195344
0  -0.260993
-0.1875  -0.421976
0  -0.127894
-0.125  -0.498205
0.125  -0.00568364
0.03125  -0.286553
0.125  -0.289079
0.09375  -0.315534
0.25  -0.164463
0.03125  -0.179602
0.125  -0.270824
-0.09375  -0.131296
-0.15625  -0.448138
0.1875  0.0171011
0.03125  -0.207879
-0.09375  -0.0234758
-0.15625  -0.326105
-0.03125  0.11081
-0.03125  -0.196026
-0.25  -0.316086
0.125  -0.470294
0.15625  -0.0890088
0.125  -0.397811
-0.0625  -0.297336
0  0.0246095
0.15625  -0.302888
-0.03125  -0.32483
-0.125  -0.325264
-0.125  -0.336086
-0.125  -0.267811
0.1875  -0.173552
-0.09375  -0.240017
-0.125  -0.0348071
-0.15625  -0.267846
0.09375  -0.49196
0  -0.365747
0.125  -0.35308
0.09375  -0.212324
-0.09375  -0.0764283
-0.03125  -0.274239
0  0.133761
-0.09375  -0.282959
-0.0625  0.0293705
-0.09375  -0.320433
-0.3125  -0.304814
0.125  -0.129643
0.15625  -0.536502
0  -0.317587
0.09375  -0.324767
0.03125  -0.042653
0  -0.209297
0.09375  -0.204543
0.09375  -0.286793
-0.0625  -0.202322
-0.125  -0.0609624
-0.03125  -0.156851
-0.125  -0.148655
-0.03125  -0.298965
-0.3125  -0.374057
-0.09375  -0.126222
-0.09375  -0.427238
0.03125  -0.374663
-0.15625  -0.119107
0.09375  -0.245484
-0.1875  -0.454614
-0.03125  -0.169088
-0.15625  -0.570271
-0.09375  -0.23771
-0.0625  -0.163178
0.0625  -0.462312
0  -0.0533004
0.09375  -0.151704
-0.09375  -0.0850783
0.3125  -0.495246
0.03125  -0.0964741
-0.125  -0.409382
-0.03125  -0.276192
0.09375  -0.135272
0.03125  -0.320817
0.125  -0.269692
-0.09375  -0.267935
0  -0.233343
0.125  -0.331183
-0.125  -0.313107
-0.03125  -0.0956052
-0.03125  -0.1268
-0.125  -0.559657
0  -0.0384473
0.15625  -0.316869
0  -0.194145
-0.1875  -0.187869
-0.03125  -0.348261
0.09375  -0.340863
-0.3125  -0.241054
0  -0.254248
-0.0625  -0.108178
0.03125  -0.274185
-0.1875  -0.105166
0.03125  -0.456507
-0.09375  -0.119726
0.1875  -0.0649533
-0.0625  -0.200597
0.125  0.0690234
0  -0.388922
-0.09375  -0.282887
-0.09375  -0.265688
0.03125  -0.358162
0.0625  -0.564628
-0.125  -0.127271
-0.03125  -0.202993
0.125  -0.388177
-0.09375  -0.346273
-0.03125  -0.185536
0.09375  -0.155019
-0.21875  -0.0821345
0.1875  -0.240084
0.0625  -0.341636
0.15625  -0.208574
0.21875  -0.374446
-0.09375  -0.27181
-0.09375  -0.173249
-0.21875  -0.330091
0.0625  -0.331793
0.125  -0.388771
-0.15625  -0.270982
0.0625  -0.355469
-0.0625  -0.569043
-0.25  -0.401357
-0.09375  -0.4285
0.09375  -0.541541
-0.0625  -0.381822
-0.125  -0.203479
0.0625  -0.222089
-0.0625  -0.337551
-0.0625  -0.087675
0.1875  -0.0792396
-0.125  -0.260608
-0.15625  -0.2652
0.0625  -0.425108
0.21875  -0.268623
0.21875  0.205625
0.09375  -0.314762
0.09375  -0.117
0.0625  -0.0845844
0.4375  -0.370149
0.03125  -0.106175
0.1875  -0.379768
0.125  -0.321717
0.25  -0.324278
-0.1875  -0.451445
-0.03125  -0.361135
-0.1875  -0.458637
0.03125  -0.185179
0  -0.358217
-0.0625  -0.185505
0.0625  -0.45329
0.03125  -0.213452
0.03125  -0.166898
0.0625  -0.224532
0.0625  -0.0798273
0  -0.31513
-0.09375  -0.343891
0.125  -0.215422
-0.03125  -0.144845
0.09375  -0.339849
0.0625  -0.337991
0.1875  -0.0967316
-0.3125  -0.431882
0  -0.187118
0.21875  -0.410576
0.03125  -0.326228
0.125  -0.12853
0.03125  -0.34323
0.0625  -0.429805
0.125  -0.206474
0.0625  -0.264741
-0.03125  -0.349502
0.15625  -0.349605
-0.09375  -0.380514
0.21875  -0.437891
-0.0625  -0.254216
-0.125  -0.49446
-0.21875  -0.231
-0.0625  -0.0763457
0.125  -0.471961
-0.125  -0.299167
0  -0.135683
0.1875  -0.0798438
-0.03125  -0.308769
-0.0625  -0.251927
0  -0.400711
-0.1875  -0.276488
-0.0625  -0.232791
-0.03125  -0.221754
-0.03125  -0.243729
0.1875  -0.302708
0  -0.211794
0.0625  -0.047689
0  -0.192741
0.15625  -0.428178
0.0625  -0.156111
-0.125  -0.058699
-0.125  -0.123375
0.0625  -0.413262
0.125  -0.254823
0.03125  -0.169765
-0.03125  -0.117445
0.09375  -0.455583
-0.0625  -0.14289
-0.09375  -0.170852
0.03125  -0.557984
-0.03125  -0.223893
-0.0625  -0.313267
0.03125  -0.477203
0.125  -0.261764
-0.03125  -0.378378
-0.15625  -0.224232
0.0625  -0.352469
0  -0.493414
0.28125  -0.0812717
-0.15625  -0.158113
-0.03125  -0.430817
-0.03125  -0.165065
0.09375  -0.0244324
0.0625  -0.182189
0  -0.311559
0.03125  -0.0755142
-0.15625  -0.301105
-0.0625  -0.170121
-0.125  -0.289689
0  -0.4561
-0.15625  -0.261295
0.125  -0.287047
0.15625  -0.299833
0.1875  -0.054561
0.0625  -0.296962
0.0625  -0.225788
0.03125  -0.0923495
-0.0625  -0.0346051
0.15625  -0.415759
0.09375  -0.121221
-0.0625  -0.170278
-0.21875  -0.164069
-0.03125  -0.343259
0.09375  -0.0441191
-0.0625  -0.230209
0  -0.404211
-0.125  -0.134669
0.0625  -0.117856
0  -0.29659
0.09375  -0.257218
-0.0625  -0.324387
0.1875  -0.289627
0.15625  0.000238616
0.03125  -0.333218
-0.125  -0.132891
-0.25  -0.208065
-0.15625  -0.247615
0.15625  -0.395751
0.15625  -0.207443
0.125  -0.253218
0.125  -0.136088
0.125  -0.0699708
0  -0.360073
-0.15625  -0.265133
0.03125  -0.498094
0  -0.189606
-0.09375  -0.451198
0.0625  -0.287469
-0.0625  -0.239339
0  -0.288934
-0.1875  -0.384778
-0.0625  -0.380827
0.15625  -0.136412
0.0625  -0.198778
0.15625  -0.385425
0.03125  -0.179008
0.09375  -0.19273
0.25  -0.4309
0.0625  -0.279916
0.1875  -0.468199
0.15625  -0.303734
0  -0.130792
0.0625  -0.606473
0.15625  -0.265449
-0.15625  -0.441407
-0.0625  -0.288402
-0.03125  -0.373375
0.3125  -0.349828
0.15625  -0.422664
0  -0.286755
-0.3125  -0.139366
0.28125  -0.300972
0.0625  -0.218833
0.0625  -0.15558
0.0625  -0.0908387
-0.125  -0.3024
-0.0625  -0.306031
-0.125  -0.276406
-0.125  -0.471117
0.03125  0.0341259
-0.21875  -0.349233
-0.09375  -0.0644965
0.1875  -0.204044
-0.125  -0.090759
0.0625  -0.1708
0.0625  -0.304422
-0.1875  -0.126326
0.09375  -0.300509
-0.09375  -0.198735
0.21875  -0.207939
-0.125  -0.0843778
-0.1875  -0.3769
0.15625  -0.122887
0.125  -0.202625
0.09375  -0.067698
0.125  -0.34865
-0.09375  -0.262053
0.21875  -0.224426
-0.125  -0.368816
0.03125  -0.131767
-0.09375  -0.250055
0.15625  -0.155842
-0.03125  -0.300802
-0.09375  -0.203915
0  -0.202296
-0.15625  -0.455654
-0.0625  0.0542387
-0.0625  -0.252079
-0.125  -0.15944
0  -0.200824
0.15625  -0.189198
0.03125  -0.292042
-0.03125  -0.512736
-0.15625  -0.502377
-0.125  -0.410862
0.125  -0.0590976
0.09375  -0.366337
-0.125  -0.149866
-0.03125  -0.0538712
-0.0625  -0.316837
-0.0625  -0.196399
0.15625  -0.0892566
0  -0.307239
-0.21875  -0.142156
-0.03125  -0.18615
0.09375  -0.410283
-0.09375  -0.00601931
-0.1875  -0.250673
-0.0625  -0.205325
0.03125  -0.00733153
0.1875  -0.0724465
-0.0625  -0.292844
-0.09375  -0.265609
0.03125  -0.0724289
0.03125  -0.114062
-0.15625  -0.269596
0.03125  -0.215295
-0.09375  -0.238967
0  -0.249191
0.15625  -0.337101
-0.1875  -0.210565
0.03125  -0.441724
0.125  -0.492592
0.25  -0.418337
-0.125  -0.591304
0.03125  -0.174541
0.1875  -0.204947
0.15625  -0.162893
-0.21875  -0.436451
0.03125  -0.133938
-0.0625  -0.166488
-0.125  -0.229994
0  -0.347618
-0.125  -0.265266
0.09375  -0.313279
0.09375  -0.281597
-0.28125  -0.404082
-0.1875  -0.148037
-0.1875  -0.345443
0.09375  -0.0460632
-0.1875  -0.244884
0.09375  -0.399684
0.09375  -0.0935789
-0.21875  -0.114802
0.03125  -0.338024
-0.03125  -0.163838
0.1875  -0.213063
0  -0.236967
0.15625  -0.369799
-0.25  -0.284499
-0.03125  -0.332995
0.03125  -0.0953977
0  -0.220423
0.21875  -0.335703
-0.0625  -0.156759
0.0625  -0.237784
0.15625  0.0342172
0.0625  -0.274099
-0.0625  -0.0680253
0.125  -0.30658
-0.125  -0.129276
-0.09375  -0.466206
0.03125  -0.285995
0  -0.260326
-0.09375  -0.247337
0.1875  -0.163505
-0.15625  -0.20997
-0.0625  -0.236143
-0.03125  -0.316306
0  -0.627219
-0.03125  -0.0463977
-0.03125  -0.281515
0.0625  -0.282853
-0.0625  -0.241654
-0.21875  -0.338051
-0.09375  -0.24679
0  -0.373843
0.03125  -0.261958
0.0625  -0.286186
0  -0.255807
-0.03125  -0.170364
-0.03125  -0.318952
0  -0.23597
0.15625  -0.292877
0.0625  -0.159596
-0.03125  -0.400798
-0.125  -0.116414
0.125  -0.157041
-0.03125  -0.165164
0.09375  -0.362258
0.03125  -0.0238447
-0.09375  -0.22534
-0.0625  -0.242804
0.125  -0.313465
0.09375  -0.417051
-0.125  -0.272438
-0.21875  -0.190164
0  -0.274189
-0.03125  -0.440963
0  -0.0669266
0.0625  -0.125779
-0.1875  0.0329146
0.0625  -0.528971
0.1875  -0.429624
-0.03125  -0.160443
-0.09375  -0.26761
0.125  -0.654539
0.125  -0.176296
-0.28125  -0.215608
0.28125  -0.353589
0  -0.443375
0  -0.083213
-0.125  -0.144674
-0.125  -0.361065
-0.3125  -0.130586
0.0625  -0.342817
-0.28125  -0.391932
-0.03125  -0.214297
-0.09375  -0.267772
-0.1875  -0.28755
0.03125  -0.297998
0.25  -0.429678
0.125  -0.368474
0.03125  -0.086823
-0.03125  -0.22884
0.1875  -0.485108
0.1875  -0.226184
-0.03125  -0.375884
-0.09375  -0.22334
0.0625  -0.0364089
0.03125  -0.249843
-0.3125  -0.220445
0  -0.146992
0.21875  -0.260907
-0.25  -0.350263
-0.0625  -0.19158
-0.03125  0.00714241
0.03125  -0.400853
-0.0625  -0.503338
0.21875  -0.348174
0  -0.327346
0.0625  -0.0270573
-0.0625  -0.247193
0.125  -0.230038
-0.0625  -0.195237
0.03125  -0.0285532
0.125  -0.223326
0.125  -0.441361
-0.21875  -0.380777
0.0625  -0.0876849
0.125  -0.359985
0.25  -0.240848
0.15625  -0.157313
0.0625  -0.318144
-0.15625  -0.291104
0.21875  -0.326858
-0.15625  -0.162863
0.09375  -0.120816
0.09375  -0.380863
-0.03125  -0.266329
0.125  -0.664112
0.03125  -0.341693
-0.09375  -0.317572
0.21875  -0.235247
-0.0625  -0.254568
-0.03125  -0.212605
-0.15625  -0.174259
-0.125  -0.274689
0.125  -0.335193
0.3125  -0.153796
0.09375  -0.0512674
0.0625  -0.284524
-0.125  -0.153356
0.0625  -0.275603
0.03125  -0.166857
0.125  -0.136508
0.09375  -0.0716781
-0.25  -0.432432
-0.125  -0.29225
0.0625  -0.263045
-0.03125  -0.344084
0.09375  -0.305566
0.125  -0.0358462
-0.15625  -0.262577
0.09375  -0.217789
0.09375  -0.390064
0.15625  -0.11437
0.1875  -0.321181
-0.125  -0.308537
-0.09375  -0.519513
0  -0.290373
0.0625  -0.274272
-0.03125  -0.227841
-0.0625  -0.0741969
-0.125  -0.131119
0  -0.197019
0.125  -0.0685476
0  -0.528817
-0.09375  -0.271145
0  -0.207556
0.0625  -0.491072
-0.03125  -0.262456
0.09375  -0.0210357
0.25  -0.293472
-0.03125  -0.317804
0.0625  -0.335975
0  -0.183087
0  -0.171288
-0.09375  -0.325136
-0.1875  -0.49166
-0.1875  -0.549186
-0.09375  -0.255399
0.0625  -0.49107
-0.09375  -0.211334
0.03125  -0.123452
-0.1875  -0.358643
-0.15625  -0.263573
0.21875  -0.25467
-0.03125  -0.0641383
-0.1875  -0.125666
0  -0.264811
0.0625  -0.387076
-0.125  -0.217686
0.15625  -0.0435058
-0.09375  -0.441312
0.0625  -0.233031
0.03125  -0.166411
-0.03125  -0.210768
-0.03125  -0.240393
-0.15625  -0.138638
-0.09375  -0.402828
0.15625  -0.118502
-0.09375  -0.160284
0  -0.223208
-0.15625  -0.0986258
0.09375  -0.406668
-0.0625  -0.259223
-0.25  -0.346251
0.0625  -0.238623
-0.0625  -0.263405
0.09375  -0.369261
-0.03125  -0.581043
0.28125  -0.184367
-0.125  -0.15388
0  -0.222469
0.0625  -0.270363
-0.125  -0.0907166
-0.15625  -0.1659
-0.125  -0.185995
0.09375  -0.350543
0.1875  -0.0589928
-0.0625  -0.25131
-0.125  -0.00384656
-0.1875  -0.478407
0.21875  -0.252899
0.21875  -0.236094
0.09375  -0.241908
0.15625  -0.11122
-0.0625  -0.300779
-0.03125  -0.211653
0  -0.236301
-0.03125  -0.180134
0.03125  -0.313457
0.03125  -0.440505
-0.03125  -0.332085
0.125  -0.312758
0.03125  -0.311417
-0.1875  -0.239549
-0.09375  -0.311811
0.03125  -0.162152
0  -0.207682
-0.0625  -0.301476
0.03125  -0.253417
-0.25  -0.370027
-0.09375  -0.195846
-0.0625  -0.389778
-0.125  -0.20075
0.125  -0.0855197
0.21875  -0.280703
-0.09375  -0.322492
0.125  -0.268953
-0.03125  -0.269889
0.09375  -0.433495
-0.09375  -0.370083
-0.09375  -0.488326
-0.0625  -0.24057
0.0625  -0.457642
-0.03125  0.00881057
-0.03125  -0.297931
0.21875  0.0642994
0.0625  -0.391261
0.15625  -0.143866
0.09375  -0.442694
0.03125  -0.189299
0.0625  -0.392938
0.21875  -0.180114
0.03125  -0.131871
0.03125  -0.0194653
0.03125  -0.186104
-0.1875  -0.399941
0.09375  -0.312984
0.125  -0.37367
0  -0.244096
0.09375  -0.227016
0.03125  -0.550131
-0.15625  -0.242882
0.09375  -0.390899
0.03125  -0.272112
-0.25  -0.197104
0  -0.551871
0.125  -0.312083
0.0625  -0.0826345
0.09375  -0.0260188
-0.15625  -0.0942968
-0.03125  -0.248062
-0.0625  -0.323846
-0.09375  -0.33287
-0.125  -0.168011
0.1875  -0.26409
-0.0625  -0.343094
0.21875  -0.371109
-0.15625  -0.402329
0.21875  -0.0399672
0  -0.400854
0  -0.236248
0.21875  -0.328675
0.0625  -0.0867232
0.03125  -0.437077
0.03125  -0.35987
-0.1875  -0.180347
-0.09375  -0.137654
-0.09375  -0.329158
0.125  -0.229212
0.03125  -0.292874
0.03125  -0.22412
-0.0625  -0.334922
-0.125  -0.442325
0.125  -0.31936
-0.1875  -0.529783
0.09375  -0.195098
0.09375  -0.221275
0.03125  -0.437461
-0.03125  -0.0710051
0.0625  -0.122861
0.09375  -0.0804716
0.0625  -0.0210228
0.0625  -0.343509
-0.25  -0.412599
0.21875  -0.368989
-0.21875  -0.416399
0.09375  -0.153748
0  -0.192347
0.03125  -0.435703
0.15625  -0.235702
0.1875  -0.361311
0  -0.338095
0  -0.364263
-0.28125  -0.410765
-0.125  -0.259159
-0.03125  -0.225524
-0.125  -0.373504
-0.0625  -0.242921
0.15625  -0.278605
0.25  -0.443129
-0.03125  -0.06648
0.0625  -0.250192
-0.03125  -0.442379
-0.09375  -0.244792
-0.28125  -0.165816
0.1875  -0.253897
-0.09375  -0.156323
-0.0625  -0.25622
-0.1875  -0.3715
-0.03125  -0.0324775
0.21875  -0.216091
0.09375  -0.0503384
0  -0.402368
0.25  -0.177257
0  -0.358793
0.03125  -0.341193
0.09375  -0.248479
-0.15625  0.0142363
0.15625  -0.220342
0.15625  -0.457055
0.125  -0.292837
-0.03125  -0.460349
0.125  -0.371515
-0.03125  -0.212365
0.15625  -0.18228
-0.28125  -0.414234
0.21875  -0.374961
-0.03125  -0.141279
0.09375  -0.131358
-0.0625  -0.256885
0.21875  -0.236975
-0.125  -0.209262
-0.03125  -0.150885
0.03125  -0.118901
-0.15625  -0.380306
0.15625  -0.364693
-0.0625  -0.212364
-0.03125  -0.368597
-0.09375  -0.104222
0.21875  -0.208537
-0.15625  -0.289225
0  -0.276017
-0.03125  -0.224039
-0.21875  -0.375254
-0.03125  -0.193614
-0.125  -0.0461368
0.03125  -0.34003
0.25  -0.318563
0  -0.44377
-0.15625  -0.212286
0.09375  -0.199909
-0.125  -0.338497
0.1875  -0.198669
0.15625  -0.312509
0.09375  -0.408199
0.09375  -0.139335
0.34375  -0.42122
0.09375  -0.146946
-0.1875  -0.390564
0.09375  -0.565025
0.09375  -0.19206
0.03125  -0.187735
0  -0.129434
0.21875  -0.219232
-0.03125  -0.16916
-0.03125  -0.434928
-0.09375  -0.0888281
-0.03125  -0.244348
0.21875  -0.214736
0.125  -0.281386
0.125  -0.410284
0.15625  -0.480084
-0.03125  -0.134249
-0.09375  -0.0312289
0.0625  -0.104648
-0.125  -0.224749
0.15625  -0.0603961
-0.03125  -0.235809
-0.1875  -0.374588
-0.09375  0.0363422
0.0625  -0.305008
0.25  -0.143252
-0.21875  -0.149471
-0.3125  -0.306758
-0.03125  -0.344024
-0.09375  -0.283533
-0.34375  -0.30915
0.03125  -0.125177
0  0.0673257
0.125  -0.199623
0  -0.45783
-0.1875  -0.21139
0.21875  -0.376379
-0.1875  -0.176565
0.09375  -0.167619
-0.28125  -0.294123
0.15625  -0.185936
-0.21875  -0.186561
0.0625  -0.177191
0.125  -0.246788
-0.3125  -0.298313
0  -0.300294
-0.03125  -0.316736
0  -0.293159
-0.1875  -0.409061
-0.03125  -0.207104
-0.125  -0.331114
0.03125  -0.146708
-0.03125  -0.479829
-0.0625  -0.206563
0.09375  -0.150331
-0.03125  -0.301449
0.09375  -0.41584
-0.125  -0.0422245
-0.03125  -0.159985
0  -0.347651
0  -0.040527
0.0625  -0.378929
0.0625  -0.295798
-0.03125  -0.225975
-0.0625  -0.476809
-0.125  -0.343813
0.15625  -0.168194
0.0625  -0.440228
0.28125  -0.0899055
-0.1875  -0.246459
0.15625  -0.252354
-0.03125  0.0282623
0.15625  -0.170759
-0.15625  -0.285265
-0.375  -0.22698
0.09375  -0.499267
-0.25  -0.190048
-0.09375  -0.372574
0.125  -0.192145
0.03125  -0.356685
-0.09375  -0.259672
-0.125  -0.253125
0.125  0.026736
0  -0.315517
0.15625  -0.0940142
-0.03125  -0.255209
0.125  -0.00346426
-0.09375  -0.373498
-0.09375  -0.0828105
-0.09375  -0.225105
-0.15625  -0.2788
-0.03125  -0.348188
-0.1875  0.00991115
0.125  -0.42611
0  -0.124716
0.0625  -0.305968
-0.0625  -0.205549
-0.25  -0.189988
-0.03125  -0.296332
0.125  -0.265227
0  -0.210446
0  -0.424596
0.15625  -0.319737
0.15625  -0.233742
0.03125  -0.395119
-0.09375  -0.228532
-0.3125  -0.428568
0.0625  -0.226923
0  -0.265554
0  -0.139818
0.09375  -0.191015
0.21875  -0.283909
0.125  -0.160527
-0.125  -0.119842
0.09375  -0.0513809
-0.0625  -0.24619
0.09375  -0.219417
-0.09375  -0.222328
0.125  -0.0725418
-0.0625  -0.385661
-0.0625  -0.511577
-0.0625  -0.308333
0.09375  -0.133012
-0.03125  -0.157139
0  -0.327541
0  -0.267625
-0.1875  -0.11237
0.125  -0.142954
-0.0625  -0.231778
0.15625  -0.573729
0.09375  -0.219356
-0.09375  -0.230859
0.15625  -0.0944529
0.03125  -0.315653
-0.15625  -0.167779
0.03125  -0.280554
-0.21875  -0.111655
-0.09375  -0.259912
0.375  -0.236537
0  -0.051299
0  -0.127822
0.125  -0.407324
-0.0625  -0.200186
0.09375  -0.504247
0.25  -0.169854
-0.15625  -0.375428
0  -0.427562
0  -0.217218
-0.03125  -0.478254
0  -0.307412
-0.0625  -0.326701
0.0625  -0.292893
0.09375  -0.459271
-0.15625  -0.361037
-0.0625  -0.272239
0.15625  -0.261954
-0.09375  -0.283735
-0.0625  -0.222239
-0.0625  -0.433426
0.03125  -0.370645
0.25  -0.427403
0.03125  -0.212821
-0.09375  -0.440555
0.09375  -0.412163
0.21875  -0.119967
-0.09375  -0.289993
-0.15625  -0.307153
-0.09375  -0.0624611
-0.0625  -0.205622
-0.15625  -0.337107
0.03125  -0.246998
-0.1875  -0.26675
-0.03125  -0.33868
-0.03125  -0.239549
-0.03125  -0.321216
0.09375  -0.0746115
-0.15625  -0.258655
-0.28125  -0.197101
-0.03125  -0.456904
-0.03125  -0.110081
0  -0.3347
0.0625  -0.388092
0.09375  -0.292005
0.03125  -0.389614
0.15625  -0.292291
0.25  -0.516075
0.0625  -0.128633
0.09375  -0.216829
0.125  -0.245642
-0.09375  -0.191655
0.15625  -0.411178
0  -0.0214488
-0.0625  -0.317578
0.03125  -0.264221
-0.1875  -0.295232
0.09375  -0.129856
-0.09375  -0.399972
0.15625  -0.12064
0.03125  -0.439657
0.0625  -0.151265
-0.09375  -0.279265
-0.125  -0.299006
0.15625  0.012302
-0.09375  -0.355945
0.03125  -0.355892
0.0625  -0.156116
-0.03125  -0.281815
-0.0625  -0.156829
-0.125  -0.180616
0  -0.0547559
-0.09375  -0.300529
-0.0625  -0.389131
-0.125  -0.234349
0.0625  -0.305239
-0.15625  -0.161996
0.21875  -0.478036
0.09375  -0.147311
-0.0625  -0.234656
0.25  -0.142953
0.1875  -0.177419
0.0625  -0.268518
0.21875  -0.425873
0  -0.476253
0.1875  -0.110871
0.03125  -0.202884
0.125  -0.455712
0.09375  -0.477313
-0.21875  -0.371226
0.21875  -0.0166508
0.1875  -0.249862
0.0625  -0.334743
-0.15625  -0.25811
0.0625  -0.386009
0.09375  -0.286487
-0.03125  -0.214236
-0.28125  -0.220704
-0.03125  -0.150583
-0.125  -0.166417
-0.0625  -0.136151
0.15625  -0.0757291
0  -0.205885
0.125  -0.361516
-0.125  -0.247207
0.0625  -0.218247
-0.03125  -0.254991
-0.375  -0.153463
0.09375  -0.411095
0.15625  -0.414743
-0.03125  -0.369703
-0.0625  -0.28016
0.125  -0.13006
0.125  -0.33428
0.03125  -0.523249
0.03125  -0.216264
-0.0625  -0.44342
0.03125  -0.33788
0.21875  -0.200781
-0.0625  -0.366251
0.0625  -0.30753
-0.125  -0.179451
-0.09375  -0.434768
-0.03125  -0.350955
0.09375  -0.279671
0.0625  -0.118311
0.0625  -0.165363
0.0625  -0.191511
0.0625  -0.272262
-0.1875  -0.468398
0  -0.133961
0.09375  -0.0200988
0.1875  -0.222142
-0.0625  -0.323826
0.03125  -0.241518
-0.09375  -0.2464
-0.09375  0.0864151
0.1875  -0.347928
0.0625  -0.224789
0  -0.335285
0.1875  -0.420806
0.15625  -0.05224
0.09375  -0.280578
0.1875  -0.277166
0.03125  -0.154078
-0.0625  -0.157859
0  -0.411064
0  -0.413297
-0.25  -0.215017
0.21875  -0.243549
0.0625  -0.163276
-0.09375  -0.0841869
-0.03125  -0.211889
-0.0625  -0.0380535
-0.125  -0.35239
0.03125  -0.428816
-0.0625  -0.576847
0.15625  -0.182967
0.03125  -0.497007
-0.03125  -0.0582074
0.0625  -0.139738
-0.03125  -0.234693
-0.125  -0.258254
-0.1875  -0.125392
0.03125  -0.458527
-0.0625  -0.376296
0  -0.202489
-0.15625  -0.445382
0.09375  -0.410967
0.03125  -0.289043
0  -0.224921
-0.15625  -0.42854
0.0625  -0.320772
-0.21875  -0.354836
-0.125  -0.323478
0.25  -0.0104974
0  -0.131706
0  -0.347435
-0.03125  -0.163243
0.0625  -0.325342
-0.09375  -0.300727
0.125  -0.295707
0.15625  -0.255802
0  -0.133119
0.09375  -0.224707
0.0625  -0.405543
-0.03125  -0.167069
0  -0.433454
0  -0.199573
-0.28125  -0.186935
-0.15625  -0.044565
0.0625  -0.329488
0.09375  -0.40341
-0.15625  -0.386653
-0.09375  -0.250065
0.0625  -0.107474
-0.21875  -0.346761
0.03125  -0.23848
-0.1875  -0.203282
0.21875  -0.0154429
-0.125  -0.364861
-0.34375  -0.331479
0.0625  -0.415137
-0.09375  -0.222837
-0.0625  -0.0210939
0.15625  0.00902428
-0.125  -0.29567
0.15625  0.0312617
-0.0625  -0.178184
-0.03125  -0.326641
-0.03125  -0.147038
0.1875  -0.403426
-0.03125  -0.00626413
0.0625  -0.475575
0.15625  -0.178227
-0.03125  -0.307492
-0.1875  -0.137035
-0.0625  -0.17059
-0.125  -0.290472
-0.21875  -0.281632
0.03125  -0.507085
-0.03125  -0.159451
-0.09375  -0.199326
-0.15625  -0.196173
0.09375  -0.0763358
-0.125  -0.187299
-0.125  -0.32394
-0.0625  -0.543661
-0.1875  -0.338012
0.0625  -0.302276
0  -0.204862
-0.25  -0.230805
-0.03125  -0.225651
0.0625  -0.0948779
0  -0.198187
0  -0.414801
0.0625  -0.08762
-0.0625  -0.206091
0.09375  -0.421427
-0.09375  -0.259208
-0.03125  -0.249617
0.21875  -0.390719
-0.125  -0.252106
0  -0.248706
0.09375  -0.414344
-0.03125  -0.110558
0.1875  -0.176671
-0.09375  -0.217763
0.0625  -0.238464
0.28125  -0.187477
-0.03125  -0.19859
0.03125  -0.258005
0  -0.329586
0.125  -0.299478
0  -0.562145
-0.09375  -0.266874
-0.21875  -0.0119951
0.125  -0.265155
-0.15625  -0.346328
0.03125  -0.147825
-0.125  -0.113212
0.28125  -0.315449
0.28125  -0.356626
0.03125  -0.14597
0.09375  -0.212863
-0.03125  -0.402562
0.28125  -0.149156
-0.125  -0.245164
0.125  -0.457798
0.125  -0.172646
0.09375  -0.239736
0.0625  -0.228767
0.125  -0.378554
0  -0.0259366
0.0625  -0.0586926
-0.125  -0.536715
-0.21875  -0.394058
0  -0.197178
0  -0.447116
0.09375  -0.191474
-0.0625  -0.279013
-0.03125  -0.436517
0  -0.167796
0.03125  -0.285404
0.03125  -0.435605
-0.09375  -0.211452
0.0625  -0.371997
0.03125  -0.335152
-0.0625  -0.202555
0.03125  -0.266048
0.28125  -0.166668
-0.125  -0.265691
-0.0625  -0.378001
0.03125  -0.382508
0  -0.527326
0.125  -0.461439
-0.1875  -0.193956
0  -0.137472
-0.03125  -0.193919
0  -0.11439
-0.03125  -0.299568
-0.09375  -0.300146
-0.09375  -0.394694
-0.0625  -0.126206
-0.0625  -0.309929
0.0625  -0.120006
0.03125  -0.325824
-0.03125  -0.141659
0  -0.330199
0.125  -0.161785
0.125  -0.220029
-0.3125  -0.237497
-0.09375  -0.392829
-0.09375  -0.192303
0.09375  -0.195459
0.15625  -0.237247
0.03125  -0.355957
0  -0.319271
0.0625  -0.270694
0.03125  -0.345237
-0.0625  -0.323261
0.03125  -0.256775
0  -0.169295
-0.125  -0.468748
-0.125  -0.274781
-0.21875  -0.318311
0.09375  -0.243803
-0.03125  -0.257824
-0.03125  -0.18646
0.0625  -0.456161
-0.03125  -0.447008
-0.03125  -0.392177
0.09375  -0.201232
-0.125  -0.275308
0.125  -0.176277
-0.15625  -0.282881
-0.15625  -0.287284
0.15625  -0.243813
0.09375  -0.326616
0  -0.309347
0.03125  -0.350138
0  -0.530403
-0.03125  -0.317252
0.03125  -0.273023
-0.15625  -0.389286
-0.09375  -0.298282
0.03125  -0.420004
-0.15625  -0.275074
-0.09375  0.0521453
0.125  -0.282433
-0.09375  -0.234291
-0.25  -0.0414374
0.1875  -0.138091
0  -0.435448
-0.34375  -0.235971
0  -0.0541482
-0.0625  -0.277877
0  -0.114519
0.09375  -0.0943131
-0.03125  -0.294223
0.03125  -0.282358
-0.03125  -0.587197
0.03125  -0.0963462
-0.21875  -0.216097
-0.0625  -0.197941
0.09375  -0.304737
-0.0625  -0.410555
0.03125  -0.261657
0.1875  -0.298674
-0.1875  -0.1456
0.15625  -0.301839
-0.1875  -0.171616
-0.03125  -0.253382
0.15625  -0.28643
0.03125  -0.167097
-0.1875  -0.281356
0  -0.258483
-0.09375  -0.293177
0.09375  -0.370285
0.0625  -0.451264
0.28125  -0.373963
0.09375  -0.262638
0.1875  -0.211204
0  -0.154072
-0.15625  -0.289662
0  -0.523989
-0.25  -0.142525
0  -0.177898
-0.21875  -0.407637
-0.25  -0.264027
-0.15625  -0.336146
0  -0.330214
0  0.0072716
0.09375  -0.278226
-0.0625  -0.232407
0.0625  -0.262891
-0.09375  -0.254452
-0.0625  -0.0594288
0.09375  -0.2748
0  -0.300393
0.09375  0.0583165
-0.0625  -0.435588
-0.03125  -0.149623
-0.03125  -0.165455
-0.1875  -0.322081
-0.21875  -0.199409
-0.0625  -0.139629
0.09375  -0.364297
0  -0.11334
0.09375  -0.284775
0.03125  -0.30574
0.15625  -0.17154
0.09375  -0.25222
0.21875  -0.325321
-0.125  -0.108221
0.0625  -0.376367
0.15625  -0.336732
0.125  -0.339284
-0.125  -0.459186
0.15625  -0.333172
-0.25  -0.438573
-0.09375  -0.253494
0  -0.364563
-0.03125  -0.308254
0  -0.289584
-0.21875  -0.236936
-0.03125  -0.388676
-0.125  -0.356827
0  -0.487939
-0.3125  -0.342798
-0.09375  -0.260386
-0.15625  -0.108629
-0.03125  -0.118206
-0.21875  -0.210498
0.125  -0.352852
0.21875  -0.2011
0.09375  -0.398225
-0.15625  -0.371708
0.0625  -0.256726
-0.15625  -0.308292
-0.125  -0.217872
-0.09375  -0.427056
0.1875  -0.147436
-0.03125  -0.226464
0.09375  -0.281612
0.15625  -0.298596
0.15625  -0.00887537
0.25  -0.355852
0.03125  -0.398672
0.1875  -0.0730451
-0.1875  -0.241002
0.03125  -0.414483
0.125  -0.0188111
-0.03125  -0.0579869
0  -0.252398
-0.03125  -0.27421
0  -0.215532
-0.15625  -0.331147
0.09375  -0.130982
0.15625  -0.10884
0.15625  0.0813093
-0.03125  -0.255066
0.125  -0.240358
0.0625  -0.179524
0  -0.347696
0  -0.210082
-0.15625  -0.290717
-0.0625  -0.117289
0.125  -0.410069
0  -0.517487
0.09375  -0.230968
0  -0.117274
-0.09375  -0.170055
-0.0625  -0.453469
0.28125  -0.296121
0.09375  -0.494896
-0.03125  -0.29825
0.03125  -0.246605
-0.0625  -0.298516
-0.34375  -0.256894
0  -0.434996
-0.09375  -0.173297
0.25  -0.160851
-0.15625  -0.356097
0  -0.541236
0.1875  -0.15433
-0.1875  -0.150441
0.125  -0.231393
-0.03125  -0.16805
-0.15625  -0.131391
0.125  -0.140412
-0.03125  -0.271794
-0.03125  -0.315313
-0.09375  -0.254106
0.15625  -0.316268
-0.125  -0.0261401
-0.0625  -0.0835227
0.15625  -0.188334
0.15625  -0.251577
0.0625  -0.356593
-0.21875  -0.0635573
-0.03125  -0.314173
-0.03125  -0.228398
0.125  -0.236016
-0.0625  -0.374979
-0.0625  -0.3606
0.21875  -0.326994
0.28125  -0.252511
-0.0625  -0.111057
-0.0625  -0.249204
0  -0.265126
-0.03125  -0.174411
0.0625  -0.411592
-0.03125  -0.484169
0.15625  -0.232924
-0.03125  -0.297856
-0.21875  -0.209714
0.1875  0.00907174
0.125  -0.142512
0.03125  -0.444909
0  -0.302115
0.15625  -0.314937
0  -0.311248
0.0625  -0.399603
0  -0.371427
0  -0.231324
-0.03125  -0.421374
0.21875  -0.424992
-0.125  -0.411229
0.03125  -0.316919
-0.21875  -0.208913
0.0625  -0.100473
0.3125  -0.474335
0  -0.328653
0.09375  -0.26508
-0.0625  -0.135763
0.0625  -0.163431
0.15625  -0.134738
0  -0.357102
0.09375  -0.322476
0.0625  -0.474248
-0.15625  -0.130951
-0.03125  -0.236618
0.21875  -0.0867855
0.21875  -0.0646358
0.09375  -0.280204
0.0625  -0.130456
0.03125  -0.265306
0.0625  -0.570546
0  -0.3747
-0.28125  -0.138121
-0.09375  -0.31145
-0.0625  -0.278369
0.15625  -0.231267
0  -0.270945
-0.21875  -0.275641
0.09375  -0.39795
-0.03125  -0.342468
0.125  -0.0633203
-0.0625  -0.206697
0.125  -0.0875504
-0.0625  -0.232263
0.0625  -0.144329
-0.125  -0.282242
-0.125  -0.155621
0.21875  -0.174336
-0.375  -0.250484
0.0625  -0.018444
0.28125  -0.32204
-0.21875  -0.238639
0.0625  -0.337806
-0.09375  -0.2758
-0.09375  -0.395651
-0.09375  0.0391807
0.0625  -0.108202
-0.09375  -0.316676
-0.0625  -0.339156
0.0625  -0.222652
0.0625  -0.35883
-0.1875  -0.0937686
-0.03125  -0.244947
0.09375  -0.254899
0.15625  -0.400976
0.0625  -0.349785
0.125  -0.394055
-0.0625  -0.673875
0.03125  -0.226587
-0.1875  -0.145141
0  -0.43024
0  -0.409431
-0.03125  -0.265833
-0.15625  -0.193567
0.09375  -0.354348
0.0625  0.128061
-0.09375  -0.146078
0.03125  -0.270985
0.15625  -0.470914
0.125  -0.266896
-0.125  -0.036776
-0.28125  -0.268522
-0.0625  -0.32528
-0.15625  -0.45477
0.09375  -0.137879
-0.09375  -0.479821
-0.15625  -0.282424
0.15625  -0.378501
0  -0.193056
-0.03125  -0.377854
0.1875  -0.361514
-0.1875  -0.359637
-0.15625  -0.160082
0  -0.24353
0.03125  -0.178211
-0.1875  -0.142518
-0.15625  -0.212878
-0.25  -0.261191
-0.03125  -0.432799
0  -0.229317
0.0625  -0.311047
0.03125  -0.225217
-0.03125  -0.459301
-0.21875  -0.238928
-0.09375  -0.335194
0.15625  -0.127202
0  -0.116795
-0.125  -0.335682
0.09375  -0.286287
-0.09375  -0.142786
-0.0625  -0.244143
-0.28125  -0.546484
0  -0.325572
-0.1875  -0.322882
-0.09375  -0.499939
-0.0625  0.120145
0.125  -0.16112
-0.03125  -0.131465
-0.125  -0.275819
0.125  -0.276551
0.125  -0.290641
-0.0625  -0.0744663
-0.09375  -0.229768
-0.03125  -0.257082
-0.0625  -0.557931
0.125  -0.382417
-0.125  -0.107261
-0.0625  -0.395754
0.09375  -0.274853
0.03125  -0.322854
-0.03125  -0.366601
-0.21875  -0.345769
0.125  -0.214532
-0.0625  -0.164371
0.1875  -0.231513
0.125  -0.28074
0.15625  -0.471135
-0.03125  -0.243101
0.03125  -0.283451
-0.15625  -0.241107
-0.03125  -0.217724
0.03125  -0.302024
-0.28125  -0.329885
-0.15625  -0.273062
-0.125  -0.273352
0  -0.35022
0  -0.380944
0.125  -0.262389
-0.125  -0.30489
0.03125  -0.182073
-0.15625  -0.105438
0.21875  -0.431649
0  -0.134338
0.0625  -0.286484
0.15625  -0.305723
0  -0.242451
0.25  -0.0725837
-0.40625  -0.146617
0.0625  -0.193629
0.0625  -0.273952
0.25  -0.341649
0.09375  -0.0217215
-0.09375  -0.111283
0.0625  -0.266836
0.15625  -0.258204
0.1875  -0.306774
0.3125  -0.216791
0.03125  -0.0631063
-0.0625  -0.212616
-0.09375  -0.247506
0.03125  0.03695
-0.125  -0.258597
0  -0.368168
-0.03125  -0.403206
-0.03125  -0.0546648
-0.03125  -0.20026
0.0625  -0.360655
-0.09375  -0.43363
-0.1875  -0.406012
-0.09375  -0.339212
-0.09375  -0.3123
0.09375  -0.199021
0.0625  0.0709101
-0.1875  -0.284228
0.125  -0.193657
0.03125  -0.265968
-0.25  -0.0068515
0.03125  -0.163462
-0.15625  -0.401274
0.1875  -0.403592
-0.15625  -0.00492174
0.25  -0.212672
0  -0.324169
-0.0625  -0.345299
0.0625  -0.265023
-0.25  -0.0234691
0.03125  -0.278803
0.15625  -0.288627
0.09375  -0.352728
0.1875  -0.14243
0  -0.156438
-0.03125  -0.260797
0.1875  -0.457776
0.03125  -0.18649
-0.125  -0.241298
-0.09375  -0.199327
0.03125  -0.167319
-0.03125  -0.262665
-0.03125  -0.379434
0.1875  -0.0806687
-0.125  -0.332079
-0.21875  -0.340956
0.03125  -0.303354
0.125  -0.119888
-0.125  -0.301379
0.0625  -0.246658
-0.03125  -0.456468
0.0625  -0.309
-0.0625  -0.128934
0.1875  -0.491456
-0.03125  -0.332002
-0.0625  -0.280567
-0.0625  -0.147355
0  -0.400713
0.03125  -0.119646
0  -0.294923
-0.21875  -0.0550282
0.03125  -0.193068
0.09375  -0.160777
-0.03125  -0.344092
0.03125  -0.216697
0.125  -0.268751
-0.0625  -0.322799
0.15625  -0.336391
0.15625  -0.281472
-0.03125  -0.139577
-0.0625  -0.200677
0  -0.290631
-0.125  -0.239946
0.0625  -0.34946
0.1875  -0.255249
0.09375  -0.242963
0.21875  -0.604277
-0.03125  -0.35236
0.1875  -0.273128
-0.1875  -0.109674
-0.125  -0.210283
0  -0.0710733
0.09375  -0.355862
-0.1875  -0.517454
-0.03125  -0.197474
-0.03125  -0.36478
0  -0.336621
0.09375  -0.457189
0.03125  -0.323031
0.03125  -0.288305
-0.03125  -0.445117
-0.21875  -0.114771
-0.1875  -0.149354
0.125  -0.153799
-0.15625  -0.156109
0.09375  -0.457787
-0.0625  -0.405186
0.03125  -0.429138
0.03125  -0.469091
0.15625  -0.17397
-0.15625  -0.169474
0  -0.253819
0.3125  -0.186813
0.0625  -0.0131101
-0.09375  -0.300478
0.0625  -0.309616
0.21875  0.0119244
0.15625  -0.331426
0.125  -0.367236
-0.125  -0.0835538
-0.125  -0.311122
0.125  -0.280249
0.03125  -0.15234
0.15625  -0.225421
0.03125  -0.284841
0.15625  -0.295291
-0.0625  -0.168025
0  -0.170405
-0.21875  -0.272026
0  -0.22748
0.09375  -0.248048
-0.03125  -0.14808
0  -0.232686
0  -0.283419
0  -0.0170213
0.09375  -0.327378
-0.03125  -0.317346
0.375  -0.36602
-0.125  -0.145644
0.03125  -0.384282
0  -0.180594
-0.09375  -0.179867
0.15625  -0.302034
0  -0.163991
0.3125  -0.0797682
-0.03125  -0.120416
-0.28125  -0.0192558
-0.125  -0.304171
0.09375  -0.363251
-0.03125  -0.082638
-0.125  -0.370343
0.09375  -0.3108
-0.03125  -0.185875
-0.03125  -0.238389
0.03125  -0.520608
0.03125  -0.231926
-0.03125  -0.284709
0  -0.326559
-0.03125  -0.195941
0.15625  -0.0240466
0.0625  -0.362378
0.28125  -0.328651
0.125  -0.230453
-0.125  -0.127915
0.03125  -0.232057
-0.03125  -0.456837
-0.03125  -0.30353
-0.03125  -0.336498
0.0625  -0.468859
0  -0.194747
-0.0625  -0.234219
-0.03125  -0.183784
0.0625  -0.130451
-0.03125  -0.184698
0.15625  -0.288246
0.15625  -0.538241
0.03125  -0.0736691
0.1875  -0.234558
-0.15625  -0.122422
-0.15625  -0.299842
-0.03125  0.076896
0.03125  -0.219826
0.0625  -0.334767
0.0625  -0.061798
0.0625  -0.256533
-0.03125  -0.129601
0.03125  -0.0950559
-0.09375  -0.273555
-0.0625  -0.259798
-0.125  0.0770042
-0.125  -0.31603
-0.09375  -0.303068
0.03125  -0.219512
0  -0.126821
0.21875  -0.480455
0.28125  -0.291674
-0.0625  -0.183377
0.0625  -0.404873
0.21875  -0.410139
0  -0.443182
-0.21875  -0.358189
0  -0.388972
-0.03125  -0.421134
-0.03125  -0.171608
-0.125  0.0487877
0.1875  -0.181656
0.125  -0.207546
-0.09375  -0.092583
0.15625  -0.19452
-0.125  -0.320285
0.09375  -0.231567
-0.25  -0.00174541
-0.03125  -0.301826
0.125  -0.267612
0.1875  -0.276339
-0.09375  -0.0972865
-0.0625  -0.27692
0.0625  -0.219784
0  -0.334646
-0.0625  -0.0660229
-0.28125  -0.206966
0.28125  -0.361748
0  -0.124393
-0.25  -0.148141
-0.125  -0.219458
0.03125  -0.26857
0.0625  -0.150969
0.09375  -0.00970933
0.03125  -0.49037
0.0625  -0.173482
-0.125  -0.369318
0.03125  -0.26276
0.25  -0.37727
-0.0625  -0.191361
0  -0.140286
0  -0.408132
0.125  -0.154457
0.1875  -0.415079
-0.125  -0.121299
0.03125  -0.295923
0.125  -0.0825205
-0.0625  -0.253892
0.125  -0.0209212
0.1875  -0.144491
0  -0.313083
-0.03125  -0.210663
0.03125  -0.43705
-0.03125  -0.314808
0.03125  -0.398655
-0.125  -0.333661
0.09375  -0.362937
0.125  -0.446382
0.25  -0.0694524
0.0625  -0.158948
-0.03125  -0.338104
0  -0.252666
0.21875  -0.208172
-0.09375  -0.337825
-0.25  -0.0875054
-0.125  -0.133387
0.03125  -0.206321
0  -0.0368365
0.09375  -0.160355
-0.1875  -0.303143
0.09375  -0.167149
0.125  -0.414322
0  -0.29486
-0.03125  -0.0931661
0.03125  -0.236236
0.09375  -0.350353
0.0625  -0.454966
0.375  -0.477235
-0.15625  -0.29634
-0.09375  -0.542179
-0.15625  -0.512869
0.1875  -0.433398
-0.03125  -0.128987
-0.09375  -0.334232
0  -0.302074
0.1875  -0.158233
-0.1875  -0.383917
-0.0625  -0.237146
0.0625  -0.241392
0.15625  -0.310398
-0.15625  -0.482788
0.03125  -0.256981
0.0625  0.107143
-0.125  -0.134498
0.125  -0.200975
0  -0.0705021
-0.0625  -0.456821
0.15625  -0.349545
0.03125  -0.333387
-0.0625  -0.325542
-0.09375  0.0146716
-0.125  -0.228168
-0.03125  -0.116167
0  -0.297385
0  -0.335037
-0.1875  -0.306555
0.03125  -0.128114
0  -0.444064
0.09375  -0.256806
0.1875  -0.315751
-0.15625  -0.157573
0.125  -0.0885331
0.0625  -0.021301
0.03125  0.0138513
0.0625  -0.167464
-0.1875  -0.136585
-0.09375  -0.140546
-0.09375  -0.159786
0  -0.297262
-0.0625  -0.148503
-0.28125  -0.216044
0.03125  0.119671
-0.0625  -0.31304
0.09375  -0.217149
0.0625  -0.375957
0.125  -0.175946
0.21875  -0.165327
0  -0.339643
-0.21875  -0.273866
-0.09375  -0.116293
0.15625  -0.17013
0.21875  -0.314805
0.15625  -0.239973
-0.125  -0.23084
0.03125  -0.172287
0.34375  -0.203154
-0.09375  -0.368654
0.0625  -0.195906
-0.09375  -0.220568
0.03125  -0.343989
-0.1875  -0.0880297
-0.1875  -0.215214
0.0625  0.0312869
-0.0625  -0.269719
-0.0625  -0.153941
-0.1875  -0.228542
-0.09375  -0.332573
-0.0625  -0.0446501
0.1875  -0.294432
0.03125  -0.235073
0.09375  -0.409499
0.03125  -0.368971
-0.125  -0.330028
0.1875  -0.507122
0.1875  -0.320176
0.125  -0.126816
0.125  -0.402346
0  -0.323317
0.09375  -0.244197
-0.21875  -0.293505
-0.03125  -0.0443802
0.09375  -0.397433
-0.09375  -0.393259
-0.0625  -0.373922
0.21875  -0.074458
0  -0.0662749
-0.125  -0.118523
0.125  -0.09523
0.15625  -0.194788
0.1875  -0.0681692
-0.1875  -0.242168
-0.15625  -0.350417
-0.09375  -0.463872
-0.03125  -0.52624
-0.0625  -0.215023
-0.03125  -0.432335
0.03125  -0.410445
-0.15625  -0.392909
0.09375  -0.0548659
0.03125  -0.268078
-0.03125  -0.245698
0.28125  -0.411337
-0.21875  -0.370142
-0.125  -0.21589
0.15625  -0.312994
0.125  -0.0988903
-0.15625  -0.218949
0.125  -0.154428
0  -0.549206
0.09375  -0.0627905
0.25  -0.356462
0.03125  -0.0646812
-0.125  -0.0335844
0.0625  -0.186181
0  -0.162987
0.09375  -0.0865235
0.03125  -0.413454
0.40625  -0.168785
0.15625  -0.0776779
0.15625  -0.437413
0.03125  -0.296813
0.0625  -0.177756
0.09375  -0.0109185
-0.03125  -0.129351
-0.03125  -0.327578
0.15625  -0.0510208
-0.0625  -0.0815753
-0.0625  -0.39663
0.03125  -0.250498
-0.15625  -0.0588658
-0.0625  -0.0388247
-0.0625  -0.134398
0.1875  -0.316142
-0.09375  -0.147728
0.09375  -0.290412
-0.3125  -0.323159
-0.03125  -0.333174
-0.0625  -0.355216
-0.0625  -0.149478
-0.15625  -0.231109
-0.0625  -0.153606
-0.03125  -0.331833
0.03125  -0.379067
-0.0625  -0.251146
0.21875  -0.128996
0.0625  -0.0150804
0.09375  -0.329618
0.21875  -0.247875
0.125  -0.164357
0.09375  -0.0101057
0  0.0359787
-0.25  -0.346387
0.34375  -0.448177
0.09375  -0.255458
-0.03125  -0.319015
0  -0.0815062
0.03125  0.102443
-0.0625  -0.375446
-0.09375  -0.220492
0.15625  -0.165732
-0.125  -0.0686687
0.25  -0.0332615
-0.3125  -0.133385
0  -0.250887
0.3125  -0.179141
-0.09375  -0.197392
-0.09375  -0.267301
-0.0625  -0.498217
0.1875  -0.115137
0.0625  -0.424039
-0.125  -0.278101
0.0625  -0.293295
0.125  -0.277543
-0.03125  -0.316585
0.09375  -0.290834
-0.03125  -0.341624
-0.03125  -0.393383
-0.09375  -0.307268
0.03125  -0.194279
0.03125  -0.278996
-0.03125  -0.273662
0  -0.367114
-0.125  -0.373713
-0.03125  -0.265562
0.1875  -0.133628
0.09375  -0.327195
0.03125  -0.0878442
0.15625  -0.260023
0.1875  -0.2482
0.0625  -0.421527
0  0.0508506
0.03125  -0.0911326
0  -0.191669
0.03125  -0.292151
0.125  -0.477883
0.0625  -0.237264
0.125  -0.129931
0.03125  -0.215193
0  -0.260032
-0.1875  -0.111405
-0.1875  -0.294697
0.0625  -0.351962
0  -0.336074
-0.03125  -0.233138
-0.0625  -0.425479
-0.03125  -0.294186
0.125  -0.383285
-0.03125  -0.0653695
0.0625  -0.0578165
-0.03125  -0.345036
-0.09375  -0.356444
-0.09375  -0.206558
0.0625  -0.189461
-0.125  -0.416707
0.09375  -0.381508
0.125  -0.180408
-0.0625  -0.125926
0.03125  -0.287946
0.125  -0.169393
0.1875  -0.374843
0  -0.313388
0.09375  -0.252182
0.03125  -0.490336
0.09375  -0.486622
0.0625  -0.332784
0.125  -0.222272
0.0625  -0.19378
0.25  -0.416421
-0.03125  -0.161163
0.0625  -0.0554182
-0.15625  -0.258225
-0.15625  -0.421883
0.28125  -0.288868
-0.03125  -0.150359
-0.09375  -0.449225
0.0625  -0.376148
0.03125  -0.190742
-0.0625  -0.304292
0.21875  -0.0125552
-0.125  -0.245019
0  -0.396934
0.09375  -0.14154
-0.21875  -0.254693
-0.09375  -0.205134
-0.125  -0.365656
0.09375  -0.322699
0.09375  -0.0981839
-0.0625  -0.238815
0.03125  -0.226128
0.1875  -0.458021
-0.0625  -0.107665
-0.1875  -0.233932
-0.0625  -0.255802
0  -0.0860915
-0.0625  -0.263547
-0.03125  -0.15718
0.1875  -0.0178609
0  -0.37771
0.21875  -0.101984
0.125  -0.247655
0.0625  -0.382223
-0.1875  -0.24599
0.125  -0.294124
-0.0625  -0.152716
0.0625  -0.329892
0.0625  -0.36831
0.03125  -0.0994611
-0.03125  -0.387307
0.125  -0.416671
-0.21875  -0.307387
-0.09375  -0.294663
-0.15625  -0.220078
-0.0625  -0.295555
0.09375  -0.199994
-0.0625  -0.401907
0.09375  -0.182065
0.09375  -0.320566
0  -0.38964
-0.1875  -0.437527
0.125  -0.247037
-0.21875  -0.223724
0  -0.507448
0.0625  -0.239115
-0.03125  -0.192882
0.09375  -0.420167
0.21875  -0.396058
0.03125  -0.365874
0.125  -0.203653
-0.03125  -0.29019
-0.15625  -0.189957
-0.09375  -0.451543
-0.125  -0.264848
0.0625  -0.283722
-0.09375  -0.175757
-0.0625  -0.441164
-0.0625  -0.284127
-0.21875  -0.268841
0.03125  -0.176637
0.03125  -0.178197
-0.40625  -0.211805
0.03125  -0.328555
0.03125  -0.359957
-0.03125  -0.232902
-0.3125  -0.360704
0.03125  -0.460281
0.0625  -0.342068
0.09375  -0.139338
-0.0625  -0.205427
0  -0.451723
-0.15625  -0.243066
0.15625  -0.486004
-0.15625  -0.437045
0  -0.348439
0.09375  -0.227407
0.125  -0.115189
-0.21875  -0.352359
0.03125  -0.530233
0.09375  -0.222136
0.1875  -0.293142
0.21875  -0.0846906
0.0625  -0.262344
0.125  -0.445501
0.1875  -0.180652
-0.0625  -0.256993
-0.125  -0.406159
0.03125  -0.312691
0.09375  -0.386679
-0.0625  -0.145093
0.15625  -0.188894
0.03125  -0.098911
-0.0625  -0.405159
0  -0.415116
0  -0.146834
0.125  -0.253822
0.125  -0.169025
0.21875  -0.204039
-0.03125  -0.316901
-0.15625  -0.0574238
-0.09375  -0.235105
0.0625  -0.059444
0.03125  -0.241966
-0.125  -0.291687
0.0625  -0.211468
0.125  -0.126677
0  -0.114422
0  -0.288163
0.09375  -0.266192
-0.15625  -0.515282
-0.125  -0.150776
0.03125  -0.144918
0.03125  -0.323776
-0.25  -0.123961
0  -0.320662
0.15625  -0.42194
0.125  -0.235171
-0.15625  -0.303877
0.0625  -0.456238
0  -0.383557
0.15625  -0.473392
-0.125  -0.144656
0  -0.175723
-0.0625  -0.311565
0.0625  -0.201231
0.15625  -0.250258
0.0625  -0.068678
0.125  -0.346231
0.25  -0.319161
0  -0.122855
-0.25  -0.155945
-0.15625  -0.234482
-0.03125  -0.241693
0.25  -0.3525
-0.125  -0.272492
-0.0625  -0.261626
-0.03125  -0.235144
0.125  -0.0269763
0.125  -0.311008
0  -0.230417
-0.28125  -0.0273251
0.125  -0.245076
-0.21875  -0.412825
0.125  0.00408855
0.03125  -0.129135
-0.0625  -0.446301
-0.15625  -0.177567
0  -0.131211
-0.0625  -0.312057
0.25  -0.319977
0.09375  -0.121526
-0.03125  -0.435712
0.125  -0.393056
0.09375  -0.219092
-0.0625  -0.0929568
-0.125  -0.389307
0.03125  -0.340371
-0.15625  -0.180644
-0.21875  -0.459314
0.03125  -0.317273
0.1875  -0.229594
-0.03125  -0.00839439
-0.28125  -0.0581091
0.15625  -0.43736
0.0625  -0.188342
0  -0.369908
-0.1875  -0.276276
-0.15625  -0.238139
0.03125  -0.261598
-0.1875  -0.257111
0.1875  -0.29868
-0.09375  -0.494873
-0.0625  -0.407013
0.1875  -0.0802925
0.1875  -0.294647
-0.09375  0.0483025
-0.03125  -0.372224
0  -0.35477
0.09375  -0.277256
0.125  -0.367076
-0.09375  -0.136519
0.03125  -0.229602
0.21875  -0.147295
0  -0.282435
0.21875  -0.215941
-0.15625  -0.314987
0.125  -0.210128
-0.15625  -0.0383896
-0.0625  -0.213445
0.09375  -0.280647
-0.0625  -0.163225
0.1875  -0.303646
0.25  -0.445955
-0.0625  -0.262776
0.0625  -0.536141
-0.09375  -0.306016
0.03125  -0.390244
-0.0625  -0.161879
-0.03125  -0.460041
0.25  -0.0198264
0.09375  -0.486053
0.09375  -0.25821
0  -0.161098
-0.15625  -0.334399
0.125  -0.303771
0  -0.378644
-0.0625  -0.573877
-0.03125  -0.145597
0  -0.339306
-0.21875  -0.383953
-0.09375  -0.398896
-0.03125  -0.217224
-0.03125  -0.368089
-0.1875  -0.349758
0.09375  -0.18207
0.1875  -0.31025
0.125  -0.274187
0.03125  -0.180908
-0.09375  -0.347993
-0.0625  -0.149227
0.25  -0.36638
-0.125  -0.324581
-0.125  -0.123702
-0.1875  -0.202428
0.03125  -0.457612
-0.03125  -0.202334
-0.09375  -0.227851
0  -0.248101
0.125  -0.287644
-0.0625  -0.34681
0.0625  -0.132092
-0.0625  -0.190073
-0.03125  -0.127823
-0.0625  -0.447135
-0.0625  -0.218039
-0.0625  -0.304042
-0.0625  -0.274599
-0.0625  -0.447985
0.03125  -0.241887
0.0625  -0.186253
-0.15625  -0.0554488
0.09375  -0.250055
0.0625  -0.282642
0.09375  -0.342203
-0.09375  -0.361522
0.1875  -0.39695
0.0625  -0.16539
0.0625  -0.40236
0.09375  -0.250811
-0.0625  -0.0983907
0  -0.342519
-0.09375  -0.317552
-0.09375  -0.403403
0.15625  -0.110319
-0.25  -0.253872
-0.15625  -0.476334
-0.25  -0.368241
0.09375  -0.178914
0.0625  -0.321875
0.25  -0.11711
0.125  -0.23892
-0.125  -0.144993
-0.1875  -0.228475
-0.125  -0.29421
-0.03125  -0.307716
-0.125  -0.0429188
0.0625  -0.375189
0.0625  -0.302285
0  -0.235674
0.15625  -0.0736677
-0.1875  -0.281051
-0.03125  -0.367908
-0.3125  -0.479925
0.03125  -0.399884
0.09375  -0.398796
0.03125  -0.420058
-0.09375  -0.400163
0.0625  -0.429522
0.03125  -0.214065
0.15625  -0.183767
0.0625  -0.140324
-0.03125  -0.146518
-0.03125  -0.167329
-0.09375  -0.0465358
0.25  -0.502773
0.03125  -0.313728
0  -0.0808426
0.1875  -0.242309
0.1875  -0.24084
-0.1875  -0.426141
-0.03125  -0.131602
-0.03125  -0.286864
0  -0.225492
0  -0.357003
-0.21875  -0.0933659
0.125  -0.19838
0.03125  -0.278502
-0.03125  -0.495923
0  -0.259813
0.0625  -0.299478
-0.0625  -0.284608
0.0625  -0.214246
-0.25  -0.240451
-0.1875  -0.264258
0.09375  -0.0750054
0.125  -0.300191
-0.15625  -0.322813
0.0625  -0.399219
-0.09375  -0.394172
0  -0.420613
0  -0.0399442
0  -0.267681
-0.0625  -0.395699
0.03125  -0.450418
-0.15625  -0.228731
-0.03125  -0.198197
0.25  -0.424456
0.3125  -0.308827
-0.09375  -0.161573
-0.1875  -0.330393
0.25  -0.213836
0.09375  -0.318168
-0.03125  -0.208553
-0.1875  -0.149426
0  -0.459644
-0.1875  -0.01622
-0.3125  -0.103521
0.25  -0.228705
0.125  -0.0664864
-0.0625  -0.139657
0.0625  -0.224874
0.03125  -0.387994
0.03125  -0.168467
-0.15625  -0.342917
0  -0.184818
0.125  -0.46889
-0.03125  -0.393767
0.03125  -0.22418
-0.09375  -0.161331
-0.09375  -0.0110188
-0.1875  -0.190671
0.3125  -0.503253
-0.0625  -0.273083
0.125  -0.405401
0  -0.178319
-0.375  -0.338474
0.25  -0.424118
-0.0625  -0.277839
0.0625  -0.118534
0.3125  -0.427261
0.15625  -0.20102
-0.15625  -0.382646
-0.125  -0.393341
0.0625  -0.400921
0.0625  -0.360037
-0.09375  -0.0972429
-0.0625  -0.353413
-0.0625  -0.023997
0.21875  -0.490771
0.09375  -0.247358
-0.09375  -0.387703
0.09375  -0.313151
-0.03125  -0.308874
0  -0.333157
0.03125  -0.284746
0.09375  -0.342894
0.125  -0.207184
0.0625  -0.194073
-0.03125  -0.305274
0.1875  -0.33636
0.0625  -0.0685018
0.03125  -0.444203
0.125  -0.394563
0.03125  -0.233636
0.0625  -0.136719
0.09375  -0.204278
-0.1875  -0.525999
-0.03125  -0.0500807
0.09375  -0.233931
0.125  -0.409481
0.125  -0.31906
-0.09375  -0.0501759
0.125  -0.142475
-0.21875  -0.0892976
0.03125  -0.272561
-0.125  -0.280248
0.0625  -0.147732
-0.09375  -0.242094
0.03125  -0.146602
-0.0625  -0.394187
-0.21875  -0.13526
0.03125  -0.336284
0.0625  -0.138324
-0.09375  -0.189276
0  -0.115043
0.28125  -0.300104
0.03125  -0.315115
-0.125  -0.166254
0.125  -0.214528
0  0.0285418
0.21875  -0.255186
-0.03125  -0.279065
-0.0625  -0.315839
0.125  -0.576983
0.09375  -0.137614
-0.25  -0.223278
0.125  -0.115631
0.09375  -0.309043
0  -0.172021
-0.125  -0.275172
0.03125  0.00412401
-0.15625  -0.0243762
-0.3125  -0.431957
0.15625  -0.25099
0.0625  -0.255433
0.15625  -0.4992
0.03125  -0.27578
-0.03125  -0.312087
-0.0625  -0.113647
0.03125  -0.277102
-0.0625  -0.296079
-0.28125  -0.332117
0  -0.191447
0  -0.415975
0  -0.0754033
0.3125  -0.447251
-0.125  -0.445911
-0.09375  0.00836197
-0.03125  -0.284818
0.21875  -0.31585
-0.03125  -0.413463
0.09375  -0.196031
-0.03125  -0.236717
0.09375  -0.255068
0.0625  -0.508625
0.21875  -0.162467
-0.03125  -0.442816
0  -0.22604
0.09375  -0.316296
0.125  -0.267293
-0.03125  -0.439654
-0.09375  -0.117355
0  -0.221539
0.15625  -0.134962
-0.09375  -0.276143
0.15625  -0.283771
-0.09375  -0.250422
0  -0.315524
0.03125  -0.186022
0.0625  -0.349237
-0.125  -0.202829
-0.21875  -0.160878
0.0625  -0.214186
0  -0.202507
0.0625  -0.161845
0.21875  -0.353898
0  -0.336986
-0.15625  -0.399921
-0.15625  -0.0350322
-0.0625  -0.298284
-0.125  -0.310961
-0.125  -0.145364
0.0625  -0.23114
-0.25  -0.183803
0.0625  -0.240555
-0.0625  -0.327195
0  -0.126184
0.03125  -0.0647113
-0.03125  -0.427271
-0.03125  -0.294845
0.0625  -0.247563
0.0625  -0.250706
0.09375  -0.208634
-0.03125  -0.250598
-0.0625  -0.407238
-0.03125  -0.348686
0.1875  -0.297651
0.25  -0.415297
-0.0625  -0.174735
0  -0.141711
0.09375  -0.197081
-0.03125  -0.396659
0.1875  0.168469
0  0.019292
0  -0.159869
0.03125  -0.277751
0.0625  -0.292473
0  -0.217953
-0.03125  -0.604597
-0.0625  -0.52172
-0.0625  -0.139096
0.1875  -0.200936
0.03125  -0.265384
-0.0625  -0.138452
-0.03125  -0.363766
-0.21875  -0.365696
0.0625  -0.401439
-0.03125  -0.300302
-0.09375  -0.414558
-0.03125  -0.255079
0.28125  -0.268571
-0.0625  -0.0480791
0.03125  -0.444177
0.15625  -0.247883
0.09375  -0.134708
0.0625  -0.226215
-0.0625  -0.0580374
0.0625  -0.290295
0  -0.430037
-0.0625  -0.268165
0.09375  -0.356298
0.0625  -0.112166
-0.15625  -0.243316
-0.15625  -0.184855
0.15625  -0.371726
-0.21875  -0.386422
0.125  -0.247928
0.25  -0.478354
-0.09375  -0.351873
-0.03125  -0.248529
0.09375  -0.405283
0.09375  -0.150028
-0.15625  -0.209229
-0.21875  0.168811
0.0625  -0.465165
0.125  -0.232892
-0.09375  -0.477817
0.3125  -0.101899
0.03125  -0.268113
0.0625  -0.322536
-0.125  -0.465494
0.0625  -0.304397
-0.15625  -0.304574
-0.15625  -0.279639
0.125  -0.426738
0.15625  -0.100128
0.03125  -0.330478
-0.03125  -0.481761
-0.1875  -0.162681
0.03125  -0.380643
0.0625  -0.159079
0.09375  -0.51524
-0.21875  -0.288397
0  -0.392119
-0.09375  -0.13851
0.0625  -0.223033
0.03125  -0.328604
-0.28125  -0.268261
0.03125  -0.239418
-0.0625  -0.135196
-0.0625  -0.158958
-0.0625  -0.186979
0.03125  -0.0592411
-0.09375  -0.143555
0.21875  -0.259243
0.03125  -0.0872069
0  -0.0602873
0.03125  -0.356857
0.15625  -0.149856
0.1875  -0.25264
0.1875  -0.211455
-0.0625  -0.166439
0.09375  -0.0290745
0.03125  -0.135706
-0.125  -0.462656
-0.25  -0.349226
-0.25  -0.317009
-0.03125  -0.0191421
-0.28125  -0.424278
0.1875  -0.369134
-0.09375  -0.515369
-0.03125  -0.388898
-0.03125  -0.333809
-0.03125  -0.154716
-0.09375  -0.173208
0.03125  -0.301267
-0.03125  -0.294261
-0.125  -0.345115
-0.09375  -0.0846509
0.125  0.0181897
0  -0.301106
-0.1875  -0.217643
0.09375  -0.379994
-0.09375  -0.162409
0.03125  -0.350607
-0.03125  -0.244257
0.0625  -0.202274
0.125  0.0113049
0.03125  -0.411509
-0.0625  -0.198031
-0.21875  -0.261955
-0.0625  -0.382613
-0.0625  -0.327568
0.21875  -0.360546
-0.125  -0.274439
-0.125  -0.253164
0.09375  -0.333024
-0.15625  -0.218183
0.0625  -0.110627
0.15625  -0.23015
-0.15625  -0.440764
-0.0625  -0.410128
0.0625  -0.383115
0.0625  0.0481265
-0.0625  0.0267501
0.25  -0.212693
0.3125  -0.40258
-0.0625  -0.208879
-0.03125  -0.0912246
0.125  -0.0181691
0.21875  -0.0740703
0  -0.316877
-0.28125  -0.122337
-0.0625  -0.217531
-0.0625  -0.232905
0.1875  -0.291798
0.0625  -0.228528
-0.125  -0.400657
0.21875  -0.434142
-0.1875  -0.195712
-0.0625  -0.16108
0.03125  -0.019413
0.0625  -0.28814
-0.15625  -0.256022
-0.1875  -0.292644
-0.125  -0.293087
0.1875  -0.286965
-0.1875  -0.265276
-0.09375  -0.461707
-0.0625  -0.359104
-0.1875  -0.220701
0.03125  -0.411834
0  -0.258219
0.03125  -0.300089
0.125  -0.410445
0  -0.0521533
0.0625  -0.279535
-0.1875  -0.325551
0.03125  -0.316732
0.03125  -0.165762
-0.125  -0.306912
-0.03125  -0.487436
0  -0.127926
0.28125  -0.214611
0.21875  -0.24195
-0.125  -0.275367
0.03125  -0.236815
0.09375  -0.342619
0.03125  -0.320703
0.0625  -0.557507
0.03125  -0.374265
0.03125  -0.110885
0.03125  0.0941882
-0.0625  -0.215628
-0.09375  -0.139545
0  -0.332484
0  -0.165766
-0.25  -0.213979
-0.1875  -0.200863
0.03125  -0.0211346
0.0625  -0.314033
0.0625  -0.150707
-0.09375  -0.109536
0.0625  -0.420448
0.0625  -0.11706
0.1875  -0.15289
0.3125  -0.431966
0  -0.463127
-0.25  -0.360013
0  -0.2837
0  -0.423437
-0.15625  0.0451841
-0.03125  -0.10963
-0.25  -0.416574
0.09375  -0.34564
0.09375  -0.43074
0.15625  -0.324847
0.03125  -0.22833
-0.03125  -0.358387
-0.03125  -0.0785526
0.09375  -0.0717188
0.03125  -0.383951
0.15625  -0.33602
0.1875  -0.136305
-0.21875  -0.359209
-0.03125  -0.31779
0  -0.406298
0  -0.287879
-0.03125  -0.162069
-0.125  -0.409027
0  -0.115091
0.125  -0.438715
0.03125  -0.239307
-0.03125  -0.16868
-0.09375  -0.330193
0.0625  -0.124871
-0.34375  -0.27731
0.1875  -0.161648
0  0.0791585
-0.0625  -0.229365
0  -0.113809
0.3125  -0.345722
0.09375  -0.367384
-0.1875  -0.33901
0.0625  -0.188039
0.125  -0.332628
0.03125  -0.419293
0.21875  -0.242531
-0.03125  -0.290331
0.125  -0.165162
0.03125  -0.217786
-0.09375  -0.36527
0  -0.335232
-0.28125  -0.380282
0.125  -0.177682
-0.15625  -0.218668
-0.1875  -0.314516
-0.0625  -0.279415
-0.03125  -0.403965
0.3125  -0.0786601
-0.09375  -0.556244
-0.09375  -0.488523
0  -0.355464
-0.15625  -0.256183
-0.0625  -0.41026
0  -0.25118
0.125  -0.185236
0.3125  -0.224736
0.125  0.0184442
-0.1875  -0.239303
-0.03125  -0.235676
-0.375  -0.203247
0.1875  -0.516009
0.03125  -0.450969
0.0625  -0.0608903
-0.25  -0.353292
0.25  -0.212569
0.03125  -0.370666
-0.0625  -0.40161
-0.09375  -0.339068
0.15625  -0.384995
-0.125  -0.446718
-0.03125  -0.487691
0.03125  -0.397313
-0.09375  -0.497126
-0.1875  -0.151766
0.0625  -0.308033
-0.125  -0.400899
0.21875  -0.397471
0  -0.0368241
-0.09375  -0.317572
-0.0625  -0.391171
0.03125  -0.484585
-0.0625  -0.0961747
0  -0.423083
-0.03125  -0.375332
0.03125  -0.0910725
0.21875  -0.387106
0.28125  -0.21569
0.0625  -0.52928
-0.0625  -0.224421
-0.21875  -0.349686
-0.1875  -0.218892
-0.0625  -0.176415
-0.1875  -0.256449
-0.15625  -0.381132
-0.15625  -0.328048
0.15625  -0.247225
-0.03125  -0.168769
-0.09375  -0.476118
-0.0625  -0.410917
0.09375  0.00298038
0.21875  -0.0775855
0.09375  -0.132489
-0.09375  -0.259718
0.09375  -0.23104
-0.03125  -0.162917
0.0625  -0.361176
0.03125  -0.441526
-0.0625  -0.23127
-0.03125  -0.198114
-0.34375  -0.25107
-0.125  -0.295682
-0.1875  -0.431176
-0.03125  -0.519596
0.09375  -0.15458
0.09375  -0.157854
0.1875  -0.558269
0  -0.387198
0.125  -0.136999
-0.03125  -0.235212
0.03125  -0.231795
-0.09375  -0.353545
0.15625  -0.45289
0.1875  -0.192128
0.0625  -0.360726
-0.03125  -0.207889
0.28125  -0.329305
0.15625  0.00439623
0  -0.0386812
-0.21875  -0.381286
0.0625  -0.393162
0.09375  -0.192776
0.03125  -0.238761
0.03125  -0.458676
0.03125  -0.274507
-0.15625  -0.231473
-0.03125  0.0122969
-0.0625  -0.413154
-0.09375  -0.205794
-0.0625  -0.376501
-0.0625  -0.209879
0.0625  -0.283559
0.125  -0.13625
-0.03125  -0.291612
-0.03125  -0.0792075
0.03125  -0.112757
0.03125  -0.301988
0  -0.323161
0.03125  -0.209675
0  -0.185798
-0.09375  -0.306084
-0.09375  -0.341738
0.09375  0.0318564
-0.09375  -0.283843
-0.09375  -0.214119
0.15625  -0.537656
0.0625  -0.187374
-0.03125  -0.0692094
0.25  -0.385457
0  -0.32164
0.09375  -0.401416
-0.09375  -0.139395
-0.21875  -0.185006
0  -0.583512
0.09375  -0.426258
-0.03125  -0.265699
-0.09375  -0.119402
0.0625  -0.360304
-0.125  -0.583802
0.15625  -0.0848471
-0.15625  -0.273537
-0.0625  -0.279879
0.09375  -0.253376
-0.1875  -0.243141
0.0625  -0.383173
0.15625  -0.296253
0.03125  -0.691084
0.09375  -0.118247
0.0625  -0.282667
0.09375  -0.11458
-0.03125  -0.382479
0.28125  -0.227434
0  -0.222381
-0.125  -0.438453
0  -0.251879
0.125  -0.141749
-0.3125  -0.024255
0.1875  -0.211418
0.03125  -0.207674
0.0625  -0.17776
-0.03125  -0.493899
0.03125  -0.230926
-0.15625  -0.312255
0  -0.0940801
-0.0625  -0.190934
0.03125  -0.226782
0.0625  -0.481551
-0.125  -0.157204
0.15625  -0.326259
-0.03125  -0.400447
0.125  -0.0540852
0.03125  -0.058544
0.03125  -0.300213
0.0625  -0.359185
-0.125  -0.218178
-0.03125  -0.369759
-0.25  -0.0738696
0.21875  -0.233957
0.15625  -0.22695
0.03125  -0.22245
0.09375  -0.126024
0.15625  -0.33389
-0.0625  -0.116787
0.03125  -0.400045
0  -0.448494
-0.21875  -0.451815
-0.09375  0.00210627
0.09375  -0.176377
-0.125  -0.315017
-0.15625  -0.269349
0.125  -0.39823
-0.09375  -0.197795
0.09375  -0.339902
-0.09375  -0.322502
-0.28125  -0.323727
0  -0.077844
-0.25  -0.213068
0.0625  -0.439169
-0.03125  -0.133175
-0.0625  -0.285301
0.03125  -0.257074
0.28125  -0.266942
-0.0625  -0.400315
-0.09375  -0.254194
0  -0.23437
0.15625  -0.161106
0.28125  -0.346022
0.0625  -0.299452
-0.0625  -0.094981
-0.125  -0.341519
0.03125  -0.307116
-0.03125  -0.16685
0  -0.618916
-0.21875  -0.294038
-0.03125  -0.251409
-0.03125  -0.179661
-0.1875  -0.274156
0.21875  -0.0753367
-0.0625  -0.107986
0.03125  -0.0847034
-0.0625  -0.2537
0.03125  -0.519543
0.15625  -0.382166
0.03125  -0.260102
0  -0.197335
0  -0.337606
-0.125  -0.325974
0.1875  -0.2553
-0.28125  -0.228498
0.03125  -0.316608
-0.09375  -0.21931
0  -0.346638
-0.09375  -0.234031
0.21875  -0.467802
0.125  -0.124173
0.0625  -0.0599497
-0.0625  -0.2175
0.09375  -0.131312
-0.03125  -0.484095
0.21875  -0.466941
0  -0.326896
-0.03125  -0.465361
0  -0.362803
0.03125  -0.329384
0.0625  -0.104422
0.09375  -0.298282
0.03125  -0.0592763
0  -0.148913
-0.0625  -0.371978
0.1875  -0.313382
0  -0.165881
-0.1875  -0.3044
-0.0625  -0.255246
0.125  -0.062603
0.0625  -0.165899
0  -0.424012
0.0625  -0.274603
-0.25  -0.178272
0.21875  -0.244603
0.0625  -0.285682
0.03125  -0.202536
-0.09375  -0.3365
-0.125  -0.43359
-0.21875  -0.179842
0.1875  -0.0923593
0.125  -0.345496
0.21875  -0.0931585
-0.09375  -0.174406
0.0625  -0.110989
0  -0.204232
-0.21875  -0.349222
0.09375  -0.243219
-0.03125  -0.0236096
-0.1875  -0.149578
-0.09375  -0.314836
-0.25  -0.309307
0.03125  -0.372376
-0.03125  -0.334493
0.15625  -0.245144
0  -0.276621
0  -0.414973
-0.03125  -0.321538
-0.09375  -0.173163
0.0625  -0.356171
-0.0625  -0.0730283
0.15625  -0.210135
-0.0625  -0.199986
-0.0625  -0.253554
-0.03125  -0.197229
-0.125  -0.319468
-0.03125  -0.192498
-0.125  -0.299901
0  -0.500585
0.0625  -0.160678
-0.0625  -0.384527
-0.15625  -0.0683484
0.28125  -0.29734
0.28125  -0.231654
-0.15625  -0.523948
-0.09375  -0.233981
0.125  -0.261681
-0.09375  -0.364112
0.09375  -0.237474
-0.09375  -0.244815
0.21875  -0.242512
0.3125  -0.1592
-0.09375  -0.364843
-0.25  -0.245481
0.15625  -0.162165
-0.03125  -0.118521
-0.09375  -0.341628
-0.21875  -0.314245
0  -0.265668
-0.0625  -0.356546
-0.09375  0.00312752
-0.0625  -0.255111
0.21875  -0.0875891
0.03125  -0.141529
-0.0625  -0.185498
0.09375  -0.368285
0.125  -0.42986
0  -0.365821
0  -0.294401
0.09375  -0.328088
-0.03125  -0.355061
0.125  -0.169349
-0.21875  -0.23113
-0.09375  -0.210893
0.0625  -0.260118
-0.21875  -0.205137
0.15625  -0.292275
0.0625  -0.507071
-0.09375  -0.455416
-0.03125  -0.142999
0.03125  -0.118145
0.125  -0.186274
0.21875  -0.0405186
0.1875  -0.249775
0.15625  -0.41566
0.0625  -0.421078
0.09375  -0.390931
0.125  -0.439399
-0.1875  -0.229506
-0.25  -0.0124692
-0.03125  -0.196959
0.125  -0.35178
0  -0.193165
-0.0625  -0.216314
-0.03125  -0.344661
-0.0625  -0.384108
0  -0.438636
0.15625  -0.0714038
0.09375  -0.273004
-0.03125  -0.361094
-0.28125  -0.507048
-0.09375  -0.120289
0.1875  -0.403278
-0.21875  0.041587
-0.28125  -0.131491
-0.28125  -0.249614
0  -0.332428
-0.0625  -0.320938
0  -0.29752
-0.125  -0.258687
-0.0625  -0.254769
-0.03125  -0.497621
-0.15625  -0.407859
-0.15625  -0.487598
-0.03125  -0.376224
0.25  -0.310658
-0.1875  -0.204263
0.09375  -0.255036
0  -0.395428
-0.15625  -0.215405
0.0625  -0.415515
0.1875  -0.314789
0  -0.119684
-0.09375  -0.211054
0.0625  -0.169379
-0.15625  0.0081316
-0.03125  -0.233342
-0.03125  -0.173484
0.03125  -0.270941
-0.0625  -0.130701
-0.0625  -0.425252
-0.09375  -0.28453
0  -0.365775
-0.0625  -0.22283
0.0625  -0.535694
0  -0.0267256
0.09375  -0.19969
0.09375  -0.479282
-0.0625  -0.280118
-0.09375  -0.154427
-0.125  -0.189699
0.125  -0.241575
-0.09375  -0.292471
0.1875  -0.17844
-0.0625  -0.604067
-0.1875  -0.23948
0.15625  -0.272882
0.03125  -0.0827547
0.09375  -0.428112
0.125  0.0192852
0.09375  -0.145787
-0.21875  -0.0547456
-0.03125  -0.408817
0.1875  -0.473909
-0.125  -0.233323
-0.03125  -0.188076
-0.125  -0.0608048
0.03125  -0.235043
-0.03125  -0.341404
0  -0.20841
0.21875  -0.358697
0.09375  -0.226103
-0.09375  -0.131216
-0.09375  -0.316406
-0.03125  -0.243889
0.15625  -0.307618
-0.03125  -0.279035
0.0625  -0.221041
-0.03125  -0.229612
0.09375  -0.0864401
0.125  -0.366083
0  -0.514104
0.09375  -0.226125
0.0625  -0.395847
0.0625  -0.388075
0.03125  -0.317774
-0.15625  -0.244462
-0.03125  -0.193238
-0.0625  -0.212743
-0.28125  -0.178339
0.0625  -0.23861
0.28125  -0.333471
0.03125  -0.271233
0.21875  -0.116485
0.03125  0.00461837
-0.03125  -0.290591
-0.09375  -0.293538
0  -0.179801
-0.03125  -0.340598
-0.03125  -0.454166
0.03125  -0.313464
-0.15625  -0.170859
-0.125  -0.243331
0.15625  -0.415246
-0.15625  -0.220196
0.0625  -0.120902
-0.15625  -0.3544
0.125  -0.383054
0  -0.327257
0.03125  -0.121774
-0.03125  -0.282424
0.125  -0.207624
-0.09375  -0.262654
0  -0.31162
0  -0.305675
-0.09375  -0.201927
-0.0625  -0.220458
-0.03125  -0.420966
-0.0625  -0.334487
0.125  -0.29902
0  -0.321986
-0.09375  -0.380456
0.15625  -0.266993
-0.03125  -0.157449
0.09375  -0.055032
0.0625  -0.0913017
-0.0625  -0.0110527
0.21875  -0.344791
-0.125  -0.00835565
0.15625  -0.390725
-0.125  -0.408565
-0.03125  -0.0355926
-0.15625  -0.353089
0.09375  -0.512578
-0.25  -0.125424
-0.0625  -0.337264
0.125  -0.346944
-0.09375  -0.330434
0.15625  -0.356306
-0.15625  -0.637518
-0.09375  -0.271165
-0.125  -0.052837
-0.0625  -0.255858
-0.09375  -0.134125
0.3125  -0.102897
0.09375  -0.160366
0.15625  -0.335792
-0.0625  -0.300799
-0.0625  -0.265641
-0.03125  -0.182587
0.03125  -0.165444
-0.0625  -0.133531
-0.0625  -0.106164
-0.03125  -0.291898
0.0625  -0.259468
0.25  -0.141612
0.15625  -0.276844
0.125  -0.321858
-0.09375  -0.407588
0  -0.155571
-0.125  -0.425522
0.25  -0.465629
0.09375  -0.482525
0.0625  -0.157489
0.15625  -0.248919
0.03125  -0.137865
0  -0.44837
-0.25  -0.245232
0  -0.280174
-0.15625  -0.16939
-0.15625  -0.488925
-0.25  -0.138701
0  -0.139052
-0.15625  -0.210357
0.0625  -0.257741
-0.0625  -0.295661
0  -0.214379
0.09375  -0.236815
0.03125  -0.0806604
0  -0.468152
0.03125  -0.0441042
0  -0.0998871
0.09375  -0.39379
0.125  -0.439601
-0.125  -0.315139
-0.1875  -0.36387
0.0625  -0.464259
-0.0625  -0.169249
-0.0625  -0.328936
0  -0.404928
-0.1875  -0.167265
0.03125  -0.125501
-0.03125  -0.24382
0.125  -0.441304
-0.0625  -0.242551
0.03125  -0.276469
-0.0625  -0.444574
0.09375  -0.0704016
0  -0.167841
0  -0.133312
0.03125  -0.397224
-0.125  -0.0684651
-0.03125  -0.321953
0.03125  -0.196871
-0.0625  -0.320791
-0.15625  -0.279601
0.03125  -0.393824
-0.09375  -0.422825
-0.125  -0.485816
-0.1875  -0.228849
0  -0.154092
0.25  -0.197993
0  -0.295483
0.125  -0.0807531
0.125  -0.218847
0.09375  -0.24979
0.15625  -0.483135
-0.125  -0.248564
0.25  -0.156458
0.0625  -0.461722
0.09375  -0.255981
-0.15625  -0.0759305
0.09375  -0.234246
-0.125  -0.247451
-0.125  -0.283229
0.3125  -0.707038
0.21875  -0.201088
-0.09375  -0.447594
-0.09375  -0.112364
0.03125  -0.197741
-0.0625  -0.163563
-0.15625  -0.259969
-0.03125  -0.220731
-0.03125  -0.345876
0.15625  -0.310752
0.125  -0.25495
0.25  -0.358926
0.15625  -0.179715
-0.125  -0.181144
-0.1875  -0.243168
0.03125  -0.389306
0.15625  -0.18189
-0.03125  -0.13422
0.0625  -0.35673
-0.15625  -0.295452
-0.09375  -0.216812
-0.09375  -0.37571
-0.25  -0.261447
-0.15625  -0.456632
0.21875  -0.22927
-0.03125  -0.23738
0.03125  -0.065162
-0.09375  -0.351738
0.1875  -0.13513
-0.0625  -0.379692
-0.03125  -0.0294339
0.0625  -0.173741
0.0625  -0.486391
-0.09375  -0.167812
-0.09375  -0.0989136
0.03125  -0.457115
-0.25  -0.124606
-0.1875  -0.377398
0.0625  -0.371785
0.03125  -0.590585
0.1875  -0.546587
-0.125  -0.164563
-0.25  -0.39247
-0.15625  -0.320639
0.03125  -0.25343
0.15625  -0.539817
-0.125  -0.322681
0.15625  -0.434716
0.125  -0.0815812
0  -0.434085
-0.0625  -0.260246
0  -0.416
0.09375  -0.0999173
0.09375  -0.123416
0.03125  -0.261258
-0.0625  -0.254493
0.0625  -0.242417
0.0625  -0.452033
-0.09375  -0.12936
-0.09375  -0.305869
-0.03125  -0.185893
0  -0.366546
-0.1875  -0.164232
0.1875  -0.285301
-0.15625  -0.356888
-0.125  -0.321382
-0.03125  -0.346842
0.125  -0.335781
-0.125  -0.119803
-0.0625  -0.154775
-0.03125  -0.168119
-0.0625  -0.355416
-0.15625  -0.216488
0.15625  -0.0595967
0  -0.162343
0.21875  -0.334429
-0.125  -0.307102
-0.03125  -0.405242
0.125  -0.22789
0.0625  -0.264784
-0.15625  -0.293282
0.28125  -0.145855
0.09375  -0.172599
-0.1875  -0.183522
0.21875  -0.373653
-0.09375  -0.312789
-0.0625  -0.157272
0.09375  -0.369232
0.1875  0.162595
0.09375  -0.469162
0.125  -0.324865
0.3125  -0.540866
0.03125  -0.173156
-0.09375  -0.310839
-0.03125  -0.187055
-0.09375  -0.16687
-0.28125  -0.106044
0.0625  -0.364014
0.03125  -0.348379
-0.0625  -0.246014
0.03125  -0.499327
-0.21875  -0.142742
0.09375  -0.36093
-0.0625  -0.206918
0.0625  -0.240171
0.125  -0.0485592
-0.25  -0.124343
-0.03125  -0.214362
-0.09375  -0.219382
-0.0625  -0.339076
-0.1875  -0.388589
0.03125  -0.288445
0.25  -0.467459
0.15625  -0.436744
-0.03125  -0.103381
-0.15625  -0.217445
-0.125  -0.238154
0.09375  -0.0147756
-0.125  -0.335001
-0.1875  -0.0316888
-0.125  -0.403124
-0.0625  -0.190726
0.15625  -0.312447
-0.15625  -0.210923
0.03125  -0.0368021
0  -0.0738039
0.09375  -0.275456
0.1875  -0.382751
0.0625  -0.252054
0.1875  -0.185203
0.0625  0.0530505
0.15625  -0.645815
0.09375  -0.394424
0.09375  -0.361584
0  -0.171136
-0.03125  -0.183461
-0.0625  -0.200651
-0.09375  -0.13194
0.09375  -0.196997
0.1875  -0.234653
-0.03125  -0.198503
-0.1875  -0.24963
0.15625  -0.193388
-0.125  -0.0619371
-0.15625  -0.110343
-0.03125  -0.319568
0.03125  -0.310188
0.1875  -0.00632777
0.15625  -0.433595
-0.15625  -0.145419
0  -0.219534
0.0625  -0.261537
-0.0625  -0.188352
-0.03125  -0.352018
0.15625  -0.248568
0.15625  -0.208409
0.09375  -0.417365
0  -0.476761
0.15625  -0.262332
-0.03125  -0.336266
-0.09375  -0.261918
-0.1875  -0.577516
0.0625  -0.159301
0  -0.220004
0.125  -0.309119
0.09375  -0.231492
0.0625  -0.268617
-0.0625  -0.15729
-0.0625  -0.37351
-0.125  -0.0232734
0.03125  0.0074358
0.15625  -0.0679064
0.0625  -0.279613
-0.03125  -0.13038
0.03125  -0.261926
0.125  -0.287871
0.03125  -0.124747
0.125  -0.199004
0.1875  -0.619651
0.21875  -0.159789
0.15625  -0.391485
0.09375  -0.459429
0.21875  -0.334207
0.1875  -0.216507
0.125  -0.116572
-0.125  -0.0882273
-0.1875  -0.324441
0.03125  -0.166614
-0.03125  -0.264751
0  -0.190927
-0.125  -0.0801117
0.21875  -0.420084
-0.0625  -0.149861
-0.03125  -0.222068
-0.03125  -0.374996
0.09375  -0.31641
-0.0625  -0.335796
-0.09375  -0.266206
-0.15625  -0.438499
0  -0.242083
0.0625  -0.206095
0.0625  -0.152363
0  -0.438641
0.03125  -0.413143
0.03125  -0.29959
0.0625  -0.279159
0.125  -0.108851
-0.03125  -0.189637
0.15625  -0.285957
-0.03125  -0.563687
-0.21875  -0.196042
0.0625  -0.143274
-0.15625  -0.402739
0.125  -0.223675
0  0.0282297
0.03125  -0.474959
-0.15625  -0.306997
0  -0.149329
0.125  -0.130024
0.0625  -0.360875
0.28125  -0.108106
-0.09375  -0.194121
0.1875  -0.166166
0.15625  -0.386834
0.09375  -0.304628
0.09375  -0.37654
0.09375  -0.231539
-0.28125  -0.445236
-0.09375  -0.232848
-0.21875  -0.197209
-0.15625  -0.146639
0.09375  -0.280189
-0.03125  -0.0735568
0.0625  -0.198079
0.09375  -0.27836
-0.03125  -0.267231
0  -0.184378
0.1875  -0.194664
0.03125  -0.273078
-0.09375  -0.210136
0.03125  -0.266362
0.125  -0.198137
-0.09375  -0.262849
0.15625  -0.229252
0.09375  -0.378751
-0.0625  -0.500001
0.1875  -0.143397
-0.15625  -0.148266
0  -0.336217
0.03125  -0.169187
0.0625  -0.398039
-0.125  -0.376567
-0.125  -0.281173
0.125  -0.13202
0.09375  -0.349462
0  -0.212445
0.09375  -0.382699
0.03125  -0.304998
0  -0.273405
-0.09375  -0.233101
0.03125  -0.457304
0  -0.240857
0  -0.15405
-0.125  -0.0764626
0  -0.2577
-0.03125  -0.304025
-0.09375  -0.333336
0.09375  -0.413613
0.0625  -0.163941
0.09375  -0.269909
0  -0.0592007
0.125  -0.346488
-0.125  -0.372393
0.3125  0.262335
0  -0.245632
0.28125  -0.178522
-0.09375  -0.332108
-0.0625  -0.259766
-0.0625  -0.169216
0  -0.307441
0  -0.238917
-0.15625  -0.145219
-0.0625  -0.361328
-0.0625  -0.310114
-0.03125  -0.270129
-0.1875  -0.476618
0.125  -0.39919
0.0625  -0.25034
-0.09375  -0.113168
0.15625  -0.314942
-0.03125  -0.322947
-0.0625  -0.372124
0.15625  -0.273658
0  -0.156561
0.03125  -0.28451
0.0625  -0.371972
-0.03125  -0.249985
-0.125  -0.390619
0.0625  -0.195588
-0.0625  -0.33222
0.0625  -0.159208
0.15625  -0.329754
-0.125  -0.324725
-0.09375  -0.381058
0.03125  -0.331006
-0.15625  -0.143055
-0.09375  -0.376307
-0.03125  -0.297804
0  -0.198594
0.21875  -0.189043
0.0625  -0.28452
-0.0625  -0.272441
0.21875  -0.168098
-0.03125  -0.185108
0.15625  -0.245984
-0.03125  -0.347211
-0.0625  -0.429315
0.1875  -0.190877
-0.0625  -0.200238
0.21875  -0.237144
-0.09375  -0.360459
-0.03125  -0.19761
-0.15625  -0.177444
-0.15625  -0.321524
0  -0.268546
0.09375  -0.220875
0.0625  -0.317209
0.09375  -0.0950538
-0.09375  -0.323159
0.09375  -0.34498
0.03125  -0.103842
-0.09375  -0.141045
-0.1875  -0.397986
0.15625  -0.391845
-0.125  -0.12658
0.15625  -0.269249
-0.1875  -0.186575
0.1875  -0.278606
-0.03125  -0.192872
0.1875  -0.530344
-0.09375  -0.411663
-0.03125  -0.425741
0  -0.316476
0.1875  -0.101329
-0.15625  -0.559726
0  -0.00378836
-0.0625  -0.511126
-0.15625  -0.341722
0  -0.39277
0.125  -0.247203
0.0625  -0.249559
0.03125  -0.323069
0.125  -0.462318
-0.125  -0.0208629
-0.0625  -0.231882
-0.03125  -0.0795495
-0.125  -0.417389
-0.03125  -0.387683
-0.03125  -0.206318
-0.09375  -0.186543
0.0625  -0.0955956
0  -0.375477
0.0625  -0.283281
-0.21875  -0.244294
0.09375  -0.108962
-0.0625  -0.194527
0.09375  -0.155652
0.28125  -0.392787
-0.0625  -0.272382
0.15625  -0.259761
0.0625  -0.21648
0  -0.363004
0.15625  -0.146423
0.28125  -0.293765
0  -0.176433
-0.0625  -0.410774
0.0625  0.0164036
0.1875  -0.196754
0.03125  -0.357456
0  -0.330474
-0.03125  -0.137098
0.09375  -0.459492
0  -0.23513
0  -0.395995
0.1875  -0.233246
-0.125  -0.13179
0.25  -0.549702
0.09375  -0.32988
0.1875  -0.177319
0.125  -0.221638
-0.03125  -0.277109
-0.15625  -0.0518319
0.03125  -0.314104
-0.03125  -0.268524
-0.09375  -0.13593
-0.15625  -0.209639
-0.09375  -0.243948
-0.0625  0.103139
0  -0.405062
0.21875  -0.286188
-0.0625  -0.11497
-0.03125  -0.271482
0.125  -0.276228
0.15625  -0.286988
-0.125  -0.274274
-0.15625  -0.194972
0  -0.31995
0.0625  -0.146021
-0.3125  -0.271577
0.0625  -0.191826
-0.03125  -0.545799
0.03125  -0.143152
-0.1875  -0.108533
0  -0.137094
0  -0.220325
-0.09375  -0.51961
-0.0625  -0.240278
0.0625  -0.113833
0.0625  -0.25789
-0.3125  -0.0340037
0  -0.317806
0.09375  -0.245332
-0.03125  -0.378732
0.09375  -0.484961
-0.09375  -0.276337
0.15625  -0.455257
0.0625  -0.285882
0.21875  -0.305032
0.1875  -0.146062
0.15625  -0.412071
-0.0625  -0.109138
0.25  -0.444123
0.25  -0.362443
0  -0.197445
0.125  -0.0289436
0.0625  -0.487071
0.03125  -0.386961
-0.03125  -0.414893
-0.0625  -0.38689
-0.15625  -0.495826
0.0625  -0.29996
0.125  -0.384554
0.28125  -0.305
0.0625  -0.153797
0.09375  -0.0786811
0.03125  -0.308448
-0.1875  -0.378834
