0.15625  0.249337
-0.15625  -0.46069
0.03125  -0.304928
-0.21875  -0.497991
0  -0.371275
0.0625  -0.546931
0.09375  -0.267204
0.09375  -0.291384
-0.0625  -0.291029
0.09375  -0.321746
0.03125  -0.694409
-0.0625  -0.373297
0  -0.485104
-0.125  -0.377965
0.0625  -0.396375
-0.1875  -0.52293
0.0625  -0.263371
0.15625  -0.370586
0  -0.370633
-0.0625  -0.384491
0.03125  -0.498986
-0.03125  -0.460832
0  -0.285187
0.03125  -0.570574
0.03125  -0.626402
0  -0.482173
-0.125  -0.37614
0  -0.433987
-0.15625  -0.433972
-0.0625  -0.429608
-0.125  -0.316787
0.125  -0.373096
0.15625  -0.537949
0.03125  -0.404962
0.03125  -0.317886
-0.0625  -0.477486
-0.25  -0.308908
-0.0625  -0.443737
-0.03125  -0.416675
-0.0625  -0.252553
-0.21875  -0.344484
-0.125  -0.461281
0.09375  -0.496915
-0.15625  -0.390603
0.15625  -0.445484
-0.25  -0.443289
0.1875  -0.501233
0.15625  -0.456127
0.0625  -0.298713
0.03125  -0.419792
0.1875  -0.420367
0.09375  -0.531773
-0.1875  -0.441359
0.21875  -0.515973
0.15625  -0.519269
0.125  -0.0103776
0.0625  -0.355385
-0.09375  -0.514455
0.1875  -0.52757
0.125  -0.500661
-0.09375  -0.432923
-0.0625  -0.601968
-0.1875  -0.302857
0  -0.373373
-0.03125  -0.184488
0.15625  -0.509252
-0.09375  -0.51952
-0.125  -0.458714
0.03125  -0.402696
-0.1875  -0.665797
-0.09375  -0.572292
-0.125  -0.358019
-0.09375  -0.500246
0.0625  -0.459697
-0.03125  -0.46511
0.125  -0.310616
0.03125  -0.455483
0.09375  -0.334603
0.25  -0.410366
0.03125  -0.436031
-0.03125  -0.443793
-0.3125  -0.340009
-0.0625  -0.460838
0.15625  -0.173687
0  -0.654685
-0.03125  0.040532
-0.03125  -0.589703
0.0625  -0.196179
0.03125  -0.397441
0.0625  -0.402587
-0.03125  -0.362811
0  -0.52255
0.125  -0.379093
0.03125  -0.45493
0  -0.520999
0.03125  -0.501054
0.1875  -0.422002
0.125  -0.232741
0  -0.592121
-0.0625  -0.604065
-0.0625  -0.375254
0.0625  -0.494854
0.21875  -0.369487
0.03125  -0.34192
0  -0.501513
-0.125  -0.301752
-0.125  -0.463769
0.125  -0.561904
-0.125  -0.638457
0  -0.111553
0.15625  -0.380364
-0.09375  -0.398047
0.28125  -0.495734
0.0625  -0.368166
0.1875  -0.408216
-0.0625  -0.151374
-0.0625  -0.524433
-0.25  -0.434015
0.09375  -0.698234
0.125  -0.534244
-0.0625  -0.386272
-0.0625  -0.466527
-0.15625  -0.307696
0  -0.608876
0.0625  -0.450825
0.03125  -0.516246
0.125  -0.260807
0  -0.311278
0.0625  -0.486272
0.09375  -0.235167
0  -0.336263
0.15625  -0.517278
-0.125  -0.261004
-0.21875  -0.270484
0.09375  -0.553033
0.09375  -0.611089
0.03125  -0.382641
0.0625  -0.285127
0.03125  -0.362253
-0.125  -0.338506
0.0625  -0.681413
-0.09375  -0.279799
0.03125  -0.379679
0  -0.279299
-0.0625  -0.574868
0.0625  -0.518534
-0.0625  -0.573787
0.09375  -0.390078
-0.125  -0.485333
0  -0.335164
-0.15625  -0.500193
0.1875  -0.483445
-0.21875  -0.401626
-0.0625  -0.436651
0.25  -0.577271
0.21875  -0.446337
-0.125  -0.286458
0  -0.477542
-0.0625  -0.397734
0.34375  -0.408199
0.09375  -0.478626
-0.09375  -0.465733
0.0625  -0.309535
0.125  -0.240478
-0.125  -0.376015
-0.125  -0.242669
-0.0625  -0.271356
-0.09375  -0.446087
0.125  -0.578107
-0.03125  -0.434724
0.1875  -0.233978
0.15625  -0.433044
0  -0.376989
-0.0625  -0.402203
0.15625  -0.616598
0.03125  -0.413091
-0.1875  -0.338772
-0.25  -0.530265
0.03125  -0.580903
0.0625  -0.344709
0.1875  -0.464046
-0.03125  -0.323574
0.34375  -0.373301
0.0625  -0.423003
0.25  -0.518522
-0.0625  -0.438219
0.03125  -0.195103
0.0625  -0.592394
0.375  -0.402932
-0.09375  -0.285476
0.21875  -0.499246
0.1875  -0.327508
0.125  -0.464985
-0.09375  -0.331791
0  -0.224803
-0.09375  -0.552889
-0.09375  -0.543362
0.09375  -0.23574
-0.09375  -0.25592
-0.125  -0.414923
-0.09375  -0.351673
-0.21875  -0.685774
0.21875  -0.38665
0.09375  -0.63342
0  -0.49186
-0.03125  -0.318521
0.1875  -0.352533
-0.0625  -0.44072
0.0625  -0.432911
0.0625  -0.26671
-0.0625  -0.459442
-0.125  -0.467516
0.03125  -0.266645
0.25  -0.609172
0.28125  -0.337345
-0.1875  -0.56891
-0.0625  -0.558065
-0.15625  -0.361137
0.15625  -0.594579
-0.0625  -0.485369
-0.03125  -0.329363
-0.03125  -0.338938
0  -0.460397
-0.0625  -0.323976
-0.0625  -0.56536
0.0625  -0.474729
-0.15625  -0.374531
0.125  -0.618647
-0.25  -0.245498
0  -0.258609
-0.125  -0.395666
-0.15625  -0.377644
0  -0.393901
0.375  -0.36107
-0.1875  -0.492942
-0.125  -0.26277
-0.1875  -0.446752
0  -0.402646
-0.0625  -0.227676
-0.0625  -0.527856
-0.03125  -0.0717856
-0.0625  -0.582102
-0.15625  -0.279028
-0.15625  -0.246317
0.15625  -0.212355
-0.0625  -0.471201
0.03125  -0.593463
-0.09375  -0.595885
0.1875  -0.371175
0.15625  -0.421998
0.09375  -0.542046
0.15625  -0.377721
-0.125  -0.291127
0.09375  -0.40547
-0.09375  -0.439378
0.125  -0.426115
0.125  -0.54438
-0.125  -0.443037
-0.0625  -0.443735
-0.15625  -0.47756
0.21875  -0.271983
0  -0.462639
0.28125  -0.35288
0.03125  -0.611151
0.03125  -0.257135
-0.09375  -0.546112
-0.09375  -0.682004
0.03125  -0.612186
0.09375  -0.269696
-0.03125  -0.300713
0.09375  -0.413439
0.125  -0.574204
0.1875  -0.222499
-0.03125  -0.242948
0.0625  0.0549679
-0.03125  -0.513704
-0.0625  -0.280214
-0.0625  -0.265942
0.03125  -0.357397
-0.0625  -0.378085
0.125  -0.494919
0  -0.560787
-0.125  -0.292922
0.125  -0.388192
0.125  -0.498648
0.09375  -0.577596
0.1875  -0.521283
0.0625  -0.490608
-0.03125  -0.50724
-0.125  -0.496466
-0.15625  -0.485075
-0.09375  -0.464344
0.03125  -0.452574
-0.09375  -0.531629
0  -0.500338
-0.0625  -0.461514
0  -0.380088
0.15625  -0.505499
0.03125  -0.377938
-0.125  -0.607942
-0.125  -0.409278
-0.03125  -0.354862
0.28125  -0.329565
-0.09375  -0.474301
0  -0.423093
0.03125  -0.184632
0  -0.277163
0.15625  -0.335086
0.09375  -0.455977
-0.0625  -0.497323
-0.3125  -0.346301
0.0625  -0.410843
0.0625  -0.557573
0.125  -0.484857
0.34375  -0.384823
0.15625  -0.543529
-0.09375  -0.382724
-0.125  -0.455969
-0.09375  -0.496375
0.09375  -0.331144
0.09375  -0.457063
-0.15625  -0.525208
-0.125  -0.249939
0.21875  -0.467548
0.25  -0.264248
-0.0625  -0.420515
0.03125  -0.455299
0.1875  -0.575323
0.0625  -0.576171
-0.09375  -0.454626
-0.03125  -0.533692
0.1875  -0.422698
-0.0625  -0.426194
-0.125  -0.28822
0.125  -0.345559
0.09375  -0.32126
-0.15625  -0.282216
0.125  -0.391643
0  -0.283373
0.03125  -0.210972
0.15625  -0.419056
0.09375  -0.64934
-0.03125  -0.420731
-0.25  -0.49898
-0.1875  -0.392851
0.09375  -0.398079
0.0625  -0.360435
0.125  -0.298664
0.1875  -0.401222
-0.0625  -0.618114
-0.0625  -0.590651
-0.03125  -0.342065
0.03125  -0.45577
0.0625  -0.482672
-0.0625  -0.350165
-0.0625  -0.490149
-0.15625  -0.644975
0.15625  -0.168458
0  -0.304012
0.15625  -0.147598
0.125  -0.31006
-0.15625  -0.643901
-0.03125  -0.460311
-0.15625  -0.654907
0.125  -0.476338
-0.03125  -0.509035
-0.0625  -0.31443
0.1875  -0.646987
-0.125  -0.504306
-0.0625  -0.275933
-0.0625  -0.547778
0  -0.390799
-0.03125  -0.465147
0.125  -0.652552
-0.0625  -0.500008
0.1875  -0.726165
-0.15625  -0.242975
-0.09375  -0.32416
0.1875  -0.552356
0.125  -0.572343
-0.09375  -0.420113
-0.0625  -0.430245
0.03125  -0.433341
0.125  -0.451927
-0.21875  -0.284335
-0.03125  -0.50133
-0.1875  -0.318519
0.03125  -0.393267
-0.03125  -0.187813
-0.03125  -0.335394
0.03125  -0.518508
0.125  -0.234479
-0.15625  -0.618053
0.15625  -0.463306
0.09375  -0.455642
0.0625  -0.602106
0.15625  -0.376434
0.125  -0.471994
-0.125  -0.493976
0.15625  -0.396724
0.0625  -0.0627475
0  -0.46045
0.125  -0.338761
-0.0625  -0.30487
-0.0625  -0.400767
-0.0625  -0.549184
-0.03125  -0.248382
-0.03125  -0.373892
0.0625  -0.501645
-0.03125  -0.379753
0  -0.185029
-0.125  -0.534541
-0.25  -0.440161
-0.125  -0.544907
0.09375  -0.542066
0.09375  -0.410579
-0.21875  -0.392984
-0.03125  -0.314349
0  -0.311372
0.28125  -0.497311
-0.0625  -0.18142
0.09375  -0.291577
0  -0.134478
-0.09375  -0.221071
0.03125  -0.338717
0.1875  -0.0843336
0  -0.204804
-0.125  -0.401426
0  -0.475948
-0.125  -0.363919
-0.125  -0.638111
0.03125  -0.473085
0.03125  -0.565365
-0.125  -0.194191
0.09375  -0.41276
-0.09375  -0.17322
0.09375  -0.331692
-0.03125  -0.338354
-0.125  -0.294266
0.28125  -0.428285
0.0625  -0.237514
0.0625  -0.459249
0.3125  -0.505488
-0.1875  -0.327183
0.21875  -0.378556
-0.0625  -0.229579
-0.09375  -0.281051
-0.03125  -0.354125
0.0625  -0.41342
-0.1875  -0.375595
0.15625  -0.594477
-0.03125  -0.519002
-0.125  -0.539745
0.28125  -0.546856
-0.03125  -0.364257
-0.28125  -0.393573
-0.15625  -0.515562
0.03125  -0.413526
0.03125  -0.354776
0.125  -0.237501
0.09375  -0.247818
-0.125  -0.382939
-0.1875  -0.353512
-0.25  -0.420293
0  -0.382102
0  -0.387585
-0.0625  -0.467164
-0.0625  -0.312919
-0.03125  -0.352292
0.03125  -0.382096
0.21875  -0.35767
-0.09375  -0.351784
0.15625  -0.321986
-0.15625  -0.335762
-0.21875  -0.277138
0.03125  -0.57765
0.0625  -0.521735
0.0625  -0.427122
-0.21875  -0.432449
-0.15625  -0.276228
-0.0625  -0.442593
-0.1875  -0.362801
0.0625  -0.130441
0.1875  -0.440142
-0.125  -0.42263
-0.125  -0.412866
0.125  -0.466698
0.125  -0.285323
-0.0625  -0.338527
-0.03125  -0.260642
-0.0625  -0.528889
-0.0625  -0.656968
0.0625  -0.511982
-0.0625  -0.355698
-0.03125  -0.123705
-0.1875  -0.53724
-0.09375  -0.297055
-0.0625  -0.450195
0.1875  -0.186311
0.1875  -0.367217
-0.28125  -0.739341
-0.1875  -0.59535
-0.03125  -0.453933
-0.03125  -0.256983
-0.09375  -0.285849
0  -0.587956
-0.03125  -0.47245
-0.0625  -0.491671
0  -0.343747
0.09375  -0.325111
-0.1875  -0.580414
-0.125  -0.457856
-0.1875  -0.257605
0  -0.40044
0  -0.212211
-0.0625  -0.350315
0.09375  -0.469928
0.21875  -0.471347
0.09375  -0.260857
-0.1875  -0.0324131
-0.1875  -0.643063
-0.03125  -0.591651
0.21875  -0.49367
-0.125  -0.479125
0.03125  -0.393879
-0.09375  -0.301582
0  -0.340774
0.09375  -0.374952
0.09375  -0.346582
0  -0.342352
0.25  -0.417657
-0.15625  -0.586723
0.21875  -0.600419
-0.15625  -0.404308
0.25  -0.464948
-0.125  -0.412006
0.0625  -0.316906
0.15625  -0.293222
-0.28125  -0.390419
-0.125  -0.43875
0.15625  -0.493696
0.125  -0.310998
-0.125  -0.432027
-0.21875  -0.142965
0  -0.199928
0.25  -0.52741
0.21875  -0.408046
-0.0625  -0.45358
0.0625  -0.452553
0.0625  -0.304713
0.09375  -0.393941
-0.0625  -0.385396
-0.34375  -0.680314
0  -0.451676
0.09375  -0.567293
0.03125  -0.527618
-0.03125  -0.408426
-0.21875  -0.487473
-0.125  -0.413385
0.03125  -0.407103
0.21875  -0.297192
-0.09375  -0.146348
0.03125  -0.213254
0  -0.402952
0.0625  -0.137458
0.09375  -0.356038
-0.0625  -0.505985
-0.125  -0.474144
-0.03125  -0.558088
0.1875  -0.525234
0.09375  -0.476646
-0.09375  -0.605754
-0.15625  -0.354784
-0.3125  -0.558998
0.15625  -0.407492
0.125  -0.610168
0.0625  -0.462552
-0.09375  -0.573995
-0.03125  -0.338411
0.25  -0.378178
0.03125  -0.121964
-0.09375  -0.363491
0.03125  -0.502746
0.34375  -0.42295
-0.0625  -0.555807
-0.03125  -0.453491
0.0625  -0.520295
-0.03125  -0.485262
0  -0.649118
0.03125  -0.454235
0.0625  -0.419739
-0.0625  -0.416323
0  -0.483641
0  -0.294115
-0.03125  -0.144341
0.03125  -0.402119
-0.125  -0.528185
-0.03125  -0.445605
0  -0.379889
-0.03125  -0.297243
-0.03125  -0.492103
0.25  -0.469451
-0.34375  -0.308612
-0.1875  -0.471206
-0.15625  -0.197511
0.1875  -0.17541
0.1875  -0.50692
0  -0.416523
0.03125  -0.460207
0.0625  -0.374636
-0.0625  -0.201683
0.125  -0.589811
0.1875  -0.228961
-0.03125  -0.459226
0.15625  -0.279877
-0.09375  -0.271298
-0.1875  -0.384244
-0.3125  -0.665789
0.1875  -0.308537
-0.1875  -0.45951
0  -0.426027
-0.125  -0.344996
-0.09375  -0.40364
-0.21875  -0.550264
0.03125  -0.388055
0.0625  -0.446649
-0.0625  -0.33639
0  -0.699797
-0.09375  -0.465132
0.25  -0.315877
-0.15625  -0.55417
0.09375  -0.505018
0  -0.292055
0.15625  -0.361752
-0.0625  -0.52774
-0.1875  -0.544029
0.28125  -0.249227
0.1875  -0.400741
-0.28125  -0.367479
0.1875  -0.583834
0.25  -0.25472
0.0625  -0.290229
0.03125  -0.554111
-0.03125  -0.342097
0.25  -0.329361
0  -0.69637
-0.1875  -0.538661
-0.125  -0.428901
-0.03125  -0.610332
0.0625  -0.482023
0  -0.352459
-0.09375  -0.539226
-0.15625  -0.422267
-0.125  -0.539149
0.0625  -0.284467
0.0625  -0.60674
0.3125  -0.525304
0.03125  -0.551822
0  -0.47774
-0.1875  -0.487617
0.15625  -0.320796
-0.0625  -0.334042
0.09375  -0.596562
-0.25  -0.361207
-0.03125  -0.671644
-0.0625  -0.490923
-0.09375  -0.280664
0.125  -0.254258
0.1875  -0.418437
0.09375  -0.313111
-0.09375  -0.447301
-0.125  -0.348417
0.03125  -0.345985
0.0625  -0.513329
-0.21875  -0.336081
0.3125  -0.181825
0.1875  -0.326303
0.09375  -0.384329
0.0625  -0.357862
0.03125  -0.490098
-0.09375  -0.531284
0.09375  -0.252741
-0.0625  -0.381875
0  -0.478636
0.03125  -0.450412
-0.09375  -0.370795
0.09375  -0.611559
0.0625  -0.225086
-0.03125  -0.537249
-0.28125  -0.560784
-0.125  -0.426462
0.09375  -0.389047
0.125  -0.381208
0.03125  -0.31981
0.0625  -0.154202
0.09375  -0.467587
-0.0625  -0.70641
-0.03125  -0.367008
0.0625  -0.485342
-0.125  -0.56774
-0.125  -0.680984
-0.15625  -0.487966
0.0625  -0.451493
0.0625  -0.371536
0.03125  -0.3907
-0.09375  -0.525624
-0.09375  -0.460457
-0.15625  -0.554614
0  -0.397781
0  -0.284972
0.03125  -0.132641
-0.0625  -0.501165
-0.125  -0.343586
-0.0625  -0.36897
0.0625  -0.486558
-0.0625  -0.292571
0.0625  -0.529381
-0.1875  -0.377577
0.125  -0.429448
0.03125  -0.503281
-0.40625  -0.456568
-0.03125  -0.496982
-0.03125  -0.507206
-0.09375  -0.3707
0.03125  -0.328325
-0.1875  -0.486632
0  -0.454623
-0.0625  -0.69471
0.125  -0.506156
-0.125  -0.420873
0  -0.179074
-0.03125  -0.324926
0.09375  -0.296549
-0.1875  -0.456113
0.21875  -0.33866
-0.0625  -0.627697
0  -0.293224
-0.03125  -0.451604
0.09375  -0.465732
-0.03125  -0.512369
0.125  -0.365022
0.125  -0.263175
-0.15625  -0.385731
0.34375  -0.350425
0.21875  -0.548549
0.125  -0.590998
-0.375  -0.0818038
-0.03125  -0.39712
-0.09375  -0.483993
-0.28125  -0.473284
-0.15625  -0.218477
-0.09375  -0.493009
-0.15625  -0.356573
0.3125  -0.316335
0  -0.519031
0.03125  -0.565886
-0.03125  -0.361715
-0.09375  -0.384262
0.0625  -0.302808
0  -0.307096
0.09375  -0.364639
-0.0625  -0.31665
-0.03125  -0.391089
0.0625  -0.646552
0  -0.395593
0.1875  -0.33401
0.09375  -0.528937
-0.09375  -0.518417
0.21875  -0.323553
0  -0.328002
-0.15625  -0.433446
0.09375  -0.603051
0  -0.415868
0.03125  -0.230845
0  -0.440679
-0.125  -0.292544
0.03125  -0.493931
0.03125  -0.464482
-0.0625  -0.3079
0.09375  -0.587054
0  -0.437433
-0.15625  -0.457299
-0.03125  -0.389023
-0.125  -0.376502
0.03125  -0.415968
0  -0.315142
-0.15625  -0.497488
-0.0625  -0.656746
-0.09375  -0.26764
-0.09375  -0.258496
0.09375  -0.274493
0.09375  -0.308333
-0.0625  -0.211128
-0.125  -0.464032
0.15625  -0.434363
0.03125  -0.551867
-0.1875  -0.433476
0  -0.261975
-0.1875  -0.389614
0  -0.425693
-0.1875  -0.31955
-0.125  -0.489428
-0.03125  -0.303813
0.125  -0.435532
0.0625  -0.467653
0.03125  -0.537591
0  -0.789073
-0.09375  -0.53301
-0.03125  -0.495656
0.125  -0.660821
-0.03125  -0.477744
0.15625  -0.279898
-0.1875  -0.552259
0.15625  -0.535804
-0.0625  -0.549091
-0.0625  -0.618838
-0.1875  -0.579297
0  -0.396373
0.125  -0.433015
-0.0625  -0.156031
0.25  -0.604429
-0.09375  -0.448125
-0.0625  -0.374265
0.03125  -0.526869
-0.09375  -0.470362
-0.15625  -0.411587
-0.03125  -0.30623
0  -0.403884
-0.0625  -0.400777
-0.03125  -0.580082
-0.15625  -0.491857
-0.09375  -0.252393
0.03125  -0.426993
-0.0625  -0.344772
0  -0.520678
-0.125  -0.54636
-0.1875  -0.25992
0  -0.377626
-0.15625  -0.455972
0.125  -0.446501
0.03125  -0.278329
-0.03125  -0.383626
0.03125  -0.327696
0.0625  -0.504989
-0.09375  -0.500891
0.15625  -0.625367
-0.0625  -0.504065
0.15625  -0.355503
0.03125  -0.514765
0.09375  -0.252516
-0.0625  -0.676908
0.25  -0.569872
0.15625  -0.241835
0.0625  -0.430959
0.03125  -0.267243
0.125  -0.444142
-0.0625  -0.378544
-0.125  -0.588591
0  -0.472675
-0.15625  -0.453371
0.03125  -0.402977
-0.03125  -0.565153
0.125  -0.434126
0.03125  -0.558854
0  -0.647654
0.03125  -0.343063
0.1875  -0.562389
-0.125  -0.270593
0.0625  -0.675339
0  -0.498382
0.03125  -0.436474
0.09375  -0.221321
-0.0625  -0.395166
0.21875  -0.521067
0.09375  -0.469107
0.09375  -0.719948
0.21875  -0.43674
-0.09375  -0.411967
-0.0625  -0.548144
0.09375  -0.21747
-0.125  -0.135365
0.1875  -0.487969
0.1875  -0.560039
0.09375  -0.413729
0.15625  -0.477723
-0.0625  -0.365714
-0.125  -0.664962
-0.09375  -0.415738
0.28125  -0.355474
-0.1875  -0.441722
0.03125  -0.539114
0.0625  -0.364597
0  -0.478292
-0.0625  -0.477418
-0.125  -0.511569
0.09375  -0.29216
0.21875  -0.392807
-0.0625  -0.291742
0  -0.165996
-0.03125  -0.321271
-0.09375  -0.211804
0.125  -0.435283
0.125  -0.536431
0.125  -0.169018
-0.09375  -0.319862
-0.25  -0.496124
0.15625  -0.439646
-0.25  -0.612194
-0.09375  -0.450316
-0.03125  -0.556587
0  -0.464521
-0.09375  -0.485287
-0.03125  -0.513784
-0.21875  -0.433398
0.09375  -0.462562
-0.21875  -0.430327
-0.25  -0.468601
0.0625  -0.234102
-0.09375  -0.491708
-0.1875  -0.450731
-0.09375  -0.17916
0.03125  -0.502894
-0.09375  -0.597931
0.09375  -0.446741
-0.125  -0.683866
0.1875  -0.603252
-0.03125  -0.443859
-0.125  -0.285896
-0.09375  -0.363473
-0.0625  -0.399975
-0.0625  -0.374655
0.15625  -0.453954
-0.0625  -0.568716
-0.34375  -0.455705
0.1875  -0.455383
-0.09375  -0.390924
0.0625  -0.568814
-0.03125  -0.444686
-0.21875  -0.30371
0.15625  -0.441396
-0.15625  -0.373318
0.03125  -0.0500902
-0.15625  -0.430045
0.15625  -0.460569
-0.03125  -0.382467
0.03125  -0.512378
-0.15625  -0.495972
0.09375  -0.124839
-0.1875  -0.13003
0.09375  -0.685367
0.125  -0.444177
0.125  -0.0991434
-0.125  -0.448329
0.1875  -0.375768
0.125  -0.535749
-0.0625  -0.453109
-0.125  -0.154821
-0.03125  -0.655185
-0.09375  -0.520554
-0.0625  -0.508259
-0.09375  -0.359467
-0.03125  -0.287459
0.125  -0.500434
0.15625  -0.666181
0.15625  -0.491595
-0.125  -0.53024
0.125  -0.16778
-0.125  -0.440059
0.34375  -0.390895
0.15625  -0.413096
-0.0625  -0.503585
-0.3125  -0.53443
0.1875  -0.44508
-0.3125  -0.1283
-0.15625  -0.459578
-0.15625  -0.349732
0.09375  -0.359139
-0.09375  -0.408536
0  -0.418208
0.3125  -0.441747
0.0625  -0.252049
-0.25  -0.448795
0.28125  -0.462442
0.0625  -0.491179
-0.125  -0.135503
-0.03125  -0.271436
-0.09375  -0.533854
0.125  -0.412187
-0.1875  -0.201559
0.125  -0.429511
0.125  -0.589184
0.03125  -0.574577
0.1875  -0.498005
-0.1875  -0.649873
0.03125  -0.313253
0.1875  -0.588373
-0.09375  -0.576471
-0.0625  -0.492612
-0.21875  -0.42443
0.09375  -0.486182
0.09375  -0.440125
0  -0.455716
0.25  -0.228406
0.125  -0.342181
-0.1875  -0.491659
0.1875  -0.213334
-0.21875  -0.528056
0.0625  -0.71094
0  -0.552449
-0.125  -0.258704
-0.0625  -0.378772
-0.25  -0.617975
-0.15625  -0.46581
-0.0625  -0.412336
0.125  -0.324411
0.09375  -0.446283
-0.125  -0.43556
0.15625  -0.578288
0.0625  -0.45503
-0.0625  -0.365379
-0.15625  -0.58721
-0.125  -0.623785
0  -0.295426
0.03125  -0.425115
0.0625  -0.457247
-0.125  -0.532014
-0.03125  -0.316215
0.15625  -0.452455
0  -0.322679
0.09375  -0.403516
-0.0625  -0.151228
-0.09375  -0.472516
-0.15625  -0.392272
0.0625  -0.594627
-0.125  -0.372004
0.125  -0.40249
-0.21875  -0.471807
0.1875  -0.288743
-0.0625  -0.384937
-0.125  -0.314521
-0.0625  -0.331963
0.0625  -0.413977
0  -0.41761
0.09375  -0.440683
-0.125  -0.539988
0  -0.404861
0.0625  -0.310048
0.15625  -0.482124
0.25  -0.450762
-0.09375  -0.359155
0.125  -0.508229
0.03125  -0.480742
0.1875  -0.488348
-0.03125  -0.476292
0.15625  -0.364308
-0.03125  -0.375329
-0.0625  -0.376751
0  -0.594104
-0.03125  -0.404853
0.0625  -0.464832
0.125  -0.350864
-0.0625  -0.353306
-0.15625  -0.571909
0.03125  -0.343186
-0.125  -0.479732
0.09375  -0.464127
0.1875  -0.343364
0.09375  -0.542525
0.28125  -0.418048
-0.09375  -0.610056
-0.03125  -0.310466
-0.15625  -0.435483
-0.03125  -0.519417
-0.15625  -0.448118
-0.15625  -0.432372
0.03125  -0.216844
-0.03125  -0.22184
0.03125  -0.481636
0  -0.4
0.03125  -0.406153
0.03125  -0.430921
0.03125  -0.324581
-0.0625  -0.412955
0.125  -0.4975
-0.15625  -0.5644
0.125  -0.212591
0.0625  -0.535455
0  -0.343706
-0.15625  -0.511915
-0.0625  -0.459688
0  -0.41841
-0.21875  -0.0867834
0.03125  -0.318489
-0.03125  -0.501303
-0.0625  -0.239095
0  -0.404001
-0.09375  -0.418768
0.03125  -0.359309
0.125  -0.450917
0.03125  -0.399179
-0.03125  -0.406964
0.03125  -0.506227
0.125  -0.230022
0.28125  -0.502516
-0.3125  -0.498251
-0.09375  -0.102141
0.03125  -0.375541
-0.15625  -0.448392
0.09375  -0.171359
-0.0625  -0.357196
-0.0625  -0.620244
-0.03125  -0.47394
-0.03125  -0.572087
0.25  -0.44658
0  -0.303435
0.0625  -0.168562
0  -0.420092
-0.09375  -0.338678
-0.25  -0.416231
0.0625  -0.3095
0.0625  -0.64002
0.125  -0.624915
0.15625  -0.641633
0.125  -0.28667
0.1875  -0.376275
0.3125  -0.24117
-0.21875  -0.614365
-0.0625  -0.474789
-0.0625  -0.460611
-0.03125  -0.651497
0.09375  -0.586335
0.21875  -0.530539
0  -0.498222
-0.0625  -0.598916
-0.03125  -0.351039
-0.03125  -0.194465
0  -0.262589
-0.09375  -0.303106
0.0625  -0.348033
0.09375  -0.44982
0.0625  -0.474904
-0.0625  -0.248429
-0.03125  -0.282569
0  -0.293596
0.0625  -0.6698
0.15625  -0.679749
0  -0.416927
0.1875  -0.464933
-0.3125  -0.457532
-0.03125  -0.658466
-0.15625  -0.487901
0.0625  -0.498041
0.03125  -0.491858
-0.0625  -0.366593
0.0625  -0.399306
0.3125  -0.430591
-0.25  -0.623709
-0.21875  -0.25963
-0.15625  -0.674471
0.28125  -0.491032
-0.0625  -0.187596
-0.09375  -0.529826
0.0625  -0.344251
0.125  -0.506781
-0.125  -0.537625
0.09375  -0.208478
0.0625  -0.0823201
0.09375  -0.420951
-0.125  -0.396435
-0.03125  -0.136425
-0.03125  -0.417307
0.125  -0.378301
0  -0.366802
-0.21875  -0.231786
-0.125  -0.220631
0.03125  -0.417587
0.09375  -0.628253
-0.0625  -0.521664
0.0625  -0.375494
0.40625  -0.475781
0.0625  -0.269487
0.1875  -0.501435
0.125  -0.544378
0.0625  -0.535805
0.125  -0.34832
0.09375  -0.216335
0.0625  -0.394472
0.21875  -0.198007
0.25  -0.422454
0  -0.424953
-0.125  -0.448076
-0.0625  -0.544544
0.21875  -0.411475
-0.09375  -0.34763
-0.03125  -0.457449
-0.09375  -0.371003
0  -0.497447
-0.375  -0.351857
-0.09375  -0.436825
0.1875  -0.345241
-0.0625  -0.470483
0.09375  -0.373234
0  -0.30981
0  -0.286813
-0.21875  -0.356286
-0.125  -0.379329
-0.0625  -0.612378
0  -0.394684
0  -0.452859
-0.25  -0.262805
-0.03125  -0.063515
-0.125  -0.114579
0.28125  -0.501616
-0.09375  -0.267661
0.15625  -0.222382
-0.21875  -0.341862
0.03125  -0.452842
-0.125  -0.477471
0.15625  -0.315151
0.1875  -0.305624
0.03125  -0.376289
0.15625  -0.445096
0.125  -0.361369
0.0625  -0.503646
0.0625  -0.408731
-0.03125  -0.328876
0.25  -0.627754
0  -0.505714
-0.09375  -0.466923
-0.40625  -0.417809
0.125  -0.447077
0.03125  -0.39459
-0.125  -0.163192
0.1875  -0.393859
0.125  -0.395412
0.09375  -0.362243
0.21875  -0.228224
0  -0.577104
0.03125  -0.459036
0.125  -0.451429
-0.15625  -0.479593
0.0625  -0.430886
-0.125  -0.403466
-0.03125  -0.698601
-0.25  -0.202363
0.09375  -0.315279
-0.0625  -0.301226
0.09375  -0.522551
0.21875  -0.3886
-0.15625  -0.470513
-0.0625  -0.317623
-0.21875  -0.578196
0.15625  -0.52851
0.125  -0.276254
-0.1875  -0.242822
0.09375  -0.601583
-0.03125  -0.488348
-0.09375  -0.340421
0.1875  -0.488227
-0.15625  -0.45647
-0.15625  -0.609404
-0.09375  -0.379785
0.15625  -0.0554255
0.03125  -0.300648
0  -0.498283
-0.03125  -0.576811
-0.03125  -0.449489
0.0625  -0.237263
0.0625  -0.476587
0  -0.39499
-0.125  -0.271489
0  -0.272511
0.0625  -0.404424
-0.03125  -0.27397
0.03125  -0.380009
-0.15625  -0.551931
-0.0625  -0.536596
-0.34375  -0.264859
0  -0.385883
-0.03125  -0.318112
0.28125  -0.478242
-0.25  -0.444093
0.09375  -0.362077
-0.09375  -0.36719
0.1875  -0.601179
-0.03125  -0.274021
0.25  -0.357854
0.125  -0.539824
0.0625  -0.232263
-0.0625  -0.250977
0  -0.497194
0  -0.262321
0.15625  -0.680099
0  -0.401157
0.03125  -0.348912
-0.125  -0.568415
0.09375  -0.509057
-0.09375  -0.591015
0.09375  -0.681851
0.25  -0.522327
-0.0625  -0.596088
0.0625  -0.453349
-0.1875  -0.504432
-0.125  -0.354052
0.09375  -0.503
-0.125  -0.282917
0.09375  -0.442793
0.0625  -0.28837
0.09375  -0.429631
0.125  -0.392835
-0.15625  -0.551456
-0.125  -0.371734
-0.3125  -0.357941
0.0625  -0.243202
-0.03125  -0.336956
0.0625  -0.615967
-0.03125  -0.268972
-0.09375  -0.333323
-0.125  -0.342809
-0.09375  -0.437643
0.21875  -0.38522
0.03125  -0.252618
0.09375  -0.459323
-0.03125  -0.314189
0.03125  -0.387144
-0.0625  -0.298426
-0.21875  -0.445242
0.125  -0.698948
-0.125  -0.268308
0.1875  -0.267082
0.03125  -0.481151
0.21875  -0.349329
-0.03125  -0.432293
0.03125  -0.365853
0.125  -0.361289
-0.15625  -0.380208
0  -0.415508
-0.125  -0.356927
0.03125  -0.476423
0  -0.412785
-0.03125  -0.465573
-0.28125  -0.540781
0.09375  -0.477834
-0.125  -0.368765
-0.1875  -0.266234
0.125  -0.413496
-0.21875  -0.497597
-0.0625  -0.474378
0  -0.548982
-0.0625  -0.466823
-0.03125  -0.309681
0  -0.359906
-0.1875  -0.247909
0.09375  -0.542829
-0.0625  -0.549807
-0.03125  -0.388136
0.125  -0.286795
0.25  -0.42182
-0.0625  -0.508676
0.03125  -0.504739
0.125  -0.429575
-0.21875  -0.47857
0.21875  -0.491598
-0.0625  -0.386508
0  -0.35972
0.09375  -0.395098
0.09375  -0.414925
0.0625  -0.557892
0.09375  -0.416343
-0.09375  -0.454675
-0.15625  -0.292835
0  -0.388015
-0.25  -0.258483
-0.125  -0.171291
0.125  -0.615664
0.03125  -0.0983168
0.125  -0.307571
0.0625  -0.252076
0  -0.494051
-0.03125  -0.356064
-0.15625  -0.352841
-0.0625  -0.447856
0.28125  -0.232114
0.28125  -0.325485
-0.03125  -0.30075
0.09375  -0.687121
0.03125  -0.408299
0.09375  -0.345623
0.09375  -0.443383
0.28125  -0.553894
0.0625  -0.521224
-0.09375  -0.312544
-0.09375  -0.387249
-0.1875  -0.487321
0  -0.385615
0.03125  -0.49376
-0.1875  -0.315148
-0.21875  -0.410229
-0.1875  -0.346541
0.15625  -0.475544
0.15625  -0.421387
-0.03125  -0.423604
0.09375  -0.435015
-0.0625  -0.466883
0.15625  -0.475376
-0.125  -0.438598
0.09375  -0.259606
-0.34375  -0.641449
0  -0.456613
-0.125  -0.570904
0.09375  -0.55878
-0.1875  -0.548831
0  -0.450021
-0.0625  -0.325519
0.15625  -0.518243
0.1875  -0.302724
-0.0625  -0.305347
-0.0625  -0.262547
0  -0.407094
0  -0.513051
0.09375  -0.376252
0.0625  -0.415387
0.0625  -0.422039
0.03125  -0.543832
0.21875  -0.486013
-0.0625  -0.358778
0.125  -0.398631
0.15625  -0.323106
-0.15625  -0.372363
0.21875  -0.395844
-0.0625  -0.399495
0  -0.441004
0.09375  -0.344755
0.15625  -0.383673
0.03125  -0.393832
0.125  -0.440027
-0.03125  -0.428793
-0.15625  -0.356421
0.15625  -0.214841
0  -0.347208
0.03125  -0.334589
0.125  -0.350331
-0.03125  -0.387168
-0.0625  -0.336765
-0.21875  -0.366746
-0.0625  -0.19121
0.125  -0.509902
-0.09375  -0.510231
-0.09375  -0.201202
-0.0625  -0.23455
0  -0.360775
-0.03125  -0.375357
0  -0.60809
0.03125  -0.414114
0  -0.569849
0.0625  -0.53177
-0.09375  -0.227947
0.21875  -0.506746
0  -0.431626
0  -0.403837
0.03125  -0.274514
0.0625  -0.378793
-0.03125  -0.188574
-0.03125  -0.408233
-0.25  -0.295323
-0.0625  -0.5583
0.15625  -0.731818
-0.0625  -0.418307
0.0625  -0.310261
-0.15625  -0.369541
-0.21875  -0.329598
-0.3125  -0.286618
-0.1875  -0.465047
0  -0.28981
-0.0625  -0.215984
-0.34375  -0.454241
-0.0625  -0.277774
-0.03125  -0.513769
0.09375  -0.479654
0.1875  -0.389825
0.1875  -0.544124
0.125  -0.327305
0.09375  -0.476746
0.125  -0.214901
0.0625  -0.215555
0  -0.471825
0.1875  -0.572531
-0.03125  -0.467252
0  -0.514011
-0.125  -0.421177
0.03125  -0.455994
0.15625  -0.424425
0.25  -0.278243
0.09375  -0.0352029
0.125  -0.261057
0  -0.273943
0.0625  -0.317424
0.03125  -0.384912
0.03125  -0.630463
-0.125  -0.258001
-0.15625  -0.476037
0.03125  -0.405903
0.28125  -0.346317
-0.125  -0.38111
0  -0.522813
0.09375  -0.496189
0  -0.352012
0.21875  -0.251539
0.0625  -0.364757
0.03125  -0.427104
0.03125  -0.413037
0.09375  -0.207125
-0.09375  -0.362309
-0.0625  -0.397095
-0.0625  -0.40412
0.0625  -0.252545
-0.0625  -0.549559
-0.125  -0.436824
-0.09375  -0.421722
0.15625  -0.309109
0.0625  -0.431793
-0.03125  -0.549816
0.125  -0.136706
0.125  -0.333191
0.125  -0.37947
0.0625  -0.284026
0.15625  -0.471336
-0.125  -0.305329
0.09375  -0.501839
0.09375  -0.339363
0  -0.212068
0.03125  -0.274833
-0.0625  -0.364107
0.21875  -0.515368
-0.09375  -0.337303
0.125  -0.258523
-0.125  -0.511477
-0.125  -0.477537
-0.03125  -0.478492
0.125  -0.55223
0  -0.41847
0.09375  -0.526649
-0.1875  -0.511939
-0.25  -0.283065
-0.03125  -0.50805
-0.0625  -0.556919
0.25  -0.517697
0.28125  -0.473016
0  -0.369378
-0.15625  -0.539983
-0.09375  -0.53653
-0.03125  -0.432081
0.03125  -0.273409
-0.15625  -0.331005
0  -0.246605
0.09375  -0.461272
-0.03125  -0.429993
-0.21875  -0.437929
-0.21875  -0.582953
0  -0.451592
0.125  -0.393596
0.125  -0.746442
0.09375  -0.415595
0.0625  -0.419716
0.125  -0.367283
0.15625  -0.0486882
0.15625  -0.40056
-0.125  -0.434854
0  -0.533458
-0.03125  -0.309834
0.03125  -0.397191
0  -0.39018
-0.0625  -0.36909
0.0625  -0.522892
0.09375  -0.199244
0  -0.33565
0.1875  -0.416903
0  -0.481772
-0.15625  -0.495987
-0.1875  -0.249417
-0.09375  -0.461828
-0.15625  -0.391532
-0.0625  -0.282377
0.03125  -0.492337
0.0625  -0.395723
-0.1875  -0.294201
-0.125  -0.463841
-0.09375  -0.393885
-0.28125  -0.361966
0.09375  -0.643127
0.0625  -0.35308
0  -0.477075
0.03125  -0.497172
-0.1875  -0.387835
0  -0.277052
-0.125  -0.61063
0.0625  -0.391565
-0.125  -0.542425
0.09375  -0.547871
0  -0.27647
-0.09375  -0.224758
-0.03125  -0.435461
0.21875  -0.559609
0.125  -0.437768
-0.1875  -0.385895
0.03125  -0.467092
-0.25  -0.278902
0  -0.398328
0.03125  -0.6647
0.15625  -0.21021
0.0625  -0.450851
-0.0625  -0.371096
0.03125  -0.45619
-0.03125  -0.375449
0.15625  -0.585014
-0.09375  -0.53089
-0.09375  -0.425432
0.09375  -0.271543
-0.21875  -0.399913
0.09375  -0.530019
0.1875  -0.536044
0.0625  -0.539532
0.15625  -0.479291
-0.125  -0.419552
0.125  -0.407757
0.0625  -0.467294
-0.0625  -0.532296
0.03125  -0.401858
-0.1875  -0.364665
0.09375  -0.579103
-0.03125  -0.35597
0.125  -0.447109
-0.125  -0.540314
-0.21875  -0.319669
0.25  -0.340149
0.09375  -0.515407
0.03125  -0.439941
-0.125  -0.312493
0.03125  -0.326318
-0.0625  -0.21773
-0.0625  -0.479402
-0.1875  -0.406396
0.0625  -0.153803
-0.0625  -0.42492
-0.125  -0.388589
0.0625  -0.39747
0  -0.500338
0.0625  -0.461624
0.125  -0.303364
0.0625  -0.275549
0.15625  -0.517643
0.03125  -0.414429
0.0625  -0.378546
0.0625  -0.52231
0.03125  -0.360327
0.0625  -0.589965
0.0625  -0.102565
0.125  -0.355693
0.0625  -0.422281
-0.125  -0.41478
-0.03125  -0.334198
-0.15625  -0.442838
-0.03125  -0.343848
0.1875  -0.493706
-0.09375  -0.462931
0.15625  -0.351095
0  -0.526449
-0.03125  -0.438906
0.15625  -0.236409
0.09375  -0.55679
-0.0625  -0.416781
-0.09375  -0.38
0.09375  -0.729757
0  -0.549767
0.125  -0.572574
0.0625  -0.524028
-0.1875  -0.589551
-0.21875  -0.438708
0.03125  -0.267002
0  -0.517003
-0.09375  -0.317877
-0.125  -0.642998
0.1875  -0.567607
-0.3125  -0.378002
0.0625  -0.33471
-0.09375  -0.60448
-0.1875  -0.438337
-0.03125  -0.592972
0  -0.359802
0.0625  -0.248068
-0.03125  -0.262655
0.09375  -0.647569
0.09375  -0.467768
0  -0.215515
0.03125  -0.497553
-0.03125  -0.490688
0.4375  -0.365454
0.03125  -0.126573
-0.0625  -0.221207
0.125  -0.356374
0.03125  -0.668967
-0.15625  -0.544681
0.1875  -0.43893
-0.09375  -0.422623
0.15625  -0.52556
-0.09375  -0.573163
-0.125  -0.402039
-0.15625  -0.482205
0  -0.28297
0.15625  -0.284604
-0.09375  -0.13373
0.09375  -0.491989
-0.125  -0.631149
0.15625  -0.428863
0.03125  -0.630974
-0.25  -0.492149
-0.03125  -0.620124
0.0625  -0.460068
-0.03125  -0.363624
-0.09375  -0.39376
0.0625  -0.454858
-0.09375  -0.38681
0.21875  -0.638866
0  -0.363453
-0.0625  -0.481228
0.3125  -0.476085
-0.03125  -0.419233
-0.1875  -0.279958
0  -0.361726
-0.0625  -0.411693
0.03125  -0.264674
0.0625  -0.29867
-0.0625  -0.266415
0.0625  -0.353386
0.03125  -0.348084
-0.09375  -0.564184
-0.15625  -0.564426
-0.21875  -0.455937
0.125  -0.501007
-0.125  -0.390033
0  -0.546254
0.25  -0.599094
0.25  -0.147208
-0.28125  -0.367483
-0.03125  -0.214768
0.15625  -0.55977
0.125  -0.270259
-0.03125  -0.517026
-0.0625  -0.53242
-0.125  -0.324545
-0.09375  -0.382892
0.0625  -0.377212
0.09375  -0.623941
0.03125  -0.373031
0.15625  -0.506877
-0.21875  -0.356472
-0.1875  -0.520217
-0.03125  -0.125986
-0.125  -0.55469
0.09375  -0.202458
-0.09375  -0.353502
0.09375  -0.611403
-0.09375  -0.394578
0.1875  -0.581899
-0.0625  -0.438372
0.0625  -0.46947
-0.03125  -0.308345
0.03125  -0.62629
0.21875  -0.319377
0.3125  -0.360377
-0.125  -0.351514
-0.0625  -0.242985
0.21875  -0.433494
-0.0625  -0.405565
-0.09375  -0.488048
0.09375  -0.480964
0  -0.291792
-0.28125  -0.264831
0  -0.431184
-0.09375  -0.204656
-0.03125  -0.563553
0.125  -0.550753
0.15625  -0.428284
-0.09375  -0.625305
0.03125  -0.300198
0.125  -0.480782
-0.125  -0.50761
-0.0625  -0.326507
0.125  -0.37183
0.03125  -0.459311
-0.03125  -0.292306
-0.03125  -0.654055
-0.03125  -0.621897
0.03125  -0.434489
0  -0.442715
-0.25  -0.468292
-0.0625  -0.692699
-0.1875  -0.387128
0.25  -0.606591
0.1875  -0.364212
-0.125  -0.495451
-0.09375  -0.399158
0  -0.124463
0.0625  -0.324751
-0.03125  -0.492801
0  -0.459056
-0.03125  -0.171972
0.15625  -0.643373
0.0625  -0.423648
-0.125  -0.337242
0  -0.403215
0.125  -0.477907
-0.03125  -0.368762
0  -0.53156
-0.09375  -0.306978
-0.1875  -0.430488
0  -0.354285
-0.0625  -0.297215
-0.09375  -0.258193
0.03125  -0.404723
0.1875  -0.397641
-0.0625  -0.307336
0.1875  -0.535958
-0.0625  -0.315478
-0.09375  -0.494812
0.15625  -0.558005
0.125  -0.176369
-0.125  -0.326475
0.03125  -0.290706
0.09375  -0.293007
-0.03125  -0.423525
0.125  -0.539455
-0.125  -0.582337
-0.03125  -0.544087
-0.03125  -0.481237
0.0625  -0.0860124
0.03125  -0.491119
-0.03125  -0.455907
-0.0625  -0.539007
-0.09375  -0.413615
0.125  -0.554974
0  -0.51317
-0.03125  -0.588162
0.1875  -0.405133
-0.0625  -0.273763
-0.0625  -0.458978
0.21875  -0.340778
0.03125  -0.700362
0  -0.326085
0.09375  -0.418953
0.03125  -0.40534
-0.125  -0.400807
0.125  -0.653624
-0.03125  -0.388533
-0.125  -0.273909
0  -0.486055
-0.125  -0.405155
-0.03125  -0.348108
0.1875  -0.646702
-0.1875  -0.470744
0.0625  -0.393013
-0.03125  -0.427455
-0.125  -0.416111
0.09375  -0.271342
0.0625  -0.447918
0.28125  -0.42477
0.0625  -0.456908
-0.03125  -0.429439
-0.09375  -0.347243
-0.21875  -0.465314
-0.03125  -0.402857
0.0625  -0.584331
0.09375  -0.250019
0.03125  -0.313267
-0.15625  -0.640732
-0.15625  -0.332419
0.21875  -0.464018
-0.25  -0.39923
-0.03125  -0.774605
-0.15625  -0.740912
-0.03125  -0.430751
0  -0.45976
-0.15625  -0.483064
-0.125  -0.562349
0.03125  -0.405887
0  -0.431875
-0.1875  -0.488106
-0.09375  -0.472341
0.125  -0.346098
0  -0.398068
0  -0.191186
-0.15625  -0.428213
-0.09375  -0.595496
0.1875  -0.328698
-0.09375  -0.0821726
0.09375  -0.552201
-0.0625  -0.570251
0.34375  -0.441854
-0.15625  -0.285626
0.15625  -0.270776
0.09375  -0.453835
0  -0.564226
0.25  -0.60297
-0.09375  -0.504794
0.03125  -0.432033
-0.21875  -0.557943
0.21875  -0.279824
0.15625  -0.290305
-0.0625  -0.33706
0  -0.531582
-0.03125  -0.51583
-0.09375  -0.434046
-0.0625  -0.541676
0.0625  -0.595033
-0.0625  -0.365889
0.1875  -0.417877
-0.03125  -0.567829
-0.1875  -0.215962
0.15625  -0.254746
-0.03125  -0.273636
-0.09375  -0.521134
0  -0.541535
0  -0.422124
0.15625  -0.529071
-0.03125  -0.316025
0.125  -0.499934
0.125  -0.453049
-0.15625  -0.485994
-0.21875  -0.398539
-0.1875  -0.466854
0.0625  -0.344027
-0.0625  -0.245656
-0.1875  -0.362798
-0.0625  -0.278728
0.03125  -0.264374
-0.03125  -0.363052
0.03125  -0.332662
0.28125  -0.392739
0  -0.382397
0.03125  -0.590355
0.15625  -0.457236
-0.1875  -0.477377
-0.03125  -0.462408
-0.28125  -0.192429
-0.09375  -0.42002
-0.09375  -0.519567
-0.0625  -0.517752
-0.125  -0.292416
-0.125  -0.442154
-0.03125  -0.514179
-0.0625  -0.184435
-0.1875  -0.315363
0.1875  -0.385327
-0.09375  -0.426199
0.0625  -0.391712
-0.03125  -0.285818
0.03125  -0.464394
-0.125  -0.274644
0.03125  -0.413524
-0.03125  -0.499296
0.15625  -0.732383
0.25  -0.401949
0.09375  -0.66573
-0.15625  -0.558858
0.09375  -0.434574
0  -0.283685
-0.21875  -0.235494
0.0625  -0.374636
-0.125  -0.365744
0.03125  -0.512072
0.0625  -0.352287
-0.375  -0.402193
-0.0625  -0.581117
0.125  -0.534729
-0.03125  -0.550308
-0.09375  -0.0686034
-0.09375  -0.385474
0.03125  -0.428563
-0.0625  -0.371791
0.1875  -0.349915
-0.0625  -0.495119
-0.25  -0.274941
0.0625  -0.463413
0  -0.43507
-0.03125  -0.441882
0.15625  -0.28342
-0.21875  -0.325775
-0.09375  -0.702199
-0.40625  -0.401911
0.1875  -0.0844241
0.1875  -0.300303
0.0625  -0.489469
0.0625  -0.164163
0.0625  -0.403179
-0.0625  -0.352732
-0.03125  -0.357007
-0.09375  -0.400773
-0.03125  -0.441285
-0.03125  -0.458924
-0.1875  -0.480088
0  -0.391108
-0.0625  -0.367919
-0.25  -0.489782
0.09375  -0.395304
-0.125  -0.264182
-0.1875  -0.488528
-0.25  -0.389254
0.0625  -0.489674
-0.0625  -0.206561
0.03125  -0.419664
-0.15625  -0.445926
-0.0625  -0.445735
0.125  -0.194311
-0.25  -0.636305
-0.03125  -0.36631
0.125  -0.475693
0.03125  -0.473716
-0.09375  -0.420848
0.03125  -0.516168
0.125  -0.48556
0.1875  -0.249973
0  -0.479238
-0.0625  -0.366831
-0.0625  -0.309266
-0.21875  -0.625294
-0.03125  -0.335114
-0.03125  -0.365606
-0.125  -0.23276
-0.0625  -0.411116
0.25  -0.296836
0.09375  -0.405248
0.03125  -0.276205
-0.15625  -0.42135
-0.0625  -0.438186
0.125  -0.53309
0.09375  -0.283364
-0.21875  -0.474383
0.125  -0.429686
0  -0.428393
-0.1875  -0.127011
-0.03125  -0.420408
0.125  -0.387628
0.0625  -0.334802
-0.03125  -0.398356
-0.03125  -0.404765
-0.1875  -0.3953
0.09375  -0.422998
0.125  -0.373135
0.0625  -0.361438
0  -0.284679
0.125  -0.356696
0  -0.399501
-0.0625  -0.14425
-0.3125  -0.348257
0.125  -0.466561
0.0625  -0.673717
0  -0.539925
0.09375  -0.12992
-0.1875  -0.24177
0.0625  -0.392748
-0.03125  -0.178804
0.03125  -0.444084
-0.03125  -0.411378
0.21875  -0.376269
-0.15625  -0.317784
-0.0625  -0.40351
-0.125  -0.407218
0.125  -0.357299
-0.03125  -0.499715
-0.0625  -0.482697
0  -0.3166
-0.25  -0.347237
0  -0.460068
-0.1875  -0.522976
0.15625  -0.540096
-0.09375  -0.342818
-0.09375  -0.104032
0.09375  -0.510016
-0.03125  -0.481989
-0.125  -0.544088
-0.125  -0.105971
0.03125  -0.293361
0.125  -0.392744
0.3125  -0.381895
0.28125  -0.31657
0.125  -0.413589
-0.125  -0.372142
0.15625  -0.63728
0.03125  -0.287661
-0.34375  -0.418612
0.25  -0.511861
-0.03125  -0.504071
0  -0.314381
0.15625  -0.431643
-0.03125  -0.672875
-0.0625  -0.470088
0.03125  -0.415406
-0.03125  -0.600807
0.03125  -0.469129
-0.03125  -0.603906
0.15625  -0.611257
-0.15625  -0.495212
-0.09375  -0.502161
0.0625  -0.422829
0.1875  -0.472473
0.125  -0.245073
0.03125  -0.592221
0.03125  -0.48017
0.125  -0.148054
0.0625  -0.418067
0  -0.110112
-0.09375  -0.320792
-0.25  -0.366894
-0.1875  -0.448584
0.03125  -0.614775
-0.15625  -0.16809
0.09375  -0.468924
0  -0.546808
-0.03125  -0.420574
-0.03125  -0.233433
0.1875  -0.321051
0.0625  -0.363155
-0.125  -0.411829
0  -0.12691
-0.03125  -0.322229
0.09375  -0.503233
0.125  -0.423482
0.21875  -0.716585
0.0625  -0.478857
-0.0625  -0.550792
0  -0.148355
-0.21875  -0.359334
0.15625  -0.42523
-0.0625  -0.607515
-0.1875  -0.543295
0.09375  -0.250196
-0.125  -0.58135
0.125  -0.431006
0.09375  -0.398473
-0.0625  -0.509299
0.15625  -0.393515
-0.125  -0.507451
0.125  -0.411199
-0.09375  -0.372191
-0.0625  -0.566445
0.03125  -0.435816
-0.125  -0.44458
0.0625  -0.436382
-0.03125  -0.430244
-0.0625  -0.234988
-0.15625  -0.557657
0.03125  -0.251788
0.03125  -0.353389
-0.0625  -0.46344
-0.03125  -0.332096
-0.0625  -0.554686
-0.09375  -0.515731
-0.15625  -0.280606
-0.15625  -0.550483
-0.125  -0.348424
0.09375  -0.568755
0.125  -0.501725
0.125  -0.491635
0  -0.60638
-0.0625  -0.504349
0.1875  -0.52389
0.03125  -0.47314
-0.03125  -0.349957
0  -0.265928
0.09375  -0.755115
0.03125  -0.657894
0.09375  -0.492162
0.03125  -0.379407
0.03125  -0.45183
-0.0625  -0.149857
-0.09375  -0.395367
-0.0625  -0.49716
-0.15625  -0.394382
0  -0.484008
-0.1875  -0.558313
-0.125  -0.485591
-0.1875  -0.432926
0.09375  -0.254971
0.0625  -0.333696
0.09375  -0.264245
-0.09375  -0.413576
0.0625  -0.463168
-0.03125  -0.411347
0  -0.260081
0.15625  -0.386813
-0.03125  -0.378736
-0.09375  -0.578583
0  -0.329585
-0.03125  -0.476278
0.03125  -0.462391
0.1875  -0.383104
0.25  -0.441587
0.21875  -0.410792
0.03125  -0.466425
-0.03125  -0.522671
0.09375  -0.433426
-0.0625  -0.478145
0.0625  -0.375801
0  -0.375979
0  -0.382565
-0.15625  -0.296711
-0.1875  -0.535142
0.09375  -0.605776
-0.15625  -0.291223
-0.3125  -0.277761
0.1875  -0.447393
0.1875  -0.386917
0  -0.441343
-0.0625  -0.414966
0  -0.578683
0.125  -0.422135
-0.0625  -0.460465
-0.15625  -0.303723
0.03125  -0.394835
0.0625  -0.560713
-0.125  -0.409477
0.09375  -0.399792
0  -0.147551
0.0625  -0.253359
0.03125  -0.537788
0.03125  -0.317807
0  -0.389792
-0.09375  -0.598707
0.0625  -0.236239
-0.03125  -0.485686
0.28125  -0.42614
0.1875  -0.168571
0.125  -0.40826
0.0625  -0.118533
0.0625  -0.330099
0.28125  -0.134457
-0.0625  -0.146851
-0.21875  -0.314008
-0.03125  -0.483885
0.03125  -0.591149
-0.125  -0.464938
0.03125  -0.514837
-0.0625  -0.384571
0.1875  -0.388881
0.125  -0.667432
0.09375  -0.385965
0.03125  -0.298004
-0.125  -0.377924
0  -0.568159
0.21875  -0.201683
-0.25  -0.496998
0.1875  -0.525966
-0.28125  -0.460741
0.125  -0.426512
0.09375  -0.206695
0.03125  -0.25226
0.0625  -0.396929
-0.125  -0.465485
0  -0.541802
-0.15625  -0.233721
-0.0625  -0.297568
0.09375  -0.566214
0.03125  -0.214407
-0.0625  -0.404583
-0.03125  -0.596242
0.125  -0.665179
0.21875  -0.435881
-0.125  -0.308194
0.03125  -0.277219
0.03125  -0.394914
0.1875  -0.5018
-0.15625  -0.522947
0  -0.392968
0.0625  -0.220225
0.09375  -0.424493
-0.0625  -0.450854
0.09375  -0.396591
-0.03125  -0.396401
0.03125  -0.380366
0  -0.352461
-0.0625  -0.458024
0.125  -0.349772
0.03125  -0.288668
-0.0625  -0.307142
0.09375  -0.417287
-0.125  -0.548011
0.09375  -0.409029
-0.0625  -0.38194
0.125  -0.252418
0.15625  -0.400658
0.03125  -0.473512
-0.1875  -0.310691
0.09375  -0.380393
0  -0.318992
-0.09375  -0.243662
0.125  -0.451056
0  -0.5469
-0.0625  -0.642613
-0.03125  -0.458263
0  -0.429129
0.09375  -0.306323
0.03125  -0.356305
-0.15625  -0.500265
0.0625  -0.484688
0  -0.408756
0.03125  -0.311959
-0.03125  -0.457622
-0.21875  -0.513942
0.125  -0.246771
0.125  -0.391039
-0.15625  -0.430022
0.09375  -0.262348
-0.0625  -0.511192
-0.1875  -0.381413
0.125  -0.365523
-0.25  -0.248356
-0.03125  -0.393764
0.09375  -0.117447
-0.21875  -0.65831
0.15625  -0.380329
0.125  -0.496601
-0.15625  -0.47069
-0.125  -0.565259
0.09375  -0.383592
0.125  -0.334189
0.125  -0.471787
0.0625  -0.616623
-0.03125  -0.447574
0  -0.248876
0.1875  -0.490312
0.03125  -0.332363
0  -0.517955
0.09375  -0.445726
0.15625  -0.558593
-0.03125  -0.283962
-0.28125  -0.302272
-0.03125  -0.55256
0.03125  -0.144467
-0.0625  -0.395934
0.15625  -0.612853
-0.09375  -0.538839
-0.21875  -0.32103
-0.28125  -0.396869
-0.03125  -0.564613
0.0625  -0.333748
-0.09375  -0.363916
0.125  -0.549316
0.03125  -0.229183
-0.1875  -0.444024
-0.03125  -0.335426
0.28125  -0.471302
0  -0.537301
0.15625  -0.284275
-0.09375  -0.547642
0  -0.415662
0.21875  -0.454467
-0.125  -0.467328
-0.03125  -0.415475
-0.125  -0.245747
0.1875  -0.700411
0.03125  -0.497095
-0.09375  -0.364037
0.09375  -0.550278
0.125  -0.406745
0  -0.473472
0.09375  -0.618604
0.25  -0.227991
-0.25  -0.350834
-0.1875  -0.466564
0  -0.419055
0.03125  -0.266602
-0.15625  -0.400253
-0.0625  -0.210216
0.15625  -0.559084
-0.0625  -0.56366
0.125  -0.22175
0  -0.264823
0  -0.435423
-0.21875  -0.42676
0.09375  -0.57903
-0.125  -0.36877
-0.03125  -0.500415
0.1875  -0.232124
0  -0.288475
0.125  -0.536388
0  -0.244426
0.15625  -0.303156
-0.03125  -0.289477
0  -0.593339
0.03125  -0.537791
0.21875  -0.425968
0  -0.249604
0  -0.53756
0  -0.649642
-0.125  -0.629454
-0.0625  -0.702152
-0.03125  -0.557395
-0.25  -0.566383
0.09375  -0.338258
-0.03125  -0.331593
0.0625  -0.44972
-0.125  -0.443353
-0.09375  -0.452016
0.1875  -0.3517
0.0625  -0.712404
0.1875  -0.195553
-0.09375  -0.503073
-0.09375  -0.23335
0.21875  -0.1585
-0.09375  -0.352773
-0.125  -0.477472
0.15625  -0.422177
-0.0625  -0.276931
0  -0.43935
0.0625  -0.389256
0  -0.2123
0.03125  -0.444713
-0.0625  -0.32286
-0.03125  -0.492192
0.03125  -0.470486
-0.09375  -0.1655
0.21875  -0.359105
0.125  -0.423946
-0.28125  -0.437537
0.03125  -0.29582
0.09375  -0.430275
0.03125  -0.257061
-0.03125  -0.482432
-0.0625  -0.350321
-0.0625  -0.277827
0  -0.242555
0.0625  -0.304834
0.0625  -0.496862
-0.125  -0.403591
0.03125  -0.172922
-0.1875  -0.29577
0.125  -0.428238
0.09375  -0.611701
0.28125  -0.628388
0.09375  -0.500899
0  -0.611299
-0.09375  -0.237287
0.125  -0.219912
-0.15625  -0.653409
0.09375  -0.455895
0.15625  -0.314785
0  -0.250735
-0.15625  -0.613624
-0.1875  -0.405235
-0.0625  -0.472497
0.0625  -0.412132
-0.125  -0.51636
0.125  -0.389373
0.125  -0.389076
0.125  -0.351718
0.09375  -0.394923
0.0625  -0.370367
-0.09375  -0.300492
0.03125  -0.402334
-0.0625  -0.338305
-0.125  -0.412823
0.0625  -0.507795
0.0625  -0.50991
0.125  -0.354
0.09375  -0.434875
0.09375  -0.63132
0.03125  -0.361827
-0.0625  -0.322875
0.0625  -0.332084
0.15625  -0.348563
0.03125  -0.456944
0.09375  -0.505413
0.21875  -0.379125
0.0625  -0.468317
0.125  -0.232962
0.09375  -0.174035
0.125  -0.120458
0  -0.490853
-0.0625  -0.540282
0  -0.31825
-0.0625  -0.399748
-0.28125  -0.384656
-0.0625  -0.42165
-0.09375  -0.459742
0.125  -0.476822
0.15625  -0.351797
-0.09375  -0.376886
0.09375  -0.367756
-0.21875  -0.558847
0  -0.721843
-0.09375  -0.4954
0  -0.287644
-0.09375  -0.392019
0.09375  -0.551974
0.34375  -0.529204
0.03125  -0.472908
-0.03125  -0.469116
0.125  -0.381183
0.0625  -0.0641151
-0.1875  -0.598989
0.09375  -0.444764
-0.03125  -0.412195
0.15625  -0.381571
0.09375  -0.353002
-0.0625  -0.472695
0.09375  -0.387636
-0.15625  -0.486415
-0.1875  -0.377109
0  -0.39318
0  -0.274328
-0.09375  -0.30872
-0.03125  -0.543646
0.1875  -0.425427
-0.15625  -0.474082
-0.09375  -0.405376
0.25  -0.418291
-0.03125  -0.571234
0.21875  -0.467321
-0.21875  -0.58059
-0.09375  -0.427616
0  -0.388756
0.03125  -0.361125
0  -0.367576
0.15625  -0.473677
-0.25  -0.45512
-0.15625  -0.633765
0.0625  -0.358543
-0.03125  -0.638508
0  -0.239439
-0.125  -0.256906
-0.03125  -0.4711
0.0625  -0.426007
0.09375  -0.510566
0.03125  -0.471597
0  -0.470359
-0.09375  -0.621187
0.125  -0.265272
-0.125  -0.359365
-0.1875  -0.33362
-0.09375  -0.527439
0.09375  -0.58536
-0.03125  -0.488695
0.1875  -0.444843
0.09375  -0.263781
0  -0.359964
-0.125  -0.365299
0.0625  -0.225734
0.0625  -0.232917
0.3125  -0.427057
-0.125  -0.483801
-0.03125  -0.416756
-0.25  -0.511431
-0.125  -0.532289
0.0625  -0.306837
0.09375  -0.23652
-0.15625  -0.474254
0.125  -0.349685
-0.125  -0.281778
0  -0.689472
-0.09375  -0.442367
0.0625  -0.474425
-0.09375  -0.453031
0.03125  -0.397815
0.03125  -0.4933
0.0625  -0.218866
-0.03125  -0.518732
-0.09375  -0.377442
-0.125  -0.400394
0.1875  -0.568315
0.125  -0.46523
-0.34375  -0.286424
-0.09375  -0.616183
0.03125  -0.164427
0.09375  -0.42133
0.09375  -0.267211
0  -0.498086
0.34375  -0.402643
-0.125  -0.233094
-0.15625  -0.521708
-0.25  -0.274924
0.25  -0.427166
-0.21875  -0.536666
0.0625  -0.327866
-0.34375  -0.481308
0.125  -0.300068
0.03125  -0.517557
0.28125  -0.377136
0.09375  -0.413678
-0.25  -0.249325
0.15625  -0.585707
-0.09375  -0.489877
-0.09375  -0.313552
-0.09375  -0.549769
-0.15625  -0.669348
0.15625  -0.415519
0.0625  -0.395893
0.09375  -0.272855
0.1875  -0.346761
0.125  -0.581205
-0.09375  -0.562444
0.03125  -0.281933
0.15625  -0.364939
0  -0.386494
0.15625  -0.605124
0  -0.471202
-0.15625  -0.495201
0.125  -0.409377
-0.0625  -0.290214
0  -0.398565
-0.1875  -0.210586
-0.28125  -0.426657
0.03125  -0.54365
0.125  -0.41921
-0.03125  -0.415428
0.03125  -0.511336
-0.03125  -0.526736
-0.03125  -0.449332
0  -0.22539
0.03125  -0.586707
0.09375  -0.379256
0.0625  -0.364686
0.09375  -0.606569
0.1875  -0.329428
-0.0625  -0.507372
0.21875  -0.518263
0  -0.160619
-0.09375  -0.721691
-0.09375  -0.521103
-0.15625  -0.443897
0.03125  -0.310062
0.03125  -0.455105
0.03125  -0.39407
-0.03125  -0.457024
-0.09375  -0.441174
0.125  -0.306042
0.0625  -0.509115
0.03125  -0.405427
-0.09375  -0.452866
0.25  -0.429664
0.125  -0.313748
0.03125  -0.575648
-0.03125  -0.216521
0  -0.401544
-0.03125  -0.556941
0.03125  -0.569795
0.03125  -0.178092
-0.09375  -0.462866
-0.1875  -0.321661
-0.09375  -0.548762
0.09375  -0.565113
0.0625  -0.426656
-0.0625  -0.194308
-0.25  -0.582092
0.1875  -0.156035
-0.09375  -0.466129
0.15625  -0.379174
0.0625  -0.467515
-0.125  -0.493135
-0.125  -0.601074
-0.09375  -0.0859275
-0.125  -0.37443
-0.0625  -0.364168
-0.09375  -0.193883
0.09375  -0.264022
0.0625  -0.50103
0.0625  -0.476178
0.09375  -0.258972
0.03125  -0.517512
0.15625  -0.549132
0.03125  -0.519675
-0.03125  -0.17821
0.15625  -0.34872
-0.0625  -0.464807
-0.0625  -0.540405
-0.1875  -0.543598
0.1875  -0.492992
0.03125  -0.413469
-0.0625  -0.617188
0.15625  -0.256986
0.1875  -0.492464
0  -0.298888
-0.25  -0.591593
-0.15625  -0.295884
0.03125  -0.419579
-0.0625  -0.575197
-0.03125  -0.683878
0.0625  -0.507677
-0.09375  -0.399062
0.21875  -0.417024
-0.15625  -0.451754
0.125  -0.436606
0.03125  -0.496957
0.03125  -0.481852
-0.0625  -0.605007
0.03125  -0.455233
0.03125  -0.521565
-0.21875  -0.380185
-0.125  -0.555325
0.0625  -0.290196
0.1875  -0.513579
-0.09375  -0.372883
-0.15625  -0.596954
-0.0625  -0.439536
-0.03125  -0.366226
-0.21875  -0.31886
-0.0625  -0.175713
-0.28125  -0.279251
-0.0625  -0.547863
-0.03125  -0.512275
0.125  -0.396157
-0.09375  -0.429651
0.125  -0.380008
0.03125  -0.523547
0.03125  -0.320212
-0.1875  -0.436149
0  -0.397152
0  -0.266909
-0.15625  -0.244602
-0.1875  -0.396274
0.1875  -0.424942
-0.0625  -0.481213
0.03125  -0.294694
0.0625  -0.372447
-0.21875  -0.314609
0  -0.447283
0.0625  -0.536866
0.15625  -0.385552
0.125  -0.552767
-0.03125  -0.420278
-0.25  -0.492574
0.25  -0.553502
0  -0.371843
0.0625  -0.286642
0.09375  -0.517944
-0.09375  -0.320216
0.0625  -0.414846
-0.125  -0.444354
-0.0625  -0.59248
0.0625  -0.45869
0.28125  -0.315903
0  -0.669346
0.1875  -0.573999
0.125  -0.597189
-0.09375  -0.375242
-0.15625  -0.551643
0.09375  -0.467491
-0.125  -0.48808
0  -0.404306
0.09375  -0.411557
-0.03125  -0.318809
0.09375  -0.531871
0.09375  -0.119212
-0.0625  -0.391698
-0.21875  -0.506715
0  -0.341188
0  -0.317295
0.125  -0.400997
-0.125  -0.303173
0.09375  -0.420785
0.03125  -0.438496
0.0625  -0.709091
-0.0625  -0.516745
-0.09375  -0.567336
0.25  -0.43127
0.03125  -0.716941
0.3125  -0.400495
-0.03125  -0.499945
-0.0625  -0.347588
0  -0.456486
-0.03125  -0.422055
-0.3125  -0.468607
0.125  -0.455911
0  -0.460494
0.0625  -0.381659
-0.0625  -0.443632
0.09375  -0.49042
0.15625  -0.540819
0.25  -0.488484
0.0625  -0.455239
0.125  -0.418869
-0.21875  -0.4905
-0.46875  -0.28169
0.25  -0.344874
0  -0.44412
0  -0.195302
0.0625  -0.376475
0.03125  -0.453263
-0.125  -0.313444
0.03125  -0.313013
-0.09375  -0.301523
0  -0.20707
-0.1875  -0.389471
0.03125  -0.33427
0.28125  -0.29802
-0.125  -0.586128
0  -0.25562
0.21875  -0.158008
0.15625  -0.308756
0.25  -0.537097
0.0625  -0.500559
-0.1875  -0.414798
0.0625  -0.369513
0.15625  -0.493383
-0.1875  -0.28623
-0.125  -0.430949
-0.25  -0.566984
-0.15625  -0.503028
0.09375  -0.650878
-0.09375  -0.489389
0.03125  -0.4323
-0.03125  -0.400828
-0.15625  -0.697193
-0.0625  -0.429492
0.09375  -0.605486
0.21875  -0.571051
0.03125  -0.370168
0.3125  -0.385931
0.15625  -0.448285
0.21875  -0.431047
-0.1875  -0.387719
-0.125  -0.452147
-0.125  -0.302696
0.1875  -0.561745
-0.15625  -0.468279
0.125  -0.208854
-0.15625  -0.457671
-0.0625  -0.537419
0  -0.239871
-0.0625  -0.359991
0.125  -0.357274
-0.03125  -0.305154
0.03125  -0.453152
0.125  -0.442767
0.15625  -0.338407
-0.09375  -0.359455
0.0625  -0.402317
0.09375  -0.434195
-0.1875  -0.422761
0.03125  -0.284823
0.0625  -0.493451
0.0625  -0.417043
-0.03125  -0.296261
0.1875  -0.282516
0.21875  -0.228294
-0.15625  -0.282976
-0.03125  -0.472809
-0.15625  -0.562458
-0.0625  -0.263637
0.0625  -0.301627
0.0625  -0.451921
0.0625  -0.473029
-0.125  -0.42391
-0.15625  -0.374873
-0.03125  -0.403257
0  -0.385542
0.03125  -0.387565
-0.125  -0.376768
-0.03125  -0.0355119
-0.125  -0.126596
-0.40625  -0.493595
0.0625  -0.514145
-0.125  -0.60143
-0.0625  -0.34064
-0.03125  -0.198029
0  -0.476135
0.03125  -0.41185
0.21875  -0.21064
0.125  -0.357871
0.09375  -0.53932
-0.09375  -0.594971
0.15625  -0.236656
0  -0.544227
-0.03125  -0.614747
-0.03125  -0.488448
-0.03125  -0.352286
-0.09375  -0.398026
-0.0625  -0.243393
0.03125  -0.287737
-0.0625  -0.400741
0  -0.575732
0  -0.407208
-0.03125  -0.45907
0.03125  -0.336034
0  -0.335018
0.1875  -0.369313
0.25  -0.486049
-0.03125  -0.441575
0.125  -0.441926
-0.25  -0.31831
-0.15625  -0.441148
0.0625  -0.510532
0  -0.549003
-0.21875  -0.486597
0.0625  -0.66317
0  -0.493823
-0.03125  -0.537164
0  -0.627392
-0.09375  -0.346716
0  -0.556564
0.125  -0.178287
-0.03125  -0.361919
0.09375  -0.476834
0.03125  -0.604142
0.09375  -0.352364
0  -0.563375
0  -0.548877
-0.1875  -0.387496
-0.125  -0.312638
0.03125  -0.346411
-0.125  -0.33026
-0.34375  -0.35549
-0.125  -0.36339
-0.0625  -0.36762
0.1875  -0.318682
-0.15625  -0.605246
-0.125  -0.401582
0  -0.397329
-0.03125  -0.0469396
0.125  -0.668146
-0.03125  -0.456589
0  -0.359291
0.03125  -0.469044
0.09375  -0.393487
0  -0.498013
-0.25  -0.51965
-0.0625  -0.537849
0.1875  -0.397385
0.0625  -0.402269
-0.09375  -0.4063
0  -0.107686
0.34375  -0.292346
-0.15625  -0.306896
-0.09375  -0.278036
-0.1875  -0.293464
0.125  -0.477048
0  -0.491544
0.125  -0.62966
-0.25  -0.578864
-0.0625  -0.348812
-0.28125  -0.179417
0.09375  -0.304133
-0.15625  -0.336537
0.1875  -0.461614
0.125  -0.210915
-0.09375  -0.44225
-0.21875  -0.470796
0.03125  -0.25248
0.0625  -0.483199
0.15625  -0.443984
0.125  -0.416114
-0.34375  -0.424122
0.1875  -0.474713
-0.03125  -0.512993
0.15625  -0.629615
-0.03125  -0.50318
-0.0625  -0.517941
0  -0.324289
-0.25  -0.307981
-0.125  -0.36401
-0.0625  -0.383842
0.125  -0.311061
-0.0625  -0.417241
-0.125  -0.393371
0  -0.54337
0.0625  -0.507919
0.0625  -0.591816
-0.0625  -0.299859
0.0625  -0.53829
0.15625  -0.288978
-0.15625  -0.398247
-0.125  -0.478719
-0.03125  -0.574332
0  -0.38044
0.0625  -0.440812
-0.15625  -0.625918
0.0625  -0.474683
0.09375  -0.439352
0.0625  -0.209023
0.34375  -0.366735
-0.125  -0.402254
0.09375  -0.608522
0.25  -0.424407
0.21875  -0.401059
0.09375  -0.586869
-0.15625  -0.428919
-0.1875  -0.413824
-0.21875  -0.586463
0.15625  -0.460209
0  -0.257602
0.21875  -0.485136
-0.03125  -0.339041
-0.15625  -0.377465
0.15625  -0.333865
-0.0625  -0.478435
0.25  -0.442938
-0.21875  -0.3369
-0.0625  -0.326025
0.15625  -0.573059
-0.0625  -0.359997
-0.125  -0.437965
-0.03125  -0.219403
-0.15625  -0.61675
0.125  -0.491529
-0.0625  -0.543581
-0.03125  -0.425747
0.03125  -0.388476
-0.0625  -0.228972
-0.21875  -0.459278
0.09375  -0.273832
-0.125  -0.654067
0.0625  -0.157125
0.0625  -0.163135
0  -0.53734
-0.25  -0.326327
-0.03125  -0.44695
-0.21875  -0.491728
-0.25  -0.364985
0.15625  -0.548943
0.0625  -0.296043
-0.0625  -0.513301
-0.125  -0.507142
0  -0.372026
0.15625  -0.565758
-0.15625  -0.509819
0.0625  -0.524704
0.15625  -0.341356
-0.03125  -0.597858
-0.15625  -0.644909
0.25  -0.606374
-0.125  -0.414205
0.03125  -0.399588
-0.25  -0.661856
-0.125  -0.302511
0.15625  -0.363531
0.0625  -0.379462
-0.03125  -0.445001
-0.03125  -0.517246
0.09375  -0.51157
0.03125  -0.451804
-0.15625  -0.471157
-0.09375  -0.387756
0.03125  -0.181213
-0.09375  -0.418024
0.1875  -0.572652
-0.0625  -0.545275
0  -0.472667
0.15625  -0.325961
-0.1875  -0.294176
-0.0625  -0.413522
-0.15625  -0.530866
0  -0.59516
-0.15625  -0.306832
0.03125  -0.467191
0.125  -0.42985
-0.15625  -0.264495
0.0625  -0.551763
0.03125  -0.342229
-0.03125  -0.354626
-0.15625  -0.530474
0.03125  -0.369984
0.03125  -0.486001
0.0625  -0.45442
0  -0.248223
0  -0.466299
-0.125  -0.551245
-0.3125  -0.374408
0.15625  -0.506125
-0.15625  -0.202447
0.21875  -0.314957
-0.125  -0.445322
0.21875  -0.732286
0  -0.494266
0  -0.311024
0.21875  -0.554198
0.09375  -0.232605
-0.03125  -0.228479
0.125  -0.452439
-0.21875  -0.409355
-0.09375  -0.235005
-0.03125  -0.352365
0.09375  -0.413694
0.0625  -0.390636
-0.03125  -0.543784
0.1875  -0.254638
0.0625  -0.464661
0.0625  -0.29786
0  -0.335477
0  -0.164133
0.0625  -0.461158
0.21875  -0.183451
-0.03125  -0.384174
0.0625  -0.431292
0.03125  -0.385389
-0.03125  -0.303772
0.03125  -0.236894
0.0625  -0.546675
0.0625  -0.341698
-0.21875  -0.360681
-0.03125  -0.467451
-0.0625  -0.613116
-0.09375  -0.603682
-0.0625  -0.436217
0.28125  -0.474431
0  -0.433411
-0.125  -0.414072
0.21875  -0.598192
0.1875  -0.443913
-0.125  -0.299314
0.1875  -0.567563
0  -0.620779
0.03125  -0.540463
-0.03125  -0.541615
0.03125  -0.398778
-0.0625  -0.416911
-0.0625  -0.515699
0.03125  -0.342308
-0.0625  -0.677642
-0.03125  -0.269421
-0.09375  -0.278689
0.15625  -0.508632
0.03125  -0.199926
0.0625  -0.349689
0  -0.321736
0.3125  -0.416827
0  -0.397909
0.15625  -0.552566
0.09375  -0.434491
-0.25  -0.425059
-0.09375  -0.378723
0.03125  -0.529585
0.28125  -0.51548
0.09375  -0.355628
0.125  -0.478669
-0.09375  -0.29386
-0.0625  -0.444031
-0.0625  -0.367405
0.125  -0.470335
0.03125  -0.256564
-0.1875  -0.443999
-0.0625  -0.592083
0.0625  -0.547566
-0.125  -0.401488
-0.3125  -0.320137
0.1875  -0.5843
-0.03125  -0.403176
-0.03125  -0.461568
-0.1875  -0.588659
-0.0625  -0.514962
0.09375  -0.623747
0.09375  -0.55416
0.03125  -0.332076
-0.03125  -0.516268
-0.03125  -0.304531
0.1875  -0.467909
-0.15625  -0.446645
-0.03125  -0.304554
-0.09375  -0.521668
-0.09375  -0.414827
0  -0.41178
0.375  -0.453449
0.1875  -0.511968
0.15625  -0.399063
-0.125  -0.454728
0.15625  -0.312803
0.125  -0.524326
-0.03125  -0.525837
-0.15625  -0.374166
-0.1875  -0.450642
0  -0.443432
0.15625  -0.487624
-0.03125  -0.239812
0.0625  -0.175657
0.09375  -0.596528
0.125  -0.45729
-0.0625  -0.589819
-0.03125  -0.247159
0.03125  -0.421452
-0.03125  -0.481699
-0.21875  -0.624074
-0.125  -0.323206
0.125  -0.463132
0.03125  -0.232791
0.25  -0.325763
0.21875  -0.237686
0  -0.525402
-0.03125  -0.612047
-0.25  -0.471543
0.09375  -0.416683
0.1875  -0.517005
0.09375  -0.268811
0  -0.331757
-0.03125  -0.206047
0.21875  -0.0917152
0.1875  -0.25201
0  -0.3804
0.03125  -0.341538
0.1875  -0.357222
0.03125  -0.551493
-0.0625  -0.52829
0  -0.522969
0.1875  -0.354633
0.0625  -0.208121
0  -0.393342
-0.0625  -0.500402
0.15625  -0.479978
-0.0625  -0.358362
0  -0.405308
-0.09375  -0.668838
0.03125  -0.370688
0.03125  -0.482079
-0.03125  -0.229679
-0.21875  -0.393714
-0.3125  -0.449314
0.0625  -0.344882
-0.09375  -0.499351
-0.125  -0.460375
0.0625  -0.189959
0.09375  -0.500674
-0.09375  -0.524116
0.15625  -0.475895
0.25  -0.548291
0.0625  -0.385236
0.09375  -0.436343
-0.09375  -0.37888
0  -0.502089
0  -0.527564
0.09375  -0.568711
0.09375  -0.495831
-0.09375  -0.183559
0.03125  -0.181789
-0.28125  -0.520515
0.09375  -0.331388
0.03125  -0.262093
-0.03125  -0.232937
0.03125  -0.341056
0.125  -0.216883
0.0625  -0.520471
0  -0.591189
0.25  -0.473897
-0.03125  -0.363988
0.15625  -0.448535
0.09375  -0.322227
0.0625  -0.51245
0.0625  -0.418009
0.09375  -0.524476
0  -0.483605
0  -0.467285
-0.15625  -0.421482
-0.21875  -0.387406
0.03125  -0.431346
0.09375  -0.189687
-0.21875  -0.404804
0.03125  -0.127095
0.03125  -0.364003
0.09375  -0.0638127
0  -0.494445
-0.25  -0.270175
0.125  -0.451416
-0.1875  -0.571568
-0.03125  -0.507766
-0.1875  -0.0628138
-0.03125  -0.331402
0  -0.127366
-0.03125  -0.520972
0.0625  -0.293704
-0.125  -0.622402
0.03125  -0.411456
0.28125  -0.649194
0.125  -0.42849
0.09375  -0.417597
0  -0.344834
-0.03125  -0.227411
0.125  -0.349943
0  -0.295585
-0.15625  -0.319331
-0.125  -0.416012
0.15625  -0.515667
-0.09375  -0.440812
0.1875  -0.411497
0.15625  -0.347224
0.25  -0.337706
0  -0.319953
0.09375  -0.328384
-0.03125  -0.23855
0.03125  -0.3025
-0.21875  -0.398826
-0.0625  -0.2741
0.0625  -0.543131
-0.03125  -0.314062
0.03125  -0.528177
-0.1875  -0.507856
-0.09375  -0.500273
0  -0.45959
0.21875  -0.570501
-0.28125  -0.474075
0.25  -0.396785
0.03125  -0.499961
0.0625  -0.560912
-0.21875  -0.642546
0.15625  -0.48986
-0.03125  -0.496396
0.125  -0.359581
0  -0.316954
0.0625  -0.145356
-0.0625  -0.546509
-0.09375  -0.377109
0.03125  -0.570316
0.09375  -0.529442
-0.03125  -0.406655
-0.09375  -0.419716
0.21875  -0.592611
-0.0625  -0.177808
-0.0625  -0.354965
-0.125  -0.422312
-0.125  -0.428124
0.15625  -0.419154
0.125  -0.609629
-0.15625  -0.261578
-0.0625  -0.295005
-0.125  -0.218826
0.09375  -0.361058
0.15625  -0.371502
-0.125  -0.333793
-0.03125  -0.319539
0.09375  -0.391019
-0.15625  -0.584212
0.03125  -0.443826
0.09375  -0.473883
0.0625  -0.252566
-0.03125  -0.354702
-0.15625  -0.417214
0.125  -0.397768
0.125  -0.373196
-0.09375  -0.406861
0.03125  -0.473033
-0.125  -0.556048
0.34375  -0.375685
0  -0.35068
-0.125  -0.190708
-0.0625  -0.504867
-0.0625  -0.441345
-0.125  -0.29371
0.0625  -0.310109
-0.03125  -0.377265
-0.25  -0.310555
0  -0.47111
0.0625  -0.310177
-0.0625  -0.287981
0  -0.56441
-0.125  -0.407468
-0.0625  -0.349495
-0.09375  -0.323726
-0.03125  -0.211273
0  -0.220527
-0.21875  -0.298968
0  -0.66302
-0.09375  -0.274192
0.03125  -0.544072
-0.21875  -0.36068
0.1875  -0.43403
-0.03125  -0.269633
-0.125  -0.523578
0.09375  -0.332546
0.09375  -0.496957
0.34375  -0.42596
-0.0625  -0.461368
0.0625  -0.360212
-0.03125  -0.603589
-0.125  -0.558333
0.03125  -0.380256
0.03125  -0.592055
-0.125  -0.207272
0.0625  -0.452845
-0.0625  -0.36789
0  -0.197951
0.03125  -0.341644
-0.0625  -0.461973
0  -0.416514
-0.25  -0.471619
0.0625  -0.464112
0  -0.615633
0.1875  -0.514286
-0.0625  -0.506279
-0.15625  -0.39387
0.0625  -0.365087
0.0625  -0.504839
-0.03125  -0.383719
0  -0.581875
-0.09375  -0.517382
0  -0.197805
0.03125  -0.398808
-0.0625  -0.676112
-0.09375  -0.66201
0  -0.271698
-0.28125  -0.240821
0.125  -0.464089
0.09375  -0.346334
-0.0625  -0.292653
-0.09375  -0.408393
-0.09375  -0.430577
-0.03125  -0.544354
0.09375  -0.455795
0.1875  -0.541233
0.03125  -0.31584
-0.15625  -0.333704
-0.0625  -0.581563
0.09375  -0.418659
0  -0.530652
0.03125  -0.510475
-0.09375  -0.457816
0  -0.276492
-0.03125  -0.316036
-0.125  -0.321471
0.09375  -0.425419
0.0625  -0.349302
-0.03125  -0.459795
0.21875  -0.326424
0.21875  -0.377417
0  -0.52912
0.03125  -0.219891
0.125  -0.587227
-0.03125  -0.44237
-0.0625  -0.309984
0.125  -0.323909
0.1875  -0.411072
-0.0625  -0.411749
-0.0625  -0.354693
0.21875  -0.395866
0.0625  -0.212673
-0.15625  -0.457834
0  -0.455422
0  -0.496813
-0.125  -0.3948
-0.15625  -0.452551
0.0625  -0.402915
0.09375  -0.338485
-0.25  -0.521173
0  -0.464796
0.0625  -0.471987
-0.03125  -0.337343
0.125  -0.503777
0.0625  -0.415979
-0.03125  -0.182777
-0.21875  -0.392704
0.125  -0.532964
-0.1875  -0.574283
-0.03125  -0.377052
0.125  -0.392476
0.125  -0.491324
0.21875  -0.368365
-0.15625  -0.389609
0.125  -0.282162
-0.0625  -0.346712
-0.03125  -0.390864
-0.0625  -0.48918
0.1875  -0.300151
-0.09375  -0.353724
0.1875  -0.464781
0.21875  -0.300849
-0.0625  -0.472414
-0.15625  -0.373645
-0.0625  -0.32862
0.28125  -0.489622
0  -0.47064
-0.25  -0.567719
0.25  -0.243112
-0.0625  -0.39411
-0.21875  -0.26665
-0.15625  -0.387865
-0.125  -0.57036
-0.1875  -0.511636
0.03125  -0.542216
-0.125  -0.489563
-0.1875  -0.446924
0.03125  -0.425773
0.0625  -0.367714
-0.09375  -0.425282
0.125  -0.327317
-0.125  -0.202612
-0.03125  -0.478232
0.09375  -0.259224
0.03125  -0.342501
-0.125  -0.395128
0.25  -0.260251
-0.15625  -0.522966
-0.0625  -0.413952
0.125  -0.397238
-0.25  -0.437768
-0.09375  -0.319336
0.03125  -0.537184
0.09375  -0.426052
0.0625  -0.282118
-0.09375  -0.398303
-0.0625  -0.177005
0.1875  -0.461563
-0.15625  -0.403084
-0.03125  -0.439746
0.125  -0.406773
-0.09375  -0.265855
0  -0.448317
-0.09375  -0.586318
-0.03125  -0.594797
-0.125  -0.387028
0.15625  -0.400339
0.15625  -0.387042
0  -0.292103
0  -0.356787
0.15625  -0.25116
-0.125  -0.475964
-0.15625  -0.363743
0.15625  -0.225303
0.0625  -0.0301075
0.3125  -0.298712
0.03125  -0.557365
0.03125  -0.415882
0  -0.420787
0.03125  -0.523883
-0.09375  -0.445351
-0.15625  -0.279146
0.09375  -0.310702
0.0625  -0.410825
0.0625  -0.548741
-0.15625  -0.348879
0  -0.307691
0.09375  -0.318011
0.125  -0.399945
0.0625  -0.41987
-0.03125  -0.514789
0.0625  -0.37201
0.03125  -0.405122
0  -0.615684
0.09375  -0.521531
-0.125  -0.461235
-0.0625  -0.571426
-0.1875  -0.445684
-0.15625  -0.440417
-0.09375  -0.266879
-0.125  -0.363019
0  -0.523223
0.25  -0.449366
0.0625  -0.227279
0  -0.391524
-0.28125  -0.25367
-0.03125  -0.493113
-0.0625  -0.520375
0.1875  -0.495857
0  -0.237349
-0.03125  -0.638526
0  -0.54366
0.0625  -0.241473
-0.03125  -0.345337
0.03125  -0.376874
0  -0.303605
0.03125  -0.521559
0.03125  -0.439373
0.15625  -0.625153
-0.3125  -0.378776
-0.3125  -0.248441
-0.125  -0.287035
-0.03125  -0.185388
0.25  -0.525619
0.09375  -0.320615
0.03125  -0.504353
0.03125  -0.589326
-0.125  -0.228724
0.09375  -0.394738
-0.28125  -0.423978
-0.0625  -0.505307
-0.15625  -0.381844
-0.125  -0.607111
0.03125  -0.262218
0.28125  -0.533621
0.03125  -0.427717
0.09375  -0.584393
0.1875  -0.472169
-0.03125  -0.487281
-0.03125  -0.329065
-0.03125  -0.411259
0  -0.307265
-0.0625  -0.44445
0  -0.280156
-0.03125  -0.217673
-0.03125  -0.320196
-0.1875  -0.408794
0.03125  -0.423641
0.125  -0.157477
0.03125  -0.356736
-0.09375  -0.366791
0.09375  -0.463234
0.15625  -0.444201
0.0625  -0.380288
0  -0.226916
-0.125  -0.311427
0.0625  -0.417836
-0.125  -0.352668
-0.03125  -0.243766
-0.21875  -0.373084
0.03125  -0.499535
-0.25  -0.435329
-0.09375  -0.35628
0.09375  -0.245117
0.125  -0.326472
0.125  -0.27402
0.03125  -0.602015
-0.03125  -0.389897
-0.125  -0.390903
-0.09375  -0.477442
0.03125  -0.47957
0.21875  -0.435707
0.125  -0.0253955
-0.15625  -0.570928
0.21875  -0.410042
0.03125  -0.262447
-0.0625  -0.288101
-0.1875  -0.447702
0.15625  -0.435944
0.03125  -0.419662
0  -0.386054
-0.03125  -0.506788
0.09375  -0.637961
-0.03125  -0.594935
-0.125  -0.336398
-0.09375  -0.303031
-0.125  -0.278084
0.1875  -0.28319
-0.0625  -0.380009
0.125  -0.611381
0.09375  -0.506368
-0.1875  -0.466597
0.03125  -0.362931
-0.09375  -0.349101
0.03125  -0.586881
0  -0.516181
-0.09375  -0.527957
0.21875  -0.612306
0.15625  -0.476725
0.125  -0.500837
-0.0625  -0.257515
0.0625  -0.203923
0  -0.597704
0.03125  -0.479486
0.25  -0.472318
-0.0625  -0.371976
0.15625  -0.408862
0.03125  -0.419627
0.03125  -0.415194
0.21875  -0.442438
-0.125  -0.390011
0.09375  -0.248311
0.09375  -0.619696
0.0625  -0.490365
-0.0625  -0.330992
0  -0.515162
0  -0.454102
0.09375  -0.319985
-0.09375  -0.414562
0.0625  -0.41701
-0.125  -0.642549
0.0625  -0.347358
0  -0.321707
-0.03125  -0.501555
-0.1875  -0.30606
0.125  -0.400259
0.03125  -0.506231
-0.09375  -0.420104
-0.1875  -0.362939
0.15625  -0.472096
-0.15625  -0.278669
-0.03125  -0.310523
-0.15625  -0.239121
0.25  -0.422399
-0.0625  -0.243411
-0.1875  -0.571851
-0.15625  -0.41657
0.09375  -0.385767
0.03125  -0.495594
-0.1875  -0.22283
0.15625  -0.311892
-0.03125  -0.339828
-0.1875  -0.517244
-0.0625  -0.32431
-0.125  -0.442498
0  -0.32549
0.0625  -0.452972
-0.03125  -0.388815
0.15625  -0.347875
-0.09375  -0.557131
-0.0625  -0.23153
0.09375  -0.405181
-0.15625  -0.302179
0.0625  -0.361419
0  -0.30136
0.03125  -0.396386
-0.28125  -0.303692
0.21875  -0.157507
-0.125  -0.448506
-0.1875  -0.461015
0  -0.616353
-0.03125  -0.488095
-0.03125  -0.224247
-0.125  -0.250554
-0.25  -0.418802
-0.28125  -0.372524
-0.21875  -0.196111
-0.125  -0.569478
-0.1875  -0.513541
-0.09375  -0.447605
0.0625  -0.302917
0  -0.622634
0.15625  -0.464236
-0.3125  -0.558087
0  -0.369423
0.03125  -0.367868
-0.03125  -0.292952
0.125  -0.462753
-0.03125  -0.333934
0.09375  -0.558002
0.09375  -0.39632
0.0625  -0.42713
0  -0.433048
-0.09375  -0.474295
-0.25  -0.428633
0.09375  -0.37262
-0.125  -0.537898
0.125  -0.439528
0.0625  -0.356598
-0.125  -0.688256
0.125  -0.467538
-0.09375  -0.255254
0  -0.340752
-0.15625  -0.504039
-0.03125  -0.405704
0.15625  -0.136316
0  -0.333416
-0.15625  -0.540699
-0.09375  -0.289976
-0.09375  -0.333755
0.1875  -0.12435
-0.125  -0.424941
-0.03125  -0.381123
0.09375  -0.421024
0  -0.487502
-0.0625  -0.316381
0.15625  -0.496763
0  -0.548849
0.0625  -0.422193
0  -0.238102
0.03125  -0.445209
-0.125  -0.398055
-0.34375  -0.483751
0.15625  -0.40932
0  -0.326806
-0.09375  -0.213302
0  -0.598213
0.0625  -0.341615
0  -0.284676
0.15625  -0.437055
-0.09375  -0.323187
0.125  -0.376745
0.09375  -0.399466
0.125  -0.485256
-0.0625  -0.636319
-0.0625  -0.409427
0.0625  -0.32938
-0.25  -0.562103
0  -0.265102
-0.0625  -0.494665
0.0625  -0.312609
0.1875  -0.522277
-0.0625  -0.344009
-0.03125  -0.543289
-0.03125  -0.5308
0.0625  -0.362266
0.0625  -0.485723
0.03125  -0.483669
0.21875  -0.379251
-0.09375  -0.363208
0.0625  -0.524517
0.03125  -0.494753
-0.09375  -0.354874
-0.09375  -0.448051
-0.09375  -0.227841
0  -0.436585
0.0625  -0.285148
0.15625  -0.154727
0.25  -0.334261
0.0625  -0.379874
-0.03125  -0.361016
-0.15625  -0.308657
-0.03125  -0.523908
-0.09375  -0.472466
-0.0625  -0.642253
0.0625  -0.384101
0  -0.527468
-0.375  -0.430392
-0.03125  -0.583837
-0.0625  -0.29559
0.21875  -0.482295
-0.03125  -0.458947
0  -0.480434
0  -0.553665
0.09375  -0.352429
0.15625  -0.475515
-0.125  -0.382471
-0.03125  -0.411378
-0.09375  -0.395201
-0.09375  -0.415137
0.0625  -0.240149
0  -0.43735
0.15625  -0.362497
0.09375  -0.0588338
0.0625  -0.577311
0.21875  -0.510603
0.28125  -0.319973
0.0625  -0.482989
-0.0625  -0.0910981
-0.0625  -0.513854
-0.03125  -0.586474
-0.15625  -0.558643
0.25  -0.573683
0.0625  -0.379735
0.0625  -0.625641
0.125  -0.459955
0.1875  -0.600023
0.03125  -0.395104
-0.09375  -0.35126
0.21875  -0.287619
-0.0625  -0.443462
0.28125  -0.282901
0.28125  -0.510816
0.15625  -0.235788
0.125  -0.495277
0.0625  -0.53465
0.03125  -0.431067
0.125  -0.563181
0.1875  -0.363138
0.09375  -0.42344
-0.0625  -0.445782
0.3125  -0.584336
-0.25  -0.461129
-0.0625  -0.475413
-0.15625  -0.520877
0.03125  -0.321259
-0.03125  -0.546097
0.21875  -0.614833
-0.125  -0.228322
0.09375  -0.353884
-0.0625  -0.500942
0  -0.291871
0.125  -0.521603
0.09375  -0.295554
0.0625  -0.635712
-0.0625  -0.435612
0.09375  -0.623095
-0.03125  -0.175547
-0.25  -0.253238
0.0625  -0.288243
-0.09375  -0.578404
0.03125  -0.190178
-0.28125  -0.530988
-0.125  -0.408727
0.0625  -0.359887
-0.03125  -0.518727
-0.03125  -0.401195
0  -0.350336
0.1875  -0.39408
0.1875  -0.318727
-0.125  -0.183508
-0.09375  -0.52193
0.09375  -0.377305
0.25  -0.437308
0.09375  -0.369375
-0.15625  -0.517718
0.09375  -0.357827
-0.1875  -0.39215
-0.15625  -0.535189
-0.125  -0.226586
-0.0625  -0.434694
0.125  -0.311535
-0.125  -0.479964
0.0625  -0.346784
-0.09375  -0.226951
-0.09375  -0.550903
-0.03125  -0.173022
-0.0625  -0.571166
0.03125  -0.227772
-0.125  -0.372041
0.0625  -0.227709
-0.125  -0.513726
-0.0625  -0.462637
0.03125  -0.351972
-0.21875  -0.390495
-0.09375  -0.18039
0.09375  -0.405318
0.15625  -0.540835
-0.03125  -0.566332
0.03125  -0.327764
0.125  -0.266916
0.03125  -0.455913
0  -0.42458
-0.125  -0.491565
0.09375  -0.478995
0.03125  -0.316112
0.21875  -0.346028
-0.0625  -0.31291
-0.125  -0.380097
0  -0.319498
0.125  -0.443426
0.0625  -0.404361
0.125  -0.299676
0.1875  -0.510725
0.0625  -0.454309
0.0625  -0.409213
0.125  -0.394092
0.1875  -0.508542
0  -0.231807
0.0625  -0.291454
0.15625  -0.274631
-0.28125  -0.288009
0.34375  -0.440927
0.125  -0.442592
0  -0.169764
0  -0.540844
0.125  -0.554632
0.0625  -0.383196
-0.0625  -0.445703
0.15625  -0.413842
-0.15625  -0.290793
-0.03125  -0.433614
-0.1875  -0.247617
-0.21875  -0.439301
0  -0.461293
-0.15625  -0.551299
0.09375  -0.325455
0.09375  -0.52985
-0.0625  -0.511134
-0.125  -0.420388
-0.03125  -0.296401
-0.125  -0.627736
-0.03125  -0.471197
-0.1875  -0.34857
-0.21875  -0.399297
-0.09375  -0.408462
-0.0625  -0.447655
-0.03125  -0.450772
0.15625  -0.350605
-0.09375  -0.587067
0.28125  -0.378274
0.0625  -0.262261
0.0625  -0.499781
0.0625  -0.378046
0  -0.292365
0  -0.315604
-0.09375  -0.572091
-0.0625  -0.541132
-0.125  -0.288399
-0.03125  -0.198391
0.125  -0.316869
0.0625  -0.468596
0  -0.621724
0.0625  -0.183944
-0.0625  -0.450853
0.0625  -0.349852
0.09375  -0.45632
-0.09375  -0.476808
-0.125  -0.337862
0.125  -0.418566
0.09375  -0.554718
0.03125  -0.584011
-0.1875  -0.507739
0  -0.238278
0.21875  -0.52287
-0.1875  -0.375896
0.125  -0.510472
0.0625  -0.390339
0  -0.40529
0.0625  -0.370922
-0.25  -0.110369
-0.125  -0.216948
0.03125  -0.378259
0.125  -0.369584
0.0625  -0.51273
0.03125  -0.413343
-0.125  -0.337389
-0.03125  -0.391836
0.125  -0.325781
-0.03125  -0.468227
-0.03125  -0.264981
0.03125  -0.470697
0.0625  -0.443689
0.15625  -0.413661
-0.03125  -0.515613
0.03125  -0.611607
0.0625  -0.228409
-0.0625  -0.530293
-0.03125  -0.404497
-0.0625  -0.159321
0  -0.30531
0.0625  -0.401088
0.03125  -0.472076
-0.0625  -0.555474
0  -0.402768
-0.03125  -0.345413
-0.03125  -0.387314
0.03125  -0.140142
-0.21875  -0.376322
-0.15625  -0.317211
0.09375  -0.687126
0.03125  -0.420714
-0.125  -0.201332
-0.03125  -0.669991
0.15625  -0.454455
-0.15625  -0.488174
0.0625  -0.484892
0  -0.578078
0.125  -0.491029
0.125  -0.369414
0  -0.443568
0.1875  -0.299335
0.0625  -0.200974
0.03125  -0.201045
-0.21875  -0.578806
0.0625  -0.256335
0.03125  -0.446409
0.25  -0.357897
-0.25  -0.511951
0.03125  -0.569535
-0.15625  -0.282733
0.03125  -0.505834
-0.09375  -0.332448
-0.21875  -0.210565
0.21875  -0.40393
-0.03125  -0.573894
0.03125  -0.441136
0  -0.417186
0.03125  -0.330077
-0.03125  -0.411145
-0.125  -0.274403
0.03125  -0.378566
0.21875  -0.509495
-0.03125  -0.152253
0.15625  -0.428854
0.0625  -0.27276
0  -0.476306
-0.0625  -0.709527
0  -0.281241
0.03125  -0.265525
0.15625  -0.535878
-0.09375  -0.331497
-0.28125  -0.404625
-0.09375  -0.203149
-0.3125  -0.559109
0  -0.26087
-0.34375  -0.430123
0.15625  -0.380463
-0.09375  -0.28623
0.21875  -0.302865
-0.0625  -0.327396
0.09375  -0.274423
0.0625  -0.553633
0.125  -0.309739
0  -0.347657
-0.0625  -0.407188
0.125  -0.564458
0.09375  -0.306466
-0.15625  -0.60387
0.09375  -0.454781
-0.25  -0.493325
0.0625  -0.376855
-0.03125  -0.416727
0.21875  -0.520541
0.03125  -0.555811
0.0625  -0.434544
0.125  -0.484278
0.21875  -0.396872
-0.03125  -0.484479
0.25  -0.280472
0.0625  -0.458159
0.0625  -0.383771
-0.125  -0.450864
0.34375  -0.295739
-0.0625  -0.625453
0.125  -0.152284
0.15625  -0.433722
-0.03125  -0.538999
0.03125  -0.249648
0.03125  -0.3369
-0.25  -0.530688
-0.15625  -0.308681
0.1875  -0.340376
0.03125  -0.314493
-0.21875  -0.555084
-0.125  -0.332532
0.15625  -0.657701
0.03125  -0.483026
0.0625  -0.627243
-0.125  -0.604067
0.1875  -0.312894
0.09375  -0.329229
-0.03125  -0.336086
0.15625  -0.47276
0.09375  -0.270628
0.1875  -0.255859
-0.03125  -0.342035
-0.03125  -0.100301
0.03125  -0.563275
-0.09375  -0.754501
0  -0.397218
-0.09375  -0.449776
-0.0625  -0.437204
0.125  -0.524831
-0.0625  -0.600723
0.03125  -0.325957
-0.0625  -0.42352
0.09375  -0.111789
-0.125  -0.468764
0.03125  -0.292663
0  -0.456915
-0.125  -0.470571
0  -0.51653
0.34375  -0.33333
0.15625  -0.61535
-0.15625  -0.33247
0  -0.494737
-0.03125  -0.502179
-0.03125  -0.706435
0.15625  0.0503789
0.03125  -0.503552
0.15625  -0.534524
-0.15625  -0.407819
-0.15625  -0.403108
-0.03125  -0.67187
-0.28125  -0.621471
-0.25  -0.499405
-0.15625  -0.584016
0.03125  -0.397544
0.15625  -0.378911
0.15625  -0.261961
-0.125  -0.538721
-0.03125  -0.425691
0.1875  -0.330357
-0.21875  -0.378404
0.125  -0.515428
0.09375  -0.317013
-0.0625  -0.473858
-0.21875  -0.518377
-0.09375  -0.454958
-0.15625  -0.485261
-0.03125  -0.417439
-0.21875  -0.429411
0.125  -0.226763
0.1875  -0.350236
0.09375  -0.46449
-0.125  -0.464948
0.1875  -0.411232
0.1875  -0.312909
-0.0625  -0.627821
-0.0625  -0.358198
0  -0.449436
0.0625  -0.579099
0.03125  -0.38838
-0.03125  -0.346421
-0.03125  -0.403079
-0.1875  -0.400029
-0.09375  -0.3257
0.03125  -0.595036
0.125  -0.582947
0  -0.323347
0.125  -0.405017
-0.25  -0.632989
0  -0.169689
0.09375  -0.382707
0.28125  -0.31404
0.0625  -0.405144
-0.15625  -0.505297
-0.03125  -0.451041
0.0625  -0.221687
-0.0625  -0.359508
-0.15625  -0.15496
-0.15625  -0.407247
-0.125  -0.568682
0.28125  -0.287244
-0.1875  -0.342423
-0.3125  -0.209107
0.15625  -0.345843
0.03125  -0.429932
-0.03125  -0.639483
-0.09375  -0.568797
0.34375  -0.163002
0.125  -0.339625
0  -0.279899
-0.03125  -0.592328
-0.03125  -0.195219
0.09375  -0.409876
-0.03125  -0.307843
0  -0.369507
-0.25  -0.41924
0.1875  -0.5499
-0.09375  -0.0983013
-0.125  -0.457385
-0.0625  -0.302902
0  -0.279888
-0.21875  -0.464156
0.03125  -0.459161
0.0625  -0.462126
-0.3125  -0.58212
0.03125  -0.343449
-0.0625  -0.443583
0.25  -0.253459
0  -0.540784
-0.0625  -0.579459
-0.1875  -0.47199
0.03125  -0.67254
0.03125  -0.516866
0.03125  -0.261851
-0.0625  -0.345579
0.1875  -0.364692
-0.03125  -0.575293
-0.0625  -0.220021
0.03125  -0.580586
0.125  -0.311468
0.15625  -0.462893
-0.09375  -0.335937
0.1875  -0.550113
0  -0.423862
-0.03125  -0.53949
-0.3125  -0.327507
0.15625  -0.446262
0.0625  -0.431267
-0.21875  -0.333547
-0.03125  -0.418379
-0.03125  -0.614414
0.03125  -0.429899
0.1875  -0.531596
-0.03125  -0.469891
0.21875  -0.598296
0.28125  -0.366712
-0.125  -0.488434
0.09375  -0.270314
0.09375  -0.16161
0.03125  -0.498357
-0.0625  -0.485205
-0.0625  -0.348361
0.15625  -0.370081
0.03125  -0.329336
0.03125  -0.329364
0.03125  -0.575987
0.15625  -0.229872
0.03125  -0.35474
-0.15625  -0.1807
-0.125  -0.432779
0.03125  -0.38372
-0.125  -0.467255
0.09375  -0.073042
-0.0625  -0.397592
-0.0625  -0.500495
-0.1875  -0.454501
0  -0.628485
0.0625  -0.52664
0.0625  -0.411376
0.0625  -0.382024
-0.03125  -0.201764
-0.03125  -0.304292
0  -0.316415
0.125  -0.35801
0.125  -0.32235
-0.25  -0.444802
-0.03125  -0.442135
-0.15625  -0.238003
0.1875  -0.169936
0.0625  -0.548973
0  -0.356081
0.25  -0.326142
-0.03125  -0.37368
0.03125  -0.331891
0.03125  -0.346894
-0.375  -0.407106
0.03125  -0.475172
-0.28125  -0.520902
0  -0.554423
-0.03125  -0.441228
-0.09375  -0.407366
0.25  -0.255323
0.15625  -0.284353
-0.1875  -0.580649
-0.0625  -0.599703
0.15625  -0.592061
-0.0625  -0.559666
-0.1875  -0.426017
-0.0625  -0.290562
0.09375  -0.327891
0.15625  -0.230391
-0.03125  -0.427396
0.15625  -0.460497
-0.1875  -0.362997
0.03125  -0.291572
0.09375  -0.397932
0  -0.571084
0.09375  -0.312563
0  -0.263221
0.03125  -0.528122
0.28125  -0.248834
-0.21875  -0.126664
0.125  -0.451328
0  -0.297308
0.1875  -0.356359
0.25  -0.530143
0.0625  -0.50107
-0.03125  -0.623444
0  -0.401844
-0.125  -0.265588
-0.1875  -0.447234
-0.125  -0.549823
0.03125  -0.540403
0.15625  -0.199594
-0.03125  -0.584474
0.1875  -0.448191
-0.0625  -0.239257
0.125  -0.704285
-0.1875  -0.539437
0.03125  -0.382739
0.15625  -0.357836
-0.03125  -0.215741
-0.09375  -0.275909
0.0625  -0.252295
-0.09375  -0.457299
0.0625  -0.257891
0.125  -0.658708
0.03125  -0.467347
0.09375  -0.630141
0.03125  -0.390751
-0.25  -0.324702
0.125  0.0391091
0.125  -0.44858
0.15625  -0.411902
0.0625  -0.439982
-0.25  -0.427124
0.0625  -0.478226
0.09375  -0.378415
0.15625  -0.407055
0.09375  -0.370473
-0.1875  -0.517196
-0.0625  -0.40414
0.1875  -0.565905
-0.09375  -0.464115
-0.09375  -0.421218
-0.15625  -0.30394
0.15625  -0.60472
-0.125  -0.467518
0.21875  -0.273029
0.09375  -0.295547
0.0625  -0.437645
0.09375  -0.315414
0.03125  -0.446175
-0.03125  -0.521215
0.1875  -0.26557
-0.125  -0.38783
-0.15625  -0.589762
-0.0625  -0.698228
-0.1875  -0.51044
-0.09375  -0.455409
-0.03125  -0.386241
0.25  -0.328198
-0.03125  -0.697446
0.15625  -0.38094
0.0625  -0.494216
-0.0625  -0.525012
-0.09375  -0.468709
0.03125  -0.459744
-0.25  -0.389909
-0.03125  -0.186405
0  -0.348746
-0.0625  -0.457819
0.125  -0.382994
-0.03125  -0.526237
0.0625  -0.476812
0.09375  -0.342453
0  -0.490679
-0.09375  -0.486429
0  -0.500733
0.0625  -0.249186
0  -0.366605
0.09375  -0.578522
0.0625  -0.441737
0.09375  -0.152208
0.25  -0.381775
-0.1875  -0.334398
0.1875  -0.450361
0.125  -0.475269
-0.09375  -0.57241
-0.125  -0.513019
0.03125  -0.446494
0  -0.503856
0.1875  -0.381006
0.09375  -0.298972
0.09375  -0.643905
0.125  -0.386761
0  -0.387569
0.09375  -0.638833
-0.125  -0.520258
-0.03125  -0.212008
-0.1875  -0.410733
0.03125  -0.602098
0.03125  -0.313681
0  -0.429092
0.125  -0.47528
-0.0625  -0.137628
-0.125  -0.389522
-0.125  -0.394966
-0.0625  -0.370885
0.09375  -0.400892
-0.03125  -0.318347
-0.1875  -0.495706
0.125  -0.197304
0  -0.495663
-0.125  -0.37902
0.0625  -0.26921
-0.125  -0.376304
0.125  -0.262335
-0.03125  -0.490983
0.125  -0.458704
0.1875  -0.486802
0.0625  -0.263615
0.0625  -0.49487
-0.03125  -0.31328
0.0625  -0.246921
0.0625  -0.17128
0.03125  -0.346387
-0.125  -0.269507
0.1875  -0.457293
-0.09375  -0.40865
-0.0625  -0.36579
0.1875  -0.20115
0.40625  -0.388571
-0.0625  -0.412632
0.1875  -0.457099
-0.1875  -0.386159
-0.03125  -0.216671
0.15625  -0.192245
0  -0.287828
-0.1875  -0.457177
-0.125  -0.424864
-0.0625  -0.39794
0.1875  -0.32904
0.15625  -0.317103
-0.125  -0.335096
0.1875  -0.512799
-0.125  -0.265729
0.3125  -0.536471
0.03125  -0.425064
0.0625  -0.224621
-0.15625  -0.443375
-0.125  -0.48918
0.25  -0.384366
-0.03125  -0.500706
-0.125  -0.319322
-0.03125  -0.398978
0.09375  -0.363361
-0.03125  -0.311481
0.125  -0.19498
0.125  -0.623106
-0.0625  -0.526575
0.03125  -0.391299
-0.0625  -0.47121
-0.125  -0.234121
-0.0625  -0.461265
0.28125  -0.550414
0.03125  -0.464864
0  -0.632395
-0.03125  -0.325153
0.15625  -0.363524
-0.09375  -0.42862
0.09375  -0.384931
-0.28125  -0.279894
0.03125  -0.313996
-0.0625  -0.421668
0.03125  -0.672149
0  -0.30527
0.1875  -0.411017
0.09375  -0.0576678
-0.0625  -0.450818
-0.0625  -0.57518
0.0625  -0.235733
0.03125  -0.44847
-0.09375  -0.607119
0.0625  -0.452951
-0.0625  -0.284564
0.0625  -0.55701
-0.3125  -0.475587
0.0625  -0.45025
0.0625  -0.516295
0.21875  -0.637308
-0.03125  -0.285396
-0.03125  -0.361633
0.15625  -0.389296
0.125  -0.486998
0.03125  -0.275764
-0.125  -0.289703
0.09375  -0.415069
0.0625  -0.48459
0  -0.412131
-0.125  -0.452363
-0.03125  -0.525082
-0.09375  -0.533909
-0.1875  -0.565568
0.125  -0.476471
-0.03125  -0.369626
-0.34375  -0.475389
-0.09375  -0.403871
-0.09375  -0.270533
0.1875  -0.495156
-0.21875  -0.338677
-0.15625  -0.398481
0.03125  -0.432382
0  -0.668549
0.0625  -0.71595
-0.03125  -0.621857
-0.09375  -0.378353
0.15625  -0.354598
-0.09375  -0.405819
-0.03125  -0.3159
0.0625  -0.61147
0  -0.249653
-0.09375  -0.672515
0.15625  -0.554174
-0.125  -0.168661
-0.1875  -0.277055
0.125  -0.427318
0  -0.558695
0.03125  -0.407431
0.0625  -0.321641
0.09375  -0.284628
0.0625  -0.552205
0.28125  -0.401507
0.125  -0.652759
0.09375  -0.516514
-0.03125  -0.499956
0.21875  -0.493277
-0.21875  -0.265252
0.3125  -0.368642
0.03125  -0.295779
-0.09375  -0.446495
-0.03125  -0.374205
-0.09375  -0.252207
0.15625  -0.632598
0.03125  -0.421933
0.0625  -0.281163
0.03125  -0.557973
-0.03125  -0.225334
0  -0.498675
0.3125  -0.463573
0.0625  -0.303996
-0.09375  -0.387649
0.21875  -0.337435
0.0625  -0.438076
0.03125  -0.411945
0  -0.458288
0.09375  -0.33657
0.0625  -0.581021
-0.21875  -0.377926
0.15625  -0.230173
0.03125  -0.364006
-0.15625  -0.537966
0.15625  -0.489034
-0.09375  -0.36952
0.15625  -0.602889
-0.03125  -0.322395
0.03125  -0.545067
-0.03125  -0.246835
0  -0.281001
-0.03125  -0.508213
-0.1875  -0.474843
0.15625  -0.201413
0.03125  -0.451619
-0.21875  -0.496815
-0.1875  -0.48244
-0.09375  -0.377892
-0.03125  -0.378149
0.1875  -0.266788
-0.09375  -0.240357
0.0625  -0.304451
0.03125  -0.572214
-0.0625  -0.443335
-0.03125  -0.416973
0.09375  -0.497433
0.15625  -0.652817
-0.09375  -0.30678
0.09375  -0.366943
-0.09375  -0.452657
0.21875  -0.410886
0.21875  -0.468621
-0.09375  -0.490119
-0.25  -0.483963
0.03125  -0.33382
-0.03125  -0.400501
-0.03125  -0.307601
-0.09375  -0.318726
0.125  -0.404608
0.03125  -0.610734
-0.15625  -0.520438
-0.0625  -0.362023
0.09375  -0.441311
0.03125  -0.298426
0  -0.487776
0.21875  -0.488821
0.125  -0.403351
-0.1875  -0.34897
0.125  -0.467225
0.3125  -0.536753
0.09375  -0.551801
0.0625  -0.432224
-0.0625  -0.516922
0.15625  -0.390287
0.125  -0.469748
-0.125  -0.672765
0  -0.357721
0.28125  -0.601819
0.34375  -0.469594
-0.09375  -0.61357
-0.0625  -0.306847
0  -0.438251
0.09375  -0.340316
-0.0625  -0.526621
0.03125  -0.305115
0.09375  -0.340427
0.1875  -0.471172
0.03125  -0.201323
0  -0.494188
-0.0625  -0.414217
-0.125  -0.417831
0.09375  -0.412558
-0.03125  -0.179675
-0.125  -0.380121
-0.09375  -0.508394
0.0625  -0.40062
-0.09375  -0.374108
0.125  -0.611911
0.21875  -0.335083
-0.125  -0.427829
0.09375  -0.455453
-0.21875  -0.385682
0.09375  -0.439877
0.03125  -0.29162
0.03125  -0.313396
0.03125  -0.339868
-0.15625  -0.341122
-0.0625  -0.440853
0.125  -0.5587
0.1875  -0.440888
-0.09375  -0.440218
-0.09375  -0.497469
0.1875  -0.385291
-0.15625  -0.457481
0  -0.543356
0.09375  -0.562188
0.0625  -0.532786
-0.0625  -0.290683
0.09375  -0.503733
-0.09375  -0.546363
-0.0625  -0.481912
-0.03125  -0.295802
-0.21875  -0.356624
0.3125  -0.565814
-0.09375  -0.56615
0.03125  -0.557068
0.125  -0.284654
0  -0.572904
-0.0625  -0.4349
-0.09375  -0.628451
0.03125  -0.535289
-0.21875  -0.20186
-0.1875  -0.333568
0.125  -0.399778
0.125  -0.378929
-0.125  -0.481472
0.03125  -0.439625
0.03125  -0.347686
-0.09375  -0.591842
0  -0.465132
0.03125  -0.599205
0.0625  -0.266699
0.09375  -0.483452
0.125  -0.301515
0.09375  -0.318575
-0.1875  -0.420139
0.0625  -0.547257
-0.25  -0.513259
0.1875  -0.413831
0.0625  -0.431027
-0.03125  -0.556307
-0.0625  -0.558369
0  -0.320543
0.09375  -0.460243
-0.21875  -0.340218
-0.09375  -0.294838
0.09375  -0.272188
0.125  -0.30138
-0.21875  -0.271348
0.15625  -0.440694
0.15625  -0.44543
0.03125  -0.562976
-0.28125  -0.593488
-0.1875  -0.43329
-0.03125  -0.614071
-0.0625  -0.578056
-0.125  -0.151172
0.09375  -0.41005
0.0625  -0.279819
-0.21875  -0.544983
0.09375  -0.310389
-0.03125  -0.404919
-0.03125  -0.508379
0.21875  -0.244063
0.03125  -0.611309
0.03125  -0.447514
-0.0625  -0.506414
0.125  -0.17375
0  -0.423626
0  -0.519426
-0.1875  -0.49624
-0.15625  -0.124863
-0.125  -0.21133
0.15625  -0.480432
0  -0.629752
0  -0.282664
0  -0.340635
-0.03125  -0.198224
0.03125  -0.511501
0.125  -0.358715
-0.15625  -0.365892
-0.1875  -0.26994
-0.0625  -0.36977
-0.15625  -0.367796
0.09375  -0.506899
-0.15625  -0.445817
0  -0.394687
-0.09375  -0.380312
0.21875  -0.48701
-0.09375  -0.269523
0.03125  -0.238276
0.03125  -0.13418
0  -0.45302
-0.125  -0.518162
0.125  -0.291832
0.21875  -0.434356
-0.0625  -0.305513
0.0625  -0.293244
-0.125  -0.52329
-0.03125  -0.172855
0.15625  -0.397805
-0.09375  -0.260176
-0.28125  -0.352558
-0.3125  -0.450074
0.15625  -0.420844
-0.1875  -0.382991
-0.03125  -0.273467
-0.09375  -0.520731
-0.0625  -0.595551
0  -0.301431
0.21875  -0.612244
-0.125  -0.493756
0.09375  -0.371465
-0.0625  -0.43267
0.09375  -0.538731
0.15625  -0.330586
-0.125  -0.00968248
0.03125  -0.365373
-0.15625  -0.47074
-0.15625  -0.442696
-0.03125  -0.533734
0  -0.514016
-0.09375  -0.491407
0.0625  -0.0652779
-0.125  -0.613158
-0.1875  -0.471251
0.21875  -0.625709
0.0625  -0.514533
-0.03125  -0.618923
-0.28125  -0.362767
-0.1875  -0.491062
-0.03125  -0.361412
0.1875  -0.57946
-0.125  -0.394822
0  -0.31663
0.25  -0.469006
-0.1875  -0.446998
0  -0.383415
0.15625  -0.417805
-0.0625  -0.477689
0  -0.289717
-0.03125  -0.3036
-0.1875  -0.42496
0.28125  -0.516784
0.15625  -0.528799
-0.09375  -0.282383
-0.09375  -0.467028
-0.0625  -0.542588
0  -0.182551
0.09375  -0.520992
0.15625  -0.437425
0.1875  -0.595136
0  -0.294897
0.28125  -0.38085
0.0625  -0.370689
0.3125  -0.536533
-0.03125  -0.0421046
-0.40625  -0.484519
0.09375  -0.293349
0.25  -0.427578
-0.0625  -0.372939
-0.1875  -0.387872
-0.03125  -0.602579
-0.03125  -0.299247
-0.125  -0.622624
0.0625  -0.488176
0.09375  -0.475218
0.21875  -0.431159
-0.15625  -0.504749
0  -0.308427
-0.15625  -0.262438
-0.15625  -0.323154
-0.03125  -0.343494
0.03125  -0.204862
0.03125  -0.307373
0.125  -0.44147
0.0625  -0.483654
-0.21875  -0.273446
-0.1875  -0.535569
-0.0625  -0.223551
-0.25  -0.508862
0.0625  -0.121256
-0.0625  -0.393423
-0.03125  -0.277034
-0.0625  -0.411326
0  -0.589066
0.15625  -0.409965
0  -0.488315
0.25  -0.462976
0.21875  -0.553526
0.1875  -0.339382
-0.21875  -0.407974
0.0625  -0.464709
0.125  -0.367677
0.09375  -0.429439
0.0625  -0.487662
-0.0625  -0.585488
0.1875  -0.453954
0.0625  -0.344402
0.0625  -0.352836
-0.09375  -0.458118
0.125  -0.196853
0  -0.43388
0.0625  -0.295766
0  -0.303512
0.1875  -0.598358
0.46875  -0.524187
-0.09375  -0.555876
-0.0625  -0.550077
0.0625  -0.277047
0.03125  -0.374986
0.03125  -0.382203
0.0625  -0.335994
-0.21875  -0.230899
0  -0.357209
-0.0625  -0.291578
0.0625  -0.317197
-0.125  -0.512728
-0.09375  -0.513399
0.1875  -0.480106
-0.03125  -0.456938
0.21875  -0.26171
-0.125  -0.541606
0.0625  -0.243399
0.03125  -0.478191
-0.125  -0.500511
0.15625  -0.569384
0.03125  -0.462237
0.21875  -0.393226
0.03125  -0.156297
0.03125  -0.503322
0  -0.226561
0.125  -0.593133
-0.125  -0.522927
-0.09375  -0.354317
0.0625  -0.300152
0.03125  -0.374099
-0.03125  -0.241561
0.03125  -0.433588
-0.125  -0.39164
0.03125  -0.314005
0.03125  -0.470689
-0.1875  -0.545805
-0.15625  -0.264467
0.0625  -0.733319
0  -0.337725
-0.125  -0.383425
0  -0.345543
-0.09375  -0.213743
-0.0625  -0.466154
0  -0.500321
-0.0625  -0.505854
-0.0625  -0.456945
-0.09375  -0.490447
-0.09375  -0.38813
-0.03125  -0.480481
-0.0625  -0.449041
0.03125  -0.53695
0.0625  -0.454749
0.0625  -0.415169
-0.03125  -0.458341
-0.125  -0.515886
-0.03125  -0.347499
-0.09375  -0.484725
-0.09375  -0.604554
0.0625  -0.28705
0  -0.647207
-0.0625  -0.43764
0.09375  -0.367459
0.03125  -0.611847
0.0625  -0.498923
-0.0625  -0.210451
0  -0.49688
0.15625  -0.322126
0.03125  -0.53538
-0.09375  -0.438635
-0.15625  -0.346061
-0.1875  -0.547854
-0.15625  -0.188339
0.21875  -0.483309
-0.09375  -0.169124
0.28125  -0.271604
0.40625  -0.49271
0.1875  -0.355408
-0.0625  -0.360978
0.03125  -0.345308
-0.125  -0.521039
-0.21875  -0.543885
-0.25  -0.530048
0  -0.512097
-0.03125  -0.557301
0.0625  -0.257436
0.1875  -0.380343
-0.09375  -0.187333
-0.28125  -0.395609
0.21875  -0.291634
0.03125  -0.634341
0.09375  -0.426906
0.21875  -0.450401
-0.1875  -0.453895
0.03125  -0.439819
-0.0625  -0.482387
0.03125  -0.446445
0  -0.399297
0.15625  -0.316011
-0.09375  -0.524015
0.125  -0.535193
0.0625  -0.370989
-0.125  -0.384563
0.03125  -0.266313
0.09375  -0.450189
-0.03125  -0.438963
0.1875  -0.405586
0  -0.526429
-0.0625  -0.432432
-0.03125  -0.372221
0  -0.478599
0  -0.398079
0.1875  -0.500694
0.03125  -0.370903
0.09375  -0.414549
-0.125  -0.420689
-0.03125  -0.508881
0.09375  -0.526492
0  -0.440308
-0.03125  -0.387432
0.03125  -0.2005
0.09375  -0.47326
-0.0625  -0.419291
0.21875  -0.308089
-0.15625  -0.258077
0.03125  -0.236735
-0.125  -0.336788
-0.21875  -0.488334
0.09375  -0.370865
-0.21875  -0.298464
0.15625  -0.475101
0.03125  -0.351637
0.09375  -0.366767
-0.125  -0.292077
0  -0.635936
-0.28125  -0.271503
0.125  -0.472691
-0.0625  -0.511098
0.0625  -0.394541
-0.21875  -0.210734
0.0625  -0.301214
0  -0.242942
0.25  -0.370282
0.09375  -0.50328
-0.1875  -0.429766
-0.0625  -0.448046
-0.1875  -0.512294
-0.40625  -0.579216
-0.0625  -0.395847
0.0625  -0.324648
-0.21875  -0.337896
0.21875  -0.34684
-0.0625  -0.189843
0.15625  -0.39814
0.09375  -0.347334
-0.09375  -0.25861
0.15625  -0.473543
0.1875  -0.335557
0.03125  -0.444026
-0.0625  -0.317404
-0.03125  -0.447386
0.25  -0.46482
-0.15625  -0.311529
0.125  -0.562647
-0.21875  -0.401448
-0.0625  -0.290305
-0.3125  -0.448736
-0.0625  -0.498491
-0.15625  -0.438565
-0.0625  -0.190006
0  -0.533841
-0.09375  -0.640519
0  -0.599858
0.1875  -0.427956
-0.03125  -0.628438
0  -0.51691
-0.09375  -0.566429
0.125  -0.617791
-0.09375  -0.430975
-0.09375  -0.339539
0.125  -0.257356
0.125  -0.449458
0.03125  -0.532646
0.0625  -0.448384
0.125  -0.289378
-0.03125  -0.375281
-0.0625  -0.658829
-0.09375  -0.455737
0  -0.482971
0.0625  -0.276907
0.125  -0.169418
0.15625  -0.440405
-0.09375  -0.44219
-0.15625  -0.419626
-0.25  -0.370847
-0.03125  -0.419082
0.21875  -0.602574
-0.03125  -0.565748
-0.03125  -0.344198
0.0625  -0.400594
0.09375  -0.435678
-0.03125  -0.397001
-0.03125  -0.353713
-0.09375  -0.552119
-0.0625  -0.642247
0.25  -0.452949
-0.09375  -0.434325
-0.125  -0.346066
0.125  -0.480024
-0.03125  -0.281959
-0.0625  -0.590135
-0.0625  -0.458493
0.03125  -0.382358
0  -0.363097
0.09375  -0.523059
0.0625  -0.406218
-0.09375  -0.621108
0.0625  -0.339942
-0.03125  -0.475014
-0.125  -0.482099
0.0625  -0.443441
0  -0.464173
0.15625  -0.463983
0.1875  -0.249011
0.21875  -0.408058
0.0625  -0.533206
-0.09375  -0.34661
-0.15625  -0.318447
0.1875  -0.390748
0.125  -0.466017
-0.125  -0.532247
0.09375  -0.492171
0.15625  -0.402776
-0.03125  -0.323899
-0.3125  -0.290208
0  -0.489282
-0.25  -0.556742
0  -0.394891
0.09375  -0.575035
0.03125  -0.444212
0  -0.496285
0.21875  -0.227453
-0.03125  -0.490461
-0.09375  -0.475465
0.03125  -0.525615
-0.21875  -0.541709
0  -0.169587
-0.0625  -0.48244
-0.125  -0.44251
-0.0625  -0.502917
-0.1875  -0.378138
-0.03125  -0.325884
-0.03125  -0.583474
-0.15625  -0.546284
0.0625  -0.403132
-0.125  -0.469582
0  -0.356556
0  -0.335521
-0.03125  -0.540958
-0.03125  -0.607329
0.09375  -0.482537
-0.03125  -0.726423
0.09375  -0.4826
-0.28125  -0.526522
0  -0.475536
0.03125  -0.455167
-0.0625  -0.46367
0.21875  -0.401955
0  -0.354019
0.09375  -0.321561
0  -0.476667
0.0625  -0.431079
0  -0.609364
-0.0625  -0.329673
0.03125  -0.287938
0  -0.643426
-0.25  -0.394459
-0.125  -0.295189
0.09375  -0.438607
0  -0.452701
-0.0625  -0.349657
-0.28125  -0.337485
-0.09375  -0.472337
0.21875  -0.440707
0  -0.393301
-0.21875  -0.362504
0.21875  -0.46472
0.125  -0.344078
0.0625  -0.320376
0.1875  -0.359287
0.21875  -0.337663
0  -0.151193
0  -0.455367
-0.15625  -0.485465
-0.0625  -0.424297
0.03125  -0.531478
-0.09375  -0.437118
0.25  -0.459432
0  -0.25064
0.03125  -0.271805
0  -0.317666
0  -0.316203
0.21875  -0.385264
0  -0.243248
0  -0.485991
0.0625  -0.20081
0  -0.247873
0.03125  -0.460752
0.125  -0.419204
0.1875  -0.395005
0.0625  -0.512257
-0.15625  -0.360637
0.03125  -0.527535
0.0625  -0.391397
-0.09375  -0.388415
0  -0.411721
-0.125  -0.406964
-0.09375  -0.406424
0.09375  -0.114732
0.3125  -0.61509
-0.0625  -0.616638
-0.1875  -0.339144
-0.15625  -0.422651
0.03125  -0.534016
-0.1875  -0.424753
0.0625  -0.567202
-0.09375  -0.622001
0.09375  -0.304982
0.03125  -0.518327
-0.125  -0.310051
-0.09375  -0.633314
0.28125  -0.316747
0.125  -0.349534
-0.09375  -0.322139
-0.1875  -0.369141
-0.09375  -0.388134
0.03125  -0.577334
-0.28125  -0.28303
-0.09375  -0.38602
-0.03125  -0.419168
0  -0.357544
-0.03125  -0.333185
0.1875  -0.503089
0  -0.478228
0.03125  -0.521363
0.03125  -0.158411
-0.0625  -0.415957
0  -0.5735
0.09375  -0.296944
-0.09375  -0.351032
0.09375  -0.338823
-0.0625  -0.394382
0.1875  -0.431246
-0.21875  -0.320083
0.28125  -0.437665
0.09375  -0.426635
-0.09375  -0.356486
-0.125  -0.448044
-0.0625  -0.36612
0.125  -0.176894
-0.03125  -0.338394
-0.125  -0.302419
0.09375  -0.33024
0.125  -0.591415
0.09375  -0.358786
-0.15625  -0.443156
-0.03125  -0.671674
0.0625  -0.397163
0.0625  -0.401425
0.03125  -0.3233
-0.15625  -0.360204
-0.15625  -0.361284
0.1875  -0.297854
0  -0.350397
-0.21875  -0.48221
0.03125  -0.433143
0.09375  -0.524599
-0.03125  -0.368926
0  -0.457255
0.0625  -0.413465
0.09375  -0.441538
0.09375  -0.558282
0  -0.565781
-0.03125  -0.610735
0.125  -0.332652
-0.1875  -0.606189
-0.1875  -0.195314
0.125  -0.467463
0.125  -0.513392
-0.03125  -0.405222
0.0625  -0.254842
-0.21875  -0.42281
-0.09375  -0.383867
0.09375  -0.369164
0.125  -0.544617
-0.03125  -0.637969
-0.03125  -0.50594
-0.125  -0.310002
-0.28125  -0.437693
-0.0625  -0.52715
0.0625  -0.549648
0.0625  -0.537957
0.03125  -0.341179
-0.03125  -0.436816
-0.1875  -0.439526
0.03125  -0.48367
0.03125  -0.385232
0.03125  -0.286675
-0.15625  -0.351356
0.0625  -0.363996
-0.28125  -0.408356
0  -0.33491
0.0625  -0.438935
0  -0.389134
-0.125  -0.328941
-0.03125  -0.427148
0.15625  -0.495671
0.125  -0.395039
-0.1875  -0.445795
-0.0625  -0.415815
-0.0625  -0.368273
-0.0625  -0.53691
0  -0.234637
-0.03125  -0.521931
-0.09375  -0.509988
-0.03125  -0.293906
-0.21875  -0.424916
0.09375  -0.464915
-0.03125  -0.420641
0.28125  -0.415708
-0.03125  -0.457199
0  -0.480732
0.125  -0.502331
0  -0.499354
0.03125  -0.568198
0.125  -0.452539
0.03125  -0.486014
0.125  -0.419434
-0.34375  -0.496363
-0.1875  -0.288032
0.21875  -0.419823
-0.15625  -0.468887
0.09375  -0.219928
0.03125  -0.23487
0.03125  -0.494785
-0.1875  -0.608613
0.125  -0.586302
0.0625  -0.406182
-0.1875  -0.330605
0.125  -0.427715
0.03125  -0.61548
-0.09375  -0.360434
0.0625  -0.520038
-0.0625  -0.485757
-0.1875  -0.401264
0.0625  -0.165775
0.03125  -0.337036
-0.0625  -0.437564
0.15625  -0.193387
0.125  -0.057366
0.03125  -0.161628
-0.0625  -0.41358
0  -0.484573
0.03125  -0.269286
-0.25  -0.272704
-0.03125  -0.666534
0.0625  -0.447588
-0.03125  -0.449553
0.03125  -0.273872
-0.03125  -0.407355
-0.0625  -0.292974
0.25  -0.462598
0  -0.233262
0.25  -0.483717
0  -0.123538
0.03125  -0.478593
0.0625  -0.514637
0  -0.442605
-0.125  -0.478146
-0.0625  -0.42221
0.03125  -0.354653
0.125  -0.413749
-0.03125  -0.425646
-0.03125  -0.073483
0.03125  -0.556687
-0.03125  -0.639193
-0.09375  -0.326396
-0.09375  -0.437761
0.09375  -0.447143
-0.125  -0.46768
0.03125  -0.523343
-0.21875  -0.325157
-0.25  -0.605073
-0.15625  -0.299205
-0.25  -0.459765
0.125  -0.44226
0.03125  -0.580647
-0.15625  -0.473198
-0.0625  -0.41159
0  -0.526341
-0.03125  -0.307983
0.03125  -0.378457
0.1875  -0.329669
-0.1875  -0.302446
-0.125  -0.488407
0.125  -0.243209
0  -0.36662
0.03125  -0.259268
0.15625  -0.429036
0.0625  -0.355853
-0.03125  -0.387263
-0.0625  -0.344154
0.15625  -0.33656
-0.03125  -0.447722
-0.03125  -0.329036
0.0625  -0.457744
0.21875  -0.401694
0.15625  -0.469858
0.125  -0.625728
-0.28125  -0.502864
0.03125  -0.347903
-0.03125  -0.491599
0  -0.282814
-0.28125  -0.574425
0  -0.247221
-0.125  -0.471785
-0.0625  -0.289296
-0.15625  -0.272416
-0.0625  -0.34469
0.0625  -0.472549
0.15625  -0.432579
0  -0.475317
0.28125  -0.382509
0.125  -0.517905
-0.03125  -0.319502
-0.03125  -0.483021
-0.03125  -0.573291
0.125  -0.208913
0.25  -0.306023
-0.03125  -0.587788
-0.09375  -0.378422
0.03125  -0.53172
-0.125  -0.51839
0.125  -0.253944
0.15625  -0.379431
0.1875  -0.351967
-0.125  -0.517337
0  -0.154785
0.125  -0.426702
0.15625  -0.446785
0.03125  -0.656017
0.0625  -0.529637
-0.15625  -0.210699
0  -0.395002
-0.09375  -0.261444
-0.0625  -0.62815
-0.0625  -0.430345
0.21875  -0.309824
-0.28125  -0.485166
0  -0.433087
0  -0.524752
0.15625  -0.380594
0.15625  -0.238231
-0.09375  -0.489589
-0.28125  -0.327423
-0.21875  -0.522639
-0.0625  -0.455001
-0.21875  -0.457047
0.125  -0.264438
-0.25  -0.202059
0.0625  -0.427526
0.03125  -0.355004
-0.0625  -0.288014
0  -0.377731
0.125  -0.299399
-0.03125  -0.259626
0  -0.379854
0.09375  -0.453821
-0.15625  -0.459248
0.25  -0.160958
-0.09375  -0.337287
0  -0.544199
-0.0625  -0.595128
0.09375  -0.131365
0.03125  -0.572839
0.21875  -0.559418
-0.0625  -0.492865
-0.09375  -0.433097
0.03125  -0.50122
0  -0.452141
-0.125  -0.447697
-0.125  -0.571793
-0.03125  -0.413079
0.03125  -0.166762
0  -0.57375
0.15625  -0.159497
-0.125  -0.428997
-0.09375  -0.309853
0  -0.264436
0.03125  -0.404102
0.15625  -0.408178
0.09375  -0.456944
0  -0.528565
0  -0.375596
0.125  -0.208991
0.0625  -0.537935
0  -0.407429
-0.0625  -0.4659
0.15625  -0.436489
-0.03125  -0.44597
0  -0.535391
0.125  -0.243891
-0.1875  -0.276589
-0.125  -0.430998
-0.03125  -0.601165
0.09375  -0.386222
0.03125  -0.465967
0.21875  -0.334967
0.0625  -0.465701
-0.09375  -0.357866
0.1875  -0.417221
-0.09375  -0.302849
0  -0.389019
-0.03125  -0.360117
-0.03125  -0.43827
0.0625  -0.393286
0.03125  -0.5596
-0.1875  -0.450015
-0.0625  -0.428837
-0.03125  -0.379168
-0.125  -0.357363
-0.1875  -0.282962
-0.03125  -0.446137
0.21875  -0.520576
0  -0.645236
-0.125  -0.490762
-0.0625  -0.58012
-0.125  -0.39236
-0.09375  -0.379725
-0.21875  -0.474984
-0.28125  -0.447548
0.03125  -0.360382
-0.09375  -0.470706
0.03125  -0.430441
0.125  -0.433745
-0.1875  -0.52216
0.21875  -0.50814
-0.03125  -0.33775
0.125  -0.341844
0.28125  -0.227749
0.03125  -0.568368
0  -0.380086
-0.21875  -0.321064
-0.09375  -0.478923
0.125  -0.531379
0  -0.445914
0.0625  -0.28255
0.03125  -0.344187
0.09375  -0.305454
-0.21875  -0.356091
0.0625  -0.132187
-0.03125  -0.606081
-0.09375  -0.41673
0.09375  -0.454984
-0.15625  -0.290518
-0.34375  -0.369505
0.125  -0.274882
0.03125  -0.400921
-0.1875  -0.543472
0.125  -0.547405
0.0625  -0.174774
-0.21875  -0.372717
0.1875  -0.309555
0.0625  -0.459743
-0.03125  -0.268789
-0.0625  -0.510817
-0.03125  -0.357783
-0.21875  -0.38556
0.03125  -0.477376
-0.09375  -0.223412
0.03125  -0.374783
-0.03125  -0.43061
0.03125  -0.292845
-0.15625  -0.421237
0  -0.479149
-0.0625  -0.471945
-0.09375  -0.399877
0.03125  -0.614141
0.09375  -0.212613
-0.0625  -0.509451
0.03125  -0.490167
0.09375  -0.487916
0  -0.22106
0.09375  -0.461038
0.21875  -0.45586
0  -0.249504
-0.3125  -0.338552
-0.0625  -0.496092
-0.15625  -0.425985
0.125  -0.242868
0.09375  -0.486535
0.28125  -0.46298
-0.1875  -0.533967
0.03125  -0.231014
-0.1875  -0.395204
0.1875  -0.543194
-0.0625  -0.39137
0.15625  -0.450645
0.03125  -0.575573
0.09375  -0.352152
-0.21875  -0.365636
0.0625  -0.37125
-0.0625  -0.501368
-0.125  -0.263818
-0.3125  -0.470284
0.1875  -0.400497
-0.09375  -0.157681
-0.09375  -0.452707
0.09375  -0.632072
0.125  -0.309324
-0.03125  -0.421475
-0.0625  -0.394251
0.15625  -0.486516
-0.03125  -0.190225
0.0625  -0.444988
-0.09375  -0.306004
-0.03125  -0.406666
0.03125  -0.404632
-0.09375  -0.377871
-0.125  -0.252552
0.0625  -0.234946
-0.03125  -0.462081
-0.0625  -0.339246
0.0625  -0.419102
-0.0625  -0.508463
-0.1875  -0.312092
-0.25  -0.306491
0.21875  -0.43584
-0.1875  -0.4072
-0.1875  -0.243164
-0.09375  -0.37853
-0.03125  -0.212834
-0.03125  -0.534997
0  -0.458859
-0.09375  -0.475907
0  -0.628086
0.125  -0.393922
0.125  -0.58173
0  -0.257641
-0.125  -0.35762
0.15625  -0.543576
-0.09375  -0.371363
-0.03125  -0.467048
-0.0625  -0.291534
-0.03125  -0.353202
-0.0625  -0.382184
-0.0625  -0.394269
0  -0.635903
-0.1875  -0.269244
-0.09375  -0.512724
0.1875  -0.398288
-0.03125  -0.40834
-0.09375  -0.379888
-0.03125  -0.292781
-0.3125  -0.474713
-0.25  -0.335867
0.21875  -0.651597
0.0625  -0.431128
0.03125  -0.466009
0  -0.65578
0.15625  -0.522784
-0.34375  -0.398781
0.125  -0.290554
0.03125  -0.569187
0.125  -0.372712
-0.125  -0.511363
-0.0625  -0.506292
0.03125  -0.257302
0.125  -0.416833
0.0625  -0.442665
0.09375  -0.346828
-0.1875  -0.622513
0.28125  -0.617498
0.03125  -0.319864
-0.03125  -0.381731
0.03125  -0.398228
0.09375  -0.463433
0.125  -0.518386
-0.0625  -0.359501
0.03125  -0.44654
0.09375  -0.272545
-0.0625  -0.235579
-0.09375  -0.231398
0.21875  -0.368882
0.125  -0.18628
0  -0.554872
0.09375  -0.383461
-0.09375  -0.467252
-0.21875  -0.324334
0.03125  -0.509991
0.1875  -0.510967
0.1875  -0.336565
0.0625  -0.492015
0  -0.290317
-0.09375  -0.522544
0.09375  -0.443307
0.09375  -0.565604
0.21875  -0.811816
0  -0.390228
0.125  -0.483186
0.09375  -0.412594
0.09375  -0.36921
-0.21875  -0.424456
-0.09375  -0.489154
0.1875  -0.388603
-0.03125  -0.471039
0.0625  -0.345782
0.21875  -0.305068
-0.09375  -0.240262
0.0625  -0.248736
-0.03125  -0.310353
0.03125  -0.361193
0.0625  -0.478529
0.09375  -0.275006
-0.125  -0.435633
0.3125  -0.645142
-0.125  -0.408278
0.09375  -0.461785
0.09375  -0.469153
0.15625  -0.406785
-0.0625  -0.433094
0.25  -0.659021
-0.1875  -0.262646
-0.0625  -0.380078
0.15625  -0.172088
0.09375  -0.467938
-0.0625  -0.414835
0.1875  -0.426642
0  -0.374498
0.0625  -0.42851
-0.1875  -0.410761
-0.125  -0.767717
-0.125  -0.397498
-0.09375  -0.4819
-0.21875  -0.522017
-0.0625  -0.731364
-0.0625  -0.595603
0  -0.39027
-0.09375  -0.435343
-0.25  -0.267723
-0.03125  -0.454899
0.15625  -0.443563
-0.09375  -0.566729
-0.09375  -0.168815
0  -0.358788
-0.15625  -0.331293
0.09375  -0.465764
-0.15625  -0.457025
0.125  -0.278662
0.09375  -0.243413
-0.125  -0.499581
0.03125  -0.37651
-0.0625  -0.484425
-0.125  -0.400568
-0.03125  -0.522975
-0.15625  -0.5083
-0.46875  -0.327256
-0.0625  -0.270052
0.0625  -0.355568
-0.15625  -0.617571
0.0625  -0.474933
-0.125  -0.436044
-0.03125  -0.504546
-0.15625  -0.365245
-0.03125  -0.370937
0.0625  -0.485338
0.0625  -0.212429
-0.15625  -0.638865
0.03125  -0.489452
0.0625  -0.292624
0.28125  -0.392448
-0.0625  -0.356252
0.03125  -0.410242
-0.4375  -0.236535
0.03125  -0.465101
0.21875  -0.388287
0  -0.37532
-0.0625  -0.355195
0  -0.618908
-0.1875  -0.492934
0.0625  -0.350476
0.03125  -0.577196
-0.03125  -0.275875
-0.0625  -0.211957
0.0625  -0.403892
0.03125  -0.408198
-0.0625  -0.324412
0.0625  -0.481231
0  -0.429017
0.0625  -0.546628
0.09375  -0.479699
0.03125  -0.35604
0.125  -0.142332
0.15625  -0.451676
0  -0.399116
-0.0625  -0.374103
0.03125  -0.334816
-0.0625  -0.20309
-0.03125  -0.277367
0.0625  -0.343268
-0.09375  -0.167618
-0.0625  -0.446657
0.03125  -0.575689
-0.1875  -0.303422
0.03125  -0.327222
-0.03125  -0.579656
0.03125  -0.318963
0  -0.250339
-0.0625  -0.434204
0.09375  -0.322792
0.03125  -0.358936
0.0625  -0.530516
0.28125  -0.551777
0  -0.46972
0.125  -0.400235
-0.21875  -0.41958
0.03125  -0.388162
-0.0625  -0.280709
-0.03125  -0.53371
-0.125  -0.347702
-0.15625  -0.42632
-0.21875  -0.335458
-0.03125  -0.492928
-0.21875  -0.397461
-0.03125  -0.374295
-0.03125  -0.241003
-0.25  -0.418623
0.03125  -0.351334
-0.03125  -0.534014
0.1875  -0.228294
0.21875  -0.501384
-0.15625  -0.470152
-0.09375  -0.387442
-0.03125  -0.477536
0.03125  -0.398921
0.125  -0.481634
0.03125  -0.577053
-0.09375  -0.44738
-0.15625  -0.185083
0.28125  -0.368264
-0.03125  -0.210308
0.125  -0.398169
-0.125  -0.287641
-0.03125  -0.440246
-0.25  -0.503309
0.0625  -0.318443
0.15625  -0.644678
0.0625  -0.39122
-0.125  -0.287799
-0.125  -0.452706
0  -0.412936
0.09375  -0.587177
0  -0.633804
0.09375  -0.291476
0  -0.39422
0  -0.358024
0.1875  -0.2661
0.0625  -0.569103
0.1875  -0.340169
-0.03125  -0.299188
0.1875  -0.40944
-0.0625  -0.608314
0  -0.258725
0.125  -0.274972
-0.09375  -0.276776
0.1875  -0.533798
-0.0625  -0.631913
-0.1875  -0.29981
0.03125  -0.323456
-0.125  -0.48472
-0.125  -0.25644
0.21875  -0.415244
-0.09375  -0.257601
0  -0.00372222
0.15625  -0.504105
0.03125  -0.401358
-0.3125  -0.380368
0  -0.314917
0.1875  -0.477104
-0.03125  -0.489359
-0.0625  -0.526514
-0.15625  -0.653279
-0.28125  -0.565052
0.09375  -0.444664
-0.15625  -0.468723
0.25  -0.52852
0.0625  -0.194841
-0.0625  -0.394618
0.25  -0.415993
0.09375  -0.480241
-0.03125  -0.358813
-0.03125  -0.285337
0.1875  -0.566047
0.0625  -0.324558
0.03125  -0.554713
-0.03125  -0.337263
0.1875  -0.66554
0.03125  -0.392303
-0.09375  -0.637843
-0.09375  -0.410881
0  -0.71479
0.0625  -0.591741
-0.125  -0.0858036
0.125  -0.407593
0.15625  -0.428506
0.0625  -0.185774
0.03125  -0.36044
0.0625  -0.544877
-0.09375  -0.262425
0  -0.532303
-0.09375  -0.286346
-0.1875  -0.20947
-0.1875  -0.421238
-0.03125  -0.378201
-0.21875  -0.520463
-0.3125  -0.362399
0  -0.58399
-0.0625  -0.234265
0.0625  -0.512924
0  -0.446576
0.03125  -0.481522
-0.09375  -0.590959
0.09375  -0.795344
-0.125  -0.385713
0  -0.199761
0.0625  -0.446831
-0.1875  -0.592909
0.03125  -0.4181
-0.03125  -0.340734
0.28125  -0.266566
-0.03125  -0.396006
0.0625  -0.31489
-0.09375  -0.211838
0  -0.503606
-0.03125  -0.288082
-0.03125  -0.239534
-0.09375  -0.311118
0.21875  -0.252239
0.03125  -0.406714
0.125  -0.606857
-0.03125  -0.490823
0.125  -0.32931
-0.0625  -0.418215
-0.0625  -0.429538
0.15625  -0.192969
-0.0625  -0.430786
0.0625  -0.680992
-0.03125  -0.508941
0.25  -0.481475
0.0625  -0.313375
-0.0625  -0.357572
0  -0.434487
-0.21875  -0.251832
0.03125  -0.456267
0  -0.188912
0.15625  -0.378546
-0.125  -0.548283
0.03125  -0.40789
0.125  -0.424674
0.0625  -0.508098
0.03125  -0.365812
-0.15625  -0.455486
0.03125  -0.340292
-0.15625  -0.646681
-0.15625  -0.529143
0.0625  -0.661358
0  -0.5631
0.125  -0.498711
-0.0625  -0.503535
0.34375  -0.519604
-0.09375  -0.499884
-0.15625  -0.625233
-0.03125  -0.53512
0  -0.419206
0.0625  -0.482596
-0.03125  -0.492201
-0.125  -0.250819
0  -0.451289
0.125  -0.473592
0.03125  -0.573825
0.03125  -0.457288
-0.25  -0.314229
-0.03125  -0.275033
-0.03125  -0.107638
-0.0625  -0.33998
0.03125  -0.41181
0.0625  -0.328143
0.09375  -0.443037
-0.0625  -0.308608
0.15625  -0.404231
0.0625  -0.48834
-0.0625  -0.443625
-0.15625  -0.497324
-0.03125  -0.421041
0.03125  -0.503079
0.15625  -0.509114
-0.0625  -0.417946
0.1875  -0.281925
-0.0625  -0.543441
0.09375  -0.581774
0.03125  -0.116482
0  -0.412541
-0.125  -0.365647
0.09375  -0.313144
0.0625  -0.383216
0  -0.437029
0.1875  -0.322323
-0.03125  -0.57225
-0.1875  -0.57788
-0.09375  -0.302753
0.125  -0.559717
-0.21875  -0.635089
0.1875  -0.358578
0  -0.460629
-0.0625  -0.147987
0.09375  -0.419424
0.09375  -0.484839
0.15625  -0.432908
0.09375  -0.415635
-0.0625  -0.326372
-0.1875  -0.621443
0.03125  -0.24189
0.1875  -0.467724
0.125  -0.515518
0.125  -0.353439
-0.125  -0.663611
0.03125  -0.456746
0  -0.220182
-0.03125  -0.40007
0.0625  -0.22502
-0.03125  -0.11371
0.03125  -0.306504
-0.125  -0.573705
0.03125  -0.384815
-0.3125  -0.361787
-0.09375  -0.599538
0.125  -0.459065
0.25  -0.175638
0.125  -0.531145
0.125  -0.60747
0.15625  -0.32036
-0.0625  -0.257583
-0.1875  -0.454639
-0.15625  -0.313329
-0.125  -0.400084
-0.125  -0.457731
0.15625  -0.440986
-0.03125  -0.271676
0.1875  -0.419065
-0.125  -0.271607
0.15625  -0.393945
-0.09375  -0.446989
-0.0625  -0.372991
0.21875  -0.630525
0  -0.732532
0.0625  -0.337801
0  -0.273839
-0.0625  -0.375742
-0.09375  -0.393923
-0.15625  -0.581606
-0.1875  -0.547003
-0.03125  -0.464941
0.1875  -0.537426
-0.25  -0.445916
0.0625  -0.54757
0  -0.467335
-0.0625  -0.380583
0.15625  -0.35903
-0.0625  -0.454966
-0.03125  -0.20665
-0.09375  -0.345632
-0.15625  -0.456453
0.15625  -0.340797
0.0625  -0.195039
0.09375  -0.408073
-0.03125  -0.456909
-0.21875  -0.388826
0.09375  -0.370943
0  -0.60175
-0.03125  -0.464022
-0.09375  -0.5864
-0.09375  -0.435697
-0.15625  -0.411302
-0.03125  -0.508292
0.21875  -0.461344
0.09375  -0.255626
-0.0625  -0.373447
0  -0.538102
0.09375  -0.45318
-0.0625  -0.641716
-0.03125  -0.509571
0.03125  -0.167093
-0.125  -0.369392
0.09375  -0.354753
0.0625  -0.36634
0.09375  -0.186652
0  -0.392153
-0.09375  -0.330978
-0.1875  -0.502532
0  -0.284853
-0.15625  -0.509629
0.125  -0.395916
-0.09375  -0.331808
0.15625  -0.434787
0.03125  -0.591448
-0.0625  -0.460009
0.03125  -0.412061
0.1875  -0.390039
0.09375  -0.498578
0.03125  -0.195532
0  -0.398635
0  -0.555421
0.15625  -0.198884
0  -0.497833
-0.1875  -0.373636
-0.09375  -0.394187
0.09375  -0.65637
0.0625  -0.554098
0.03125  -0.400277
0  -0.32342
-0.1875  -0.414353
-0.09375  -0.536669
0.03125  -0.341935
0.03125  -0.489292
0.15625  -0.296629
-0.15625  -0.529701
-0.15625  -0.33356
0.09375  -0.400044
0.125  -0.54113
0.03125  -0.379599
0  -0.399441
-0.15625  -0.403624
0  -0.5084
0  -0.345849
0.09375  -0.438016
-0.0625  -0.503859
0.0625  -0.387993
-0.1875  -0.212708
-0.3125  -0.459606
-0.28125  -0.64449
0  -0.13014
-0.09375  -0.504538
0  -0.230919
0.09375  -0.309303
0.03125  -0.552976
0  -0.41939
-0.09375  -0.257591
-0.03125  -0.477807
0.0625  -0.494616
0  -0.399101
0.3125  -0.367953
0.1875  -0.425185
0.0625  -0.47071
-0.0625  -0.459791
-0.1875  -0.40171
-0.09375  -0.497935
-0.125  -0.369234
-0.03125  -0.56302
-0.0625  -0.539263
0  -0.141021
-0.125  -0.463735
0.21875  -0.216105
-0.03125  -0.324922
0  -0.54262
-0.15625  -0.350824
0.03125  -0.513093
0.1875  -0.464422
0.09375  -0.328295
0.125  -0.270286
0.15625  -0.390845
0.125  -0.303836
-0.0625  -0.400292
-0.125  -0.483953
-0.1875  -0.485691
0.0625  -0.268364
0  -0.392886
-0.0625  -0.466953
-0.09375  -0.339243
-0.03125  -0.363562
0.03125  -0.427043
-0.1875  -0.34248
0  0.0408357
-0.03125  -0.412728
0.1875  -0.390763
-0.03125  -0.140131
-0.125  -0.403696
0.03125  -0.455442
-0.28125  -0.440941
-0.25  -0.254598
-0.21875  -0.699594
-0.09375  -0.515654
0  -0.43139
-0.28125  -0.543373
-0.0625  -0.671615
-0.3125  -0.54325
0.21875  -0.721345
0.0625  -0.609099
0.03125  -0.428141
0.0625  -0.33656
0.03125  -0.269958
-0.25  -0.431391
0.03125  -0.262189
-0.0625  -0.399094
0.25  -0.298117
0  -0.25222
0.15625  -0.203451
-0.03125  -0.346908
-0.09375  -0.362232
-0.0625  -0.391745
0.03125  -0.545075
0.0625  -0.498005
-0.125  -0.511402
0.0625  -0.142286
0.0625  -0.705075
0.15625  -0.450099
0.03125  -0.391641
-0.125  -0.59514
0.09375  -0.258821
0.03125  -0.499332
-0.09375  -0.477059
0.125  -0.536702
-0.03125  -0.410942
0.0625  -0.457441
0.15625  -0.523766
-0.15625  -0.316914
-0.125  -0.168922
-0.03125  -0.474597
0.03125  -0.481784
-0.03125  0.011484
0.09375  -0.334584
0  -0.522471
0.3125  -0.306422
-0.21875  -0.103608
-0.125  -0.303598
-0.03125  -0.361413
0.0625  -0.410547
0.21875  -0.529666
0.25  -0.253935
0.0625  -0.261914
-0.28125  -0.503075
-0.0625  -0.450939
-0.09375  -0.425411
-0.0625  -0.348909
-0.0625  -0.366285
0.03125  -0.491439
-0.15625  -0.314009
-0.28125  -0.458865
0.15625  -0.389228
-0.125  -0.378797
-0.3125  -0.245674
-0.125  -0.554867
0.09375  -0.304599
0.03125  -0.424421
-0.0625  -0.510383
-0.15625  -0.450086
-0.03125  -0.418267
-0.15625  -0.333435
0.03125  -0.434631
-0.15625  -0.122796
0.1875  -0.470498
-0.15625  -0.385688
0.1875  -0.279644
0.125  -0.434714
0.125  -0.169308
-0.03125  -0.239976
0.0625  -0.405754
-0.125  -0.555354
0.09375  -0.129714
-0.0625  -0.468829
-0.0625  -0.469255
-0.09375  -0.315004
0.03125  -0.444206
0.0625  -0.26025
-0.125  -0.368222
0.25  -0.276675
-0.0625  -0.458093
-0.03125  -0.45697
-0.09375  -0.524119
0.125  -0.391611
-0.0625  -0.26861
0.15625  -0.448109
0.09375  -0.476592
0  -0.437547
0.0625  -0.355271
0.09375  -0.415489
0.0625  -0.308646
0.09375  -0.315544
0  -0.36858
0  -0.351944
0  -0.507871
-0.03125  -0.28806
0  -0.403347
-0.0625  -0.49334
0.03125  -0.607308
0.21875  -0.135699
0.0625  -0.337716
0.125  -0.224694
0  -0.638427
0.03125  -0.312574
-0.0625  -0.587566
0.03125  -0.529368
0.09375  -0.368206
0.15625  -0.428383
0.09375  -0.476233
-0.125  -0.487748
-0.03125  -0.493844
-0.03125  -0.511897
0.0625  -0.52458
0.03125  -0.478684
0.3125  -0.292162
-0.03125  -0.145294
0.09375  -0.461749
-0.25  -0.401767
0.03125  -0.509718
0.03125  -0.484287
-0.03125  -0.370822
-0.25  -0.364465
0  -0.226684
0  -0.467483
0.03125  -0.513306
-0.03125  -0.580138
-0.15625  -0.267724
-0.1875  -0.505505
-0.09375  -0.552079
-0.09375  -0.243816
-0.09375  -0.26762
0.0625  -0.2107
0.0625  -0.360462
0.15625  -0.321416
-0.09375  -0.467069
-0.09375  -0.265434
-0.21875  -0.471507
-0.28125  -0.477786
-0.09375  -0.377886
0.0625  -0.427508
0.125  -0.39942
-0.03125  -0.44929
0.03125  -0.667334
0.1875  -0.308245
0.21875  -0.310253
-0.0625  -0.564133
0.15625  -0.369982
0.0625  -0.299393
0.0625  -0.271182
-0.09375  -0.530837
-0.125  -0.385945
-0.0625  -0.461076
0.09375  -0.471114
-0.28125  -0.601796
0.21875  -0.46489
0  -0.568287
-0.15625  -0.534039
-0.0625  -0.419017
0.0625  -0.445305
-0.0625  -0.550022
-0.0625  -0.479886
0  -0.312451
-0.15625  -0.353515
-0.03125  -0.464714
0.34375  -0.291077
-0.03125  -0.535719
0.1875  -0.33658
0.03125  -0.636968
-0.1875  -0.635666
0.15625  -0.399767
0.15625  -0.338002
0.125  -0.537202
0  -0.301945
-0.0625  -0.370683
-0.03125  -0.300752
-0.0625  -0.396179
0.03125  -0.384649
0.21875  -0.516066
-0.125  -0.550439
-0.09375  -0.759887
0.09375  -0.568204
0  -0.145656
0  -0.357567
-0.1875  -0.0506477
-0.15625  -0.495972
0.0625  -0.203442
-0.125  -0.453139
0.09375  -0.322852
0  -0.406032
-0.3125  -0.591129
-0.1875  -0.271478
-0.0625  -0.481052
0.15625  -0.351217
0.125  -0.521979
0.03125  -0.380882
0.15625  -0.334004
0.1875  -0.256663
0.21875  -0.409844
0.15625  -0.380607
0.03125  -0.591457
0.03125  -0.291695
-0.09375  -0.626349
0.25  -0.376752
-0.03125  -0.489433
0.1875  -0.312467
-0.03125  -0.327327
-0.1875  -0.125897
-0.09375  -0.333659
-0.03125  -0.507725
-0.3125  -0.368714
-0.0625  -0.355445
-0.0625  -0.293433
0.0625  -0.29451
0.34375  -0.349801
0.09375  -0.42087
0.125  -0.317773
-0.0625  -0.335131
0.1875  -0.445809
0.21875  -0.321652
-0.15625  -0.394184
-0.125  -0.635031
-0.03125  -0.384274
-0.09375  -0.611526
0  -0.455931
-0.03125  -0.198641
-0.15625  -0.310992
0.15625  -0.49384
0.0625  -0.429228
-0.0625  -0.307591
0.0625  -0.506853
0.03125  -0.383777
0  -0.238952
0.125  -0.420971
-0.0625  -0.395988
0.03125  -0.273661
0.15625  -0.281533
0.09375  -0.470097
-0.0625  -0.694328
-0.0625  -0.390472
0  -0.491729
0.0625  -0.330302
-0.03125  -0.302366
-0.09375  -0.51946
0.15625  -0.429484
-0.09375  -0.483872
0.0625  -0.537127
-0.03125  -0.180543
-0.15625  -0.684308
0.25  -0.447627
-0.0625  -0.371935
0.125  -0.475237
0.125  -0.496916
-0.21875  -0.527851
0.03125  -0.605578
-0.25  -0.477523
-0.21875  -0.220503
-0.0625  -0.618719
0.0625  -0.389423
0.21875  -0.682253
-0.0625  -0.458271
0.03125  -0.35655
-0.03125  -0.484007
0.0625  -0.352655
0.0625  -0.497202
0.0625  -0.126692
0.09375  -0.181258
0.03125  -0.500986
0.15625  -0.315747
0.0625  -0.604227
-0.1875  -0.307403
0.0625  -0.559296
0.09375  -0.257511
0.1875  -0.470097
-0.125  -0.465129
0.125  -0.244168
-0.03125  -0.415344
-0.125  -0.480512
0.34375  -0.526296
0.25  -0.372323
0.03125  -0.128576
-0.28125  -0.365809
-0.15625  -0.319154
0  -0.468495
0.0625  -0.264745
-0.1875  -0.321593
0.03125  -0.333031
-0.09375  -0.329018
0.1875  -0.48323
0.09375  -0.275844
0.15625  -0.483552
0.125  -0.329838
0.03125  -0.509062
0.21875  -0.319813
-0.1875  -0.556712
-0.03125  -0.242676
-0.03125  -0.421962
0.0625  -0.646181
0.0625  -0.50751
0.03125  -0.409395
0  -0.490964
-0.1875  -0.513744
0.0625  -0.317067
-0.15625  -0.628197
0.21875  -0.492894
0.125  -0.36126
-0.09375  -0.552949
-0.21875  -0.325856
0.0625  -0.347796
0.1875  -0.0437006
-0.0625  -0.596569
-0.03125  -0.301486
0.09375  -0.448552
-0.125  -0.313976
0.09375  -0.538787
-0.0625  -0.299289
0.125  -0.456316
0.09375  -0.309753
0.09375  -0.429039
-0.1875  -0.279331
-0.0625  -0.546341
-0.15625  -0.249323
0.125  -0.523889
-0.125  -0.553384
-0.03125  -0.48947
0.28125  -0.382533
0.03125  -0.645088
-0.21875  -0.361618
-0.1875  -0.161924
0.3125  -0.442451
-0.09375  -0.269997
0.1875  -0.48695
0.0625  -0.397424
0.15625  -0.332387
0  -0.403652
-0.09375  -0.393718
0  -0.404934
0  -0.32342
0.125  -0.359884
0.0625  -0.469805
0.125  -0.587144
0.125  -0.520885
0.03125  -0.482919
0.28125  -0.253163
0.0625  -0.585325
0.03125  -0.312556
-0.1875  -0.382827
-0.125  -0.389799
0.125  -0.369309
0.0625  -0.321667
-0.0625  -0.123541
0.09375  -0.46475
0.09375  -0.477587
0.09375  -0.336579
0.09375  -0.63832
-0.25  -0.233358
-0.0625  -0.35675
0.1875  -0.234235
-0.125  -0.683648
0.09375  -0.365297
0.0625  -0.451656
-0.09375  -0.438382
-0.21875  -0.322207
0.1875  -0.334988
-0.28125  -0.291384
-0.1875  -0.352972
-0.25  -0.35123
0.03125  -0.0687192
-0.1875  -0.2232
0.15625  -0.442675
-0.0625  -0.420654
-0.09375  -0.294935
0.3125  -0.382408
-0.125  -0.348176
0.125  -0.209987
-0.03125  -0.332916
0.03125  -0.558635
0.21875  -0.368305
-0.15625  -0.454671
0.0625  -0.157137
0.125  -0.497277
0.0625  -0.428729
0.0625  -0.334622
-0.15625  -0.182789
0.125  -0.435613
0  -0.257016
0.15625  -0.52139
-0.125  -0.371584
0  -0.223807
0  -0.457615
0.125  -0.405439
0.03125  -0.653666
0  -0.30023
-0.125  -0.424169
-0.1875  -0.321689
0.125  -0.242614
0.0625  -0.379218
0.03125  -0.445257
-0.125  -0.520087
-0.125  -0.466205
0.0625  -0.365057
0.25  -0.410117
-0.1875  -0.475578
0  -0.589613
-0.25  -0.215187
0.125  -0.440192
-0.1875  -0.458089
0.125  -0.244881
-0.25  -0.327419
0.15625  -0.494264
0.0625  -0.276508
-0.0625  -0.331521
0.125  -0.297915
0.0625  -0.401599
-0.09375  -0.48221
0.0625  -0.524704
-0.0625  -0.319271
-0.125  -0.45595
0.0625  -0.493562
0  -0.369094
-0.0625  -0.363196
0.1875  -0.546937
0  -0.534089
0.03125  -0.497502
-0.0625  -0.362043
0.03125  -0.28253
-0.09375  -0.236019
0.1875  -0.239925
0.03125  -0.575685
-0.125  -0.248193
-0.125  -0.604813
0.0625  -0.313213
-0.25  -0.588519
-0.0625  -0.305331
-0.125  -0.393112
-0.09375  -0.471479
-0.0625  -0.386193
-0.21875  -0.497178
0  -0.419029
0.15625  -0.334843
-0.1875  -0.568279
-0.15625  -0.638883
-0.1875  -0.358233
0.09375  -0.0566371
-0.03125  -0.431303
-0.25  -0.341226
0.15625  -0.352906
0.03125  -0.516062
-0.03125  -0.4767
0.03125  -0.423104
0.03125  -0.453035
-0.0625  -0.346595
0  -0.473017
0.375  -0.39038
0.0625  -0.571314
-0.03125  -0.44859
0  -0.398952
0.15625  -0.454172
-0.03125  -0.562085
0.25  -0.403213
0.03125  -0.23102
0.1875  -0.529202
-0.125  -0.455353
0  -0.431914
-0.0625  -0.478685
-0.09375  -0.455483
-0.03125  -0.371537
0.0625  -0.373526
0.125  -0.484323
0.09375  -0.51541
0.125  -0.381444
0.0625  -0.36046
-0.03125  -0.446984
0.15625  -0.365737
0.0625  -0.216511
0.09375  -0.201853
-0.03125  -0.529342
0  -0.600627
0  -0.505028
-0.09375  -0.466662
0.03125  -0.355697
-0.125  -0.412947
0.15625  -0.440903
-0.28125  -0.584412
0.03125  -0.506626
0.09375  -0.407677
0  -0.506835
0.03125  -0.255304
-0.0625  -0.247081
0.0625  -0.386952
-0.0625  -0.275235
0.15625  -0.336925
0.03125  -0.466866
-0.125  -0.279335
-0.125  -0.574391
0.03125  -0.499965
0.03125  -0.589418
-0.0625  -0.398416
-0.1875  -0.249834
-0.15625  -0.486393
0.125  -0.530057
-0.09375  -0.321522
0.25  -0.331559
-0.0625  -0.594976
-0.0625  -0.506439
-0.125  -0.497326
0.03125  -0.475083
-0.09375  -0.313292
0.03125  -0.273924
0.125  -0.338085
0  -0.45389
-0.09375  -0.480034
0.0625  -0.277422
-0.09375  -0.460542
0.03125  -0.322935
0  -0.341593
-0.03125  -0.363639
-0.21875  -0.440308
0.125  -0.449121
-0.28125  -0.228917
0.125  -0.368907
0  -0.248209
-0.125  -0.341349
0.1875  -0.458492
-0.03125  -0.323878
-0.03125  -0.380772
-0.1875  -0.503931
0.03125  -0.387736
-0.03125  -0.393874
-0.15625  -0.427848
0.09375  -0.535651
-0.34375  -0.250298
0  -0.389999
0.28125  -0.197013
-0.03125  -0.424751
0.03125  -0.431661
-0.09375  -0.418626
0  -0.419563
-0.125  -0.038892
0  -0.348211
-0.21875  -0.31593
0  -0.22297
0.25  -0.436375
-0.28125  -0.278093
0.1875  -0.406385
-0.03125  -0.335505
0.15625  -0.272452
0.15625  -0.413807
0.21875  -0.55984
-0.0625  -0.283265
-0.15625  -0.5792
0  -0.542321
0  -0.499491
0.1875  -0.426469
0.03125  -0.471653
-0.0625  -0.339948
0.15625  -0.379421
-0.09375  -0.228405
0.125  -0.443545
-0.15625  -0.499187
-0.125  -0.426946
-0.03125  -0.518938
0.125  -0.338044
0.0625  -0.378498
-0.125  -0.5152
0.25  -0.595863
-0.15625  -0.431347
0.15625  -0.517482
-0.09375  -0.417496
0.03125  -0.511572
0  -0.278064
-0.09375  -0.301834
0.0625  -0.46379
0  -0.344024
0.03125  -0.483446
-0.15625  -0.399998
-0.0625  -0.587658
0.125  -0.25355
0.21875  -0.411035
-0.0625  -0.362688
0.09375  -0.387422
-0.0625  -0.428269
0  -0.425198
0  -0.467855
0.03125  -0.458418
0.03125  -0.475413
0.03125  -0.461496
0  -0.450856
0.15625  -0.352093
-0.03125  -0.267614
0.1875  -0.366262
0.0625  -0.293096
0.0625  -0.522186
0.0625  -0.639788
0.03125  -0.560365
0  -0.259394
0.09375  -0.401622
-0.0625  -0.335427
0.125  -0.296548
0.15625  -0.441967
0.09375  -0.34918
0  -0.38251
-0.28125  -0.36901
-0.0625  -0.551315
0.03125  -0.378789
0  -0.533785
-0.125  -0.448113
-0.09375  -0.458479
-0.03125  -0.427607
0.09375  -0.316429
0.03125  -0.419586
0.3125  -0.499354
-0.1875  -0.48932
0.0625  -0.412477
0.125  -0.398655
-0.03125  -0.245279
0  -0.417632
-0.15625  -0.424518
0  -0.441276
-0.15625  -0.493506
-0.125  -0.358889
-0.1875  -0.133299
0.03125  -0.666897
0.09375  -0.493796
0.21875  -0.445906
0.03125  -0.575434
0.28125  -0.433375
0.15625  -0.697917
0.15625  -0.348419
0  -0.332527
0.03125  -0.415119
-0.09375  -0.319452
0.15625  -0.50292
0.0625  -0.346598
-0.03125  -0.348844
-0.125  -0.37079
0.21875  -0.312525
0.03125  -0.413378
0.09375  -0.363047
0.0625  -0.514072
-0.1875  -0.53669
-0.0625  -0.400101
0.09375  -0.523932
0.15625  -0.419563
-0.21875  -0.338995
-0.15625  -0.212997
0  -0.257318
-0.09375  -0.2727
0.125  -0.537359
0  -0.557439
-0.21875  -0.263327
0.09375  -0.423342
-0.21875  -0.352915
0.03125  -0.482937
0.1875  -0.457803
0  -0.30285
-0.03125  -0.429115
0.28125  -0.531407
-0.03125  -0.31021
0  -0.338194
-0.03125  -0.40117
0.125  -0.554966
-0.09375  -0.216391
0.0625  -0.1674
0.0625  -0.32062
0.0625  -0.405308
0  -0.439236
-0.125  -0.267002
0.125  -0.377386
0.125  -0.241089
0.09375  -0.448005
0.09375  -0.330901
-0.03125  -0.397307
0.125  -0.389814
-0.09375  -0.37694
0  -0.554105
-0.1875  -0.154108
-0.1875  -0.340307
0.0625  -0.428103
0.03125  -0.428691
-0.0625  -0.414269
0.03125  -0.3711
0.09375  -0.183033
0.09375  -0.498341
-0.0625  -0.434356
0.03125  -0.11155
-0.03125  -0.1583
-0.03125  -0.720534
-0.09375  -0.593059
-0.03125  -0.477284
-0.125  -0.291867
-0.125  -0.426148
0.03125  -0.293403
-0.25  -0.264312
-0.1875  -0.440722
0.0625  -0.409533
0.15625  -0.197116
0.15625  -0.281528
-0.03125  -0.539617
0  -0.0998094
0.21875  -0.630445
-0.125  -0.398438
-0.03125  -0.589723
-0.15625  -0.451964
-0.125  -0.556975
0.1875  -0.241437
0.0625  -0.192313
-0.25  -0.402077
0.03125  -0.618921
0.1875  -0.517939
0.125  -0.431262
-0.0625  -0.296728
0.21875  -0.20916
0.03125  -0.427885
0  -0.389515
-0.0625  -0.343115
0.09375  -0.431769
0.15625  -0.411782
-0.15625  -0.439373
0  -0.495445
0.03125  -0.47175
-0.15625  -0.401903
-0.03125  -0.388775
-0.09375  -0.469327
-0.0625  -0.255678
0.15625  -0.437141
0  -0.580536
-0.1875  -0.56826
0.03125  -0.393154
0  -0.46931
0.03125  -0.607785
0.125  -0.595633
-0.09375  -0.458335
-0.21875  -0.528607
-0.0625  -0.545206
-0.21875  -0.604678
-0.1875  -0.396946
0.03125  -0.419546
0.0625  -0.39147
0.0625  -0.486908
-0.15625  -0.552141
-0.03125  -0.567131
0.21875  -0.635223
-0.03125  -0.367525
-0.15625  -0.340577
-0.15625  -0.345779
-0.15625  -0.441729
0.09375  -0.349516
-0.1875  -0.288022
-0.0625  -0.249784
-0.0625  -0.438898
0.03125  -0.569509
0.15625  -0.307449
0  -0.67655
-0.03125  -0.228847
-0.125  -0.468788
-0.09375  -0.586087
0.03125  -0.205398
-0.0625  -0.214078
-0.03125  -0.394643
-0.25  -0.532154
0.125  -0.397909
0.03125  -0.403655
0.0625  -0.275907
0.25  -0.27525
-0.09375  -0.190872
-0.0625  -0.335166
0.03125  -0.494485
-0.09375  -0.510265
-0.21875  -0.324464
-0.0625  -0.500211
0.15625  -0.414246
0.0625  -0.398977
0.09375  -0.255935
-0.03125  -0.505462
-0.03125  -0.31153
-0.1875  -0.423208
0.09375  -0.242615
-0.0625  -0.507687
0  -0.685585
0.03125  -0.460795
0  -0.40306
0.0625  -0.448968
0.25  -0.308437
0.03125  -0.669616
-0.125  -0.447714
-0.3125  -0.34372
-0.25  -0.398252
0.09375  -0.191546
0.03125  -0.217547
-0.1875  -0.52612
-0.03125  -0.410466
-0.03125  -0.363243
-0.09375  -0.384725
-0.15625  -0.360248
-0.125  -0.403949
0.09375  -0.479801
0.15625  -0.596008
0.09375  -0.355983
-0.1875  -0.433647
0.0625  -0.476298
-0.03125  -0.395785
-0.15625  -0.523626
0.03125  -0.508096
-0.28125  -0.535174
0.25  -0.513361
-0.15625  -0.437821
0.25  -0.451259
0.0625  -0.412242
-0.0625  -0.36384
0  -0.469233
-0.125  -0.314005
-0.1875  -0.510732
0.15625  -0.310694
0  -0.247082
-0.21875  -0.382119
-0.03125  -0.461086
-0.15625  -0.182764
-0.0625  -0.258269
0.03125  -0.405116
-0.1875  -0.407205
0.0625  -0.431989
0  -0.396599
0.125  -0.257982
-0.125  -0.280332
-0.0625  -0.359741
-0.09375  -0.178843
0.125  -0.311875
0  -0.395808
-0.03125  -0.245165
-0.125  -0.586799
0.125  -0.306215
-0.03125  -0.181608
-0.03125  -0.457407
-0.03125  -0.28089
0  -0.620078
0.09375  -0.349887
0.0625  -0.446752
0.125  -0.412304
0.125  -0.416728
-0.03125  -0.42353
-0.28125  -0.48094
-0.09375  -0.40653
0.09375  -0.330746
0.0625  -0.466495
-0.15625  -0.183316
0.03125  -0.355749
0  -0.42175
-0.125  -0.305528
-0.03125  -0.544279
0  -0.51929
0  -0.379403
0.15625  -0.460561
-0.09375  -0.566247
-0.03125  -0.327622
-0.125  -0.570143
0.03125  -0.517722
0.09375  -0.384758
0.1875  -0.641329
0.0625  -0.289951
0.125  -0.384492
0  -0.528813
0  -0.2851
-0.125  -0.310178
-0.09375  -0.5079
-0.0625  -0.369644
-0.28125  -0.488356
-0.0625  -0.360522
0.125  -0.397185
-0.125  -0.15937
0.0625  -0.366973
0.125  -0.650767
0.21875  -0.239843
-0.125  -0.519284
0.03125  -0.30878
0  -0.482227
-0.0625  -0.504016
-0.09375  -0.330916
0.03125  -0.536561
-0.125  -0.291098
-0.1875  -0.294575
-0.03125  -0.426707
-0.03125  -0.528076
0  -0.51051
-0.03125  -0.488599
-0.03125  -0.48918
0.09375  -0.209481
-0.03125  -0.278896
-0.125  -0.325474
0.0625  -0.469652
0  -0.158114
0.15625  -0.310511
-0.0625  -0.459371
0.03125  -0.51211
-0.09375  -0.382825
-0.09375  -0.347023
-0.21875  -0.474135
-0.1875  -0.410627
-0.09375  -0.229265
-0.09375  -0.550664
0.1875  -0.62073
0.25  -0.288061
-0.03125  -0.394393
0  -0.375785
0.0625  -0.394313
0.03125  -0.669168
0.0625  -0.445168
-0.3125  -0.490842
-0.15625  -0.42643
0.03125  -0.396131
-0.0625  -0.43616
0.1875  -0.385705
0  -0.572634
-0.15625  -0.382047
0.125  -0.215181
0.0625  -0.531328
-0.03125  -0.498605
0.1875  -0.307114
0.21875  -0.628445
-0.25  -0.468212
-0.03125  -0.46209
-0.09375  -0.511598
-0.15625  -0.504278
0.03125  -0.637745
-0.0625  -0.382583
-0.0625  -0.448773
0.09375  -0.4954
0.125  -0.512113
0.15625  -0.505916
-0.15625  -0.179151
0.15625  -0.460463
0.15625  -0.359532
-0.15625  -0.470815
-0.0625  -0.308688
-0.28125  -0.288532
0.0625  -0.398415
0  -0.485848
0.21875  -0.262092
-0.28125  -0.554395
0.1875  -0.350539
0.3125  -0.504255
-0.0625  -0.373967
-0.15625  -0.528574
0.03125  -0.50105
0.21875  -0.282195
0.15625  -0.273092
0.03125  -0.364539
-0.03125  -0.481029
-0.15625  -0.577356
0.09375  -0.381532
0  -0.661557
-0.03125  -0.365782
0  -0.531682
0  -0.317072
-0.28125  -0.374867
-0.125  -0.643727
-0.125  -0.51171
0.1875  -0.357413
-0.09375  -0.422005
0.15625  -0.570841
-0.0625  -0.424968
-0.34375  -0.603557
0.0625  -0.298578
0  -0.437509
-0.03125  -0.420773
0.125  -0.379887
-0.0625  -0.480282
-0.0625  -0.410985
-0.0625  -0.383604
-0.125  -0.413908
-0.15625  -0.436397
-0.21875  -0.336909
0.0625  -0.247759
-0.1875  -0.273612
0.09375  -0.210569
0.09375  -0.381747
-0.5  -0.281275
0  -0.38745
0.03125  -0.605878
-0.03125  -0.608034
-0.0625  -0.417646
0.125  -0.323789
-0.25  -0.456851
0.125  -0.354829
-0.09375  -0.412967
0.09375  -0.703603
0.15625  -0.32626
0.21875  -0.372897
-0.15625  -0.472559
-0.09375  -0.636281
0  -0.357471
0.0625  -0.391767
0.3125  -0.620999
0.03125  -0.566505
-0.125  -0.632634
-0.28125  -0.631192
0.0625  -0.469183
0.09375  -0.4326
-0.25  -0.254051
0.125  -0.470744
0.03125  -0.209668
0.15625  -0.413595
-0.40625  -0.458429
-0.125  -0.636414
-0.125  -0.374545
-0.09375  -0.432355
-0.09375  -0.336182
0.03125  -0.518242
0.03125  -0.35189
0  -0.474907
-0.125  -0.17617
0.03125  -0.225885
-0.125  -0.183495
0.03125  -0.339497
0.125  -0.328943
-0.21875  -0.459642
0.03125  -0.303002
0.15625  -0.389852
-0.1875  -0.598404
0.0625  -0.422309
-0.0625  -0.399427
-0.09375  -0.570953
-0.09375  -0.303986
-0.0625  -0.422643
0.0625  -0.552283
0.09375  -0.561232
-0.0625  -0.255111
0.0625  -0.470325
0.125  -0.422575
-0.15625  -0.503757
0.21875  -0.532294
0.125  -0.351659
0.09375  -0.628584
-0.25  -0.214591
-0.03125  -0.307065
-0.0625  -0.387084
-0.3125  -0.486669
0.03125  -0.409589
0.03125  -0.425679
-0.09375  -0.295087
-0.1875  -0.3661
-0.125  -0.116242
0.15625  -0.451894
-0.0625  -0.318058
-0.1875  -0.462755
0.09375  -0.369056
0.125  -0.494632
0  -0.580061
-0.15625  -0.403526
-0.03125  -0.288704
0  -0.426477
-0.25  -0.290917
0.03125  -0.387322
0.125  -0.43959
0  -0.477972
0.03125  -0.40809
-0.03125  -0.515224
-0.09375  -0.528909
0.25  -0.254271
-0.1875  -0.510584
-0.03125  -0.49437
0.15625  -0.311684
-0.0625  -0.460796
0.09375  -0.481927
-0.1875  -0.390772
-0.125  -0.390718
0.15625  -0.481946
0  -0.365453
-0.125  -0.404906
-0.03125  -0.556306
-0.0625  -0.137873
0.1875  -0.315608
0.3125  -0.293924
0.09375  -0.287798
-0.09375  -0.436654
-0.03125  -0.481937
-0.0625  -0.325534
-0.21875  -0.412418
0.03125  -0.556747
0.25  -0.410989
0.125  -0.425613
-0.03125  -0.484177
0  -0.325891
0.0625  -0.201295
-0.15625  -0.45248
-0.0625  -0.207573
-0.03125  -0.50563
0  -0.342189
0.4375  -0.514705
0.03125  -0.526044
-0.25  -0.358173
-0.09375  -0.338189
0.125  -0.480818
0  -0.367177
0.15625  -0.303834
0.03125  -0.491186
0  -0.520874
0  -0.360658
-0.1875  -0.361044
-0.21875  -0.524855
0.125  -0.42323
-0.03125  -0.437281
-0.09375  -0.308329
0.03125  -0.344298
0.0625  -0.530622
-0.125  -0.634973
-0.15625  -0.508454
0.0625  -0.230509
0.28125  -0.3908
0.125  -0.461026
0.09375  -0.294168
0.09375  -0.439689
0.1875  -0.295177
0.03125  -0.534998
-0.09375  -0.496879
-0.09375  -0.488198
-0.28125  -0.598732
-0.125  -0.69349
-0.09375  -0.481793
-0.28125  -0.500737
0.09375  -0.494421
0.03125  -0.358813
-0.03125  -0.273887
-0.03125  -0.53954
0.03125  -0.460137
-0.03125  -0.342239
0.0625  -0.372428
-0.15625  -0.340983
0.1875  -0.646344
0.125  -0.765462
0.09375  -0.284006
-0.09375  -0.445591
0.15625  -0.386891
-0.21875  -0.504527
-0.15625  -0.28123
-0.0625  -0.139313
-0.1875  -0.557186
0.1875  -0.391127
-0.21875  -0.186474
0  -0.439241
-0.03125  -0.420702
0  -0.48238
-0.0625  -0.211272
-0.03125  -0.433486
-0.125  -0.560511
-0.0625  -0.416141
0.0625  -0.236942
0.09375  -0.543926
0.03125  -0.56562
-0.0625  -0.451267
-0.09375  -0.162847
0.09375  -0.162857
-0.03125  -0.42447
-0.15625  -0.426826
-0.03125  -0.444095
0.1875  -0.520964
-0.125  -0.542629
0.15625  -0.432073
0.28125  -0.292901
0.15625  -0.459913
0.125  -0.473
0.09375  -0.388113
0.03125  -0.461981
0.0625  -0.325649
0.09375  -0.339151
0.15625  -0.41991
-0.0625  -0.447844
-0.03125  -0.544878
0.15625  -0.226078
-0.125  -0.301836
0.34375  -0.366003
0.0625  -0.319531
0.03125  -0.597927
-0.09375  -0.464869
0.09375  -0.571113
-0.03125  -0.422056
0.125  -0.510503
0.09375  -0.304432
0.34375  -0.362555
0.09375  -0.496403
-0.03125  -0.455541
-0.09375  -0.405906
0.03125  -0.623762
-0.15625  -0.433485
0.03125  -0.541574
0.25  -0.268367
0.03125  -0.439737
0.03125  -0.373286
0.125  -0.402739
0.03125  -0.612424
0.21875  -0.377086
0  -0.461682
0.15625  -0.201673
0.09375  -0.571307
0.09375  -0.5189
-0.03125  -0.249202
0.0625  -0.523652
0.21875  -0.479891
-0.1875  -0.280558
-0.03125  -0.543143
-0.125  -0.677956
0.03125  -0.460847
-0.25  -0.322185
0.03125  -0.476789
0.0625  -0.594345
-0.09375  -0.508882
0.125  -0.382212
0  -0.487289
-0.21875  -0.707686
-0.0625  -0.520277
-0.09375  -0.272506
-0.1875  -0.259058
-0.125  -0.373326
-0.0625  -0.408119
0.0625  -0.646203
-0.25  -0.367898
0.09375  -0.418323
-0.125  -0.61626
0.125  -0.533747
-0.15625  -0.227245
0.03125  -0.423804
0.125  -0.448113
-0.125  -0.363125
0.0625  -0.377558
0.375  -0.31822
0.125  -0.262351
-0.25  -0.226222
0  -0.536487
0.1875  -0.569615
-0.03125  -0.390687
-0.0625  -0.442957
0.0625  -0.430338
0.125  -0.506949
0.03125  -0.521538
0  -0.547463
0.25  -0.510605
0.1875  -0.495272
-0.03125  -0.556714
0.125  -0.441536
-0.0625  -0.450103
0.21875  -0.475667
0.09375  -0.18824
0.0625  -0.454772
-0.28125  -0.270354
-0.0625  -0.252448
0.125  -0.502935
0.125  -0.532076
-0.09375  -0.52872
-0.15625  -0.459075
0.03125  -0.368101
-0.0625  -0.414818
-0.0625  -0.350156
-0.1875  -0.241206
-0.15625  -0.403776
0.125  -0.710525
0.03125  -0.42342
0.09375  -0.263047
-0.09375  -0.34599
-0.09375  -0.576291
-0.21875  -0.647645
-0.125  -0.490436
-0.0625  -0.478868
0.125  -0.55598
0.1875  -0.417064
-0.15625  -0.130256
0.15625  -0.40876
0.09375  -0.372879
-0.28125  -0.41859
0.03125  -0.441679
0  -0.298807
0.125  -0.433214
0  -0.546509
-0.09375  -0.406336
-0.09375  -0.410537
0.0625  -0.372551
0.21875  -0.325517
-0.09375  -0.270261
-0.15625  -0.360843
-0.0625  -0.63377
-0.15625  -0.577227
-0.0625  -0.424822
0.09375  -0.732812
0  -0.286852
-0.0625  -0.21909
-0.1875  -0.360679
-0.03125  -0.360603
-0.125  -0.322082
0.15625  -0.602559
-0.03125  -0.47469
0.09375  -0.364105
0.3125  -0.49608
-0.0625  -0.202636
0  -0.413076
0.03125  -0.558379
0.03125  -0.324172
0.125  -0.267393
0  -0.521702
0  -0.539423
0.1875  -0.42333
-0.0625  -0.148041
-0.03125  -0.480329
-0.1875  -0.405034
-0.15625  -0.353955
0.1875  -0.543675
0.0625  -0.507324
-0.15625  -0.119322
-0.125  -0.485244
-0.125  -0.515209
-0.09375  -0.411147
-0.0625  -0.522604
0.0625  -0.511891
0  -0.394671
-0.03125  -0.368059
-0.03125  -0.450397
-0.03125  -0.470662
-0.03125  -0.186946
-0.15625  -0.289871
0.15625  -0.193858
0.125  -0.525146
-0.15625  -0.480029
0.1875  -0.301565
-0.25  -0.411312
0.03125  -0.140466
-0.21875  -0.578512
-0.15625  -0.355088
0.09375  -0.533485
0.125  -0.363942
0.0625  -0.473506
-0.28125  -0.389222
0.28125  -0.438305
0.03125  -0.341346
0.25  -0.651857
-0.09375  -0.504295
-0.0625  -0.530603
0.03125  -0.547578
-0.125  -0.446999
-0.28125  -0.328078
-0.03125  -0.514034
0.21875  -0.453265
0.125  -0.529357
-0.03125  -0.332131
0.09375  -0.288958
-0.0625  -0.556815
-0.0625  -0.433369
0.0625  -0.425405
0.0625  -0.337937
-0.125  -0.435426
-0.125  -0.618577
-0.0625  -0.455663
0.03125  -0.505353
0.125  -0.283443
0  -0.392926
-0.125  -0.248002
0.15625  -0.442544
-0.15625  -0.431972
0.125  -0.315945
0.09375  -0.0411786
-0.25  -0.586933
-0.0625  -0.399498
-0.125  -0.542174
-0.1875  -0.408068
-0.0625  -0.275954
-0.03125  -0.404909
0.0625  -0.328192
-0.03125  -0.425339
0  -0.44637
-0.09375  -0.486744
0.09375  -0.601127
0.03125  -0.554495
0.21875  -0.632794
0.0625  -0.439139
-0.15625  -0.408696
0.03125  -0.400957
0.0625  -0.513358
0.1875  -0.271373
0.125  -0.406863
0.09375  -0.342199
0.21875  -0.479383
-0.125  -0.462444
0.0625  -0.357203
-0.15625  -0.212412
0.0625  -0.229858
0.1875  -0.393165
-0.0625  -0.551873
0  -0.562622
-0.34375  -0.403352
-0.375  -0.50082
-0.09375  -0.339962
-0.09375  -0.487444
0.09375  -0.429555
0.15625  -0.31187
0.09375  -0.285636
-0.03125  -0.424214
0.03125  -0.355701
0.125  -0.550925
-0.09375  -0.455584
-0.03125  -0.403107
-0.0625  -0.474206
-0.0625  -0.404971
0.1875  -0.591422
-0.125  -0.539455
-0.0625  -0.404336
0.125  -0.31863
-0.21875  -0.543426
-0.09375  -0.255113
0.0625  -0.426113
-0.0625  -0.0309015
0.1875  -0.380288
-0.03125  -0.368216
0  -0.474426
-0.0625  -0.516847
0.21875  -0.550752
0.03125  -0.28835
0.125  -0.429577
0  -0.339228
-0.0625  -0.316783
0.03125  -0.400231
0.0625  -0.541287
-0.15625  -0.190519
0.125  -0.272475
-0.0625  -0.451811
0.1875  -0.426293
0.03125  -0.512757
-0.21875  -0.24842
0.15625  -0.440207
-0.125  -0.645899
0.03125  -0.334567
-0.0625  -0.398124
-0.09375  -0.622566
0  -0.763173
0.21875  -0.552011
0.09375  -0.517274
-0.03125  -0.632042
0.0625  -0.265627
0.0625  -0.552049
-0.21875  -0.460571
-0.3125  -0.498233
-0.03125  -0.520785
0.0625  -0.411585
0.0625  -0.597865
0.1875  -0.42567
-0.03125  -0.426584
-0.03125  -0.520185
-0.03125  -0.355545
-0.09375  -0.345604
-0.1875  -0.338937
-0.09375  -0.267291
-0.0625  -0.3146
0.15625  -0.518327
0.03125  -0.39391
0.03125  -0.438096
0.21875  -0.411841
0.1875  -0.248289
0  -0.48785
0  -0.546592
-0.03125  -0.62225
-0.0625  -0.502284
-0.03125  -0.236859
0  -0.424389
-0.0625  -0.321457
0.125  -0.331323
0.15625  -0.129564
-0.0625  -0.502722
0.1875  -0.550502
0  -0.392701
0.03125  -0.657147
0.1875  -0.155406
-0.03125  -0.136476
-0.1875  -0.416681
0  -0.530316
-0.125  -0.510985
0  -0.505121
-0.09375  -0.618114
0.09375  -0.387795
0  -0.461611
0.0625  -0.393936
0.125  -0.409886
-0.125  -0.385937
0.125  -0.474671
0.03125  -0.424914
-0.0625  -0.390749
-0.09375  -0.554007
-0.0625  -0.443632
0  -0.501256
-0.09375  -0.191468
-0.125  -0.245832
0  -0.477833
0  -0.377382
-0.15625  -0.185616
-0.21875  -0.514827
0.25  -0.582332
0.0625  -0.657485
-0.09375  -0.657641
0.125  -0.483088
0.15625  -0.537843
-0.09375  -0.393768
0.09375  -0.511789
0.0625  -0.391712
0.15625  -0.316393
0.125  -0.409232
-0.09375  -0.529424
0.09375  -0.530583
-0.25  -0.220099
0.15625  -0.615983
0.03125  -0.434676
-0.1875  -0.407186
0.03125  -0.255176
-0.125  -0.5101
-0.0625  -0.502085
-0.15625  -0.337135
0.09375  -0.3746
0.21875  -0.449104
-0.09375  -0.314883
-0.09375  -0.276864
0.15625  -0.461082
0.125  -0.376053
-0.0625  -0.35044
0.03125  -0.215244
0.0625  -0.245534
-0.03125  -0.47191
-0.15625  -0.480085
-0.09375  -0.467807
0.0625  -0.797365
0.25  -0.438772
-0.15625  -0.539127
-0.03125  -0.245379
0.03125  -0.259921
-0.1875  -0.456993
0.03125  -0.438297
-0.1875  -0.43006
-0.03125  -0.526511
-0.15625  -0.308729
-0.03125  -0.422102
-0.125  -0.439604
-0.03125  -0.354749
0.125  -0.457106
0.15625  -0.465122
0.09375  -0.21503
0.125  -0.310774
0.0625  -0.346383
0.03125  -0.447653
0.03125  -0.46081
0  -0.399304
0.125  -0.335711
0.03125  -0.316112
-0.0625  -0.358134
0.4375  -0.432772
-0.09375  -0.477517
-0.0625  -0.199868
-0.15625  -0.393039
0.09375  -0.255369
-0.09375  -0.421271
0.125  -0.422339
0.03125  -0.632015
0  -0.424662
-0.21875  -0.503334
-0.03125  -0.416823
0.15625  -0.323751
-0.03125  -0.193379
0  -0.602015
-0.03125  -0.445664
-0.125  -0.307457
-0.09375  -0.413405
-0.0625  -0.518292
0  -0.319327
0.1875  -0.386725
0.09375  -0.384124
0.1875  -0.445313
0.125  -0.459142
0  -0.462486
-0.0625  -0.393639
-0.03125  -0.350388
0.09375  -0.315803
-0.0625  -0.43916
0.125  -0.663407
0  -0.466102
0.03125  -0.402328
0.21875  -0.0219519
-0.03125  -0.521305
0.125  -0.152786
-0.21875  -0.465102
-0.03125  -0.534484
0.0625  -0.401975
0.09375  -0.675436
-0.09375  -0.353441
0.03125  -0.540559
-0.15625  -0.36405
-0.09375  -0.188378
-0.0625  -0.24477
0.0625  -0.428936
0.1875  -0.400432
-0.03125  -0.519963
0.34375  -0.335316
0  -0.540018
-0.03125  -0.540363
0.09375  -0.383619
-0.15625  -0.475242
0.15625  -0.288883
0.1875  -0.323806
-0.03125  -0.452784
-0.15625  -0.269542
-0.0625  -0.188435
0.03125  -0.267631
-0.09375  -0.504129
-0.09375  -0.420245
0.03125  -0.284647
-0.125  -0.347701
-0.0625  -0.26669
-0.09375  -0.581391
-0.09375  -0.36899
0.28125  -0.304201
-0.03125  -0.381145
0.3125  -0.106797
0.09375  -0.399425
0.15625  -0.238309
-0.0625  -0.497206
-0.0625  -0.336043
0.03125  -0.335694
0.125  -0.444537
0.09375  -0.381684
0  -0.478212
0.0625  -0.475047
0.0625  -0.260132
0.09375  -0.210114
0.125  -0.254907
0.21875  -0.479042
0  -0.295641
-0.03125  -0.302004
0.09375  -0.320353
0  -0.488285
0.03125  -0.442087
-0.03125  -0.289083
-0.03125  -0.36766
-0.0625  -0.475147
-0.125  -0.560928
-0.03125  -0.476435
0  -0.407373
0.15625  -0.521837
0.0625  -0.494099
-0.125  -0.567237
0.125  -0.297574
0.09375  -0.444055
-0.09375  -0.489591
-0.0625  -0.404519
-0.125  -0.340482
0.09375  -0.63484
0.125  -0.332096
0  -0.333659
-0.125  -0.146735
0.09375  -0.329137
0.0625  -0.435084
-0.125  -0.151645
0.0625  -0.476367
0.0625  -0.388373
-0.125  -0.331958
-0.0625  -0.301885
0.125  -0.279297
0.03125  -0.313123
0.1875  -0.402978
0.0625  -0.429929
0.0625  -0.450411
-0.0625  -0.371699
0.125  -0.184692
-0.03125  -0.313492
0  -0.400896
0.0625  -0.480829
-0.3125  -0.566508
-0.125  -0.631153
0.09375  -0.484566
0.09375  -0.54744
0.03125  -0.456846
0  -0.433221
-0.0625  -0.58594
0  -0.387025
0.15625  -0.523431
0.34375  -0.352047
0.1875  -0.617054
0  -0.307829
-0.125  -0.37928
0.03125  -0.466596
0.1875  -0.244973
0  -0.490062
0.15625  -0.261541
0.03125  -0.229949
0.03125  -0.560851
-0.1875  -0.451469
-0.21875  -0.258191
0.15625  -0.522
0  -0.471609
-0.09375  -0.536236
-0.125  -0.678513
-0.03125  -0.0852764
-0.09375  -0.457426
0.125  -0.34351
-0.21875  -0.408944
0.0625  -0.166162
0.125  -0.184331
-0.25  -0.413494
-0.15625  -0.482112
-0.15625  -0.275957
0.1875  -0.204124
0.09375  -0.485463
-0.15625  -0.545997
-0.09375  -0.604181
0.0625  -0.354552
0.03125  -0.479942
-0.0625  -0.458488
0.125  -0.453351
-0.03125  -0.536391
-0.125  -0.404382
0  -0.667248
0.09375  -0.432158
-0.03125  -0.498478
-0.09375  -0.485636
0.21875  -0.388898
-0.15625  -0.517317
0.1875  -0.272013
-0.0625  -0.575804
-0.09375  -0.358265
-0.03125  -0.46506
-0.25  -0.406314
-0.0625  -0.514489
-0.03125  -0.535834
-0.15625  -0.40128
-0.15625  -0.323352
0.0625  -0.49626
-0.1875  -0.46013
0  -0.481011
0.125  -0.436618
0.3125  -0.450168
0.0625  -0.457813
0.25  -0.562971
-0.125  -0.522683
0  -0.455039
-0.03125  -0.506265
-0.1875  -0.357633
0.03125  -0.504156
0  -0.47371
-0.09375  -0.462874
0.03125  -0.406052
0.09375  -0.531981
0.0625  -0.440348
0.03125  -0.554461
0.09375  -0.312598
-0.03125  -0.382372
-0.0625  -0.234289
-0.03125  -0.263156
0.125  -0.408091
-0.03125  -0.301452
0.03125  -0.366692
0.34375  -0.399122
0.0625  -0.465451
0.09375  -0.519943
0.15625  -0.26437
0.15625  -0.487923
-0.0625  -0.511012
-0.125  -0.523166
0.125  -0.52276
0.125  -0.340403
-0.09375  -0.352956
0.25  -0.650783
-0.21875  -0.418608
0.0625  -0.535983
0.15625  -0.33844
0.25  -0.40106
-0.0625  -0.296788
-0.0625  -0.336156
-0.03125  -0.369741
-0.09375  -0.404257
0  -0.30515
-0.03125  -0.371724
0.25  -0.296957
-0.125  -0.41281
-0.03125  -0.368459
-0.0625  -0.429514
-0.21875  -0.549126
0.15625  -0.507208
0  -0.55341
0.03125  -0.579792
-0.1875  -0.508082
0.1875  -0.29222
0.09375  -0.318063
-0.09375  -0.623801
0.21875  -0.45401
0  -0.524561
0.125  -0.342524
-0.1875  -0.172513
-0.15625  -0.424718
-0.21875  -0.4273
-0.3125  -0.283015
-0.03125  -0.310085
-0.1875  -0.176904
0.0625  -0.24958
0.0625  -0.339557
0.15625  -0.541824
-0.28125  -0.446604
0.125  -0.436684
-0.0625  -0.418629
0.1875  -0.380469
0.0625  -0.315056
0.15625  -0.316329
0  -0.534728
-0.15625  -0.387775
-0.15625  -0.450078
0.09375  -0.226392
0.09375  -0.444834
0.03125  -0.405591
0.0625  -0.340863
0.03125  -0.347658
0  -0.559477
0.03125  -0.0156445
0.1875  -0.645699
0.0625  -0.485544
0.0625  -0.28076
0.0625  -0.299651
-0.1875  -0.307007
-0.0625  -0.313504
-0.15625  -0.504734
0.03125  -0.403692
0.09375  -0.434917
0.0625  -0.655304
-0.0625  -0.3485
0.0625  -0.623564
-0.1875  -0.256563
0.25  -0.512147
-0.09375  -0.235678
0.28125  -0.210007
-0.125  -0.265635
-0.0625  -0.498067
-0.0625  -0.457577
-0.0625  -0.542285
-0.0625  -0.360066
0.125  -0.360937
0.03125  -0.470512
0.1875  -0.483258
-0.03125  -0.288945
-0.28125  -0.395051
0.03125  -0.382117
0.25  -0.52496
0.15625  -0.542471
-0.0625  -0.451101
0.03125  -0.345754
-0.0625  -0.425648
0.15625  -0.539748
0.03125  -0.336896
0.09375  -0.272983
0.21875  -0.385667
0.03125  -0.408234
0.125  -0.264618
0.0625  -0.223775
0.03125  -0.329034
-0.03125  -0.175372
0.09375  -0.368088
0.03125  -0.267363
-0.125  -0.4768
0  -0.564145
-0.15625  -0.0798441
0.03125  -0.443858
0.09375  -0.444195
0.15625  -0.646088
-0.15625  -0.375574
-0.25  -0.438281
-0.03125  -0.392623
0.125  -0.419756
-0.25  -0.372193
0  -0.320946
-0.125  -0.426727
-0.1875  -0.289634
0.125  -0.519081
-0.09375  -0.420419
-0.03125  -0.421451
-0.125  -0.522268
0.09375  -0.431908
-0.25  -0.172627
-0.0625  -0.461701
0.03125  -0.340112
0.15625  -0.268777
0.03125  -0.318634
0.1875  -0.252063
0  -0.397632
0.1875  -0.225992
-0.03125  -0.511423
-0.03125  -0.327962
-0.15625  -0.378485
0.0625  -0.311487
0.0625  -0.165792
-0.21875  -0.363149
0.09375  -0.322332
0  -0.492512
0  -0.175608
-0.03125  -0.407419
0.03125  -0.598699
-0.0625  -0.625235
0  -0.113417
-0.0625  -0.504468
0.03125  -0.447321
-0.28125  -0.381756
0.125  -0.470326
-0.3125  -0.5591
0.1875  -0.545675
0.0625  -0.345288
0  -0.490726
-0.15625  -0.122781
0.0625  -0.457956
-0.3125  -0.370604
-0.1875  -0.419647
-0.28125  -0.564211
0  -0.136749
0.03125  -0.426287
0.03125  -0.294715
-0.3125  -0.396376
-0.03125  -0.454054
0.0625  -0.394519
-0.125  -0.365914
0.09375  -0.279075
0.03125  -0.583446
-0.1875  -0.385032
0.0625  -0.462817
-0.09375  -0.403568
-0.03125  -0.00156123
-0.03125  -0.429342
-0.0625  -0.515972
-0.0625  -0.41145
0.09375  -0.572292
-0.09375  -0.312419
0.09375  -0.499454
-0.21875  -0.385548
-0.25  -0.51187
0.1875  -0.260767
-0.15625  -0.286993
-0.125  -0.392424
0.03125  -0.243532
-0.0625  -0.136222
0.03125  -0.439831
0.0625  -0.341102
-0.09375  -0.423905
0.125  -0.243151
-0.21875  -0.472769
0.125  -0.446562
0.03125  -0.391908
-0.09375  -0.242878
-0.09375  -0.587183
0.03125  -0.4688
0.125  -0.50189
0  -0.389433
0.09375  -0.445341
-0.09375  -0.371222
0.09375  -0.53639
0.0625  -0.420617
0.03125  -0.569523
0.09375  -0.380386
-0.09375  -0.467777
0.0625  -0.187829
-0.0625  -0.345426
-0.21875  -0.26353
-0.03125  -0.444923
-0.0625  -0.514286
-0.1875  -0.241183
-0.21875  -0.357159
-0.21875  -0.348573
-0.25  -0.338453
-0.09375  -0.313618
0  -0.367058
-0.09375  -0.377219
0.28125  -0.351966
0.0625  -0.389568
0.09375  -0.281268
-0.0625  -0.364795
-0.15625  -0.377546
0.09375  -0.30581
-0.09375  -0.403851
0.28125  -0.34553
-0.03125  -0.397317
0.0625  -0.288981
0.0625  -0.437074
0.0625  -0.419547
0.03125  -0.417914
-0.28125  -0.465289
0.0625  -0.294479
0.03125  -0.389357
0  -0.250458
-0.0625  -0.358489
-0.0625  -0.551164
-0.03125  -0.332062
-0.03125  -0.499083
0.1875  -0.299935
-0.1875  -0.46069
0.03125  -0.119606
-0.03125  -0.458774
-0.09375  -0.242557
0.0625  -0.234676
-0.1875  -0.158231
0.03125  -0.627771
0.1875  -0.375369
-0.21875  -0.450525
0.1875  -0.453272
0.125  -0.302919
0.0625  -0.35106
-0.09375  -0.524748
-0.28125  -0.520561
0.1875  -0.274468
0.0625  -0.36165
-0.0625  -0.128282
-0.09375  -0.521137
0.15625  -0.226072
0.0625  -0.375234
0  -0.362283
0.15625  -0.593418
-0.0625  -0.38608
-0.0625  -0.285918
0.09375  -0.338301
0.125  -0.585975
0  -0.263967
-0.09375  -0.462351
0.0625  -0.260826
-0.125  -0.676265
0.125  -0.445863
-0.09375  -0.215824
0  -0.532279
-0.03125  -0.488694
0.15625  -0.288984
0.09375  -0.472286
0  -0.290611
0.03125  -0.51705
0.03125  -0.41509
-0.125  -0.204935
-0.09375  -0.392268
0.03125  -0.531488
-0.0625  -0.683202
0.1875  -0.345334
-0.125  -0.394272
-0.03125  -0.420646
0.09375  -0.413724
-0.03125  -0.297472
0.03125  -0.325803
0.125  -0.440782
0.0625  -0.579705
-0.125  -0.215728
0.125  -0.505632
-0.03125  -0.406863
0.15625  -0.523816
0.09375  -0.353044
0.125  -0.339618
-0.28125  -0.735793
-0.125  -0.435335
-0.0625  -0.384021
0.09375  -0.39202
0.125  -0.255643
-0.125  -0.395619
0.03125  -0.390382
-0.21875  -0.279842
0  -0.506225
0.0625  -0.429375
0  -0.359959
0.28125  -0.475962
-0.15625  -0.585414
-0.1875  -0.620272
0.03125  -0.182401
-0.09375  -0.447432
0.09375  -0.459327
0  -0.107274
-0.15625  -0.56232
-0.15625  -0.39522
0.0625  -0.573543
0  -0.420405
-0.03125  -0.537111
-0.03125  -0.223087
-0.0625  -0.332429
-0.0625  -0.482378
0.125  -0.317699
-0.0625  -0.353786
0.0625  -0.458915
0.09375  -0.40907
-0.125  -0.423303
-0.1875  -0.284191
-0.0625  -0.247434
0.125  -0.442409
0.21875  -0.20228
0.15625  -0.573876
0.125  -0.442108
0.0625  -0.402315
0.125  -0.423629
-0.09375  -0.397986
0.03125  -0.421596
-0.09375  -0.338978
-0.125  -0.447956
0.0625  -0.446374
-0.0625  -0.559405
-0.15625  -0.403719
0.125  -0.350022
-0.03125  -0.418767
0  -0.33461
0.0625  -0.491202
-0.03125  -0.332988
-0.125  -0.448374
0.0625  -0.283088
-0.09375  -0.37944
-0.03125  -0.324701
-0.09375  -0.280976
0.03125  -0.353775
-0.0625  -0.249878
0  -0.492637
-0.0625  -0.463424
-0.09375  -0.13718
0.03125  -0.432328
-0.0625  -0.53029
0.03125  -0.617266
-0.125  -0.618388
-0.0625  -0.4713
0.03125  -0.373664
0  -0.177201
-0.1875  -0.404896
0.28125  -0.558249
0.03125  -0.435587
-0.03125  -0.512127
-0.125  -0.393662
0.15625  -0.174554
0.125  -0.461784
0.09375  -0.326185
-0.0625  -0.319686
0.03125  -0.436687
0  -0.60331
0  -0.383821
-0.03125  -0.402219
-0.0625  -0.317606
0.03125  -0.262363
0  -0.422439
-0.09375  -0.488886
0  -0.526344
0.0625  -0.594041
0.15625  -0.360544
-0.15625  -0.27025
0.09375  -0.464779
-0.0625  -0.622635
0.125  -0.310352
0.09375  -0.247108
-0.09375  -0.536351
0  -0.338813
-0.09375  -0.411875
0.09375  -0.414769
-0.0625  -0.401327
0.09375  -0.581891
0.21875  -0.323425
0  -0.43357
0.03125  -0.432532
0.125  -0.420907
-0.03125  -0.374062
-0.03125  -0.415431
0  -0.352742
-0.03125  -0.445154
0.09375  -0.417965
-0.125  -0.499284
0.09375  -0.342156
0.03125  -0.464191
-0.15625  -0.517872
0  -0.283647
-0.0625  -0.359728
0.03125  -0.444902
0.0625  -0.317444
-0.03125  -0.335089
0.0625  -0.324318
-0.15625  -0.395981
-0.09375  -0.403123
0.15625  -0.452776
-0.15625  -0.468283
-0.15625  -0.442636
0.25  -0.437848
0.03125  -0.489099
0  -0.447108
-0.09375  -0.478281
0.0625  -0.390554
0.03125  -0.443648
-0.0625  -0.381607
-0.15625  -0.450266
0  -0.425727
0.09375  -0.452809
0.125  -0.398616
0.15625  -0.55076
0.1875  -0.226824
0.09375  -0.375222
-0.0625  -0.239973
-0.03125  -0.354392
-0.125  -0.446139
0  -0.310029
0.34375  -0.465867
0.0625  -0.359264
-0.03125  -0.307858
0.03125  -0.367513
-0.09375  -0.327269
0.09375  -0.37351
0.15625  -0.408479
0.125  -0.301022
0.125  -0.347026
-0.03125  -0.38767
0.15625  -0.441756
0.34375  -0.470549
0  -0.463954
-0.03125  -0.463652
-0.1875  -0.38139
0.09375  -0.544401
-0.03125  -0.573553
-0.03125  -0.411775
-0.1875  -0.371724
-0.125  -0.191226
0.15625  -0.284213
0.25  -0.473409
-0.0625  -0.435637
-0.1875  -0.33621
-0.09375  -0.366737
-0.09375  -0.632401
-0.1875  -0.437628
0  -0.546952
-0.09375  -0.483183
-0.03125  -0.17784
-0.125  -0.344929
-0.125  -0.284485
-0.03125  -0.562998
-0.09375  -0.218918
-0.03125  -0.296476
0  -0.559732
-0.0625  -0.113309
0.125  -0.472919
0  -0.403788
0.0625  -0.316516
0.03125  -0.510636
-0.0625  -0.28534
0.03125  -0.489242
-0.15625  -0.341084
0.09375  -0.286104
-0.09375  -0.531202
-0.0625  -0.462673
0.03125  -0.532582
-0.0625  -0.271094
-0.21875  -0.424067
0  -0.322025
-0.125  -0.267168
-0.125  -0.361635
0.125  -0.504102
0  -0.49747
0.09375  -0.437483
0.03125  -0.460653
0.09375  -0.343196
-0.0625  -0.42263
0.09375  -0.276404
0  -0.440953
0.21875  -0.293298
0.125  -0.475357
0  -0.204187
-0.125  -0.473705
0.03125  -0.472095
0  -0.355458
0.03125  -0.343539
0  -0.401675
-0.1875  -0.368086
-0.03125  -0.418863
-0.15625  -0.474782
-0.03125  -0.443869
-0.125  -0.291516
-0.15625  -0.378396
0.15625  -0.330313
0.21875  -0.423358
-0.15625  -0.146895
-0.0625  -0.504605
-0.15625  -0.413987
-0.125  -0.385633
-0.125  -0.420182
-0.0625  -0.631698
-0.25  -0.53798
-0.1875  -0.48478
-0.03125  -0.377779
-0.03125  -0.544481
0.03125  -0.264998
-0.0625  -0.463251
0.03125  -0.490565
0.09375  -0.298641
0  -0.282935
0.09375  -0.222682
0.03125  -0.309904
-0.09375  -0.326711
-0.03125  -0.437283
0  -0.518855
-0.0625  -0.341886
0.28125  -0.299817
0.1875  -0.534251
0.15625  -0.456154
0.21875  -0.224977
-0.03125  -0.363176
0.1875  -0.43691
0.21875  -0.572517
-0.1875  -0.35059
0.03125  -0.389633
0.21875  -0.419827
0.03125  -0.484117
-0.0625  -0.414061
0.09375  -0.279048
-0.0625  -0.242152
-0.1875  -0.42804
-0.09375  -0.595669
0.21875  -0.557668
-0.03125  -0.34436
0.125  -0.611134
0.09375  -0.172742
0.09375  -0.326388
0.09375  -0.281885
0.0625  -0.346827
0.1875  -0.541903
0  -0.475971
0.03125  -0.041812
0.03125  -0.641348
-0.03125  -0.231335
-0.0625  -0.455154
0.03125  -0.394046
-0.03125  -0.48015
-0.125  -0.34637
0  -0.427743
0.125  -0.584735
0.25  -0.179757
-0.0625  -0.361292
0.0625  -0.501011
-0.125  -0.301458
-0.125  -0.272187
0.21875  -0.205201
0.3125  -0.4292
0.15625  -0.299966
-0.09375  -0.437984
0.21875  -0.325351
0  -0.381194
0.15625  -0.464213
0.0625  -0.39083
0.15625  -0.151479
0.15625  -0.451284
-0.15625  -0.335774
0.125  -0.431942
-0.125  -0.427484
0.09375  -0.463738
0.0625  -0.382325
0.15625  -0.260332
-0.125  -0.14174
0.125  -0.458967
0.03125  -0.446058
-0.09375  -0.275636
0  -0.296157
-0.03125  -0.50891
-0.125  -0.35279
-0.0625  -0.533241
0.1875  -0.489465
0.0625  -0.223469
-0.25  -0.367675
-0.0625  -0.407176
-0.03125  -0.484836
0.21875  -0.463249
-0.25  -0.284429
0.125  -0.4648
0.03125  -0.289857
0.03125  -0.292947
0  -0.20905
0.125  -0.537756
0  -0.249776
-0.3125  -0.52238
0  -0.467633
-0.0625  -0.482847
-0.15625  -0.12543
0  -0.519092
0.15625  -0.515213
0.21875  -0.381792
-0.03125  -0.385979
-0.0625  -0.226844
-0.03125  -0.27788
-0.03125  -0.423194
-0.21875  -0.368503
0  -0.51513
0  -0.488471
0.0625  -0.383811
0.1875  -0.404741
-0.09375  -0.368909
-0.09375  -0.605225
-0.03125  -0.275643
-0.15625  -0.450644
-0.125  -0.528449
0.125  -0.239927
-0.1875  -0.397
-0.28125  -0.525305
-0.0625  -0.411479
0.125  -0.526938
0.0625  -0.258868
-0.03125  -0.536838
-0.03125  -0.427227
0  -0.388422
-0.1875  -0.286184
0.09375  -0.414657
0.03125  -0.136656
0.21875  -0.0671692
0.0625  -0.184012
-0.0625  -0.541711
0.15625  -0.454721
-0.15625  -0.330575
-0.03125  -0.545042
-0.0625  -0.457188
0.15625  -0.169167
-0.125  -0.283012
-0.0625  -0.387216
-0.125  -0.568779
0.0625  -0.642612
-0.09375  -0.254751
0  -0.327031
-0.0625  -0.189862
0.03125  -0.512261
0.09375  -0.495542
0.21875  -0.307434
0.03125  -0.446324
-0.28125  -0.487521
0.09375  -0.383441
0.1875  -0.558432
0.1875  -0.438373
0  -0.525523
0.09375  -0.421673
-0.125  -0.226139
0.09375  -0.517877
-0.34375  -0.399069
0.03125  -0.418407
0.0625  -0.581146
0.0625  -0.368062
0.15625  -0.302529
-0.1875  -0.355139
0.03125  -0.452515
0.09375  -0.301589
-0.09375  -0.426674
0.1875  -0.49092
-0.0625  -0.535524
-0.03125  -0.366885
0.0625  -0.301261
-0.03125  -0.204084
-0.1875  -0.426196
-0.25  -0.60734
0.125  -0.338984
-0.03125  -0.280537
0.1875  -0.478604
-0.125  -0.442512
0.1875  -0.294978
-0.0625  -0.403376
0.09375  -0.349435
-0.09375  -0.309774
-0.25  -0.563196
0  -0.289039
-0.125  -0.155538
0.03125  -0.553374
-0.03125  -0.432581
-0.21875  -0.398992
-0.03125  -0.37044
0.25  -0.41395
0.0625  -0.23066
0.15625  -0.593053
0  -0.294486
0.03125  -0.292069
-0.0625  -0.618808
0.0625  -0.426983
-0.03125  -0.627779
0.03125  -0.403126
-0.0625  -0.245292
-0.09375  -0.158203
0  -0.403813
0.09375  -0.269377
0  -0.583932
-0.03125  -0.288943
-0.09375  -0.368266
-0.0625  -0.641799
0.34375  -0.286393
0.03125  -0.482284
-0.0625  -0.400251
0  -0.433093
0.125  -0.382918
0.1875  -0.677958
0.15625  -0.468704
0.125  -0.512319
0.28125  -0.307853
0.0625  -0.426286
0  -0.503578
0.125  -0.435006
0  -0.456053
0.125  -0.17041
-0.09375  -0.631727
0.1875  -0.578125
0.0625  -0.317094
0.09375  -0.233979
0.03125  -0.526519
0.1875  -0.473797
-0.125  -0.44729
-0.03125  -0.496436
0.09375  -0.611792
0.125  -0.484508
0.0625  -0.451951
0.0625  -0.425664
-0.0625  -0.355891
0.03125  -0.541675
-0.03125  -0.336698
0  -0.501057
-0.125  -0.448546
-0.0625  -0.56818
0.0625  -0.396367
0  -0.521504
0  -0.221157
0.09375  -0.238248
-0.09375  -0.499525
0.21875  -0.416536
0.125  -0.459303
0  -0.584963
0.03125  -0.382514
0.09375  -0.663535
-0.03125  -0.563693
-0.125  -0.360882
0.09375  -0.323394
0.1875  -0.379001
0.0625  -0.36424
-0.15625  -0.491102
-0.1875  -0.463679
0  -0.518741
0.03125  -0.379189
-0.1875  -0.341917
0.125  -0.354203
0.09375  -0.384072
0.15625  -0.381791
0  -0.447967
-0.15625  -0.600532
0.03125  -0.153086
-0.125  -0.327535
0.15625  -0.222222
0.125  -0.563423
0.25  -0.431265
0.09375  -0.343059
0.1875  -0.483101
-0.21875  -0.181222
-0.09375  -0.371699
0.09375  -0.262173
0  -0.603101
0.15625  -0.294082
-0.09375  -0.502721
0.15625  -0.333201
-0.0625  -0.263156
0.0625  -0.487219
-0.15625  -0.532142
-0.1875  -0.617181
-0.03125  -0.522427
-0.3125  -0.264322
0  -0.528948
-0.125  -0.46794
0.125  -0.210674
0.03125  -0.467666
0.03125  -0.420233
0.09375  -0.366741
0  -0.461974
0  -0.627364
0  -0.356419
-0.09375  -0.628904
0  -0.531039
0.0625  -0.334449
0  -0.513524
0.25  -0.692603
0.21875  -0.514651
0.09375  -0.482875
0  -0.374329
0.0625  -0.541981
0  -0.320735
0.1875  -0.299758
0.125  -0.525778
-0.125  -0.487706
0.125  -0.614178
0.0625  -0.341114
-0.09375  -0.466137
-0.09375  -0.26483
-0.1875  -0.347136
0.0625  -0.418513
0.09375  -0.392566
-0.03125  -0.653481
-0.03125  -0.362645
0  -0.435777
0.0625  -0.308236
-0.0625  -0.570191
0.09375  -0.315981
-0.21875  -0.240704
-0.375  -0.412167
0.03125  -0.611566
0.25  -0.237499
-0.09375  -0.512818
-0.0625  -0.613097
-0.15625  -0.590626
0.03125  -0.384136
-0.09375  -0.618099
0  -0.600724
-0.15625  -0.375211
-0.125  -0.343832
-0.03125  -0.431075
0.125  -0.448236
0.09375  -0.33216
0.09375  -0.481309
0  -0.270335
-0.0625  -0.632448
-0.03125  -0.186575
0.03125  -0.501749
0.15625  -0.530292
-0.03125  0.0086236
0  -0.46078
0.15625  -0.743681
0  -0.662865
0.03125  -0.484997
0.125  -0.254596
0.09375  -0.541575
0.03125  -0.239267
-0.03125  -0.275732
0.125  -0.419464
0  -0.508028
0.09375  -0.388393
0  -0.537239
-0.0625  -0.357031
0.28125  -0.156665
-0.0625  -0.54931
0.03125  -0.487753
0.15625  -0.378534
0  -0.304002
0.09375  -0.495009
0.0625  -0.388606
0.03125  -0.437751
0.09375  -0.372938
-0.125  -0.472606
0  -0.453793
0.125  -0.130771
0.25  -0.404161
0.03125  -0.41908
-0.1875  -0.384722
-0.09375  -0.710829
-0.09375  -0.327651
-0.0625  -0.302296
0  -0.341427
-0.15625  -0.259146
0  -0.459453
0  -0.290707
-0.09375  -0.286808
0.09375  -0.407057
0.0625  -0.261234
0.15625  -0.512031
0.0625  -0.429728
-0.125  -0.372251
-0.28125  -0.397442
0  -0.43268
-0.03125  -0.337514
-0.0625  -0.42574
-0.21875  -0.491673
0.15625  -0.402427
0.0625  -0.456623
0.15625  -0.449841
-0.0625  -0.638344
0.125  -0.30814
0.09375  -0.4003
0.09375  -0.216344
0.03125  -0.547751
-0.0625  -0.479345
-0.125  -0.449922
-0.03125  -0.399714
-0.21875  -0.367456
0.03125  -0.0584979
0.09375  -0.222533
0.28125  -0.401176
0.03125  -0.551738
-0.03125  -0.36335
0.03125  -0.519636
0.03125  -0.376419
-0.09375  -0.444424
0.09375  -0.229573
0.34375  -0.28774
-0.125  -0.168295
-0.03125  -0.325486
-0.03125  -0.444224
0.09375  -0.501761
-0.09375  -0.666862
-0.125  -0.418291
-0.09375  -0.36595
0.0625  -0.339023
-0.125  -0.40882
-0.0625  -0.472381
0.1875  -0.258618
-0.09375  -0.290326
-0.125  -0.318001
-0.03125  -0.270066
-0.03125  -0.405012
0.15625  -0.290216
0.09375  -0.362147
-0.09375  -0.308584
0.03125  -0.634062
0.03125  -0.355716
-0.25  -0.498971
-0.03125  -0.500385
-0.09375  -0.637743
-0.125  -0.339778
-0.03125  -0.467854
0.09375  -0.408563
0.03125  -0.532224
0  -0.529379
-0.28125  -0.225962
-0.0625  -0.371328
-0.25  -0.260359
-0.28125  -0.475862
-0.03125  -0.374112
0.125  -0.542307
-0.09375  -0.330193
0.3125  -0.496711
-0.15625  -0.340544
-0.03125  -0.358242
-0.125  -0.292821
0.1875  -0.722206
0.03125  -0.494293
0.0625  -0.597657
0.0625  -0.464921
0.0625  -0.625155
0  -0.334229
-0.0625  -0.609498
-0.1875  -0.314328
0.15625  -0.49815
0.03125  -0.526093
0.09375  -0.535139
0  -0.261205
0.0625  -0.412741
-0.09375  -0.524836
-0.125  -0.361768
0.0625  -0.47039
0.09375  -0.303857
0  -0.148981
-0.0625  -0.356653
-0.1875  -0.373475
0.0625  -0.366225
-0.1875  -0.280528
0  -0.377404
0.03125  -0.502504
0.0625  -0.536014
0.0625  -0.459951
0.0625  -0.33619
-0.125  -0.499775
0.28125  -0.452871
0.15625  -0.196772
0.03125  -0.546396
0.25  -0.61437
-0.1875  -0.379722
0  -0.4936
0  -0.316634
-0.0625  -0.399067
0.15625  -0.428517
0.03125  -0.360715
0.09375  -0.620755
-0.15625  -0.453311
0.15625  -0.509945
0.03125  -0.253218
0  -0.410401
0.1875  -0.580823
0.21875  -0.460764
-0.09375  -0.46417
-0.0625  -0.48288
-0.0625  -0.291414
-0.03125  -0.198287
0.1875  -0.392996
-0.03125  -0.407683
-0.28125  -0.22777
-0.09375  -0.0893338
0  -0.514319
-0.0625  -0.464562
0.125  -0.285686
0.0625  -0.389478
-0.25  -0.364953
-0.09375  -0.550596
0.0625  -0.384541
-0.25  -0.500913
0.09375  -0.468845
0  -0.612625
-0.0625  -0.428411
-0.15625  -0.461049
0  -0.501311
0  -0.549001
0.125  -0.28395
0.0625  -0.495796
0.03125  -0.490669
-0.125  -0.637347
-0.21875  -0.563354
0.03125  -0.50518
0.125  -0.199031
0.15625  -0.429457
-0.09375  -0.525261
-0.15625  -0.322076
0  -0.650215
-0.125  -0.471303
0.09375  -0.345618
-0.28125  -0.526288
-0.15625  -0.400204
-0.125  -0.380831
-0.03125  -0.685806
-0.21875  -0.564148
-0.0625  -0.334069
0.34375  -0.55897
0.28125  -0.308782
0.0625  -0.404131
-0.03125  -0.56214
-0.125  -0.50549
0.0625  -0.517515
-0.03125  -0.410129
-0.125  -0.498442
-0.09375  -0.578227
0.0625  -0.627006
-0.25  -0.484888
-0.03125  -0.496404
-0.0625  -0.516771
-0.25  -0.618835
-0.09375  -0.440323
-0.03125  -0.228442
0.03125  -0.372883
-0.125  -0.276066
0.0625  -0.234648
0.0625  -0.333812
-0.25  -0.397157
0.0625  -0.393405
0.03125  -0.562205
-0.3125  -0.116991
0.09375  -0.674752
0.03125  -0.24378
0  -0.354938
0.03125  -0.366743
-0.09375  -0.54831
-0.09375  -0.390854
0  -0.301231
-0.03125  -0.51316
0.0625  -0.181739
0.0625  -0.253936
0.125  -0.426947
-0.1875  -0.406624
0.03125  -0.624929
-0.03125  -0.599915
0.03125  -0.568719
0.0625  -0.489073
0.25  -0.516525
0.125  -0.46299
0.03125  -0.372669
-0.15625  -0.369025
0.125  -0.28554
0  -0.449928
0.03125  -0.546657
-0.125  -0.483129
0  -0.395858
0.0625  -0.33986
0.125  -0.350544
0.03125  -0.714025
-0.0625  -0.57538
0.125  -0.480773
-0.03125  -0.430485
-0.09375  -0.486998
0.125  -0.167722
0.125  -0.268329
0.15625  -0.606526
-0.03125  -0.322876
0.0625  -0.431718
-0.125  -0.482432
-0.0625  -0.501653
0  -0.359153
0  -0.486355
0.03125  -0.434726
-0.21875  -0.566739
0.03125  -0.525892
0.0625  -0.516415
0  -0.175781
-0.03125  -0.314403
0.25  -0.28023
0.0625  -0.488892
0.03125  -0.593014
0.09375  -0.4064
-0.25  -0.337884
0.125  -0.513186
-0.03125  -0.377893
-0.03125  -0.601379
-0.28125  -0.311345
-0.15625  -0.591695
0.28125  -0.481018
0.15625  -0.463196
0.03125  -0.657458
-0.25  -0.434094
0.125  -0.397828
-0.15625  -0.437113
0.09375  -0.536368
-0.21875  -0.416599
0.1875  -0.708508
0.09375  -0.453296
0.09375  -0.528208
-0.03125  -0.218013
-0.09375  -0.566711
-0.09375  -0.379097
-0.0625  -0.277682
0.0625  -0.45513
0.1875  -0.543821
0.03125  -0.628055
-0.1875  -0.518325
0  -0.439462
0.0625  -0.283897
-0.25  -0.472439
-0.125  -0.223691
0  -0.479974
0.1875  -0.378995
0  -0.604426
-0.0625  -0.116759
0.15625  -0.472944
-0.21875  -0.479384
-0.15625  -0.326505
0  -0.35465
0  -0.432328
-0.15625  -0.145086
0.0625  -0.462338
0.03125  -0.377661
0.0625  -0.311516
0.21875  -0.278242
-0.21875  -0.40556
-0.09375  -0.588969
0.15625  -0.335828
-0.21875  -0.540166
-0.1875  -0.453202
0  -0.312204
0.09375  -0.386218
0  -0.24727
-0.25  -0.354607
0.0625  -0.325935
0  -0.51722
-0.125  -0.481889
0.09375  -0.437944
-0.125  -0.45216
-0.125  -0.308524
-0.03125  -0.375394
0.125  -0.554737
-0.09375  -0.31233
-0.0625  -0.534797
0.125  -0.331608
0.0625  -0.419021
0.25  -0.487993
0.0625  -0.304734
-0.03125  -0.163042
-0.0625  -0.31014
-0.21875  -0.707578
-0.25  -0.459064
-0.09375  -0.471516
0.09375  -0.533201
-0.15625  -0.390368
-0.09375  -0.533003
0.09375  -0.217513
0.0625  -0.41523
-0.1875  -0.370186
0.21875  -0.637831
0.15625  -0.344809
0.15625  -0.356369
-0.21875  -0.448763
-0.15625  -0.537433
0  -0.185951
-0.0625  -0.272933
-0.09375  -0.307565
0.03125  -0.643142
0.03125  -0.500686
-0.15625  -0.469573
-0.09375  -0.382311
0.03125  -0.383018
0.125  -0.567161
0.03125  -0.406227
0.125  -0.579928
0.125  -0.491191
-0.03125  -0.414801
0.3125  -0.450015
-0.0625  -0.559396
0.15625  -0.491279
-0.125  -0.5883
-0.03125  -0.525524
0.0625  -0.275928
-0.125  -0.522287
0.03125  -0.560414
-0.125  -0.125112
-0.03125  -0.370736
0.09375  -0.401049
0.25  -0.484166
0.0625  -0.483892
0.15625  -0.42474
0.125  -0.453172
0.0625  -0.431705
-0.03125  -0.337464
-0.09375  -0.37228
-0.0625  -0.49259
-0.0625  -0.386291
0  -0.250148
0  -0.34169
-0.03125  -0.51242
0.25  -0.256377
0.15625  -0.361543
0.40625  -0.337766
-0.21875  -0.400098
-0.1875  -0.268143
-0.03125  -0.601387
0.0625  -0.427118
-0.0625  -0.432741
0.09375  -0.243068
-0.09375  -0.673614
-0.0625  -0.416101
-0.0625  -0.299405
0.15625  -0.467638
-0.09375  -0.506979
-0.0625  -0.623666
0.1875  -0.471714
0  -0.347908
0.03125  -0.248898
-0.0625  -0.536298
-0.03125  -0.365573
0.03125  -0.509719
-0.0625  -0.46828
0.03125  -0.497956
-0.0625  -0.398286
-0.125  -0.414894
-0.21875  -0.498982
-0.21875  -0.491857
0.03125  -0.317318
0.15625  -0.511963
-0.15625  -0.233844
0.125  -0.478689
-0.1875  -0.456289
-0.15625  -0.341554
-0.09375  -0.369595
-0.0625  -0.185724
-0.1875  -0.192772
-0.0625  -0.372372
0.125  -0.456193
-0.125  -0.416308
-0.1875  -0.380847
-0.03125  -0.449339
0.09375  -0.506867
-0.03125  -0.296648
0.0625  -0.487397
-0.0625  -0.45555
-0.15625  -0.283871
0  -0.481471
-0.125  -0.571096
-0.0625  -0.5923
0.125  -0.190028
0  -0.500224
-0.125  -0.616715
0.0625  -0.715646
-0.125  -0.299878
-0.0625  -0.497369
0.28125  -0.455577
-0.03125  -0.279598
-0.125  -0.414427
-0.09375  -0.462491
-0.25  -0.354319
-0.03125  -0.362592
0  -0.240811
0.34375  -0.345832
0  -0.603718
0.0625  -0.531181
-0.03125  -0.387887
0  -0.315355
0.09375  -0.354178
0.15625  -0.296621
0.0625  -0.283363
0.09375  -0.410931
-0.21875  -0.465338
-0.09375  -0.582697
-0.0625  -0.527455
-0.0625  -0.519071
0.15625  -0.44373
-0.3125  -0.52383
0.25  -0.310808
0.09375  -0.493417
-0.0625  -0.41339
0.03125  -0.474431
0  -0.470435
-0.09375  -0.2873
-0.0625  -0.350027
0.125  -0.392448
0.1875  -0.388794
0.0625  -0.349353
-0.0625  -0.287385
-0.03125  -0.520673
0.03125  -0.498862
-0.03125  -0.395208
0.0625  -0.289405
0.0625  -0.586086
0.09375  -0.311778
0.03125  -0.467225
0.21875  -0.207444
0  -0.48346
-0.09375  -0.6163
-0.09375  -0.336256
0.0625  -0.457726
-0.03125  -0.489433
0.25  -0.274008
0.09375  -0.483951
0.03125  -0.533801
-0.03125  -0.704666
-0.1875  -0.455091
0.40625  -0.416467
0  -0.409038
0.125  -0.136845
0.0625  -0.429117
-0.25  -0.534037
-0.03125  -0.313476
0.09375  -0.488045
0  -0.28022
0.0625  -0.616715
-0.25  -0.334162
0  -0.218586
-0.0625  -0.442337
-0.09375  -0.294626
-0.03125  -0.231923
-0.0625  -0.063278
-0.03125  -0.270781
0  -0.383258
-0.03125  -0.630821
-0.125  -0.592154
0.0625  -0.246838
0.0625  -0.248516
0.03125  -0.307938
-0.09375  -0.297224
-0.1875  -0.419546
0.0625  -0.664402
0  -0.306814
-0.25  -0.549702
-0.03125  -0.317738
-0.03125  -0.14202
0.03125  -0.500283
-0.03125  -0.490347
0  -0.632416
0  -0.305169
-0.09375  -0.277559
-0.03125  -0.308034
-0.03125  -0.422925
-0.03125  -0.334104
0.25  -0.327843
-0.09375  -0.205475
0.15625  -0.288774
-0.15625  -0.475979
-0.125  -0.215911
-0.1875  -0.683218
0.03125  -0.473417
-0.15625  -0.423298
0.0625  -0.483354
0.21875  -0.317233
0.03125  -0.632764
-0.125  -0.542276
-0.1875  -0.413642
0.09375  -0.266519
-0.09375  -0.445356
0.125  -0.406374
0.09375  -0.263748
-0.09375  -0.445508
-0.0625  -0.248276
0  -0.467781
0.25  -0.49829
0.03125  -0.40552
-0.1875  -0.575195
0.09375  -0.429698
-0.03125  -0.296978
0.21875  -0.298251
0.09375  -0.286469
-0.125  -0.471267
-0.15625  -0.421326
-0.03125  -0.483435
-0.0625  -0.338274
0.1875  -0.403005
-0.125  -0.461067
-0.09375  -0.474008
-0.0625  -0.263883
0.125  -0.294403
0.03125  -0.47955
0.09375  -0.328157
0  -0.603982
-0.1875  -0.411706
0.03125  -0.471441
0.28125  -0.295682
-0.34375  -0.659919
-0.09375  -0.541086
0  -0.45665
-0.03125  -0.467632
-0.28125  -0.254373
-0.03125  -0.39945
-0.03125  -0.184844
0.0625  -0.283706
-0.125  -0.627661
0.125  -0.683777
-0.09375  -0.450991
0.0625  -0.432169
0  -0.240908
0.03125  -0.673898
0  -0.622929
-0.25  -0.464385
0.21875  -0.462386
-0.0625  -0.512023
0.09375  -0.480158
-0.21875  -0.385391
-0.0625  -0.248645
0.0625  -0.301077
-0.09375  -0.483399
-0.25  -0.472896
0.125  -0.43463
-0.03125  -0.532669
-0.125  -0.40346
-0.15625  -0.426539
0  -0.36291
-0.03125  -0.489271
-0.09375  -0.349685
-0.15625  -0.635779
-0.125  -0.440828
0.125  -0.625803
0.125  -0.414244
0.15625  -0.505768
-0.15625  -0.374479
0.09375  -0.61161
0.15625  -0.319927
-0.0625  -0.256356
0.1875  -0.495494
0.09375  -0.511954
0.0625  -0.502875
-0.15625  -0.533564
0.1875  -0.227011
0.125  -0.317792
-0.125  -0.371024
-0.09375  -0.333497
-0.09375  -0.320381
0.125  -0.539505
-0.09375  -0.375094
-0.125  -0.308223
-0.0625  -0.393937
0.09375  -0.510027
0.09375  -0.462522
0.125  -0.0718766
-0.09375  -0.681036
0.09375  -0.400195
0.25  -0.522946
0  -0.382861
0.125  -0.410369
-0.0625  -0.307096
0.09375  -0.634375
0.0625  -0.238146
0.03125  -0.61189
0.125  -0.426068
-0.03125  -0.130106
-0.125  -0.278481
0.125  -0.460741
0.0625  -0.182282
0.0625  -0.480512
0.125  -0.532408
0.375  -0.371379
0.28125  -0.391213
-0.03125  -0.299441
-0.03125  -0.434703
0.15625  -0.37923
-0.03125  -0.658776
0  -0.427718
0.125  -0.204131
-0.03125  -0.223701
0.03125  -0.407128
0  -0.425574
-0.125  -0.249982
-0.03125  -0.219738
-0.03125  -0.503671
0.0625  -0.404818
-0.0625  -0.465441
0.03125  -0.577966
-0.15625  -0.434806
0.09375  -0.701318
-0.15625  -0.614674
0.21875  -0.502193
0.15625  -0.34368
-0.0625  -0.540729
0  -0.394583
-0.21875  -0.542117
-0.15625  -0.466921
-0.03125  -0.327092
-0.1875  -0.794232
0.125  -0.433537
0.25  -0.379558
-0.09375  -0.343924
-0.03125  -0.400595
0  -0.314578
0.15625  -0.443809
0.25  -0.344622
0.1875  -0.573415
0.09375  -0.371135
-0.0625  -0.418219
-0.09375  -0.563095
-0.09375  -0.319413
0  -0.459815
-0.0625  -0.363468
-0.0625  -0.308678
0  -0.391809
0  -0.319636
0.125  -0.208163
0  -0.369351
-0.15625  -0.267622
-0.15625  -0.643617
0  -0.464789
0  -0.33801
0  -0.427666
-0.1875  -0.344201
0.25  -0.256814
-0.125  -0.500051
-0.125  -0.581806
-0.03125  -0.608552
0  -0.458026
0.125  -0.468845
-0.15625  -0.381759
0  -0.617185
-0.375  -0.572266
-0.09375  -0.264655
-0.21875  -0.265245
0.0625  -0.358814
-0.03125  -0.5263
-0.0625  -0.475089
0.21875  -0.319908
-0.03125  -0.553621
-0.09375  -0.469307
0.0625  -0.70673
-0.09375  -0.606626
-0.0625  -0.36248
0.03125  -0.505715
0  -0.483682
0.28125  -0.433845
-0.0625  -0.363459
0.09375  -0.433441
-0.0625  -0.352676
0  -0.394658
-0.09375  -0.633683
-0.09375  -0.389663
-0.09375  -0.290667
-0.09375  -0.442809
0.03125  -0.263263
0.03125  -0.314375
0.125  -0.6435
-0.15625  -0.379969
-0.0625  -0.34736
-0.09375  -0.389228
0.21875  -0.46748
0.09375  -0.365002
-0.09375  -0.526258
0  -0.380863
0  -0.485835
-0.1875  -0.536963
0.125  -0.232399
0.0625  -0.371126
0.03125  -0.537418
0.15625  -0.499993
0.0625  -0.459898
0  -0.27853
-0.03125  -0.361987
-0.03125  -0.515725
0.0625  -0.258658
0.03125  -0.418109
0.15625  -0.281709
0.15625  -0.428029
-0.09375  -0.429016
0.09375  -0.588593
0.0625  -0.602282
0  -0.368262
0.1875  -0.465964
-0.15625  -0.526952
-0.09375  -0.470638
0.09375  -0.433512
-0.0625  -0.317484
0.125  -0.390586
-0.21875  -0.42707
-0.0625  -0.510006
0.15625  -0.17884
-0.125  -0.477727
0.0625  -0.602974
-0.15625  -0.459767
0  -0.363391
0.09375  -0.418185
0.125  -0.478914
0.125  -0.648509
-0.09375  -0.458592
0  -0.552569
0  -0.543095
0.09375  -0.453354
-0.34375  -0.47488
-0.125  -0.239258
0  -0.249226
0.25  -0.658233
-0.125  -0.272757
-0.21875  -0.49072
-0.0625  -0.299325
-0.15625  -0.543347
-0.09375  -0.262651
0.125  -0.516561
0.25  -0.584759
-0.21875  -0.368105
-0.03125  -0.311483
-0.03125  -0.465964
-0.09375  -0.246237
-0.0625  -0.619564
0.0625  -0.365192
0.125  -0.0463683
0.25  -0.373286
0.15625  -0.433783
0.1875  -0.418339
-0.34375  -0.379503
-0.03125  -0.542973
0.1875  -0.551666
-0.21875  -0.47554
0.03125  -0.445218
0.1875  -0.34448
-0.15625  -0.300967
0  -0.320324
0  -0.440907
0  -0.27368
0.21875  -0.274052
0.0625  -0.208722
0.09375  -0.499874
-0.15625  -0.367363
-0.0625  -0.49823
0  -0.189747
-0.0625  -0.464559
0.03125  -0.465988
-0.09375  -0.415077
-0.15625  -0.440058
0.03125  -0.477846
0.125  -0.592931
-0.1875  -0.364201
-0.0625  -0.632369
-0.0625  -0.415583
0  -0.509713
0.125  -0.385452
0.0625  -0.47799
-0.15625  -0.567446
-0.125  -0.393185
-0.28125  -0.363429
0  -0.475635
-0.0625  -0.509249
-0.0625  -0.357606
0.03125  -0.395272
-0.125  -0.333163
-0.09375  -0.490532
-0.125  -0.524444
0.09375  -0.397573
-0.0625  -0.369444
0.125  -0.407604
-0.15625  -0.168239
-0.09375  -0.371329
0.0625  -0.576139
0  -0.455849
-0.15625  -0.356698
-0.03125  -0.516226
-0.25  -0.382079
0.03125  -0.454646
-0.09375  -0.390766
-0.03125  -0.345508
-0.03125  -0.272672
0.09375  -0.442024
-0.25  -0.323837
-0.03125  -0.4408
-0.15625  -0.499355
-0.125  -0.438978
0.09375  -0.435186
0.125  -0.383966
0.125  -0.286794
0.03125  -0.443912
0.15625  -0.435946
-0.125  -0.390984
-0.15625  -0.322164
-0.09375  -0.734053
-0.1875  -0.510389
0.15625  -0.593719
-0.125  -0.303569
0.15625  -0.486253
-0.21875  -0.353121
0.09375  -0.336672
0.15625  -0.569629
-0.125  -0.300791
-0.03125  -0.480415
-0.25  -0.243494
-0.21875  -0.27613
-0.03125  -0.230432
-0.125  -0.421804
-0.34375  -0.393151
-0.09375  -0.539621
-0.125  -0.476533
0  -0.42132
0.0625  -0.643183
-0.03125  -0.292787
0  -0.612228
0.125  -0.498252
0.03125  -0.286104
0.0625  -0.520989
0.1875  -0.530473
0.21875  -0.476883
0.1875  -0.576559
-0.03125  -0.426711
-0.21875  -0.632526
0  -0.512287
0  -0.340803
-0.0625  -0.493015
0.15625  -0.414403
-0.03125  -0.293315
0.09375  -0.470125
0.21875  -0.299477
0.25  -0.535887
-0.09375  -0.320843
0.0625  -0.581043
-0.0625  -0.17617
0.03125  -0.297439
-0.125  -0.491239
-0.0625  -0.426004
0.21875  -0.501261
-0.09375  -0.643215
0  -0.454804
0.0625  -0.48991
0.09375  -0.569046
0.1875  -0.448247
0.03125  -0.498848
-0.0625  -0.363874
0.25  -0.271307
-0.0625  -0.337853
-0.09375  -0.427409
0.0625  -0.382177
-0.28125  -0.53558
0  -0.434706
-0.125  -0.419915
-0.09375  -0.347501
0  -0.230484
0.09375  -0.043156
0.09375  -0.391611
0.0625  -0.407932
-0.0625  -0.420031
0.0625  -0.52217
-0.09375  -0.491962
0.03125  -0.399665
0.03125  -0.656718
-0.09375  -0.552553
0.0625  -0.424072
-0.09375  -0.461823
0  -0.507184
-0.0625  -0.43927
-0.0625  -0.278416
0  -0.40604
-0.15625  -0.273276
0.09375  -0.258967
-0.03125  -0.602265
-0.09375  -0.203217
0.09375  -0.355143
0.03125  -0.590653
0.0625  -0.381407
0  -0.339649
0  -0.472986
0.0625  -0.502531
-0.125  -0.333918
0.125  -0.509557
0.15625  -0.351334
-0.21875  -0.538514
0.0625  -0.689902
-0.09375  -0.268131
0.09375  -0.563321
-0.03125  -0.257218
0  -0.517932
-0.03125  -0.308862
-0.0625  -0.564834
-0.03125  -0.371116
0.21875  -0.324484
-0.03125  -0.298609
-0.03125  -0.409759
-0.1875  -0.51283
-0.125  -0.443996
0.09375  -0.585016
-0.0625  -0.289413
0.09375  -0.551016
-0.0625  -0.428118
0.21875  -0.381732
-0.0625  -0.506262
0.1875  -0.385109
-0.15625  -0.422764
-0.15625  -0.254908
-0.3125  -0.449927
0.25  -0.359985
0.09375  -0.559051
0.03125  -0.36523
-0.0625  -0.373887
-0.1875  -0.278523
0  -0.295558
-0.03125  -0.380417
-0.1875  -0.528756
0.03125  -0.518624
-0.25  -0.406768
-0.125  -0.265556
0.0625  -0.55582
-0.09375  -0.443272
-0.09375  -0.285599
-0.09375  -0.660454
-0.03125  -0.398468
-0.125  -0.310031
0.0625  -0.370126
0.03125  -0.423973
0.0625  -0.334956
0.21875  -0.498942
0.125  -0.53618
-0.09375  -0.472788
-0.03125  -0.404169
0.09375  -0.485634
-0.1875  -0.425205
0.125  -0.358395
0  -0.100848
-0.03125  -0.629881
-0.0625  -0.378746
-0.09375  -0.376396
0  -0.255203
0.03125  -0.487751
0  -0.391061
0  -0.548701
0.03125  -0.368665
0.03125  -0.513086
0.1875  -0.386238
0  -0.379385
0.3125  -0.411645
0.15625  -0.268842
-0.0625  -0.309572
0  -0.438821
-0.0625  -0.246175
-0.09375  -0.50334
-0.09375  -0.372719
0  -0.395181
0  -0.285987
-0.0625  -0.428187
-0.15625  -0.337604
-0.0625  -0.559895
-0.25  -0.261832
0  -0.372274
-0.125  -0.389756
0.09375  -0.240653
-0.0625  -0.588219
-0.1875  -0.481644
0  -0.507574
0.3125  -0.45923
0.1875  -0.193923
0.0625  -0.301776
0.03125  -0.593015
0.125  -0.337294
0.1875  -0.674416
0.03125  -0.539455
-0.3125  -0.483167
0.09375  -0.483941
-0.0625  -0.464023
0  -0.163845
-0.0625  -0.378375
-0.1875  -0.384945
0.125  -0.387144
-0.125  -0.276019
0  -0.390328
-0.125  -0.293927
-0.03125  -0.639202
0.03125  -0.267712
0  -0.266411
-0.0625  -0.513179
0.125  -0.465735
-0.09375  -0.457361
0  -0.406794
0  -0.3893
0  -0.4118
0.0625  -0.568004
-0.0625  -0.550316
0.03125  -0.463754
0.0625  -0.436877
-0.03125  -0.496921
-0.21875  -0.181956
0.03125  -0.631689
0.0625  0.00204718
0.25  -0.326576
0.03125  -0.528692
0.1875  -0.484937
0  -0.64057
-0.09375  -0.446951
0.03125  -0.415614
0.03125  -0.461143
-0.0625  -0.207664
0.0625  -0.532866
0.1875  -0.260562
0.09375  -0.531653
-0.0625  -0.401093
0.0625  -0.590941
0.03125  -0.420288
-0.09375  -0.344274
0.15625  -0.473437
0.0625  -0.387242
0.09375  -0.535352
0.15625  -0.29729
-0.03125  -0.43478
-0.09375  -0.283021
0.03125  -0.365433
-0.09375  -0.40121
0.09375  -0.31034
0.0625  -0.368065
-0.28125  -0.333617
-0.15625  -0.458214
0.125  -0.27949
0.21875  -0.443061
0.15625  -0.32729
-0.09375  -0.372911
-0.03125  -0.294698
0.0625  -0.29871
0.09375  -0.384576
-0.1875  -0.360675
-0.125  -0.27932
-0.0625  -0.591475
0.03125  -0.471222
0.03125  -0.0427298
0.09375  -0.386073
-0.15625  -0.173998
-0.0625  -0.493274
0.0625  -0.510865
-0.03125  -0.505481
0.25  -0.291758
-0.03125  -0.265134
-0.03125  -0.534291
0.0625  -0.40122
-0.125  -0.382193
0.15625  -0.407737
0.125  -0.354848
-0.15625  -0.388809
0.03125  -0.2951
-0.03125  -0.250441
-0.0625  -0.287883
0.25  -0.360387
0.125  -0.427808
-0.1875  -0.373756
-0.03125  -0.389698
-0.09375  -0.446151
0.03125  -0.17574
0.03125  -0.494403
0.0625  -0.297998
0.03125  -0.342862
-0.25  -0.404794
0.15625  -0.373082
-0.25  -0.523434
0.125  -0.450955
0.125  -0.568488
0.09375  -0.294169
0  -0.361317
0.28125  -0.230222
0.0625  -0.458763
0  -0.470851
-0.03125  -0.574336
0  -0.469822
-0.1875  -0.393597
0.0625  -0.542103
-0.03125  -0.326163
0.03125  -0.306831
0.03125  -0.450586
0.1875  -0.621372
0.15625  -0.372994
-0.09375  -0.563783
0  -0.519648
0.03125  -0.224963
0.25  -0.236519
-0.0625  -0.505679
0.0625  -0.355937
0.125  -0.570937
-0.125  -0.371742
-0.03125  -0.501629
0.25  -0.426923
0.0625  -0.529231
0.03125  -0.385848
-0.03125  -0.566246
0.09375  -0.54064
-0.25  -0.429527
0.15625  -0.164715
-0.0625  -0.487441
0.25  -0.448063
0.25  -0.333295
0.0625  -0.385725
-0.0625  -0.560845
-0.15625  -0.312581
0  -0.385073
0.28125  -0.519572
-0.09375  -0.539188
-0.03125  -0.293249
0.03125  -0.503697
0.0625  -0.585246
-0.03125  -0.361497
-0.03125  -0.266495
-0.03125  -0.309821
0.125  -0.255168
0.21875  -0.381697
0.03125  -0.301962
-0.09375  -0.417037
0.03125  -0.292062
0.15625  -0.567436
0.0625  -0.455785
0.28125  -0.694381
-0.125  -0.494816
-0.03125  -0.492828
-0.1875  -0.322388
-0.03125  -0.25424
0.09375  -0.389964
-0.0625  -0.421507
-0.09375  -0.394729
-0.0625  -0.544414
0.1875  -0.259528
-0.03125  -0.420133
0.09375  -0.500755
0.03125  -0.61495
0.125  -0.565857
0.1875  -0.337099
-0.09375  -0.52101
-0.03125  -0.418886
-0.0625  -0.381451
-0.125  -0.464509
0.34375  -0.112833
0.125  -0.364116
0.09375  -0.642174
0.21875  -0.483816
0  -0.428703
0.09375  -0.275102
0.1875  -0.363811
0  -0.560414
-0.03125  -0.668687
0.03125  -0.313603
0.125  -0.626701
0.15625  -0.398697
-0.125  -0.446762
0.09375  -0.405116
0  -0.452646
0.125  -0.467409
-0.25  -0.333763
-0.03125  -0.302071
-0.0625  -0.550732
0.125  -0.499458
-0.09375  -0.492458
-0.03125  -0.392256
0.1875  -0.684951
-0.09375  -0.527237
0  -0.605204
-0.125  -0.408761
0.125  -0.452446
-0.0625  -0.45785
0  -0.477134
-0.21875  -0.185698
0.03125  -0.369878
-0.21875  -0.456724
0.03125  -0.518819
-0.03125  -0.482859
-0.0625  -0.23915
0  -0.192505
-0.34375  -0.370906
0.125  -0.414095
-0.125  -0.282637
0.1875  -0.465362
0.03125  -0.634383
-0.15625  -0.477201
0.0625  -0.443605
-0.15625  -0.429562
-0.09375  -0.413028
0.15625  -0.400887
0.03125  -0.445296
-0.125  -0.307159
0.03125  -0.329431
0.03125  -0.351589
-0.03125  -0.238546
0  -0.331963
-0.15625  -0.466283
0.0625  -0.325525
0.03125  -0.402576
-0.0625  -0.49798
-0.0625  -0.439317
-0.03125  -0.611102
-0.125  -0.479258
-0.09375  -0.334344
0.125  -0.244837
-0.15625  -0.430307
0.125  -0.546042
0.03125  -0.534467
0.03125  -0.368646
-0.125  -0.435149
0.03125  -0.409497
0  -0.381597
-0.125  -0.599554
-0.125  -0.502115
0.21875  -0.313895
-0.09375  -0.651216
0.09375  -0.609225
0.03125  -0.436319
0  -0.416407
0.34375  -0.387427
0.09375  -0.4763
-0.09375  -0.224097
-0.09375  -0.446167
-0.09375  -0.501078
0.03125  -0.315114
-0.125  -0.615612
0.03125  -0.403522
-0.09375  -0.396164
0.0625  -0.412056
-0.0625  -0.513277
0.0625  -0.175421
0.09375  -0.496518
-0.09375  -0.51484
-0.0625  -0.0664058
-0.21875  -0.515945
0  -0.194025
0.03125  -0.363582
-0.125  -0.226515
0.03125  -0.267864
-0.0625  -0.339351
0.15625  -0.734861
0.0625  -0.234714
0  -0.312168
-0.21875  -0.556967
-0.3125  -0.365986
-0.0625  -0.212257
-0.125  -0.475282
-0.09375  -0.324246
0.34375  -0.359423
0.09375  -0.381173
0.15625  -0.482486
-0.03125  -0.326605
-0.0625  -0.480393
0.0625  -0.297272
-0.125  -0.426276
0  -0.327755
0.09375  -0.343392
-0.09375  -0.35694
0.03125  -0.353152
-0.03125  -0.498107
-0.15625  -0.53416
-0.09375  -0.595801
0.0625  -0.500258
0.1875  -0.577403
-0.03125  -0.369227
-0.09375  -0.368431
0.09375  -0.327272
0.28125  -0.485989
0.09375  -0.52213
0.15625  -0.418591
-0.25  -0.356024
-0.03125  -0.326671
0.09375  -0.36086
0.0625  -0.393411
-0.03125  -0.403443
0  -0.494384
-0.03125  -0.258675
0  -0.37283
0.125  -0.400632
0.125  -0.367722
-0.125  -0.272876
0.25  -0.47937
0  -0.425193
-0.03125  -0.33531
-0.21875  -0.319946
-0.03125  -0.333911
-0.03125  -0.460825
0.28125  -0.378716
0.0625  -0.202471
-0.03125  -0.435318
0.1875  -0.319581
-0.125  -0.272523
0.09375  -0.315344
0.21875  -0.356537
0.0625  -0.40071
0.0625  -0.37646
0.125  -0.514496
-0.03125  -0.484858
0.0625  -0.402632
0.09375  -0.469388
0.0625  -0.377745
0.03125  -0.462855
-0.0625  -0.446311
-0.125  -0.348119
-0.09375  -0.314152
0  -0.397546
0.03125  -0.334005
0.1875  -0.41191
-0.21875  -0.470097
0.0625  -0.74187
0.03125  -0.1756
0.1875  -0.675188
0.03125  -0.389196
0.0625  -0.464798
0.125  -0.478243
0.15625  -0.408015
0.125  -0.546046
-0.15625  -0.288224
-0.15625  -0.515375
0.125  -0.34784
-0.0625  -0.442749
-0.15625  -0.411986
-0.15625  -0.480059
-0.125  -0.528978
0.1875  -0.521371
0  -0.445198
-0.21875  -0.426324
0.125  -0.506395
0.09375  -0.422284
-0.0625  -0.516229
0.15625  -0.443165
-0.15625  -0.434696
-0.09375  -0.327532
-0.09375  -0.462745
0.09375  -0.390018
0.15625  -0.388813
0.125  -0.527841
-0.0625  -0.291843
0.15625  -0.406249
0.15625  -0.325103
0  -0.673762
-0.3125  -0.429941
0.03125  -0.679865
0.03125  -0.297853
0.0625  -0.376821
-0.15625  -0.562262
0.15625  -0.614614
0.125  -0.695494
-0.09375  -0.418806
0.03125  -0.305384
0.25  -0.420558
-0.0625  -0.309397
0.03125  -0.52366
-0.09375  -0.461391
-0.03125  -0.501595
-0.09375  -0.494037
0  -0.366252
-0.0625  -0.36626
-0.09375  -0.574969
0.125  -0.457599
-0.25  -0.377557
0.0625  -0.420465
0.03125  -0.26789
-0.03125  -0.18669
0.03125  -0.37863
-0.09375  -0.532131
-0.25  -0.436797
0  -0.365262
0.15625  -0.439904
0.1875  -0.417017
0.25  -0.372363
-0.28125  -0.479808
-0.03125  -0.212122
0.03125  -0.536206
0.1875  -0.444859
0.09375  -0.339754
0.0625  -0.309614
0.09375  -0.497069
0.0625  -0.465701
0.09375  -0.355258
-0.125  -0.365806
0.0625  -0.397895
0  -0.475221
-0.125  -0.419539
0  -0.640036
-0.03125  -0.471916
0.28125  -0.427259
-0.1875  -0.368584
0.1875  -0.450879
-0.28125  -0.353199
-0.125  -0.17949
0  -0.486246
-0.0625  -0.262434
-0.09375  -0.545147
-0.0625  -0.412318
0.03125  -0.373996
0.0625  -0.456197
0.0625  -0.56844
0.21875  -0.466407
0.03125  -0.317332
0.09375  -0.2087
0.1875  -0.509841
0.125  -0.409537
-0.03125  -0.403654
0.0625  -0.570821
0.09375  -0.622113
-0.15625  -0.355929
0.21875  -0.334092
0.125  -0.304589
0  -0.520497
0  -0.37661
0  -0.497688
0.0625  -0.475069
0  -0.642589
-0.1875  -0.495786
0  -0.466916
0.03125  -0.304401
0.0625  -0.314535
0.125  -0.463011
0.09375  -0.469566
0.0625  -0.41242
0  -0.239155
-0.25  -0.235332
-0.25  -0.33767
0.1875  -0.435534
0.03125  -0.436225
0.15625  -0.465623
-0.0625  -0.346136
0  -0.5368
0  -0.414419
-0.03125  -0.413705
0.09375  -0.327787
0.1875  -0.520654
-0.1875  -0.597439
0.125  -0.518464
-0.03125  -0.457556
-0.03125  -0.437542
-0.09375  -0.28396
0.15625  -0.42942
-0.0625  -0.293279
0  -0.572149
-0.1875  -0.579138
-0.03125  -0.594796
0.15625  -0.438721
-0.03125  -0.378772
0.0625  -0.374959
-0.15625  -0.424131
0.09375  -0.321287
-0.03125  -0.17329
0.125  -0.227477
0.25  -0.489296
-0.0625  -0.475501
-0.0625  -0.404986
-0.09375  -0.367323
-0.15625  -0.341828
0.15625  -0.449175
0  -0.337914
0  -0.39165
-0.25  -0.287972
0  -0.348938
-0.09375  -0.211604
0.09375  -0.299431
-0.0625  -0.546331
-0.09375  -0.431445
-0.0625  -0.338496
0.0625  -0.424669
0.1875  -0.377196
-0.0625  -0.236559
0.15625  -0.58823
-0.28125  -0.326424
0.03125  -0.402011
0  -0.388484
-0.1875  -0.496633
-0.03125  -0.231243
-0.21875  -0.38517
0.125  -0.366339
-0.34375  -0.535848
0.15625  -0.397134
0.125  -0.348428
-0.03125  -0.570916
0.125  -0.482365
0.28125  -0.301789
-0.15625  -0.423683
0  -0.261457
0.09375  -0.0992232
0.125  -0.413595
-0.0625  -0.273439
-0.15625  -0.365571
0  -0.380432
-0.15625  -0.480174
0.09375  -0.163732
0.09375  -0.354057
-0.28125  -0.453123
0.125  -0.539757
-0.0625  -0.492419
-0.1875  -0.456154
0.15625  -0.28753
-0.0625  -0.302089
-0.15625  -0.317825
-0.0625  -0.337113
0.09375  -0.571688
0  -0.464723
0.21875  -0.438929
0.03125  -0.341799
-0.1875  -0.276053
0.03125  -0.307818
0.0625  -0.513263
-0.03125  -0.319446
0.125  -0.372915
0  -0.545978
-0.03125  -0.28234
0.15625  -0.388377
-0.34375  -0.467789
-0.0625  -0.488637
0.15625  -0.575289
0.09375  -0.236582
-0.0625  -0.415222
0.0625  -0.282739
-0.03125  -0.270944
-0.15625  -0.269639
0.0625  -0.550851
0.03125  -0.599834
-0.15625  -0.325024
-0.1875  -0.403026
-0.15625  -0.559564
-0.0625  -0.315863
0  -0.311209
-0.0625  -0.379144
0.0625  -0.362228
-0.0625  -0.490713
-0.09375  -0.477414
0  -0.468626
-0.0625  -0.393822
-0.03125  -0.307197
-0.0625  -0.459875
0.0625  -0.534893
-0.09375  -0.384045
-0.0625  -0.436343
-0.03125  -0.291083
0.03125  -0.412925
0.0625  -0.224393
0.09375  -0.505537
0.21875  -0.582947
0.03125  -0.293587
-0.03125  -0.501746
-0.28125  -0.307484
0.09375  -0.564448
-0.125  -0.26779
0.0625  -0.575283
0  -0.437376
0.09375  -0.544068
0.1875  -0.425646
0.3125  -0.611186
0.21875  -0.358964
0.1875  -0.201115
-0.125  -0.370059
0.03125  -0.4646
0  -0.400219
-0.0625  -0.576053
0.03125  -0.287215
-0.03125  -0.489121
0  -0.332333
-0.0625  -0.623088
0.1875  -0.650778
0.3125  -0.120936
-0.0625  -0.502296
0.03125  -0.470395
0.25  -0.417514
0.125  -0.568326
-0.15625  -0.351406
-0.0625  -0.326158
-0.03125  -0.328239
-0.21875  -0.369914
-0.125  -0.521722
-0.0625  -0.430938
-0.125  -0.256763
-0.0625  -0.484881
0.09375  -0.196521
0.0625  -0.521893
-0.125  -0.496808
0.09375  -0.641231
-0.03125  -0.314324
0.125  -0.247018
0.03125  -0.199897
0.0625  -0.46583
0  -0.252443
0.1875  -0.224306
-0.15625  -0.290041
0.03125  -0.474914
0.09375  -0.37412
0.0625  -0.448377
-0.15625  -0.540972
-0.0625  -0.574311
-0.03125  -0.31105
-0.09375  -0.44817
-0.125  -0.371756
-0.0625  -0.65692
0.125  -0.421628
0.09375  -0.552744
-0.125  -0.48624
-0.21875  -0.482563
0.25  -0.354097
-0.03125  -0.536304
-0.1875  -0.545934
0.09375  -0.450201
-0.1875  -0.433872
-0.15625  -0.322015
0.09375  -0.64226
-0.0625  -0.536588
0.3125  -0.566229
-0.15625  -0.48699
0.15625  -0.256359
0.09375  -0.282513
0.03125  -0.43888
0.09375  -0.316694
-0.09375  -0.357469
0.03125  -0.643524
-0.03125  -0.634392
0.15625  -0.542851
0.03125  -0.608586
0.03125  -0.383674
0.15625  -0.284034
0  -0.424324
0  -0.417377
-0.0625  -0.402282
-0.03125  -0.544272
0.1875  -0.4776
-0.09375  -0.398953
-0.15625  -0.683342
-0.1875  -0.495725
0.21875  -0.321978
0.15625  -0.493206
0.125  -0.310747
-0.125  -0.509679
0.0625  -0.361774
-0.15625  -0.670701
0  -0.393462
0.09375  -0.291709
0.0625  -0.369388
-0.15625  -0.452315
0.09375  -0.229014
0.09375  -0.482311
-0.03125  -0.408336
-0.1875  -0.586372
0.28125  -0.492599
0.09375  -0.514607
-0.09375  -0.447359
0.0625  -0.468795
-0.125  -0.340493
-0.21875  -0.409701
0.03125  -0.564452
0  -0.461193
0.28125  -0.338813
-0.03125  -0.299109
0.03125  -0.306899
0.125  -0.459306
-0.1875  -0.327101
-0.0625  -0.328627
-0.15625  -0.414354
0  -0.177015
0.0625  -0.49419
-0.0625  -0.472246
0  -0.395135
-0.15625  -0.550694
0.1875  -0.340442
-0.15625  -0.476034
-0.09375  -0.309242
0  -0.470563
-0.1875  -0.506956
0.15625  -0.37844
0.125  -0.425258
-0.15625  -0.462372
-0.03125  -0.32022
-0.125  -0.433191
0.03125  -0.143342
-0.1875  -0.479106
-0.03125  -0.480532
0.03125  -0.339323
-0.125  -0.364227
0  -0.503529
0  -0.408723
-0.03125  -0.291406
-0.21875  -0.615445
0.25  -0.433702
-0.09375  -0.237292
-0.0625  -0.544721
-0.03125  -0.426046
0.15625  -0.447155
-0.1875  -0.506572
0.03125  -0.532289
-0.125  -0.479991
0.125  -0.388442
-0.125  -0.340732
-0.28125  -0.511992
0  -0.586173
-0.125  -0.503836
-0.125  -0.353255
-0.21875  -0.219655
-0.0625  -0.288832
0.15625  -0.591111
0.15625  -0.323385
-0.03125  -0.490449
-0.03125  -0.209879
-0.09375  -0.481028
0.03125  -0.394753
0.09375  -0.400737
0.0625  -0.159871
0.09375  -0.335163
-0.09375  -0.53936
0.03125  -0.50864
0.0625  -0.333404
0  -0.436756
0.125  -0.525951
0.15625  -0.526652
0  -0.327011
0.15625  -0.387049
0.0625  -0.616194
-0.125  -0.38411
-0.03125  -0.293084
-0.1875  -0.128649
-0.09375  -0.334702
0.0625  -0.353983
0.15625  -0.534533
0.03125  -0.447608
-0.03125  -0.271357
0  -0.460296
0.125  -0.542611
0.15625  -0.448332
0.0625  -0.635823
-0.09375  -0.334652
-0.0625  -0.416356
0.09375  -0.348058
-0.03125  -0.421187
0  -0.461271
-0.0625  -0.481291
-0.125  -0.352807
0.03125  -0.265981
-0.0625  -0.144231
0.03125  -0.300472
0.03125  -0.327826
0.03125  -0.288658
0.15625  -0.421296
0.03125  -0.338457
0.0625  -0.297811
0.125  -0.302347
-0.03125  -0.476494
-0.15625  -0.580763
-0.0625  -0.278169
-0.15625  -0.384556
-0.03125  -0.455651
-0.0625  -0.366859
-0.21875  -0.381563
0.1875  -0.392127
0.09375  -0.519009
0.03125  -0.29483
0.0625  -0.303155
-0.28125  -0.447337
0.03125  -0.341983
0.25  -0.535112
0.0625  -0.497718
-0.28125  -0.404321
-0.0625  -0.304332
0.0625  -0.347076
0.25  -0.430951
0.375  -0.299584
0.15625  -0.507132
0.125  -0.517171
-0.09375  -0.324495
-0.0625  -0.45562
0  -0.438823
0.1875  -0.397874
-0.125  -0.490363
-0.09375  -0.260921
0.1875  -0.714782
-0.0625  -0.448611
-0.09375  -0.472302
0.25  -0.277231
0.03125  -0.212842
-0.09375  -0.435498
-0.1875  -0.580736
-0.09375  -0.550667
0.03125  -0.274993
0.09375  -0.601834
-0.03125  -0.518665
-0.0625  -0.257124
-0.0625  -0.422076
0.0625  -0.442949
-0.21875  -0.348692
0.0625  -0.687736
-0.0625  -0.621047
-0.15625  -0.433325
0  -0.593803
0.15625  -0.174128
0.0625  -0.550699
-0.1875  -0.470683
-0.0625  -0.327794
0.03125  -0.421165
-0.125  -0.351323
0.21875  -0.24704
0.0625  -0.328916
0  -0.525799
-0.03125  -0.385537
0  -0.51608
-0.09375  -0.469623
-0.21875  -0.553812
0.0625  -0.0904251
0.25  -0.282065
-0.1875  -0.38073
-0.03125  -0.403021
0.0625  -0.361661
-0.28125  -0.3749
-0.0625  -0.445749
-0.125  -0.471731
0.09375  -0.352662
0.125  -0.379651
0.15625  -0.597796
0.0625  -0.468251
0.15625  -0.427583
0.1875  -0.40964
-0.03125  -0.602554
0.0625  -0.521315
-0.09375  -0.464534
-0.0625  -0.501766
-0.09375  -0.341953
-0.03125  -0.444889
0.0625  -0.42585
0.25  -0.192066
0.0625  -0.542207
0.0625  -0.394023
0.03125  -0.670083
0.03125  -0.407535
0.03125  -0.411903
-0.0625  -0.398505
-0.25  -0.580909
-0.0625  -0.625711
0.0625  -0.462102
-0.28125  -0.439161
-0.03125  -0.429353
0.03125  -0.157947
0.34375  -0.644614
0.03125  -0.103473
0  -0.290689
0.09375  -0.505421
-0.15625  -0.344762
0.1875  -0.452227
0.0625  -0.454317
0.03125  -0.449226
-0.21875  -0.389659
-0.09375  -0.460487
-0.09375  -0.346863
0.0625  -0.36863
0.21875  -0.420896
-0.0625  -0.379296
0.125  -0.41312
0.03125  -0.273591
0.0625  -0.593912
-0.21875  -0.498599
0.0625  -0.438271
-0.3125  -0.466518
0.21875  -0.319391
0.1875  -0.503568
-0.03125  -0.497414
0.25  -0.279253
0.15625  -0.602769
0.28125  -0.459055
0.0625  -0.264252
-0.09375  -0.409341
0.03125  -0.361753
-0.25  -0.465775
0  -0.388112
0.21875  -0.506158
0.3125  -0.458873
-0.03125  -0.420142
0.03125  -0.275938
0.03125  -0.262834
-0.0625  -0.34549
0.0625  -0.336792
-0.1875  -0.438506
-0.03125  -0.317026
-0.125  -0.337953
-0.03125  -0.2605
-0.03125  -0.455523
-0.15625  -0.433932
0.09375  -0.563538
0.21875  -0.56534
-0.15625  -0.323378
0.03125  -0.265099
0.28125  -0.192063
-0.0625  -0.533531
0.0625  -0.246193
-0.03125  -0.232116
0  -0.28674
-0.03125  -0.209738
0.03125  -0.21841
0.0625  -0.357545
-0.03125  -0.371649
0.21875  -0.460997
0.09375  -0.408943
0  -0.446487
0.1875  -0.49677
0.0625  -0.241538
0  -0.52044
0.0625  -0.40476
0.1875  -0.373493
0.0625  -0.501253
0.1875  -0.23546
-0.03125  -0.437326
-0.03125  -0.179811
0  -0.302092
0.1875  -0.559764
0.09375  -0.289672
0.0625  -0.127363
0  -0.211639
-0.03125  -0.533144
-0.21875  -0.15931
0.0625  -0.45818
-0.15625  -0.376257
0.0625  -0.252031
-0.1875  -0.412325
0.1875  -0.330907
0.03125  -0.443299
0.1875  -0.515146
0.3125  -0.267678
0.09375  -0.428124
0  -0.455088
-0.15625  -0.546454
-0.09375  -0.187135
0.125  -0.239494
0  -0.362399
-0.21875  -0.618922
0.03125  -0.432894
0.03125  -0.388326
-0.03125  -0.309161
0  -0.341128
0.0625  -0.523036
-0.0625  -0.198811
0.0625  -0.398235
0.03125  -0.206381
0  -0.494099
-0.125  -0.24068
-0.1875  -0.302566
0.15625  -0.368843
-0.125  -0.331373
0.03125  -0.54151
-0.21875  -0.378754
0.1875  -0.39291
0.0625  -0.465481
-0.0625  -0.40482
0.09375  -0.351443
-0.125  -0.351122
0.09375  -0.511598
0  -0.352557
0.09375  -0.3419
-0.0625  -0.547428
0.15625  -0.509448
0.15625  -0.429816
0.125  -0.756822
0.03125  -0.394804
0.09375  -0.533775
-0.09375  -0.515582
0.0625  -0.433336
-0.09375  -0.406667
-0.3125  -0.0837537
0  -0.518439
0.15625  -0.313398
-0.0625  -0.35089
-0.15625  -0.363317
-0.125  -0.355032
0.0625  -0.320158
0.0625  -0.298918
0.0625  -0.453801
-0.21875  -0.328792
0.125  -0.236922
-0.0625  -0.179648
-0.15625  -0.523312
-0.21875  -0.486735
-0.15625  -0.363684
0.1875  -0.477522
0.25  -0.503181
0.09375  -0.466197
-0.21875  -0.407811
-0.1875  -0.622951
0.0625  -0.551243
-0.09375  -0.450148
0.125  -0.356725
-0.15625  -0.330944
-0.1875  -0.382424
0.25  -0.226974
-0.15625  -0.548184
-0.15625  -0.449199
-0.125  -0.719548
0  -0.523122
-0.09375  -0.59691
-0.0625  -0.478429
0.03125  -0.45743
-0.09375  -0.396371
0.21875  -0.432231
0.0625  -0.331423
-0.0625  -0.481651
0.0625  -0.549622
-0.1875  -0.631391
0.0625  -0.439819
0.0625  -0.516922
0.1875  -0.403544
-0.03125  -0.537093
0.25  -0.38271
0  -0.364456
-0.0625  -0.650692
-0.21875  -0.533111
0.15625  -0.404068
-0.09375  -0.374029
0  -0.539226
0.09375  -0.472329
0.0625  -0.52781
0.09375  -0.331402
-0.03125  -0.491347
0.0625  -0.400216
-0.125  -0.241758
0  -0.434944
0  -0.48517
-0.1875  -0.212751
-0.0625  -0.246879
0.15625  -0.587212
0.09375  -0.17206
0.03125  -0.4876
0  -0.50302
-0.21875  -0.484893
0.125  -0.398896
0  -0.287574
-0.15625  -0.440587
0.09375  -0.5629
0.0625  -0.265559
-0.15625  -0.266215
-0.125  -0.402171
-0.03125  -0.464604
0.21875  -0.551527
0  -0.526535
0  -0.596902
0.03125  -0.440017
0  -0.310136
-0.09375  -0.426784
0.03125  -0.230187
0.03125  -0.52947
-0.03125  -0.429279
-0.21875  -0.273854
0.1875  -0.542631
-0.1875  -0.202377
-0.1875  -0.301444
0.09375  -0.43236
-0.09375  -0.299748
-0.125  -0.321078
0  -0.420255
0.0625  -0.417777
0.03125  -0.583696
0.125  -0.443294
-0.125  -0.641444
0.15625  -0.412652
0.0625  -0.494986
-0.125  -0.572391
0.21875  -0.523349
-0.125  -0.402701
-0.0625  -0.444318
-0.09375  -0.520836
-0.03125  -0.594074
0  -0.418787
0  -0.515194
0  -0.407333
0.15625  -0.4298
-0.1875  -0.332676
-0.0625  -0.222934
0.21875  -0.41122
0.1875  -0.290223
0.25  -0.5686
0.03125  -0.445878
0.0625  -0.209725
-0.0625  -0.549327
0  -0.527088
0.21875  -0.447118
-0.15625  -0.319333
0.03125  -0.31642
0.0625  -0.458583
0.0625  -0.396396
-0.0625  -0.691983
0.0625  -0.503822
0.1875  -0.502483
-0.15625  -0.23873
0.03125  -0.475318
-0.0625  -0.463951
-0.03125  -0.425971
0.03125  -0.479746
-0.15625  -0.202577
-0.0625  -0.436832
-0.09375  -0.426069
0.125  -0.324311
-0.15625  -0.479629
0.09375  -0.31338
-0.09375  -0.484511
0  -0.284516
0  -0.395874
-0.09375  -0.254781
0  -0.463098
0  -0.41198
-0.28125  -0.00515798
0.09375  -0.286962
0  -0.340349
-0.0625  -0.244717
-0.125  -0.518428
-0.125  -0.282333
0.15625  -0.570076
-0.0625  -0.305552
0.1875  -0.350936
-0.09375  -0.304537
-0.03125  -0.345576
-0.15625  -0.369803
0.21875  -0.21522
-0.03125  -0.21273
0.03125  -0.532903
-0.25  -0.460346
0.09375  -0.31579
0.03125  -0.530117
0  -0.304416
0.125  -0.337213
0.15625  -0.451121
-0.125  -0.421985
0  -0.49685
-0.0625  -0.425076
0.21875  -0.276131
0.0625  -0.30439
0.09375  -0.446206
0.15625  -0.361152
0.03125  -0.456304
0.03125  -0.438337
-0.03125  -0.442504
0.15625  -0.383153
-0.0625  -0.482589
-0.0625  -0.417265
0.03125  -0.356167
-0.125  -0.358701
0.15625  -0.381367
0.21875  -0.372175
0.0625  -0.499487
0.1875  -0.420015
0.1875  -0.464108
-0.03125  -0.673222
-0.03125  -0.378592
0.03125  -0.32782
-0.09375  -0.556631
0.09375  -0.350635
0.09375  -0.497371
-0.125  -0.380883
0  -0.381518
-0.03125  -0.368773
0.34375  -0.385366
-0.125  -0.348982
-0.09375  -0.609011
-0.09375  -0.506051
-0.03125  -0.672875
-0.03125  -0.236102
0  -0.490485
-0.09375  -0.463634
0.03125  -0.589482
0  -0.573709
0.0625  -0.524867
-0.09375  -0.575097
0.15625  -0.549191
0.03125  -0.38024
-0.15625  -0.481008
0.25  -0.480754
-0.15625  -0.342499
-0.21875  -0.65489
0  -0.354632
0.15625  -0.490672
0.3125  -0.399857
0  -0.27851
-0.03125  -0.319677
0  -0.386117
-0.21875  -0.66879
0.09375  -0.298391
-0.0625  -0.274061
0.21875  -0.363342
0.0625  -0.267397
0.09375  -0.364463
-0.09375  -0.505031
0.15625  -0.549601
0.125  -0.342049
0.0625  -0.61539
0.15625  -0.413138
-0.09375  -0.429456
-0.21875  -0.550985
-0.0625  -0.496089
-0.0625  -0.454326
0.125  -0.491123
0  -0.428044
-0.09375  -0.776315
0.1875  -0.553276
-0.1875  -0.310167
-0.28125  -0.344976
0.0625  -0.562196
0.03125  -0.1821
-0.0625  -0.40051
0.03125  -0.322563
-0.03125  -0.611868
0.03125  -0.512961
0  -0.481778
-0.03125  -0.432305
0.125  -0.252389
-0.1875  -0.464888
-0.25  -0.351057
-0.09375  -0.444786
0.09375  -0.415615
-0.0625  -0.507839
0.15625  -0.424845
0  -0.416416
0.03125  -0.248102
0.0625  -0.374809
-0.28125  -0.420679
0.21875  -0.265692
0.03125  -0.546581
-0.0625  -0.702276
0.0625  -0.557703
0  -0.462317
-0.03125  -0.502555
-0.15625  -0.278866
0  -0.339414
0.0625  -0.593314
0.09375  -0.492959
0.28125  -0.334334
-0.09375  -0.206201
-0.0625  -0.383458
0  -0.37115
0  -0.415267
-0.21875  -0.402852
-0.0625  -0.162721
-0.03125  -0.287014
-0.09375  -0.315684
0.21875  -0.398687
0.03125  -0.687828
-0.09375  -0.428931
0.125  -0.208873
0.21875  -0.409295
0.0625  -0.546925
-0.21875  -0.356782
-0.03125  -0.356561
0.03125  -0.328253
-0.15625  -0.59302
0  -0.608653
-0.15625  -0.337609
-0.125  -0.516508
0.03125  -0.309663
-0.21875  -0.410182
0.15625  -0.510138
0.03125  -0.246415
-0.03125  -0.571504
-0.0625  -0.520872
-0.21875  -0.427858
-0.28125  -0.187218
0.03125  -0.289841
-0.125  -0.25413
0.09375  -0.292477
0.125  -0.490534
-0.03125  -0.289265
-0.0625  -0.538775
0.0625  -0.460782
-0.03125  -0.515735
-0.125  -0.425242
-0.03125  -0.37722
-0.21875  -0.439162
-0.03125  -0.404223
-0.21875  -0.217904
-0.0625  -0.419064
-0.0625  -0.462504
0.09375  -0.449585
0.03125  -0.403705
0.1875  -0.403449
0.0625  -0.360042
0.1875  -0.612146
0.1875  -0.216983
0.03125  -0.37933
-0.15625  -0.366662
0.09375  -0.599895
0.28125  -0.211888
0.09375  -0.401602
0  -0.354359
0.0625  -0.229422
-0.1875  -0.324569
0.09375  -0.404263
0.03125  -0.681654
0.03125  -0.588658
0.03125  -0.53919
0.0625  -0.50702
0.09375  -0.574517
0.0625  -0.245045
-0.0625  -0.348071
-0.15625  -0.208691
0.0625  -0.525987
-0.25  -0.290432
0.0625  -0.417775
-0.125  -0.478495
-0.0625  -0.507793
-0.09375  -0.403047
-0.0625  -0.336143
0.15625  -0.702442
-0.0625  -0.444152
0.125  -0.528934
-0.0625  -0.423672
-0.21875  -0.464801
0.15625  -0.514863
0.03125  -0.520421
-0.03125  -0.201542
-0.03125  -0.572612
-0.0625  -0.370067
0.125  -0.602388
0.0625  -0.221518
-0.28125  -0.323491
0  -0.615224
0  -0.429467
0.125  -0.471938
-0.0625  -0.368549
-0.09375  -0.35976
-0.0625  -0.442232
-0.1875  -0.250483
0.03125  -0.336627
-0.125  -0.332414
0.0625  -0.272807
-0.125  -0.39924
-0.15625  -0.348257
-0.15625  -0.697456
0.1875  -0.392977
0.0625  -0.531564
0  -0.554494
0.09375  -0.42788
-0.03125  -0.488662
-0.25  -0.468287
-0.15625  -0.597342
0.15625  -0.352305
-0.25  -0.371725
-0.15625  -0.302608
0.15625  -0.712573
0.0625  -0.472586
-0.25  -0.472469
0  -0.368534
0.03125  -0.680677
-0.0625  -0.575103
0.125  -0.435257
-0.03125  -0.221614
-0.28125  -0.387282
-0.03125  -0.516131
-0.03125  -0.555206
0  -0.261448
-0.03125  -0.582115
0.15625  -0.348163
0.25  -0.323657
0  -0.32559
-0.03125  -0.693584
-0.03125  -0.488747
-0.03125  -0.30436
0.09375  -0.432014
0.09375  -0.211364
0.03125  -0.384717
-0.0625  -0.12217
0.03125  -0.595108
-0.15625  -0.318882
0.21875  -0.325468
-0.03125  -0.472519
0.03125  -0.259949
-0.09375  -0.482926
-0.03125  -0.334427
-0.125  -0.509715
-0.09375  -0.496135
-0.1875  -0.456755
0  -0.44355
-0.03125  -0.463631
-0.03125  -0.411064
-0.15625  -0.318556
-0.21875  -0.413421
0.03125  -0.486316
0.1875  -0.580205
-0.03125  -0.275528
-0.125  -0.541284
0.15625  -0.470588
0.09375  -0.587247
0.0625  -0.271219
0.25  -0.183138
-0.03125  -0.465814
0.09375  -0.441786
-0.1875  -0.623901
0  -0.516851
0.09375  -0.493152
0  -0.437347
0.125  -0.503521
0.15625  -0.426999
-0.125  -0.155222
0  -0.502171
0.0625  -0.514598
0.21875  -0.471178
-0.09375  -0.44841
0.09375  -0.509956
-0.09375  -0.266521
0.09375  -0.390711
0.1875  -0.408143
-0.1875  -0.265319
-0.03125  -0.420279
0  -0.430569
0.25  -0.398334
-0.125  -0.352017
0.03125  -0.427928
-0.1875  -0.577822
0.03125  -0.444271
0  -0.475907
0.03125  -0.474783
0.125  -0.466631
0.21875  -0.331246
0.125  -0.504334
-0.03125  -0.437663
0.0625  -0.37848
0.0625  -0.339163
0.03125  -0.494592
0  -0.580157
-0.03125  -0.563019
0.03125  -0.183207
0.0625  -0.449535
0.0625  -0.275876
-0.0625  -0.403708
-0.125  -0.246476
0.0625  -0.516912
-0.25  -0.534573
0.0625  -0.393205
0.0625  -0.361533
0.03125  -0.360237
0.125  -0.59862
0  -0.468366
0.03125  -0.370956
0  -0.232731
0.125  -0.707931
-0.28125  -0.279346
0.34375  -0.483603
-0.03125  -0.555132
-0.09375  -0.339703
-0.03125  -0.161073
-0.09375  -0.387147
0.09375  -0.451338
-0.125  -0.367493
0.21875  -0.426264
0  -0.397582
-0.15625  -0.401354
0.09375  -0.634042
0  -0.471599
-0.0625  -0.329476
0.28125  -0.475889
-0.03125  -0.43528
-0.0625  -0.429881
0.0625  -0.301757
0.03125  -0.121987
-0.09375  -0.394814
-0.03125  -0.379258
0.0625  -0.339947
0.03125  -0.407011
-0.03125  -0.262889
0.03125  -0.487429
0.15625  -0.0473438
0.0625  -0.624735
0.21875  -0.322384
0.0625  -0.319094
0.03125  -0.230629
0.09375  -0.283255
-0.25  -0.318694
-0.125  -0.598199
-0.0625  -0.337005
0  -0.404282
0.03125  -0.44488
-0.125  -0.311906
-0.125  -0.691385
0.09375  -0.421873
-0.15625  -0.373505
-0.34375  -0.507476
0.09375  -0.340308
-0.09375  -0.555551
0.1875  -0.447501
0.125  -0.109321
-0.03125  -0.295888
0.03125  -0.44923
0  -0.507736
0.15625  -0.302805
0.0625  -0.379056
0.1875  -0.491076
0.0625  -0.379009
-0.09375  -0.326985
-0.0625  -0.475299
0.0625  -0.513667
0.0625  -0.314983
-0.15625  -0.569724
0.125  -0.636342
-0.09375  -0.317725
-0.0625  -0.317734
-0.0625  -0.441895
0.1875  -0.597785
-0.03125  -0.674886
-0.125  -0.598776
-0.125  -0.280293
-0.21875  -0.261767
-0.09375  -0.468737
-0.09375  -0.498429
-0.1875  -0.418531
0.21875  -0.373862
0.125  -0.202509
-0.03125  -0.284441
0.1875  -0.171992
-0.03125  -0.448658
-0.0625  -0.347333
0.1875  -0.440797
-0.1875  -0.234345
0.09375  -0.395537
0.15625  -0.296491
-0.125  -0.304602
0.125  -0.301159
0  -0.514102
0.21875  -0.424781
0  -0.272886
0.0625  -0.577816
0  -0.310535
0.25  -0.306273
0.125  -0.232002
0.03125  -0.35461
0.125  -0.328988
-0.03125  -0.510904
0.03125  -0.480437
0.03125  -0.315411
-0.0625  -0.309343
-0.125  -0.29203
-0.03125  -0.357855
0.09375  -0.504676
0.09375  -0.330598
0.03125  -0.428915
0.03125  -0.387577
0.03125  -0.573117
-0.0625  -0.670602
-0.15625  -0.230266
0.0625  -0.362295
0.0625  -0.532577
-0.09375  -0.535081
-0.0625  -0.653309
0.1875  -0.128057
0.09375  -0.669479
-0.1875  -0.458306
-0.0625  -0.429626
-0.09375  -0.362892
0.15625  -0.204478
-0.03125  -0.410135
0.0625  -0.371378
0  -0.337771
-0.125  -0.509046
0.0625  -0.296356
-0.21875  -0.32399
-0.125  -0.227089
0.15625  -0.420549
-0.125  -0.437414
0  -0.603356
0  -0.397551
-0.03125  -0.147147
-0.125  -0.238739
-0.0625  -0.634653
0.03125  -0.475799
0.125  -0.267447
0.09375  -0.462248
-0.28125  -0.385542
0  -0.383041
0.15625  -0.321553
0.28125  -0.492522
-0.0625  -0.335209
0.25  -0.593229
-0.25  -0.324992
0.125  -0.254839
-0.03125  -0.574347
0.03125  -0.488029
0.09375  -0.747094
0.09375  -0.346274
0  -0.376234
-0.0625  -0.442935
-0.28125  -0.486735
0  -0.526542
0.125  -0.444892
0.0625  -0.561736
-0.1875  -0.638096
0.125  -0.321928
0.0625  -0.557674
0.0625  -0.246528
0.40625  -0.485909
0  -0.663441
0.1875  -0.389456
0.03125  -0.343431
0.21875  -0.376987
-0.125  -0.743201
0.25  -0.522233
-0.03125  -0.270643
-0.03125  -0.534671
0.0625  -0.322301
0.0625  -0.150963
0  -0.445749
0.03125  -0.574787
0.15625  -0.590035
-0.125  -0.369944
-0.03125  -0.467353
0.25  -0.524772
0.03125  -0.487797
-0.03125  -0.258442
0.15625  -0.332415
0  -0.53872
-0.03125  -0.672362
-0.09375  -0.313426
0.09375  -0.277927
-0.09375  -0.425571
0.125  -0.553229
0  -0.383251
-0.21875  -0.469796
0.0625  -0.431512
-0.03125  -0.566971
-0.03125  -0.510725
-0.15625  -0.409752
-0.03125  -0.416587
-0.0625  -0.279543
0.0625  -0.427267
-0.03125  -0.360698
-0.03125  -0.394584
0.15625  -0.387486
0.03125  -0.501596
-0.0625  -0.563312
-0.15625  -0.517602
-0.15625  -0.446098
0  -0.46651
-0.0625  -0.327853
0.0625  -0.266913
-0.1875  -0.456866
-0.1875  -0.487283
-0.125  -0.462986
0  -0.366924
-0.0625  -0.263084
-0.09375  -0.572364
0.25  -0.499885
-0.03125  -0.342156
-0.1875  -0.456719
-0.28125  -0.353563
0.03125  -0.564925
0.0625  -0.403387
-0.09375  -0.432979
-0.15625  -0.35103
0.09375  -0.471203
-0.0625  -0.463245
-0.09375  -0.494226
0.0625  -0.30977
0  -0.410206
0.15625  -0.338377
0.09375  -0.565828
0.3125  -0.409936
0  -0.450594
-0.0625  -0.349875
-0.09375  -0.354096
-0.25  -0.600864
0.0625  -0.566303
-0.0625  -0.19492
0.09375  -0.53523
-0.09375  -0.282901
0  -0.334968
-0.1875  -0.602326
0  -0.312732
-0.125  -0.667989
0.28125  -0.420159
0  -0.344098
0.0625  -0.738782
0.09375  -0.480341
0.3125  -0.363049
-0.0625  -0.627196
0  -0.345781
0.3125  -0.606108
0.09375  -0.613287
0.15625  -0.486107
-0.15625  -0.298527
0.1875  -0.325412
-0.1875  -0.57025
0.09375  -0.298201
0.0625  -0.289503
0.21875  -0.657933
0.125  -0.40659
0.09375  -0.333502
0.0625  -0.406922
-0.1875  -0.720338
-0.09375  -0.282106
-0.09375  -0.447525
0  -0.348861
-0.0625  -0.580605
0.21875  -0.588045
0.09375  -0.566107
-0.03125  -0.601208
-0.125  -0.464972
0  -0.522048
-0.125  -0.352735
0.21875  -0.443507
0.0625  -0.520047
0.09375  -0.643655
0.09375  -0.266664
-0.0625  -0.588314
-0.125  -0.500851
0.0625  -0.386232
-0.1875  -0.481056
-0.1875  -0.400414
0.03125  -0.349218
0.125  -0.282396
-0.21875  -0.42846
-0.09375  -0.195502
0  -0.508043
0.0625  -0.173588
-0.0625  -0.540874
-0.0625  -0.30863
-0.15625  -0.371577
-0.125  -0.504202
-0.125  -0.579963
0.0625  -0.331363
0.09375  -0.406639
-0.03125  -0.422499
0.25  -0.292525
-0.03125  -0.421395
0.125  -0.362608
-0.21875  -0.143699
-0.15625  -0.430199
0  -0.476465
-0.03125  -0.636244
0  -0.539009
-0.15625  -0.558976
-0.03125  -0.400516
0.15625  -0.246976
-0.03125  -0.387383
0.125  -0.494422
0.125  -0.38693
-0.125  -0.470455
0.0625  -0.548388
0.09375  -0.327398
-0.03125  -0.259652
0.09375  -0.342376
0.1875  -0.64365
-0.125  -0.544137
-0.09375  -0.522394
0.0625  -0.439647
-0.25  -0.466888
-0.09375  -0.446546
0  -0.557496
0.03125  -0.369742
-0.0625  -0.430779
-0.0625  -0.36279
0  -0.460348
0.0625  -0.423567
-0.15625  -0.217858
0.125  -0.453914
-0.03125  -0.50334
0.15625  -0.374783
-0.09375  -0.319606
0  -0.213078
-0.09375  -0.444277
-0.125  -0.45876
-0.03125  -0.57438
-0.125  -0.391212
0.03125  -0.404417
-0.25  -0.415392
0.09375  -0.341993
0.15625  -0.521139
0.21875  -0.428939
0.125  -0.592033
0.1875  -0.237249
-0.15625  -0.216354
-0.15625  -0.458991
-0.15625  -0.575931
-0.03125  -0.400279
0.0625  -0.418969
-0.0625  -0.2506
0.09375  -0.368005
0  -0.411642
-0.0625  -0.49827
0.0625  -0.605422
0.09375  -0.417851
0  -0.549772
0  -0.542796
0.15625  -0.397053
-0.09375  -0.625136
0.03125  -0.470832
-0.1875  -0.282662
-0.09375  -0.322691
0.125  -0.392291
-0.03125  -0.419361
0  -0.477939
0.15625  -0.563111
0.03125  -0.415007
0  -0.510595
-0.1875  -0.515346
0.03125  -0.205921
-0.0625  -0.44411
-0.03125  -0.315234
-0.28125  -0.322354
-0.0625  -0.324095
-0.0625  -0.421706
-0.03125  -0.291261
0.0625  -0.409949
-0.25  -0.209038
0.03125  -0.204035
0.125  -0.342417
0  -0.487421
0.1875  -0.462987
-0.125  -0.407263
-0.0625  -0.384507
0.09375  -0.186934
-0.1875  -0.343142
0.15625  -0.289733
-0.0625  -0.528416
-0.0625  -0.515269
-0.25  -0.569701
0.03125  -0.331742
0.03125  -0.47383
-0.15625  -0.265828
0.0625  -0.237121
-0.03125  -0.483616
0  -0.423016
-0.1875  -0.288126
0.125  -0.573263
-0.03125  -0.200051
-0.15625  -0.308825
-0.1875  -0.412278
-0.25  -0.349803
0.15625  -0.429082
-0.21875  -0.266507
0.09375  -0.549589
-0.25  -0.447611
-0.03125  -0.253076
-0.09375  -0.341143
-0.09375  -0.475971
-0.1875  -0.418193
0.0625  -0.478815
-0.03125  -0.40181
0.0625  -0.572854
0.1875  -0.437577
0.21875  -0.460252
0.03125  -0.48648
-0.0625  -0.547579
0.15625  -0.439444
0  -0.485265
-0.15625  -0.41784
-0.15625  -0.349412
-0.03125  -0.177747
-0.1875  -0.593991
-0.0625  -0.576413
0.1875  -0.402448
0.1875  -0.334594
0.15625  -0.389474
0  -0.269997
0.03125  -0.612088
0.0625  -0.376475
0.125  -0.464067
0.09375  -0.38712
-0.0625  -0.218687
0.09375  -0.324558
0.28125  -0.27494
0.28125  -0.322146
0.15625  -0.672863
-0.15625  -0.563393
0.15625  -0.45991
0.03125  -0.427569
-0.09375  -0.354809
-0.0625  -0.397742
-0.09375  -0.312387
0.0625  -0.321682
-0.09375  -0.217765
-0.0625  -0.389444
-0.0625  -0.3163
-0.03125  -0.418628
0.03125  -0.436142
-0.03125  -0.447635
0  -0.401763
0.09375  -0.427706
-0.3125  -0.625835
0  -0.33559
0.03125  -0.174236
-0.1875  -0.549448
0.09375  -0.547182
0.25  -0.657066
-0.0625  -0.325838
-0.09375  -0.309445
-0.03125  -0.250164
-0.09375  -0.35889
-0.28125  -0.245211
-0.0625  -0.434284
0.0625  -0.633194
0.21875  -0.455449
0.1875  -0.550799
-0.15625  -0.489006
-0.03125  -0.548512
0  -0.48426
-0.25  -0.524913
-0.09375  -0.382444
0.0625  -0.450079
0  -0.308512
0  -0.472766
0.03125  -0.352293
-0.09375  -0.667962
-0.15625  -0.419559
-0.25  -0.619634
-0.15625  -0.494886
-0.03125  -0.407476
0.09375  -0.608464
0  -0.0488105
0.125  -0.331976
0.125  -0.397437
-0.03125  -0.420045
0.03125  -0.323386
0.125  -0.652135
-0.0625  -0.65633
-0.03125  -0.560847
0  -0.291029
-0.03125  -0.316992
0.125  -0.634722
-0.03125  -0.525329
-0.15625  -0.246426
0.15625  -0.299752
-0.03125  -0.522489
-0.34375  -0.398887
-0.15625  -0.423891
-0.09375  -0.31731
0  -0.513972
-0.15625  -0.310938
-0.0625  -0.535351
0  -0.413626
0.0625  -0.588359
0.21875  -0.344055
0.0625  -0.650183
0.125  -0.338311
-0.09375  -0.380643
-0.03125  -0.485873
0.09375  -0.461937
-0.09375  -0.414661
0.125  -0.259827
-0.125  -0.362777
0.15625  -0.586638
-0.09375  -0.408711
0.125  -0.381179
-0.15625  -0.308676
-0.15625  -0.687755
0.03125  -0.453219
-0.28125  -0.307892
-0.03125  -0.367846
-0.03125  -0.448413
-0.125  -0.446453
0  -0.35255
-0.03125  -0.397937
-0.125  -0.42156
0.0625  -0.389025
-0.09375  -0.353322
0.1875  -0.348538
-0.125  -0.360991
-0.21875  -0.529895
0.25  -0.176977
0.03125  -0.259243
0.125  -0.463795
0.125  -0.605757
-0.15625  -0.697397
-0.09375  -0.323628
-0.03125  -0.276487
0.3125  -0.258395
0.1875  -0.337366
0.03125  -0.264939
0.03125  -0.278418
-0.125  -0.43605
0.03125  -0.366673
0.03125  -0.412233
0.09375  -0.58052
0  -0.360931
-0.0625  -0.371068
-0.0625  -0.592024
-0.1875  -0.520534
0  -0.227865
-0.03125  -0.445591
-0.09375  -0.550316
0.0625  -0.759353
0.03125  -0.243017
0.0625  -0.439003
0.3125  -0.327672
-0.03125  -0.411308
-0.0625  -0.294606
0.125  -0.522605
-0.0625  -0.692936
-0.0625  -0.53187
0.15625  -0.354264
-0.0625  -0.179525
-0.3125  -0.489342
-0.09375  -0.386611
-0.1875  -0.411766
0.15625  -0.340487
0.03125  -0.296028
0.0625  -0.498523
0  -0.473955
0.15625  -0.452972
0  -0.187382
-0.125  -0.448858
-0.21875  -0.496377
-0.09375  -0.164359
0.0625  -0.309756
-0.03125  -0.300221
-0.09375  -0.455117
0.21875  -0.293435
0.09375  -0.432526
0.21875  -0.37212
-0.0625  -0.33471
0.125  -0.359731
0.15625  -0.385607
0.1875  -0.372552
0.125  -0.47398
-0.09375  -0.321689
0.125  -0.577835
-0.15625  -0.346629
0.125  -0.553128
-0.0625  -0.56108
0.03125  -0.483099
-0.03125  -0.437507
0.0625  -0.600952
-0.1875  -0.63267
-0.15625  -0.600086
-0.03125  -0.382693
0.1875  -0.33274
0.03125  -0.441521
-0.375  -0.423673
0.28125  -0.488945
-0.125  -0.654099
-0.03125  -0.435133
0.15625  -0.383192
0.1875  -0.380918
0.1875  -0.480579
0.21875  -0.544673
0.03125  -0.274216
0.125  -0.477148
-0.3125  -0.441455
-0.25  -0.347941
0.21875  -0.224009
0  -0.439471
0  -0.184044
0.15625  -0.40535
0.03125  -0.471753
-0.125  -0.319185
0  -0.635864
0.28125  -0.521265
-0.09375  -0.136022
0.25  -0.404311
0.03125  -0.421942
0.15625  -0.357885
0.125  -0.447695
-0.03125  -0.369552
0.1875  -0.373728
0  -0.458872
0.03125  -0.336929
-0.09375  -0.394594
0.15625  -0.490239
0.03125  -0.574352
0.0625  -0.442861
-0.21875  -0.279389
0.0625  -0.485308
0  -0.454594
-0.03125  -0.342645
-0.125  -0.421877
0  -0.435426
0.1875  -0.568256
0.09375  -0.384577
-0.09375  -0.391086
-0.0625  -0.498844
0.03125  -0.35087
-0.03125  -0.40719
0.09375  -0.324073
0.125  -0.404971
0.09375  -0.544808
0  -0.443587
0.09375  -0.261903
-0.09375  -0.443072
-0.25  -0.535479
-0.21875  -0.588168
0.25  -0.618264
0.125  -0.294063
-0.25  -0.50334
-0.03125  -0.320502
0.1875  -0.469575
0.03125  -0.441065
0.0625  -0.440051
-0.125  -0.56991
0.375  -0.341092
-0.0625  -0.397383
-0.125  -0.481235
0.125  -0.625639
-0.09375  -0.593036
-0.09375  -0.356418
0.125  -0.450455
-0.125  -0.303577
-0.15625  -0.408763
-0.09375  -0.566508
0  -0.201659
0.09375  -0.465715
0.1875  -0.53129
-0.03125  -0.409174
-0.09375  -0.444175
0.0625  -0.36281
0.21875  -0.651828
-0.1875  -0.314108
0.0625  -0.585193
-0.15625  -0.372844
-0.03125  -0.593806
0  -0.492263
0  -0.387447
-0.0625  -0.276802
-0.15625  -0.494654
-0.28125  -0.476429
0  -0.208659
0.03125  -0.395088
0.0625  -0.381595
0.09375  -0.508212
-0.21875  -0.493841
-0.15625  -0.422023
-0.0625  -0.365195
0.125  -0.471636
0.03125  -0.297488
0.09375  -0.427005
0.03125  -0.547371
0.09375  -0.475404
0.0625  -0.444557
-0.1875  -0.497529
-0.0625  -0.509475
-0.125  -0.542996
-0.09375  -0.52439
-0.0625  -0.677781
-0.0625  -0.367595
-0.3125  -0.372957
-0.03125  -0.468441
0.03125  -0.571082
0.03125  -0.531341
-0.03125  -0.4875
-0.15625  -0.366546
0.15625  -0.562482
0.125  -0.345445
-0.25  -0.459284
0.09375  -0.462994
-0.125  -0.403434
0.125  -0.403454
0  -0.441361
-0.1875  -0.489497
0.0625  -0.544158
0.15625  -0.311715
0.03125  -0.264181
0.03125  -0.532651
0  -0.644902
0.125  -0.502287
-0.03125  -0.203121
-0.03125  -0.456311
-0.03125  -0.401418
-0.1875  -0.441124
-0.125  -0.46164
0.03125  -0.509768
-0.09375  -0.53742
0.03125  -0.431467
0.25  -0.519628
-0.0625  -0.241543
0  -0.446606
0.09375  -0.36282
0.21875  -0.47664
-0.1875  -0.445851
0.15625  -0.297552
-0.15625  -0.472285
0.125  -0.397813
-0.1875  -0.57764
0.125  -0.357948
0.03125  -0.286583
-0.125  -0.437097
-0.125  -0.397693
0.09375  -0.292849
0  -0.28576
0.1875  -0.218721
-0.25  -0.365424
-0.15625  -0.228082
-0.09375  -0.440656
0.09375  -0.186885
0.0625  -0.334427
-0.21875  -0.388849
-0.125  -0.350802
-0.09375  -0.148381
-0.28125  -0.336359
0.0625  -0.525948
-0.09375  -0.436592
0  -0.327414
-0.25  -0.163082
0.15625  -0.309059
0.125  -0.276372
0.25  -0.509979
0.03125  -0.343205
0.15625  -0.325488
-0.1875  -0.459439
0.0625  -0.299711
-0.09375  -0.505625
0.03125  -0.605287
-0.09375  -0.417171
-0.03125  -0.445364
0.03125  -0.720933
0.125  -0.394524
-0.03125  -0.34134
-0.0625  -0.521223
0.125  -0.503548
0.125  -0.486955
-0.09375  -0.500544
0.21875  -0.543936
0.125  -0.261844
-0.125  -0.374729
-0.03125  -0.346919
-0.09375  -0.417057
0.25  -0.483836
-0.0625  -0.333778
0.0625  -0.445908
-0.03125  -0.593672
-0.0625  -0.35609
-0.0625  -0.502604
0.15625  -0.274528
-0.15625  -0.28461
-0.15625  -0.295626
-0.0625  -0.331309
0.25  -0.360301
0.15625  -0.333078
-0.0625  -0.47583
-0.03125  -0.587319
-0.0625  -0.364652
-0.09375  -0.522774
-0.3125  -0.534112
-0.03125  -0.397812
0.125  -0.401604
-0.0625  -0.239815
0.125  -0.416057
-0.0625  -0.60983
-0.4375  -0.254624
0.0625  -0.221434
0  -0.507533
-0.21875  -0.490017
0.1875  -0.503363
-0.0625  -0.476305
0  -0.295311
-0.0625  -0.52689
-0.09375  -0.627111
-0.15625  -0.381004
0.28125  -0.576372
0.0625  -0.305393
-0.0625  -0.230304
0  -0.449311
-0.0625  -0.399482
0.125  -0.380944
-0.09375  -0.532531
-0.03125  -0.402855
-0.15625  -0.57841
0.03125  -0.55982
0.09375  -0.393521
-0.09375  -0.407946
0.09375  -0.41409
0.09375  -0.46005
-0.21875  -0.537343
0  -0.332369
0.09375  -0.38796
-0.09375  -0.652666
0  -0.32696
0.125  -0.371551
-0.0625  -0.526231
0  -0.445653
-0.0625  -0.335468
-0.15625  -0.375929
-0.1875  -0.421768
-0.0625  -0.595076
-0.03125  -0.186372
0.03125  -0.334961
-0.28125  -0.53012
0  -0.436282
0.09375  -0.400354
0.03125  -0.388717
-0.15625  -0.528985
0.15625  -0.588181
-0.03125  -0.366675
-0.0625  -0.250348
-0.125  -0.525991
-0.0625  -0.474683
0.09375  -0.313407
-0.03125  -0.262701
0.0625  -0.376844
0  -0.641888
0.0625  -0.576073
0  -0.540344
0.03125  -0.40345
-0.0625  -0.371124
0.0625  -0.195006
-0.09375  -0.210347
-0.0625  -0.540581
-0.125  -0.609993
0.25  -0.255724
-0.125  -0.326961
0.3125  -0.430424
0  -0.459364
0  -0.439832
-0.21875  -0.398994
0.1875  -0.401934
-0.0625  -0.334107
-0.125  -0.34294
0  -0.289711
0.03125  -0.612061
-0.125  -0.359573
-0.03125  -0.648023
0  -0.546544
-0.1875  -0.52668
0.09375  -0.159477
0  -0.694253
-0.03125  -0.325765
0.09375  -0.293239
0  -0.441007
0.125  -0.42024
0.1875  -0.534449
-0.125  -0.320591
-0.03125  -0.226075
0.03125  -0.484634
0.15625  -0.421188
0.15625  -0.588851
0.09375  -0.317518
0.03125  -0.319443
-0.125  -0.513245
0  -0.408601
0.09375  -0.22462
-0.15625  -0.252344
0  -0.326493
-0.25  -0.407545
-0.15625  -0.416571
0.125  -0.415706
-0.0625  -0.440063
0.03125  -0.467608
0.03125  -0.371591
0.0625  -0.572133
-0.03125  -0.429347
-0.03125  -0.179809
-0.09375  -0.499317
-0.15625  -0.542926
-0.15625  -0.245965
-0.0625  -0.339148
0  -0.404489
0.03125  -0.21372
-0.125  -0.382201
-0.09375  -0.44676
0.09375  -0.470678
-0.125  -0.493548
0.28125  -0.446291
-0.1875  -0.177187
-0.21875  -0.304687
-0.15625  -0.483576
-0.15625  -0.366761
0.03125  -0.395291
-0.09375  -0.370767
-0.0625  -0.311676
-0.09375  -0.314683
0.125  -0.475461
-0.21875  -0.150217
0.125  -0.432191
-0.09375  -0.623752
0.03125  -0.491678
-0.1875  -0.419238
0  -0.360294
0.09375  -0.589142
0.09375  -0.43403
0.0625  -0.212217
0  -0.463475
0.125  -0.401844
0.09375  -0.227443
0  -0.391709
-0.03125  -0.496097
0.3125  -0.433464
-0.03125  -0.0820208
-0.09375  -0.462316
-0.21875  -0.632022
-0.03125  -0.483388
0.03125  -0.357895
0.03125  -0.37117
0.0625  -0.617135
-0.09375  -0.512317
-0.0625  -0.45318
-0.0625  -0.450604
-0.125  -0.585167
-0.0625  -0.71043
-0.125  -0.455636
-0.09375  -0.442053
0.15625  -0.41064
-0.1875  -0.528428
-0.03125  -0.470369
-0.0625  -0.401834
-0.125  -0.43439
0.375  -0.462267
0.1875  -0.356292
0  -0.506564
-0.125  -0.626032
0  -0.241019
0.15625  -0.447733
-0.09375  -0.433901
0.0625  -0.358794
-0.09375  -0.539834
0.0625  -0.514873
0.03125  -0.560731
-0.03125  -0.428878
-0.0625  -0.319121
-0.125  -0.459586
0.0625  -0.438792
0.125  -0.301027
-0.03125  -0.535495
0.125  -0.156853
-0.0625  -0.567756
-0.25  -0.526823
-0.09375  -0.536021
0.15625  -0.528695
-0.03125  -0.293779
-0.15625  -0.442511
0.1875  -0.550796
-0.0625  -0.611921
-0.09375  -0.454167
0  -0.298213
0.09375  -0.388294
0  -0.596968
-0.09375  -0.614322
0  -0.454968
0.28125  -0.424392
-0.09375  -0.588549
-0.25  -0.258449
-0.09375  -0.285419
0  -0.609689
0.1875  -0.361297
-0.15625  -0.460809
0.03125  -0.530622
0.28125  -0.473773
-0.15625  -0.43334
0.0625  -0.365793
0.03125  -0.542838
0.09375  -0.143515
0.15625  -0.560905
0  -0.522684
-0.03125  -0.421534
-0.03125  -0.661653
0  -0.261164
0.03125  -0.474495
0.03125  -0.459376
-0.125  -0.435921
-0.15625  -0.464783
0.15625  -0.459962
-0.15625  -0.498561
0  -0.298768
-0.21875  -0.386089
-0.03125  -0.392926
-0.03125  -0.219875
0.25  -0.379364
0.125  -0.511151
0.0625  -0.416246
-0.0625  -0.562413
0  -0.326827
0.15625  -0.330958
-0.0625  -0.586116
0.0625  -0.511962
-0.0625  -0.502024
-0.0625  -0.254209
-0.0625  -0.431414
-0.0625  -0.54456
-0.15625  -0.387801
-0.0625  -0.386295
-0.21875  -0.202824
0  -0.581236
0.03125  -0.16637
-0.1875  -0.459001
0.125  -0.528835
-0.1875  -0.446916
0.09375  -0.24133
0.0625  -0.32434
-0.09375  -0.403591
0.1875  -0.323278
0.09375  -0.377946
-0.03125  -0.451887
-0.125  -0.535636
-0.0625  -0.431014
0  -0.42448
0.125  -0.514473
-0.25  -0.335951
-0.0625  -0.394568
0.09375  -0.277602
0.03125  -0.383769
0.125  -0.374958
-0.03125  -0.591695
-0.15625  -0.432509
0.21875  -0.703853
-0.15625  -0.492964
0.125  -0.43163
0.03125  -0.313006
-0.125  -0.502037
-0.03125  -0.430864
-0.21875  -0.377447
-0.125  -0.523598
0.09375  -0.466599
0.21875  -0.309268
0.125  -0.380648
-0.21875  -0.308817
0.21875  -0.469012
-0.125  -0.704384
0.125  -0.293921
0.15625  -0.379322
-0.09375  -0.368094
-0.1875  -0.566546
0.0625  -0.453147
0  -0.441228
0.03125  -0.312136
0.0625  -0.313965
0.09375  -0.552896
-0.0625  -0.289806
0.03125  -0.294409
0.125  -0.304237
-0.03125  -0.550985
-0.0625  -0.38502
0.03125  -0.531349
0.125  -0.465781
-0.1875  -0.321781
0.03125  -0.284451
-0.15625  -0.418072
0  -0.492984
0.03125  -0.190221
0.15625  -0.494757
0.0625  -0.345234
0.21875  -0.497477
-0.0625  -0.417003
0  -0.399182
0.0625  -0.533418
-0.34375  -0.472297
-0.03125  -0.306259
0.03125  -0.453573
0.09375  -0.45828
-0.125  -0.379666
0.09375  -0.436813
0.09375  -0.327198
0.09375  -0.361081
0.03125  -0.398156
0.0625  -0.203923
-0.0625  -0.5513
-0.03125  -0.253537
0.15625  -0.421558
-0.0625  -0.657433
0.03125  -0.398016
-0.09375  -0.134362
-0.125  -0.427013
0.0625  -0.541331
0  -0.463807
-0.125  -0.396981
0.0625  -0.65088
0  -0.186711
-0.03125  -0.580233
-0.0625  -0.443403
-0.03125  -0.349147
-0.1875  -0.417464
0.09375  -0.608184
-0.0625  -0.476617
0.03125  -0.328262
0.125  -0.457037
0  -0.573194
0.21875  -0.610875
0.125  -0.320376
0.15625  -0.544733
0.25  -0.305367
0.21875  -0.103192
-0.03125  -0.293526
0.28125  -0.33615
0.125  -0.552869
0.1875  -0.411038
0.03125  -0.31165
0  -0.331508
0.125  -0.467953
-0.0625  -0.467756
0.25  -0.351867
-0.09375  -0.234777
0.0625  -0.327676
-0.09375  -0.360568
0.03125  -0.281256
-0.125  -0.20534
-0.03125  -0.339777
0.15625  -0.189393
0.125  -0.443924
0.03125  -0.621743
0.0625  -0.420592
0.15625  -0.430472
-0.125  -0.31833
-0.34375  -0.381971
-0.28125  -0.52349
0.125  -0.5488
0.0625  -0.527655
0.09375  -0.564315
0.0625  -0.465657
0.09375  -0.204174
-0.0625  -0.303159
0.03125  -0.631061
0  -0.476325
0.03125  -0.611408
-0.125  -0.777823
0.09375  -0.472678
-0.3125  -0.233651
-0.03125  -0.487147
-0.125  -0.280668
0.0625  -0.493767
0  -0.605358
-0.21875  -0.329675
0.125  -0.376706
-0.125  -0.309399
-0.0625  -0.508362
0.09375  -0.347343
-0.1875  -0.533319
0.0625  -0.50806
0.0625  -0.419715
-0.03125  -0.243491
-0.0625  -0.575035
-0.0625  -0.438722
0.09375  -0.315642
-0.1875  -0.291084
-0.125  -0.635959
-0.15625  -0.509125
-0.25  -0.451574
0  -0.436487
-0.375  -0.139903
-0.0625  -0.327764
0.0625  -0.330079
0.03125  -0.470368
-0.34375  -0.420668
-0.09375  -0.424615
-0.34375  -0.417878
0.125  -0.470603
-0.15625  -0.152291
-0.0625  -0.325688
-0.03125  -0.433527
0.0625  -0.487851
-0.03125  -0.566792
-0.03125  -0.413303
0.1875  -0.378202
-0.0625  -0.372106
-0.15625  -0.460895
-0.03125  -0.600564
0.0625  -0.578039
0.0625  -0.539015
-0.0625  -0.359072
0.21875  -0.201831
-0.21875  -0.515936
0.0625  -0.60874
-0.15625  -0.486026
0  -0.636277
-0.1875  -0.552442
0  -0.573237
0  -0.421319
-0.09375  -0.404862
0.0625  -0.548454
-0.0625  -0.531993
-0.125  -0.459523
0.3125  -0.413995
0.1875  -0.468998
0.0625  -0.51341
-0.09375  -0.453153
-0.0625  -0.36204
0.0625  -0.478026
0.0625  -0.561691
0  -0.690937
0.09375  -0.508747
-0.09375  -0.378007
-0.09375  -0.358141
-0.09375  -0.307562
0.0625  -0.494472
-0.0625  -0.434025
0.125  -0.580581
-0.125  -0.284261
0  -0.564222
0.03125  -0.397283
0.03125  -0.513351
-0.125  -0.402775
-0.0625  -0.391084
-0.28125  -0.32584
-0.125  -0.465785
0.09375  -0.493367
-0.15625  -0.341993
0  -0.50752
0.0625  -0.391134
0.03125  -0.502475
0.0625  -0.258346
0.15625  -0.409733
0.125  -0.371282
0  -0.289534
0  -0.372058
-0.15625  -0.413322
-0.09375  -0.579331
-0.15625  -0.341916
0.125  -0.410403
-0.0625  -0.444044
-0.0625  -0.342852
0.03125  -0.446799
0.0625  -0.545799
-0.125  -0.525675
0.21875  -0.435951
0.09375  -0.335164
0.03125  -0.434571
-0.03125  -0.421165
-0.21875  -0.297493
-0.0625  -0.321489
0.15625  -0.25338
0  -0.418194
0.15625  -0.311105
0.0625  -0.50694
0.15625  -0.480919
-0.0625  -0.504514
0.0625  -0.373239
0  -0.540832
-0.15625  -0.444899
-0.0625  -0.497137
-0.0625  -0.40867
0.0625  -0.380395
-0.0625  -0.57077
0.125  -0.360847
0  -0.47911
0.125  -0.314863
-0.03125  -0.632373
0.0625  -0.482565
0  -0.575424
-0.03125  -0.347855
-0.1875  -0.500544
0.03125  -0.282828
0.15625  -0.43993
-0.21875  -0.379017
-0.3125  -0.43016
-0.21875  -0.377858
0.09375  -0.617625
0.125  -0.395568
0.09375  -0.469289
-0.0625  -0.233678
-0.15625  -0.576477
-0.09375  -0.512622
0  -0.372012
-0.15625  -0.517754
-0.21875  -0.549732
0  -0.576847
0.15625  -0.488458
0  -0.482862
0  -0.363098
-0.3125  -0.478907
0.03125  -0.468088
-0.1875  -0.555075
0.03125  -0.602725
0  -0.412222
0.09375  -0.26342
-0.09375  -0.402443
0.09375  -0.579428
-0.03125  -0.2301
-0.0625  -0.563351
-0.15625  -0.432036
-0.03125  -0.274986
0.125  -0.528979
-0.1875  -0.448072
-0.125  -0.384506
0.15625  -0.578141
-0.0625  -0.591485
0.03125  -0.651638
0.09375  -0.0952546
-0.03125  -0.446176
-0.03125  -0.395935
-0.1875  -0.421895
0.25  -0.479852
0.03125  -0.438506
0.0625  -0.291627
-0.0625  -0.180996
-0.25  -0.604615
-0.125  -0.404386
0.0625  -0.576303
0.15625  -0.491737
0.09375  -0.321528
0.03125  -0.27428
0.28125  -0.328665
0.03125  -0.435555
-0.0625  -0.315756
-0.15625  -0.295393
-0.03125  -0.471684
0.0625  -0.500904
-0.03125  -0.430868
0.1875  -0.156811
0  -0.507913
-0.125  -0.573546
0.25  -0.34845
-0.15625  -0.611282
0.0625  -0.465791
0.125  -0.291085
-0.0625  -0.528967
0.25  -0.433778
0.21875  -0.370846
-0.1875  -0.598178
0.0625  -0.474859
-0.1875  -0.249748
0.03125  -0.557357
-0.0625  -0.404085
-0.125  -0.336205
-0.0625  -0.550882
0.09375  -0.448212
0.125  -0.51999
0.0625  -0.315334
0.28125  -0.453517
-0.09375  -0.440881
-0.125  -0.543608
0.0625  -0.522604
-0.09375  -0.455402
-0.0625  -0.448433
0.125  -0.385758
-0.15625  -0.230658
-0.03125  -0.368098
0.125  -0.460506
0.09375  -0.329569
-0.03125  -0.297118
0  -0.306299
-0.15625  -0.566899
0.1875  -0.131236
-0.0625  -0.578533
-0.0625  -0.33645
-0.03125  -0.461527
-0.09375  -0.234897
-0.03125  -0.318702
0  -0.485812
0  -0.478605
-0.1875  -0.414452
0.15625  -0.226417
-0.125  -0.570567
0.03125  -0.32792
-0.09375  -0.351116
-0.03125  -0.277459
0.09375  -0.5469
0  -0.458454
-0.09375  -0.704264
0.03125  -0.254193
0.03125  -0.30325
0.125  -0.429843
-0.03125  -0.350617
0.09375  -0.33007
-0.0625  -0.461263
-0.125  -0.491164
0.15625  -0.394958
-0.28125  -0.490582
-0.125  -0.410163
-0.09375  -0.447309
0.09375  -0.36804
-0.0625  -0.358503
0.125  -0.471575
0.03125  -0.260903
-0.0625  -0.309272
-0.0625  -0.409271
-0.25  -0.39965
0.125  -0.530207
0  -0.34822
0  -0.275171
-0.0625  -0.286028
0.03125  -0.141333
-0.09375  -0.276071
-0.03125  -0.236488
0.15625  -0.369212
-0.125  -0.478836
0.03125  -0.337933
-0.0625  -0.615173
-0.0625  -0.495129
0.09375  -0.18433
0.0625  -0.326225
0.21875  -0.47124
-0.0625  -0.399781
-0.09375  -0.354927
0.0625  -0.505498
0  -0.425377
0.0625  -0.401484
-0.09375  -0.448403
0.25  -0.393022
0.09375  -0.383365
0.0625  -0.648245
-0.03125  -0.38127
0.15625  -0.673778
0.1875  -0.602249
-0.15625  -0.63614
-0.0625  -0.108512
0.3125  -0.516821
-0.03125  -0.327936
-0.03125  -0.496914
0.09375  -0.257519
0.03125  -0.241235
0.1875  -0.407024
0.03125  -0.426147
-0.1875  -0.431408
0.125  -0.547918
0.09375  -0.706772
0.03125  -0.46244
0.3125  -0.543787
-0.1875  -0.482905
-0.09375  -0.44636
0.125  -0.685934
0.15625  -0.675554
-0.03125  -0.339855
0.15625  -0.520754
0  -0.382781
-0.09375  -0.44286
0.25  -0.450191
-0.03125  -0.263018
0.125  -0.395466
-0.03125  -0.627926
0.03125  -0.678181
-0.15625  -0.371909
0.125  -0.19141
0.0625  -0.274369
0.15625  -0.373581
-0.03125  -0.543481
-0.03125  -0.461938
-0.125  -0.43371
0.125  -0.312553
-0.09375  -0.396305
-0.09375  -0.338842
-0.03125  -0.519026
0  -0.592491
0.03125  -0.218655
-0.0625  -0.454103
-0.0625  -0.66979
0.03125  -0.484865
0.0625  -0.550059
0.28125  -0.567099
-0.21875  -0.399982
0  -0.48669
0.15625  -0.379545
-0.25  -0.301118
0  -0.413855
-0.0625  -0.426345
0.125  -0.558812
0.1875  -0.485803
-0.03125  -0.421055
0.125  -0.280469
0  -0.401583
0.125  -0.51434
0.09375  -0.436157
-0.0625  -0.564775
0.09375  -0.627867
0  -0.501872
0.1875  -0.706759
-0.03125  -0.36521
0.03125  -0.498821
0.15625  -0.391304
-0.09375  -0.315958
-0.125  -0.446086
0.09375  -0.126989
0.0625  -0.62162
0.03125  -0.369569
0  -0.452755
0.125  -0.375082
0.1875  -0.346583
0.25  -0.284294
-0.0625  -0.385769
0.09375  -0.381192
-0.03125  -0.221456
0.125  -0.282097
-0.15625  -0.549084
0.0625  -0.45447
0.09375  -0.450716
-0.21875  -0.100625
0.125  -0.363202
-0.0625  -0.490769
0.15625  -0.439246
0.03125  -0.542022
-0.0625  -0.47925
0.0625  -0.45675
-0.03125  -0.233789
0.03125  -0.229541
0.03125  -0.515506
0.4375  -0.32388
-0.0625  -0.46646
0.1875  -0.511895
0.03125  -0.433227
0.0625  -0.609919
-0.125  -0.716604
-0.09375  -0.348818
0.03125  -0.403768
0.0625  -0.555599
-0.0625  -0.369519
0.09375  -0.457933
0.125  -0.369926
-0.15625  -0.507506
-0.03125  -0.595934
0.15625  -0.447359
-0.03125  -0.480674
-0.125  -0.38726
-0.34375  -0.345867
0.09375  -0.182263
0.0625  -0.248158
0.15625  -0.300335
0.03125  -0.623219
0.1875  -0.356977
0.09375  -0.259866
0.0625  -0.435237
-0.125  -0.439957
0.125  -0.397438
0.3125  -0.497741
-0.0625  -0.369887
-0.15625  -0.221065
0.09375  -0.40522
-0.03125  -0.251163
-0.15625  -0.294475
0.15625  -0.406894
0.03125  -0.485277
0.03125  -0.592498
0.125  -0.471739
-0.09375  -0.450717
-0.34375  -0.653528
0.15625  -0.35158
0.09375  -0.186731
-0.03125  -0.244864
-0.09375  -0.43257
0  -0.56314
-0.15625  -0.245609
-0.15625  -0.511838
0.03125  -0.458683
0  -0.580231
0.34375  -0.457374
0.15625  -0.3535
0  -0.61648
0.0625  -0.385378
0.09375  -0.544027
0.15625  -0.615119
-0.0625  -0.374753
0.21875  -0.420407
0.15625  -0.45347
0.03125  -0.531318
0.21875  -0.498586
-0.03125  -0.526045
-0.21875  -0.222018
0.21875  -0.110822
-0.125  -0.351943
0.03125  -0.540983
0  -0.470664
0.3125  -0.270809
0.1875  -0.505199
-0.0625  -0.482915
-0.09375  -0.477317
0.0625  -0.368288
0.03125  -0.462073
-0.125  -0.594492
-0.09375  -0.366856
-0.1875  -0.26668
0.125  -0.453922
-0.125  -0.499832
-0.125  -0.592306
-0.125  -0.487289
0.28125  -0.349304
0.1875  -0.413522
0.15625  -0.21516
-0.15625  -0.464682
0  -0.526504
0.15625  -0.145746
0.09375  -0.469481
-0.0625  -0.581151
0.125  -0.207363
-0.03125  -0.403426
0.0625  -0.441648
-0.28125  -0.185948
-0.15625  -0.403512
0  -0.464589
-0.3125  -0.285427
0.03125  -0.409485
0.09375  -0.416634
-0.1875  -0.368542
-0.09375  -0.369345
0.1875  -0.703666
0.09375  -0.35287
-0.21875  -0.33151
0.21875  -0.346805
-0.0625  -0.502255
-0.03125  -0.31402
-0.03125  -0.442314
0  -0.294349
0.125  -0.487401
-0.21875  -0.270557
0  -0.464158
0.0625  -0.155258
-0.1875  -0.33931
-0.09375  -0.395821
0  -0.335651
0  -0.487805
0.15625  -0.525518
-0.125  -0.416115
-0.09375  -0.408756
-0.1875  -0.476054
-0.125  -0.363147
0.0625  -0.402518
0.09375  -0.482901
0.03125  -0.439104
-0.03125  -0.506791
0.09375  -0.390478
0  -0.473982
-0.03125  -0.645395
0.03125  -0.556747
-0.1875  -0.467436
0.125  -0.438976
-0.125  -0.339191
0.125  -0.442627
-0.03125  -0.169666
0.09375  -0.469393
0.0625  -0.416805
-0.0625  -0.372749
0.0625  -0.345168
-0.125  -0.350105
0.0625  -0.417275
0.09375  -0.568344
0.09375  -0.554417
-0.09375  -0.335136
0.125  -0.335563
0.0625  -0.411876
0.03125  -0.701571
0.0625  -0.450889
0  -0.334568
0.25  -0.409999
-0.125  -0.451368
0.0625  -0.332229
0.03125  -0.529477
0.3125  -0.446666
-0.03125  -0.467336
0.15625  -0.4449
0.25  -0.467162
0.03125  -0.224475
0  -0.604781
0  -0.501737
0.03125  -0.527892
0.0625  -0.275614
-0.125  -0.307543
-0.03125  -0.432935
-0.0625  -0.429575
0.15625  -0.344502
-0.1875  -0.303177
0.125  -0.502569
0.09375  -0.384852
-0.25  -0.24574
-0.125  -0.405731
0.03125  -0.520365
0.1875  -0.274221
0.125  -0.366902
0.0625  -0.492182
0.21875  -0.341424
0.0625  -0.458474
0.03125  -0.428153
0  -0.547158
-0.09375  -0.440665
0.09375  -0.403093
0.1875  -0.522123
0  -0.418284
0.03125  -0.458051
0.0625  -0.318151
0.0625  -0.249959
-0.25  -0.378805
-0.0625  -0.434786
0.0625  -0.451507
-0.125  -0.226521
0.28125  -0.329691
0.1875  -0.463778
-0.0625  -0.44806
0.21875  -0.267488
-0.21875  -0.502128
-0.03125  -0.414313
-0.09375  -0.621598
-0.15625  -0.362402
0.09375  -0.348541
0.03125  -0.109518
0.0625  -0.433961
0.09375  -0.656078
0  -0.377477
-0.15625  -0.335401
0.09375  -0.451046
-0.125  -0.328554
0.03125  -0.479836
0.125  -0.479213
0.03125  -0.424036
0.03125  -0.360582
0.125  -0.360951
-0.03125  -0.314581
-0.0625  -0.52796
-0.125  -0.530797
0  -0.268121
-0.0625  -0.389046
0.125  -0.227981
0.09375  -0.356205
0.15625  -0.353628
-0.03125  -0.395406
-0.03125  -0.527452
0  -0.398613
-0.1875  -0.472389
0.03125  -0.40775
-0.0625  -0.583532
-0.125  -0.333461
-0.15625  -0.260452
-0.3125  -0.475464
-0.25  -0.341338
0.03125  -0.227867
0.09375  -0.502103
-0.09375  -0.316735
-0.21875  -0.327098
0.34375  -0.369415
0.1875  -0.430979
-0.0625  -0.190461
-0.0625  -0.396655
-0.03125  -0.352816
0.09375  -0.610393
0.1875  -0.516938
0.25  -0.256657
0.125  -0.263695
-0.0625  -0.482808
-0.25  -0.65498
-0.34375  -0.359476
0.09375  -0.379799
0.125  -0.335996
-0.0625  -0.447484
-0.125  -0.503301
0.09375  -0.371346
0.125  -0.368841
-0.1875  -0.308569
0.03125  -0.334902
0  -0.665695
0.03125  -0.471743
0.0625  -0.489981
0.03125  -0.379404
-0.03125  -0.377997
-0.1875  -0.41434
0.25  -0.412194
0.125  -0.334364
0.125  -0.355753
0.21875  -0.57161
-0.15625  -0.525338
-0.09375  -0.235997
0.03125  -0.432411
0.09375  -0.351654
-0.21875  -0.286677
-0.09375  -0.552413
0.0625  -0.534921
0.0625  -0.255925
-0.1875  -0.219195
0  -0.328047
-0.15625  -0.421011
0.15625  -0.375594
0.09375  -0.665382
-0.09375  -0.407462
-0.0625  -0.408348
0.09375  -0.365019
0.03125  -0.478782
-0.28125  -0.44538
0.15625  -0.434392
0.03125  -0.476087
0  -0.621602
-0.09375  -0.439119
0  -0.311269
0.09375  -0.414691
-0.03125  -0.344877
-0.09375  -0.441772
0.1875  -0.432567
0  -0.260891
-0.125  -0.43966
0  -0.318981
-0.3125  -0.543381
-0.03125  -0.409301
0.125  -0.231185
-0.25  -0.45149
0.15625  -0.401549
0.28125  -0.46492
0.125  -0.287619
0.03125  -0.303601
0.0625  -0.159834
0.09375  -0.364473
0  -0.490022
-0.1875  -0.318845
-0.09375  -0.35701
0.21875  -0.492519
-0.0625  -0.38479
0.15625  -0.30145
0.125  -0.537592
-0.125  -0.410664
-0.0625  -0.351946
-0.09375  -0.216716
0.1875  -0.0839093
0.125  -0.474734
-0.125  -0.370257
-0.1875  -0.465772
0.09375  -0.282321
0.0625  -0.359988
-0.09375  -0.503892
-0.125  -0.666369
0.15625  -0.63142
-0.1875  -0.418949
0.0625  -0.244783
-0.03125  -0.662476
-0.1875  -0.251958
0.09375  -0.304814
0.15625  -0.509244
-0.15625  -0.422743
-0.09375  -0.375198
0  -0.474449
0.25  -0.315131
-0.09375  -0.400441
0.125  -0.381589
-0.15625  -0.449616
-0.0625  -0.26554
-0.09375  -0.218532
0.125  -0.438235
-0.40625  -0.29817
-0.03125  -0.30715
-0.09375  -0.466504
-0.09375  -0.490279
0.125  -0.404135
0  -0.133047
0.21875  -0.498683
0  -0.477233
-0.125  -0.538127
-0.03125  -0.635473
-0.15625  -0.454591
-0.125  -0.498268
0  -0.342734
-0.09375  -0.384928
0.0625  -0.51943
-0.125  -0.694864
0.03125  -0.366014
0.09375  -0.163595
0.1875  -0.386693
0.125  -0.363442
0.03125  -0.562461
-0.375  -0.700985
0.1875  -0.547348
0  -0.290897
0.09375  -0.300345
0.0625  -0.269453
0.15625  -0.500211
-0.0625  -0.360112
-0.0625  -0.347277
0.03125  -0.345878
0.1875  -0.586673
0.125  -0.410488
0  -0.433287
0.1875  -0.593878
-0.15625  -0.485454
-0.15625  -0.380767
-0.0625  -0.493756
-0.125  -0.592292
0.03125  -0.307679
-0.03125  -0.39608
0.28125  -0.408727
0  -0.299251
0  -0.454521
-0.03125  -0.424443
-0.09375  -0.607559
0.03125  -0.370819
0.03125  -0.538288
-0.03125  -0.294657
0.0625  -0.39953
-0.15625  -0.308552
0  -0.516468
-0.0625  -0.425184
-0.0625  -0.488161
-0.03125  -0.431944
-0.0625  -0.454854
0.0625  -0.390518
-0.1875  -0.617537
0.09375  -0.392261
-0.125  -0.574336
-0.0625  -0.365368
-0.09375  -0.629001
-0.09375  -0.473508
0.0625  -0.573282
0.1875  -0.486822
0.0625  -0.515698
0.03125  -0.441486
0  -0.482293
0.03125  -0.472502
-0.09375  -0.311325
0.125  -0.409237
-0.1875  -0.564228
0.0625  -0.642212
0.09375  -0.432452
0.0625  -0.459397
-0.03125  -0.29529
-0.21875  -0.247691
0  -0.315418
-0.125  -0.343337
-0.125  -0.343442
-0.03125  -0.601767
-0.125  -0.28672
-0.03125  -0.399232
-0.03125  -0.0814601
0  -0.5165
0  -0.417664
-0.09375  -0.436764
0.03125  -0.329252
0.09375  -0.423299
0.03125  -0.348477
0.1875  -0.23928
-0.03125  -0.48607
0.1875  -0.41396
-0.28125  -0.446603
0.09375  -0.305092
-0.15625  -0.519815
0  -0.355233
0  -0.337829
0.15625  -0.344364
0  -0.535661
0.15625  -0.583621
0.21875  -0.48965
0.15625  -0.390332
-0.0625  -0.356841
0.03125  -0.572267
0.0625  -0.445363
-0.1875  -0.491966
0.0625  -0.477289
0  -0.3746
0.0625  -0.466509
-0.15625  -0.34925
0.15625  -0.55923
0.25  -0.447287
0.03125  -0.430985
-0.09375  -0.366599
-0.15625  -0.570429
-0.03125  -0.472419
0.25  -0.182382
0.09375  -0.385468
0.0625  -0.671781
0.15625  -0.545096
0.03125  -0.493612
0.1875  -0.406197
-0.03125  -0.443124
0  -0.318862
0.15625  -0.577127
-0.0625  -0.444199
0.15625  -0.491839
0.09375  -0.427475
-0.03125  -0.318215
0.03125  -0.537998
0.125  -0.233342
-0.03125  -0.58671
0.21875  -0.520021
0.09375  -0.425052
0.0625  -0.317001
0.125  -0.365159
-0.0625  -0.303623
-0.0625  -0.187737
0.0625  -0.262179
0.0625  -0.21584
0.0625  -0.283607
-0.03125  -0.571787
-0.03125  -0.296818
0  -0.275513
0.03125  -0.454704
-0.03125  -0.0946543
-0.125  -0.425784
-0.09375  -0.518363
-0.1875  -0.489757
0  -0.618272
0.15625  -0.441111
0  -0.327314
0.0625  -0.434036
-0.15625  -0.360715
-0.03125  -0.635837
0.0625  -0.526154
0.09375  -0.385611
-0.03125  -0.283039
-0.21875  -0.472728
0.03125  -0.371436
0.0625  -0.498518
0.03125  -0.536107
-0.21875  -0.41309
-0.09375  -0.46175
0.15625  -0.296664
0.1875  -0.47777
0.3125  -0.416476
-0.03125  -0.498623
0.09375  -0.357174
0.03125  -0.285837
-0.03125  -0.40331
-0.03125  -0.492708
0.03125  -0.205062
-0.1875  -0.109577
-0.09375  -0.408378
0.09375  -0.309729
0.0625  -0.494132
-0.15625  -0.545352
-0.125  -0.4539
0.03125  -0.490757
0  -0.521646
0.1875  -0.420388
-0.21875  -0.479803
-0.3125  -0.33597
0.15625  -0.220749
-0.0625  -0.522212
0.09375  -0.343724
0.03125  -0.3829
-0.03125  -0.533162
0.25  -0.660665
0.125  -0.359111
-0.0625  -0.417268
0.03125  -0.275002
0.15625  -0.305216
0.0625  -0.500137
0.125  -0.211567
0.09375  -0.479129
-0.0625  -0.251217
-0.125  -0.544182
-0.03125  -0.569202
-0.25  -0.493538
0  -0.364378
0  -0.367058
-0.125  -0.445107
-0.21875  -0.597964
-0.0625  -0.670753
0.0625  -0.54908
0  -0.461662
0.34375  -0.565553
0  -0.351028
-0.03125  -0.364033
0.125  -0.551991
0  -0.172997
0.0625  -0.285385
0.09375  -0.193186
-0.03125  -0.519825
-0.0625  -0.549672
0  -0.404346
0  -0.316943
0.125  -0.392916
-0.25  -0.538804
-0.15625  -0.306577
0.09375  -0.417139
0.0625  -0.550247
0.03125  -0.353929
0.0625  -0.515108
0.03125  -0.626249
-0.28125  -0.302682
0.09375  -0.36857
0  -0.18774
-0.15625  -0.373557
-0.125  -0.318276
0.15625  -0.467859
-0.09375  -0.350524
0.15625  -0.304425
0  -0.62533
-0.21875  -0.153241
0.09375  -0.233186
0.0625  -0.512512
0.125  -0.43794
-0.25  -0.416455
0.15625  -0.420964
-0.0625  -0.304239
-0.25  -0.419932
0.28125  -0.536846
0.15625  -0.371918
-0.09375  -0.475707
-0.125  -0.442735
-0.03125  -0.309629
-0.25  -0.383831
0  -0.314189
-0.15625  -0.456353
-0.15625  -0.675119
-0.1875  -0.29113
0.09375  -0.498405
0.03125  -0.523019
0.3125  -0.33443
-0.0625  -0.234626
0.1875  -0.314029
-0.03125  -0.370504
-0.28125  -0.321104
-0.3125  -0.343273
0.0625  -0.393763
0  -0.492627
-0.0625  -0.575512
-0.125  -0.377058
0  -0.411009
0.03125  -0.224919
0.15625  -0.14434
-0.21875  -0.324312
0.28125  -0.497579
0.0625  -0.569033
0.125  -0.637356
-0.03125  -0.351599
0.21875  -0.309752
0.09375  -0.556907
0  -0.491649
0.15625  -0.406924
0.125  -0.38215
-0.125  -0.480405
-0.25  -0.491686
0.03125  -0.401925
0.09375  -0.288734
0.09375  -0.236251
0.0625  -0.354641
-0.09375  -0.371512
-0.03125  -0.425435
0  -0.42915
-0.0625  -0.431687
0.25  -0.224031
0.0625  -0.33808
-0.15625  -0.401594
-0.03125  -0.36023
-0.15625  -0.460739
0.125  -0.552651
0.03125  -0.462102
0  -0.280384
-0.15625  -0.470006
-0.09375  -0.304479
-0.0625  -0.544085
0  -0.183521
0.1875  -0.223096
0.0625  -0.432284
-0.03125  -0.317805
-0.1875  -0.361117
0.125  -0.47507
-0.03125  -0.332229
0.0625  -0.586335
0.03125  -0.419488
0.03125  -0.329739
0.03125  -0.486856
-0.09375  -0.706321
0.0625  -0.40049
-0.15625  -0.48169
0.0625  -0.541601
0  -0.457508
-0.0625  -0.298109
0  -0.563705
-0.03125  -0.52858
0.09375  -0.446235
-0.25  -0.492007
-0.0625  -0.605984
-0.0625  -0.209981
0.09375  -0.421324
0  -0.340837
0.03125  -0.432368
0.09375  -0.444148
-0.125  -0.468441
-0.15625  -0.267076
-0.15625  -0.73955
0.03125  -0.340893
-0.0625  -0.347386
0.03125  -0.366104
-0.125  -0.321591
0.15625  -0.579048
-0.03125  -0.511181
-0.03125  -0.527995
0.03125  -0.257111
-0.21875  -0.401272
-0.03125  -0.48833
-0.15625  -0.461165
0.03125  -0.369597
0.09375  -0.361741
-0.125  -0.289795
0.0625  -0.460462
-0.09375  -0.315827
-0.15625  -0.352918
0.03125  -0.26642
0.15625  -0.506286
0.125  -0.285969
-0.125  -0.316111
0.03125  -0.489509
0.0625  -0.359406
-0.125  -0.340735
0.15625  -0.550961
0.125  -0.312223
0.0625  -0.48548
0.1875  -0.373357
0  -0.290725
-0.15625  -0.247958
0.0625  -0.440344
0.0625  -0.311189
-0.0625  -0.444536
0.1875  -0.407834
-0.21875  -0.557526
-0.25  -0.406009
0.15625  -0.460796
-0.09375  -0.597703
0.25  -0.320745
-0.03125  -0.507748
0.09375  -0.534738
-0.15625  -0.390093
0.15625  -0.407226
0.0625  -0.290996
0.0625  -0.147025
-0.1875  -0.420981
0.0625  -0.348821
-0.09375  -0.457979
0  -0.275501
0.03125  -0.388306
0.25  -0.334077
-0.0625  -0.562623
0.1875  -0.74723
-0.09375  -0.294284
0.03125  -0.556967
0.125  -0.436509
0  -0.493804
-0.03125  -0.369803
0.25  -0.366786
-0.125  -0.375544
-0.03125  -0.517695
0.0625  -0.301585
-0.09375  -0.177964
-0.1875  -0.532715
-0.125  -0.377884
-0.125  -0.598171
-0.15625  -0.110495
0.03125  -0.394135
-0.0625  -0.580163
-0.3125  -0.49389
-0.125  -0.544804
0.0625  -0.37223
0.09375  -0.541762
0.25  -0.443084
0.25  -0.433186
0.15625  -0.457658
0.0625  -0.65099
0.1875  -0.461189
0.0625  -0.296425
-0.0625  -0.338188
0.15625  -0.353321
-0.03125  -0.541844
-0.125  -0.352698
0.15625  -0.249828
-0.1875  -0.443946
-0.03125  -0.517488
-0.03125  -0.416543
0.125  -0.209135
-0.28125  -0.543346
0.03125  -0.508549
-0.09375  -0.394454
0.125  -0.396588
0.09375  -0.619652
-0.03125  -0.352564
-0.09375  -0.499969
0.09375  -0.38045
0.15625  -0.466748
0.15625  -0.148076
0.09375  -0.375862
0.09375  -0.520775
-0.1875  -0.477821
-0.09375  -0.456638
-0.09375  -0.21687
0.03125  -0.366322
0.0625  -0.513069
-0.25  -0.382254
0  -0.0754994
0.15625  -0.250753
0.09375  -0.271705
0.15625  -0.429833
0.25  -0.452768
0  -0.493319
0.3125  -0.439725
0.09375  -0.430453
-0.03125  -0.397687
0.125  -0.277505
-0.09375  -0.325688
-0.03125  -0.291694
-0.03125  -0.505656
0.1875  -0.389804
-0.09375  -0.400449
-0.125  -0.398047
0.0625  -0.266596
0.21875  -0.497997
-0.1875  -0.489446
-0.1875  -0.449443
0.0625  -0.218784
-0.15625  -0.446738
0.34375  -0.452461
0.0625  -0.610891
-0.125  -0.254409
0.1875  -0.339773
-0.0625  -0.364888
-0.25  -0.578731
-0.0625  -0.499582
-0.0625  -0.268113
0.0625  -0.425385
0.1875  -0.397565
-0.15625  -0.458198
0  -0.482042
0.0625  -0.231943
-0.03125  -0.297416
-0.03125  -0.489006
0.125  -0.319065
0.09375  -0.57915
0.125  -0.489409
0.09375  -0.538526
0  -0.399468
-0.03125  -0.421861
-0.1875  -0.338799
-0.28125  -0.614177
0.15625  -0.412407
-0.21875  -0.613125
0.0625  -0.442367
0.03125  -0.437276
0.1875  -0.503693
-0.0625  -0.694441
0.0625  -0.383265
-0.15625  -0.363687
-0.0625  -0.416402
0.125  -0.456604
-0.03125  -0.304908
0.09375  -0.289384
0.09375  -0.307639
0.03125  -0.202943
-0.125  -0.556361
0.15625  -0.294851
-0.125  -0.274973
0.21875  -0.327349
-0.375  -0.487512
0.28125  -0.281308
0.0625  -0.559828
-0.09375  -0.653625
0.15625  -0.466161
-0.09375  -0.449873
0.03125  -0.366455
0.0625  -0.48163
0.21875  -0.482365
0.15625  -0.474117
0.0625  -0.488934
-0.03125  -0.63748
-0.15625  -0.307361
0.15625  -0.505981
0.15625  -0.386095
-0.28125  -0.45207
0  -0.17384
0.15625  -0.453449
-0.03125  -0.501562
0  -0.406401
-0.0625  -0.401863
-0.28125  -0.34371
-0.125  -0.293436
0.09375  -0.256841
-0.03125  -0.458909
0.125  -0.492093
-0.21875  -0.419189
0.03125  -0.679955
0.0625  -0.617848
0.03125  -0.188608
-0.03125  -0.492647
0.09375  -0.43756
-0.03125  -0.583711
0  -0.321693
-0.15625  -0.400098
-0.125  -0.386201
-0.15625  -0.416961
-0.03125  -0.19037
-0.0625  -0.40664
0.0625  -0.285413
-0.03125  -0.426577
0.0625  -0.535376
0.15625  -0.63838
-0.125  -0.31929
0.125  -0.316644
0.03125  -0.388581
-0.15625  -0.670283
0  -0.409386
0  -0.217636
-0.0625  -0.435631
0.0625  -0.380454
0.4375  -0.453257
-0.09375  -0.361588
-0.125  -0.534463
0.1875  -0.505364
-0.03125  -0.331285
0.03125  -0.287324
-0.0625  -0.347299
0.0625  -0.412522
0.21875  -0.449038
-0.125  -0.358514
0.0625  -0.387336
-0.15625  -0.590883
-0.03125  -0.651189
-0.1875  -0.29472
0.0625  -0.503746
0.125  -0.457351
0.0625  -0.330859
0.15625  -0.362817
0.375  -0.560618
-0.125  -0.460102
-0.0625  -0.559696
-0.15625  -0.478007
0.125  -0.485773
-0.125  -0.420509
0  -0.245778
0.125  -0.371984
0  -0.406986
-0.03125  -0.373277
0.0625  -0.293738
-0.21875  -0.395056
0  -0.353099
-0.03125  -0.302481
0.03125  -0.473788
0  -0.396207
-0.125  -0.369362
0.25  -0.52679
0.0625  -0.531789
-0.0625  -0.293605
-0.0625  -0.22698
0.15625  -0.636009
-0.0625  -0.58455
-0.09375  -0.264078
-0.125  -0.432724
0  -0.322797
0  -0.449007
0.15625  -0.280288
-0.15625  -0.209237
0.0625  -0.14745
0.03125  -0.397763
-0.3125  -0.54467
0.09375  -0.383692
0  -0.611164
-0.0625  -0.416249
0.09375  -0.485092
-0.03125  -0.473728
-0.0625  -0.231016
0  -0.384053
0.0625  -0.416313
-0.09375  -0.480753
-0.0625  -0.375028
-0.0625  -0.376595
0.03125  -0.20984
0.0625  -0.36025
-0.0625  -0.523138
-0.125  -0.345558
-0.03125  -0.344439
0.0625  -0.363042
0.0625  -0.232328
0.09375  -0.54995
-0.09375  -0.368198
-0.09375  -0.57685
0.09375  -0.498564
0  -0.620462
0.0625  -0.516999
-0.1875  -0.419364
0.0625  -0.425112
0.0625  -0.454541
0.09375  -0.504622
-0.125  -0.349485
-0.125  -0.463444
0.15625  -0.383521
-0.125  -0.205029
0.125  -0.347139
0.0625  -0.2864
0.09375  -0.499416
-0.0625  -0.462582
0.125  -0.667046
0.0625  -0.490944
0.0625  -0.349278
0  -0.507962
0.03125  -0.395772
0.03125  -0.327141
-0.03125  -0.368603
-0.15625  -0.333763
-0.15625  -0.585875
-0.15625  -0.434748
0.09375  -0.502036
-0.125  -0.453104
0.125  -0.323915
-0.21875  -0.605047
0.0625  -0.228162
-0.03125  -0.446923
0  -0.210539
0.09375  -0.53084
0.125  -0.442122
-0.28125  -0.405163
-0.125  -0.394434
-0.0625  -0.251772
0  -0.646965
-0.3125  -0.485866
-0.09375  -0.427717
0.125  -0.387193
-0.09375  -0.397205
-0.21875  -0.269319
-0.3125  -0.370739
0.125  -0.482076
-0.15625  -0.470416
0.1875  -0.502164
-0.125  -0.412454
-0.0625  -0.471624
0.09375  -0.522117
-0.15625  -0.282986
-0.03125  -0.453443
0.03125  -0.518328
-0.15625  -0.20727
0.125  -0.454975
-0.03125  -0.310758
0.09375  -0.0279918
0.03125  -0.527882
-0.1875  -0.319198
-0.03125  -0.402254
0  -0.260509
0.03125  -0.41847
0.1875  -0.512771
0.0625  -0.141287
-0.125  -0.492167
-0.0625  -0.532917
0.0625  -0.475553
0.09375  -0.343694
-0.09375  -0.333616
0.28125  -0.561984
0.0625  -0.377135
0.15625  -0.326359
0.21875  -0.592787
0.1875  -0.426455
0.03125  -0.363168
0.03125  -0.187944
0.09375  -0.442538
0.03125  -0.573426
-0.03125  -0.593923
0.09375  -0.445207
-0.0625  -0.366734
-0.28125  -0.338319
0.03125  -0.441693
-0.03125  -0.315246
0.03125  -0.364656
-0.03125  -0.576604
-0.1875  -0.460346
-0.09375  -0.367484
0.125  -0.387762
0.21875  -0.649615
-0.09375  -0.467942
0.125  -0.391873
-0.03125  0.0233913
-0.28125  -0.506506
0.09375  -0.697688
0  -0.34483
-0.03125  -0.170437
-0.03125  -0.57889
0.0625  -0.441868
0.09375  -0.456733
-0.09375  -0.257809
0.0625  -0.542336
0.15625  -0.37859
0.09375  -0.329829
0.15625  -0.471026
0.125  -0.490623
0  -0.580306
0.03125  -0.238143
-0.1875  -0.488439
0.15625  -0.57826
0.0625  -0.641178
0.03125  -0.461276
-0.09375  -0.291136
0.15625  -0.358025
0.125  -0.653685
0.125  -0.519292
-0.28125  -0.575408
0.125  -0.482221
0.09375  -0.520423
0  -0.302993
-0.0625  -0.47605
0.0625  -0.321089
-0.125  -0.419468
0.03125  -0.463434
0.03125  -0.449352
0.125  -0.428683
0.03125  -0.444324
0.125  -0.215848
0.1875  -0.380818
-0.34375  -0.155169
0.125  -0.394514
-0.21875  -0.304003
-0.0625  -0.564682
-0.03125  -0.593474
0.09375  -0.514101
0  -0.489221
-0.3125  -0.330414
-0.1875  -0.273987
0  -0.375364
0  -0.460864
-0.03125  -0.650173
0.15625  -0.553886
-0.125  -0.549287
0.25  -0.336918
-0.09375  -0.40733
0.15625  -0.499592
0  -0.705969
-0.125  -0.224192
-0.21875  -0.574283
-0.09375  -0.437577
0.03125  -0.541573
0.03125  -0.351041
-0.09375  -0.0859304
0  -0.531804
0.0625  -0.308401
-0.09375  -0.343503
-0.0625  -0.310755
-0.25  -0.458703
-0.03125  -0.00365405
-0.0625  -0.251954
0  -0.374365
0  -0.470858
0.03125  -0.479181
0.03125  -0.0427926
0  -0.435273
-0.21875  -0.542567
-0.125  -0.431603
-0.03125  -0.290175
0.03125  -0.16041
-0.03125  -0.474345
0.03125  -0.429499
0.25  -0.49019
-0.09375  -0.259481
-0.125  -0.431696
0.09375  -0.48987
0.15625  -0.412029
0.21875  -0.549735
0.125  -0.584311
-0.21875  -0.423559
-0.1875  -0.131429
-0.0625  -0.517281
0.0625  -0.312922
0.25  -0.607496
0.09375  -0.51462
-0.15625  -0.347045
0.0625  -0.34263
0.3125  -0.413453
0.0625  -0.433817
-0.0625  -0.605051
0  -0.486678
-0.0625  -0.491566
0.28125  -0.309634
-0.0625  -0.210415
-0.09375  -0.350975
0.0625  -0.262433
-0.21875  -0.26693
0.28125  -0.120447
-0.03125  -0.362953
-0.25  -0.371031
0.15625  -0.319622
0.15625  -0.472105
-0.0625  -0.513829
-0.03125  -0.419814
0.0625  -0.472627
-0.09375  -0.429836
0.0625  -0.276534
0  -0.482259
0.09375  -0.621318
-0.09375  -0.31954
-0.0625  -0.367979
-0.03125  -0.612657
0  -0.383518
0.09375  -0.303065
-0.21875  -0.339289
0.0625  -0.298848
0.25  -0.510362
-0.03125  -0.506942
-0.21875  -0.493109
-0.15625  -0.59439
-0.03125  -0.4741
0.15625  -0.172436
-0.03125  -0.331756
0.03125  -0.54444
0.28125  -0.281689
0.0625  -0.461444
0.09375  -0.609446
0.15625  -0.0873515
0.28125  -0.555989
0.03125  -0.591072
0.03125  -0.554546
-0.09375  -0.530452
-0.15625  -0.222456
-0.125  -0.31518
-0.03125  -0.382131
-0.125  -0.451878
-0.28125  -0.348463
-0.09375  -0.691201
-0.03125  -0.32327
-0.09375  -0.477675
-0.03125  -0.590533
-0.125  -0.199751
-0.03125  -0.298011
-0.0625  -0.391023
-0.28125  -0.556
0.15625  -0.453536
-0.21875  -0.28223
-0.09375  -0.418299
-0.03125  -0.606883
-0.3125  -0.599304
0.15625  -0.433413
0  -0.491252
-0.125  -0.277516
-0.03125  -0.368046
0.0625  -0.345056
0.03125  -0.279872
0.09375  -0.430027
-0.15625  -0.414527
0.03125  -0.118744
-0.0625  -0.444757
-0.09375  -0.218706
0.15625  -0.29952
0.1875  -0.431644
0.0625  -0.278806
-0.09375  -0.495036
0.1875  -0.487293
-0.1875  -0.436585
-0.0625  -0.507152
0  -0.475157
0  -0.423776
0.03125  -0.138274
0.03125  -0.428265
-0.0625  -0.403003
-0.34375  -0.462615
-0.03125  -0.15165
0.0625  -0.438543
-0.15625  -0.560518
0  -0.267334
-0.0625  -0.239905
-0.0625  -0.490337
0.125  -0.619125
-0.0625  -0.317679
-0.03125  -0.457546
-0.15625  -0.452085
-0.03125  -0.360813
-0.03125  -0.373358
0  -0.576997
-0.21875  -0.637886
-0.09375  -0.279968
0.125  -0.0888251
-0.03125  -0.44572
-0.125  -0.373031
0.03125  -0.380228
-0.34375  -0.39797
0.0625  -0.265594
-0.09375  -0.622835
-0.125  -0.32205
-0.03125  -0.476567
0.03125  -0.522448
0.03125  -0.365793
0.0625  -0.278172
-0.03125  -0.47434
-0.1875  -0.436743
0.125  -0.373699
-0.28125  -0.388374
-0.03125  -0.415019
-0.28125  -0.507624
0  -0.410117
0.0625  -0.51246
-0.09375  -0.406658
-0.03125  -0.470026
-0.25  -0.524281
-0.28125  -0.301902
0.09375  -0.610801
-0.1875  -0.397709
0.125  -0.237766
-0.0625  -0.512318
0.03125  -0.439733
0.25  -0.502176
0  -0.337221
0.125  -0.389367
-0.21875  -0.381005
-0.09375  -0.435384
-0.03125  -0.488279
0.15625  -0.392412
0  -0.453905
-0.25  -0.308276
-0.03125  -0.595745
0.09375  -0.401515
0.09375  -0.461621
0  -0.462469
0.15625  -0.433967
0.03125  -0.385123
-0.03125  -0.399945
0.09375  -0.323111
-0.125  -0.188054
-0.03125  -0.525375
-0.09375  -0.464799
0.1875  -0.320864
0.15625  -0.376832
-0.3125  -0.382842
-0.03125  -0.473955
-0.03125  -0.337748
-0.0625  -0.426501
0.25  -0.27196
0.1875  -0.459853
0.125  -0.328408
-0.09375  -0.367301
-0.09375  -0.265282
0.03125  -0.361996
-0.03125  -0.649718
-0.125  -0.655715
0.09375  -0.386799
-0.1875  -0.188292
-0.0625  -0.351734
-0.1875  -0.58882
-0.03125  -0.529347
-0.0625  -0.427273
0.09375  -0.590484
0.125  -0.419568
-0.09375  -0.506894
-0.03125  -0.457972
0.03125  -0.538085
0.0625  -0.365727
0.15625  -0.635718
-0.03125  -0.362015
-0.0625  -0.364547
-0.03125  -0.358571
-0.0625  -0.281958
0.03125  -0.465884
0.0625  -0.317529
-0.125  -0.577974
-0.09375  -0.237196
0.34375  -0.344776
0  -0.596036
-0.09375  -0.276075
0.125  -0.499992
0.0625  -0.502837
-0.15625  -0.445736
-0.0625  -0.335199
-0.03125  -0.519979
0.03125  -0.273845
0  -0.478364
0.125  -0.567408
0.21875  -0.507098
0.125  -0.276602
-0.03125  -0.372424
0.09375  -0.354921
0  -0.366224
0.15625  -0.398944
0.21875  -0.49245
0.0625  -0.477483
0  -0.45329
0.0625  -0.421701
0.125  -0.484186
-0.03125  -0.444252
0.03125  -0.530625
0.0625  -0.384196
-0.09375  -0.439668
-0.09375  -0.430375
-0.21875  -0.60777
-0.21875  -0.345705
0.09375  -0.429759
-0.1875  -0.447307
0  -0.475982
0.09375  -0.683288
-0.0625  -0.546783
-0.15625  -0.271457
-0.0625  -0.44084
-0.03125  -0.447944
0.03125  -0.455956
0.09375  -0.627371
-0.125  -0.502232
0.0625  -0.507795
-0.09375  -0.245513
0  -0.228194
0.09375  -0.456526
0.09375  -0.386346
-0.03125  -0.382652
-0.0625  -0.339989
0.03125  -0.648598
0.1875  -0.534844
-0.03125  -0.429476
-0.09375  -0.553457
0.28125  -0.294633
0.0625  -0.474999
0.3125  -0.517849
-0.1875  -0.530332
-0.0625  -0.280172
0.09375  -0.287726
-0.125  -0.30373
0.3125  -0.438059
-0.21875  -0.417157
-0.125  -0.450266
-0.0625  -0.450351
-0.21875  -0.379118
-0.375  -0.593251
0  -0.585146
0.0625  -0.453761
-0.03125  -0.301661
0.09375  -0.475139
-0.03125  -0.41011
0  -0.187638
-0.0625  -0.193773
0  -0.485483
0.15625  -0.466458
-0.15625  -0.518737
0  -0.465092
0.28125  -0.437843
-0.09375  -0.52144
0.1875  -0.263758
0.0625  -0.357462
-0.28125  -0.277148
0.09375  -0.321458
-0.15625  -0.304533
0.15625  -0.373673
0.1875  -0.203057
0.03125  -0.429408
-0.03125  -0.41945
0.0625  -0.251078
0.03125  -0.447475
-0.1875  -0.34648
-0.125  -0.329491
0.125  -0.439839
-0.125  -0.618199
-0.09375  -0.430755
0.03125  -0.384158
-0.21875  -0.366591
0.0625  -0.525884
-0.09375  -0.514098
0.03125  -0.490677
-0.03125  -0.456889
0.03125  -0.497097
0.0625  -0.46918
-0.21875  -0.408192
0.03125  -0.459254
-0.15625  -0.57269
0.09375  -0.189442
0.15625  -0.581542
-0.4375  -0.530649
0.1875  -0.39815
-0.0625  -0.330834
-0.03125  -0.383524
-0.125  -0.406523
-0.0625  -0.541059
-0.09375  -0.433824
-0.125  -0.524133
0.03125  -0.512306
-0.125  -0.288674
0.03125  -0.372964
0.03125  -0.335892
-0.09375  -0.538906
0.125  -0.44977
-0.15625  -0.50318
-0.21875  -0.411601
0.0625  -0.341057
0.03125  -0.423105
0.03125  -0.251488
0.09375  -0.389262
-0.3125  -0.427228
-0.125  -0.404535
-0.03125  -0.505714
-0.125  -0.476763
0.03125  -0.294877
-0.09375  -0.483882
-0.0625  -0.399605
0  -0.352481
0.0625  -0.276759
0.03125  -0.36406
0.21875  -0.444937
-0.0625  -0.505612
-0.09375  -0.390341
0  -0.257899
0.0625  -0.376039
-0.09375  -0.688186
0  -0.197694
-0.09375  -0.39406
-0.09375  -0.498842
0.125  -0.30953
0.21875  -0.308222
-0.1875  -0.638223
0.125  -0.350717
0.125  -0.414971
0  -0.397442
-0.28125  -0.550733
0.09375  -0.299099
-0.03125  -0.435278
-0.28125  -0.400451
-0.09375  -0.315962
0.125  -0.162038
-0.15625  -0.259773
0.09375  -0.484419
-0.15625  -0.490693
-0.09375  -0.320829
-0.03125  -0.701149
0.125  -0.605206
0  -0.402582
0.09375  -0.682851
0.03125  -0.399939
-0.125  -0.472984
0.0625  -0.170484
-0.09375  -0.395692
-0.125  -0.371889
0.28125  -0.183151
0.125  -0.444789
-0.1875  -0.521983
-0.09375  -0.356339
0.0625  -0.499113
-0.1875  -0.385484
0.03125  -0.547729
-0.09375  -0.499095
-0.09375  -0.421475
0  -0.125607
0.1875  -0.47679
0.09375  -0.489863
-0.125  -0.382483
-0.0625  -0.624985
0  -0.614975
0.03125  -0.318374
0  -0.47856
-0.125  -0.307074
-0.0625  -0.346028
0.09375  -0.547202
0.125  -0.648702
0.09375  -0.0683694
0.21875  -0.429947
0.0625  -0.456198
-0.03125  -0.522647
-0.0625  -0.371554
-0.15625  -0.367219
0.03125  -0.35655
0  -0.446446
0  -0.177093
0.25  -0.51289
-0.09375  -0.616898
-0.0625  -0.479447
0  -0.563783
0  -0.468763
0.125  -0.341501
-0.09375  -0.33076
-0.0625  -0.409888
-0.03125  -0.479953
-0.03125  -0.464215
0.03125  -0.333374
-0.03125  -0.255935
0.125  -0.515831
-0.125  -0.400479
0.25  -0.374191
0  -0.550902
0.125  -0.392012
-0.03125  -0.447339
0  -0.0909846
0.03125  -0.687405
0.03125  -0.504714
0.0625  -0.441276
0.03125  -0.215335
0.0625  -0.570987
0  -0.377974
0.09375  -0.286925
-0.03125  -0.326212
0.0625  -0.504415
0.09375  -0.189438
0.03125  -0.590115
0.09375  -0.478215
0.3125  -0.450547
-0.125  -0.294244
-0.28125  -0.290551
-0.0625  -0.175294
0.03125  -0.251037
-0.0625  -0.379908
0.09375  -0.380543
-0.28125  -0.60975
0.21875  -0.375928
-0.25  -0.529
0.15625  -0.531124
0.21875  -0.593839
-0.03125  -0.270812
-0.03125  -0.340537
0.09375  -0.405778
0.09375  -0.435567
-0.125  -0.357647
0.0625  -0.449454
-0.21875  -0.418298
0.125  -0.56309
0.21875  -0.491764
0.03125  -0.372113
0.03125  -0.527275
-0.125  -0.63808
0.21875  -0.566305
-0.0625  -0.471629
0.03125  -0.353766
0.15625  -0.33427
0.09375  -0.253559
0.03125  -0.472111
0.0625  -0.399676
0  -0.424884
0.03125  -0.213645
-0.0625  -0.2322
-0.15625  -0.168748
0  -0.244045
0.0625  -0.289252
0.03125  -0.583872
-0.03125  -0.400042
0.0625  -0.399853
0.09375  -0.387959
0.03125  -0.569825
-0.21875  -0.556292
0.15625  -0.472264
-0.1875  -0.305719
-0.1875  -0.440916
0.09375  -0.354662
-0.0625  -0.446106
0.1875  -0.582077
-0.21875  -0.505441
0.21875  -0.409616
0.03125  -0.363498
0.125  -0.482448
-0.09375  -0.362603
-0.15625  -0.402146
-0.03125  -0.611521
-0.0625  -0.448557
-0.0625  -0.410642
0.0625  -0.40388
-0.25  -0.463033
0  -0.308788
0  -0.477585
0  -0.546703
-0.03125  -0.168539
0.03125  -0.336363
0  -0.538295
-0.125  -0.331619
-0.125  -0.453714
-0.09375  -0.306333
-0.0625  -0.430177
0.15625  -0.301362
-0.0625  -0.623595
0.21875  -0.456327
-0.1875  -0.517774
-0.21875  -0.477791
-0.125  -0.310752
0.0625  -0.462418
0.09375  -0.584211
0.0625  -0.422902
0.0625  -0.252075
0.09375  -0.291896
0.125  -0.47505
0.03125  -0.185807
0  -0.501695
0.15625  -0.361949
0.125  -0.40645
-0.0625  -0.443972
0.09375  -0.366106
0  -0.536201
0  -0.50647
-0.03125  -0.490566
-0.03125  -0.493163
0  -0.301332
-0.03125  -0.434841
-0.15625  -0.453102
-0.09375  -0.401179
-0.0625  -0.411365
0.09375  -0.370132
0.09375  -0.338558
-0.09375  -0.411799
-0.15625  -0.356216
-0.0625  -0.479931
0  -0.397996
-0.0625  -0.408324
0.0625  -0.483351
-0.15625  -0.488524
-0.125  -0.440706
-0.15625  -0.2999
0.125  -0.513479
-0.0625  -0.304473
0.28125  -0.276864
-0.03125  -0.305446
0.0625  -0.471901
0.09375  -0.201956
-0.03125  -0.286298
-0.125  -0.450836
0  -0.370516
-0.03125  -0.34054
0.125  -0.225681
0.03125  -0.253981
-0.03125  -0.402154
-0.0625  -0.542332
0.03125  -0.205918
0.125  -0.263063
-0.0625  -0.557837
-0.125  -0.333544
0  -0.384675
0.09375  -0.338709
-0.03125  -0.052275
-0.03125  -0.15417
0  -0.281305
-0.0625  -0.318098
-0.1875  -0.406994
-0.03125  -0.324996
-0.34375  -0.573065
-0.15625  -0.412671
-0.15625  -0.684391
-0.0625  -0.312308
-0.0625  -0.57527
0.1875  -0.67122
0.03125  -0.581964
0.15625  -0.302643
-0.09375  -0.28828
0  -0.404029
0.125  -0.438994
-0.09375  -0.40865
0.15625  -0.590918
-0.125  -0.363371
0.1875  -0.533707
-0.28125  -0.565263
0.03125  -0.612128
-0.0625  -0.394295
-0.125  -0.531111
-0.03125  -0.38043
-0.0625  -0.509236
-0.25  -0.314504
0.15625  -0.671563
0.09375  -0.271031
0.34375  -0.23165
0.125  -0.379498
0.09375  -0.453155
0.1875  -0.381874
-0.03125  -0.357937
-0.03125  -0.601694
-0.03125  -0.452606
0.15625  -0.476128
0.125  -0.573951
0.0625  -0.187819
-0.25  -0.385863
-0.09375  -0.174474
-0.21875  -0.445299
-0.09375  -0.348919
-0.125  -0.447596
0.0625  -0.238268
-0.0625  -0.50602
-0.03125  -0.32833
0.40625  -0.440214
-0.1875  -0.537521
-0.28125  -0.350906
0.125  -0.462056
-0.0625  -0.538881
0.15625  -0.412279
0.09375  -0.519029
0.03125  -0.323157
-0.21875  -0.517797
-0.1875  -0.597747
-0.0625  -0.407878
-0.125  -0.401971
0.03125  -0.365287
0.0625  -0.26133
0.1875  -0.442437
-0.25  -0.130165
0.125  -0.531928
0  -0.483075
0.125  -0.443008
-0.21875  -0.331587
-0.1875  -0.431775
-0.0625  -0.425865
0.09375  -0.384518
0.03125  -0.490858
0  -0.34622
0.125  -0.384168
-0.03125  -0.509404
-0.03125  -0.430922
0.21875  -0.220376
0.09375  -0.579751
-0.15625  -0.268253
-0.1875  -0.311387
-0.0625  -0.398535
0.1875  -0.101974
-0.1875  -0.336339
-0.03125  -0.345885
0.09375  -0.390482
0.125  -0.529726
0.1875  -0.471974
-0.09375  -0.502584
0.0625  -0.528281
0  -0.39874
-0.03125  -0.395447
0  -0.51666
0.1875  -0.376192
-0.40625  -0.669051
0  -0.267988
-0.03125  -0.424817
0  -0.41916
0.09375  -0.23941
0  -0.529054
-0.03125  -0.411295
0  -0.27908
-0.09375  -0.403838
0  -0.522989
-0.03125  -0.659725
-0.0625  -0.586938
-0.09375  -0.23594
-0.0625  -0.286805
-0.1875  -0.163744
-0.03125  -0.493524
0.09375  -0.275822
-0.0625  -0.432766
0  -0.510202
-0.03125  -0.309476
-0.0625  -0.204242
0.09375  -0.462662
0.09375  -0.418535
0.09375  -0.256285
0.21875  -0.251497
0.03125  -0.403509
0  -0.371149
-0.09375  -0.498132
0.15625  -0.529647
0.0625  -0.391937
0  -0.514371
0.03125  -0.43522
0.03125  -0.628324
-0.0625  -0.697647
-0.03125  -0.519931
-0.09375  -0.500486
0.03125  -0.453437
-0.09375  -0.487242
0.0625  -0.470015
-0.09375  -0.539895
0.21875  -0.184984
0.21875  -0.410987
-0.03125  -0.484377
-0.03125  -0.476168
0.03125  -0.569126
0.15625  -0.200244
-0.0625  -0.28619
0.09375  0.0431843
0.1875  -0.20475
0.1875  -0.423374
-0.21875  -0.405011
0  -0.539151
0  -0.406599
0.15625  -0.476622
0.03125  -0.430294
-0.25  -0.506403
0.0625  -0.375809
-0.0625  -0.425393
-0.0625  -0.25485
0.25  -0.480812
-0.125  -0.375725
-0.15625  -0.488247
-0.15625  -0.470295
-0.09375  -0.503727
0.125  -0.330395
0.25  -0.122035
0.15625  -0.495192
-0.0625  -0.295335
-0.03125  -0.1634
0.125  -0.229553
0.375  -0.341134
-0.21875  -0.322402
0.25  -0.591126
0.03125  -0.382133
0.125  -0.442428
0.09375  -0.22609
0.09375  -0.145158
0.15625  -0.435259
-0.0625  -0.204135
0.09375  -0.448977
-0.0625  -0.201513
0  -0.400732
-0.21875  -0.476733
0.0625  -0.468514
0.0625  -0.491795
0  -0.367374
-0.03125  -0.479495
-0.09375  -0.380558
-0.1875  -0.330953
-0.0625  -0.506905
-0.0625  -0.471856
0  -0.277
-0.03125  -0.483657
-0.03125  -0.356054
0  -0.490342
0.0625  -0.364386
0  -0.690923
-0.125  -0.304861
-0.1875  -0.456375
0.03125  -0.548786
0.03125  -0.341166
-0.03125  -0.374366
-0.1875  -0.444682
0.125  -0.365994
-0.125  -0.440295
0.09375  -0.528023
0.3125  -0.647078
-0.0625  -0.330954
-0.125  -0.457777
0.09375  -0.430963
-0.0625  -0.398363
-0.09375  -0.359191
0.09375  -0.344295
0.15625  -0.387471
0  -0.345381
0.03125  -0.467275
0.15625  -0.540362
-0.0625  -0.328947
0.1875  -0.441078
0.15625  -0.358248
0.0625  -0.404957
0.1875  -0.490373
-0.1875  -0.427752
0.03125  -0.317854
0  -0.413707
0.09375  -0.487528
-0.28125  -0.288339
0.15625  -0.570313
-0.03125  -0.265631
0.15625  -0.587597
-0.03125  -0.430541
0.0625  -0.38794
0.1875  -0.502504
-0.34375  -0.310698
0.09375  -0.264301
0.15625  -0.434139
0.09375  -0.27125
-0.1875  -0.33359
0.03125  -0.429143
-0.125  -0.306148
0.125  -0.389309
-0.0625  -0.399369
0.0625  -0.369173
-0.09375  -0.390963
0  -0.278524
-0.125  -0.311803
0.25  -0.559164
-0.25  -0.585403
-0.125  -0.282342
0.125  -0.452744
-0.15625  -0.44658
-0.0625  -0.506034
0.0625  -0.446716
-0.0625  -0.37459
-0.0625  -0.291719
0.0625  -0.382088
-0.0625  -0.546372
0.3125  -0.399267
-0.125  -0.598775
-0.0625  -0.43653
-0.21875  -0.567884
-0.0625  -0.546535
-0.15625  -0.404673
0.09375  -0.448218
0  -0.199043
0.09375  -0.540133
-0.28125  -0.461481
-0.09375  -0.514311
0.03125  -0.573788
0.0625  -0.563346
-0.03125  -0.442658
0.03125  -0.574924
-0.21875  -0.132825
0.125  -0.317848
-0.125  -0.29865
0.125  -0.365555
-0.0625  -0.517901
-0.0625  -0.130149
0.125  -0.466686
0.125  -0.331251
-0.125  -0.436595
0.0625  -0.482152
0.03125  -0.561913
0  -0.408151
0.09375  -0.182955
0.15625  -0.54446
0  -0.426459
-0.3125  -0.551136
0.03125  -0.0784962
0.09375  -0.509183
-0.125  -0.561464
-0.0625  -0.42722
-0.3125  -0.494271
0.09375  -0.449306
0.125  -0.381243
0.15625  -0.246517
-0.09375  -0.558288
0  -0.0469051
0.125  -0.307513
-0.1875  -0.522337
-0.0625  -0.489159
0.03125  -0.292954
0  -0.467032
0.15625  -0.204145
-0.09375  -0.330219
0.03125  -0.690676
-0.125  -0.506534
0  -0.333939
0.03125  -0.194972
0.0625  -0.291206
-0.125  -0.359781
0.03125  -0.407656
-0.03125  -0.349755
0.09375  -0.495539
0.09375  -0.454324
0.15625  -0.448569
-0.03125  -0.608876
-0.25  -0.507629
0.0625  -0.412976
0.125  -0.549502
0.21875  -0.27863
-0.0625  -0.306599
-0.15625  -0.646547
0  -0.314921
-0.28125  -0.392784
-0.1875  -0.31317
-0.0625  -0.392069
-0.15625  -0.346893
-0.0625  -0.301441
0.09375  -0.428598
0.09375  -0.430875
0.125  -0.483023
-0.09375  -0.410184
0.1875  -0.374647
-0.125  -0.463768
-0.0625  -0.345929
0.15625  -0.388863
-0.03125  -0.373821
0.15625  -0.437576
-0.25  -0.348042
-0.09375  -0.581791
0.0625  -0.336394
0.03125  -0.416549
-0.21875  -0.220318
0.125  -0.440132
-0.09375  -0.574289
0  -0.505416
-0.03125  -0.296487
0  -0.443009
-0.09375  -0.376305
-0.15625  -0.429864
-0.3125  -0.628696
-0.125  -0.579334
-0.03125  -0.644229
0.0625  -0.518474
-0.125  -0.414041
0.21875  -0.213917
0  -0.378725
-0.0625  -0.412282
-0.125  -0.449835
0.03125  -0.48983
0.15625  -0.352785
0.125  -0.452922
0.0625  -0.659054
-0.15625  -0.303426
-0.3125  -0.450797
-0.1875  -0.197236
-0.0625  -0.395564
0.03125  -0.396263
0.0625  -0.450068
0.09375  -0.53067
0.1875  -0.379486
-0.03125  -0.300242
-0.1875  -0.477434
-0.09375  -0.682901
0  -0.651406
-0.0625  -0.430333
0.0625  -0.578007
0  -0.415036
0.125  -0.351204
-0.15625  -0.310015
0.125  -0.423336
0.21875  -0.523035
0.15625  -0.265074
0  -0.274621
-0.125  -0.574429
0.1875  -0.305339
-0.0625  -0.357838
-0.0625  -0.528899
0.1875  -0.261497
0.125  -0.631625
0.09375  -0.594477
0.125  -0.3566
0.03125  -0.259917
-0.15625  -0.616214
0.125  -0.379878
-0.03125  -0.476154
-0.09375  -0.609397
0.125  -0.578467
-0.0625  -0.478991
-0.125  -0.432949
-0.21875  -0.388173
0.15625  -0.422964
0.1875  -0.394185
0.0625  -0.506618
-0.1875  -0.489367
-0.03125  -0.680936
0.09375  -0.501499
-0.125  -0.341983
0.09375  -0.471864
0.15625  -0.318919
-0.09375  -0.0233884
0  -0.471963
-0.09375  -0.399439
0.125  -0.325355
-0.1875  -0.419232
0.125  -0.472963
-0.0625  -0.470018
0.1875  -0.355012
0  -0.465941
-0.1875  -0.299734
0.25  -0.564106
-0.1875  -0.368644
-0.03125  -0.493173
0  -0.423831
0.09375  -0.315553
0  -0.468365
0.0625  -0.630383
0.0625  -0.536685
0.28125  -0.56094
-0.09375  -0.400109
0.03125  -0.581021
0.15625  -0.356544
-0.0625  -0.354437
-0.09375  -0.376733
0.03125  -0.366811
-0.25  -0.400122
-0.03125  -0.501186
0.0625  -0.361618
0.09375  -0.20129
0.0625  -0.553361
0.15625  -0.641411
-0.3125  -0.27542
0.0625  -0.404913
0.0625  -0.413903
0.09375  -0.245432
-0.09375  -0.496386
-0.125  -0.557217
-0.03125  -0.542625
-0.0625  -0.318231
-0.375  -0.46467
0.15625  -0.484746
0.15625  -0.0901416
0  -0.183925
0.25  -0.49684
-0.03125  -0.385905
0.125  -0.405293
0.3125  -0.599278
0.125  -0.246392
0.125  -0.209955
-0.125  -0.297034
0  -0.252655
-0.03125  -0.521872
0.09375  -0.495958
0.0625  -0.370921
-0.21875  -0.39171
-0.125  -0.373604
0.125  -0.305904
-0.125  -0.422997
-0.03125  -0.495549
0.1875  -0.435758
-0.15625  -0.392818
-0.125  -0.408152
-0.15625  -0.360528
0.09375  -0.41776
-0.03125  -0.529525
0.03125  -0.514986
0.28125  -0.254609
0.125  -0.32859
0.09375  -0.480621
-0.15625  -0.412306
-0.1875  -0.334316
0  -0.276268
0.125  -0.561774
0.0625  -0.448741
0.09375  -0.458902
0.0625  -0.420077
-0.1875  -0.403591
-0.375  -0.609444
0.1875  -0.558845
0.0625  -0.47909
0.125  -0.151937
0.15625  -0.0752416
0.0625  -0.569196
-0.1875  -0.213233
0  -0.476442
0.0625  -0.446872
0  -0.359697
-0.0625  -0.278539
0  -0.312734
0.21875  -0.16763
0.09375  -0.51819
-0.0625  -0.597767
0.125  -0.049847
-0.09375  -0.455703
-0.0625  -0.470234
0  -0.406199
0.25  -0.31252
0.0625  -0.358718
-0.0625  -0.382887
-0.03125  -0.365475
-0.03125  -0.389257
0.1875  -0.368212
0.0625  -0.473138
0  -0.352586
0.09375  -0.124468
-0.03125  -0.245824
0.125  -0.525117
0.125  -0.40787
-0.09375  -0.651532
0.09375  -0.287482
0.03125  -0.452169
-0.0625  -0.511947
0.03125  -0.44877
-0.0625  -0.373479
-0.125  -0.450211
0  -0.309791
0.21875  -0.660027
-0.09375  -0.503744
0.0625  -0.283811
-0.0625  -0.462066
0.15625  -0.188433
0.03125  -0.463789
0.09375  -0.16676
-0.09375  -0.336579
-0.125  -0.366051
-0.21875  -0.303092
-0.03125  -0.479832
-0.03125  -0.337125
0.125  -0.455326
-0.09375  -0.41932
0.125  -0.513244
-0.21875  -0.521758
0.125  -0.603054
0.03125  -0.0651136
0.25  -0.435505
0.1875  -0.409012
-0.125  -0.328106
-0.09375  -0.559265
-0.1875  -0.427202
-0.03125  -0.428991
-0.03125  -0.496934
0.0625  -0.454523
0.15625  -0.216721
0  -0.493297
-0.15625  -0.492696
0.09375  -0.370287
-0.09375  -0.357288
0.03125  -0.304354
-0.21875  -0.383423
-0.1875  -0.54059
0.15625  -0.513159
-0.0625  -0.386726
0.15625  -0.289354
-0.0625  -0.401198
0.0625  -0.540114
0.25  -0.212471
-0.25  -0.6538
-0.21875  -0.446346
-0.15625  -0.385082
-0.03125  -0.336407
-0.21875  -0.384107
-0.03125  -0.329481
-0.28125  -0.461153
0.125  -0.46944
0.0625  -0.528519
-0.09375  -0.629736
0.03125  -0.382868
0.375  -0.353404
0  -0.50417
0.09375  -0.392124
-0.0625  -0.500595
-0.09375  -0.644067
0.09375  -0.441604
0.125  -0.350006
0.03125  -0.424378
0.0625  -0.454357
-0.03125  -0.623167
0.125  -0.652367
-0.03125  -0.284235
0.15625  -0.410824
-0.03125  -0.32616
-0.3125  -0.600163
0.0625  -0.483941
0.09375  -0.249366
0  -0.287405
0.03125  -0.253615
-0.15625  -0.319626
-0.03125  -0.174787
-0.0625  -0.367979
-0.125  -0.432061
-0.1875  -0.49398
0.09375  -0.36918
-0.03125  -0.30077
0.125  -0.434736
0.09375  -0.37181
-0.15625  -0.452507
0.0625  -0.280699
-0.0625  -0.279137
0.28125  -0.402523
-0.21875  -0.448012
0.21875  -0.448484
0.1875  -0.351188
0  -0.389632
-0.03125  -0.511417
-0.0625  -0.414848
0.15625  -0.615185
-0.03125  -0.476586
-0.21875  -0.499449
0  -0.504554
-0.0625  -0.294626
0.15625  -0.452953
0.28125  -0.508536
-0.03125  -0.476679
-0.09375  -0.257957
-0.09375  -0.366754
-0.21875  -0.338744
-0.09375  -0.41659
0.15625  -0.573168
0  -0.505734
-0.03125  -0.367016
-0.1875  -0.381733
0.09375  -0.406776
0.0625  -0.302324
-0.0625  -0.2753
-0.125  -0.63767
0  -0.230456
0.03125  -0.351421
-0.1875  -0.235301
0.09375  -0.316437
0.125  -0.321732
0.0625  -0.365576
-0.03125  -0.571959
0.03125  -0.465201
0.0625  -0.517454
0.15625  -0.285405
-0.09375  -0.467607
0.125  -0.428428
-0.03125  -0.578611
0.21875  -0.492868
-0.21875  -0.486602
-0.28125  -0.263125
0.03125  -0.529195
0.34375  -0.441845
-0.125  -0.416541
-0.125  -0.429252
0.0625  -0.41806
0.25  -0.426776
0.125  -0.331767
0.15625  -0.478636
0.25  -0.599185
-0.0625  -0.48621
-0.0625  -0.706359
-0.09375  -0.492143
-0.1875  -0.446389
-0.28125  -0.623173
-0.21875  -0.404284
0.03125  -0.359752
-0.0625  -0.203228
0.34375  -0.463623
0.03125  -0.480302
0.0625  -0.450777
0.125  -0.503074
0.15625  -0.434298
0.125  -0.608807
-0.125  -0.491946
-0.09375  -0.283719
0  -0.335457
0.0625  -0.403199
-0.1875  -0.264902
-0.0625  -0.548609
0.09375  -0.201841
-0.28125  -0.595019
0.09375  -0.526888
0.0625  -0.353097
0.03125  -0.198991
-0.03125  -0.475108
0.0625  -0.517963
0.125  -0.477927
0.09375  -0.492399
0.09375  -0.338272
-0.125  -0.311342
-0.125  -0.390911
-0.03125  -0.416896
0  -0.441102
-0.03125  -0.497387
0  -0.587459
0  -0.37192
0  -0.0707148
-0.03125  -0.395243
0.25  -0.379395
-0.15625  -0.542465
0.09375  -0.417021
-0.03125  -0.474887
0.25  -0.283968
-0.34375  -0.324653
-0.125  -0.16917
0.03125  -0.593869
-0.0625  -0.550833
0  -0.386095
-0.15625  -0.288355
-0.125  -0.401279
0.0625  -0.587749
0.28125  -0.26146
-0.09375  -0.419866
0.03125  -0.334911
-0.125  -0.2425
0.375  -0.368421
-0.125  -0.437952
-0.125  -0.458134
-0.21875  -0.393797
0.03125  -0.142373
-0.09375  -0.43043
-0.09375  -0.539513
0.03125  -0.244724
-0.25  -0.615148
-0.03125  -0.58112
-0.0625  -0.479211
0.125  -0.326772
0.0625  -0.566871
-0.03125  -0.350111
0  -0.361404
0.03125  -0.477997
-0.0625  -0.567784
0  -0.413871
-0.125  -0.261083
-0.09375  -0.509851
-0.125  -0.633301
0.0625  -0.286109
0.09375  -0.341599
-0.15625  -0.468971
-0.125  -0.333307
-0.09375  -0.450472
-0.1875  -0.467996
0.125  -0.358813
0.1875  -0.50114
0  -0.334636
-0.0625  -0.436676
-0.09375  -0.566055
-0.03125  -0.562221
-0.15625  -0.268847
-0.25  -0.4526
-0.15625  -0.476222
0  -0.548787
0.03125  -0.530107
-0.0625  -0.511545
-0.125  -0.329911
-0.09375  -0.49849
0.21875  -0.554855
0.1875  -0.648176
0.15625  -0.26652
0.15625  -0.450772
0.125  -0.223569
0.0625  -0.245166
-0.03125  -0.332856
0  -0.376962
-0.125  -0.338496
-0.09375  -0.324944
0.03125  -0.506562
0.21875  -0.348331
-0.09375  -0.482481
-0.1875  -0.530798
0.03125  -0.575799
0.125  -0.363958
0.15625  -0.366279
-0.1875  -0.280123
0.03125  -0.296773
-0.1875  -0.21365
-0.15625  -0.263055
-0.03125  -0.446604
0.21875  -0.365473
0.0625  -0.3891
-0.28125  -0.233509
0.25  -0.392866
-0.125  -0.462371
-0.125  -0.36237
0.125  -0.310872
-0.1875  -0.43826
-0.15625  -0.356672
0  -0.313787
-0.125  -0.358028
-0.03125  -0.352002
0.09375  -0.460429
0.03125  -0.35421
-0.03125  -0.352991
0.03125  -0.228693
0.1875  -0.434031
0.21875  -0.479146
0.0625  -0.357983
-0.1875  -0.357018
0.0625  -0.421025
-0.03125  -0.424634
0.0625  -0.220436
-0.09375  -0.396228
0.21875  -0.190855
0.28125  -0.543196
0.125  -0.4637
0.09375  -0.495246
0.3125  -0.677636
0.21875  -0.414516
0.03125  -0.497478
-0.09375  -0.484213
0.03125  -0.451805
0.125  -0.703681
0.15625  -0.50387
0.0625  -0.425958
-0.125  -0.426771
0.03125  -0.552899
-0.09375  -0.505201
0  -0.49567
0.125  -0.380576
0.0625  -0.387797
-0.21875  -0.698704
0.03125  -0.471565
-0.0625  -0.301412
0.15625  -0.167962
-0.03125  -0.584668
-0.15625  -0.588578
-0.0625  -0.333691
-0.15625  -0.478165
0.15625  -0.429854
-0.03125  -0.370665
-0.1875  -0.439987
-0.0625  -0.558661
0.0625  -0.313793
0  -0.500603
0.03125  -0.206665
-0.25  -0.576608
0  -0.437304
-0.09375  -0.369593
-0.15625  -0.535788
-0.1875  -0.382242
0  -0.464197
-0.03125  -0.228386
-0.09375  -0.530972
0.03125  -0.408656
-0.125  -0.357568
0  -0.544739
0.09375  -0.477386
0.21875  -0.346901
-0.03125  -0.105307
-0.0625  -0.408945
0.03125  -0.465709
0.125  -0.40906
-0.03125  -0.372954
0.03125  -0.525311
0.0625  -0.499412
-0.25  -0.54527
0.1875  -0.576484
-0.34375  -0.319151
-0.0625  -0.301655
0  -0.482524
0.0625  -0.38983
-0.25  -0.396924
0  -0.528399
0.03125  -0.475566
-0.28125  -0.179418
0.03125  -0.513529
0.0625  -0.442723
-0.03125  -0.458829
-0.09375  -0.369938
-0.15625  -0.115969
0  -0.307937
0  -0.130013
-0.03125  -0.389205
-0.125  -0.304979
-0.125  -0.529064
0.125  -0.342143
0.125  -0.27356
0.1875  -0.534357
-0.21875  -0.443959
0.0625  -0.465475
0.09375  -0.514936
-0.21875  -0.469085
0.21875  -0.264858
-0.25  -0.432681
0.09375  -0.378548
0.15625  -0.51984
-0.25  -0.572526
0.03125  -0.425978
0.09375  -0.327546
-0.25  -0.118732
-0.0625  -0.203873
0.125  -0.363802
0.125  -0.24871
-0.09375  -0.59238
0  -0.559636
-0.0625  -0.34956
0.03125  -0.521955
0.25  -0.344076
0.15625  -0.364263
0  -0.62155
0  -0.324639
0.15625  -0.566164
0.1875  -0.331203
-0.21875  -0.5106
0  -0.218157
-0.125  -0.234017
0.15625  -0.259197
0.03125  -0.452964
0  -0.437034
0.0625  -0.30567
-0.1875  -0.446378
0.125  -0.349987
0.125  -0.378874
0.03125  -0.579312
0  -0.276419
0.125  -0.408267
-0.03125  -0.531633
0.03125  -0.28333
-0.15625  -0.448678
-0.125  -0.411924
0.03125  -0.43522
-0.0625  -0.344565
0.25  -0.353092
0.125  -0.148062
0.03125  -0.27818
-0.125  -0.526442
0.09375  -0.362978
0.3125  -0.490213
-0.09375  -0.389685
-0.0625  -0.652036
0.125  -0.449828
0.09375  -0.666324
0.3125  -0.475675
-0.15625  -0.285793
0.03125  -0.482537
0.0625  -0.295371
-0.0625  -0.461319
0.09375  -0.335526
0.0625  -0.225348
-0.03125  -0.728015
-0.1875  -0.278418
-0.125  -0.511106
-0.28125  -0.491068
0.21875  -0.386629
0  -0.556065
0.15625  -0.437653
-0.15625  -0.439928
-0.28125  -0.5531
0.15625  -0.372257
0.15625  -0.492222
-0.125  -0.470587
-0.125  -0.317107
-0.125  -0.278987
0.03125  -0.555286
-0.0625  -0.443666
-0.25  -0.331247
0.15625  -0.492892
-0.03125  -0.340476
0  -0.526025
-0.1875  -0.242175
-0.0625  -0.429794
0.0625  -0.449033
0.0625  -0.268182
0.125  -0.330414
0  -0.475266
0.03125  -0.532931
-0.0625  -0.534281
-0.125  -0.151218
-0.0625  -0.729524
0.0625  -0.257001
-0.0625  -0.350592
-0.1875  -0.310174
0.03125  -0.513505
0.09375  -0.389846
-0.21875  -0.171245
0.03125  -0.302259
0  -0.20363
-0.1875  -0.504471
-0.03125  -0.404247
-0.25  -0.547387
-0.0625  -0.254377
0.03125  -0.398209
0.25  -0.659734
0.09375  -0.608234
0.0625  -0.517809
0.25  -0.376277
-0.0625  -0.425743
0.21875  -0.61193
-0.03125  -0.631464
-0.1875  -0.199531
-0.03125  -0.541197
0.15625  -0.572381
-0.09375  -0.51324
-0.15625  -0.360082
-0.03125  -0.545182
-0.1875  -0.612221
0.09375  -0.40846
-0.03125  -0.310222
0.125  -0.326495
0.15625  -0.521932
-0.0625  -0.40386
-0.03125  -0.519732
0.03125  -0.60991
0.15625  -0.38571
-0.15625  -0.237212
0  -0.406588
-0.125  -0.342579
-0.0625  -0.221736
-0.0625  -0.627172
-0.15625  -0.466202
-0.15625  -0.383803
0.28125  -0.51788
-0.125  -0.477815
0.03125  -0.276147
-0.4375  -0.308942
0.0625  -0.475055
0.03125  -0.260984
-0.0625  -0.309633
0  -0.282544
-0.125  -0.280878
0.1875  -0.310947
-0.125  -0.55399
0  -0.677125
0.0625  -0.311319
0.1875  -0.410288
0.09375  -0.46043
0.09375  -0.505793
0  -0.507511
-0.03125  -0.564174
0.15625  -0.283733
-0.21875  -0.68765
-0.125  -0.364286
0.25  -0.394667
-0.125  -0.515371
-0.25  -0.52895
-0.03125  -0.447882
-0.1875  -0.642651
-0.125  -0.41939
-0.0625  -0.585088
0.125  -0.515894
0.03125  -0.567057
0  -0.458919
-0.03125  -0.586253
-0.125  -0.399473
-0.03125  -0.4544
0.09375  -0.438476
0.0625  -0.467709
0.09375  -0.549542
0  -0.208955
0.1875  -0.480613
0.125  -0.390712
-0.09375  -0.60369
0.21875  -0.284896
-0.0625  -0.450579
-0.03125  -0.379142
0.03125  -0.329836
0.03125  -0.591226
0.03125  -0.242753
-0.0625  -0.419701
-0.09375  -0.417599
0.0625  -0.326008
0.03125  -0.35667
-0.0625  -0.446469
0.125  -0.505982
0.21875  -0.245452
0.0625  -0.520792
-0.0625  -0.349524
-0.03125  -0.329017
-0.25  -0.507057
-0.15625  -0.294033
-0.03125  -0.51838
-0.0625  -0.399058
-0.09375  -0.43026
0.03125  -0.345418
0.03125  -0.361316
0.0625  -0.458975
0.15625  -0.390073
0.0625  -0.42359
0  -0.3738
0.125  -0.218216
-0.125  -0.376596
0  -0.417561
-0.125  -0.238087
0  -0.397303
0.03125  -0.358045
0  -0.542929
0  -0.437101
0  -0.414459
-0.125  -0.312528
0.09375  -0.548126
-0.125  -0.147311
0  -0.486462
-0.0625  -0.379182
0.0625  -0.459341
-0.1875  -0.324529
0.1875  -0.50906
0  -0.337244
0.28125  -0.486994
-0.0625  -0.266384
-0.03125  -0.104557
-0.15625  -0.484578
0  -0.408684
-0.09375  -0.43641
0  -0.419431
0.125  -0.304891
-0.09375  -0.579122
0.03125  -0.533789
0.1875  -0.44028
0.03125  -0.531718
0.03125  -0.345755
-0.1875  -0.152104
0.09375  -0.544629
-0.0625  -0.382671
0.0625  -0.347785
-0.125  -0.342011
-0.03125  -0.392294
0  -0.259689
0.03125  -0.496646
-0.09375  -0.37888
-0.09375  -0.437589
-0.25  -0.366765
-0.03125  -0.452937
0.0625  0.0111886
-0.0625  -0.425752
0.03125  -0.315031
0.0625  -0.5153
-0.15625  -0.477553
-0.09375  -0.277279
-0.25  -0.523621
0.09375  -0.358216
0.21875  -0.369506
-0.0625  -0.4335
0  -0.456492
-0.03125  -0.425422
-0.21875  0.0835396
0  -0.53588
-0.0625  -0.540712
0  -0.466522
0  -0.352311
-0.0625  -0.255605
-0.125  -0.242979
0.0625  -0.29913
-0.0625  -0.346088
-0.0625  -0.663669
-0.125  -0.508151
0.0625  -0.544395
0.03125  -0.205103
0.03125  -0.305665
-0.03125  -0.378581
0.15625  -0.445945
-0.125  -0.33473
-0.1875  -0.522646
0.03125  -0.351273
-0.03125  -0.392552
0.0625  -0.422152
0.125  -0.334013
0.125  -0.254406
-0.125  -0.4356
0.1875  -0.337262
-0.0625  -0.532315
-0.125  -0.452295
-0.25  -0.552657
-0.0625  -0.381037
-0.0625  -0.330702
-0.09375  -0.44804
-0.125  -0.650109
-0.0625  -0.324088
-0.03125  -0.39826
-0.125  -0.513309
0  -0.358964
0.03125  -0.347257
-0.21875  -0.269611
-0.03125  -0.454456
0  -0.347529
0.15625  -0.273138
0.0625  -0.495552
0.0625  -0.536169
-0.03125  -0.477418
0  -0.399476
-0.125  -0.388573
-0.03125  -0.513256
-0.0625  -0.279599
-0.21875  -0.376416
0  -0.64933
-0.03125  -0.47505
-0.15625  -0.494772
-0.03125  -0.672509
-0.0625  -0.588614
-0.09375  -0.290533
0  -0.461622
0.0625  -0.535094
0.03125  -0.194111
0.09375  -0.197556
0  -0.403819
0.1875  -0.427012
0.0625  -0.444151
0.03125  -0.441731
0.03125  -0.641221
0  -0.523517
-0.15625  -0.379961
0.0625  -0.360606
0.0625  -0.560617
0.09375  -0.191639
-0.03125  -0.370955
-0.1875  -0.394812
0.125  -0.433815
0.1875  -0.595683
0.125  -0.562582
-0.125  -0.345162
-0.15625  -0.461248
-0.03125  -0.328841
0.21875  -0.526421
0.15625  -0.584705
0.03125  -0.32526
-0.125  -0.493397
0  -0.488879
-0.03125  -0.370809
0  -0.278084
-0.09375  -0.514422
0.09375  -0.517057
0.125  -0.37689
-0.21875  -0.244141
0.03125  -0.376332
-0.21875  -0.300955
0.03125  -0.36412
0.15625  -0.37832
-0.03125  -0.363829
0.09375  -0.610067
-0.0625  -0.535327
0.0625  -0.403153
0  -0.423169
0.03125  -0.579791
0  -0.371659
0.09375  -0.309084
-0.03125  -0.64468
0.15625  -0.514224
0  -0.437507
-0.1875  -0.585905
0.125  -0.311025
-0.25  -0.627036
-0.125  -0.303067
-0.0625  -0.440478
-0.03125  -0.566078
-0.21875  -0.337152
-0.0625  -0.339241
0.0625  -0.399318
0.0625  -0.601974
0.15625  -0.37815
0.09375  -0.35613
-0.03125  -0.42217
0.1875  -0.289652
0.09375  -0.233623
-0.34375  -0.236034
-0.15625  -0.354834
-0.0625  -0.555779
0.0625  -0.391616
-0.03125  -0.420858
0  -0.409865
0.15625  -0.532296
-0.1875  -0.48551
0.09375  -0.502498
-0.125  -0.429648
0.0625  -0.639301
-0.0625  -0.326095
-0.0625  -0.514485
0  -0.390004
0.125  -0.382125
0.125  -0.381484
-0.09375  -0.283372
-0.0625  -0.353733
-0.21875  -0.354824
0  -0.460241
0  -0.397362
0.0625  -0.601424
0.125  -0.425755
0.03125  -0.512631
0.21875  -0.242721
0.25  -0.182253
0.03125  -0.296042
-0.0625  -0.432025
-0.1875  -0.476228
-0.03125  -0.389283
-0.03125  -0.32349
0  -0.37697
-0.28125  -0.525895
0  -0.333486
-0.34375  -0.356053
0.03125  -0.343939
0  -0.49059
0.125  -0.466874
-0.28125  -0.460113
0.0625  -0.52146
-0.03125  -0.395462
-0.0625  -0.260161
-0.15625  -0.338593
0  -0.402955
-0.09375  -0.410521
-0.03125  -0.215285
0.1875  -0.374792
0.09375  -0.351674
0.3125  -0.460402
0.375  -0.480749
0  -0.606856
-0.03125  -0.435297
0.0625  -0.502867
0.09375  -0.250354
-0.03125  -0.367484
0.1875  -0.543211
0.03125  -0.435874
-0.0625  -0.255333
-0.0625  -0.360231
0.1875  -0.50844
0.1875  -0.523543
-0.21875  -0.426074
0.1875  -0.559518
-0.1875  -0.582765
0.0625  -0.269572
0.125  -0.221636
0.28125  -0.236376
0.03125  -0.48916
-0.0625  -0.608244
0.0625  -0.694237
0.125  -0.217378
0.15625  -0.474714
0.03125  -0.555181
-0.4375  -0.475906
0  -0.524723
0.03125  -0.359659
0.1875  -0.487853
-0.15625  -0.460881
0.03125  -0.376034
0.0625  -0.459963
0.15625  -0.40595
0.125  -0.294916
0  -0.361298
0.125  -0.464124
0.09375  -0.354951
0.125  -0.332715
0.03125  -0.351932
0.1875  -0.366902
-0.09375  -0.321104
-0.15625  -0.413064
-0.0625  -0.515532
-0.0625  -0.520112
-0.03125  -0.339179
0  -0.501282
0.03125  -0.426742
-0.0625  -0.731228
-0.0625  -0.5344
0  -0.345467
-0.15625  -0.66572
-0.1875  -0.498446
0.125  -0.360426
0.03125  -0.244131
0  -0.612628
0.125  -0.558967
0.03125  -0.617181
-0.03125  -0.403797
0.03125  -0.393798
0.125  -0.546882
-0.15625  -0.360272
-0.09375  -0.449533
0.09375  -0.662187
0.03125  -0.576614
-0.09375  -0.358811
-0.125  -0.417975
-0.21875  -0.443157
0.0625  -0.240085
-0.1875  -0.340228
0.0625  -0.405363
0.0625  -0.476815
0.03125  -0.544295
-0.09375  -0.424776
-0.0625  -0.430846
0.09375  -0.303992
0.3125  -0.649757
0  -0.332263
0.0625  -0.495592
-0.125  -0.438782
0.21875  -0.653651
0.03125  -0.350468
0.09375  -0.504144
0.09375  -0.369193
0.125  -0.08276
-0.03125  -0.437246
-0.09375  -0.478065
-0.125  -0.402436
0.15625  -0.419344
-0.0625  -0.486207
-0.1875  -0.31279
-0.03125  -0.397655
-0.03125  -0.54626
0.03125  -0.2187
0.09375  -0.565389
-0.03125  -0.3976
0.09375  -0.540895
-0.03125  -0.50729
0  -0.190449
-0.21875  -0.510653
0.09375  -0.568388
-0.03125  -0.377282
0.3125  -0.274142
0.09375  -0.305216
-0.0625  -0.391186
0.15625  -0.229252
-0.0625  -0.270816
-0.1875  -0.525028
0.09375  -0.367501
-0.03125  -0.379203
0.1875  -0.493713
-0.09375  -0.550086
0.15625  -0.333147
0.1875  -0.31776
-0.0625  -0.582817
0.1875  -0.10785
0.09375  -0.355306
-0.09375  -0.625728
-0.125  -0.467453
0  -0.252453
-0.09375  -0.569074
0.125  -0.235719
0.0625  -0.25127
0  -0.317935
0.1875  -0.317496
0.09375  -0.423467
-0.0625  -0.398826
0.125  -0.0179151
-0.09375  -0.42076
-0.125  -0.578351
0.15625  -0.514819
0  -0.405843
-0.03125  -0.44867
-0.0625  -0.255728
0.21875  -0.558371
0.03125  -0.483602
-0.0625  -0.393123
-0.03125  -0.623616
-0.21875  -0.295521
-0.21875  -0.377867
0.09375  -0.439557
-0.1875  -0.499239
0  -0.27655
0  -0.201798
-0.1875  -0.42468
0.09375  -0.214715
0.09375  -0.48386
-0.25  -0.261755
0.1875  -0.288736
0.09375  -0.567559
0.03125  -0.66435
0.0625  -0.435063
-0.0625  -0.215725
0.09375  -0.578878
-0.0625  -0.350059
0.15625  -0.6598
0.09375  -0.382375
0.21875  -0.495917
0.15625  -0.507349
-0.34375  -0.599279
0.25  -0.620038
0.03125  -0.390958
0.125  -0.179942
0  -0.365769
-0.0625  -0.494297
-0.0625  -0.477787
0  -0.416351
-0.0625  -0.357333
-0.03125  -0.436572
0.09375  -0.300022
0.34375  -0.406986
-0.1875  -0.397776
0.15625  -0.128066
-0.0625  -0.627432
0.1875  -0.425673
-0.09375  -0.350908
-0.0625  -0.45937
0.09375  -0.335866
0.0625  -0.376873
-0.15625  -0.413177
-0.0625  -0.269964
0.15625  -0.260643
0.03125  -0.511107
-0.125  -0.341096
0.15625  -0.445171
0  -0.147204
-0.21875  -0.531079
-0.03125  -0.214412
0  -0.473327
0.03125  -0.331403
-0.15625  -0.339332
-0.15625  -0.461154
-0.0625  -0.222733
-0.21875  -0.233954
-0.125  -0.252492
-0.3125  -0.628972
0.28125  -0.487026
0.09375  -0.416359
0  -0.122686
0.0625  -0.40157
0.09375  -0.117235
0.09375  -0.565951
0.125  -0.226694
0  -0.437126
-0.09375  -0.325852
-0.125  -0.364961
-0.15625  -0.404777
-0.15625  -0.125672
0.03125  -0.311087
0.09375  -0.359032
0.03125  -0.38979
0.09375  -0.41708
0.0625  -0.320553
-0.15625  -0.608415
0.21875  -0.558875
-0.15625  -0.596107
-0.09375  -0.165331
-0.03125  -0.442407
-0.21875  -0.576363
0.21875  -0.314924
-0.1875  -0.366754
-0.0625  -0.341742
0  -0.375997
0  -0.383201
0.125  -0.425953
-0.03125  -0.38417
0.125  -0.485609
0  -0.311208
-0.0625  -0.55171
0.1875  -0.180811
0.03125  -0.365595
-0.03125  -0.486531
-0.03125  -0.285412
0.125  -0.397672
-0.28125  -0.289989
0  -0.323504
-0.03125  -0.366022
0.125  -0.36079
-0.03125  -0.278692
0.0625  -0.488282
0.25  -0.239183
0.15625  -0.487572
0  -0.308822
-0.125  -0.332844
0.15625  -0.481064
-0.09375  -0.596978
0.0625  -0.489444
-0.15625  -0.555683
-0.09375  -0.376511
0.0625  -0.408937
0.125  -0.635599
0  -0.319558
-0.0625  -0.745081
0.09375  -0.344997
0.125  -0.500267
-0.15625  -0.515807
0.0625  -0.666545
0.15625  -0.329537
-0.09375  -0.484441
0.125  -0.683513
0.15625  -0.207879
0.125  -0.366357
0.125  -0.321356
0.03125  -0.466387
-0.125  -0.601074
-0.15625  -0.405001
-0.125  -0.298755
-0.125  -0.707977
0.125  -0.270108
0.125  -0.322881
-0.0625  -0.41792
0.125  -0.601174
0.125  -0.253019
0.15625  -0.616583
-0.0625  -0.409361
-0.03125  -0.215093
-0.25  -0.410646
-0.125  -0.442311
-0.09375  -0.383653
0.1875  -0.677687
-0.0625  -0.358385
0.09375  -0.471161
-0.09375  -0.615685
-0.25  -0.461841
0.15625  -0.505991
0.0625  -0.436595
0.03125  -0.3105
-0.25  -0.654951
0.0625  -0.524554
0.15625  -0.393343
-0.09375  -0.544425
0.21875  -0.448334
0.03125  -0.372462
0.09375  -0.511382
0  -0.505559
0.125  -0.526314
0.0625  -0.00415396
0.1875  -0.436153
-0.0625  -0.183598
-0.09375  -0.342897
-0.03125  -0.383233
0.03125  -0.307897
0.25  -0.360964
-0.03125  -0.446266
-0.0625  -0.471636
-0.15625  -0.315444
0.125  -0.485115
-0.15625  -0.561453
-0.0625  -0.429223
0.09375  -0.418745
-0.03125  -0.634573
0  -0.514306
0.03125  -0.296411
-0.28125  -0.577026
0.28125  -0.281637
0.03125  -0.403617
0.09375  -0.495761
0.28125  -0.374146
0.03125  -0.532723
-0.125  -0.249125
0.09375  -0.396062
-0.25  -0.564938
-0.125  -0.630581
0.09375  -0.539208
0  -0.37636
-0.09375  -0.355094
0.28125  -0.506113
0.09375  -0.349563
0  -0.417284
-0.1875  -0.410565
-0.0625  -0.457511
-0.03125  -0.299067
0  -0.433192
-0.09375  -0.573948
0.34375  -0.453128
0.1875  -0.509171
0.125  -0.314124
0.03125  -0.44317
0.125  -0.398175
0.40625  -0.342266
0.15625  -0.355436
-0.15625  -0.160703
-0.03125  -0.563546
0.1875  -0.283853
0.09375  -0.36355
-0.0625  -0.623888
0.0625  -0.358923
-0.03125  -0.368486
-0.09375  -0.450446
0  -0.302559
0.09375  -0.400614
-0.09375  -0.372984
-0.0625  -0.595126
-0.15625  -0.285941
-0.125  -0.536451
-0.0625  -0.433869
0.09375  -0.424629
-0.03125  -0.205516
0.1875  -0.356776
-0.09375  -0.335609
-0.125  -0.316907
-0.03125  -0.508735
0.0625  -0.140272
0.09375  -0.269076
-0.15625  -0.487301
-0.03125  -0.425699
0.03125  -0.501431
0.09375  -0.423004
-0.0625  -0.356649
-0.125  -0.535402
-0.0625  -0.547134
0.125  -0.600642
0.0625  -0.410504
0  -0.37948
-0.09375  -0.400913
0  -0.522921
-0.21875  -0.438469
0.03125  -0.26601
-0.15625  -0.353623
-0.125  -0.391661
0.21875  -0.47371
-0.0625  -0.355886
-0.03125  -0.24584
-0.0625  -0.306611
0.03125  -0.457332
-0.03125  -0.505847
-0.09375  -0.441765
0.125  -0.317938
0.15625  -0.194991
0  -0.111423
-0.03125  -0.407092
0.0625  -0.575768
-0.0625  -0.254952
-0.21875  -0.332054
0.09375  -0.495662
-0.03125  -0.554712
0.09375  -0.422419
0  -0.265021
-0.15625  -0.492148
0.0625  -0.452035
0.25  -0.466517
-0.0625  -0.519565
0  -0.252951
-0.0625  -0.55397
0.0625  -0.493055
0  -0.361771
-0.0625  -0.243811
0  -0.0976329
0.09375  -0.308866
-0.03125  -0.546482
0.09375  -0.293027
-0.21875  -0.464441
0  -0.415216
0.09375  -0.455103
0.25  -0.375005
-0.1875  -0.396365
0.0625  -0.533961
-0.1875  -0.33888
-0.03125  -0.377481
-0.125  -0.521251
-0.0625  -0.344558
0.1875  -0.516236
-0.0625  -0.4545
0.09375  -0.29384
0.03125  -0.589409
0.09375  -0.544483
0.1875  -0.410938
0.09375  -0.319229
0.1875  -0.474754
-0.1875  -0.584936
0.125  -0.409595
-0.0625  -0.425293
0  -0.403756
0.03125  -0.182536
0  -0.412976
0.1875  -0.492451
-0.03125  -0.33563
0.25  -0.467847
-0.09375  -0.549552
-0.09375  -0.425479
-0.0625  -0.246896
-0.0625  -0.313846
-0.15625  -0.214387
-0.0625  -0.539988
0.0625  -0.600841
-0.21875  -0.404186
0  -0.507667
0.09375  -0.28706
0.28125  -0.376153
-0.03125  -0.44435
0.0625  -0.263393
0.15625  -0.361072
-0.03125  -0.650515
-0.0625  -0.298719
-0.1875  -0.452974
-0.0625  -0.523475
0  -0.455971
-0.09375  -0.502063
0.09375  -0.312707
0.03125  -0.451962
-0.09375  -0.608361
0.0625  -0.276737
-0.09375  -0.30751
0.125  -0.636705
0.0625  -0.212086
0  -0.298444
0.09375  -0.376353
-0.09375  -0.435258
0.15625  -0.550179
-0.0625  -0.330419
0.03125  -0.417952
0  -0.554476
-0.03125  -0.418153
-0.09375  -0.435367
0.15625  -0.394026
0.1875  -0.438242
0.0625  -0.357593
-0.09375  -0.52476
-0.0625  -0.416608
0  -0.41448
-0.09375  -0.432334
0.125  -0.555888
0.03125  -0.390543
-0.125  -0.589157
-0.125  -0.36974
-0.3125  -0.424745
-0.1875  -0.282143
-0.0625  -0.475483
-0.125  -0.460327
0  -0.569205
-0.125  -0.300208
0.03125  -0.352465
-0.125  -0.475852
0  -0.426455
-0.125  -0.64855
0.09375  -0.419198
0.0625  -0.52369
-0.09375  -0.370353
-0.0625  -0.470842
-0.15625  -0.713191
0.09375  -0.271222
0.09375  -0.308896
0  -0.590364
0.09375  -0.303431
-0.03125  -0.557388
-0.09375  -0.473564
0.09375  -0.587489
0.03125  -0.292939
-0.0625  -0.416719
0  -0.334991
-0.125  -0.429754
-0.15625  -0.412082
-0.1875  -0.395414
-0.125  -0.540012
-0.0625  -0.187565
-0.03125  -0.289251
-0.0625  -0.583097
0  -0.321209
0.15625  -0.46418
0.21875  -0.222843
0.125  -0.206234
0.03125  -0.347982
0.125  -0.0577252
-0.28125  -0.412462
-0.15625  -0.361411
0.03125  -0.25914
0.28125  -0.489868
0  -0.531926
-0.1875  -0.761501
-0.09375  -0.452119
0  -0.446759
-0.125  -0.545193
0.0625  -0.197362
-0.03125  -0.262593
-0.09375  -0.149176
-0.125  -0.274991
0.15625  -0.163405
-0.125  -0.425492
0  -0.438775
0.03125  -0.262086
0.375  -0.438753
0.03125  -0.583588
0.3125  -0.360521
0.0625  -0.551556
0  -0.395908
0  -0.383011
0.0625  -0.342945
-0.09375  -0.423567
0.15625  -0.446134
-0.03125  -0.47203
0.0625  -0.324909
-0.03125  -0.220772
-0.0625  -0.677438
0.09375  -0.635621
-0.0625  -0.11649
-0.03125  -0.469373
0.0625  -0.406759
-0.09375  -0.331088
0.15625  -0.404765
-0.21875  -0.247526
-0.25  -0.190493
0.25  -0.309901
-0.03125  -0.356743
0.15625  -0.324472
0.09375  -0.42127
0.125  -0.486921
-0.03125  -0.408249
-0.0625  -0.441146
-0.25  -0.495553
0.0625  -0.375424
0.09375  -0.438474
-0.28125  -0.323673
-0.0625  -0.627535
-0.03125  -0.260731
0.09375  -0.487862
-0.125  -0.415011
0  -0.347118
-0.0625  -0.418836
0.03125  -0.260684
0.15625  -0.279608
0.1875  -0.386092
0.09375  -0.277744
0.09375  -0.479571
0.09375  -0.440094
-0.09375  -0.410864
0.1875  -0.323478
-0.03125  -0.472829
-0.03125  -0.577188
0.0625  -0.239093
-0.0625  -0.571825
-0.03125  -0.413966
0.09375  -0.480849
-0.09375  -0.434117
0.125  -0.458804
0.375  -0.455706
0.15625  -0.392775
-0.03125  -0.246356
0.15625  -0.298933
0.0625  -0.484047
0.21875  -0.322572
0.0625  -0.529986
-0.15625  -0.432373
-0.0625  -0.538382
0.09375  -0.136091
-0.0625  -0.353574
0  -0.389415
-0.09375  -0.317858
-0.125  -0.406696
-0.125  -0.481666
0.03125  -0.427342
-0.09375  -0.309554
-0.03125  -0.431969
-0.25  -0.513986
-0.0625  -0.444062
0.125  -0.357954
0.09375  -0.374138
0.03125  -0.518934
-0.09375  -0.514918
-0.03125  -0.554691
0  -0.38028
0.1875  -0.330315
-0.0625  -0.158698
-0.1875  -0.48082
-0.1875  -0.520186
0.03125  -0.545776
-0.09375  -0.608293
0.15625  -0.291423
0.15625  -0.494731
-0.03125  -0.426783
-0.15625  -0.48581
0.09375  -0.521436
0  -0.483316
-0.0625  -0.589854
-0.03125  -0.350447
0.03125  -0.688314
0.15625  -0.318663
-0.0625  -0.370425
0.09375  -0.154603
0.0625  -0.254375
0.25  -0.205642
0.1875  -0.449155
0.09375  -0.607268
0  -0.372888
-0.09375  -0.478116
0.1875  -0.487832
-0.1875  -0.434525
0.09375  -0.541339
-0.1875  -0.458871
0.03125  -0.382534
0.0625  -0.5107
-0.1875  -0.333175
0  -0.387333
0.15625  -0.439037
-0.1875  -0.418181
-0.125  -0.46053
0.09375  -0.658045
-0.0625  -0.449846
-0.21875  -0.313307
0  -0.490624
-0.1875  -0.519941
0  -0.515556
0.1875  -0.157117
-0.03125  -0.390627
0.09375  -0.400618
0.0625  -0.446904
-0.28125  -0.4986
-0.03125  -0.505404
0.09375  -0.517446
-0.1875  -0.450058
-0.0625  -0.258884
0.09375  -0.124974
0.15625  -0.499306
-0.15625  -0.170293
0  -0.320792
0.09375  -0.421292
-0.15625  -0.416317
-0.0625  -0.371361
-0.125  -0.11665
-0.09375  -0.506181
-0.03125  -0.329988
-0.1875  -0.433625
-0.0625  -0.314284
-0.09375  -0.30814
0.09375  -0.497806
-0.03125  -0.390887
-0.125  -0.305086
0.09375  -0.457961
0.28125  -0.418163
0.03125  -0.151649
0  0.0219694
0.1875  -0.483033
0.125  -0.383188
0.09375  -0.365121
0.03125  -0.365576
0.03125  -0.430469
0.1875  -0.456306
0.09375  -0.419087
0.09375  -0.505434
0.09375  -0.440501
-0.0625  -0.265717
-0.25  -0.345593
0.21875  -0.36919
0.125  -0.443848
-0.15625  -0.601121
0  -0.310252
-0.1875  -0.355935
-0.03125  -0.336411
0.03125  -0.259494
0  -0.391291
0.0625  -0.493842
0.03125  -0.377994
-0.09375  -0.41912
0.09375  -0.217902
0.03125  -0.465053
-0.125  -0.399335
0.03125  -0.408196
0  -0.42602
-0.1875  -0.282174
-0.09375  -0.639635
0  -0.46045
0.25  -0.3276
0.03125  -0.284495
-0.03125  -0.37497
-0.09375  -0.416554
-0.1875  -0.288311
-0.03125  -0.419717
0.15625  -0.471625
-0.21875  -0.457526
-0.15625  -0.70789
-0.21875  -0.299871
0.125  -0.346885
0.03125  -0.524353
0.03125  -0.33034
-0.03125  -0.52322
0  -0.448785
-0.03125  -0.448331
-0.09375  -0.41953
0.15625  -0.320487
-0.03125  -0.349503
-0.0625  -0.304571
0  -0.534088
-0.0625  -0.397043
0.09375  -0.467994
-0.03125  -0.200533
-0.09375  -0.484426
-0.125  -0.432574
0.125  -0.657097
0.03125  -0.35641
0  -0.445914
0.15625  -0.265699
0.125  -0.568908
-0.09375  -0.366285
0  -0.514796
-0.09375  -0.639486
0.1875  -0.441618
-0.15625  -0.369863
0.21875  -0.612882
-0.125  -0.39706
-0.0625  -0.706178
0.15625  -0.334563
-0.25  -0.553059
0.03125  -0.50007
-0.03125  -0.559009
0.0625  -0.332915
0.125  -0.3372
-0.0625  -0.534059
-0.03125  -0.549823
0  -0.364512
-0.03125  -0.533545
-0.09375  -0.375593
0.03125  -0.408104
-0.09375  -0.35347
0  -0.347836
-0.1875  -0.392024
-0.15625  -0.56986
0.0625  -0.22681
0.125  -0.294607
-0.0625  -0.411821
0.09375  -0.252437
0.15625  -0.347807
-0.09375  -0.734306
0.0625  -0.382663
0.03125  -0.32869
0.03125  -0.217396
-0.03125  -0.390022
0.1875  -0.205634
0.125  -0.2415
-0.0625  -0.36162
-0.09375  -0.258706
0.15625  -0.501372
0.21875  -0.199106
-0.03125  -0.615092
-0.0625  -0.290527
0.15625  -0.544812
-0.09375  -0.378201
0.15625  -0.488134
-0.125  -0.384563
-0.28125  -0.464767
-0.03125  -0.450521
0  -0.339471
-0.15625  -0.592233
-0.125  -0.225446
-0.03125  -0.372565
0.1875  -0.341325
0  -0.35866
-0.0625  -0.375684
-0.21875  -0.373512
0  -0.401634
0.03125  -0.596359
-0.03125  -0.366018
0.0625  -0.397389
0  -0.47362
-0.0625  -0.610703
-0.0625  -0.373228
-0.09375  -0.54228
0  -0.627805
0.15625  -0.275208
0.03125  -0.461859
-0.03125  -0.416783
0.03125  -0.28025
0.375  -0.323691
-0.03125  -0.434268
0.0625  -0.414319
-0.15625  -0.339674
-0.125  -0.445281
-0.125  -0.52211
-0.21875  -0.426453
-0.03125  -0.623885
0.03125  -0.327824
0.0625  -0.475939
0.1875  -0.46932
0.0625  -0.447452
-0.1875  -0.697662
-0.0625  -0.436857
-0.21875  -0.537169
0.125  -0.440552
-0.09375  -0.433395
-0.0625  -0.359843
-0.09375  -0.709583
0  -0.235131
-0.15625  -0.384467
0.125  -0.30678
-0.0625  -0.458773
-0.09375  -0.365664
-0.15625  -0.337672
0.03125  -0.393244
0.1875  -0.298417
-0.15625  -0.489167
0.0625  -0.553203
0  -0.41808
-0.09375  -0.496955
0.1875  -0.248743
-0.15625  -0.30318
-0.03125  -0.353326
0.0625  -0.497909
-0.15625  -0.264162
0.03125  -0.275839
-0.1875  -0.415981
-0.15625  -0.234783
0.0625  -0.582642
0.125  -0.4241
0.0625  -0.482648
-0.15625  -0.408639
0.0625  -0.105114
0  -0.107953
0.0625  -0.304872
0.125  -0.340497
0.09375  -0.404755
0  -0.414968
0  -0.639431
0  -0.516589
-0.125  -0.502774
-0.15625  -0.654189
-0.09375  -0.480167
0.0625  -0.304705
0.21875  -0.241741
-0.0625  -0.295301
-0.28125  -0.428539
-0.09375  -0.441389
0.15625  -0.426838
-0.28125  -0.494621
0.09375  -0.427683
-0.15625  -0.427067
0.03125  -0.636706
-0.25  -0.448514
-0.03125  -0.447246
0.03125  -0.239205
-0.09375  -0.358236
0.21875  -0.486484
-0.21875  -0.392463
-0.1875  -0.588028
0.03125  -0.368777
-0.0625  -0.354864
-0.125  -0.361095
0  -0.516547
0.03125  -0.312138
0  -0.464491
-0.03125  -0.417453
-0.09375  -0.382638
-0.0625  -0.223226
-0.125  -0.398138
0.15625  -0.479009
-0.09375  -0.389493
-0.03125  -0.506925
-0.09375  -0.347273
-0.0625  -0.358971
0.15625  -0.30755
-0.0625  -0.247914
0.09375  -0.36548
0.03125  -0.224369
0.03125  -0.313234
-0.25  -0.608277
0.09375  -0.643867
-0.09375  -0.335086
0.0625  -0.324639
0  -0.341738
0  -0.333173
-0.0625  -0.42519
0.15625  -0.407415
0  -0.281544
-0.03125  -0.204154
0.125  -0.254415
0.03125  -0.41231
-0.125  -0.438164
0.15625  -0.588006
0.03125  -0.658587
-0.21875  -0.698615
0.03125  -0.595251
0.125  -0.473351
-0.03125  -0.525835
-0.09375  -0.451763
0  -0.472918
0.09375  -0.514894
-0.09375  -0.235039
0  -0.428594
-0.09375  -0.342881
-0.15625  -0.553245
-0.125  -0.509374
-0.25  -0.246077
0  -0.371928
0.09375  -0.308959
-0.25  -0.52095
-0.125  -0.326856
0.0625  -0.333968
-0.09375  -0.354381
0.03125  -0.430788
0.25  -0.515794
-0.125  -0.339072
0.03125  -0.587862
-0.125  -0.31452
-0.15625  -0.222677
0.1875  -0.399446
0.25  -0.526917
0.03125  -0.194017
-0.1875  -0.448214
0.09375  -0.320944
0.15625  -0.449231
0.09375  -0.310455
0.0625  -0.461455
0.0625  -0.34451
-0.03125  -0.178991
-0.09375  -0.30041
0.125  -0.476945
-0.28125  -0.296929
0  -0.278983
-0.09375  -0.37491
0.125  -0.239057
-0.125  -0.522694
-0.21875  -0.322131
0.0625  -0.373
0.09375  -0.420363
0.28125  -0.334551
-0.0625  -0.165403
-0.09375  -0.258206
-0.03125  -0.482342
0.3125  -0.443688
0.15625  -0.528145
0.15625  -0.346269
-0.09375  -0.512258
-0.09375  -0.542521
-0.125  -0.467234
-0.03125  -0.43399
-0.25  -0.277842
-0.125  -0.216503
0.0625  -0.0965426
-0.125  -0.597458
-0.1875  -0.494647
0  -0.479503
0.0625  -0.523307
-0.125  -0.273319
0.03125  -0.231503
-0.09375  -0.412544
0.03125  -0.33115
-0.09375  -0.317079
0  -0.434274
0.125  -0.544386
0.0625  -0.406354
-0.21875  -0.521475
0.09375  -0.506302
0.09375  -0.0900812
0.03125  -0.473442
-0.09375  -0.361714
0.15625  -0.457087
-0.03125  -0.367693
-0.0625  -0.450973
-0.21875  -0.315224
-0.125  -0.378054
-0.03125  -0.353089
-0.15625  -0.581675
-0.125  -0.369497
-0.28125  -0.171755
0.0625  -0.291082
0.28125  -0.302878
0.15625  -0.499356
0  -0.460377
-0.03125  -0.298005
0  -0.426139
-0.03125  -0.527071
-0.03125  -0.590788
-0.21875  -0.230825
0.03125  -0.455204
-0.25  -0.612056
0.03125  -0.48069
0.125  -0.354301
0  -0.261273
-0.21875  -0.495208
0  -0.560769
0.0625  -0.234388
0.15625  -0.299294
0.09375  -0.370907
0.1875  -0.32149
-0.0625  -0.316584
0.125  -0.490143
-0.09375  -0.233005
0.03125  -0.563244
-0.03125  -0.532707
0  -0.468206
0.09375  -0.522446
0.15625  -0.457927
-0.1875  -0.477117
0  -0.422688
0.03125  -0.523271
0.125  -0.322516
0.125  -0.396977
0.15625  -0.698204
0.09375  -0.406913
-0.125  -0.374514
-0.0625  -0.346673
0.125  -0.422004
-0.21875  -0.337692
-0.15625  -0.358199
0.03125  -0.499739
-0.09375  -0.447686
0.03125  -0.44632
-0.03125  -0.312856
0  -0.402637
-0.09375  -0.527319
-0.375  -0.563693
-0.09375  -0.278349
0.03125  -0.538235
0.09375  -0.334818
-0.125  -0.382422
-0.15625  -0.287871
-0.03125  -0.572622
-0.09375  -0.469801
0.0625  -0.567493
0.03125  -0.428849
0.09375  -0.32664
-0.125  -0.351838
-0.15625  -0.141301
-0.0625  -0.598692
0.03125  -0.436808
0.03125  -0.35323
-0.0625  -0.345821
-0.1875  -0.43725
-0.09375  -0.412005
0.09375  -0.55745
-0.0625  -0.382087
-0.15625  -0.436904
0.0625  -0.563926
0.09375  -0.504418
-0.09375  -0.554785
-0.03125  -0.133688
0.03125  -0.373577
-0.03125  -0.689622
0.125  -0.539481
-0.0625  -0.445654
0.03125  -0.350417
-0.03125  -0.347173
0.09375  -0.379235
-0.0625  -0.445779
-0.0625  -0.461355
-0.03125  -0.500496
-0.15625  -0.210266
0.03125  -0.404616
0  -0.441424
0.15625  -0.306469
0.1875  -0.516936
0.1875  -0.438461
0  -0.472687
0.125  -0.347582
0  -0.441658
0.09375  -0.430001
0.09375  -0.493325
-0.15625  -0.42535
-0.15625  -0.218874
-0.25  -0.223797
0.03125  -0.502353
-0.125  -0.361786
0.09375  -0.350397
-0.0625  -0.596775
-0.03125  -0.507672
-0.1875  -0.405299
0.0625  -0.431304
-0.09375  -0.70081
-0.09375  -0.340275
0  -0.359177
0.125  -0.430522
0.15625  -0.294816
0.09375  -0.177983
-0.03125  -0.425552
0.0625  -0.444085
0.15625  -0.584895
0.15625  -0.613787
-0.09375  -0.411403
0.03125  -0.628789
0.09375  -0.417596
-0.125  -0.3246
0.0625  -0.511456
0.09375  -0.297512
-0.09375  -0.359166
0  -0.549853
-0.03125  -0.234472
-0.03125  -0.365903
0.125  -0.345938
0.0625  -0.552282
0  -0.205916
0.15625  -0.481191
-0.125  -0.177552
-0.0625  -0.379376
0.15625  -0.526342
0  -0.485841
-0.09375  -0.338425
0.0625  -0.567043
0.03125  -0.057357
0.03125  -0.442866
-0.0625  -0.339089
-0.21875  -0.531793
0.0625  -0.379845
-0.125  -0.573549
-0.0625  -0.279748
-0.03125  -0.508086
0.0625  -0.408033
0.03125  -0.321207
-0.125  -0.246943
-0.125  -0.414581
0.03125  -0.213627
-0.0625  -0.507644
0.28125  -0.320475
-0.09375  -0.485513
0.03125  -0.41976
-0.09375  -0.674603
0.03125  -0.602312
-0.28125  -0.269348
-0.15625  -0.536109
0.15625  -0.41448
0  -0.368889
0  -0.613536
0.1875  -0.29439
0  -0.541694
-0.1875  -0.336925
0.09375  -0.535156
0.0625  -0.290612
-0.09375  -0.326972
-0.0625  -0.190383
-0.21875  -0.539801
0.09375  -0.386474
-0.0625  -0.25436
0.125  -0.31593
-0.21875  -0.29508
0.09375  -0.479718
-0.0625  -0.463234
0.15625  -0.468283
-0.03125  -0.561177
-0.09375  -0.531211
0.28125  -0.47176
0.15625  -0.233322
-0.0625  -0.306648
-0.28125  -0.578817
0.15625  -0.253398
0.09375  -0.0669448
0  -0.382489
0.28125  -0.4805
-0.03125  -0.389712
-0.3125  -0.43336
0.03125  -0.480331
0.0625  -0.254522
0.09375  -0.348939
-0.0625  -0.285227
0.0625  -0.543958
-0.0625  -0.315913
0.03125  -0.212156
0  -0.26655
0.03125  -0.550083
-0.09375  -0.410041
0.3125  -0.448477
-0.0625  -0.64974
-0.1875  -0.679534
-0.21875  -0.149449
0.0625  -0.290968
-0.03125  -0.141651
-0.15625  -0.285025
0  -0.515214
-0.0625  -0.308143
-0.03125  -0.31383
-0.0625  -0.534763
0.03125  -0.599471
0.21875  -0.305485
0.0625  -0.273361
-0.125  -0.494614
0.09375  -0.365045
0.09375  -0.315457
0  -0.455577
0.1875  -0.4644
0.1875  -0.456481
0.1875  -0.290247
0.125  -0.511981
-0.09375  -0.565396
-0.15625  -0.386165
0  -0.391289
0.125  -0.400891
-0.09375  -0.543828
-0.15625  -0.464008
-0.09375  -0.580603
0  -0.406355
-0.03125  -0.568617
0.03125  -0.225484
0  -0.434061
0.0625  -0.283164
-0.21875  -0.635187
0.03125  -0.616335
0.0625  -0.476555
0.03125  -0.267607
0  -0.598777
-0.1875  -0.36496
0  -0.332225
-0.0625  -0.298127
-0.125  -0.269787
0.09375  -0.464953
0  -0.669606
-0.0625  -0.503783
-0.03125  -0.772488
0.0625  -0.284117
0.0625  -0.24733
-0.28125  -0.548309
-0.0625  -0.408166
-0.15625  -0.410088
0.03125  -0.17174
0.125  -0.318953
-0.1875  -0.516318
0.03125  -0.208649
0.1875  -0.496346
0.15625  -0.56332
-0.25  -0.529128
-0.15625  -0.314368
0.1875  -0.495229
0.03125  -0.479843
0.0625  -0.397736
0.25  -0.258851
0.0625  -0.370989
-0.1875  -0.424719
0.125  -0.229089
-0.0625  -0.418696
-0.09375  -0.377153
0.09375  -0.248907
0  -0.326303
0.03125  -0.320349
-0.1875  -0.456677
0.03125  -0.695165
0.03125  -0.341484
0.0625  -0.392169
0.09375  -0.360214
-0.09375  -0.547485
-0.125  -0.372732
0.15625  -0.472181
-0.09375  -0.399569
-0.0625  -0.400547
0.03125  -0.496153
0.125  -0.361605
0  -0.5041
0.09375  -0.264597
-0.125  -0.57745
-0.125  -0.457382
0.09375  -0.443843
-0.0625  -0.38722
0.15625  -0.371087
-0.1875  -0.558984
0.1875  -0.316791
-0.09375  -0.45283
0.09375  -0.340031
-0.125  -0.315586
-0.1875  -0.55346
-0.03125  -0.330558
0.15625  -0.399209
0.125  -0.464804
0  -0.535947
0.125  -0.635791
0  -0.308351
-0.03125  -0.334721
-0.03125  -0.357937
-0.09375  -0.452441
-0.0625  -0.318318
0.125  -0.451848
0.125  -0.403244
0.09375  -0.488302
-0.0625  -0.400981
-0.03125  -0.296137
0  -0.441155
-0.03125  -0.393313
0.09375  -0.485607
-0.21875  -0.56797
-0.09375  -0.224367
0.125  -0.303605
0.15625  -0.630573
-0.125  -0.30958
-0.09375  -0.678524
0  -0.434862
0.0625  -0.282243
0.03125  -0.456648
0.125  -0.511349
0.15625  -0.454423
-0.125  -0.340663
0.15625  -0.226381
0.0625  -0.246539
0.03125  -0.352076
0  -0.291375
0  -0.323173
0.03125  -0.304799
0  -0.377571
-0.03125  -0.236522
0.125  -0.634816
-0.03125  -0.33939
0.15625  -0.28827
-0.15625  -0.112408
0.125  -0.457809
0.03125  -0.574355
-0.0625  -0.452272
0.0625  -0.470402
-0.0625  -0.579681
-0.1875  -0.504296
0.21875  -0.520062
0.1875  -0.477657
0.15625  -0.309412
0.0625  -0.62435
-0.0625  -0.23734
-0.03125  -0.392399
-0.1875  -0.300779
0.0625  -0.705149
0.09375  -0.355874
0.03125  -0.529852
-0.21875  -0.593334
0.125  -0.366739
-0.1875  -0.191324
0  -0.355126
0.21875  -0.424686
-0.03125  -0.506585
-0.0625  -0.524072
0.03125  -0.469684
0  -0.37081
0.125  -0.466033
-0.03125  -0.226042
-0.03125  -0.447427
0.125  -0.28939
0.1875  -0.510799
0.15625  -0.552562
0.0625  -0.122562
0.1875  -0.550521
-0.03125  -0.475828
0  -0.262485
-0.125  -0.449318
0.3125  -0.460743
-0.0625  -0.281301
0.125  -0.256294
-0.03125  -0.389322
0.15625  -0.303709
-0.15625  -0.396084
0.09375  -0.499707
0.09375  -0.434015
0  -0.636337
-0.03125  -0.351239
-0.125  -0.572591
0.25  -0.465042
0.09375  -0.379853
0.125  -0.429854
-0.1875  -0.321833
-0.0625  -0.299535
-0.03125  -0.43449
0.21875  -0.188614
-0.09375  -0.348067
0.25  -0.580802
-0.0625  -0.25329
-0.125  -0.5362
0.09375  -0.396659
-0.09375  -0.470507
-0.15625  -0.366804
0.09375  -0.340371
0  -0.374677
0.125  -0.31986
0.15625  -0.48351
0.125  -0.400049
-0.125  -0.516022
0.03125  -0.338655
-0.1875  -0.491249
-0.0625  -0.651917
-0.125  -0.515161
0.03125  -0.208011
0.15625  -0.43726
-0.0625  -0.411183
0.09375  -0.459992
0.03125  -0.680417
0.09375  -0.212196
-0.15625  -0.361171
0.09375  -0.466737
0.125  -0.312365
0  -0.343332
0.0625  -0.337159
-0.03125  -0.21557
-0.21875  -0.423372
-0.03125  -0.30333
0  -0.345301
0.03125  -0.694626
-0.125  -0.569093
-0.0625  -0.530061
-0.03125  -0.361891
0.1875  -0.465338
0.15625  -0.424306
0.03125  -0.288147
0.1875  -0.348547
-0.0625  -0.497526
0.09375  -0.585568
-0.03125  -0.326418
0.1875  -0.298559
0.0625  -0.359314
-0.15625  -0.43733
-0.0625  -0.475619
-0.0625  -0.509139
-0.1875  -0.325689
0.09375  -0.473768
-0.0625  -0.350646
0.0625  -0.48583
0.03125  -0.416252
0.09375  -0.441333
-0.125  -0.395496
0.1875  -0.494177
0.09375  -0.344285
0.21875  -0.590789
0.0625  -0.464646
-0.15625  -0.545818
0.15625  -0.350707
-0.21875  -0.653552
-0.0625  -0.264715
0.0625  -0.402739
0.1875  -0.446015
0.09375  -0.340568
0  -0.259387
-0.1875  -0.478369
-0.03125  -0.419147
-0.0625  -0.252403
-0.3125  -0.285516
-0.03125  -0.279094
0.125  -0.363645
-0.09375  -0.507748
0.09375  -0.324326
-0.15625  -0.428697
0.03125  -0.405489
-0.03125  -0.472418
0.03125  -0.41892
-0.15625  -0.454355
0.1875  -0.374213
0.03125  -0.299213
-0.0625  -0.54903
0.03125  -0.436072
-0.03125  -0.445282
0  -0.361522
0.03125  -0.405946
0.15625  -0.605119
0  -0.424873
0.03125  -0.515381
-0.03125  -0.366556
0.125  -0.189348
-0.1875  -0.376272
-0.15625  -0.40833
-0.15625  -0.338477
-0.03125  -0.474541
-0.03125  -0.471638
0.0625  -0.508631
0.09375  -0.562293
0.0625  -0.491377
-0.125  -0.373873
0.03125  -0.470857
-0.21875  -0.445737
0  -0.221812
0.21875  -0.345073
-0.15625  -0.479329
-0.0625  -0.458171
-0.15625  -0.417185
0.0625  -0.414005
0.03125  -0.521487
-0.15625  -0.452434
-0.25  -0.406529
0.03125  -0.456453
-0.0625  -0.434475
0  -0.596812
0.125  -0.397338
-0.125  -0.396918
-0.21875  -0.494259
-0.03125  -0.40559
-0.125  -0.479942
-0.03125  -0.517122
0  -0.419769
0  -0.396185
-0.0625  -0.592227
-0.03125  -0.578427
0  -0.304857
-0.0625  -0.419373
0.03125  -0.399232
0.03125  -0.548909
-0.1875  -0.379614
0.03125  -0.431813
-0.03125  -0.434086
-0.0625  -0.318016
0.0625  -0.404985
0.125  -0.479666
0  -0.346421
-0.03125  -0.460378
0.15625  -0.615578
0.15625  -0.343091
-0.03125  -0.581515
0  -0.405975
-0.1875  -0.40136
-0.09375  -0.255146
-0.15625  -0.144555
-0.125  -0.281101
0.03125  -0.350162
-0.0625  -0.264417
0.15625  -0.446549
-0.09375  -0.492874
0.3125  -0.289451
-0.0625  -0.607968
0  -0.275845
0.09375  -0.448672
0.1875  -0.29357
-0.125  -0.684757
0  -0.291632
-0.125  -0.397204
0.125  -0.542338
-0.03125  -0.268666
0.09375  -0.389523
0.03125  -0.302046
0.03125  -0.339622
0.0625  -0.363769
0.15625  -0.494172
0  -0.415397
0.0625  -0.514047
0.03125  -0.669323
0.125  -0.43336
-0.09375  -0.783711
0  -0.396549
0.03125  -0.354695
-0.15625  -0.221332
-0.1875  -0.315123
-0.03125  -0.604485
-0.0625  -0.45115
-0.09375  -0.335214
-0.0625  -0.512495
0.25  -0.38288
0.125  -0.420305
0.15625  -0.359881
0.03125  -0.455771
0.03125  -0.338506
0.0625  -0.388888
-0.15625  -0.380843
0.0625  -0.383549
0  -0.356862
0.15625  -0.311714
-0.15625  -0.403233
0.09375  -0.431636
0.09375  -0.318775
0.0625  -0.441238
-0.09375  -0.472804
0  -0.350916
-0.0625  -0.26
0.125  -0.425382
-0.03125  -0.338916
-0.125  -0.458311
-0.21875  -0.541641
-0.21875  -0.433893
-0.03125  -0.400785
-0.21875  -0.315974
-0.0625  -0.233023
-0.0625  -0.371619
0.125  -0.405262
-0.1875  -0.257647
-0.03125  -0.342629
-0.0625  -0.458901
-0.1875  -0.53935
0.125  -0.414236
0.03125  -0.212018
-0.1875  -0.369288
0.0625  -0.29278
0.03125  -0.0780139
0.0625  -0.562593
-0.03125  -0.443243
0.125  -0.0897335
0.25  -0.63645
-0.09375  -0.492506
0.03125  -0.343978
0  -0.32945
0.1875  -0.357673
-0.0625  -0.52139
-0.15625  -0.552107
0  -0.565106
-0.15625  -0.451667
0.125  -0.580371
0.125  -0.465859
0.03125  -0.436491
-0.0625  -0.379858
0.15625  -0.336851
-0.25  -0.369661
0  -0.409718
-0.25  -0.44906
-0.09375  -0.434437
0.03125  -0.398936
-0.15625  -0.29303
0.125  -0.432709
0.09375  -0.25391
0.125  -0.455338
-0.09375  -0.617431
-0.1875  -0.339093
0  -0.242145
0.03125  -0.270618
-0.0625  -0.631867
-0.0625  -0.437272
0.0625  -0.396672
0.1875  -0.331387
0  -0.412903
-0.1875  -0.727717
0.15625  -0.389632
-0.25  -0.239391
0  -0.485522
-0.09375  -0.239968
-0.03125  -0.311994
0.09375  -0.586533
0  -0.583879
0.125  -0.309548
-0.25  -0.495793
0.09375  -0.346305
-0.125  -0.28858
-0.09375  -0.602377
-0.15625  -0.358417
0.03125  -0.367065
-0.03125  -0.802964
0.0625  -0.58154
0.15625  -0.308507
-0.28125  -0.678692
-0.03125  -0.577599
0.125  -0.534518
0.125  -0.363196
0.125  -0.63355
0.21875  -0.359171
-0.0625  -0.476338
-0.125  -0.630031
0.09375  -0.292086
0.03125  -0.462639
-0.0625  -0.184648
0  -0.403592
-0.25  -0.250434
0.28125  -0.369633
-0.3125  -0.503192
0.09375  -0.324458
0.125  -0.43013
0.125  -0.450654
0.0625  -0.336221
-0.1875  -0.172901
0.09375  -0.535239
0.15625  -0.488078
0.3125  -0.498673
0.15625  -0.422606
0.15625  -0.460996
0.0625  -0.38937
-0.15625  -0.503565
-0.0625  -0.440823
0.15625  -0.313366
-0.21875  -0.39561
-0.03125  -0.555892
0.125  -0.318963
-0.09375  -0.500367
0.21875  -0.461882
-0.125  -0.21388
0.03125  -0.141069
0  -0.447919
-0.1875  -0.352209
-0.09375  -0.26821
-0.15625  -0.433167
0.1875  -0.455177
0.15625  -0.533252
0.0625  -0.612735
0  -0.670226
0.1875  -0.162736
0  -0.451963
0  -0.637574
-0.1875  -0.556556
0.0625  -0.475882
0.15625  -0.516484
0.0625  -0.52972
0.03125  -0.757698
-0.15625  -0.503939
0.1875  -0.532623
-0.0625  -0.45911
-0.125  -0.463966
-0.03125  -0.338228
-0.03125  -0.260799
0  -0.380402
0.03125  -0.374861
-0.125  -0.450516
0.0625  -0.482878
-0.03125  -0.434979
-0.0625  -0.502016
0.125  -0.304144
-0.0625  -0.393158
0.03125  -0.521744
0.03125  -0.521886
-0.3125  -0.393405
0.0625  -0.364406
0.03125  -0.522554
0.09375  -0.557021
-0.28125  -0.41569
0.0625  -0.626949
-0.21875  -0.363618
0  -0.487507
0.28125  -0.394406
-0.0625  -0.276943
-0.25  -0.399183
0.25  -0.34331
0.03125  -0.509269
0.0625  -0.437865
0.03125  -0.409714
-0.0625  -0.205311
0.03125  -0.304309
-0.15625  -0.497862
-0.03125  -0.398856
-0.21875  -0.192318
0.125  -0.60565
0.125  -0.350923
-0.09375  -0.463438
-0.03125  -0.634976
0.15625  -0.29418
-0.125  -0.605578
0.125  -0.402505
0.03125  -0.350578
-0.15625  -0.313453
-0.03125  -0.425939
0.125  -0.592872
-0.0625  -0.397575
0.15625  -0.427309
-0.09375  -0.38206
-0.25  -0.402778
-0.03125  -0.430815
-0.03125  -0.334105
-0.03125  -0.507667
0.03125  -0.189725
-0.15625  -0.163705
-0.09375  -0.453026
0.0625  -0.245327
0.09375  -0.396697
0.09375  -0.381863
0.03125  -0.0760164
-0.15625  -0.456185
0  -0.210807
0.09375  -0.317697
-0.09375  -0.551881
-0.125  -0.393345
-0.0625  -0.388784
0.0625  -0.471705
0.03125  -0.41072
0.15625  -0.397865
0  -0.38742
-0.09375  -0.289514
-0.28125  0.0279927
-0.03125  -0.534796
0.0625  -0.195486
-0.0625  -0.437635
-0.03125  -0.507677
0.1875  -0.577794
-0.0625  -0.573501
-0.0625  -0.415834
0.03125  -0.36125
0  -0.500564
0.21875  -0.361583
0.125  -0.280559
-0.09375  -0.606489
-0.09375  -0.543992
0.15625  -0.580866
-0.125  -0.62402
-0.0625  -0.492482
-0.15625  -0.57658
-0.09375  -0.50466
0.09375  -0.545063
-0.09375  -0.385208
-0.03125  -0.457033
0.1875  -0.462944
0.21875  -0.430116
-0.0625  -0.378109
0.21875  -0.537856
0.09375  -0.285843
0.03125  -0.491975
-0.125  -0.271102
-0.03125  -0.389031
0.09375  -0.470545
-0.0625  -0.276545
0  -0.397091
0.0625  -0.192869
0.09375  -0.231272
-0.25  -0.445031
0  -0.375355
0.15625  -0.37478
0.15625  -0.331031
0  -0.521654
-0.15625  -0.429166
-0.09375  -0.330881
-0.09375  -0.557255
-0.09375  -0.300175
-0.1875  -0.495762
-0.0625  -0.503639
-0.0625  -0.31083
-0.0625  -0.452452
0.125  -0.164049
0.09375  -0.524972
0  -0.490609
0  -0.456051
0.28125  -0.295917
0.21875  -0.258584
-0.09375  -0.353739
0.03125  -0.344509
0.25  -0.565047
-0.15625  -0.416901
-0.15625  -0.58025
-0.03125  -0.614559
-0.15625  -0.361032
0.0625  -0.510195
0  -0.353395
0.25  -0.268546
0.0625  -0.540937
-0.0625  -0.529846
0  -0.256157
0.125  -0.40545
0  -0.539393
0  -0.441118
0.125  -0.490001
0.03125  -0.368848
0.25  -0.246475
0.1875  -0.139032
0.28125  -0.577359
0  -0.615892
0.0625  -0.273962
-0.125  -0.247302
0.0625  -0.414241
-0.15625  -0.497888
0  -0.428565
0.03125  -0.347593
-0.0625  -0.359194
-0.0625  -0.494476
-0.15625  -0.486859
-0.03125  -0.473987
0.125  -0.280653
-0.09375  -0.53605
0.09375  -0.393571
-0.0625  -0.503031
-0.0625  -0.441894
0.09375  -0.518414
-0.125  -0.263755
-0.1875  -0.434031
0.09375  -0.44661
-0.03125  -0.437657
-0.1875  -0.435985
-0.09375  -0.277896
0.09375  -0.478145
0  -0.394602
0.03125  -0.42644
0.09375  -0.445406
0.0625  -0.441044
0.03125  -0.585135
0  -0.314144
-0.03125  -0.429374
-0.03125  -0.467734
0.125  -0.235649
0.21875  -0.264118
0.09375  -0.45765
-0.0625  -0.368016
0.0625  -0.489877
-0.125  -0.482101
-0.09375  -0.302262
-0.1875  -0.249601
-0.0625  -0.212719
0.09375  -0.264914
-0.21875  -0.374324
0.09375  -0.248631
-0.15625  -0.421078
0.3125  -0.417015
0.03125  -0.408723
0.125  -0.551165
-0.03125  -0.560741
0.125  -0.325434
0.125  -0.550561
0.125  -0.448856
0.09375  -0.293834
0  -0.347943
-0.0625  -0.286509
0.09375  -0.34078
0.125  -0.708805
0.125  -0.219803
0.03125  -0.585489
0.1875  -0.346412
0.09375  -0.553526
0.03125  -0.438371
-0.03125  -0.423903
-0.1875  -0.249695
0.03125  -0.407748
0.15625  -0.402466
0  -0.510617
-0.1875  -0.44448
-0.15625  -0.464741
0  -0.395722
0.15625  -0.435444
-0.03125  -0.549658
-0.25  -0.417627
0.03125  -0.323708
0.125  -0.380703
-0.21875  -0.459388
0.09375  -0.116647
-0.0625  -0.451374
0.25  -0.464445
-0.25  -0.510703
0  -0.441786
0.1875  -0.538844
0.15625  -0.559983
-0.125  -0.336766
-0.15625  -0.302336
0.09375  -0.458175
0.09375  -0.492179
-0.09375  -0.63895
0.21875  -0.611631
-0.15625  -0.467773
-0.03125  -0.449326
-0.125  -0.436048
-0.09375  -0.288913
-0.03125  -0.339565
-0.15625  -0.354977
0.34375  -0.563019
-0.0625  -0.350105
-0.09375  -0.417529
-0.0625  -0.451522
0  -0.369796
-0.1875  -0.365605
-0.15625  -0.425866
-0.03125  -0.498449
0.3125  -0.475764
0.0625  -0.491829
-0.1875  -0.470848
-0.1875  -0.648599
-0.15625  -0.522419
0.1875  -0.383917
0.15625  -0.287151
-0.21875  -0.50536
-0.09375  -0.281808
0.0625  -0.43788
-0.125  -0.468264
0  -0.49679
0.0625  -0.422624
0  -0.539792
-0.09375  -0.588078
-0.03125  -0.632069
0.1875  -0.380782
-0.09375  -0.230436
-0.15625  -0.332592
-0.375  -0.333655
-0.125  -0.589708
0.0625  -0.50711
0  -0.226498
0.125  -0.537966
0  -0.428714
-0.0625  -0.458233
0.0625  -0.277181
0.09375  -0.26786
-0.21875  -0.588666
0.0625  -0.436048
0.15625  -0.554041
0  -0.390315
-0.0625  -0.42515
-0.1875  -0.501495
0  -0.424755
-0.03125  -0.483102
0.0625  -0.435722
0.03125  -0.383101
-0.09375  -0.403756
-0.09375  -0.285747
-0.09375  -0.259019
0.125  -0.212695
-0.09375  -0.290036
0  -0.316949
0.21875  -0.417612
0.0625  -0.559909
-0.28125  -0.226777
-0.09375  -0.40663
0  -0.467972
-0.21875  -0.291326
-0.09375  -0.264115
-0.09375  -0.462624
-0.09375  -0.439452
-0.03125  -0.634233
0  -0.523323
0.03125  -0.497385
0.0625  -0.448391
0.03125  -0.434148
0.0625  -0.45539
0.25  -0.236694
0.09375  -0.117023
-0.21875  -0.291929
-0.09375  -0.344078
0.125  -0.373187
-0.09375  -0.450311
0.1875  -0.472684
0.03125  -0.340314
-0.09375  -0.363067
0.15625  -0.43625
-0.03125  -0.427417
-0.28125  -0.364933
0.09375  -0.384746
-0.21875  -0.575719
-0.03125  -0.493882
0  -0.479443
-0.125  -0.355939
0.1875  -0.522794
0.15625  -0.459973
-0.15625  -0.547508
-0.03125  -0.481902
0  -0.34522
-0.34375  -0.160447
0.09375  -0.339394
0.15625  -0.400245
-0.0625  -0.513774
-0.0625  -0.330971
0.03125  -0.456745
0  -0.433603
-0.1875  -0.41072
-0.15625  -0.29308
0.09375  -0.528608
0.125  -0.376251
0.125  -0.240386
-0.0625  -0.334092
0.0625  -0.279329
-0.09375  -0.458335
-0.03125  -0.411102
-0.03125  -0.515412
-0.15625  -0.369731
0.25  -0.488378
0.03125  -0.320777
-0.0625  -0.291148
0.15625  -0.527381
0.125  -0.453378
0.03125  -0.524467
-0.125  -0.339874
0  -0.328542
0  -0.47784
-0.125  -0.426524
-0.15625  -0.182991
0.03125  -0.174486
-0.09375  -0.466736
0.09375  -0.456515
0  -0.412573
-0.03125  -0.290244
-0.25  -0.352739
0.03125  -0.299053
0  -0.341504
-0.125  -0.531382
-0.125  -0.494888
-0.03125  -0.432708
0  -0.300379
0.09375  -0.316848
0  -0.361154
0.15625  -0.422101
0  -0.520363
-0.125  -0.407024
-0.09375  -0.261029
0.09375  -0.464744
-0.09375  -0.623475
0.125  -0.305324
0.03125  -0.567689
0.125  -0.442978
0.21875  -0.462605
0.15625  -0.552063
-0.25  -0.463002
-0.21875  -0.283855
0  -0.399659
0.03125  -0.410151
0.09375  -0.283657
-0.21875  -0.363865
-0.03125  -0.49582
0.03125  -0.374617
0.3125  -0.27493
-0.0625  -0.398952
-0.0625  -0.31422
-0.03125  -0.397541
-0.125  -0.306804
0.03125  -0.539388
0.0625  -0.292313
-0.0625  -0.274418
0.125  -0.278754
0.09375  -0.41966
-0.03125  -0.449481
0.125  -0.226983
0.03125  -0.392942
0  -0.231833
-0.21875  -0.32286
0.03125  -0.455651
-0.25  -0.339665
0  -0.516506
0.125  -0.189882
0.03125  -0.284411
-0.03125  -0.669521
-0.03125  -0.353296
-0.21875  -0.471386
-0.03125  -0.423161
-0.15625  -0.549936
-0.03125  -0.332861
0  -0.474283
0.03125  -0.466589
-0.09375  -0.323593
-0.125  -0.426093
0  -0.475321
0.03125  -0.426634
0.03125  -0.282231
0  -0.477144
0.03125  -0.296495
-0.15625  -0.299139
0.0625  -0.477124
-0.15625  -0.472995
0.1875  -0.450632
-0.125  -0.346439
0.09375  -0.511265
-0.03125  -0.423079
-0.03125  -0.275978
-0.03125  -0.465026
-0.03125  -0.539478
-0.1875  -0.367787
0.03125  -0.237564
-0.09375  -0.166421
0  -0.269809
-0.09375  -0.497633
-0.03125  -0.473188
0.09375  -0.348988
-0.0625  -0.393278
-0.0625  -0.117616
0.0625  -0.33793
0.03125  -0.281924
0.125  -0.564192
-0.0625  -0.227037
0.03125  -0.3306
-0.0625  -0.448462
0.03125  -0.51526
0.03125  -0.36993
0.0625  -0.661586
-0.15625  -0.332769
0  -0.456274
-0.0625  -0.672996
0.0625  -0.470342
0.0625  -0.524652
-0.09375  -0.470196
0.1875  -0.473434
-0.03125  -0.276193
-0.03125  -0.572067
-0.1875  -0.18253
0.09375  -0.420151
0.0625  -0.258564
0.03125  -0.493819
0.03125  -0.535424
-0.09375  -0.527759
-0.03125  -0.531143
-0.0625  -0.38872
-0.15625  -0.539744
-0.0625  -0.514497
0.03125  -0.303208
0.125  -0.466138
-0.1875  -0.519637
0  -0.182576
-0.21875  -0.433336
0.125  -0.505919
0.15625  -0.282707
-0.03125  -0.556755
-0.09375  -0.608371
0.0625  -0.417669
-0.09375  -0.485246
-0.15625  -0.253658
0.03125  -0.39638
0.28125  -0.531124
0.125  -0.363656
0.0625  -0.278507
-0.09375  -0.515176
0.09375  -0.469424
0.15625  -0.20858
0.03125  -0.412699
0.03125  -0.39775
-0.15625  -0.208178
0.03125  -0.314779
0.09375  -0.345797
0.15625  -0.58211
0.15625  -0.452785
-0.125  -0.4902
0  -0.427264
0.125  -0.399257
-0.0625  -0.435837
0.0625  -0.430571
0.03125  -0.659773
0.0625  -0.459918
-0.09375  -0.257408
-0.15625  -0.516555
-0.25  -0.308591
0.1875  -0.357769
0.0625  -0.523916
-0.15625  -0.228531
0.1875  -0.302557
0.0625  -0.353147
-0.21875  -0.215015
0  -0.296105
-0.03125  -0.600301
0.21875  -0.324305
0  -0.265801
-0.03125  -0.500163
-0.28125  -0.278068
-0.09375  -0.400008
0.1875  -0.538358
0.03125  -0.389469
0.15625  -0.478804
0  -0.394795
-0.09375  -0.251447
0.09375  -0.354901
-0.03125  -0.417394
-0.15625  -0.38908
-0.09375  -0.197146
-0.0625  -0.505329
0.0625  -0.496071
-0.125  -0.191209
-0.25  -0.59342
0.09375  -0.612349
0.125  -0.579705
-0.03125  -0.337872
0.1875  -0.413143
0  -0.386639
0.125  -0.379324
0.15625  -0.349868
0.28125  -0.348419
0  -0.676417
-0.25  -0.606918
-0.28125  -0.449032
-0.15625  -0.394659
0.15625  -0.534371
-0.0625  -0.578287
0.1875  -0.494051
-0.03125  -0.519483
-0.0625  -0.276472
0.1875  -0.410703
0.09375  -0.498795
-0.03125  -0.31628
-0.03125  -0.389012
0.0625  -0.637445
-0.0625  -0.499289
0.15625  -0.291593
-0.28125  -0.339609
-0.0625  -0.400681
0.15625  -0.339235
-0.34375  -0.491104
-0.0625  -0.411916
-0.0625  -0.523722
0.0625  -0.508573
-0.09375  -0.578663
0.1875  -0.509656
0.1875  -0.367117
-0.21875  -0.598004
0.15625  -0.278821
-0.1875  -0.569877
0.09375  -0.374596
0.03125  -0.475064
0.15625  -0.412934
-0.03125  -0.448166
0.125  -0.474856
-0.125  -0.586771
0.0625  -0.46735
0  -0.441828
-0.125  -0.469106
-0.09375  -0.452513
0.09375  -0.475869
0.15625  -0.465367
-0.0625  -0.480646
0.1875  -0.444178
-0.03125  -0.476621
0.15625  -0.454372
0.125  -0.569911
0.09375  -0.208094
-0.1875  -0.291681
-0.1875  -0.323061
0  -0.360656
0.0625  -0.403713
0.09375  -0.613995
0.09375  -0.337817
0.03125  -0.339368
0.125  -0.39146
0.03125  -0.432915
0.21875  -0.255581
-0.09375  -0.36964
-0.09375  -0.324025
-0.15625  -0.31487
-0.03125  -0.299858
0.0625  -0.434189
0  -0.364639
0  -0.303005
-0.125  -0.530538
-0.0625  -0.456112
0.09375  -0.444588
0.03125  -0.515252
0.0625  -0.41332
-0.09375  -0.469333
0.0625  -0.289313
0  -0.424851
-0.09375  -0.422083
0.03125  -0.590794
-0.21875  -0.387872
-0.03125  -0.330161
-0.125  -0.326434
-0.09375  -0.210909
0.03125  -0.483312
0.03125  -0.415567
-0.09375  -0.450499
0.21875  -0.419195
-0.15625  -0.409766
0  -0.62189
0.0625  -0.173866
-0.125  -0.206198
-0.03125  -0.153793
-0.25  -0.535389
0.03125  -0.0350218
0.09375  -0.597485
0.1875  -0.381405
-0.09375  -0.44596
0  -0.310271
0.09375  -0.381825
0  -0.549935
-0.0625  -0.320033
-0.09375  -0.46828
0.03125  -0.536971
-0.125  -0.553582
0.03125  -0.451263
-0.0625  -0.206881
-0.09375  -0.441403
0.03125  -0.253301
0.0625  -0.204172
-0.15625  -0.326035
0.0625  -0.551041
-0.03125  -0.654824
-0.09375  -0.543222
-0.03125  -0.521516
0  -0.25369
-0.0625  -0.238031
0.34375  -0.602151
-0.0625  -0.257069
-0.03125  -0.0718914
-0.03125  -0.485417
-0.125  -0.141376
0.03125  -0.495691
0.15625  -0.541596
-0.0625  -0.439759
0  -0.3465
0.03125  -0.347362
-0.15625  -0.219638
-0.03125  -0.453481
0.125  -0.484535
0.15625  -0.378055
-0.09375  -0.455478
-0.03125  -0.370363
0.15625  -0.394145
0.15625  -0.238295
0.0625  -0.225711
-0.03125  -0.389312
0  -0.500817
-0.09375  -0.475846
0  -0.293752
0  -0.561692
-0.03125  -0.430936
0.0625  -0.387942
-0.15625  -0.290122
0  -0.316727
0.15625  -0.392071
0.125  -0.245962
-0.09375  -0.252937
0.25  -0.453781
-0.03125  -0.390963
-0.1875  -0.540175
0  -0.333767
-0.15625  -0.52543
0.09375  -0.42515
0.03125  -0.308967
-0.03125  -0.42343
0.15625  -0.352218
0.03125  -0.554478
0.03125  -0.506528
-0.0625  -0.552595
-0.1875  -0.359749
0  -0.38596
0.1875  -0.540371
0.03125  -0.394667
-0.03125  -0.277784
0.09375  -0.486997
0.25  -0.319326
-0.25  -0.329481
-0.15625  -0.373253
-0.09375  -0.501243
-0.1875  -0.190605
-0.03125  -0.215239
-0.25  -0.425125
0  -0.177374
0.09375  -0.399158
-0.1875  -0.389862
0.15625  -0.478497
-0.125  -0.445664
0.1875  -0.468005
-0.1875  -0.369549
-0.125  -0.587242
0.03125  -0.457758
-0.25  -0.382681
-0.03125  -0.436245
-0.0625  -0.397019
-0.09375  -0.666713
-0.21875  -0.431634
-0.125  -0.48092
0  -0.287358
0.03125  -0.385677
-0.28125  -0.3211
-0.09375  -0.467381
0.1875  -0.41964
0.15625  -0.364085
-0.0625  -0.381871
0  -0.519087
-0.25  -0.39897
-0.3125  -0.218522
-0.03125  -0.264148
0.125  -0.566414
0.125  -0.554857
0.15625  -0.364577
0  -0.386228
0.03125  -0.541827
0  -0.353153
-0.3125  -0.281626
0  -0.396896
0.21875  -0.333747
0.03125  -0.594969
-0.09375  -0.299149
0.0625  -0.479162
0.125  -0.526796
-0.03125  -0.370474
0.09375  -0.622238
0  -0.548617
0.0625  -0.559043
0.03125  -0.418141
-0.03125  -0.441033
0  -0.408439
0  -0.54315
0.03125  -0.586987
0.15625  -0.418294
0  -0.509842
0.09375  -0.435643
0.15625  -0.600385
0.0625  -0.415011
-0.15625  -0.525072
0.09375  -0.332963
-0.1875  -0.387648
0  -0.387409
0.125  -0.366036
0.03125  -0.373978
0.03125  -0.292498
0.125  -0.440841
0.15625  -0.194211
0.3125  -0.672615
0.125  -0.461509
-0.03125  -0.305981
-0.15625  -0.532163
-0.125  -0.511496
0.15625  -0.543005
-0.0625  -0.689604
-0.25  -0.570005
0.0625  -0.296398
-0.09375  -0.432696
-0.03125  -0.716074
-0.09375  -0.567599
-0.15625  -0.461904
-0.1875  -0.521282
0  -0.553306
0.09375  -0.525894
0  -0.209839
-0.09375  -0.586781
-0.0625  -0.501937
-0.09375  -0.371481
0.09375  -0.259005
-0.09375  -0.471569
0.125  -0.36261
-0.15625  -0.214641
0.15625  -0.12733
0.21875  -0.204477
0  -0.447488
-0.03125  -0.39709
0.09375  -0.591318
0.1875  -0.48297
-0.1875  -0.30121
0.0625  -0.464087
-0.15625  -0.381937
-0.15625  -0.310835
-0.15625  -0.455396
-0.03125  -0.451304
-0.03125  -0.420925
0.03125  -0.349768
0.09375  -0.259142
0.125  -0.591147
-0.09375  -0.32292
0.15625  -0.332178
-0.03125  -0.331
0.125  -0.61191
0  -0.139217
0.0625  -0.494637
0.125  -0.527792
-0.125  -0.226118
-0.0625  -0.443598
-0.09375  -0.347344
0  -0.583303
0  -0.543042
-0.0625  -0.408734
0.09375  -0.177734
-0.09375  -0.198038
0.03125  -0.36036
-0.0625  -0.653509
-0.0625  -0.414429
0.21875  -0.579967
-0.21875  -0.636529
-0.03125  -0.268648
0.125  -0.633184
0.1875  -0.624601
-0.09375  -0.31793
-0.1875  -0.522148
0.21875  -0.482815
-0.15625  -0.387281
0  -0.595216
-0.03125  -0.445915
-0.0625  -0.505515
0.21875  -0.553673
0.03125  -0.340483
0.03125  -0.643203
-0.125  -0.421857
-0.15625  -0.61982
0  -0.548488
0  -0.338298
0.03125  -0.504453
0  -0.66305
0.03125  -0.32788
-0.09375  -0.562636
0.09375  -0.423811
0  -0.466633
0  -0.651427
-0.03125  -0.407268
0  -0.439397
-0.0625  -0.44564
0.125  -0.290826
-0.0625  -0.351986
-0.125  -0.195716
-0.1875  -0.57567
0.15625  -0.506608
-0.09375  -0.30661
-0.125  -0.560805
0.125  -0.244296
0  -0.392348
-0.15625  -0.350676
-0.0625  -0.604945
-0.15625  -0.505781
0.15625  -0.35641
0  -0.591829
-0.09375  -0.532465
0.125  -0.595582
0.15625  -0.235076
-0.03125  -0.598782
0.03125  -0.432791
-0.03125  -0.497687
-0.09375  -0.401307
-0.0625  -0.418138
-0.0625  -0.278566
0.0625  -0.500411
0  -0.44974
-0.125  -0.21637
0.125  -0.449619
0.0625  -0.237415
-0.0625  -0.647694
0.15625  -0.507484
0.15625  -0.487602
-0.0625  -0.545913
0  -0.388585
0  -0.362341
0.0625  -0.244443
0.0625  -0.520747
0.15625  -0.45603
-0.0625  -0.479799
0.03125  -0.399071
0.03125  -0.388339
-0.15625  -0.324335
0  -0.288377
0.1875  -0.42173
-0.21875  -0.194311
0  -0.377462
0.03125  -0.278457
0.0625  -0.441745
-0.15625  -0.184259
-0.125  -0.367243
0.125  -0.477123
0  -0.46226
0.03125  -0.544324
0.03125  -0.271104
0.09375  -0.218477
-0.25  -0.665181
0.0625  -0.407744
0.15625  -0.16023
0.1875  -0.683086
-0.0625  -0.347746
0.0625  -0.34609
0.25  -0.437754
0.125  -0.388486
-0.15625  -0.520133
0.125  -0.408482
0.0625  -0.244733
0.28125  -0.486851
0.21875  -0.481729
-0.125  -0.341033
-0.09375  -0.470153
-0.15625  -0.366404
-0.03125  -0.256702
0.0625  -0.251067
0.15625  -0.474399
0.09375  -0.216947
-0.0625  -0.408606
-0.125  -0.235557
0.0625  -0.397904
-0.0625  -0.444376
0.125  -0.264776
0.125  -0.495742
-0.28125  -0.410966
-0.125  -0.218424
-0.125  -0.231572
-0.125  -0.573436
0  -0.40626
-0.15625  -0.377132
0.03125  -0.24855
0.0625  -0.439882
0.09375  -0.246902
0.125  -0.517565
0.03125  -0.416243
0.1875  -0.362341
0.25  -0.485041
0.125  -0.330705
0.125  -0.437296
0.25  -0.297665
-0.15625  -0.460305
0.09375  -0.637187
-0.03125  -0.329395
0.15625  -0.379608
0.125  -0.365576
-0.0625  -0.423165
-0.03125  -0.309564
0.0625  -0.256736
-0.0625  -0.573133
0.0625  -0.250277
0.15625  -0.238763
-0.09375  -0.293984
0.25  -0.291156
-0.125  -0.40632
0.09375  -0.590159
-0.1875  -0.447438
0.09375  -0.633231
-0.03125  -0.443044
0.3125  -0.542298
-0.21875  -0.410723
0.03125  -0.470075
0.0625  -0.279945
0.03125  -0.128506
-0.03125  -0.438448
0.0625  -0.587925
0.0625  -0.291379
0.09375  -0.593947
0.125  -0.504364
0  -0.542738
-0.1875  -0.766543
0.03125  -0.44796
0.0625  -0.15878
0.0625  -0.351697
-0.03125  -0.406418
-0.0625  -0.5315
0.03125  -0.461078
-0.0625  -0.465367
0.21875  -0.558942
0.15625  -0.620311
-0.15625  -0.491217
-0.03125  -0.374062
-0.125  -0.370248
-0.28125  -0.559253
0  -0.446155
0.3125  -0.348601
-0.125  -0.313754
0.0625  -0.547323
-0.0625  -0.665151
0.0625  -0.45908
0.3125  -0.515311
-0.0625  -0.390302
0.0625  -0.434653
0.09375  -0.59132
-0.25  -0.460236
0.15625  -0.22012
0.1875  -0.505245
0.09375  -0.410164
0  -0.31027
0.0625  -0.686761
0.15625  -0.26994
0.1875  -0.326602
-0.03125  -0.375964
0.28125  -0.308749
0.03125  -0.3729
0  -0.460968
-0.125  -0.420493
-0.03125  -0.233289
-0.03125  -0.457577
0.125  -0.452304
0.0625  -0.363658
0.25  -0.438293
0.1875  -0.409096
-0.03125  -0.461548
0.0625  -0.396548
0.21875  -0.550937
0.03125  -0.482546
-0.4375  -0.471038
0.15625  -0.266854
0.125  -0.478623
0  -0.488105
-0.03125  -0.122208
0.09375  -0.480257
0  -0.409626
-0.09375  -0.450764
-0.15625  -0.512357
-0.03125  -0.419997
0.125  -0.548961
-0.0625  -0.316321
0.03125  -0.525079
0.0625  -0.349604
-0.25  -0.551274
0  -0.39744
-0.25  -0.487834
0.1875  -0.425984
0.0625  -0.444061
-0.03125  -0.25405
-0.03125  -0.442684
0.0625  -0.355594
0.0625  -0.434036
0.125  -0.65369
0.34375  -0.324847
-0.0625  -0.367892
0  -0.454889
0  -0.417048
0.15625  -0.337381
-0.125  -0.224528
-0.15625  -0.350764
-0.0625  -0.345961
0.125  -0.566736
-0.15625  -0.296257
-0.03125  -0.390153
0  -0.288088
-0.03125  -0.266328
-0.09375  -0.0766106
0.125  -0.139766
-0.28125  -0.404952
-0.03125  -0.502277
0.0625  -0.450868
0.03125  -0.329991
0.125  -0.33454
-0.03125  -0.602857
0.1875  -0.310651
0.0625  -0.587566
0.09375  -0.400353
-0.125  -0.324769
0.25  -0.416652
0.1875  -0.327699
0.1875  -0.294835
0.15625  -0.550124
-0.21875  -0.423207
0.125  -0.485652
0.25  -0.397989
-0.0625  -0.351057
-0.03125  -0.350826
-0.09375  -0.400777
0  -0.493791
-0.125  -0.343429
0.0625  -0.423482
-0.09375  -0.612947
0.15625  -0.314236
-0.03125  -0.351689
0.03125  -0.471969
0.125  -0.553414
0.03125  -0.523433
-0.03125  -0.304301
0.28125  -0.536264
0.125  -0.393667
-0.03125  -0.39925
-0.15625  -0.308493
0  -0.565313
0  -0.731689
-0.0625  -0.321401
0.09375  -0.332187
-0.21875  -0.462556
-0.09375  -0.338958
0.0625  -0.550418
-0.125  -0.318585
-0.25  -0.449864
-0.03125  -0.637481
0.125  -0.45694
0.125  -0.426768
-0.09375  -0.673517
0.40625  -0.354985
-0.09375  -0.221168
0.0625  -0.40906
0.0625  -0.642851
-0.1875  -0.149649
0  -0.377682
-0.0625  -0.364966
-0.09375  -0.542255
0.125  -0.354552
0.03125  -0.485624
-0.03125  -0.24385
-0.1875  -0.342475
0.0625  -0.302575
0.09375  -0.522397
0.09375  -0.2226
-0.09375  -0.398653
0.125  -0.544852
-0.09375  -0.202735
-0.125  -0.369755
0.03125  -0.465324
-0.1875  -0.126376
0.09375  -0.675856
-0.0625  -0.339375
-0.125  -0.356605
0.15625  -0.306121
-0.15625  -0.346107
0.0625  -0.407244
-0.1875  -0.47271
-0.03125  -0.429654
0  -0.317405
0  -0.392016
0.09375  -0.424954
0.125  -0.567388
0.0625  -0.48166
-0.0625  -0.275841
0.03125  -0.437276
-0.15625  -0.452411
0.1875  -0.415794
-0.1875  -0.219702
-0.03125  -0.478395
-0.15625  -0.421615
-0.09375  -0.55416
0.0625  -0.445311
0.125  -0.194887
0.09375  -0.423373
0.03125  -0.304287
-0.03125  -0.511631
0.25  -0.379477
0  -0.314553
0  -0.448248
-0.15625  -0.166496
0.15625  -0.28748
0.03125  -0.284097
-0.125  -0.492627
-0.125  -0.535563
0.0625  -0.633542
0.09375  -0.408749
-0.15625  -0.543775
-0.125  -0.352842
-0.21875  -0.447175
-0.0625  -0.243281
-0.09375  -0.272777
-0.21875  -0.302706
-0.0625  -0.664606
0.15625  -0.343466
-0.15625  -0.454637
-0.0625  -0.480579
-0.125  -0.388438
0.25  -0.34781
-0.125  -0.551547
-0.21875  -0.441299
0  -0.424646
0.03125  -0.0541632
0.15625  -0.47048
0.0625  -0.495429
-0.09375  -0.144356
-0.15625  -0.439747
0.09375  -0.300592
-0.0625  -0.491319
0  -0.417763
0.28125  -0.388553
0.28125  -0.218087
0.15625  -0.460567
-0.0625  -0.387789
-0.09375  -0.281868
0  -0.426714
0.09375  -0.489682
-0.09375  -0.54363
-0.25  -0.186551
0  -0.309195
-0.03125  -0.344448
0.0625  -0.259866
0.125  -0.344034
-0.09375  -0.372065
-0.0625  -0.437184
-0.0625  -0.273525
0.09375  -0.627135
0  -0.399
-0.0625  -0.571992
0.15625  -0.404715
0.03125  -0.317396
0  -0.500121
-0.125  -0.611007
0  -0.663254
0.09375  -0.320414
0.25  -0.472716
0  -0.45549
-0.0625  -0.477659
-0.03125  -0.634851
0.03125  -0.379314
-0.25  -0.340768
-0.09375  -0.53962
0.125  -0.272147
-0.0625  -0.262074
-0.0625  -0.30282
-0.03125  -0.527198
0.21875  -0.440615
-0.15625  -0.253362
-0.09375  -0.484703
0.1875  -0.337353
0.03125  -0.388271
-0.125  -0.690517
0.15625  -0.368846
-0.0625  -0.421021
0  -0.440619
0.03125  -0.216149
-0.15625  -0.224851
0.0625  -0.56847
-0.15625  -0.403465
0.03125  -0.339649
0  -0.37815
0.09375  -0.454607
0.03125  -0.494348
-0.03125  -0.402455
-0.03125  -0.350586
0.03125  -0.409793
0.03125  -0.497894
-0.1875  -0.452166
-0.1875  -0.32309
0.15625  -0.340544
0  -0.313437
0  -0.51936
0.0625  -0.579535
-0.34375  -0.530794
-0.1875  -0.538557
0  -0.487919
-0.0625  -0.500341
0  -0.556407
-0.0625  -0.493719
0.0625  -0.302164
0  -0.483594
0.125  -0.475501
0  -0.586662
0  -0.394352
0.03125  -0.429962
0  -0.306344
0.03125  -0.230965
0.15625  -0.481972
-0.25  -0.391949
0  -0.42175
-0.09375  -0.43827
0  -0.423046
-0.03125  -0.280998
0.125  -0.290053
0  -0.507455
0.125  -0.403455
0.3125  -0.428582
0  -0.514572
-0.125  -0.298134
0.1875  -0.360471
0  -0.576189
-0.03125  -0.37162
0  -0.375986
-0.03125  -0.568604
-0.09375  -0.293344
-0.0625  -0.412744
-0.0625  -0.307316
-0.0625  -0.271396
0.15625  -0.276948
0.0625  -0.382595
0.25  -0.519268
-0.09375  -0.510201
-0.0625  -0.268687
-0.1875  -0.460504
0.0625  -0.182466
-0.03125  -0.430228
0.09375  -0.451658
0.09375  -0.482023
0.125  -0.466164
0.09375  -0.438227
0.125  -0.171008
0  -0.435859
0.09375  -0.287019
-0.1875  -0.491796
0.15625  -0.572476
0.03125  -0.152682
-0.0625  -0.224699
-0.0625  -0.449927
0.15625  -0.562306
0.03125  -0.359291
0.25  -0.464955
0.03125  -0.632551
-0.1875  -0.526935
0  -0.314611
0  -0.532886
0.15625  -0.542159
0.0625  -0.341625
0.15625  -0.429041
0.15625  -0.412028
0.0625  -0.252207
0  -0.559589
0.0625  -0.360474
0.03125  -0.423233
0.15625  -0.448057
0.0625  -0.378566
-0.09375  -0.484269
-0.03125  -0.366366
-0.03125  -0.439757
0.03125  -0.5896
0  -0.238258
0.0625  -0.59343
0.21875  -0.261484
-0.0625  -0.509004
0.03125  -0.418482
-0.28125  -0.348306
-0.09375  -0.432967
0  -0.559322
-0.03125  -0.407097
-0.03125  -0.447364
0.3125  -0.217329
-0.125  -0.368465
-0.03125  -0.400666
0.03125  -0.424896
-0.0625  -0.366972
0  -0.230441
0.09375  -0.315332
0.125  -0.59432
0.03125  -0.485008
0.0625  -0.458849
-0.28125  -0.523046
-0.09375  -0.495644
0.03125  -0.672074
0  -0.535089
0.0625  -0.388507
-0.0625  -0.532167
-0.09375  -0.443719
-0.03125  -0.371781
-0.03125  -0.244378
-0.0625  -0.195186
-0.1875  -0.441569
-0.09375  -0.514496
0.0625  -0.286034
0  -0.520268
-0.0625  -0.405604
0  -0.433121
-0.0625  -0.456703
0.03125  -0.47368
0.21875  -0.203123
0.125  -0.26726
0.15625  -0.423362
-0.03125  -0.513309
0.09375  -0.156596
-0.15625  -0.245758
0  -0.375238
0.09375  -0.515639
-0.21875  -0.261818
-0.1875  -0.408868
-0.0625  -0.446178
-0.1875  -0.164428
0.15625  -0.570406
0  -0.435884
-0.15625  -0.565227
-0.03125  -0.360865
0  -0.509141
0.125  -0.421142
0.0625  -0.5767
-0.21875  -0.550222
0  -0.560061
-0.125  -0.412217
-0.03125  -0.389207
-0.0625  -0.497531
0.09375  -0.327609
-0.03125  -0.370012
0.09375  -0.474339
0  -0.308269
-0.125  -0.292645
0  -0.314392
-0.15625  -0.562185
0.09375  -0.470113
0.03125  -0.421172
0.125  -0.576962
-0.15625  -0.62238
0.125  -0.35368
0.0625  -0.473024
-0.15625  -0.510826
0.125  -0.328202
-0.21875  -0.13891
0.03125  -0.57857
-0.15625  -0.276491
-0.1875  -0.475623
-0.03125  -0.376626
-0.0625  -0.431663
0.125  -0.400034
-0.0625  -0.430489
0.03125  -0.527953
0  -0.252664
0.03125  -0.432412
-0.15625  -0.60469
-0.03125  -0.192382
0.03125  -0.53559
0  -0.460281
-0.21875  -0.472667
0.375  -0.16916
-0.15625  -0.564409
0.0625  -0.412976
-0.09375  -0.259115
-0.03125  -0.430528
0  -0.265962
-0.03125  -0.379334
0.09375  -0.281697
-0.0625  -0.548472
-0.15625  -0.379572
-0.125  -0.3938
0.25  -0.461454
0.03125  -0.347957
0.125  -0.417633
0.0625  -0.425462
-0.09375  -0.453757
-0.0625  -0.324372
-0.1875  -0.359448
-0.125  -0.251795
0.1875  -0.635601
0  -0.226789
-0.0625  -0.441616
-0.0625  -0.355418
0.09375  -0.296512
0.09375  -0.591685
-0.03125  -0.518825
-0.09375  -0.514916
-0.09375  -0.520763
0.125  -0.430237
-0.03125  -0.410889
0.09375  -0.454358
0.0625  -0.458168
-0.0625  -0.431019
0.125  -0.497067
-0.125  -0.447193
0.0625  -0.42501
0.125  -0.417727
-0.09375  -0.252463
0.03125  -0.44653
-0.1875  -0.519702
0.125  -0.35986
-0.09375  -0.0388009
0  -0.4741
-0.15625  -0.535749
-0.21875  -0.48699
0.09375  -0.276798
0.1875  -0.374546
-0.0625  -0.529726
-0.09375  -0.390069
-0.09375  -0.676748
-0.0625  -0.452889
0.03125  -0.662928
0.03125  -0.304071
0.03125  -0.312277
-0.1875  -0.370345
-0.125  -0.585873
0.15625  -0.59176
-0.03125  -0.220332
-0.03125  -0.437449
0.1875  -0.410664
0.21875  -0.382332
0.0625  -0.596211
0.09375  -0.37735
0.125  -0.483322
0.09375  -0.509284
-0.0625  -0.230053
-0.0625  -0.321955
-0.09375  -0.382821
0.0625  -0.35867
-0.09375  -0.251865
0.125  -0.525954
0.15625  -0.571126
-0.0625  -0.334977
-0.25  -0.208207
0.125  -0.294567
-0.25  -0.543965
-0.125  -0.167831
0.0625  -0.413844
-0.0625  -0.2967
-0.09375  -0.400178
0.25  -0.293971
0.1875  -0.355981
-0.03125  -0.507654
0.09375  -0.386676
0.21875  -0.450032
-0.0625  -0.632659
0.15625  -0.49102
-0.0625  -0.311375
-0.03125  -0.479685
0.21875  -0.571532
-0.125  -0.450926
-0.125  -0.245646
-0.03125  -0.460285
0  -0.314244
0.03125  -0.285426
-0.21875  -0.240975
0.03125  -0.375994
-0.1875  -0.361251
0.125  -0.718717
0.0625  -0.276131
0.03125  -0.339526
-0.125  -0.488814
0  -0.306208
0.03125  -0.427704
0  -0.39989
0.09375  -0.48915
-0.0625  -0.528606
-0.03125  -0.507695
-0.03125  -0.213784
-0.0625  -0.43834
-0.03125  -0.502625
-0.1875  -0.280593
0.125  -0.162505
-0.0625  -0.513279
-0.25  -0.548899
-0.0625  -0.380358
0.09375  -0.450149
0.0625  -0.4225
-0.21875  -0.409918
0.1875  -0.370888
0  -0.171026
-0.125  -0.419457
0.21875  -0.504675
-0.03125  -0.219165
0.03125  -0.379315
-0.125  -0.18089
0.03125  -0.296694
-0.09375  -0.553062
-0.09375  -0.405096
-0.0625  -0.749764
0.125  -0.596979
0.1875  -0.458717
-0.09375  -0.501197
0.15625  -0.48472
-0.0625  -0.392544
0.09375  -0.347848
-0.125  -0.368238
-0.09375  -0.310651
-0.09375  -0.469695
0.03125  -0.422632
0.0625  -0.490766
-0.0625  -0.344645
0  -0.440871
-0.09375  -0.496845
-0.0625  -0.26303
0.0625  -0.491273
-0.125  -0.331076
0.03125  -0.419575
0.0625  -0.488662
0.03125  -0.470346
-0.28125  -0.458159
0.03125  -0.35223
0.15625  -0.382006
0.3125  -0.324332
-0.03125  -0.567775
-0.15625  -0.673611
0  -0.649854
0  -0.484703
0.09375  -0.514014
0.0625  -0.369465
-0.09375  -0.134977
-0.15625  -0.366142
-0.03125  -0.285094
0.1875  -0.377338
0.125  -0.487391
0  -0.434509
0.09375  -0.49012
-0.09375  -0.377251
0.0625  -0.522817
0.03125  -0.489326
-0.0625  -0.32588
0.25  -0.319345
-0.25  -0.431924
0.03125  -0.726815
0.1875  -0.25172
-0.0625  -0.583388
0.09375  -0.32745
-0.28125  -0.298642
0.03125  -0.610567
0.15625  -0.372303
0.09375  -0.554546
0  -0.515096
-0.0625  -0.419599
0.0625  -0.262046
0.125  -0.389987
0.09375  -0.664757
-0.03125  -0.412555
-0.0625  -0.389234
-0.0625  -0.500084
0.0625  -0.340585
-0.09375  -0.422066
0.28125  -0.309383
-0.1875  -0.268502
0.09375  -0.377391
0.03125  -0.491981
0.125  -0.392527
0.15625  -0.540259
0.1875  -0.664427
-0.21875  -0.586551
-0.03125  -0.582054
-0.15625  -0.214881
0.0625  -0.415609
-0.25  -0.698247
-0.25  -0.445455
0.03125  -0.558418
0.0625  -0.512609
0.03125  -0.531832
0.03125  -0.533211
0  -0.537399
0.03125  -0.621774
-0.03125  -0.569935
0.03125  -0.494627
-0.09375  -0.411884
-0.03125  -0.312486
0.09375  -0.451387
-0.03125  -0.526948
0  -0.405038
-0.0625  -0.239607
-0.03125  -0.234551
0.03125  -0.36219
0.15625  -0.408803
-0.1875  -0.492395
0  -0.191853
0.1875  -0.414064
0.09375  -0.482574
0  -0.415532
0.03125  -0.468284
0.0625  -0.396664
0.03125  -0.503565
-0.03125  -0.330706
0.125  -0.516761
-0.09375  -0.750433
0  -0.466873
0.125  -0.275822
0.03125  -0.409123
-0.0625  -0.649543
0.125  -0.570006
-0.09375  -0.335921
0.0625  -0.60066
-0.0625  -0.168724
0.09375  -0.247773
-0.03125  -0.25927
-0.125  -0.210603
0  -0.305938
-0.09375  -0.354915
-0.28125  -0.323077
0  -0.540519
0.125  -0.342378
0.0625  -0.4514
-0.03125  -0.448179
-0.0625  -0.498504
-0.09375  -0.539746
0.21875  -0.374565
-0.03125  -0.558692
0  -0.423746
0.03125  -0.288399
0.15625  -0.278399
-0.03125  -0.448974
0.0625  -0.354425
0.125  -0.382041
0.09375  -0.308624
0  -0.609449
0  -0.43001
-0.125  -0.421805
0.34375  -0.640156
0.125  -0.465498
0  -0.275333
-0.03125  -0.402459
-0.15625  -0.353052
-0.1875  -0.524129
0.03125  -0.421498
0.03125  -0.430613
0.125  -0.519424
-0.15625  -0.537307
-0.125  -0.280402
0.0625  -0.38882
0  -0.503804
0.03125  -0.352026
-0.0625  -0.422502
0.15625  -0.427253
0.125  -0.350011
0.03125  -0.197413
-0.0625  -0.493958
0.03125  -0.590611
-0.03125  -0.378952
0.03125  -0.555352
0.0625  -0.44358
-0.09375  -0.442077
0.1875  -0.361666
-0.125  -0.646718
-0.1875  -0.360968
0  -0.457103
-0.25  -0.267552
0.03125  -0.37146
0.1875  -0.553191
0.1875  -0.279376
-0.1875  -0.586167
0.15625  -0.284106
0.0625  -0.422885
0.15625  -0.314433
-0.09375  -0.339019
-0.09375  -0.298965
0  -0.646298
-0.09375  -0.328983
-0.0625  -0.576328
-0.09375  -0.338996
-0.0625  -0.440982
0.15625  -0.372008
-0.125  -0.278263
0.125  -0.44741
-0.0625  -0.382916
-0.15625  -0.44852
0  -0.628326
-0.125  -0.578558
0  -0.478059
0.125  -0.511404
0  -0.290252
0.0625  -0.460485
0.25  -0.540964
-0.15625  -0.118879
0.03125  -0.325188
0.25  -0.403572
0.03125  -0.389966
0  -0.437799
-0.0625  -0.490798
-0.125  -0.305488
-0.0625  -0.331059
-0.09375  -0.2577
-0.0625  -0.479536
0  -0.337871
0.03125  -0.507959
0  -0.349578
0.0625  -0.229949
0.0625  -0.278979
0.125  -0.373211
-0.1875  -0.377724
0.0625  -0.438495
-0.0625  -0.326593
-0.09375  -0.264158
-0.09375  -0.466736
0.1875  -0.262195
0.09375  -0.440062
0.03125  -0.434329
-0.03125  -0.578443
0.09375  -0.291001
0.125  -0.333865
0  -0.295653
0.03125  -0.293909
-0.125  -0.497393
0.0625  -0.407454
0  -0.295293
-0.21875  -0.538441
0.09375  -0.532153
0.0625  -0.596321
-0.09375  -0.255917
0.15625  -0.52769
-0.1875  -0.508211
-0.1875  -0.555892
-0.125  -0.295575
0.0625  -0.543554
0.03125  -0.387465
0.125  -0.390372
0.1875  -0.489592
0.03125  -0.606478
0.03125  -0.326203
0  -0.21312
0.0625  -0.466708
0.15625  -0.332926
-0.1875  -0.706321
0.125  -0.245396
0.1875  -0.388853
0.03125  -0.431743
-0.09375  -0.292729
0.09375  -0.308006
0.125  -0.124331
0  -0.456897
-0.34375  -0.399053
-0.15625  -0.353621
-0.15625  -0.443167
0.125  -0.330802
-0.125  -0.565898
-0.15625  -0.552793
0.09375  -0.467616
0  -0.364164
0.15625  -0.201279
-0.0625  -0.378139
-0.0625  -0.432708
0.0625  -0.473615
-0.125  -0.273448
0  -0.28155
0  -0.551464
-0.1875  -0.450598
-0.0625  -0.331298
-0.03125  -0.619325
-0.15625  -0.365694
0.28125  -0.199625
-0.21875  -0.585327
0  -0.426534
0.03125  -0.346777
-0.09375  -0.482811
0  -0.382658
0.125  -0.234114
0  -0.301319
-0.03125  -0.270753
0.125  -0.30785
-0.03125  -0.217593
-0.125  -0.513598
0.15625  -0.44757
0.0625  -0.402678
0  -0.438643
-0.09375  -0.646538
0.0625  -0.518852
-0.09375  -0.491307
0.0625  -0.324845
0.0625  -0.332637
0  -0.416518
0.1875  -0.193425
-0.0625  -0.405399
0.1875  -0.57579
-0.03125  -0.628953
-0.09375  -0.29354
-0.03125  -0.272445
0.125  -0.378071
-0.0625  -0.392416
0.09375  -0.573624
0.09375  -0.441601
0.09375  -0.548681
0.03125  -0.51606
0  -0.634492
-0.15625  -0.268498
0.0625  -0.358243
0.03125  -0.141474
0.125  -0.447376
-0.03125  -0.50026
-0.28125  -0.372117
0.09375  -0.473411
-0.03125  -0.619596
-0.03125  -0.29439
0  -0.55907
0.09375  -0.29619
0  -0.668216
0.125  -0.00510198
-0.15625  -0.340201
-0.125  -0.316927
0.03125  -0.454792
-0.21875  -0.643297
-0.0625  -0.490184
-0.03125  -0.407556
0.03125  -0.519127
-0.21875  -0.704081
0  -0.447251
0.09375  -0.247332
0.15625  -0.444626
0.09375  -0.399887
0.03125  -0.366318
0  -0.197908
-0.125  -0.46608
-0.09375  -0.516245
0.1875  -0.340312
0.1875  -0.244793
0  -0.385956
-0.09375  -0.62106
0.0625  -0.531217
-0.1875  -0.752561
0.0625  -0.188335
0.09375  -0.356481
0.1875  -0.568089
0.03125  -0.365702
0.0625  -0.461266
-0.03125  -0.498899
0.09375  -0.590626
-0.1875  -0.33043
-0.0625  -0.565567
0  -0.571089
-0.0625  -0.324198
-0.03125  -0.474074
0  -0.304761
0.0625  -0.455786
0  -0.484254
0.03125  -0.444293
0.1875  -0.287987
-0.0625  -0.387228
0.15625  -0.493103
-0.15625  -0.566968
-0.21875  -0.413382
0.03125  -0.496588
0  -0.42094
0.0625  -0.530299
0.21875  -0.346299
-0.125  -0.451267
0.15625  -0.458397
0  -0.216313
0.15625  -0.466883
-0.15625  -0.509424
0.03125  -0.430065
-0.0625  -0.315414
0.03125  -0.404023
-0.03125  -0.421003
-0.0625  -0.261713
-0.03125  -0.517552
0  -0.574148
0.15625  -0.34479
0  -0.321067
0.09375  -0.436067
0.125  -0.491633
-0.09375  -0.390586
-0.21875  -0.442191
-0.0625  -0.388585
-0.125  -0.209221
-0.09375  -0.338152
-0.09375  -0.372975
0.1875  -0.348608
-0.125  -0.625995
0  -0.50856
0.0625  -0.427368
-0.09375  -0.16993
-0.03125  -0.374649
-0.1875  -0.162147
0  -0.206223
0.125  -0.566129
-0.09375  -0.463656
-0.1875  -0.63762
0.3125  -0.43488
0  -0.52174
-0.0625  -0.494476
-0.0625  -0.509964
-0.125  -0.191366
0.125  -0.537834
0  -0.332142
-0.0625  -0.490701
0.09375  -0.349195
0.0625  -0.408368
0.0625  -0.367755
0.03125  -0.378874
0.03125  -0.395835
0.03125  -0.550348
-0.03125  -0.391302
-0.125  -0.475698
0.0625  -0.65094
-0.0625  -0.434663
0.09375  -0.551058
0.0625  -0.430426
0.125  -0.327023
0.15625  -0.392802
-0.03125  -0.494318
0.15625  -0.406254
0.03125  -0.254202
0.15625  -0.304663
-0.125  -0.332558
0.03125  -0.395981
-0.0625  -0.168009
-0.0625  -0.372903
0.15625  -0.492213
-0.0625  -0.612248
0.125  -0.447996
0.15625  -0.318374
0.09375  -0.488339
-0.0625  -0.562522
0.1875  -0.448838
-0.1875  -0.627088
0.03125  -0.10004
-0.09375  -0.260766
-0.34375  -0.3613
0.1875  -0.259712
0.1875  -0.372634
0.0625  -0.594987
-0.09375  -0.604588
-0.15625  -0.427364
-0.3125  -0.506473
-0.03125  -0.565598
0.125  -0.490212
0.0625  -0.45327
-0.0625  -0.343975
-0.03125  -0.231482
0.03125  -0.442623
-0.09375  -0.387241
-0.1875  -0.434416
-0.125  -0.263052
-0.125  -0.427764
0.15625  -0.491307
-0.0625  -0.286536
0.3125  -0.49992
0.21875  -0.567208
0.0625  -0.539557
-0.0625  -0.588631
0.0625  -0.47365
-0.03125  -0.484966
0.15625  -0.432587
0.0625  -0.347289
0.25  -0.516377
0.03125  -0.649514
-0.03125  -0.366078
-0.15625  -0.567486
0.0625  -0.210762
0.0625  -0.482938
0.0625  -0.288714
0.09375  -0.33012
0.0625  -0.327392
0.0625  -0.516213
0  -0.589814
0.125  -0.443055
-0.0625  -0.278688
0.125  -0.390985
0  -0.453282
-0.09375  -0.304776
-0.03125  -0.422159
0  -0.186027
0.0625  -0.434452
-0.09375  -0.292249
-0.25  -0.188868
0.09375  -0.637356
-0.21875  -0.337179
-0.1875  -0.319272
-0.03125  -0.196748
-0.125  -0.22151
0.125  -0.436762
-0.15625  -0.329933
-0.09375  -0.454012
0  -0.314943
0.09375  -0.606755
-0.125  -0.290934
0.09375  -0.548472
0  -0.463166
-0.03125  -0.596862
0.0625  -0.20786
0  -0.424486
0.21875  -0.441132
0.03125  -0.299465
0.03125  -0.397787
-0.09375  -0.455234
0.0625  -0.395899
0.15625  -0.344516
-0.21875  -0.54298
-0.0625  -0.478757
-0.21875  -0.507415
0.21875  -0.272937
0.03125  -0.449763
0  -0.446167
-0.0625  -0.209856
-0.15625  -0.195523
-0.1875  -0.223271
-0.0625  -0.364186
-0.03125  -0.421737
0.03125  -0.532202
0.21875  -0.306201
0.03125  -0.376126
-0.1875  -0.286418
0.09375  -0.17927
0.15625  -0.570155
-0.09375  -0.387374
0.03125  -0.287538
0.09375  -0.630648
-0.09375  -0.432902
0.03125  -0.453709
-0.09375  -0.529582
-0.03125  -0.3579
-0.15625  -0.233832
0.09375  -0.370189
0.09375  -0.41549
0  -0.337397
-0.15625  -0.498727
-0.09375  -0.231127
0.15625  -0.36958
0.0625  -0.520266
0.09375  -0.489391
0.09375  -0.470162
0.1875  -0.505513
-0.03125  -0.256029
0  -0.347581
0.03125  -0.371259
-0.03125  -0.366739
0.0625  -0.51273
0.125  -0.391627
0.0625  -0.241875
-0.03125  -0.307983
0.03125  -0.587951
0.0625  -0.543939
0  -0.60142
0.1875  -0.447229
-0.1875  -0.642919
0.1875  -0.301784
-0.03125  -0.320908
-0.0625  -0.281912
0.09375  -0.585761
-0.0625  -0.340024
0.1875  -0.266974
-0.15625  -0.420798
0.0625  -0.429609
-0.1875  -0.482887
-0.03125  -0.305775
-0.03125  -0.137835
-0.28125  -0.51465
-0.1875  -0.322015
0  -0.540674
0  -0.587677
-0.03125  -0.406589
-0.25  -0.565803
-0.15625  -0.386034
0.15625  -0.63697
-0.125  -0.451066
-0.15625  -0.404049
0  -0.526872
-0.03125  -0.288309
0.125  -0.524058
0.15625  -0.386833
0.03125  -0.145747
0.09375  -0.630684
-0.0625  -0.273088
-0.03125  -0.426595
-0.03125  -0.487055
0  -0.45982
-0.21875  -0.462552
-0.0625  -0.398653
0  -0.363918
0.03125  -0.559052
-0.09375  -0.363722
0.09375  -0.291535
0  -0.487847
-0.21875  -0.398391
0.15625  -0.243939
0.0625  -0.527686
-0.09375  -0.557604
-0.125  -0.409698
0.03125  -0.321602
0.125  -0.441482
0.15625  -0.384287
0  -0.535419
0.125  -0.274999
0.03125  -0.44425
0  -0.612307
-0.125  -0.266101
0.125  -0.326173
-0.03125  -0.465925
0.03125  -0.379463
0.1875  -0.43098
0.09375  -0.512378
0.0625  -0.44933
0.15625  -0.32271
-0.09375  -0.410844
0.21875  -0.21905
-0.0625  -0.513988
0.09375  -0.533212
0  -0.36558
0  -0.476856
-0.0625  -0.484266
-0.0625  -0.443812
0.125  -0.351784
-0.125  -0.265651
0.0625  -0.554342
0.15625  -0.36345
0.15625  -0.439573
-0.125  -0.491701
-0.09375  -0.509356
-0.0625  -0.41111
0.0625  -0.329185
-0.03125  -0.439919
0.09375  -0.314556
-0.03125  -0.557724
-0.03125  -0.606178
0.03125  -0.316364
-0.03125  -0.349146
-0.15625  -0.460457
-0.28125  -0.527077
0.1875  -0.571292
0.0625  -0.367917
-0.0625  -0.357943
0  -0.400181
0.03125  -0.358226
0.03125  -0.558483
0.03125  -0.245556
-0.0625  -0.505768
0.09375  -0.439056
0.03125  -0.260179
-0.03125  -0.474614
0.09375  -0.447607
0.3125  -0.27407
0.03125  -0.395338
0.03125  -0.381193
-0.125  -0.52382
-0.09375  -0.529558
0.0625  -0.410843
-0.03125  -0.500484
-0.125  -0.336145
-0.15625  -0.557912
0  -0.394191
-0.09375  -0.235393
0.1875  -0.439686
-0.0625  -0.468761
0.03125  -0.498793
0.25  -0.467662
0.0625  -0.26995
0.15625  -0.466436
0.15625  -0.310319
-0.09375  -0.46965
0.15625  -0.226916
0  -0.477844
0  -0.371563
-0.03125  -0.62584
0.0625  -0.382055
-0.09375  -0.398563
0.1875  -0.683068
0.25  -0.457785
0.125  -0.462994
0.0625  -0.448448
-0.09375  -0.260741
0.0625  -0.403989
0.09375  -0.254224
-0.0625  -0.288137
0  -0.319909
0.125  -0.59085
-0.1875  -0.294683
0  -0.364053
-0.15625  -0.396213
0.1875  -0.439174
-0.09375  -0.314237
0.28125  -0.563039
0.15625  -0.308074
-0.09375  -0.482912
-0.03125  -0.342727
0.03125  -0.475948
0.09375  -0.373597
0.34375  -0.369368
0  -0.144594
0.15625  -0.353078
-0.03125  -0.286232
0.3125  -0.264183
0.125  -0.252463
0.09375  -0.479906
0.03125  -0.371324
-0.21875  -0.500112
0  -0.509873
0.21875  -0.572114
-0.0625  -0.499523
-0.0625  -0.491517
0.03125  -0.192724
-0.21875  -0.254355
0  -0.345256
-0.15625  -0.633885
0.03125  -0.361771
0  -0.621781
0.03125  -0.377887
-0.09375  -0.383614
-0.40625  -0.287662
-0.03125  -0.406927
0.03125  -0.379861
0.25  -0.270856
0.03125  -0.407765
0.1875  -0.488228
0.125  -0.366446
-0.09375  -0.324013
0.125  -0.216593
0  -0.406598
-0.15625  -0.420208
0.03125  -0.351413
0.03125  -0.395457
-0.125  -0.494439
0.09375  -0.0812352
0  -0.489408
0.03125  -0.284759
-0.03125  -0.539573
-0.25  -0.275591
0  -0.437511
-0.125  -0.618503
0.15625  -0.458174
0  -0.459875
-0.1875  -0.358179
-0.0625  -0.379229
0.0625  -0.454499
-0.15625  -0.329728
0  -0.442684
-0.1875  -0.337383
-0.03125  -0.297314
-0.03125  -0.155775
-0.25  -0.706045
0.0625  -0.421883
-0.03125  -0.229035
0.21875  -0.251123
-0.15625  -0.366403
-0.125  -0.473301
-0.15625  -0.287184
-0.125  -0.624458
-0.15625  -0.285234
0.0625  -0.386025
-0.09375  -0.414415
-0.03125  -0.484161
-0.09375  -0.434805
0.25  -0.317622
-0.03125  -0.435481
0.09375  -0.666124
0.15625  -0.420288
-0.09375  -0.254594
0.15625  -0.364354
0.15625  -0.33851
0.15625  -0.317016
0.09375  -0.309214
-0.125  -0.590576
0.15625  -0.454037
-0.125  -0.324437
-0.0625  -0.424754
-0.125  -0.201343
0.09375  -0.243857
0.0625  -0.500104
0.125  -0.598001
0.03125  -0.157131
-0.03125  -0.42095
-0.21875  -0.179553
-0.125  -0.378289
-0.3125  -0.554466
-0.25  -0.360964
0.125  -0.47358
0.3125  -0.475835
-0.09375  -0.512848
-0.21875  -0.489963
-0.0625  -0.572056
0.15625  -0.405466
-0.15625  -0.203999
0  -0.314139
-0.28125  -0.53799
0.09375  -0.542971
-0.03125  -0.286862
0.1875  -0.435739
-0.25  -0.431609
0.125  -0.505714
-0.15625  -0.513938
-0.25  -0.19711
-0.09375  -0.372469
0.09375  -0.451461
0.21875  -0.442821
0.1875  -0.174326
-0.15625  -0.543908
0.03125  -0.267247
-0.09375  -0.174091
-0.0625  -0.242887
0  -0.281255
0  -0.522459
0.15625  -0.513774
0.09375  -0.305033
-0.0625  -0.734592
-0.0625  -0.366918
-0.125  -0.336153
-0.0625  -0.220804
0  -0.534429
0.09375  -0.3877
-0.15625  -0.326505
-0.0625  -0.618417
-0.03125  -0.569038
0.03125  -0.384797
0.25  -0.559046
0.03125  -0.234822
-0.3125  -0.56659
0  -0.494099
0.03125  -0.398437
0.03125  -0.372386
0.09375  -0.42421
-0.09375  -0.366598
-0.0625  -0.523412
0.0625  -0.338226
0.03125  -0.377562
0.21875  -0.464272
0.09375  -0.335414
-0.1875  -0.331758
0.21875  -0.441526
-0.15625  -0.504292
0  -0.318713
0.125  -0.467529
0.0625  -0.455198
0  -0.541225
-0.03125  -0.286574
0.1875  -0.4181
-0.03125  -0.500254
-0.21875  -0.586735
-0.09375  -0.270556
0.0625  -0.240462
-0.09375  -0.436427
0.03125  -0.382771
-0.03125  -0.550099
0.21875  -0.310244
-0.125  -0.267945
-0.03125  -0.290827
-0.25  -0.568519
-0.09375  -0.456632
0  -0.289247
0.03125  -0.524946
0.09375  -0.371181
0.03125  -0.29917
-0.09375  -0.406341
-0.0625  -0.133885
0  -0.534124
0.09375  -0.175109
-0.09375  -0.231142
0.03125  -0.284421
0.0625  -0.657586
-0.15625  -0.205105
0.1875  -0.354976
-0.15625  -0.417104
0.0625  -0.268913
0  -0.158645
-0.03125  -0.392502
0  -0.578162
-0.0625  -0.206155
-0.0625  -0.628653
0.09375  -0.346486
-0.25  -0.496749
-0.15625  -0.232286
-0.03125  -0.400082
0.03125  -0.158982
-0.1875  -0.593175
0.03125  -0.595759
-0.09375  -0.472982
-0.09375  -0.616858
-0.125  -0.12357
0  -0.505064
0.09375  -0.356271
0.03125  -0.516308
-0.03125  -0.673997
0  -0.487561
-0.0625  -0.494341
0.03125  -0.413899
0  -0.497634
-0.03125  -0.32242
-0.15625  -0.2825
0.125  -0.541536
0.125  -0.197514
-0.21875  -0.425243
0.3125  -0.421016
-0.03125  -0.410437
-0.0625  -0.376714
0.09375  -0.584155
0  -0.445369
-0.15625  -0.193782
-0.03125  -0.19197
0.0625  -0.500453
-0.09375  -0.45824
-0.03125  -0.490922
-0.28125  -0.475662
-0.28125  -0.365738
0  -0.286449
0.03125  -0.169524
-0.1875  -0.332854
0.0625  -0.370903
-0.0625  -0.376374
-0.15625  -0.367909
-0.125  -0.383951
0.21875  -0.223002
-0.0625  -0.341263
0.09375  -0.175788
-0.3125  -0.515234
0.125  -0.528482
0  -0.299862
-0.0625  -0.598751
-0.09375  -0.38971
0  -0.425744
0.0625  -0.425079
-0.125  -0.446173
-0.0625  -0.460325
0.15625  -0.308818
-0.09375  -0.366281
-0.15625  -0.359015
0  -0.338557
-0.09375  -0.492028
-0.15625  -0.49951
0.0625  -0.489239
-0.03125  -0.416751
0.09375  -0.262624
-0.03125  -0.572528
0.09375  -0.377376
0.15625  -0.197906
-0.09375  -0.362845
-0.28125  -0.458343
0.09375  -0.404072
0.0625  -0.395414
-0.1875  -0.471985
-0.125  -0.189665
0  -0.312858
0.15625  -0.613745
0.03125  -0.356803
0  -0.338768
0.125  -0.236283
0.125  -0.239316
0.25  -0.302747
0.125  -0.46513
0  -0.499171
0  -0.444093
-0.125  -0.274996
0  -0.548856
-0.21875  -0.428778
0  -0.20847
0.03125  -0.353749
0.15625  -0.606935
0.03125  -0.359999
